dataset	BMK_gene_id	composite_reference_locus_tag	BMK_sequence_length	match_status
C600	gene_HOICKCKO_00001	DK885_RS20175	2463	exact
C600	gene_HOICKCKO_00002		933	no exact sequence match
C600	gene_HOICKCKO_00003	DK885_RS20165	1287	exact
C600	gene_HOICKCKO_00004	DK885_RS20160	297	exact
C600	gene_HOICKCKO_00005	DK885_RS20155	777	exact
C600	gene_HOICKCKO_00006	DK885_RS20150	1431	exact
C600	gene_HOICKCKO_00007	DK885_RS20145	954	exact
C600	gene_HOICKCKO_00008	DK885_RS20140	588	exact
C600	gene_HOICKCKO_00009	DK885_RS20135	567	exact
C600	gene_HOICKCKO_00010	DK885_RS20130	714	exact
C600	gene_HOICKCKO_00011	DK885_RS20125	405	exact
C600	gene_HOICKCKO_00012	DK885_RS20120	1917	exact
C600	gene_HOICKCKO_00013	DK885_RS20115	1131	exact
C600	gene_HOICKCKO_00014	DK885_RS07185;DK885_RS17130;DK885_RS20110	1113	exact
C600	gene_HOICKCKO_00015		141	no exact sequence match
C600	gene_HOICKCKO_00016	DK885_RS20105	153	exact
C600	gene_HOICKCKO_00017	DK885_RS20100	1167	exact
C600	gene_HOICKCKO_00018	DK885_RS20095	900	exact
C600	gene_HOICKCKO_00019		378	no exact sequence match
C600	gene_HOICKCKO_00020		276	no exact sequence match
C600	gene_HOICKCKO_00021	DK885_RS20080	264	exact
C600	gene_HOICKCKO_00022	DK885_RS20070	942	exact
C600	gene_HOICKCKO_00023	DK885_RS20065	2817	exact
C600	gene_HOICKCKO_00024	DK885_RS20060	495	exact
C600	gene_HOICKCKO_00025	DK885_RS20055	450	exact
C600	gene_HOICKCKO_00026	DK885_RS20050	951	exact
C600	gene_HOICKCKO_00027	DK885_RS20045	915	exact
C600	gene_HOICKCKO_00028	DK885_RS20040	822	exact
C600	gene_HOICKCKO_00029	DK885_RS20035	1149	exact
C600	gene_HOICKCKO_00030	DK885_RS20030	3222	exact
C600	gene_HOICKCKO_00031	DK885_RS20020	396	exact
C600	gene_HOICKCKO_00032	DK885_RS20015	591	exact
C600	gene_HOICKCKO_00033	DK885_RS20010	786	exact
C600	gene_HOICKCKO_00034	DK885_RS20005	1554	exact
C600	gene_HOICKCKO_00035	DK885_RS20000	1218	exact
C600	gene_HOICKCKO_00036	DK885_RS19995	1143	exact
C600	gene_HOICKCKO_00037	DK885_RS19990	1515	exact
C600	gene_HOICKCKO_00038	DK885_RS19985	771	exact
C600	gene_HOICKCKO_00039	DK885_RS19980	942	exact
C600	gene_HOICKCKO_00040	DK885_RS19975	1287	exact
C600	gene_HOICKCKO_00041	DK885_RS19970	288	exact
C600	gene_HOICKCKO_00042	DK885_RS19965	1332	exact
C600	gene_HOICKCKO_00043	DK885_RS19960	531	exact
C600	gene_HOICKCKO_00044	DK885_RS19955	1863	exact
C600	gene_HOICKCKO_00045		591	no exact sequence match
C600	gene_HOICKCKO_00046	DK885_RS19945	843	exact
C600	gene_HOICKCKO_00047	DK885_RS19940	378	exact
C600	gene_HOICKCKO_00048	DK885_RS19935	822	exact
C600	gene_HOICKCKO_00049	DK885_RS19930	990	exact
C600	gene_HOICKCKO_00050	DK885_RS19925	1287	exact
C600	gene_HOICKCKO_00051	DK885_RS19920	2355	exact
C600	gene_HOICKCKO_00052	DK885_RS19915	816	exact
C600	gene_HOICKCKO_00053	DK885_RS19910	651	exact
C600	gene_HOICKCKO_00054	DK885_RS24070	159	exact
C600	gene_HOICKCKO_00055	DK885_RS19900	660	exact
C600	gene_HOICKCKO_00056	DK885_RS19895	2907	exact
C600	gene_HOICKCKO_00057	DK885_RS19890	2352	exact
C600	gene_HOICKCKO_00058	DK885_RS19885	696	exact
C600	gene_HOICKCKO_00059	DK885_RS19880	1503	exact
C600	gene_HOICKCKO_00060	DK885_RS19875	1701	exact
C600	gene_HOICKCKO_00061	DK885_RS19865	879	exact
C600	gene_HOICKCKO_00062	DK885_RS19860	765	exact
C600	gene_HOICKCKO_00063	DK885_RS19855	699	exact
C600	gene_HOICKCKO_00064	DK885_RS19850	1611	exact
C600	gene_HOICKCKO_00065	DK885_RS19845	984	exact
C600	gene_HOICKCKO_00066	DK885_RS19840	1656	exact
C600	gene_HOICKCKO_00067	DK885_RS19835	132	exact
C600	gene_HOICKCKO_00068	DK885_RS19830	1179	exact
C600	gene_HOICKCKO_00069	DK885_RS19825	606	exact
C600	gene_HOICKCKO_00070	DK885_RS19820	1401	exact
C600	gene_HOICKCKO_00071		1092	no exact sequence match
C600	gene_HOICKCKO_00072	DK885_RS19810	1572	exact
C600	gene_HOICKCKO_00073	DK885_RS19800	945	exact
C600	gene_HOICKCKO_00074	DK885_RS19795	1725	exact
C600	gene_HOICKCKO_00075	DK885_RS19790	492	exact
C600	gene_HOICKCKO_00076	DK885_RS19780	1005	exact
C600	gene_HOICKCKO_00077	DK885_RS19770	459	exact
C600	gene_HOICKCKO_00078	DK885_RS19765	942	exact
C600	gene_HOICKCKO_00079	DK885_RS19760	366	exact
C600	gene_HOICKCKO_00080	DK885_RS19755	1767	exact
C600	gene_HOICKCKO_00081	DK885_RS19750	1488	exact
C600	gene_HOICKCKO_00082	DK885_RS19745	1359	exact
C600	gene_HOICKCKO_00083	DK885_RS19740	1083	exact
C600	gene_HOICKCKO_00084	DK885_RS19735	1317	exact
C600	gene_HOICKCKO_00085	DK885_RS19730	1245	exact
C600	gene_HOICKCKO_00086	DK885_RS19725	1068	exact
C600	gene_HOICKCKO_00087	DK885_RS19720	1476	exact
C600	gene_HOICKCKO_00088	DK885_RS19715	921	exact
C600	gene_HOICKCKO_00089	DK885_RS19710	831	exact
C600	gene_HOICKCKO_00090	DK885_RS19705	1263	exact
C600	gene_HOICKCKO_00091	DK885_RS19700	1152	exact
C600	gene_HOICKCKO_00092	DK885_RS19695	918	exact
C600	gene_HOICKCKO_00093		588	no exact sequence match
C600	gene_HOICKCKO_00094	DK885_RS19685	2706	exact
C600	gene_HOICKCKO_00095	DK885_RS19680	390	exact
C600	gene_HOICKCKO_00096	DK885_RS19675	198	exact
C600	gene_HOICKCKO_00097	DK885_RS19670	744	exact
C600	gene_HOICKCKO_00098	DK885_RS19665	621	exact
C600	gene_HOICKCKO_00099	DK885_RS19660	1044	exact
C600	gene_HOICKCKO_00100	DK885_RS19655	1203	exact
C600	gene_HOICKCKO_00101	DK885_RS19650	1386	exact
C600	gene_HOICKCKO_00102	DK885_RS19645	441	exact
C600	gene_HOICKCKO_00103	DK885_RS19635	894	exact
C600	gene_HOICKCKO_00104	DK885_RS19630	552	exact
C600	gene_HOICKCKO_00105	DK885_RS19625	855	exact
C600	gene_HOICKCKO_00106		1371	no exact sequence match
C600	gene_HOICKCKO_00107	DK885_RS19615	765	exact
C600	gene_HOICKCKO_00108	DK885_RS19605	2664	exact
C600	gene_HOICKCKO_00109	DK885_RS19600	1893	exact
C600	gene_HOICKCKO_00110	DK885_RS19595	1425	exact
C600	gene_HOICKCKO_00111	DK885_RS19590	1854	exact
C600	gene_HOICKCKO_00112	DK885_RS19580	2598	exact
C600	gene_HOICKCKO_00113	DK885_RS19575	363	exact
C600	gene_HOICKCKO_00114	DK885_RS19570	795	exact
C600	gene_HOICKCKO_00115	DK885_RS19565	867	exact
C600	gene_HOICKCKO_00116		309	no exact sequence match
C600	gene_HOICKCKO_00117	DK885_RS19555	1551	exact
C600	gene_HOICKCKO_00118	DK885_RS19550	2391	exact
C600	gene_HOICKCKO_00119	DK885_RS19545	537	exact
C600	gene_HOICKCKO_00120	DK885_RS19540	663	exact
C600	gene_HOICKCKO_00121	DK885_RS19535	927	exact
C600	gene_HOICKCKO_00122	DK885_RS19530	771	exact
C600	gene_HOICKCKO_00123	DK885_RS19525	441	exact
C600	gene_HOICKCKO_00124	DK885_RS19520	1230	exact
C600	gene_HOICKCKO_00125	DK885_RS19515	381	exact
C600	gene_HOICKCKO_00126	DK885_RS19500	903	exact
C600	gene_HOICKCKO_00127	DK885_RS19495	852	exact
C600	gene_HOICKCKO_00128	DK885_RS19490	795	exact
C600	gene_HOICKCKO_00129		1239	no exact sequence match
C600	gene_HOICKCKO_00130	DK885_RS19480	597	exact
C600	gene_HOICKCKO_00131	DK885_RS19475	606	exact
C600	gene_HOICKCKO_00132	DK885_RS19470	570	exact
C600	gene_HOICKCKO_00133	DK885_RS19465	2598	exact
C600	gene_HOICKCKO_00134		741	no exact sequence match
C600	gene_HOICKCKO_00135		585	no exact sequence match
C600	gene_HOICKCKO_00136	DK885_RS19450	480	exact
C600	gene_HOICKCKO_00137		1365	no exact sequence match
C600	gene_HOICKCKO_00138		927	no exact sequence match
C600	gene_HOICKCKO_00139	DK885_RS19435	456	exact
C600	gene_HOICKCKO_00140	DK885_RS19430	705	exact
C600	gene_HOICKCKO_00141	DK885_RS19425	531	exact
C600	gene_HOICKCKO_00142	DK885_RS19420	2430	exact
C600	gene_HOICKCKO_00143	DK885_RS19410	2535	exact
C600	gene_HOICKCKO_00144		2244	no exact sequence match
C600	gene_HOICKCKO_00145	DK885_RS19400	798	exact
C600	gene_HOICKCKO_00146	DK885_RS19395	891	exact
C600	gene_HOICKCKO_00147	DK885_RS19390	1983	exact
C600	gene_HOICKCKO_00148	DK885_RS19385	1281	exact
C600	gene_HOICKCKO_00149	DK885_RS19380	1422	exact
C600	gene_HOICKCKO_00150	DK885_RS19375	345	exact
C600	gene_HOICKCKO_00151	DK885_RS19370	624	exact
C600	gene_HOICKCKO_00152	DK885_RS19365	801	exact
C600	gene_HOICKCKO_00153	DK885_RS19360	699	exact
C600	gene_HOICKCKO_00154	DK885_RS19355	1518	exact
C600	gene_HOICKCKO_00155	DK885_RS19345	1425	exact
C600	gene_HOICKCKO_00156	DK885_RS19340	1158	exact
C600	gene_HOICKCKO_00157	DK885_RS19335	387	exact
C600	gene_HOICKCKO_00158		744	no exact sequence match
C600	gene_HOICKCKO_00159	DK885_RS19325	825	exact
C600	gene_HOICKCKO_00160	DK885_RS19320	2673	exact
C600	gene_HOICKCKO_00161	DK885_RS19315	795	exact
C600	gene_HOICKCKO_00162	DK885_RS19305	726	exact
C600	gene_HOICKCKO_00163	DK885_RS19295	852	exact
C600	gene_HOICKCKO_00164	DK885_RS19290	726	exact
C600	gene_HOICKCKO_00165	DK885_RS19285	558	exact
C600	gene_HOICKCKO_00166	DK885_RS19280	1197	exact
C600	gene_HOICKCKO_00167	DK885_RS19275	759	exact
C600	gene_HOICKCKO_00168		153	no exact sequence match
C600	gene_HOICKCKO_00169		750	no exact sequence match
C600	gene_HOICKCKO_00170	DK885_RS19265	1353	exact
C600	gene_HOICKCKO_00171	DK885_RS19260	2433	exact
C600	gene_HOICKCKO_00172	DK885_RS19255	486	exact
C600	gene_HOICKCKO_00173	DK885_RS19250	1026	exact
C600	gene_HOICKCKO_00174	DK885_RS19245	456	exact
C600	gene_HOICKCKO_00175	DK885_RS19240	789	exact
C600	gene_HOICKCKO_00176	DK885_RS19235	1149	exact
C600	gene_HOICKCKO_00177	DK885_RS19230	597	exact
C600	gene_HOICKCKO_00178	DK885_RS19225	3483	exact
C600	gene_HOICKCKO_00179	DK885_RS19220	960	exact
C600	gene_HOICKCKO_00180	DK885_RS19215	2142	exact
C600	gene_HOICKCKO_00181	DK885_RS19210	390	exact
C600	gene_HOICKCKO_00182	DK885_RS19205	1299	exact
C600	gene_HOICKCKO_00183	DK885_RS19200	261	exact
C600	gene_HOICKCKO_00184	DK885_RS19195	201	exact
C600	gene_HOICKCKO_00185	DK885_RS19190	546	exact
C600	gene_HOICKCKO_00186	DK885_RS19185	423	exact
C600	gene_HOICKCKO_00187	DK885_RS19180	711	exact
C600	gene_HOICKCKO_00188	DK885_RS19175	825	exact
C600	gene_HOICKCKO_00189	DK885_RS19170	1719	exact
C600	gene_HOICKCKO_00190	DK885_RS19165	708	exact
C600	gene_HOICKCKO_00191	DK885_RS19160	405	exact
C600	gene_HOICKCKO_00192	DK885_RS19155	816	exact
C600	gene_HOICKCKO_00193	DK885_RS19150	654	exact
C600	gene_HOICKCKO_00194	DK885_RS19145	1032	exact
C600	gene_HOICKCKO_00195	DK885_RS19140	576	exact
C600	gene_HOICKCKO_00202		804	no exact sequence match
C600	gene_HOICKCKO_00203	DK885_RS19100	915	exact
C600	gene_HOICKCKO_00204		780	no exact sequence match
C600	gene_HOICKCKO_00205	DK885_RS19090	624	exact
C600	gene_HOICKCKO_00206		1221	no exact sequence match
C600	gene_HOICKCKO_00207	DK885_RS19080	756	exact
C600	gene_HOICKCKO_00208	DK885_RS19075	723	exact
C600	gene_HOICKCKO_00209	DK885_RS19070	468	exact
C600	gene_HOICKCKO_00210		741	no exact sequence match
C600	gene_HOICKCKO_00212	DK885_RS19050	786	exact
C600	gene_HOICKCKO_00213	DK885_RS19045	480	exact
C600	gene_HOICKCKO_00214		339	no exact sequence match
C600	gene_HOICKCKO_00215	DK885_RS19030	771	exact
C600	gene_HOICKCKO_00216	DK885_RS19025	447	exact
C600	gene_HOICKCKO_00217	DK885_RS19020	2445	exact
C600	gene_HOICKCKO_00218	DK885_RS19015	579	exact
C600	gene_HOICKCKO_00219	DK885_RS19010	768	exact
C600	gene_HOICKCKO_00220	DK885_RS19005	741	exact
C600	gene_HOICKCKO_00221	DK885_RS19000	279	exact
C600	gene_HOICKCKO_00222	DK885_RS18995	261	exact
C600	gene_HOICKCKO_00223		627	no exact sequence match
C600	gene_HOICKCKO_00224	DK885_RS18985	498	exact
C600	gene_HOICKCKO_00225		1740	no exact sequence match
C600	gene_HOICKCKO_00226		636	no exact sequence match
C600	gene_HOICKCKO_00227	DK885_RS18970	1056	exact
C600	gene_HOICKCKO_00228	DK885_RS18965	294	exact
C600	gene_HOICKCKO_00229	DK885_RS18960	399	exact
C600	gene_HOICKCKO_00230		375	no exact sequence match
C600	gene_HOICKCKO_00231		267	no exact sequence match
C600	gene_HOICKCKO_00232		501	no exact sequence match
C600	gene_HOICKCKO_00233	DK885_RS18935	1458	exact
C600	gene_HOICKCKO_00234	DK885_RS18930	459	exact
C600	gene_HOICKCKO_00235	DK885_RS18925	1245	exact
C600	gene_HOICKCKO_00236		378	no exact sequence match
C600	gene_HOICKCKO_00237		276	no exact sequence match
C600	gene_HOICKCKO_00238		273	no exact sequence match
C600	gene_HOICKCKO_00239	DK885_RS18485	1056	exact
C600	gene_HOICKCKO_00240	DK885_RS18490	1104	exact
C600	gene_HOICKCKO_00241	DK885_RS18495	1254	exact
C600	gene_HOICKCKO_00243		105	no exact sequence match
C600	gene_HOICKCKO_00244	DK885_RS18505	342	exact
C600	gene_HOICKCKO_00245	DK885_RS18510	318	exact
C600	gene_HOICKCKO_00246	DK885_RS18515	222	exact
C600	gene_HOICKCKO_00247	DK885_RS18520	477	exact
C600	gene_HOICKCKO_00248	DK885_RS18525	459	exact
C600	gene_HOICKCKO_00249	DK885_RS18530	240	exact
C600	gene_HOICKCKO_00250	DK885_RS18535	468	exact
C600	gene_HOICKCKO_00251		858	no exact sequence match
C600	gene_HOICKCKO_00252	DK885_RS18555	822	exact
C600	gene_HOICKCKO_00253	DK885_RS18560	864	exact
C600	gene_HOICKCKO_00254	DK885_RS18565	894	exact
C600	gene_HOICKCKO_00255		369	no exact sequence match
C600	gene_HOICKCKO_00256	DK885_RS18580	1152	exact
C600	gene_HOICKCKO_00257		240	no exact sequence match
C600	gene_HOICKCKO_00258		1146	no exact sequence match
C600	gene_HOICKCKO_00259	DK885_RS01350;DK885_RS02885;DK885_RS04165;DK885_RS08270;DK885_RS09185;DK885_RS13010;DK885_RS16725;DK885_RS17340;DK885_RS18605	981	exact
C600	gene_HOICKCKO_00260		90	no exact sequence match
C600	gene_HOICKCKO_00261		1428	no exact sequence match
C600	gene_HOICKCKO_00262	DK885_RS18620	933	exact
C600	gene_HOICKCKO_00263	DK885_RS18625	1047	exact
C600	gene_HOICKCKO_00264		363	no exact sequence match
C600	gene_HOICKCKO_00265		378	no exact sequence match
C600	gene_HOICKCKO_00266		276	no exact sequence match
C600	gene_HOICKCKO_00267		339	no exact sequence match
C600	gene_HOICKCKO_00268	DK885_RS18655	351	exact
C600	gene_HOICKCKO_00269	DK885_RS18660	1143	exact
C600	gene_HOICKCKO_00270	DK885_RS18665	909	exact
C600	gene_HOICKCKO_00271		1968	no exact sequence match
C600	gene_HOICKCKO_00272	DK885_RS18675	1383	exact
C600	gene_HOICKCKO_00273	DK885_RS18680	1611	exact
C600	gene_HOICKCKO_00274	DK885_RS18685	759	exact
C600	gene_HOICKCKO_00275	DK885_RS18690	1005	exact
C600	gene_HOICKCKO_00276		378	no exact sequence match
C600	gene_HOICKCKO_00277		276	no exact sequence match
C600	gene_HOICKCKO_00278	DK885_RS18715	732	exact
C600	gene_HOICKCKO_00279	DK885_RS18720	627	exact
C600	gene_HOICKCKO_00280	DK885_RS18725	699	exact
C600	gene_HOICKCKO_00281	DK885_RS18730	855	exact
C600	gene_HOICKCKO_00282	DK885_RS18735	225	exact
C600	gene_HOICKCKO_00283	DK885_RS18740	441	exact
C600	gene_HOICKCKO_00284		1326	no exact sequence match
C600	gene_HOICKCKO_00285		411	no exact sequence match
C600	gene_HOICKCKO_00286	DK885_RS18760	957	exact
C600	gene_HOICKCKO_00287	DK885_RS18765	2199	exact
C600	gene_HOICKCKO_00288	DK885_RS18770	957	exact
C600	gene_HOICKCKO_00289	DK885_RS18775	690	exact
C600	gene_HOICKCKO_00290	DK885_RS18785	615	exact
C600	gene_HOICKCKO_00291	DK885_RS18800	711	exact
C600	gene_HOICKCKO_00292	DK885_RS18805	1644	exact
C600	gene_HOICKCKO_00293	DK885_RS18810	2526	exact
C600	gene_HOICKCKO_00294	DK885_RS18815	669	exact
C600	gene_HOICKCKO_00295	DK885_RS18820	588	exact
C600	gene_HOICKCKO_00296	DK885_RS18825	543	exact
C600	gene_HOICKCKO_00297	DK885_RS18840	141	exact
C600	gene_HOICKCKO_00298		267	no exact sequence match
C600	gene_HOICKCKO_00299	DK885_RS24590	102	exact
C600	gene_HOICKCKO_00300		888	no exact sequence match
C600	gene_HOICKCKO_00301		300	no exact sequence match
C600	gene_HOICKCKO_00302		867	no exact sequence match
C600	gene_HOICKCKO_00303		687	no exact sequence match
C600	gene_HOICKCKO_00304	DK885_RS18880	594	exact
C600	gene_HOICKCKO_00305	DK885_RS18890	1326	exact
C600	gene_HOICKCKO_00306	DK885_RS18895	855	exact
C600	gene_HOICKCKO_00307	DK885_RS18900	720	exact
C600	gene_HOICKCKO_00308		1428	no exact sequence match
C600	gene_HOICKCKO_00309		696	no exact sequence match
C600	gene_HOICKCKO_00310		669	no exact sequence match
C600	gene_HOICKCKO_00311		1671	no exact sequence match
C600	gene_HOICKCKO_00312		1473	no exact sequence match
C600	gene_HOICKCKO_00313		588	no exact sequence match
C600	gene_HOICKCKO_00314		2034	no exact sequence match
C600	gene_HOICKCKO_00315		1089	no exact sequence match
C600	gene_HOICKCKO_00316		933	no exact sequence match
C600	gene_HOICKCKO_00317		498	no exact sequence match
C600	gene_HOICKCKO_00318		606	no exact sequence match
C600	gene_HOICKCKO_00319		864	no exact sequence match
C600	gene_HOICKCKO_00320		1548	no exact sequence match
C600	gene_HOICKCKO_00321		1419	no exact sequence match
C600	gene_HOICKCKO_00322		321	no exact sequence match
C600	gene_HOICKCKO_00323		951	no exact sequence match
C600	gene_HOICKCKO_00324		1383	no exact sequence match
C600	gene_HOICKCKO_00325		1050	no exact sequence match
C600	gene_HOICKCKO_00326		816	no exact sequence match
C600	gene_HOICKCKO_00328		633	no exact sequence match
C600	gene_HOICKCKO_00329		276	no exact sequence match
C600	gene_HOICKCKO_00330		1587	no exact sequence match
C600	gene_HOICKCKO_00331		891	no exact sequence match
C600	gene_HOICKCKO_00332		447	no exact sequence match
C600	gene_HOICKCKO_00333		1170	no exact sequence match
C600	gene_HOICKCKO_00334		1452	no exact sequence match
C600	gene_HOICKCKO_00335		1887	no exact sequence match
C600	gene_HOICKCKO_00336		1260	no exact sequence match
C600	gene_HOICKCKO_00337		1284	no exact sequence match
C600	gene_HOICKCKO_00338		900	no exact sequence match
C600	gene_HOICKCKO_00339		660	no exact sequence match
C600	gene_HOICKCKO_00340		471	no exact sequence match
C600	gene_HOICKCKO_00341		1182	no exact sequence match
C600	gene_HOICKCKO_00342		612	no exact sequence match
C600	gene_HOICKCKO_00343		1254	no exact sequence match
C600	gene_HOICKCKO_00344	DK885_RS18465	3075	exact
C600	gene_HOICKCKO_00345		1092	no exact sequence match
C600	gene_HOICKCKO_00346	DK885_RS18450	834	exact
C600	gene_HOICKCKO_00347	DK885_RS18445	1665	exact
C600	gene_HOICKCKO_00348	DK885_RS18440	945	exact
C600	gene_HOICKCKO_00349	DK885_RS18435	867	exact
C600	gene_HOICKCKO_00350	DK885_RS18430	810	exact
C600	gene_HOICKCKO_00351	DK885_RS18425	951	exact
C600	gene_HOICKCKO_00352	DK885_RS18420	1014	exact
C600	gene_HOICKCKO_00353	DK885_RS18415	1212	exact
C600	gene_HOICKCKO_00354	DK885_RS18410	540	exact
C600	gene_HOICKCKO_00355	DK885_RS18405	834	exact
C600	gene_HOICKCKO_00356	DK885_RS18400	1110	exact
C600	gene_HOICKCKO_00357	DK885_RS18395	276	exact
C600	gene_HOICKCKO_00358	DK885_RS18390	774	exact
C600	gene_HOICKCKO_00359	DK885_RS18385	444	exact
C600	gene_HOICKCKO_00360		366	no exact sequence match
C600	gene_HOICKCKO_00361		906	no exact sequence match
C600	gene_HOICKCKO_00362	DK885_RS18365	1197	exact
C600	gene_HOICKCKO_00363		99	no exact sequence match
C600	gene_HOICKCKO_00364	DK885_RS18360	558	exact
C600	gene_HOICKCKO_00365	DK885_RS18350	963	exact
C600	gene_HOICKCKO_00366	DK885_RS18345	768	exact
C600	gene_HOICKCKO_00367	DK885_RS18340	828	exact
C600	gene_HOICKCKO_00368	DK885_RS18335	852	exact
C600	gene_HOICKCKO_00369	DK885_RS18330	975	exact
C600	gene_HOICKCKO_00370		1461	no exact sequence match
C600	gene_HOICKCKO_00371		867	no exact sequence match
C600	gene_HOICKCKO_00372		300	no exact sequence match
C600	gene_HOICKCKO_00373		1398	no exact sequence match
C600	gene_HOICKCKO_00374	DK885_RS18305	624	exact
C600	gene_HOICKCKO_00375	DK885_RS18300	1158	exact
C600	gene_HOICKCKO_00376		102	no exact sequence match
C600	gene_HOICKCKO_00377	DK885_RS18290	1221	exact
C600	gene_HOICKCKO_00378	DK885_RS18285	1095	exact
C600	gene_HOICKCKO_00379	DK885_RS18280	309	exact
C600	gene_HOICKCKO_00380	DK885_RS18270	213	exact
C600	gene_HOICKCKO_00381	DK885_RS18265	1095	exact
C600	gene_HOICKCKO_00382	DK885_RS18255	261	exact
C600	gene_HOICKCKO_00383	DK885_RS18250	1416	exact
C600	gene_HOICKCKO_00384	DK885_RS18245	321	exact
C600	gene_HOICKCKO_00385	DK885_RS18240	1116	exact
C600	gene_HOICKCKO_00386	DK885_RS18235	810	exact
C600	gene_HOICKCKO_00387	DK885_RS18230	459	exact
C600	gene_HOICKCKO_00388	DK885_RS18225	525	exact
C600	gene_HOICKCKO_00389	DK885_RS18220	192	exact
C600	gene_HOICKCKO_00390	DK885_RS18210	678	exact
C600	gene_HOICKCKO_00391	DK885_RS18205	285	exact
C600	gene_HOICKCKO_00392		120	no exact sequence match
C600	gene_HOICKCKO_00393		978	no exact sequence match
C600	gene_HOICKCKO_00394	DK885_RS18185	909	exact
C600	gene_HOICKCKO_00395		1269	no exact sequence match
C600	gene_HOICKCKO_00396	DK885_RS18175	3147	exact
C600	gene_HOICKCKO_00397	DK885_RS18170	1203	exact
C600	gene_HOICKCKO_00398	DK885_RS18165	690	exact
C600	gene_HOICKCKO_00399	DK885_RS18160	1296	exact
C600	gene_HOICKCKO_00400	DK885_RS18155	1320	exact
C600	gene_HOICKCKO_00401	DK885_RS18150	1374	exact
C600	gene_HOICKCKO_00402	DK885_RS18145	1818	exact
C600	gene_HOICKCKO_00403	DK885_RS18140	582	exact
C600	gene_HOICKCKO_00404	DK885_RS18135	1071	exact
C600	gene_HOICKCKO_00405	DK885_RS18130	1128	exact
C600	gene_HOICKCKO_00406	DK885_RS18125	333	exact
C600	gene_HOICKCKO_00407		1815	no exact sequence match
C600	gene_HOICKCKO_00408	DK885_RS18115	972	exact
C600	gene_HOICKCKO_00409	DK885_RS18110	348	exact
C600	gene_HOICKCKO_00410	DK885_RS18105	885	exact
C600	gene_HOICKCKO_00411	DK885_RS18095	540	exact
C600	gene_HOICKCKO_00412	DK885_RS18090	450	exact
C600	gene_HOICKCKO_00413	DK885_RS18085	1104	exact
C600	gene_HOICKCKO_00414	DK885_RS18080	471	exact
C600	gene_HOICKCKO_00415	DK885_RS18075	420	exact
C600	gene_HOICKCKO_00416	DK885_RS18070	978	exact
C600	gene_HOICKCKO_00417	DK885_RS18065	519	exact
C600	gene_HOICKCKO_00418	DK885_RS18060	975	exact
C600	gene_HOICKCKO_00419	DK885_RS18055	1863	exact
C600	gene_HOICKCKO_00420	DK885_RS18050	900	exact
C600	gene_HOICKCKO_00421	DK885_RS18045	243	exact
C600	gene_HOICKCKO_00422	DK885_RS18040	1449	exact
C600	gene_HOICKCKO_00423	DK885_RS18035	591	exact
C600	gene_HOICKCKO_00424	DK885_RS18030	912	exact
C600	gene_HOICKCKO_00425	DK885_RS18025	492	exact
C600	gene_HOICKCKO_00426	DK885_RS18020	1365	exact
C600	gene_HOICKCKO_00427	DK885_RS18015	891	exact
C600	gene_HOICKCKO_00428	DK885_RS18010	330	exact
C600	gene_HOICKCKO_00429	DK885_RS18005	615	exact
C600	gene_HOICKCKO_00430	DK885_RS18000	1992	exact
C600	gene_HOICKCKO_00431	DK885_RS17995	948	exact
C600	gene_HOICKCKO_00432	DK885_RS17990	1476	exact
C600	gene_HOICKCKO_00433	DK885_RS17985	579	exact
C600	gene_HOICKCKO_00434		315	no exact sequence match
C600	gene_HOICKCKO_00435	DK885_RS17965	1299	exact
C600	gene_HOICKCKO_00436	DK885_RS17960	624	exact
C600	gene_HOICKCKO_00437	DK885_RS17955	1275	exact
C600	gene_HOICKCKO_00438	DK885_RS17950	2355	exact
C600	gene_HOICKCKO_00439		273	no exact sequence match
C600	gene_HOICKCKO_00440	DK885_RS17940	1872	exact
C600	gene_HOICKCKO_00441	DK885_RS17935	372	exact
C600	gene_HOICKCKO_00442	DK885_RS17930	399	exact
C600	gene_HOICKCKO_00443	DK885_RS17925	696	exact
C600	gene_HOICKCKO_00444	DK885_RS17920	1701	exact
C600	gene_HOICKCKO_00445	DK885_RS17915	819	exact
C600	gene_HOICKCKO_00446	DK885_RS17910	459	exact
C600	gene_HOICKCKO_00447	DK885_RS17905	1773	exact
C600	gene_HOICKCKO_00448	DK885_RS17900	1782	exact
C600	gene_HOICKCKO_00449	DK885_RS17895	339	exact
C600	gene_HOICKCKO_00450	DK885_RS17890	1287	exact
C600	gene_HOICKCKO_00451	DK885_RS17885	861	exact
C600	gene_HOICKCKO_00452	DK885_RS17880	573	exact
C600	gene_HOICKCKO_00453	DK885_RS17875	312	exact
C600	gene_HOICKCKO_00454	DK885_RS17865	354	exact
C600	gene_HOICKCKO_00455	DK885_RS17860	1551	exact
C600	gene_HOICKCKO_00456	DK885_RS17855	471	exact
C600	gene_HOICKCKO_00457	DK885_RS17850	552	exact
C600	gene_HOICKCKO_00458	DK885_RS17845	219	exact
C600	gene_HOICKCKO_00459	DK885_RS17840	375	exact
C600	gene_HOICKCKO_00460	DK885_RS17835	3150	exact
C600	gene_HOICKCKO_00461	DK885_RS17830	1194	exact
C600	gene_HOICKCKO_00462	DK885_RS17825	648	exact
C600	gene_HOICKCKO_00463	DK885_RS17815	3363	exact
C600	gene_HOICKCKO_00464	DK885_RS17810	162	exact
C600	gene_HOICKCKO_00465	DK885_RS17805	528	exact
C600	gene_HOICKCKO_00466	DK885_RS17800	378	exact
C600	gene_HOICKCKO_00467	DK885_RS17790	552	exact
C600	gene_HOICKCKO_00468	DK885_RS17785	1932	exact
C600	gene_HOICKCKO_00469	DK885_RS17780	330	exact
C600	gene_HOICKCKO_00470	DK885_RS17775	606	exact
C600	gene_HOICKCKO_00471	DK885_RS17770	1875	exact
C600	gene_HOICKCKO_00472	DK885_RS17760	645	exact
C600	gene_HOICKCKO_00473	DK885_RS17755	963	exact
C600	gene_HOICKCKO_00474	DK885_RS17750	960	exact
C600	gene_HOICKCKO_00475	DK885_RS17745	1305	exact
C600	gene_HOICKCKO_00476	DK885_RS17740	1677	exact
C600	gene_HOICKCKO_00477	DK885_RS17735	1221	exact
C600	gene_HOICKCKO_00478	DK885_RS17725	1653	exact
C600	gene_HOICKCKO_00479	DK885_RS17720	480	exact
C600	gene_HOICKCKO_00480	DK885_RS17710	795	exact
C600	gene_HOICKCKO_00481	DK885_RS17700	342	exact
C600	gene_HOICKCKO_00482	DK885_RS17695	2505	exact
C600	gene_HOICKCKO_00483	DK885_RS17690	933	exact
C600	gene_HOICKCKO_00484	DK885_RS17685	1293	exact
C600	gene_HOICKCKO_00485	DK885_RS17680	408	exact
C600	gene_HOICKCKO_00486	DK885_RS17675	459	exact
C600	gene_HOICKCKO_00487	DK885_RS17670	918	exact
C600	gene_HOICKCKO_00488	DK885_RS17665	678	exact
C600	gene_HOICKCKO_00489	DK885_RS17660	780	exact
C600	gene_HOICKCKO_00490	DK885_RS17655	855	exact
C600	gene_HOICKCKO_00491		771	no exact sequence match
C600	gene_HOICKCKO_00492		594	no exact sequence match
C600	gene_HOICKCKO_00493	DK885_RS17640	687	exact
C600	gene_HOICKCKO_00494	DK885_RS17635	2415	exact
C600	gene_HOICKCKO_00495	DK885_RS17630	4281	exact
C600	gene_HOICKCKO_00496	DK885_RS17625	369	exact
C600	gene_HOICKCKO_00497		711	no exact sequence match
C600	gene_HOICKCKO_00498	DK885_RS17615	261	exact
C600	gene_HOICKCKO_00499		372	no exact sequence match
C600	gene_HOICKCKO_00500	DK885_RS17600	1095	exact
C600	gene_HOICKCKO_00501	DK885_RS17595	927	exact
C600	gene_HOICKCKO_00502	DK885_RS17590	483	exact
C600	gene_HOICKCKO_00503	DK885_RS17585	816	exact
C600	gene_HOICKCKO_00504	DK885_RS17580	1782	exact
C600	gene_HOICKCKO_00505	DK885_RS17575	777	exact
C600	gene_HOICKCKO_00506	DK885_RS17570	879	exact
C600	gene_HOICKCKO_00507	DK885_RS17565	1455	exact
C600	gene_HOICKCKO_00508	DK885_RS17560	1362	exact
C600	gene_HOICKCKO_00509	DK885_RS17555	1302	exact
C600	gene_HOICKCKO_00510	DK885_RS17550	1146	exact
C600	gene_HOICKCKO_00511	DK885_RS17545	786	exact
C600	gene_HOICKCKO_00512	DK885_RS17540	1236	exact
C600	gene_HOICKCKO_00513	DK885_RS17535	1050	exact
C600	gene_HOICKCKO_00514	DK885_RS17530	1668	exact
C600	gene_HOICKCKO_00515	DK885_RS17525	1260	exact
C600	gene_HOICKCKO_00516	DK885_RS17520	816	exact
C600	gene_HOICKCKO_00517	DK885_RS17515	894	exact
C600	gene_HOICKCKO_00518	DK885_RS17510	1068	exact
C600	gene_HOICKCKO_00519	DK885_RS17505	510	exact
C600	gene_HOICKCKO_00520	DK885_RS17495	723	exact
C600	gene_HOICKCKO_00521	DK885_RS17490	495	exact
C600	gene_HOICKCKO_00522	DK885_RS17485	1386	exact
C600	gene_HOICKCKO_00523	DK885_RS17480	522	exact
C600	gene_HOICKCKO_00524	DK885_RS17475	213	exact
C600	gene_HOICKCKO_00525	DK885_RS17470	867	exact
C600	gene_HOICKCKO_00526	DK885_RS17465	543	exact
C600	gene_HOICKCKO_00527	DK885_RS17460	693	exact
C600	gene_HOICKCKO_00528	DK885_RS17455	2604	exact
C600	gene_HOICKCKO_00529	DK885_RS17450	978	exact
C600	gene_HOICKCKO_00530	DK885_RS17445	516	exact
C600	gene_HOICKCKO_00531	DK885_RS17440	633	exact
C600	gene_HOICKCKO_00533	DK885_RS17430	1164	exact
C600	gene_HOICKCKO_00534		264	no exact sequence match
C600	gene_HOICKCKO_00535		96	no exact sequence match
C600	gene_HOICKCKO_00536		300	no exact sequence match
C600	gene_HOICKCKO_00537		867	no exact sequence match
C600	gene_HOICKCKO_00538	DK885_RS17400	333	exact
C600	gene_HOICKCKO_00539	DK885_RS17395	1527	exact
C600	gene_HOICKCKO_00540	DK885_RS17390	552	exact
C600	gene_HOICKCKO_00541	DK885_RS17385	798	exact
C600	gene_HOICKCKO_00542	DK885_RS17375	456	exact
C600	gene_HOICKCKO_00543	DK885_RS17370	171	exact
C600	gene_HOICKCKO_00544	DK885_RS17365	291	exact
C600	gene_HOICKCKO_00545	DK885_RS17360	363	exact
C600	gene_HOICKCKO_00546		138	no exact sequence match
C600	gene_HOICKCKO_00547	DK885_RS17350	384	exact
C600	gene_HOICKCKO_00548		219	no exact sequence match
C600	gene_HOICKCKO_00549	DK885_RS01350;DK885_RS02885;DK885_RS04165;DK885_RS08270;DK885_RS09185;DK885_RS13010;DK885_RS16725;DK885_RS17340;DK885_RS18605	981	exact
C600	gene_HOICKCKO_00550	DK885_RS17330	1068	exact
C600	gene_HOICKCKO_00551	DK885_RS17325	216	exact
C600	gene_HOICKCKO_00552	DK885_RS17320	498	exact
C600	gene_HOICKCKO_00553	DK885_RS24645	462	exact
C600	gene_HOICKCKO_00554	DK885_RS17310	294	exact
C600	gene_HOICKCKO_00555	DK885_RS17305	411	exact
C600	gene_HOICKCKO_00556	DK885_RS17295	207	exact
C600	gene_HOICKCKO_00557	DK885_RS17280	546	exact
C600	gene_HOICKCKO_00558		744	no exact sequence match
C600	gene_HOICKCKO_00559		432	no exact sequence match
C600	gene_HOICKCKO_00560		186	no exact sequence match
C600	gene_HOICKCKO_00561	DK885_RS17255	750	exact
C600	gene_HOICKCKO_00562	DK885_RS17250	954	exact
C600	gene_HOICKCKO_00563	DK885_RS17235	762	exact
C600	gene_HOICKCKO_00564	DK885_RS17225	891	exact
C600	gene_HOICKCKO_00565	DK885_RS17220	2973	exact
C600	gene_HOICKCKO_00566	DK885_RS17215	2238	exact
C600	gene_HOICKCKO_00567	DK885_RS17210	1443	exact
C600	gene_HOICKCKO_00568	DK885_RS17205	684	exact
C600	gene_HOICKCKO_00569	DK885_RS17195	1374	exact
C600	gene_HOICKCKO_00570	DK885_RS17190	333	exact
C600	gene_HOICKCKO_00571	DK885_RS17185	1224	exact
C600	gene_HOICKCKO_00572	DK885_RS17180	3144	exact
C600	gene_HOICKCKO_00573	DK885_RS17175	1377	exact
C600	gene_HOICKCKO_00574	DK885_RS17170	1248	exact
C600	gene_HOICKCKO_00575	DK885_RS17165	654	exact
C600	gene_HOICKCKO_00576	DK885_RS17160	369	exact
C600	gene_HOICKCKO_00577	DK885_RS17155	249	exact
C600	gene_HOICKCKO_00578	DK885_RS17150	1119	exact
C600	gene_HOICKCKO_00579		252	no exact sequence match
C600	gene_HOICKCKO_00580	DK885_RS07185;DK885_RS17130;DK885_RS20110	1113	exact
C600	gene_HOICKCKO_00581		141	no exact sequence match
C600	gene_HOICKCKO_00582		744	no exact sequence match
C600	gene_HOICKCKO_00583	DK885_RS17120	2241	exact
C600	gene_HOICKCKO_00584	DK885_RS17115	1203	exact
C600	gene_HOICKCKO_00585	DK885_RS17110	219	exact
C600	gene_HOICKCKO_00586	DK885_RS17105	3882	exact
C600	gene_HOICKCKO_00587	DK885_RS17100	1134	exact
C600	gene_HOICKCKO_00588	DK885_RS17095	816	exact
C600	gene_HOICKCKO_00589	DK885_RS17090	993	exact
C600	gene_HOICKCKO_00590	DK885_RS17085	1005	exact
C600	gene_HOICKCKO_00591	DK885_RS17080	1251	exact
C600	gene_HOICKCKO_00592	DK885_RS17075	957	exact
C600	gene_HOICKCKO_00593	DK885_RS17065	1176	exact
C600	gene_HOICKCKO_00594	DK885_RS17060	1611	exact
C600	gene_HOICKCKO_00595	DK885_RS17055	858	exact
C600	gene_HOICKCKO_00596	DK885_RS17050	747	exact
C600	gene_HOICKCKO_00597	DK885_RS17045	414	exact
C600	gene_HOICKCKO_00598	DK885_RS17040	2106	exact
C600	gene_HOICKCKO_00599	DK885_RS17035	198	exact
C600	gene_HOICKCKO_00600	DK885_RS17030	1089	exact
C600	gene_HOICKCKO_00601	DK885_RS17025	1161	exact
C600	gene_HOICKCKO_00602	DK885_RS17020	630	exact
C600	gene_HOICKCKO_00603	DK885_RS17015	1221	exact
C600	gene_HOICKCKO_00604	DK885_RS17010	903	exact
C600	gene_HOICKCKO_00605	DK885_RS17000	747	exact
C600	gene_HOICKCKO_00606	DK885_RS16995	564	exact
C600	gene_HOICKCKO_00607		1596	no exact sequence match
C600	gene_HOICKCKO_00608	DK885_RS16985	429	exact
C600	gene_HOICKCKO_00609	DK885_RS16980	1239	exact
C600	gene_HOICKCKO_00610	DK885_RS24520	90	exact
C600	gene_HOICKCKO_00611	DK885_RS16970	411	exact
C600	gene_HOICKCKO_00612	DK885_RS16960	807	exact
C600	gene_HOICKCKO_00613	DK885_RS16955	1464	exact
C600	gene_HOICKCKO_00614	DK885_RS16950	879	exact
C600	gene_HOICKCKO_00615	DK885_RS16945	552	exact
C600	gene_HOICKCKO_00616	DK885_RS16940	1533	exact
C600	gene_HOICKCKO_00617	DK885_RS16935	909	exact
C600	gene_HOICKCKO_00618	DK885_RS16930	297	exact
C600	gene_HOICKCKO_00619	DK885_RS16925	1059	exact
C600	gene_HOICKCKO_00620	DK885_RS16920	1659	exact
C600	gene_HOICKCKO_00621	DK885_RS16915	681	exact
C600	gene_HOICKCKO_00622	DK885_RS16910	1386	exact
C600	gene_HOICKCKO_00623	DK885_RS16900	561	exact
C600	gene_HOICKCKO_00624	DK885_RS16895	210	exact
C600	gene_HOICKCKO_00625	DK885_RS16890	384	exact
C600	gene_HOICKCKO_00626		228	no exact sequence match
C600	gene_HOICKCKO_00627		564	no exact sequence match
C600	gene_HOICKCKO_00628	DK885_RS16880	204	exact
C600	gene_HOICKCKO_00629	DK885_RS16875	966	exact
C600	gene_HOICKCKO_00630	DK885_RS16865	954	exact
C600	gene_HOICKCKO_00631	DK885_RS16855	642	exact
C600	gene_HOICKCKO_00632	DK885_RS16850	264	exact
C600	gene_HOICKCKO_00633		1284	no exact sequence match
C600	gene_HOICKCKO_00634	DK885_RS16840	1089	exact
C600	gene_HOICKCKO_00635	DK885_RS16835	1113	exact
C600	gene_HOICKCKO_00636	DK885_RS16830	1902	exact
C600	gene_HOICKCKO_00637	DK885_RS16825	468	exact
C600	gene_HOICKCKO_00638	DK885_RS16820	318	exact
C600	gene_HOICKCKO_00639	DK885_RS16815	612	exact
C600	gene_HOICKCKO_00640	DK885_RS16810	642	exact
C600	gene_HOICKCKO_00641	DK885_RS16805	1032	exact
C600	gene_HOICKCKO_00642	DK885_RS16800	582	exact
C600	gene_HOICKCKO_00643	DK885_RS16795	2583	exact
C600	gene_HOICKCKO_00644	DK885_RS16790	483	exact
C600	gene_HOICKCKO_00645	DK885_RS16785	978	exact
C600	gene_HOICKCKO_00646	DK885_RS16780	708	exact
C600	gene_HOICKCKO_00647	DK885_RS16775	1428	exact
C600	gene_HOICKCKO_00648	DK885_RS16770	555	exact
C600	gene_HOICKCKO_00649	DK885_RS16765	708	exact
C600	gene_HOICKCKO_00650	DK885_RS16760	1452	exact
C600	gene_HOICKCKO_00651	DK885_RS16755	1671	exact
C600	gene_HOICKCKO_00652	DK885_RS16750	936	exact
C600	gene_HOICKCKO_00653	DK885_RS16745	726	exact
C600	gene_HOICKCKO_00654	DK885_RS16740	675	exact
C600	gene_HOICKCKO_00655	DK885_RS16735	741	exact
C600	gene_HOICKCKO_00656	DK885_RS16730	909	exact
C600	gene_HOICKCKO_00657	DK885_RS01350;DK885_RS02885;DK885_RS04165;DK885_RS08270;DK885_RS09185;DK885_RS13010;DK885_RS16725;DK885_RS17340;DK885_RS18605	981	exact
C600	gene_HOICKCKO_00658	DK885_RS16715	1539	exact
C600	gene_HOICKCKO_00659	DK885_RS16710	879	exact
C600	gene_HOICKCKO_00660	DK885_RS16705	468	exact
C600	gene_HOICKCKO_00661		1080	no exact sequence match
C600	gene_HOICKCKO_00662	DK885_RS16695	1425	exact
C600	gene_HOICKCKO_00663	DK885_RS16690	1176	exact
C600	gene_HOICKCKO_00671	DK885_RS16650	1665	exact
C600	gene_HOICKCKO_00672	DK885_RS16640	753	exact
C600	gene_HOICKCKO_00673	DK885_RS16635	1221	exact
C600	gene_HOICKCKO_00674	DK885_RS16630	1149	exact
C600	gene_HOICKCKO_00675	DK885_RS16625	801	exact
C600	gene_HOICKCKO_00676	DK885_RS16620	1947	exact
C600	gene_HOICKCKO_00677		123	no exact sequence match
C600	gene_HOICKCKO_00678	DK885_RS16615	1665	exact
C600	gene_HOICKCKO_00679	DK885_RS16610	1407	exact
C600	gene_HOICKCKO_00680	DK885_RS16605	327	exact
C600	gene_HOICKCKO_00681	DK885_RS16600	447	exact
C600	gene_HOICKCKO_00682	DK885_RS16590	531	exact
C600	gene_HOICKCKO_00683		363	no exact sequence match
C600	gene_HOICKCKO_00684	DK885_RS16580	765	exact
C600	gene_HOICKCKO_00685	DK885_RS16575	546	exact
C600	gene_HOICKCKO_00686	DK885_RS16570	1641	exact
C600	gene_HOICKCKO_00687	DK885_RS16565	495	exact
C600	gene_HOICKCKO_00688		210	no exact sequence match
C600	gene_HOICKCKO_00689	DK885_RS16550	1320	exact
C600	gene_HOICKCKO_00690	DK885_RS16545	2199	exact
C600	gene_HOICKCKO_00691		258	no exact sequence match
C600	gene_HOICKCKO_00692	DK885_RS16535	678	exact
C600	gene_HOICKCKO_00693	DK885_RS16530	2685	exact
C600	gene_HOICKCKO_00694	DK885_RS16525	573	exact
C600	gene_HOICKCKO_00695	DK885_RS16520	2049	exact
C600	gene_HOICKCKO_00696	DK885_RS16515	1674	exact
C600	gene_HOICKCKO_00697	DK885_RS16505	207	exact
C600	gene_HOICKCKO_00698	DK885_RS16500	4194	exact
C600	gene_HOICKCKO_00699	DK885_RS16495	327	exact
C600	gene_HOICKCKO_00700		1434	no exact sequence match
C600	gene_HOICKCKO_00701	DK885_RS16485	570	exact
C600	gene_HOICKCKO_00702		255	no exact sequence match
C600	gene_HOICKCKO_00703		1044	no exact sequence match
C600	gene_HOICKCKO_00704		762	no exact sequence match
C600	gene_HOICKCKO_00705	DK885_RS16465	510	exact
C600	gene_HOICKCKO_00706	DK885_RS16460	1419	exact
C600	gene_HOICKCKO_00707	DK885_RS16455	1482	exact
C600	gene_HOICKCKO_00708	DK885_RS16450	744	exact
C600	gene_HOICKCKO_00709	DK885_RS16445	657	exact
C600	gene_HOICKCKO_00710	DK885_RS16440	933	exact
C600	gene_HOICKCKO_00711	DK885_RS16435	735	exact
C600	gene_HOICKCKO_00712	DK885_RS16430	792	exact
C600	gene_HOICKCKO_00713	DK885_RS16425	1047	exact
C600	gene_HOICKCKO_00714	DK885_RS16420	1062	exact
C600	gene_HOICKCKO_00715	DK885_RS16415	729	exact
C600	gene_HOICKCKO_00716		2448	no exact sequence match
C600	gene_HOICKCKO_00717	DK885_RS16405	567	exact
C600	gene_HOICKCKO_00718	DK885_RS16400	1284	exact
C600	gene_HOICKCKO_00719	DK885_RS24010	108	exact
C600	gene_HOICKCKO_00720	DK885_RS16385	405	exact
C600	gene_HOICKCKO_00721	DK885_RS16380	348	exact
C600	gene_HOICKCKO_00722	DK885_RS16375	1767	exact
C600	gene_HOICKCKO_00723	DK885_RS16370	717	exact
C600	gene_HOICKCKO_00724	DK885_RS16365	2802	exact
C600	gene_HOICKCKO_00725	DK885_RS16360	1218	exact
C600	gene_HOICKCKO_00726	DK885_RS16355	1167	exact
C600	gene_HOICKCKO_00727	DK885_RS16350	870	exact
C600	gene_HOICKCKO_00728	DK885_RS16345	723	exact
C600	gene_HOICKCKO_00729	DK885_RS16340	1917	exact
C600	gene_HOICKCKO_00730	DK885_RS16335	2634	exact
C600	gene_HOICKCKO_00731	DK885_RS16325	1569	exact
C600	gene_HOICKCKO_00732	DK885_RS16320	1140	exact
C600	gene_HOICKCKO_00733	DK885_RS16315	114	exact
C600	gene_HOICKCKO_00734	DK885_RS16310	294	exact
C600	gene_HOICKCKO_00735	DK885_RS16305	405	exact
C600	gene_HOICKCKO_00736	DK885_RS16300	693	exact
C600	gene_HOICKCKO_00737	DK885_RS16295	429	exact
C600	gene_HOICKCKO_00738	DK885_RS16290	1266	exact
C600	gene_HOICKCKO_00739	DK885_RS16285	1293	exact
C600	gene_HOICKCKO_00740	DK885_RS16280	522	exact
C600	gene_HOICKCKO_00741	DK885_RS16275	792	exact
C600	gene_HOICKCKO_00749	DK885_RS16230	1044	exact
C600	gene_HOICKCKO_00750	DK885_RS16225	720	exact
C600	gene_HOICKCKO_00751	DK885_RS16220	942	exact
C600	gene_HOICKCKO_00752	DK885_RS16215	381	exact
C600	gene_HOICKCKO_00753	DK885_RS16205	1053	exact
C600	gene_HOICKCKO_00754	DK885_RS16200	753	exact
C600	gene_HOICKCKO_00755	DK885_RS16195	1041	exact
C600	gene_HOICKCKO_00756	DK885_RS16190	1149	exact
C600	gene_HOICKCKO_00757	DK885_RS16185	1047	exact
C600	gene_HOICKCKO_00758	DK885_RS16180	1017	exact
C600	gene_HOICKCKO_00759	DK885_RS16175	1473	exact
C600	gene_HOICKCKO_00760	DK885_RS16170	789	exact
C600	gene_HOICKCKO_00761	DK885_RS16165	150	exact
C600	gene_HOICKCKO_00762	DK885_RS16155	774	exact
C600	gene_HOICKCKO_00763	DK885_RS16150	690	exact
C600	gene_HOICKCKO_00764	DK885_RS16145	1059	exact
C600	gene_HOICKCKO_00765	DK885_RS16140	819	exact
C600	gene_HOICKCKO_00766	DK885_RS16135	996	exact
C600	gene_HOICKCKO_00767	DK885_RS16130	954	exact
C600	gene_HOICKCKO_00768	DK885_RS16125	1053	exact
C600	gene_HOICKCKO_00769	DK885_RS16120	1434	exact
C600	gene_HOICKCKO_00770	DK885_RS16115	2262	exact
C600	gene_HOICKCKO_00771	DK885_RS16110	1284	exact
C600	gene_HOICKCKO_00772	DK885_RS16100	477	exact
C600	gene_HOICKCKO_00773	DK885_RS16095	1290	exact
C600	gene_HOICKCKO_00774	DK885_RS16090	1041	exact
C600	gene_HOICKCKO_00775	DK885_RS16085	1155	exact
C600	gene_HOICKCKO_00776	DK885_RS16080	756	exact
C600	gene_HOICKCKO_00777	DK885_RS16075	678	exact
C600	gene_HOICKCKO_00778	DK885_RS16070	2022	exact
C600	gene_HOICKCKO_00779	DK885_RS16065	909	exact
C600	gene_HOICKCKO_00780	DK885_RS16060	990	exact
C600	gene_HOICKCKO_00781	DK885_RS16055	513	exact
C600	gene_HOICKCKO_00782	DK885_RS16050	486	exact
C600	gene_HOICKCKO_00783	DK885_RS16045	246	exact
C600	gene_HOICKCKO_00784	DK885_RS16040	453	exact
C600	gene_HOICKCKO_00785	DK885_RS16035	705	exact
C600	gene_HOICKCKO_00786	DK885_RS16030	714	exact
C600	gene_HOICKCKO_00787	DK885_RS16025	957	exact
C600	gene_HOICKCKO_00788	DK885_RS16020	1242	exact
C600	gene_HOICKCKO_00789	DK885_RS16015	762	exact
C600	gene_HOICKCKO_00790	DK885_RS16010	411	exact
C600	gene_HOICKCKO_00791	DK885_RS16005	1107	exact
C600	gene_HOICKCKO_00792	DK885_RS16000	1134	exact
C600	gene_HOICKCKO_00793	DK885_RS15995	1737	exact
C600	gene_HOICKCKO_00794	DK885_RS15990	996	exact
C600	gene_HOICKCKO_00795	DK885_RS15985	672	exact
C600	gene_HOICKCKO_00796	DK885_RS15980	1365	exact
C600	gene_HOICKCKO_00797		450	no exact sequence match
C600	gene_HOICKCKO_00798		2286	no exact sequence match
C600	gene_HOICKCKO_00799	DK885_RS15960	963	exact
C600	gene_HOICKCKO_00800	DK885_RS15955	1086	exact
C600	gene_HOICKCKO_00801	DK885_RS15950	261	exact
C600	gene_HOICKCKO_00802	DK885_RS15945	267	exact
C600	gene_HOICKCKO_00803		675	no exact sequence match
C600	gene_HOICKCKO_00804	DK885_RS15935	2283	exact
C600	gene_HOICKCKO_00805	DK885_RS24005	261	exact
C600	gene_HOICKCKO_00806	DK885_RS15925	927	exact
C600	gene_HOICKCKO_00807	DK885_RS15920	2226	exact
C600	gene_HOICKCKO_00808	DK885_RS15915	723	exact
C600	gene_HOICKCKO_00809	DK885_RS15910	660	exact
C600	gene_HOICKCKO_00810	DK885_RS15905	747	exact
C600	gene_HOICKCKO_00811	DK885_RS15890	504	exact
C600	gene_HOICKCKO_00812	DK885_RS15880	888	exact
C600	gene_HOICKCKO_00813	DK885_RS15875	516	exact
C600	gene_HOICKCKO_00814	DK885_RS15870	1584	exact
C600	gene_HOICKCKO_00815	DK885_RS15865	129	exact
C600	gene_HOICKCKO_00816	DK885_RS15860	468	exact
C600	gene_HOICKCKO_00817	DK885_RS15855	1119	exact
C600	gene_HOICKCKO_00818	DK885_RS15850	921	exact
C600	gene_HOICKCKO_00819	DK885_RS15845	1593	exact
C600	gene_HOICKCKO_00820	DK885_RS15840	1266	exact
C600	gene_HOICKCKO_00821	DK885_RS15835	816	exact
C600	gene_HOICKCKO_00822	DK885_RS15830	2433	exact
C600	gene_HOICKCKO_00823	DK885_RS15825	900	exact
C600	gene_HOICKCKO_00824	DK885_RS15820	663	exact
C600	gene_HOICKCKO_00825	DK885_RS15815	750	exact
C600	gene_HOICKCKO_00826	DK885_RS15810	1236	exact
C600	gene_HOICKCKO_00827	DK885_RS15805	966	exact
C600	gene_HOICKCKO_00828	DK885_RS15800	1872	exact
C600	gene_HOICKCKO_00829	DK885_RS15795	1539	exact
C600	gene_HOICKCKO_00830	DK885_RS15790	921	exact
C600	gene_HOICKCKO_00831	DK885_RS15785	912	exact
C600	gene_HOICKCKO_00832	DK885_RS15780	2349	exact
C600	gene_HOICKCKO_00833	DK885_RS15775	1329	exact
C600	gene_HOICKCKO_00834	DK885_RS15770	1326	exact
C600	gene_HOICKCKO_00835	DK885_RS15765	384	exact
C600	gene_HOICKCKO_00836	DK885_RS15760	1116	exact
C600	gene_HOICKCKO_00837	DK885_RS15755	627	exact
C600	gene_HOICKCKO_00838	DK885_RS15750	1203	exact
C600	gene_HOICKCKO_00839	DK885_RS15745	759	exact
C600	gene_HOICKCKO_00840	DK885_RS15740	597	exact
C600	gene_HOICKCKO_00841	DK885_RS15735	1233	exact
C600	gene_HOICKCKO_00842		279	no exact sequence match
C600	gene_HOICKCKO_00843	DK885_RS15725	816	exact
C600	gene_HOICKCKO_00844		1128	no exact sequence match
C600	gene_HOICKCKO_00845	DK885_RS15715	537	exact
C600	gene_HOICKCKO_00846	DK885_RS15710	1686	exact
C600	gene_HOICKCKO_00847	DK885_RS15705	378	exact
C600	gene_HOICKCKO_00848	DK885_RS15700	258	exact
C600	gene_HOICKCKO_00849	DK885_RS15695	288	exact
C600	gene_HOICKCKO_00850	DK885_RS15690	723	exact
C600	gene_HOICKCKO_00851	DK885_RS15685	903	exact
C600	gene_HOICKCKO_00852	DK885_RS15680	477	exact
C600	gene_HOICKCKO_00853	DK885_RS15670	1113	exact
C600	gene_HOICKCKO_00854	DK885_RS15665	1134	exact
C600	gene_HOICKCKO_00855	DK885_RS15660	954	exact
C600	gene_HOICKCKO_00856	DK885_RS15655	846	exact
C600	gene_HOICKCKO_00857	DK885_RS15650	489	exact
C600	gene_HOICKCKO_00858	DK885_RS15645	1128	exact
C600	gene_HOICKCKO_00859	DK885_RS15640	732	exact
C600	gene_HOICKCKO_00860	DK885_RS15635	669	exact
C600	gene_HOICKCKO_00861	DK885_RS15630	717	exact
C600	gene_HOICKCKO_00862	DK885_RS15625	732	exact
C600	gene_HOICKCKO_00863	DK885_RS15620	729	exact
C600	gene_HOICKCKO_00864	DK885_RS15615	516	exact
C600	gene_HOICKCKO_00865	DK885_RS15610	324	exact
C600	gene_HOICKCKO_00866	DK885_RS15605	831	exact
C600	gene_HOICKCKO_00867	DK885_RS15600	1014	exact
C600	gene_HOICKCKO_00868	DK885_RS15595	1431	exact
C600	gene_HOICKCKO_00869	DK885_RS15590	1002	exact
C600	gene_HOICKCKO_00870	DK885_RS15585	1719	exact
C600	gene_HOICKCKO_00871	DK885_RS15580	969	exact
C600	gene_HOICKCKO_00872	DK885_RS15575	1653	exact
C600	gene_HOICKCKO_00873	DK885_RS15570	900	exact
C600	gene_HOICKCKO_00874	DK885_RS15560	696	exact
C600	gene_HOICKCKO_00875	DK885_RS15555	1659	exact
C600	gene_HOICKCKO_00876		993	no exact sequence match
C600	gene_HOICKCKO_00877	DK885_RS15545	1116	exact
C600	gene_HOICKCKO_00878	DK885_RS15540	1947	exact
C600	gene_HOICKCKO_00879	DK885_RS15535	225	exact
C600	gene_HOICKCKO_00880	DK885_RS15530	321	exact
C600	gene_HOICKCKO_00881	DK885_RS15525	2277	exact
C600	gene_HOICKCKO_00883	DK885_RS15515	219	exact
C600	gene_HOICKCKO_00884	DK885_RS15510	705	exact
C600	gene_HOICKCKO_00885	DK885_RS15505	1722	exact
C600	gene_HOICKCKO_00886	DK885_RS15500	1767	exact
C600	gene_HOICKCKO_00887	DK885_RS15495	966	exact
C600	gene_HOICKCKO_00888	DK885_RS15485	495	exact
C600	gene_HOICKCKO_00889	DK885_RS15480	3990	exact
C600	gene_HOICKCKO_00890	DK885_RS15475	612	exact
C600	gene_HOICKCKO_00891	DK885_RS15470	1344	exact
C600	gene_HOICKCKO_00892	DK885_RS15465	1293	exact
C600	gene_HOICKCKO_00893	DK885_RS15460	2445	exact
C600	gene_HOICKCKO_00894	DK885_RS15455	618	exact
C600	gene_HOICKCKO_00895	DK885_RS15450	864	exact
C600	gene_HOICKCKO_00896	DK885_RS15445	627	exact
C600	gene_HOICKCKO_00897	DK885_RS15440	1149	exact
C600	gene_HOICKCKO_00898	DK885_RS15435	1431	exact
C600	gene_HOICKCKO_00899	DK885_RS15430	909	exact
C600	gene_HOICKCKO_00900	DK885_RS15425	591	exact
C600	gene_HOICKCKO_00901	DK885_RS15420	741	exact
C600	gene_HOICKCKO_00902	DK885_RS15415	2283	exact
C600	gene_HOICKCKO_00903	DK885_RS15410	858	exact
C600	gene_HOICKCKO_00904	DK885_RS15405	1761	exact
C600	gene_HOICKCKO_00905	DK885_RS15400	693	exact
C600	gene_HOICKCKO_00906	DK885_RS15395	1089	exact
C600	gene_HOICKCKO_00907	DK885_RS15390	1284	exact
C600	gene_HOICKCKO_00908	DK885_RS15385	765	exact
C600	gene_HOICKCKO_00909	DK885_RS15380	684	exact
C600	gene_HOICKCKO_00910	DK885_RS15375	1674	exact
C600	gene_HOICKCKO_00911	DK885_RS15370	285	exact
C600	gene_HOICKCKO_00912	DK885_RS15365	2265	exact
C600	gene_HOICKCKO_00913	DK885_RS15360	1749	exact
C600	gene_HOICKCKO_00914	DK885_RS15355	987	exact
C600	gene_HOICKCKO_00915	DK885_RS15350	1233	exact
C600	gene_HOICKCKO_00916	DK885_RS15345	183	exact
C600	gene_HOICKCKO_00917	DK885_RS15340	747	exact
C600	gene_HOICKCKO_00918	DK885_RS15335	894	exact
C600	gene_HOICKCKO_00919	DK885_RS15330	780	exact
C600	gene_HOICKCKO_00920	DK885_RS15325	786	exact
C600	gene_HOICKCKO_00921	DK885_RS15320	1323	exact
C600	gene_HOICKCKO_00922	DK885_RS15315	705	exact
C600	gene_HOICKCKO_00923	DK885_RS15310	4461	exact
C600	gene_HOICKCKO_00924	DK885_RS15305	1848	exact
C600	gene_HOICKCKO_00925	DK885_RS15295	549	exact
C600	gene_HOICKCKO_00926	DK885_RS15290	648	exact
C600	gene_HOICKCKO_00927	DK885_RS15285	1191	exact
C600	gene_HOICKCKO_00928	DK885_RS15275	1089	exact
C600	gene_HOICKCKO_00929	DK885_RS15270	1401	exact
C600	gene_HOICKCKO_00930	DK885_RS15265	1203	exact
C600	gene_HOICKCKO_00931	DK885_RS15260	2613	exact
C600	gene_HOICKCKO_00932	DK885_RS15255	768	exact
C600	gene_HOICKCKO_00933	DK885_RS15250	792	exact
C600	gene_HOICKCKO_00934	DK885_RS15245	1146	exact
C600	gene_HOICKCKO_00935	DK885_RS15240	960	exact
C600	gene_HOICKCKO_00936	DK885_RS15235	576	exact
C600	gene_HOICKCKO_00937	DK885_RS15225	540	exact
C600	gene_HOICKCKO_00938	DK885_RS15220	702	exact
C600	gene_HOICKCKO_00939		2601	no exact sequence match
C600	gene_HOICKCKO_00940	DK885_RS15210	1071	exact
C600	gene_HOICKCKO_00941	DK885_RS15205	543	exact
C600	gene_HOICKCKO_00942		564	no exact sequence match
C600	gene_HOICKCKO_00943		690	no exact sequence match
C600	gene_HOICKCKO_00944	DK885_RS15190	1011	exact
C600	gene_HOICKCKO_00945	DK885_RS15185	543	exact
C600	gene_HOICKCKO_00946	DK885_RS15180	1110	exact
C600	gene_HOICKCKO_00947	DK885_RS15175	2109	exact
C600	gene_HOICKCKO_00948	DK885_RS15170	1908	exact
C600	gene_HOICKCKO_00949	DK885_RS15165	1254	exact
C600	gene_HOICKCKO_00950	DK885_RS15160	1641	exact
C600	gene_HOICKCKO_00951	DK885_RS15155	564	exact
C600	gene_HOICKCKO_00952	DK885_RS15150	168	exact
C600	gene_HOICKCKO_00953		627	no exact sequence match
C600	gene_HOICKCKO_00954	DK885_RS15140	1761	exact
C600	gene_HOICKCKO_00955	DK885_RS15135	453	exact
C600	gene_HOICKCKO_00956	DK885_RS15130	1041	exact
C600	gene_HOICKCKO_00957	DK885_RS15120	510	exact
C600	gene_HOICKCKO_00958	DK885_RS15115	630	exact
C600	gene_HOICKCKO_00959	DK885_RS15110	2163	exact
C600	gene_HOICKCKO_00960	DK885_RS15105	447	exact
C600	gene_HOICKCKO_00961	DK885_RS15100	2055	exact
C600	gene_HOICKCKO_00962	DK885_RS15095	459	exact
C600	gene_HOICKCKO_00963	DK885_RS15090	663	exact
C600	gene_HOICKCKO_00964	DK885_RS15085	414	exact
C600	gene_HOICKCKO_00965	DK885_RS15080	318	exact
C600	gene_HOICKCKO_00966		1176	no exact sequence match
C600	gene_HOICKCKO_00967	DK885_RS15070	279	exact
C600	gene_HOICKCKO_00968	DK885_RS15065	330	exact
C600	gene_HOICKCKO_00969	DK885_RS15060	660	exact
C600	gene_HOICKCKO_00971	DK885_RS15050	1119	exact
C600	gene_HOICKCKO_00972	DK885_RS15045	1794	exact
C600	gene_HOICKCKO_00973	DK885_RS15040	708	exact
C600	gene_HOICKCKO_00974	DK885_RS15035	588	exact
C600	gene_HOICKCKO_00975	DK885_RS15030	399	exact
C600	gene_HOICKCKO_00976	DK885_RS15025	858	exact
C600	gene_HOICKCKO_00977	DK885_RS15020	1545	exact
C600	gene_HOICKCKO_00978	DK885_RS15015	1137	exact
C600	gene_HOICKCKO_00979	DK885_RS15010	93	exact
C600	gene_HOICKCKO_00980	DK885_RS15005	1299	exact
C600	gene_HOICKCKO_00981	DK885_RS15000	2181	exact
C600	gene_HOICKCKO_00982	DK885_RS14995	447	exact
C600	gene_HOICKCKO_00983	DK885_RS14990	1140	exact
C600	gene_HOICKCKO_00984	DK885_RS14985	2097	exact
C600	gene_HOICKCKO_00985	DK885_RS14980	747	exact
C600	gene_HOICKCKO_00986	DK885_RS14975	645	exact
C600	gene_HOICKCKO_00987	DK885_RS14970	306	exact
C600	gene_HOICKCKO_00988		276	no exact sequence match
C600	gene_HOICKCKO_00989		378	no exact sequence match
C600	gene_HOICKCKO_00990	DK885_RS14950	213	exact
C600	gene_HOICKCKO_00991	DK885_RS14935	174	exact
C600	gene_HOICKCKO_00992	DK885_RS14930	1074	exact
C600	gene_HOICKCKO_00993		2700	no exact sequence match
C600	gene_HOICKCKO_00994	DK885_RS14920	1029	exact
C600	gene_HOICKCKO_00995	DK885_RS14915	693	exact
C600	gene_HOICKCKO_00996	DK885_RS14910	1173	exact
C600	gene_HOICKCKO_00997	DK885_RS14905	2547	exact
C600	gene_HOICKCKO_00998	DK885_RS14900	600	exact
C600	gene_HOICKCKO_00999	DK885_RS14895	306	exact
C600	gene_HOICKCKO_01000	DK885_RS14890	921	exact
C600	gene_HOICKCKO_01001	DK885_RS14885	1257	exact
C600	gene_HOICKCKO_01002	DK885_RS14880	1242	exact
C600	gene_HOICKCKO_01003	DK885_RS14875	228	exact
C600	gene_HOICKCKO_01004	DK885_RS14870	597	exact
C600	gene_HOICKCKO_01005	DK885_RS14860	174	exact
C600	gene_HOICKCKO_01006	DK885_RS14855	1329	exact
C600	gene_HOICKCKO_01007	DK885_RS14850	495	exact
C600	gene_HOICKCKO_01008	DK885_RS14845	591	exact
C600	gene_HOICKCKO_01009	DK885_RS14840	801	exact
C600	gene_HOICKCKO_01010	DK885_RS14835	387	exact
C600	gene_HOICKCKO_01011		696	no exact sequence match
C600	gene_HOICKCKO_01012	DK885_RS14825	1092	exact
C600	gene_HOICKCKO_01013	DK885_RS14820	639	exact
C600	gene_HOICKCKO_01014	DK885_RS14815	3963	exact
C600	gene_HOICKCKO_01015	DK885_RS14810	210	exact
C600	gene_HOICKCKO_01016	DK885_RS14800	1509	exact
C600	gene_HOICKCKO_01017		111	no exact sequence match
C600	gene_HOICKCKO_01018		720	no exact sequence match
C600	gene_HOICKCKO_01019	DK885_RS14775	1128	exact
C600	gene_HOICKCKO_01020	DK885_RS14770	1272	exact
C600	gene_HOICKCKO_01021		1065	no exact sequence match
C600	gene_HOICKCKO_01022	DK885_RS14760	414	exact
C600	gene_HOICKCKO_01023	DK885_RS14755	1326	exact
C600	gene_HOICKCKO_01024	DK885_RS14750	2019	exact
C600	gene_HOICKCKO_01025	DK885_RS14745	2424	exact
C600	gene_HOICKCKO_01026	DK885_RS14740	1359	exact
C600	gene_HOICKCKO_01027		867	no exact sequence match
C600	gene_HOICKCKO_01028		300	no exact sequence match
C600	gene_HOICKCKO_01029		324	no exact sequence match
C600	gene_HOICKCKO_01030	DK885_RS14725	987	exact
C600	gene_HOICKCKO_01032	DK885_RS14695	939	exact
C600	gene_HOICKCKO_01033	DK885_RS14690	738	exact
C600	gene_HOICKCKO_01034	DK885_RS14685	555	exact
C600	gene_HOICKCKO_01035		522	no exact sequence match
C600	gene_HOICKCKO_01036	DK885_RS14675	834	exact
C600	gene_HOICKCKO_01037	DK885_RS14670	417	exact
C600	gene_HOICKCKO_01038	DK885_RS14665	390	exact
C600	gene_HOICKCKO_01039	DK885_RS14660	651	exact
C600	gene_HOICKCKO_01040	DK885_RS14645	456	exact
C600	gene_HOICKCKO_01041	DK885_RS14640	456	exact
C600	gene_HOICKCKO_01042	DK885_RS14635	333	exact
C600	gene_HOICKCKO_01043	DK885_RS14630	312	exact
C600	gene_HOICKCKO_01044	DK885_RS14625	534	exact
C600	gene_HOICKCKO_01045	DK885_RS14620	1482	exact
C600	gene_HOICKCKO_01046	DK885_RS14615	1158	exact
C600	gene_HOICKCKO_01047		1503	no exact sequence match
C600	gene_HOICKCKO_01048		2514	no exact sequence match
C600	gene_HOICKCKO_01049	DK885_RS14590	228	exact
C600	gene_HOICKCKO_01050	DK885_RS14585	375	exact
C600	gene_HOICKCKO_01051	DK885_RS14580	1227	exact
C600	gene_HOICKCKO_01052	DK885_RS14575	921	exact
C600	gene_HOICKCKO_01053	DK885_RS14570	1053	exact
C600	gene_HOICKCKO_01054	DK885_RS14565	576	exact
C600	gene_HOICKCKO_01055	DK885_RS14560	567	exact
C600	gene_HOICKCKO_01056	DK885_RS14555	114	exact
C600	gene_HOICKCKO_01057	DK885_RS14550	1119	exact
C600	gene_HOICKCKO_01058	DK885_RS14545	255	exact
C600	gene_HOICKCKO_01059	DK885_RS14535	246	exact
C600	gene_HOICKCKO_01060	DK885_RS14530	1047	exact
C600	gene_HOICKCKO_01061	DK885_RS14525	561	exact
C600	gene_HOICKCKO_01062	DK885_RS14520	648	exact
C600	gene_HOICKCKO_01063	DK885_RS14515	1209	exact
C600	gene_HOICKCKO_01064	DK885_RS14510	585	exact
C600	gene_HOICKCKO_01065	DK885_RS14505	648	exact
C600	gene_HOICKCKO_01066	DK885_RS14500	924	exact
C600	gene_HOICKCKO_01067	DK885_RS14495	1536	exact
C600	gene_HOICKCKO_01068	DK885_RS14490	417	exact
C600	gene_HOICKCKO_01069	DK885_RS14485	294	exact
C600	gene_HOICKCKO_01070	DK885_RS14480	660	exact
C600	gene_HOICKCKO_01071	DK885_RS14475	417	exact
C600	gene_HOICKCKO_01072	DK885_RS14470	405	exact
C600	gene_HOICKCKO_01073	DK885_RS24130	696	exact
C600	gene_HOICKCKO_01074	DK885_RS24125	1209	exact
C600	gene_HOICKCKO_01075	DK885_RS14455	756	exact
C600	gene_HOICKCKO_01076	DK885_RS14450	783	exact
C600	gene_HOICKCKO_01077	DK885_RS14445	699	exact
C600	gene_HOICKCKO_01078	DK885_RS14440	1098	exact
C600	gene_HOICKCKO_01079	DK885_RS14435	942	exact
C600	gene_HOICKCKO_01080	DK885_RS14430	1644	exact
C600	gene_HOICKCKO_01081	DK885_RS14425	954	exact
C600	gene_HOICKCKO_01082	DK885_RS14420	3186	exact
C600	gene_HOICKCKO_01083	DK885_RS14410	960	exact
C600	gene_HOICKCKO_01084		624	no exact sequence match
C600	gene_HOICKCKO_01085	DK885_RS14400	522	exact
C600	gene_HOICKCKO_01086	DK885_RS14395	174	exact
C600	gene_HOICKCKO_01087		1041	no exact sequence match
C600	gene_HOICKCKO_01088		954	no exact sequence match
C600	gene_HOICKCKO_01089	DK885_RS14380	930	exact
C600	gene_HOICKCKO_01090	DK885_RS14375	735	exact
C600	gene_HOICKCKO_01091	DK885_RS14370	237	exact
C600	gene_HOICKCKO_01092	DK885_RS14365	1242	exact
C600	gene_HOICKCKO_01093	DK885_RS14360	810	exact
C600	gene_HOICKCKO_01094	DK885_RS14355	1023	exact
C600	gene_HOICKCKO_01095	DK885_RS14350	642	exact
C600	gene_HOICKCKO_01096	DK885_RS14345	1005	exact
C600	gene_HOICKCKO_01097	DK885_RS14340	798	exact
C600	gene_HOICKCKO_01098	DK885_RS14335	1434	exact
C600	gene_HOICKCKO_01099	DK885_RS14330	2190	exact
C600	gene_HOICKCKO_01100	DK885_RS14325	360	exact
C600	gene_HOICKCKO_01101	DK885_RS14320	378	exact
C600	gene_HOICKCKO_01102	DK885_RS14315	642	exact
C600	gene_HOICKCKO_01103	DK885_RS14310	825	exact
C600	gene_HOICKCKO_01104	DK885_RS14305	1026	exact
C600	gene_HOICKCKO_01105	DK885_RS14300	543	exact
C600	gene_HOICKCKO_01106	DK885_RS14295	1305	exact
C600	gene_HOICKCKO_01107	DK885_RS14290	540	exact
C600	gene_HOICKCKO_01108		696	no exact sequence match
C600	gene_HOICKCKO_01109	DK885_RS14280	258	exact
C600	gene_HOICKCKO_01110		960	no exact sequence match
C600	gene_HOICKCKO_01111		3495	no exact sequence match
C600	gene_HOICKCKO_01112	DK885_RS14265	1074	exact
C600	gene_HOICKCKO_01113	DK885_RS14260	1200	exact
C600	gene_HOICKCKO_01114	DK885_RS14255	702	exact
C600	gene_HOICKCKO_01115		1239	no exact sequence match
C600	gene_HOICKCKO_01116	DK885_RS14245	912	exact
C600	gene_HOICKCKO_01117	DK885_RS14240	840	exact
C600	gene_HOICKCKO_01118	DK885_RS14235	789	exact
C600	gene_HOICKCKO_01119	DK885_RS14230	462	exact
C600	gene_HOICKCKO_01120	DK885_RS14225	1047	exact
C600	gene_HOICKCKO_01121	DK885_RS14220	795	exact
C600	gene_HOICKCKO_01122	DK885_RS14215	858	exact
C600	gene_HOICKCKO_01123	DK885_RS14210	1137	exact
C600	gene_HOICKCKO_01124	DK885_RS14200	1227	exact
C600	gene_HOICKCKO_01125	DK885_RS14195	1122	exact
C600	gene_HOICKCKO_01126	DK885_RS14190	1461	exact
C600	gene_HOICKCKO_01127		672	no exact sequence match
C600	gene_HOICKCKO_01128	DK885_RS14180	1371	exact
C600	gene_HOICKCKO_01129	DK885_RS14175	642	exact
C600	gene_HOICKCKO_01130	DK885_RS14170	1107	exact
C600	gene_HOICKCKO_01131	DK885_RS14165	462	exact
C600	gene_HOICKCKO_01132	DK885_RS14160	654	exact
C600	gene_HOICKCKO_01133	DK885_RS14155	1251	exact
C600	gene_HOICKCKO_01134	DK885_RS14150	666	exact
C600	gene_HOICKCKO_01135		696	no exact sequence match
C600	gene_HOICKCKO_01136	DK885_RS14140	894	exact
C600	gene_HOICKCKO_01137	DK885_RS14135	1128	exact
C600	gene_HOICKCKO_01138	DK885_RS14130	246	exact
C600	gene_HOICKCKO_01139	DK885_RS14115	342	exact
C600	gene_HOICKCKO_01140	DK885_RS14110	309	exact
C600	gene_HOICKCKO_01141	DK885_RS14105	675	exact
C600	gene_HOICKCKO_01142	DK885_RS14100	201	exact
C600	gene_HOICKCKO_01143	DK885_RS14095	558	exact
C600	gene_HOICKCKO_01144		339	no exact sequence match
C600	gene_HOICKCKO_01145		1368	no exact sequence match
C600	gene_HOICKCKO_01146	DK885_RS14080	183	exact
C600	gene_HOICKCKO_01147		474	no exact sequence match
C600	gene_HOICKCKO_01148		750	no exact sequence match
C600	gene_HOICKCKO_01149	DK885_RS14065	585	exact
C600	gene_HOICKCKO_01150	DK885_RS14060	630	exact
C600	gene_HOICKCKO_01151		375	no exact sequence match
C600	gene_HOICKCKO_01152	DK885_RS14050	603	exact
C600	gene_HOICKCKO_01153	DK885_RS14045	537	exact
C600	gene_HOICKCKO_01154	DK885_RS14040	555	exact
C600	gene_HOICKCKO_01155	DK885_RS14035	834	exact
C600	gene_HOICKCKO_01156		165	no exact sequence match
C600	gene_HOICKCKO_01157	DK885_RS14020	405	exact
C600	gene_HOICKCKO_01158	DK885_RS14015	732	exact
C600	gene_HOICKCKO_01159	DK885_RS14010	1212	exact
C600	gene_HOICKCKO_01160	DK885_RS14005	237	exact
C600	gene_HOICKCKO_01161	DK885_RS13995	267	exact
C600	gene_HOICKCKO_01162	DK885_RS13990	249	exact
C600	gene_HOICKCKO_01163	DK885_RS13985	1524	exact
C600	gene_HOICKCKO_01164	DK885_RS13980	219	exact
C600	gene_HOICKCKO_01165		1521	no exact sequence match
C600	gene_HOICKCKO_01166		1017	no exact sequence match
C600	gene_HOICKCKO_01167		330	no exact sequence match
C600	gene_HOICKCKO_01168		285	no exact sequence match
C600	gene_HOICKCKO_01169	DK885_RS13930	267	exact
C600	gene_HOICKCKO_01170	DK885_RS13925	813	exact
C600	gene_HOICKCKO_01171	DK885_RS13920	696	exact
C600	gene_HOICKCKO_01172	DK885_RS13910	369	exact
C600	gene_HOICKCKO_01173	DK885_RS13905	402	exact
C600	gene_HOICKCKO_01174	DK885_RS13900	294	exact
C600	gene_HOICKCKO_01175	DK885_RS13895	660	exact
C600	gene_HOICKCKO_01176	DK885_RS13890	447	exact
C600	gene_HOICKCKO_01177	DK885_RS13885	912	exact
C600	gene_HOICKCKO_01178	DK885_RS13880	420	exact
C600	gene_HOICKCKO_01179	DK885_RS13875	1269	exact
C600	gene_HOICKCKO_01180	DK885_RS13870	531	exact
C600	gene_HOICKCKO_01181	DK885_RS13865	1542	exact
C600	gene_HOICKCKO_01182	DK885_RS13860	720	exact
C600	gene_HOICKCKO_01183	DK885_RS13855	1533	exact
C600	gene_HOICKCKO_01184	DK885_RS13850	1299	exact
C600	gene_HOICKCKO_01185	DK885_RS13845	1071	exact
C600	gene_HOICKCKO_01186	DK885_RS13835	1737	exact
C600	gene_HOICKCKO_01187	DK885_RS13830	915	exact
C600	gene_HOICKCKO_01188	DK885_RS13820	612	exact
C600	gene_HOICKCKO_01189	DK885_RS13815	735	exact
C600	gene_HOICKCKO_01190	DK885_RS13810	255	exact
C600	gene_HOICKCKO_01191	DK885_RS13805	441	exact
C600	gene_HOICKCKO_01192	DK885_RS13800	1698	exact
C600	gene_HOICKCKO_01193	DK885_RS13790	1419	exact
C600	gene_HOICKCKO_01194	DK885_RS13785	633	exact
C600	gene_HOICKCKO_01195	DK885_RS13780	1071	exact
C600	gene_HOICKCKO_01196	DK885_RS13775	1920	exact
C600	gene_HOICKCKO_01197	DK885_RS13770	2868	exact
C600	gene_HOICKCKO_01198		180	no exact sequence match
C600	gene_HOICKCKO_01199	DK885_RS13755	1092	exact
C600	gene_HOICKCKO_01200	DK885_RS13750	585	exact
C600	gene_HOICKCKO_01201	DK885_RS13745	279	exact
C600	gene_HOICKCKO_01202		1653	no exact sequence match
C600	gene_HOICKCKO_01203		1014	no exact sequence match
C600	gene_HOICKCKO_01204	DK885_RS13720	852	exact
C600	gene_HOICKCKO_01205	DK885_RS13715	624	exact
C600	gene_HOICKCKO_01206	DK885_RS13710	1257	exact
C600	gene_HOICKCKO_01207	DK885_RS13705	1083	exact
C600	gene_HOICKCKO_01208	DK885_RS13700	834	exact
C600	gene_HOICKCKO_01209	DK885_RS13695	393	exact
C600	gene_HOICKCKO_01210	DK885_RS13690	810	exact
C600	gene_HOICKCKO_01211	DK885_RS13685	855	exact
C600	gene_HOICKCKO_01212	DK885_RS13665;DK885_RS13680	108	exact
C600	gene_HOICKCKO_01213	DK885_RS13670	108	exact
C600	gene_HOICKCKO_01214	DK885_RS13665;DK885_RS13680	108	exact
C600	gene_HOICKCKO_01215	DK885_RS13660	1101	exact
C600	gene_HOICKCKO_01216	DK885_RS13655	231	exact
C600	gene_HOICKCKO_01217		717	no exact sequence match
C600	gene_HOICKCKO_01218	DK885_RS13645	354	exact
C600	gene_HOICKCKO_01219	DK885_RS13640	1395	exact
C600	gene_HOICKCKO_01220	DK885_RS13635	651	exact
C600	gene_HOICKCKO_01221	DK885_RS13630	1797	exact
C600	gene_HOICKCKO_01222		219	no exact sequence match
C600	gene_HOICKCKO_01223	DK885_RS13620	1392	exact
C600	gene_HOICKCKO_01224	DK885_RS13615	3744	exact
C600	gene_HOICKCKO_01225	DK885_RS13610	1539	exact
C600	gene_HOICKCKO_01226	DK885_RS13605	711	exact
C600	gene_HOICKCKO_01227	DK885_RS13600	678	exact
C600	gene_HOICKCKO_01230	DK885_RS13565	843	exact
C600	gene_HOICKCKO_01231	DK885_RS13560	459	exact
C600	gene_HOICKCKO_01232		945	no exact sequence match
C600	gene_HOICKCKO_01233		1014	no exact sequence match
C600	gene_HOICKCKO_01234	DK885_RS13545	909	exact
C600	gene_HOICKCKO_01235	DK885_RS13540	414	exact
C600	gene_HOICKCKO_01236	DK885_RS13535	618	exact
C600	gene_HOICKCKO_01237		591	no exact sequence match
C600	gene_HOICKCKO_01238		186	no exact sequence match
C600	gene_HOICKCKO_01239	DK885_RS13525	2676	exact
C600	gene_HOICKCKO_01240	DK885_RS13520	648	exact
C600	gene_HOICKCKO_01241		156	no exact sequence match
C600	gene_HOICKCKO_01242	DK885_RS01350;DK885_RS02885;DK885_RS04165;DK885_RS08270;DK885_RS09185;DK885_RS13010;DK885_RS16725;DK885_RS17340;DK885_RS18605	981	exact
C600	gene_HOICKCKO_01243		1677	no exact sequence match
C600	gene_HOICKCKO_01244	DK885_RS13505	921	exact
C600	gene_HOICKCKO_01245	DK885_RS13500	909	exact
C600	gene_HOICKCKO_01246	DK885_RS13495	1014	exact
C600	gene_HOICKCKO_01247		1005	no exact sequence match
C600	gene_HOICKCKO_01248	DK885_RS13485	330	exact
C600	gene_HOICKCKO_01249	DK885_RS13480	1461	exact
C600	gene_HOICKCKO_01250	DK885_RS13470	1254	exact
C600	gene_HOICKCKO_01251	DK885_RS13465	297	exact
C600	gene_HOICKCKO_01252		735	no exact sequence match
C600	gene_HOICKCKO_01253	DK885_RS13455	399	exact
C600	gene_HOICKCKO_01254	DK885_RS13450	540	exact
C600	gene_HOICKCKO_01255	DK885_RS13445	744	exact
C600	gene_HOICKCKO_01256	DK885_RS13435	639	exact
C600	gene_HOICKCKO_01257	DK885_RS13430	507	exact
C600	gene_HOICKCKO_01258	DK885_RS13425	501	exact
C600	gene_HOICKCKO_01259	DK885_RS13420	180	exact
C600	gene_HOICKCKO_01260	DK885_RS13415	807	exact
C600	gene_HOICKCKO_01261	DK885_RS13410	1194	exact
C600	gene_HOICKCKO_01262		1359	no exact sequence match
C600	gene_HOICKCKO_01263	DK885_RS13400	1596	exact
C600	gene_HOICKCKO_01264	DK885_RS13395	1563	exact
C600	gene_HOICKCKO_01265	DK885_RS13385	882	exact
C600	gene_HOICKCKO_01266	DK885_RS13380	621	exact
C600	gene_HOICKCKO_01267	DK885_RS13375	1896	exact
C600	gene_HOICKCKO_01268	DK885_RS13370	876	exact
C600	gene_HOICKCKO_01269	DK885_RS13365	591	exact
C600	gene_HOICKCKO_01270	DK885_RS13360	759	exact
C600	gene_HOICKCKO_01271	DK885_RS13355	1050	exact
C600	gene_HOICKCKO_01272	DK885_RS13350	252	exact
C600	gene_HOICKCKO_01273	DK885_RS13340	2598	exact
C600	gene_HOICKCKO_01274	DK885_RS13330	975	exact
C600	gene_HOICKCKO_01275		129	no exact sequence match
C600	gene_HOICKCKO_01276	DK885_RS13320	168	exact
C600	gene_HOICKCKO_01277	DK885_RS23960	96	exact
C600	gene_HOICKCKO_01278		2676	no exact sequence match
C600	gene_HOICKCKO_01279	DK885_RS13305	591	exact
C600	gene_HOICKCKO_01280	DK885_RS13300	765	exact
C600	gene_HOICKCKO_01281	DK885_RS13295	309	exact
C600	gene_HOICKCKO_01282	DK885_RS13290	1170	exact
C600	gene_HOICKCKO_01283		798	no exact sequence match
C600	gene_HOICKCKO_01284	DK885_RS13280	327	exact
C600	gene_HOICKCKO_01285	DK885_RS13275	219	exact
C600	gene_HOICKCKO_01286	DK885_RS13270	750	exact
C600	gene_HOICKCKO_01287	DK885_RS13265	174	exact
C600	gene_HOICKCKO_01288	DK885_RS13260	1986	exact
C600	gene_HOICKCKO_01289	DK885_RS13250	1935	exact
C600	gene_HOICKCKO_01290	DK885_RS13245	1128	exact
C600	gene_HOICKCKO_01291	DK885_RS13240	789	exact
C600	gene_HOICKCKO_01292	DK885_RS13230	807	exact
C600	gene_HOICKCKO_01293	DK885_RS13225	993	exact
C600	gene_HOICKCKO_01294	DK885_RS13220	891	exact
C600	gene_HOICKCKO_01295	DK885_RS13215	966	exact
C600	gene_HOICKCKO_01296	DK885_RS13210	1644	exact
C600	gene_HOICKCKO_01297	DK885_RS13200	246	exact
C600	gene_HOICKCKO_01298		1386	no exact sequence match
C600	gene_HOICKCKO_01299	DK885_RS13190	1419	exact
C600	gene_HOICKCKO_01300		753	no exact sequence match
C600	gene_HOICKCKO_01301	DK885_RS13180	558	exact
C600	gene_HOICKCKO_01302	DK885_RS13170	1488	exact
C600	gene_HOICKCKO_01303	DK885_RS13165	1281	exact
C600	gene_HOICKCKO_01304	DK885_RS13160	1266	exact
C600	gene_HOICKCKO_01305	DK885_RS13155	978	exact
C600	gene_HOICKCKO_01306	DK885_RS13150	669	exact
C600	gene_HOICKCKO_01307	DK885_RS13145	225	exact
C600	gene_HOICKCKO_01308	DK885_RS13140	360	exact
C600	gene_HOICKCKO_01309	DK885_RS13135	222	exact
C600	gene_HOICKCKO_01310	DK885_RS13130	315	exact
C600	gene_HOICKCKO_01311	DK885_RS13125	1680	exact
C600	gene_HOICKCKO_01312	DK885_RS13120	1293	exact
C600	gene_HOICKCKO_01313	DK885_RS13115	882	exact
C600	gene_HOICKCKO_01314	DK885_RS13110	843	exact
C600	gene_HOICKCKO_01315	DK885_RS13105	1053	exact
C600	gene_HOICKCKO_01316	DK885_RS13100	789	exact
C600	gene_HOICKCKO_01317	DK885_RS13095	1056	exact
C600	gene_HOICKCKO_01318	DK885_RS13090	2268	exact
C600	gene_HOICKCKO_01319	DK885_RS13085	660	exact
C600	gene_HOICKCKO_01320		969	no exact sequence match
C600	gene_HOICKCKO_01321	DK885_RS13075	906	exact
C600	gene_HOICKCKO_01322	DK885_RS13070	999	exact
C600	gene_HOICKCKO_01323	DK885_RS13065	1398	exact
C600	gene_HOICKCKO_01324	DK885_RS13060	1062	exact
C600	gene_HOICKCKO_01325	DK885_RS13055	1542	exact
C600	gene_HOICKCKO_01326	DK885_RS13050	507	exact
C600	gene_HOICKCKO_01327	DK885_RS13045	966	exact
C600	gene_HOICKCKO_01328	DK885_RS13040	729	exact
C600	gene_HOICKCKO_01329		183	no exact sequence match
C600	gene_HOICKCKO_01330	DK885_RS13030	921	exact
C600	gene_HOICKCKO_01331	DK885_RS13025	900	exact
C600	gene_HOICKCKO_01332	DK885_RS13020	1614	exact
C600	gene_HOICKCKO_01333	DK885_RS13015	1032	exact
C600	gene_HOICKCKO_01334	DK885_RS01350;DK885_RS02885;DK885_RS04165;DK885_RS08270;DK885_RS09185;DK885_RS13010;DK885_RS16725;DK885_RS17340;DK885_RS18605	981	exact
C600	gene_HOICKCKO_01335	DK885_RS13005	258	exact
C600	gene_HOICKCKO_01336	DK885_RS13000	951	exact
C600	gene_HOICKCKO_01337	DK885_RS12995	753	exact
C600	gene_HOICKCKO_01338	DK885_RS12990	516	exact
C600	gene_HOICKCKO_01339	DK885_RS12985	1527	exact
C600	gene_HOICKCKO_01340	DK885_RS12975	1446	exact
C600	gene_HOICKCKO_01341	DK885_RS12970	1311	exact
C600	gene_HOICKCKO_01342	DK885_RS12965	909	exact
C600	gene_HOICKCKO_01343	DK885_RS12955	564	exact
C600	gene_HOICKCKO_01344	DK885_RS12950	1233	exact
C600	gene_HOICKCKO_01345	DK885_RS12945	984	exact
C600	gene_HOICKCKO_01346	DK885_RS24495	174	exact
C600	gene_HOICKCKO_01347	DK885_RS12935	1374	exact
C600	gene_HOICKCKO_01348	DK885_RS12930	936	exact
C600	gene_HOICKCKO_01349	DK885_RS12925	1236	exact
C600	gene_HOICKCKO_01350	DK885_RS12920	216	exact
C600	gene_HOICKCKO_01351	DK885_RS12915	210	exact
C600	gene_HOICKCKO_01352	DK885_RS12905	810	exact
C600	gene_HOICKCKO_01353	DK885_RS12900	2601	exact
C600	gene_HOICKCKO_01354	DK885_RS12895	276	exact
C600	gene_HOICKCKO_01355	DK885_RS12890	171	exact
C600	gene_HOICKCKO_01356	DK885_RS12885	222	exact
C600	gene_HOICKCKO_01357		612	no exact sequence match
C600	gene_HOICKCKO_01358	DK885_RS12870	156	exact
C600	gene_HOICKCKO_01359	DK885_RS24490	135	exact
C600	gene_HOICKCKO_01360	DK885_RS12860	477	exact
C600	gene_HOICKCKO_01361	DK885_RS12855	297	exact
C600	gene_HOICKCKO_01362	DK885_RS12850	423	exact
C600	gene_HOICKCKO_01363	DK885_RS12845	858	exact
C600	gene_HOICKCKO_01364	DK885_RS12840	747	exact
C600	gene_HOICKCKO_01365		561	no exact sequence match
C600	gene_HOICKCKO_01366		300	no exact sequence match
C600	gene_HOICKCKO_01367		1425	no exact sequence match
C600	gene_HOICKCKO_01368	DK885_RS12815	264	exact
C600	gene_HOICKCKO_01369	DK885_RS12810	360	exact
C600	gene_HOICKCKO_01370		1029	no exact sequence match
C600	gene_HOICKCKO_01371	DK885_RS12785	981	exact
C600	gene_HOICKCKO_01372		738	no exact sequence match
C600	gene_HOICKCKO_01373		1998	no exact sequence match
C600	gene_HOICKCKO_01374	DK885_RS12770	576	exact
C600	gene_HOICKCKO_01375	DK885_RS12765	591	exact
C600	gene_HOICKCKO_01376	DK885_RS12760	234	exact
C600	gene_HOICKCKO_01377	DK885_RS12755	435	exact
C600	gene_HOICKCKO_01378	DK885_RS12750	1134	exact
C600	gene_HOICKCKO_01379	DK885_RS12740	3525	exact
C600	gene_HOICKCKO_01380	DK885_RS12735	267	exact
C600	gene_HOICKCKO_01381	DK885_RS12730	423	exact
C600	gene_HOICKCKO_01382	DK885_RS12725	990	exact
C600	gene_HOICKCKO_01383	DK885_RS12720	2640	exact
C600	gene_HOICKCKO_01384	DK885_RS12715	186	exact
C600	gene_HOICKCKO_01385	DK885_RS12710	327	exact
C600	gene_HOICKCKO_01386	DK885_RS12705	906	exact
C600	gene_HOICKCKO_01387	DK885_RS12700	1500	exact
C600	gene_HOICKCKO_01388	DK885_RS12695	2274	exact
C600	gene_HOICKCKO_01389	DK885_RS12690	2046	exact
C600	gene_HOICKCKO_01390	DK885_RS12685	930	exact
C600	gene_HOICKCKO_01391	DK885_RS12680	288	exact
C600	gene_HOICKCKO_01392	DK885_RS12675	747	exact
C600	gene_HOICKCKO_01393	DK885_RS12670	498	exact
C600	gene_HOICKCKO_01394	DK885_RS12665	1071	exact
C600	gene_HOICKCKO_01395	DK885_RS12660	768	exact
C600	gene_HOICKCKO_01396	DK885_RS12655	789	exact
C600	gene_HOICKCKO_01397		1383	no exact sequence match
C600	gene_HOICKCKO_01398	DK885_RS12645	423	exact
C600	gene_HOICKCKO_01399	DK885_RS12640	1206	exact
C600	gene_HOICKCKO_01400	DK885_RS12635	1314	exact
C600	gene_HOICKCKO_01401	DK885_RS12630	951	exact
C600	gene_HOICKCKO_01402	DK885_RS12625	591	exact
C600	gene_HOICKCKO_01403		2559	no exact sequence match
C600	gene_HOICKCKO_01404		906	no exact sequence match
C600	gene_HOICKCKO_01405		366	no exact sequence match
C600	gene_HOICKCKO_01406	DK885_RS12605;DK885_RS20890	1152	exact
C600	gene_HOICKCKO_01407		3324	no exact sequence match
C600	gene_HOICKCKO_01408	DK885_RS12590	861	exact
C600	gene_HOICKCKO_01409	DK885_RS12585	2307	exact
C600	gene_HOICKCKO_01410	DK885_RS12580	606	exact
C600	gene_HOICKCKO_01411	DK885_RS12575	897	exact
C600	gene_HOICKCKO_01412	DK885_RS12570	1758	exact
C600	gene_HOICKCKO_01413	DK885_RS12565	1317	exact
C600	gene_HOICKCKO_01414	DK885_RS12560	606	exact
C600	gene_HOICKCKO_01415	DK885_RS12555	3903	exact
C600	gene_HOICKCKO_01416	DK885_RS12550	801	exact
C600	gene_HOICKCKO_01417	DK885_RS12545	1440	exact
C600	gene_HOICKCKO_01418		252	no exact sequence match
C600	gene_HOICKCKO_01419		378	no exact sequence match
C600	gene_HOICKCKO_01420		117	no exact sequence match
C600	gene_HOICKCKO_01421	DK885_RS12525	531	exact
C600	gene_HOICKCKO_01422	DK885_RS12520	174	exact
C600	gene_HOICKCKO_01423		168	no exact sequence match
C600	gene_HOICKCKO_01424	DK885_RS12510	1641	exact
C600	gene_HOICKCKO_01425	DK885_RS12505	924	exact
C600	gene_HOICKCKO_01426	DK885_RS12500	1344	exact
C600	gene_HOICKCKO_01427		1620	no exact sequence match
C600	gene_HOICKCKO_01428	DK885_RS12480	225	exact
C600	gene_HOICKCKO_01429	DK885_RS12475	540	exact
C600	gene_HOICKCKO_01430	DK885_RS12470	981	exact
C600	gene_HOICKCKO_01431	DK885_RS12465	993	exact
C600	gene_HOICKCKO_01432	DK885_RS12460	594	exact
C600	gene_HOICKCKO_01433	DK885_RS12455	669	exact
C600	gene_HOICKCKO_01434		288	no exact sequence match
C600	gene_HOICKCKO_01435		1149	no exact sequence match
C600	gene_HOICKCKO_01436		1176	no exact sequence match
C600	gene_HOICKCKO_01437	DK885_RS12435	537	exact
C600	gene_HOICKCKO_01438	DK885_RS12430	1962	exact
C600	gene_HOICKCKO_01439		171	no exact sequence match
C600	gene_HOICKCKO_01440	DK885_RS12420	177	exact
C600	gene_HOICKCKO_01441		438	no exact sequence match
C600	gene_HOICKCKO_01442	DK885_RS12410	1407	exact
C600	gene_HOICKCKO_01443	DK885_RS12405	1146	exact
C600	gene_HOICKCKO_01444	DK885_RS12400	1014	exact
C600	gene_HOICKCKO_01445	DK885_RS12395	942	exact
C600	gene_HOICKCKO_01446	DK885_RS12390	795	exact
C600	gene_HOICKCKO_01447	DK885_RS12385	1425	exact
C600	gene_HOICKCKO_01448	DK885_RS12370	174	exact
C600	gene_HOICKCKO_01449	DK885_RS12365	234	exact
C600	gene_HOICKCKO_01450	DK885_RS12360	450	exact
C600	gene_HOICKCKO_01451	DK885_RS12355	519	exact
C600	gene_HOICKCKO_01452	DK885_RS12345	1038	exact
C600	gene_HOICKCKO_01453	DK885_RS12340	666	exact
C600	gene_HOICKCKO_01454	DK885_RS12335	2103	exact
C600	gene_HOICKCKO_01455	DK885_RS12320	1062	exact
C600	gene_HOICKCKO_01456	DK885_RS12315	1500	exact
C600	gene_HOICKCKO_01457	DK885_RS12310	618	exact
C600	gene_HOICKCKO_01458	DK885_RS12305	213	exact
C600	gene_HOICKCKO_01459		2049	no exact sequence match
C600	gene_HOICKCKO_01460	DK885_RS24485	483	exact
C600	gene_HOICKCKO_01461		747	no exact sequence match
C600	gene_HOICKCKO_01462	DK885_RS12280	1137	exact
C600	gene_HOICKCKO_01463	DK885_RS12275	234	exact
C600	gene_HOICKCKO_01464	DK885_RS12270	570	exact
C600	gene_HOICKCKO_01465	DK885_RS12265	846	exact
C600	gene_HOICKCKO_01466	DK885_RS12260	894	exact
C600	gene_HOICKCKO_01467	DK885_RS12255	681	exact
C600	gene_HOICKCKO_01468	DK885_RS12250	696	exact
C600	gene_HOICKCKO_01469	DK885_RS12245	1545	exact
C600	gene_HOICKCKO_01470	DK885_RS12240	3741	exact
C600	gene_HOICKCKO_01471	DK885_RS12235	1389	exact
C600	gene_HOICKCKO_01472		336	no exact sequence match
C600	gene_HOICKCKO_01473		921	no exact sequence match
C600	gene_HOICKCKO_01474		291	no exact sequence match
C600	gene_HOICKCKO_01475		825	no exact sequence match
C600	gene_HOICKCKO_01476		588	no exact sequence match
C600	gene_HOICKCKO_01477		2412	no exact sequence match
C600	gene_HOICKCKO_01478		885	no exact sequence match
C600	gene_HOICKCKO_01479	DK885_RS12205	654	exact
C600	gene_HOICKCKO_01480	DK885_RS12200	285	exact
C600	gene_HOICKCKO_01481	DK885_RS12195	1011	exact
C600	gene_HOICKCKO_01482	DK885_RS12190	1698	exact
C600	gene_HOICKCKO_01483	DK885_RS12185	138	exact
C600	gene_HOICKCKO_01484	DK885_RS12180	216	exact
C600	gene_HOICKCKO_01485	DK885_RS12170	432	exact
C600	gene_HOICKCKO_01486	DK885_RS12165	927	exact
C600	gene_HOICKCKO_01487	DK885_RS12160	987	exact
C600	gene_HOICKCKO_01488	DK885_RS12155	897	exact
C600	gene_HOICKCKO_01489	DK885_RS12150	1023	exact
C600	gene_HOICKCKO_01490	DK885_RS12145	1551	exact
C600	gene_HOICKCKO_01491	DK885_RS12140	582	exact
C600	gene_HOICKCKO_01492	DK885_RS12135	2400	exact
C600	gene_HOICKCKO_01493	DK885_RS12130	1383	exact
C600	gene_HOICKCKO_01494	DK885_RS12125	1320	exact
C600	gene_HOICKCKO_01495	DK885_RS12120	1536	exact
C600	gene_HOICKCKO_01496	DK885_RS12115	1401	exact
C600	gene_HOICKCKO_01497	DK885_RS12110	2784	exact
C600	gene_HOICKCKO_01498	DK885_RS12105	2373	exact
C600	gene_HOICKCKO_01499	DK885_RS12100	1686	exact
C600	gene_HOICKCKO_01500	DK885_RS12095	1158	exact
C600	gene_HOICKCKO_01501	DK885_RS12090	1683	exact
C600	gene_HOICKCKO_01502	DK885_RS12085	762	exact
C600	gene_HOICKCKO_01503	DK885_RS12080	198	exact
C600	gene_HOICKCKO_01504	DK885_RS12075	2280	exact
C600	gene_HOICKCKO_01505	DK885_RS12070	915	exact
C600	gene_HOICKCKO_01506	DK885_RS12065	504	exact
C600	gene_HOICKCKO_01507	DK885_RS12060	531	exact
C600	gene_HOICKCKO_01508		1149	no exact sequence match
C600	gene_HOICKCKO_01509	DK885_RS12040	1323	exact
C600	gene_HOICKCKO_01510	DK885_RS12035	267	exact
C600	gene_HOICKCKO_01511		1401	no exact sequence match
C600	gene_HOICKCKO_01512		3978	no exact sequence match
C600	gene_HOICKCKO_01513	DK885_RS12020	1593	exact
C600	gene_HOICKCKO_01514	DK885_RS12015	954	exact
C600	gene_HOICKCKO_01515	DK885_RS12010	1536	exact
C600	gene_HOICKCKO_01516	DK885_RS12005	1029	exact
C600	gene_HOICKCKO_01517	DK885_RS12000	993	exact
C600	gene_HOICKCKO_01518	DK885_RS11995	1023	exact
C600	gene_HOICKCKO_01519	DK885_RS11990	876	exact
C600	gene_HOICKCKO_01520	DK885_RS11985	291	exact
C600	gene_HOICKCKO_01521	DK885_RS11980	759	exact
C600	gene_HOICKCKO_01522	DK885_RS11975	915	exact
C600	gene_HOICKCKO_01523	DK885_RS11965	1452	exact
C600	gene_HOICKCKO_01524		948	no exact sequence match
C600	gene_HOICKCKO_01525	DK885_RS11950	360	exact
C600	gene_HOICKCKO_01526	DK885_RS11945	927	exact
C600	gene_HOICKCKO_01527	DK885_RS11940	1389	exact
C600	gene_HOICKCKO_01528	DK885_RS11935	882	exact
C600	gene_HOICKCKO_01529	DK885_RS11930	1116	exact
C600	gene_HOICKCKO_01530	DK885_RS11925	1191	exact
C600	gene_HOICKCKO_01531	DK885_RS11920	666	exact
C600	gene_HOICKCKO_01532	DK885_RS11915	435	exact
C600	gene_HOICKCKO_01533	DK885_RS11910	384	exact
C600	gene_HOICKCKO_01534	DK885_RS11905	219	exact
C600	gene_HOICKCKO_01535	DK885_RS11900	900	exact
C600	gene_HOICKCKO_01536	DK885_RS11895	1188	exact
C600	gene_HOICKCKO_01537	DK885_RS11890	96	exact
C600	gene_HOICKCKO_01538	DK885_RS11885	891	exact
C600	gene_HOICKCKO_01539	DK885_RS11880	393	exact
C600	gene_HOICKCKO_01540	DK885_RS11875	519	exact
C600	gene_HOICKCKO_01541	DK885_RS11870	2046	exact
C600	gene_HOICKCKO_01542	DK885_RS11865	747	exact
C600	gene_HOICKCKO_01543	DK885_RS11860	687	exact
C600	gene_HOICKCKO_01544	DK885_RS11855	204	exact
C600	gene_HOICKCKO_01545	DK885_RS11850	1461	exact
C600	gene_HOICKCKO_01546	DK885_RS11845	1284	exact
C600	gene_HOICKCKO_01547	DK885_RS11840	234	exact
C600	gene_HOICKCKO_01548	DK885_RS11835	591	exact
C600	gene_HOICKCKO_01549	DK885_RS11830	576	exact
C600	gene_HOICKCKO_01550		963	no exact sequence match
C600	gene_HOICKCKO_01551	DK885_RS11820	570	exact
C600	gene_HOICKCKO_01552	DK885_RS11805	411	exact
C600	gene_HOICKCKO_01553	DK885_RS11800	174	exact
C600	gene_HOICKCKO_01554	DK885_RS11785	213	exact
C600	gene_HOICKCKO_01555	DK885_RS11780	498	exact
C600	gene_HOICKCKO_01556	DK885_RS11775	534	exact
C600	gene_HOICKCKO_01557	DK885_RS11770	312	exact
C600	gene_HOICKCKO_01558		207	no exact sequence match
C600	gene_HOICKCKO_01559		120	no exact sequence match
C600	gene_HOICKCKO_01560	DK885_RS11760	216	exact
C600	gene_HOICKCKO_01561	DK885_RS11755	213	exact
C600	gene_HOICKCKO_01562	DK885_RS11750	753	exact
C600	gene_HOICKCKO_01563		1050	no exact sequence match
C600	gene_HOICKCKO_01564	DK885_RS11735	252	exact
C600	gene_HOICKCKO_01565	DK885_RS11730	156	exact
C600	gene_HOICKCKO_01566	DK885_RS11725	288	exact
C600	gene_HOICKCKO_01567	DK885_RS11720	240	exact
C600	gene_HOICKCKO_01568	DK885_RS11710	333	exact
C600	gene_HOICKCKO_01569		228	no exact sequence match
C600	gene_HOICKCKO_01570		291	no exact sequence match
C600	gene_HOICKCKO_01571	DK885_RS11695	231	exact
C600	gene_HOICKCKO_01572	DK885_RS11690	408	exact
C600	gene_HOICKCKO_01573	DK885_RS11685	156	exact
C600	gene_HOICKCKO_01574	DK885_RS24480	129	exact
C600	gene_HOICKCKO_01575	DK885_RS11675	219	exact
C600	gene_HOICKCKO_01576		165	no exact sequence match
C600	gene_HOICKCKO_01577	DK885_RS11665	189	exact
C600	gene_HOICKCKO_01578	DK885_RS11660	192	exact
C600	gene_HOICKCKO_01579		921	no exact sequence match
C600	gene_HOICKCKO_01580		543	no exact sequence match
C600	gene_HOICKCKO_01581		1197	no exact sequence match
C600	gene_HOICKCKO_01582	DK885_RS11635	1020	exact
C600	gene_HOICKCKO_01583	DK885_RS11630	1215	exact
C600	gene_HOICKCKO_01584	DK885_RS11620	327	exact
C600	gene_HOICKCKO_01585	DK885_RS11615	342	exact
C600	gene_HOICKCKO_01586	DK885_RS11610	561	exact
C600	gene_HOICKCKO_01587		747	no exact sequence match
C600	gene_HOICKCKO_01588	DK885_RS11600	306	exact
C600	gene_HOICKCKO_01589	DK885_RS11595	2427	exact
C600	gene_HOICKCKO_01590		2397	no exact sequence match
C600	gene_HOICKCKO_01591	DK885_RS11585	618	exact
C600	gene_HOICKCKO_01592	DK885_RS11580	855	exact
C600	gene_HOICKCKO_01593	DK885_RS11575	615	exact
C600	gene_HOICKCKO_01594		1257	no exact sequence match
C600	gene_HOICKCKO_01595	DK885_RS11565	696	exact
C600	gene_HOICKCKO_01596	DK885_RS11560	1221	exact
C600	gene_HOICKCKO_01597	DK885_RS11555	894	exact
C600	gene_HOICKCKO_01598	DK885_RS11550	1254	exact
C600	gene_HOICKCKO_01599	DK885_RS11540	309	exact
C600	gene_HOICKCKO_01600	DK885_RS11530	822	exact
C600	gene_HOICKCKO_01601	DK885_RS11525	330	exact
C600	gene_HOICKCKO_01602	DK885_RS11520	366	exact
C600	gene_HOICKCKO_01603	DK885_RS11510	1035	exact
C600	gene_HOICKCKO_01604	DK885_RS11505	1389	exact
C600	gene_HOICKCKO_01605	DK885_RS11500	1533	exact
C600	gene_HOICKCKO_01606	DK885_RS11495	945	exact
C600	gene_HOICKCKO_01607	DK885_RS11485	1383	exact
C600	gene_HOICKCKO_01608	DK885_RS11480	723	exact
C600	gene_HOICKCKO_01609	DK885_RS11475	336	exact
C600	gene_HOICKCKO_01610	DK885_RS11470	720	exact
C600	gene_HOICKCKO_01611	DK885_RS11465	1302	exact
C600	gene_HOICKCKO_01612	DK885_RS11460	930	exact
C600	gene_HOICKCKO_01613	DK885_RS11455	1404	exact
C600	gene_HOICKCKO_01614	DK885_RS11450	1647	exact
C600	gene_HOICKCKO_01615	DK885_RS11445	1176	exact
C600	gene_HOICKCKO_01616	DK885_RS11440	1509	exact
C600	gene_HOICKCKO_01617		96	no exact sequence match
C600	gene_HOICKCKO_01618	DK885_RS11435	1266	exact
C600	gene_HOICKCKO_01619	DK885_RS11430	1374	exact
C600	gene_HOICKCKO_01620	DK885_RS11425	1812	exact
C600	gene_HOICKCKO_01621		579	no exact sequence match
C600	gene_HOICKCKO_01622	DK885_RS11415	768	exact
C600	gene_HOICKCKO_01623	DK885_RS11410	1029	exact
C600	gene_HOICKCKO_01624	DK885_RS11405	1593	exact
C600	gene_HOICKCKO_01625	DK885_RS11400	1173	exact
C600	gene_HOICKCKO_01626	DK885_RS11395	1002	exact
C600	gene_HOICKCKO_01627	DK885_RS11390	1041	exact
C600	gene_HOICKCKO_01628	DK885_RS11375	216	exact
C600	gene_HOICKCKO_01629	DK885_RS11370	441	exact
C600	gene_HOICKCKO_01630	DK885_RS11365	582	exact
C600	gene_HOICKCKO_01631	DK885_RS11360	579	exact
C600	gene_HOICKCKO_01632	DK885_RS11355	2223	exact
C600	gene_HOICKCKO_01633	DK885_RS11350	1059	exact
C600	gene_HOICKCKO_01634	DK885_RS11345	621	exact
C600	gene_HOICKCKO_01635	DK885_RS11340	696	exact
C600	gene_HOICKCKO_01636	DK885_RS11335	636	exact
C600	gene_HOICKCKO_01637		201	no exact sequence match
C600	gene_HOICKCKO_01638	DK885_RS11325	1503	exact
C600	gene_HOICKCKO_01639	DK885_RS11320	606	exact
C600	gene_HOICKCKO_01640		861	no exact sequence match
C600	gene_HOICKCKO_01641	DK885_RS11310	1275	exact
C600	gene_HOICKCKO_01642	DK885_RS11305	657	exact
C600	gene_HOICKCKO_01643		324	no exact sequence match
C600	gene_HOICKCKO_01644	DK885_RS11295	1110	exact
C600	gene_HOICKCKO_01645	DK885_RS11290	468	exact
C600	gene_HOICKCKO_01646	DK885_RS11285	435	exact
C600	gene_HOICKCKO_01647	DK885_RS11280	237	exact
C600	gene_HOICKCKO_01648	DK885_RS11275	858	exact
C600	gene_HOICKCKO_01649	DK885_RS11270	2013	exact
C600	gene_HOICKCKO_01650	DK885_RS11265	522	exact
C600	gene_HOICKCKO_01651	DK885_RS11260	897	exact
C600	gene_HOICKCKO_01652	DK885_RS11255	240	exact
C600	gene_HOICKCKO_01653	DK885_RS11250	600	exact
C600	gene_HOICKCKO_01654	DK885_RS11245	1098	exact
C600	gene_HOICKCKO_01655	DK885_RS11240	408	exact
C600	gene_HOICKCKO_01656	DK885_RS11235	648	exact
C600	gene_HOICKCKO_01657	DK885_RS11230	4617	exact
C600	gene_HOICKCKO_01658	DK885_RS11225	348	exact
C600	gene_HOICKCKO_01659	DK885_RS11220	816	exact
C600	gene_HOICKCKO_01660	DK885_RS11215	582	exact
C600	gene_HOICKCKO_01661	DK885_RS11210	1170	exact
C600	gene_HOICKCKO_01662	DK885_RS11205	90	exact
C600	gene_HOICKCKO_01663	DK885_RS11195	1026	exact
C600	gene_HOICKCKO_01664	DK885_RS11190	933	exact
C600	gene_HOICKCKO_01665	DK885_RS11185	1212	exact
C600	gene_HOICKCKO_01666	DK885_RS11180	1149	exact
C600	gene_HOICKCKO_01667	DK885_RS11175	642	exact
C600	gene_HOICKCKO_01668	DK885_RS11170	1374	exact
C600	gene_HOICKCKO_01669	DK885_RS11165	1257	exact
C600	gene_HOICKCKO_01672	DK885_RS11150	306	exact
C600	gene_HOICKCKO_01673	DK885_RS11145	1605	exact
C600	gene_HOICKCKO_01674		765	no exact sequence match
C600	gene_HOICKCKO_01675	DK885_RS11135	786	exact
C600	gene_HOICKCKO_01676	DK885_RS11130	669	exact
C600	gene_HOICKCKO_01677	DK885_RS11125	639	exact
C600	gene_HOICKCKO_01678	DK885_RS11120	2103	exact
C600	gene_HOICKCKO_01679	DK885_RS11115	627	exact
C600	gene_HOICKCKO_01680	DK885_RS11110	210	exact
C600	gene_HOICKCKO_01681	DK885_RS11105	1413	exact
C600	gene_HOICKCKO_01682	DK885_RS11100	237	exact
C600	gene_HOICKCKO_01683	DK885_RS11095	1005	exact
C600	gene_HOICKCKO_01684	DK885_RS11090	417	exact
C600	gene_HOICKCKO_01685	DK885_RS11085	1221	exact
C600	gene_HOICKCKO_01686	DK885_RS11080	1272	exact
C600	gene_HOICKCKO_01687	DK885_RS11075	747	exact
C600	gene_HOICKCKO_01688	DK885_RS11070	1488	exact
C600	gene_HOICKCKO_01689	DK885_RS11065	369	exact
C600	gene_HOICKCKO_01690	DK885_RS11060	189	exact
C600	gene_HOICKCKO_01691	DK885_RS11055	411	exact
C600	gene_HOICKCKO_01692	DK885_RS11050	3057	exact
C600	gene_HOICKCKO_01693	DK885_RS11040	1113	exact
C600	gene_HOICKCKO_01694	DK885_RS11030	357	exact
C600	gene_HOICKCKO_01695	DK885_RS11025	1215	exact
C600	gene_HOICKCKO_01696	DK885_RS11020	1266	exact
C600	gene_HOICKCKO_01697	DK885_RS11015	867	exact
C600	gene_HOICKCKO_01698	DK885_RS11010	759	exact
C600	gene_HOICKCKO_01699	DK885_RS11005	1596	exact
C600	gene_HOICKCKO_01700	DK885_RS11000	1152	exact
C600	gene_HOICKCKO_01701	DK885_RS10995	912	exact
C600	gene_HOICKCKO_01702		177	no exact sequence match
C600	gene_HOICKCKO_01703	DK885_RS10985	765	exact
C600	gene_HOICKCKO_01704	DK885_RS10980	939	exact
C600	gene_HOICKCKO_01705	DK885_RS10975	1290	exact
C600	gene_HOICKCKO_01706	DK885_RS10970	294	exact
C600	gene_HOICKCKO_01707	DK885_RS10965	1647	exact
C600	gene_HOICKCKO_01708	DK885_RS10960	2379	exact
C600	gene_HOICKCKO_01709	DK885_RS10950	834	exact
C600	gene_HOICKCKO_01710	DK885_RS10945	1047	exact
C600	gene_HOICKCKO_01711	DK885_RS10940	192	exact
C600	gene_HOICKCKO_01712	DK885_RS10935	1437	exact
C600	gene_HOICKCKO_01713	DK885_RS10930	714	exact
C600	gene_HOICKCKO_01714	DK885_RS10925	465	exact
C600	gene_HOICKCKO_01715	DK885_RS10920	750	exact
C600	gene_HOICKCKO_01716	DK885_RS10915	552	exact
C600	gene_HOICKCKO_01717	DK885_RS10910	981	exact
C600	gene_HOICKCKO_01718	DK885_RS10905	300	exact
C600	gene_HOICKCKO_01719	DK885_RS10900	2388	exact
C600	gene_HOICKCKO_01720	DK885_RS10895	984	exact
C600	gene_HOICKCKO_01721	DK885_RS10885	357	exact
C600	gene_HOICKCKO_01722	DK885_RS10880	198	exact
C600	gene_HOICKCKO_01723		435	no exact sequence match
C600	gene_HOICKCKO_01724	DK885_RS10870	1929	exact
C600	gene_HOICKCKO_01725		474	no exact sequence match
C600	gene_HOICKCKO_01726		807	no exact sequence match
C600	gene_HOICKCKO_01727	DK885_RS10855	108	exact
C600	gene_HOICKCKO_01728	DK885_RS10850	759	exact
C600	gene_HOICKCKO_01729	DK885_RS10845	930	exact
C600	gene_HOICKCKO_01730	DK885_RS10840	291	exact
C600	gene_HOICKCKO_01731	DK885_RS10835	861	exact
C600	gene_HOICKCKO_01732	DK885_RS10830	537	exact
C600	gene_HOICKCKO_01733	DK885_RS10825	669	exact
C600	gene_HOICKCKO_01734	DK885_RS10820	591	exact
C600	gene_HOICKCKO_01735	DK885_RS10815	1392	exact
C600	gene_HOICKCKO_01736	DK885_RS10810	804	exact
C600	gene_HOICKCKO_01737	DK885_RS10805	264	exact
C600	gene_HOICKCKO_01738	DK885_RS10800	2262	exact
C600	gene_HOICKCKO_01739	DK885_RS10795	750	exact
C600	gene_HOICKCKO_01740	DK885_RS10790	1353	exact
C600	gene_HOICKCKO_01741		840	no exact sequence match
C600	gene_HOICKCKO_01742	DK885_RS10780	351	exact
C600	gene_HOICKCKO_01743	DK885_RS10775	1359	exact
C600	gene_HOICKCKO_01744	DK885_RS10770	321	exact
C600	gene_HOICKCKO_01745	DK885_RS10760	339	exact
C600	gene_HOICKCKO_01746	DK885_RS10755	828	exact
C600	gene_HOICKCKO_01747	DK885_RS10750	888	exact
C600	gene_HOICKCKO_01748	DK885_RS10745	576	exact
C600	gene_HOICKCKO_01749	DK885_RS10740	486	exact
C600	gene_HOICKCKO_01750	DK885_RS10735	969	exact
C600	gene_HOICKCKO_01751	DK885_RS10730	1344	exact
C600	gene_HOICKCKO_01752	DK885_RS10725	1479	exact
C600	gene_HOICKCKO_01753		1035	no exact sequence match
C600	gene_HOICKCKO_01754	DK885_RS10715	1221	exact
C600	gene_HOICKCKO_01755	DK885_RS10705	807	exact
C600	gene_HOICKCKO_01756	DK885_RS10700	711	exact
C600	gene_HOICKCKO_01757	DK885_RS10695	678	exact
C600	gene_HOICKCKO_01758	DK885_RS10690	708	exact
C600	gene_HOICKCKO_01759	DK885_RS10685	549	exact
C600	gene_HOICKCKO_01760	DK885_RS10680	1167	exact
C600	gene_HOICKCKO_01761	DK885_RS10675	1536	exact
C600	gene_HOICKCKO_01762	DK885_RS10670	654	exact
C600	gene_HOICKCKO_01763	DK885_RS10665	1308	exact
C600	gene_HOICKCKO_01764	DK885_RS10660	621	exact
C600	gene_HOICKCKO_01765	DK885_RS10655	408	exact
C600	gene_HOICKCKO_01766	DK885_RS10650	273	exact
C600	gene_HOICKCKO_01767	DK885_RS10645	1344	exact
C600	gene_HOICKCKO_01768	DK885_RS10640	1041	exact
C600	gene_HOICKCKO_01769	DK885_RS10635	1962	exact
C600	gene_HOICKCKO_01770	DK885_RS10630	1044	exact
C600	gene_HOICKCKO_01771	DK885_RS10620	552	exact
C600	gene_HOICKCKO_01772	DK885_RS10610	1857	exact
C600	gene_HOICKCKO_01773	DK885_RS10605	1017	exact
C600	gene_HOICKCKO_01774	DK885_RS10600	642	exact
C600	gene_HOICKCKO_01775	DK885_RS10595	1359	exact
C600	gene_HOICKCKO_01776	DK885_RS10590	759	exact
C600	gene_HOICKCKO_01777	DK885_RS10585	981	exact
C600	gene_HOICKCKO_01778	DK885_RS10580	948	exact
C600	gene_HOICKCKO_01779	DK885_RS10575	837	exact
C600	gene_HOICKCKO_01780	DK885_RS10570	1044	exact
C600	gene_HOICKCKO_01781	DK885_RS10565	1380	exact
C600	gene_HOICKCKO_01782	DK885_RS10560	1077	exact
C600	gene_HOICKCKO_01783	DK885_RS10555	273	exact
C600	gene_HOICKCKO_01784	DK885_RS10550	414	exact
C600	gene_HOICKCKO_01785	DK885_RS10545	996	exact
C600	gene_HOICKCKO_01786	DK885_RS10540	885	exact
C600	gene_HOICKCKO_01787	DK885_RS10535	855	exact
C600	gene_HOICKCKO_01788	DK885_RS10530	747	exact
C600	gene_HOICKCKO_01789	DK885_RS10525	1935	exact
C600	gene_HOICKCKO_01790	DK885_RS10520	1284	exact
C600	gene_HOICKCKO_01791	DK885_RS10515	1476	exact
C600	gene_HOICKCKO_01792	DK885_RS10510	1491	exact
C600	gene_HOICKCKO_01793	DK885_RS10505	504	exact
C600	gene_HOICKCKO_01794	DK885_RS10495	447	exact
C600	gene_HOICKCKO_01795		819	no exact sequence match
C600	gene_HOICKCKO_01796	DK885_RS10485	1182	exact
C600	gene_HOICKCKO_01797	DK885_RS10480	348	exact
C600	gene_HOICKCKO_01798	DK885_RS10475	255	exact
C600	gene_HOICKCKO_01799	DK885_RS10470	1026	exact
C600	gene_HOICKCKO_01800	DK885_RS10455	249	exact
C600	gene_HOICKCKO_01801	DK885_RS10450	183	exact
C600	gene_HOICKCKO_01802	DK885_RS10445	360	exact
C600	gene_HOICKCKO_01803	DK885_RS10440	639	exact
C600	gene_HOICKCKO_01804	DK885_RS10435	924	exact
C600	gene_HOICKCKO_01805	DK885_RS10430	1086	exact
C600	gene_HOICKCKO_01806		1431	no exact sequence match
C600	gene_HOICKCKO_01807	DK885_RS10420	1125	exact
C600	gene_HOICKCKO_01808	DK885_RS10415	966	exact
C600	gene_HOICKCKO_01809	DK885_RS10410	1116	exact
C600	gene_HOICKCKO_01810		1752	no exact sequence match
C600	gene_HOICKCKO_01811	DK885_RS10400	582	exact
C600	gene_HOICKCKO_01812	DK885_RS10395	696	exact
C600	gene_HOICKCKO_01813	DK885_RS10390	1911	exact
C600	gene_HOICKCKO_01814		348	no exact sequence match
C600	gene_HOICKCKO_01815	DK885_RS10380	300	exact
C600	gene_HOICKCKO_01816	DK885_RS10375	180	exact
C600	gene_HOICKCKO_01817		1362	no exact sequence match
C600	gene_HOICKCKO_01818	DK885_RS10365	579	exact
C600	gene_HOICKCKO_01819	DK885_RS10360	1365	exact
C600	gene_HOICKCKO_01820	DK885_RS10355	1599	exact
C600	gene_HOICKCKO_01821	DK885_RS10350	1557	exact
C600	gene_HOICKCKO_01822	DK885_RS10335	972	exact
C600	gene_HOICKCKO_01823	DK885_RS10330	801	exact
C600	gene_HOICKCKO_01824	DK885_RS10325	852	exact
C600	gene_HOICKCKO_01825	DK885_RS10320	459	exact
C600	gene_HOICKCKO_01826	DK885_RS10310	567	exact
C600	gene_HOICKCKO_01827	DK885_RS10305	810	exact
C600	gene_HOICKCKO_01828	DK885_RS10300	210	exact
C600	gene_HOICKCKO_01829	DK885_RS10285	288	exact
C600	gene_HOICKCKO_01830	DK885_RS10275	240	exact
C600	gene_HOICKCKO_01831	DK885_RS10270	792	exact
C600	gene_HOICKCKO_01832	DK885_RS10265	1374	exact
C600	gene_HOICKCKO_01833	DK885_RS10260	882	exact
C600	gene_HOICKCKO_01834	DK885_RS10255	2049	exact
C600	gene_HOICKCKO_01835	DK885_RS10250	699	exact
C600	gene_HOICKCKO_01836		552	no exact sequence match
C600	gene_HOICKCKO_01837	DK885_RS10240	1284	exact
C600	gene_HOICKCKO_01838	DK885_RS10235	2634	exact
C600	gene_HOICKCKO_01839		1446	no exact sequence match
C600	gene_HOICKCKO_01840	DK885_RS10225	237	exact
C600	gene_HOICKCKO_01841		276	no exact sequence match
C600	gene_HOICKCKO_01842	DK885_RS10215	657	exact
C600	gene_HOICKCKO_01843	DK885_RS10210	342	exact
C600	gene_HOICKCKO_01844	DK885_RS10205	873	exact
C600	gene_HOICKCKO_01845	DK885_RS10200	375	exact
C600	gene_HOICKCKO_01846	DK885_RS10195	231	exact
C600	gene_HOICKCKO_01847	DK885_RS10190	657	exact
C600	gene_HOICKCKO_01848	DK885_RS10185	663	exact
C600	gene_HOICKCKO_01849	DK885_RS10180	2061	exact
C600	gene_HOICKCKO_01850	DK885_RS10175	660	exact
C600	gene_HOICKCKO_01851		111	no exact sequence match
C600	gene_HOICKCKO_01852	DK885_RS10170	357	exact
C600	gene_HOICKCKO_01853	DK885_RS10165	291	exact
C600	gene_HOICKCKO_01854	DK885_RS10160	1179	exact
C600	gene_HOICKCKO_01855	DK885_RS10155	642	exact
C600	gene_HOICKCKO_01856	DK885_RS10150	1812	exact
C600	gene_HOICKCKO_01857	DK885_RS10145	1476	exact
C600	gene_HOICKCKO_01858		150	no exact sequence match
C600	gene_HOICKCKO_01859	DK885_RS10140	870	exact
C600	gene_HOICKCKO_01860	DK885_RS10135	1443	exact
C600	gene_HOICKCKO_01861	DK885_RS10130	972	exact
C600	gene_HOICKCKO_01862	DK885_RS10125	1323	exact
C600	gene_HOICKCKO_01863		987	no exact sequence match
C600	gene_HOICKCKO_01864	DK885_RS10115	756	exact
C600	gene_HOICKCKO_01865	DK885_RS10110	786	exact
C600	gene_HOICKCKO_01866	DK885_RS10105	1011	exact
C600	gene_HOICKCKO_01867	DK885_RS10100	612	exact
C600	gene_HOICKCKO_01868	DK885_RS10090	603	exact
C600	gene_HOICKCKO_01869	DK885_RS10085	522	exact
C600	gene_HOICKCKO_01870	DK885_RS10080	741	exact
C600	gene_HOICKCKO_01871		510	no exact sequence match
C600	gene_HOICKCKO_01872	DK885_RS10070	1773	exact
C600	gene_HOICKCKO_01873	DK885_RS10065	567	exact
C600	gene_HOICKCKO_01874	DK885_RS10060	819	exact
C600	gene_HOICKCKO_01875	DK885_RS10055	396	exact
C600	gene_HOICKCKO_01876	DK885_RS10050	744	exact
C600	gene_HOICKCKO_01877	DK885_RS10045	972	exact
C600	gene_HOICKCKO_01878	DK885_RS10040	2430	exact
C600	gene_HOICKCKO_01879	DK885_RS10035	1101	exact
C600	gene_HOICKCKO_01880	DK885_RS10030	747	exact
C600	gene_HOICKCKO_01881	DK885_RS10025	567	exact
C600	gene_HOICKCKO_01882	DK885_RS10015	1734	exact
C600	gene_HOICKCKO_01883	DK885_RS10010	489	exact
C600	gene_HOICKCKO_01884	DK885_RS10005	393	exact
C600	gene_HOICKCKO_01885	DK885_RS10000	2079	exact
C600	gene_HOICKCKO_01886	DK885_RS09995	1149	exact
C600	gene_HOICKCKO_01887	DK885_RS09990	645	exact
C600	gene_HOICKCKO_01888	DK885_RS09985	390	exact
C600	gene_HOICKCKO_01889	DK885_RS09980	1050	exact
C600	gene_HOICKCKO_01890	DK885_RS09975	861	exact
C600	gene_HOICKCKO_01891	DK885_RS09970	1602	exact
C600	gene_HOICKCKO_01892	DK885_RS09965	1662	exact
C600	gene_HOICKCKO_01893	DK885_RS09960	504	exact
C600	gene_HOICKCKO_01894	DK885_RS09955	1965	exact
C600	gene_HOICKCKO_01895	DK885_RS09950	927	exact
C600	gene_HOICKCKO_01896	DK885_RS09945	888	exact
C600	gene_HOICKCKO_01897	DK885_RS09940	579	exact
C600	gene_HOICKCKO_01898	DK885_RS09935	351	exact
C600	gene_HOICKCKO_01899		378	no exact sequence match
C600	gene_HOICKCKO_01900		276	no exact sequence match
C600	gene_HOICKCKO_01901	DK885_RS09930	429	exact
C600	gene_HOICKCKO_01902	DK885_RS09925	1425	exact
C600	gene_HOICKCKO_01903	DK885_RS09920	801	exact
C600	gene_HOICKCKO_01904	DK885_RS09915	987	exact
C600	gene_HOICKCKO_01905	DK885_RS09910	1515	exact
C600	gene_HOICKCKO_01906	DK885_RS09905	990	exact
C600	gene_HOICKCKO_01907	DK885_RS09895	504	exact
C600	gene_HOICKCKO_01908	DK885_RS09890	252	exact
C600	gene_HOICKCKO_01909	DK885_RS09880	324	exact
C600	gene_HOICKCKO_01910	DK885_RS09875	498	exact
C600	gene_HOICKCKO_01911	DK885_RS09870	240	exact
C600	gene_HOICKCKO_01912	DK885_RS09865	1212	exact
C600	gene_HOICKCKO_01913	DK885_RS09860	666	exact
C600	gene_HOICKCKO_01917	DK885_RS09840	549	exact
C600	gene_HOICKCKO_01918	DK885_RS09835	1833	exact
C600	gene_HOICKCKO_01919	DK885_RS09830	657	exact
C600	gene_HOICKCKO_01920	DK885_RS09825	225	exact
C600	gene_HOICKCKO_01921	DK885_RS09820	723	exact
C600	gene_HOICKCKO_01922	DK885_RS09815	753	exact
C600	gene_HOICKCKO_01923	DK885_RS09810	669	exact
C600	gene_HOICKCKO_01924	DK885_RS09805	987	exact
C600	gene_HOICKCKO_01925		858	no exact sequence match
C600	gene_HOICKCKO_01926	DK885_RS09795	552	exact
C600	gene_HOICKCKO_01927	DK885_RS09790	720	exact
C600	gene_HOICKCKO_01928	DK885_RS09785	1497	exact
C600	gene_HOICKCKO_01929	DK885_RS09775	1407	exact
C600	gene_HOICKCKO_01930	DK885_RS09770	411	exact
C600	gene_HOICKCKO_01931	DK885_RS09765	366	exact
C600	gene_HOICKCKO_01932	DK885_RS09760	1488	exact
C600	gene_HOICKCKO_01933	DK885_RS09755	414	exact
C600	gene_HOICKCKO_01934	DK885_RS09745	1206	exact
C600	gene_HOICKCKO_01935	DK885_RS09740	234	exact
C600	gene_HOICKCKO_01936	DK885_RS09735	669	exact
C600	gene_HOICKCKO_01937	DK885_RS09730	480	exact
C600	gene_HOICKCKO_01938		192	no exact sequence match
C600	gene_HOICKCKO_01939		351	no exact sequence match
C600	gene_HOICKCKO_01940	DK885_RS09705	315	exact
C600	gene_HOICKCKO_01941	DK885_RS09700	1659	exact
C600	gene_HOICKCKO_01942	DK885_RS09695	996	exact
C600	gene_HOICKCKO_01943	DK885_RS09690	687	exact
C600	gene_HOICKCKO_01944	DK885_RS09685	1374	exact
C600	gene_HOICKCKO_01945	DK885_RS09680	444	exact
C600	gene_HOICKCKO_01946	DK885_RS09675	1128	exact
C600	gene_HOICKCKO_01947	DK885_RS09670	465	exact
C600	gene_HOICKCKO_01948	DK885_RS09665	1005	exact
C600	gene_HOICKCKO_01949	DK885_RS09660	414	exact
C600	gene_HOICKCKO_01950	DK885_RS09655	366	exact
C600	gene_HOICKCKO_01951	DK885_RS09650	738	exact
C600	gene_HOICKCKO_01952	DK885_RS09645	270	exact
C600	gene_HOICKCKO_01953	DK885_RS09640	786	exact
C600	gene_HOICKCKO_01954	DK885_RS09635	624	exact
C600	gene_HOICKCKO_01955	DK885_RS09630	189	exact
C600	gene_HOICKCKO_01956	DK885_RS09625	228	exact
C600	gene_HOICKCKO_01957	DK885_RS09620	816	exact
C600	gene_HOICKCKO_01958	DK885_RS09615	1695	exact
C600	gene_HOICKCKO_01959	DK885_RS09605	183	exact
C600	gene_HOICKCKO_01960	DK885_RS09600	918	exact
C600	gene_HOICKCKO_01961	DK885_RS09595	921	exact
C600	gene_HOICKCKO_01962	DK885_RS09590	471	exact
C600	gene_HOICKCKO_01963	DK885_RS09585	1419	exact
C600	gene_HOICKCKO_01964	DK885_RS09580	696	exact
C600	gene_HOICKCKO_01965		303	no exact sequence match
C600	gene_HOICKCKO_01966		486	no exact sequence match
C600	gene_HOICKCKO_01967		93	no exact sequence match
C600	gene_HOICKCKO_01968		390	no exact sequence match
C600	gene_HOICKCKO_01969	DK885_RS09560	852	exact
C600	gene_HOICKCKO_01970	DK885_RS09555	1359	exact
C600	gene_HOICKCKO_01971		783	no exact sequence match
C600	gene_HOICKCKO_01972	DK885_RS09545	414	exact
C600	gene_HOICKCKO_01973		1005	no exact sequence match
C600	gene_HOICKCKO_01974	DK885_RS09535	636	exact
C600	gene_HOICKCKO_01975	DK885_RS09530	651	exact
C600	gene_HOICKCKO_01976	DK885_RS09525	531	exact
C600	gene_HOICKCKO_01978	DK885_RS09510	798	exact
C600	gene_HOICKCKO_01980		150	no exact sequence match
C600	gene_HOICKCKO_01981		7104	no exact sequence match
C600	gene_HOICKCKO_01982		705	no exact sequence match
C600	gene_HOICKCKO_01983	DK885_RS09490	1317	exact
C600	gene_HOICKCKO_01984	DK885_RS09485	1455	exact
C600	gene_HOICKCKO_01985	DK885_RS09480	717	exact
C600	gene_HOICKCKO_01987		1455	no exact sequence match
C600	gene_HOICKCKO_01989	DK885_RS09450	951	exact
C600	gene_HOICKCKO_01990	DK885_RS09445	918	exact
C600	gene_HOICKCKO_01992	DK885_RS09435	936	exact
C600	gene_HOICKCKO_01993	DK885_RS09430	1080	exact
C600	gene_HOICKCKO_01994	DK885_RS09425	744	exact
C600	gene_HOICKCKO_01995		543	no exact sequence match
C600	gene_HOICKCKO_01996	DK885_RS09410	981	exact
C600	gene_HOICKCKO_01997		393	no exact sequence match
C600	gene_HOICKCKO_01998		906	no exact sequence match
C600	gene_HOICKCKO_01999		366	no exact sequence match
C600	gene_HOICKCKO_02000		711	no exact sequence match
C600	gene_HOICKCKO_02001	DK885_RS09370	3120	exact
C600	gene_HOICKCKO_02002	DK885_RS09365	1533	exact
C600	gene_HOICKCKO_02003	DK885_RS09360	447	exact
C600	gene_HOICKCKO_02004	DK885_RS09355	222	exact
C600	gene_HOICKCKO_02005	DK885_RS09350	369	exact
C600	gene_HOICKCKO_02006	DK885_RS09345	375	exact
C600	gene_HOICKCKO_02007	DK885_RS09340	195	exact
C600	gene_HOICKCKO_02008	DK885_RS09320	330	exact
C600	gene_HOICKCKO_02009	DK885_RS09315	1059	exact
C600	gene_HOICKCKO_02010	DK885_RS09310	474	exact
C600	gene_HOICKCKO_02011	DK885_RS09305	1167	exact
C600	gene_HOICKCKO_02012	DK885_RS09300	1428	exact
C600	gene_HOICKCKO_02013	DK885_RS09295	228	exact
C600	gene_HOICKCKO_02014		1005	no exact sequence match
C600	gene_HOICKCKO_02015	DK885_RS09285	1359	exact
C600	gene_HOICKCKO_02016		951	no exact sequence match
C600	gene_HOICKCKO_02017	DK885_RS09270	825	exact
C600	gene_HOICKCKO_02018	DK885_RS09265	255	exact
C600	gene_HOICKCKO_02019	DK885_RS09260	252	exact
C600	gene_HOICKCKO_02020	DK885_RS09245	900	exact
C600	gene_HOICKCKO_02021	DK885_RS09240	1305	exact
C600	gene_HOICKCKO_02022	DK885_RS09235	1071	exact
C600	gene_HOICKCKO_02023	DK885_RS09230	1068	exact
C600	gene_HOICKCKO_02024	DK885_RS09225	591	exact
C600	gene_HOICKCKO_02025	DK885_RS09220	738	exact
C600	gene_HOICKCKO_02026	DK885_RS09215	777	exact
C600	gene_HOICKCKO_02027	DK885_RS09210	612	exact
C600	gene_HOICKCKO_02028	DK885_RS09205	981	exact
C600	gene_HOICKCKO_02029	DK885_RS09200	1167	exact
C600	gene_HOICKCKO_02030	DK885_RS09195	1407	exact
C600	gene_HOICKCKO_02031		282	no exact sequence match
C600	gene_HOICKCKO_02032	DK885_RS01350;DK885_RS02885;DK885_RS04165;DK885_RS08270;DK885_RS09185;DK885_RS13010;DK885_RS16725;DK885_RS17340;DK885_RS18605	981	exact
C600	gene_HOICKCKO_02033		474	no exact sequence match
C600	gene_HOICKCKO_02034	DK885_RS09170	1119	exact
C600	gene_HOICKCKO_02035	DK885_RS09165	591	exact
C600	gene_HOICKCKO_02036	DK885_RS09160	993	exact
C600	gene_HOICKCKO_02037	DK885_RS09155	1167	exact
C600	gene_HOICKCKO_02038	DK885_RS09150	1104	exact
C600	gene_HOICKCKO_02039	DK885_RS09145	1248	exact
C600	gene_HOICKCKO_02040	DK885_RS09140	558	exact
C600	gene_HOICKCKO_02041	DK885_RS09135	882	exact
C600	gene_HOICKCKO_02042		900	no exact sequence match
C600	gene_HOICKCKO_02043	DK885_RS09125	1086	exact
C600	gene_HOICKCKO_02044	DK885_RS09115	894	exact
C600	gene_HOICKCKO_02045	DK885_RS09110	1395	exact
C600	gene_HOICKCKO_02046	DK885_RS09105	1221	exact
C600	gene_HOICKCKO_02047	DK885_RS09100	1281	exact
C600	gene_HOICKCKO_02048	DK885_RS09095	1479	exact
C600	gene_HOICKCKO_02049	DK885_RS09090	1395	exact
C600	gene_HOICKCKO_02050	DK885_RS09085	1371	exact
C600	gene_HOICKCKO_02051	DK885_RS09080	1437	exact
C600	gene_HOICKCKO_02052	DK885_RS09075	1224	exact
C600	gene_HOICKCKO_02053		483	no exact sequence match
C600	gene_HOICKCKO_02054	DK885_RS09065	966	exact
C600	gene_HOICKCKO_02055	DK885_RS09060	1122	exact
C600	gene_HOICKCKO_02056	DK885_RS09055	549	exact
C600	gene_HOICKCKO_02057	DK885_RS09050	747	exact
C600	gene_HOICKCKO_02058	DK885_RS09045	1218	exact
C600	gene_HOICKCKO_02059	DK885_RS09040	1218	exact
C600	gene_HOICKCKO_02060	DK885_RS09035	489	exact
C600	gene_HOICKCKO_02061	DK885_RS09030	840	exact
C600	gene_HOICKCKO_02062	DK885_RS09025	2163	exact
C600	gene_HOICKCKO_02063	DK885_RS09020	444	exact
C600	gene_HOICKCKO_02064	DK885_RS09015	1140	exact
C600	gene_HOICKCKO_02065	DK885_RS09010	1584	exact
C600	gene_HOICKCKO_02066	DK885_RS09005	1854	exact
C600	gene_HOICKCKO_02067	DK885_RS09000	582	exact
C600	gene_HOICKCKO_02068	DK885_RS08995	642	exact
C600	gene_HOICKCKO_02069	DK885_RS08990	3318	exact
C600	gene_HOICKCKO_02070	DK885_RS08985	849	exact
C600	gene_HOICKCKO_02071	DK885_RS08975	1353	exact
C600	gene_HOICKCKO_02072	DK885_RS08970	1947	exact
C600	gene_HOICKCKO_02073	DK885_RS08965	462	exact
C600	gene_HOICKCKO_02074		681	no exact sequence match
C600	gene_HOICKCKO_02075	DK885_RS08955	660	exact
C600	gene_HOICKCKO_02076		147	no exact sequence match
C600	gene_HOICKCKO_02077	DK885_RS08940	1248	exact
C600	gene_HOICKCKO_02078	DK885_RS08935	3123	exact
C600	gene_HOICKCKO_02079	DK885_RS08930	3078	exact
C600	gene_HOICKCKO_02080	DK885_RS08925	1416	exact
C600	gene_HOICKCKO_02081	DK885_RS08920	1404	exact
C600	gene_HOICKCKO_02082	DK885_RS08915	723	exact
C600	gene_HOICKCKO_02083	DK885_RS08910	333	exact
C600	gene_HOICKCKO_02084	DK885_RS08905	1362	exact
C600	gene_HOICKCKO_02085	DK885_RS08900	219	exact
C600	gene_HOICKCKO_02086	DK885_RS08885	318	exact
C600	gene_HOICKCKO_02087	DK885_RS08880	900	exact
C600	gene_HOICKCKO_02088		447	no exact sequence match
C600	gene_HOICKCKO_02089		300	no exact sequence match
C600	gene_HOICKCKO_02090		867	no exact sequence match
C600	gene_HOICKCKO_02091		339	no exact sequence match
C600	gene_HOICKCKO_02092	DK885_RS08860	1041	exact
C600	gene_HOICKCKO_02093		441	no exact sequence match
C600	gene_HOICKCKO_02094		936	no exact sequence match
C600	gene_HOICKCKO_02095	DK885_RS08850	285	exact
C600	gene_HOICKCKO_02096	DK885_RS08845	453	exact
C600	gene_HOICKCKO_02097		1263	no exact sequence match
C600	gene_HOICKCKO_02098	DK885_RS08820	855	exact
C600	gene_HOICKCKO_02099	DK885_RS08815	1053	exact
C600	gene_HOICKCKO_02100	DK885_RS08810	1278	exact
C600	gene_HOICKCKO_02101	DK885_RS08805	1005	exact
C600	gene_HOICKCKO_02102	DK885_RS08800	966	exact
C600	gene_HOICKCKO_02103	DK885_RS08795	747	exact
C600	gene_HOICKCKO_02104	DK885_RS08790	819	exact
C600	gene_HOICKCKO_02105	DK885_RS08785	801	exact
C600	gene_HOICKCKO_02106	DK885_RS08780	789	exact
C600	gene_HOICKCKO_02107	DK885_RS08775	273	exact
C600	gene_HOICKCKO_02108	DK885_RS08770	825	exact
C600	gene_HOICKCKO_02109	DK885_RS08765	339	exact
C600	gene_HOICKCKO_02110	DK885_RS08760	1035	exact
C600	gene_HOICKCKO_02111	DK885_RS08755	2481	exact
C600	gene_HOICKCKO_02112	DK885_RS08750	675	exact
C600	gene_HOICKCKO_02113	DK885_RS08745	543	exact
C600	gene_HOICKCKO_02114	DK885_RS08735	282	exact
C600	gene_HOICKCKO_02115	DK885_RS08730	1110	exact
C600	gene_HOICKCKO_02116	DK885_RS08725	2034	exact
C600	gene_HOICKCKO_02117		825	no exact sequence match
C600	gene_HOICKCKO_02118		1938	no exact sequence match
C600	gene_HOICKCKO_02119		960	no exact sequence match
C600	gene_HOICKCKO_02120	DK885_RS08705	3633	exact
C600	gene_HOICKCKO_02121	DK885_RS08700	318	exact
C600	gene_HOICKCKO_02122	DK885_RS08695	1089	exact
C600	gene_HOICKCKO_02123	DK885_RS08690	2280	exact
C600	gene_HOICKCKO_02124	DK885_RS08685	1137	exact
C600	gene_HOICKCKO_02125		1845	no exact sequence match
C600	gene_HOICKCKO_02126	DK885_RS08675	462	exact
C600	gene_HOICKCKO_02127	DK885_RS08670	471	exact
C600	gene_HOICKCKO_02128	DK885_RS08665	720	exact
C600	gene_HOICKCKO_02129	DK885_RS08660	1686	exact
C600	gene_HOICKCKO_02130	DK885_RS08655	732	exact
C600	gene_HOICKCKO_02131	DK885_RS08650	108	exact
C600	gene_HOICKCKO_02132	DK885_RS08645	732	exact
C600	gene_HOICKCKO_02133	DK885_RS08640	927	exact
C600	gene_HOICKCKO_02134	DK885_RS08635	1158	exact
C600	gene_HOICKCKO_02135	DK885_RS08630	918	exact
C600	gene_HOICKCKO_02136		2268	no exact sequence match
C600	gene_HOICKCKO_02137	DK885_RS08620	1716	exact
C600	gene_HOICKCKO_02138	DK885_RS08615	933	exact
C600	gene_HOICKCKO_02139	DK885_RS08610	588	exact
C600	gene_HOICKCKO_02140	DK885_RS08605	579	exact
C600	gene_HOICKCKO_02141	DK885_RS08600	762	exact
C600	gene_HOICKCKO_02142		1191	no exact sequence match
C600	gene_HOICKCKO_02143	DK885_RS08575	948	exact
C600	gene_HOICKCKO_02144	DK885_RS08570	399	exact
C600	gene_HOICKCKO_02145	DK885_RS08565	696	exact
C600	gene_HOICKCKO_02146	DK885_RS08560	885	exact
C600	gene_HOICKCKO_02147	DK885_RS08555	720	exact
C600	gene_HOICKCKO_02148	DK885_RS08550	240	exact
C600	gene_HOICKCKO_02149	DK885_RS08545	1239	exact
C600	gene_HOICKCKO_02150	DK885_RS08540	1236	exact
C600	gene_HOICKCKO_02151	DK885_RS08535	1011	exact
C600	gene_HOICKCKO_02152	DK885_RS08530	1521	exact
C600	gene_HOICKCKO_02153	DK885_RS08525	999	exact
C600	gene_HOICKCKO_02154	DK885_RS08520	1041	exact
C600	gene_HOICKCKO_02155	DK885_RS08510	1158	exact
C600	gene_HOICKCKO_02156	DK885_RS08505	669	exact
C600	gene_HOICKCKO_02157	DK885_RS08490	837	exact
C600	gene_HOICKCKO_02158	DK885_RS08485	1992	exact
C600	gene_HOICKCKO_02159	DK885_RS08475	1470	exact
C600	gene_HOICKCKO_02160	DK885_RS08465	882	exact
C600	gene_HOICKCKO_02161	DK885_RS08460	1050	exact
C600	gene_HOICKCKO_02162	DK885_RS08455	858	exact
C600	gene_HOICKCKO_02163	DK885_RS08450	1089	exact
C600	gene_HOICKCKO_02164	DK885_RS08445	1251	exact
C600	gene_HOICKCKO_02165	DK885_RS08440	942	exact
C600	gene_HOICKCKO_02166	DK885_RS08435	699	exact
C600	gene_HOICKCKO_02167	DK885_RS08430	1251	exact
C600	gene_HOICKCKO_02168	DK885_RS08425	939	exact
C600	gene_HOICKCKO_02169	DK885_RS08420	942	exact
C600	gene_HOICKCKO_02170	DK885_RS08415	1692	exact
C600	gene_HOICKCKO_02171	DK885_RS08410	939	exact
C600	gene_HOICKCKO_02172	DK885_RS08405	1131	exact
C600	gene_HOICKCKO_02173	DK885_RS08400	1182	exact
C600	gene_HOICKCKO_02174	DK885_RS08395	255	exact
C600	gene_HOICKCKO_02175	DK885_RS08390	573	exact
C600	gene_HOICKCKO_02176	DK885_RS08385	1467	exact
C600	gene_HOICKCKO_02177	DK885_RS08380	987	exact
C600	gene_HOICKCKO_02178	DK885_RS08375	714	exact
C600	gene_HOICKCKO_02179	DK885_RS08370	567	exact
C600	gene_HOICKCKO_02180	DK885_RS08365	1557	exact
C600	gene_HOICKCKO_02181	DK885_RS08360	1815	exact
C600	gene_HOICKCKO_02182	DK885_RS08355	1095	exact
C600	gene_HOICKCKO_02183	DK885_RS08350	1026	exact
C600	gene_HOICKCKO_02184	DK885_RS08345	1590	exact
C600	gene_HOICKCKO_02185	DK885_RS08340	345	exact
C600	gene_HOICKCKO_02186	DK885_RS08330	1191	exact
C600	gene_HOICKCKO_02187	DK885_RS08325	696	exact
C600	gene_HOICKCKO_02188	DK885_RS08315	1761	exact
C600	gene_HOICKCKO_02189	DK885_RS08310	285	exact
C600	gene_HOICKCKO_02190	DK885_RS08305	1008	exact
C600	gene_HOICKCKO_02191	DK885_RS08300	228	exact
C600	gene_HOICKCKO_02192	DK885_RS08295	1761	exact
C600	gene_HOICKCKO_02194		2511	no exact sequence match
C600	gene_HOICKCKO_02195	DK885_RS01350;DK885_RS02885;DK885_RS04165;DK885_RS08270;DK885_RS09185;DK885_RS13010;DK885_RS16725;DK885_RS17340;DK885_RS18605	981	exact
C600	gene_HOICKCKO_02196	DK885_RS08255	648	exact
C600	gene_HOICKCKO_02197	DK885_RS08250	1053	exact
C600	gene_HOICKCKO_02198	DK885_RS08245	558	exact
C600	gene_HOICKCKO_02199	DK885_RS08240	1944	exact
C600	gene_HOICKCKO_02200	DK885_RS08235	480	exact
C600	gene_HOICKCKO_02201	DK885_RS08230	210	exact
C600	gene_HOICKCKO_02202	DK885_RS08225	738	exact
C600	gene_HOICKCKO_02203	DK885_RS08220	663	exact
C600	gene_HOICKCKO_02204		618	no exact sequence match
C600	gene_HOICKCKO_02205	DK885_RS08210	603	exact
C600	gene_HOICKCKO_02206	DK885_RS08205	450	exact
C600	gene_HOICKCKO_02207	DK885_RS08200	864	exact
C600	gene_HOICKCKO_02208	DK885_RS08195	696	exact
C600	gene_HOICKCKO_02209	DK885_RS08190	2487	exact
C600	gene_HOICKCKO_02210	DK885_RS08185	264	exact
C600	gene_HOICKCKO_02211	DK885_RS08180	495	exact
C600	gene_HOICKCKO_02212	DK885_RS08175	165	exact
C600	gene_HOICKCKO_02213		489	no exact sequence match
C600	gene_HOICKCKO_02214	DK885_RS08165	1647	exact
C600	gene_HOICKCKO_02215	DK885_RS08160	1644	exact
C600	gene_HOICKCKO_02216	DK885_RS08155	651	exact
C600	gene_HOICKCKO_02217	DK885_RS08150	1065	exact
C600	gene_HOICKCKO_02218	DK885_RS08145	1056	exact
C600	gene_HOICKCKO_02219	DK885_RS08140	1104	exact
C600	gene_HOICKCKO_02220	DK885_RS08125	2673	exact
C600	gene_HOICKCKO_02221	DK885_RS08120	651	exact
C600	gene_HOICKCKO_02222	DK885_RS08115	2850	exact
C600	gene_HOICKCKO_02223	DK885_RS08110	1827	exact
C600	gene_HOICKCKO_02224	DK885_RS08105	1386	exact
C600	gene_HOICKCKO_02225	DK885_RS08100	663	exact
C600	gene_HOICKCKO_02226	DK885_RS08095	651	exact
C600	gene_HOICKCKO_02227	DK885_RS08090	1323	exact
C600	gene_HOICKCKO_02228	DK885_RS08085	1185	exact
C600	gene_HOICKCKO_02229	DK885_RS08080	777	exact
C600	gene_HOICKCKO_02230	DK885_RS08075	1650	exact
C600	gene_HOICKCKO_02231		486	no exact sequence match
C600	gene_HOICKCKO_02232		3894	no exact sequence match
C600	gene_HOICKCKO_02233	DK885_RS08060	624	exact
C600	gene_HOICKCKO_02234	DK885_RS08055	1689	exact
C600	gene_HOICKCKO_02235	DK885_RS08050	2628	exact
C600	gene_HOICKCKO_02236	DK885_RS08045	723	exact
C600	gene_HOICKCKO_02237		3705	no exact sequence match
C600	gene_HOICKCKO_02238	DK885_RS08030	2286	exact
C600	gene_HOICKCKO_02239	DK885_RS08025	1131	exact
C600	gene_HOICKCKO_02240	DK885_RS08020	255	exact
C600	gene_HOICKCKO_02241	DK885_RS08015	651	exact
C600	gene_HOICKCKO_02242		207	no exact sequence match
C600	gene_HOICKCKO_02243	DK885_RS08005	1077	exact
C600	gene_HOICKCKO_02244	DK885_RS08000	1359	exact
C600	gene_HOICKCKO_02245	DK885_RS07995	1629	exact
C600	gene_HOICKCKO_02246	DK885_RS07990	1260	exact
C600	gene_HOICKCKO_02247	DK885_RS07985	1191	exact
C600	gene_HOICKCKO_02248	DK885_RS07980	900	exact
C600	gene_HOICKCKO_02249		186	no exact sequence match
C600	gene_HOICKCKO_02250	DK885_RS07970	804	exact
C600	gene_HOICKCKO_02251	DK885_RS07965	1290	exact
C600	gene_HOICKCKO_02252	DK885_RS07960	1206	exact
C600	gene_HOICKCKO_02253	DK885_RS07955	783	exact
C600	gene_HOICKCKO_02254	DK885_RS07950	1203	exact
C600	gene_HOICKCKO_02255	DK885_RS07945	543	exact
C600	gene_HOICKCKO_02256	DK885_RS07940	426	exact
C600	gene_HOICKCKO_02257	DK885_RS07935	603	exact
C600	gene_HOICKCKO_02258		1158	no exact sequence match
C600	gene_HOICKCKO_02259	DK885_RS07925	969	exact
C600	gene_HOICKCKO_02260	DK885_RS07920	1983	exact
C600	gene_HOICKCKO_02261	DK885_RS07915	891	exact
C600	gene_HOICKCKO_02262	DK885_RS07910	1653	exact
C600	gene_HOICKCKO_02263	DK885_RS07905	336	exact
C600	gene_HOICKCKO_02264	DK885_RS07900	387	exact
C600	gene_HOICKCKO_02265	DK885_RS07895	267	exact
C600	gene_HOICKCKO_02266	DK885_RS07890	1356	exact
C600	gene_HOICKCKO_02267	DK885_RS07885	963	exact
C600	gene_HOICKCKO_02268	DK885_RS07880	858	exact
C600	gene_HOICKCKO_02269	DK885_RS07875	759	exact
C600	gene_HOICKCKO_02270	DK885_RS07870	1671	exact
C600	gene_HOICKCKO_02271	DK885_RS07865	1296	exact
C600	gene_HOICKCKO_02272	DK885_RS07860	306	exact
C600	gene_HOICKCKO_02273	DK885_RS07855	462	exact
C600	gene_HOICKCKO_02274	DK885_RS07850	918	exact
C600	gene_HOICKCKO_02275		1209	no exact sequence match
C600	gene_HOICKCKO_02276	DK885_RS07840	1728	exact
C600	gene_HOICKCKO_02277	DK885_RS07835	972	exact
C600	gene_HOICKCKO_02278	DK885_RS07830	504	exact
C600	gene_HOICKCKO_02279	DK885_RS07825	717	exact
C600	gene_HOICKCKO_02280	DK885_RS07820	423	exact
C600	gene_HOICKCKO_02281	DK885_RS07815	849	exact
C600	gene_HOICKCKO_02282	DK885_RS07810	1458	exact
C600	gene_HOICKCKO_02283	DK885_RS07805	1530	exact
C600	gene_HOICKCKO_02284	DK885_RS07800	1842	exact
C600	gene_HOICKCKO_02285	DK885_RS07795	303	exact
C600	gene_HOICKCKO_02286	DK885_RS07790	555	exact
C600	gene_HOICKCKO_02287	DK885_RS07785	543	exact
C600	gene_HOICKCKO_02288	DK885_RS07780	978	exact
C600	gene_HOICKCKO_02289	DK885_RS07775	2727	exact
C600	gene_HOICKCKO_02290	DK885_RS07770	1338	exact
C600	gene_HOICKCKO_02291	DK885_RS07765	501	exact
C600	gene_HOICKCKO_02292	DK885_RS07760	1803	exact
C600	gene_HOICKCKO_02293	DK885_RS07755	663	exact
C600	gene_HOICKCKO_02294	DK885_RS07750	444	exact
C600	gene_HOICKCKO_02295		165	no exact sequence match
C600	gene_HOICKCKO_02296		939	no exact sequence match
C600	gene_HOICKCKO_02297	DK885_RS07735	1218	exact
C600	gene_HOICKCKO_02298	DK885_RS07730	600	exact
C600	gene_HOICKCKO_02299	DK885_RS07725	1833	exact
C600	gene_HOICKCKO_02300	DK885_RS07720	651	exact
C600	gene_HOICKCKO_02301	DK885_RS07715	495	exact
C600	gene_HOICKCKO_02302	DK885_RS07710	456	exact
C600	gene_HOICKCKO_02303	DK885_RS07705	1203	exact
C600	gene_HOICKCKO_02304	DK885_RS07700	2145	exact
C600	gene_HOICKCKO_02305		1479	no exact sequence match
C600	gene_HOICKCKO_02306	DK885_RS07690	543	exact
C600	gene_HOICKCKO_02307	DK885_RS07685	552	exact
C600	gene_HOICKCKO_02308	DK885_RS07680	645	exact
C600	gene_HOICKCKO_02309	DK885_RS07675	648	exact
C600	gene_HOICKCKO_02310	DK885_RS07670	363	exact
C600	gene_HOICKCKO_02311	DK885_RS07665	894	exact
C600	gene_HOICKCKO_02312	DK885_RS07660	891	exact
C600	gene_HOICKCKO_02313	DK885_RS07655	774	exact
C600	gene_HOICKCKO_02314	DK885_RS07650	717	exact
C600	gene_HOICKCKO_02315	DK885_RS07645	687	exact
C600	gene_HOICKCKO_02316	DK885_RS07640	783	exact
C600	gene_HOICKCKO_02317	DK885_RS07635	783	exact
C600	gene_HOICKCKO_02318	DK885_RS07630	570	exact
C600	gene_HOICKCKO_02319	DK885_RS07625	1518	exact
C600	gene_HOICKCKO_02320	DK885_RS07620	489	exact
C600	gene_HOICKCKO_02321	DK885_RS07615	663	exact
C600	gene_HOICKCKO_02322	DK885_RS07610	1269	exact
C600	gene_HOICKCKO_02323	DK885_RS07605	915	exact
C600	gene_HOICKCKO_02324	DK885_RS07600	660	exact
C600	gene_HOICKCKO_02325	DK885_RS07595	813	exact
C600	gene_HOICKCKO_02326	DK885_RS07590	1014	exact
C600	gene_HOICKCKO_02327	DK885_RS07585	1137	exact
C600	gene_HOICKCKO_02328	DK885_RS07580	996	exact
C600	gene_HOICKCKO_02329	DK885_RS07575	1179	exact
C600	gene_HOICKCKO_02330	DK885_RS07565	1221	exact
C600	gene_HOICKCKO_02331	DK885_RS07560	2007	exact
C600	gene_HOICKCKO_02332	DK885_RS07555	279	exact
C600	gene_HOICKCKO_02333	DK885_RS07550	549	exact
C600	gene_HOICKCKO_02334	DK885_RS07545	810	exact
C600	gene_HOICKCKO_02335	DK885_RS07540	825	exact
C600	gene_HOICKCKO_02336	DK885_RS07535	1086	exact
C600	gene_HOICKCKO_02337	DK885_RS07530	933	exact
C600	gene_HOICKCKO_02338	DK885_RS07525	552	exact
C600	gene_HOICKCKO_02339	DK885_RS07520	822	exact
C600	gene_HOICKCKO_02340	DK885_RS07515	540	exact
C600	gene_HOICKCKO_02341	DK885_RS07510	489	exact
C600	gene_HOICKCKO_02342	DK885_RS07505	513	exact
C600	gene_HOICKCKO_02343	DK885_RS07500	753	exact
C600	gene_HOICKCKO_02344		897	no exact sequence match
C600	gene_HOICKCKO_02345		1737	no exact sequence match
C600	gene_HOICKCKO_02346	DK885_RS07490	564	exact
C600	gene_HOICKCKO_02347	DK885_RS07485	486	exact
C600	gene_HOICKCKO_02348	DK885_RS07480	2145	exact
C600	gene_HOICKCKO_02349	DK885_RS07475	1311	exact
C600	gene_HOICKCKO_02350	DK885_RS07470	285	exact
C600	gene_HOICKCKO_02351	DK885_RS07460	1341	exact
C600	gene_HOICKCKO_02352	DK885_RS07455	1059	exact
C600	gene_HOICKCKO_02353	DK885_RS07445	756	exact
C600	gene_HOICKCKO_02354	DK885_RS07435	933	exact
C600	gene_HOICKCKO_02356	DK885_RS07425	1158	exact
C600	gene_HOICKCKO_02357		921	no exact sequence match
C600	gene_HOICKCKO_02358	DK885_RS07405	1332	exact
C600	gene_HOICKCKO_02359		303	no exact sequence match
C600	gene_HOICKCKO_02360	DK885_RS07395	441	exact
C600	gene_HOICKCKO_02361		603	no exact sequence match
C600	gene_HOICKCKO_02362		276	no exact sequence match
C600	gene_HOICKCKO_02363	DK885_RS07380	495	exact
C600	gene_HOICKCKO_02364		369	no exact sequence match
C600	gene_HOICKCKO_02365	DK885_RS07370	363	exact
C600	gene_HOICKCKO_02366	DK885_RS07365	825	exact
C600	gene_HOICKCKO_02367	DK885_RS07360	537	exact
C600	gene_HOICKCKO_02368	DK885_RS07355	363	exact
C600	gene_HOICKCKO_02369	DK885_RS07350	306	exact
C600	gene_HOICKCKO_02370	DK885_RS07345	201	exact
C600	gene_HOICKCKO_02371	DK885_RS07340	936	exact
C600	gene_HOICKCKO_02372	DK885_RS07335	1338	exact
C600	gene_HOICKCKO_02373	DK885_RS07330	1329	exact
C600	gene_HOICKCKO_02374	DK885_RS07325	1539	exact
C600	gene_HOICKCKO_02375	DK885_RS07320	1164	exact
C600	gene_HOICKCKO_02376	DK885_RS07315	615	exact
C600	gene_HOICKCKO_02377	DK885_RS07310	3594	exact
C600	gene_HOICKCKO_02378	DK885_RS07305	1146	exact
C600	gene_HOICKCKO_02379	DK885_RS07300	945	exact
C600	gene_HOICKCKO_02380	DK885_RS07295	1695	exact
C600	gene_HOICKCKO_02381	DK885_RS07290	1251	exact
C600	gene_HOICKCKO_02382	DK885_RS07285	636	exact
C600	gene_HOICKCKO_02383	DK885_RS07280	276	exact
C600	gene_HOICKCKO_02384	DK885_RS07275	243	exact
C600	gene_HOICKCKO_02385	DK885_RS07265	921	exact
C600	gene_HOICKCKO_02386	DK885_RS07255	1239	exact
C600	gene_HOICKCKO_02387	DK885_RS07250	1698	exact
C600	gene_HOICKCKO_02388	DK885_RS07245	735	exact
C600	gene_HOICKCKO_02389	DK885_RS07240	858	exact
C600	gene_HOICKCKO_02390	DK885_RS07235	2496	exact
C600	gene_HOICKCKO_02391	DK885_RS07230	1038	exact
C600	gene_HOICKCKO_02392	DK885_RS07225	1086	exact
C600	gene_HOICKCKO_02393	DK885_RS07220	1248	exact
C600	gene_HOICKCKO_02394	DK885_RS07215	327	exact
C600	gene_HOICKCKO_02395	DK885_RS07210	966	exact
C600	gene_HOICKCKO_02396	DK885_RS07205	1257	exact
C600	gene_HOICKCKO_02397	DK885_RS07200	327	exact
C600	gene_HOICKCKO_02398	DK885_RS07195	1239	exact
C600	gene_HOICKCKO_02399	DK885_RS07190	1203	exact
C600	gene_HOICKCKO_02400	DK885_RS07185;DK885_RS17130;DK885_RS20110	1113	exact
C600	gene_HOICKCKO_02401		141	no exact sequence match
C600	gene_HOICKCKO_02402	DK885_RS07180	2190	exact
C600	gene_HOICKCKO_02405	DK885_RS07165	360	exact
C600	gene_HOICKCKO_02406		372	no exact sequence match
C600	gene_HOICKCKO_02407	DK885_RS07155	1416	exact
C600	gene_HOICKCKO_02412	DK885_RS07125	885	exact
C600	gene_HOICKCKO_02413	DK885_RS07115	1257	exact
C600	gene_HOICKCKO_02414	DK885_RS07110	834	exact
C600	gene_HOICKCKO_02415	DK885_RS07105	765	exact
C600	gene_HOICKCKO_02416	DK885_RS07100	927	exact
C600	gene_HOICKCKO_02417	DK885_RS07095	999	exact
C600	gene_HOICKCKO_02418	DK885_RS07090	219	exact
C600	gene_HOICKCKO_02419	DK885_RS07085	2016	exact
C600	gene_HOICKCKO_02420	DK885_RS07080	987	exact
C600	gene_HOICKCKO_02421	DK885_RS07075	762	exact
C600	gene_HOICKCKO_02422	DK885_RS07070	972	exact
C600	gene_HOICKCKO_02423	DK885_RS07065	258	exact
C600	gene_HOICKCKO_02424	DK885_RS07060	1728	exact
C600	gene_HOICKCKO_02425	DK885_RS07055	510	exact
C600	gene_HOICKCKO_02426	DK885_RS07050	852	exact
C600	gene_HOICKCKO_02427	DK885_RS07045	375	exact
C600	gene_HOICKCKO_02428	DK885_RS07040	735	exact
C600	gene_HOICKCKO_02429	DK885_RS07035	912	exact
C600	gene_HOICKCKO_02430	DK885_RS07030	1098	exact
C600	gene_HOICKCKO_02431	DK885_RS07025	876	exact
C600	gene_HOICKCKO_02432	DK885_RS07020	834	exact
C600	gene_HOICKCKO_02433	DK885_RS07015	1017	exact
C600	gene_HOICKCKO_02434	DK885_RS07005	792	exact
C600	gene_HOICKCKO_02435	DK885_RS07000	858	exact
C600	gene_HOICKCKO_02436	DK885_RS06995	897	exact
C600	gene_HOICKCKO_02437	DK885_RS06990	1425	exact
C600	gene_HOICKCKO_02438	DK885_RS06985	1305	exact
C600	gene_HOICKCKO_02439	DK885_RS06980	900	exact
C600	gene_HOICKCKO_02440	DK885_RS06975	576	exact
C600	gene_HOICKCKO_02441	DK885_RS06970	450	exact
C600	gene_HOICKCKO_02442	DK885_RS06965	426	exact
C600	gene_HOICKCKO_02443	DK885_RS06960	870	exact
C600	gene_HOICKCKO_02444	DK885_RS06955	900	exact
C600	gene_HOICKCKO_02445		1053	no exact sequence match
C600	gene_HOICKCKO_02446	DK885_RS06945	501	exact
C600	gene_HOICKCKO_02447	DK885_RS06940	660	exact
C600	gene_HOICKCKO_02448	DK885_RS06935	888	exact
C600	gene_HOICKCKO_02449	DK885_RS06930	1362	exact
C600	gene_HOICKCKO_02450		1209	no exact sequence match
C600	gene_HOICKCKO_02451		528	no exact sequence match
C600	gene_HOICKCKO_02452		243	no exact sequence match
C600	gene_HOICKCKO_02453		369	no exact sequence match
C600	gene_HOICKCKO_02454		417	no exact sequence match
C600	gene_HOICKCKO_02455		594	no exact sequence match
C600	gene_HOICKCKO_02456		378	no exact sequence match
C600	gene_HOICKCKO_02457		393	no exact sequence match
C600	gene_HOICKCKO_02458		810	no exact sequence match
C600	gene_HOICKCKO_02459	DK885_RS06925	1404	exact
C600	gene_HOICKCKO_02460	DK885_RS06920	1227	exact
C600	gene_HOICKCKO_02461	DK885_RS06915	1188	exact
C600	gene_HOICKCKO_02462	DK885_RS06910	837	exact
C600	gene_HOICKCKO_02463	DK885_RS06905	1404	exact
C600	gene_HOICKCKO_02464	DK885_RS06900	288	exact
C600	gene_HOICKCKO_02465	DK885_RS06895	294	exact
C600	gene_HOICKCKO_02466	DK885_RS06890	1017	exact
C600	gene_HOICKCKO_02467	DK885_RS06885	804	exact
C600	gene_HOICKCKO_02468	DK885_RS06880	702	exact
C600	gene_HOICKCKO_02469	DK885_RS06875	480	exact
C600	gene_HOICKCKO_02470	DK885_RS06870	336	exact
C600	gene_HOICKCKO_02471	DK885_RS06865	2280	exact
C600	gene_HOICKCKO_02472	DK885_RS06860	951	exact
C600	gene_HOICKCKO_02473	DK885_RS06855	2004	exact
C600	gene_HOICKCKO_02474	DK885_RS06850	1044	exact
C600	gene_HOICKCKO_02475	DK885_RS06845	576	exact
C600	gene_HOICKCKO_02476	DK885_RS06840	1980	exact
C600	gene_HOICKCKO_02477		1701	no exact sequence match
C600	gene_HOICKCKO_02478	DK885_RS06830	3114	exact
C600	gene_HOICKCKO_02479	DK885_RS06820	357	exact
C600	gene_HOICKCKO_02480	DK885_RS06815	1128	exact
C600	gene_HOICKCKO_02481	DK885_RS06810	201	exact
C600	gene_HOICKCKO_02482	DK885_RS06805	699	exact
C600	gene_HOICKCKO_02483	DK885_RS06800	2016	exact
C600	gene_HOICKCKO_02484	DK885_RS06795	864	exact
C600	gene_HOICKCKO_02485	DK885_RS06790	714	exact
C600	gene_HOICKCKO_02486		231	no exact sequence match
C600	gene_HOICKCKO_02487		1035	no exact sequence match
C600	gene_HOICKCKO_02488	DK885_RS06780	879	exact
C600	gene_HOICKCKO_02489	DK885_RS06775	573	exact
C600	gene_HOICKCKO_02490	DK885_RS06770	471	exact
C600	gene_HOICKCKO_02491	DK885_RS06765	618	exact
C600	gene_HOICKCKO_02492	DK885_RS06760	2019	exact
C600	gene_HOICKCKO_02493	DK885_RS06755	948	exact
C600	gene_HOICKCKO_02494	DK885_RS06750	1440	exact
C600	gene_HOICKCKO_02495	DK885_RS06745	651	exact
C600	gene_HOICKCKO_02496	DK885_RS06740	1581	exact
C600	gene_HOICKCKO_02497	DK885_RS06735	1668	exact
C600	gene_HOICKCKO_02498	DK885_RS06730	546	exact
C600	gene_HOICKCKO_02499	DK885_RS06725	759	exact
C600	gene_HOICKCKO_02500	DK885_RS06720	414	exact
C600	gene_HOICKCKO_02501	DK885_RS06715	2013	exact
C600	gene_HOICKCKO_02502	DK885_RS06710	849	exact
C600	gene_HOICKCKO_02503	DK885_RS06700	1062	exact
C600	gene_HOICKCKO_02504	DK885_RS06695	1464	exact
C600	gene_HOICKCKO_02505	DK885_RS06690	360	exact
C600	gene_HOICKCKO_02506		747	no exact sequence match
C600	gene_HOICKCKO_02507	DK885_RS06680	1290	exact
C600	gene_HOICKCKO_02508	DK885_RS06675	627	exact
C600	gene_HOICKCKO_02509	DK885_RS06665	1038	exact
C600	gene_HOICKCKO_02510	DK885_RS06660	639	exact
C600	gene_HOICKCKO_02511	DK885_RS06655	2067	exact
C600	gene_HOICKCKO_02512	DK885_RS06650	1542	exact
C600	gene_HOICKCKO_02513	DK885_RS06645	2244	exact
C600	gene_HOICKCKO_02514	DK885_RS06640	153	exact
C600	gene_HOICKCKO_02515		174	no exact sequence match
C600	gene_HOICKCKO_02516		516	no exact sequence match
C600	gene_HOICKCKO_02517	DK885_RS06620	540	exact
C600	gene_HOICKCKO_02518	DK885_RS06615	1578	exact
C600	gene_HOICKCKO_02519	DK885_RS06610	1467	exact
C600	gene_HOICKCKO_02520	DK885_RS06605	1371	exact
C600	gene_HOICKCKO_02521	DK885_RS06600	216	exact
C600	gene_HOICKCKO_02522	DK885_RS06595	1473	exact
C600	gene_HOICKCKO_02523	DK885_RS06590	1179	exact
C600	gene_HOICKCKO_02524	DK885_RS06585	621	exact
C600	gene_HOICKCKO_02525	DK885_RS06580	1275	exact
C600	gene_HOICKCKO_02526	DK885_RS06575	1119	exact
C600	gene_HOICKCKO_02527	DK885_RS06570	1014	exact
C600	gene_HOICKCKO_02528	DK885_RS06560	1155	exact
C600	gene_HOICKCKO_02529	DK885_RS06555	432	exact
C600	gene_HOICKCKO_02530		2274	no exact sequence match
C600	gene_HOICKCKO_02531	DK885_RS06545	4962	exact
C600	gene_HOICKCKO_02532	DK885_RS06540	846	exact
C600	gene_HOICKCKO_02533	DK885_RS06535	777	exact
C600	gene_HOICKCKO_02534	DK885_RS06530	1284	exact
C600	gene_HOICKCKO_02535	DK885_RS06525	201	exact
C600	gene_HOICKCKO_02536	DK885_RS06520	336	exact
C600	gene_HOICKCKO_02537	DK885_RS06515	1851	exact
C600	gene_HOICKCKO_02538	DK885_RS06510	516	exact
C600	gene_HOICKCKO_02539	DK885_RS06505	324	exact
C600	gene_HOICKCKO_02540	DK885_RS06500	387	exact
C600	gene_HOICKCKO_02541	DK885_RS06495	1215	exact
C600	gene_HOICKCKO_02542	DK885_RS06490	489	exact
C600	gene_HOICKCKO_02543	DK885_RS06485	741	exact
C600	gene_HOICKCKO_02544	DK885_RS06480	804	exact
C600	gene_HOICKCKO_02545	DK885_RS06475	855	exact
C600	gene_HOICKCKO_02546	DK885_RS06470	1281	exact
C600	gene_HOICKCKO_02547	DK885_RS06465	1140	exact
C600	gene_HOICKCKO_02548	DK885_RS06460	891	exact
C600	gene_HOICKCKO_02549	DK885_RS06455	1362	exact
C600	gene_HOICKCKO_02550	DK885_RS06450	519	exact
C600	gene_HOICKCKO_02551	DK885_RS06445	321	exact
C600	gene_HOICKCKO_02552	DK885_RS06440	813	exact
C600	gene_HOICKCKO_02553	DK885_RS06435	1203	exact
C600	gene_HOICKCKO_02554	DK885_RS06430	423	exact
C600	gene_HOICKCKO_02555	DK885_RS06425	873	exact
C600	gene_HOICKCKO_02556		1062	no exact sequence match
C600	gene_HOICKCKO_02557	DK885_RS06415	999	exact
C600	gene_HOICKCKO_02558	DK885_RS06410	1512	exact
C600	gene_HOICKCKO_02559	DK885_RS06405	984	exact
C600	gene_HOICKCKO_02560	DK885_RS06400	3282	exact
C600	gene_HOICKCKO_02561	DK885_RS06395	1194	exact
C600	gene_HOICKCKO_02562	DK885_RS06390	1254	exact
C600	gene_HOICKCKO_02563	DK885_RS06385	1191	exact
C600	gene_HOICKCKO_02564	DK885_RS06380	339	exact
C600	gene_HOICKCKO_02565	DK885_RS06375	1335	exact
C600	gene_HOICKCKO_02566	DK885_RS06370	714	exact
C600	gene_HOICKCKO_02567		1383	no exact sequence match
C600	gene_HOICKCKO_02568	DK885_RS06360	3888	exact
C600	gene_HOICKCKO_02569	DK885_RS06350	1557	exact
C600	gene_HOICKCKO_02570	DK885_RS06345	504	exact
C600	gene_HOICKCKO_02571	DK885_RS06340	636	exact
C600	gene_HOICKCKO_02572	DK885_RS06335	849	exact
C600	gene_HOICKCKO_02573	DK885_RS06330	261	exact
C600	gene_HOICKCKO_02574	DK885_RS06310	381	exact
C600	gene_HOICKCKO_02575	DK885_RS06305	732	exact
C600	gene_HOICKCKO_02576	DK885_RS06300	729	exact
C600	gene_HOICKCKO_02577	DK885_RS06295	906	exact
C600	gene_HOICKCKO_02578	DK885_RS06290	681	exact
C600	gene_HOICKCKO_02579	DK885_RS06280	975	exact
C600	gene_HOICKCKO_02580	DK885_RS06275	1800	exact
C600	gene_HOICKCKO_02581	DK885_RS06270	480	exact
C600	gene_HOICKCKO_02582	DK885_RS06265	957	exact
C600	gene_HOICKCKO_02583	DK885_RS06260	651	exact
C600	gene_HOICKCKO_02584	DK885_RS06255	576	exact
C600	gene_HOICKCKO_02585	DK885_RS06250	1623	exact
C600	gene_HOICKCKO_02586	DK885_RS06245	738	exact
C600	gene_HOICKCKO_02587	DK885_RS06240	1335	exact
C600	gene_HOICKCKO_02588	DK885_RS06235	882	exact
C600	gene_HOICKCKO_02589	DK885_RS06230	588	exact
C600	gene_HOICKCKO_02590	DK885_RS06225	384	exact
C600	gene_HOICKCKO_02591	DK885_RS06220	690	exact
C600	gene_HOICKCKO_02592	DK885_RS06215	1038	exact
C600	gene_HOICKCKO_02593	DK885_RS06205	420	exact
C600	gene_HOICKCKO_02594	DK885_RS06200	699	exact
C600	gene_HOICKCKO_02595	DK885_RS06195	2661	exact
C600	gene_HOICKCKO_02596	DK885_RS06190	1356	exact
C600	gene_HOICKCKO_02597		273	no exact sequence match
C600	gene_HOICKCKO_02598	DK885_RS06180	1299	exact
C600	gene_HOICKCKO_02603	DK885_RS06150	2574	exact
C600	gene_HOICKCKO_02604	DK885_RS06145	732	exact
C600	gene_HOICKCKO_02605	DK885_RS06140	981	exact
C600	gene_HOICKCKO_02606	DK885_RS06135	738	exact
C600	gene_HOICKCKO_02607	DK885_RS06125	342	exact
C600	gene_HOICKCKO_02608	DK885_RS06115	1161	exact
C600	gene_HOICKCKO_02609	DK885_RS06110	1122	exact
C600	gene_HOICKCKO_02610	DK885_RS06105	1071	exact
C600	gene_HOICKCKO_02611		363	no exact sequence match
C600	gene_HOICKCKO_02612	DK885_RS06095	519	exact
C600	gene_HOICKCKO_02613	DK885_RS06090	1227	exact
C600	gene_HOICKCKO_02614	DK885_RS06085	483	exact
C600	gene_HOICKCKO_02615	DK885_RS06080	348	exact
C600	gene_HOICKCKO_02616	DK885_RS06075	768	exact
C600	gene_HOICKCKO_02617	DK885_RS06070	549	exact
C600	gene_HOICKCKO_02618	DK885_RS06065	249	exact
C600	gene_HOICKCKO_02619	DK885_RS06060	1362	exact
C600	gene_HOICKCKO_02620		867	no exact sequence match
C600	gene_HOICKCKO_02621		1242	no exact sequence match
C600	gene_HOICKCKO_02622	DK885_RS06045	594	exact
C600	gene_HOICKCKO_02623	DK885_RS06035	879	exact
C600	gene_HOICKCKO_02624	DK885_RS06030	1662	exact
C600	gene_HOICKCKO_02625	DK885_RS06025	342	exact
C600	gene_HOICKCKO_02626	DK885_RS06020	291	exact
C600	gene_HOICKCKO_02627		450	no exact sequence match
C600	gene_HOICKCKO_02628	DK885_RS06010	483	exact
C600	gene_HOICKCKO_02629		126	no exact sequence match
C600	gene_HOICKCKO_02631	DK885_RS06000	1242	exact
C600	gene_HOICKCKO_02632	DK885_RS05995	957	exact
C600	gene_HOICKCKO_02633	DK885_RS05990	213	exact
C600	gene_HOICKCKO_02634	DK885_RS05985	1410	exact
C600	gene_HOICKCKO_02635	DK885_RS05980	627	exact
C600	gene_HOICKCKO_02636	DK885_RS05975	2190	exact
C600	gene_HOICKCKO_02637	DK885_RS05970	1617	exact
C600	gene_HOICKCKO_02638	DK885_RS05960	1074	exact
C600	gene_HOICKCKO_02639	DK885_RS05955	372	exact
C600	gene_HOICKCKO_02640	DK885_RS05950	864	exact
C600	gene_HOICKCKO_02641	DK885_RS05945	822	exact
C600	gene_HOICKCKO_02642	DK885_RS05940	702	exact
C600	gene_HOICKCKO_02643	DK885_RS05935	237	exact
C600	gene_HOICKCKO_02644	DK885_RS05930	444	exact
C600	gene_HOICKCKO_02645	DK885_RS05925	468	exact
C600	gene_HOICKCKO_02646		315	no exact sequence match
C600	gene_HOICKCKO_02647		594	no exact sequence match
C600	gene_HOICKCKO_02648		201	no exact sequence match
C600	gene_HOICKCKO_02649	DK885_RS05910	1704	exact
C600	gene_HOICKCKO_02650	DK885_RS05900	459	exact
C600	gene_HOICKCKO_02651	DK885_RS05895	483	exact
C600	gene_HOICKCKO_02652	DK885_RS05890	201	exact
C600	gene_HOICKCKO_02653	DK885_RS05885	318	exact
C600	gene_HOICKCKO_02654	DK885_RS05880	330	exact
C600	gene_HOICKCKO_02655	DK885_RS05875	4581	exact
C600	gene_HOICKCKO_02656		792	no exact sequence match
C600	gene_HOICKCKO_02657		483	no exact sequence match
C600	gene_HOICKCKO_02659		333	no exact sequence match
C600	gene_HOICKCKO_02660		687	no exact sequence match
C600	gene_HOICKCKO_02661		792	no exact sequence match
C600	gene_HOICKCKO_02662	DK885_RS05835	978	exact
C600	gene_HOICKCKO_02663	DK885_RS05830	1269	exact
C600	gene_HOICKCKO_02664	DK885_RS05825	1449	exact
C600	gene_HOICKCKO_02665	DK885_RS05820	1281	exact
C600	gene_HOICKCKO_02666	DK885_RS05815	1401	exact
C600	gene_HOICKCKO_02667	DK885_RS05810	663	exact
C600	gene_HOICKCKO_02668	DK885_RS05805	450	exact
C600	gene_HOICKCKO_02669	DK885_RS05800	159	exact
C600	gene_HOICKCKO_02670	DK885_RS05795	300	exact
C600	gene_HOICKCKO_02671	DK885_RS05790	525	exact
C600	gene_HOICKCKO_02672	DK885_RS05785	405	exact
C600	gene_HOICKCKO_02673	DK885_RS05780	450	exact
C600	gene_HOICKCKO_02674	DK885_RS05775	345	exact
C600	gene_HOICKCKO_02675	DK885_RS05770	330	exact
C600	gene_HOICKCKO_02676	DK885_RS05765	246	exact
C600	gene_HOICKCKO_02677	DK885_RS05760	411	exact
C600	gene_HOICKCKO_02678	DK885_RS05755	2145	exact
C600	gene_HOICKCKO_02679	DK885_RS05750	960	exact
C600	gene_HOICKCKO_02680	DK885_RS05740	1203	exact
C600	gene_HOICKCKO_02681	DK885_RS05735	1065	exact
C600	gene_HOICKCKO_02682	DK885_RS05730	993	exact
C600	gene_HOICKCKO_02683		267	no exact sequence match
C600	gene_HOICKCKO_02684		918	no exact sequence match
C600	gene_HOICKCKO_02685	DK885_RS05720	738	exact
C600	gene_HOICKCKO_02686	DK885_RS05715	336	exact
C600	gene_HOICKCKO_02687	DK885_RS05710	531	exact
C600	gene_HOICKCKO_02688	DK885_RS05705	1173	exact
C600	gene_HOICKCKO_02689		1539	no exact sequence match
C600	gene_HOICKCKO_02690	DK885_RS05695	516	exact
C600	gene_HOICKCKO_02691	DK885_RS05690	1557	exact
C600	gene_HOICKCKO_02692	DK885_RS05685	429	exact
C600	gene_HOICKCKO_02693	DK885_RS05680	567	exact
C600	gene_HOICKCKO_02700	DK885_RS05650	186	exact
C600	gene_HOICKCKO_02701	DK885_RS05645	2631	exact
C600	gene_HOICKCKO_02702	DK885_RS05640	501	exact
C600	gene_HOICKCKO_02703	DK885_RS05635	1062	exact
C600	gene_HOICKCKO_02704	DK885_RS05630	498	exact
C600	gene_HOICKCKO_02705		1191	no exact sequence match
C600	gene_HOICKCKO_02706	DK885_RS05620	564	exact
C600	gene_HOICKCKO_02707	DK885_RS05615	960	exact
C600	gene_HOICKCKO_02708	DK885_RS05610	372	exact
C600	gene_HOICKCKO_02709	DK885_RS05605	780	exact
C600	gene_HOICKCKO_02710	DK885_RS05600	360	exact
C600	gene_HOICKCKO_02711	DK885_RS05595	774	exact
C600	gene_HOICKCKO_02712	DK885_RS05590	966	exact
C600	gene_HOICKCKO_02713	DK885_RS05585	1515	exact
C600	gene_HOICKCKO_02714	DK885_RS05580	1440	exact
C600	gene_HOICKCKO_02715	DK885_RS05575	1134	exact
C600	gene_HOICKCKO_02716	DK885_RS05570	2253	exact
C600	gene_HOICKCKO_02717	DK885_RS05565	528	exact
C600	gene_HOICKCKO_02718		1014	no exact sequence match
C600	gene_HOICKCKO_02719	DK885_RS05555	1458	exact
C600	gene_HOICKCKO_02720	DK885_RS05550	1425	exact
C600	gene_HOICKCKO_02721	DK885_RS05545	471	exact
C600	gene_HOICKCKO_02722	DK885_RS05540	411	exact
C600	gene_HOICKCKO_02723	DK885_RS05535	768	exact
C600	gene_HOICKCKO_02724	DK885_RS05530	543	exact
C600	gene_HOICKCKO_02725	DK885_RS05525	1710	exact
C600	gene_HOICKCKO_02726	DK885_RS05520	924	exact
C600	gene_HOICKCKO_02727	DK885_RS05515	1827	exact
C600	gene_HOICKCKO_02728	DK885_RS05510	612	exact
C600	gene_HOICKCKO_02729	DK885_RS05505	462	exact
C600	gene_HOICKCKO_02730	DK885_RS05500	351	exact
C600	gene_HOICKCKO_02731	DK885_RS05495	873	exact
C600	gene_HOICKCKO_02732	DK885_RS05490	273	exact
C600	gene_HOICKCKO_02733	DK885_RS05485	1122	exact
C600	gene_HOICKCKO_02734	DK885_RS05480	1011	exact
C600	gene_HOICKCKO_02735	DK885_RS05475	2079	exact
C600	gene_HOICKCKO_02736	DK885_RS05470	354	exact
C600	gene_HOICKCKO_02737	DK885_RS23840	135	exact
C600	gene_HOICKCKO_02738	DK885_RS05465	2562	exact
C600	gene_HOICKCKO_02739	DK885_RS05460	657	exact
C600	gene_HOICKCKO_02740	DK885_RS05455	768	exact
C600	gene_HOICKCKO_02741	DK885_RS05450	909	exact
C600	gene_HOICKCKO_02742	DK885_RS05445	1167	exact
C600	gene_HOICKCKO_02743	DK885_RS05440	639	exact
C600	gene_HOICKCKO_02744	DK885_RS05435	777	exact
C600	gene_HOICKCKO_02745	DK885_RS05430	1365	exact
C600	gene_HOICKCKO_02746		993	no exact sequence match
C600	gene_HOICKCKO_02747		1140	no exact sequence match
C600	gene_HOICKCKO_02748	DK885_RS05415	627	exact
C600	gene_HOICKCKO_02749	DK885_RS05410	762	exact
C600	gene_HOICKCKO_02750	DK885_RS05405	1050	exact
C600	gene_HOICKCKO_02751	DK885_RS05400	480	exact
C600	gene_HOICKCKO_02752	DK885_RS05395	711	exact
C600	gene_HOICKCKO_02753	DK885_RS05390	312	exact
C600	gene_HOICKCKO_02754	DK885_RS05385	324	exact
C600	gene_HOICKCKO_02755	DK885_RS05380	606	exact
C600	gene_HOICKCKO_02756	DK885_RS05375	1428	exact
C600	gene_HOICKCKO_02757	DK885_RS05370	909	exact
C600	gene_HOICKCKO_02758	DK885_RS05365	1038	exact
C600	gene_HOICKCKO_02759	DK885_RS05360	285	exact
C600	gene_HOICKCKO_02760	DK885_RS05355	918	exact
C600	gene_HOICKCKO_02761	DK885_RS05350	600	exact
C600	gene_HOICKCKO_02762	DK885_RS05345	675	exact
C600	gene_HOICKCKO_02763	DK885_RS05340	1092	exact
C600	gene_HOICKCKO_02764	DK885_RS05335	483	exact
C600	gene_HOICKCKO_02765	DK885_RS05330	1509	exact
C600	gene_HOICKCKO_02766	DK885_RS05325	2667	exact
C600	gene_HOICKCKO_02767	DK885_RS05315	735	exact
C600	gene_HOICKCKO_02768	DK885_RS05310	1713	exact
C600	gene_HOICKCKO_02769	DK885_RS05305	1800	exact
C600	gene_HOICKCKO_02770		366	no exact sequence match
C600	gene_HOICKCKO_02771	DK885_RS05295	1272	exact
C600	gene_HOICKCKO_02772	DK885_RS05290	261	exact
C600	gene_HOICKCKO_02773	DK885_RS05285	576	exact
C600	gene_HOICKCKO_02774	DK885_RS05280	861	exact
C600	gene_HOICKCKO_02775	DK885_RS05275	780	exact
C600	gene_HOICKCKO_02776	DK885_RS05270	1410	exact
C600	gene_HOICKCKO_02777	DK885_RS05265	1455	exact
C600	gene_HOICKCKO_02778	DK885_RS05260	786	exact
C600	gene_HOICKCKO_02779	DK885_RS05255	1278	exact
C600	gene_HOICKCKO_02780	DK885_RS05250	1479	exact
C600	gene_HOICKCKO_02781	DK885_RS05245	672	exact
C600	gene_HOICKCKO_02782	DK885_RS05240	141	exact
C600	gene_HOICKCKO_02783	DK885_RS05235	873	exact
C600	gene_HOICKCKO_02784	DK885_RS05230	1299	exact
C600	gene_HOICKCKO_02785	DK885_RS05225	1638	exact
C600	gene_HOICKCKO_02786	DK885_RS05220	792	exact
C600	gene_HOICKCKO_02787	DK885_RS05215	336	exact
C600	gene_HOICKCKO_02788	DK885_RS05210	249	exact
C600	gene_HOICKCKO_02789	DK885_RS05205	2235	exact
C600	gene_HOICKCKO_02790	DK885_RS05200	1302	exact
C600	gene_HOICKCKO_02791	DK885_RS05195	2757	exact
C600	gene_HOICKCKO_02792	DK885_RS05190	1341	exact
C600	gene_HOICKCKO_02793	DK885_RS05185	1341	exact
C600	gene_HOICKCKO_02794	DK885_RS05180	1353	exact
C600	gene_HOICKCKO_02795	DK885_RS05175	450	exact
C600	gene_HOICKCKO_02796	DK885_RS05170	783	exact
C600	gene_HOICKCKO_02797	DK885_RS05165	330	exact
C600	gene_HOICKCKO_02798	DK885_RS05160	546	exact
C600	gene_HOICKCKO_02799	DK885_RS05155	849	exact
C600	gene_HOICKCKO_02800		1365	no exact sequence match
C600	gene_HOICKCKO_02801	DK885_RS05145	1290	exact
C600	gene_HOICKCKO_02802	DK885_RS05140	1368	exact
C600	gene_HOICKCKO_02803	DK885_RS05135	756	exact
C600	gene_HOICKCKO_02804	DK885_RS05130	1149	exact
C600	gene_HOICKCKO_02805	DK885_RS05125	648	exact
C600	gene_HOICKCKO_02806	DK885_RS05120	1317	exact
C600	gene_HOICKCKO_02807	DK885_RS05115	1776	exact
C600	gene_HOICKCKO_02808	DK885_RS05110	1419	exact
C600	gene_HOICKCKO_02809	DK885_RS05105	423	exact
C600	gene_HOICKCKO_02810	DK885_RS05100	732	exact
C600	gene_HOICKCKO_02811	DK885_RS05095	1101	exact
C600	gene_HOICKCKO_02812	DK885_RS05090	396	exact
C600	gene_HOICKCKO_02813	DK885_RS05085	918	exact
C600	gene_HOICKCKO_02814	DK885_RS05080	228	exact
C600	gene_HOICKCKO_02815	DK885_RS05075	1206	exact
C600	gene_HOICKCKO_02816	DK885_RS05070	444	exact
C600	gene_HOICKCKO_02817	DK885_RS05065	807	exact
C600	gene_HOICKCKO_02818	DK885_RS05060	1098	exact
C600	gene_HOICKCKO_02822	DK885_RS05035	1254	exact
C600	gene_HOICKCKO_02823	DK885_RS05025	1332	exact
C600	gene_HOICKCKO_02824	DK885_RS05020	1827	exact
C600	gene_HOICKCKO_02825	DK885_RS05015	3543	exact
C600	gene_HOICKCKO_02826	DK885_RS05010	2889	exact
C600	gene_HOICKCKO_02827	DK885_RS05005	3369	exact
C600	gene_HOICKCKO_02828	DK885_RS05000	324	exact
C600	gene_HOICKCKO_02829	DK885_RS04995	408	exact
C600	gene_HOICKCKO_02830	DK885_RS04990	564	exact
C600	gene_HOICKCKO_02831	DK885_RS04985	471	exact
C600	gene_HOICKCKO_02832	DK885_RS04980	795	exact
C600	gene_HOICKCKO_02833	DK885_RS04975	876	exact
C600	gene_HOICKCKO_02834	DK885_RS04970	2247	exact
C600	gene_HOICKCKO_02835	DK885_RS04965	531	exact
C600	gene_HOICKCKO_02836	DK885_RS24460	147	exact
C600	gene_HOICKCKO_02837	DK885_RS04960	690	exact
C600	gene_HOICKCKO_02838	DK885_RS04955	714	exact
C600	gene_HOICKCKO_02839	DK885_RS04950	219	exact
C600	gene_HOICKCKO_02840	DK885_RS04945	1041	exact
C600	gene_HOICKCKO_02841	DK885_RS04940	1194	exact
C600	gene_HOICKCKO_02842	DK885_RS04935	2160	exact
C600	gene_HOICKCKO_02843	DK885_RS04930	1032	exact
C600	gene_HOICKCKO_02844	DK885_RS04925	1263	exact
C600	gene_HOICKCKO_02845	DK885_RS04920	936	exact
C600	gene_HOICKCKO_02846	DK885_RS04915	693	exact
C600	gene_HOICKCKO_02847	DK885_RS04910	1419	exact
C600	gene_HOICKCKO_02848	DK885_RS04905	762	exact
C600	gene_HOICKCKO_02849	DK885_RS04900	837	exact
C600	gene_HOICKCKO_02850	DK885_RS04895	1182	exact
C600	gene_HOICKCKO_02851	DK885_RS04890	1230	exact
C600	gene_HOICKCKO_02852	DK885_RS04885	633	exact
C600	gene_HOICKCKO_02853		132	no exact sequence match
C600	gene_HOICKCKO_02854	DK885_RS04880	810	exact
C600	gene_HOICKCKO_02855	DK885_RS04875	483	exact
C600	gene_HOICKCKO_02856		141	no exact sequence match
C600	gene_HOICKCKO_02857	DK885_RS04865	426	exact
C600	gene_HOICKCKO_02858		447	no exact sequence match
C600	gene_HOICKCKO_02859	DK885_RS04855	492	exact
C600	gene_HOICKCKO_02860	DK885_RS04850	1377	exact
C600	gene_HOICKCKO_02861	DK885_RS04845	219	exact
C600	gene_HOICKCKO_02862		375	no exact sequence match
C600	gene_HOICKCKO_02863		444	no exact sequence match
C600	gene_HOICKCKO_02864		156	no exact sequence match
C600	gene_HOICKCKO_02865		432	no exact sequence match
C600	gene_HOICKCKO_02866		273	no exact sequence match
C600	gene_HOICKCKO_02867		906	no exact sequence match
C600	gene_HOICKCKO_02868		366	no exact sequence match
C600	gene_HOICKCKO_02869	DK885_RS04800	795	exact
C600	gene_HOICKCKO_02871	DK885_RS04790	756	exact
C600	gene_HOICKCKO_02872	DK885_RS04780	2298	exact
C600	gene_HOICKCKO_02873	DK885_RS04775	879	exact
C600	gene_HOICKCKO_02874	DK885_RS04770	480	exact
C600	gene_HOICKCKO_02875	DK885_RS04765	1779	exact
C600	gene_HOICKCKO_02876	DK885_RS04760	1188	exact
C600	gene_HOICKCKO_02877	DK885_RS04755	1197	exact
C600	gene_HOICKCKO_02878	DK885_RS04750	1212	exact
C600	gene_HOICKCKO_02879	DK885_RS04745	1386	exact
C600	gene_HOICKCKO_02880	DK885_RS04740	933	exact
C600	gene_HOICKCKO_02881	DK885_RS04735	1626	exact
C600	gene_HOICKCKO_02882	DK885_RS04730	771	exact
C600	gene_HOICKCKO_02883	DK885_RS04725	579	exact
C600	gene_HOICKCKO_02884	DK885_RS04720	3099	exact
C600	gene_HOICKCKO_02885	DK885_RS04715	1329	exact
C600	gene_HOICKCKO_02886	DK885_RS04710	780	exact
C600	gene_HOICKCKO_02887	DK885_RS04705	2871	exact
C600	gene_HOICKCKO_02888	DK885_RS04700	1401	exact
C600	gene_HOICKCKO_02889	DK885_RS04695	1317	exact
C600	gene_HOICKCKO_02890	DK885_RS04690	1368	exact
C600	gene_HOICKCKO_02891	DK885_RS04685	489	exact
C600	gene_HOICKCKO_02892	DK885_RS04680	1920	exact
C600	gene_HOICKCKO_02893	DK885_RS04670	1449	exact
C600	gene_HOICKCKO_02894	DK885_RS04665	126	exact
C600	gene_HOICKCKO_02895	DK885_RS04660	549	exact
C600	gene_HOICKCKO_02896	DK885_RS04655	1518	exact
C600	gene_HOICKCKO_02897		882	no exact sequence match
C600	gene_HOICKCKO_02898	DK885_RS04645	1734	exact
C600	gene_HOICKCKO_02899	DK885_RS04640	711	exact
C600	gene_HOICKCKO_02900	DK885_RS04635	897	exact
C600	gene_HOICKCKO_02901	DK885_RS04630	522	exact
C600	gene_HOICKCKO_02902	DK885_RS04625	408	exact
C600	gene_HOICKCKO_02903	DK885_RS04620	267	exact
C600	gene_HOICKCKO_02904	DK885_RS04615	981	exact
C600	gene_HOICKCKO_02905	DK885_RS04610	660	exact
C600	gene_HOICKCKO_02906	DK885_RS04605	312	exact
C600	gene_HOICKCKO_02907	DK885_RS04600	1434	exact
C600	gene_HOICKCKO_02908	DK885_RS04595	744	exact
C600	gene_HOICKCKO_02909	DK885_RS04590	2874	exact
C600	gene_HOICKCKO_02910	DK885_RS04585	390	exact
C600	gene_HOICKCKO_02911	DK885_RS04580	1095	exact
C600	gene_HOICKCKO_02912	DK885_RS04575	1203	exact
C600	gene_HOICKCKO_02913	DK885_RS04570	1179	exact
C600	gene_HOICKCKO_02914	DK885_RS04565	1326	exact
C600	gene_HOICKCKO_02915	DK885_RS04560	579	exact
C600	gene_HOICKCKO_02916	DK885_RS04550	330	exact
C600	gene_HOICKCKO_02917	DK885_RS04540	603	exact
C600	gene_HOICKCKO_02918	DK885_RS04530	1233	exact
C600	gene_HOICKCKO_02919	DK885_RS04525	660	exact
C600	gene_HOICKCKO_02920	DK885_RS04520	231	exact
C600	gene_HOICKCKO_02921	DK885_RS04515	894	exact
C600	gene_HOICKCKO_02922	DK885_RS04510	2145	exact
C600	gene_HOICKCKO_02923	DK885_RS04505	996	exact
C600	gene_HOICKCKO_02924	DK885_RS04500	786	exact
C600	gene_HOICKCKO_02925	DK885_RS04495	1479	exact
C600	gene_HOICKCKO_02926	DK885_RS04490	897	exact
C600	gene_HOICKCKO_02927	DK885_RS04485	741	exact
C600	gene_HOICKCKO_02928	DK885_RS04480	636	exact
C600	gene_HOICKCKO_02929	DK885_RS04475	861	exact
C600	gene_HOICKCKO_02930	DK885_RS04465	1080	exact
C600	gene_HOICKCKO_02931	DK885_RS04460	1164	exact
C600	gene_HOICKCKO_02932	DK885_RS04455	1020	exact
C600	gene_HOICKCKO_02933	DK885_RS04445	714	exact
C600	gene_HOICKCKO_02934	DK885_RS04440	510	exact
C600	gene_HOICKCKO_02935	DK885_RS04435	966	exact
C600	gene_HOICKCKO_02936	DK885_RS04430	1278	exact
C600	gene_HOICKCKO_02937	DK885_RS04425	1389	exact
C600	gene_HOICKCKO_02938	DK885_RS04420	444	exact
C600	gene_HOICKCKO_02939	DK885_RS04415	1992	exact
C600	gene_HOICKCKO_02940	DK885_RS04410	759	exact
C600	gene_HOICKCKO_02941	DK885_RS04405	921	exact
C600	gene_HOICKCKO_02942	DK885_RS04400	1977	exact
C600	gene_HOICKCKO_02943	DK885_RS24440	252	exact
C600	gene_HOICKCKO_02944	DK885_RS04380	1155	exact
C600	gene_HOICKCKO_02945	DK885_RS04375	1395	exact
C600	gene_HOICKCKO_02946		456	no exact sequence match
C600	gene_HOICKCKO_02947	DK885_RS04365	708	exact
C600	gene_HOICKCKO_02948	DK885_RS04360	732	exact
C600	gene_HOICKCKO_02949	DK885_RS04355	951	exact
C600	gene_HOICKCKO_02950		636	no exact sequence match
C600	gene_HOICKCKO_02951	DK885_RS04345	417	exact
C600	gene_HOICKCKO_02952	DK885_RS04340	981	exact
C600	gene_HOICKCKO_02953	DK885_RS04335	705	exact
C600	gene_HOICKCKO_02954	DK885_RS04330	567	exact
C600	gene_HOICKCKO_02955	DK885_RS04325	291	exact
C600	gene_HOICKCKO_02956	DK885_RS04320	594	exact
C600	gene_HOICKCKO_02957	DK885_RS04315	1137	exact
C600	gene_HOICKCKO_02958	DK885_RS04310	1008	exact
C600	gene_HOICKCKO_02959	DK885_RS04305	1047	exact
C600	gene_HOICKCKO_02960	DK885_RS04300	720	exact
C600	gene_HOICKCKO_02961	DK885_RS04295	327	exact
C600	gene_HOICKCKO_02962	DK885_RS04290	720	exact
C600	gene_HOICKCKO_02963	DK885_RS04280	1053	exact
C600	gene_HOICKCKO_02964	DK885_RS04275	276	exact
C600	gene_HOICKCKO_02965	DK885_RS04270	1080	exact
C600	gene_HOICKCKO_02966	DK885_RS04265	1257	exact
C600	gene_HOICKCKO_02967	DK885_RS04260	2136	exact
C600	gene_HOICKCKO_02968	DK885_RS04250	708	exact
C600	gene_HOICKCKO_02970	DK885_RS04240	537	exact
C600	gene_HOICKCKO_02971		843	no exact sequence match
C600	gene_HOICKCKO_02972		855	no exact sequence match
C600	gene_HOICKCKO_02973	DK885_RS04225	411	exact
C600	gene_HOICKCKO_02974	DK885_RS04220	810	exact
C600	gene_HOICKCKO_02975	DK885_RS04215	4563	exact
C600	gene_HOICKCKO_02976	DK885_RS04205	1683	exact
C600	gene_HOICKCKO_02977	DK885_RS04200	2172	exact
C600	gene_HOICKCKO_02978	DK885_RS04195	405	exact
C600	gene_HOICKCKO_02979	DK885_RS04190	1224	exact
C600	gene_HOICKCKO_02980	DK885_RS04185	1053	exact
C600	gene_HOICKCKO_02981	DK885_RS04180	1500	exact
C600	gene_HOICKCKO_02982	DK885_RS04175	765	exact
C600	gene_HOICKCKO_02983	DK885_RS04170	1137	exact
C600	gene_HOICKCKO_02984	DK885_RS01350;DK885_RS02885;DK885_RS04165;DK885_RS08270;DK885_RS09185;DK885_RS13010;DK885_RS16725;DK885_RS17340;DK885_RS18605	981	exact
C600	gene_HOICKCKO_02985		1068	no exact sequence match
C600	gene_HOICKCKO_02986	DK885_RS04155	759	exact
C600	gene_HOICKCKO_02987		699	no exact sequence match
C600	gene_HOICKCKO_02988	DK885_RS04145	693	exact
C600	gene_HOICKCKO_02989	DK885_RS04140	1500	exact
C600	gene_HOICKCKO_02990	DK885_RS04135	1860	exact
C600	gene_HOICKCKO_02991	DK885_RS04130	867	exact
C600	gene_HOICKCKO_02992	DK885_RS04125	249	exact
C600	gene_HOICKCKO_02993	DK885_RS04120	342	exact
C600	gene_HOICKCKO_02994	DK885_RS04115	489	exact
C600	gene_HOICKCKO_02995	DK885_RS04110	495	exact
C600	gene_HOICKCKO_02996	DK885_RS04105	1704	exact
C600	gene_HOICKCKO_02997	DK885_RS04100	1179	exact
C600	gene_HOICKCKO_02998	DK885_RS04095	987	exact
C600	gene_HOICKCKO_02999	DK885_RS04090	1119	exact
C600	gene_HOICKCKO_03000	DK885_RS04080	288	exact
C600	gene_HOICKCKO_03001		411	no exact sequence match
C600	gene_HOICKCKO_03002		354	no exact sequence match
C600	gene_HOICKCKO_03003		144	no exact sequence match
C600	gene_HOICKCKO_03004	DK885_RS04065	1041	exact
C600	gene_HOICKCKO_03005	DK885_RS04060	495	exact
C600	gene_HOICKCKO_03006	DK885_RS04055	885	exact
C600	gene_HOICKCKO_03007	DK885_RS04050	426	exact
C600	gene_HOICKCKO_03008	DK885_RS04045	735	exact
C600	gene_HOICKCKO_03009		1188	no exact sequence match
C600	gene_HOICKCKO_03010	DK885_RS04030	660	exact
C600	gene_HOICKCKO_03011		957	no exact sequence match
C600	gene_HOICKCKO_03012	DK885_RS04020	1164	exact
C600	gene_HOICKCKO_03013	DK885_RS04015	828	exact
C600	gene_HOICKCKO_03014	DK885_RS04010	927	exact
C600	gene_HOICKCKO_03015	DK885_RS04005	258	exact
C600	gene_HOICKCKO_03016	DK885_RS04000	2220	exact
C600	gene_HOICKCKO_03017	DK885_RS03995	1413	exact
C600	gene_HOICKCKO_03018	DK885_RS03990	738	exact
C600	gene_HOICKCKO_03019	DK885_RS03985	2259	exact
C600	gene_HOICKCKO_03020	DK885_RS03980	1608	exact
C600	gene_HOICKCKO_03021	DK885_RS03970	396	exact
C600	gene_HOICKCKO_03022	DK885_RS03965	297	exact
C600	gene_HOICKCKO_03023	DK885_RS03960	483	exact
C600	gene_HOICKCKO_03024	DK885_RS03955	393	exact
C600	gene_HOICKCKO_03025	DK885_RS03950	660	exact
C600	gene_HOICKCKO_03026	DK885_RS03945	1350	exact
C600	gene_HOICKCKO_03027	DK885_RS03930	582	exact
C600	gene_HOICKCKO_03028	DK885_RS03925	315	exact
C600	gene_HOICKCKO_03029	DK885_RS03920	1893	exact
C600	gene_HOICKCKO_03030	DK885_RS03915	582	exact
C600	gene_HOICKCKO_03031	DK885_RS03910	828	exact
C600	gene_HOICKCKO_03032	DK885_RS03905	423	exact
C600	gene_HOICKCKO_03033	DK885_RS03900	630	exact
C600	gene_HOICKCKO_03034	DK885_RS03895	1482	exact
C600	gene_HOICKCKO_03035	DK885_RS03885	672	exact
C600	gene_HOICKCKO_03036	DK885_RS03880	1161	exact
C600	gene_HOICKCKO_03037		816	no exact sequence match
C600	gene_HOICKCKO_03038	DK885_RS03870	774	exact
C600	gene_HOICKCKO_03039	DK885_RS03865	171	exact
C600	gene_HOICKCKO_03040	DK885_RS03860	654	exact
C600	gene_HOICKCKO_03041	DK885_RS03855	291	exact
C600	gene_HOICKCKO_03042	DK885_RS03850	552	exact
C600	gene_HOICKCKO_03043		366	no exact sequence match
C600	gene_HOICKCKO_03044		906	no exact sequence match
C600	gene_HOICKCKO_03045	DK885_RS03830	2466	exact
C600	gene_HOICKCKO_03046	DK885_RS03825	750	exact
C600	gene_HOICKCKO_03047	DK885_RS03820	1065	exact
C600	gene_HOICKCKO_03048	DK885_RS03815	201	exact
C600	gene_HOICKCKO_03049	DK885_RS03810	630	exact
C600	gene_HOICKCKO_03050	DK885_RS03805	1662	exact
C600	gene_HOICKCKO_03051	DK885_RS03785	1434	exact
C600	gene_HOICKCKO_03052	DK885_RS03780	2841	exact
C600	gene_HOICKCKO_03053	DK885_RS03775	1302	exact
C600	gene_HOICKCKO_03054	DK885_RS03765	621	exact
C600	gene_HOICKCKO_03055	DK885_RS03760	1239	exact
C600	gene_HOICKCKO_03056	DK885_RS03755	822	exact
C600	gene_HOICKCKO_03057	DK885_RS03750	369	exact
C600	gene_HOICKCKO_03058	DK885_RS03745	618	exact
C600	gene_HOICKCKO_03059	DK885_RS03740	933	exact
C600	gene_HOICKCKO_03060	DK885_RS03730	912	exact
C600	gene_HOICKCKO_03061		606	no exact sequence match
C600	gene_HOICKCKO_03062	DK885_RS03720	1464	exact
C600	gene_HOICKCKO_03063	DK885_RS03715	1014	exact
C600	gene_HOICKCKO_03064	DK885_RS03705	216	exact
C600	gene_HOICKCKO_03065	DK885_RS03700	1746	exact
C600	gene_HOICKCKO_03066	DK885_RS03690	1842	exact
C600	gene_HOICKCKO_03067	DK885_RS03685	507	exact
C600	gene_HOICKCKO_03069	DK885_RS03675	765	exact
C600	gene_HOICKCKO_03070	DK885_RS03670	624	exact
C600	gene_HOICKCKO_03071	DK885_RS03665	1521	exact
C600	gene_HOICKCKO_03072		1491	no exact sequence match
C600	gene_HOICKCKO_03073	DK885_RS03650	333	exact
C600	gene_HOICKCKO_03074	DK885_RS03640	984	exact
C600	gene_HOICKCKO_03075	DK885_RS03635	3093	exact
C600	gene_HOICKCKO_03076	DK885_RS03630	450	exact
C600	gene_HOICKCKO_03077	DK885_RS03625	1434	exact
C600	gene_HOICKCKO_03078	DK885_RS03620	1071	exact
C600	gene_HOICKCKO_03079	DK885_RS03615	2352	exact
C600	gene_HOICKCKO_03080	DK885_RS03610	2019	exact
C600	gene_HOICKCKO_03081	DK885_RS03605	417	exact
C600	gene_HOICKCKO_03082	DK885_RS03600	315	exact
C600	gene_HOICKCKO_03083	DK885_RS03590	1137	exact
C600	gene_HOICKCKO_03084	DK885_RS03585	504	exact
C600	gene_HOICKCKO_03085	DK885_RS03580	693	exact
C600	gene_HOICKCKO_03086	DK885_RS03575	987	exact
C600	gene_HOICKCKO_03087	DK885_RS03570	966	exact
C600	gene_HOICKCKO_03088	DK885_RS03565	1245	exact
C600	gene_HOICKCKO_03089	DK885_RS03560	552	exact
C600	gene_HOICKCKO_03090	DK885_RS03555	1488	exact
C600	gene_HOICKCKO_03091	DK885_RS03550	1413	exact
C600	gene_HOICKCKO_03092	DK885_RS03545	1299	exact
C600	gene_HOICKCKO_03093	DK885_RS03540	777	exact
C600	gene_HOICKCKO_03094	DK885_RS03535	663	exact
C600	gene_HOICKCKO_03095	DK885_RS03530	384	exact
C600	gene_HOICKCKO_03096	DK885_RS03525	369	exact
C600	gene_HOICKCKO_03097	DK885_RS03520	306	exact
C600	gene_HOICKCKO_03098	DK885_RS03515	405	exact
C600	gene_HOICKCKO_03099	DK885_RS03510	300	exact
C600	gene_HOICKCKO_03100		483	no exact sequence match
C600	gene_HOICKCKO_03101	DK885_RS03500	987	exact
C600	gene_HOICKCKO_03102	DK885_RS03495	366	exact
C600	gene_HOICKCKO_03103	DK885_RS03490	357	exact
C600	gene_HOICKCKO_03104	DK885_RS03480	897	exact
C600	gene_HOICKCKO_03105	DK885_RS03475	702	exact
C600	gene_HOICKCKO_03106	DK885_RS03470	165	exact
C600	gene_HOICKCKO_03107	DK885_RS03465	1311	exact
C600	gene_HOICKCKO_03108	DK885_RS03460	1332	exact
C600	gene_HOICKCKO_03109	DK885_RS03450	1365	exact
C600	gene_HOICKCKO_03110	DK885_RS03445	390	exact
C600	gene_HOICKCKO_03111	DK885_RS03440	2295	exact
C600	gene_HOICKCKO_03112	DK885_RS03435	1209	exact
C600	gene_HOICKCKO_03113	DK885_RS03430	1332	exact
C600	gene_HOICKCKO_03114	DK885_RS03425	990	exact
C600	gene_HOICKCKO_03115	DK885_RS03415	939	exact
C600	gene_HOICKCKO_03116	DK885_RS03405	540	exact
C600	gene_HOICKCKO_03117	DK885_RS03400	1188	exact
C600	gene_HOICKCKO_03118	DK885_RS03390	1146	exact
C600	gene_HOICKCKO_03119	DK885_RS03385	891	exact
C600	gene_HOICKCKO_03120	DK885_RS03380	771	exact
C600	gene_HOICKCKO_03121	DK885_RS03375	1335	exact
C600	gene_HOICKCKO_03122	DK885_RS03370	1572	exact
C600	gene_HOICKCKO_03123	DK885_RS03365	336	exact
C600	gene_HOICKCKO_03124	DK885_RS03360	465	exact
C600	gene_HOICKCKO_03125	DK885_RS03355	810	exact
C600	gene_HOICKCKO_03126	DK885_RS03345	1281	exact
C600	gene_HOICKCKO_03127	DK885_RS03340	474	exact
C600	gene_HOICKCKO_03128		402	no exact sequence match
C600	gene_HOICKCKO_03129		456	no exact sequence match
C600	gene_HOICKCKO_03130	DK885_RS03325	1155	exact
C600	gene_HOICKCKO_03131	DK885_RS03320	861	exact
C600	gene_HOICKCKO_03132	DK885_RS03315	477	exact
C600	gene_HOICKCKO_03133	DK885_RS03310	804	exact
C600	gene_HOICKCKO_03134	DK885_RS03305	792	exact
C600	gene_HOICKCKO_03135		702	no exact sequence match
C600	gene_HOICKCKO_03136	DK885_RS03295	585	exact
C600	gene_HOICKCKO_03137	DK885_RS03290	696	exact
C600	gene_HOICKCKO_03138	DK885_RS03285	2517	exact
C600	gene_HOICKCKO_03139	DK885_RS03280	1092	exact
C600	gene_HOICKCKO_03140	DK885_RS03275	861	exact
C600	gene_HOICKCKO_03141	DK885_RS03270	2037	exact
C600	gene_HOICKCKO_03142	DK885_RS03265	396	exact
C600	gene_HOICKCKO_03143	DK885_RS03260	591	exact
C600	gene_HOICKCKO_03144	DK885_RS03255	576	exact
C600	gene_HOICKCKO_03145	DK885_RS03250	1041	exact
C600	gene_HOICKCKO_03146	DK885_RS03245	636	exact
C600	gene_HOICKCKO_03147	DK885_RS03240	519	exact
C600	gene_HOICKCKO_03148	DK885_RS03235	444	exact
C600	gene_HOICKCKO_03149	DK885_RS03230	303	exact
C600	gene_HOICKCKO_03150	DK885_RS03225	504	exact
C600	gene_HOICKCKO_03151	DK885_RS03220	525	exact
C600	gene_HOICKCKO_03152	DK885_RS03215	996	exact
C600	gene_HOICKCKO_03153	DK885_RS03210	879	exact
C600	gene_HOICKCKO_03154	DK885_RS03205	1008	exact
C600	gene_HOICKCKO_03155	DK885_RS03200	1245	exact
C600	gene_HOICKCKO_03156	DK885_RS03195	1890	exact
C600	gene_HOICKCKO_03157	DK885_RS03185	885	exact
C600	gene_HOICKCKO_03158	DK885_RS03180	2136	exact
C600	gene_HOICKCKO_03159	DK885_RS03175	270	exact
C600	gene_HOICKCKO_03160	DK885_RS03170	945	exact
C600	gene_HOICKCKO_03161	DK885_RS03165	402	exact
C600	gene_HOICKCKO_03162	DK885_RS03160	2673	exact
C600	gene_HOICKCKO_03163	DK885_RS03155	1488	exact
C600	gene_HOICKCKO_03164	DK885_RS03150	453	exact
C600	gene_HOICKCKO_03166	DK885_RS03140	1344	exact
C600	gene_HOICKCKO_03167		1518	no exact sequence match
C600	gene_HOICKCKO_03169	DK885_RS03125	333	exact
C600	gene_HOICKCKO_03170	DK885_RS03120	1338	exact
C600	gene_HOICKCKO_03171	DK885_RS03115	849	exact
C600	gene_HOICKCKO_03172		1944	no exact sequence match
C600	gene_HOICKCKO_03173	DK885_RS03105	630	exact
C600	gene_HOICKCKO_03174	DK885_RS03100	294	exact
C600	gene_HOICKCKO_03175	DK885_RS03095	477	exact
C600	gene_HOICKCKO_03176		1434	no exact sequence match
C600	gene_HOICKCKO_03177	DK885_RS03085	1173	exact
C600	gene_HOICKCKO_03178	DK885_RS03080	966	exact
C600	gene_HOICKCKO_03179	DK885_RS03075	258	exact
C600	gene_HOICKCKO_03180	DK885_RS03070	312	exact
C600	gene_HOICKCKO_03181	DK885_RS03065	972	exact
C600	gene_HOICKCKO_03182	DK885_RS03060	279	exact
C600	gene_HOICKCKO_03183	DK885_RS03055	1260	exact
C600	gene_HOICKCKO_03184		270	no exact sequence match
C600	gene_HOICKCKO_03185	DK885_RS03045	294	exact
C600	gene_HOICKCKO_03186	DK885_RS03040	636	exact
C600	gene_HOICKCKO_03187	DK885_RS03035	552	exact
C600	gene_HOICKCKO_03188	DK885_RS03030	783	exact
C600	gene_HOICKCKO_03189	DK885_RS03025	810	exact
C600	gene_HOICKCKO_03190	DK885_RS03020	978	exact
C600	gene_HOICKCKO_03191	DK885_RS03015	987	exact
C600	gene_HOICKCKO_03192	DK885_RS03010	567	exact
C600	gene_HOICKCKO_03193	DK885_RS03005	576	exact
C600	gene_HOICKCKO_03194	DK885_RS03000	558	exact
C600	gene_HOICKCKO_03195	DK885_RS02995	726	exact
C600	gene_HOICKCKO_03196	DK885_RS02990	1434	exact
C600	gene_HOICKCKO_03197	DK885_RS02985	288	exact
C600	gene_HOICKCKO_03198	DK885_RS02980	492	exact
C600	gene_HOICKCKO_03199	DK885_RS02975	855	exact
C600	gene_HOICKCKO_03200	DK885_RS02970	273	exact
C600	gene_HOICKCKO_03201	DK885_RS02965	633	exact
C600	gene_HOICKCKO_03202	DK885_RS02960	729	exact
C600	gene_HOICKCKO_03203	DK885_RS02955	654	exact
C600	gene_HOICKCKO_03204	DK885_RS02940	2337	exact
C600	gene_HOICKCKO_03205	DK885_RS02935	930	exact
C600	gene_HOICKCKO_03206		4554	no exact sequence match
C600	gene_HOICKCKO_03207	DK885_RS02915	1419	exact
C600	gene_HOICKCKO_03208	DK885_RS02905	765	exact
C600	gene_HOICKCKO_03209	DK885_RS02900	675	exact
C600	gene_HOICKCKO_03210	DK885_RS02895	2382	exact
C600	gene_HOICKCKO_03211		480	no exact sequence match
C600	gene_HOICKCKO_03212	DK885_RS01350;DK885_RS02885;DK885_RS04165;DK885_RS08270;DK885_RS09185;DK885_RS13010;DK885_RS16725;DK885_RS17340;DK885_RS18605	981	exact
C600	gene_HOICKCKO_03213		246	no exact sequence match
C600	gene_HOICKCKO_03214	DK885_RS02875	717	exact
C600	gene_HOICKCKO_03215	DK885_RS02870	1128	exact
C600	gene_HOICKCKO_03216	DK885_RS02865	465	exact
C600	gene_HOICKCKO_03217	DK885_RS02860	876	exact
C600	gene_HOICKCKO_03218	DK885_RS02855	690	exact
C600	gene_HOICKCKO_03219	DK885_RS02850	1491	exact
C600	gene_HOICKCKO_03220	DK885_RS02845	894	exact
C600	gene_HOICKCKO_03221	DK885_RS02840	792	exact
C600	gene_HOICKCKO_03222	DK885_RS02830	1368	exact
C600	gene_HOICKCKO_03223	DK885_RS02825	498	exact
C600	gene_HOICKCKO_03224	DK885_RS02820	639	exact
C600	gene_HOICKCKO_03225	DK885_RS02810	393	exact
C600	gene_HOICKCKO_03226	DK885_RS02805	429	exact
C600	gene_HOICKCKO_03227	DK885_RS02800	1128	exact
C600	gene_HOICKCKO_03228	DK885_RS02795	399	exact
C600	gene_HOICKCKO_03229	DK885_RS02790	1368	exact
C600	gene_HOICKCKO_03230	DK885_RS02785	1068	exact
C600	gene_HOICKCKO_03231	DK885_RS02780	939	exact
C600	gene_HOICKCKO_03232	DK885_RS02775	471	exact
C600	gene_HOICKCKO_03233	DK885_RS02770	264	exact
C600	gene_HOICKCKO_03234	DK885_RS02765	273	exact
C600	gene_HOICKCKO_03235		1968	no exact sequence match
C600	gene_HOICKCKO_03236	DK885_RS02755	933	exact
C600	gene_HOICKCKO_03237	DK885_RS02750	204	exact
C600	gene_HOICKCKO_03238	DK885_RS02745	930	exact
C600	gene_HOICKCKO_03239	DK885_RS02740	1446	exact
C600	gene_HOICKCKO_03240	DK885_RS02735	3801	exact
C600	gene_HOICKCKO_03241	DK885_RS02730	1470	exact
C600	gene_HOICKCKO_03242	DK885_RS02725	594	exact
C600	gene_HOICKCKO_03243	DK885_RS02720	489	exact
C600	gene_HOICKCKO_03244	DK885_RS02715	1104	exact
C600	gene_HOICKCKO_03245	DK885_RS02710	1044	exact
C600	gene_HOICKCKO_03246	DK885_RS02695	1941	exact
C600	gene_HOICKCKO_03247	DK885_RS02690	975	exact
C600	gene_HOICKCKO_03248	DK885_RS02680	471	exact
C600	gene_HOICKCKO_03249	DK885_RS02675	1350	exact
C600	gene_HOICKCKO_03250	DK885_RS02670	243	exact
C600	gene_HOICKCKO_03251	DK885_RS02665	1452	exact
C600	gene_HOICKCKO_03252	DK885_RS02660	882	exact
C600	gene_HOICKCKO_03253	DK885_RS02655	966	exact
C600	gene_HOICKCKO_03254	DK885_RS02650	297	exact
C600	gene_HOICKCKO_03255	DK885_RS02645	885	exact
C600	gene_HOICKCKO_03256	DK885_RS02640	180	exact
C600	gene_HOICKCKO_03257	DK885_RS02635	663	exact
C600	gene_HOICKCKO_03258	DK885_RS02625	1158	exact
C600	gene_HOICKCKO_03259	DK885_RS02620	3105	exact
C600	gene_HOICKCKO_03260		291	no exact sequence match
C600	gene_HOICKCKO_03261	DK885_RS02615	222	exact
C600	gene_HOICKCKO_03262		237	no exact sequence match
C600	gene_HOICKCKO_03263		792	no exact sequence match
C600	gene_HOICKCKO_03264	DK885_RS02595	1182	exact
C600	gene_HOICKCKO_03265	DK885_RS02590	1104	exact
C600	gene_HOICKCKO_03266	DK885_RS02585	759	exact
C600	gene_HOICKCKO_03274	DK885_RS02545	555	exact
C600	gene_HOICKCKO_03275		258	no exact sequence match
C600	gene_HOICKCKO_03276	DK885_RS02530	819	exact
C600	gene_HOICKCKO_03277	DK885_RS02525	573	exact
C600	gene_HOICKCKO_03278	DK885_RS02520	543	exact
C600	gene_HOICKCKO_03279	DK885_RS02515	474	exact
C600	gene_HOICKCKO_03280	DK885_RS02510	1125	exact
C600	gene_HOICKCKO_03281	DK885_RS02505	510	exact
C600	gene_HOICKCKO_03282	DK885_RS02500	948	exact
C600	gene_HOICKCKO_03283	DK885_RS02495	1290	exact
C600	gene_HOICKCKO_03284	DK885_RS02490	1377	exact
C600	gene_HOICKCKO_03285	DK885_RS02485	411	exact
C600	gene_HOICKCKO_03286	DK885_RS02480	219	exact
C600	gene_HOICKCKO_03287	DK885_RS02475	426	exact
C600	gene_HOICKCKO_03288	DK885_RS02470	369	exact
C600	gene_HOICKCKO_03289	DK885_RS02465	384	exact
C600	gene_HOICKCKO_03290	DK885_RS02460	990	exact
C600	gene_HOICKCKO_03291		621	no exact sequence match
C600	gene_HOICKCKO_03292	DK885_RS02450	390	exact
C600	gene_HOICKCKO_03293	DK885_RS02445	357	exact
C600	gene_HOICKCKO_03294	DK885_RS02440	117	exact
C600	gene_HOICKCKO_03295	DK885_RS02435	1332	exact
C600	gene_HOICKCKO_03296	DK885_RS02430	435	exact
C600	gene_HOICKCKO_03297	DK885_RS02425	180	exact
C600	gene_HOICKCKO_03298	DK885_RS02420	504	exact
C600	gene_HOICKCKO_03299	DK885_RS02415	354	exact
C600	gene_HOICKCKO_03300	DK885_RS02410	534	exact
C600	gene_HOICKCKO_03301	DK885_RS02405	393	exact
C600	gene_HOICKCKO_03302	DK885_RS02400	306	exact
C600	gene_HOICKCKO_03303	DK885_RS02395	540	exact
C600	gene_HOICKCKO_03304	DK885_RS02390	315	exact
C600	gene_HOICKCKO_03305	DK885_RS02385	372	exact
C600	gene_HOICKCKO_03306	DK885_RS02380	255	exact
C600	gene_HOICKCKO_03307	DK885_RS02375	192	exact
C600	gene_HOICKCKO_03308	DK885_RS02370	411	exact
C600	gene_HOICKCKO_03309	DK885_RS02365	702	exact
C600	gene_HOICKCKO_03310	DK885_RS02360	333	exact
C600	gene_HOICKCKO_03311	DK885_RS02355	279	exact
C600	gene_HOICKCKO_03312	DK885_RS02350	822	exact
C600	gene_HOICKCKO_03313	DK885_RS02345	303	exact
C600	gene_HOICKCKO_03314	DK885_RS02340	606	exact
C600	gene_HOICKCKO_03315	DK885_RS02335	630	exact
C600	gene_HOICKCKO_03316	DK885_RS02330	312	exact
C600	gene_HOICKCKO_03317	DK885_RS02325	420	exact
C600	gene_HOICKCKO_03318	DK885_RS02320	1470	exact
C600	gene_HOICKCKO_03319	DK885_RS02315	816	exact
C600	gene_HOICKCKO_03320	DK885_RS02310	1953	exact
C600	gene_HOICKCKO_03321	DK885_RS02305	1482	exact
C600	gene_HOICKCKO_03322	DK885_RS02300	1197	exact
C600	gene_HOICKCKO_03323	DK885_RS02295	438	exact
C600	gene_HOICKCKO_03324	DK885_RS02290	510	exact
C600	gene_HOICKCKO_03325	DK885_RS02285	378	exact
C600	gene_HOICKCKO_03326	DK885_RS02280	588	exact
C600	gene_HOICKCKO_03327	DK885_RS02275	984	exact
C600	gene_HOICKCKO_03328	DK885_RS02270	1164	exact
C600	gene_HOICKCKO_03329	DK885_RS02265	462	exact
C600	gene_HOICKCKO_03330	DK885_RS02260	678	exact
C600	gene_HOICKCKO_03331	DK885_RS02255	477	exact
C600	gene_HOICKCKO_03332	DK885_RS02250	195	exact
C600	gene_HOICKCKO_03333	DK885_RS02245	2694	exact
C600	gene_HOICKCKO_03334	DK885_RS02235	1185	exact
C600	gene_HOICKCKO_03335	DK885_RS02230	2115	exact
C600	gene_HOICKCKO_03336		540	no exact sequence match
C600	gene_HOICKCKO_03337		375	no exact sequence match
C600	gene_HOICKCKO_03338	DK885_RS02215	288	exact
C600	gene_HOICKCKO_03339	DK885_RS02210	360	exact
C600	gene_HOICKCKO_03340	DK885_RS02205	387	exact
C600	gene_HOICKCKO_03341	DK885_RS02200	723	exact
C600	gene_HOICKCKO_03342	DK885_RS02195	813	exact
C600	gene_HOICKCKO_03343	DK885_RS02190	219	exact
C600	gene_HOICKCKO_03344	DK885_RS02185	591	exact
C600	gene_HOICKCKO_03345	DK885_RS02180	201	exact
C600	gene_HOICKCKO_03346	DK885_RS02175	1806	exact
C600	gene_HOICKCKO_03347	DK885_RS02170	552	exact
C600	gene_HOICKCKO_03348	DK885_RS02160	1914	exact
C600	gene_HOICKCKO_03349	DK885_RS02155	1023	exact
C600	gene_HOICKCKO_03350	DK885_RS02150	219	exact
C600	gene_HOICKCKO_03351	DK885_RS02145	870	exact
C600	gene_HOICKCKO_03352	DK885_RS02140	405	exact
C600	gene_HOICKCKO_03353	DK885_RS02130	633	exact
C600	gene_HOICKCKO_03354	DK885_RS02125	2091	exact
C600	gene_HOICKCKO_03355	DK885_RS02120	1221	exact
C600	gene_HOICKCKO_03356	DK885_RS02115	564	exact
C600	gene_HOICKCKO_03357	DK885_RS02110	603	exact
C600	gene_HOICKCKO_03358	DK885_RS02105	168	exact
C600	gene_HOICKCKO_03359	DK885_RS02100	573	exact
C600	gene_HOICKCKO_03360	DK885_RS02095	1182	exact
C600	gene_HOICKCKO_03361	DK885_RS02090	2544	exact
C600	gene_HOICKCKO_03362	DK885_RS02085	327	exact
C600	gene_HOICKCKO_03363	DK885_RS02080	807	exact
C600	gene_HOICKCKO_03364	DK885_RS02075	1374	exact
C600	gene_HOICKCKO_03365	DK885_RS02070	168	exact
C600	gene_HOICKCKO_03366	DK885_RS02065	1338	exact
C600	gene_HOICKCKO_03367	DK885_RS02060	1023	exact
C600	gene_HOICKCKO_03368	DK885_RS02050	831	exact
C600	gene_HOICKCKO_03369	DK885_RS02045	786	exact
C600	gene_HOICKCKO_03370	DK885_RS02040	732	exact
C600	gene_HOICKCKO_03371	DK885_RS02035	1086	exact
C600	gene_HOICKCKO_03372	DK885_RS02030	1305	exact
C600	gene_HOICKCKO_03373	DK885_RS02025	354	exact
C600	gene_HOICKCKO_03374	DK885_RS02020	879	exact
C600	gene_HOICKCKO_03375	DK885_RS02015	1227	exact
C600	gene_HOICKCKO_03376	DK885_RS02010	1164	exact
C600	gene_HOICKCKO_03377	DK885_RS02005	363	exact
C600	gene_HOICKCKO_03378	DK885_RS02000	906	exact
C600	gene_HOICKCKO_03379	DK885_RS01990	1005	exact
C600	gene_HOICKCKO_03380	DK885_RS01985	759	exact
C600	gene_HOICKCKO_03381	DK885_RS01980	678	exact
C600	gene_HOICKCKO_03382	DK885_RS01975	837	exact
C600	gene_HOICKCKO_03383	DK885_RS01970	1287	exact
C600	gene_HOICKCKO_03384	DK885_RS01965	1089	exact
C600	gene_HOICKCKO_03385	DK885_RS01960	522	exact
C600	gene_HOICKCKO_03386		1209	no exact sequence match
C600	gene_HOICKCKO_03387	DK885_RS01950	405	exact
C600	gene_HOICKCKO_03388	DK885_RS01945	441	exact
C600	gene_HOICKCKO_03389	DK885_RS01940	540	exact
C600	gene_HOICKCKO_03390	DK885_RS01935	780	exact
C600	gene_HOICKCKO_03391	DK885_RS01930	2553	exact
C600	gene_HOICKCKO_03392	DK885_RS01925	561	exact
C600	gene_HOICKCKO_03393	DK885_RS01920	2136	exact
C600	gene_HOICKCKO_03394	DK885_RS01915	669	exact
C600	gene_HOICKCKO_03395	DK885_RS01910	402	exact
C600	gene_HOICKCKO_03396	DK885_RS01905	879	exact
C600	gene_HOICKCKO_03397	DK885_RS01900	1725	exact
C600	gene_HOICKCKO_03398	DK885_RS01890	1623	exact
C600	gene_HOICKCKO_03399	DK885_RS01885	1353	exact
C600	gene_HOICKCKO_03400	DK885_RS01880	720	exact
C600	gene_HOICKCKO_03401	DK885_RS01870	477	exact
C600	gene_HOICKCKO_03402	DK885_RS01865	2322	exact
C600	gene_HOICKCKO_03403	DK885_RS01855	228	exact
C600	gene_HOICKCKO_03404	DK885_RS01850	2322	exact
C600	gene_HOICKCKO_03405	DK885_RS01845	237	exact
C600	gene_HOICKCKO_03406	DK885_RS01835	879	exact
C600	gene_HOICKCKO_03407	DK885_RS01830	771	exact
C600	gene_HOICKCKO_03408	DK885_RS01825	684	exact
C600	gene_HOICKCKO_03409	DK885_RS01820	576	exact
C600	gene_HOICKCKO_03410	DK885_RS01815	1317	exact
C600	gene_HOICKCKO_03411	DK885_RS01810	2085	exact
C600	gene_HOICKCKO_03412	DK885_RS01805	2394	exact
C600	gene_HOICKCKO_03413		2706	no exact sequence match
C600	gene_HOICKCKO_03414	DK885_RS01795	1017	exact
C600	gene_HOICKCKO_03415	DK885_RS01790	1227	exact
C600	gene_HOICKCKO_03416	DK885_RS01785	1599	exact
C600	gene_HOICKCKO_03417		507	no exact sequence match
C600	gene_HOICKCKO_03418	DK885_RS01775	831	exact
C600	gene_HOICKCKO_03419	DK885_RS01770	327	exact
C600	gene_HOICKCKO_03420	DK885_RS01765	1506	exact
C600	gene_HOICKCKO_03421		282	no exact sequence match
C600	gene_HOICKCKO_03422	DK885_RS01755	2448	exact
C600	gene_HOICKCKO_03423	DK885_RS01750	1434	exact
C600	gene_HOICKCKO_03424	DK885_RS01745	1296	exact
C600	gene_HOICKCKO_03425	DK885_RS01740	1974	exact
C600	gene_HOICKCKO_03426	DK885_RS01735	2187	exact
C600	gene_HOICKCKO_03427	DK885_RS01730	1104	exact
C600	gene_HOICKCKO_03428	DK885_RS01725	594	exact
C600	gene_HOICKCKO_03429	DK885_RS01720	1341	exact
C600	gene_HOICKCKO_03430	DK885_RS01715	528	exact
C600	gene_HOICKCKO_03431	DK885_RS01710	996	exact
C600	gene_HOICKCKO_03432	DK885_RS01705	696	exact
C600	gene_HOICKCKO_03433	DK885_RS01700	1038	exact
C600	gene_HOICKCKO_03434	DK885_RS01690	489	exact
C600	gene_HOICKCKO_03435	DK885_RS01685	1179	exact
C600	gene_HOICKCKO_03436	DK885_RS01680	417	exact
C600	gene_HOICKCKO_03437		276	no exact sequence match
C600	gene_HOICKCKO_03438		378	no exact sequence match
C600	gene_HOICKCKO_03439	DK885_RS23815	156	exact
C600	gene_HOICKCKO_03440	DK885_RS01665	285	exact
C600	gene_HOICKCKO_03441	DK885_RS01660	1743	exact
C600	gene_HOICKCKO_03442	DK885_RS01655	441	exact
C600	gene_HOICKCKO_03443	DK885_RS01650	744	exact
C600	gene_HOICKCKO_03444	DK885_RS01645	1071	exact
C600	gene_HOICKCKO_03445	DK885_RS01640	846	exact
C600	gene_HOICKCKO_03446	DK885_RS01635	888	exact
C600	gene_HOICKCKO_03447	DK885_RS01630	1317	exact
C600	gene_HOICKCKO_03448	DK885_RS01625	714	exact
C600	gene_HOICKCKO_03449	DK885_RS01620	768	exact
C600	gene_HOICKCKO_03450	DK885_RS01615	1278	exact
C600	gene_HOICKCKO_03451	DK885_RS01610	927	exact
C600	gene_HOICKCKO_03452	DK885_RS01605	1110	exact
C600	gene_HOICKCKO_03453	DK885_RS01600	384	exact
C600	gene_HOICKCKO_03454	DK885_RS01595	1104	exact
C600	gene_HOICKCKO_03455	DK885_RS01590	855	exact
C600	gene_HOICKCKO_03456	DK885_RS01585	1059	exact
C600	gene_HOICKCKO_03457	DK885_RS01580	669	exact
C600	gene_HOICKCKO_03458	DK885_RS01575	1494	exact
C600	gene_HOICKCKO_03459	DK885_RS01570	597	exact
C600	gene_HOICKCKO_03460	DK885_RS01565	270	exact
C600	gene_HOICKCKO_03461	DK885_RS01560	360	exact
C600	gene_HOICKCKO_03462	DK885_RS01555	627	exact
C600	gene_HOICKCKO_03463	DK885_RS01550	2199	exact
C600	gene_HOICKCKO_03464	DK885_RS01545	246	exact
C600	gene_HOICKCKO_03465	DK885_RS01540	666	exact
C600	gene_HOICKCKO_03466	DK885_RS01535	558	exact
C600	gene_HOICKCKO_03467		1251	no exact sequence match
C600	gene_HOICKCKO_03468	DK885_RS01525	1050	exact
C600	gene_HOICKCKO_03469	DK885_RS01520	588	exact
C600	gene_HOICKCKO_03470	DK885_RS01515	1575	exact
C600	gene_HOICKCKO_03471	DK885_RS01510	945	exact
C600	gene_HOICKCKO_03472	DK885_RS01505	834	exact
C600	gene_HOICKCKO_03473	DK885_RS01500	765	exact
C600	gene_HOICKCKO_03474	DK885_RS01495	807	exact
C600	gene_HOICKCKO_03475	DK885_RS01490	402	exact
C600	gene_HOICKCKO_03476	DK885_RS01485	4236	exact
C600	gene_HOICKCKO_03477	DK885_RS01480	384	exact
C600	gene_HOICKCKO_03478		246	no exact sequence match
C600	gene_HOICKCKO_03479	DK885_RS01470	1137	exact
C600	gene_HOICKCKO_03480	DK885_RS01465	1125	exact
C600	gene_HOICKCKO_03481	DK885_RS01460	2736	exact
C600	gene_HOICKCKO_03482	DK885_RS01455	1068	exact
C600	gene_HOICKCKO_03483	DK885_RS01450	1623	exact
C600	gene_HOICKCKO_03484		372	no exact sequence match
C600	gene_HOICKCKO_03485		1239	no exact sequence match
C600	gene_HOICKCKO_03486	DK885_RS01435	1053	exact
C600	gene_HOICKCKO_03487	DK885_RS01430	1203	exact
C600	gene_HOICKCKO_03488	DK885_RS01425	1500	exact
C600	gene_HOICKCKO_03489	DK885_RS01420	336	exact
C600	gene_HOICKCKO_03490	DK885_RS01415	435	exact
C600	gene_HOICKCKO_03491	DK885_RS01405	1470	exact
C600	gene_HOICKCKO_03492	DK885_RS01400	753	exact
C600	gene_HOICKCKO_03493	DK885_RS01395	2043	exact
C600	gene_HOICKCKO_03494	DK885_RS01390	843	exact
C600	gene_HOICKCKO_03495	DK885_RS01385	1353	exact
C600	gene_HOICKCKO_03496		174	no exact sequence match
C600	gene_HOICKCKO_03497	DK885_RS01370	354	exact
C600	gene_HOICKCKO_03498	DK885_RS01365	1290	exact
C600	gene_HOICKCKO_03499	DK885_RS01360	426	exact
C600	gene_HOICKCKO_03500		783	no exact sequence match
C600	gene_HOICKCKO_03501	DK885_RS01350;DK885_RS02885;DK885_RS04165;DK885_RS08270;DK885_RS09185;DK885_RS13010;DK885_RS16725;DK885_RS17340;DK885_RS18605	981	exact
C600	gene_HOICKCKO_03502	DK885_RS01340	567	exact
C600	gene_HOICKCKO_03503	DK885_RS01330	531	exact
C600	gene_HOICKCKO_03504		576	no exact sequence match
C600	gene_HOICKCKO_03505		339	no exact sequence match
C600	gene_HOICKCKO_03506	DK885_RS01315	333	exact
C600	gene_HOICKCKO_03507	DK885_RS01310	573	exact
C600	gene_HOICKCKO_03508	DK885_RS01305	528	exact
C600	gene_HOICKCKO_03509	DK885_RS01300	279	exact
C600	gene_HOICKCKO_03510		1158	no exact sequence match
C600	gene_HOICKCKO_03511	DK885_RS01290	3114	exact
C600	gene_HOICKCKO_03512	DK885_RS01280	729	exact
C600	gene_HOICKCKO_03513	DK885_RS01275	825	exact
C600	gene_HOICKCKO_03514	DK885_RS01270	1401	exact
C600	gene_HOICKCKO_03515	DK885_RS01265	1398	exact
C600	gene_HOICKCKO_03516	DK885_RS01260	1650	exact
C600	gene_HOICKCKO_03517	DK885_RS01255	603	exact
C600	gene_HOICKCKO_03518		972	no exact sequence match
C600	gene_HOICKCKO_03519	DK885_RS01245	1014	exact
C600	gene_HOICKCKO_03520	DK885_RS01240	1323	exact
C600	gene_HOICKCKO_03521	DK885_RS01235	2061	exact
C600	gene_HOICKCKO_03522	DK885_RS01230	768	exact
C600	gene_HOICKCKO_03523	DK885_RS01220	930	exact
C600	gene_HOICKCKO_03524	DK885_RS01215	1497	exact
C600	gene_HOICKCKO_03525	DK885_RS01210	1287	exact
C600	gene_HOICKCKO_03526		1950	no exact sequence match
C600	gene_HOICKCKO_03527	DK885_RS01195	3474	exact
C600	gene_HOICKCKO_03528	DK885_RS01190	1107	exact
C600	gene_HOICKCKO_03529		2304	no exact sequence match
C600	gene_HOICKCKO_03530	DK885_RS01180	2619	exact
C600	gene_HOICKCKO_03531	DK885_RS01175	729	exact
C600	gene_HOICKCKO_03532	DK885_RS01170	189	exact
C600	gene_HOICKCKO_03533		1560	no exact sequence match
C600	gene_HOICKCKO_03534	DK885_RS01160	192	exact
C600	gene_HOICKCKO_03535	DK885_RS01155	1680	exact
C600	gene_HOICKCKO_03536	DK885_RS01150	108	exact
C600	gene_HOICKCKO_03537	DK885_RS01135	1272	exact
C600	gene_HOICKCKO_03538	DK885_RS01130	1005	exact
C600	gene_HOICKCKO_03539	DK885_RS01125	984	exact
C600	gene_HOICKCKO_03540	DK885_RS01120	903	exact
C600	gene_HOICKCKO_03541	DK885_RS01115	1020	exact
C600	gene_HOICKCKO_03542	DK885_RS01110	1608	exact
C600	gene_HOICKCKO_03544	DK885_RS01090	1692	exact
C600	gene_HOICKCKO_03545	DK885_RS01085	1209	exact
C600	gene_HOICKCKO_03546	DK885_RS01075	699	exact
C600	gene_HOICKCKO_03547	DK885_RS01070	564	exact
C600	gene_HOICKCKO_03548	DK885_RS01065	441	exact
C600	gene_HOICKCKO_03549	DK885_RS01060	2334	exact
C600	gene_HOICKCKO_03550	DK885_RS01055	660	exact
C600	gene_HOICKCKO_03551	DK885_RS01050	975	exact
C600	gene_HOICKCKO_03552	DK885_RS01045	711	exact
C600	gene_HOICKCKO_03553	DK885_RS01040	291	exact
C600	gene_HOICKCKO_03554	DK885_RS01035	213	exact
C600	gene_HOICKCKO_03555	DK885_RS01030	153	exact
C600	gene_HOICKCKO_03556		522	no exact sequence match
C600	gene_HOICKCKO_03557		366	no exact sequence match
C600	gene_HOICKCKO_03558	DK885_RS01020	2070	exact
C600	gene_HOICKCKO_03559		912	no exact sequence match
C600	gene_HOICKCKO_03560	DK885_RS01010	300	exact
C600	gene_HOICKCKO_03561	DK885_RS01005	996	exact
C600	gene_HOICKCKO_03562	DK885_RS01000	438	exact
C600	gene_HOICKCKO_03563	DK885_RS00995	342	exact
C600	gene_HOICKCKO_03564	DK885_RS00990	1455	exact
C600	gene_HOICKCKO_03565	DK885_RS00985	1323	exact
C600	gene_HOICKCKO_03566	DK885_RS00980	993	exact
C600	gene_HOICKCKO_03567	DK885_RS00975	1542	exact
C600	gene_HOICKCKO_03568	DK885_RS00970	1182	exact
C600	gene_HOICKCKO_03569	DK885_RS00965	1179	exact
C600	gene_HOICKCKO_03570	DK885_RS00960	825	exact
C600	gene_HOICKCKO_03571	DK885_RS00955	2031	exact
C600	gene_HOICKCKO_03572	DK885_RS00950	1254	exact
C600	gene_HOICKCKO_03573	DK885_RS00945	474	exact
C600	gene_HOICKCKO_03574	DK885_RS00940	849	exact
C600	gene_HOICKCKO_03575	DK885_RS00935	999	exact
C600	gene_HOICKCKO_03576	DK885_RS00930	468	exact
C600	gene_HOICKCKO_03577	DK885_RS00925	474	exact
C600	gene_HOICKCKO_03578	DK885_RS00920	1278	exact
C600	gene_HOICKCKO_03579	DK885_RS00915	987	exact
C600	gene_HOICKCKO_03580	DK885_RS00910	1497	exact
C600	gene_HOICKCKO_03581	DK885_RS00905	663	exact
C600	gene_HOICKCKO_03582	DK885_RS00900	861	exact
C600	gene_HOICKCKO_03583	DK885_RS00895	696	exact
C600	gene_HOICKCKO_03584	DK885_RS00885	741	exact
C600	gene_HOICKCKO_03585	DK885_RS00880	975	exact
C600	gene_HOICKCKO_03586	DK885_RS00875	1137	exact
C600	gene_HOICKCKO_03587	DK885_RS00870	324	exact
C600	gene_HOICKCKO_03588		213	no exact sequence match
C600	gene_HOICKCKO_03589	DK885_RS00855	1539	exact
C600	gene_HOICKCKO_03590	DK885_RS00850	1152	exact
C600	gene_HOICKCKO_03591	DK885_RS00845	1845	exact
C600	gene_HOICKCKO_03592	DK885_RS00840	1392	exact
C600	gene_HOICKCKO_03593	DK885_RS00835	609	exact
C600	gene_HOICKCKO_03594		4134	no exact sequence match
C600	gene_HOICKCKO_03595	DK885_RS00825	843	exact
C600	gene_HOICKCKO_03596		696	no exact sequence match
C600	gene_HOICKCKO_03597	DK885_RS00815	462	exact
C600	gene_HOICKCKO_03598	DK885_RS00795	1137	exact
C600	gene_HOICKCKO_03599	DK885_RS00790	363	exact
C600	gene_HOICKCKO_03600	DK885_RS00785	1914	exact
C600	gene_HOICKCKO_03601	DK885_RS00780	1149	exact
C600	gene_HOICKCKO_03602	DK885_RS00775	588	exact
C600	gene_HOICKCKO_03603	DK885_RS00770	210	exact
C600	gene_HOICKCKO_03604	DK885_RS00765	363	exact
C600	gene_HOICKCKO_03605	DK885_RS00755	1656	exact
C600	gene_HOICKCKO_03606	DK885_RS00750	777	exact
C600	gene_HOICKCKO_03607	DK885_RS00745	1191	exact
C600	gene_HOICKCKO_03608	DK885_RS00740	474	exact
C600	gene_HOICKCKO_03609	DK885_RS00735	822	exact
C600	gene_HOICKCKO_03610	DK885_RS00730	1020	exact
C600	gene_HOICKCKO_03611	DK885_RS00725	468	exact
C600	gene_HOICKCKO_03612	DK885_RS00720	252	exact
C600	gene_HOICKCKO_03613	DK885_RS00715	432	exact
C600	gene_HOICKCKO_03614	DK885_RS00705	1545	exact
C600	gene_HOICKCKO_03615	DK885_RS00700	1260	exact
C600	gene_HOICKCKO_03616	DK885_RS00695	960	exact
C600	gene_HOICKCKO_03617	DK885_RS00690	1035	exact
C600	gene_HOICKCKO_03618	DK885_RS00685	1026	exact
C600	gene_HOICKCKO_03619	DK885_RS00680	1197	exact
C600	gene_HOICKCKO_03620		873	no exact sequence match
C600	gene_HOICKCKO_03621	DK885_RS00670	933	exact
C600	gene_HOICKCKO_03622	DK885_RS00665	1047	exact
C600	gene_HOICKCKO_03623	DK885_RS00660	960	exact
C600	gene_HOICKCKO_03624	DK885_RS00655	1260	exact
C600	gene_HOICKCKO_03625	DK885_RS00650	1074	exact
C600	gene_HOICKCKO_03626	DK885_RS00645	852	exact
C600	gene_HOICKCKO_03627	DK885_RS00640	699	exact
C600	gene_HOICKCKO_03628	DK885_RS00635	1017	exact
C600	gene_HOICKCKO_03629	DK885_RS00630	1020	exact
C600	gene_HOICKCKO_03630	DK885_RS00625	1080	exact
C600	gene_HOICKCKO_03631	DK885_RS00620	936	exact
C600	gene_HOICKCKO_03632	DK885_RS00615	798	exact
C600	gene_HOICKCKO_03633	DK885_RS00610	1125	exact
C600	gene_HOICKCKO_03634	DK885_RS00605	1071	exact
C600	gene_HOICKCKO_03635	DK885_RS00600	1278	exact
C600	gene_HOICKCKO_03636	DK885_RS00595	480	exact
C600	gene_HOICKCKO_03637	DK885_RS00590	810	exact
C600	gene_HOICKCKO_03638	DK885_RS00585	168	exact
C600	gene_HOICKCKO_03639	DK885_RS00580	237	exact
C600	gene_HOICKCKO_03640	DK885_RS00575	669	exact
C600	gene_HOICKCKO_03641	DK885_RS00570	1221	exact
C600	gene_HOICKCKO_03642	DK885_RS00565	459	exact
C600	gene_HOICKCKO_03643	DK885_RS00560	597	exact
C600	gene_HOICKCKO_03644	DK885_RS00555	642	exact
C600	gene_HOICKCKO_03645		687	no exact sequence match
C600	gene_HOICKCKO_03646	DK885_RS00540	864	exact
C600	gene_HOICKCKO_03647	DK885_RS00535	825	exact
C600	gene_HOICKCKO_03648	DK885_RS00530	618	exact
C600	gene_HOICKCKO_03649	DK885_RS00525	1683	exact
C600	gene_HOICKCKO_03650	DK885_RS00520	624	exact
C600	gene_HOICKCKO_03651	DK885_RS00515	276	exact
C600	gene_HOICKCKO_03652	DK885_RS00510	2109	exact
C600	gene_HOICKCKO_03653	DK885_RS00505	690	exact
C600	gene_HOICKCKO_03654	DK885_RS00500	2082	exact
C600	gene_HOICKCKO_03655	DK885_RS00495	1206	exact
C600	gene_HOICKCKO_03656	DK885_RS00490	1392	exact
C600	gene_HOICKCKO_03657	DK885_RS00485	1710	exact
C600	gene_HOICKCKO_03658	DK885_RS00480	2319	exact
C600	gene_HOICKCKO_03659	DK885_RS00475	1383	exact
C600	gene_HOICKCKO_03661	DK885_RS00460	1185	exact
C600	gene_HOICKCKO_03662	DK885_RS00455	924	exact
C600	gene_HOICKCKO_03663	DK885_RS00450	819	exact
C600	gene_HOICKCKO_03664	DK885_RS00440	294	exact
C600	gene_HOICKCKO_03665		1239	no exact sequence match
C600	gene_HOICKCKO_03666	DK885_RS00425	453	exact
C600	gene_HOICKCKO_03667	DK885_RS00420	1335	exact
C600	gene_HOICKCKO_03668	DK885_RS00415	1767	exact
C600	gene_HOICKCKO_03669	DK885_RS00410	1392	exact
C600	gene_HOICKCKO_03670	DK885_RS00405	1320	exact
C600	gene_HOICKCKO_03671	DK885_RS00400	1503	exact
C600	gene_HOICKCKO_03672	DK885_RS00395	591	exact
C600	gene_HOICKCKO_03673	DK885_RS00390	291	exact
C600	gene_HOICKCKO_03674	DK885_RS00385	1689	exact
C600	gene_HOICKCKO_03675	DK885_RS00360	90	exact
C600	gene_HOICKCKO_03676	DK885_RS00350	1185	exact
C600	gene_HOICKCKO_03677	DK885_RS00345	498	exact
C600	gene_HOICKCKO_03678	DK885_RS00340	363	exact
C600	gene_HOICKCKO_03679	DK885_RS00335	348	exact
C600	gene_HOICKCKO_03680	DK885_RS00330	450	exact
C600	gene_HOICKCKO_03681	DK885_RS00325	1494	exact
C600	gene_HOICKCKO_03682	DK885_RS00320	1716	exact
C600	gene_HOICKCKO_03683	DK885_RS00315	894	exact
C600	gene_HOICKCKO_03684		177	no exact sequence match
C600	gene_HOICKCKO_03685		639	no exact sequence match
C600	gene_HOICKCKO_03686		486	no exact sequence match
C600	gene_HOICKCKO_03687		1107	no exact sequence match
C600	gene_HOICKCKO_03688	DK885_RS00300	717	exact
C600	gene_HOICKCKO_03689	DK885_RS00295	1662	exact
C600	gene_HOICKCKO_03690	DK885_RS00290	429	exact
C600	gene_HOICKCKO_03691	DK885_RS00285	414	exact
C600	gene_HOICKCKO_03692		261	no exact sequence match
C600	gene_HOICKCKO_03693	DK885_RS00275	1215	exact
C600	gene_HOICKCKO_03694	DK885_RS00270	1065	exact
C600	gene_HOICKCKO_03695		1293	no exact sequence match
C600	gene_HOICKCKO_03696	DK885_RS00260	1149	exact
C600	gene_HOICKCKO_03697	DK885_RS00255	618	exact
C600	gene_HOICKCKO_03698	DK885_RS00250	879	exact
C600	gene_HOICKCKO_03699	DK885_RS00245	690	exact
C600	gene_HOICKCKO_03700	DK885_RS00240	657	exact
C600	gene_HOICKCKO_03701	DK885_RS00235	813	exact
C600	gene_HOICKCKO_03702	DK885_RS00230	399	exact
C600	gene_HOICKCKO_03703	DK885_RS00225	2415	exact
C600	gene_HOICKCKO_03704	DK885_RS00220	1074	exact
C600	gene_HOICKCKO_03705	DK885_RS00215	1101	exact
C600	gene_HOICKCKO_03706	DK885_RS00210	1404	exact
C600	gene_HOICKCKO_03707	DK885_RS00200	141	exact
C600	gene_HOICKCKO_03708		327	no exact sequence match
C600	gene_HOICKCKO_03709	DK885_RS00185	1647	exact
C600	gene_HOICKCKO_03710	DK885_RS00180	1365	exact
C600	gene_HOICKCKO_03711	DK885_RS00170	1416	exact
C600	gene_HOICKCKO_03712	DK885_RS00165	1248	exact
C600	gene_HOICKCKO_03713	DK885_RS00160	1176	exact
C600	gene_HOICKCKO_03714	DK885_RS00155	960	exact
C600	gene_HOICKCKO_03715	DK885_RS00150	750	exact
C600	gene_HOICKCKO_03716	DK885_RS00145	567	exact
C600	gene_HOICKCKO_03717	DK885_RS00140	1338	exact
C600	gene_HOICKCKO_03718	DK885_RS00135	666	exact
C600	gene_HOICKCKO_03719	DK885_RS00130	468	exact
C600	gene_HOICKCKO_03720	DK885_RS00125	588	exact
C600	gene_HOICKCKO_03721	DK885_RS00120	723	exact
C600	gene_HOICKCKO_03722	DK885_RS00115	1170	exact
C600	gene_HOICKCKO_03723	DK885_RS00110	1617	exact
C600	gene_HOICKCKO_03724	DK885_RS00105	1413	exact
C600	gene_HOICKCKO_03725	DK885_RS00100	1878	exact
C600	gene_HOICKCKO_03726	DK885_RS00095	837	exact
C600	gene_HOICKCKO_03727	DK885_RS00090	726	exact
C600	gene_HOICKCKO_03728	DK885_RS00085	774	exact
C600	gene_HOICKCKO_03729	DK885_RS00080	891	exact
C600	gene_HOICKCKO_03730	DK885_RS00075	960	exact
C600	gene_HOICKCKO_03731	DK885_RS00070	1041	exact
C600	gene_HOICKCKO_03732	DK885_RS00065	1830	exact
C600	gene_HOICKCKO_03733	DK885_RS00060	1371	exact
C600	gene_HOICKCKO_03734	DK885_RS00055	420	exact
C600	gene_HOICKCKO_03735	DK885_RS00050	1383	exact
C600	gene_HOICKCKO_03736	DK885_RS00045	864	exact
C600	gene_HOICKCKO_03737	DK885_RS00040	1542	exact
C600	gene_HOICKCKO_03738	DK885_RS00035	534	exact
C600	gene_HOICKCKO_03739	DK885_RS00030	471	exact
C600	gene_HOICKCKO_03740	DK885_RS00025	240	exact
C600	gene_HOICKCKO_03741	DK885_RS00020	816	exact
C600	gene_HOICKCKO_03742	DK885_RS00015	381	exact
C600	gene_HOICKCKO_03743	DK885_RS00010	624	exact
C600	gene_HOICKCKO_03744	DK885_RS00005	1890	exact
C600	gene_HOICKCKO_03745	DK885_RS23795	444	exact
C600	gene_HOICKCKO_03746	DK885_RS23790	459	exact
C600	gene_HOICKCKO_03747	DK885_RS23785	993	exact
C600	gene_HOICKCKO_03748	DK885_RS23780	1452	exact
C600	gene_HOICKCKO_03749	DK885_RS23775	1497	exact
C600	gene_HOICKCKO_03750	DK885_RS23770	1869	exact
C600	gene_HOICKCKO_03751	DK885_RS23765	420	exact
C600	gene_HOICKCKO_03752	DK885_RS23760	1506	exact
C600	gene_HOICKCKO_03753	DK885_RS23755	966	exact
C600	gene_HOICKCKO_03754	DK885_RS23750	891	exact
C600	gene_HOICKCKO_03755	DK885_RS23745	930	exact
C600	gene_HOICKCKO_03756	DK885_RS23740	993	exact
C600	gene_HOICKCKO_03757	DK885_RS23735	1428	exact
C600	gene_HOICKCKO_03758	DK885_RS23730	693	exact
C600	gene_HOICKCKO_03765	DK885_RS23695	840	exact
C600	gene_HOICKCKO_03766	DK885_RS23690	339	exact
C600	gene_HOICKCKO_03767	DK885_RS23685	1521	exact
C600	gene_HOICKCKO_03768		984	no exact sequence match
C600	gene_HOICKCKO_03769		537	no exact sequence match
C600	gene_HOICKCKO_03770	DK885_RS23660	264	exact
C600	gene_HOICKCKO_03771	DK885_RS23655	930	exact
C600	gene_HOICKCKO_03772	DK885_RS23650	1851	exact
C600	gene_HOICKCKO_03773	DK885_RS23645	1545	exact
C600	gene_HOICKCKO_03774	DK885_RS23640	894	exact
C600	gene_HOICKCKO_03775	DK885_RS23635	1476	exact
C600	gene_HOICKCKO_03776	DK885_RS23630	282	exact
C600	gene_HOICKCKO_03777		219	no exact sequence match
C600	gene_HOICKCKO_03778	DK885_RS23620	2022	exact
C600	gene_HOICKCKO_03779	DK885_RS23615	1485	exact
C600	gene_HOICKCKO_03780	DK885_RS23605	1266	exact
C600	gene_HOICKCKO_03781	DK885_RS23600	330	exact
C600	gene_HOICKCKO_03782	DK885_RS23590	1260	exact
C600	gene_HOICKCKO_03783		219	no exact sequence match
C600	gene_HOICKCKO_03784	DK885_RS23580	1104	exact
C600	gene_HOICKCKO_03785	DK885_RS23575	1047	exact
C600	gene_HOICKCKO_03786	DK885_RS23570	1131	exact
C600	gene_HOICKCKO_03787	DK885_RS23565	1263	exact
C600	gene_HOICKCKO_03788	DK885_RS23560	1068	exact
C600	gene_HOICKCKO_03789	DK885_RS23555	882	exact
C600	gene_HOICKCKO_03790	DK885_RS23550	675	exact
C600	gene_HOICKCKO_03791	DK885_RS23545	1131	exact
C600	gene_HOICKCKO_03792	DK885_RS23540	1251	exact
C600	gene_HOICKCKO_03793	DK885_RS23535	1080	exact
C600	gene_HOICKCKO_03794	DK885_RS23530	1353	exact
C600	gene_HOICKCKO_03795	DK885_RS23525	741	exact
C600	gene_HOICKCKO_03796	DK885_RS23520	1386	exact
C600	gene_HOICKCKO_03801	DK885_RS23495	1236	exact
C600	gene_HOICKCKO_03802	DK885_RS23490	1656	exact
C600	gene_HOICKCKO_03803	DK885_RS23485	1197	exact
C600	gene_HOICKCKO_03804	DK885_RS23480	1182	exact
C600	gene_HOICKCKO_03805	DK885_RS23475	741	exact
C600	gene_HOICKCKO_03806		963	no exact sequence match
C600	gene_HOICKCKO_03807	DK885_RS23460	2547	exact
C600	gene_HOICKCKO_03808	DK885_RS23455	321	exact
C600	gene_HOICKCKO_03809	DK885_RS23450	204	exact
C600	gene_HOICKCKO_03810	DK885_RS23445	825	exact
C600	gene_HOICKCKO_03811	DK885_RS23440	708	exact
C600	gene_HOICKCKO_03812	DK885_RS23435	897	exact
C600	gene_HOICKCKO_03813	DK885_RS23430	717	exact
C600	gene_HOICKCKO_03814	DK885_RS23425	2163	exact
C600	gene_HOICKCKO_03815	DK885_RS23420	765	exact
C600	gene_HOICKCKO_03816	DK885_RS23415	951	exact
C600	gene_HOICKCKO_03817	DK885_RS23410	381	exact
C600	gene_HOICKCKO_03818	DK885_RS23405	381	exact
C600	gene_HOICKCKO_03819	DK885_RS23400	891	exact
C600	gene_HOICKCKO_03820	DK885_RS23395	468	exact
C600	gene_HOICKCKO_03821	DK885_RS23390	870	exact
C600	gene_HOICKCKO_03822		1836	no exact sequence match
C600	gene_HOICKCKO_03823	DK885_RS23380	621	exact
C600	gene_HOICKCKO_03824	DK885_RS23375	621	exact
C600	gene_HOICKCKO_03825	DK885_RS23370	1023	exact
C600	gene_HOICKCKO_03826	DK885_RS23365	801	exact
C600	gene_HOICKCKO_03827	DK885_RS23360	900	exact
C600	gene_HOICKCKO_03828	DK885_RS23355	954	exact
C600	gene_HOICKCKO_03829	DK885_RS23350	2262	exact
C600	gene_HOICKCKO_03830	DK885_RS23345	816	exact
C600	gene_HOICKCKO_03831	DK885_RS23340	762	exact
C600	gene_HOICKCKO_03832	DK885_RS23335	1428	exact
C600	gene_HOICKCKO_03833	DK885_RS23330	756	exact
C600	gene_HOICKCKO_03834	DK885_RS23325	606	exact
C600	gene_HOICKCKO_03835	DK885_RS23320	1641	exact
C600	gene_HOICKCKO_03836	DK885_RS23315	270	exact
C600	gene_HOICKCKO_03837	DK885_RS23310	516	exact
C600	gene_HOICKCKO_03838	DK885_RS23305	777	exact
C600	gene_HOICKCKO_03839	DK885_RS23300	783	exact
C600	gene_HOICKCKO_03840	DK885_RS23295	489	exact
C600	gene_HOICKCKO_03841	DK885_RS23290	1494	exact
C600	gene_HOICKCKO_03842	DK885_RS23285	702	exact
C600	gene_HOICKCKO_03843	DK885_RS23280	1164	exact
C600	gene_HOICKCKO_03844	DK885_RS23275	2190	exact
C600	gene_HOICKCKO_03845	DK885_RS23270	1332	exact
C600	gene_HOICKCKO_03846	DK885_RS23265	615	exact
C600	gene_HOICKCKO_03847	DK885_RS23260	1452	exact
C600	gene_HOICKCKO_03848	DK885_RS23255	546	exact
C600	gene_HOICKCKO_03854	DK885_RS23225	528	exact
C600	gene_HOICKCKO_03855	DK885_RS23220	585	exact
C600	gene_HOICKCKO_03856	DK885_RS23215	270	exact
C600	gene_HOICKCKO_03857	DK885_RS23210	987	exact
C600	gene_HOICKCKO_03858	DK885_RS23205	627	exact
C600	gene_HOICKCKO_03859	DK885_RS23200	1431	exact
C600	gene_HOICKCKO_03860	DK885_RS23195	933	exact
C600	gene_HOICKCKO_03861		186	no exact sequence match
C600	gene_HOICKCKO_03862	DK885_RS23185	2787	exact
C600	gene_HOICKCKO_03863	DK885_RS23180	633	exact
C600	gene_HOICKCKO_03864	DK885_RS23175	510	exact
C600	gene_HOICKCKO_03865	DK885_RS23170	1374	exact
C600	gene_HOICKCKO_03866	DK885_RS23165	111	exact
C600	gene_HOICKCKO_03867	DK885_RS23160	1410	exact
C600	gene_HOICKCKO_03868	DK885_RS23155	1050	exact
C600	gene_HOICKCKO_03869	DK885_RS23150	1410	exact
C600	gene_HOICKCKO_03870	DK885_RS23140	1824	exact
C600	gene_HOICKCKO_03871	DK885_RS23135	711	exact
C600	gene_HOICKCKO_03872	DK885_RS23130	981	exact
C600	gene_HOICKCKO_03873	DK885_RS23125	1266	exact
C600	gene_HOICKCKO_03874	DK885_RS23120	693	exact
C600	gene_HOICKCKO_03875	DK885_RS23115	1404	exact
C600	gene_HOICKCKO_03876	DK885_RS23110	1386	exact
C600	gene_HOICKCKO_03877	DK885_RS23105	2037	exact
C600	gene_HOICKCKO_03878		927	no exact sequence match
C600	gene_HOICKCKO_03879	DK885_RS23095	1242	exact
C600	gene_HOICKCKO_03880	DK885_RS23090	879	exact
C600	gene_HOICKCKO_03881	DK885_RS23085	897	exact
C600	gene_HOICKCKO_03882	DK885_RS23080	897	exact
C600	gene_HOICKCKO_03883	DK885_RS23075	786	exact
C600	gene_HOICKCKO_03884	DK885_RS23070	600	exact
C600	gene_HOICKCKO_03885	DK885_RS23065	873	exact
C600	gene_HOICKCKO_03886	DK885_RS23060	438	exact
C600	gene_HOICKCKO_03887	DK885_RS23055	942	exact
C600	gene_HOICKCKO_03888		108	no exact sequence match
C600	gene_HOICKCKO_03889	DK885_RS23050	219	exact
C600	gene_HOICKCKO_03890	DK885_RS23045	243	exact
C600	gene_HOICKCKO_03891		183	no exact sequence match
C600	gene_HOICKCKO_03892	DK885_RS23040	930	exact
C600	gene_HOICKCKO_03893	DK885_RS23035	636	exact
C600	gene_HOICKCKO_03894	DK885_RS23030	903	exact
C600	gene_HOICKCKO_03895		2415	no exact sequence match
C600	gene_HOICKCKO_03896		588	no exact sequence match
C600	gene_HOICKCKO_03897	DK885_RS23010	834	exact
C600	gene_HOICKCKO_03898	DK885_RS23005	1056	exact
C600	gene_HOICKCKO_03899	DK885_RS23000	1749	exact
C600	gene_HOICKCKO_03900	DK885_RS22995	1071	exact
C600	gene_HOICKCKO_03901	DK885_RS22990	1452	exact
C600	gene_HOICKCKO_03902	DK885_RS22985	447	exact
C600	gene_HOICKCKO_03903	DK885_RS22980	315	exact
C600	gene_HOICKCKO_03904	DK885_RS22975	825	exact
C600	gene_HOICKCKO_03905	DK885_RS22970	1260	exact
C600	gene_HOICKCKO_03906	DK885_RS22965	1470	exact
C600	gene_HOICKCKO_03907	DK885_RS22960	837	exact
C600	gene_HOICKCKO_03908		939	no exact sequence match
C600	gene_HOICKCKO_03909	DK885_RS22950	1035	exact
C600	gene_HOICKCKO_03910	DK885_RS22945	621	exact
C600	gene_HOICKCKO_03911	DK885_RS22935	984	exact
C600	gene_HOICKCKO_03912	DK885_RS22930	675	exact
C600	gene_HOICKCKO_03913	DK885_RS22925	1374	exact
C600	gene_HOICKCKO_03914	DK885_RS22920	699	exact
C600	gene_HOICKCKO_03915	DK885_RS22915	501	exact
C600	gene_HOICKCKO_03916	DK885_RS22910	903	exact
C600	gene_HOICKCKO_03917		105	no exact sequence match
C600	gene_HOICKCKO_03918	DK885_RS22905	963	exact
C600	gene_HOICKCKO_03919	DK885_RS22900	990	exact
C600	gene_HOICKCKO_03920	DK885_RS22895	756	exact
C600	gene_HOICKCKO_03921	DK885_RS22890	768	exact
C600	gene_HOICKCKO_03922	DK885_RS22885	600	exact
C600	gene_HOICKCKO_03923	DK885_RS22880	441	exact
C600	gene_HOICKCKO_03924	DK885_RS22875	300	exact
C600	gene_HOICKCKO_03925	DK885_RS22870	429	exact
C600	gene_HOICKCKO_03926	DK885_RS22865	747	exact
C600	gene_HOICKCKO_03927	DK885_RS22860	1011	exact
C600	gene_HOICKCKO_03928	DK885_RS22855	1509	exact
C600	gene_HOICKCKO_03929	DK885_RS22850	846	exact
C600	gene_HOICKCKO_03930		240	no exact sequence match
C600	gene_HOICKCKO_03931	DK885_RS22840	486	exact
C600	gene_HOICKCKO_03932	DK885_RS22835	927	exact
C600	gene_HOICKCKO_03933	DK885_RS22830	1332	exact
C600	gene_HOICKCKO_03934	DK885_RS22825	531	exact
C600	gene_HOICKCKO_03935		855	no exact sequence match
C600	gene_HOICKCKO_03936	DK885_RS22815	1026	exact
C600	gene_HOICKCKO_03937	DK885_RS22810	2199	exact
C600	gene_HOICKCKO_03938	DK885_RS22805	213	exact
C600	gene_HOICKCKO_03939	DK885_RS22800	609	exact
C600	gene_HOICKCKO_03940	DK885_RS22795	318	exact
C600	gene_HOICKCKO_03941	DK885_RS22790	1161	exact
C600	gene_HOICKCKO_03942	DK885_RS22785	2433	exact
C600	gene_HOICKCKO_03943	DK885_RS22780	891	exact
C600	gene_HOICKCKO_03944	DK885_RS22775	2181	exact
C600	gene_HOICKCKO_03945	DK885_RS22770	906	exact
C600	gene_HOICKCKO_03946	DK885_RS22765	618	exact
C600	gene_HOICKCKO_03947	DK885_RS22760	1104	exact
C600	gene_HOICKCKO_03948	DK885_RS22755	663	exact
C600	gene_HOICKCKO_03949	DK885_RS22750	2502	exact
C600	gene_HOICKCKO_03950	DK885_RS22745	1080	exact
C600	gene_HOICKCKO_03951	DK885_RS22740	321	exact
C600	gene_HOICKCKO_03952	DK885_RS22735	2298	exact
C600	gene_HOICKCKO_03953	DK885_RS22730	879	exact
C600	gene_HOICKCKO_03954	DK885_RS22725	342	exact
C600	gene_HOICKCKO_03955	DK885_RS22720	852	exact
C600	gene_HOICKCKO_03956	DK885_RS22715	1734	exact
C600	gene_HOICKCKO_03957	DK885_RS22710	2652	exact
C600	gene_HOICKCKO_03958	DK885_RS22700	1152	exact
C600	gene_HOICKCKO_03959	DK885_RS22695	1005	exact
C600	gene_HOICKCKO_03960	DK885_RS22690	777	exact
C600	gene_HOICKCKO_03961	DK885_RS22685	1374	exact
C600	gene_HOICKCKO_03962	DK885_RS22680	918	exact
C600	gene_HOICKCKO_03963	DK885_RS22675	1401	exact
C600	gene_HOICKCKO_03964		705	no exact sequence match
C600	gene_HOICKCKO_03965	DK885_RS22660	360	exact
C600	gene_HOICKCKO_03966	DK885_RS22655	1101	exact
C600	gene_HOICKCKO_03967	DK885_RS22650	1845	exact
C600	gene_HOICKCKO_03968	DK885_RS22645	858	exact
C600	gene_HOICKCKO_03973	DK885_RS22620	1029	exact
C600	gene_HOICKCKO_03974	DK885_RS22615	966	exact
C600	gene_HOICKCKO_03975		927	no exact sequence match
C600	gene_HOICKCKO_03980	DK885_RS22575	1185	exact
C600	gene_HOICKCKO_03981	DK885_RS22570	384	exact
C600	gene_HOICKCKO_03982	DK885_RS22565	546	exact
C600	gene_HOICKCKO_03983	DK885_RS22560	429	exact
C600	gene_HOICKCKO_03984	DK885_RS22555	705	exact
C600	gene_HOICKCKO_03985	DK885_RS22545	498	exact
C600	gene_HOICKCKO_03986	DK885_RS22540	366	exact
C600	gene_HOICKCKO_03987	DK885_RS22535	4029	exact
C600	gene_HOICKCKO_03988	DK885_RS22530	4224	exact
C600	gene_HOICKCKO_03989	DK885_RS22525	540	exact
C600	gene_HOICKCKO_03990	DK885_RS22520	1134	exact
C600	gene_HOICKCKO_03991	DK885_RS22515	771	exact
C600	gene_HOICKCKO_03992	DK885_RS22510	201	exact
C600	gene_HOICKCKO_03993	DK885_RS22505	756	exact
C600	gene_HOICKCKO_03994	DK885_RS22500	636	exact
C600	gene_HOICKCKO_03995	DK885_RS22495	1896	exact
C600	gene_HOICKCKO_03996	DK885_RS22490	477	exact
C600	gene_HOICKCKO_03997	DK885_RS22485	774	exact
C600	gene_HOICKCKO_03998	DK885_RS22480	1065	exact
C600	gene_HOICKCKO_03999	DK885_RS22475	672	exact
C600	gene_HOICKCKO_04000	DK885_RS22470	591	exact
C600	gene_HOICKCKO_04001	DK885_RS22465	273	exact
C600	gene_HOICKCKO_04002		636	no exact sequence match
C600	gene_HOICKCKO_04003	DK885_RS22455	426	exact
C600	gene_HOICKCKO_04004	DK885_RS22445	1398	exact
C600	gene_HOICKCKO_04005	DK885_RS22440	1326	exact
C600	gene_HOICKCKO_04006	DK885_RS22435	1290	exact
C600	gene_HOICKCKO_04007	DK885_RS22430	1590	exact
C600	gene_HOICKCKO_04012	DK885_RS22400	384	exact
C600	gene_HOICKCKO_04013	DK885_RS22395	444	exact
C600	gene_HOICKCKO_04014	DK885_RS22390	930	exact
C600	gene_HOICKCKO_04015	DK885_RS22385	1602	exact
C600	gene_HOICKCKO_04016	DK885_RS22380	1305	exact
C600	gene_HOICKCKO_04017	DK885_RS22375	1737	exact
C600	gene_HOICKCKO_04018	DK885_RS22370	2187	exact
C600	gene_HOICKCKO_04019	DK885_RS22365	825	exact
C600	gene_HOICKCKO_04020	DK885_RS22360	3684	exact
C600	gene_HOICKCKO_04021	DK885_RS22355	1632	exact
C600	gene_HOICKCKO_04022	DK885_RS22350	690	exact
C600	gene_HOICKCKO_04023	DK885_RS22345	873	exact
C600	gene_HOICKCKO_04024	DK885_RS22340	273	exact
C600	gene_HOICKCKO_04025	DK885_RS22335	1350	exact
C600	gene_HOICKCKO_04026	DK885_RS22325	1650	exact
C600	gene_HOICKCKO_04027	DK885_RS22320	243	exact
C600	gene_HOICKCKO_04028	DK885_RS22315	639	exact
C600	gene_HOICKCKO_04029	DK885_RS22310	738	exact
C600	gene_HOICKCKO_04030	DK885_RS22305	2097	exact
C600	gene_HOICKCKO_04031	DK885_RS22295	411	exact
C600	gene_HOICKCKO_04032	DK885_RS22290	1476	exact
C600	gene_HOICKCKO_04033	DK885_RS22285	891	exact
C600	gene_HOICKCKO_04034	DK885_RS22280	1545	exact
C600	gene_HOICKCKO_04035	DK885_RS22275	1191	exact
C600	gene_HOICKCKO_04036		96	no exact sequence match
C600	gene_HOICKCKO_04037	DK885_RS22265	1116	exact
C600	gene_HOICKCKO_04038	DK885_RS22260	1341	exact
C600	gene_HOICKCKO_04039	DK885_RS22255	921	exact
C600	gene_HOICKCKO_04040		153	no exact sequence match
C600	gene_HOICKCKO_04041		195	no exact sequence match
C600	gene_HOICKCKO_04042		1329	no exact sequence match
C600	gene_HOICKCKO_04043	DK885_RS22240	498	exact
C600	gene_HOICKCKO_04044	DK885_RS22235	873	exact
C600	gene_HOICKCKO_04045	DK885_RS22230	2424	exact
C600	gene_HOICKCKO_04046	DK885_RS22225	369	exact
C600	gene_HOICKCKO_04047	DK885_RS22220	609	exact
C600	gene_HOICKCKO_04048	DK885_RS22215	1326	exact
C600	gene_HOICKCKO_04049	DK885_RS22210	210	exact
C600	gene_HOICKCKO_04050	DK885_RS22205	516	exact
C600	gene_HOICKCKO_04051		255	no exact sequence match
C600	gene_HOICKCKO_04052		708	no exact sequence match
C600	gene_HOICKCKO_04053	DK885_RS22190	1038	exact
C600	gene_HOICKCKO_04054	DK885_RS22185	243	exact
C600	gene_HOICKCKO_04055	DK885_RS22180	984	exact
C600	gene_HOICKCKO_04056	DK885_RS22175	1416	exact
C600	gene_HOICKCKO_04057	DK885_RS22170	1080	exact
C600	gene_HOICKCKO_04058	DK885_RS22165	1194	exact
C600	gene_HOICKCKO_04059	DK885_RS24170	204	exact
C600	gene_HOICKCKO_04060	DK885_RS22155	714	exact
C600	gene_HOICKCKO_04061	DK885_RS22150	417	exact
C600	gene_HOICKCKO_04062	DK885_RS22145	357	exact
C600	gene_HOICKCKO_04063	DK885_RS22140	2823	exact
C600	gene_HOICKCKO_04064	DK885_RS22135	537	exact
C600	gene_HOICKCKO_04065	DK885_RS22130	282	exact
C600	gene_HOICKCKO_04066	DK885_RS22120	1587	exact
C600	gene_HOICKCKO_04067	DK885_RS22115	324	exact
C600	gene_HOICKCKO_04068	DK885_RS22110	465	exact
C600	gene_HOICKCKO_04069	DK885_RS22090	1350	exact
C600	gene_HOICKCKO_04070	DK885_RS22085	1650	exact
C600	gene_HOICKCKO_04071	DK885_RS22080	1293	exact
C600	gene_HOICKCKO_04072	DK885_RS22075	1650	exact
C600	gene_HOICKCKO_04073	DK885_RS22070	315	exact
C600	gene_HOICKCKO_04074	DK885_RS22065	1959	exact
C600	gene_HOICKCKO_04075	DK885_RS22055	1437	exact
C600	gene_HOICKCKO_04076	DK885_RS22050	567	exact
C600	gene_HOICKCKO_04077	DK885_RS22045	672	exact
C600	gene_HOICKCKO_04078	DK885_RS22040	957	exact
C600	gene_HOICKCKO_04079		1623	no exact sequence match
C600	gene_HOICKCKO_04080	DK885_RS22030	384	exact
C600	gene_HOICKCKO_04081	DK885_RS22025	597	exact
C600	gene_HOICKCKO_04082	DK885_RS22015	1314	exact
C600	gene_HOICKCKO_04083	DK885_RS22010	690	exact
C600	gene_HOICKCKO_04084		1680	no exact sequence match
C600	gene_HOICKCKO_04085		420	no exact sequence match
C600	gene_HOICKCKO_04086	DK885_RS22000	1467	exact
C600	gene_HOICKCKO_04087	DK885_RS21995	2052	exact
C600	gene_HOICKCKO_04088	DK885_RS21990	1032	exact
C600	gene_HOICKCKO_04089	DK885_RS21985	276	exact
C600	gene_HOICKCKO_04090	DK885_RS21980	1986	exact
C600	gene_HOICKCKO_04091	DK885_RS21975	930	exact
C600	gene_HOICKCKO_04092	DK885_RS21970	696	exact
C600	gene_HOICKCKO_04093	DK885_RS21965	981	exact
C600	gene_HOICKCKO_04094	DK885_RS21960	1533	exact
C600	gene_HOICKCKO_04095	DK885_RS21955	936	exact
C600	gene_HOICKCKO_04096	DK885_RS21950	891	exact
C600	gene_HOICKCKO_04097	DK885_RS21940	450	exact
C600	gene_HOICKCKO_04098	DK885_RS21935	330	exact
C600	gene_HOICKCKO_04099	DK885_RS21930	759	exact
C600	gene_HOICKCKO_04100	DK885_RS21925	435	exact
C600	gene_HOICKCKO_04101	DK885_RS21920	558	exact
C600	gene_HOICKCKO_04102	DK885_RS21915	1137	exact
C600	gene_HOICKCKO_04103	DK885_RS21910	681	exact
C600	gene_HOICKCKO_04104	DK885_RS21905	759	exact
C600	gene_HOICKCKO_04105	DK885_RS21900	846	exact
C600	gene_HOICKCKO_04106	DK885_RS21895	1065	exact
C600	gene_HOICKCKO_04107	DK885_RS21890	585	exact
C600	gene_HOICKCKO_04108	DK885_RS21885	453	exact
C600	gene_HOICKCKO_04109	DK885_RS21880	726	exact
C600	gene_HOICKCKO_04110		369	no exact sequence match
C600	gene_HOICKCKO_04111	DK885_RS21870	1017	exact
C600	gene_HOICKCKO_04112	DK885_RS21865	789	exact
C600	gene_HOICKCKO_04113		444	no exact sequence match
C600	gene_HOICKCKO_04114	DK885_RS21855	336	exact
C600	gene_HOICKCKO_04115	DK885_RS21845	2229	exact
C600	gene_HOICKCKO_04116	DK885_RS21840	879	exact
C600	gene_HOICKCKO_04117	DK885_RS21835	1503	exact
C600	gene_HOICKCKO_04118	DK885_RS21830	90	exact
C600	gene_HOICKCKO_04119	DK885_RS21825	1101	exact
C600	gene_HOICKCKO_04120	DK885_RS21820	669	exact
C600	gene_HOICKCKO_04121	DK885_RS21815	1644	exact
C600	gene_HOICKCKO_04122	DK885_RS21810	1338	exact
C600	gene_HOICKCKO_04123	DK885_RS21805	762	exact
C600	gene_HOICKCKO_04124		2271	no exact sequence match
C600	gene_HOICKCKO_04125	DK885_RS21795	909	exact
C600	gene_HOICKCKO_04126	DK885_RS21790	1356	exact
C600	gene_HOICKCKO_04127		1410	no exact sequence match
C600	gene_HOICKCKO_04128	DK885_RS21780	630	exact
C600	gene_HOICKCKO_04129	DK885_RS21775	1647	exact
C600	gene_HOICKCKO_04130	DK885_RS21770	1341	exact
C600	gene_HOICKCKO_04131	DK885_RS21760	720	exact
C600	gene_HOICKCKO_04132	DK885_RS21755	1632	exact
C600	gene_HOICKCKO_04133	DK885_RS21750	231	exact
C600	gene_HOICKCKO_04134	DK885_RS21745	273	exact
C600	gene_HOICKCKO_04135	DK885_RS21735	297	exact
C600	gene_HOICKCKO_04136	DK885_RS21730	174	exact
C600	gene_HOICKCKO_04137	DK885_RS21725	1518	exact
C600	gene_HOICKCKO_04138	DK885_RS21720	1458	exact
C600	gene_HOICKCKO_04139	DK885_RS21715	2148	exact
C600	gene_HOICKCKO_04140	DK885_RS21710	1335	exact
C600	gene_HOICKCKO_04141	DK885_RS21705	1539	exact
C600	gene_HOICKCKO_04143	DK885_RS21690	576	exact
C600	gene_HOICKCKO_04144	DK885_RS21685	1698	exact
C600	gene_HOICKCKO_04145	DK885_RS21680	339	exact
C600	gene_HOICKCKO_04146	DK885_RS21675	1302	exact
C600	gene_HOICKCKO_04147	DK885_RS21670	1437	exact
C600	gene_HOICKCKO_04148	DK885_RS21665	477	exact
C600	gene_HOICKCKO_04149	DK885_RS21660	1257	exact
C600	gene_HOICKCKO_04150	DK885_RS21655	294	exact
C600	gene_HOICKCKO_04151	DK885_RS21650	1647	exact
C600	gene_HOICKCKO_04152	DK885_RS21645	354	exact
C600	gene_HOICKCKO_04153	DK885_RS21640	870	exact
C600	gene_HOICKCKO_04154	DK885_RS21635	1029	exact
C600	gene_HOICKCKO_04155	DK885_RS21630	567	exact
C600	gene_HOICKCKO_04156	DK885_RS21625	126	exact
C600	gene_HOICKCKO_04157	DK885_RS21620	147	exact
C600	gene_HOICKCKO_04158	DK885_RS21615	318	exact
C600	gene_HOICKCKO_04159	DK885_RS21610	534	exact
C600	gene_HOICKCKO_04160	DK885_RS21605	1134	exact
C600	gene_HOICKCKO_04161	DK885_RS21600	360	exact
C600	gene_HOICKCKO_04162	DK885_RS21595	396	exact
C600	gene_HOICKCKO_04163	DK885_RS21590	735	exact
C600	gene_HOICKCKO_04164	DK885_RS21585	1809	exact
C600	gene_HOICKCKO_04165	DK885_RS21580	978	exact
C600	gene_HOICKCKO_04166		1458	no exact sequence match
C600	gene_HOICKCKO_04167	DK885_RS21570	315	exact
C600	gene_HOICKCKO_04168		303	no exact sequence match
C600	gene_HOICKCKO_04169	DK885_RS21560	3324	exact
C600	gene_HOICKCKO_04170	DK885_RS21555	969	exact
C600	gene_HOICKCKO_04171	DK885_RS21550	1053	exact
C600	gene_HOICKCKO_04172	DK885_RS21545	546	exact
C600	gene_HOICKCKO_04176	DK885_RS21520	1140	exact
C600	gene_HOICKCKO_04177		1533	no exact sequence match
C600	gene_HOICKCKO_04178	DK885_RS21510	462	exact
C600	gene_HOICKCKO_04179	DK885_RS21505	1338	exact
C600	gene_HOICKCKO_04180	DK885_RS21500	1848	exact
C600	gene_HOICKCKO_04181	DK885_RS21495	951	exact
C600	gene_HOICKCKO_04182	DK885_RS21490	309	exact
C600	gene_HOICKCKO_04183	DK885_RS21485	1281	exact
C600	gene_HOICKCKO_04184	DK885_RS21480	1260	exact
C600	gene_HOICKCKO_04185	DK885_RS21475	1005	exact
C600	gene_HOICKCKO_04186	DK885_RS21470	198	exact
C600	gene_HOICKCKO_04187	DK885_RS21465	1299	exact
C600	gene_HOICKCKO_04188	DK885_RS21460	426	exact
C600	gene_HOICKCKO_04189	DK885_RS21455	2442	exact
C600	gene_HOICKCKO_04190	DK885_RS21450	732	exact
C600	gene_HOICKCKO_04191	DK885_RS21440	402	exact
C600	gene_HOICKCKO_04192	DK885_RS21435	699	exact
C600	gene_HOICKCKO_04193	DK885_RS21430	660	exact
C600	gene_HOICKCKO_04194	DK885_RS21425	399	exact
C600	gene_HOICKCKO_04195	DK885_RS21420	639	exact
C600	gene_HOICKCKO_04196	DK885_RS21415	1164	exact
C600	gene_HOICKCKO_04197	DK885_RS21410	1626	exact
C600	gene_HOICKCKO_04198	DK885_RS21400	276	exact
C600	gene_HOICKCKO_04199	DK885_RS21395	330	exact
C600	gene_HOICKCKO_04200	DK885_RS21390	750	exact
C600	gene_HOICKCKO_04201	DK885_RS21385	756	exact
C600	gene_HOICKCKO_04202	DK885_RS21380	1065	exact
C600	gene_HOICKCKO_04203	DK885_RS21375	1398	exact
C600	gene_HOICKCKO_04204	DK885_RS21370	306	exact
C600	gene_HOICKCKO_04205	DK885_RS21365	465	exact
C600	gene_HOICKCKO_04206	DK885_RS21360	651	exact
C600	gene_HOICKCKO_04207	DK885_RS21355	855	exact
C600	gene_HOICKCKO_04208	DK885_RS21350	687	exact
C600	gene_HOICKCKO_04209	DK885_RS21345	276	exact
C600	gene_HOICKCKO_04210	DK885_RS21340	396	exact
C600	gene_HOICKCKO_04211	DK885_RS21335	315	exact
C600	gene_HOICKCKO_04212	DK885_RS21330	228	exact
C600	gene_HOICKCKO_04213	DK885_RS21325	450	exact
C600	gene_HOICKCKO_04214	DK885_RS21320	795	exact
C600	gene_HOICKCKO_04215		327	no exact sequence match
C600	gene_HOICKCKO_04216	DK885_RS21305	639	exact
C600	gene_HOICKCKO_04217	DK885_RS21295	621	exact
C600	gene_HOICKCKO_04218	DK885_RS21290	1413	exact
C600	gene_HOICKCKO_04219	DK885_RS21285	663	exact
C600	gene_HOICKCKO_04220	DK885_RS21280	966	exact
C600	gene_HOICKCKO_04221	DK885_RS21275	861	exact
C600	gene_HOICKCKO_04222	DK885_RS21270	381	exact
C600	gene_HOICKCKO_04223	DK885_RS21265	1944	exact
C600	gene_HOICKCKO_04224	DK885_RS21260	741	exact
C600	gene_HOICKCKO_04225	DK885_RS21250	939	exact
C600	gene_HOICKCKO_04226	DK885_RS21245	555	exact
C600	gene_HOICKCKO_04227	DK885_RS21240	207	exact
C600	gene_HOICKCKO_04228	DK885_RS21235	1344	exact
C600	gene_HOICKCKO_04229	DK885_RS21230	639	exact
C600	gene_HOICKCKO_04230	DK885_RS21220	1734	exact
C600	gene_HOICKCKO_04231	DK885_RS21215	3780	exact
C600	gene_HOICKCKO_04232	DK885_RS21210	342	exact
C600	gene_HOICKCKO_04233	DK885_RS21205	252	exact
C600	gene_HOICKCKO_04234		315	no exact sequence match
C600	gene_HOICKCKO_04235	DK885_RS21195	531	exact
C600	gene_HOICKCKO_04236	DK885_RS21190	957	exact
C600	gene_HOICKCKO_04237	DK885_RS21185	1503	exact
C600	gene_HOICKCKO_04238	DK885_RS21180	1023	exact
C600	gene_HOICKCKO_04239	DK885_RS21175	996	exact
C600	gene_HOICKCKO_04240	DK885_RS21170	999	exact
C600	gene_HOICKCKO_04241	DK885_RS21165	1374	exact
C600	gene_HOICKCKO_04242	DK885_RS21160	552	exact
C600	gene_HOICKCKO_04243	DK885_RS21155	1353	exact
C600	gene_HOICKCKO_04244		303	no exact sequence match
C600	gene_HOICKCKO_04245	DK885_RS21145	465	exact
C600	gene_HOICKCKO_04246	DK885_RS21140	2139	exact
C600	gene_HOICKCKO_04247	DK885_RS21135	1656	exact
C600	gene_HOICKCKO_04248	DK885_RS21130	1422	exact
C600	gene_HOICKCKO_04249	DK885_RS21125	948	exact
C600	gene_HOICKCKO_04250	DK885_RS21115	2697	exact
C600	gene_HOICKCKO_04251	DK885_RS21110	387	exact
C600	gene_HOICKCKO_04252	DK885_RS21105	462	exact
C600	gene_HOICKCKO_04253	DK885_RS21100	936	exact
C600	gene_HOICKCKO_04254	DK885_RS21085	396	exact
C600	gene_HOICKCKO_04255		714	no exact sequence match
C600	gene_HOICKCKO_04256	DK885_RS21075	594	exact
C600	gene_HOICKCKO_04257	DK885_RS21070	453	exact
C600	gene_HOICKCKO_04258		1815	no exact sequence match
C600	gene_HOICKCKO_04259	DK885_RS21060	1005	exact
C600	gene_HOICKCKO_04260	DK885_RS21055	417	exact
C600	gene_HOICKCKO_04261	DK885_RS21050	504	exact
C600	gene_HOICKCKO_04262	DK885_RS21045	1197	exact
C600	gene_HOICKCKO_04263	DK885_RS21040	2856	exact
C600	gene_HOICKCKO_04264	DK885_RS21035	444	exact
C600	gene_HOICKCKO_04265	DK885_RS21030	1512	exact
C600	gene_HOICKCKO_04266		1080	no exact sequence match
C600	gene_HOICKCKO_04267	DK885_RS21020	1083	exact
C600	gene_HOICKCKO_04268	DK885_RS21015	1503	exact
C600	gene_HOICKCKO_04269	DK885_RS21010	999	exact
C600	gene_HOICKCKO_04270	DK885_RS21005	1320	exact
C600	gene_HOICKCKO_04271	DK885_RS21000	765	exact
C600	gene_HOICKCKO_04272	DK885_RS20995	1032	exact
C600	gene_HOICKCKO_04273	DK885_RS20990	564	exact
C600	gene_HOICKCKO_04274	DK885_RS20985	1020	exact
C600	gene_HOICKCKO_04276		195	no exact sequence match
C600	gene_HOICKCKO_04277		1191	no exact sequence match
C600	gene_HOICKCKO_04278		366	no exact sequence match
C600	gene_HOICKCKO_04279		906	no exact sequence match
C600	gene_HOICKCKO_04280		243	no exact sequence match
C600	gene_HOICKCKO_04281		432	no exact sequence match
C600	gene_HOICKCKO_04282		360	no exact sequence match
C600	gene_HOICKCKO_04283		1329	no exact sequence match
C600	gene_HOICKCKO_04284	DK885_RS20925	1218	exact
C600	gene_HOICKCKO_04285	DK885_RS20920	1119	exact
C600	gene_HOICKCKO_04286	DK885_RS20915	126	exact
C600	gene_HOICKCKO_04287		351	no exact sequence match
C600	gene_HOICKCKO_04288		267	no exact sequence match
C600	gene_HOICKCKO_04289	DK885_RS12605;DK885_RS20890	1152	exact
C600	gene_HOICKCKO_04290		369	no exact sequence match
C600	gene_HOICKCKO_04291		414	no exact sequence match
C600	gene_HOICKCKO_04292		243	no exact sequence match
C600	gene_HOICKCKO_04293	DK885_RS24080	258	exact
C600	gene_HOICKCKO_04294	DK885_RS20870	768	exact
C600	gene_HOICKCKO_04295	DK885_RS20865	957	exact
C600	gene_HOICKCKO_04296	DK885_RS20860	999	exact
C600	gene_HOICKCKO_04297	DK885_RS20855	903	exact
C600	gene_HOICKCKO_04298	DK885_RS20850	2325	exact
C600	gene_HOICKCKO_04299	DK885_RS20845	954	exact
C600	gene_HOICKCKO_04300	DK885_RS20840	522	exact
C600	gene_HOICKCKO_04301		210	no exact sequence match
C600	gene_HOICKCKO_04302	DK885_RS20825	987	exact
C600	gene_HOICKCKO_04303	DK885_RS20815	1350	exact
C600	gene_HOICKCKO_04304	DK885_RS20810	1968	exact
C600	gene_HOICKCKO_04305		960	no exact sequence match
C600	gene_HOICKCKO_04306	DK885_RS20800	789	exact
C600	gene_HOICKCKO_04307	DK885_RS20795	783	exact
C600	gene_HOICKCKO_04308	DK885_RS20790	633	exact
C600	gene_HOICKCKO_04309	DK885_RS20785	432	exact
C600	gene_HOICKCKO_04310	DK885_RS20780	807	exact
C600	gene_HOICKCKO_04311	DK885_RS20775	1314	exact
C600	gene_HOICKCKO_04312	DK885_RS20770	279	exact
C600	gene_HOICKCKO_04313	DK885_RS20765	1122	exact
C600	gene_HOICKCKO_04314	DK885_RS20755	747	exact
C600	gene_HOICKCKO_04315	DK885_RS20750	546	exact
C600	gene_HOICKCKO_04316	DK885_RS20745	258	exact
C600	gene_HOICKCKO_04317		1017	no exact sequence match
C600	gene_HOICKCKO_04318		981	no exact sequence match
C600	gene_HOICKCKO_04319	DK885_RS20715	1107	exact
C600	gene_HOICKCKO_04320	DK885_RS20710	717	exact
C600	gene_HOICKCKO_04321	DK885_RS20695	603	exact
C600	gene_HOICKCKO_04322		597	no exact sequence match
C600	gene_HOICKCKO_04323	DK885_RS20670	549	exact
C600	gene_HOICKCKO_04324		498	no exact sequence match
C600	gene_HOICKCKO_04325	DK885_RS20660	726	exact
C600	gene_HOICKCKO_04326	DK885_RS20655	2637	exact
C600	gene_HOICKCKO_04327	DK885_RS20650	531	exact
C600	gene_HOICKCKO_04328		504	no exact sequence match
C600	gene_HOICKCKO_04329	DK885_RS20640	903	exact
C600	gene_HOICKCKO_04330	DK885_RS20635	1344	exact
C600	gene_HOICKCKO_04331	DK885_RS20625	1185	exact
C600	gene_HOICKCKO_04332	DK885_RS20620	1461	exact
C600	gene_HOICKCKO_04333		195	no exact sequence match
C600	gene_HOICKCKO_04334		726	no exact sequence match
C600	gene_HOICKCKO_04335	DK885_RS20605	831	exact
C600	gene_HOICKCKO_04336	DK885_RS24665	102	exact
C600	gene_HOICKCKO_04337	DK885_RS20595	393	exact
C600	gene_HOICKCKO_04338	DK885_RS20590	912	exact
C600	gene_HOICKCKO_04339	DK885_RS20585	1173	exact
C600	gene_HOICKCKO_04340	DK885_RS20580	462	exact
C600	gene_HOICKCKO_04341	DK885_RS20575	684	exact
C600	gene_HOICKCKO_04342	DK885_RS20565	555	exact
C600	gene_HOICKCKO_04343	DK885_RS20560	1179	exact
C600	gene_HOICKCKO_04344		972	no exact sequence match
C600	gene_HOICKCKO_04345		258	no exact sequence match
C600	gene_HOICKCKO_04346	DK885_RS20545	768	exact
C600	gene_HOICKCKO_04347	DK885_RS20540	1152	exact
C600	gene_HOICKCKO_04348	DK885_RS20535	1281	exact
C600	gene_HOICKCKO_04349	DK885_RS20530	1233	exact
C600	gene_HOICKCKO_04350		312	no exact sequence match
C600	gene_HOICKCKO_04351		561	no exact sequence match
C600	gene_HOICKCKO_04352	DK885_RS20520	1413	exact
C600	gene_HOICKCKO_04353	DK885_RS24595	165	exact
C600	gene_HOICKCKO_04354		1518	no exact sequence match
C600	gene_HOICKCKO_04355		2721	no exact sequence match
C600	gene_HOICKCKO_04356	DK885_RS20495	1047	exact
C600	gene_HOICKCKO_04357		1398	no exact sequence match
C600	gene_HOICKCKO_04358	DK885_RS20485	342	exact
C600	gene_HOICKCKO_04359	DK885_RS20480	1395	exact
C600	gene_HOICKCKO_04360	DK885_RS20475	1590	exact
C600	gene_HOICKCKO_04361	DK885_RS20470	3513	exact
C600	gene_HOICKCKO_04362	DK885_RS20465	915	exact
C600	gene_HOICKCKO_04363	DK885_RS20460	957	exact
C600	gene_HOICKCKO_04364	DK885_RS20455	204	exact
C600	gene_HOICKCKO_04365	DK885_RS20450	2151	exact
C600	gene_HOICKCKO_04366	DK885_RS20440	1656	exact
C600	gene_HOICKCKO_04367	DK885_RS20435	1362	exact
C600	gene_HOICKCKO_04368	DK885_RS20430	915	exact
C600	gene_HOICKCKO_04369	DK885_RS20425	1023	exact
C600	gene_HOICKCKO_04370	DK885_RS20420	2292	exact
C600	gene_HOICKCKO_04371	DK885_RS20415	495	exact
C600	gene_HOICKCKO_04372	DK885_RS20410	738	exact
C600	gene_HOICKCKO_04373	DK885_RS20405	540	exact
C600	gene_HOICKCKO_04374	DK885_RS20400	474	exact
C600	gene_HOICKCKO_04375	DK885_RS20395	771	exact
C600	gene_HOICKCKO_04376	DK885_RS20390	726	exact
C600	gene_HOICKCKO_04377	DK885_RS20385	678	exact
C600	gene_HOICKCKO_04378	DK885_RS20380	789	exact
C600	gene_HOICKCKO_04379	DK885_RS20375	237	exact
C600	gene_HOICKCKO_04383	DK885_RS20355	1032	exact
C600	gene_HOICKCKO_04384	DK885_RS20350	414	exact
C600	gene_HOICKCKO_04385	DK885_RS20345	447	exact
C600	gene_HOICKCKO_04386	DK885_RS20340	678	exact
C600	gene_HOICKCKO_04387	DK885_RS20335	1590	exact
C600	gene_HOICKCKO_04388	DK885_RS20330	606	exact
C600	gene_HOICKCKO_04389	DK885_RS20325	162	exact
C600	gene_HOICKCKO_04390	DK885_RS20320	1074	exact
C600	gene_HOICKCKO_04391	DK885_RS20315	780	exact
C600	gene_HOICKCKO_04392	DK885_RS20310	864	exact
C600	gene_HOICKCKO_04393		1551	no exact sequence match
C600	gene_HOICKCKO_04394	DK885_RS20300	780	exact
C600	gene_HOICKCKO_04395	DK885_RS20295	1323	exact
C600	gene_HOICKCKO_04396	DK885_RS20290	1224	exact
C600	gene_HOICKCKO_04397	DK885_RS20285	720	exact
C600	gene_HOICKCKO_04398	DK885_RS20280	1332	exact
C600	gene_HOICKCKO_04399	DK885_RS20275	1017	exact
C600	gene_HOICKCKO_04400	DK885_RS20270	645	exact
C600	gene_HOICKCKO_04401	DK885_RS20265	969	exact
C600	gene_HOICKCKO_04402	DK885_RS20260	1383	exact
C600	gene_HOICKCKO_04403	DK885_RS20255	1233	exact
C600	gene_HOICKCKO_04404	DK885_RS24160	168	exact
C600	gene_HOICKCKO_04405	DK885_RS20250	1668	exact
C600	gene_HOICKCKO_04406	DK885_RS20240	1938	exact
C600	gene_HOICKCKO_04407		297	no exact sequence match
C600	gene_HOICKCKO_04408	DK885_RS20230	513	exact
C600	gene_HOICKCKO_04409	DK885_RS20225	648	exact
C600	gene_HOICKCKO_04410	DK885_RS20220	870	exact
C600	gene_HOICKCKO_04411	DK885_RS20215	474	exact
C600	gene_HOICKCKO_04412	DK885_RS20210	690	exact
C600	gene_HOICKCKO_04413	DK885_RS20205	1425	exact
C600	gene_HOICKCKO_04414	DK885_RS20200	1353	exact
C600	gene_HOICKCKO_04415	DK885_RS20195	717	exact
C600	gene_HOICKCKO_04416	DK885_RS20185	687	exact
