dataset	BMK_gene_id	composite_reference_locus_tag	BMK_sequence_length	match_status
TH2	gene_MJIDPBFG_00001	HKNPDCAD_01948	3474	exact
TH2	gene_MJIDPBFG_00002		1950	no exact sequence match
TH2	gene_MJIDPBFG_00003	HKNPDCAD_01946	1287	exact
TH2	gene_MJIDPBFG_00004	HKNPDCAD_01945	1401	exact
TH2	gene_MJIDPBFG_00005	HKNPDCAD_01944	930	exact
TH2	gene_MJIDPBFG_00006	HKNPDCAD_01943	768	exact
TH2	gene_MJIDPBFG_00007	HKNPDCAD_01942	2061	exact
TH2	gene_MJIDPBFG_00008	HKNPDCAD_01941	1323	exact
TH2	gene_MJIDPBFG_00009	HKNPDCAD_01940	1014	exact
TH2	gene_MJIDPBFG_00010	HKNPDCAD_01939	972	exact
TH2	gene_MJIDPBFG_00011		234	no exact sequence match
TH2	gene_MJIDPBFG_00012		423	no exact sequence match
TH2	gene_MJIDPBFG_00013	HKNPDCAD_01937	1650	exact
TH2	gene_MJIDPBFG_00014	HKNPDCAD_01936	798	exact
TH2	gene_MJIDPBFG_00015	HKNPDCAD_01935	300	exact
TH2	gene_MJIDPBFG_00016	HKNPDCAD_01934	297	exact
TH2	gene_MJIDPBFG_00017	HKNPDCAD_01933	1401	exact
TH2	gene_MJIDPBFG_00018	HKNPDCAD_01932	825	exact
TH2	gene_MJIDPBFG_00019	HKNPDCAD_01931	657	exact
TH2	gene_MJIDPBFG_00020	HKNPDCAD_01930	3114	exact
TH2	gene_MJIDPBFG_00021	HKNPDCAD_00161;HKNPDCAD_01929	1158	exact
TH2	gene_MJIDPBFG_00022	HKNPDCAD_00163	528	exact
TH2	gene_MJIDPBFG_00023	HKNPDCAD_00164;HKNPDCAD_01925	573	exact
TH2	gene_MJIDPBFG_00024	HKNPDCAD_00165;HKNPDCAD_01924	333	exact
TH2	gene_MJIDPBFG_00025	HKNPDCAD_00166;HKNPDCAD_01923	339	exact
TH2	gene_MJIDPBFG_00026	HKNPDCAD_01922	648	exact
TH2	gene_MJIDPBFG_00027	HKNPDCAD_00168;HKNPDCAD_01921	531	exact
TH2	gene_MJIDPBFG_00028	HKNPDCAD_00169;HKNPDCAD_01920	567	exact
TH2	gene_MJIDPBFG_00029	HKNPDCAD_00170;HKNPDCAD_01919	1224	exact
TH2	gene_MJIDPBFG_00030	HKNPDCAD_00171;HKNPDCAD_01918	1002	exact
TH2	gene_MJIDPBFG_00031	HKNPDCAD_00172;HKNPDCAD_01917	297	exact
TH2	gene_MJIDPBFG_00032		426	no exact sequence match
TH2	gene_MJIDPBFG_00033	HKNPDCAD_01915	1290	exact
TH2	gene_MJIDPBFG_00034	HKNPDCAD_00176;HKNPDCAD_01914	354	exact
TH2	gene_MJIDPBFG_00035	HKNPDCAD_00177;HKNPDCAD_01913	174	exact
TH2	gene_MJIDPBFG_00036	HKNPDCAD_01912	1353	exact
TH2	gene_MJIDPBFG_00037	HKNPDCAD_00180;HKNPDCAD_01911	843	exact
TH2	gene_MJIDPBFG_00038	HKNPDCAD_00181	1941	exact
TH2	gene_MJIDPBFG_00039	HKNPDCAD_00182;HKNPDCAD_01909	753	exact
TH2	gene_MJIDPBFG_00040	HKNPDCAD_00183	1470	exact
TH2	gene_MJIDPBFG_00041	HKNPDCAD_00184;HKNPDCAD_01907	435	exact
TH2	gene_MJIDPBFG_00042	HKNPDCAD_01906	276	exact
TH2	gene_MJIDPBFG_00043	HKNPDCAD_00186;HKNPDCAD_01905	1500	exact
TH2	gene_MJIDPBFG_00044	HKNPDCAD_01904	1182	exact
TH2	gene_MJIDPBFG_00045	HKNPDCAD_00188;HKNPDCAD_01903	1053	exact
TH2	gene_MJIDPBFG_00046	HKNPDCAD_00189	204	exact
TH2	gene_MJIDPBFG_00047	HKNPDCAD_01902	1239	exact
TH2	gene_MJIDPBFG_00048	HKNPDCAD_01901	372	exact
TH2	gene_MJIDPBFG_00049	HKNPDCAD_01900	1623	exact
TH2	gene_MJIDPBFG_00050	HKNPDCAD_00193;HKNPDCAD_01899	1068	exact
TH2	gene_MJIDPBFG_00051	HKNPDCAD_01898	2736	exact
TH2	gene_MJIDPBFG_00052	HKNPDCAD_01897	1125	exact
TH2	gene_MJIDPBFG_00053	HKNPDCAD_01896	1137	exact
TH2	gene_MJIDPBFG_00054	HKNPDCAD_01895	285	exact
TH2	gene_MJIDPBFG_00055	HKNPDCAD_01894	384	exact
TH2	gene_MJIDPBFG_00056	HKNPDCAD_01893	4116	exact
TH2	gene_MJIDPBFG_00057	HKNPDCAD_01892	402	exact
TH2	gene_MJIDPBFG_00058		807	no exact sequence match
TH2	gene_MJIDPBFG_00059		513	no exact sequence match
TH2	gene_MJIDPBFG_00060		195	no exact sequence match
TH2	gene_MJIDPBFG_00061	HKNPDCAD_01888	834	exact
TH2	gene_MJIDPBFG_00062	HKNPDCAD_01887	945	exact
TH2	gene_MJIDPBFG_00063	HKNPDCAD_01886	1575	exact
TH2	gene_MJIDPBFG_00064	HKNPDCAD_01885	588	exact
TH2	gene_MJIDPBFG_00065	HKNPDCAD_01884	1050	exact
TH2	gene_MJIDPBFG_00066		1098	no exact sequence match
TH2	gene_MJIDPBFG_00067	HKNPDCAD_01882	558	exact
TH2	gene_MJIDPBFG_00068	HKNPDCAD_01881	666	exact
TH2	gene_MJIDPBFG_00069	HKNPDCAD_01880	246	exact
TH2	gene_MJIDPBFG_00070	HKNPDCAD_01879	2199	exact
TH2	gene_MJIDPBFG_00071	HKNPDCAD_01878	627	exact
TH2	gene_MJIDPBFG_00072	HKNPDCAD_01877	360	exact
TH2	gene_MJIDPBFG_00073	HKNPDCAD_01876	270	exact
TH2	gene_MJIDPBFG_00074		597	no exact sequence match
TH2	gene_MJIDPBFG_00075	HKNPDCAD_01874	1365	exact
TH2	gene_MJIDPBFG_00076	HKNPDCAD_01873	669	exact
TH2	gene_MJIDPBFG_00077	HKNPDCAD_01872	1059	exact
TH2	gene_MJIDPBFG_00078	HKNPDCAD_01871	855	exact
TH2	gene_MJIDPBFG_00079	HKNPDCAD_01870	1104	exact
TH2	gene_MJIDPBFG_00080	HKNPDCAD_01869	384	exact
TH2	gene_MJIDPBFG_00081	HKNPDCAD_01868	1110	exact
TH2	gene_MJIDPBFG_00082	HKNPDCAD_01867	927	exact
TH2	gene_MJIDPBFG_00083	HKNPDCAD_01866	1278	exact
TH2	gene_MJIDPBFG_00084	HKNPDCAD_01865	768	exact
TH2	gene_MJIDPBFG_00085	HKNPDCAD_01864	714	exact
TH2	gene_MJIDPBFG_00086	HKNPDCAD_01863	1317	exact
TH2	gene_MJIDPBFG_00087		888	no exact sequence match
TH2	gene_MJIDPBFG_00088	HKNPDCAD_01860	846	exact
TH2	gene_MJIDPBFG_00089	HKNPDCAD_01859	1071	exact
TH2	gene_MJIDPBFG_00090	HKNPDCAD_01858	744	exact
TH2	gene_MJIDPBFG_00091		162	no exact sequence match
TH2	gene_MJIDPBFG_00092	HKNPDCAD_01856	1743	exact
TH2	gene_MJIDPBFG_00093	HKNPDCAD_01855	285	exact
TH2	gene_MJIDPBFG_00094		156	no exact sequence match
TH2	gene_MJIDPBFG_00095	HKNPDCAD_01854	495	exact
TH2	gene_MJIDPBFG_00096	HKNPDCAD_01853	1179	exact
TH2	gene_MJIDPBFG_00097	HKNPDCAD_01852	489	exact
TH2	gene_MJIDPBFG_00098	HKNPDCAD_01851	1038	exact
TH2	gene_MJIDPBFG_00099	HKNPDCAD_01850	696	exact
TH2	gene_MJIDPBFG_00100	HKNPDCAD_01849	996	exact
TH2	gene_MJIDPBFG_00101	HKNPDCAD_01848	528	exact
TH2	gene_MJIDPBFG_00102	HKNPDCAD_01847	1209	exact
TH2	gene_MJIDPBFG_00103	HKNPDCAD_01846	594	exact
TH2	gene_MJIDPBFG_00104	HKNPDCAD_01845	1152	exact
TH2	gene_MJIDPBFG_00105	HKNPDCAD_01844	2187	exact
TH2	gene_MJIDPBFG_00106	HKNPDCAD_01843	1974	exact
TH2	gene_MJIDPBFG_00107	HKNPDCAD_01842	1296	exact
TH2	gene_MJIDPBFG_00108	HKNPDCAD_01841	1434	exact
TH2	gene_MJIDPBFG_00109	HKNPDCAD_01840	2448	exact
TH2	gene_MJIDPBFG_00110	HKNPDCAD_01839	282	exact
TH2	gene_MJIDPBFG_00111	HKNPDCAD_01838	1506	exact
TH2	gene_MJIDPBFG_00112	HKNPDCAD_01837	327	exact
TH2	gene_MJIDPBFG_00113	HKNPDCAD_01836	831	exact
TH2	gene_MJIDPBFG_00114	HKNPDCAD_01835	759	exact
TH2	gene_MJIDPBFG_00115	HKNPDCAD_01834	1599	exact
TH2	gene_MJIDPBFG_00116	HKNPDCAD_01833	1227	exact
TH2	gene_MJIDPBFG_00117	HKNPDCAD_01832	930	exact
TH2	gene_MJIDPBFG_00118	HKNPDCAD_01831	2706	exact
TH2	gene_MJIDPBFG_00119	HKNPDCAD_01830	2394	exact
TH2	gene_MJIDPBFG_00120	HKNPDCAD_01829	552	exact
TH2	gene_MJIDPBFG_00121	HKNPDCAD_01828	1578	exact
TH2	gene_MJIDPBFG_00122	HKNPDCAD_01827	1317	exact
TH2	gene_MJIDPBFG_00123	HKNPDCAD_01826	576	exact
TH2	gene_MJIDPBFG_00124	HKNPDCAD_01825	648	exact
TH2	gene_MJIDPBFG_00125		771	no exact sequence match
TH2	gene_MJIDPBFG_00126	HKNPDCAD_01823	879	exact
TH2	gene_MJIDPBFG_00127	HKNPDCAD_01822	237	exact
TH2	gene_MJIDPBFG_00128	HKNPDCAD_01821	1491	exact
TH2	gene_MJIDPBFG_00129	HKNPDCAD_01820	822	exact
TH2	gene_MJIDPBFG_00130	HKNPDCAD_01819	228	exact
TH2	gene_MJIDPBFG_00131		2322	no exact sequence match
TH2	gene_MJIDPBFG_00132	HKNPDCAD_01816	417	exact
TH2	gene_MJIDPBFG_00133	HKNPDCAD_01815	720	exact
TH2	gene_MJIDPBFG_00134	HKNPDCAD_01814	1353	exact
TH2	gene_MJIDPBFG_00135	HKNPDCAD_01813	297	exact
TH2	gene_MJIDPBFG_00136	HKNPDCAD_01812	318	exact
TH2	gene_MJIDPBFG_00137	HKNPDCAD_01811	1623	exact
TH2	gene_MJIDPBFG_00138	HKNPDCAD_01810	1725	exact
TH2	gene_MJIDPBFG_00139	HKNPDCAD_01809	879	exact
TH2	gene_MJIDPBFG_00140	HKNPDCAD_01808	402	exact
TH2	gene_MJIDPBFG_00141	HKNPDCAD_01807	669	exact
TH2	gene_MJIDPBFG_00142	HKNPDCAD_01806	1188	exact
TH2	gene_MJIDPBFG_00143		936	no exact sequence match
TH2	gene_MJIDPBFG_00144	HKNPDCAD_01804	561	exact
TH2	gene_MJIDPBFG_00145	HKNPDCAD_01803	2553	exact
TH2	gene_MJIDPBFG_00146	HKNPDCAD_01802	780	exact
TH2	gene_MJIDPBFG_00147	HKNPDCAD_01801	540	exact
TH2	gene_MJIDPBFG_00148	HKNPDCAD_01800	303	exact
TH2	gene_MJIDPBFG_00149	HKNPDCAD_01799	405	exact
TH2	gene_MJIDPBFG_00150	HKNPDCAD_01798	1209	exact
TH2	gene_MJIDPBFG_00151	HKNPDCAD_01797	678	exact
TH2	gene_MJIDPBFG_00152	HKNPDCAD_01796	1089	exact
TH2	gene_MJIDPBFG_00153		603	no exact sequence match
TH2	gene_MJIDPBFG_00154		474	no exact sequence match
TH2	gene_MJIDPBFG_00155	HKNPDCAD_01794	837	exact
TH2	gene_MJIDPBFG_00156	HKNPDCAD_01793	678	exact
TH2	gene_MJIDPBFG_00157	HKNPDCAD_01792	759	exact
TH2	gene_MJIDPBFG_00158	HKNPDCAD_01791	1005	exact
TH2	gene_MJIDPBFG_00159	HKNPDCAD_01790	687	exact
TH2	gene_MJIDPBFG_00160	HKNPDCAD_01789	207	exact
TH2	gene_MJIDPBFG_00161	HKNPDCAD_01788	363	exact
TH2	gene_MJIDPBFG_00162	HKNPDCAD_01787	1164	exact
TH2	gene_MJIDPBFG_00163	HKNPDCAD_01786	1227	exact
TH2	gene_MJIDPBFG_00164	HKNPDCAD_01785	879	exact
TH2	gene_MJIDPBFG_00165	HKNPDCAD_01784	354	exact
TH2	gene_MJIDPBFG_00166		399	no exact sequence match
TH2	gene_MJIDPBFG_00167		897	no exact sequence match
TH2	gene_MJIDPBFG_00168	HKNPDCAD_01782	1086	exact
TH2	gene_MJIDPBFG_00169	HKNPDCAD_01781	732	exact
TH2	gene_MJIDPBFG_00170	HKNPDCAD_01780	786	exact
TH2	gene_MJIDPBFG_00171	HKNPDCAD_01779	831	exact
TH2	gene_MJIDPBFG_00172	HKNPDCAD_01778	1023	exact
TH2	gene_MJIDPBFG_00173		1338	no exact sequence match
TH2	gene_MJIDPBFG_00174	HKNPDCAD_01776	168	exact
TH2	gene_MJIDPBFG_00175	HKNPDCAD_01775	1374	exact
TH2	gene_MJIDPBFG_00176	HKNPDCAD_01774	807	exact
TH2	gene_MJIDPBFG_00177	HKNPDCAD_01773	327	exact
TH2	gene_MJIDPBFG_00178	HKNPDCAD_01772	2544	exact
TH2	gene_MJIDPBFG_00179	HKNPDCAD_01771	1182	exact
TH2	gene_MJIDPBFG_00180	HKNPDCAD_01770	459	exact
TH2	gene_MJIDPBFG_00181	HKNPDCAD_01769	168	exact
TH2	gene_MJIDPBFG_00182	HKNPDCAD_01768	603	exact
TH2	gene_MJIDPBFG_00183	HKNPDCAD_01767	564	exact
TH2	gene_MJIDPBFG_00184		1221	no exact sequence match
TH2	gene_MJIDPBFG_00185		2091	no exact sequence match
TH2	gene_MJIDPBFG_00186		486	no exact sequence match
TH2	gene_MJIDPBFG_00187	HKNPDCAD_01761	405	exact
TH2	gene_MJIDPBFG_00188		432	no exact sequence match
TH2	gene_MJIDPBFG_00189		408	no exact sequence match
TH2	gene_MJIDPBFG_00190	HKNPDCAD_01759	207	exact
TH2	gene_MJIDPBFG_00191	HKNPDCAD_01758	906	exact
TH2	gene_MJIDPBFG_00192	HKNPDCAD_01757	1449	exact
TH2	gene_MJIDPBFG_00193	HKNPDCAD_01756	492	exact
TH2	gene_MJIDPBFG_00194	HKNPDCAD_01755	552	exact
TH2	gene_MJIDPBFG_00195	HKNPDCAD_01754	1806	exact
TH2	gene_MJIDPBFG_00196	HKNPDCAD_01753	201	exact
TH2	gene_MJIDPBFG_00197	HKNPDCAD_01752	591	exact
TH2	gene_MJIDPBFG_00198	HKNPDCAD_01751	219	exact
TH2	gene_MJIDPBFG_00199	HKNPDCAD_01750	813	exact
TH2	gene_MJIDPBFG_00200	HKNPDCAD_01749	723	exact
TH2	gene_MJIDPBFG_00201	HKNPDCAD_01748	387	exact
TH2	gene_MJIDPBFG_00202	HKNPDCAD_01747	360	exact
TH2	gene_MJIDPBFG_00203	HKNPDCAD_01746	288	exact
TH2	gene_MJIDPBFG_00204	HKNPDCAD_01745	375	exact
TH2	gene_MJIDPBFG_00205	HKNPDCAD_01744	471	exact
TH2	gene_MJIDPBFG_00206	HKNPDCAD_01743	2115	exact
TH2	gene_MJIDPBFG_00207	HKNPDCAD_01742	1185	exact
TH2	gene_MJIDPBFG_00208	HKNPDCAD_01741	2694	exact
TH2	gene_MJIDPBFG_00209	HKNPDCAD_01740	195	exact
TH2	gene_MJIDPBFG_00210	HKNPDCAD_01739	477	exact
TH2	gene_MJIDPBFG_00211	HKNPDCAD_01738	516	exact
TH2	gene_MJIDPBFG_00212	HKNPDCAD_01737	156	exact
TH2	gene_MJIDPBFG_00213	HKNPDCAD_01736	462	exact
TH2	gene_MJIDPBFG_00214	HKNPDCAD_01735	1164	exact
TH2	gene_MJIDPBFG_00215	HKNPDCAD_01734	984	exact
TH2	gene_MJIDPBFG_00216		534	no exact sequence match
TH2	gene_MJIDPBFG_00217	HKNPDCAD_01732	378	exact
TH2	gene_MJIDPBFG_00218	HKNPDCAD_01731	510	exact
TH2	gene_MJIDPBFG_00219	HKNPDCAD_01730	438	exact
TH2	gene_MJIDPBFG_00220	HKNPDCAD_01729	1197	exact
TH2	gene_MJIDPBFG_00221	HKNPDCAD_01728	1482	exact
TH2	gene_MJIDPBFG_00222	HKNPDCAD_01727	1515	exact
TH2	gene_MJIDPBFG_00223	HKNPDCAD_01726	441	exact
TH2	gene_MJIDPBFG_00224	HKNPDCAD_01725	816	exact
TH2	gene_MJIDPBFG_00225	HKNPDCAD_01724	1470	exact
TH2	gene_MJIDPBFG_00226	HKNPDCAD_01723	420	exact
TH2	gene_MJIDPBFG_00227	HKNPDCAD_01722	312	exact
TH2	gene_MJIDPBFG_00228	HKNPDCAD_01721	630	exact
TH2	gene_MJIDPBFG_00229	HKNPDCAD_01720	606	exact
TH2	gene_MJIDPBFG_00230	HKNPDCAD_01719	303	exact
TH2	gene_MJIDPBFG_00231	HKNPDCAD_01718	822	exact
TH2	gene_MJIDPBFG_00232	HKNPDCAD_01717	279	exact
TH2	gene_MJIDPBFG_00233	HKNPDCAD_01716	333	exact
TH2	gene_MJIDPBFG_00234	HKNPDCAD_01715	702	exact
TH2	gene_MJIDPBFG_00235	HKNPDCAD_01714	411	exact
TH2	gene_MJIDPBFG_00236	HKNPDCAD_01713	192	exact
TH2	gene_MJIDPBFG_00237	HKNPDCAD_01712	255	exact
TH2	gene_MJIDPBFG_00238	HKNPDCAD_01711	372	exact
TH2	gene_MJIDPBFG_00239	HKNPDCAD_01710	315	exact
TH2	gene_MJIDPBFG_00240	HKNPDCAD_01709	540	exact
TH2	gene_MJIDPBFG_00241	HKNPDCAD_01708	306	exact
TH2	gene_MJIDPBFG_00242	HKNPDCAD_01707	393	exact
TH2	gene_MJIDPBFG_00243	HKNPDCAD_01706	534	exact
TH2	gene_MJIDPBFG_00244	HKNPDCAD_01705	354	exact
TH2	gene_MJIDPBFG_00245	HKNPDCAD_01704	504	exact
TH2	gene_MJIDPBFG_00246	HKNPDCAD_01703	180	exact
TH2	gene_MJIDPBFG_00247	HKNPDCAD_01702	435	exact
TH2	gene_MJIDPBFG_00248	HKNPDCAD_01701	1332	exact
TH2	gene_MJIDPBFG_00249	HKNPDCAD_01700	117	exact
TH2	gene_MJIDPBFG_00250	HKNPDCAD_01699	357	exact
TH2	gene_MJIDPBFG_00251	HKNPDCAD_01698	390	exact
TH2	gene_MJIDPBFG_00252	HKNPDCAD_01697	621	exact
TH2	gene_MJIDPBFG_00253	HKNPDCAD_01696	990	exact
TH2	gene_MJIDPBFG_00254	HKNPDCAD_01695	384	exact
TH2	gene_MJIDPBFG_00255	HKNPDCAD_01694	369	exact
TH2	gene_MJIDPBFG_00256	HKNPDCAD_01693	426	exact
TH2	gene_MJIDPBFG_00257	HKNPDCAD_01692	219	exact
TH2	gene_MJIDPBFG_00258	HKNPDCAD_01691	411	exact
TH2	gene_MJIDPBFG_00259	HKNPDCAD_01690	1377	exact
TH2	gene_MJIDPBFG_00260	HKNPDCAD_01689	1290	exact
TH2	gene_MJIDPBFG_00261	HKNPDCAD_01688	948	exact
TH2	gene_MJIDPBFG_00262	HKNPDCAD_01687	510	exact
TH2	gene_MJIDPBFG_00263	HKNPDCAD_01686	654	exact
TH2	gene_MJIDPBFG_00264	HKNPDCAD_01685	456	exact
TH2	gene_MJIDPBFG_00265	HKNPDCAD_01684	474	exact
TH2	gene_MJIDPBFG_00266	HKNPDCAD_01683	543	exact
TH2	gene_MJIDPBFG_00267	HKNPDCAD_01682	519	exact
TH2	gene_MJIDPBFG_00268	HKNPDCAD_01681	819	exact
TH2	gene_MJIDPBFG_00269	HKNPDCAD_01680	258	exact
TH2	gene_MJIDPBFG_00270	HKNPDCAD_01679	555	exact
TH2	gene_MJIDPBFG_00278	HKNPDCAD_01671	759	exact
TH2	gene_MJIDPBFG_00279		678	no exact sequence match
TH2	gene_MJIDPBFG_00280		444	no exact sequence match
TH2	gene_MJIDPBFG_00281	HKNPDCAD_01669	1182	exact
TH2	gene_MJIDPBFG_00282	HKNPDCAD_01668	1026	exact
TH2	gene_MJIDPBFG_00283	HKNPDCAD_01667	222	exact
TH2	gene_MJIDPBFG_00284	HKNPDCAD_01666	291	exact
TH2	gene_MJIDPBFG_00285	HKNPDCAD_01665	3105	exact
TH2	gene_MJIDPBFG_00286	HKNPDCAD_01664	1158	exact
TH2	gene_MJIDPBFG_00287	HKNPDCAD_01663	663	exact
TH2	gene_MJIDPBFG_00288	HKNPDCAD_01662	180	exact
TH2	gene_MJIDPBFG_00289	HKNPDCAD_01661	852	exact
TH2	gene_MJIDPBFG_00290	HKNPDCAD_01660	297	exact
TH2	gene_MJIDPBFG_00291	HKNPDCAD_01659	966	exact
TH2	gene_MJIDPBFG_00292	HKNPDCAD_01658	882	exact
TH2	gene_MJIDPBFG_00293	HKNPDCAD_01657	1452	exact
TH2	gene_MJIDPBFG_00294	HKNPDCAD_01656	243	exact
TH2	gene_MJIDPBFG_00295	HKNPDCAD_01655	1350	exact
TH2	gene_MJIDPBFG_00296	HKNPDCAD_01654	471	exact
TH2	gene_MJIDPBFG_00297	HKNPDCAD_01653	975	exact
TH2	gene_MJIDPBFG_00298	HKNPDCAD_01652	855	exact
TH2	gene_MJIDPBFG_00299	HKNPDCAD_01651	1065	exact
TH2	gene_MJIDPBFG_00300	HKNPDCAD_01650	1044	exact
TH2	gene_MJIDPBFG_00301	HKNPDCAD_01649	1104	exact
TH2	gene_MJIDPBFG_00302	HKNPDCAD_01648	489	exact
TH2	gene_MJIDPBFG_00303	HKNPDCAD_01647	594	exact
TH2	gene_MJIDPBFG_00304		1470	no exact sequence match
TH2	gene_MJIDPBFG_00305	HKNPDCAD_01644	3801	exact
TH2	gene_MJIDPBFG_00306	HKNPDCAD_01643	1446	exact
TH2	gene_MJIDPBFG_00307	HKNPDCAD_01642	930	exact
TH2	gene_MJIDPBFG_00308	HKNPDCAD_01641	204	exact
TH2	gene_MJIDPBFG_00309	HKNPDCAD_01640	933	exact
TH2	gene_MJIDPBFG_00310	HKNPDCAD_01639	1968	exact
TH2	gene_MJIDPBFG_00311	HKNPDCAD_01638	273	exact
TH2	gene_MJIDPBFG_00312	HKNPDCAD_01637	264	exact
TH2	gene_MJIDPBFG_00313	HKNPDCAD_01636	471	exact
TH2	gene_MJIDPBFG_00314	HKNPDCAD_01635	939	exact
TH2	gene_MJIDPBFG_00315	HKNPDCAD_01634	1068	exact
TH2	gene_MJIDPBFG_00316	HKNPDCAD_01633	1368	exact
TH2	gene_MJIDPBFG_00317	HKNPDCAD_01632	399	exact
TH2	gene_MJIDPBFG_00318	HKNPDCAD_01631	1128	exact
TH2	gene_MJIDPBFG_00319	HKNPDCAD_01630	429	exact
TH2	gene_MJIDPBFG_00320	HKNPDCAD_01629	393	exact
TH2	gene_MJIDPBFG_00321	HKNPDCAD_01628	639	exact
TH2	gene_MJIDPBFG_00322	HKNPDCAD_01627	498	exact
TH2	gene_MJIDPBFG_00323	HKNPDCAD_01626	309	exact
TH2	gene_MJIDPBFG_00324	HKNPDCAD_01625	1059	exact
TH2	gene_MJIDPBFG_00325	HKNPDCAD_01624	792	exact
TH2	gene_MJIDPBFG_00326	HKNPDCAD_01623	894	exact
TH2	gene_MJIDPBFG_00327	HKNPDCAD_01622	1491	exact
TH2	gene_MJIDPBFG_00328	HKNPDCAD_01621	690	exact
TH2	gene_MJIDPBFG_00329		639	no exact sequence match
TH2	gene_MJIDPBFG_00330	HKNPDCAD_01619	465	exact
TH2	gene_MJIDPBFG_00331	HKNPDCAD_01618	1128	exact
TH2	gene_MJIDPBFG_00332	HKNPDCAD_01617	717	exact
TH2	gene_MJIDPBFG_00333	HKNPDCAD_01616	546	exact
TH2	gene_MJIDPBFG_00334		2052	no exact sequence match
TH2	gene_MJIDPBFG_00335		675	no exact sequence match
TH2	gene_MJIDPBFG_00336		579	no exact sequence match
TH2	gene_MJIDPBFG_00337	HKNPDCAD_01611	1419	exact
TH2	gene_MJIDPBFG_00338	HKNPDCAD_01610	4554	exact
TH2	gene_MJIDPBFG_00339		930	no exact sequence match
TH2	gene_MJIDPBFG_00340	HKNPDCAD_01607	2337	exact
TH2	gene_MJIDPBFG_00341	HKNPDCAD_01606	303	exact
TH2	gene_MJIDPBFG_00342	HKNPDCAD_01605	285	exact
TH2	gene_MJIDPBFG_00343	HKNPDCAD_01604	729	exact
TH2	gene_MJIDPBFG_00344	HKNPDCAD_01603	633	exact
TH2	gene_MJIDPBFG_00345	HKNPDCAD_01602	273	exact
TH2	gene_MJIDPBFG_00346		855	no exact sequence match
TH2	gene_MJIDPBFG_00347	HKNPDCAD_01599	492	exact
TH2	gene_MJIDPBFG_00348	HKNPDCAD_01598	288	exact
TH2	gene_MJIDPBFG_00349	HKNPDCAD_01597	1434	exact
TH2	gene_MJIDPBFG_00350	HKNPDCAD_01596	726	exact
TH2	gene_MJIDPBFG_00351		516	no exact sequence match
TH2	gene_MJIDPBFG_00352	HKNPDCAD_01594	576	exact
TH2	gene_MJIDPBFG_00353	HKNPDCAD_01593	567	exact
TH2	gene_MJIDPBFG_00354	HKNPDCAD_01592	138	exact
TH2	gene_MJIDPBFG_00355	HKNPDCAD_01591	882	exact
TH2	gene_MJIDPBFG_00356	HKNPDCAD_01590	978	exact
TH2	gene_MJIDPBFG_00357	HKNPDCAD_01589	810	exact
TH2	gene_MJIDPBFG_00358	HKNPDCAD_01588	783	exact
TH2	gene_MJIDPBFG_00359	HKNPDCAD_01587	552	exact
TH2	gene_MJIDPBFG_00360		669	no exact sequence match
TH2	gene_MJIDPBFG_00361	HKNPDCAD_01585	294	exact
TH2	gene_MJIDPBFG_00362	HKNPDCAD_01584	270	exact
TH2	gene_MJIDPBFG_00363	HKNPDCAD_01583	1260	exact
TH2	gene_MJIDPBFG_00364	HKNPDCAD_01582	279	exact
TH2	gene_MJIDPBFG_00365	HKNPDCAD_01581	972	exact
TH2	gene_MJIDPBFG_00366	HKNPDCAD_01580	312	exact
TH2	gene_MJIDPBFG_00367	HKNPDCAD_01579	258	exact
TH2	gene_MJIDPBFG_00368	HKNPDCAD_01578	891	exact
TH2	gene_MJIDPBFG_00369	HKNPDCAD_01577	1173	exact
TH2	gene_MJIDPBFG_00370	HKNPDCAD_01576	1434	exact
TH2	gene_MJIDPBFG_00371	HKNPDCAD_01575	477	exact
TH2	gene_MJIDPBFG_00372	HKNPDCAD_01574	294	exact
TH2	gene_MJIDPBFG_00373	HKNPDCAD_01573	630	exact
TH2	gene_MJIDPBFG_00374	HKNPDCAD_01572	1944	exact
TH2	gene_MJIDPBFG_00375	HKNPDCAD_01571	849	exact
TH2	gene_MJIDPBFG_00376	HKNPDCAD_01570	1338	exact
TH2	gene_MJIDPBFG_00377	HKNPDCAD_01569	333	exact
TH2	gene_MJIDPBFG_00379	HKNPDCAD_01567	1626	exact
TH2	gene_MJIDPBFG_00380	HKNPDCAD_01566	1344	exact
TH2	gene_MJIDPBFG_00382	HKNPDCAD_01564	453	exact
TH2	gene_MJIDPBFG_00383		1449	no exact sequence match
TH2	gene_MJIDPBFG_00384		822	no exact sequence match
TH2	gene_MJIDPBFG_00385		1743	no exact sequence match
TH2	gene_MJIDPBFG_00386	HKNPDCAD_01561	402	exact
TH2	gene_MJIDPBFG_00387		945	no exact sequence match
TH2	gene_MJIDPBFG_00388	HKNPDCAD_01559	270	exact
TH2	gene_MJIDPBFG_00389		1788	no exact sequence match
TH2	gene_MJIDPBFG_00390	HKNPDCAD_01557	885	exact
TH2	gene_MJIDPBFG_00391	HKNPDCAD_01556	1890	exact
TH2	gene_MJIDPBFG_00392	HKNPDCAD_01555	1113	exact
TH2	gene_MJIDPBFG_00393	HKNPDCAD_01554	1008	exact
TH2	gene_MJIDPBFG_00394	HKNPDCAD_01553	879	exact
TH2	gene_MJIDPBFG_00395	HKNPDCAD_01552	996	exact
TH2	gene_MJIDPBFG_00396	HKNPDCAD_01551	525	exact
TH2	gene_MJIDPBFG_00397	HKNPDCAD_01550	504	exact
TH2	gene_MJIDPBFG_00398	HKNPDCAD_01549	303	exact
TH2	gene_MJIDPBFG_00399	HKNPDCAD_01548	168	exact
TH2	gene_MJIDPBFG_00400	HKNPDCAD_01547	279	exact
TH2	gene_MJIDPBFG_00401	HKNPDCAD_01546	519	exact
TH2	gene_MJIDPBFG_00402	HKNPDCAD_01545	636	exact
TH2	gene_MJIDPBFG_00403	HKNPDCAD_01544	1041	exact
TH2	gene_MJIDPBFG_00404	HKNPDCAD_01543	576	exact
TH2	gene_MJIDPBFG_00405	HKNPDCAD_01542	591	exact
TH2	gene_MJIDPBFG_00406	HKNPDCAD_01541	396	exact
TH2	gene_MJIDPBFG_00407	HKNPDCAD_01540	2037	exact
TH2	gene_MJIDPBFG_00408	HKNPDCAD_01539	861	exact
TH2	gene_MJIDPBFG_00409	HKNPDCAD_01538	351	exact
TH2	gene_MJIDPBFG_00410	HKNPDCAD_00490;HKNPDCAD_00548;HKNPDCAD_00682;HKNPDCAD_01139;HKNPDCAD_01213;HKNPDCAD_01356;HKNPDCAD_01366;HKNPDCAD_01537;HKNPDCAD_02097;HKNPDCAD_02102;HKNPDCAD_02784;HKNPDCAD_03292;HKNPDCAD_03714	276	exact
TH2	gene_MJIDPBFG_00411	HKNPDCAD_00014;HKNPDCAD_00491;HKNPDCAD_00547;HKNPDCAD_00683;HKNPDCAD_01138;HKNPDCAD_01214;HKNPDCAD_01355;HKNPDCAD_01367;HKNPDCAD_01536;HKNPDCAD_02098;HKNPDCAD_02101;HKNPDCAD_02785;HKNPDCAD_03291;HKNPDCAD_03715	378	exact
TH2	gene_MJIDPBFG_00412	HKNPDCAD_01535	708	exact
TH2	gene_MJIDPBFG_00413		2166	no exact sequence match
TH2	gene_MJIDPBFG_00414		246	no exact sequence match
TH2	gene_MJIDPBFG_00415	HKNPDCAD_01533	696	exact
TH2	gene_MJIDPBFG_00416	HKNPDCAD_01532	585	exact
TH2	gene_MJIDPBFG_00417	HKNPDCAD_01531	702	exact
TH2	gene_MJIDPBFG_00418	HKNPDCAD_01530	792	exact
TH2	gene_MJIDPBFG_00419	HKNPDCAD_01529	804	exact
TH2	gene_MJIDPBFG_00420	HKNPDCAD_01528	477	exact
TH2	gene_MJIDPBFG_00421	HKNPDCAD_01527	861	exact
TH2	gene_MJIDPBFG_00422		1155	no exact sequence match
TH2	gene_MJIDPBFG_00423	HKNPDCAD_01525	1134	exact
TH2	gene_MJIDPBFG_00424	HKNPDCAD_01524	435	exact
TH2	gene_MJIDPBFG_00425	HKNPDCAD_01523	879	exact
TH2	gene_MJIDPBFG_00426	HKNPDCAD_01522	780	exact
TH2	gene_MJIDPBFG_00427	HKNPDCAD_01521	474	exact
TH2	gene_MJIDPBFG_00428		894	no exact sequence match
TH2	gene_MJIDPBFG_00429		417	no exact sequence match
TH2	gene_MJIDPBFG_00430	HKNPDCAD_01519	810	exact
TH2	gene_MJIDPBFG_00431	HKNPDCAD_01518	465	exact
TH2	gene_MJIDPBFG_00432	HKNPDCAD_01517	336	exact
TH2	gene_MJIDPBFG_00433	HKNPDCAD_01516	1572	exact
TH2	gene_MJIDPBFG_00434	HKNPDCAD_01515	1023	exact
TH2	gene_MJIDPBFG_00435	HKNPDCAD_01514	771	exact
TH2	gene_MJIDPBFG_00436	HKNPDCAD_01513	891	exact
TH2	gene_MJIDPBFG_00437	HKNPDCAD_01512	1146	exact
TH2	gene_MJIDPBFG_00438	HKNPDCAD_01511	1188	exact
TH2	gene_MJIDPBFG_00439	HKNPDCAD_01510	540	exact
TH2	gene_MJIDPBFG_00440	HKNPDCAD_01509	939	exact
TH2	gene_MJIDPBFG_00441	HKNPDCAD_01508	990	exact
TH2	gene_MJIDPBFG_00442	HKNPDCAD_01507	1332	exact
TH2	gene_MJIDPBFG_00443	HKNPDCAD_01506	192	exact
TH2	gene_MJIDPBFG_00444		972	no exact sequence match
TH2	gene_MJIDPBFG_00445	HKNPDCAD_01504	2295	exact
TH2	gene_MJIDPBFG_00446	HKNPDCAD_01503	390	exact
TH2	gene_MJIDPBFG_00447	HKNPDCAD_01502	1365	exact
TH2	gene_MJIDPBFG_00448	HKNPDCAD_01501	1332	exact
TH2	gene_MJIDPBFG_00449	HKNPDCAD_01500	1311	exact
TH2	gene_MJIDPBFG_00450	HKNPDCAD_01499	165	exact
TH2	gene_MJIDPBFG_00451	HKNPDCAD_01498	702	exact
TH2	gene_MJIDPBFG_00452	HKNPDCAD_01497	897	exact
TH2	gene_MJIDPBFG_00453		420	no exact sequence match
TH2	gene_MJIDPBFG_00454	HKNPDCAD_01495	366	exact
TH2	gene_MJIDPBFG_00455	HKNPDCAD_01494	987	exact
TH2	gene_MJIDPBFG_00456	HKNPDCAD_01493	483	exact
TH2	gene_MJIDPBFG_00457	HKNPDCAD_01492	300	exact
TH2	gene_MJIDPBFG_00458	HKNPDCAD_01491	405	exact
TH2	gene_MJIDPBFG_00459	HKNPDCAD_01490	306	exact
TH2	gene_MJIDPBFG_00460	HKNPDCAD_01489	369	exact
TH2	gene_MJIDPBFG_00461	HKNPDCAD_01488	378	exact
TH2	gene_MJIDPBFG_00462	HKNPDCAD_01487	663	exact
TH2	gene_MJIDPBFG_00463	HKNPDCAD_01486	777	exact
TH2	gene_MJIDPBFG_00464	HKNPDCAD_01485	1299	exact
TH2	gene_MJIDPBFG_00465	HKNPDCAD_01484	1413	exact
TH2	gene_MJIDPBFG_00466	HKNPDCAD_01483	1488	exact
TH2	gene_MJIDPBFG_00467	HKNPDCAD_01482	195	exact
TH2	gene_MJIDPBFG_00468		291	no exact sequence match
TH2	gene_MJIDPBFG_00469	HKNPDCAD_01480	237	exact
TH2	gene_MJIDPBFG_00470	HKNPDCAD_01479	1053	exact
TH2	gene_MJIDPBFG_00471	HKNPDCAD_01478	966	exact
TH2	gene_MJIDPBFG_00472	HKNPDCAD_01477	987	exact
TH2	gene_MJIDPBFG_00473	HKNPDCAD_01476	684	exact
TH2	gene_MJIDPBFG_00474	HKNPDCAD_01475	504	exact
TH2	gene_MJIDPBFG_00475	HKNPDCAD_01474	1137	exact
TH2	gene_MJIDPBFG_00476	HKNPDCAD_01473	315	exact
TH2	gene_MJIDPBFG_00477	HKNPDCAD_01472	417	exact
TH2	gene_MJIDPBFG_00478	HKNPDCAD_01471	816	exact
TH2	gene_MJIDPBFG_00479	HKNPDCAD_01470	1200	exact
TH2	gene_MJIDPBFG_00480	HKNPDCAD_01469	2352	exact
TH2	gene_MJIDPBFG_00481	HKNPDCAD_01468	1071	exact
TH2	gene_MJIDPBFG_00482	HKNPDCAD_01467	1434	exact
TH2	gene_MJIDPBFG_00483	HKNPDCAD_01466	450	exact
TH2	gene_MJIDPBFG_00484	HKNPDCAD_01465	2892	exact
TH2	gene_MJIDPBFG_00485	HKNPDCAD_01464	984	exact
TH2	gene_MJIDPBFG_00486	HKNPDCAD_01463	333	exact
TH2	gene_MJIDPBFG_00487	HKNPDCAD_01462	1491	exact
TH2	gene_MJIDPBFG_00488	HKNPDCAD_01461	249	exact
TH2	gene_MJIDPBFG_00489	HKNPDCAD_01460	1275	exact
TH2	gene_MJIDPBFG_00490	HKNPDCAD_01459	624	exact
TH2	gene_MJIDPBFG_00491	HKNPDCAD_01458	702	exact
TH2	gene_MJIDPBFG_00493	HKNPDCAD_01456	507	exact
TH2	gene_MJIDPBFG_00494	HKNPDCAD_01455	1842	exact
TH2	gene_MJIDPBFG_00495	HKNPDCAD_01454	1188	exact
TH2	gene_MJIDPBFG_00496	HKNPDCAD_01453	507	exact
TH2	gene_MJIDPBFG_00497	HKNPDCAD_01452	216	exact
TH2	gene_MJIDPBFG_00498	HKNPDCAD_01451	1014	exact
TH2	gene_MJIDPBFG_00499	HKNPDCAD_01450	1464	exact
TH2	gene_MJIDPBFG_00500	HKNPDCAD_01449	606	exact
TH2	gene_MJIDPBFG_00501	HKNPDCAD_01448	912	exact
TH2	gene_MJIDPBFG_00502	HKNPDCAD_01447	933	exact
TH2	gene_MJIDPBFG_00503	HKNPDCAD_01446	618	exact
TH2	gene_MJIDPBFG_00504	HKNPDCAD_01445	369	exact
TH2	gene_MJIDPBFG_00505	HKNPDCAD_01444	822	exact
TH2	gene_MJIDPBFG_00506	HKNPDCAD_01443	1239	exact
TH2	gene_MJIDPBFG_00507	HKNPDCAD_01442	621	exact
TH2	gene_MJIDPBFG_00508	HKNPDCAD_01441	1302	exact
TH2	gene_MJIDPBFG_00509	HKNPDCAD_01440	2841	exact
TH2	gene_MJIDPBFG_00510	HKNPDCAD_01439	1434	exact
TH2	gene_MJIDPBFG_00511	HKNPDCAD_01438	1662	exact
TH2	gene_MJIDPBFG_00512	HKNPDCAD_01437	630	exact
TH2	gene_MJIDPBFG_00513	HKNPDCAD_01436	201	exact
TH2	gene_MJIDPBFG_00514	HKNPDCAD_01435	1032	exact
TH2	gene_MJIDPBFG_00515	HKNPDCAD_01434	750	exact
TH2	gene_MJIDPBFG_00516	HKNPDCAD_01433	2514	exact
TH2	gene_MJIDPBFG_00517	HKNPDCAD_01432	552	exact
TH2	gene_MJIDPBFG_00518	HKNPDCAD_01431	654	exact
TH2	gene_MJIDPBFG_00519	HKNPDCAD_01430	171	exact
TH2	gene_MJIDPBFG_00520	HKNPDCAD_01429	774	exact
TH2	gene_MJIDPBFG_00521	HKNPDCAD_01428	816	exact
TH2	gene_MJIDPBFG_00522	HKNPDCAD_01427	1161	exact
TH2	gene_MJIDPBFG_00523	HKNPDCAD_01426	672	exact
TH2	gene_MJIDPBFG_00524	HKNPDCAD_01425	1482	exact
TH2	gene_MJIDPBFG_00525	HKNPDCAD_01424	93	exact
TH2	gene_MJIDPBFG_00526	HKNPDCAD_01423	498	exact
TH2	gene_MJIDPBFG_00527	HKNPDCAD_01422	423	exact
TH2	gene_MJIDPBFG_00528	HKNPDCAD_01421	828	exact
TH2	gene_MJIDPBFG_00529	HKNPDCAD_01420	267	exact
TH2	gene_MJIDPBFG_00530	HKNPDCAD_01419	336	exact
TH2	gene_MJIDPBFG_00531	HKNPDCAD_01418	1893	exact
TH2	gene_MJIDPBFG_00532	HKNPDCAD_01417	315	exact
TH2	gene_MJIDPBFG_00533	HKNPDCAD_01416	582	exact
TH2	gene_MJIDPBFG_00534	HKNPDCAD_01414	1350	exact
TH2	gene_MJIDPBFG_00535	HKNPDCAD_01413	660	exact
TH2	gene_MJIDPBFG_00536	HKNPDCAD_01412	393	exact
TH2	gene_MJIDPBFG_00537	HKNPDCAD_01411	483	exact
TH2	gene_MJIDPBFG_00538	HKNPDCAD_01410	297	exact
TH2	gene_MJIDPBFG_00539		258	no exact sequence match
TH2	gene_MJIDPBFG_00540	HKNPDCAD_01408	1608	exact
TH2	gene_MJIDPBFG_00541	HKNPDCAD_01407	2259	exact
TH2	gene_MJIDPBFG_00542		330	no exact sequence match
TH2	gene_MJIDPBFG_00543		447	no exact sequence match
TH2	gene_MJIDPBFG_00544	HKNPDCAD_01405	1260	exact
TH2	gene_MJIDPBFG_00545	HKNPDCAD_01404	2175	exact
TH2	gene_MJIDPBFG_00546	HKNPDCAD_01403	258	exact
TH2	gene_MJIDPBFG_00547	HKNPDCAD_01402	654	exact
TH2	gene_MJIDPBFG_00548	HKNPDCAD_01401	828	exact
TH2	gene_MJIDPBFG_00549	HKNPDCAD_01400	1164	exact
TH2	gene_MJIDPBFG_00550		1041	no exact sequence match
TH2	gene_MJIDPBFG_00551	HKNPDCAD_01398	651	exact
TH2	gene_MJIDPBFG_00552	HKNPDCAD_01397	1188	exact
TH2	gene_MJIDPBFG_00553	HKNPDCAD_01396	735	exact
TH2	gene_MJIDPBFG_00554	HKNPDCAD_01395	426	exact
TH2	gene_MJIDPBFG_00555	HKNPDCAD_01394	885	exact
TH2	gene_MJIDPBFG_00556	HKNPDCAD_01393	495	exact
TH2	gene_MJIDPBFG_00557	HKNPDCAD_01392	1041	exact
TH2	gene_MJIDPBFG_00558	HKNPDCAD_01391	888	exact
TH2	gene_MJIDPBFG_00559	HKNPDCAD_01390	288	exact
TH2	gene_MJIDPBFG_00560	HKNPDCAD_01389	1119	exact
TH2	gene_MJIDPBFG_00561	HKNPDCAD_01388	987	exact
TH2	gene_MJIDPBFG_00562	HKNPDCAD_01387	1179	exact
TH2	gene_MJIDPBFG_00563	HKNPDCAD_01386	1704	exact
TH2	gene_MJIDPBFG_00564	HKNPDCAD_01385	495	exact
TH2	gene_MJIDPBFG_00565	HKNPDCAD_01384	489	exact
TH2	gene_MJIDPBFG_00566	HKNPDCAD_01383	342	exact
TH2	gene_MJIDPBFG_00567	HKNPDCAD_01382	249	exact
TH2	gene_MJIDPBFG_00568	HKNPDCAD_01381	867	exact
TH2	gene_MJIDPBFG_00569		1860	no exact sequence match
TH2	gene_MJIDPBFG_00570	HKNPDCAD_01378	642	exact
TH2	gene_MJIDPBFG_00571	HKNPDCAD_01377	789	exact
TH2	gene_MJIDPBFG_00572	HKNPDCAD_01376	693	exact
TH2	gene_MJIDPBFG_00573	HKNPDCAD_01375	699	exact
TH2	gene_MJIDPBFG_00574	HKNPDCAD_01374	759	exact
TH2	gene_MJIDPBFG_00575	HKNPDCAD_01373	1350	exact
TH2	gene_MJIDPBFG_00576	HKNPDCAD_01372	825	exact
TH2	gene_MJIDPBFG_00577		462	no exact sequence match
TH2	gene_MJIDPBFG_00578	HKNPDCAD_01370	1071	exact
TH2	gene_MJIDPBFG_00579	HKNPDCAD_01369	1080	exact
TH2	gene_MJIDPBFG_00580	HKNPDCAD_01368	789	exact
TH2	gene_MJIDPBFG_00581	HKNPDCAD_00014;HKNPDCAD_00491;HKNPDCAD_00547;HKNPDCAD_00683;HKNPDCAD_01138;HKNPDCAD_01214;HKNPDCAD_01355;HKNPDCAD_01367;HKNPDCAD_01536;HKNPDCAD_02098;HKNPDCAD_02101;HKNPDCAD_02785;HKNPDCAD_03291;HKNPDCAD_03715	378	exact
TH2	gene_MJIDPBFG_00582	HKNPDCAD_00490;HKNPDCAD_00548;HKNPDCAD_00682;HKNPDCAD_01139;HKNPDCAD_01213;HKNPDCAD_01356;HKNPDCAD_01366;HKNPDCAD_01537;HKNPDCAD_02097;HKNPDCAD_02102;HKNPDCAD_02784;HKNPDCAD_03292;HKNPDCAD_03714	276	exact
TH2	gene_MJIDPBFG_00583	HKNPDCAD_01365	915	exact
TH2	gene_MJIDPBFG_00584	HKNPDCAD_01364	771	exact
TH2	gene_MJIDPBFG_00585	HKNPDCAD_01363	2172	exact
TH2	gene_MJIDPBFG_00586	HKNPDCAD_01362	405	exact
TH2	gene_MJIDPBFG_00587	HKNPDCAD_01361	1224	exact
TH2	gene_MJIDPBFG_00588	HKNPDCAD_01360	1053	exact
TH2	gene_MJIDPBFG_00589	HKNPDCAD_01359	1500	exact
TH2	gene_MJIDPBFG_00590	HKNPDCAD_01358	765	exact
TH2	gene_MJIDPBFG_00591	HKNPDCAD_01357	954	exact
TH2	gene_MJIDPBFG_00592	HKNPDCAD_00490;HKNPDCAD_00548;HKNPDCAD_00682;HKNPDCAD_01139;HKNPDCAD_01213;HKNPDCAD_01356;HKNPDCAD_01366;HKNPDCAD_01537;HKNPDCAD_02097;HKNPDCAD_02102;HKNPDCAD_02784;HKNPDCAD_03292;HKNPDCAD_03714	276	exact
TH2	gene_MJIDPBFG_00593	HKNPDCAD_00014;HKNPDCAD_00491;HKNPDCAD_00547;HKNPDCAD_00683;HKNPDCAD_01138;HKNPDCAD_01214;HKNPDCAD_01355;HKNPDCAD_01367;HKNPDCAD_01536;HKNPDCAD_02098;HKNPDCAD_02101;HKNPDCAD_02785;HKNPDCAD_03291;HKNPDCAD_03715	378	exact
TH2	gene_MJIDPBFG_00594	HKNPDCAD_01354	819	exact
TH2	gene_MJIDPBFG_00595		1980	no exact sequence match
TH2	gene_MJIDPBFG_00596	HKNPDCAD_01350	159	exact
TH2	gene_MJIDPBFG_00597	HKNPDCAD_01349	1239	exact
TH2	gene_MJIDPBFG_00598		237	no exact sequence match
TH2	gene_MJIDPBFG_00599		975	no exact sequence match
TH2	gene_MJIDPBFG_00600	HKNPDCAD_01346	456	exact
TH2	gene_MJIDPBFG_00601	HKNPDCAD_01345	564	exact
TH2	gene_MJIDPBFG_00602	HKNPDCAD_01344	372	exact
TH2	gene_MJIDPBFG_00603	HKNPDCAD_01343	600	exact
TH2	gene_MJIDPBFG_00604	HKNPDCAD_01342	978	exact
TH2	gene_MJIDPBFG_00605	HKNPDCAD_01341	1179	exact
TH2	gene_MJIDPBFG_00606	HKNPDCAD_01340	537	exact
TH2	gene_MJIDPBFG_00608	HKNPDCAD_01338	708	exact
TH2	gene_MJIDPBFG_00609		2136	no exact sequence match
TH2	gene_MJIDPBFG_00610	HKNPDCAD_01335	1257	exact
TH2	gene_MJIDPBFG_00611	HKNPDCAD_01334	1080	exact
TH2	gene_MJIDPBFG_00612	HKNPDCAD_01333	276	exact
TH2	gene_MJIDPBFG_00613	HKNPDCAD_01332	543	exact
TH2	gene_MJIDPBFG_00614	HKNPDCAD_01331	501	exact
TH2	gene_MJIDPBFG_00615	HKNPDCAD_01330	720	exact
TH2	gene_MJIDPBFG_00616	HKNPDCAD_01329	327	exact
TH2	gene_MJIDPBFG_00617		675	no exact sequence match
TH2	gene_MJIDPBFG_00618	HKNPDCAD_01327	330	exact
TH2	gene_MJIDPBFG_00619	HKNPDCAD_01326	708	exact
TH2	gene_MJIDPBFG_00620		1008	no exact sequence match
TH2	gene_MJIDPBFG_00621	HKNPDCAD_01324	1137	exact
TH2	gene_MJIDPBFG_00622	HKNPDCAD_01323	594	exact
TH2	gene_MJIDPBFG_00623	HKNPDCAD_01322	291	exact
TH2	gene_MJIDPBFG_00624	HKNPDCAD_01321	567	exact
TH2	gene_MJIDPBFG_00625	HKNPDCAD_01320	705	exact
TH2	gene_MJIDPBFG_00626	HKNPDCAD_01319	981	exact
TH2	gene_MJIDPBFG_00627	HKNPDCAD_01318	417	exact
TH2	gene_MJIDPBFG_00628	HKNPDCAD_01317	636	exact
TH2	gene_MJIDPBFG_00629	HKNPDCAD_01316	741	exact
TH2	gene_MJIDPBFG_00630	HKNPDCAD_01315	537	exact
TH2	gene_MJIDPBFG_00631	HKNPDCAD_01314	192	exact
TH2	gene_MJIDPBFG_00632	HKNPDCAD_01313	708	exact
TH2	gene_MJIDPBFG_00633	HKNPDCAD_01312	456	exact
TH2	gene_MJIDPBFG_00634	HKNPDCAD_01311	1395	exact
TH2	gene_MJIDPBFG_00635	HKNPDCAD_01310	1155	exact
TH2	gene_MJIDPBFG_00636	HKNPDCAD_01309	1977	exact
TH2	gene_MJIDPBFG_00637	HKNPDCAD_01308	921	exact
TH2	gene_MJIDPBFG_00638	HKNPDCAD_01307	759	exact
TH2	gene_MJIDPBFG_00639		1992	no exact sequence match
TH2	gene_MJIDPBFG_00640	HKNPDCAD_01304	417	exact
TH2	gene_MJIDPBFG_00641	HKNPDCAD_01303	1389	exact
TH2	gene_MJIDPBFG_00642	HKNPDCAD_01302	1278	exact
TH2	gene_MJIDPBFG_00643	HKNPDCAD_01301	966	exact
TH2	gene_MJIDPBFG_00644	HKNPDCAD_01300	510	exact
TH2	gene_MJIDPBFG_00645		714	no exact sequence match
TH2	gene_MJIDPBFG_00646	HKNPDCAD_01297	1020	exact
TH2	gene_MJIDPBFG_00647	HKNPDCAD_01296	1164	exact
TH2	gene_MJIDPBFG_00648	HKNPDCAD_01295	1080	exact
TH2	gene_MJIDPBFG_00649	HKNPDCAD_01294	861	exact
TH2	gene_MJIDPBFG_00650	HKNPDCAD_01293	636	exact
TH2	gene_MJIDPBFG_00651	HKNPDCAD_01292	336	exact
TH2	gene_MJIDPBFG_00652	HKNPDCAD_01291	408	exact
TH2	gene_MJIDPBFG_00653	HKNPDCAD_01290	897	exact
TH2	gene_MJIDPBFG_00654	HKNPDCAD_01289	1479	exact
TH2	gene_MJIDPBFG_00655	HKNPDCAD_01288	786	exact
TH2	gene_MJIDPBFG_00656	HKNPDCAD_01287	996	exact
TH2	gene_MJIDPBFG_00657	HKNPDCAD_01286	2145	exact
TH2	gene_MJIDPBFG_00658	HKNPDCAD_01285	894	exact
TH2	gene_MJIDPBFG_00659	HKNPDCAD_01284	231	exact
TH2	gene_MJIDPBFG_00660	HKNPDCAD_01283	660	exact
TH2	gene_MJIDPBFG_00661	HKNPDCAD_01282	1233	exact
TH2	gene_MJIDPBFG_00662	HKNPDCAD_01281	603	exact
TH2	gene_MJIDPBFG_00663	HKNPDCAD_01280	330	exact
TH2	gene_MJIDPBFG_00664	HKNPDCAD_01279	579	exact
TH2	gene_MJIDPBFG_00665	HKNPDCAD_01278	1326	exact
TH2	gene_MJIDPBFG_00666	HKNPDCAD_01277	1179	exact
TH2	gene_MJIDPBFG_00667	HKNPDCAD_01276	1203	exact
TH2	gene_MJIDPBFG_00668	HKNPDCAD_01275	1095	exact
TH2	gene_MJIDPBFG_00669	HKNPDCAD_01274	276	exact
TH2	gene_MJIDPBFG_00670	HKNPDCAD_01273	117	exact
TH2	gene_MJIDPBFG_00671	HKNPDCAD_01272	2466	exact
TH2	gene_MJIDPBFG_00672	HKNPDCAD_01271	444	exact
TH2	gene_MJIDPBFG_00673		369	no exact sequence match
TH2	gene_MJIDPBFG_00674		369	no exact sequence match
TH2	gene_MJIDPBFG_00675	HKNPDCAD_01269	1434	exact
TH2	gene_MJIDPBFG_00676	HKNPDCAD_01268	201	exact
TH2	gene_MJIDPBFG_00677	HKNPDCAD_01267	660	exact
TH2	gene_MJIDPBFG_00678	HKNPDCAD_01266	981	exact
TH2	gene_MJIDPBFG_00679	HKNPDCAD_01265	267	exact
TH2	gene_MJIDPBFG_00680	HKNPDCAD_01264	408	exact
TH2	gene_MJIDPBFG_00681	HKNPDCAD_01263	522	exact
TH2	gene_MJIDPBFG_00682		852	no exact sequence match
TH2	gene_MJIDPBFG_00683	HKNPDCAD_01261	711	exact
TH2	gene_MJIDPBFG_00684	HKNPDCAD_01260	1734	exact
TH2	gene_MJIDPBFG_00685	HKNPDCAD_01259	1098	exact
TH2	gene_MJIDPBFG_00686	HKNPDCAD_01258	1518	exact
TH2	gene_MJIDPBFG_00687	HKNPDCAD_01257	549	exact
TH2	gene_MJIDPBFG_00688	HKNPDCAD_01256	126	exact
TH2	gene_MJIDPBFG_00689	HKNPDCAD_01255	1449	exact
TH2	gene_MJIDPBFG_00690	HKNPDCAD_01254	1920	exact
TH2	gene_MJIDPBFG_00691	HKNPDCAD_01253	123	exact
TH2	gene_MJIDPBFG_00692		1368	no exact sequence match
TH2	gene_MJIDPBFG_00693	HKNPDCAD_01250	1317	exact
TH2	gene_MJIDPBFG_00694	HKNPDCAD_01249	1401	exact
TH2	gene_MJIDPBFG_00695	HKNPDCAD_01248	2871	exact
TH2	gene_MJIDPBFG_00696	HKNPDCAD_01247	780	exact
TH2	gene_MJIDPBFG_00697	HKNPDCAD_01246	1329	exact
TH2	gene_MJIDPBFG_00698	HKNPDCAD_01245	3099	exact
TH2	gene_MJIDPBFG_00699	HKNPDCAD_01244	579	exact
TH2	gene_MJIDPBFG_00700	HKNPDCAD_01243	480	exact
TH2	gene_MJIDPBFG_00701	HKNPDCAD_01242	1626	exact
TH2	gene_MJIDPBFG_00702	HKNPDCAD_01241	933	exact
TH2	gene_MJIDPBFG_00703	HKNPDCAD_01240	1386	exact
TH2	gene_MJIDPBFG_00704		1212	no exact sequence match
TH2	gene_MJIDPBFG_00705	HKNPDCAD_01238	1197	exact
TH2	gene_MJIDPBFG_00706		1188	no exact sequence match
TH2	gene_MJIDPBFG_00707	HKNPDCAD_01235	1779	exact
TH2	gene_MJIDPBFG_00708	HKNPDCAD_01234	480	exact
TH2	gene_MJIDPBFG_00709	HKNPDCAD_01233	915	exact
TH2	gene_MJIDPBFG_00710	HKNPDCAD_01232	1170	exact
TH2	gene_MJIDPBFG_00711	HKNPDCAD_01231	1155	exact
TH2	gene_MJIDPBFG_00712	HKNPDCAD_01230	351	exact
TH2	gene_MJIDPBFG_00714	HKNPDCAD_01228	1599	exact
TH2	gene_MJIDPBFG_00715		474	no exact sequence match
TH2	gene_MJIDPBFG_00716	HKNPDCAD_01226	183	exact
TH2	gene_MJIDPBFG_00717	HKNPDCAD_01225	486	exact
TH2	gene_MJIDPBFG_00718	HKNPDCAD_01224	192	exact
TH2	gene_MJIDPBFG_00719	HKNPDCAD_01223	309	exact
TH2	gene_MJIDPBFG_00720	HKNPDCAD_01222	492	exact
TH2	gene_MJIDPBFG_00721	HKNPDCAD_01221	981	exact
TH2	gene_MJIDPBFG_00722		729	no exact sequence match
TH2	gene_MJIDPBFG_00723		903	no exact sequence match
TH2	gene_MJIDPBFG_00724	HKNPDCAD_01219	948	exact
TH2	gene_MJIDPBFG_00725	HKNPDCAD_01218	666	exact
TH2	gene_MJIDPBFG_00726		186	no exact sequence match
TH2	gene_MJIDPBFG_00727	HKNPDCAD_01216	768	exact
TH2	gene_MJIDPBFG_00728	HKNPDCAD_00014;HKNPDCAD_00491;HKNPDCAD_00547;HKNPDCAD_00683;HKNPDCAD_01138;HKNPDCAD_01214;HKNPDCAD_01355;HKNPDCAD_01367;HKNPDCAD_01536;HKNPDCAD_02098;HKNPDCAD_02101;HKNPDCAD_02785;HKNPDCAD_03291;HKNPDCAD_03715	378	exact
TH2	gene_MJIDPBFG_00729	HKNPDCAD_00490;HKNPDCAD_00548;HKNPDCAD_00682;HKNPDCAD_01139;HKNPDCAD_01213;HKNPDCAD_01356;HKNPDCAD_01366;HKNPDCAD_01537;HKNPDCAD_02097;HKNPDCAD_02102;HKNPDCAD_02784;HKNPDCAD_03292;HKNPDCAD_03714	276	exact
TH2	gene_MJIDPBFG_00730	HKNPDCAD_01212	246	exact
TH2	gene_MJIDPBFG_00731	HKNPDCAD_01211	1230	exact
TH2	gene_MJIDPBFG_00732	HKNPDCAD_01210	1182	exact
TH2	gene_MJIDPBFG_00733	HKNPDCAD_01209	837	exact
TH2	gene_MJIDPBFG_00734	HKNPDCAD_01208	762	exact
TH2	gene_MJIDPBFG_00735	HKNPDCAD_01207	1419	exact
TH2	gene_MJIDPBFG_00736	HKNPDCAD_01206	693	exact
TH2	gene_MJIDPBFG_00737		1011	no exact sequence match
TH2	gene_MJIDPBFG_00738	HKNPDCAD_01204	1263	exact
TH2	gene_MJIDPBFG_00739	HKNPDCAD_01203	1032	exact
TH2	gene_MJIDPBFG_00740	HKNPDCAD_01202	2160	exact
TH2	gene_MJIDPBFG_00741	HKNPDCAD_01201	1221	exact
TH2	gene_MJIDPBFG_00742	HKNPDCAD_01200	1041	exact
TH2	gene_MJIDPBFG_00743	HKNPDCAD_01199	219	exact
TH2	gene_MJIDPBFG_00744	HKNPDCAD_01198	714	exact
TH2	gene_MJIDPBFG_00745	HKNPDCAD_01197	690	exact
TH2	gene_MJIDPBFG_00746	HKNPDCAD_01196	147	exact
TH2	gene_MJIDPBFG_00747	HKNPDCAD_01195	531	exact
TH2	gene_MJIDPBFG_00748		2247	no exact sequence match
TH2	gene_MJIDPBFG_00749		876	no exact sequence match
TH2	gene_MJIDPBFG_00750	HKNPDCAD_01191	660	exact
TH2	gene_MJIDPBFG_00751	HKNPDCAD_01190	159	exact
TH2	gene_MJIDPBFG_00752	HKNPDCAD_01189	471	exact
TH2	gene_MJIDPBFG_00753	HKNPDCAD_01188	564	exact
TH2	gene_MJIDPBFG_00754		408	no exact sequence match
TH2	gene_MJIDPBFG_00755	HKNPDCAD_01186	324	exact
TH2	gene_MJIDPBFG_00756	HKNPDCAD_01185	3369	exact
TH2	gene_MJIDPBFG_00757	HKNPDCAD_01184	2889	exact
TH2	gene_MJIDPBFG_00758	HKNPDCAD_01183	930	exact
TH2	gene_MJIDPBFG_00759	HKNPDCAD_01182	2583	exact
TH2	gene_MJIDPBFG_00760	HKNPDCAD_01181	1827	exact
TH2	gene_MJIDPBFG_00761	HKNPDCAD_01180	1332	exact
TH2	gene_MJIDPBFG_00762	HKNPDCAD_01179	1254	exact
TH2	gene_MJIDPBFG_00766	HKNPDCAD_01175	1098	exact
TH2	gene_MJIDPBFG_00767	HKNPDCAD_01174	807	exact
TH2	gene_MJIDPBFG_00768		399	no exact sequence match
TH2	gene_MJIDPBFG_00769	HKNPDCAD_01172	1206	exact
TH2	gene_MJIDPBFG_00770	HKNPDCAD_01171	228	exact
TH2	gene_MJIDPBFG_00771	HKNPDCAD_01170	918	exact
TH2	gene_MJIDPBFG_00772	HKNPDCAD_01169	396	exact
TH2	gene_MJIDPBFG_00773	HKNPDCAD_01168	1101	exact
TH2	gene_MJIDPBFG_00774	HKNPDCAD_01167	732	exact
TH2	gene_MJIDPBFG_00775	HKNPDCAD_01166	414	exact
TH2	gene_MJIDPBFG_00776	HKNPDCAD_01165	1419	exact
TH2	gene_MJIDPBFG_00777	HKNPDCAD_01164	1776	exact
TH2	gene_MJIDPBFG_00778	HKNPDCAD_01163	1317	exact
TH2	gene_MJIDPBFG_00779	HKNPDCAD_01162	648	exact
TH2	gene_MJIDPBFG_00780	HKNPDCAD_01161	1149	exact
TH2	gene_MJIDPBFG_00781	HKNPDCAD_01160	846	exact
TH2	gene_MJIDPBFG_00782	HKNPDCAD_01159	1368	exact
TH2	gene_MJIDPBFG_00783	HKNPDCAD_01158	1290	exact
TH2	gene_MJIDPBFG_00784		1365	no exact sequence match
TH2	gene_MJIDPBFG_00785	HKNPDCAD_01156	849	exact
TH2	gene_MJIDPBFG_00786	HKNPDCAD_01155	546	exact
TH2	gene_MJIDPBFG_00787	HKNPDCAD_01154	330	exact
TH2	gene_MJIDPBFG_00788	HKNPDCAD_01153	783	exact
TH2	gene_MJIDPBFG_00789	HKNPDCAD_01152	450	exact
TH2	gene_MJIDPBFG_00790	HKNPDCAD_01151	1353	exact
TH2	gene_MJIDPBFG_00791	HKNPDCAD_01150	1341	exact
TH2	gene_MJIDPBFG_00792	HKNPDCAD_01149	1341	exact
TH2	gene_MJIDPBFG_00793		468	no exact sequence match
TH2	gene_MJIDPBFG_00794		2292	no exact sequence match
TH2	gene_MJIDPBFG_00795	HKNPDCAD_01147	1302	exact
TH2	gene_MJIDPBFG_00796	HKNPDCAD_01146	2235	exact
TH2	gene_MJIDPBFG_00797	HKNPDCAD_01145	249	exact
TH2	gene_MJIDPBFG_00798	HKNPDCAD_01144	336	exact
TH2	gene_MJIDPBFG_00799		495	no exact sequence match
TH2	gene_MJIDPBFG_00800		264	no exact sequence match
TH2	gene_MJIDPBFG_00801	HKNPDCAD_01142	1638	exact
TH2	gene_MJIDPBFG_00802	HKNPDCAD_01141	1299	exact
TH2	gene_MJIDPBFG_00803	HKNPDCAD_01140	486	exact
TH2	gene_MJIDPBFG_00804	HKNPDCAD_00490;HKNPDCAD_00548;HKNPDCAD_00682;HKNPDCAD_01139;HKNPDCAD_01213;HKNPDCAD_01356;HKNPDCAD_01366;HKNPDCAD_01537;HKNPDCAD_02097;HKNPDCAD_02102;HKNPDCAD_02784;HKNPDCAD_03292;HKNPDCAD_03714	276	exact
TH2	gene_MJIDPBFG_00805	HKNPDCAD_00014;HKNPDCAD_00491;HKNPDCAD_00547;HKNPDCAD_00683;HKNPDCAD_01138;HKNPDCAD_01214;HKNPDCAD_01355;HKNPDCAD_01367;HKNPDCAD_01536;HKNPDCAD_02098;HKNPDCAD_02101;HKNPDCAD_02785;HKNPDCAD_03291;HKNPDCAD_03715	378	exact
TH2	gene_MJIDPBFG_00806	HKNPDCAD_01137	282	exact
TH2	gene_MJIDPBFG_00807	HKNPDCAD_01136	141	exact
TH2	gene_MJIDPBFG_00808	HKNPDCAD_01135	270	exact
TH2	gene_MJIDPBFG_00809	HKNPDCAD_01134	450	exact
TH2	gene_MJIDPBFG_00810		1479	no exact sequence match
TH2	gene_MJIDPBFG_00811	HKNPDCAD_01131	597	exact
TH2	gene_MJIDPBFG_00812		687	no exact sequence match
TH2	gene_MJIDPBFG_00813	HKNPDCAD_01129	786	exact
TH2	gene_MJIDPBFG_00814	HKNPDCAD_01128	1455	exact
TH2	gene_MJIDPBFG_00815	HKNPDCAD_01127	1410	exact
TH2	gene_MJIDPBFG_00816	HKNPDCAD_01126	780	exact
TH2	gene_MJIDPBFG_00817	HKNPDCAD_01125	861	exact
TH2	gene_MJIDPBFG_00818	HKNPDCAD_01124	576	exact
TH2	gene_MJIDPBFG_00819	HKNPDCAD_01123	261	exact
TH2	gene_MJIDPBFG_00820	HKNPDCAD_01122	1272	exact
TH2	gene_MJIDPBFG_00821		396	no exact sequence match
TH2	gene_MJIDPBFG_00822	HKNPDCAD_01120	1800	exact
TH2	gene_MJIDPBFG_00823		1074	no exact sequence match
TH2	gene_MJIDPBFG_00824		453	no exact sequence match
TH2	gene_MJIDPBFG_00825	HKNPDCAD_01118	735	exact
TH2	gene_MJIDPBFG_00826	HKNPDCAD_01117	153	exact
TH2	gene_MJIDPBFG_00827	HKNPDCAD_01116;HKNPDCAD_03571;HKNPDCAD_05427	945	exact
TH2	gene_MJIDPBFG_00828	HKNPDCAD_01115;HKNPDCAD_03570;HKNPDCAD_05428	234	exact
TH2	gene_MJIDPBFG_00829	HKNPDCAD_01114	2106	exact
TH2	gene_MJIDPBFG_00830	HKNPDCAD_01113	561	exact
TH2	gene_MJIDPBFG_00831	HKNPDCAD_01112	507	exact
TH2	gene_MJIDPBFG_00832	HKNPDCAD_01111	924	exact
TH2	gene_MJIDPBFG_00833	HKNPDCAD_01110	294	exact
TH2	gene_MJIDPBFG_00834	HKNPDCAD_01109	1038	exact
TH2	gene_MJIDPBFG_00835	HKNPDCAD_01108	909	exact
TH2	gene_MJIDPBFG_00836	HKNPDCAD_01107	1428	exact
TH2	gene_MJIDPBFG_00837		606	no exact sequence match
TH2	gene_MJIDPBFG_00838	HKNPDCAD_01104	324	exact
TH2	gene_MJIDPBFG_00839		312	no exact sequence match
TH2	gene_MJIDPBFG_00840		465	no exact sequence match
TH2	gene_MJIDPBFG_00841	HKNPDCAD_01101	291	exact
TH2	gene_MJIDPBFG_00842	HKNPDCAD_01100	480	exact
TH2	gene_MJIDPBFG_00843	HKNPDCAD_01099	1050	exact
TH2	gene_MJIDPBFG_00844		762	no exact sequence match
TH2	gene_MJIDPBFG_00845	HKNPDCAD_01097	627	exact
TH2	gene_MJIDPBFG_00846	HKNPDCAD_01096	939	exact
TH2	gene_MJIDPBFG_00847	HKNPDCAD_01095	993	exact
TH2	gene_MJIDPBFG_00848	HKNPDCAD_01094	1365	exact
TH2	gene_MJIDPBFG_00849	HKNPDCAD_01093	777	exact
TH2	gene_MJIDPBFG_00850	HKNPDCAD_01092	402	exact
TH2	gene_MJIDPBFG_00851	HKNPDCAD_01091	1380	exact
TH2	gene_MJIDPBFG_00852	HKNPDCAD_01090	807	exact
TH2	gene_MJIDPBFG_00853	HKNPDCAD_01089	573	exact
TH2	gene_MJIDPBFG_00854	HKNPDCAD_01088	243	exact
TH2	gene_MJIDPBFG_00855	HKNPDCAD_01087	474	exact
TH2	gene_MJIDPBFG_00856		2562	no exact sequence match
TH2	gene_MJIDPBFG_00857	HKNPDCAD_01084	180	exact
TH2	gene_MJIDPBFG_00858	HKNPDCAD_01083	354	exact
TH2	gene_MJIDPBFG_00859	HKNPDCAD_01082	2079	exact
TH2	gene_MJIDPBFG_00860	HKNPDCAD_01081	1011	exact
TH2	gene_MJIDPBFG_00861	HKNPDCAD_01080	1122	exact
TH2	gene_MJIDPBFG_00862	HKNPDCAD_01079	273	exact
TH2	gene_MJIDPBFG_00863	HKNPDCAD_01078	873	exact
TH2	gene_MJIDPBFG_00864	HKNPDCAD_01077	351	exact
TH2	gene_MJIDPBFG_00865	HKNPDCAD_01076	462	exact
TH2	gene_MJIDPBFG_00866	HKNPDCAD_01075	612	exact
TH2	gene_MJIDPBFG_00867	HKNPDCAD_01074	1827	exact
TH2	gene_MJIDPBFG_00868	HKNPDCAD_01073	924	exact
TH2	gene_MJIDPBFG_00869	HKNPDCAD_01072	1710	exact
TH2	gene_MJIDPBFG_00870	HKNPDCAD_01071	543	exact
TH2	gene_MJIDPBFG_00871	HKNPDCAD_01070	642	exact
TH2	gene_MJIDPBFG_00872	HKNPDCAD_01069	411	exact
TH2	gene_MJIDPBFG_00873	HKNPDCAD_01068	372	exact
TH2	gene_MJIDPBFG_00874	HKNPDCAD_01067	1299	exact
TH2	gene_MJIDPBFG_00875	HKNPDCAD_01066	1458	exact
TH2	gene_MJIDPBFG_00876	HKNPDCAD_01065	1014	exact
TH2	gene_MJIDPBFG_00877	HKNPDCAD_01064	528	exact
TH2	gene_MJIDPBFG_00878		1836	no exact sequence match
TH2	gene_MJIDPBFG_00879		474	no exact sequence match
TH2	gene_MJIDPBFG_00880	HKNPDCAD_01062	1134	exact
TH2	gene_MJIDPBFG_00881	HKNPDCAD_01061	1305	exact
TH2	gene_MJIDPBFG_00882	HKNPDCAD_01060	141	exact
TH2	gene_MJIDPBFG_00883	HKNPDCAD_01059	1515	exact
TH2	gene_MJIDPBFG_00884	HKNPDCAD_01058	711	exact
TH2	gene_MJIDPBFG_00885	HKNPDCAD_01057	258	exact
TH2	gene_MJIDPBFG_00886	HKNPDCAD_01056	774	exact
TH2	gene_MJIDPBFG_00887	HKNPDCAD_01055	360	exact
TH2	gene_MJIDPBFG_00888	HKNPDCAD_01054	780	exact
TH2	gene_MJIDPBFG_00889	HKNPDCAD_01053	372	exact
TH2	gene_MJIDPBFG_00890	HKNPDCAD_01052	960	exact
TH2	gene_MJIDPBFG_00891	HKNPDCAD_01051	564	exact
TH2	gene_MJIDPBFG_00892		1191	no exact sequence match
TH2	gene_MJIDPBFG_00893	HKNPDCAD_01048	498	exact
TH2	gene_MJIDPBFG_00894	HKNPDCAD_01047	1062	exact
TH2	gene_MJIDPBFG_00895	HKNPDCAD_01046	501	exact
TH2	gene_MJIDPBFG_00896	HKNPDCAD_01045	705	exact
TH2	gene_MJIDPBFG_00897	HKNPDCAD_01044	1983	exact
TH2	gene_MJIDPBFG_00898	HKNPDCAD_01043	186	exact
TH2	gene_MJIDPBFG_00905	HKNPDCAD_01036	567	exact
TH2	gene_MJIDPBFG_00906	HKNPDCAD_01035	414	exact
TH2	gene_MJIDPBFG_00907	HKNPDCAD_01034	1557	exact
TH2	gene_MJIDPBFG_00908	HKNPDCAD_01033	516	exact
TH2	gene_MJIDPBFG_00909	HKNPDCAD_01032	1539	exact
TH2	gene_MJIDPBFG_00910	HKNPDCAD_01031	1173	exact
TH2	gene_MJIDPBFG_00911	HKNPDCAD_01030	531	exact
TH2	gene_MJIDPBFG_00912	HKNPDCAD_01029	336	exact
TH2	gene_MJIDPBFG_00913	HKNPDCAD_01028	738	exact
TH2	gene_MJIDPBFG_00914	HKNPDCAD_01027	1185	exact
TH2	gene_MJIDPBFG_00915	HKNPDCAD_01026	993	exact
TH2	gene_MJIDPBFG_00916	HKNPDCAD_01025	1065	exact
TH2	gene_MJIDPBFG_00917	HKNPDCAD_01024	1203	exact
TH2	gene_MJIDPBFG_00918	HKNPDCAD_01023	960	exact
TH2	gene_MJIDPBFG_00919	HKNPDCAD_01022	2157	exact
TH2	gene_MJIDPBFG_00920	HKNPDCAD_01021	411	exact
TH2	gene_MJIDPBFG_00921	HKNPDCAD_01020	246	exact
TH2	gene_MJIDPBFG_00922	HKNPDCAD_01019	330	exact
TH2	gene_MJIDPBFG_00923	HKNPDCAD_01018	345	exact
TH2	gene_MJIDPBFG_00924	HKNPDCAD_01017	450	exact
TH2	gene_MJIDPBFG_00925	HKNPDCAD_01016	405	exact
TH2	gene_MJIDPBFG_00926	HKNPDCAD_01015	525	exact
TH2	gene_MJIDPBFG_00927	HKNPDCAD_01014	300	exact
TH2	gene_MJIDPBFG_00928	HKNPDCAD_01013	159	exact
TH2	gene_MJIDPBFG_00929	HKNPDCAD_01012	450	exact
TH2	gene_MJIDPBFG_00930	HKNPDCAD_01011	663	exact
TH2	gene_MJIDPBFG_00931	HKNPDCAD_01010	1401	exact
TH2	gene_MJIDPBFG_00932	HKNPDCAD_01009	1281	exact
TH2	gene_MJIDPBFG_00933	HKNPDCAD_01008	1449	exact
TH2	gene_MJIDPBFG_00934	HKNPDCAD_01007	1269	exact
TH2	gene_MJIDPBFG_00935	HKNPDCAD_01006	978	exact
TH2	gene_MJIDPBFG_00936		1479	no exact sequence match
TH2	gene_MJIDPBFG_00937		399	no exact sequence match
TH2	gene_MJIDPBFG_00938	HKNPDCAD_01004	333	exact
TH2	gene_MJIDPBFG_00940		1122	no exact sequence match
TH2	gene_MJIDPBFG_00941	HKNPDCAD_01001	387	exact
TH2	gene_MJIDPBFG_00942	HKNPDCAD_01000	2982	exact
TH2	gene_MJIDPBFG_00943	HKNPDCAD_00999	882	exact
TH2	gene_MJIDPBFG_00944	HKNPDCAD_00998	711	exact
TH2	gene_MJIDPBFG_00945	HKNPDCAD_00997	846	exact
TH2	gene_MJIDPBFG_00946	HKNPDCAD_00996	207	exact
TH2	gene_MJIDPBFG_00947	HKNPDCAD_00995	300	exact
TH2	gene_MJIDPBFG_00948	HKNPDCAD_00994	276	exact
TH2	gene_MJIDPBFG_00949	HKNPDCAD_00993	135	exact
TH2	gene_MJIDPBFG_00950		360	no exact sequence match
TH2	gene_MJIDPBFG_00951	HKNPDCAD_00991	426	exact
TH2	gene_MJIDPBFG_00952	HKNPDCAD_00990	321	exact
TH2	gene_MJIDPBFG_00953	HKNPDCAD_00989	171	exact
TH2	gene_MJIDPBFG_00954	HKNPDCAD_00988	273	exact
TH2	gene_MJIDPBFG_00955	HKNPDCAD_00987	1230	exact
TH2	gene_MJIDPBFG_00956	HKNPDCAD_00986	408	exact
TH2	gene_MJIDPBFG_00957		903	no exact sequence match
TH2	gene_MJIDPBFG_00958		234	no exact sequence match
TH2	gene_MJIDPBFG_00959	HKNPDCAD_00983	273	exact
TH2	gene_MJIDPBFG_00960	HKNPDCAD_00982;HKNPDCAD_03229	300	exact
TH2	gene_MJIDPBFG_00961	HKNPDCAD_00981;HKNPDCAD_03230	867	exact
TH2	gene_MJIDPBFG_00962		2106	no exact sequence match
TH2	gene_MJIDPBFG_00963	HKNPDCAD_00978	906	exact
TH2	gene_MJIDPBFG_00964		897	no exact sequence match
TH2	gene_MJIDPBFG_00965	HKNPDCAD_00975	618	exact
TH2	gene_MJIDPBFG_00966	HKNPDCAD_00974	129	exact
TH2	gene_MJIDPBFG_00967	HKNPDCAD_00973	1557	exact
TH2	gene_MJIDPBFG_00968		390	no exact sequence match
TH2	gene_MJIDPBFG_00969		693	no exact sequence match
TH2	gene_MJIDPBFG_00971	HKNPDCAD_00970	126	exact
TH2	gene_MJIDPBFG_00972		483	no exact sequence match
TH2	gene_MJIDPBFG_00973	HKNPDCAD_00968	477	exact
TH2	gene_MJIDPBFG_00974	HKNPDCAD_00967	291	exact
TH2	gene_MJIDPBFG_00975	HKNPDCAD_00966	342	exact
TH2	gene_MJIDPBFG_00976	HKNPDCAD_00965	1662	exact
TH2	gene_MJIDPBFG_00977	HKNPDCAD_00964	879	exact
TH2	gene_MJIDPBFG_00978	HKNPDCAD_00963	594	exact
TH2	gene_MJIDPBFG_00979	HKNPDCAD_00962	444	exact
TH2	gene_MJIDPBFG_00980	HKNPDCAD_00961	834	exact
TH2	gene_MJIDPBFG_00981		696	no exact sequence match
TH2	gene_MJIDPBFG_00982	HKNPDCAD_00959	1362	exact
TH2	gene_MJIDPBFG_00983	HKNPDCAD_00958	249	exact
TH2	gene_MJIDPBFG_00984	HKNPDCAD_00957	549	exact
TH2	gene_MJIDPBFG_00985	HKNPDCAD_00956	768	exact
TH2	gene_MJIDPBFG_00986	HKNPDCAD_00955	348	exact
TH2	gene_MJIDPBFG_00987	HKNPDCAD_00954	414	exact
TH2	gene_MJIDPBFG_00988		1050	no exact sequence match
TH2	gene_MJIDPBFG_00989		165	no exact sequence match
TH2	gene_MJIDPBFG_00990	HKNPDCAD_00952	519	exact
TH2	gene_MJIDPBFG_00991	HKNPDCAD_00951	363	exact
TH2	gene_MJIDPBFG_00992	HKNPDCAD_00950	1071	exact
TH2	gene_MJIDPBFG_00993	HKNPDCAD_00949	1122	exact
TH2	gene_MJIDPBFG_00994	HKNPDCAD_00948	1161	exact
TH2	gene_MJIDPBFG_00995	HKNPDCAD_00947	342	exact
TH2	gene_MJIDPBFG_00996	HKNPDCAD_00946	738	exact
TH2	gene_MJIDPBFG_00997	HKNPDCAD_00945	981	exact
TH2	gene_MJIDPBFG_00998	HKNPDCAD_00944	531	exact
TH2	gene_MJIDPBFG_00999	HKNPDCAD_00943	216	exact
TH2	gene_MJIDPBFG_01000	HKNPDCAD_00942	1593	exact
TH2	gene_MJIDPBFG_01001	HKNPDCAD_00941	579	exact
TH2	gene_MJIDPBFG_01002	HKNPDCAD_00940	429	exact
TH2	gene_MJIDPBFG_01007	HKNPDCAD_00935	1299	exact
TH2	gene_MJIDPBFG_01008	HKNPDCAD_00934	273	exact
TH2	gene_MJIDPBFG_01009	HKNPDCAD_00933	1356	exact
TH2	gene_MJIDPBFG_01010	HKNPDCAD_00932	2661	exact
TH2	gene_MJIDPBFG_01011	HKNPDCAD_00931	699	exact
TH2	gene_MJIDPBFG_01012	HKNPDCAD_00930	420	exact
TH2	gene_MJIDPBFG_01013	HKNPDCAD_00929	1038	exact
TH2	gene_MJIDPBFG_01014	HKNPDCAD_00928	690	exact
TH2	gene_MJIDPBFG_01015	HKNPDCAD_00927	384	exact
TH2	gene_MJIDPBFG_01016	HKNPDCAD_00926	588	exact
TH2	gene_MJIDPBFG_01017	HKNPDCAD_00925	882	exact
TH2	gene_MJIDPBFG_01018		531	no exact sequence match
TH2	gene_MJIDPBFG_01019		729	no exact sequence match
TH2	gene_MJIDPBFG_01020	HKNPDCAD_00923	738	exact
TH2	gene_MJIDPBFG_01021	HKNPDCAD_00922	1623	exact
TH2	gene_MJIDPBFG_01022		237	no exact sequence match
TH2	gene_MJIDPBFG_01023		285	no exact sequence match
TH2	gene_MJIDPBFG_01024	HKNPDCAD_00920	651	exact
TH2	gene_MJIDPBFG_01025	HKNPDCAD_00919	957	exact
TH2	gene_MJIDPBFG_01026	HKNPDCAD_00918	480	exact
TH2	gene_MJIDPBFG_01027	HKNPDCAD_00917	1800	exact
TH2	gene_MJIDPBFG_01028		603	no exact sequence match
TH2	gene_MJIDPBFG_01029		342	no exact sequence match
TH2	gene_MJIDPBFG_01030	HKNPDCAD_00915	681	exact
TH2	gene_MJIDPBFG_01031		906	no exact sequence match
TH2	gene_MJIDPBFG_01032	HKNPDCAD_00912	729	exact
TH2	gene_MJIDPBFG_01033	HKNPDCAD_00911	732	exact
TH2	gene_MJIDPBFG_01034	HKNPDCAD_00910	381	exact
TH2	gene_MJIDPBFG_01035	HKNPDCAD_00909	261	exact
TH2	gene_MJIDPBFG_01036	HKNPDCAD_00908	849	exact
TH2	gene_MJIDPBFG_01037		636	no exact sequence match
TH2	gene_MJIDPBFG_01038	HKNPDCAD_00906	504	exact
TH2	gene_MJIDPBFG_01039	HKNPDCAD_00905	1557	exact
TH2	gene_MJIDPBFG_01040	HKNPDCAD_00904	3888	exact
TH2	gene_MJIDPBFG_01041		1248	no exact sequence match
TH2	gene_MJIDPBFG_01042	HKNPDCAD_00902	714	exact
TH2	gene_MJIDPBFG_01043	HKNPDCAD_00901	1335	exact
TH2	gene_MJIDPBFG_01044	HKNPDCAD_00900	339	exact
TH2	gene_MJIDPBFG_01045	HKNPDCAD_00899	1191	exact
TH2	gene_MJIDPBFG_01046	HKNPDCAD_00898	756	exact
TH2	gene_MJIDPBFG_01047	HKNPDCAD_00897	459	exact
TH2	gene_MJIDPBFG_01048	HKNPDCAD_00896	1194	exact
TH2	gene_MJIDPBFG_01049		639	no exact sequence match
TH2	gene_MJIDPBFG_01050		2649	no exact sequence match
TH2	gene_MJIDPBFG_01051		984	no exact sequence match
TH2	gene_MJIDPBFG_01052	HKNPDCAD_00891	1512	exact
TH2	gene_MJIDPBFG_01053	HKNPDCAD_00890	699	exact
TH2	gene_MJIDPBFG_01054		360	no exact sequence match
TH2	gene_MJIDPBFG_01055	HKNPDCAD_00888	1062	exact
TH2	gene_MJIDPBFG_01056		171	no exact sequence match
TH2	gene_MJIDPBFG_01057		705	no exact sequence match
TH2	gene_MJIDPBFG_01058	HKNPDCAD_00886	423	exact
TH2	gene_MJIDPBFG_01059	HKNPDCAD_00885	1203	exact
TH2	gene_MJIDPBFG_01060	HKNPDCAD_00884	813	exact
TH2	gene_MJIDPBFG_01061	HKNPDCAD_00883	321	exact
TH2	gene_MJIDPBFG_01062	HKNPDCAD_00882	519	exact
TH2	gene_MJIDPBFG_01063	HKNPDCAD_00881	1362	exact
TH2	gene_MJIDPBFG_01064	HKNPDCAD_00880	891	exact
TH2	gene_MJIDPBFG_01065	HKNPDCAD_00879	1140	exact
TH2	gene_MJIDPBFG_01066	HKNPDCAD_00878	1281	exact
TH2	gene_MJIDPBFG_01067	HKNPDCAD_00877	855	exact
TH2	gene_MJIDPBFG_01068	HKNPDCAD_00876	804	exact
TH2	gene_MJIDPBFG_01069	HKNPDCAD_00875	741	exact
TH2	gene_MJIDPBFG_01070	HKNPDCAD_00874	489	exact
TH2	gene_MJIDPBFG_01071	HKNPDCAD_00873	402	exact
TH2	gene_MJIDPBFG_01072	HKNPDCAD_00872	795	exact
TH2	gene_MJIDPBFG_01073	HKNPDCAD_00871	387	exact
TH2	gene_MJIDPBFG_01074	HKNPDCAD_00870	324	exact
TH2	gene_MJIDPBFG_01075	HKNPDCAD_00869	516	exact
TH2	gene_MJIDPBFG_01076	HKNPDCAD_00868	1851	exact
TH2	gene_MJIDPBFG_01077	HKNPDCAD_00867	336	exact
TH2	gene_MJIDPBFG_01078	HKNPDCAD_00866	201	exact
TH2	gene_MJIDPBFG_01079	HKNPDCAD_00865	1284	exact
TH2	gene_MJIDPBFG_01080	HKNPDCAD_00864	777	exact
TH2	gene_MJIDPBFG_01081		387	no exact sequence match
TH2	gene_MJIDPBFG_01082		399	no exact sequence match
TH2	gene_MJIDPBFG_01083		405	no exact sequence match
TH2	gene_MJIDPBFG_01084		4560	no exact sequence match
TH2	gene_MJIDPBFG_01085		747	no exact sequence match
TH2	gene_MJIDPBFG_01086		1560	no exact sequence match
TH2	gene_MJIDPBFG_01087	HKNPDCAD_00858	432	exact
TH2	gene_MJIDPBFG_01088	HKNPDCAD_00857	1155	exact
TH2	gene_MJIDPBFG_01089	HKNPDCAD_00856	1014	exact
TH2	gene_MJIDPBFG_01090	HKNPDCAD_00855	1119	exact
TH2	gene_MJIDPBFG_01091		675	no exact sequence match
TH2	gene_MJIDPBFG_01092		633	no exact sequence match
TH2	gene_MJIDPBFG_01093	HKNPDCAD_00853	621	exact
TH2	gene_MJIDPBFG_01094	HKNPDCAD_00852	660	exact
TH2	gene_MJIDPBFG_01095	HKNPDCAD_00851	519	exact
TH2	gene_MJIDPBFG_01096	HKNPDCAD_00850	1473	exact
TH2	gene_MJIDPBFG_01097	HKNPDCAD_00849	237	exact
TH2	gene_MJIDPBFG_01098	HKNPDCAD_00848	1371	exact
TH2	gene_MJIDPBFG_01099	HKNPDCAD_00847	1467	exact
TH2	gene_MJIDPBFG_01100	HKNPDCAD_00846	1578	exact
TH2	gene_MJIDPBFG_01101	HKNPDCAD_00845	540	exact
TH2	gene_MJIDPBFG_01102	HKNPDCAD_00844	516	exact
TH2	gene_MJIDPBFG_01103	HKNPDCAD_00843	192	exact
TH2	gene_MJIDPBFG_01104	HKNPDCAD_00842	153	exact
TH2	gene_MJIDPBFG_01105	HKNPDCAD_00841	2244	exact
TH2	gene_MJIDPBFG_01106	HKNPDCAD_00840	1542	exact
TH2	gene_MJIDPBFG_01107	HKNPDCAD_00839	2067	exact
TH2	gene_MJIDPBFG_01108	HKNPDCAD_00838	639	exact
TH2	gene_MJIDPBFG_01109	HKNPDCAD_00837	1038	exact
TH2	gene_MJIDPBFG_01110		561	no exact sequence match
TH2	gene_MJIDPBFG_01111	HKNPDCAD_00835	1290	exact
TH2	gene_MJIDPBFG_01112	HKNPDCAD_00834	747	exact
TH2	gene_MJIDPBFG_01113	HKNPDCAD_00833	360	exact
TH2	gene_MJIDPBFG_01114		1125	no exact sequence match
TH2	gene_MJIDPBFG_01115		246	no exact sequence match
TH2	gene_MJIDPBFG_01116	HKNPDCAD_00831	1062	exact
TH2	gene_MJIDPBFG_01117	HKNPDCAD_00830	708	exact
TH2	gene_MJIDPBFG_01118	HKNPDCAD_00829	2013	exact
TH2	gene_MJIDPBFG_01119	HKNPDCAD_00828	1164	exact
TH2	gene_MJIDPBFG_01120		498	no exact sequence match
TH2	gene_MJIDPBFG_01121		417	no exact sequence match
TH2	gene_MJIDPBFG_01122		1299	no exact sequence match
TH2	gene_MJIDPBFG_01123	HKNPDCAD_00825	1581	exact
TH2	gene_MJIDPBFG_01124	HKNPDCAD_00824	651	exact
TH2	gene_MJIDPBFG_01125	HKNPDCAD_00823	1353	exact
TH2	gene_MJIDPBFG_01126	HKNPDCAD_00822	111	exact
TH2	gene_MJIDPBFG_01127		534	no exact sequence match
TH2	gene_MJIDPBFG_01128		417	no exact sequence match
TH2	gene_MJIDPBFG_01129	HKNPDCAD_00820	2019	exact
TH2	gene_MJIDPBFG_01130	HKNPDCAD_00819	618	exact
TH2	gene_MJIDPBFG_01131	HKNPDCAD_00818	471	exact
TH2	gene_MJIDPBFG_01132	HKNPDCAD_00817	573	exact
TH2	gene_MJIDPBFG_01133	HKNPDCAD_00816	879	exact
TH2	gene_MJIDPBFG_01134	HKNPDCAD_00815	1035	exact
TH2	gene_MJIDPBFG_01135	HKNPDCAD_00814	714	exact
TH2	gene_MJIDPBFG_01136	HKNPDCAD_00813	228	exact
TH2	gene_MJIDPBFG_01137		399	no exact sequence match
TH2	gene_MJIDPBFG_01138	HKNPDCAD_00811	864	exact
TH2	gene_MJIDPBFG_01139		900	no exact sequence match
TH2	gene_MJIDPBFG_01140	HKNPDCAD_00808	1122	exact
TH2	gene_MJIDPBFG_01141	HKNPDCAD_00807	699	exact
TH2	gene_MJIDPBFG_01142		201	no exact sequence match
TH2	gene_MJIDPBFG_01143	HKNPDCAD_00805	1128	exact
TH2	gene_MJIDPBFG_01144	HKNPDCAD_00804	357	exact
TH2	gene_MJIDPBFG_01145	HKNPDCAD_00803	3114	exact
TH2	gene_MJIDPBFG_01146	HKNPDCAD_00802	1701	exact
TH2	gene_MJIDPBFG_01147	HKNPDCAD_00801	1980	exact
TH2	gene_MJIDPBFG_01148	HKNPDCAD_00800	576	exact
TH2	gene_MJIDPBFG_01149	HKNPDCAD_00799	885	exact
TH2	gene_MJIDPBFG_01150		2004	no exact sequence match
TH2	gene_MJIDPBFG_01151	HKNPDCAD_00796	951	exact
TH2	gene_MJIDPBFG_01152	HKNPDCAD_00795	2280	exact
TH2	gene_MJIDPBFG_01153	HKNPDCAD_00794	336	exact
TH2	gene_MJIDPBFG_01154	HKNPDCAD_00793	480	exact
TH2	gene_MJIDPBFG_01155	HKNPDCAD_00792	702	exact
TH2	gene_MJIDPBFG_01156		810	no exact sequence match
TH2	gene_MJIDPBFG_01157	HKNPDCAD_00790	1017	exact
TH2	gene_MJIDPBFG_01158	HKNPDCAD_00789	336	exact
TH2	gene_MJIDPBFG_01159	HKNPDCAD_00788	288	exact
TH2	gene_MJIDPBFG_01160	HKNPDCAD_00787	1404	exact
TH2	gene_MJIDPBFG_01161	HKNPDCAD_00786	837	exact
TH2	gene_MJIDPBFG_01162	HKNPDCAD_00785	1188	exact
TH2	gene_MJIDPBFG_01163	HKNPDCAD_00784	1227	exact
TH2	gene_MJIDPBFG_01164	HKNPDCAD_00783	1404	exact
TH2	gene_MJIDPBFG_01165	HKNPDCAD_00782	1362	exact
TH2	gene_MJIDPBFG_01166	HKNPDCAD_00781	888	exact
TH2	gene_MJIDPBFG_01167	HKNPDCAD_00780	660	exact
TH2	gene_MJIDPBFG_01168	HKNPDCAD_00779	501	exact
TH2	gene_MJIDPBFG_01169	HKNPDCAD_00778	1053	exact
TH2	gene_MJIDPBFG_01170	HKNPDCAD_00777	900	exact
TH2	gene_MJIDPBFG_01171	HKNPDCAD_00776	870	exact
TH2	gene_MJIDPBFG_01172	HKNPDCAD_00775	426	exact
TH2	gene_MJIDPBFG_01173	HKNPDCAD_00774	450	exact
TH2	gene_MJIDPBFG_01174	HKNPDCAD_00773	576	exact
TH2	gene_MJIDPBFG_01175	HKNPDCAD_00772	900	exact
TH2	gene_MJIDPBFG_01176	HKNPDCAD_00771	1305	exact
TH2	gene_MJIDPBFG_01177	HKNPDCAD_00770	1425	exact
TH2	gene_MJIDPBFG_01178	HKNPDCAD_00769	897	exact
TH2	gene_MJIDPBFG_01179	HKNPDCAD_00768	858	exact
TH2	gene_MJIDPBFG_01180	HKNPDCAD_00767	792	exact
TH2	gene_MJIDPBFG_01181	HKNPDCAD_00766	1017	exact
TH2	gene_MJIDPBFG_01182	HKNPDCAD_00765	834	exact
TH2	gene_MJIDPBFG_01183	HKNPDCAD_00764	876	exact
TH2	gene_MJIDPBFG_01184	HKNPDCAD_00763	1098	exact
TH2	gene_MJIDPBFG_01185	HKNPDCAD_00762	912	exact
TH2	gene_MJIDPBFG_01186	HKNPDCAD_00761	735	exact
TH2	gene_MJIDPBFG_01187	HKNPDCAD_00760	375	exact
TH2	gene_MJIDPBFG_01188	HKNPDCAD_00759	852	exact
TH2	gene_MJIDPBFG_01189	HKNPDCAD_00758	510	exact
TH2	gene_MJIDPBFG_01190	HKNPDCAD_00757	1497	exact
TH2	gene_MJIDPBFG_01191	HKNPDCAD_00756	132	exact
TH2	gene_MJIDPBFG_01192	HKNPDCAD_00755	258	exact
TH2	gene_MJIDPBFG_01193	HKNPDCAD_00754	972	exact
TH2	gene_MJIDPBFG_01194		762	no exact sequence match
TH2	gene_MJIDPBFG_01195	HKNPDCAD_00752	987	exact
TH2	gene_MJIDPBFG_01196		2016	no exact sequence match
TH2	gene_MJIDPBFG_01197	HKNPDCAD_00749	219	exact
TH2	gene_MJIDPBFG_01198	HKNPDCAD_00748	999	exact
TH2	gene_MJIDPBFG_01199	HKNPDCAD_00747	927	exact
TH2	gene_MJIDPBFG_01200	HKNPDCAD_00746	765	exact
TH2	gene_MJIDPBFG_01201	HKNPDCAD_00745	834	exact
TH2	gene_MJIDPBFG_01202	HKNPDCAD_00744	1257	exact
TH2	gene_MJIDPBFG_01203	HKNPDCAD_00743	159	exact
TH2	gene_MJIDPBFG_01204	HKNPDCAD_00742	213	exact
TH2	gene_MJIDPBFG_01205	HKNPDCAD_00741;HKNPDCAD_05172	276	exact
TH2	gene_MJIDPBFG_01206	HKNPDCAD_00740;HKNPDCAD_05156;HKNPDCAD_05171	378	exact
TH2	gene_MJIDPBFG_01207	HKNPDCAD_00739	675	exact
TH2	gene_MJIDPBFG_01212	HKNPDCAD_00734	1416	exact
TH2	gene_MJIDPBFG_01213	HKNPDCAD_00733	372	exact
TH2	gene_MJIDPBFG_01214	HKNPDCAD_00732	360	exact
TH2	gene_MJIDPBFG_01217		2190	no exact sequence match
TH2	gene_MJIDPBFG_01218	HKNPDCAD_00727	1203	exact
TH2	gene_MJIDPBFG_01219	HKNPDCAD_00726	1239	exact
TH2	gene_MJIDPBFG_01220	HKNPDCAD_00725	327	exact
TH2	gene_MJIDPBFG_01221	HKNPDCAD_00724	1257	exact
TH2	gene_MJIDPBFG_01222	HKNPDCAD_00723	348	exact
TH2	gene_MJIDPBFG_01223	HKNPDCAD_00722	507	exact
TH2	gene_MJIDPBFG_01224	HKNPDCAD_00721	327	exact
TH2	gene_MJIDPBFG_01225		693	no exact sequence match
TH2	gene_MJIDPBFG_01226		561	no exact sequence match
TH2	gene_MJIDPBFG_01227	HKNPDCAD_00719	1086	exact
TH2	gene_MJIDPBFG_01228	HKNPDCAD_00718	1038	exact
TH2	gene_MJIDPBFG_01229		2496	no exact sequence match
TH2	gene_MJIDPBFG_01230	HKNPDCAD_00715	858	exact
TH2	gene_MJIDPBFG_01231	HKNPDCAD_00714	735	exact
TH2	gene_MJIDPBFG_01232	HKNPDCAD_00713	1698	exact
TH2	gene_MJIDPBFG_01233	HKNPDCAD_00712	1239	exact
TH2	gene_MJIDPBFG_01234	HKNPDCAD_00711	921	exact
TH2	gene_MJIDPBFG_01235	HKNPDCAD_00710	243	exact
TH2	gene_MJIDPBFG_01236	HKNPDCAD_00709	321	exact
TH2	gene_MJIDPBFG_01237		243	no exact sequence match
TH2	gene_MJIDPBFG_01238		432	no exact sequence match
TH2	gene_MJIDPBFG_01239	HKNPDCAD_00707	1251	exact
TH2	gene_MJIDPBFG_01240	HKNPDCAD_00706	1695	exact
TH2	gene_MJIDPBFG_01241	HKNPDCAD_00705	945	exact
TH2	gene_MJIDPBFG_01242	HKNPDCAD_00704	1146	exact
TH2	gene_MJIDPBFG_01243		2646	no exact sequence match
TH2	gene_MJIDPBFG_01244	HKNPDCAD_00701	297	exact
TH2	gene_MJIDPBFG_01245		384	no exact sequence match
TH2	gene_MJIDPBFG_01246	HKNPDCAD_00699	615	exact
TH2	gene_MJIDPBFG_01247		1164	no exact sequence match
TH2	gene_MJIDPBFG_01248	HKNPDCAD_00695	228	exact
TH2	gene_MJIDPBFG_01249	HKNPDCAD_00694	816	exact
TH2	gene_MJIDPBFG_01250	HKNPDCAD_00693	276	exact
TH2	gene_MJIDPBFG_01251	HKNPDCAD_00692	741	exact
TH2	gene_MJIDPBFG_01252	HKNPDCAD_00691	159	exact
TH2	gene_MJIDPBFG_01253	HKNPDCAD_00690	1338	exact
TH2	gene_MJIDPBFG_01254	HKNPDCAD_00689	936	exact
TH2	gene_MJIDPBFG_01256	HKNPDCAD_00687	933	exact
TH2	gene_MJIDPBFG_01257	HKNPDCAD_00686	756	exact
TH2	gene_MJIDPBFG_01258	HKNPDCAD_00685	357	exact
TH2	gene_MJIDPBFG_01259	HKNPDCAD_00684	120	exact
TH2	gene_MJIDPBFG_01260	HKNPDCAD_00014;HKNPDCAD_00491;HKNPDCAD_00547;HKNPDCAD_00683;HKNPDCAD_01138;HKNPDCAD_01214;HKNPDCAD_01355;HKNPDCAD_01367;HKNPDCAD_01536;HKNPDCAD_02098;HKNPDCAD_02101;HKNPDCAD_02785;HKNPDCAD_03291;HKNPDCAD_03715	378	exact
TH2	gene_MJIDPBFG_01261	HKNPDCAD_00490;HKNPDCAD_00548;HKNPDCAD_00682;HKNPDCAD_01139;HKNPDCAD_01213;HKNPDCAD_01356;HKNPDCAD_01366;HKNPDCAD_01537;HKNPDCAD_02097;HKNPDCAD_02102;HKNPDCAD_02784;HKNPDCAD_03292;HKNPDCAD_03714	276	exact
TH2	gene_MJIDPBFG_01262	HKNPDCAD_00681	645	exact
TH2	gene_MJIDPBFG_01263	HKNPDCAD_00680	984	exact
TH2	gene_MJIDPBFG_01264	HKNPDCAD_00679	285	exact
TH2	gene_MJIDPBFG_01265	HKNPDCAD_00678	1311	exact
TH2	gene_MJIDPBFG_01266	HKNPDCAD_00677	2145	exact
TH2	gene_MJIDPBFG_01267	HKNPDCAD_00676	486	exact
TH2	gene_MJIDPBFG_01268	HKNPDCAD_00675	564	exact
TH2	gene_MJIDPBFG_01269		759	no exact sequence match
TH2	gene_MJIDPBFG_01270	HKNPDCAD_00673	1506	exact
TH2	gene_MJIDPBFG_01271	HKNPDCAD_00672	753	exact
TH2	gene_MJIDPBFG_01272	HKNPDCAD_00671	498	exact
TH2	gene_MJIDPBFG_01273	HKNPDCAD_00670	489	exact
TH2	gene_MJIDPBFG_01274	HKNPDCAD_00669	540	exact
TH2	gene_MJIDPBFG_01275	HKNPDCAD_00668	822	exact
TH2	gene_MJIDPBFG_01276	HKNPDCAD_00667	552	exact
TH2	gene_MJIDPBFG_01277	HKNPDCAD_00666	933	exact
TH2	gene_MJIDPBFG_01278	HKNPDCAD_00665	1086	exact
TH2	gene_MJIDPBFG_01279	HKNPDCAD_00664	825	exact
TH2	gene_MJIDPBFG_01280	HKNPDCAD_00663	810	exact
TH2	gene_MJIDPBFG_01281	HKNPDCAD_00662	549	exact
TH2	gene_MJIDPBFG_01282	HKNPDCAD_00661	279	exact
TH2	gene_MJIDPBFG_01283	HKNPDCAD_00660	2007	exact
TH2	gene_MJIDPBFG_01284	HKNPDCAD_00659	1221	exact
TH2	gene_MJIDPBFG_01285	HKNPDCAD_00658	1179	exact
TH2	gene_MJIDPBFG_01286	HKNPDCAD_00657	996	exact
TH2	gene_MJIDPBFG_01287	HKNPDCAD_00656	1137	exact
TH2	gene_MJIDPBFG_01288	HKNPDCAD_00655	1014	exact
TH2	gene_MJIDPBFG_01289	HKNPDCAD_00654	813	exact
TH2	gene_MJIDPBFG_01290	HKNPDCAD_00653	660	exact
TH2	gene_MJIDPBFG_01291	HKNPDCAD_00652	915	exact
TH2	gene_MJIDPBFG_01292	HKNPDCAD_00651	1269	exact
TH2	gene_MJIDPBFG_01293	HKNPDCAD_00650	663	exact
TH2	gene_MJIDPBFG_01294	HKNPDCAD_00649	489	exact
TH2	gene_MJIDPBFG_01295	HKNPDCAD_00648	1518	exact
TH2	gene_MJIDPBFG_01296	HKNPDCAD_00647	570	exact
TH2	gene_MJIDPBFG_01297	HKNPDCAD_00646	783	exact
TH2	gene_MJIDPBFG_01298	HKNPDCAD_00645	783	exact
TH2	gene_MJIDPBFG_01299	HKNPDCAD_00644	687	exact
TH2	gene_MJIDPBFG_01300	HKNPDCAD_00643	717	exact
TH2	gene_MJIDPBFG_01301	HKNPDCAD_00642	774	exact
TH2	gene_MJIDPBFG_01302	HKNPDCAD_00641	891	exact
TH2	gene_MJIDPBFG_01303	HKNPDCAD_00640	894	exact
TH2	gene_MJIDPBFG_01304	HKNPDCAD_00639	363	exact
TH2	gene_MJIDPBFG_01305	HKNPDCAD_00638	390	exact
TH2	gene_MJIDPBFG_01306	HKNPDCAD_00637	261	exact
TH2	gene_MJIDPBFG_01307	HKNPDCAD_00636	645	exact
TH2	gene_MJIDPBFG_01308	HKNPDCAD_00635	438	exact
TH2	gene_MJIDPBFG_01309	HKNPDCAD_00634	543	exact
TH2	gene_MJIDPBFG_01310		1479	no exact sequence match
TH2	gene_MJIDPBFG_01311	HKNPDCAD_00632	2145	exact
TH2	gene_MJIDPBFG_01312	HKNPDCAD_00631	1203	exact
TH2	gene_MJIDPBFG_01313	HKNPDCAD_00630	456	exact
TH2	gene_MJIDPBFG_01314	HKNPDCAD_00629	495	exact
TH2	gene_MJIDPBFG_01315	HKNPDCAD_00628	651	exact
TH2	gene_MJIDPBFG_01316	HKNPDCAD_00627	1833	exact
TH2	gene_MJIDPBFG_01317	HKNPDCAD_00626	600	exact
TH2	gene_MJIDPBFG_01318		1218	no exact sequence match
TH2	gene_MJIDPBFG_01319	HKNPDCAD_00623	687	exact
TH2	gene_MJIDPBFG_01320	HKNPDCAD_00622	255	exact
TH2	gene_MJIDPBFG_01321		444	no exact sequence match
TH2	gene_MJIDPBFG_01322		549	no exact sequence match
TH2	gene_MJIDPBFG_01323	HKNPDCAD_00619	1803	exact
TH2	gene_MJIDPBFG_01324	HKNPDCAD_00618	501	exact
TH2	gene_MJIDPBFG_01325	HKNPDCAD_00617	747	exact
TH2	gene_MJIDPBFG_01326	HKNPDCAD_00616	591	exact
TH2	gene_MJIDPBFG_01327	HKNPDCAD_00615	2727	exact
TH2	gene_MJIDPBFG_01328	HKNPDCAD_00614	978	exact
TH2	gene_MJIDPBFG_01329	HKNPDCAD_00613	543	exact
TH2	gene_MJIDPBFG_01330	HKNPDCAD_00612	555	exact
TH2	gene_MJIDPBFG_01331	HKNPDCAD_00611	303	exact
TH2	gene_MJIDPBFG_01332	HKNPDCAD_00610	1842	exact
TH2	gene_MJIDPBFG_01333	HKNPDCAD_00609	1530	exact
TH2	gene_MJIDPBFG_01334	HKNPDCAD_00608	1458	exact
TH2	gene_MJIDPBFG_01335		294	no exact sequence match
TH2	gene_MJIDPBFG_01336		159	no exact sequence match
TH2	gene_MJIDPBFG_01337	HKNPDCAD_00606	441	exact
TH2	gene_MJIDPBFG_01338	HKNPDCAD_00605	378	exact
TH2	gene_MJIDPBFG_01339	HKNPDCAD_00604	369	exact
TH2	gene_MJIDPBFG_01340		918	no exact sequence match
TH2	gene_MJIDPBFG_01341	HKNPDCAD_00602	462	exact
TH2	gene_MJIDPBFG_01342	HKNPDCAD_00601	306	exact
TH2	gene_MJIDPBFG_01343	HKNPDCAD_00600	1296	exact
TH2	gene_MJIDPBFG_01344	HKNPDCAD_00599	1671	exact
TH2	gene_MJIDPBFG_01345	HKNPDCAD_00598	759	exact
TH2	gene_MJIDPBFG_01346	HKNPDCAD_00597	696	exact
TH2	gene_MJIDPBFG_01347	HKNPDCAD_00596	198	exact
TH2	gene_MJIDPBFG_01348	HKNPDCAD_00595	840	exact
TH2	gene_MJIDPBFG_01349	HKNPDCAD_00594	1356	exact
TH2	gene_MJIDPBFG_01350	HKNPDCAD_00593	267	exact
TH2	gene_MJIDPBFG_01351	HKNPDCAD_00592	387	exact
TH2	gene_MJIDPBFG_01352	HKNPDCAD_00591	336	exact
TH2	gene_MJIDPBFG_01353		1653	no exact sequence match
TH2	gene_MJIDPBFG_01354	HKNPDCAD_00588	891	exact
TH2	gene_MJIDPBFG_01355		1983	no exact sequence match
TH2	gene_MJIDPBFG_01356		969	no exact sequence match
TH2	gene_MJIDPBFG_01357	HKNPDCAD_00584	1158	exact
TH2	gene_MJIDPBFG_01358	HKNPDCAD_00583	603	exact
TH2	gene_MJIDPBFG_01359	HKNPDCAD_00582	426	exact
TH2	gene_MJIDPBFG_01360	HKNPDCAD_00581	543	exact
TH2	gene_MJIDPBFG_01361	HKNPDCAD_00580	1203	exact
TH2	gene_MJIDPBFG_01362	HKNPDCAD_00579	783	exact
TH2	gene_MJIDPBFG_01363	HKNPDCAD_00578	1206	exact
TH2	gene_MJIDPBFG_01364	HKNPDCAD_00577	1290	exact
TH2	gene_MJIDPBFG_01365	HKNPDCAD_00576	804	exact
TH2	gene_MJIDPBFG_01366	HKNPDCAD_00575	186	exact
TH2	gene_MJIDPBFG_01367	HKNPDCAD_00574	996	exact
TH2	gene_MJIDPBFG_01368	HKNPDCAD_00573	1191	exact
TH2	gene_MJIDPBFG_01369		258	no exact sequence match
TH2	gene_MJIDPBFG_01370		1002	no exact sequence match
TH2	gene_MJIDPBFG_01371	HKNPDCAD_00571	1629	exact
TH2	gene_MJIDPBFG_01372		1134	no exact sequence match
TH2	gene_MJIDPBFG_01373	HKNPDCAD_00569	1077	exact
TH2	gene_MJIDPBFG_01374	HKNPDCAD_00568	207	exact
TH2	gene_MJIDPBFG_01375	HKNPDCAD_00567	651	exact
TH2	gene_MJIDPBFG_01376		255	no exact sequence match
TH2	gene_MJIDPBFG_01377	HKNPDCAD_00565	1131	exact
TH2	gene_MJIDPBFG_01378	HKNPDCAD_00564	2286	exact
TH2	gene_MJIDPBFG_01379	HKNPDCAD_00563	3753	exact
TH2	gene_MJIDPBFG_01380	HKNPDCAD_00562	723	exact
TH2	gene_MJIDPBFG_01381		504	no exact sequence match
TH2	gene_MJIDPBFG_01382		2154	no exact sequence match
TH2	gene_MJIDPBFG_01383	HKNPDCAD_00560	1554	exact
TH2	gene_MJIDPBFG_01384	HKNPDCAD_00559	624	exact
TH2	gene_MJIDPBFG_01385	HKNPDCAD_00558	4395	exact
TH2	gene_MJIDPBFG_01386		1470	no exact sequence match
TH2	gene_MJIDPBFG_01387	HKNPDCAD_00556	747	exact
TH2	gene_MJIDPBFG_01388	HKNPDCAD_00555	321	exact
TH2	gene_MJIDPBFG_01389	HKNPDCAD_00554	477	exact
TH2	gene_MJIDPBFG_01390	HKNPDCAD_00553	354	exact
TH2	gene_MJIDPBFG_01391	HKNPDCAD_00552	1323	exact
TH2	gene_MJIDPBFG_01392	HKNPDCAD_00551	651	exact
TH2	gene_MJIDPBFG_01393	HKNPDCAD_00550	531	exact
TH2	gene_MJIDPBFG_01394	HKNPDCAD_00549	264	exact
TH2	gene_MJIDPBFG_01395	HKNPDCAD_00490;HKNPDCAD_00548;HKNPDCAD_00682;HKNPDCAD_01139;HKNPDCAD_01213;HKNPDCAD_01356;HKNPDCAD_01366;HKNPDCAD_01537;HKNPDCAD_02097;HKNPDCAD_02102;HKNPDCAD_02784;HKNPDCAD_03292;HKNPDCAD_03714	276	exact
TH2	gene_MJIDPBFG_01396	HKNPDCAD_00014;HKNPDCAD_00491;HKNPDCAD_00547;HKNPDCAD_00683;HKNPDCAD_01138;HKNPDCAD_01214;HKNPDCAD_01355;HKNPDCAD_01367;HKNPDCAD_01536;HKNPDCAD_02098;HKNPDCAD_02101;HKNPDCAD_02785;HKNPDCAD_03291;HKNPDCAD_03715	378	exact
TH2	gene_MJIDPBFG_01397		1710	no exact sequence match
TH2	gene_MJIDPBFG_01398	HKNPDCAD_00545	2850	exact
TH2	gene_MJIDPBFG_01399	HKNPDCAD_00544	651	exact
TH2	gene_MJIDPBFG_01400	HKNPDCAD_00543	2292	exact
TH2	gene_MJIDPBFG_01401	HKNPDCAD_00542	285	exact
TH2	gene_MJIDPBFG_01402	HKNPDCAD_00541	1131	exact
TH2	gene_MJIDPBFG_01403	HKNPDCAD_00540	1101	exact
TH2	gene_MJIDPBFG_01404	HKNPDCAD_00539	1065	exact
TH2	gene_MJIDPBFG_01405	HKNPDCAD_00538	651	exact
TH2	gene_MJIDPBFG_01406	HKNPDCAD_00537	1644	exact
TH2	gene_MJIDPBFG_01407		1461	no exact sequence match
TH2	gene_MJIDPBFG_01408		189	no exact sequence match
TH2	gene_MJIDPBFG_01409	HKNPDCAD_00535	489	exact
TH2	gene_MJIDPBFG_01410	HKNPDCAD_00534	165	exact
TH2	gene_MJIDPBFG_01411	HKNPDCAD_00533	495	exact
TH2	gene_MJIDPBFG_01412	HKNPDCAD_00532	264	exact
TH2	gene_MJIDPBFG_01413	HKNPDCAD_00531	2487	exact
TH2	gene_MJIDPBFG_01414	HKNPDCAD_00530	696	exact
TH2	gene_MJIDPBFG_01415	HKNPDCAD_00529	120	exact
TH2	gene_MJIDPBFG_01416	HKNPDCAD_00528	753	exact
TH2	gene_MJIDPBFG_01417	HKNPDCAD_00527	450	exact
TH2	gene_MJIDPBFG_01418	HKNPDCAD_00526	603	exact
TH2	gene_MJIDPBFG_01419	HKNPDCAD_00525	537	exact
TH2	gene_MJIDPBFG_01420	HKNPDCAD_00524	663	exact
TH2	gene_MJIDPBFG_01421		738	no exact sequence match
TH2	gene_MJIDPBFG_01422	HKNPDCAD_00522	210	exact
TH2	gene_MJIDPBFG_01423	HKNPDCAD_00521	480	exact
TH2	gene_MJIDPBFG_01424	HKNPDCAD_00520	1944	exact
TH2	gene_MJIDPBFG_01425	HKNPDCAD_00519	558	exact
TH2	gene_MJIDPBFG_01426		1053	no exact sequence match
TH2	gene_MJIDPBFG_01427	HKNPDCAD_00516	648	exact
TH2	gene_MJIDPBFG_01428	HKNPDCAD_00515	519	exact
TH2	gene_MJIDPBFG_01429		2055	no exact sequence match
TH2	gene_MJIDPBFG_01431	HKNPDCAD_00511	1761	exact
TH2	gene_MJIDPBFG_01432	HKNPDCAD_00510	228	exact
TH2	gene_MJIDPBFG_01433	HKNPDCAD_00509	1008	exact
TH2	gene_MJIDPBFG_01434	HKNPDCAD_00508	285	exact
TH2	gene_MJIDPBFG_01435	HKNPDCAD_00507	555	exact
TH2	gene_MJIDPBFG_01436		1209	no exact sequence match
TH2	gene_MJIDPBFG_01437	HKNPDCAD_00504	696	exact
TH2	gene_MJIDPBFG_01438	HKNPDCAD_00503	1191	exact
TH2	gene_MJIDPBFG_01439	HKNPDCAD_00502	345	exact
TH2	gene_MJIDPBFG_01440	HKNPDCAD_00501	1590	exact
TH2	gene_MJIDPBFG_01441	HKNPDCAD_00500	1026	exact
TH2	gene_MJIDPBFG_01442	HKNPDCAD_00499	1095	exact
TH2	gene_MJIDPBFG_01443	HKNPDCAD_00498	1815	exact
TH2	gene_MJIDPBFG_01444	HKNPDCAD_00497	1557	exact
TH2	gene_MJIDPBFG_01445	HKNPDCAD_00496	567	exact
TH2	gene_MJIDPBFG_01446	HKNPDCAD_00495	714	exact
TH2	gene_MJIDPBFG_01447	HKNPDCAD_00494	195	exact
TH2	gene_MJIDPBFG_01448	HKNPDCAD_00493	651	exact
TH2	gene_MJIDPBFG_01449	HKNPDCAD_00492	357	exact
TH2	gene_MJIDPBFG_01450	HKNPDCAD_00014;HKNPDCAD_00491;HKNPDCAD_00547;HKNPDCAD_00683;HKNPDCAD_01138;HKNPDCAD_01214;HKNPDCAD_01355;HKNPDCAD_01367;HKNPDCAD_01536;HKNPDCAD_02098;HKNPDCAD_02101;HKNPDCAD_02785;HKNPDCAD_03291;HKNPDCAD_03715	378	exact
TH2	gene_MJIDPBFG_01451	HKNPDCAD_00490;HKNPDCAD_00548;HKNPDCAD_00682;HKNPDCAD_01139;HKNPDCAD_01213;HKNPDCAD_01356;HKNPDCAD_01366;HKNPDCAD_01537;HKNPDCAD_02097;HKNPDCAD_02102;HKNPDCAD_02784;HKNPDCAD_03292;HKNPDCAD_03714	276	exact
TH2	gene_MJIDPBFG_01452	HKNPDCAD_00489	1056	exact
TH2	gene_MJIDPBFG_01453	HKNPDCAD_00488	690	exact
TH2	gene_MJIDPBFG_01454	HKNPDCAD_00487	255	exact
TH2	gene_MJIDPBFG_01455	HKNPDCAD_00486	1182	exact
TH2	gene_MJIDPBFG_01456	HKNPDCAD_00485	1131	exact
TH2	gene_MJIDPBFG_01457	HKNPDCAD_00484	939	exact
TH2	gene_MJIDPBFG_01458	HKNPDCAD_00483	1692	exact
TH2	gene_MJIDPBFG_01459	HKNPDCAD_00482	942	exact
TH2	gene_MJIDPBFG_01460	HKNPDCAD_00481	939	exact
TH2	gene_MJIDPBFG_01461	HKNPDCAD_00480	1251	exact
TH2	gene_MJIDPBFG_01462	HKNPDCAD_00479	699	exact
TH2	gene_MJIDPBFG_01463	HKNPDCAD_00478	942	exact
TH2	gene_MJIDPBFG_01464	HKNPDCAD_00477	1251	exact
TH2	gene_MJIDPBFG_01465	HKNPDCAD_00476	1089	exact
TH2	gene_MJIDPBFG_01466	HKNPDCAD_00475	858	exact
TH2	gene_MJIDPBFG_01467	HKNPDCAD_00474	972	exact
TH2	gene_MJIDPBFG_01468	HKNPDCAD_00473	882	exact
TH2	gene_MJIDPBFG_01469	HKNPDCAD_00472	1470	exact
TH2	gene_MJIDPBFG_01470		1341	no exact sequence match
TH2	gene_MJIDPBFG_01471		669	no exact sequence match
TH2	gene_MJIDPBFG_01472	HKNPDCAD_00470	837	exact
TH2	gene_MJIDPBFG_01473	HKNPDCAD_00469	669	exact
TH2	gene_MJIDPBFG_01474	HKNPDCAD_00468	1158	exact
TH2	gene_MJIDPBFG_01475	HKNPDCAD_00467	1041	exact
TH2	gene_MJIDPBFG_01476	HKNPDCAD_00466	999	exact
TH2	gene_MJIDPBFG_01477	HKNPDCAD_00465	1521	exact
TH2	gene_MJIDPBFG_01478	HKNPDCAD_00464	1011	exact
TH2	gene_MJIDPBFG_01479	HKNPDCAD_00463	1236	exact
TH2	gene_MJIDPBFG_01480	HKNPDCAD_00462	1239	exact
TH2	gene_MJIDPBFG_01481	HKNPDCAD_00460	720	exact
TH2	gene_MJIDPBFG_01482	HKNPDCAD_00459	885	exact
TH2	gene_MJIDPBFG_01483	HKNPDCAD_00458	696	exact
TH2	gene_MJIDPBFG_01484	HKNPDCAD_00457	399	exact
TH2	gene_MJIDPBFG_01485	HKNPDCAD_00456	909	exact
TH2	gene_MJIDPBFG_01486		561	no exact sequence match
TH2	gene_MJIDPBFG_01487		798	no exact sequence match
TH2	gene_MJIDPBFG_01488	HKNPDCAD_00454	1029	exact
TH2	gene_MJIDPBFG_01489	HKNPDCAD_00453	702	exact
TH2	gene_MJIDPBFG_01490		645	no exact sequence match
TH2	gene_MJIDPBFG_01491	HKNPDCAD_00450	1194	exact
TH2	gene_MJIDPBFG_01492	HKNPDCAD_00449	948	exact
TH2	gene_MJIDPBFG_01493	HKNPDCAD_00448	1437	exact
TH2	gene_MJIDPBFG_01494	HKNPDCAD_00447	762	exact
TH2	gene_MJIDPBFG_01495	HKNPDCAD_00446	579	exact
TH2	gene_MJIDPBFG_01496	HKNPDCAD_00445	588	exact
TH2	gene_MJIDPBFG_01497	HKNPDCAD_00444	933	exact
TH2	gene_MJIDPBFG_01498	HKNPDCAD_00443	885	exact
TH2	gene_MJIDPBFG_01499	HKNPDCAD_00442	867	exact
TH2	gene_MJIDPBFG_01500	HKNPDCAD_00441	2268	exact
TH2	gene_MJIDPBFG_01501	HKNPDCAD_00440	780	exact
TH2	gene_MJIDPBFG_01502		654	no exact sequence match
TH2	gene_MJIDPBFG_01503		507	no exact sequence match
TH2	gene_MJIDPBFG_01504	HKNPDCAD_00438	927	exact
TH2	gene_MJIDPBFG_01505	HKNPDCAD_00437	732	exact
TH2	gene_MJIDPBFG_01506	HKNPDCAD_00436	108	exact
TH2	gene_MJIDPBFG_01507	HKNPDCAD_00435	732	exact
TH2	gene_MJIDPBFG_01508		1686	no exact sequence match
TH2	gene_MJIDPBFG_01509	HKNPDCAD_00432	720	exact
TH2	gene_MJIDPBFG_01510		471	no exact sequence match
TH2	gene_MJIDPBFG_01511	HKNPDCAD_00430	462	exact
TH2	gene_MJIDPBFG_01512	HKNPDCAD_00429	441	exact
TH2	gene_MJIDPBFG_01513	HKNPDCAD_00428	1482	exact
TH2	gene_MJIDPBFG_01514	HKNPDCAD_00427	273	exact
TH2	gene_MJIDPBFG_01515	HKNPDCAD_00426	693	exact
TH2	gene_MJIDPBFG_01516	HKNPDCAD_00425	2280	exact
TH2	gene_MJIDPBFG_01517	HKNPDCAD_00424	597	exact
TH2	gene_MJIDPBFG_01518	HKNPDCAD_00423	468	exact
TH2	gene_MJIDPBFG_01519	HKNPDCAD_00422	90	exact
TH2	gene_MJIDPBFG_01520	HKNPDCAD_00421	354	exact
TH2	gene_MJIDPBFG_01521		408	no exact sequence match
TH2	gene_MJIDPBFG_01522		243	no exact sequence match
TH2	gene_MJIDPBFG_01523		363	no exact sequence match
TH2	gene_MJIDPBFG_01524	HKNPDCAD_00419	1062	exact
TH2	gene_MJIDPBFG_01525	HKNPDCAD_00418	1041	exact
TH2	gene_MJIDPBFG_01526	HKNPDCAD_00417	243	exact
TH2	gene_MJIDPBFG_01527	HKNPDCAD_00416	300	exact
TH2	gene_MJIDPBFG_01528	HKNPDCAD_00415	3381	exact
TH2	gene_MJIDPBFG_01529	HKNPDCAD_00414	219	exact
TH2	gene_MJIDPBFG_01530		1197	no exact sequence match
TH2	gene_MJIDPBFG_01531		2118	no exact sequence match
TH2	gene_MJIDPBFG_01532	HKNPDCAD_00412	2034	exact
TH2	gene_MJIDPBFG_01533		1110	no exact sequence match
TH2	gene_MJIDPBFG_01534	HKNPDCAD_00409	282	exact
TH2	gene_MJIDPBFG_01535	HKNPDCAD_00408	543	exact
TH2	gene_MJIDPBFG_01536	HKNPDCAD_00407	675	exact
TH2	gene_MJIDPBFG_01537	HKNPDCAD_00406	2481	exact
TH2	gene_MJIDPBFG_01538	HKNPDCAD_00405	390	exact
TH2	gene_MJIDPBFG_01539	HKNPDCAD_00404	645	exact
TH2	gene_MJIDPBFG_01540	HKNPDCAD_00403	339	exact
TH2	gene_MJIDPBFG_01541	HKNPDCAD_00402	825	exact
TH2	gene_MJIDPBFG_01542	HKNPDCAD_00401	273	exact
TH2	gene_MJIDPBFG_01543	HKNPDCAD_00400	789	exact
TH2	gene_MJIDPBFG_01544	HKNPDCAD_00399	801	exact
TH2	gene_MJIDPBFG_01545		726	no exact sequence match
TH2	gene_MJIDPBFG_01546	HKNPDCAD_00397	747	exact
TH2	gene_MJIDPBFG_01547		786	no exact sequence match
TH2	gene_MJIDPBFG_01548		135	no exact sequence match
TH2	gene_MJIDPBFG_01549	HKNPDCAD_00394	1005	exact
TH2	gene_MJIDPBFG_01550	HKNPDCAD_00393	1278	exact
TH2	gene_MJIDPBFG_01551	HKNPDCAD_00392	1053	exact
TH2	gene_MJIDPBFG_01552	HKNPDCAD_00391	603	exact
TH2	gene_MJIDPBFG_01553	HKNPDCAD_00390	255	exact
TH2	gene_MJIDPBFG_01554	HKNPDCAD_00389	1263	exact
TH2	gene_MJIDPBFG_01555	HKNPDCAD_00388	453	exact
TH2	gene_MJIDPBFG_01556	HKNPDCAD_00387	285	exact
TH2	gene_MJIDPBFG_01557	HKNPDCAD_00386	1356	exact
TH2	gene_MJIDPBFG_01558	HKNPDCAD_00385	1041	exact
TH2	gene_MJIDPBFG_01559	HKNPDCAD_00384	780	exact
TH2	gene_MJIDPBFG_01560	HKNPDCAD_00383	900	exact
TH2	gene_MJIDPBFG_01561	HKNPDCAD_00382	378	exact
TH2	gene_MJIDPBFG_01562	HKNPDCAD_00381	1362	exact
TH2	gene_MJIDPBFG_01563	HKNPDCAD_00380	210	exact
TH2	gene_MJIDPBFG_01564	HKNPDCAD_00379	723	exact
TH2	gene_MJIDPBFG_01565		900	no exact sequence match
TH2	gene_MJIDPBFG_01566		453	no exact sequence match
TH2	gene_MJIDPBFG_01567		1311	no exact sequence match
TH2	gene_MJIDPBFG_01568		2349	no exact sequence match
TH2	gene_MJIDPBFG_01569	HKNPDCAD_00374	705	exact
TH2	gene_MJIDPBFG_01570		2775	no exact sequence match
TH2	gene_MJIDPBFG_01571		1731	no exact sequence match
TH2	gene_MJIDPBFG_01572	HKNPDCAD_00370	321	exact
TH2	gene_MJIDPBFG_01573		213	no exact sequence match
TH2	gene_MJIDPBFG_01574		165	no exact sequence match
TH2	gene_MJIDPBFG_01575	HKNPDCAD_00368	681	exact
TH2	gene_MJIDPBFG_01576	HKNPDCAD_00367	462	exact
TH2	gene_MJIDPBFG_01577	HKNPDCAD_00366	1947	exact
TH2	gene_MJIDPBFG_01578	HKNPDCAD_00365	1353	exact
TH2	gene_MJIDPBFG_01579	HKNPDCAD_00364	849	exact
TH2	gene_MJIDPBFG_01580		459	no exact sequence match
TH2	gene_MJIDPBFG_01581		2394	no exact sequence match
TH2	gene_MJIDPBFG_01582	HKNPDCAD_00362	438	exact
TH2	gene_MJIDPBFG_01583	HKNPDCAD_00361	642	exact
TH2	gene_MJIDPBFG_01584	HKNPDCAD_00360	582	exact
TH2	gene_MJIDPBFG_01585	HKNPDCAD_00359	1854	exact
TH2	gene_MJIDPBFG_01586		1635	no exact sequence match
TH2	gene_MJIDPBFG_01587	HKNPDCAD_00357	1140	exact
TH2	gene_MJIDPBFG_01588	HKNPDCAD_00356	444	exact
TH2	gene_MJIDPBFG_01589	HKNPDCAD_00355	2163	exact
TH2	gene_MJIDPBFG_01590		840	no exact sequence match
TH2	gene_MJIDPBFG_01591	HKNPDCAD_00353	489	exact
TH2	gene_MJIDPBFG_01592	HKNPDCAD_00352	1218	exact
TH2	gene_MJIDPBFG_01593		1218	no exact sequence match
TH2	gene_MJIDPBFG_01594	HKNPDCAD_00349	747	exact
TH2	gene_MJIDPBFG_01595		522	no exact sequence match
TH2	gene_MJIDPBFG_01596	HKNPDCAD_00347	1122	exact
TH2	gene_MJIDPBFG_01597	HKNPDCAD_00346	966	exact
TH2	gene_MJIDPBFG_01598	HKNPDCAD_00345	483	exact
TH2	gene_MJIDPBFG_01599		1224	no exact sequence match
TH2	gene_MJIDPBFG_01600	HKNPDCAD_00342	1437	exact
TH2	gene_MJIDPBFG_01601	HKNPDCAD_00341	891	exact
TH2	gene_MJIDPBFG_01602	HKNPDCAD_00340	456	exact
TH2	gene_MJIDPBFG_01603	HKNPDCAD_00339	1395	exact
TH2	gene_MJIDPBFG_01604	HKNPDCAD_00338	402	exact
TH2	gene_MJIDPBFG_01605		1077	no exact sequence match
TH2	gene_MJIDPBFG_01606	HKNPDCAD_00335	1281	exact
TH2	gene_MJIDPBFG_01607	HKNPDCAD_00334	1221	exact
TH2	gene_MJIDPBFG_01608	HKNPDCAD_00333	1395	exact
TH2	gene_MJIDPBFG_01609	HKNPDCAD_00332	996	exact
TH2	gene_MJIDPBFG_01610	HKNPDCAD_00331	894	exact
TH2	gene_MJIDPBFG_01611	HKNPDCAD_00330	744	exact
TH2	gene_MJIDPBFG_01612	HKNPDCAD_00329	1272	exact
TH2	gene_MJIDPBFG_01613	HKNPDCAD_00328	390	exact
TH2	gene_MJIDPBFG_01614	HKNPDCAD_00327	885	exact
TH2	gene_MJIDPBFG_01615	HKNPDCAD_00326	120	exact
TH2	gene_MJIDPBFG_01616	HKNPDCAD_00325	186	exact
TH2	gene_MJIDPBFG_01617	HKNPDCAD_00324	204	exact
TH2	gene_MJIDPBFG_01618	HKNPDCAD_00323	1407	exact
TH2	gene_MJIDPBFG_01619	HKNPDCAD_00322	882	exact
TH2	gene_MJIDPBFG_01620	HKNPDCAD_00321	1167	exact
TH2	gene_MJIDPBFG_01621	HKNPDCAD_00320	978	exact
TH2	gene_MJIDPBFG_01622	HKNPDCAD_00319	612	exact
TH2	gene_MJIDPBFG_01623	HKNPDCAD_00318	777	exact
TH2	gene_MJIDPBFG_01624	HKNPDCAD_00317	738	exact
TH2	gene_MJIDPBFG_01625	HKNPDCAD_00316	591	exact
TH2	gene_MJIDPBFG_01626	HKNPDCAD_00315	1068	exact
TH2	gene_MJIDPBFG_01627		990	no exact sequence match
TH2	gene_MJIDPBFG_01628	HKNPDCAD_00312	1305	exact
TH2	gene_MJIDPBFG_01629	HKNPDCAD_00311	900	exact
TH2	gene_MJIDPBFG_01630	HKNPDCAD_00310	252	exact
TH2	gene_MJIDPBFG_01631	HKNPDCAD_00309	255	exact
TH2	gene_MJIDPBFG_01632	HKNPDCAD_00308	825	exact
TH2	gene_MJIDPBFG_01633	HKNPDCAD_00307	930	exact
TH2	gene_MJIDPBFG_01634	HKNPDCAD_00306	1359	exact
TH2	gene_MJIDPBFG_01635		1059	no exact sequence match
TH2	gene_MJIDPBFG_01636	HKNPDCAD_00303	228	exact
TH2	gene_MJIDPBFG_01637	HKNPDCAD_00302	648	exact
TH2	gene_MJIDPBFG_01638	HKNPDCAD_00301	777	exact
TH2	gene_MJIDPBFG_01639	HKNPDCAD_00300	1167	exact
TH2	gene_MJIDPBFG_01640	HKNPDCAD_00299	474	exact
TH2	gene_MJIDPBFG_01641	HKNPDCAD_00298	1059	exact
TH2	gene_MJIDPBFG_01642	HKNPDCAD_00297	330	exact
TH2	gene_MJIDPBFG_01643	HKNPDCAD_00296	225	exact
TH2	gene_MJIDPBFG_01644	HKNPDCAD_00295	195	exact
TH2	gene_MJIDPBFG_01645	HKNPDCAD_00294	264	exact
TH2	gene_MJIDPBFG_01646	HKNPDCAD_00293	369	exact
TH2	gene_MJIDPBFG_01647	HKNPDCAD_00292	222	exact
TH2	gene_MJIDPBFG_01648	HKNPDCAD_00291	477	exact
TH2	gene_MJIDPBFG_01649	HKNPDCAD_00290	480	exact
TH2	gene_MJIDPBFG_01650	HKNPDCAD_00289	387	exact
TH2	gene_MJIDPBFG_01651	HKNPDCAD_00288	435	exact
TH2	gene_MJIDPBFG_01652	HKNPDCAD_00287	411	exact
TH2	gene_MJIDPBFG_01653	HKNPDCAD_00286	489	exact
TH2	gene_MJIDPBFG_01654	HKNPDCAD_00285	1071	exact
TH2	gene_MJIDPBFG_01655	HKNPDCAD_00284	639	exact
TH2	gene_MJIDPBFG_01656	HKNPDCAD_00283	237	exact
TH2	gene_MJIDPBFG_01657	HKNPDCAD_00282	1080	exact
TH2	gene_MJIDPBFG_01658	HKNPDCAD_00281	93	exact
TH2	gene_MJIDPBFG_01659	HKNPDCAD_00280	384	exact
TH2	gene_MJIDPBFG_01660	HKNPDCAD_00279	348	exact
TH2	gene_MJIDPBFG_01661		1047	no exact sequence match
TH2	gene_MJIDPBFG_01662		390	no exact sequence match
TH2	gene_MJIDPBFG_01663	HKNPDCAD_00275	603	exact
TH2	gene_MJIDPBFG_01664	HKNPDCAD_00274	207	exact
TH2	gene_MJIDPBFG_01665	HKNPDCAD_00273	201	exact
TH2	gene_MJIDPBFG_01666	HKNPDCAD_00272	570	exact
TH2	gene_MJIDPBFG_01667	HKNPDCAD_00271	402	exact
TH2	gene_MJIDPBFG_01668	HKNPDCAD_00270	402	exact
TH2	gene_MJIDPBFG_01669	HKNPDCAD_00269	1236	exact
TH2	gene_MJIDPBFG_01670	HKNPDCAD_00268	1035	exact
TH2	gene_MJIDPBFG_01671	HKNPDCAD_00267	906	exact
TH2	gene_MJIDPBFG_01672	HKNPDCAD_00266	366	exact
TH2	gene_MJIDPBFG_01673	HKNPDCAD_05133	264	exact
TH2	gene_MJIDPBFG_01674	HKNPDCAD_05132	609	exact
TH2	gene_MJIDPBFG_01675	HKNPDCAD_05131	759	exact
TH2	gene_MJIDPBFG_01676		726	no exact sequence match
TH2	gene_MJIDPBFG_01677	HKNPDCAD_05129	270	exact
TH2	gene_MJIDPBFG_01678	HKNPDCAD_05128	117	exact
TH2	gene_MJIDPBFG_01679	HKNPDCAD_05127	429	exact
TH2	gene_MJIDPBFG_01680	HKNPDCAD_05126	327	exact
TH2	gene_MJIDPBFG_01681	HKNPDCAD_05125	435	exact
TH2	gene_MJIDPBFG_01682	HKNPDCAD_05124	1080	exact
TH2	gene_MJIDPBFG_01683		267	no exact sequence match
TH2	gene_MJIDPBFG_01684		711	no exact sequence match
TH2	gene_MJIDPBFG_01686		918	no exact sequence match
TH2	gene_MJIDPBFG_01687	HKNPDCAD_05120	951	exact
TH2	gene_MJIDPBFG_01689	HKNPDCAD_05118	525	exact
TH2	gene_MJIDPBFG_01690	HKNPDCAD_05117	1161	exact
TH2	gene_MJIDPBFG_01692	HKNPDCAD_05115	717	exact
TH2	gene_MJIDPBFG_01693	HKNPDCAD_05114	1116	exact
TH2	gene_MJIDPBFG_01694	HKNPDCAD_05113	396	exact
TH2	gene_MJIDPBFG_01695	HKNPDCAD_05112	1317	exact
TH2	gene_MJIDPBFG_01696	HKNPDCAD_05111	1053	exact
TH2	gene_MJIDPBFG_01697		3369	no exact sequence match
TH2	gene_MJIDPBFG_01698		948	no exact sequence match
TH2	gene_MJIDPBFG_01699	HKNPDCAD_05108	1710	exact
TH2	gene_MJIDPBFG_01700		222	no exact sequence match
TH2	gene_MJIDPBFG_01701	HKNPDCAD_05106	555	exact
TH2	gene_MJIDPBFG_01702	HKNPDCAD_05105	558	exact
TH2	gene_MJIDPBFG_01704		789	no exact sequence match
TH2	gene_MJIDPBFG_01706	HKNPDCAD_05101	531	exact
TH2	gene_MJIDPBFG_01707	HKNPDCAD_05100	651	exact
TH2	gene_MJIDPBFG_01708	HKNPDCAD_05099	780	exact
TH2	gene_MJIDPBFG_01709	HKNPDCAD_05098	1005	exact
TH2	gene_MJIDPBFG_01710	HKNPDCAD_05097	414	exact
TH2	gene_MJIDPBFG_01711	HKNPDCAD_05096	783	exact
TH2	gene_MJIDPBFG_01712	HKNPDCAD_05095	1359	exact
TH2	gene_MJIDPBFG_01713	HKNPDCAD_05094	852	exact
TH2	gene_MJIDPBFG_01714	HKNPDCAD_05093	819	exact
TH2	gene_MJIDPBFG_01715	HKNPDCAD_05092	1152	exact
TH2	gene_MJIDPBFG_01716	HKNPDCAD_05091	267	exact
TH2	gene_MJIDPBFG_01717	HKNPDCAD_05090	627	exact
TH2	gene_MJIDPBFG_01718	HKNPDCAD_05089	393	exact
TH2	gene_MJIDPBFG_01719	HKNPDCAD_05088	90	exact
TH2	gene_MJIDPBFG_01720	HKNPDCAD_05087	366	exact
TH2	gene_MJIDPBFG_01721	HKNPDCAD_05086	348	exact
TH2	gene_MJIDPBFG_01722	HKNPDCAD_05085	252	exact
TH2	gene_MJIDPBFG_01723	HKNPDCAD_05084	1419	exact
TH2	gene_MJIDPBFG_01724	HKNPDCAD_05083	471	exact
TH2	gene_MJIDPBFG_01725	HKNPDCAD_05082	972	exact
TH2	gene_MJIDPBFG_01726	HKNPDCAD_05081	918	exact
TH2	gene_MJIDPBFG_01727	HKNPDCAD_05080	183	exact
TH2	gene_MJIDPBFG_01728	HKNPDCAD_05079	1581	exact
TH2	gene_MJIDPBFG_01729		657	no exact sequence match
TH2	gene_MJIDPBFG_01730		204	no exact sequence match
TH2	gene_MJIDPBFG_01731	HKNPDCAD_05077	228	exact
TH2	gene_MJIDPBFG_01732	HKNPDCAD_05076	189	exact
TH2	gene_MJIDPBFG_01733	HKNPDCAD_05075	183	exact
TH2	gene_MJIDPBFG_01734		234	no exact sequence match
TH2	gene_MJIDPBFG_01735	HKNPDCAD_05074	123	exact
TH2	gene_MJIDPBFG_01736	HKNPDCAD_05073	786	exact
TH2	gene_MJIDPBFG_01737	HKNPDCAD_05072	270	exact
TH2	gene_MJIDPBFG_01738	HKNPDCAD_05071	669	exact
TH2	gene_MJIDPBFG_01739	HKNPDCAD_05070	333	exact
TH2	gene_MJIDPBFG_01740	HKNPDCAD_05069	414	exact
TH2	gene_MJIDPBFG_01741		657	no exact sequence match
TH2	gene_MJIDPBFG_01742		387	no exact sequence match
TH2	gene_MJIDPBFG_01743	HKNPDCAD_05067	465	exact
TH2	gene_MJIDPBFG_01744		942	no exact sequence match
TH2	gene_MJIDPBFG_01745	HKNPDCAD_05065	444	exact
TH2	gene_MJIDPBFG_01746	HKNPDCAD_05064	1374	exact
TH2	gene_MJIDPBFG_01747	HKNPDCAD_05063	687	exact
TH2	gene_MJIDPBFG_01748	HKNPDCAD_05062	996	exact
TH2	gene_MJIDPBFG_01749	HKNPDCAD_05061	1659	exact
TH2	gene_MJIDPBFG_01750	HKNPDCAD_05060	315	exact
TH2	gene_MJIDPBFG_01751	HKNPDCAD_05059	351	exact
TH2	gene_MJIDPBFG_01752	HKNPDCAD_05058	192	exact
TH2	gene_MJIDPBFG_01753	HKNPDCAD_05057	672	exact
TH2	gene_MJIDPBFG_01754		120	no exact sequence match
TH2	gene_MJIDPBFG_01755		120	no exact sequence match
TH2	gene_MJIDPBFG_01756	HKNPDCAD_05055	1206	exact
TH2	gene_MJIDPBFG_01757	HKNPDCAD_05054	414	exact
TH2	gene_MJIDPBFG_01758	HKNPDCAD_05053	1488	exact
TH2	gene_MJIDPBFG_01759	HKNPDCAD_05052	366	exact
TH2	gene_MJIDPBFG_01760	HKNPDCAD_05051	411	exact
TH2	gene_MJIDPBFG_01761	HKNPDCAD_05050	951	exact
TH2	gene_MJIDPBFG_01762	HKNPDCAD_05049	90	exact
TH2	gene_MJIDPBFG_01763	HKNPDCAD_05048	1476	exact
TH2	gene_MJIDPBFG_01764	HKNPDCAD_05047	720	exact
TH2	gene_MJIDPBFG_01765	HKNPDCAD_05046	552	exact
TH2	gene_MJIDPBFG_01766		858	no exact sequence match
TH2	gene_MJIDPBFG_01767	HKNPDCAD_05043	987	exact
TH2	gene_MJIDPBFG_01768	HKNPDCAD_05042	669	exact
TH2	gene_MJIDPBFG_01769	HKNPDCAD_05041	753	exact
TH2	gene_MJIDPBFG_01770	HKNPDCAD_05040	717	exact
TH2	gene_MJIDPBFG_01771	HKNPDCAD_05039	225	exact
TH2	gene_MJIDPBFG_01772		477	no exact sequence match
TH2	gene_MJIDPBFG_01773		180	no exact sequence match
TH2	gene_MJIDPBFG_01774		1833	no exact sequence match
TH2	gene_MJIDPBFG_01775	HKNPDCAD_05035	549	exact
TH2	gene_MJIDPBFG_01779	HKNPDCAD_05031	666	exact
TH2	gene_MJIDPBFG_01780	HKNPDCAD_05030	1212	exact
TH2	gene_MJIDPBFG_01781		198	no exact sequence match
TH2	gene_MJIDPBFG_01782	HKNPDCAD_05028	498	exact
TH2	gene_MJIDPBFG_01783	HKNPDCAD_05027	252	exact
TH2	gene_MJIDPBFG_01784	HKNPDCAD_05026	504	exact
TH2	gene_MJIDPBFG_01785	HKNPDCAD_05025	990	exact
TH2	gene_MJIDPBFG_01786	HKNPDCAD_05024	1515	exact
TH2	gene_MJIDPBFG_01787	HKNPDCAD_05023	987	exact
TH2	gene_MJIDPBFG_01788	HKNPDCAD_05022	801	exact
TH2	gene_MJIDPBFG_01789		1425	no exact sequence match
TH2	gene_MJIDPBFG_01790	HKNPDCAD_05019	429	exact
TH2	gene_MJIDPBFG_01791	HKNPDCAD_05018	351	exact
TH2	gene_MJIDPBFG_01792	HKNPDCAD_05017	579	exact
TH2	gene_MJIDPBFG_01793		888	no exact sequence match
TH2	gene_MJIDPBFG_01794		129	no exact sequence match
TH2	gene_MJIDPBFG_01795		162	no exact sequence match
TH2	gene_MJIDPBFG_01796	HKNPDCAD_05014	639	exact
TH2	gene_MJIDPBFG_01797	HKNPDCAD_05013	204	exact
TH2	gene_MJIDPBFG_01798	HKNPDCAD_05012	594	exact
TH2	gene_MJIDPBFG_01799	HKNPDCAD_05011	1107	exact
TH2	gene_MJIDPBFG_01800	HKNPDCAD_05010	504	exact
TH2	gene_MJIDPBFG_01801		159	no exact sequence match
TH2	gene_MJIDPBFG_01802		1542	no exact sequence match
TH2	gene_MJIDPBFG_01803		1182	no exact sequence match
TH2	gene_MJIDPBFG_01804		420	no exact sequence match
TH2	gene_MJIDPBFG_01805	HKNPDCAD_05007	861	exact
TH2	gene_MJIDPBFG_01806	HKNPDCAD_05006	1050	exact
TH2	gene_MJIDPBFG_01807	HKNPDCAD_05005	390	exact
TH2	gene_MJIDPBFG_01808	HKNPDCAD_05004	645	exact
TH2	gene_MJIDPBFG_01809	HKNPDCAD_05003	1149	exact
TH2	gene_MJIDPBFG_01810	HKNPDCAD_05002	2079	exact
TH2	gene_MJIDPBFG_01811	HKNPDCAD_05001	393	exact
TH2	gene_MJIDPBFG_01812	HKNPDCAD_05000	489	exact
TH2	gene_MJIDPBFG_01813	HKNPDCAD_04999	1734	exact
TH2	gene_MJIDPBFG_01814	HKNPDCAD_04998	567	exact
TH2	gene_MJIDPBFG_01815	HKNPDCAD_04997	666	exact
TH2	gene_MJIDPBFG_01816	HKNPDCAD_04996	1101	exact
TH2	gene_MJIDPBFG_01817	HKNPDCAD_04995	2430	exact
TH2	gene_MJIDPBFG_01818	HKNPDCAD_04994	972	exact
TH2	gene_MJIDPBFG_01819	HKNPDCAD_04993	744	exact
TH2	gene_MJIDPBFG_01820	HKNPDCAD_04992	396	exact
TH2	gene_MJIDPBFG_01821	HKNPDCAD_04990	573	exact
TH2	gene_MJIDPBFG_01822	HKNPDCAD_04989	567	exact
TH2	gene_MJIDPBFG_01823		297	no exact sequence match
TH2	gene_MJIDPBFG_01824		1515	no exact sequence match
TH2	gene_MJIDPBFG_01825	HKNPDCAD_04987	510	exact
TH2	gene_MJIDPBFG_01826	HKNPDCAD_04986	741	exact
TH2	gene_MJIDPBFG_01827		390	no exact sequence match
TH2	gene_MJIDPBFG_01828		150	no exact sequence match
TH2	gene_MJIDPBFG_01829	HKNPDCAD_04984	603	exact
TH2	gene_MJIDPBFG_01830	HKNPDCAD_04983	564	exact
TH2	gene_MJIDPBFG_01831	HKNPDCAD_04982	1011	exact
TH2	gene_MJIDPBFG_01832	HKNPDCAD_04981	786	exact
TH2	gene_MJIDPBFG_01833	HKNPDCAD_04980	756	exact
TH2	gene_MJIDPBFG_01834	HKNPDCAD_04979	987	exact
TH2	gene_MJIDPBFG_01835		615	no exact sequence match
TH2	gene_MJIDPBFG_01836		606	no exact sequence match
TH2	gene_MJIDPBFG_01837	HKNPDCAD_04976	996	exact
TH2	gene_MJIDPBFG_01838	HKNPDCAD_04975	1443	exact
TH2	gene_MJIDPBFG_01839		261	no exact sequence match
TH2	gene_MJIDPBFG_01840	HKNPDCAD_04973	408	exact
TH2	gene_MJIDPBFG_01841		1476	no exact sequence match
TH2	gene_MJIDPBFG_01842	HKNPDCAD_04969	1812	exact
TH2	gene_MJIDPBFG_01843	HKNPDCAD_04968	549	exact
TH2	gene_MJIDPBFG_01844	HKNPDCAD_04967	1179	exact
TH2	gene_MJIDPBFG_01845	HKNPDCAD_04966	291	exact
TH2	gene_MJIDPBFG_01846	HKNPDCAD_04965	393	exact
TH2	gene_MJIDPBFG_01847	HKNPDCAD_04964	207	exact
TH2	gene_MJIDPBFG_01848	HKNPDCAD_04963	111	exact
TH2	gene_MJIDPBFG_01849	HKNPDCAD_04962	660	exact
TH2	gene_MJIDPBFG_01850		1611	no exact sequence match
TH2	gene_MJIDPBFG_01851		456	no exact sequence match
TH2	gene_MJIDPBFG_01852	HKNPDCAD_04960	663	exact
TH2	gene_MJIDPBFG_01853		138	no exact sequence match
TH2	gene_MJIDPBFG_01854		519	no exact sequence match
TH2	gene_MJIDPBFG_01855	HKNPDCAD_04958	231	exact
TH2	gene_MJIDPBFG_01856	HKNPDCAD_04957	375	exact
TH2	gene_MJIDPBFG_01857	HKNPDCAD_04956	702	exact
TH2	gene_MJIDPBFG_01858	HKNPDCAD_04955	171	exact
TH2	gene_MJIDPBFG_01859	HKNPDCAD_04954	354	exact
TH2	gene_MJIDPBFG_01860	HKNPDCAD_04953	672	exact
TH2	gene_MJIDPBFG_01861	HKNPDCAD_03535;HKNPDCAD_04952	888	exact
TH2	gene_MJIDPBFG_01862	HKNPDCAD_00002;HKNPDCAD_04951	327	exact
TH2	gene_MJIDPBFG_01863	HKNPDCAD_04950	276	exact
TH2	gene_MJIDPBFG_01864	HKNPDCAD_04949	237	exact
TH2	gene_MJIDPBFG_01865	HKNPDCAD_04948	1446	exact
TH2	gene_MJIDPBFG_01866	HKNPDCAD_04947	1923	exact
TH2	gene_MJIDPBFG_01867	HKNPDCAD_04946	714	exact
TH2	gene_MJIDPBFG_01868	HKNPDCAD_04945	1284	exact
TH2	gene_MJIDPBFG_01869	HKNPDCAD_04944	552	exact
TH2	gene_MJIDPBFG_01870	HKNPDCAD_04943	699	exact
TH2	gene_MJIDPBFG_01871	HKNPDCAD_04942	2049	exact
TH2	gene_MJIDPBFG_01872	HKNPDCAD_04941	882	exact
TH2	gene_MJIDPBFG_01873	HKNPDCAD_04940	1374	exact
TH2	gene_MJIDPBFG_01874	HKNPDCAD_04939	792	exact
TH2	gene_MJIDPBFG_01875	HKNPDCAD_04938	240	exact
TH2	gene_MJIDPBFG_01876	HKNPDCAD_04937	288	exact
TH2	gene_MJIDPBFG_01877	HKNPDCAD_04936	210	exact
TH2	gene_MJIDPBFG_01878		726	no exact sequence match
TH2	gene_MJIDPBFG_01879	HKNPDCAD_04934	567	exact
TH2	gene_MJIDPBFG_01880	HKNPDCAD_04933	459	exact
TH2	gene_MJIDPBFG_01881		906	no exact sequence match
TH2	gene_MJIDPBFG_01882	HKNPDCAD_04931	801	exact
TH2	gene_MJIDPBFG_01883	HKNPDCAD_04930	972	exact
TH2	gene_MJIDPBFG_01884	HKNPDCAD_04929	210	exact
TH2	gene_MJIDPBFG_01885	HKNPDCAD_04928	1557	exact
TH2	gene_MJIDPBFG_01886	HKNPDCAD_04927	1599	exact
TH2	gene_MJIDPBFG_01887	HKNPDCAD_04926	1365	exact
TH2	gene_MJIDPBFG_01888	HKNPDCAD_04925	579	exact
TH2	gene_MJIDPBFG_01889	HKNPDCAD_04924	1362	exact
TH2	gene_MJIDPBFG_01890	HKNPDCAD_04923	180	exact
TH2	gene_MJIDPBFG_01891	HKNPDCAD_04922	240	exact
TH2	gene_MJIDPBFG_01892	HKNPDCAD_04921	348	exact
TH2	gene_MJIDPBFG_01893		1605	no exact sequence match
TH2	gene_MJIDPBFG_01894		333	no exact sequence match
TH2	gene_MJIDPBFG_01895	HKNPDCAD_04918	696	exact
TH2	gene_MJIDPBFG_01896	HKNPDCAD_04917	582	exact
TH2	gene_MJIDPBFG_01897	HKNPDCAD_04916	1608	exact
TH2	gene_MJIDPBFG_01898	HKNPDCAD_04915	147	exact
TH2	gene_MJIDPBFG_01899	HKNPDCAD_04914	1116	exact
TH2	gene_MJIDPBFG_01900	HKNPDCAD_04913	966	exact
TH2	gene_MJIDPBFG_01901	HKNPDCAD_04912	1125	exact
TH2	gene_MJIDPBFG_01902	HKNPDCAD_04911	1431	exact
TH2	gene_MJIDPBFG_01903	HKNPDCAD_04910	1086	exact
TH2	gene_MJIDPBFG_01904	HKNPDCAD_04909	924	exact
TH2	gene_MJIDPBFG_01905	HKNPDCAD_04908	639	exact
TH2	gene_MJIDPBFG_01906		360	no exact sequence match
TH2	gene_MJIDPBFG_01907	HKNPDCAD_04905	183	exact
TH2	gene_MJIDPBFG_01908	HKNPDCAD_04904	249	exact
TH2	gene_MJIDPBFG_01909	HKNPDCAD_04903	1026	exact
TH2	gene_MJIDPBFG_01910	HKNPDCAD_04902	255	exact
TH2	gene_MJIDPBFG_01911	HKNPDCAD_04901	348	exact
TH2	gene_MJIDPBFG_01912		597	no exact sequence match
TH2	gene_MJIDPBFG_01913		588	no exact sequence match
TH2	gene_MJIDPBFG_01914		819	no exact sequence match
TH2	gene_MJIDPBFG_01915	HKNPDCAD_04897	447	exact
TH2	gene_MJIDPBFG_01916	HKNPDCAD_04896	441	exact
TH2	gene_MJIDPBFG_01917	HKNPDCAD_04895	1491	exact
TH2	gene_MJIDPBFG_01918	HKNPDCAD_04894	1458	exact
TH2	gene_MJIDPBFG_01919	HKNPDCAD_04893	1284	exact
TH2	gene_MJIDPBFG_01920	HKNPDCAD_04892	1935	exact
TH2	gene_MJIDPBFG_01921	HKNPDCAD_04891	747	exact
TH2	gene_MJIDPBFG_01922		570	no exact sequence match
TH2	gene_MJIDPBFG_01923		285	no exact sequence match
TH2	gene_MJIDPBFG_01924	HKNPDCAD_04889	885	exact
TH2	gene_MJIDPBFG_01925	HKNPDCAD_04888	996	exact
TH2	gene_MJIDPBFG_01926	HKNPDCAD_04887	414	exact
TH2	gene_MJIDPBFG_01927	HKNPDCAD_04886	273	exact
TH2	gene_MJIDPBFG_01928	HKNPDCAD_04885	1077	exact
TH2	gene_MJIDPBFG_01929	HKNPDCAD_04884	1380	exact
TH2	gene_MJIDPBFG_01930	HKNPDCAD_04883	1044	exact
TH2	gene_MJIDPBFG_01931	HKNPDCAD_04882	837	exact
TH2	gene_MJIDPBFG_01932	HKNPDCAD_04881	948	exact
TH2	gene_MJIDPBFG_01933		471	no exact sequence match
TH2	gene_MJIDPBFG_01934		525	no exact sequence match
TH2	gene_MJIDPBFG_01935	HKNPDCAD_04879	759	exact
TH2	gene_MJIDPBFG_01936		531	no exact sequence match
TH2	gene_MJIDPBFG_01937		828	no exact sequence match
TH2	gene_MJIDPBFG_01938	HKNPDCAD_04877	642	exact
TH2	gene_MJIDPBFG_01939	HKNPDCAD_04876	1017	exact
TH2	gene_MJIDPBFG_01940	HKNPDCAD_04875	1857	exact
TH2	gene_MJIDPBFG_01941		147	no exact sequence match
TH2	gene_MJIDPBFG_01942		408	no exact sequence match
TH2	gene_MJIDPBFG_01943	HKNPDCAD_04873	744	exact
TH2	gene_MJIDPBFG_01944		1956	no exact sequence match
TH2	gene_MJIDPBFG_01945		357	no exact sequence match
TH2	gene_MJIDPBFG_01946	HKNPDCAD_04871	687	exact
TH2	gene_MJIDPBFG_01947	HKNPDCAD_04870	1344	exact
TH2	gene_MJIDPBFG_01948	HKNPDCAD_04869	273	exact
TH2	gene_MJIDPBFG_01949	HKNPDCAD_04868	408	exact
TH2	gene_MJIDPBFG_01950		462	no exact sequence match
TH2	gene_MJIDPBFG_01951		1272	no exact sequence match
TH2	gene_MJIDPBFG_01952	HKNPDCAD_04864	654	exact
TH2	gene_MJIDPBFG_01953	HKNPDCAD_04863	1536	exact
TH2	gene_MJIDPBFG_01954	HKNPDCAD_04862	288	exact
TH2	gene_MJIDPBFG_01955		882	no exact sequence match
TH2	gene_MJIDPBFG_01956	HKNPDCAD_04860	549	exact
TH2	gene_MJIDPBFG_01957	HKNPDCAD_04859	705	exact
TH2	gene_MJIDPBFG_01958	HKNPDCAD_04858	678	exact
TH2	gene_MJIDPBFG_01959	HKNPDCAD_04857	711	exact
TH2	gene_MJIDPBFG_01960	HKNPDCAD_04856	807	exact
TH2	gene_MJIDPBFG_01961	HKNPDCAD_04855	1221	exact
TH2	gene_MJIDPBFG_01962	HKNPDCAD_04854	1035	exact
TH2	gene_MJIDPBFG_01963	HKNPDCAD_04853	1479	exact
TH2	gene_MJIDPBFG_01964	HKNPDCAD_04852	1344	exact
TH2	gene_MJIDPBFG_01965	HKNPDCAD_04851	969	exact
TH2	gene_MJIDPBFG_01966	HKNPDCAD_04850	981	exact
TH2	gene_MJIDPBFG_01967	HKNPDCAD_04849	486	exact
TH2	gene_MJIDPBFG_01968	HKNPDCAD_04848	576	exact
TH2	gene_MJIDPBFG_01969	HKNPDCAD_04847	888	exact
TH2	gene_MJIDPBFG_01970	HKNPDCAD_04846	828	exact
TH2	gene_MJIDPBFG_01971	HKNPDCAD_04845	339	exact
TH2	gene_MJIDPBFG_01972	HKNPDCAD_04844	321	exact
TH2	gene_MJIDPBFG_01973	HKNPDCAD_04843	1359	exact
TH2	gene_MJIDPBFG_01974	HKNPDCAD_04842	351	exact
TH2	gene_MJIDPBFG_01975	HKNPDCAD_04841	840	exact
TH2	gene_MJIDPBFG_01976		1362	no exact sequence match
TH2	gene_MJIDPBFG_01977	HKNPDCAD_04839	750	exact
TH2	gene_MJIDPBFG_01978	HKNPDCAD_04838	2262	exact
TH2	gene_MJIDPBFG_01979	HKNPDCAD_04837	264	exact
TH2	gene_MJIDPBFG_01980	HKNPDCAD_04836	783	exact
TH2	gene_MJIDPBFG_01981	HKNPDCAD_04835	1392	exact
TH2	gene_MJIDPBFG_01982	HKNPDCAD_04834	591	exact
TH2	gene_MJIDPBFG_01983	HKNPDCAD_04833	669	exact
TH2	gene_MJIDPBFG_01984	HKNPDCAD_04832	537	exact
TH2	gene_MJIDPBFG_01985	HKNPDCAD_04831	861	exact
TH2	gene_MJIDPBFG_01986	HKNPDCAD_04830	291	exact
TH2	gene_MJIDPBFG_01987	HKNPDCAD_04829	930	exact
TH2	gene_MJIDPBFG_01988		792	no exact sequence match
TH2	gene_MJIDPBFG_01989	HKNPDCAD_04827	108	exact
TH2	gene_MJIDPBFG_01990	HKNPDCAD_04826	1416	exact
TH2	gene_MJIDPBFG_01991	HKNPDCAD_04825	459	exact
TH2	gene_MJIDPBFG_01992	HKNPDCAD_04824	1929	exact
TH2	gene_MJIDPBFG_01993	HKNPDCAD_04823	435	exact
TH2	gene_MJIDPBFG_01994		198	no exact sequence match
TH2	gene_MJIDPBFG_01995		357	no exact sequence match
TH2	gene_MJIDPBFG_01996		213	no exact sequence match
TH2	gene_MJIDPBFG_01997	HKNPDCAD_04820	984	exact
TH2	gene_MJIDPBFG_01998	HKNPDCAD_04819	2388	exact
TH2	gene_MJIDPBFG_01999		300	no exact sequence match
TH2	gene_MJIDPBFG_02000	HKNPDCAD_04817	981	exact
TH2	gene_MJIDPBFG_02001	HKNPDCAD_04816	267	exact
TH2	gene_MJIDPBFG_02002	HKNPDCAD_04815	294	exact
TH2	gene_MJIDPBFG_02003	HKNPDCAD_04814	750	exact
TH2	gene_MJIDPBFG_02004	HKNPDCAD_04813	465	exact
TH2	gene_MJIDPBFG_02005		618	no exact sequence match
TH2	gene_MJIDPBFG_02006	HKNPDCAD_04811	1437	exact
TH2	gene_MJIDPBFG_02007	HKNPDCAD_04810	192	exact
TH2	gene_MJIDPBFG_02008	HKNPDCAD_04809	1047	exact
TH2	gene_MJIDPBFG_02009	HKNPDCAD_04808	834	exact
TH2	gene_MJIDPBFG_02010		882	no exact sequence match
TH2	gene_MJIDPBFG_02011		1485	no exact sequence match
TH2	gene_MJIDPBFG_02012	HKNPDCAD_04806	1647	exact
TH2	gene_MJIDPBFG_02013	HKNPDCAD_04805	294	exact
TH2	gene_MJIDPBFG_02014	HKNPDCAD_04804	1290	exact
TH2	gene_MJIDPBFG_02015	HKNPDCAD_04803	939	exact
TH2	gene_MJIDPBFG_02016	HKNPDCAD_04802	765	exact
TH2	gene_MJIDPBFG_02017		108	no exact sequence match
TH2	gene_MJIDPBFG_02018	HKNPDCAD_04800	912	exact
TH2	gene_MJIDPBFG_02019	HKNPDCAD_04799	1152	exact
TH2	gene_MJIDPBFG_02020	HKNPDCAD_04798	1596	exact
TH2	gene_MJIDPBFG_02021	HKNPDCAD_04797	759	exact
TH2	gene_MJIDPBFG_02022	HKNPDCAD_04796	867	exact
TH2	gene_MJIDPBFG_02023		234	no exact sequence match
TH2	gene_MJIDPBFG_02024		1035	no exact sequence match
TH2	gene_MJIDPBFG_02025	HKNPDCAD_04794	1215	exact
TH2	gene_MJIDPBFG_02026	HKNPDCAD_04793	357	exact
TH2	gene_MJIDPBFG_02027		606	no exact sequence match
TH2	gene_MJIDPBFG_02028		507	no exact sequence match
TH2	gene_MJIDPBFG_02029	HKNPDCAD_04791	321	exact
TH2	gene_MJIDPBFG_02030	HKNPDCAD_04790	2463	exact
TH2	gene_MJIDPBFG_02031	HKNPDCAD_04789	411	exact
TH2	gene_MJIDPBFG_02032	HKNPDCAD_04788	189	exact
TH2	gene_MJIDPBFG_02033	HKNPDCAD_04787	369	exact
TH2	gene_MJIDPBFG_02034	HKNPDCAD_04786	1488	exact
TH2	gene_MJIDPBFG_02035	HKNPDCAD_04785	747	exact
TH2	gene_MJIDPBFG_02036	HKNPDCAD_04784	1272	exact
TH2	gene_MJIDPBFG_02037	HKNPDCAD_04783	1221	exact
TH2	gene_MJIDPBFG_02038		417	no exact sequence match
TH2	gene_MJIDPBFG_02039	HKNPDCAD_04781	1005	exact
TH2	gene_MJIDPBFG_02040	HKNPDCAD_04780	237	exact
TH2	gene_MJIDPBFG_02041	HKNPDCAD_04779	1413	exact
TH2	gene_MJIDPBFG_02042	HKNPDCAD_04778	210	exact
TH2	gene_MJIDPBFG_02043	HKNPDCAD_04777	627	exact
TH2	gene_MJIDPBFG_02044		228	no exact sequence match
TH2	gene_MJIDPBFG_02045		1821	no exact sequence match
TH2	gene_MJIDPBFG_02046	HKNPDCAD_04775	639	exact
TH2	gene_MJIDPBFG_02047	HKNPDCAD_04774	669	exact
TH2	gene_MJIDPBFG_02048		792	no exact sequence match
TH2	gene_MJIDPBFG_02049		813	no exact sequence match
TH2	gene_MJIDPBFG_02050	HKNPDCAD_04770	354	exact
TH2	gene_MJIDPBFG_02051		1101	no exact sequence match
TH2	gene_MJIDPBFG_02052	HKNPDCAD_04768	306	exact
TH2	gene_MJIDPBFG_02055	HKNPDCAD_04765	1257	exact
TH2	gene_MJIDPBFG_02056	HKNPDCAD_04764	1374	exact
TH2	gene_MJIDPBFG_02057		576	no exact sequence match
TH2	gene_MJIDPBFG_02058	HKNPDCAD_04762	1149	exact
TH2	gene_MJIDPBFG_02059	HKNPDCAD_04761	516	exact
TH2	gene_MJIDPBFG_02060	HKNPDCAD_04760	669	exact
TH2	gene_MJIDPBFG_02061	HKNPDCAD_04759	933	exact
TH2	gene_MJIDPBFG_02062	HKNPDCAD_04758	699	exact
TH2	gene_MJIDPBFG_02063		162	no exact sequence match
TH2	gene_MJIDPBFG_02064	HKNPDCAD_04756	90	exact
TH2	gene_MJIDPBFG_02065	HKNPDCAD_04755	1170	exact
TH2	gene_MJIDPBFG_02066	HKNPDCAD_04754	582	exact
TH2	gene_MJIDPBFG_02067	HKNPDCAD_04753	816	exact
TH2	gene_MJIDPBFG_02068	HKNPDCAD_04752	348	exact
TH2	gene_MJIDPBFG_02069	HKNPDCAD_04751	636	exact
TH2	gene_MJIDPBFG_02070		1677	no exact sequence match
TH2	gene_MJIDPBFG_02071	HKNPDCAD_04749	669	exact
TH2	gene_MJIDPBFG_02072		1308	no exact sequence match
TH2	gene_MJIDPBFG_02073	HKNPDCAD_04746	648	exact
TH2	gene_MJIDPBFG_02074	HKNPDCAD_04745	408	exact
TH2	gene_MJIDPBFG_02075		918	no exact sequence match
TH2	gene_MJIDPBFG_02076	HKNPDCAD_04743	600	exact
TH2	gene_MJIDPBFG_02077	HKNPDCAD_04742	240	exact
TH2	gene_MJIDPBFG_02078	HKNPDCAD_04741	897	exact
TH2	gene_MJIDPBFG_02079		330	no exact sequence match
TH2	gene_MJIDPBFG_02080		1716	no exact sequence match
TH2	gene_MJIDPBFG_02081		294	no exact sequence match
TH2	gene_MJIDPBFG_02082	HKNPDCAD_04738	858	exact
TH2	gene_MJIDPBFG_02083	HKNPDCAD_04737	237	exact
TH2	gene_MJIDPBFG_02084	HKNPDCAD_04736	435	exact
TH2	gene_MJIDPBFG_02085	HKNPDCAD_04735	468	exact
TH2	gene_MJIDPBFG_02086	HKNPDCAD_04734	1110	exact
TH2	gene_MJIDPBFG_02087	HKNPDCAD_04733	324	exact
TH2	gene_MJIDPBFG_02088	HKNPDCAD_04732	657	exact
TH2	gene_MJIDPBFG_02089	HKNPDCAD_04731	1275	exact
TH2	gene_MJIDPBFG_02090	HKNPDCAD_04730	861	exact
TH2	gene_MJIDPBFG_02091	HKNPDCAD_04729	606	exact
TH2	gene_MJIDPBFG_02092	HKNPDCAD_04728	1503	exact
TH2	gene_MJIDPBFG_02093	HKNPDCAD_04727	201	exact
TH2	gene_MJIDPBFG_02094		636	no exact sequence match
TH2	gene_MJIDPBFG_02095	HKNPDCAD_04725	696	exact
TH2	gene_MJIDPBFG_02096	HKNPDCAD_04724	621	exact
TH2	gene_MJIDPBFG_02097	HKNPDCAD_04723	765	exact
TH2	gene_MJIDPBFG_02098		327	no exact sequence match
TH2	gene_MJIDPBFG_02099	HKNPDCAD_04721	2151	exact
TH2	gene_MJIDPBFG_02100	HKNPDCAD_04720	141	exact
TH2	gene_MJIDPBFG_02101	HKNPDCAD_04719	579	exact
TH2	gene_MJIDPBFG_02102	HKNPDCAD_04718	582	exact
TH2	gene_MJIDPBFG_02103	HKNPDCAD_04717	441	exact
TH2	gene_MJIDPBFG_02104	HKNPDCAD_04716	216	exact
TH2	gene_MJIDPBFG_02105	HKNPDCAD_04715	1041	exact
TH2	gene_MJIDPBFG_02106	HKNPDCAD_04714	1002	exact
TH2	gene_MJIDPBFG_02107	HKNPDCAD_04713	1173	exact
TH2	gene_MJIDPBFG_02108	HKNPDCAD_04712	1593	exact
TH2	gene_MJIDPBFG_02109		1029	no exact sequence match
TH2	gene_MJIDPBFG_02110		255	no exact sequence match
TH2	gene_MJIDPBFG_02111		354	no exact sequence match
TH2	gene_MJIDPBFG_02112	HKNPDCAD_04708	579	exact
TH2	gene_MJIDPBFG_02113		1674	no exact sequence match
TH2	gene_MJIDPBFG_02114	HKNPDCAD_04706	1329	exact
TH2	gene_MJIDPBFG_02115		753	no exact sequence match
TH2	gene_MJIDPBFG_02116		516	no exact sequence match
TH2	gene_MJIDPBFG_02117	HKNPDCAD_04704	96	exact
TH2	gene_MJIDPBFG_02118	HKNPDCAD_04703	1509	exact
TH2	gene_MJIDPBFG_02119	HKNPDCAD_04702	1176	exact
TH2	gene_MJIDPBFG_02120	HKNPDCAD_04701	1647	exact
TH2	gene_MJIDPBFG_02121	HKNPDCAD_04700	1074	exact
TH2	gene_MJIDPBFG_02122	HKNPDCAD_04699	315	exact
TH2	gene_MJIDPBFG_02123	HKNPDCAD_04698	930	exact
TH2	gene_MJIDPBFG_02124	HKNPDCAD_04697	1098	exact
TH2	gene_MJIDPBFG_02125	HKNPDCAD_04696	198	exact
TH2	gene_MJIDPBFG_02126		720	no exact sequence match
TH2	gene_MJIDPBFG_02127	HKNPDCAD_04694	336	exact
TH2	gene_MJIDPBFG_02128	HKNPDCAD_04693	723	exact
TH2	gene_MJIDPBFG_02129	HKNPDCAD_04692	1383	exact
TH2	gene_MJIDPBFG_02130	HKNPDCAD_04691	945	exact
TH2	gene_MJIDPBFG_02131	HKNPDCAD_04690	1533	exact
TH2	gene_MJIDPBFG_02132	HKNPDCAD_04689	1389	exact
TH2	gene_MJIDPBFG_02133	HKNPDCAD_04688	276	exact
TH2	gene_MJIDPBFG_02134	HKNPDCAD_04687	810	exact
TH2	gene_MJIDPBFG_02135	HKNPDCAD_04686	366	exact
TH2	gene_MJIDPBFG_02136	HKNPDCAD_04685	330	exact
TH2	gene_MJIDPBFG_02137	HKNPDCAD_04684	822	exact
TH2	gene_MJIDPBFG_02138	HKNPDCAD_04683	309	exact
TH2	gene_MJIDPBFG_02139	HKNPDCAD_04682	1254	exact
TH2	gene_MJIDPBFG_02140	HKNPDCAD_04681	894	exact
TH2	gene_MJIDPBFG_02141	HKNPDCAD_04680	1221	exact
TH2	gene_MJIDPBFG_02142	HKNPDCAD_04679	696	exact
TH2	gene_MJIDPBFG_02143		1098	no exact sequence match
TH2	gene_MJIDPBFG_02144		165	no exact sequence match
TH2	gene_MJIDPBFG_02145	HKNPDCAD_04677	615	exact
TH2	gene_MJIDPBFG_02146	HKNPDCAD_04676	855	exact
TH2	gene_MJIDPBFG_02147	HKNPDCAD_04675	618	exact
TH2	gene_MJIDPBFG_02148	HKNPDCAD_04674	2397	exact
TH2	gene_MJIDPBFG_02149	HKNPDCAD_04673	1926	exact
TH2	gene_MJIDPBFG_02150	HKNPDCAD_04672	336	exact
TH2	gene_MJIDPBFG_02151	HKNPDCAD_04671	306	exact
TH2	gene_MJIDPBFG_02152	HKNPDCAD_04670	747	exact
TH2	gene_MJIDPBFG_02153	HKNPDCAD_04669	561	exact
TH2	gene_MJIDPBFG_02154	HKNPDCAD_04668	357	exact
TH2	gene_MJIDPBFG_02155	HKNPDCAD_04667	327	exact
TH2	gene_MJIDPBFG_02156	HKNPDCAD_04666	1215	exact
TH2	gene_MJIDPBFG_02157	HKNPDCAD_04665	1020	exact
TH2	gene_MJIDPBFG_02158	HKNPDCAD_04664	129	exact
TH2	gene_MJIDPBFG_02159		1119	no exact sequence match
TH2	gene_MJIDPBFG_02160		156	no exact sequence match
TH2	gene_MJIDPBFG_02161	HKNPDCAD_04662	237	exact
TH2	gene_MJIDPBFG_02162		1455	no exact sequence match
TH2	gene_MJIDPBFG_02163		975	no exact sequence match
TH2	gene_MJIDPBFG_02164	HKNPDCAD_04660	192	exact
TH2	gene_MJIDPBFG_02165	HKNPDCAD_04659	189	exact
TH2	gene_MJIDPBFG_02166	HKNPDCAD_04658	201	exact
TH2	gene_MJIDPBFG_02167	HKNPDCAD_04657	366	exact
TH2	gene_MJIDPBFG_02168	HKNPDCAD_04656	153	exact
TH2	gene_MJIDPBFG_02169	HKNPDCAD_04655	408	exact
TH2	gene_MJIDPBFG_02170	HKNPDCAD_04654	228	exact
TH2	gene_MJIDPBFG_02171	HKNPDCAD_04653	522	exact
TH2	gene_MJIDPBFG_02172	HKNPDCAD_04652	561	exact
TH2	gene_MJIDPBFG_02173	HKNPDCAD_04651	384	exact
TH2	gene_MJIDPBFG_02174	HKNPDCAD_04650	456	exact
TH2	gene_MJIDPBFG_02175	HKNPDCAD_04649	1041	exact
TH2	gene_MJIDPBFG_02176	HKNPDCAD_04648	729	exact
TH2	gene_MJIDPBFG_02177	HKNPDCAD_04647	213	exact
TH2	gene_MJIDPBFG_02178	HKNPDCAD_04646	252	exact
TH2	gene_MJIDPBFG_02179		723	no exact sequence match
TH2	gene_MJIDPBFG_02180		333	no exact sequence match
TH2	gene_MJIDPBFG_02181	HKNPDCAD_04644	237	exact
TH2	gene_MJIDPBFG_02182	HKNPDCAD_04643	525	exact
TH2	gene_MJIDPBFG_02183	HKNPDCAD_04642	960	exact
TH2	gene_MJIDPBFG_02184		714	no exact sequence match
TH2	gene_MJIDPBFG_02185	HKNPDCAD_04640	216	exact
TH2	gene_MJIDPBFG_02186	HKNPDCAD_04639	312	exact
TH2	gene_MJIDPBFG_02187	HKNPDCAD_04638	534	exact
TH2	gene_MJIDPBFG_02188	HKNPDCAD_04637	423	exact
TH2	gene_MJIDPBFG_02189	HKNPDCAD_04636	216	exact
TH2	gene_MJIDPBFG_02190	HKNPDCAD_04635	174	exact
TH2	gene_MJIDPBFG_02191	HKNPDCAD_04634	207	exact
TH2	gene_MJIDPBFG_02192	HKNPDCAD_04633	240	exact
TH2	gene_MJIDPBFG_02193	HKNPDCAD_04632	558	exact
TH2	gene_MJIDPBFG_02194		576	no exact sequence match
TH2	gene_MJIDPBFG_02195	HKNPDCAD_04630	591	exact
TH2	gene_MJIDPBFG_02196	HKNPDCAD_04629	234	exact
TH2	gene_MJIDPBFG_02197	HKNPDCAD_04628	1284	exact
TH2	gene_MJIDPBFG_02198	HKNPDCAD_04627	1461	exact
TH2	gene_MJIDPBFG_02199	HKNPDCAD_04626	204	exact
TH2	gene_MJIDPBFG_02200		450	no exact sequence match
TH2	gene_MJIDPBFG_02201		282	no exact sequence match
TH2	gene_MJIDPBFG_02202	HKNPDCAD_04624	621	exact
TH2	gene_MJIDPBFG_02203		948	no exact sequence match
TH2	gene_MJIDPBFG_02204		1146	no exact sequence match
TH2	gene_MJIDPBFG_02205	HKNPDCAD_04621	519	exact
TH2	gene_MJIDPBFG_02206		150	no exact sequence match
TH2	gene_MJIDPBFG_02207		246	no exact sequence match
TH2	gene_MJIDPBFG_02208	HKNPDCAD_04619	891	exact
TH2	gene_MJIDPBFG_02209	HKNPDCAD_04618	96	exact
TH2	gene_MJIDPBFG_02210	HKNPDCAD_04617	1188	exact
TH2	gene_MJIDPBFG_02211	HKNPDCAD_04616	900	exact
TH2	gene_MJIDPBFG_02212	HKNPDCAD_04615	219	exact
TH2	gene_MJIDPBFG_02213	HKNPDCAD_04614	384	exact
TH2	gene_MJIDPBFG_02214	HKNPDCAD_04613	435	exact
TH2	gene_MJIDPBFG_02215	HKNPDCAD_04612	321	exact
TH2	gene_MJIDPBFG_02216	HKNPDCAD_04611	285	exact
TH2	gene_MJIDPBFG_02217	HKNPDCAD_04610	666	exact
TH2	gene_MJIDPBFG_02218		777	no exact sequence match
TH2	gene_MJIDPBFG_02219		417	no exact sequence match
TH2	gene_MJIDPBFG_02220	HKNPDCAD_04608	1116	exact
TH2	gene_MJIDPBFG_02221		936	no exact sequence match
TH2	gene_MJIDPBFG_02222	HKNPDCAD_04606	1389	exact
TH2	gene_MJIDPBFG_02223		915	no exact sequence match
TH2	gene_MJIDPBFG_02224	HKNPDCAD_04604	360	exact
TH2	gene_MJIDPBFG_02225	HKNPDCAD_04603	1419	exact
TH2	gene_MJIDPBFG_02226	HKNPDCAD_04602	264	exact
TH2	gene_MJIDPBFG_02227	HKNPDCAD_04601	1113	exact
TH2	gene_MJIDPBFG_02228	HKNPDCAD_04600	915	exact
TH2	gene_MJIDPBFG_02229	HKNPDCAD_04599	759	exact
TH2	gene_MJIDPBFG_02230	HKNPDCAD_04598	291	exact
TH2	gene_MJIDPBFG_02231	HKNPDCAD_04597	876	exact
TH2	gene_MJIDPBFG_02232	HKNPDCAD_04596	162	exact
TH2	gene_MJIDPBFG_02233	HKNPDCAD_04595	864	exact
TH2	gene_MJIDPBFG_02234	HKNPDCAD_04594	993	exact
TH2	gene_MJIDPBFG_02235	HKNPDCAD_04593	1029	exact
TH2	gene_MJIDPBFG_02236	HKNPDCAD_04592	1536	exact
TH2	gene_MJIDPBFG_02237	HKNPDCAD_04591	888	exact
TH2	gene_MJIDPBFG_02238	HKNPDCAD_04590	1593	exact
TH2	gene_MJIDPBFG_02239	HKNPDCAD_04589	837	exact
TH2	gene_MJIDPBFG_02240		2463	no exact sequence match
TH2	gene_MJIDPBFG_02241		468	no exact sequence match
TH2	gene_MJIDPBFG_02242		1329	no exact sequence match
TH2	gene_MJIDPBFG_02243		1050	no exact sequence match
TH2	gene_MJIDPBFG_02244		1149	no exact sequence match
TH2	gene_MJIDPBFG_02245		225	no exact sequence match
TH2	gene_MJIDPBFG_02246		168	no exact sequence match
TH2	gene_MJIDPBFG_02247	HKNPDCAD_04582	504	exact
TH2	gene_MJIDPBFG_02248		915	no exact sequence match
TH2	gene_MJIDPBFG_02249		1440	no exact sequence match
TH2	gene_MJIDPBFG_02250	HKNPDCAD_04578	690	exact
TH2	gene_MJIDPBFG_02251	HKNPDCAD_04577	198	exact
TH2	gene_MJIDPBFG_02252	HKNPDCAD_04576	762	exact
TH2	gene_MJIDPBFG_02253	HKNPDCAD_04575	1683	exact
TH2	gene_MJIDPBFG_02254		1008	no exact sequence match
TH2	gene_MJIDPBFG_02255	HKNPDCAD_04573	1686	exact
TH2	gene_MJIDPBFG_02256		4794	no exact sequence match
TH2	gene_MJIDPBFG_02257	HKNPDCAD_04570	972	exact
TH2	gene_MJIDPBFG_02258	HKNPDCAD_04569	432	exact
TH2	gene_MJIDPBFG_02259	HKNPDCAD_04568	1536	exact
TH2	gene_MJIDPBFG_02260		1320	no exact sequence match
TH2	gene_MJIDPBFG_02261	HKNPDCAD_04566	1383	exact
TH2	gene_MJIDPBFG_02262	HKNPDCAD_00203	267	exact
TH2	gene_MJIDPBFG_02263		816	no exact sequence match
TH2	gene_MJIDPBFG_02264	HKNPDCAD_00205;HKNPDCAD_04564	1260	exact
TH2	gene_MJIDPBFG_02265	HKNPDCAD_00206;HKNPDCAD_04563	582	exact
TH2	gene_MJIDPBFG_02266	HKNPDCAD_00207;HKNPDCAD_04562	1551	exact
TH2	gene_MJIDPBFG_02267	HKNPDCAD_00208	1023	exact
TH2	gene_MJIDPBFG_02268	HKNPDCAD_00209;HKNPDCAD_04559	897	exact
TH2	gene_MJIDPBFG_02269	HKNPDCAD_04558	987	exact
TH2	gene_MJIDPBFG_02270		927	no exact sequence match
TH2	gene_MJIDPBFG_02271	HKNPDCAD_04556	432	exact
TH2	gene_MJIDPBFG_02272	HKNPDCAD_04555	216	exact
TH2	gene_MJIDPBFG_02273	HKNPDCAD_00215;HKNPDCAD_04554	138	exact
TH2	gene_MJIDPBFG_02274		1698	no exact sequence match
TH2	gene_MJIDPBFG_02275	HKNPDCAD_00218	1011	exact
TH2	gene_MJIDPBFG_02276	HKNPDCAD_00219;HKNPDCAD_04549	285	exact
TH2	gene_MJIDPBFG_02277	HKNPDCAD_00220;HKNPDCAD_04548	654	exact
TH2	gene_MJIDPBFG_02278	HKNPDCAD_04547	885	exact
TH2	gene_MJIDPBFG_02279	HKNPDCAD_00223;HKNPDCAD_04546	2412	exact
TH2	gene_MJIDPBFG_02280	HKNPDCAD_00224;HKNPDCAD_04545	588	exact
TH2	gene_MJIDPBFG_02281	HKNPDCAD_00225;HKNPDCAD_04544	825	exact
TH2	gene_MJIDPBFG_02282	HKNPDCAD_00226;HKNPDCAD_04543	291	exact
TH2	gene_MJIDPBFG_02283	HKNPDCAD_00227;HKNPDCAD_04542	921	exact
TH2	gene_MJIDPBFG_02284	HKNPDCAD_04541	336	exact
TH2	gene_MJIDPBFG_02285		1389	no exact sequence match
TH2	gene_MJIDPBFG_02286	HKNPDCAD_04538	3741	exact
TH2	gene_MJIDPBFG_02287	HKNPDCAD_04537	1545	exact
TH2	gene_MJIDPBFG_02288	HKNPDCAD_04536	696	exact
TH2	gene_MJIDPBFG_02289	HKNPDCAD_04535	681	exact
TH2	gene_MJIDPBFG_02290	HKNPDCAD_04534	894	exact
TH2	gene_MJIDPBFG_02291	HKNPDCAD_04533	846	exact
TH2	gene_MJIDPBFG_02292	HKNPDCAD_04532	570	exact
TH2	gene_MJIDPBFG_02293	HKNPDCAD_04531	234	exact
TH2	gene_MJIDPBFG_02294	HKNPDCAD_04530	1137	exact
TH2	gene_MJIDPBFG_02295	HKNPDCAD_04529	747	exact
TH2	gene_MJIDPBFG_02296		483	no exact sequence match
TH2	gene_MJIDPBFG_02297		1788	no exact sequence match
TH2	gene_MJIDPBFG_02298	HKNPDCAD_04526	876	exact
TH2	gene_MJIDPBFG_02299	HKNPDCAD_04525	504	exact
TH2	gene_MJIDPBFG_02300		2109	no exact sequence match
TH2	gene_MJIDPBFG_02301	HKNPDCAD_04522	213	exact
TH2	gene_MJIDPBFG_02302	HKNPDCAD_04521	618	exact
TH2	gene_MJIDPBFG_02303	HKNPDCAD_04520	1500	exact
TH2	gene_MJIDPBFG_02304	HKNPDCAD_04519	1062	exact
TH2	gene_MJIDPBFG_02305		978	no exact sequence match
TH2	gene_MJIDPBFG_02306		1128	no exact sequence match
TH2	gene_MJIDPBFG_02307	HKNPDCAD_04517	666	exact
TH2	gene_MJIDPBFG_02308	HKNPDCAD_04516	1038	exact
TH2	gene_MJIDPBFG_02309	HKNPDCAD_04515	519	exact
TH2	gene_MJIDPBFG_02310	HKNPDCAD_04514	450	exact
TH2	gene_MJIDPBFG_02311	HKNPDCAD_04513	234	exact
TH2	gene_MJIDPBFG_02312	HKNPDCAD_04512	174	exact
TH2	gene_MJIDPBFG_02313	HKNPDCAD_04511	810	exact
TH2	gene_MJIDPBFG_02314		1425	no exact sequence match
TH2	gene_MJIDPBFG_02315	HKNPDCAD_04509	795	exact
TH2	gene_MJIDPBFG_02316		558	no exact sequence match
TH2	gene_MJIDPBFG_02317		384	no exact sequence match
TH2	gene_MJIDPBFG_02318	HKNPDCAD_04507	1014	exact
TH2	gene_MJIDPBFG_02319		204	no exact sequence match
TH2	gene_MJIDPBFG_02320		990	no exact sequence match
TH2	gene_MJIDPBFG_02321	HKNPDCAD_04505	615	exact
TH2	gene_MJIDPBFG_02322	HKNPDCAD_04504	822	exact
TH2	gene_MJIDPBFG_02323	HKNPDCAD_04503	438	exact
TH2	gene_MJIDPBFG_02324	HKNPDCAD_04502	177	exact
TH2	gene_MJIDPBFG_02325	HKNPDCAD_04501	171	exact
TH2	gene_MJIDPBFG_02326	HKNPDCAD_04500	2004	exact
TH2	gene_MJIDPBFG_02327	HKNPDCAD_04499	192	exact
TH2	gene_MJIDPBFG_02328	HKNPDCAD_04498	363	exact
TH2	gene_MJIDPBFG_02329	HKNPDCAD_04497	948	exact
TH2	gene_MJIDPBFG_02330	HKNPDCAD_04496	246	exact
TH2	gene_MJIDPBFG_02331	HKNPDCAD_04495	1149	exact
TH2	gene_MJIDPBFG_02332	HKNPDCAD_04494	669	exact
TH2	gene_MJIDPBFG_02333	HKNPDCAD_04493	594	exact
TH2	gene_MJIDPBFG_02334	HKNPDCAD_04492	993	exact
TH2	gene_MJIDPBFG_02335	HKNPDCAD_04491	981	exact
TH2	gene_MJIDPBFG_02336	HKNPDCAD_04490	540	exact
TH2	gene_MJIDPBFG_02337	HKNPDCAD_04489	225	exact
TH2	gene_MJIDPBFG_02338		1620	no exact sequence match
TH2	gene_MJIDPBFG_02339	HKNPDCAD_04486	1344	exact
TH2	gene_MJIDPBFG_02340	HKNPDCAD_04485	1020	exact
TH2	gene_MJIDPBFG_02341	HKNPDCAD_04484	1641	exact
TH2	gene_MJIDPBFG_02342	HKNPDCAD_04483	150	exact
TH2	gene_MJIDPBFG_02343		180	no exact sequence match
TH2	gene_MJIDPBFG_02344	HKNPDCAD_04481	531	exact
TH2	gene_MJIDPBFG_02345	HKNPDCAD_04480	117	exact
TH2	gene_MJIDPBFG_02346	HKNPDCAD_04479	378	exact
TH2	gene_MJIDPBFG_02347	HKNPDCAD_04478	252	exact
TH2	gene_MJIDPBFG_02348	HKNPDCAD_04477	660	exact
TH2	gene_MJIDPBFG_02349	HKNPDCAD_04476	369	exact
TH2	gene_MJIDPBFG_02350	HKNPDCAD_04475	435	exact
TH2	gene_MJIDPBFG_02351	HKNPDCAD_04474	801	exact
TH2	gene_MJIDPBFG_02352	HKNPDCAD_04473	1455	exact
TH2	gene_MJIDPBFG_02353		2505	no exact sequence match
TH2	gene_MJIDPBFG_02354	HKNPDCAD_04470	606	exact
TH2	gene_MJIDPBFG_02355	HKNPDCAD_04469	1269	exact
TH2	gene_MJIDPBFG_02356	HKNPDCAD_04468	1158	exact
TH2	gene_MJIDPBFG_02357	HKNPDCAD_04467	573	exact
TH2	gene_MJIDPBFG_02358		909	no exact sequence match
TH2	gene_MJIDPBFG_02359	HKNPDCAD_04465	606	exact
TH2	gene_MJIDPBFG_02360		426	no exact sequence match
TH2	gene_MJIDPBFG_02361		1365	no exact sequence match
TH2	gene_MJIDPBFG_02362		495	no exact sequence match
TH2	gene_MJIDPBFG_02363		741	no exact sequence match
TH2	gene_MJIDPBFG_02364	HKNPDCAD_04461	117	exact
TH2	gene_MJIDPBFG_02365	HKNPDCAD_04460	591	exact
TH2	gene_MJIDPBFG_02366	HKNPDCAD_04459	951	exact
TH2	gene_MJIDPBFG_02367		1314	no exact sequence match
TH2	gene_MJIDPBFG_02368	HKNPDCAD_04456	1206	exact
TH2	gene_MJIDPBFG_02369	HKNPDCAD_04455	423	exact
TH2	gene_MJIDPBFG_02370	HKNPDCAD_04454	786	exact
TH2	gene_MJIDPBFG_02371	HKNPDCAD_04453	198	exact
TH2	gene_MJIDPBFG_02372	HKNPDCAD_04452	402	exact
TH2	gene_MJIDPBFG_02373	HKNPDCAD_04451	309	exact
TH2	gene_MJIDPBFG_02374	HKNPDCAD_04450	417	exact
TH2	gene_MJIDPBFG_02375	HKNPDCAD_04449	768	exact
TH2	gene_MJIDPBFG_02376		1071	no exact sequence match
TH2	gene_MJIDPBFG_02377		498	no exact sequence match
TH2	gene_MJIDPBFG_02378	HKNPDCAD_04447	747	exact
TH2	gene_MJIDPBFG_02379	HKNPDCAD_04446	288	exact
TH2	gene_MJIDPBFG_02380	HKNPDCAD_04445	930	exact
TH2	gene_MJIDPBFG_02381	HKNPDCAD_04444	2046	exact
TH2	gene_MJIDPBFG_02382		2274	no exact sequence match
TH2	gene_MJIDPBFG_02383	HKNPDCAD_04441	1500	exact
TH2	gene_MJIDPBFG_02384	HKNPDCAD_04440	906	exact
TH2	gene_MJIDPBFG_02385	HKNPDCAD_04439	327	exact
TH2	gene_MJIDPBFG_02386	HKNPDCAD_04438	186	exact
TH2	gene_MJIDPBFG_02387	HKNPDCAD_04437	2640	exact
TH2	gene_MJIDPBFG_02388		813	no exact sequence match
TH2	gene_MJIDPBFG_02389	HKNPDCAD_04435	423	exact
TH2	gene_MJIDPBFG_02390	HKNPDCAD_04434	267	exact
TH2	gene_MJIDPBFG_02391		3525	no exact sequence match
TH2	gene_MJIDPBFG_02392	HKNPDCAD_04431	1134	exact
TH2	gene_MJIDPBFG_02393	HKNPDCAD_04430	435	exact
TH2	gene_MJIDPBFG_02394	HKNPDCAD_04429	936	exact
TH2	gene_MJIDPBFG_02395	HKNPDCAD_04428	192	exact
TH2	gene_MJIDPBFG_02396	HKNPDCAD_04427	1203	exact
TH2	gene_MJIDPBFG_02397	HKNPDCAD_04426	174	exact
TH2	gene_MJIDPBFG_02398	HKNPDCAD_04425	984	exact
TH2	gene_MJIDPBFG_02399	HKNPDCAD_04424	1233	exact
TH2	gene_MJIDPBFG_02400	HKNPDCAD_04423	564	exact
TH2	gene_MJIDPBFG_02401	HKNPDCAD_04422	516	exact
TH2	gene_MJIDPBFG_02402	HKNPDCAD_04421	753	exact
TH2	gene_MJIDPBFG_02403	HKNPDCAD_04420	951	exact
TH2	gene_MJIDPBFG_02404	HKNPDCAD_04419	258	exact
TH2	gene_MJIDPBFG_02405	HKNPDCAD_04418	1032	exact
TH2	gene_MJIDPBFG_02406	HKNPDCAD_04417	1614	exact
TH2	gene_MJIDPBFG_02407		774	no exact sequence match
TH2	gene_MJIDPBFG_02408	HKNPDCAD_04415	921	exact
TH2	gene_MJIDPBFG_02409	HKNPDCAD_04414	183	exact
TH2	gene_MJIDPBFG_02410	HKNPDCAD_04413	729	exact
TH2	gene_MJIDPBFG_02411	HKNPDCAD_04412	966	exact
TH2	gene_MJIDPBFG_02412		417	no exact sequence match
TH2	gene_MJIDPBFG_02413	HKNPDCAD_04410	1542	exact
TH2	gene_MJIDPBFG_02414	HKNPDCAD_04409	1062	exact
TH2	gene_MJIDPBFG_02415	HKNPDCAD_04408	1398	exact
TH2	gene_MJIDPBFG_02416	HKNPDCAD_04407	999	exact
TH2	gene_MJIDPBFG_02417	HKNPDCAD_04406	906	exact
TH2	gene_MJIDPBFG_02418	HKNPDCAD_04405	1083	exact
TH2	gene_MJIDPBFG_02419	HKNPDCAD_04404	660	exact
TH2	gene_MJIDPBFG_02420	HKNPDCAD_04403	2268	exact
TH2	gene_MJIDPBFG_02421	HKNPDCAD_04402	1056	exact
TH2	gene_MJIDPBFG_02422	HKNPDCAD_04401	789	exact
TH2	gene_MJIDPBFG_02423	HKNPDCAD_04400	1053	exact
TH2	gene_MJIDPBFG_02424	HKNPDCAD_04399	843	exact
TH2	gene_MJIDPBFG_02425	HKNPDCAD_04398	882	exact
TH2	gene_MJIDPBFG_02426	HKNPDCAD_04397	1293	exact
TH2	gene_MJIDPBFG_02427	HKNPDCAD_04396	1284	exact
TH2	gene_MJIDPBFG_02428	HKNPDCAD_04395	375	exact
TH2	gene_MJIDPBFG_02429	HKNPDCAD_04394	315	exact
TH2	gene_MJIDPBFG_02430	HKNPDCAD_04393	222	exact
TH2	gene_MJIDPBFG_02431	HKNPDCAD_04392	360	exact
TH2	gene_MJIDPBFG_02432	HKNPDCAD_04391	225	exact
TH2	gene_MJIDPBFG_02433		348	no exact sequence match
TH2	gene_MJIDPBFG_02434		273	no exact sequence match
TH2	gene_MJIDPBFG_02435	HKNPDCAD_04389	978	exact
TH2	gene_MJIDPBFG_02436	HKNPDCAD_04388	1266	exact
TH2	gene_MJIDPBFG_02437		1281	no exact sequence match
TH2	gene_MJIDPBFG_02438	HKNPDCAD_04385	1488	exact
TH2	gene_MJIDPBFG_02439	HKNPDCAD_04384	558	exact
TH2	gene_MJIDPBFG_02440	HKNPDCAD_04383	537	exact
TH2	gene_MJIDPBFG_02441	HKNPDCAD_04382	1419	exact
TH2	gene_MJIDPBFG_02442	HKNPDCAD_04381	1386	exact
TH2	gene_MJIDPBFG_02443	HKNPDCAD_04380	246	exact
TH2	gene_MJIDPBFG_02444	HKNPDCAD_04379	597	exact
TH2	gene_MJIDPBFG_02445		1074	no exact sequence match
TH2	gene_MJIDPBFG_02446	HKNPDCAD_04377	153	exact
TH2	gene_MJIDPBFG_02447	HKNPDCAD_04376	834	exact
TH2	gene_MJIDPBFG_02448	HKNPDCAD_04375	891	exact
TH2	gene_MJIDPBFG_02449	HKNPDCAD_04374	993	exact
TH2	gene_MJIDPBFG_02450	HKNPDCAD_04373	807	exact
TH2	gene_MJIDPBFG_02451	HKNPDCAD_04372	351	exact
TH2	gene_MJIDPBFG_02452	HKNPDCAD_04371	789	exact
TH2	gene_MJIDPBFG_02453	HKNPDCAD_04370	1128	exact
TH2	gene_MJIDPBFG_02454	HKNPDCAD_04369	1935	exact
TH2	gene_MJIDPBFG_02455	HKNPDCAD_04368	1986	exact
TH2	gene_MJIDPBFG_02456	HKNPDCAD_04367	174	exact
TH2	gene_MJIDPBFG_02457	HKNPDCAD_04366	450	exact
TH2	gene_MJIDPBFG_02458	HKNPDCAD_04365	315	exact
TH2	gene_MJIDPBFG_02459	HKNPDCAD_04364	219	exact
TH2	gene_MJIDPBFG_02460	HKNPDCAD_04363	327	exact
TH2	gene_MJIDPBFG_02461	HKNPDCAD_04362	798	exact
TH2	gene_MJIDPBFG_02462	HKNPDCAD_04361	516	exact
TH2	gene_MJIDPBFG_02463	HKNPDCAD_04360	654	exact
TH2	gene_MJIDPBFG_02464	HKNPDCAD_04359	309	exact
TH2	gene_MJIDPBFG_02465	HKNPDCAD_04358	765	exact
TH2	gene_MJIDPBFG_02466	HKNPDCAD_04357	591	exact
TH2	gene_MJIDPBFG_02467	HKNPDCAD_04356	465	exact
TH2	gene_MJIDPBFG_02468	HKNPDCAD_04355	2214	exact
TH2	gene_MJIDPBFG_02469	HKNPDCAD_04354	96	exact
TH2	gene_MJIDPBFG_02470	HKNPDCAD_04353	168	exact
TH2	gene_MJIDPBFG_02471	HKNPDCAD_04352	129	exact
TH2	gene_MJIDPBFG_02472		975	no exact sequence match
TH2	gene_MJIDPBFG_02473		1692	no exact sequence match
TH2	gene_MJIDPBFG_02474		915	no exact sequence match
TH2	gene_MJIDPBFG_02475	HKNPDCAD_04347	252	exact
TH2	gene_MJIDPBFG_02476	HKNPDCAD_04346	1050	exact
TH2	gene_MJIDPBFG_02477	HKNPDCAD_04345	759	exact
TH2	gene_MJIDPBFG_02478		258	no exact sequence match
TH2	gene_MJIDPBFG_02479		333	no exact sequence match
TH2	gene_MJIDPBFG_02480	HKNPDCAD_04343	876	exact
TH2	gene_MJIDPBFG_02481	HKNPDCAD_04342	1896	exact
TH2	gene_MJIDPBFG_02482	HKNPDCAD_04341	621	exact
TH2	gene_MJIDPBFG_02483	HKNPDCAD_04340	882	exact
TH2	gene_MJIDPBFG_02484	HKNPDCAD_04339	402	exact
TH2	gene_MJIDPBFG_02485	HKNPDCAD_04338	207	exact
TH2	gene_MJIDPBFG_02486	HKNPDCAD_04337	864	exact
TH2	gene_MJIDPBFG_02487	HKNPDCAD_04336	1596	exact
TH2	gene_MJIDPBFG_02488	HKNPDCAD_04335	1224	exact
TH2	gene_MJIDPBFG_02489	HKNPDCAD_04334	1194	exact
TH2	gene_MJIDPBFG_02490	HKNPDCAD_04333	807	exact
TH2	gene_MJIDPBFG_02491	HKNPDCAD_04332	180	exact
TH2	gene_MJIDPBFG_02492	HKNPDCAD_04331	501	exact
TH2	gene_MJIDPBFG_02493	HKNPDCAD_04330	402	exact
TH2	gene_MJIDPBFG_02494	HKNPDCAD_04329	90	exact
TH2	gene_MJIDPBFG_02495	HKNPDCAD_04328	639	exact
TH2	gene_MJIDPBFG_02496	HKNPDCAD_04327	744	exact
TH2	gene_MJIDPBFG_02497	HKNPDCAD_04326	540	exact
TH2	gene_MJIDPBFG_02498	HKNPDCAD_04325	399	exact
TH2	gene_MJIDPBFG_02499		651	no exact sequence match
TH2	gene_MJIDPBFG_02500	HKNPDCAD_04323	297	exact
TH2	gene_MJIDPBFG_02501		1254	no exact sequence match
TH2	gene_MJIDPBFG_02502	HKNPDCAD_04320	585	exact
TH2	gene_MJIDPBFG_02503	HKNPDCAD_04319	876	exact
TH2	gene_MJIDPBFG_02504	HKNPDCAD_04318	330	exact
TH2	gene_MJIDPBFG_02505	HKNPDCAD_04317	1005	exact
TH2	gene_MJIDPBFG_02506	HKNPDCAD_04316	1014	exact
TH2	gene_MJIDPBFG_02507	HKNPDCAD_04315	909	exact
TH2	gene_MJIDPBFG_02508	HKNPDCAD_04314	921	exact
TH2	gene_MJIDPBFG_02509	HKNPDCAD_04313	1632	exact
TH2	gene_MJIDPBFG_02510	HKNPDCAD_04312	162	exact
TH2	gene_MJIDPBFG_02511	HKNPDCAD_04311	156	exact
TH2	gene_MJIDPBFG_02512	HKNPDCAD_04310	648	exact
TH2	gene_MJIDPBFG_02513		93	no exact sequence match
TH2	gene_MJIDPBFG_02514		2523	no exact sequence match
TH2	gene_MJIDPBFG_02515	HKNPDCAD_04308	186	exact
TH2	gene_MJIDPBFG_02516	HKNPDCAD_04307	231	exact
TH2	gene_MJIDPBFG_02517	HKNPDCAD_04306	591	exact
TH2	gene_MJIDPBFG_02518	HKNPDCAD_04305	618	exact
TH2	gene_MJIDPBFG_02519	HKNPDCAD_04304	414	exact
TH2	gene_MJIDPBFG_02520	HKNPDCAD_04303	909	exact
TH2	gene_MJIDPBFG_02521	HKNPDCAD_04302	1014	exact
TH2	gene_MJIDPBFG_02522	HKNPDCAD_04301	819	exact
TH2	gene_MJIDPBFG_02523	HKNPDCAD_04300	459	exact
TH2	gene_MJIDPBFG_02524	HKNPDCAD_04299	843	exact
TH2	gene_MJIDPBFG_02527	HKNPDCAD_04296	678	exact
TH2	gene_MJIDPBFG_02528	HKNPDCAD_04295	711	exact
TH2	gene_MJIDPBFG_02529	HKNPDCAD_04294	1539	exact
TH2	gene_MJIDPBFG_02530	HKNPDCAD_04293	3744	exact
TH2	gene_MJIDPBFG_02531		1293	no exact sequence match
TH2	gene_MJIDPBFG_02532	HKNPDCAD_04291	219	exact
TH2	gene_MJIDPBFG_02533		834	no exact sequence match
TH2	gene_MJIDPBFG_02534		1578	no exact sequence match
TH2	gene_MJIDPBFG_02535	HKNPDCAD_04289	333	exact
TH2	gene_MJIDPBFG_02536	HKNPDCAD_04288	1095	exact
TH2	gene_MJIDPBFG_02537	HKNPDCAD_04287	354	exact
TH2	gene_MJIDPBFG_02538	HKNPDCAD_04286	696	exact
TH2	gene_MJIDPBFG_02539	HKNPDCAD_04285	231	exact
TH2	gene_MJIDPBFG_02540	HKNPDCAD_04284	1101	exact
TH2	gene_MJIDPBFG_02541	HKNPDCAD_04283	108	exact
TH2	gene_MJIDPBFG_02542	HKNPDCAD_04282	108	exact
TH2	gene_MJIDPBFG_02543	HKNPDCAD_04281	108	exact
TH2	gene_MJIDPBFG_02544	HKNPDCAD_04280	855	exact
TH2	gene_MJIDPBFG_02545	HKNPDCAD_04279	810	exact
TH2	gene_MJIDPBFG_02546	HKNPDCAD_04278	393	exact
TH2	gene_MJIDPBFG_02547	HKNPDCAD_04277	834	exact
TH2	gene_MJIDPBFG_02548	HKNPDCAD_04276	1083	exact
TH2	gene_MJIDPBFG_02549		1326	no exact sequence match
TH2	gene_MJIDPBFG_02550	HKNPDCAD_04274	624	exact
TH2	gene_MJIDPBFG_02551	HKNPDCAD_04273	852	exact
TH2	gene_MJIDPBFG_02552	HKNPDCAD_04272	1014	exact
TH2	gene_MJIDPBFG_02553	HKNPDCAD_04271	1653	exact
TH2	gene_MJIDPBFG_02554	HKNPDCAD_04270	279	exact
TH2	gene_MJIDPBFG_02555	HKNPDCAD_04269	585	exact
TH2	gene_MJIDPBFG_02556	HKNPDCAD_04268	1092	exact
TH2	gene_MJIDPBFG_02557	HKNPDCAD_04267	180	exact
TH2	gene_MJIDPBFG_02558		132	no exact sequence match
TH2	gene_MJIDPBFG_02559		2631	no exact sequence match
TH2	gene_MJIDPBFG_02560	HKNPDCAD_04265	513	exact
TH2	gene_MJIDPBFG_02561	HKNPDCAD_04264	1359	exact
TH2	gene_MJIDPBFG_02562	HKNPDCAD_04263	1071	exact
TH2	gene_MJIDPBFG_02563	HKNPDCAD_04262	633	exact
TH2	gene_MJIDPBFG_02564		651	no exact sequence match
TH2	gene_MJIDPBFG_02565		588	no exact sequence match
TH2	gene_MJIDPBFG_02566		1578	no exact sequence match
TH2	gene_MJIDPBFG_02567		228	no exact sequence match
TH2	gene_MJIDPBFG_02568	HKNPDCAD_04258	255	exact
TH2	gene_MJIDPBFG_02569	HKNPDCAD_04257	735	exact
TH2	gene_MJIDPBFG_02570	HKNPDCAD_04256	612	exact
TH2	gene_MJIDPBFG_02571		540	no exact sequence match
TH2	gene_MJIDPBFG_02572		381	no exact sequence match
TH2	gene_MJIDPBFG_02573	HKNPDCAD_04254	1737	exact
TH2	gene_MJIDPBFG_02574	HKNPDCAD_04253	150	exact
TH2	gene_MJIDPBFG_02575	HKNPDCAD_04252	1071	exact
TH2	gene_MJIDPBFG_02576	HKNPDCAD_04251	1299	exact
TH2	gene_MJIDPBFG_02577		1179	no exact sequence match
TH2	gene_MJIDPBFG_02578		408	no exact sequence match
TH2	gene_MJIDPBFG_02579		720	no exact sequence match
TH2	gene_MJIDPBFG_02580	HKNPDCAD_04246	1515	exact
TH2	gene_MJIDPBFG_02581	HKNPDCAD_04245	531	exact
TH2	gene_MJIDPBFG_02582	HKNPDCAD_04244	1269	exact
TH2	gene_MJIDPBFG_02583	HKNPDCAD_04243	420	exact
TH2	gene_MJIDPBFG_02584	HKNPDCAD_04242	912	exact
TH2	gene_MJIDPBFG_02585	HKNPDCAD_04241	447	exact
TH2	gene_MJIDPBFG_02586	HKNPDCAD_04240	660	exact
TH2	gene_MJIDPBFG_02587	HKNPDCAD_04239	201	exact
TH2	gene_MJIDPBFG_02588	HKNPDCAD_04238	402	exact
TH2	gene_MJIDPBFG_02589	HKNPDCAD_04237	369	exact
TH2	gene_MJIDPBFG_02590	HKNPDCAD_04236	696	exact
TH2	gene_MJIDPBFG_02591	HKNPDCAD_04235	813	exact
TH2	gene_MJIDPBFG_02592	HKNPDCAD_04234	267	exact
TH2	gene_MJIDPBFG_02593	HKNPDCAD_04233	213	exact
TH2	gene_MJIDPBFG_02594	HKNPDCAD_04232	174	exact
TH2	gene_MJIDPBFG_02595	HKNPDCAD_04231	285	exact
TH2	gene_MJIDPBFG_02596	HKNPDCAD_04230	330	exact
TH2	gene_MJIDPBFG_02597	HKNPDCAD_04229	1017	exact
TH2	gene_MJIDPBFG_02598	HKNPDCAD_04228	1521	exact
TH2	gene_MJIDPBFG_02599	HKNPDCAD_04227	219	exact
TH2	gene_MJIDPBFG_02600	HKNPDCAD_04226	1524	exact
TH2	gene_MJIDPBFG_02601	HKNPDCAD_04225	249	exact
TH2	gene_MJIDPBFG_02602	HKNPDCAD_04224	267	exact
TH2	gene_MJIDPBFG_02603	HKNPDCAD_04223	237	exact
TH2	gene_MJIDPBFG_02604	HKNPDCAD_04222	1212	exact
TH2	gene_MJIDPBFG_02605	HKNPDCAD_04221	732	exact
TH2	gene_MJIDPBFG_02606	HKNPDCAD_04220	405	exact
TH2	gene_MJIDPBFG_02607	HKNPDCAD_04219	1251	exact
TH2	gene_MJIDPBFG_02608	HKNPDCAD_04218	654	exact
TH2	gene_MJIDPBFG_02609	HKNPDCAD_04217	462	exact
TH2	gene_MJIDPBFG_02610	HKNPDCAD_04216	705	exact
TH2	gene_MJIDPBFG_02611	HKNPDCAD_04215	402	exact
TH2	gene_MJIDPBFG_02612	HKNPDCAD_04214	642	exact
TH2	gene_MJIDPBFG_02613	HKNPDCAD_04213	1371	exact
TH2	gene_MJIDPBFG_02614	HKNPDCAD_04212	627	exact
TH2	gene_MJIDPBFG_02615		1362	no exact sequence match
TH2	gene_MJIDPBFG_02616	HKNPDCAD_04210	1122	exact
TH2	gene_MJIDPBFG_02617	HKNPDCAD_04209	1230	exact
TH2	gene_MJIDPBFG_02618	HKNPDCAD_04208	384	exact
TH2	gene_MJIDPBFG_02619	HKNPDCAD_04207	738	exact
TH2	gene_MJIDPBFG_02620	HKNPDCAD_04206	858	exact
TH2	gene_MJIDPBFG_02621	HKNPDCAD_04205	795	exact
TH2	gene_MJIDPBFG_02622	HKNPDCAD_04204	1047	exact
TH2	gene_MJIDPBFG_02623	HKNPDCAD_04203	462	exact
TH2	gene_MJIDPBFG_02624	HKNPDCAD_04202	789	exact
TH2	gene_MJIDPBFG_02625		744	no exact sequence match
TH2	gene_MJIDPBFG_02626		138	no exact sequence match
TH2	gene_MJIDPBFG_02627	HKNPDCAD_04200	912	exact
TH2	gene_MJIDPBFG_02628	HKNPDCAD_04199	1239	exact
TH2	gene_MJIDPBFG_02629	HKNPDCAD_04198	702	exact
TH2	gene_MJIDPBFG_02630	HKNPDCAD_04197	1200	exact
TH2	gene_MJIDPBFG_02631	HKNPDCAD_04196	939	exact
TH2	gene_MJIDPBFG_02632	HKNPDCAD_04195	3495	exact
TH2	gene_MJIDPBFG_02633	HKNPDCAD_04194	960	exact
TH2	gene_MJIDPBFG_02634	HKNPDCAD_04193	258	exact
TH2	gene_MJIDPBFG_02635	HKNPDCAD_04192	612	exact
TH2	gene_MJIDPBFG_02636	HKNPDCAD_04191	540	exact
TH2	gene_MJIDPBFG_02637		1146	no exact sequence match
TH2	gene_MJIDPBFG_02638	HKNPDCAD_04189	543	exact
TH2	gene_MJIDPBFG_02639	HKNPDCAD_04188	1026	exact
TH2	gene_MJIDPBFG_02640	HKNPDCAD_04187	825	exact
TH2	gene_MJIDPBFG_02641	HKNPDCAD_04186	642	exact
TH2	gene_MJIDPBFG_02642	HKNPDCAD_04185	378	exact
TH2	gene_MJIDPBFG_02643	HKNPDCAD_04184	360	exact
TH2	gene_MJIDPBFG_02644	HKNPDCAD_04183	2190	exact
TH2	gene_MJIDPBFG_02645	HKNPDCAD_04182	1434	exact
TH2	gene_MJIDPBFG_02646	HKNPDCAD_04181	798	exact
TH2	gene_MJIDPBFG_02647	HKNPDCAD_04180	489	exact
TH2	gene_MJIDPBFG_02648		519	no exact sequence match
TH2	gene_MJIDPBFG_02649	HKNPDCAD_04177	642	exact
TH2	gene_MJIDPBFG_02650	HKNPDCAD_04176	1023	exact
TH2	gene_MJIDPBFG_02651	HKNPDCAD_04175	810	exact
TH2	gene_MJIDPBFG_02652		1242	no exact sequence match
TH2	gene_MJIDPBFG_02653	HKNPDCAD_04172	237	exact
TH2	gene_MJIDPBFG_02654	HKNPDCAD_04171	735	exact
TH2	gene_MJIDPBFG_02655	HKNPDCAD_04170	930	exact
TH2	gene_MJIDPBFG_02656	HKNPDCAD_04169	954	exact
TH2	gene_MJIDPBFG_02657	HKNPDCAD_04168	1041	exact
TH2	gene_MJIDPBFG_02658		174	no exact sequence match
TH2	gene_MJIDPBFG_02659	HKNPDCAD_04167	522	exact
TH2	gene_MJIDPBFG_02660	HKNPDCAD_04166	624	exact
TH2	gene_MJIDPBFG_02661	HKNPDCAD_04165	960	exact
TH2	gene_MJIDPBFG_02662	HKNPDCAD_04164	3186	exact
TH2	gene_MJIDPBFG_02663	HKNPDCAD_04163	954	exact
TH2	gene_MJIDPBFG_02664	HKNPDCAD_04162	1644	exact
TH2	gene_MJIDPBFG_02665	HKNPDCAD_04161	942	exact
TH2	gene_MJIDPBFG_02666	HKNPDCAD_04160	975	exact
TH2	gene_MJIDPBFG_02667	HKNPDCAD_04159	699	exact
TH2	gene_MJIDPBFG_02668	HKNPDCAD_04158	783	exact
TH2	gene_MJIDPBFG_02669	HKNPDCAD_04157	756	exact
TH2	gene_MJIDPBFG_02670		657	no exact sequence match
TH2	gene_MJIDPBFG_02671		552	no exact sequence match
TH2	gene_MJIDPBFG_02672	HKNPDCAD_04155	696	exact
TH2	gene_MJIDPBFG_02673	HKNPDCAD_04154	405	exact
TH2	gene_MJIDPBFG_02674	HKNPDCAD_04153	417	exact
TH2	gene_MJIDPBFG_02675	HKNPDCAD_04152	660	exact
TH2	gene_MJIDPBFG_02676	HKNPDCAD_04151	294	exact
TH2	gene_MJIDPBFG_02677	HKNPDCAD_04150	417	exact
TH2	gene_MJIDPBFG_02678		564	no exact sequence match
TH2	gene_MJIDPBFG_02679		1023	no exact sequence match
TH2	gene_MJIDPBFG_02680	HKNPDCAD_04148	924	exact
TH2	gene_MJIDPBFG_02681	HKNPDCAD_04147	648	exact
TH2	gene_MJIDPBFG_02682	HKNPDCAD_04146	585	exact
TH2	gene_MJIDPBFG_02683	HKNPDCAD_04145	1209	exact
TH2	gene_MJIDPBFG_02684	HKNPDCAD_04144	648	exact
TH2	gene_MJIDPBFG_02685	HKNPDCAD_04143	561	exact
TH2	gene_MJIDPBFG_02686	HKNPDCAD_04142	1047	exact
TH2	gene_MJIDPBFG_02687	HKNPDCAD_04141	246	exact
TH2	gene_MJIDPBFG_02688		228	no exact sequence match
TH2	gene_MJIDPBFG_02689	HKNPDCAD_04139	684	exact
TH2	gene_MJIDPBFG_02690	HKNPDCAD_04138	114	exact
TH2	gene_MJIDPBFG_02691	HKNPDCAD_04137	567	exact
TH2	gene_MJIDPBFG_02692	HKNPDCAD_04136	537	exact
TH2	gene_MJIDPBFG_02693	HKNPDCAD_04135	1053	exact
TH2	gene_MJIDPBFG_02694	HKNPDCAD_04134	921	exact
TH2	gene_MJIDPBFG_02695	HKNPDCAD_04133	1227	exact
TH2	gene_MJIDPBFG_02696	HKNPDCAD_04132	375	exact
TH2	gene_MJIDPBFG_02697	HKNPDCAD_04131	228	exact
TH2	gene_MJIDPBFG_02698	HKNPDCAD_04130	2121	exact
TH2	gene_MJIDPBFG_02699	HKNPDCAD_04129	396	exact
TH2	gene_MJIDPBFG_02700	HKNPDCAD_04128	1503	exact
TH2	gene_MJIDPBFG_02701	HKNPDCAD_04127	1158	exact
TH2	gene_MJIDPBFG_02702	HKNPDCAD_04126	1482	exact
TH2	gene_MJIDPBFG_02703	HKNPDCAD_04125	534	exact
TH2	gene_MJIDPBFG_02704	HKNPDCAD_04124	312	exact
TH2	gene_MJIDPBFG_02705	HKNPDCAD_04123	333	exact
TH2	gene_MJIDPBFG_02706	HKNPDCAD_04122	456	exact
TH2	gene_MJIDPBFG_02707	HKNPDCAD_04121	456	exact
TH2	gene_MJIDPBFG_02708	HKNPDCAD_04120	651	exact
TH2	gene_MJIDPBFG_02709	HKNPDCAD_04119	390	exact
TH2	gene_MJIDPBFG_02710	HKNPDCAD_04118	417	exact
TH2	gene_MJIDPBFG_02711	HKNPDCAD_04117	834	exact
TH2	gene_MJIDPBFG_02712	HKNPDCAD_04116	522	exact
TH2	gene_MJIDPBFG_02713	HKNPDCAD_04115	555	exact
TH2	gene_MJIDPBFG_02714		738	no exact sequence match
TH2	gene_MJIDPBFG_02715	HKNPDCAD_04112	939	exact
TH2	gene_MJIDPBFG_02717	HKNPDCAD_04110	687	exact
TH2	gene_MJIDPBFG_02718	HKNPDCAD_04109	789	exact
TH2	gene_MJIDPBFG_02719	HKNPDCAD_04108	297	exact
TH2	gene_MJIDPBFG_02720		1014	no exact sequence match
TH2	gene_MJIDPBFG_02721	HKNPDCAD_04106	195	exact
TH2	gene_MJIDPBFG_02722	HKNPDCAD_04105	1128	exact
TH2	gene_MJIDPBFG_02723	HKNPDCAD_04104	831	exact
TH2	gene_MJIDPBFG_02724	HKNPDCAD_04103	1509	exact
TH2	gene_MJIDPBFG_02725	HKNPDCAD_04102	210	exact
TH2	gene_MJIDPBFG_02726		2280	no exact sequence match
TH2	gene_MJIDPBFG_02727		1647	no exact sequence match
TH2	gene_MJIDPBFG_02728		501	no exact sequence match
TH2	gene_MJIDPBFG_02729	HKNPDCAD_04099	1092	exact
TH2	gene_MJIDPBFG_02730	HKNPDCAD_04098	780	exact
TH2	gene_MJIDPBFG_02731	HKNPDCAD_04097	309	exact
TH2	gene_MJIDPBFG_02732	HKNPDCAD_04096	801	exact
TH2	gene_MJIDPBFG_02733	HKNPDCAD_04095	492	exact
TH2	gene_MJIDPBFG_02734	HKNPDCAD_04094	495	exact
TH2	gene_MJIDPBFG_02735	HKNPDCAD_04093	1329	exact
TH2	gene_MJIDPBFG_02736	HKNPDCAD_04092	174	exact
TH2	gene_MJIDPBFG_02737	HKNPDCAD_04091	597	exact
TH2	gene_MJIDPBFG_02738	HKNPDCAD_04090	228	exact
TH2	gene_MJIDPBFG_02739	HKNPDCAD_04089	1242	exact
TH2	gene_MJIDPBFG_02740	HKNPDCAD_04088	351	exact
TH2	gene_MJIDPBFG_02741	HKNPDCAD_04087	909	exact
TH2	gene_MJIDPBFG_02742	HKNPDCAD_04086	921	exact
TH2	gene_MJIDPBFG_02743	HKNPDCAD_04085	306	exact
TH2	gene_MJIDPBFG_02744	HKNPDCAD_04084	600	exact
TH2	gene_MJIDPBFG_02745		2334	no exact sequence match
TH2	gene_MJIDPBFG_02746	HKNPDCAD_04081	198	exact
TH2	gene_MJIDPBFG_02747	HKNPDCAD_04080	1173	exact
TH2	gene_MJIDPBFG_02748	HKNPDCAD_04079	693	exact
TH2	gene_MJIDPBFG_02749	HKNPDCAD_04078	1065	exact
TH2	gene_MJIDPBFG_02750	HKNPDCAD_04077	2688	exact
TH2	gene_MJIDPBFG_02751	HKNPDCAD_04076	390	exact
TH2	gene_MJIDPBFG_02752	HKNPDCAD_04075	561	exact
TH2	gene_MJIDPBFG_02753	HKNPDCAD_04073	213	exact
TH2	gene_MJIDPBFG_02754	HKNPDCAD_04072	213	exact
TH2	gene_MJIDPBFG_02755	HKNPDCAD_04071	306	exact
TH2	gene_MJIDPBFG_02756	HKNPDCAD_04070	645	exact
TH2	gene_MJIDPBFG_02757		747	no exact sequence match
TH2	gene_MJIDPBFG_02758	HKNPDCAD_04068	2097	exact
TH2	gene_MJIDPBFG_02759	HKNPDCAD_04067	1140	exact
TH2	gene_MJIDPBFG_02760	HKNPDCAD_04066	447	exact
TH2	gene_MJIDPBFG_02761	HKNPDCAD_04065	2181	exact
TH2	gene_MJIDPBFG_02762	HKNPDCAD_04064	1299	exact
TH2	gene_MJIDPBFG_02763	HKNPDCAD_04063	93	exact
TH2	gene_MJIDPBFG_02764	HKNPDCAD_04062	1137	exact
TH2	gene_MJIDPBFG_02765	HKNPDCAD_04061	1545	exact
TH2	gene_MJIDPBFG_02766		750	no exact sequence match
TH2	gene_MJIDPBFG_02767	HKNPDCAD_04059	399	exact
TH2	gene_MJIDPBFG_02768	HKNPDCAD_04058	588	exact
TH2	gene_MJIDPBFG_02769	HKNPDCAD_04057	708	exact
TH2	gene_MJIDPBFG_02770	HKNPDCAD_04056	1794	exact
TH2	gene_MJIDPBFG_02771	HKNPDCAD_04055	1119	exact
TH2	gene_MJIDPBFG_02773	HKNPDCAD_04053	660	exact
TH2	gene_MJIDPBFG_02774	HKNPDCAD_04052	330	exact
TH2	gene_MJIDPBFG_02775	HKNPDCAD_04051	279	exact
TH2	gene_MJIDPBFG_02776		255	no exact sequence match
TH2	gene_MJIDPBFG_02777		963	no exact sequence match
TH2	gene_MJIDPBFG_02778	HKNPDCAD_04049	318	exact
TH2	gene_MJIDPBFG_02779	HKNPDCAD_04048	414	exact
TH2	gene_MJIDPBFG_02780	HKNPDCAD_04047	663	exact
TH2	gene_MJIDPBFG_02781	HKNPDCAD_04046	231	exact
TH2	gene_MJIDPBFG_02782	HKNPDCAD_04045	231	exact
TH2	gene_MJIDPBFG_02783	HKNPDCAD_04044	2055	exact
TH2	gene_MJIDPBFG_02784	HKNPDCAD_04043	447	exact
TH2	gene_MJIDPBFG_02785		2163	no exact sequence match
TH2	gene_MJIDPBFG_02786	HKNPDCAD_04041	630	exact
TH2	gene_MJIDPBFG_02787	HKNPDCAD_04040	510	exact
TH2	gene_MJIDPBFG_02788	HKNPDCAD_04039	1053	exact
TH2	gene_MJIDPBFG_02789	HKNPDCAD_04038	453	exact
TH2	gene_MJIDPBFG_02790	HKNPDCAD_04037	1761	exact
TH2	gene_MJIDPBFG_02791	HKNPDCAD_04036	627	exact
TH2	gene_MJIDPBFG_02792	HKNPDCAD_04035	168	exact
TH2	gene_MJIDPBFG_02793	HKNPDCAD_04034	564	exact
TH2	gene_MJIDPBFG_02794		1584	no exact sequence match
TH2	gene_MJIDPBFG_02795	HKNPDCAD_04032	1254	exact
TH2	gene_MJIDPBFG_02796	HKNPDCAD_04031	1908	exact
TH2	gene_MJIDPBFG_02797	HKNPDCAD_04030	2109	exact
TH2	gene_MJIDPBFG_02798	HKNPDCAD_04029	1110	exact
TH2	gene_MJIDPBFG_02799	HKNPDCAD_04028	543	exact
TH2	gene_MJIDPBFG_02800	HKNPDCAD_04027	1011	exact
TH2	gene_MJIDPBFG_02801	HKNPDCAD_04026	486	exact
TH2	gene_MJIDPBFG_02802	HKNPDCAD_04025	564	exact
TH2	gene_MJIDPBFG_02803	HKNPDCAD_04024	543	exact
TH2	gene_MJIDPBFG_02804	HKNPDCAD_04023	528	exact
TH2	gene_MJIDPBFG_02805	HKNPDCAD_04022	459	exact
TH2	gene_MJIDPBFG_02806		486	no exact sequence match
TH2	gene_MJIDPBFG_02807		303	no exact sequence match
TH2	gene_MJIDPBFG_02808	HKNPDCAD_04020	1182	exact
TH2	gene_MJIDPBFG_02809	HKNPDCAD_04019	603	exact
TH2	gene_MJIDPBFG_02810		642	no exact sequence match
TH2	gene_MJIDPBFG_02811	HKNPDCAD_04017	540	exact
TH2	gene_MJIDPBFG_02812	HKNPDCAD_04016	576	exact
TH2	gene_MJIDPBFG_02813	HKNPDCAD_04015	960	exact
TH2	gene_MJIDPBFG_02814	HKNPDCAD_04014	1947	exact
TH2	gene_MJIDPBFG_02815	HKNPDCAD_04013	768	exact
TH2	gene_MJIDPBFG_02816	HKNPDCAD_04012	2613	exact
TH2	gene_MJIDPBFG_02817	HKNPDCAD_04011	1203	exact
TH2	gene_MJIDPBFG_02818	HKNPDCAD_04010	1401	exact
TH2	gene_MJIDPBFG_02819	HKNPDCAD_04009	1089	exact
TH2	gene_MJIDPBFG_02820	HKNPDCAD_04008	327	exact
TH2	gene_MJIDPBFG_02821	HKNPDCAD_04007	819	exact
TH2	gene_MJIDPBFG_02822	HKNPDCAD_04006	648	exact
TH2	gene_MJIDPBFG_02823	HKNPDCAD_04005	549	exact
TH2	gene_MJIDPBFG_02824	HKNPDCAD_04004	858	exact
TH2	gene_MJIDPBFG_02825	HKNPDCAD_04003	150	exact
TH2	gene_MJIDPBFG_02826		672	no exact sequence match
TH2	gene_MJIDPBFG_02827		204	no exact sequence match
TH2	gene_MJIDPBFG_02828		1530	no exact sequence match
TH2	gene_MJIDPBFG_02829		2913	no exact sequence match
TH2	gene_MJIDPBFG_02830	HKNPDCAD_04000	705	exact
TH2	gene_MJIDPBFG_02831	HKNPDCAD_03999	1323	exact
TH2	gene_MJIDPBFG_02832	HKNPDCAD_03998	786	exact
TH2	gene_MJIDPBFG_02833		780	no exact sequence match
TH2	gene_MJIDPBFG_02834	HKNPDCAD_03995	894	exact
TH2	gene_MJIDPBFG_02835	HKNPDCAD_03994	747	exact
TH2	gene_MJIDPBFG_02836	HKNPDCAD_03993	183	exact
TH2	gene_MJIDPBFG_02837	HKNPDCAD_03992	1233	exact
TH2	gene_MJIDPBFG_02838		240	no exact sequence match
TH2	gene_MJIDPBFG_02839		744	no exact sequence match
TH2	gene_MJIDPBFG_02840	HKNPDCAD_03990	1749	exact
TH2	gene_MJIDPBFG_02841		2265	no exact sequence match
TH2	gene_MJIDPBFG_02842		189	no exact sequence match
TH2	gene_MJIDPBFG_02843	HKNPDCAD_03986	1674	exact
TH2	gene_MJIDPBFG_02844	HKNPDCAD_03985	684	exact
TH2	gene_MJIDPBFG_02845	HKNPDCAD_03984	765	exact
TH2	gene_MJIDPBFG_02846	HKNPDCAD_03983	1284	exact
TH2	gene_MJIDPBFG_02847	HKNPDCAD_03982	1089	exact
TH2	gene_MJIDPBFG_02848	HKNPDCAD_03981	693	exact
TH2	gene_MJIDPBFG_02849	HKNPDCAD_03980	1761	exact
TH2	gene_MJIDPBFG_02850	HKNPDCAD_03979	858	exact
TH2	gene_MJIDPBFG_02851	HKNPDCAD_03978	1938	exact
TH2	gene_MJIDPBFG_02852	HKNPDCAD_03977	375	exact
TH2	gene_MJIDPBFG_02853	HKNPDCAD_03976	741	exact
TH2	gene_MJIDPBFG_02854		435	no exact sequence match
TH2	gene_MJIDPBFG_02855	HKNPDCAD_03974	909	exact
TH2	gene_MJIDPBFG_02856	HKNPDCAD_03973	1431	exact
TH2	gene_MJIDPBFG_02857	HKNPDCAD_03972	1149	exact
TH2	gene_MJIDPBFG_02858	HKNPDCAD_03971	627	exact
TH2	gene_MJIDPBFG_02859	HKNPDCAD_03970	864	exact
TH2	gene_MJIDPBFG_02860	HKNPDCAD_03969	618	exact
TH2	gene_MJIDPBFG_02861	HKNPDCAD_03968	2445	exact
TH2	gene_MJIDPBFG_02862	HKNPDCAD_03967	1293	exact
TH2	gene_MJIDPBFG_02863	HKNPDCAD_03966	1344	exact
TH2	gene_MJIDPBFG_02864	HKNPDCAD_03965	612	exact
TH2	gene_MJIDPBFG_02865	HKNPDCAD_03964	612	exact
TH2	gene_MJIDPBFG_02866	HKNPDCAD_03963	3378	exact
TH2	gene_MJIDPBFG_02867		567	no exact sequence match
TH2	gene_MJIDPBFG_02868	HKNPDCAD_03961	966	exact
TH2	gene_MJIDPBFG_02869	HKNPDCAD_03960	1767	exact
TH2	gene_MJIDPBFG_02870		441	no exact sequence match
TH2	gene_MJIDPBFG_02871		1278	no exact sequence match
TH2	gene_MJIDPBFG_02872	HKNPDCAD_03957	705	exact
TH2	gene_MJIDPBFG_02873	HKNPDCAD_03956	219	exact
TH2	gene_MJIDPBFG_02875	HKNPDCAD_03954	2277	exact
TH2	gene_MJIDPBFG_02876		321	no exact sequence match
TH2	gene_MJIDPBFG_02877	HKNPDCAD_03952	225	exact
TH2	gene_MJIDPBFG_02878	HKNPDCAD_03951	1947	exact
TH2	gene_MJIDPBFG_02879		792	no exact sequence match
TH2	gene_MJIDPBFG_02880		249	no exact sequence match
TH2	gene_MJIDPBFG_02881	HKNPDCAD_03949	993	exact
TH2	gene_MJIDPBFG_02882		963	no exact sequence match
TH2	gene_MJIDPBFG_02883	HKNPDCAD_03947	696	exact
TH2	gene_MJIDPBFG_02884	HKNPDCAD_03946	696	exact
TH2	gene_MJIDPBFG_02885	HKNPDCAD_03945	900	exact
TH2	gene_MJIDPBFG_02886	HKNPDCAD_03944	1653	exact
TH2	gene_MJIDPBFG_02887	HKNPDCAD_03943	969	exact
TH2	gene_MJIDPBFG_02888	HKNPDCAD_03942	1719	exact
TH2	gene_MJIDPBFG_02889	HKNPDCAD_03941	1002	exact
TH2	gene_MJIDPBFG_02890	HKNPDCAD_03940	1431	exact
TH2	gene_MJIDPBFG_02891	HKNPDCAD_03939	1014	exact
TH2	gene_MJIDPBFG_02892	HKNPDCAD_03938	831	exact
TH2	gene_MJIDPBFG_02893	HKNPDCAD_03937	324	exact
TH2	gene_MJIDPBFG_02894	HKNPDCAD_03935	387	exact
TH2	gene_MJIDPBFG_02895	HKNPDCAD_03934	729	exact
TH2	gene_MJIDPBFG_02896	HKNPDCAD_03933	732	exact
TH2	gene_MJIDPBFG_02897	HKNPDCAD_03932	717	exact
TH2	gene_MJIDPBFG_02898	HKNPDCAD_03931	669	exact
TH2	gene_MJIDPBFG_02899	HKNPDCAD_03930	138	exact
TH2	gene_MJIDPBFG_02900	HKNPDCAD_03929	732	exact
TH2	gene_MJIDPBFG_02901	HKNPDCAD_03928	363	exact
TH2	gene_MJIDPBFG_02902	HKNPDCAD_03927	774	exact
TH2	gene_MJIDPBFG_02903	HKNPDCAD_03926	489	exact
TH2	gene_MJIDPBFG_02904	HKNPDCAD_03925	846	exact
TH2	gene_MJIDPBFG_02905		957	no exact sequence match
TH2	gene_MJIDPBFG_02906	HKNPDCAD_03923	1134	exact
TH2	gene_MJIDPBFG_02907	HKNPDCAD_03922	1113	exact
TH2	gene_MJIDPBFG_02908	HKNPDCAD_03921	369	exact
TH2	gene_MJIDPBFG_02909	HKNPDCAD_03920	903	exact
TH2	gene_MJIDPBFG_02910	HKNPDCAD_03919	597	exact
TH2	gene_MJIDPBFG_02911	HKNPDCAD_03918	183	exact
TH2	gene_MJIDPBFG_02912	HKNPDCAD_03917	288	exact
TH2	gene_MJIDPBFG_02913	HKNPDCAD_03916	258	exact
TH2	gene_MJIDPBFG_02914	HKNPDCAD_03915	378	exact
TH2	gene_MJIDPBFG_02915	HKNPDCAD_03914	333	exact
TH2	gene_MJIDPBFG_02916	HKNPDCAD_03913	1407	exact
TH2	gene_MJIDPBFG_02917	HKNPDCAD_03912	219	exact
TH2	gene_MJIDPBFG_02918	HKNPDCAD_03911	1101	exact
TH2	gene_MJIDPBFG_02919	HKNPDCAD_03910	288	exact
TH2	gene_MJIDPBFG_02920	HKNPDCAD_03909	2007	exact
TH2	gene_MJIDPBFG_02921	HKNPDCAD_03908	744	exact
TH2	gene_MJIDPBFG_02922		246	no exact sequence match
TH2	gene_MJIDPBFG_02923		354	no exact sequence match
TH2	gene_MJIDPBFG_02924	HKNPDCAD_03906	420	exact
TH2	gene_MJIDPBFG_02925	HKNPDCAD_03905	258	exact
TH2	gene_MJIDPBFG_02926		1122	no exact sequence match
TH2	gene_MJIDPBFG_02927	HKNPDCAD_03903	606	exact
TH2	gene_MJIDPBFG_02928	HKNPDCAD_03902	909	exact
TH2	gene_MJIDPBFG_02929	HKNPDCAD_03901	360	exact
TH2	gene_MJIDPBFG_02930	HKNPDCAD_03900	597	exact
TH2	gene_MJIDPBFG_02931	HKNPDCAD_03899	273	exact
TH2	gene_MJIDPBFG_02932	HKNPDCAD_03898	900	exact
TH2	gene_MJIDPBFG_02933	HKNPDCAD_03897	858	exact
TH2	gene_MJIDPBFG_02934		459	no exact sequence match
TH2	gene_MJIDPBFG_02935	HKNPDCAD_03895	432	exact
TH2	gene_MJIDPBFG_02936	HKNPDCAD_03894	486	exact
TH2	gene_MJIDPBFG_02937	HKNPDCAD_03893	651	exact
TH2	gene_MJIDPBFG_02938	HKNPDCAD_03892	1059	exact
TH2	gene_MJIDPBFG_02939	HKNPDCAD_03891	834	exact
TH2	gene_MJIDPBFG_02940	HKNPDCAD_03890	1767	exact
TH2	gene_MJIDPBFG_02941		909	no exact sequence match
TH2	gene_MJIDPBFG_02942	HKNPDCAD_03888	270	exact
TH2	gene_MJIDPBFG_02943	HKNPDCAD_03887	234	exact
TH2	gene_MJIDPBFG_02944	HKNPDCAD_03886	189	exact
TH2	gene_MJIDPBFG_02945	HKNPDCAD_03885	2415	exact
TH2	gene_MJIDPBFG_02946	HKNPDCAD_03884	858	exact
TH2	gene_MJIDPBFG_02947	HKNPDCAD_03883	228	exact
TH2	gene_MJIDPBFG_02948	HKNPDCAD_03882	234	exact
TH2	gene_MJIDPBFG_02949	HKNPDCAD_03881	342	exact
TH2	gene_MJIDPBFG_02950	HKNPDCAD_03880	225	exact
TH2	gene_MJIDPBFG_02951	HKNPDCAD_03879	510	exact
TH2	gene_MJIDPBFG_02952	HKNPDCAD_03878	222	exact
TH2	gene_MJIDPBFG_02953	HKNPDCAD_03877	597	exact
TH2	gene_MJIDPBFG_02954	HKNPDCAD_03876	1677	exact
TH2	gene_MJIDPBFG_02955		1053	no exact sequence match
TH2	gene_MJIDPBFG_02956	HKNPDCAD_03874	537	exact
TH2	gene_MJIDPBFG_02957		1128	no exact sequence match
TH2	gene_MJIDPBFG_02958	HKNPDCAD_03871	816	exact
TH2	gene_MJIDPBFG_02959	HKNPDCAD_03870	279	exact
TH2	gene_MJIDPBFG_02960	HKNPDCAD_03869	1233	exact
TH2	gene_MJIDPBFG_02961	HKNPDCAD_03868	597	exact
TH2	gene_MJIDPBFG_02962	HKNPDCAD_03867	759	exact
TH2	gene_MJIDPBFG_02963	HKNPDCAD_03866	1203	exact
TH2	gene_MJIDPBFG_02964	HKNPDCAD_03865	579	exact
TH2	gene_MJIDPBFG_02965	HKNPDCAD_03864	1116	exact
TH2	gene_MJIDPBFG_02966	HKNPDCAD_03863	384	exact
TH2	gene_MJIDPBFG_02967	HKNPDCAD_03862	1326	exact
TH2	gene_MJIDPBFG_02968		1059	no exact sequence match
TH2	gene_MJIDPBFG_02969		294	no exact sequence match
TH2	gene_MJIDPBFG_02970		825	no exact sequence match
TH2	gene_MJIDPBFG_02971	HKNPDCAD_03858	1494	exact
TH2	gene_MJIDPBFG_02972	HKNPDCAD_03857	912	exact
TH2	gene_MJIDPBFG_02973	HKNPDCAD_03856	921	exact
TH2	gene_MJIDPBFG_02974	HKNPDCAD_03855	1539	exact
TH2	gene_MJIDPBFG_02975		954	no exact sequence match
TH2	gene_MJIDPBFG_02976		951	no exact sequence match
TH2	gene_MJIDPBFG_02977	HKNPDCAD_03852	966	exact
TH2	gene_MJIDPBFG_02978		1089	no exact sequence match
TH2	gene_MJIDPBFG_02979		183	no exact sequence match
TH2	gene_MJIDPBFG_02980	HKNPDCAD_03849	750	exact
TH2	gene_MJIDPBFG_02981	HKNPDCAD_03848	663	exact
TH2	gene_MJIDPBFG_02982	HKNPDCAD_03847	900	exact
TH2	gene_MJIDPBFG_02983		2433	no exact sequence match
TH2	gene_MJIDPBFG_02984	HKNPDCAD_03844	816	exact
TH2	gene_MJIDPBFG_02985	HKNPDCAD_03843	1266	exact
TH2	gene_MJIDPBFG_02986	HKNPDCAD_03842	1593	exact
TH2	gene_MJIDPBFG_02987	HKNPDCAD_03841	921	exact
TH2	gene_MJIDPBFG_02988	HKNPDCAD_03840	1119	exact
TH2	gene_MJIDPBFG_02989		249	no exact sequence match
TH2	gene_MJIDPBFG_02990		249	no exact sequence match
TH2	gene_MJIDPBFG_02991	HKNPDCAD_03838	270	exact
TH2	gene_MJIDPBFG_02992	HKNPDCAD_03837	561	exact
TH2	gene_MJIDPBFG_02993	HKNPDCAD_03836	1026	exact
TH2	gene_MJIDPBFG_02994	HKNPDCAD_03835	627	exact
TH2	gene_MJIDPBFG_02995	HKNPDCAD_03834	165	exact
TH2	gene_MJIDPBFG_02996		459	no exact sequence match
TH2	gene_MJIDPBFG_02997		1740	no exact sequence match
TH2	gene_MJIDPBFG_02998	HKNPDCAD_03829	504	exact
TH2	gene_MJIDPBFG_02999	HKNPDCAD_03828	222	exact
TH2	gene_MJIDPBFG_03000	HKNPDCAD_03827	582	exact
TH2	gene_MJIDPBFG_03001		942	no exact sequence match
TH2	gene_MJIDPBFG_03002	HKNPDCAD_03825	129	exact
TH2	gene_MJIDPBFG_03003		1257	no exact sequence match
TH2	gene_MJIDPBFG_03004	HKNPDCAD_03823	516	exact
TH2	gene_MJIDPBFG_03005	HKNPDCAD_03822	888	exact
TH2	gene_MJIDPBFG_03006	HKNPDCAD_03821	504	exact
TH2	gene_MJIDPBFG_03007	HKNPDCAD_03820	747	exact
TH2	gene_MJIDPBFG_03008	HKNPDCAD_03819	660	exact
TH2	gene_MJIDPBFG_03009	HKNPDCAD_03818	723	exact
TH2	gene_MJIDPBFG_03010	HKNPDCAD_03817	195	exact
TH2	gene_MJIDPBFG_03011	HKNPDCAD_03816	2064	exact
TH2	gene_MJIDPBFG_03012		903	no exact sequence match
TH2	gene_MJIDPBFG_03013	HKNPDCAD_03814	261	exact
TH2	gene_MJIDPBFG_03014		1926	no exact sequence match
TH2	gene_MJIDPBFG_03015	HKNPDCAD_03812	675	exact
TH2	gene_MJIDPBFG_03016	HKNPDCAD_03811	267	exact
TH2	gene_MJIDPBFG_03017	HKNPDCAD_03810	261	exact
TH2	gene_MJIDPBFG_03018	HKNPDCAD_03809	1086	exact
TH2	gene_MJIDPBFG_03019	HKNPDCAD_03808	963	exact
TH2	gene_MJIDPBFG_03020		2286	no exact sequence match
TH2	gene_MJIDPBFG_03021	HKNPDCAD_03805	450	exact
TH2	gene_MJIDPBFG_03022	HKNPDCAD_03804	1365	exact
TH2	gene_MJIDPBFG_03023	HKNPDCAD_03803	672	exact
TH2	gene_MJIDPBFG_03024		249	no exact sequence match
TH2	gene_MJIDPBFG_03025		747	no exact sequence match
TH2	gene_MJIDPBFG_03026	HKNPDCAD_03801	1737	exact
TH2	gene_MJIDPBFG_03027	HKNPDCAD_03800	1134	exact
TH2	gene_MJIDPBFG_03028	HKNPDCAD_03799	1107	exact
TH2	gene_MJIDPBFG_03029	HKNPDCAD_03798	411	exact
TH2	gene_MJIDPBFG_03030		441	no exact sequence match
TH2	gene_MJIDPBFG_03031		372	no exact sequence match
TH2	gene_MJIDPBFG_03032	HKNPDCAD_03796	1242	exact
TH2	gene_MJIDPBFG_03033	HKNPDCAD_03795	957	exact
TH2	gene_MJIDPBFG_03034	HKNPDCAD_03794	714	exact
TH2	gene_MJIDPBFG_03035	HKNPDCAD_03793	648	exact
TH2	gene_MJIDPBFG_03036	HKNPDCAD_03792	705	exact
TH2	gene_MJIDPBFG_03037	HKNPDCAD_03791	453	exact
TH2	gene_MJIDPBFG_03038		207	no exact sequence match
TH2	gene_MJIDPBFG_03039	HKNPDCAD_03789	486	exact
TH2	gene_MJIDPBFG_03040	HKNPDCAD_03788	513	exact
TH2	gene_MJIDPBFG_03041	HKNPDCAD_03787	990	exact
TH2	gene_MJIDPBFG_03042	HKNPDCAD_03786	909	exact
TH2	gene_MJIDPBFG_03043	HKNPDCAD_03785	2022	exact
TH2	gene_MJIDPBFG_03044	HKNPDCAD_03784	678	exact
TH2	gene_MJIDPBFG_03045	HKNPDCAD_03783	741	exact
TH2	gene_MJIDPBFG_03046	HKNPDCAD_03782	462	exact
TH2	gene_MJIDPBFG_03047	HKNPDCAD_03781	165	exact
TH2	gene_MJIDPBFG_03048	HKNPDCAD_03780	519	exact
TH2	gene_MJIDPBFG_03049	HKNPDCAD_03779	1041	exact
TH2	gene_MJIDPBFG_03050	HKNPDCAD_03778	1290	exact
TH2	gene_MJIDPBFG_03051	HKNPDCAD_03777	477	exact
TH2	gene_MJIDPBFG_03052	HKNPDCAD_03776	1284	exact
TH2	gene_MJIDPBFG_03053	HKNPDCAD_03775	2262	exact
TH2	gene_MJIDPBFG_03054		1434	no exact sequence match
TH2	gene_MJIDPBFG_03055	HKNPDCAD_03772	1053	exact
TH2	gene_MJIDPBFG_03056	HKNPDCAD_03771	954	exact
TH2	gene_MJIDPBFG_03057	HKNPDCAD_03770	996	exact
TH2	gene_MJIDPBFG_03058	HKNPDCAD_03769	915	exact
TH2	gene_MJIDPBFG_03059	HKNPDCAD_03768	1059	exact
TH2	gene_MJIDPBFG_03060	HKNPDCAD_03767	582	exact
TH2	gene_MJIDPBFG_03061	HKNPDCAD_03766	774	exact
TH2	gene_MJIDPBFG_03062	HKNPDCAD_03765	150	exact
TH2	gene_MJIDPBFG_03063	HKNPDCAD_03764	789	exact
TH2	gene_MJIDPBFG_03064		1473	no exact sequence match
TH2	gene_MJIDPBFG_03065	HKNPDCAD_03761	1017	exact
TH2	gene_MJIDPBFG_03066	HKNPDCAD_03760	1047	exact
TH2	gene_MJIDPBFG_03067	HKNPDCAD_03759	1149	exact
TH2	gene_MJIDPBFG_03068	HKNPDCAD_03758	1041	exact
TH2	gene_MJIDPBFG_03069	HKNPDCAD_03757	753	exact
TH2	gene_MJIDPBFG_03070		1053	no exact sequence match
TH2	gene_MJIDPBFG_03071	HKNPDCAD_03754	381	exact
TH2	gene_MJIDPBFG_03072	HKNPDCAD_03753	942	exact
TH2	gene_MJIDPBFG_03073		705	no exact sequence match
TH2	gene_MJIDPBFG_03074	HKNPDCAD_03751	915	exact
TH2	gene_MJIDPBFG_03082	HKNPDCAD_03743	792	exact
TH2	gene_MJIDPBFG_03083	HKNPDCAD_03742	522	exact
TH2	gene_MJIDPBFG_03084	HKNPDCAD_03741	1293	exact
TH2	gene_MJIDPBFG_03085	HKNPDCAD_03740	1101	exact
TH2	gene_MJIDPBFG_03086	HKNPDCAD_03739	429	exact
TH2	gene_MJIDPBFG_03087	HKNPDCAD_03738	693	exact
TH2	gene_MJIDPBFG_03088	HKNPDCAD_03737	405	exact
TH2	gene_MJIDPBFG_03089	HKNPDCAD_03736	294	exact
TH2	gene_MJIDPBFG_03090	HKNPDCAD_03735	114	exact
TH2	gene_MJIDPBFG_03091	HKNPDCAD_03734	1140	exact
TH2	gene_MJIDPBFG_03092	HKNPDCAD_03733	1569	exact
TH2	gene_MJIDPBFG_03093		1548	no exact sequence match
TH2	gene_MJIDPBFG_03094		1101	no exact sequence match
TH2	gene_MJIDPBFG_03095	HKNPDCAD_03731	921	exact
TH2	gene_MJIDPBFG_03096	HKNPDCAD_03730	690	exact
TH2	gene_MJIDPBFG_03097	HKNPDCAD_03729	357	exact
TH2	gene_MJIDPBFG_03098	HKNPDCAD_03728	723	exact
TH2	gene_MJIDPBFG_03099	HKNPDCAD_03727	870	exact
TH2	gene_MJIDPBFG_03100	HKNPDCAD_03726	1167	exact
TH2	gene_MJIDPBFG_03101	HKNPDCAD_03725	1218	exact
TH2	gene_MJIDPBFG_03102	HKNPDCAD_03724	2802	exact
TH2	gene_MJIDPBFG_03103	HKNPDCAD_03723	717	exact
TH2	gene_MJIDPBFG_03104	HKNPDCAD_03722	1767	exact
TH2	gene_MJIDPBFG_03105	HKNPDCAD_03721	348	exact
TH2	gene_MJIDPBFG_03106	HKNPDCAD_03720	405	exact
TH2	gene_MJIDPBFG_03107	HKNPDCAD_03719	108	exact
TH2	gene_MJIDPBFG_03108		591	no exact sequence match
TH2	gene_MJIDPBFG_03109		684	no exact sequence match
TH2	gene_MJIDPBFG_03110	HKNPDCAD_03717	567	exact
TH2	gene_MJIDPBFG_03111		231	no exact sequence match
TH2	gene_MJIDPBFG_03112	HKNPDCAD_00014;HKNPDCAD_00491;HKNPDCAD_00547;HKNPDCAD_00683;HKNPDCAD_01138;HKNPDCAD_01214;HKNPDCAD_01355;HKNPDCAD_01367;HKNPDCAD_01536;HKNPDCAD_02098;HKNPDCAD_02101;HKNPDCAD_02785;HKNPDCAD_03291;HKNPDCAD_03715	378	exact
TH2	gene_MJIDPBFG_03113	HKNPDCAD_00490;HKNPDCAD_00548;HKNPDCAD_00682;HKNPDCAD_01139;HKNPDCAD_01213;HKNPDCAD_01356;HKNPDCAD_01366;HKNPDCAD_01537;HKNPDCAD_02097;HKNPDCAD_02102;HKNPDCAD_02784;HKNPDCAD_03292;HKNPDCAD_03714	276	exact
TH2	gene_MJIDPBFG_03114		537	no exact sequence match
TH2	gene_MJIDPBFG_03115		1503	no exact sequence match
TH2	gene_MJIDPBFG_03116	HKNPDCAD_03712	729	exact
TH2	gene_MJIDPBFG_03117	HKNPDCAD_03711	1062	exact
TH2	gene_MJIDPBFG_03118	HKNPDCAD_03710	1047	exact
TH2	gene_MJIDPBFG_03119	HKNPDCAD_03709	792	exact
TH2	gene_MJIDPBFG_03120	HKNPDCAD_03708	735	exact
TH2	gene_MJIDPBFG_03121	HKNPDCAD_03707	933	exact
TH2	gene_MJIDPBFG_03122	HKNPDCAD_03706	657	exact
TH2	gene_MJIDPBFG_03123	HKNPDCAD_03705	744	exact
TH2	gene_MJIDPBFG_03124	HKNPDCAD_03704	1482	exact
TH2	gene_MJIDPBFG_03125	HKNPDCAD_03703	1419	exact
TH2	gene_MJIDPBFG_03126	HKNPDCAD_03702	510	exact
TH2	gene_MJIDPBFG_03127	HKNPDCAD_03701	669	exact
TH2	gene_MJIDPBFG_03128	HKNPDCAD_03700	255	exact
TH2	gene_MJIDPBFG_03129	HKNPDCAD_03699	570	exact
TH2	gene_MJIDPBFG_03130	HKNPDCAD_03698	1434	exact
TH2	gene_MJIDPBFG_03131	HKNPDCAD_03697	327	exact
TH2	gene_MJIDPBFG_03132		3315	no exact sequence match
TH2	gene_MJIDPBFG_03133	HKNPDCAD_03695	774	exact
TH2	gene_MJIDPBFG_03134	HKNPDCAD_03694	207	exact
TH2	gene_MJIDPBFG_03135	HKNPDCAD_03693	1674	exact
TH2	gene_MJIDPBFG_03136		2049	no exact sequence match
TH2	gene_MJIDPBFG_03137	HKNPDCAD_03690	573	exact
TH2	gene_MJIDPBFG_03138	HKNPDCAD_03689	453	exact
TH2	gene_MJIDPBFG_03139		456	no exact sequence match
TH2	gene_MJIDPBFG_03140		1701	no exact sequence match
TH2	gene_MJIDPBFG_03141	HKNPDCAD_03687	678	exact
TH2	gene_MJIDPBFG_03142	HKNPDCAD_03686	258	exact
TH2	gene_MJIDPBFG_03143	HKNPDCAD_03685	2199	exact
TH2	gene_MJIDPBFG_03144	HKNPDCAD_03684	1251	exact
TH2	gene_MJIDPBFG_03145	HKNPDCAD_03683	90	exact
TH2	gene_MJIDPBFG_03146	HKNPDCAD_03682	1641	exact
TH2	gene_MJIDPBFG_03147	HKNPDCAD_03681	546	exact
TH2	gene_MJIDPBFG_03148	HKNPDCAD_03680	765	exact
TH2	gene_MJIDPBFG_03149	HKNPDCAD_03679	363	exact
TH2	gene_MJIDPBFG_03150		531	no exact sequence match
TH2	gene_MJIDPBFG_03151	HKNPDCAD_03677	447	exact
TH2	gene_MJIDPBFG_03152	HKNPDCAD_03676	327	exact
TH2	gene_MJIDPBFG_03153	HKNPDCAD_03675	1407	exact
TH2	gene_MJIDPBFG_03154	HKNPDCAD_03674	1665	exact
TH2	gene_MJIDPBFG_03155	HKNPDCAD_03673	1947	exact
TH2	gene_MJIDPBFG_03156	HKNPDCAD_03672	801	exact
TH2	gene_MJIDPBFG_03157		507	no exact sequence match
TH2	gene_MJIDPBFG_03158		645	no exact sequence match
TH2	gene_MJIDPBFG_03159	HKNPDCAD_03669	1221	exact
TH2	gene_MJIDPBFG_03160	HKNPDCAD_03668	753	exact
TH2	gene_MJIDPBFG_03161	HKNPDCAD_03667	1665	exact
TH2	gene_MJIDPBFG_03169	HKNPDCAD_03659	1176	exact
TH2	gene_MJIDPBFG_03170	HKNPDCAD_03658	1425	exact
TH2	gene_MJIDPBFG_03171	HKNPDCAD_03657	1080	exact
TH2	gene_MJIDPBFG_03172	HKNPDCAD_03656	468	exact
TH2	gene_MJIDPBFG_03173	HKNPDCAD_03655	879	exact
TH2	gene_MJIDPBFG_03174	HKNPDCAD_03654	1539	exact
TH2	gene_MJIDPBFG_03175	HKNPDCAD_03653	957	exact
TH2	gene_MJIDPBFG_03176	HKNPDCAD_03652	798	exact
TH2	gene_MJIDPBFG_03177	HKNPDCAD_03651	909	exact
TH2	gene_MJIDPBFG_03178	HKNPDCAD_03650	741	exact
TH2	gene_MJIDPBFG_03179	HKNPDCAD_03649	675	exact
TH2	gene_MJIDPBFG_03180	HKNPDCAD_03648	726	exact
TH2	gene_MJIDPBFG_03181	HKNPDCAD_03647	936	exact
TH2	gene_MJIDPBFG_03182	HKNPDCAD_03646	1671	exact
TH2	gene_MJIDPBFG_03183	HKNPDCAD_03645	1452	exact
TH2	gene_MJIDPBFG_03184	HKNPDCAD_03644	708	exact
TH2	gene_MJIDPBFG_03185	HKNPDCAD_03643	555	exact
TH2	gene_MJIDPBFG_03186	HKNPDCAD_03642	1428	exact
TH2	gene_MJIDPBFG_03187	HKNPDCAD_03641	327	exact
TH2	gene_MJIDPBFG_03188	HKNPDCAD_03640	375	exact
TH2	gene_MJIDPBFG_03189	HKNPDCAD_03639	978	exact
TH2	gene_MJIDPBFG_03190	HKNPDCAD_03638	483	exact
TH2	gene_MJIDPBFG_03191	HKNPDCAD_03637	2583	exact
TH2	gene_MJIDPBFG_03192	HKNPDCAD_03636	582	exact
TH2	gene_MJIDPBFG_03193	HKNPDCAD_03635	1032	exact
TH2	gene_MJIDPBFG_03194	HKNPDCAD_03634	642	exact
TH2	gene_MJIDPBFG_03195	HKNPDCAD_03633	564	exact
TH2	gene_MJIDPBFG_03196	HKNPDCAD_03632	318	exact
TH2	gene_MJIDPBFG_03197	HKNPDCAD_03631	468	exact
TH2	gene_MJIDPBFG_03198		1902	no exact sequence match
TH2	gene_MJIDPBFG_03199	HKNPDCAD_03628	1113	exact
TH2	gene_MJIDPBFG_03200	HKNPDCAD_03627	1089	exact
TH2	gene_MJIDPBFG_03201	HKNPDCAD_03626	1284	exact
TH2	gene_MJIDPBFG_03202	HKNPDCAD_03625	264	exact
TH2	gene_MJIDPBFG_03203	HKNPDCAD_03624	642	exact
TH2	gene_MJIDPBFG_03204	HKNPDCAD_03623	954	exact
TH2	gene_MJIDPBFG_03205	HKNPDCAD_03622	966	exact
TH2	gene_MJIDPBFG_03206	HKNPDCAD_03621	204	exact
TH2	gene_MJIDPBFG_03207	HKNPDCAD_03620	789	exact
TH2	gene_MJIDPBFG_03208	HKNPDCAD_03619	384	exact
TH2	gene_MJIDPBFG_03209	HKNPDCAD_03618	210	exact
TH2	gene_MJIDPBFG_03210	HKNPDCAD_03617	561	exact
TH2	gene_MJIDPBFG_03211	HKNPDCAD_03616	1386	exact
TH2	gene_MJIDPBFG_03212	HKNPDCAD_03615	681	exact
TH2	gene_MJIDPBFG_03213	HKNPDCAD_03614	789	exact
TH2	gene_MJIDPBFG_03214	HKNPDCAD_03613	891	exact
TH2	gene_MJIDPBFG_03215	HKNPDCAD_03612	1059	exact
TH2	gene_MJIDPBFG_03216	HKNPDCAD_03611	297	exact
TH2	gene_MJIDPBFG_03217	HKNPDCAD_03610	909	exact
TH2	gene_MJIDPBFG_03218	HKNPDCAD_03609	1533	exact
TH2	gene_MJIDPBFG_03219	HKNPDCAD_03608	552	exact
TH2	gene_MJIDPBFG_03220		849	no exact sequence match
TH2	gene_MJIDPBFG_03221		1464	no exact sequence match
TH2	gene_MJIDPBFG_03222	HKNPDCAD_03604	807	exact
TH2	gene_MJIDPBFG_03223	HKNPDCAD_03603	411	exact
TH2	gene_MJIDPBFG_03224	HKNPDCAD_03602	90	exact
TH2	gene_MJIDPBFG_03225		1239	no exact sequence match
TH2	gene_MJIDPBFG_03226	HKNPDCAD_03599	429	exact
TH2	gene_MJIDPBFG_03227	HKNPDCAD_03598	1596	exact
TH2	gene_MJIDPBFG_03228	HKNPDCAD_03597	564	exact
TH2	gene_MJIDPBFG_03229	HKNPDCAD_03596	747	exact
TH2	gene_MJIDPBFG_03230	HKNPDCAD_03595	903	exact
TH2	gene_MJIDPBFG_03231	HKNPDCAD_03594	1221	exact
TH2	gene_MJIDPBFG_03232		288	no exact sequence match
TH2	gene_MJIDPBFG_03233		336	no exact sequence match
TH2	gene_MJIDPBFG_03234	HKNPDCAD_03592	1161	exact
TH2	gene_MJIDPBFG_03235	HKNPDCAD_03591	1089	exact
TH2	gene_MJIDPBFG_03236	HKNPDCAD_03590	198	exact
TH2	gene_MJIDPBFG_03237		2106	no exact sequence match
TH2	gene_MJIDPBFG_03238	HKNPDCAD_03588	414	exact
TH2	gene_MJIDPBFG_03239		747	no exact sequence match
TH2	gene_MJIDPBFG_03240		858	no exact sequence match
TH2	gene_MJIDPBFG_03241	HKNPDCAD_03584	1611	exact
TH2	gene_MJIDPBFG_03242	HKNPDCAD_03583	1176	exact
TH2	gene_MJIDPBFG_03243	HKNPDCAD_03582	957	exact
TH2	gene_MJIDPBFG_03244	HKNPDCAD_03581	1251	exact
TH2	gene_MJIDPBFG_03245	HKNPDCAD_03580	1005	exact
TH2	gene_MJIDPBFG_03246	HKNPDCAD_03579	993	exact
TH2	gene_MJIDPBFG_03247	HKNPDCAD_03578	816	exact
TH2	gene_MJIDPBFG_03248	HKNPDCAD_03577	1134	exact
TH2	gene_MJIDPBFG_03249	HKNPDCAD_03576	3882	exact
TH2	gene_MJIDPBFG_03250	HKNPDCAD_03575	219	exact
TH2	gene_MJIDPBFG_03251	HKNPDCAD_03574	1203	exact
TH2	gene_MJIDPBFG_03252	HKNPDCAD_03573	2241	exact
TH2	gene_MJIDPBFG_03253	HKNPDCAD_03572	744	exact
TH2	gene_MJIDPBFG_03254	HKNPDCAD_01116;HKNPDCAD_03571;HKNPDCAD_05427	945	exact
TH2	gene_MJIDPBFG_03255	HKNPDCAD_01115;HKNPDCAD_03570;HKNPDCAD_05428	234	exact
TH2	gene_MJIDPBFG_03256	HKNPDCAD_03569	153	exact
TH2	gene_MJIDPBFG_03257	HKNPDCAD_01983;HKNPDCAD_03568	852	exact
TH2	gene_MJIDPBFG_03258	HKNPDCAD_01982;HKNPDCAD_03567	522	exact
TH2	gene_MJIDPBFG_03259	HKNPDCAD_03566	1119	exact
TH2	gene_MJIDPBFG_03260	HKNPDCAD_03565	249	exact
TH2	gene_MJIDPBFG_03261	HKNPDCAD_03564	369	exact
TH2	gene_MJIDPBFG_03262	HKNPDCAD_03563	654	exact
TH2	gene_MJIDPBFG_03263	HKNPDCAD_03562	1248	exact
TH2	gene_MJIDPBFG_03264	HKNPDCAD_03561	633	exact
TH2	gene_MJIDPBFG_03265	HKNPDCAD_03560	738	exact
TH2	gene_MJIDPBFG_03266	HKNPDCAD_03559	3144	exact
TH2	gene_MJIDPBFG_03267	HKNPDCAD_03558	1224	exact
TH2	gene_MJIDPBFG_03268	HKNPDCAD_03557	333	exact
TH2	gene_MJIDPBFG_03269	HKNPDCAD_03556	1374	exact
TH2	gene_MJIDPBFG_03270	HKNPDCAD_03555	684	exact
TH2	gene_MJIDPBFG_03271		399	no exact sequence match
TH2	gene_MJIDPBFG_03272		1053	no exact sequence match
TH2	gene_MJIDPBFG_03273	HKNPDCAD_03553	1902	exact
TH2	gene_MJIDPBFG_03274	HKNPDCAD_03552	462	exact
TH2	gene_MJIDPBFG_03275	HKNPDCAD_03551	177	exact
TH2	gene_MJIDPBFG_03276		726	no exact sequence match
TH2	gene_MJIDPBFG_03277	HKNPDCAD_03549	636	exact
TH2	gene_MJIDPBFG_03278	HKNPDCAD_03548	2067	exact
TH2	gene_MJIDPBFG_03279	HKNPDCAD_03547	2973	exact
TH2	gene_MJIDPBFG_03280	HKNPDCAD_03546	891	exact
TH2	gene_MJIDPBFG_03281	HKNPDCAD_03545	762	exact
TH2	gene_MJIDPBFG_03282	HKNPDCAD_03544	954	exact
TH2	gene_MJIDPBFG_03283		750	no exact sequence match
TH2	gene_MJIDPBFG_03284	HKNPDCAD_03543	186	exact
TH2	gene_MJIDPBFG_03285	HKNPDCAD_03542	657	exact
TH2	gene_MJIDPBFG_03286	HKNPDCAD_03541	585	exact
TH2	gene_MJIDPBFG_03287	HKNPDCAD_03540	756	exact
TH2	gene_MJIDPBFG_03288	HKNPDCAD_03539	540	exact
TH2	gene_MJIDPBFG_03289	HKNPDCAD_03538	411	exact
TH2	gene_MJIDPBFG_03290	HKNPDCAD_03537	165	exact
TH2	gene_MJIDPBFG_03291	HKNPDCAD_03536	276	exact
TH2	gene_MJIDPBFG_03292	HKNPDCAD_03535;HKNPDCAD_04952	888	exact
TH2	gene_MJIDPBFG_03293	HKNPDCAD_03534	246	exact
TH2	gene_MJIDPBFG_03294	HKNPDCAD_03533	534	exact
TH2	gene_MJIDPBFG_03295	HKNPDCAD_03532	273	exact
TH2	gene_MJIDPBFG_03296	HKNPDCAD_03531	345	exact
TH2	gene_MJIDPBFG_03297	HKNPDCAD_03530	216	exact
TH2	gene_MJIDPBFG_03298	HKNPDCAD_03529	1083	exact
TH2	gene_MJIDPBFG_03299	HKNPDCAD_03528	384	exact
TH2	gene_MJIDPBFG_03300	HKNPDCAD_03527	138	exact
TH2	gene_MJIDPBFG_03301	HKNPDCAD_03526	363	exact
TH2	gene_MJIDPBFG_03302	HKNPDCAD_03525	291	exact
TH2	gene_MJIDPBFG_03303	HKNPDCAD_03524	171	exact
TH2	gene_MJIDPBFG_03304	HKNPDCAD_03523	456	exact
TH2	gene_MJIDPBFG_03305	HKNPDCAD_03522	483	exact
TH2	gene_MJIDPBFG_03306	HKNPDCAD_03521	321	exact
TH2	gene_MJIDPBFG_03307	HKNPDCAD_03520	207	exact
TH2	gene_MJIDPBFG_03308	HKNPDCAD_03519	297	exact
TH2	gene_MJIDPBFG_03309	HKNPDCAD_03518	786	exact
TH2	gene_MJIDPBFG_03310	HKNPDCAD_03517	681	exact
TH2	gene_MJIDPBFG_03311	HKNPDCAD_03516	183	exact
TH2	gene_MJIDPBFG_03312	HKNPDCAD_03515	192	exact
TH2	gene_MJIDPBFG_03313	HKNPDCAD_03514	216	exact
TH2	gene_MJIDPBFG_03314	HKNPDCAD_03513	219	exact
TH2	gene_MJIDPBFG_03315	HKNPDCAD_03512	279	exact
TH2	gene_MJIDPBFG_03316	HKNPDCAD_03511	1164	exact
TH2	gene_MJIDPBFG_03318	HKNPDCAD_03509	633	exact
TH2	gene_MJIDPBFG_03319	HKNPDCAD_03508	516	exact
TH2	gene_MJIDPBFG_03320	HKNPDCAD_03507	585	exact
TH2	gene_MJIDPBFG_03321	HKNPDCAD_03506	393	exact
TH2	gene_MJIDPBFG_03322		1554	no exact sequence match
TH2	gene_MJIDPBFG_03323		1095	no exact sequence match
TH2	gene_MJIDPBFG_03324		312	no exact sequence match
TH2	gene_MJIDPBFG_03325		327	no exact sequence match
TH2	gene_MJIDPBFG_03326	HKNPDCAD_03503	543	exact
TH2	gene_MJIDPBFG_03327	HKNPDCAD_03502	867	exact
TH2	gene_MJIDPBFG_03328	HKNPDCAD_03501	213	exact
TH2	gene_MJIDPBFG_03329	HKNPDCAD_03500	522	exact
TH2	gene_MJIDPBFG_03330	HKNPDCAD_03499	1386	exact
TH2	gene_MJIDPBFG_03331	HKNPDCAD_03498	495	exact
TH2	gene_MJIDPBFG_03332		549	no exact sequence match
TH2	gene_MJIDPBFG_03333	HKNPDCAD_03496	510	exact
TH2	gene_MJIDPBFG_03334	HKNPDCAD_03495	1068	exact
TH2	gene_MJIDPBFG_03335	HKNPDCAD_03494	894	exact
TH2	gene_MJIDPBFG_03336	HKNPDCAD_03493	816	exact
TH2	gene_MJIDPBFG_03337		1002	no exact sequence match
TH2	gene_MJIDPBFG_03338	HKNPDCAD_03491	261	exact
TH2	gene_MJIDPBFG_03339	HKNPDCAD_03490	1668	exact
TH2	gene_MJIDPBFG_03340	HKNPDCAD_03489	1050	exact
TH2	gene_MJIDPBFG_03341		198	no exact sequence match
TH2	gene_MJIDPBFG_03342		1098	no exact sequence match
TH2	gene_MJIDPBFG_03343	HKNPDCAD_03487	786	exact
TH2	gene_MJIDPBFG_03344		879	no exact sequence match
TH2	gene_MJIDPBFG_03345		261	no exact sequence match
TH2	gene_MJIDPBFG_03346	HKNPDCAD_03484	1302	exact
TH2	gene_MJIDPBFG_03347	HKNPDCAD_03483	1362	exact
TH2	gene_MJIDPBFG_03348	HKNPDCAD_03482	1455	exact
TH2	gene_MJIDPBFG_03349		561	no exact sequence match
TH2	gene_MJIDPBFG_03350		327	no exact sequence match
TH2	gene_MJIDPBFG_03351	HKNPDCAD_03480	384	exact
TH2	gene_MJIDPBFG_03352	HKNPDCAD_03479	261	exact
TH2	gene_MJIDPBFG_03353	HKNPDCAD_03478	1782	exact
TH2	gene_MJIDPBFG_03354		816	no exact sequence match
TH2	gene_MJIDPBFG_03355	HKNPDCAD_03476	483	exact
TH2	gene_MJIDPBFG_03356	HKNPDCAD_03475	927	exact
TH2	gene_MJIDPBFG_03357	HKNPDCAD_03474	1095	exact
TH2	gene_MJIDPBFG_03358	HKNPDCAD_03473	399	exact
TH2	gene_MJIDPBFG_03359	HKNPDCAD_03472	261	exact
TH2	gene_MJIDPBFG_03360	HKNPDCAD_03471	249	exact
TH2	gene_MJIDPBFG_03361		369	no exact sequence match
TH2	gene_MJIDPBFG_03362	HKNPDCAD_03468	186	exact
TH2	gene_MJIDPBFG_03363	HKNPDCAD_03467	3168	exact
TH2	gene_MJIDPBFG_03364	HKNPDCAD_03466	567	exact
TH2	gene_MJIDPBFG_03365		2049	no exact sequence match
TH2	gene_MJIDPBFG_03366	HKNPDCAD_03464	357	exact
TH2	gene_MJIDPBFG_03367	HKNPDCAD_03463	687	exact
TH2	gene_MJIDPBFG_03368	HKNPDCAD_03462	594	exact
TH2	gene_MJIDPBFG_03369	HKNPDCAD_03461	810	exact
TH2	gene_MJIDPBFG_03370	HKNPDCAD_03460	855	exact
TH2	gene_MJIDPBFG_03371	HKNPDCAD_03459	780	exact
TH2	gene_MJIDPBFG_03372	HKNPDCAD_03458	678	exact
TH2	gene_MJIDPBFG_03373		516	no exact sequence match
TH2	gene_MJIDPBFG_03374		405	no exact sequence match
TH2	gene_MJIDPBFG_03375	HKNPDCAD_03456	459	exact
TH2	gene_MJIDPBFG_03376	HKNPDCAD_03455	408	exact
TH2	gene_MJIDPBFG_03377	HKNPDCAD_03454	663	exact
TH2	gene_MJIDPBFG_03378	HKNPDCAD_03453	603	exact
TH2	gene_MJIDPBFG_03379	HKNPDCAD_03452	933	exact
TH2	gene_MJIDPBFG_03380		2505	no exact sequence match
TH2	gene_MJIDPBFG_03381	HKNPDCAD_03449	396	exact
TH2	gene_MJIDPBFG_03382	HKNPDCAD_03448	795	exact
TH2	gene_MJIDPBFG_03383	HKNPDCAD_03447	549	exact
TH2	gene_MJIDPBFG_03384	HKNPDCAD_03446	1653	exact
TH2	gene_MJIDPBFG_03385		1221	no exact sequence match
TH2	gene_MJIDPBFG_03386	HKNPDCAD_03444	1677	exact
TH2	gene_MJIDPBFG_03387	HKNPDCAD_03443	1167	exact
TH2	gene_MJIDPBFG_03388	HKNPDCAD_03442	960	exact
TH2	gene_MJIDPBFG_03389	HKNPDCAD_03441	933	exact
TH2	gene_MJIDPBFG_03390	HKNPDCAD_03440	789	exact
TH2	gene_MJIDPBFG_03391	HKNPDCAD_03439	1875	exact
TH2	gene_MJIDPBFG_03392		606	no exact sequence match
TH2	gene_MJIDPBFG_03393	HKNPDCAD_03436	330	exact
TH2	gene_MJIDPBFG_03394	HKNPDCAD_03435	1935	exact
TH2	gene_MJIDPBFG_03395	HKNPDCAD_03434	552	exact
TH2	gene_MJIDPBFG_03396	HKNPDCAD_03433	378	exact
TH2	gene_MJIDPBFG_03397	HKNPDCAD_03432	528	exact
TH2	gene_MJIDPBFG_03398	HKNPDCAD_03431	162	exact
TH2	gene_MJIDPBFG_03399	HKNPDCAD_03430	3363	exact
TH2	gene_MJIDPBFG_03400	HKNPDCAD_03429	648	exact
TH2	gene_MJIDPBFG_03401	HKNPDCAD_03428	1194	exact
TH2	gene_MJIDPBFG_03402		3114	no exact sequence match
TH2	gene_MJIDPBFG_03403	HKNPDCAD_03426	375	exact
TH2	gene_MJIDPBFG_03404	HKNPDCAD_03425	219	exact
TH2	gene_MJIDPBFG_03405	HKNPDCAD_03424	552	exact
TH2	gene_MJIDPBFG_03406		156	no exact sequence match
TH2	gene_MJIDPBFG_03407		315	no exact sequence match
TH2	gene_MJIDPBFG_03408	HKNPDCAD_03422	1551	exact
TH2	gene_MJIDPBFG_03409	HKNPDCAD_03421	354	exact
TH2	gene_MJIDPBFG_03410	HKNPDCAD_03420	312	exact
TH2	gene_MJIDPBFG_03411	HKNPDCAD_03419	573	exact
TH2	gene_MJIDPBFG_03412	HKNPDCAD_03418	861	exact
TH2	gene_MJIDPBFG_03413	HKNPDCAD_03417	726	exact
TH2	gene_MJIDPBFG_03414	HKNPDCAD_03416	609	exact
TH2	gene_MJIDPBFG_03415	HKNPDCAD_03415	153	exact
TH2	gene_MJIDPBFG_03416	HKNPDCAD_03414	177	exact
TH2	gene_MJIDPBFG_03417	HKNPDCAD_03413	1782	exact
TH2	gene_MJIDPBFG_03418		1014	no exact sequence match
TH2	gene_MJIDPBFG_03419		816	no exact sequence match
TH2	gene_MJIDPBFG_03420	HKNPDCAD_03411	459	exact
TH2	gene_MJIDPBFG_03421	HKNPDCAD_03410	819	exact
TH2	gene_MJIDPBFG_03422		789	no exact sequence match
TH2	gene_MJIDPBFG_03423		540	no exact sequence match
TH2	gene_MJIDPBFG_03424		330	no exact sequence match
TH2	gene_MJIDPBFG_03425	HKNPDCAD_03408	696	exact
TH2	gene_MJIDPBFG_03426	HKNPDCAD_03407	399	exact
TH2	gene_MJIDPBFG_03427	HKNPDCAD_03406	372	exact
TH2	gene_MJIDPBFG_03428	HKNPDCAD_03405	1872	exact
TH2	gene_MJIDPBFG_03429	HKNPDCAD_03404	273	exact
TH2	gene_MJIDPBFG_03430		2355	no exact sequence match
TH2	gene_MJIDPBFG_03431	HKNPDCAD_03401	1275	exact
TH2	gene_MJIDPBFG_03432	HKNPDCAD_03400	624	exact
TH2	gene_MJIDPBFG_03433	HKNPDCAD_03399	1299	exact
TH2	gene_MJIDPBFG_03434	HKNPDCAD_03398	315	exact
TH2	gene_MJIDPBFG_03435	HKNPDCAD_03397	579	exact
TH2	gene_MJIDPBFG_03436	HKNPDCAD_03396	1476	exact
TH2	gene_MJIDPBFG_03437	HKNPDCAD_03395	948	exact
TH2	gene_MJIDPBFG_03438		1992	no exact sequence match
TH2	gene_MJIDPBFG_03439		615	no exact sequence match
TH2	gene_MJIDPBFG_03440	HKNPDCAD_03391	330	exact
TH2	gene_MJIDPBFG_03441	HKNPDCAD_03390	891	exact
TH2	gene_MJIDPBFG_03442	HKNPDCAD_03389	1365	exact
TH2	gene_MJIDPBFG_03443	HKNPDCAD_03388	492	exact
TH2	gene_MJIDPBFG_03444	HKNPDCAD_03387	912	exact
TH2	gene_MJIDPBFG_03445	HKNPDCAD_03386	591	exact
TH2	gene_MJIDPBFG_03446	HKNPDCAD_03385	1449	exact
TH2	gene_MJIDPBFG_03447	HKNPDCAD_03384	243	exact
TH2	gene_MJIDPBFG_03448	HKNPDCAD_03383	900	exact
TH2	gene_MJIDPBFG_03449		711	no exact sequence match
TH2	gene_MJIDPBFG_03450		1209	no exact sequence match
TH2	gene_MJIDPBFG_03451	HKNPDCAD_03381	975	exact
TH2	gene_MJIDPBFG_03452	HKNPDCAD_03380	519	exact
TH2	gene_MJIDPBFG_03453	HKNPDCAD_03379	978	exact
TH2	gene_MJIDPBFG_03454	HKNPDCAD_03378	420	exact
TH2	gene_MJIDPBFG_03455	HKNPDCAD_03377	471	exact
TH2	gene_MJIDPBFG_03456		1068	no exact sequence match
TH2	gene_MJIDPBFG_03457	HKNPDCAD_03375	450	exact
TH2	gene_MJIDPBFG_03458	HKNPDCAD_03374	540	exact
TH2	gene_MJIDPBFG_03459	HKNPDCAD_03373	885	exact
TH2	gene_MJIDPBFG_03460	HKNPDCAD_03372	348	exact
TH2	gene_MJIDPBFG_03461	HKNPDCAD_03371	972	exact
TH2	gene_MJIDPBFG_03462	HKNPDCAD_03370	1815	exact
TH2	gene_MJIDPBFG_03463	HKNPDCAD_03369	333	exact
TH2	gene_MJIDPBFG_03464	HKNPDCAD_03368	1128	exact
TH2	gene_MJIDPBFG_03465		1071	no exact sequence match
TH2	gene_MJIDPBFG_03466	HKNPDCAD_03365	582	exact
TH2	gene_MJIDPBFG_03467		1818	no exact sequence match
TH2	gene_MJIDPBFG_03468	HKNPDCAD_03362	1374	exact
TH2	gene_MJIDPBFG_03469	HKNPDCAD_03361	1320	exact
TH2	gene_MJIDPBFG_03470		759	no exact sequence match
TH2	gene_MJIDPBFG_03471	HKNPDCAD_03359	564	exact
TH2	gene_MJIDPBFG_03472		192	no exact sequence match
TH2	gene_MJIDPBFG_03473		501	no exact sequence match
TH2	gene_MJIDPBFG_03474	HKNPDCAD_03357	1203	exact
TH2	gene_MJIDPBFG_03475	HKNPDCAD_03356	3144	exact
TH2	gene_MJIDPBFG_03476	HKNPDCAD_03355	1137	exact
TH2	gene_MJIDPBFG_03477	HKNPDCAD_03354	909	exact
TH2	gene_MJIDPBFG_03478	HKNPDCAD_03353	978	exact
TH2	gene_MJIDPBFG_03479	HKNPDCAD_03352	282	exact
TH2	gene_MJIDPBFG_03480	HKNPDCAD_03351	285	exact
TH2	gene_MJIDPBFG_03481	HKNPDCAD_03350	678	exact
TH2	gene_MJIDPBFG_03482	HKNPDCAD_03349	192	exact
TH2	gene_MJIDPBFG_03483	HKNPDCAD_03348	525	exact
TH2	gene_MJIDPBFG_03484	HKNPDCAD_03347	465	exact
TH2	gene_MJIDPBFG_03485		228	no exact sequence match
TH2	gene_MJIDPBFG_03486		585	no exact sequence match
TH2	gene_MJIDPBFG_03487	HKNPDCAD_03345	1116	exact
TH2	gene_MJIDPBFG_03488	HKNPDCAD_03344	210	exact
TH2	gene_MJIDPBFG_03489	HKNPDCAD_03343	1416	exact
TH2	gene_MJIDPBFG_03490	HKNPDCAD_03342	261	exact
TH2	gene_MJIDPBFG_03491	HKNPDCAD_03341	1095	exact
TH2	gene_MJIDPBFG_03492	HKNPDCAD_03340	213	exact
TH2	gene_MJIDPBFG_03493	HKNPDCAD_03339	309	exact
TH2	gene_MJIDPBFG_03494	HKNPDCAD_03338	1095	exact
TH2	gene_MJIDPBFG_03495		1119	no exact sequence match
TH2	gene_MJIDPBFG_03496	HKNPDCAD_03336	102	exact
TH2	gene_MJIDPBFG_03497	HKNPDCAD_03335	1131	exact
TH2	gene_MJIDPBFG_03498	HKNPDCAD_03334	624	exact
TH2	gene_MJIDPBFG_03499	HKNPDCAD_03333	2979	exact
TH2	gene_MJIDPBFG_03500	HKNPDCAD_03332	975	exact
TH2	gene_MJIDPBFG_03501	HKNPDCAD_03331	852	exact
TH2	gene_MJIDPBFG_03502	HKNPDCAD_03330	828	exact
TH2	gene_MJIDPBFG_03503	HKNPDCAD_03329	768	exact
TH2	gene_MJIDPBFG_03504	HKNPDCAD_03328	963	exact
TH2	gene_MJIDPBFG_03505		651	no exact sequence match
TH2	gene_MJIDPBFG_03506	HKNPDCAD_03326	303	exact
TH2	gene_MJIDPBFG_03507	HKNPDCAD_03325	888	exact
TH2	gene_MJIDPBFG_03508	HKNPDCAD_03324	774	exact
TH2	gene_MJIDPBFG_03509	HKNPDCAD_03323	276	exact
TH2	gene_MJIDPBFG_03510	HKNPDCAD_03322	93	exact
TH2	gene_MJIDPBFG_03511	HKNPDCAD_03321	705	exact
TH2	gene_MJIDPBFG_03512	HKNPDCAD_03320	834	exact
TH2	gene_MJIDPBFG_03513	HKNPDCAD_03319	540	exact
TH2	gene_MJIDPBFG_03514	HKNPDCAD_03318	1212	exact
TH2	gene_MJIDPBFG_03515	HKNPDCAD_03317	1014	exact
TH2	gene_MJIDPBFG_03516	HKNPDCAD_03316	339	exact
TH2	gene_MJIDPBFG_03517	HKNPDCAD_03315	612	exact
TH2	gene_MJIDPBFG_03518	HKNPDCAD_03314	810	exact
TH2	gene_MJIDPBFG_03519	HKNPDCAD_03313	867	exact
TH2	gene_MJIDPBFG_03520	HKNPDCAD_03312	945	exact
TH2	gene_MJIDPBFG_03521	HKNPDCAD_03311	1665	exact
TH2	gene_MJIDPBFG_03522	HKNPDCAD_03310	948	exact
TH2	gene_MJIDPBFG_03523	HKNPDCAD_03309	1092	exact
TH2	gene_MJIDPBFG_03524		561	no exact sequence match
TH2	gene_MJIDPBFG_03525		2514	no exact sequence match
TH2	gene_MJIDPBFG_03526	HKNPDCAD_03307	1287	exact
TH2	gene_MJIDPBFG_03527	HKNPDCAD_03306	186	exact
TH2	gene_MJIDPBFG_03528		234	no exact sequence match
TH2	gene_MJIDPBFG_03529	HKNPDCAD_03305	1182	exact
TH2	gene_MJIDPBFG_03530	HKNPDCAD_03304	471	exact
TH2	gene_MJIDPBFG_03531	HKNPDCAD_03303	660	exact
TH2	gene_MJIDPBFG_03532	HKNPDCAD_03302	900	exact
TH2	gene_MJIDPBFG_03533	HKNPDCAD_03301	1284	exact
TH2	gene_MJIDPBFG_03534	HKNPDCAD_03300	1260	exact
TH2	gene_MJIDPBFG_03535	HKNPDCAD_03299	1887	exact
TH2	gene_MJIDPBFG_03536	HKNPDCAD_03298	1452	exact
TH2	gene_MJIDPBFG_03537	HKNPDCAD_03297	1170	exact
TH2	gene_MJIDPBFG_03538	HKNPDCAD_03296	447	exact
TH2	gene_MJIDPBFG_03539	HKNPDCAD_03295	891	exact
TH2	gene_MJIDPBFG_03540	HKNPDCAD_03294	1587	exact
TH2	gene_MJIDPBFG_03541	HKNPDCAD_03293	276	exact
TH2	gene_MJIDPBFG_03542	HKNPDCAD_00490;HKNPDCAD_00548;HKNPDCAD_00682;HKNPDCAD_01139;HKNPDCAD_01213;HKNPDCAD_01356;HKNPDCAD_01366;HKNPDCAD_01537;HKNPDCAD_02097;HKNPDCAD_02102;HKNPDCAD_02784;HKNPDCAD_03292;HKNPDCAD_03714	276	exact
TH2	gene_MJIDPBFG_03543	HKNPDCAD_00014;HKNPDCAD_00491;HKNPDCAD_00547;HKNPDCAD_00683;HKNPDCAD_01138;HKNPDCAD_01214;HKNPDCAD_01355;HKNPDCAD_01367;HKNPDCAD_01536;HKNPDCAD_02098;HKNPDCAD_02101;HKNPDCAD_02785;HKNPDCAD_03291;HKNPDCAD_03715	378	exact
TH2	gene_MJIDPBFG_03544	HKNPDCAD_03290	672	exact
TH2	gene_MJIDPBFG_03546	HKNPDCAD_03288	816	exact
TH2	gene_MJIDPBFG_03547	HKNPDCAD_03287	1050	exact
TH2	gene_MJIDPBFG_03548		1410	no exact sequence match
TH2	gene_MJIDPBFG_03549	HKNPDCAD_03285	951	exact
TH2	gene_MJIDPBFG_03550	HKNPDCAD_03284	321	exact
TH2	gene_MJIDPBFG_03551	HKNPDCAD_03283	1080	exact
TH2	gene_MJIDPBFG_03552	HKNPDCAD_03282	342	exact
TH2	gene_MJIDPBFG_03553	HKNPDCAD_03281	1548	exact
TH2	gene_MJIDPBFG_03554	HKNPDCAD_03280	864	exact
TH2	gene_MJIDPBFG_03555	HKNPDCAD_03279	606	exact
TH2	gene_MJIDPBFG_03556	HKNPDCAD_03278	498	exact
TH2	gene_MJIDPBFG_03557		933	no exact sequence match
TH2	gene_MJIDPBFG_03558	HKNPDCAD_03275	1089	exact
TH2	gene_MJIDPBFG_03559	HKNPDCAD_03274	2034	exact
TH2	gene_MJIDPBFG_03560	HKNPDCAD_03273	588	exact
TH2	gene_MJIDPBFG_03561	HKNPDCAD_03272	1473	exact
TH2	gene_MJIDPBFG_03562	HKNPDCAD_03271	1671	exact
TH2	gene_MJIDPBFG_03563	HKNPDCAD_03270	669	exact
TH2	gene_MJIDPBFG_03564	HKNPDCAD_03269	696	exact
TH2	gene_MJIDPBFG_03565	HKNPDCAD_03268	1428	exact
TH2	gene_MJIDPBFG_03566	HKNPDCAD_03267	720	exact
TH2	gene_MJIDPBFG_03567	HKNPDCAD_03266	855	exact
TH2	gene_MJIDPBFG_03568	HKNPDCAD_03265	822	exact
TH2	gene_MJIDPBFG_03569	HKNPDCAD_03264	159	exact
TH2	gene_MJIDPBFG_03570	HKNPDCAD_03263	4257	exact
TH2	gene_MJIDPBFG_03571	HKNPDCAD_03262	102	exact
TH2	gene_MJIDPBFG_03572		267	no exact sequence match
TH2	gene_MJIDPBFG_03573	HKNPDCAD_03259	543	exact
TH2	gene_MJIDPBFG_03574	HKNPDCAD_03258	636	exact
TH2	gene_MJIDPBFG_03575	HKNPDCAD_03257	669	exact
TH2	gene_MJIDPBFG_03576		1470	no exact sequence match
TH2	gene_MJIDPBFG_03577		1107	no exact sequence match
TH2	gene_MJIDPBFG_03578	HKNPDCAD_03255	1644	exact
TH2	gene_MJIDPBFG_03579	HKNPDCAD_03254	429	exact
TH2	gene_MJIDPBFG_03580		285	no exact sequence match
TH2	gene_MJIDPBFG_03581	HKNPDCAD_03252	372	exact
TH2	gene_MJIDPBFG_03582	HKNPDCAD_03251	690	exact
TH2	gene_MJIDPBFG_03583	HKNPDCAD_03250	957	exact
TH2	gene_MJIDPBFG_03584		1395	no exact sequence match
TH2	gene_MJIDPBFG_03585		807	no exact sequence match
TH2	gene_MJIDPBFG_03586	HKNPDCAD_03247	957	exact
TH2	gene_MJIDPBFG_03587	HKNPDCAD_03246	411	exact
TH2	gene_MJIDPBFG_03588		711	no exact sequence match
TH2	gene_MJIDPBFG_03589		612	no exact sequence match
TH2	gene_MJIDPBFG_03590	HKNPDCAD_03244	714	exact
TH2	gene_MJIDPBFG_03591	HKNPDCAD_03243	1839	exact
TH2	gene_MJIDPBFG_03592	HKNPDCAD_03242	204	exact
TH2	gene_MJIDPBFG_03593		774	no exact sequence match
TH2	gene_MJIDPBFG_03594		255	no exact sequence match
TH2	gene_MJIDPBFG_03595	HKNPDCAD_03240	363	exact
TH2	gene_MJIDPBFG_03596	HKNPDCAD_03239	213	exact
TH2	gene_MJIDPBFG_03597	HKNPDCAD_03238	339	exact
TH2	gene_MJIDPBFG_03598	HKNPDCAD_03237	423	exact
TH2	gene_MJIDPBFG_03599	HKNPDCAD_03236	120	exact
TH2	gene_MJIDPBFG_03600	HKNPDCAD_03235	234	exact
TH2	gene_MJIDPBFG_03601	HKNPDCAD_03234	183	exact
TH2	gene_MJIDPBFG_03602	HKNPDCAD_03233	177	exact
TH2	gene_MJIDPBFG_03603	HKNPDCAD_03232	294	exact
TH2	gene_MJIDPBFG_03604	HKNPDCAD_03231	96	exact
TH2	gene_MJIDPBFG_03605	HKNPDCAD_00981;HKNPDCAD_03230	867	exact
TH2	gene_MJIDPBFG_03606	HKNPDCAD_00982;HKNPDCAD_03229	300	exact
TH2	gene_MJIDPBFG_03607	HKNPDCAD_03228	159	exact
TH2	gene_MJIDPBFG_03608	HKNPDCAD_03227	153	exact
TH2	gene_MJIDPBFG_03610	HKNPDCAD_03225	1254	exact
TH2	gene_MJIDPBFG_03611	HKNPDCAD_03224	1104	exact
TH2	gene_MJIDPBFG_03612		306	no exact sequence match
TH2	gene_MJIDPBFG_03613		753	no exact sequence match
TH2	gene_MJIDPBFG_03614	HKNPDCAD_03222	402	exact
TH2	gene_MJIDPBFG_03615	HKNPDCAD_03221	1245	exact
TH2	gene_MJIDPBFG_03616	HKNPDCAD_03220	459	exact
TH2	gene_MJIDPBFG_03617	HKNPDCAD_03219	618	exact
TH2	gene_MJIDPBFG_03618		831	no exact sequence match
TH2	gene_MJIDPBFG_03619	HKNPDCAD_03217	501	exact
TH2	gene_MJIDPBFG_03620	HKNPDCAD_03216	267	exact
TH2	gene_MJIDPBFG_03621	HKNPDCAD_03215	375	exact
TH2	gene_MJIDPBFG_03622	HKNPDCAD_03214	399	exact
TH2	gene_MJIDPBFG_03623	HKNPDCAD_03213	294	exact
TH2	gene_MJIDPBFG_03624	HKNPDCAD_03212	939	exact
TH2	gene_MJIDPBFG_03625	HKNPDCAD_03211	120	exact
TH2	gene_MJIDPBFG_03626	HKNPDCAD_03210	504	exact
TH2	gene_MJIDPBFG_03627		1740	no exact sequence match
TH2	gene_MJIDPBFG_03628	HKNPDCAD_03207	774	exact
TH2	gene_MJIDPBFG_03629	HKNPDCAD_03206	261	exact
TH2	gene_MJIDPBFG_03630	HKNPDCAD_03205	135	exact
TH2	gene_MJIDPBFG_03631	HKNPDCAD_03204	741	exact
TH2	gene_MJIDPBFG_03632	HKNPDCAD_03203	768	exact
TH2	gene_MJIDPBFG_03633	HKNPDCAD_03202	579	exact
TH2	gene_MJIDPBFG_03634	HKNPDCAD_03201	2445	exact
TH2	gene_MJIDPBFG_03635	HKNPDCAD_03200	474	exact
TH2	gene_MJIDPBFG_03636	HKNPDCAD_03199	771	exact
TH2	gene_MJIDPBFG_03637	HKNPDCAD_03198	1137	exact
TH2	gene_MJIDPBFG_03638	HKNPDCAD_03197	177	exact
TH2	gene_MJIDPBFG_03639		231	no exact sequence match
TH2	gene_MJIDPBFG_03640	HKNPDCAD_03196	798	exact
TH2	gene_MJIDPBFG_03641		813	no exact sequence match
TH2	gene_MJIDPBFG_03642		159	no exact sequence match
TH2	gene_MJIDPBFG_03643		1620	no exact sequence match
TH2	gene_MJIDPBFG_03644		618	no exact sequence match
TH2	gene_MJIDPBFG_03645	HKNPDCAD_03192	519	exact
TH2	gene_MJIDPBFG_03646	HKNPDCAD_03191	501	exact
TH2	gene_MJIDPBFG_03647	HKNPDCAD_03190	225	exact
TH2	gene_MJIDPBFG_03648	HKNPDCAD_03189	1476	exact
TH2	gene_MJIDPBFG_03649	HKNPDCAD_03188	414	exact
TH2	gene_MJIDPBFG_03650	HKNPDCAD_03187	1851	exact
TH2	gene_MJIDPBFG_03651		1083	no exact sequence match
TH2	gene_MJIDPBFG_03652	HKNPDCAD_03184	750	exact
TH2	gene_MJIDPBFG_03653	HKNPDCAD_03183	534	exact
TH2	gene_MJIDPBFG_03654		525	no exact sequence match
TH2	gene_MJIDPBFG_03655	HKNPDCAD_03181	1344	exact
TH2	gene_MJIDPBFG_03656	HKNPDCAD_03180	483	exact
TH2	gene_MJIDPBFG_03657	HKNPDCAD_03179	615	exact
TH2	gene_MJIDPBFG_03658	HKNPDCAD_03178	480	exact
TH2	gene_MJIDPBFG_03659	HKNPDCAD_03177	786	exact
TH2	gene_MJIDPBFG_03661	HKNPDCAD_03175	741	exact
TH2	gene_MJIDPBFG_03662	HKNPDCAD_03174	468	exact
TH2	gene_MJIDPBFG_03663	HKNPDCAD_03173	723	exact
TH2	gene_MJIDPBFG_03664	HKNPDCAD_03172	756	exact
TH2	gene_MJIDPBFG_03665	HKNPDCAD_03171	1221	exact
TH2	gene_MJIDPBFG_03666	HKNPDCAD_03170	624	exact
TH2	gene_MJIDPBFG_03667	HKNPDCAD_03169	780	exact
TH2	gene_MJIDPBFG_03668	HKNPDCAD_03168	915	exact
TH2	gene_MJIDPBFG_03669	HKNPDCAD_03167	804	exact
TH2	gene_MJIDPBFG_03676	HKNPDCAD_03160	444	exact
TH2	gene_MJIDPBFG_03677	HKNPDCAD_03159	153	exact
TH2	gene_MJIDPBFG_03678	HKNPDCAD_03158	1032	exact
TH2	gene_MJIDPBFG_03679	HKNPDCAD_03157	654	exact
TH2	gene_MJIDPBFG_03680	HKNPDCAD_03156	816	exact
TH2	gene_MJIDPBFG_03681	HKNPDCAD_03155	405	exact
TH2	gene_MJIDPBFG_03682	HKNPDCAD_03154	708	exact
TH2	gene_MJIDPBFG_03683	HKNPDCAD_03153	183	exact
TH2	gene_MJIDPBFG_03684	HKNPDCAD_03152	1509	exact
TH2	gene_MJIDPBFG_03685	HKNPDCAD_03151	825	exact
TH2	gene_MJIDPBFG_03686	HKNPDCAD_03150	711	exact
TH2	gene_MJIDPBFG_03687	HKNPDCAD_03149	423	exact
TH2	gene_MJIDPBFG_03688	HKNPDCAD_03148	546	exact
TH2	gene_MJIDPBFG_03689	HKNPDCAD_03147	201	exact
TH2	gene_MJIDPBFG_03690	HKNPDCAD_03146	261	exact
TH2	gene_MJIDPBFG_03691	HKNPDCAD_03145	717	exact
TH2	gene_MJIDPBFG_03692	HKNPDCAD_03144	582	exact
TH2	gene_MJIDPBFG_03693	HKNPDCAD_03143	390	exact
TH2	gene_MJIDPBFG_03694	HKNPDCAD_03142	2142	exact
TH2	gene_MJIDPBFG_03695	HKNPDCAD_03141	960	exact
TH2	gene_MJIDPBFG_03696	HKNPDCAD_03140	3483	exact
TH2	gene_MJIDPBFG_03697	HKNPDCAD_03139	597	exact
TH2	gene_MJIDPBFG_03698	HKNPDCAD_03138	1149	exact
TH2	gene_MJIDPBFG_03699	HKNPDCAD_03137	789	exact
TH2	gene_MJIDPBFG_03700	HKNPDCAD_03136	456	exact
TH2	gene_MJIDPBFG_03701	HKNPDCAD_03135	1026	exact
TH2	gene_MJIDPBFG_03702	HKNPDCAD_03134	486	exact
TH2	gene_MJIDPBFG_03703	HKNPDCAD_03133	2433	exact
TH2	gene_MJIDPBFG_03704	HKNPDCAD_03132	1314	exact
TH2	gene_MJIDPBFG_03705	HKNPDCAD_03131	858	exact
TH2	gene_MJIDPBFG_03706	HKNPDCAD_03130	696	exact
TH2	gene_MJIDPBFG_03707	HKNPDCAD_03129	1197	exact
TH2	gene_MJIDPBFG_03708	HKNPDCAD_03128	558	exact
TH2	gene_MJIDPBFG_03709	HKNPDCAD_03127	726	exact
TH2	gene_MJIDPBFG_03710	HKNPDCAD_03126	852	exact
TH2	gene_MJIDPBFG_03711	HKNPDCAD_03125	726	exact
TH2	gene_MJIDPBFG_03712	HKNPDCAD_03124	795	exact
TH2	gene_MJIDPBFG_03713	HKNPDCAD_03123	2673	exact
TH2	gene_MJIDPBFG_03714	HKNPDCAD_03122	825	exact
TH2	gene_MJIDPBFG_03715	HKNPDCAD_03121	438	exact
TH2	gene_MJIDPBFG_03716	HKNPDCAD_03120	273	exact
TH2	gene_MJIDPBFG_03717	HKNPDCAD_03119	387	exact
TH2	gene_MJIDPBFG_03718	HKNPDCAD_03118	1158	exact
TH2	gene_MJIDPBFG_03719	HKNPDCAD_03117	1425	exact
TH2	gene_MJIDPBFG_03720	HKNPDCAD_03116	1332	exact
TH2	gene_MJIDPBFG_03721	HKNPDCAD_03115	699	exact
TH2	gene_MJIDPBFG_03722	HKNPDCAD_03114	801	exact
TH2	gene_MJIDPBFG_03723	HKNPDCAD_03113	624	exact
TH2	gene_MJIDPBFG_03724	HKNPDCAD_03112	345	exact
TH2	gene_MJIDPBFG_03725	HKNPDCAD_03111	1422	exact
TH2	gene_MJIDPBFG_03726		1281	no exact sequence match
TH2	gene_MJIDPBFG_03727		1983	no exact sequence match
TH2	gene_MJIDPBFG_03728	HKNPDCAD_03108	891	exact
TH2	gene_MJIDPBFG_03729	HKNPDCAD_03107	798	exact
TH2	gene_MJIDPBFG_03730	HKNPDCAD_03106	2244	exact
TH2	gene_MJIDPBFG_03731	HKNPDCAD_03105	2535	exact
TH2	gene_MJIDPBFG_03732	HKNPDCAD_03104	2304	exact
TH2	gene_MJIDPBFG_03733	HKNPDCAD_03103	531	exact
TH2	gene_MJIDPBFG_03734	HKNPDCAD_03102	630	exact
TH2	gene_MJIDPBFG_03735	HKNPDCAD_03101	456	exact
TH2	gene_MJIDPBFG_03736		897	no exact sequence match
TH2	gene_MJIDPBFG_03737	HKNPDCAD_03099	1365	exact
TH2	gene_MJIDPBFG_03738	HKNPDCAD_03098	480	exact
TH2	gene_MJIDPBFG_03739	HKNPDCAD_03097	585	exact
TH2	gene_MJIDPBFG_03740	HKNPDCAD_03096	741	exact
TH2	gene_MJIDPBFG_03741	HKNPDCAD_03095	2598	exact
TH2	gene_MJIDPBFG_03742	HKNPDCAD_03094	570	exact
TH2	gene_MJIDPBFG_03743		546	no exact sequence match
TH2	gene_MJIDPBFG_03744	HKNPDCAD_03092	573	exact
TH2	gene_MJIDPBFG_03745	HKNPDCAD_03091	1239	exact
TH2	gene_MJIDPBFG_03746	HKNPDCAD_03089	675	exact
TH2	gene_MJIDPBFG_03747	HKNPDCAD_03088	852	exact
TH2	gene_MJIDPBFG_03748	HKNPDCAD_03087	903	exact
TH2	gene_MJIDPBFG_03749	HKNPDCAD_03086	381	exact
TH2	gene_MJIDPBFG_03750	HKNPDCAD_03085	1230	exact
TH2	gene_MJIDPBFG_03751	HKNPDCAD_03084	315	exact
TH2	gene_MJIDPBFG_03752	HKNPDCAD_03083	99	exact
TH2	gene_MJIDPBFG_03753	HKNPDCAD_03082	771	exact
TH2	gene_MJIDPBFG_03754		852	no exact sequence match
TH2	gene_MJIDPBFG_03755	HKNPDCAD_03079	624	exact
TH2	gene_MJIDPBFG_03756	HKNPDCAD_03078	537	exact
TH2	gene_MJIDPBFG_03757	HKNPDCAD_03077	2391	exact
TH2	gene_MJIDPBFG_03758	HKNPDCAD_03076	1551	exact
TH2	gene_MJIDPBFG_03759	HKNPDCAD_03075	309	exact
TH2	gene_MJIDPBFG_03760	HKNPDCAD_03074	891	exact
TH2	gene_MJIDPBFG_03761	HKNPDCAD_03073	795	exact
TH2	gene_MJIDPBFG_03762	HKNPDCAD_03072	363	exact
TH2	gene_MJIDPBFG_03763	HKNPDCAD_03071	2598	exact
TH2	gene_MJIDPBFG_03764	HKNPDCAD_03070	336	exact
TH2	gene_MJIDPBFG_03765	HKNPDCAD_03069	1563	exact
TH2	gene_MJIDPBFG_03766	HKNPDCAD_03068	1425	exact
TH2	gene_MJIDPBFG_03767	HKNPDCAD_03067	1893	exact
TH2	gene_MJIDPBFG_03768	HKNPDCAD_03066	2664	exact
TH2	gene_MJIDPBFG_03769	HKNPDCAD_03065	765	exact
TH2	gene_MJIDPBFG_03770	HKNPDCAD_03064	1371	exact
TH2	gene_MJIDPBFG_03771		369	no exact sequence match
TH2	gene_MJIDPBFG_03772		486	no exact sequence match
TH2	gene_MJIDPBFG_03773	HKNPDCAD_03062	552	exact
TH2	gene_MJIDPBFG_03774	HKNPDCAD_03061	894	exact
TH2	gene_MJIDPBFG_03775	HKNPDCAD_03060	441	exact
TH2	gene_MJIDPBFG_03776	HKNPDCAD_03059	1386	exact
TH2	gene_MJIDPBFG_03777	HKNPDCAD_03058	1209	exact
TH2	gene_MJIDPBFG_03778	HKNPDCAD_03057	1044	exact
TH2	gene_MJIDPBFG_03779	HKNPDCAD_03056	621	exact
TH2	gene_MJIDPBFG_03780	HKNPDCAD_03055	744	exact
TH2	gene_MJIDPBFG_03781	HKNPDCAD_03054	198	exact
TH2	gene_MJIDPBFG_03782		240	no exact sequence match
TH2	gene_MJIDPBFG_03783		2712	no exact sequence match
TH2	gene_MJIDPBFG_03784	HKNPDCAD_03051	588	exact
TH2	gene_MJIDPBFG_03785	HKNPDCAD_03050	918	exact
TH2	gene_MJIDPBFG_03786	HKNPDCAD_03049	1152	exact
TH2	gene_MJIDPBFG_03787	HKNPDCAD_03048	1263	exact
TH2	gene_MJIDPBFG_03788	HKNPDCAD_03047	831	exact
TH2	gene_MJIDPBFG_03789	HKNPDCAD_03046	921	exact
TH2	gene_MJIDPBFG_03790	HKNPDCAD_03045	1476	exact
TH2	gene_MJIDPBFG_03791	HKNPDCAD_03044	1068	exact
TH2	gene_MJIDPBFG_03792	HKNPDCAD_03043	1245	exact
TH2	gene_MJIDPBFG_03793	HKNPDCAD_03042	1317	exact
TH2	gene_MJIDPBFG_03794	HKNPDCAD_03041	1083	exact
TH2	gene_MJIDPBFG_03795	HKNPDCAD_03040	1359	exact
TH2	gene_MJIDPBFG_03796	HKNPDCAD_03039	1488	exact
TH2	gene_MJIDPBFG_03797	HKNPDCAD_03038	360	exact
TH2	gene_MJIDPBFG_03798	HKNPDCAD_03037	1410	exact
TH2	gene_MJIDPBFG_03799	HKNPDCAD_03036	366	exact
TH2	gene_MJIDPBFG_03800	HKNPDCAD_03035	852	exact
TH2	gene_MJIDPBFG_03801		459	no exact sequence match
TH2	gene_MJIDPBFG_03802	HKNPDCAD_03032	627	exact
TH2	gene_MJIDPBFG_03803		171	no exact sequence match
TH2	gene_MJIDPBFG_03804	HKNPDCAD_03031	357	exact
TH2	gene_MJIDPBFG_03805	HKNPDCAD_03030	1725	exact
TH2	gene_MJIDPBFG_03806	HKNPDCAD_03029	945	exact
TH2	gene_MJIDPBFG_03807	HKNPDCAD_03028	1572	exact
TH2	gene_MJIDPBFG_03808	HKNPDCAD_03027	1092	exact
TH2	gene_MJIDPBFG_03809	HKNPDCAD_03026	1401	exact
TH2	gene_MJIDPBFG_03810	HKNPDCAD_03025	606	exact
TH2	gene_MJIDPBFG_03811		1302	no exact sequence match
TH2	gene_MJIDPBFG_03812	HKNPDCAD_03023	132	exact
TH2	gene_MJIDPBFG_03813	HKNPDCAD_03022	1656	exact
TH2	gene_MJIDPBFG_03814	HKNPDCAD_03021	822	exact
TH2	gene_MJIDPBFG_03815	HKNPDCAD_03020	1611	exact
TH2	gene_MJIDPBFG_03816	HKNPDCAD_03019	699	exact
TH2	gene_MJIDPBFG_03817	HKNPDCAD_03018	765	exact
TH2	gene_MJIDPBFG_03818	HKNPDCAD_03017	879	exact
TH2	gene_MJIDPBFG_03819	HKNPDCAD_03016	1701	exact
TH2	gene_MJIDPBFG_03820	HKNPDCAD_03015	1503	exact
TH2	gene_MJIDPBFG_03821	HKNPDCAD_03014	696	exact
TH2	gene_MJIDPBFG_03822	HKNPDCAD_03013	2352	exact
TH2	gene_MJIDPBFG_03823	HKNPDCAD_03012	2907	exact
TH2	gene_MJIDPBFG_03824	HKNPDCAD_03011	660	exact
TH2	gene_MJIDPBFG_03825	HKNPDCAD_03010	816	exact
TH2	gene_MJIDPBFG_03826	HKNPDCAD_03009	2355	exact
TH2	gene_MJIDPBFG_03827	HKNPDCAD_03008	1302	exact
TH2	gene_MJIDPBFG_03828	HKNPDCAD_03007	990	exact
TH2	gene_MJIDPBFG_03829	HKNPDCAD_03006	822	exact
TH2	gene_MJIDPBFG_03830	HKNPDCAD_03005	378	exact
TH2	gene_MJIDPBFG_03831	HKNPDCAD_03004	843	exact
TH2	gene_MJIDPBFG_03832	HKNPDCAD_03003	480	exact
TH2	gene_MJIDPBFG_03833	HKNPDCAD_03002	1863	exact
TH2	gene_MJIDPBFG_03834	HKNPDCAD_03001	531	exact
TH2	gene_MJIDPBFG_03835		999	no exact sequence match
TH2	gene_MJIDPBFG_03836	HKNPDCAD_02998	333	exact
TH2	gene_MJIDPBFG_03837	HKNPDCAD_02997	288	exact
TH2	gene_MJIDPBFG_03838	HKNPDCAD_02996	1287	exact
TH2	gene_MJIDPBFG_03839	HKNPDCAD_02995	942	exact
TH2	gene_MJIDPBFG_03840	HKNPDCAD_02994	771	exact
TH2	gene_MJIDPBFG_03841	HKNPDCAD_02993	1515	exact
TH2	gene_MJIDPBFG_03842	HKNPDCAD_02992	1143	exact
TH2	gene_MJIDPBFG_03843	HKNPDCAD_02991	1218	exact
TH2	gene_MJIDPBFG_03844	HKNPDCAD_02990	1269	exact
TH2	gene_MJIDPBFG_03845	HKNPDCAD_02989	267	exact
TH2	gene_MJIDPBFG_03846	HKNPDCAD_02988	786	exact
TH2	gene_MJIDPBFG_03847	HKNPDCAD_02987	591	exact
TH2	gene_MJIDPBFG_03848	HKNPDCAD_02986	396	exact
TH2	gene_MJIDPBFG_03849		219	no exact sequence match
TH2	gene_MJIDPBFG_03850	HKNPDCAD_02984	3222	exact
TH2	gene_MJIDPBFG_03851	HKNPDCAD_02983	522	exact
TH2	gene_MJIDPBFG_03852	HKNPDCAD_02982	648	exact
TH2	gene_MJIDPBFG_03853	HKNPDCAD_02981	774	exact
TH2	gene_MJIDPBFG_03854	HKNPDCAD_02980	915	exact
TH2	gene_MJIDPBFG_03855		951	no exact sequence match
TH2	gene_MJIDPBFG_03856	HKNPDCAD_02977	450	exact
TH2	gene_MJIDPBFG_03857	HKNPDCAD_02976	495	exact
TH2	gene_MJIDPBFG_03858		2598	no exact sequence match
TH2	gene_MJIDPBFG_03859		222	no exact sequence match
TH2	gene_MJIDPBFG_03860	HKNPDCAD_02974	942	exact
TH2	gene_MJIDPBFG_03861	HKNPDCAD_02973	264	exact
TH2	gene_MJIDPBFG_03862		390	no exact sequence match
TH2	gene_MJIDPBFG_03863	HKNPDCAD_02971	657	exact
TH2	gene_MJIDPBFG_03864	HKNPDCAD_02970	1146	exact
TH2	gene_MJIDPBFG_03865	HKNPDCAD_02969	960	exact
TH2	gene_MJIDPBFG_03866	HKNPDCAD_02968	900	exact
TH2	gene_MJIDPBFG_03867	HKNPDCAD_02967	1167	exact
TH2	gene_MJIDPBFG_03868	HKNPDCAD_02966	153	exact
TH2	gene_MJIDPBFG_03869	HKNPDCAD_02965	1131	exact
TH2	gene_MJIDPBFG_03870	HKNPDCAD_02964	1917	exact
TH2	gene_MJIDPBFG_03871	HKNPDCAD_02963	405	exact
TH2	gene_MJIDPBFG_03872	HKNPDCAD_02962	714	exact
TH2	gene_MJIDPBFG_03873	HKNPDCAD_02961	567	exact
TH2	gene_MJIDPBFG_03874	HKNPDCAD_02960	588	exact
TH2	gene_MJIDPBFG_03875	HKNPDCAD_02959	954	exact
TH2	gene_MJIDPBFG_03876		1431	no exact sequence match
TH2	gene_MJIDPBFG_03877	HKNPDCAD_02956	777	exact
TH2	gene_MJIDPBFG_03878	HKNPDCAD_02955	297	exact
TH2	gene_MJIDPBFG_03879	HKNPDCAD_02954	1287	exact
TH2	gene_MJIDPBFG_03880	HKNPDCAD_02953	933	exact
TH2	gene_MJIDPBFG_03881	HKNPDCAD_02952	2463	exact
TH2	gene_MJIDPBFG_03882	HKNPDCAD_02951	687	exact
TH2	gene_MJIDPBFG_03883	HKNPDCAD_02950	717	exact
TH2	gene_MJIDPBFG_03884		1326	no exact sequence match
TH2	gene_MJIDPBFG_03885	HKNPDCAD_02947	1425	exact
TH2	gene_MJIDPBFG_03886	HKNPDCAD_02946	690	exact
TH2	gene_MJIDPBFG_03887		417	no exact sequence match
TH2	gene_MJIDPBFG_03888	HKNPDCAD_02944	870	exact
TH2	gene_MJIDPBFG_03889	HKNPDCAD_02943	285	exact
TH2	gene_MJIDPBFG_03890	HKNPDCAD_02942	288	exact
TH2	gene_MJIDPBFG_03891	HKNPDCAD_02941	513	exact
TH2	gene_MJIDPBFG_03892	HKNPDCAD_02940	297	exact
TH2	gene_MJIDPBFG_03893	HKNPDCAD_02939	1938	exact
TH2	gene_MJIDPBFG_03894		1641	no exact sequence match
TH2	gene_MJIDPBFG_03895	HKNPDCAD_02937	1233	exact
TH2	gene_MJIDPBFG_03896	HKNPDCAD_02936	1383	exact
TH2	gene_MJIDPBFG_03897	HKNPDCAD_02935	969	exact
TH2	gene_MJIDPBFG_03898	HKNPDCAD_02934	645	exact
TH2	gene_MJIDPBFG_03899	HKNPDCAD_02933	1017	exact
TH2	gene_MJIDPBFG_03900	HKNPDCAD_02932	264	exact
TH2	gene_MJIDPBFG_03901	HKNPDCAD_02931	720	exact
TH2	gene_MJIDPBFG_03902	HKNPDCAD_02930	1224	exact
TH2	gene_MJIDPBFG_03903	HKNPDCAD_02929	1323	exact
TH2	gene_MJIDPBFG_03904		165	no exact sequence match
TH2	gene_MJIDPBFG_03905		663	no exact sequence match
TH2	gene_MJIDPBFG_03906	HKNPDCAD_02927	1095	exact
TH2	gene_MJIDPBFG_03907	HKNPDCAD_02926	459	exact
TH2	gene_MJIDPBFG_03908	HKNPDCAD_02925	705	exact
TH2	gene_MJIDPBFG_03909	HKNPDCAD_02924	783	exact
TH2	gene_MJIDPBFG_03910	HKNPDCAD_02923	1074	exact
TH2	gene_MJIDPBFG_03911	HKNPDCAD_02922	162	exact
TH2	gene_MJIDPBFG_03912	HKNPDCAD_02921	606	exact
TH2	gene_MJIDPBFG_03913	HKNPDCAD_02920	1617	exact
TH2	gene_MJIDPBFG_03914	HKNPDCAD_02919	678	exact
TH2	gene_MJIDPBFG_03915	HKNPDCAD_02918	447	exact
TH2	gene_MJIDPBFG_03916	HKNPDCAD_02917	501	exact
TH2	gene_MJIDPBFG_03917	HKNPDCAD_02916	1032	exact
TH2	gene_MJIDPBFG_03921	HKNPDCAD_02912	237	exact
TH2	gene_MJIDPBFG_03922	HKNPDCAD_02911	789	exact
TH2	gene_MJIDPBFG_03923	HKNPDCAD_02910	678	exact
TH2	gene_MJIDPBFG_03924	HKNPDCAD_02909	726	exact
TH2	gene_MJIDPBFG_03925	HKNPDCAD_02908	834	exact
TH2	gene_MJIDPBFG_03926	HKNPDCAD_02907	474	exact
TH2	gene_MJIDPBFG_03927	HKNPDCAD_02906	540	exact
TH2	gene_MJIDPBFG_03928	HKNPDCAD_02905	738	exact
TH2	gene_MJIDPBFG_03929	HKNPDCAD_02904	495	exact
TH2	gene_MJIDPBFG_03930	HKNPDCAD_02903	2292	exact
TH2	gene_MJIDPBFG_03931	HKNPDCAD_02902	1023	exact
TH2	gene_MJIDPBFG_03932	HKNPDCAD_02901	906	exact
TH2	gene_MJIDPBFG_03933	HKNPDCAD_02900	1653	exact
TH2	gene_MJIDPBFG_03934	HKNPDCAD_02899	846	exact
TH2	gene_MJIDPBFG_03935	HKNPDCAD_02898	474	exact
TH2	gene_MJIDPBFG_03936		204	no exact sequence match
TH2	gene_MJIDPBFG_03937		1068	no exact sequence match
TH2	gene_MJIDPBFG_03938	HKNPDCAD_02896	1326	exact
TH2	gene_MJIDPBFG_03939	HKNPDCAD_02895	447	exact
TH2	gene_MJIDPBFG_03940		1224	no exact sequence match
TH2	gene_MJIDPBFG_03941	HKNPDCAD_02893	1467	exact
TH2	gene_MJIDPBFG_03942	HKNPDCAD_02892	852	exact
TH2	gene_MJIDPBFG_03943	HKNPDCAD_02891	381	exact
TH2	gene_MJIDPBFG_03944	HKNPDCAD_02890	804	exact
TH2	gene_MJIDPBFG_03945	HKNPDCAD_02889	462	exact
TH2	gene_MJIDPBFG_03946	HKNPDCAD_02888	366	exact
TH2	gene_MJIDPBFG_03947	HKNPDCAD_02887	1377	exact
TH2	gene_MJIDPBFG_03948	HKNPDCAD_02886	774	exact
TH2	gene_MJIDPBFG_03949		1563	no exact sequence match
TH2	gene_MJIDPBFG_03950	HKNPDCAD_02883	513	exact
TH2	gene_MJIDPBFG_03951		2151	no exact sequence match
TH2	gene_MJIDPBFG_03952	HKNPDCAD_02881	204	exact
TH2	gene_MJIDPBFG_03953	HKNPDCAD_02880	957	exact
TH2	gene_MJIDPBFG_03954	HKNPDCAD_02879	747	exact
TH2	gene_MJIDPBFG_03955		1680	no exact sequence match
TH2	gene_MJIDPBFG_03956	HKNPDCAD_02877	165	exact
TH2	gene_MJIDPBFG_03957		1413	no exact sequence match
TH2	gene_MJIDPBFG_03958	HKNPDCAD_02874	957	exact
TH2	gene_MJIDPBFG_03959	HKNPDCAD_02873	1233	exact
TH2	gene_MJIDPBFG_03960	HKNPDCAD_02872	1281	exact
TH2	gene_MJIDPBFG_03961		1152	no exact sequence match
TH2	gene_MJIDPBFG_03962	HKNPDCAD_02869	768	exact
TH2	gene_MJIDPBFG_03963	HKNPDCAD_02868	174	exact
TH2	gene_MJIDPBFG_03964	HKNPDCAD_02867	972	exact
TH2	gene_MJIDPBFG_03965	HKNPDCAD_02866	831	exact
TH2	gene_MJIDPBFG_03966	HKNPDCAD_02865	384	exact
TH2	gene_MJIDPBFG_03967	HKNPDCAD_02864	555	exact
TH2	gene_MJIDPBFG_03968	HKNPDCAD_02862	348	exact
TH2	gene_MJIDPBFG_03969	HKNPDCAD_02861	462	exact
TH2	gene_MJIDPBFG_03970	HKNPDCAD_02860	1173	exact
TH2	gene_MJIDPBFG_03971	HKNPDCAD_02859	912	exact
TH2	gene_MJIDPBFG_03972	HKNPDCAD_02858	393	exact
TH2	gene_MJIDPBFG_03973	HKNPDCAD_02857	831	exact
TH2	gene_MJIDPBFG_03974	HKNPDCAD_02856	726	exact
TH2	gene_MJIDPBFG_03975	HKNPDCAD_02855	195	exact
TH2	gene_MJIDPBFG_03976	HKNPDCAD_02854	1461	exact
TH2	gene_MJIDPBFG_03977		774	no exact sequence match
TH2	gene_MJIDPBFG_03978		423	no exact sequence match
TH2	gene_MJIDPBFG_03979	HKNPDCAD_02852	111	exact
TH2	gene_MJIDPBFG_03980	HKNPDCAD_02851	903	exact
TH2	gene_MJIDPBFG_03981	HKNPDCAD_02850	504	exact
TH2	gene_MJIDPBFG_03982	HKNPDCAD_02849	531	exact
TH2	gene_MJIDPBFG_03983		1347	no exact sequence match
TH2	gene_MJIDPBFG_03984		1323	no exact sequence match
TH2	gene_MJIDPBFG_03985		366	no exact sequence match
TH2	gene_MJIDPBFG_03986		363	no exact sequence match
TH2	gene_MJIDPBFG_03987	HKNPDCAD_02846	498	exact
TH2	gene_MJIDPBFG_03988	HKNPDCAD_02845	549	exact
TH2	gene_MJIDPBFG_03989	HKNPDCAD_02844	597	exact
TH2	gene_MJIDPBFG_03990	HKNPDCAD_02843	717	exact
TH2	gene_MJIDPBFG_03991	HKNPDCAD_02842	1107	exact
TH2	gene_MJIDPBFG_03992	HKNPDCAD_02841	981	exact
TH2	gene_MJIDPBFG_03993	HKNPDCAD_02840	651	exact
TH2	gene_MJIDPBFG_03994	HKNPDCAD_02839	177	exact
TH2	gene_MJIDPBFG_03995	HKNPDCAD_02838	186	exact
TH2	gene_MJIDPBFG_03996	HKNPDCAD_02837	1008	exact
TH2	gene_MJIDPBFG_03997	HKNPDCAD_02836	342	exact
TH2	gene_MJIDPBFG_03998	HKNPDCAD_02835	342	exact
TH2	gene_MJIDPBFG_03999	HKNPDCAD_02834	543	exact
TH2	gene_MJIDPBFG_04000	HKNPDCAD_02833	441	exact
TH2	gene_MJIDPBFG_04001	HKNPDCAD_02832	822	exact
TH2	gene_MJIDPBFG_04002	HKNPDCAD_02831	474	exact
TH2	gene_MJIDPBFG_04003	HKNPDCAD_02830	453	exact
TH2	gene_MJIDPBFG_04004		717	no exact sequence match
TH2	gene_MJIDPBFG_04005	HKNPDCAD_02828	876	exact
TH2	gene_MJIDPBFG_04006	HKNPDCAD_02827	1785	exact
TH2	gene_MJIDPBFG_04007		1818	no exact sequence match
TH2	gene_MJIDPBFG_04008	HKNPDCAD_02825	213	exact
TH2	gene_MJIDPBFG_04009	HKNPDCAD_02824	477	exact
TH2	gene_MJIDPBFG_04010	HKNPDCAD_02823	225	exact
TH2	gene_MJIDPBFG_04011	HKNPDCAD_02822	678	exact
TH2	gene_MJIDPBFG_04012	HKNPDCAD_02821	579	exact
TH2	gene_MJIDPBFG_04013	HKNPDCAD_02820	225	exact
TH2	gene_MJIDPBFG_04014	HKNPDCAD_02819	609	exact
TH2	gene_MJIDPBFG_04015	HKNPDCAD_02818	150	exact
TH2	gene_MJIDPBFG_04016	HKNPDCAD_02817	435	exact
TH2	gene_MJIDPBFG_04017		330	no exact sequence match
TH2	gene_MJIDPBFG_04018		477	no exact sequence match
TH2	gene_MJIDPBFG_04019	HKNPDCAD_02815	573	exact
TH2	gene_MJIDPBFG_04020	HKNPDCAD_02814	1272	exact
TH2	gene_MJIDPBFG_04021	HKNPDCAD_02813	393	exact
TH2	gene_MJIDPBFG_04022	HKNPDCAD_02812	477	exact
TH2	gene_MJIDPBFG_04023		177	no exact sequence match
TH2	gene_MJIDPBFG_04024		162	no exact sequence match
TH2	gene_MJIDPBFG_04025	HKNPDCAD_02810	987	exact
TH2	gene_MJIDPBFG_04026	HKNPDCAD_02809	252	exact
TH2	gene_MJIDPBFG_04027	HKNPDCAD_02808	117	exact
TH2	gene_MJIDPBFG_04028	HKNPDCAD_02807	189	exact
TH2	gene_MJIDPBFG_04029	HKNPDCAD_02806	2232	exact
TH2	gene_MJIDPBFG_04030		924	no exact sequence match
TH2	gene_MJIDPBFG_04031	HKNPDCAD_02804	1167	exact
TH2	gene_MJIDPBFG_04032	HKNPDCAD_02803	1704	exact
TH2	gene_MJIDPBFG_04033	HKNPDCAD_02802	1377	exact
TH2	gene_MJIDPBFG_04034		489	no exact sequence match
TH2	gene_MJIDPBFG_04035	HKNPDCAD_02800	1083	exact
TH2	gene_MJIDPBFG_04036		1812	no exact sequence match
TH2	gene_MJIDPBFG_04037	HKNPDCAD_02797	1494	exact
TH2	gene_MJIDPBFG_04038	HKNPDCAD_02796	189	exact
TH2	gene_MJIDPBFG_04039	HKNPDCAD_02795	1257	exact
TH2	gene_MJIDPBFG_04041	HKNPDCAD_02793	1020	exact
TH2	gene_MJIDPBFG_04042	HKNPDCAD_02792	1638	exact
TH2	gene_MJIDPBFG_04043	HKNPDCAD_02791	1083	exact
TH2	gene_MJIDPBFG_04044		1080	no exact sequence match
TH2	gene_MJIDPBFG_04045	HKNPDCAD_02789	1512	exact
TH2	gene_MJIDPBFG_04046	HKNPDCAD_02788	444	exact
TH2	gene_MJIDPBFG_04047	HKNPDCAD_02787	2856	exact
TH2	gene_MJIDPBFG_04048	HKNPDCAD_02786	651	exact
TH2	gene_MJIDPBFG_04049	HKNPDCAD_00014;HKNPDCAD_00491;HKNPDCAD_00547;HKNPDCAD_00683;HKNPDCAD_01138;HKNPDCAD_01214;HKNPDCAD_01355;HKNPDCAD_01367;HKNPDCAD_01536;HKNPDCAD_02098;HKNPDCAD_02101;HKNPDCAD_02785;HKNPDCAD_03291;HKNPDCAD_03715	378	exact
TH2	gene_MJIDPBFG_04050	HKNPDCAD_00490;HKNPDCAD_00548;HKNPDCAD_00682;HKNPDCAD_01139;HKNPDCAD_01213;HKNPDCAD_01356;HKNPDCAD_01366;HKNPDCAD_01537;HKNPDCAD_02097;HKNPDCAD_02102;HKNPDCAD_02784;HKNPDCAD_03292;HKNPDCAD_03714	276	exact
TH2	gene_MJIDPBFG_04051	HKNPDCAD_02783	531	exact
TH2	gene_MJIDPBFG_04052	HKNPDCAD_02782	504	exact
TH2	gene_MJIDPBFG_04053	HKNPDCAD_02781	417	exact
TH2	gene_MJIDPBFG_04054	HKNPDCAD_02780	1005	exact
TH2	gene_MJIDPBFG_04055		1368	no exact sequence match
TH2	gene_MJIDPBFG_04056	HKNPDCAD_02777	243	exact
TH2	gene_MJIDPBFG_04057	HKNPDCAD_02776	453	exact
TH2	gene_MJIDPBFG_04058	HKNPDCAD_02775	255	exact
TH2	gene_MJIDPBFG_04059	HKNPDCAD_02774	267	exact
TH2	gene_MJIDPBFG_04060	HKNPDCAD_02773	714	exact
TH2	gene_MJIDPBFG_04061	HKNPDCAD_02772	396	exact
TH2	gene_MJIDPBFG_04062	HKNPDCAD_02771	177	exact
TH2	gene_MJIDPBFG_04063	HKNPDCAD_02770	936	exact
TH2	gene_MJIDPBFG_04064	HKNPDCAD_02769	462	exact
TH2	gene_MJIDPBFG_04065	HKNPDCAD_02768	387	exact
TH2	gene_MJIDPBFG_04066	HKNPDCAD_02767	663	exact
TH2	gene_MJIDPBFG_04067	HKNPDCAD_02766	2034	exact
TH2	gene_MJIDPBFG_04068		342	no exact sequence match
TH2	gene_MJIDPBFG_04069	HKNPDCAD_02764	612	exact
TH2	gene_MJIDPBFG_04070	HKNPDCAD_02763	1422	exact
TH2	gene_MJIDPBFG_04071	HKNPDCAD_02762	201	exact
TH2	gene_MJIDPBFG_04072	HKNPDCAD_02761	1398	exact
TH2	gene_MJIDPBFG_04073	HKNPDCAD_02760	2139	exact
TH2	gene_MJIDPBFG_04074		465	no exact sequence match
TH2	gene_MJIDPBFG_04075	HKNPDCAD_02757	387	exact
TH2	gene_MJIDPBFG_04076	HKNPDCAD_02756	1353	exact
TH2	gene_MJIDPBFG_04077	HKNPDCAD_02755	552	exact
TH2	gene_MJIDPBFG_04078	HKNPDCAD_02754	1017	exact
TH2	gene_MJIDPBFG_04079	HKNPDCAD_02753	405	exact
TH2	gene_MJIDPBFG_04080	HKNPDCAD_02752	999	exact
TH2	gene_MJIDPBFG_04081	HKNPDCAD_02751	996	exact
TH2	gene_MJIDPBFG_04082	HKNPDCAD_02750	1023	exact
TH2	gene_MJIDPBFG_04083	HKNPDCAD_02749	591	exact
TH2	gene_MJIDPBFG_04084		951	no exact sequence match
TH2	gene_MJIDPBFG_04085	HKNPDCAD_02746	957	exact
TH2	gene_MJIDPBFG_04086	HKNPDCAD_02745	531	exact
TH2	gene_MJIDPBFG_04087	HKNPDCAD_02744	342	exact
TH2	gene_MJIDPBFG_04088		3780	no exact sequence match
TH2	gene_MJIDPBFG_04089		240	no exact sequence match
TH2	gene_MJIDPBFG_04090		1479	no exact sequence match
TH2	gene_MJIDPBFG_04091		639	no exact sequence match
TH2	gene_MJIDPBFG_04092	HKNPDCAD_02739	1344	exact
TH2	gene_MJIDPBFG_04093	HKNPDCAD_02738	207	exact
TH2	gene_MJIDPBFG_04094	HKNPDCAD_02737	240	exact
TH2	gene_MJIDPBFG_04095	HKNPDCAD_02736	222	exact
TH2	gene_MJIDPBFG_04096	HKNPDCAD_02735	741	exact
TH2	gene_MJIDPBFG_04097	HKNPDCAD_02734	861	exact
TH2	gene_MJIDPBFG_04098	HKNPDCAD_02733	1086	exact
TH2	gene_MJIDPBFG_04099	HKNPDCAD_02732	324	exact
TH2	gene_MJIDPBFG_04100	HKNPDCAD_02731	108	exact
TH2	gene_MJIDPBFG_04101		864	no exact sequence match
TH2	gene_MJIDPBFG_04102	HKNPDCAD_02728	966	exact
TH2	gene_MJIDPBFG_04103	HKNPDCAD_02727	663	exact
TH2	gene_MJIDPBFG_04104	HKNPDCAD_02726	1413	exact
TH2	gene_MJIDPBFG_04105	HKNPDCAD_02725	621	exact
TH2	gene_MJIDPBFG_04106	HKNPDCAD_02724	639	exact
TH2	gene_MJIDPBFG_04107	HKNPDCAD_02723	708	exact
TH2	gene_MJIDPBFG_04108	HKNPDCAD_02722	792	exact
TH2	gene_MJIDPBFG_04109	HKNPDCAD_02721	843	exact
TH2	gene_MJIDPBFG_04110	HKNPDCAD_02720	777	exact
TH2	gene_MJIDPBFG_04111	HKNPDCAD_02719	1542	exact
TH2	gene_MJIDPBFG_04112	HKNPDCAD_02718	2073	exact
TH2	gene_MJIDPBFG_04113		783	no exact sequence match
TH2	gene_MJIDPBFG_04114	HKNPDCAD_02716	480	exact
TH2	gene_MJIDPBFG_04115	HKNPDCAD_02715	450	exact
TH2	gene_MJIDPBFG_04116	HKNPDCAD_02714	228	exact
TH2	gene_MJIDPBFG_04117	HKNPDCAD_02713	315	exact
TH2	gene_MJIDPBFG_04118	HKNPDCAD_02712	396	exact
TH2	gene_MJIDPBFG_04119	HKNPDCAD_02711	276	exact
TH2	gene_MJIDPBFG_04120		552	no exact sequence match
TH2	gene_MJIDPBFG_04121	HKNPDCAD_02709	855	exact
TH2	gene_MJIDPBFG_04122	HKNPDCAD_02708	651	exact
TH2	gene_MJIDPBFG_04123	HKNPDCAD_02707	465	exact
TH2	gene_MJIDPBFG_04124	HKNPDCAD_02706	306	exact
TH2	gene_MJIDPBFG_04125		681	no exact sequence match
TH2	gene_MJIDPBFG_04126		678	no exact sequence match
TH2	gene_MJIDPBFG_04127	HKNPDCAD_02704	918	exact
TH2	gene_MJIDPBFG_04128	HKNPDCAD_02703	171	exact
TH2	gene_MJIDPBFG_04129	HKNPDCAD_02702	756	exact
TH2	gene_MJIDPBFG_04130	HKNPDCAD_02701	750	exact
TH2	gene_MJIDPBFG_04131	HKNPDCAD_02700	330	exact
TH2	gene_MJIDPBFG_04132	HKNPDCAD_02699	276	exact
TH2	gene_MJIDPBFG_04133	HKNPDCAD_02698	1668	exact
TH2	gene_MJIDPBFG_04134	HKNPDCAD_02697	1164	exact
TH2	gene_MJIDPBFG_04135	HKNPDCAD_02696	639	exact
TH2	gene_MJIDPBFG_04136	HKNPDCAD_02695	399	exact
TH2	gene_MJIDPBFG_04137	HKNPDCAD_02694	660	exact
TH2	gene_MJIDPBFG_04138		642	no exact sequence match
TH2	gene_MJIDPBFG_04139	HKNPDCAD_02692	402	exact
TH2	gene_MJIDPBFG_04140	HKNPDCAD_02691	732	exact
TH2	gene_MJIDPBFG_04141		1449	no exact sequence match
TH2	gene_MJIDPBFG_04142	HKNPDCAD_02689	1044	exact
TH2	gene_MJIDPBFG_04143	HKNPDCAD_02688	426	exact
TH2	gene_MJIDPBFG_04144	HKNPDCAD_02687	1299	exact
TH2	gene_MJIDPBFG_04145	HKNPDCAD_02686	198	exact
TH2	gene_MJIDPBFG_04146	HKNPDCAD_02685	1005	exact
TH2	gene_MJIDPBFG_04147	HKNPDCAD_02684	1260	exact
TH2	gene_MJIDPBFG_04148	HKNPDCAD_02683	1281	exact
TH2	gene_MJIDPBFG_04149	HKNPDCAD_02682	309	exact
TH2	gene_MJIDPBFG_04150	HKNPDCAD_02681	951	exact
TH2	gene_MJIDPBFG_04151		1848	no exact sequence match
TH2	gene_MJIDPBFG_04152	HKNPDCAD_02678	1338	exact
TH2	gene_MJIDPBFG_04153	HKNPDCAD_02677	462	exact
TH2	gene_MJIDPBFG_04154		501	no exact sequence match
TH2	gene_MJIDPBFG_04155		1056	no exact sequence match
TH2	gene_MJIDPBFG_04156	HKNPDCAD_02675	1140	exact
TH2	gene_MJIDPBFG_04160	HKNPDCAD_02671	546	exact
TH2	gene_MJIDPBFG_04161	HKNPDCAD_02670	1053	exact
TH2	gene_MJIDPBFG_04162	HKNPDCAD_02669	969	exact
TH2	gene_MJIDPBFG_04163	HKNPDCAD_02668	3291	exact
TH2	gene_MJIDPBFG_04164	HKNPDCAD_02667	1458	exact
TH2	gene_MJIDPBFG_04165	HKNPDCAD_02666	978	exact
TH2	gene_MJIDPBFG_04166		393	no exact sequence match
TH2	gene_MJIDPBFG_04167		735	no exact sequence match
TH2	gene_MJIDPBFG_04168	HKNPDCAD_02664	735	exact
TH2	gene_MJIDPBFG_04169	HKNPDCAD_02663	396	exact
TH2	gene_MJIDPBFG_04170	HKNPDCAD_02662	360	exact
TH2	gene_MJIDPBFG_04171	HKNPDCAD_02661	1149	exact
TH2	gene_MJIDPBFG_04172	HKNPDCAD_02660	534	exact
TH2	gene_MJIDPBFG_04173	HKNPDCAD_02659	318	exact
TH2	gene_MJIDPBFG_04174	HKNPDCAD_02658	147	exact
TH2	gene_MJIDPBFG_04175	HKNPDCAD_02657	126	exact
TH2	gene_MJIDPBFG_04176	HKNPDCAD_02656	360	exact
TH2	gene_MJIDPBFG_04177	HKNPDCAD_02655	210	exact
TH2	gene_MJIDPBFG_04178	HKNPDCAD_02654	1029	exact
TH2	gene_MJIDPBFG_04179	HKNPDCAD_02653	870	exact
TH2	gene_MJIDPBFG_04180	HKNPDCAD_02652	354	exact
TH2	gene_MJIDPBFG_04181		417	no exact sequence match
TH2	gene_MJIDPBFG_04182		1221	no exact sequence match
TH2	gene_MJIDPBFG_04183	HKNPDCAD_02650	294	exact
TH2	gene_MJIDPBFG_04184	HKNPDCAD_02649	1257	exact
TH2	gene_MJIDPBFG_04185	HKNPDCAD_02648	477	exact
TH2	gene_MJIDPBFG_04186	HKNPDCAD_02647	1437	exact
TH2	gene_MJIDPBFG_04187	HKNPDCAD_02646	1302	exact
TH2	gene_MJIDPBFG_04188	HKNPDCAD_02645	339	exact
TH2	gene_MJIDPBFG_04189	HKNPDCAD_02644	1698	exact
TH2	gene_MJIDPBFG_04190	HKNPDCAD_02643	576	exact
TH2	gene_MJIDPBFG_04192	HKNPDCAD_02641	1539	exact
TH2	gene_MJIDPBFG_04193	HKNPDCAD_02640	1335	exact
TH2	gene_MJIDPBFG_04194	HKNPDCAD_02639	2148	exact
TH2	gene_MJIDPBFG_04195	HKNPDCAD_02638	1458	exact
TH2	gene_MJIDPBFG_04196	HKNPDCAD_02637	1518	exact
TH2	gene_MJIDPBFG_04197		186	no exact sequence match
TH2	gene_MJIDPBFG_04198	HKNPDCAD_02636	297	exact
TH2	gene_MJIDPBFG_04199	HKNPDCAD_02635	273	exact
TH2	gene_MJIDPBFG_04200	HKNPDCAD_02634	231	exact
TH2	gene_MJIDPBFG_04201		738	no exact sequence match
TH2	gene_MJIDPBFG_04202	HKNPDCAD_02632	228	exact
TH2	gene_MJIDPBFG_04203	HKNPDCAD_02631	711	exact
TH2	gene_MJIDPBFG_04204	HKNPDCAD_02630	720	exact
TH2	gene_MJIDPBFG_04205	HKNPDCAD_02629	1341	exact
TH2	gene_MJIDPBFG_04206	HKNPDCAD_02628	1647	exact
TH2	gene_MJIDPBFG_04207	HKNPDCAD_02627	630	exact
TH2	gene_MJIDPBFG_04208	HKNPDCAD_02626	939	exact
TH2	gene_MJIDPBFG_04209	HKNPDCAD_02625	474	exact
TH2	gene_MJIDPBFG_04210	HKNPDCAD_02624	1356	exact
TH2	gene_MJIDPBFG_04211	HKNPDCAD_02623	909	exact
TH2	gene_MJIDPBFG_04212		1167	no exact sequence match
TH2	gene_MJIDPBFG_04213		1023	no exact sequence match
TH2	gene_MJIDPBFG_04214	HKNPDCAD_02619	762	exact
TH2	gene_MJIDPBFG_04215	HKNPDCAD_02618	1338	exact
TH2	gene_MJIDPBFG_04216	HKNPDCAD_02617	1644	exact
TH2	gene_MJIDPBFG_04217	HKNPDCAD_02616	669	exact
TH2	gene_MJIDPBFG_04218	HKNPDCAD_02615	1101	exact
TH2	gene_MJIDPBFG_04219	HKNPDCAD_02614	90	exact
TH2	gene_MJIDPBFG_04220	HKNPDCAD_02613	1311	exact
TH2	gene_MJIDPBFG_04221		231	no exact sequence match
TH2	gene_MJIDPBFG_04222		459	no exact sequence match
TH2	gene_MJIDPBFG_04223		402	no exact sequence match
TH2	gene_MJIDPBFG_04224	HKNPDCAD_02610	2229	exact
TH2	gene_MJIDPBFG_04225	HKNPDCAD_02609	336	exact
TH2	gene_MJIDPBFG_04226	HKNPDCAD_02608	444	exact
TH2	gene_MJIDPBFG_04227	HKNPDCAD_02607	789	exact
TH2	gene_MJIDPBFG_04228	HKNPDCAD_02606	1017	exact
TH2	gene_MJIDPBFG_04229	HKNPDCAD_02605	780	exact
TH2	gene_MJIDPBFG_04230	HKNPDCAD_02604	726	exact
TH2	gene_MJIDPBFG_04231	HKNPDCAD_02603	453	exact
TH2	gene_MJIDPBFG_04232	HKNPDCAD_02602	585	exact
TH2	gene_MJIDPBFG_04233		1080	no exact sequence match
TH2	gene_MJIDPBFG_04234	HKNPDCAD_02600	846	exact
TH2	gene_MJIDPBFG_04235	HKNPDCAD_02599	759	exact
TH2	gene_MJIDPBFG_04236		681	no exact sequence match
TH2	gene_MJIDPBFG_04237	HKNPDCAD_02597	1137	exact
TH2	gene_MJIDPBFG_04238	HKNPDCAD_02596	558	exact
TH2	gene_MJIDPBFG_04239	HKNPDCAD_02595	435	exact
TH2	gene_MJIDPBFG_04240	HKNPDCAD_02594	759	exact
TH2	gene_MJIDPBFG_04241	HKNPDCAD_02593	267	exact
TH2	gene_MJIDPBFG_04242	HKNPDCAD_02592	138	exact
TH2	gene_MJIDPBFG_04243	HKNPDCAD_02591	450	exact
TH2	gene_MJIDPBFG_04244	HKNPDCAD_02590	891	exact
TH2	gene_MJIDPBFG_04245	HKNPDCAD_02589	552	exact
TH2	gene_MJIDPBFG_04246	HKNPDCAD_02588	384	exact
TH2	gene_MJIDPBFG_04247	HKNPDCAD_02587	627	exact
TH2	gene_MJIDPBFG_04248		240	no exact sequence match
TH2	gene_MJIDPBFG_04249		336	no exact sequence match
TH2	gene_MJIDPBFG_04250	HKNPDCAD_02585	981	exact
TH2	gene_MJIDPBFG_04251	HKNPDCAD_02584	696	exact
TH2	gene_MJIDPBFG_04252	HKNPDCAD_02583	156	exact
TH2	gene_MJIDPBFG_04253	HKNPDCAD_02582	363	exact
TH2	gene_MJIDPBFG_04254	HKNPDCAD_02581	417	exact
TH2	gene_MJIDPBFG_04255	HKNPDCAD_02580	1986	exact
TH2	gene_MJIDPBFG_04256	HKNPDCAD_02579	276	exact
TH2	gene_MJIDPBFG_04257	HKNPDCAD_02578	1032	exact
TH2	gene_MJIDPBFG_04258	HKNPDCAD_02577	2052	exact
TH2	gene_MJIDPBFG_04259	HKNPDCAD_02576	1467	exact
TH2	gene_MJIDPBFG_04260	HKNPDCAD_02575	420	exact
TH2	gene_MJIDPBFG_04261	HKNPDCAD_02574	1680	exact
TH2	gene_MJIDPBFG_04262	HKNPDCAD_02573	690	exact
TH2	gene_MJIDPBFG_04263	HKNPDCAD_02572	1314	exact
TH2	gene_MJIDPBFG_04264	HKNPDCAD_02571	597	exact
TH2	gene_MJIDPBFG_04265	HKNPDCAD_02570	384	exact
TH2	gene_MJIDPBFG_04266	HKNPDCAD_02569	807	exact
TH2	gene_MJIDPBFG_04267	HKNPDCAD_02568	753	exact
TH2	gene_MJIDPBFG_04268	HKNPDCAD_02567	957	exact
TH2	gene_MJIDPBFG_04269	HKNPDCAD_02566	672	exact
TH2	gene_MJIDPBFG_04270	HKNPDCAD_02565	567	exact
TH2	gene_MJIDPBFG_04271	HKNPDCAD_02564	1437	exact
TH2	gene_MJIDPBFG_04272		1959	no exact sequence match
TH2	gene_MJIDPBFG_04273	HKNPDCAD_02561	315	exact
TH2	gene_MJIDPBFG_04274		1665	no exact sequence match
TH2	gene_MJIDPBFG_04275	HKNPDCAD_02559	1293	exact
TH2	gene_MJIDPBFG_04276	HKNPDCAD_02558	1218	exact
TH2	gene_MJIDPBFG_04277	HKNPDCAD_02557	459	exact
TH2	gene_MJIDPBFG_04278	HKNPDCAD_02556	1350	exact
TH2	gene_MJIDPBFG_04279	HKNPDCAD_02555	417	exact
TH2	gene_MJIDPBFG_04280	HKNPDCAD_02554	324	exact
TH2	gene_MJIDPBFG_04281	HKNPDCAD_02553	1587	exact
TH2	gene_MJIDPBFG_04282	HKNPDCAD_02552	282	exact
TH2	gene_MJIDPBFG_04283	HKNPDCAD_02551	822	exact
TH2	gene_MJIDPBFG_04284	HKNPDCAD_00049;HKNPDCAD_02550	129	exact
TH2	gene_MJIDPBFG_04285	HKNPDCAD_00048	4764	exact
TH2	gene_MJIDPBFG_04286	HKNPDCAD_02547	261	exact
TH2	gene_MJIDPBFG_04287	HKNPDCAD_00046;HKNPDCAD_02546	2034	exact
TH2	gene_MJIDPBFG_04288	HKNPDCAD_00045;HKNPDCAD_02545	1539	exact
TH2	gene_MJIDPBFG_04289	HKNPDCAD_00044;HKNPDCAD_02544	1269	exact
TH2	gene_MJIDPBFG_04290	HKNPDCAD_02543	537	exact
TH2	gene_MJIDPBFG_04291	HKNPDCAD_02542	2823	exact
TH2	gene_MJIDPBFG_04292	HKNPDCAD_02541	357	exact
TH2	gene_MJIDPBFG_04293	HKNPDCAD_02540	417	exact
TH2	gene_MJIDPBFG_04294	HKNPDCAD_02539	714	exact
TH2	gene_MJIDPBFG_04295	HKNPDCAD_02538	204	exact
TH2	gene_MJIDPBFG_04296	HKNPDCAD_02537	1194	exact
TH2	gene_MJIDPBFG_04297	HKNPDCAD_02536	720	exact
TH2	gene_MJIDPBFG_04298	HKNPDCAD_02535	363	exact
TH2	gene_MJIDPBFG_04299	HKNPDCAD_02534	1416	exact
TH2	gene_MJIDPBFG_04300	HKNPDCAD_02533	984	exact
TH2	gene_MJIDPBFG_04301	HKNPDCAD_02532	243	exact
TH2	gene_MJIDPBFG_04302	HKNPDCAD_02531	1038	exact
TH2	gene_MJIDPBFG_04303	HKNPDCAD_02530	993	exact
TH2	gene_MJIDPBFG_04304	HKNPDCAD_02529	516	exact
TH2	gene_MJIDPBFG_04305	HKNPDCAD_02528	210	exact
TH2	gene_MJIDPBFG_04306	HKNPDCAD_02527	1326	exact
TH2	gene_MJIDPBFG_04307	HKNPDCAD_02526	609	exact
TH2	gene_MJIDPBFG_04308	HKNPDCAD_02525	369	exact
TH2	gene_MJIDPBFG_04309	HKNPDCAD_02524	2424	exact
TH2	gene_MJIDPBFG_04310	HKNPDCAD_02523	873	exact
TH2	gene_MJIDPBFG_04311	HKNPDCAD_02522	498	exact
TH2	gene_MJIDPBFG_04312	HKNPDCAD_02521	1329	exact
TH2	gene_MJIDPBFG_04313	HKNPDCAD_02520	195	exact
TH2	gene_MJIDPBFG_04314	HKNPDCAD_02519	921	exact
TH2	gene_MJIDPBFG_04315	HKNPDCAD_02518	1341	exact
TH2	gene_MJIDPBFG_04316	HKNPDCAD_02517	792	exact
TH2	gene_MJIDPBFG_04317	HKNPDCAD_02516	327	exact
TH2	gene_MJIDPBFG_04318	HKNPDCAD_02515	96	exact
TH2	gene_MJIDPBFG_04319	HKNPDCAD_02514	1191	exact
TH2	gene_MJIDPBFG_04320	HKNPDCAD_02513	1545	exact
TH2	gene_MJIDPBFG_04321	HKNPDCAD_02512	891	exact
TH2	gene_MJIDPBFG_04322	HKNPDCAD_02511	1476	exact
TH2	gene_MJIDPBFG_04323	HKNPDCAD_02510	411	exact
TH2	gene_MJIDPBFG_04324	HKNPDCAD_02509	1959	exact
TH2	gene_MJIDPBFG_04325	HKNPDCAD_02508	738	exact
TH2	gene_MJIDPBFG_04326	HKNPDCAD_02507	639	exact
TH2	gene_MJIDPBFG_04327	HKNPDCAD_02506	243	exact
TH2	gene_MJIDPBFG_04328		1005	no exact sequence match
TH2	gene_MJIDPBFG_04329		588	no exact sequence match
TH2	gene_MJIDPBFG_04330	HKNPDCAD_02504	1350	exact
TH2	gene_MJIDPBFG_04331	HKNPDCAD_02503	273	exact
TH2	gene_MJIDPBFG_04332	HKNPDCAD_02502	876	exact
TH2	gene_MJIDPBFG_04333	HKNPDCAD_02501	948	exact
TH2	gene_MJIDPBFG_04334	HKNPDCAD_02500	807	exact
TH2	gene_MJIDPBFG_04335	HKNPDCAD_02499	408	exact
TH2	gene_MJIDPBFG_04336	HKNPDCAD_02498	495	exact
TH2	gene_MJIDPBFG_04337	HKNPDCAD_02497	798	exact
TH2	gene_MJIDPBFG_04338	HKNPDCAD_02496	825	exact
TH2	gene_MJIDPBFG_04339		1005	no exact sequence match
TH2	gene_MJIDPBFG_04340		246	no exact sequence match
TH2	gene_MJIDPBFG_04341	HKNPDCAD_02494	690	exact
TH2	gene_MJIDPBFG_04342		1191	no exact sequence match
TH2	gene_MJIDPBFG_04343		222	no exact sequence match
TH2	gene_MJIDPBFG_04344		3684	no exact sequence match
TH2	gene_MJIDPBFG_04345		825	no exact sequence match
TH2	gene_MJIDPBFG_04346	HKNPDCAD_02490	1575	exact
TH2	gene_MJIDPBFG_04347		1737	no exact sequence match
TH2	gene_MJIDPBFG_04348	HKNPDCAD_02487	993	exact
TH2	gene_MJIDPBFG_04349	HKNPDCAD_02486	216	exact
TH2	gene_MJIDPBFG_04350	HKNPDCAD_02485	1602	exact
TH2	gene_MJIDPBFG_04351	HKNPDCAD_02484	930	exact
TH2	gene_MJIDPBFG_04352	HKNPDCAD_02483	444	exact
TH2	gene_MJIDPBFG_04357	HKNPDCAD_02478	1590	exact
TH2	gene_MJIDPBFG_04358		714	no exact sequence match
TH2	gene_MJIDPBFG_04359		549	no exact sequence match
TH2	gene_MJIDPBFG_04360	HKNPDCAD_02476	1326	exact
TH2	gene_MJIDPBFG_04361	HKNPDCAD_02475	1377	exact
TH2	gene_MJIDPBFG_04362	HKNPDCAD_02474	426	exact
TH2	gene_MJIDPBFG_04363	HKNPDCAD_02473	636	exact
TH2	gene_MJIDPBFG_04364	HKNPDCAD_02472	273	exact
TH2	gene_MJIDPBFG_04365	HKNPDCAD_02471	591	exact
TH2	gene_MJIDPBFG_04366	HKNPDCAD_02470	672	exact
TH2	gene_MJIDPBFG_04367	HKNPDCAD_02469	1065	exact
TH2	gene_MJIDPBFG_04368	HKNPDCAD_02468	774	exact
TH2	gene_MJIDPBFG_04369	HKNPDCAD_02467	477	exact
TH2	gene_MJIDPBFG_04370	HKNPDCAD_02466	1896	exact
TH2	gene_MJIDPBFG_04371	HKNPDCAD_02465	636	exact
TH2	gene_MJIDPBFG_04372	HKNPDCAD_02464	756	exact
TH2	gene_MJIDPBFG_04373	HKNPDCAD_02463	972	exact
TH2	gene_MJIDPBFG_04374	HKNPDCAD_02462	1134	exact
TH2	gene_MJIDPBFG_04375	HKNPDCAD_02461	540	exact
TH2	gene_MJIDPBFG_04376	HKNPDCAD_02460	4224	exact
TH2	gene_MJIDPBFG_04377		4029	no exact sequence match
TH2	gene_MJIDPBFG_04378	HKNPDCAD_02457	366	exact
TH2	gene_MJIDPBFG_04379	HKNPDCAD_02456	498	exact
TH2	gene_MJIDPBFG_04380	HKNPDCAD_02455	687	exact
TH2	gene_MJIDPBFG_04381	HKNPDCAD_02454	429	exact
TH2	gene_MJIDPBFG_04382	HKNPDCAD_02453	546	exact
TH2	gene_MJIDPBFG_04383	HKNPDCAD_02452	384	exact
TH2	gene_MJIDPBFG_04384	HKNPDCAD_02451	1185	exact
TH2	gene_MJIDPBFG_04389	HKNPDCAD_02446	927	exact
TH2	gene_MJIDPBFG_04390	HKNPDCAD_02445	966	exact
TH2	gene_MJIDPBFG_04391	HKNPDCAD_02444	1029	exact
TH2	gene_MJIDPBFG_04396	HKNPDCAD_02439	858	exact
TH2	gene_MJIDPBFG_04397		1203	no exact sequence match
TH2	gene_MJIDPBFG_04398		669	no exact sequence match
TH2	gene_MJIDPBFG_04399	HKNPDCAD_02436	1101	exact
TH2	gene_MJIDPBFG_04400	HKNPDCAD_02435	360	exact
TH2	gene_MJIDPBFG_04401	HKNPDCAD_02434	705	exact
TH2	gene_MJIDPBFG_04402	HKNPDCAD_02433	1401	exact
TH2	gene_MJIDPBFG_04403	HKNPDCAD_02432	918	exact
TH2	gene_MJIDPBFG_04404	HKNPDCAD_02431	1374	exact
TH2	gene_MJIDPBFG_04405		777	no exact sequence match
TH2	gene_MJIDPBFG_04406	HKNPDCAD_02428	1005	exact
TH2	gene_MJIDPBFG_04407	HKNPDCAD_02427	939	exact
TH2	gene_MJIDPBFG_04408	HKNPDCAD_02426	501	exact
TH2	gene_MJIDPBFG_04409	HKNPDCAD_02425	1152	exact
TH2	gene_MJIDPBFG_04410	HKNPDCAD_02424	2652	exact
TH2	gene_MJIDPBFG_04411	HKNPDCAD_02423	1734	exact
TH2	gene_MJIDPBFG_04412	HKNPDCAD_02422	852	exact
TH2	gene_MJIDPBFG_04413	HKNPDCAD_02421	342	exact
TH2	gene_MJIDPBFG_04414	HKNPDCAD_02420	492	exact
TH2	gene_MJIDPBFG_04415	HKNPDCAD_02419	387	exact
TH2	gene_MJIDPBFG_04416	HKNPDCAD_02418	2298	exact
TH2	gene_MJIDPBFG_04417	HKNPDCAD_02417	321	exact
TH2	gene_MJIDPBFG_04418	HKNPDCAD_02416	1080	exact
TH2	gene_MJIDPBFG_04419	HKNPDCAD_02415	2502	exact
TH2	gene_MJIDPBFG_04420		663	no exact sequence match
TH2	gene_MJIDPBFG_04421	HKNPDCAD_02412	1104	exact
TH2	gene_MJIDPBFG_04422	HKNPDCAD_02411	618	exact
TH2	gene_MJIDPBFG_04423	HKNPDCAD_02410	324	exact
TH2	gene_MJIDPBFG_04424	HKNPDCAD_02409	558	exact
TH2	gene_MJIDPBFG_04425	HKNPDCAD_02408	2181	exact
TH2	gene_MJIDPBFG_04426	HKNPDCAD_02407	891	exact
TH2	gene_MJIDPBFG_04427	HKNPDCAD_02406	2433	exact
TH2	gene_MJIDPBFG_04428	HKNPDCAD_02405	1161	exact
TH2	gene_MJIDPBFG_04429	HKNPDCAD_02404	318	exact
TH2	gene_MJIDPBFG_04430	HKNPDCAD_02403	609	exact
TH2	gene_MJIDPBFG_04431	HKNPDCAD_02402	273	exact
TH2	gene_MJIDPBFG_04432		315	no exact sequence match
TH2	gene_MJIDPBFG_04433	HKNPDCAD_02401	237	exact
TH2	gene_MJIDPBFG_04434	HKNPDCAD_02400	462	exact
TH2	gene_MJIDPBFG_04435	HKNPDCAD_02399	3708	exact
TH2	gene_MJIDPBFG_04436	HKNPDCAD_02398	213	exact
TH2	gene_MJIDPBFG_04437	HKNPDCAD_02397	528	exact
TH2	gene_MJIDPBFG_04438	HKNPDCAD_02396	1707	exact
TH2	gene_MJIDPBFG_04439	HKNPDCAD_02395	1026	exact
TH2	gene_MJIDPBFG_04440	HKNPDCAD_02394	768	exact
TH2	gene_MJIDPBFG_04441	HKNPDCAD_02393	531	exact
TH2	gene_MJIDPBFG_04442	HKNPDCAD_02392	1332	exact
TH2	gene_MJIDPBFG_04443	HKNPDCAD_02391	963	exact
TH2	gene_MJIDPBFG_04444	HKNPDCAD_02390	486	exact
TH2	gene_MJIDPBFG_04445		174	no exact sequence match
TH2	gene_MJIDPBFG_04446	HKNPDCAD_02388	846	exact
TH2	gene_MJIDPBFG_04447	HKNPDCAD_02387	1446	exact
TH2	gene_MJIDPBFG_04448	HKNPDCAD_02386	1140	exact
TH2	gene_MJIDPBFG_04449	HKNPDCAD_02385	747	exact
TH2	gene_MJIDPBFG_04450	HKNPDCAD_02384	429	exact
TH2	gene_MJIDPBFG_04451	HKNPDCAD_02383	300	exact
TH2	gene_MJIDPBFG_04452	HKNPDCAD_02382	441	exact
TH2	gene_MJIDPBFG_04453	HKNPDCAD_02381	600	exact
TH2	gene_MJIDPBFG_04454	HKNPDCAD_02380	768	exact
TH2	gene_MJIDPBFG_04455	HKNPDCAD_02379	726	exact
TH2	gene_MJIDPBFG_04456	HKNPDCAD_02378	222	exact
TH2	gene_MJIDPBFG_04457	HKNPDCAD_02377	786	exact
TH2	gene_MJIDPBFG_04458	HKNPDCAD_02376	963	exact
TH2	gene_MJIDPBFG_04459	HKNPDCAD_02374	903	exact
TH2	gene_MJIDPBFG_04460	HKNPDCAD_02373	501	exact
TH2	gene_MJIDPBFG_04461	HKNPDCAD_02372	699	exact
TH2	gene_MJIDPBFG_04462	HKNPDCAD_02371	705	exact
TH2	gene_MJIDPBFG_04463	HKNPDCAD_02370	669	exact
TH2	gene_MJIDPBFG_04464	HKNPDCAD_02369	675	exact
TH2	gene_MJIDPBFG_04465	HKNPDCAD_02368	984	exact
TH2	gene_MJIDPBFG_04466	HKNPDCAD_02367	225	exact
TH2	gene_MJIDPBFG_04467	HKNPDCAD_02366	297	exact
TH2	gene_MJIDPBFG_04468	HKNPDCAD_02365	1035	exact
TH2	gene_MJIDPBFG_04469	HKNPDCAD_02364	939	exact
TH2	gene_MJIDPBFG_04470	HKNPDCAD_02363	837	exact
TH2	gene_MJIDPBFG_04471	HKNPDCAD_02362	1470	exact
TH2	gene_MJIDPBFG_04472	HKNPDCAD_02361	1260	exact
TH2	gene_MJIDPBFG_04473	HKNPDCAD_02360	825	exact
TH2	gene_MJIDPBFG_04474	HKNPDCAD_02359	315	exact
TH2	gene_MJIDPBFG_04475	HKNPDCAD_02358	447	exact
TH2	gene_MJIDPBFG_04476	HKNPDCAD_02357	1452	exact
TH2	gene_MJIDPBFG_04477	HKNPDCAD_02356	1071	exact
TH2	gene_MJIDPBFG_04478	HKNPDCAD_02355	1749	exact
TH2	gene_MJIDPBFG_04479	HKNPDCAD_02354	1041	exact
TH2	gene_MJIDPBFG_04480		834	no exact sequence match
TH2	gene_MJIDPBFG_04481	HKNPDCAD_02352	588	exact
TH2	gene_MJIDPBFG_04482		528	no exact sequence match
TH2	gene_MJIDPBFG_04483		1929	no exact sequence match
TH2	gene_MJIDPBFG_04484		816	no exact sequence match
TH2	gene_MJIDPBFG_04485	HKNPDCAD_02349	636	exact
TH2	gene_MJIDPBFG_04486		930	no exact sequence match
TH2	gene_MJIDPBFG_04487	HKNPDCAD_02346	183	exact
TH2	gene_MJIDPBFG_04488	HKNPDCAD_02345	243	exact
TH2	gene_MJIDPBFG_04489	HKNPDCAD_02344	219	exact
TH2	gene_MJIDPBFG_04490	HKNPDCAD_02343	108	exact
TH2	gene_MJIDPBFG_04491	HKNPDCAD_02342	942	exact
TH2	gene_MJIDPBFG_04492		438	no exact sequence match
TH2	gene_MJIDPBFG_04493	HKNPDCAD_02340	873	exact
TH2	gene_MJIDPBFG_04494	HKNPDCAD_02339	600	exact
TH2	gene_MJIDPBFG_04495	HKNPDCAD_02338	561	exact
TH2	gene_MJIDPBFG_04496	HKNPDCAD_02337	285	exact
TH2	gene_MJIDPBFG_04497	HKNPDCAD_02336	897	exact
TH2	gene_MJIDPBFG_04498	HKNPDCAD_02335	897	exact
TH2	gene_MJIDPBFG_04499	HKNPDCAD_02334	879	exact
TH2	gene_MJIDPBFG_04500	HKNPDCAD_02333	1242	exact
TH2	gene_MJIDPBFG_04501	HKNPDCAD_02332	903	exact
TH2	gene_MJIDPBFG_04502	HKNPDCAD_02331	876	exact
TH2	gene_MJIDPBFG_04503	HKNPDCAD_02330	2037	exact
TH2	gene_MJIDPBFG_04504	HKNPDCAD_02329	1386	exact
TH2	gene_MJIDPBFG_04505	HKNPDCAD_02328	1404	exact
TH2	gene_MJIDPBFG_04506	HKNPDCAD_02327	759	exact
TH2	gene_MJIDPBFG_04507	HKNPDCAD_02326	1266	exact
TH2	gene_MJIDPBFG_04508	HKNPDCAD_02325	981	exact
TH2	gene_MJIDPBFG_04509	HKNPDCAD_02324	153	exact
TH2	gene_MJIDPBFG_04510	HKNPDCAD_02323	528	exact
TH2	gene_MJIDPBFG_04511	HKNPDCAD_02322	1824	exact
TH2	gene_MJIDPBFG_04512	HKNPDCAD_02321	1410	exact
TH2	gene_MJIDPBFG_04513	HKNPDCAD_02320	1050	exact
TH2	gene_MJIDPBFG_04514	HKNPDCAD_02319	1410	exact
TH2	gene_MJIDPBFG_04515	HKNPDCAD_02318	111	exact
TH2	gene_MJIDPBFG_04516	HKNPDCAD_02317	1374	exact
TH2	gene_MJIDPBFG_04517	HKNPDCAD_02316	510	exact
TH2	gene_MJIDPBFG_04518	HKNPDCAD_02315	633	exact
TH2	gene_MJIDPBFG_04519		921	no exact sequence match
TH2	gene_MJIDPBFG_04520		1797	no exact sequence match
TH2	gene_MJIDPBFG_04521	HKNPDCAD_02313	186	exact
TH2	gene_MJIDPBFG_04522		933	no exact sequence match
TH2	gene_MJIDPBFG_04523	HKNPDCAD_02311	1431	exact
TH2	gene_MJIDPBFG_04524		435	no exact sequence match
TH2	gene_MJIDPBFG_04525	HKNPDCAD_02309	195	exact
TH2	gene_MJIDPBFG_04526		972	no exact sequence match
TH2	gene_MJIDPBFG_04527		186	no exact sequence match
TH2	gene_MJIDPBFG_04528	HKNPDCAD_02306	585	exact
TH2	gene_MJIDPBFG_04529	HKNPDCAD_02305	528	exact
TH2	gene_MJIDPBFG_04535	HKNPDCAD_02299	546	exact
TH2	gene_MJIDPBFG_04536		1452	no exact sequence match
TH2	gene_MJIDPBFG_04537	HKNPDCAD_02296	543	exact
TH2	gene_MJIDPBFG_04538	HKNPDCAD_02295	1332	exact
TH2	gene_MJIDPBFG_04539	HKNPDCAD_02294	2190	exact
TH2	gene_MJIDPBFG_04540	HKNPDCAD_02293	1164	exact
TH2	gene_MJIDPBFG_04541	HKNPDCAD_02292	702	exact
TH2	gene_MJIDPBFG_04542		1542	no exact sequence match
TH2	gene_MJIDPBFG_04543	HKNPDCAD_02290	489	exact
TH2	gene_MJIDPBFG_04544	HKNPDCAD_02289	783	exact
TH2	gene_MJIDPBFG_04545	HKNPDCAD_02288	777	exact
TH2	gene_MJIDPBFG_04546	HKNPDCAD_02287	321	exact
TH2	gene_MJIDPBFG_04547	HKNPDCAD_02286	270	exact
TH2	gene_MJIDPBFG_04548	HKNPDCAD_02285	1641	exact
TH2	gene_MJIDPBFG_04549	HKNPDCAD_02284	606	exact
TH2	gene_MJIDPBFG_04550	HKNPDCAD_02283	756	exact
TH2	gene_MJIDPBFG_04551	HKNPDCAD_02282	1428	exact
TH2	gene_MJIDPBFG_04552	HKNPDCAD_02281	762	exact
TH2	gene_MJIDPBFG_04553	HKNPDCAD_02280	816	exact
TH2	gene_MJIDPBFG_04554	HKNPDCAD_02279	2262	exact
TH2	gene_MJIDPBFG_04555	HKNPDCAD_02278	954	exact
TH2	gene_MJIDPBFG_04556	HKNPDCAD_02277	900	exact
TH2	gene_MJIDPBFG_04557		420	no exact sequence match
TH2	gene_MJIDPBFG_04558		291	no exact sequence match
TH2	gene_MJIDPBFG_04559	HKNPDCAD_02275	1023	exact
TH2	gene_MJIDPBFG_04560	HKNPDCAD_02274	621	exact
TH2	gene_MJIDPBFG_04561	HKNPDCAD_02273	621	exact
TH2	gene_MJIDPBFG_04562	HKNPDCAD_02272	1836	exact
TH2	gene_MJIDPBFG_04563	HKNPDCAD_02271	870	exact
TH2	gene_MJIDPBFG_04564		243	no exact sequence match
TH2	gene_MJIDPBFG_04565		243	no exact sequence match
TH2	gene_MJIDPBFG_04566		891	no exact sequence match
TH2	gene_MJIDPBFG_04567	HKNPDCAD_02267	381	exact
TH2	gene_MJIDPBFG_04568	HKNPDCAD_02266	132	exact
TH2	gene_MJIDPBFG_04569	HKNPDCAD_02265	222	exact
TH2	gene_MJIDPBFG_04570	HKNPDCAD_02264	951	exact
TH2	gene_MJIDPBFG_04571	HKNPDCAD_02263	765	exact
TH2	gene_MJIDPBFG_04572	HKNPDCAD_02262	2163	exact
TH2	gene_MJIDPBFG_04573	HKNPDCAD_02261	717	exact
TH2	gene_MJIDPBFG_04574	HKNPDCAD_02260	897	exact
TH2	gene_MJIDPBFG_04575	HKNPDCAD_02259	708	exact
TH2	gene_MJIDPBFG_04576	HKNPDCAD_02258	840	exact
TH2	gene_MJIDPBFG_04577	HKNPDCAD_02257	204	exact
TH2	gene_MJIDPBFG_04578	HKNPDCAD_02256	321	exact
TH2	gene_MJIDPBFG_04579	HKNPDCAD_02255	1941	exact
TH2	gene_MJIDPBFG_04580	HKNPDCAD_02254	645	exact
TH2	gene_MJIDPBFG_04581		285	no exact sequence match
TH2	gene_MJIDPBFG_04582		699	no exact sequence match
TH2	gene_MJIDPBFG_04583	HKNPDCAD_02252	741	exact
TH2	gene_MJIDPBFG_04584		93	no exact sequence match
TH2	gene_MJIDPBFG_04585		1107	no exact sequence match
TH2	gene_MJIDPBFG_04586	HKNPDCAD_02249	1197	exact
TH2	gene_MJIDPBFG_04587	HKNPDCAD_02248	1395	exact
TH2	gene_MJIDPBFG_04588	HKNPDCAD_02247	1236	exact
TH2	gene_MJIDPBFG_04593		1293	no exact sequence match
TH2	gene_MJIDPBFG_04594	HKNPDCAD_02241	741	exact
TH2	gene_MJIDPBFG_04595	HKNPDCAD_02240	1353	exact
TH2	gene_MJIDPBFG_04596	HKNPDCAD_02239	1080	exact
TH2	gene_MJIDPBFG_04597	HKNPDCAD_02238	1251	exact
TH2	gene_MJIDPBFG_04598	HKNPDCAD_02237	1131	exact
TH2	gene_MJIDPBFG_04599	HKNPDCAD_02236	675	exact
TH2	gene_MJIDPBFG_04600	HKNPDCAD_02235	882	exact
TH2	gene_MJIDPBFG_04601	HKNPDCAD_02234	1068	exact
TH2	gene_MJIDPBFG_04602	HKNPDCAD_02233	1263	exact
TH2	gene_MJIDPBFG_04603		996	no exact sequence match
TH2	gene_MJIDPBFG_04604	HKNPDCAD_02231	912	exact
TH2	gene_MJIDPBFG_04605	HKNPDCAD_02230	861	exact
TH2	gene_MJIDPBFG_04606	HKNPDCAD_02229	291	exact
TH2	gene_MJIDPBFG_04607	HKNPDCAD_02228	219	exact
TH2	gene_MJIDPBFG_04608		1032	no exact sequence match
TH2	gene_MJIDPBFG_04609		285	no exact sequence match
TH2	gene_MJIDPBFG_04610	HKNPDCAD_02226	330	exact
TH2	gene_MJIDPBFG_04611	HKNPDCAD_02225	1086	exact
TH2	gene_MJIDPBFG_04612	HKNPDCAD_02224	1485	exact
TH2	gene_MJIDPBFG_04613	HKNPDCAD_02223	2022	exact
TH2	gene_MJIDPBFG_04614	HKNPDCAD_02222	450	exact
TH2	gene_MJIDPBFG_04615	HKNPDCAD_02221	282	exact
TH2	gene_MJIDPBFG_04616	HKNPDCAD_02220	1476	exact
TH2	gene_MJIDPBFG_04617	HKNPDCAD_02219	894	exact
TH2	gene_MJIDPBFG_04618	HKNPDCAD_02218	1545	exact
TH2	gene_MJIDPBFG_04619	HKNPDCAD_02217	1860	exact
TH2	gene_MJIDPBFG_04620	HKNPDCAD_02216	930	exact
TH2	gene_MJIDPBFG_04621	HKNPDCAD_02215	264	exact
TH2	gene_MJIDPBFG_04622	HKNPDCAD_02214	1647	exact
TH2	gene_MJIDPBFG_04623	HKNPDCAD_02212	303	exact
TH2	gene_MJIDPBFG_04624	HKNPDCAD_02211	915	exact
TH2	gene_MJIDPBFG_04625	HKNPDCAD_02210	330	exact
TH2	gene_MJIDPBFG_04626	HKNPDCAD_02209	339	exact
TH2	gene_MJIDPBFG_04627	HKNPDCAD_02208	840	exact
TH2	gene_MJIDPBFG_04634	HKNPDCAD_02201	693	exact
TH2	gene_MJIDPBFG_04635	HKNPDCAD_02200	1428	exact
TH2	gene_MJIDPBFG_04636	HKNPDCAD_02199	993	exact
TH2	gene_MJIDPBFG_04637	HKNPDCAD_02198	930	exact
TH2	gene_MJIDPBFG_04638	HKNPDCAD_02197	891	exact
TH2	gene_MJIDPBFG_04639	HKNPDCAD_02196	966	exact
TH2	gene_MJIDPBFG_04640		1506	no exact sequence match
TH2	gene_MJIDPBFG_04641		456	no exact sequence match
TH2	gene_MJIDPBFG_04642	HKNPDCAD_02193	1611	exact
TH2	gene_MJIDPBFG_04643	HKNPDCAD_02192	252	exact
TH2	gene_MJIDPBFG_04644		1374	no exact sequence match
TH2	gene_MJIDPBFG_04645	HKNPDCAD_02190	1452	exact
TH2	gene_MJIDPBFG_04646		876	no exact sequence match
TH2	gene_MJIDPBFG_04647	HKNPDCAD_02188	459	exact
TH2	gene_MJIDPBFG_04648	HKNPDCAD_02187	444	exact
TH2	gene_MJIDPBFG_04649	HKNPDCAD_02186	1890	exact
TH2	gene_MJIDPBFG_04650	HKNPDCAD_02185	624	exact
TH2	gene_MJIDPBFG_04651	HKNPDCAD_02184	381	exact
TH2	gene_MJIDPBFG_04652	HKNPDCAD_02183	681	exact
TH2	gene_MJIDPBFG_04653	HKNPDCAD_02182	240	exact
TH2	gene_MJIDPBFG_04654	HKNPDCAD_02181	471	exact
TH2	gene_MJIDPBFG_04655	HKNPDCAD_02180	534	exact
TH2	gene_MJIDPBFG_04656	HKNPDCAD_02179	1542	exact
TH2	gene_MJIDPBFG_04657	HKNPDCAD_02178	864	exact
TH2	gene_MJIDPBFG_04658	HKNPDCAD_02177	1383	exact
TH2	gene_MJIDPBFG_04659	HKNPDCAD_02176	420	exact
TH2	gene_MJIDPBFG_04660	HKNPDCAD_02175	1371	exact
TH2	gene_MJIDPBFG_04661	HKNPDCAD_02174	1830	exact
TH2	gene_MJIDPBFG_04662	HKNPDCAD_02173	1041	exact
TH2	gene_MJIDPBFG_04663	HKNPDCAD_02172	960	exact
TH2	gene_MJIDPBFG_04664	HKNPDCAD_02171	891	exact
TH2	gene_MJIDPBFG_04665	HKNPDCAD_02170	774	exact
TH2	gene_MJIDPBFG_04666	HKNPDCAD_02169	726	exact
TH2	gene_MJIDPBFG_04667	HKNPDCAD_02168	837	exact
TH2	gene_MJIDPBFG_04668		1065	no exact sequence match
TH2	gene_MJIDPBFG_04669		798	no exact sequence match
TH2	gene_MJIDPBFG_04670		840	no exact sequence match
TH2	gene_MJIDPBFG_04671		615	no exact sequence match
TH2	gene_MJIDPBFG_04672		1617	no exact sequence match
TH2	gene_MJIDPBFG_04673	HKNPDCAD_02162	1107	exact
TH2	gene_MJIDPBFG_04674	HKNPDCAD_02161	723	exact
TH2	gene_MJIDPBFG_04675	HKNPDCAD_02160	588	exact
TH2	gene_MJIDPBFG_04676	HKNPDCAD_02159	474	exact
TH2	gene_MJIDPBFG_04677	HKNPDCAD_02158	666	exact
TH2	gene_MJIDPBFG_04678	HKNPDCAD_02157	1338	exact
TH2	gene_MJIDPBFG_04679	HKNPDCAD_02156	567	exact
TH2	gene_MJIDPBFG_04680	HKNPDCAD_02155	750	exact
TH2	gene_MJIDPBFG_04681	HKNPDCAD_02154	972	exact
TH2	gene_MJIDPBFG_04682	HKNPDCAD_02153	1176	exact
TH2	gene_MJIDPBFG_04683		660	no exact sequence match
TH2	gene_MJIDPBFG_04684		645	no exact sequence match
TH2	gene_MJIDPBFG_04685	HKNPDCAD_02151	1416	exact
TH2	gene_MJIDPBFG_04686	HKNPDCAD_02150	1365	exact
TH2	gene_MJIDPBFG_04687	HKNPDCAD_02149	1647	exact
TH2	gene_MJIDPBFG_04688		360	no exact sequence match
TH2	gene_MJIDPBFG_04689	HKNPDCAD_02147	141	exact
TH2	gene_MJIDPBFG_04690	HKNPDCAD_02146	1404	exact
TH2	gene_MJIDPBFG_04691		1053	no exact sequence match
TH2	gene_MJIDPBFG_04692	HKNPDCAD_02144	1074	exact
TH2	gene_MJIDPBFG_04693	HKNPDCAD_02143	2415	exact
TH2	gene_MJIDPBFG_04694	HKNPDCAD_02142	399	exact
TH2	gene_MJIDPBFG_04695	HKNPDCAD_02141	813	exact
TH2	gene_MJIDPBFG_04696	HKNPDCAD_02140	657	exact
TH2	gene_MJIDPBFG_04697	HKNPDCAD_02139	690	exact
TH2	gene_MJIDPBFG_04698	HKNPDCAD_02138	879	exact
TH2	gene_MJIDPBFG_04699	HKNPDCAD_02137	618	exact
TH2	gene_MJIDPBFG_04700	HKNPDCAD_02136	1149	exact
TH2	gene_MJIDPBFG_04701	HKNPDCAD_02135	1293	exact
TH2	gene_MJIDPBFG_04702	HKNPDCAD_02134	1065	exact
TH2	gene_MJIDPBFG_04703	HKNPDCAD_02133	1215	exact
TH2	gene_MJIDPBFG_04704		396	no exact sequence match
TH2	gene_MJIDPBFG_04705	HKNPDCAD_02131	414	exact
TH2	gene_MJIDPBFG_04706	HKNPDCAD_02130	429	exact
TH2	gene_MJIDPBFG_04707	HKNPDCAD_02129	1722	exact
TH2	gene_MJIDPBFG_04708	HKNPDCAD_02128	600	exact
TH2	gene_MJIDPBFG_04709	HKNPDCAD_02127	1518	exact
TH2	gene_MJIDPBFG_04710		1323	no exact sequence match
TH2	gene_MJIDPBFG_04711	HKNPDCAD_02124	681	exact
TH2	gene_MJIDPBFG_04712	HKNPDCAD_02123	390	exact
TH2	gene_MJIDPBFG_04713	HKNPDCAD_02122	348	exact
TH2	gene_MJIDPBFG_04714		363	no exact sequence match
TH2	gene_MJIDPBFG_04715	HKNPDCAD_02120	498	exact
TH2	gene_MJIDPBFG_04716	HKNPDCAD_02119	1185	exact
TH2	gene_MJIDPBFG_04717	HKNPDCAD_02118	90	exact
TH2	gene_MJIDPBFG_04718		99	no exact sequence match
TH2	gene_MJIDPBFG_04719	HKNPDCAD_02117	1689	exact
TH2	gene_MJIDPBFG_04720	HKNPDCAD_02116	291	exact
TH2	gene_MJIDPBFG_04721	HKNPDCAD_02115	591	exact
TH2	gene_MJIDPBFG_04722	HKNPDCAD_02114	1503	exact
TH2	gene_MJIDPBFG_04723	HKNPDCAD_02113	636	exact
TH2	gene_MJIDPBFG_04724	HKNPDCAD_02112	615	exact
TH2	gene_MJIDPBFG_04725	HKNPDCAD_02111	1380	exact
TH2	gene_MJIDPBFG_04726	HKNPDCAD_02110	1767	exact
TH2	gene_MJIDPBFG_04727		1335	no exact sequence match
TH2	gene_MJIDPBFG_04728	HKNPDCAD_02108	453	exact
TH2	gene_MJIDPBFG_04729	HKNPDCAD_02107	1239	exact
TH2	gene_MJIDPBFG_04730	HKNPDCAD_02106	294	exact
TH2	gene_MJIDPBFG_04731	HKNPDCAD_02105	819	exact
TH2	gene_MJIDPBFG_04732	HKNPDCAD_02104	924	exact
TH2	gene_MJIDPBFG_04733	HKNPDCAD_02103	315	exact
TH2	gene_MJIDPBFG_04734	HKNPDCAD_00490;HKNPDCAD_00548;HKNPDCAD_00682;HKNPDCAD_01139;HKNPDCAD_01213;HKNPDCAD_01356;HKNPDCAD_01366;HKNPDCAD_01537;HKNPDCAD_02097;HKNPDCAD_02102;HKNPDCAD_02784;HKNPDCAD_03292;HKNPDCAD_03714	276	exact
TH2	gene_MJIDPBFG_04735	HKNPDCAD_00014;HKNPDCAD_00491;HKNPDCAD_00547;HKNPDCAD_00683;HKNPDCAD_01138;HKNPDCAD_01214;HKNPDCAD_01355;HKNPDCAD_01367;HKNPDCAD_01536;HKNPDCAD_02098;HKNPDCAD_02101;HKNPDCAD_02785;HKNPDCAD_03291;HKNPDCAD_03715	378	exact
TH2	gene_MJIDPBFG_04736	HKNPDCAD_02100	2628	exact
TH2	gene_MJIDPBFG_04737	HKNPDCAD_02099	825	exact
TH2	gene_MJIDPBFG_04738	HKNPDCAD_00014;HKNPDCAD_00491;HKNPDCAD_00547;HKNPDCAD_00683;HKNPDCAD_01138;HKNPDCAD_01214;HKNPDCAD_01355;HKNPDCAD_01367;HKNPDCAD_01536;HKNPDCAD_02098;HKNPDCAD_02101;HKNPDCAD_02785;HKNPDCAD_03291;HKNPDCAD_03715	378	exact
TH2	gene_MJIDPBFG_04739	HKNPDCAD_00490;HKNPDCAD_00548;HKNPDCAD_00682;HKNPDCAD_01139;HKNPDCAD_01213;HKNPDCAD_01356;HKNPDCAD_01366;HKNPDCAD_01537;HKNPDCAD_02097;HKNPDCAD_02102;HKNPDCAD_02784;HKNPDCAD_03292;HKNPDCAD_03714	276	exact
TH2	gene_MJIDPBFG_04740	HKNPDCAD_02096	294	exact
TH2	gene_MJIDPBFG_04741	HKNPDCAD_02095	1185	exact
TH2	gene_MJIDPBFG_04743	HKNPDCAD_02093	1383	exact
TH2	gene_MJIDPBFG_04744		2319	no exact sequence match
TH2	gene_MJIDPBFG_04745		1710	no exact sequence match
TH2	gene_MJIDPBFG_04746	HKNPDCAD_02089	1392	exact
TH2	gene_MJIDPBFG_04747	HKNPDCAD_02088	210	exact
TH2	gene_MJIDPBFG_04748	HKNPDCAD_02087	1041	exact
TH2	gene_MJIDPBFG_04749	HKNPDCAD_02086	2082	exact
TH2	gene_MJIDPBFG_04750	HKNPDCAD_02085	690	exact
TH2	gene_MJIDPBFG_04751		1746	no exact sequence match
TH2	gene_MJIDPBFG_04752		366	no exact sequence match
TH2	gene_MJIDPBFG_04753	HKNPDCAD_02083	276	exact
TH2	gene_MJIDPBFG_04754	HKNPDCAD_02082	624	exact
TH2	gene_MJIDPBFG_04755		588	no exact sequence match
TH2	gene_MJIDPBFG_04756		1107	no exact sequence match
TH2	gene_MJIDPBFG_04757	HKNPDCAD_02080	618	exact
TH2	gene_MJIDPBFG_04758	HKNPDCAD_02079	825	exact
TH2	gene_MJIDPBFG_04759	HKNPDCAD_02078	816	exact
TH2	gene_MJIDPBFG_04760	HKNPDCAD_02077	717	exact
TH2	gene_MJIDPBFG_04761	HKNPDCAD_02076	642	exact
TH2	gene_MJIDPBFG_04762	HKNPDCAD_02075	597	exact
TH2	gene_MJIDPBFG_04763	HKNPDCAD_02074	459	exact
TH2	gene_MJIDPBFG_04764	HKNPDCAD_02073	1221	exact
TH2	gene_MJIDPBFG_04765	HKNPDCAD_02072	669	exact
TH2	gene_MJIDPBFG_04766	HKNPDCAD_02071	237	exact
TH2	gene_MJIDPBFG_04767	HKNPDCAD_02070	168	exact
TH2	gene_MJIDPBFG_04768		288	no exact sequence match
TH2	gene_MJIDPBFG_04769		186	no exact sequence match
TH2	gene_MJIDPBFG_04770		372	no exact sequence match
TH2	gene_MJIDPBFG_04771	HKNPDCAD_02067	480	exact
TH2	gene_MJIDPBFG_04772	HKNPDCAD_02066	615	exact
TH2	gene_MJIDPBFG_04773	HKNPDCAD_02065	603	exact
TH2	gene_MJIDPBFG_04774		114	no exact sequence match
TH2	gene_MJIDPBFG_04775		396	no exact sequence match
TH2	gene_MJIDPBFG_04776		558	no exact sequence match
TH2	gene_MJIDPBFG_04777	HKNPDCAD_02063	1125	exact
TH2	gene_MJIDPBFG_04778	HKNPDCAD_02062	798	exact
TH2	gene_MJIDPBFG_04779	HKNPDCAD_02061	936	exact
TH2	gene_MJIDPBFG_04780	HKNPDCAD_02060	1080	exact
TH2	gene_MJIDPBFG_04781	HKNPDCAD_02059	1020	exact
TH2	gene_MJIDPBFG_04782	HKNPDCAD_02058	945	exact
TH2	gene_MJIDPBFG_04783	HKNPDCAD_02057	699	exact
TH2	gene_MJIDPBFG_04784		942	no exact sequence match
TH2	gene_MJIDPBFG_04785	HKNPDCAD_02055	1074	exact
TH2	gene_MJIDPBFG_04786		1164	no exact sequence match
TH2	gene_MJIDPBFG_04787	HKNPDCAD_02053	960	exact
TH2	gene_MJIDPBFG_04788	HKNPDCAD_02052	1047	exact
TH2	gene_MJIDPBFG_04789	HKNPDCAD_02051	933	exact
TH2	gene_MJIDPBFG_04790	HKNPDCAD_02050	1197	exact
TH2	gene_MJIDPBFG_04791		210	no exact sequence match
TH2	gene_MJIDPBFG_04792		852	no exact sequence match
TH2	gene_MJIDPBFG_04793	HKNPDCAD_02048	1035	exact
TH2	gene_MJIDPBFG_04794	HKNPDCAD_02047	825	exact
TH2	gene_MJIDPBFG_04795	HKNPDCAD_02046	1260	exact
TH2	gene_MJIDPBFG_04796	HKNPDCAD_02045	1545	exact
TH2	gene_MJIDPBFG_04797	HKNPDCAD_02044	432	exact
TH2	gene_MJIDPBFG_04798	HKNPDCAD_02043	252	exact
TH2	gene_MJIDPBFG_04799	HKNPDCAD_02042	468	exact
TH2	gene_MJIDPBFG_04800	HKNPDCAD_02041	1020	exact
TH2	gene_MJIDPBFG_04801	HKNPDCAD_02040	822	exact
TH2	gene_MJIDPBFG_04802	HKNPDCAD_02039	474	exact
TH2	gene_MJIDPBFG_04803	HKNPDCAD_02038	1191	exact
TH2	gene_MJIDPBFG_04804		693	no exact sequence match
TH2	gene_MJIDPBFG_04805	HKNPDCAD_02036	1656	exact
TH2	gene_MJIDPBFG_04806	HKNPDCAD_02035	363	exact
TH2	gene_MJIDPBFG_04807	HKNPDCAD_02034	756	exact
TH2	gene_MJIDPBFG_04808	HKNPDCAD_02033	1149	exact
TH2	gene_MJIDPBFG_04809	HKNPDCAD_02032	1914	exact
TH2	gene_MJIDPBFG_04810	HKNPDCAD_02031	363	exact
TH2	gene_MJIDPBFG_04811	HKNPDCAD_02030	1137	exact
TH2	gene_MJIDPBFG_04812	HKNPDCAD_02029	462	exact
TH2	gene_MJIDPBFG_04813		444	no exact sequence match
TH2	gene_MJIDPBFG_04814	HKNPDCAD_02027	744	exact
TH2	gene_MJIDPBFG_04815		1347	no exact sequence match
TH2	gene_MJIDPBFG_04816	HKNPDCAD_02024	609	exact
TH2	gene_MJIDPBFG_04817		1392	no exact sequence match
TH2	gene_MJIDPBFG_04818	HKNPDCAD_02021	108	exact
TH2	gene_MJIDPBFG_04819	HKNPDCAD_02020	1740	exact
TH2	gene_MJIDPBFG_04820	HKNPDCAD_02019	1152	exact
TH2	gene_MJIDPBFG_04821	HKNPDCAD_02018	1539	exact
TH2	gene_MJIDPBFG_04822	HKNPDCAD_02017	213	exact
TH2	gene_MJIDPBFG_04823	HKNPDCAD_02016	324	exact
TH2	gene_MJIDPBFG_04824	HKNPDCAD_02015	1137	exact
TH2	gene_MJIDPBFG_04825	HKNPDCAD_02014	1041	exact
TH2	gene_MJIDPBFG_04826	HKNPDCAD_02013	741	exact
TH2	gene_MJIDPBFG_04827		303	no exact sequence match
TH2	gene_MJIDPBFG_04828		396	no exact sequence match
TH2	gene_MJIDPBFG_04829		573	no exact sequence match
TH2	gene_MJIDPBFG_04830		291	no exact sequence match
TH2	gene_MJIDPBFG_04831	HKNPDCAD_02010	663	exact
TH2	gene_MJIDPBFG_04832	HKNPDCAD_02009	1497	exact
TH2	gene_MJIDPBFG_04833	HKNPDCAD_02008	987	exact
TH2	gene_MJIDPBFG_04834		1278	no exact sequence match
TH2	gene_MJIDPBFG_04835	HKNPDCAD_02005	474	exact
TH2	gene_MJIDPBFG_04836	HKNPDCAD_02004	468	exact
TH2	gene_MJIDPBFG_04837		999	no exact sequence match
TH2	gene_MJIDPBFG_04838	HKNPDCAD_02002	732	exact
TH2	gene_MJIDPBFG_04839	HKNPDCAD_02001	474	exact
TH2	gene_MJIDPBFG_04840	HKNPDCAD_02000	1254	exact
TH2	gene_MJIDPBFG_04841	HKNPDCAD_01999	582	exact
TH2	gene_MJIDPBFG_04842	HKNPDCAD_01998	1323	exact
TH2	gene_MJIDPBFG_04843		492	no exact sequence match
TH2	gene_MJIDPBFG_04844		291	no exact sequence match
TH2	gene_MJIDPBFG_04845	HKNPDCAD_01996	1179	exact
TH2	gene_MJIDPBFG_04846	HKNPDCAD_01995	1182	exact
TH2	gene_MJIDPBFG_04847	HKNPDCAD_01994	1542	exact
TH2	gene_MJIDPBFG_04848	HKNPDCAD_01993	993	exact
TH2	gene_MJIDPBFG_04849	HKNPDCAD_01992	1323	exact
TH2	gene_MJIDPBFG_04850	HKNPDCAD_01991	1056	exact
TH2	gene_MJIDPBFG_04851	HKNPDCAD_01990	300	exact
TH2	gene_MJIDPBFG_04852	HKNPDCAD_01989	342	exact
TH2	gene_MJIDPBFG_04853	HKNPDCAD_01988	438	exact
TH2	gene_MJIDPBFG_04854		996	no exact sequence match
TH2	gene_MJIDPBFG_04855	HKNPDCAD_01986	300	exact
TH2	gene_MJIDPBFG_04856	HKNPDCAD_01985	912	exact
TH2	gene_MJIDPBFG_04857	HKNPDCAD_01984	2070	exact
TH2	gene_MJIDPBFG_04858	HKNPDCAD_01983;HKNPDCAD_03568	852	exact
TH2	gene_MJIDPBFG_04859	HKNPDCAD_01982;HKNPDCAD_03567	522	exact
TH2	gene_MJIDPBFG_04860	HKNPDCAD_01981	153	exact
TH2	gene_MJIDPBFG_04861	HKNPDCAD_01980	213	exact
TH2	gene_MJIDPBFG_04862	HKNPDCAD_01979	291	exact
TH2	gene_MJIDPBFG_04863	HKNPDCAD_01978	711	exact
TH2	gene_MJIDPBFG_04864	HKNPDCAD_01977	975	exact
TH2	gene_MJIDPBFG_04865	HKNPDCAD_01976	660	exact
TH2	gene_MJIDPBFG_04866	HKNPDCAD_01975	2334	exact
TH2	gene_MJIDPBFG_04867	HKNPDCAD_01974	441	exact
TH2	gene_MJIDPBFG_04868		564	no exact sequence match
TH2	gene_MJIDPBFG_04869	HKNPDCAD_01971	765	exact
TH2	gene_MJIDPBFG_04870	HKNPDCAD_01970	1209	exact
TH2	gene_MJIDPBFG_04871		951	no exact sequence match
TH2	gene_MJIDPBFG_04872	HKNPDCAD_01968	795	exact
TH2	gene_MJIDPBFG_04874	HKNPDCAD_01966	1608	exact
TH2	gene_MJIDPBFG_04875	HKNPDCAD_01965	228	exact
TH2	gene_MJIDPBFG_04876	HKNPDCAD_01964	1020	exact
TH2	gene_MJIDPBFG_04877	HKNPDCAD_01963	903	exact
TH2	gene_MJIDPBFG_04878	HKNPDCAD_01962	984	exact
TH2	gene_MJIDPBFG_04879	HKNPDCAD_01961	1005	exact
TH2	gene_MJIDPBFG_04880	HKNPDCAD_01960	1038	exact
TH2	gene_MJIDPBFG_04881	HKNPDCAD_01959	108	exact
TH2	gene_MJIDPBFG_04882		1611	no exact sequence match
TH2	gene_MJIDPBFG_04883	HKNPDCAD_01957	192	exact
TH2	gene_MJIDPBFG_04884	HKNPDCAD_01956	1560	exact
TH2	gene_MJIDPBFG_04885	HKNPDCAD_01955	189	exact
TH2	gene_MJIDPBFG_04886	HKNPDCAD_01954	756	exact
TH2	gene_MJIDPBFG_04887	HKNPDCAD_01953	429	exact
TH2	gene_MJIDPBFG_04888		2043	no exact sequence match
TH2	gene_MJIDPBFG_04889	HKNPDCAD_01950	2310	exact
TH2	gene_MJIDPBFG_04890	HKNPDCAD_05314	987	exact
TH2	gene_MJIDPBFG_04891	HKNPDCAD_05315	981	exact
TH2	gene_MJIDPBFG_04892	HKNPDCAD_05287;HKNPDCAD_05290	240	exact
TH2	gene_MJIDPBFG_04893	HKNPDCAD_05286;HKNPDCAD_05291	444	exact
TH2	gene_MJIDPBFG_04894	HKNPDCAD_00111;HKNPDCAD_05200;HKNPDCAD_05215;HKNPDCAD_05219;HKNPDCAD_05269;HKNPDCAD_05285;HKNPDCAD_05292;HKNPDCAD_05321;HKNPDCAD_05325	705	exact
TH2	gene_MJIDPBFG_04895	HKNPDCAD_05284;HKNPDCAD_05293	309	exact
TH2	gene_MJIDPBFG_04896	HKNPDCAD_00256;HKNPDCAD_05283;HKNPDCAD_05294;HKNPDCAD_05327;HKNPDCAD_05446	705	exact
TH2	gene_MJIDPBFG_04897	HKNPDCAD_05282	474	exact
TH2	gene_MJIDPBFG_04898	HKNPDCAD_05281	2811	exact
TH2	gene_MJIDPBFG_04899		318	no exact sequence match
TH2	gene_MJIDPBFG_04900	HKNPDCAD_05278;HKNPDCAD_05300	705	exact
TH2	gene_MJIDPBFG_04901		585	no exact sequence match
TH2	gene_MJIDPBFG_04902		219	no exact sequence match
TH2	gene_MJIDPBFG_04903		855	no exact sequence match
TH2	gene_MJIDPBFG_04904	HKNPDCAD_05274	1215	exact
TH2	gene_MJIDPBFG_04905	HKNPDCAD_05273	306	exact
TH2	gene_MJIDPBFG_04906	HKNPDCAD_05272;HKNPDCAD_05306	225	exact
TH2	gene_MJIDPBFG_04907	HKNPDCAD_05271	576	exact
TH2	gene_MJIDPBFG_04908	HKNPDCAD_05270;HKNPDCAD_05307	405	exact
TH2	gene_MJIDPBFG_04909	HKNPDCAD_00111;HKNPDCAD_05200;HKNPDCAD_05215;HKNPDCAD_05219;HKNPDCAD_05269;HKNPDCAD_05285;HKNPDCAD_05292;HKNPDCAD_05321;HKNPDCAD_05325	705	exact
TH2	gene_MJIDPBFG_04910	HKNPDCAD_05268	474	exact
TH2	gene_MJIDPBFG_04911		519	no exact sequence match
TH2	gene_MJIDPBFG_04912		282	no exact sequence match
TH2	gene_MJIDPBFG_04913	HKNPDCAD_05266	801	exact
TH2	gene_MJIDPBFG_04914	HKNPDCAD_05265	1260	exact
TH2	gene_MJIDPBFG_04915		453	no exact sequence match
TH2	gene_MJIDPBFG_04916		795	no exact sequence match
TH2	gene_MJIDPBFG_04917		375	no exact sequence match
TH2	gene_MJIDPBFG_04918	HKNPDCAD_05480	705	exact
TH2	gene_MJIDPBFG_04919	HKNPDCAD_05479	150	exact
TH2	gene_MJIDPBFG_04920		186	no exact sequence match
TH2	gene_MJIDPBFG_04921	HKNPDCAD_05477	192	exact
TH2	gene_MJIDPBFG_04922	HKNPDCAD_05476	657	exact
TH2	gene_MJIDPBFG_04923	HKNPDCAD_05475	438	exact
TH2	gene_MJIDPBFG_04924	HKNPDCAD_05474	1392	exact
TH2	gene_MJIDPBFG_04925	HKNPDCAD_05473	573	exact
TH2	gene_MJIDPBFG_04926		369	no exact sequence match
TH2	gene_MJIDPBFG_04927		306	no exact sequence match
TH2	gene_MJIDPBFG_04928	HKNPDCAD_05470	678	exact
TH2	gene_MJIDPBFG_04929	HKNPDCAD_05469	507	exact
TH2	gene_MJIDPBFG_04930		333	no exact sequence match
TH2	gene_MJIDPBFG_04931		489	no exact sequence match
TH2	gene_MJIDPBFG_04932	HKNPDCAD_00152	609	exact
TH2	gene_MJIDPBFG_04933	HKNPDCAD_00151	780	exact
TH2	gene_MJIDPBFG_04934		1317	no exact sequence match
TH2	gene_MJIDPBFG_04935		246	no exact sequence match
TH2	gene_MJIDPBFG_04936		519	no exact sequence match
TH2	gene_MJIDPBFG_04937	HKNPDCAD_00264	333	exact
TH2	gene_MJIDPBFG_04938	HKNPDCAD_00263	576	exact
TH2	gene_MJIDPBFG_04939	HKNPDCAD_00262	792	exact
TH2	gene_MJIDPBFG_04940	HKNPDCAD_00261	249	exact
TH2	gene_MJIDPBFG_04941	HKNPDCAD_00260	246	exact
TH2	gene_MJIDPBFG_04942		492	no exact sequence match
TH2	gene_MJIDPBFG_04943		372	no exact sequence match
TH2	gene_MJIDPBFG_04944	HKNPDCAD_00258	117	exact
TH2	gene_MJIDPBFG_04945	HKNPDCAD_00257	255	exact
TH2	gene_MJIDPBFG_04946	HKNPDCAD_00256;HKNPDCAD_05283;HKNPDCAD_05294;HKNPDCAD_05327;HKNPDCAD_05446	705	exact
TH2	gene_MJIDPBFG_04947	HKNPDCAD_00255	777	exact
TH2	gene_MJIDPBFG_04948	HKNPDCAD_00254	222	exact
TH2	gene_MJIDPBFG_04949	HKNPDCAD_00253	1026	exact
TH2	gene_MJIDPBFG_04950	HKNPDCAD_00252	753	exact
TH2	gene_MJIDPBFG_04951		1515	no exact sequence match
TH2	gene_MJIDPBFG_04952	HKNPDCAD_00250	876	exact
TH2	gene_MJIDPBFG_04953	HKNPDCAD_00249	816	exact
TH2	gene_MJIDPBFG_04954		837	no exact sequence match
TH2	gene_MJIDPBFG_04955		603	no exact sequence match
TH2	gene_MJIDPBFG_04956		447	no exact sequence match
TH2	gene_MJIDPBFG_04957	HKNPDCAD_00034;HKNPDCAD_00246	378	exact
TH2	gene_MJIDPBFG_04958		300	no exact sequence match
TH2	gene_MJIDPBFG_04959		198	no exact sequence match
TH2	gene_MJIDPBFG_04960		618	no exact sequence match
TH2	gene_MJIDPBFG_04961		615	no exact sequence match
TH2	gene_MJIDPBFG_04962		543	no exact sequence match
TH2	gene_MJIDPBFG_04963		519	no exact sequence match
TH2	gene_MJIDPBFG_04964		258	no exact sequence match
TH2	gene_MJIDPBFG_04965	HKNPDCAD_00046;HKNPDCAD_02546	2034	exact
TH2	gene_MJIDPBFG_04966	HKNPDCAD_00047	231	exact
TH2	gene_MJIDPBFG_04967		2679	no exact sequence match
TH2	gene_MJIDPBFG_04968		609	no exact sequence match
TH2	gene_MJIDPBFG_04969		1299	no exact sequence match
TH2	gene_MJIDPBFG_04970	HKNPDCAD_00049;HKNPDCAD_02550	129	exact
TH2	gene_MJIDPBFG_04971	HKNPDCAD_02551	822	exact
TH2	gene_MJIDPBFG_04972	HKNPDCAD_00051	234	exact
TH2	gene_MJIDPBFG_04973	HKNPDCAD_00052	1959	exact
TH2	gene_MJIDPBFG_04974	HKNPDCAD_00053	435	exact
TH2	gene_MJIDPBFG_04975	HKNPDCAD_00054	720	exact
TH2	gene_MJIDPBFG_04976	HKNPDCAD_00055	213	exact
TH2	gene_MJIDPBFG_04977		294	no exact sequence match
TH2	gene_MJIDPBFG_04978	HKNPDCAD_00057	822	exact
TH2	gene_MJIDPBFG_04979	HKNPDCAD_00058	648	exact
TH2	gene_MJIDPBFG_04980	HKNPDCAD_00059	384	exact
TH2	gene_MJIDPBFG_04981		642	no exact sequence match
TH2	gene_MJIDPBFG_04982	HKNPDCAD_00061	252	exact
TH2	gene_MJIDPBFG_04983	HKNPDCAD_00062	360	exact
TH2	gene_MJIDPBFG_04984	HKNPDCAD_00063	312	exact
TH2	gene_MJIDPBFG_04985	HKNPDCAD_00064	609	exact
TH2	gene_MJIDPBFG_04986	HKNPDCAD_00065	672	exact
TH2	gene_MJIDPBFG_04987		867	no exact sequence match
TH2	gene_MJIDPBFG_04988		609	no exact sequence match
TH2	gene_MJIDPBFG_04989		573	no exact sequence match
TH2	gene_MJIDPBFG_04990	HKNPDCAD_00068	312	exact
TH2	gene_MJIDPBFG_04991	HKNPDCAD_00069	252	exact
TH2	gene_MJIDPBFG_04992	HKNPDCAD_00070	516	exact
TH2	gene_MJIDPBFG_04993	HKNPDCAD_00071	222	exact
TH2	gene_MJIDPBFG_04994	HKNPDCAD_00072	105	exact
TH2	gene_MJIDPBFG_04995	HKNPDCAD_00073	549	exact
TH2	gene_MJIDPBFG_04996		150	no exact sequence match
TH2	gene_MJIDPBFG_04997		714	no exact sequence match
TH2	gene_MJIDPBFG_04998		1206	no exact sequence match
TH2	gene_MJIDPBFG_04999	HKNPDCAD_00077	306	exact
TH2	gene_MJIDPBFG_05000		633	no exact sequence match
TH2	gene_MJIDPBFG_05001	HKNPDCAD_00079	993	exact
TH2	gene_MJIDPBFG_05002	HKNPDCAD_00080	462	exact
TH2	gene_MJIDPBFG_05003	HKNPDCAD_00081	453	exact
TH2	gene_MJIDPBFG_05004	HKNPDCAD_00082	639	exact
TH2	gene_MJIDPBFG_05005	HKNPDCAD_00083	1578	exact
TH2	gene_MJIDPBFG_05006	HKNPDCAD_00084	258	exact
TH2	gene_MJIDPBFG_05007		339	no exact sequence match
TH2	gene_MJIDPBFG_05008	HKNPDCAD_00087	348	exact
TH2	gene_MJIDPBFG_05009		234	no exact sequence match
TH2	gene_MJIDPBFG_05010	HKNPDCAD_00089	273	exact
TH2	gene_MJIDPBFG_05011	HKNPDCAD_00090	318	exact
TH2	gene_MJIDPBFG_05012	HKNPDCAD_00091	303	exact
TH2	gene_MJIDPBFG_05013		642	no exact sequence match
TH2	gene_MJIDPBFG_05014		735	no exact sequence match
TH2	gene_MJIDPBFG_05015	HKNPDCAD_00093	1932	exact
TH2	gene_MJIDPBFG_05016		615	no exact sequence match
TH2	gene_MJIDPBFG_05017		234	no exact sequence match
TH2	gene_MJIDPBFG_05018	HKNPDCAD_00095	498	exact
TH2	gene_MJIDPBFG_05019	HKNPDCAD_00096	777	exact
TH2	gene_MJIDPBFG_05020	HKNPDCAD_00097	141	exact
TH2	gene_MJIDPBFG_05021	HKNPDCAD_00098	1815	exact
TH2	gene_MJIDPBFG_05022	HKNPDCAD_00099	201	exact
TH2	gene_MJIDPBFG_05023	HKNPDCAD_00100	198	exact
TH2	gene_MJIDPBFG_05024	HKNPDCAD_00101	1569	exact
TH2	gene_MJIDPBFG_05025		3480	no exact sequence match
TH2	gene_MJIDPBFG_05026		747	no exact sequence match
TH2	gene_MJIDPBFG_05027		456	no exact sequence match
TH2	gene_MJIDPBFG_05028		264	no exact sequence match
TH2	gene_MJIDPBFG_05029	HKNPDCAD_00105	525	exact
TH2	gene_MJIDPBFG_05030	HKNPDCAD_00106	342	exact
TH2	gene_MJIDPBFG_05031	HKNPDCAD_00107	192	exact
TH2	gene_MJIDPBFG_05032		873	no exact sequence match
TH2	gene_MJIDPBFG_05033	HKNPDCAD_00109	240	exact
TH2	gene_MJIDPBFG_05034		1341	no exact sequence match
TH2	gene_MJIDPBFG_05035	HKNPDCAD_00111;HKNPDCAD_05200;HKNPDCAD_05215;HKNPDCAD_05219;HKNPDCAD_05269;HKNPDCAD_05285;HKNPDCAD_05292;HKNPDCAD_05321;HKNPDCAD_05325	705	exact
TH2	gene_MJIDPBFG_05036	HKNPDCAD_00112	576	exact
TH2	gene_MJIDPBFG_05037	HKNPDCAD_00113	393	exact
TH2	gene_MJIDPBFG_05038		348	no exact sequence match
TH2	gene_MJIDPBFG_05039	HKNPDCAD_00115	162	exact
TH2	gene_MJIDPBFG_05040	HKNPDCAD_00116	1584	exact
TH2	gene_MJIDPBFG_05041	HKNPDCAD_00117	1707	exact
TH2	gene_MJIDPBFG_05042	HKNPDCAD_00118	537	exact
TH2	gene_MJIDPBFG_05043	HKNPDCAD_00119	351	exact
TH2	gene_MJIDPBFG_05044	HKNPDCAD_00120	591	exact
TH2	gene_MJIDPBFG_05045	HKNPDCAD_00121	792	exact
TH2	gene_MJIDPBFG_05046	HKNPDCAD_00122	354	exact
TH2	gene_MJIDPBFG_05047	HKNPDCAD_00123	720	exact
TH2	gene_MJIDPBFG_05048	HKNPDCAD_00124	282	exact
TH2	gene_MJIDPBFG_05049	HKNPDCAD_00125	177	exact
TH2	gene_MJIDPBFG_05050		279	no exact sequence match
TH2	gene_MJIDPBFG_05051	HKNPDCAD_00127	378	exact
TH2	gene_MJIDPBFG_05052	HKNPDCAD_00026;HKNPDCAD_00128	216	exact
TH2	gene_MJIDPBFG_05053	HKNPDCAD_00129	567	exact
TH2	gene_MJIDPBFG_05054	HKNPDCAD_00130	1536	exact
TH2	gene_MJIDPBFG_05055	HKNPDCAD_00131	957	exact
TH2	gene_MJIDPBFG_05056	HKNPDCAD_00132	810	exact
TH2	gene_MJIDPBFG_05057	HKNPDCAD_00133	414	exact
TH2	gene_MJIDPBFG_05058	HKNPDCAD_00134	3465	exact
TH2	gene_MJIDPBFG_05059		633	no exact sequence match
TH2	gene_MJIDPBFG_05060		348	no exact sequence match
TH2	gene_MJIDPBFG_05061	HKNPDCAD_00136	561	exact
TH2	gene_MJIDPBFG_05062	HKNPDCAD_00137	291	exact
TH2	gene_MJIDPBFG_05063	HKNPDCAD_00138	294	exact
TH2	gene_MJIDPBFG_05064	HKNPDCAD_00139	339	exact
TH2	gene_MJIDPBFG_05065		906	no exact sequence match
TH2	gene_MJIDPBFG_05066		981	no exact sequence match
TH2	gene_MJIDPBFG_05067		198	no exact sequence match
TH2	gene_MJIDPBFG_05068	HKNPDCAD_00145	435	exact
TH2	gene_MJIDPBFG_05069		369	no exact sequence match
TH2	gene_MJIDPBFG_05070	HKNPDCAD_00147	867	exact
TH2	gene_MJIDPBFG_05071	HKNPDCAD_00148	387	exact
TH2	gene_MJIDPBFG_05072	HKNPDCAD_00149	378	exact
TH2	gene_MJIDPBFG_05073	HKNPDCAD_00150	276	exact
TH2	gene_MJIDPBFG_05074	HKNPDCAD_00001	888	exact
TH2	gene_MJIDPBFG_05075	HKNPDCAD_03536	276	exact
TH2	gene_MJIDPBFG_05076	HKNPDCAD_00003	264	exact
TH2	gene_MJIDPBFG_05077		672	no exact sequence match
TH2	gene_MJIDPBFG_05078		285	no exact sequence match
TH2	gene_MJIDPBFG_05079	HKNPDCAD_00006	1110	exact
TH2	gene_MJIDPBFG_05080	HKNPDCAD_00007	903	exact
TH2	gene_MJIDPBFG_05081	HKNPDCAD_00008	741	exact
TH2	gene_MJIDPBFG_05082	HKNPDCAD_00009	120	exact
TH2	gene_MJIDPBFG_05083		750	no exact sequence match
TH2	gene_MJIDPBFG_05084	HKNPDCAD_00011	297	exact
TH2	gene_MJIDPBFG_05085	HKNPDCAD_00012	357	exact
TH2	gene_MJIDPBFG_05086	HKNPDCAD_00013	252	exact
TH2	gene_MJIDPBFG_05087	HKNPDCAD_00014;HKNPDCAD_00491;HKNPDCAD_00547;HKNPDCAD_00683;HKNPDCAD_01138;HKNPDCAD_01214;HKNPDCAD_01355;HKNPDCAD_01367;HKNPDCAD_01536;HKNPDCAD_02098;HKNPDCAD_02101;HKNPDCAD_02785;HKNPDCAD_03291;HKNPDCAD_03715	378	exact
TH2	gene_MJIDPBFG_05088	HKNPDCAD_00015	276	exact
TH2	gene_MJIDPBFG_05089	HKNPDCAD_00016	621	exact
TH2	gene_MJIDPBFG_05090	HKNPDCAD_00017	345	exact
TH2	gene_MJIDPBFG_05091	HKNPDCAD_00018	828	exact
TH2	gene_MJIDPBFG_05092		333	no exact sequence match
TH2	gene_MJIDPBFG_05093		393	no exact sequence match
TH2	gene_MJIDPBFG_05094	HKNPDCAD_00020	858	exact
TH2	gene_MJIDPBFG_05095	HKNPDCAD_00021	252	exact
TH2	gene_MJIDPBFG_05096	HKNPDCAD_00022	195	exact
TH2	gene_MJIDPBFG_05097		279	no exact sequence match
TH2	gene_MJIDPBFG_05098	HKNPDCAD_00024	450	exact
TH2	gene_MJIDPBFG_05099	HKNPDCAD_00025	1503	exact
TH2	gene_MJIDPBFG_05100	HKNPDCAD_00026;HKNPDCAD_00128	216	exact
TH2	gene_MJIDPBFG_05101	HKNPDCAD_00027	378	exact
TH2	gene_MJIDPBFG_05102	HKNPDCAD_00028	549	exact
TH2	gene_MJIDPBFG_05103	HKNPDCAD_00029	546	exact
TH2	gene_MJIDPBFG_05104		750	no exact sequence match
TH2	gene_MJIDPBFG_05105	HKNPDCAD_00031	339	exact
TH2	gene_MJIDPBFG_05106	HKNPDCAD_00032	336	exact
TH2	gene_MJIDPBFG_05107		276	no exact sequence match
TH2	gene_MJIDPBFG_05108	HKNPDCAD_00034;HKNPDCAD_00246	378	exact
TH2	gene_MJIDPBFG_05109	HKNPDCAD_00035	972	exact
TH2	gene_MJIDPBFG_05110	HKNPDCAD_00036	426	exact
TH2	gene_MJIDPBFG_05111	HKNPDCAD_00037	372	exact
TH2	gene_MJIDPBFG_05112	HKNPDCAD_00038	183	exact
TH2	gene_MJIDPBFG_05113		231	no exact sequence match
TH2	gene_MJIDPBFG_05114	HKNPDCAD_00039	627	exact
TH2	gene_MJIDPBFG_05115	HKNPDCAD_00040	462	exact
TH2	gene_MJIDPBFG_05116	HKNPDCAD_00041	543	exact
TH2	gene_MJIDPBFG_05117	HKNPDCAD_00042	249	exact
TH2	gene_MJIDPBFG_05118		828	no exact sequence match
TH2	gene_MJIDPBFG_05119	HKNPDCAD_05216	822	exact
TH2	gene_MJIDPBFG_05120	HKNPDCAD_00111;HKNPDCAD_05200;HKNPDCAD_05215;HKNPDCAD_05219;HKNPDCAD_05269;HKNPDCAD_05285;HKNPDCAD_05292;HKNPDCAD_05321;HKNPDCAD_05325	705	exact
TH2	gene_MJIDPBFG_05121	HKNPDCAD_05214	324	exact
TH2	gene_MJIDPBFG_05122		501	no exact sequence match
TH2	gene_MJIDPBFG_05123		276	no exact sequence match
TH2	gene_MJIDPBFG_05124		261	no exact sequence match
TH2	gene_MJIDPBFG_05125		534	no exact sequence match
TH2	gene_MJIDPBFG_05126	HKNPDCAD_05211	498	exact
TH2	gene_MJIDPBFG_05127	HKNPDCAD_05210	780	exact
TH2	gene_MJIDPBFG_05128	HKNPDCAD_05209	348	exact
TH2	gene_MJIDPBFG_05129	HKNPDCAD_05208	840	exact
TH2	gene_MJIDPBFG_05130	HKNPDCAD_05207	1206	exact
TH2	gene_MJIDPBFG_05131	HKNPDCAD_05206	204	exact
TH2	gene_MJIDPBFG_05132	HKNPDCAD_05205	765	exact
TH2	gene_MJIDPBFG_05133		585	no exact sequence match
TH2	gene_MJIDPBFG_05134	HKNPDCAD_05203	651	exact
TH2	gene_MJIDPBFG_05135	HKNPDCAD_05202	519	exact
TH2	gene_MJIDPBFG_05136	HKNPDCAD_05201	906	exact
TH2	gene_MJIDPBFG_05137	HKNPDCAD_00111;HKNPDCAD_05200;HKNPDCAD_05215;HKNPDCAD_05219;HKNPDCAD_05269;HKNPDCAD_05285;HKNPDCAD_05292;HKNPDCAD_05321;HKNPDCAD_05325	705	exact
TH2	gene_MJIDPBFG_05138		1341	no exact sequence match
TH2	gene_MJIDPBFG_05139	HKNPDCAD_05198	1032	exact
TH2	gene_MJIDPBFG_05140	HKNPDCAD_05197	222	exact
TH2	gene_MJIDPBFG_05141	HKNPDCAD_05196	981	exact
TH2	gene_MJIDPBFG_05142	HKNPDCAD_05195	210	exact
TH2	gene_MJIDPBFG_05143		192	no exact sequence match
TH2	gene_MJIDPBFG_05144		660	no exact sequence match
TH2	gene_MJIDPBFG_05145	HKNPDCAD_05193	1116	exact
TH2	gene_MJIDPBFG_05146	HKNPDCAD_05192	222	exact
TH2	gene_MJIDPBFG_05147	HKNPDCAD_05191	1485	exact
TH2	gene_MJIDPBFG_05148	HKNPDCAD_05190	1194	exact
TH2	gene_MJIDPBFG_05149	HKNPDCAD_05189	453	exact
TH2	gene_MJIDPBFG_05150	HKNPDCAD_05188	1044	exact
TH2	gene_MJIDPBFG_05151	HKNPDCAD_05187	180	exact
TH2	gene_MJIDPBFG_05152	HKNPDCAD_05186	381	exact
TH2	gene_MJIDPBFG_05153	HKNPDCAD_05185	222	exact
TH2	gene_MJIDPBFG_05154	HKNPDCAD_05184	390	exact
TH2	gene_MJIDPBFG_05155	HKNPDCAD_05183	225	exact
TH2	gene_MJIDPBFG_05156		1557	no exact sequence match
TH2	gene_MJIDPBFG_05157		303	no exact sequence match
TH2	gene_MJIDPBFG_05158	HKNPDCAD_05180	840	exact
TH2	gene_MJIDPBFG_05159	HKNPDCAD_05179	681	exact
TH2	gene_MJIDPBFG_05160		816	no exact sequence match
TH2	gene_MJIDPBFG_05161		1587	no exact sequence match
TH2	gene_MJIDPBFG_05162	HKNPDCAD_05175	507	exact
TH2	gene_MJIDPBFG_05163	HKNPDCAD_05174	1263	exact
TH2	gene_MJIDPBFG_05164	HKNPDCAD_05173	219	exact
TH2	gene_MJIDPBFG_05165	HKNPDCAD_00741;HKNPDCAD_05172	276	exact
TH2	gene_MJIDPBFG_05166	HKNPDCAD_00740;HKNPDCAD_05156;HKNPDCAD_05171	378	exact
TH2	gene_MJIDPBFG_05167	HKNPDCAD_05170	279	exact
TH2	gene_MJIDPBFG_05168		420	no exact sequence match
TH2	gene_MJIDPBFG_05169		354	no exact sequence match
TH2	gene_MJIDPBFG_05170	HKNPDCAD_05167	906	exact
TH2	gene_MJIDPBFG_05171	HKNPDCAD_05166	366	exact
TH2	gene_MJIDPBFG_05172	HKNPDCAD_05165	267	exact
TH2	gene_MJIDPBFG_05173	HKNPDCAD_05164	216	exact
TH2	gene_MJIDPBFG_05174	HKNPDCAD_05163	3474	exact
TH2	gene_MJIDPBFG_05175		1347	no exact sequence match
TH2	gene_MJIDPBFG_05176		1743	no exact sequence match
TH2	gene_MJIDPBFG_05177		372	no exact sequence match
TH2	gene_MJIDPBFG_05178		282	no exact sequence match
TH2	gene_MJIDPBFG_05179		621	no exact sequence match
TH2	gene_MJIDPBFG_05180	HKNPDCAD_05158	1110	exact
TH2	gene_MJIDPBFG_05181	HKNPDCAD_05157	276	exact
TH2	gene_MJIDPBFG_05182	HKNPDCAD_00740;HKNPDCAD_05156;HKNPDCAD_05171	378	exact
TH2	gene_MJIDPBFG_05183		1359	no exact sequence match
TH2	gene_MJIDPBFG_05184		2223	no exact sequence match
TH2	gene_MJIDPBFG_05185	HKNPDCAD_05152	216	exact
TH2	gene_MJIDPBFG_05186	HKNPDCAD_05151	378	exact
TH2	gene_MJIDPBFG_05187	HKNPDCAD_05150	414	exact
TH2	gene_MJIDPBFG_05188	HKNPDCAD_05149	756	exact
TH2	gene_MJIDPBFG_05189	HKNPDCAD_05148	888	exact
TH2	gene_MJIDPBFG_05190	HKNPDCAD_05258	327	exact
TH2	gene_MJIDPBFG_05191	HKNPDCAD_05146	423	exact
TH2	gene_MJIDPBFG_05192	HKNPDCAD_05145	393	exact
TH2	gene_MJIDPBFG_05193	HKNPDCAD_05144	885	exact
TH2	gene_MJIDPBFG_05194	HKNPDCAD_05143	810	exact
TH2	gene_MJIDPBFG_05195	HKNPDCAD_05142	1197	exact
TH2	gene_MJIDPBFG_05196	HKNPDCAD_05141	1002	exact
TH2	gene_MJIDPBFG_05197	HKNPDCAD_05140	1707	exact
TH2	gene_MJIDPBFG_05198	HKNPDCAD_05139	1590	exact
TH2	gene_MJIDPBFG_05199	HKNPDCAD_05138	732	exact
TH2	gene_MJIDPBFG_05200		465	no exact sequence match
TH2	gene_MJIDPBFG_05201	HKNPDCAD_05135	510	exact
TH2	gene_MJIDPBFG_05202		1128	no exact sequence match
TH2	gene_MJIDPBFG_05203		141	no exact sequence match
TH2	gene_MJIDPBFG_05204	HKNPDCAD_05262	156	exact
TH2	gene_MJIDPBFG_05205	HKNPDCAD_05261	216	exact
TH2	gene_MJIDPBFG_05206	HKNPDCAD_05148	888	exact
TH2	gene_MJIDPBFG_05207	HKNPDCAD_05258	327	exact
TH2	gene_MJIDPBFG_05208	HKNPDCAD_05257	798	exact
TH2	gene_MJIDPBFG_05209	HKNPDCAD_05256	1173	exact
TH2	gene_MJIDPBFG_05210		576	no exact sequence match
TH2	gene_MJIDPBFG_05211	HKNPDCAD_05254	231	exact
TH2	gene_MJIDPBFG_05212	HKNPDCAD_05253	216	exact
TH2	gene_MJIDPBFG_05213	HKNPDCAD_05252	663	exact
TH2	gene_MJIDPBFG_05214	HKNPDCAD_05251	2175	exact
TH2	gene_MJIDPBFG_05215	HKNPDCAD_05250	636	exact
TH2	gene_MJIDPBFG_05216	HKNPDCAD_05249	192	exact
TH2	gene_MJIDPBFG_05217	HKNPDCAD_05248	1236	exact
TH2	gene_MJIDPBFG_05218		441	no exact sequence match
TH2	gene_MJIDPBFG_05219	HKNPDCAD_05246	252	exact
TH2	gene_MJIDPBFG_05220	HKNPDCAD_05245	504	exact
TH2	gene_MJIDPBFG_05221	HKNPDCAD_05244	1632	exact
TH2	gene_MJIDPBFG_05222	HKNPDCAD_05243	723	exact
TH2	gene_MJIDPBFG_05223	HKNPDCAD_05242	486	exact
TH2	gene_MJIDPBFG_05224	HKNPDCAD_05241	180	exact
TH2	gene_MJIDPBFG_05225	HKNPDCAD_05240	531	exact
TH2	gene_MJIDPBFG_05226	HKNPDCAD_05239	339	exact
TH2	gene_MJIDPBFG_05227	HKNPDCAD_05238	258	exact
TH2	gene_MJIDPBFG_05228	HKNPDCAD_05237	780	exact
TH2	gene_MJIDPBFG_05229	HKNPDCAD_05236	348	exact
TH2	gene_MJIDPBFG_05230	HKNPDCAD_05235	678	exact
TH2	gene_MJIDPBFG_05231	HKNPDCAD_05234	972	exact
TH2	gene_MJIDPBFG_05232	HKNPDCAD_05233	609	exact
TH2	gene_MJIDPBFG_05233	HKNPDCAD_05232	3498	exact
TH2	gene_MJIDPBFG_05234		168	no exact sequence match
TH2	gene_MJIDPBFG_05235	HKNPDCAD_05231	288	exact
TH2	gene_MJIDPBFG_05236	HKNPDCAD_05230	96	exact
TH2	gene_MJIDPBFG_05237	HKNPDCAD_05229	189	exact
TH2	gene_MJIDPBFG_05238		906	no exact sequence match
TH2	gene_MJIDPBFG_05239		330	no exact sequence match
TH2	gene_MJIDPBFG_05240	HKNPDCAD_05226	1944	exact
TH2	gene_MJIDPBFG_05241	HKNPDCAD_05225	441	exact
TH2	gene_MJIDPBFG_05242	HKNPDCAD_05224	1305	exact
TH2	gene_MJIDPBFG_05243		750	no exact sequence match
TH2	gene_MJIDPBFG_05244	HKNPDCAD_05222	261	exact
TH2	gene_MJIDPBFG_05245	HKNPDCAD_05221	312	exact
TH2	gene_MJIDPBFG_05246	HKNPDCAD_05220	1530	exact
TH2	gene_MJIDPBFG_05247	HKNPDCAD_00111;HKNPDCAD_05200;HKNPDCAD_05215;HKNPDCAD_05219;HKNPDCAD_05269;HKNPDCAD_05285;HKNPDCAD_05292;HKNPDCAD_05321;HKNPDCAD_05325	705	exact
TH2	gene_MJIDPBFG_05248		396	no exact sequence match
TH2	gene_MJIDPBFG_05249	HKNPDCAD_05217;HKNPDCAD_05323	780	exact
TH2	gene_MJIDPBFG_05250	HKNPDCAD_05324	822	exact
TH2	gene_MJIDPBFG_05251	HKNPDCAD_00111;HKNPDCAD_05200;HKNPDCAD_05215;HKNPDCAD_05219;HKNPDCAD_05269;HKNPDCAD_05285;HKNPDCAD_05292;HKNPDCAD_05321;HKNPDCAD_05325	705	exact
TH2	gene_MJIDPBFG_05252	HKNPDCAD_00111;HKNPDCAD_05200;HKNPDCAD_05215;HKNPDCAD_05219;HKNPDCAD_05269;HKNPDCAD_05285;HKNPDCAD_05292;HKNPDCAD_05321;HKNPDCAD_05325	705	exact
TH2	gene_MJIDPBFG_05253		1032	no exact sequence match
TH2	gene_MJIDPBFG_05254	HKNPDCAD_05318	639	exact
TH2	gene_MJIDPBFG_05255		228	no exact sequence match
TH2	gene_MJIDPBFG_05256	HKNPDCAD_05316	813	exact
TH2	gene_MJIDPBFG_05257	HKNPDCAD_05213	201	exact
TH2	gene_MJIDPBFG_05258	HKNPDCAD_05326	576	exact
TH2	gene_MJIDPBFG_05259	HKNPDCAD_00256;HKNPDCAD_05283;HKNPDCAD_05294;HKNPDCAD_05327;HKNPDCAD_05446	705	exact
TH2	gene_MJIDPBFG_05260	HKNPDCAD_05328	408	exact
TH2	gene_MJIDPBFG_05261	HKNPDCAD_05329	411	exact
TH2	gene_MJIDPBFG_05262	HKNPDCAD_05330	207	exact
TH2	gene_MJIDPBFG_05263	HKNPDCAD_05331	1326	exact
TH2	gene_MJIDPBFG_05264	HKNPDCAD_05332	297	exact
TH2	gene_MJIDPBFG_05265	HKNPDCAD_05333	393	exact
TH2	gene_MJIDPBFG_05266	HKNPDCAD_05334	372	exact
TH2	gene_MJIDPBFG_05267		192	no exact sequence match
TH2	gene_MJIDPBFG_05268	HKNPDCAD_05336	282	exact
TH2	gene_MJIDPBFG_05269	HKNPDCAD_05337	132	exact
TH2	gene_MJIDPBFG_05270	HKNPDCAD_05338	1242	exact
TH2	gene_MJIDPBFG_05271		576	no exact sequence match
TH2	gene_MJIDPBFG_05272	HKNPDCAD_05340	579	exact
TH2	gene_MJIDPBFG_05273		339	no exact sequence match
TH2	gene_MJIDPBFG_05274		678	no exact sequence match
TH2	gene_MJIDPBFG_05275	HKNPDCAD_05342	456	exact
TH2	gene_MJIDPBFG_05276	HKNPDCAD_05343	1083	exact
TH2	gene_MJIDPBFG_05277		417	no exact sequence match
TH2	gene_MJIDPBFG_05278		165	no exact sequence match
TH2	gene_MJIDPBFG_05279		1083	no exact sequence match
TH2	gene_MJIDPBFG_05280	HKNPDCAD_05346	1143	exact
TH2	gene_MJIDPBFG_05281	HKNPDCAD_05347	774	exact
TH2	gene_MJIDPBFG_05282	HKNPDCAD_05348	1056	exact
TH2	gene_MJIDPBFG_05283	HKNPDCAD_05349	957	exact
TH2	gene_MJIDPBFG_05284	HKNPDCAD_05350	1209	exact
TH2	gene_MJIDPBFG_05285	HKNPDCAD_05351	468	exact
TH2	gene_MJIDPBFG_05286	HKNPDCAD_05352	162	exact
TH2	gene_MJIDPBFG_05287		639	no exact sequence match
TH2	gene_MJIDPBFG_05288		483	no exact sequence match
TH2	gene_MJIDPBFG_05289	HKNPDCAD_05355	639	exact
TH2	gene_MJIDPBFG_05290	HKNPDCAD_05356	1041	exact
TH2	gene_MJIDPBFG_05291	HKNPDCAD_05357	489	exact
TH2	gene_MJIDPBFG_05292	HKNPDCAD_05358	705	exact
TH2	gene_MJIDPBFG_05293	HKNPDCAD_05359	1554	exact
TH2	gene_MJIDPBFG_05294	HKNPDCAD_05360	879	exact
TH2	gene_MJIDPBFG_05295	HKNPDCAD_05361	96	exact
TH2	gene_MJIDPBFG_05296	HKNPDCAD_05362	213	exact
TH2	gene_MJIDPBFG_05297	HKNPDCAD_05363	1176	exact
TH2	gene_MJIDPBFG_05298	HKNPDCAD_05364	330	exact
TH2	gene_MJIDPBFG_05299		807	no exact sequence match
TH2	gene_MJIDPBFG_05300		117	no exact sequence match
TH2	gene_MJIDPBFG_05301		873	no exact sequence match
TH2	gene_MJIDPBFG_05302		150	no exact sequence match
TH2	gene_MJIDPBFG_05303	HKNPDCAD_05368	447	exact
TH2	gene_MJIDPBFG_05304	HKNPDCAD_05369	537	exact
TH2	gene_MJIDPBFG_05305	HKNPDCAD_05370	225	exact
TH2	gene_MJIDPBFG_05306	HKNPDCAD_05371	465	exact
TH2	gene_MJIDPBFG_05307	HKNPDCAD_05372	276	exact
TH2	gene_MJIDPBFG_05308	HKNPDCAD_05373	957	exact
TH2	gene_MJIDPBFG_05309	HKNPDCAD_05374	939	exact
TH2	gene_MJIDPBFG_05310	HKNPDCAD_05375	921	exact
TH2	gene_MJIDPBFG_05311		711	no exact sequence match
TH2	gene_MJIDPBFG_05312	HKNPDCAD_05377	879	exact
TH2	gene_MJIDPBFG_05313	HKNPDCAD_05378	522	exact
TH2	gene_MJIDPBFG_05314	HKNPDCAD_05379	885	exact
TH2	gene_MJIDPBFG_05315	HKNPDCAD_05381	222	exact
TH2	gene_MJIDPBFG_05316		636	no exact sequence match
TH2	gene_MJIDPBFG_05317		1401	no exact sequence match
TH2	gene_MJIDPBFG_05318		684	no exact sequence match
TH2	gene_MJIDPBFG_05319		456	no exact sequence match
TH2	gene_MJIDPBFG_05320	HKNPDCAD_05384	174	exact
TH2	gene_MJIDPBFG_05321	HKNPDCAD_05385	1059	exact
TH2	gene_MJIDPBFG_05322		237	no exact sequence match
TH2	gene_MJIDPBFG_05323		756	no exact sequence match
TH2	gene_MJIDPBFG_05324	HKNPDCAD_05387	378	exact
TH2	gene_MJIDPBFG_05325	HKNPDCAD_05388	873	exact
TH2	gene_MJIDPBFG_05326	HKNPDCAD_05389	1785	exact
TH2	gene_MJIDPBFG_05327		861	no exact sequence match
TH2	gene_MJIDPBFG_05328		1830	no exact sequence match
TH2	gene_MJIDPBFG_05329		1347	no exact sequence match
TH2	gene_MJIDPBFG_05330	HKNPDCAD_05392	1059	exact
TH2	gene_MJIDPBFG_05331	HKNPDCAD_05393	135	exact
TH2	gene_MJIDPBFG_05332	HKNPDCAD_05394	468	exact
TH2	gene_MJIDPBFG_05333	HKNPDCAD_05395	792	exact
TH2	gene_MJIDPBFG_05334	HKNPDCAD_05396	261	exact
TH2	gene_MJIDPBFG_05335		513	no exact sequence match
TH2	gene_MJIDPBFG_05336	HKNPDCAD_05399	2103	exact
TH2	gene_MJIDPBFG_05337		1695	no exact sequence match
TH2	gene_MJIDPBFG_05338		333	no exact sequence match
TH2	gene_MJIDPBFG_05339	HKNPDCAD_05401	582	exact
TH2	gene_MJIDPBFG_05340		426	no exact sequence match
TH2	gene_MJIDPBFG_05341	HKNPDCAD_05403	453	exact
TH2	gene_MJIDPBFG_05342	HKNPDCAD_05404	639	exact
TH2	gene_MJIDPBFG_05343		594	no exact sequence match
TH2	gene_MJIDPBFG_05344		444	no exact sequence match
TH2	gene_MJIDPBFG_05345	HKNPDCAD_05406	948	exact
TH2	gene_MJIDPBFG_05346	HKNPDCAD_05407	837	exact
TH2	gene_MJIDPBFG_05347	HKNPDCAD_05408	522	exact
TH2	gene_MJIDPBFG_05348	HKNPDCAD_05409	390	exact
TH2	gene_MJIDPBFG_05349	HKNPDCAD_05410	1005	exact
TH2	gene_MJIDPBFG_05350	HKNPDCAD_05411	957	exact
TH2	gene_MJIDPBFG_05351	HKNPDCAD_05412	192	exact
TH2	gene_MJIDPBFG_05352	HKNPDCAD_05413	588	exact
TH2	gene_MJIDPBFG_05353	HKNPDCAD_05414	333	exact
TH2	gene_MJIDPBFG_05354		1641	no exact sequence match
TH2	gene_MJIDPBFG_05355	HKNPDCAD_05417	951	exact
TH2	gene_MJIDPBFG_05356	HKNPDCAD_05418	858	exact
TH2	gene_MJIDPBFG_05357		480	no exact sequence match
TH2	gene_MJIDPBFG_05358	HKNPDCAD_05421	1356	exact
TH2	gene_MJIDPBFG_05359	HKNPDCAD_05422	462	exact
TH2	gene_MJIDPBFG_05360	HKNPDCAD_05423	1224	exact
TH2	gene_MJIDPBFG_05361	HKNPDCAD_05424	228	exact
TH2	gene_MJIDPBFG_05362		324	no exact sequence match
TH2	gene_MJIDPBFG_05363		279	no exact sequence match
TH2	gene_MJIDPBFG_05364		141	no exact sequence match
TH2	gene_MJIDPBFG_05365		798	no exact sequence match
TH2	gene_MJIDPBFG_05366	HKNPDCAD_01115;HKNPDCAD_03570;HKNPDCAD_05428	234	exact
TH2	gene_MJIDPBFG_05367	HKNPDCAD_05429	354	exact
TH2	gene_MJIDPBFG_05368	HKNPDCAD_05430	201	exact
TH2	gene_MJIDPBFG_05369		189	no exact sequence match
TH2	gene_MJIDPBFG_05370		690	no exact sequence match
TH2	gene_MJIDPBFG_05371	HKNPDCAD_05432	1056	exact
TH2	gene_MJIDPBFG_05372	HKNPDCAD_05433	201	exact
TH2	gene_MJIDPBFG_05373	HKNPDCAD_05434	717	exact
TH2	gene_MJIDPBFG_05374	HKNPDCAD_05435	666	exact
TH2	gene_MJIDPBFG_05375	HKNPDCAD_05436	774	exact
TH2	gene_MJIDPBFG_05376	HKNPDCAD_05437	864	exact
TH2	gene_MJIDPBFG_05377	HKNPDCAD_05439	1692	exact
TH2	gene_MJIDPBFG_05378	HKNPDCAD_05440	177	exact
TH2	gene_MJIDPBFG_05379		462	no exact sequence match
TH2	gene_MJIDPBFG_05380	HKNPDCAD_05442	282	exact
TH2	gene_MJIDPBFG_05381	HKNPDCAD_05443	627	exact
TH2	gene_MJIDPBFG_05382	HKNPDCAD_05444	2457	exact
TH2	gene_MJIDPBFG_05383	HKNPDCAD_05445	1089	exact
TH2	gene_MJIDPBFG_05384	HKNPDCAD_00256;HKNPDCAD_05283;HKNPDCAD_05294;HKNPDCAD_05327;HKNPDCAD_05446	705	exact
TH2	gene_MJIDPBFG_05385	HKNPDCAD_05447	237	exact
TH2	gene_MJIDPBFG_05386	HKNPDCAD_05448	2988	exact
TH2	gene_MJIDPBFG_05387	HKNPDCAD_05449	222	exact
TH2	gene_MJIDPBFG_05388	HKNPDCAD_05450	363	exact
TH2	gene_MJIDPBFG_05389		216	no exact sequence match
TH2	gene_MJIDPBFG_05390		669	no exact sequence match
TH2	gene_MJIDPBFG_05391		612	no exact sequence match
TH2	gene_MJIDPBFG_05392		399	no exact sequence match
TH2	gene_MJIDPBFG_05393	HKNPDCAD_05454	204	exact
TH2	gene_MJIDPBFG_05394		996	no exact sequence match
TH2	gene_MJIDPBFG_05395		306	no exact sequence match
TH2	gene_MJIDPBFG_05396	HKNPDCAD_05456	168	exact
TH2	gene_MJIDPBFG_05397		843	no exact sequence match
TH2	gene_MJIDPBFG_05398		426	no exact sequence match
TH2	gene_MJIDPBFG_05399		582	no exact sequence match
TH2	gene_MJIDPBFG_05400	HKNPDCAD_05460	255	exact
TH2	gene_MJIDPBFG_05401	HKNPDCAD_05461	231	exact
TH2	gene_MJIDPBFG_05402	HKNPDCAD_05462	279	exact
TH2	gene_MJIDPBFG_05403	HKNPDCAD_05463	408	exact
TH2	gene_MJIDPBFG_05404	HKNPDCAD_05464	528	exact
TH2	gene_MJIDPBFG_05405	HKNPDCAD_05465	351	exact
TH2	gene_MJIDPBFG_05406	HKNPDCAD_05466	1797	exact
TH2	gene_MJIDPBFG_05407		750	no exact sequence match
TH2	gene_MJIDPBFG_05408		243	no exact sequence match
TH2	gene_MJIDPBFG_05409		840	no exact sequence match
TH2	gene_MJIDPBFG_05410		957	no exact sequence match
TH2	gene_MJIDPBFG_05411		177	no exact sequence match
TH2	gene_MJIDPBFG_05412		1551	no exact sequence match
TH2	gene_MJIDPBFG_05413		1437	no exact sequence match
TH2	gene_MJIDPBFG_05414	HKNPDCAD_00111;HKNPDCAD_05200;HKNPDCAD_05215;HKNPDCAD_05219;HKNPDCAD_05269;HKNPDCAD_05285;HKNPDCAD_05292;HKNPDCAD_05321;HKNPDCAD_05325	705	exact
TH2	gene_MJIDPBFG_05415		732	no exact sequence match
TH2	gene_MJIDPBFG_05416		519	no exact sequence match
TH2	gene_MJIDPBFG_05417		246	no exact sequence match
TH2	gene_MJIDPBFG_05418		960	no exact sequence match
TH2	gene_MJIDPBFG_05419	HKNPDCAD_00111;HKNPDCAD_05200;HKNPDCAD_05215;HKNPDCAD_05219;HKNPDCAD_05269;HKNPDCAD_05285;HKNPDCAD_05292;HKNPDCAD_05321;HKNPDCAD_05325	705	exact
TH2	gene_MJIDPBFG_05420		1032	no exact sequence match
TH2	gene_MJIDPBFG_05421		471	no exact sequence match
TH2	gene_MJIDPBFG_05422		366	no exact sequence match
TH2	gene_MJIDPBFG_05423		267	no exact sequence match
TH2	gene_MJIDPBFG_05424		483	no exact sequence match
