ID	Description	GeneRatio	BgRatio	enrich_factor	pvalue	qvalue	geneID	gene_number	Contained	Ontology	GeneRatio_num	BgRatio_num	negLog10p	negLog10q	direction	background_genes	foreground_genes	background_term_genes	BH_family_terms
GO:0006313	DNA transposition	13/67	42/2122	9.803127221037668	1.1732337003074843e-10	1.1068665921020085e-07	TH2_HKNPDCAD_00139;TH2_HKNPDCAD_05151;TH2_HKNPDCAD_05157;TH2_HKNPDCAD_05165;TH2_HKNPDCAD_05167;TH2_HKNPDCAD_05196;TH2_HKNPDCAD_05220;TH2_HKNPDCAD_05233;TH2_HKNPDCAD_05234;TH2_HKNPDCAD_05235;TH2_HKNPDCAD_05252;TH2_HKNPDCAD_05261;TH2_HKNPDCAD_05315	13	down	Biological Process	0.19402985074626866	0.019792648444863337	9.930615470710771	6.955904720408884	down	2122	67	42	1170
GO:0015074	DNA integration	11/67	28/2122	12.442430703624733	1.8920796446188178e-10	1.1068665921020085e-07	TH2_HKNPDCAD_00008;TH2_HKNPDCAD_00121;TH2_HKNPDCAD_00136;TH2_HKNPDCAD_05167;TH2_HKNPDCAD_05198;TH2_HKNPDCAD_05205;TH2_HKNPDCAD_05214;TH2_HKNPDCAD_05233;TH2_HKNPDCAD_05235;TH2_HKNPDCAD_05254;TH2_HKNPDCAD_05256	11	down	Biological Process	0.16417910447761194	0.013195098963242224	9.723060586491064	6.955904720408884	down	2122	67	28	1170
GO:0006084	acetyl-CoA metabolic process	2/67	3/2122	21.114427860696516	0.0028872532301538146	1.0	TH2_HKNPDCAD_03609;TH2_HKNPDCAD_03610	2	down	Biological Process	0.029850746268656716	0.001413760603204524	2.539515124108368	-0.0	down	2122	67	3	1170
GO:0006270	DNA replication initiation	2/67	5/2122	12.66865671641791	0.009236065534725854	1.0	TH2_HKNPDCAD_05144;TH2_HKNPDCAD_05149	2	down	Biological Process	0.029850746268656716	0.00235626767200754	2.0345129941969535	-0.0	down	2122	67	5	1170
GO:0009307	DNA restriction-modification system	2/67	5/2122	12.66865671641791	0.009236065534725854	1.0	TH2_HKNPDCAD_05179;TH2_HKNPDCAD_05180	2	down	Biological Process	0.029850746268656716	0.00235626767200754	2.0345129941969535	-0.0	down	2122	67	5	1170
GO:0006310	DNA recombination	4/67	31/2122	4.086663456909003	0.015028879267051548	1.0	TH2_HKNPDCAD_00008;TH2_HKNPDCAD_00121;TH2_HKNPDCAD_05198;TH2_HKNPDCAD_05256	4	down	Biological Process	0.05970149253731343	0.014608859566446749	1.8230734043953196	-0.0	down	2122	67	31	1170
GO:0030244	cellulose biosynthetic process	2/67	7/2122	9.049040511727078	0.018617124381133617	1.0	TH2_HKNPDCAD_05158;TH2_HKNPDCAD_05163	2	down	Biological Process	0.029850746268656716	0.003298774740810556	1.7300873997161819	-0.0	down	2122	67	7	1170
GO:0046654	tetrahydrofolate biosynthetic process	2/67	7/2122	9.049040511727078	0.018617124381133617	1.0	TH2_HKNPDCAD_05208;TH2_HKNPDCAD_05211	2	down	Biological Process	0.029850746268656716	0.003298774740810556	1.7300873997161819	-0.0	down	2122	67	7	1170
GO:0032196	transposition	2/67	8/2122	7.917910447761194	0.024321250987666684	1.0	TH2_HKNPDCAD_05254;TH2_HKNPDCAD_05256	2	down	Biological Process	0.029850746268656716	0.003770028275212064	1.6140140904573692	-0.0	down	2122	67	8	1170
GO:0006302	double-strand break repair	1/67	1/2122	31.671641791044777	0.03157398680486881	1.0	TH2_HKNPDCAD_00380	1	down	Biological Process	0.014925373134328358	0.000471253534401508	1.5006705768649387	-0.0	down	2122	67	1	1170
GO:0046686	response to cadmium ion	1/67	1/2122	31.671641791044777	0.03157398680486881	1.0	TH2_HKNPDCAD_01412	1	down	Biological Process	0.014925373134328358	0.000471253534401508	1.5006705768649387	-0.0	down	2122	67	1	1170
GO:0071241	cellular response to inorganic substance	1/67	1/2122	31.671641791044777	0.03157398680486881	1.0	TH2_HKNPDCAD_01412	1	down	Biological Process	0.014925373134328358	0.000471253534401508	1.5006705768649387	-0.0	down	2122	67	1	1170
GO:0071248	cellular response to metal ion	1/67	1/2122	31.671641791044777	0.03157398680486881	1.0	TH2_HKNPDCAD_01412	1	down	Biological Process	0.014925373134328358	0.000471253534401508	1.5006705768649387	-0.0	down	2122	67	1	1170
GO:0071276	cellular response to cadmium ion	1/67	1/2122	31.671641791044777	0.03157398680486881	1.0	TH2_HKNPDCAD_01412	1	down	Biological Process	0.014925373134328358	0.000471253534401508	1.5006705768649387	-0.0	down	2122	67	1	1170
GO:0033554	cellular response to stress	4/67	41/2122	3.0899162722970512	0.03823367630066356	1.0	TH2_HKNPDCAD_00380;TH2_HKNPDCAD_01412;TH2_HKNPDCAD_03810;TH2_HKNPDCAD_04131	4	down	Biological Process	0.05970149253731343	0.01932139491046183	1.4175539410515876	-0.0	down	2122	67	41	1170
GO:0051716	cellular response to stimulus	4/67	47/2122	2.695458875833598	0.05853911566724963	1.0	TH2_HKNPDCAD_00380;TH2_HKNPDCAD_01412;TH2_HKNPDCAD_03810;TH2_HKNPDCAD_04131	4	down	Biological Process	0.05970149253731343	0.022148916116870875	1.232553842608318	-0.0	down	2122	67	47	1170
GO:0006306	DNA methylation	1/67	2/2122	15.835820895522389	0.062165473312964875	1.0	TH2_HKNPDCAD_05226	1	down	Biological Process	0.014925373134328358	0.000942507068803016	1.2064507553883939	-0.0	down	2122	67	2	1170
GO:0017148	negative regulation of translation	1/67	2/2122	15.835820895522389	0.062165473312964875	1.0	TH2_HKNPDCAD_01410	1	down	Biological Process	0.014925373134328358	0.000942507068803016	1.2064507553883939	-0.0	down	2122	67	2	1170
GO:0006974	DNA damage response	3/67	31/2122	3.064997592681752	0.07208077251080776	1.0	TH2_HKNPDCAD_00380;TH2_HKNPDCAD_03810;TH2_HKNPDCAD_04131	3	down	Biological Process	0.04477611940298507	0.014608859566446749	1.142180567542545	-0.0	down	2122	67	31	1170
GO:0044010	single-species biofilm formation	2/67	15/2122	4.222885572139304	0.07916949236076526	1.0	TH2_HKNPDCAD_01410;TH2_HKNPDCAD_01412	2	down	Biological Process	0.029850746268656716	0.00706880301602262	1.1014421397719876	-0.0	down	2122	67	15	1170
GO:0006536	glutamate metabolic process	1/67	3/2122	10.557213930348258	0.09180458335472111	1.0	TH2_HKNPDCAD_01933	1	down	Biological Process	0.014925373134328358	0.001413760603204524	1.0371356360539368	-0.0	down	2122	67	3	1170
GO:0006545	glycine biosynthetic process	1/67	3/2122	10.557213930348258	0.09180458335472111	1.0	TH2_HKNPDCAD_05211	1	down	Biological Process	0.014925373134328358	0.001413760603204524	1.0371356360539368	-0.0	down	2122	67	3	1170
GO:0009372	quorum sensing	1/67	3/2122	10.557213930348258	0.09180458335472111	1.0	TH2_HKNPDCAD_01410	1	down	Biological Process	0.014925373134328358	0.001413760603204524	1.0371356360539368	-0.0	down	2122	67	3	1170
GO:0019404	galactitol catabolic process	1/67	3/2122	10.557213930348258	0.09180458335472111	1.0	TH2_HKNPDCAD_00391	1	down	Biological Process	0.014925373134328358	0.001413760603204524	1.0371356360539368	-0.0	down	2122	67	3	1170
GO:0042908	xenobiotic transport	1/67	3/2122	10.557213930348258	0.09180458335472111	1.0	TH2_HKNPDCAD_01930	1	down	Biological Process	0.014925373134328358	0.001413760603204524	1.0371356360539368	-0.0	down	2122	67	3	1170
GO:0044011	single-species biofilm formation on inanimate substrate	1/67	3/2122	10.557213930348258	0.09180458335472111	1.0	TH2_HKNPDCAD_01412	1	down	Biological Process	0.014925373134328358	0.001413760603204524	1.0371356360539368	-0.0	down	2122	67	3	1170
GO:0051703	biological process involved in intraspecies interaction between organisms	1/67	3/2122	10.557213930348258	0.09180458335472111	1.0	TH2_HKNPDCAD_01412	1	down	Biological Process	0.014925373134328358	0.001413760603204524	1.0371356360539368	-0.0	down	2122	67	3	1170
GO:0090609	single-species submerged biofilm formation	1/67	3/2122	10.557213930348258	0.09180458335472111	1.0	TH2_HKNPDCAD_01412	1	down	Biological Process	0.014925373134328358	0.001413760603204524	1.0371356360539368	-0.0	down	2122	67	3	1170
GO:0006950	response to stress	4/67	56/2122	2.2622601279317696	0.09785580697561781	1.0	TH2_HKNPDCAD_00380;TH2_HKNPDCAD_01412;TH2_HKNPDCAD_03810;TH2_HKNPDCAD_04131	4	down	Biological Process	0.05970149253731343	0.02639019792648445	1.0094133972656911	-0.0	down	2122	67	56	1170
GO:0002949	tRNA threonylcarbamoyladenosine modification	1/67	4/2122	7.917910447761194	0.12052053093102216	1.0	TH2_HKNPDCAD_04918	1	up	Biological Process	0.014925373134328358	0.001885014137606032	0.9189389637900404	-0.0	up	2122	67	4	1170
GO:0009099	valine biosynthetic process	1/67	4/2122	7.917910447761194	0.12052053093102216	1.0	TH2_HKNPDCAD_02220	1	down	Biological Process	0.014925373134328358	0.001885014137606032	0.9189389637900404	-0.0	down	2122	67	4	1170
GO:0009263	deoxyribonucleotide biosynthetic process	1/67	4/2122	7.917910447761194	0.12052053093102216	1.0	TH2_HKNPDCAD_03916	1	down	Biological Process	0.014925373134328358	0.001885014137606032	0.9189389637900404	-0.0	down	2122	67	4	1170
GO:0035690	cellular response to xenobiotic stimulus	1/67	4/2122	7.917910447761194	0.12052053093102216	1.0	TH2_HKNPDCAD_01412	1	down	Biological Process	0.014925373134328358	0.001885014137606032	0.9189389637900404	-0.0	down	2122	67	4	1170
GO:0070301	cellular response to hydrogen peroxide	1/67	4/2122	7.917910447761194	0.12052053093102216	1.0	TH2_HKNPDCAD_01412	1	down	Biological Process	0.014925373134328358	0.001885014137606032	0.9189389637900404	-0.0	down	2122	67	4	1170
GO:0071236	cellular response to antibiotic	1/67	4/2122	7.917910447761194	0.12052053093102216	1.0	TH2_HKNPDCAD_01412	1	down	Biological Process	0.014925373134328358	0.001885014137606032	0.9189389637900404	-0.0	down	2122	67	4	1170
GO:0071978	bacterial-type flagellum-dependent swarming motility	1/67	4/2122	7.917910447761194	0.12052053093102216	1.0	TH2_HKNPDCAD_04092	1	down	Biological Process	0.014925373134328358	0.001885014137606032	0.9189389637900404	-0.0	down	2122	67	4	1170
GO:0090605	submerged biofilm formation	1/67	4/2122	7.917910447761194	0.12052053093102216	1.0	TH2_HKNPDCAD_01412	1	down	Biological Process	0.014925373134328358	0.001885014137606032	0.9189389637900404	-0.0	down	2122	67	4	1170
GO:2001059	D-tagatose 6-phosphate catabolic process	1/67	4/2122	7.917910447761194	0.12052053093102216	1.0	TH2_HKNPDCAD_00391	1	down	Biological Process	0.014925373134328358	0.001885014137606032	0.9189389637900404	-0.0	down	2122	67	4	1170
GO:0006011	UDP-glucose metabolic process	1/67	5/2122	6.334328358208955	0.14834164728064816	1.0	TH2_HKNPDCAD_05158	1	down	Biological Process	0.014925373134328358	0.00235626767200754	0.8287369026134015	-0.0	down	2122	67	5	1170
GO:0006352	DNA-templated transcription initiation	1/67	5/2122	6.334328358208955	0.14834164728064816	1.0	TH2_HKNPDCAD_01095	1	up	Biological Process	0.014925373134328358	0.00235626767200754	0.8287369026134015	-0.0	up	2122	67	5	1170
GO:0071468	cellular response to acidic pH	1/67	5/2122	6.334328358208955	0.14834164728064816	1.0	TH2_HKNPDCAD_04224	1	down	Biological Process	0.014925373134328358	0.00235626767200754	0.8287369026134015	-0.0	down	2122	67	5	1170
GO:0055085	transmembrane transport	4/67	69/2122	1.8360372052779579	0.17104270916266573	1.0	TH2_HKNPDCAD_01963;TH2_HKNPDCAD_01964;TH2_HKNPDCAD_03840;TH2_HKNPDCAD_04284	4	up	Biological Process	0.05970149253731343	0.032516493873704054	0.7668954332468599	-0.0	up	2122	67	69	1170
GO:0001539	cilium or flagellum-dependent cell motility	1/67	6/2122	5.278606965174129	0.17529540714422767	1.0	TH2_HKNPDCAD_04092	1	down	Biological Process	0.014925373134328358	0.002827521206409048	0.7562294625602181	-0.0	down	2122	67	6	1170
GO:0006401	RNA catabolic process	1/67	6/2122	5.278606965174129	0.17529540714422767	1.0	TH2_HKNPDCAD_03139	1	up	Biological Process	0.014925373134328358	0.002827521206409048	0.7562294625602181	-0.0	up	2122	67	6	1170
GO:0006730	one-carbon metabolic process	1/67	6/2122	5.278606965174129	0.17529540714422767	1.0	TH2_HKNPDCAD_05211	1	down	Biological Process	0.014925373134328358	0.002827521206409048	0.7562294625602181	-0.0	down	2122	67	6	1170
GO:0009097	isoleucine biosynthetic process	1/67	6/2122	5.278606965174129	0.17529540714422767	1.0	TH2_HKNPDCAD_02220	1	down	Biological Process	0.014925373134328358	0.002827521206409048	0.7562294625602181	-0.0	down	2122	67	6	1170
GO:0010038	response to metal ion	1/67	6/2122	5.278606965174129	0.17529540714422767	1.0	TH2_HKNPDCAD_01412	1	down	Biological Process	0.014925373134328358	0.002827521206409048	0.7562294625602181	-0.0	down	2122	67	6	1170
GO:0030001	metal ion transport	1/67	6/2122	5.278606965174129	0.17529540714422767	1.0	TH2_HKNPDCAD_00016	1	down	Biological Process	0.014925373134328358	0.002827521206409048	0.7562294625602181	-0.0	down	2122	67	6	1170
GO:0034614	cellular response to reactive oxygen species	1/67	6/2122	5.278606965174129	0.17529540714422767	1.0	TH2_HKNPDCAD_01412	1	down	Biological Process	0.014925373134328358	0.002827521206409048	0.7562294625602181	-0.0	down	2122	67	6	1170
GO:0040011	locomotion	1/67	6/2122	5.278606965174129	0.17529540714422767	1.0	TH2_HKNPDCAD_04092	1	down	Biological Process	0.014925373134328358	0.002827521206409048	0.7562294625602181	-0.0	down	2122	67	6	1170
GO:0042542	response to hydrogen peroxide	1/67	6/2122	5.278606965174129	0.17529540714422767	1.0	TH2_HKNPDCAD_01412	1	down	Biological Process	0.014925373134328358	0.002827521206409048	0.7562294625602181	-0.0	down	2122	67	6	1170
GO:0048870	cell motility	1/67	6/2122	5.278606965174129	0.17529540714422767	1.0	TH2_HKNPDCAD_04092	1	down	Biological Process	0.014925373134328358	0.002827521206409048	0.7562294625602181	-0.0	down	2122	67	6	1170
GO:0051674	localization of cell	1/67	6/2122	5.278606965174129	0.17529540714422767	1.0	TH2_HKNPDCAD_04092	1	down	Biological Process	0.014925373134328358	0.002827521206409048	0.7562294625602181	-0.0	down	2122	67	6	1170
GO:0097237	cellular response to toxic substance	1/67	6/2122	5.278606965174129	0.17529540714422767	1.0	TH2_HKNPDCAD_01412	1	down	Biological Process	0.014925373134328358	0.002827521206409048	0.7562294625602181	-0.0	down	2122	67	6	1170
GO:1901605	alpha-amino acid metabolic process	1/67	6/2122	5.278606965174129	0.17529540714422767	1.0	TH2_HKNPDCAD_04008	1	up	Biological Process	0.014925373134328358	0.002827521206409048	0.7562294625602181	-0.0	up	2122	67	6	1170
GO:1901701	cellular response to oxygen-containing compound	1/67	6/2122	5.278606965174129	0.17529540714422767	1.0	TH2_HKNPDCAD_01412	1	down	Biological Process	0.014925373134328358	0.002827521206409048	0.7562294625602181	-0.0	down	2122	67	6	1170
GO:0046677	response to antibiotic	2/67	26/2122	2.436280137772675	0.19718253862935253	1.0	TH2_HKNPDCAD_01412;TH2_HKNPDCAD_05210	2	down	Biological Process	0.029850746268656716	0.012252591894439209	0.7051315463556557	-0.0	down	2122	67	26	1170
GO:0034599	cellular response to oxidative stress	1/67	7/2122	4.524520255863539	0.20140845427207724	1.0	TH2_HKNPDCAD_01412	1	down	Biological Process	0.014925373134328358	0.003298774740810556	0.6959223035606998	-0.0	down	2122	67	7	1170
GO:0045454	cell redox homeostasis	1/67	7/2122	4.524520255863539	0.20140845427207724	1.0	TH2_HKNPDCAD_03916	1	down	Biological Process	0.014925373134328358	0.003298774740810556	0.6959223035606998	-0.0	down	2122	67	7	1170
GO:0097588	archaeal or bacterial-type flagellum-dependent cell motility	1/67	7/2122	4.524520255863539	0.20140845427207724	1.0	TH2_HKNPDCAD_04092	1	down	Biological Process	0.014925373134328358	0.003298774740810556	0.6959223035606998	-0.0	down	2122	67	7	1170
GO:0050896	response to stimulus	4/67	74/2122	1.7119806373537716	0.20328103114098295	1.0	TH2_HKNPDCAD_00380;TH2_HKNPDCAD_01412;TH2_HKNPDCAD_03810;TH2_HKNPDCAD_04131	4	down	Biological Process	0.05970149253731343	0.034872761545711596	0.6919031449977148	-0.0	down	2122	67	74	1170
GO:0046656	folic acid biosynthetic process	1/67	8/2122	3.958955223880597	0.22670662616959483	1.0	TH2_HKNPDCAD_05208	1	down	Biological Process	0.014925373134328358	0.003770028275212064	0.6445357861512241	-0.0	down	2122	67	8	1170
GO:0006281	DNA repair	2/67	30/2122	2.111442786069652	0.2442557416499687	1.0	TH2_HKNPDCAD_00380;TH2_HKNPDCAD_02470	2	up&down	Biological Process	0.029850746268656716	0.01413760603204524	0.6121552186528314	-0.0	up&down	2122	67	30	1170
GO:0000302	response to reactive oxygen species	1/67	9/2122	3.5190713101160864	0.25121497813053584	1.0	TH2_HKNPDCAD_01412	1	down	Biological Process	0.014925373134328358	0.004241281809613572	0.5999544703268938	-0.0	down	2122	67	9	1170
GO:0006259	DNA metabolic process	1/67	9/2122	3.5190713101160864	0.25121497813053584	1.0	TH2_HKNPDCAD_00380	1	down	Biological Process	0.014925373134328358	0.004241281809613572	0.5999544703268938	-0.0	down	2122	67	9	1170
GO:0009297	pilus assembly	1/67	9/2122	3.5190713101160864	0.25121497813053584	1.0	TH2_HKNPDCAD_03095	1	down	Biological Process	0.014925373134328358	0.004241281809613572	0.5999544703268938	-0.0	down	2122	67	9	1170
GO:0042493	response to xenobiotic stimulus	1/67	9/2122	3.5190713101160864	0.25121497813053584	1.0	TH2_HKNPDCAD_01412	1	down	Biological Process	0.014925373134328358	0.004241281809613572	0.5999544703268938	-0.0	down	2122	67	9	1170
GO:0070887	cellular response to chemical stimulus	1/67	9/2122	3.5190713101160864	0.25121497813053584	1.0	TH2_HKNPDCAD_01412	1	down	Biological Process	0.014925373134328358	0.004241281809613572	0.5999544703268938	-0.0	down	2122	67	9	1170
GO:0009987	cellular process	5/67	108/2122	1.4662797125483693	0.25274083302622274	1.0	TH2_HKNPDCAD_00380;TH2_HKNPDCAD_01412;TH2_HKNPDCAD_03810;TH2_HKNPDCAD_04092;TH2_HKNPDCAD_04131	5	down	Biological Process	0.07462686567164178	0.05089538171536286	0.59732458742173	-0.0	down	2122	67	108	1170
GO:0042221	response to chemical	2/67	32/2122	1.9794776119402986	0.26801839926410165	1.0	TH2_HKNPDCAD_01412;TH2_HKNPDCAD_05209	2	down	Biological Process	0.029850746268656716	0.015080113100848256	0.5718353909540979	-0.0	down	2122	67	32	1170
GO:0000917	division septum assembly	1/67	10/2122	3.1671641791044776	0.2749578065573445	1.0	TH2_HKNPDCAD_04028	1	up	Biological Process	0.014925373134328358	0.00471253534401508	0.5607339453887293	-0.0	up	2122	67	10	1170
GO:0009061	anaerobic respiration	1/67	10/2122	3.1671641791044776	0.2749578065573445	1.0	TH2_HKNPDCAD_00573	1	down	Biological Process	0.014925373134328358	0.00471253534401508	0.5607339453887293	-0.0	down	2122	67	10	1170
GO:0010035	response to inorganic substance	1/67	10/2122	3.1671641791044776	0.2749578065573445	1.0	TH2_HKNPDCAD_01412	1	down	Biological Process	0.014925373134328358	0.00471253534401508	0.5607339453887293	-0.0	down	2122	67	10	1170
GO:0071702	organic substance transport	1/67	10/2122	3.1671641791044776	0.2749578065573445	1.0	TH2_HKNPDCAD_00129	1	down	Biological Process	0.014925373134328358	0.00471253534401508	0.5607339453887293	-0.0	down	2122	67	10	1170
GO:0009636	response to toxic substance	1/67	11/2122	2.879240162822252	0.29795867159485184	1.0	TH2_HKNPDCAD_01412	1	down	Biological Process	0.014925373134328358	0.0051837888784165885	0.5258439706319081	-0.0	down	2122	67	11	1170
GO:0016226	iron-sulfur cluster assembly	1/67	11/2122	2.879240162822252	0.29795867159485184	1.0	TH2_HKNPDCAD_04787	1	down	Biological Process	0.014925373134328358	0.0051837888784165885	0.5258439706319081	-0.0	down	2122	67	11	1170
GO:0008033	tRNA processing	1/67	13/2122	2.436280137772675	0.3418252020098259	1.0	TH2_HKNPDCAD_02951	1	down	Biological Process	0.014925373134328358	0.006126295947219604	0.4661959208712455	-0.0	down	2122	67	13	1170
GO:1901700	response to oxygen-containing compound	1/67	13/2122	2.436280137772675	0.3418252020098259	1.0	TH2_HKNPDCAD_01412	1	down	Biological Process	0.014925373134328358	0.006126295947219604	0.4661959208712455	-0.0	down	2122	67	13	1170
GO:0042710	biofilm formation	1/67	14/2122	2.2622601279317696	0.3627345009503956	1.0	TH2_HKNPDCAD_01412	1	down	Biological Process	0.014925373134328358	0.006597549481621112	0.44041113518387615	-0.0	down	2122	67	14	1170
GO:0043093	FtsZ-dependent cytokinesis	1/67	14/2122	2.2622601279317696	0.3627345009503956	1.0	TH2_HKNPDCAD_04028	1	up	Biological Process	0.014925373134328358	0.006597549481621112	0.44041113518387615	-0.0	up	2122	67	14	1170
GO:0051179	localization	1/67	15/2122	2.111442786069652	0.38298914442085125	1.0	TH2_HKNPDCAD_04092	1	down	Biological Process	0.014925373134328358	0.00706880301602262	0.4168135356526214	-0.0	down	2122	67	15	1170
GO:0090304	nucleic acid metabolic process	1/67	15/2122	2.111442786069652	0.38298914442085125	1.0	TH2_HKNPDCAD_00380	1	down	Biological Process	0.014925373134328358	0.00706880301602262	0.4168135356526214	-0.0	down	2122	67	15	1170
GO:0015628	protein secretion by the type II secretion system	1/67	16/2122	1.9794776119402986	0.4026093282476233	1.0	TH2_HKNPDCAD_01725	1	down	Biological Process	0.014925373134328358	0.007540056550424128	0.3951161669547262	-0.0	down	2122	67	16	1170
GO:0006139	nucleobase-containing compound metabolic process	1/67	18/2122	1.7595356550580432	0.44002404995303407	1.0	TH2_HKNPDCAD_00380	1	down	Biological Process	0.014925373134328358	0.008482563619227144	0.35652358606732826	-0.0	down	2122	67	18	1170
GO:0046483	heterocycle metabolic process	1/67	18/2122	1.7595356550580432	0.44002404995303407	1.0	TH2_HKNPDCAD_00380	1	down	Biological Process	0.014925373134328358	0.008482563619227144	0.35652358606732826	-0.0	down	2122	67	18	1170
GO:0034641	cellular nitrogen compound metabolic process	1/67	19/2122	1.6669285153181461	0.45785598372325426	1.0	TH2_HKNPDCAD_00380	1	down	Biological Process	0.014925373134328358	0.008953817153628653	0.3392711056422979	-0.0	down	2122	67	19	1170
GO:1901360	organic cyclic compound metabolic process	1/67	19/2122	1.6669285153181461	0.45785598372325426	1.0	TH2_HKNPDCAD_00380	1	down	Biological Process	0.014925373134328358	0.008953817153628653	0.3392711056422979	-0.0	down	2122	67	19	1170
GO:0071973	bacterial-type flagellum-dependent cell motility	1/67	21/2122	1.5081734186211797	0.4918582585612545	1.0	TH2_HKNPDCAD_04092	1	down	Biological Process	0.014925373134328358	0.009896324222431668	0.30816003217884647	-0.0	down	2122	67	21	1170
GO:0006725	cellular aromatic compound metabolic process	1/67	22/2122	1.439620081411126	0.5080626834421351	1.0	TH2_HKNPDCAD_00380	1	down	Biological Process	0.014925373134328358	0.010367577756833177	0.2940827022956059	-0.0	down	2122	67	22	1170
GO:0006979	response to oxidative stress	1/67	26/2122	1.2181400688863375	0.5679428826650101	1.0	TH2_HKNPDCAD_01412	1	down	Biological Process	0.014925373134328358	0.012252591894439209	0.2456953385683953	-0.0	down	2122	67	26	1170
GO:0000160	phosphorelay signal transduction system	1/67	29/2122	1.0921255790015438	0.6080840602748582	1.0	TH2_HKNPDCAD_02946	1	up	Biological Process	0.014925373134328358	0.013666352497643733	0.21603638061199856	-0.0	up	2122	67	29	1170
GO:0006865	amino acid transport	1/67	29/2122	1.0921255790015438	0.6080840602748582	1.0	TH2_HKNPDCAD_04692	1	up	Biological Process	0.014925373134328358	0.013666352497643733	0.21603638061199856	-0.0	up	2122	67	29	1170
GO:0006355	regulation of DNA-templated transcription	3/67	110/2122	0.8637720488466756	0.6858443686720553	1.0	TH2_HKNPDCAD_02946;TH2_HKNPDCAD_03952;TH2_HKNPDCAD_05251	3	up&down	Biological Process	0.04477611940298507	0.051837888784165884	0.16377442291580802	-0.0	up&down	2122	67	110	1170
GO:0009058	biosynthetic process	1/67	38/2122	0.8334642576590731	0.7077347862238138	1.0	TH2_HKNPDCAD_04008	1	up	Biological Process	0.014925373134328358	0.017907634307257305	0.15012945764645153	-0.0	up	2122	67	38	1170
GO:0043170	macromolecule metabolic process	1/67	38/2122	0.8334642576590731	0.7077347862238138	1.0	TH2_HKNPDCAD_00380	1	down	Biological Process	0.014925373134328358	0.017907634307257305	0.15012945764645153	-0.0	down	2122	67	38	1170
GO:0006807	nitrogen compound metabolic process	1/67	40/2122	0.7917910447761194	0.7262295505815949	1.0	TH2_HKNPDCAD_00380	1	down	Biological Process	0.014925373134328358	0.01885014137606032	0.13892608344100477	-0.0	down	2122	67	40	1170
GO:0007155	cell adhesion	1/67	42/2122	0.7540867093105899	0.7435703260197898	1.0	TH2_HKNPDCAD_00016	1	down	Biological Process	0.014925373134328358	0.019792648444863337	0.12867795013064792	-0.0	down	2122	67	42	1170
GO:0044237	cellular metabolic process	1/67	44/2122	0.719810040705563	0.7598280925908852	1.0	TH2_HKNPDCAD_00380	1	down	Biological Process	0.014925373134328358	0.020735155513666354	0.11928465361933271	-0.0	down	2122	67	44	1170
GO:0071704	organic substance metabolic process	1/67	46/2122	0.6885139519792343	0.7750695275522606	1.0	TH2_HKNPDCAD_00380	1	down	Biological Process	0.014925373134328358	0.021677662582469368	0.11065933739316451	-0.0	down	2122	67	46	1170
GO:0044238	primary metabolic process	1/67	48/2122	0.6598258706467661	0.7893572623801111	1.0	TH2_HKNPDCAD_00380	1	down	Biological Process	0.014925373134328358	0.022620169651272386	0.10272639100731147	-0.0	down	2122	67	48	1170
GO:0008152	metabolic process	1/67	63/2122	0.5027244728737266	0.8715043852312991	1.0	TH2_HKNPDCAD_00380	1	down	Biological Process	0.014925373134328358	0.029688972667295005	0.059730423267741785	-0.0	down	2122	67	63	1170
GO:0006508	proteolysis	1/67	69/2122	0.45900930131948947	0.8946633208035261	1.0	TH2_HKNPDCAD_01725	1	down	Biological Process	0.014925373134328358	0.032516493873704054	0.04834036739478282	-0.0	down	2122	67	69	1170
GO:0000003	reproduction	0/67	1/2122	0.0	1.0	1.0		0		Biological Process	0.0	0.000471253534401508	-0.0	-0.0		2122	67	1	1170
GO:0000027	ribosomal large subunit assembly	0/67	4/2122	0.0	1.0	1.0		0		Biological Process	0.0	0.001885014137606032	-0.0	-0.0		2122	67	4	1170
GO:0000041	transition metal ion transport	0/67	3/2122	0.0	1.0	1.0		0		Biological Process	0.0	0.001413760603204524	-0.0	-0.0		2122	67	3	1170
GO:0000096	sulfur amino acid metabolic process	0/67	1/2122	0.0	1.0	1.0		0		Biological Process	0.0	0.000471253534401508	-0.0	-0.0		2122	67	1	1170
GO:0000098	sulfur amino acid catabolic process	0/67	1/2122	0.0	1.0	1.0		0		Biological Process	0.0	0.000471253534401508	-0.0	-0.0		2122	67	1	1170
GO:0000103	sulfate assimilation	0/67	3/2122	0.0	1.0	1.0		0		Biological Process	0.0	0.001413760603204524	-0.0	-0.0		2122	67	3	1170
GO:0000105	histidine biosynthetic process	0/67	8/2122	0.0	1.0	1.0		0		Biological Process	0.0	0.003770028275212064	-0.0	-0.0		2122	67	8	1170
GO:0000162	tryptophan biosynthetic process	0/67	6/2122	0.0	1.0	1.0		0		Biological Process	0.0	0.002827521206409048	-0.0	-0.0		2122	67	6	1170
GO:0000256	allantoin catabolic process	0/67	2/2122	0.0	1.0	1.0		0		Biological Process	0.0	0.000942507068803016	-0.0	-0.0		2122	67	2	1170
GO:0000270	peptidoglycan metabolic process	0/67	8/2122	0.0	1.0	1.0		0		Biological Process	0.0	0.003770028275212064	-0.0	-0.0		2122	67	8	1170
GO:0000271	polysaccharide biosynthetic process	0/67	11/2122	0.0	1.0	1.0		0		Biological Process	0.0	0.0051837888784165885	-0.0	-0.0		2122	67	11	1170
GO:0000272	polysaccharide catabolic process	0/67	2/2122	0.0	1.0	1.0		0		Biological Process	0.0	0.000942507068803016	-0.0	-0.0		2122	67	2	1170
GO:0000413	protein peptidyl-prolyl isomerization	0/67	3/2122	0.0	1.0	1.0		0		Biological Process	0.0	0.001413760603204524	-0.0	-0.0		2122	67	3	1170
GO:0000455	enzyme-directed rRNA pseudouridine synthesis	0/67	5/2122	0.0	1.0	1.0		0		Biological Process	0.0	0.00235626767200754	-0.0	-0.0		2122	67	5	1170
GO:0000716	transcription-coupled nucleotide-excision repair, DNA damage recognition	0/67	1/2122	0.0	1.0	1.0		0		Biological Process	0.0	0.000471253534401508	-0.0	-0.0		2122	67	1	1170
GO:0000724	double-strand break repair via homologous recombination	0/67	4/2122	0.0	1.0	1.0		0		Biological Process	0.0	0.001885014137606032	-0.0	-0.0		2122	67	4	1170
GO:0000725	recombinational repair	0/67	1/2122	0.0	1.0	1.0		0		Biological Process	0.0	0.000471253534401508	-0.0	-0.0		2122	67	1	1170
GO:0000820	regulation of glutamine family amino acid metabolic process	0/67	1/2122	0.0	1.0	1.0		0		Biological Process	0.0	0.000471253534401508	-0.0	-0.0		2122	67	1	1170
GO:0000902	cell morphogenesis	0/67	4/2122	0.0	1.0	1.0		0		Biological Process	0.0	0.001885014137606032	-0.0	-0.0		2122	67	4	1170
GO:0000910	cytokinesis	0/67	1/2122	0.0	1.0	1.0		0		Biological Process	0.0	0.000471253534401508	-0.0	-0.0		2122	67	1	1170
GO:0000920	septum digestion after cytokinesis	0/67	2/2122	0.0	1.0	1.0		0		Biological Process	0.0	0.000942507068803016	-0.0	-0.0		2122	67	2	1170
GO:0000967	rRNA 5'-end processing	0/67	1/2122	0.0	1.0	1.0		0		Biological Process	0.0	0.000471253534401508	-0.0	-0.0		2122	67	1	1170
GO:0001101	response to acid chemical	0/67	2/2122	0.0	1.0	1.0		0		Biological Process	0.0	0.000942507068803016	-0.0	-0.0		2122	67	2	1170
GO:0001407	glycerophosphodiester transmembrane transport	0/67	2/2122	0.0	1.0	1.0		0		Biological Process	0.0	0.000942507068803016	-0.0	-0.0		2122	67	2	1170
GO:0001514	selenocysteine incorporation	0/67	1/2122	0.0	1.0	1.0		0		Biological Process	0.0	0.000471253534401508	-0.0	-0.0		2122	67	1	1170
GO:0001522	pseudouridine synthesis	0/67	3/2122	0.0	1.0	1.0		0		Biological Process	0.0	0.001413760603204524	-0.0	-0.0		2122	67	3	1170
GO:0001558	regulation of cell growth	0/67	3/2122	0.0	1.0	1.0		0		Biological Process	0.0	0.001413760603204524	-0.0	-0.0		2122	67	3	1170
GO:0001680	tRNA 3'-terminal CCA addition	0/67	1/2122	0.0	1.0	1.0		0		Biological Process	0.0	0.000471253534401508	-0.0	-0.0		2122	67	1	1170
GO:0001896	autolysis	0/67	2/2122	0.0	1.0	1.0		0		Biological Process	0.0	0.000942507068803016	-0.0	-0.0		2122	67	2	1170
GO:0002097	tRNA wobble base modification	0/67	1/2122	0.0	1.0	1.0		0		Biological Process	0.0	0.000471253534401508	-0.0	-0.0		2122	67	1	1170
GO:0002098	tRNA wobble uridine modification	0/67	4/2122	0.0	1.0	1.0		0		Biological Process	0.0	0.001885014137606032	-0.0	-0.0		2122	67	4	1170
GO:0002100	tRNA wobble adenosine to inosine editing	0/67	1/2122	0.0	1.0	1.0		0		Biological Process	0.0	0.000471253534401508	-0.0	-0.0		2122	67	1	1170
GO:0002101	tRNA wobble cytosine modification	0/67	1/2122	0.0	1.0	1.0		0		Biological Process	0.0	0.000471253534401508	-0.0	-0.0		2122	67	1	1170
GO:0002143	tRNA wobble position uridine thiolation	0/67	2/2122	0.0	1.0	1.0		0		Biological Process	0.0	0.000942507068803016	-0.0	-0.0		2122	67	2	1170
GO:0002682	regulation of immune system process	0/67	1/2122	0.0	1.0	1.0		0		Biological Process	0.0	0.000471253534401508	-0.0	-0.0		2122	67	1	1170
GO:0002683	negative regulation of immune system process	0/67	1/2122	0.0	1.0	1.0		0		Biological Process	0.0	0.000471253534401508	-0.0	-0.0		2122	67	1	1170
GO:0002938	tRNA guanine ribose methylation	0/67	1/2122	0.0	1.0	1.0		0		Biological Process	0.0	0.000471253534401508	-0.0	-0.0		2122	67	1	1170
GO:0003333	amino acid transmembrane transport	0/67	4/2122	0.0	1.0	1.0		0		Biological Process	0.0	0.001885014137606032	-0.0	-0.0		2122	67	4	1170
GO:0005975	carbohydrate metabolic process	0/67	63/2122	0.0	1.0	1.0		0		Biological Process	0.0	0.029688972667295005	-0.0	-0.0		2122	67	63	1170
GO:0005976	polysaccharide metabolic process	0/67	11/2122	0.0	1.0	1.0		0		Biological Process	0.0	0.0051837888784165885	-0.0	-0.0		2122	67	11	1170
GO:0005978	glycogen biosynthetic process	0/67	3/2122	0.0	1.0	1.0		0		Biological Process	0.0	0.001413760603204524	-0.0	-0.0		2122	67	3	1170
GO:0005980	glycogen catabolic process	0/67	1/2122	0.0	1.0	1.0		0		Biological Process	0.0	0.000471253534401508	-0.0	-0.0		2122	67	1	1170
GO:0005991	trehalose metabolic process	0/67	2/2122	0.0	1.0	1.0		0		Biological Process	0.0	0.000942507068803016	-0.0	-0.0		2122	67	2	1170
GO:0005992	trehalose biosynthetic process	0/67	1/2122	0.0	1.0	1.0		0		Biological Process	0.0	0.000471253534401508	-0.0	-0.0		2122	67	1	1170
GO:0005993	trehalose catabolic process	0/67	2/2122	0.0	1.0	1.0		0		Biological Process	0.0	0.000942507068803016	-0.0	-0.0		2122	67	2	1170
GO:0005996	monosaccharide metabolic process	0/67	2/2122	0.0	1.0	1.0		0		Biological Process	0.0	0.000942507068803016	-0.0	-0.0		2122	67	2	1170
GO:0005997	xylulose metabolic process	0/67	1/2122	0.0	1.0	1.0		0		Biological Process	0.0	0.000471253534401508	-0.0	-0.0		2122	67	1	1170
GO:0005998	xylulose catabolic process	0/67	1/2122	0.0	1.0	1.0		0		Biological Process	0.0	0.000471253534401508	-0.0	-0.0		2122	67	1	1170
GO:0006000	fructose metabolic process	0/67	1/2122	0.0	1.0	1.0		0		Biological Process	0.0	0.000471253534401508	-0.0	-0.0		2122	67	1	1170
GO:0006002	fructose 6-phosphate metabolic process	0/67	1/2122	0.0	1.0	1.0		0		Biological Process	0.0	0.000471253534401508	-0.0	-0.0		2122	67	1	1170
GO:0006006	glucose metabolic process	0/67	7/2122	0.0	1.0	1.0		0		Biological Process	0.0	0.003298774740810556	-0.0	-0.0		2122	67	7	1170
GO:0006007	glucose catabolic process	0/67	1/2122	0.0	1.0	1.0		0		Biological Process	0.0	0.000471253534401508	-0.0	-0.0		2122	67	1	1170
GO:0006012	galactose metabolic process	0/67	3/2122	0.0	1.0	1.0		0		Biological Process	0.0	0.001413760603204524	-0.0	-0.0		2122	67	3	1170
GO:0006015	5-phosphoribose 1-diphosphate biosynthetic process	0/67	2/2122	0.0	1.0	1.0		0		Biological Process	0.0	0.000942507068803016	-0.0	-0.0		2122	67	2	1170
GO:0006022	aminoglycan metabolic process	0/67	1/2122	0.0	1.0	1.0		0		Biological Process	0.0	0.000471253534401508	-0.0	-0.0		2122	67	1	1170
GO:0006032	chitin catabolic process	0/67	1/2122	0.0	1.0	1.0		0		Biological Process	0.0	0.000471253534401508	-0.0	-0.0		2122	67	1	1170
GO:0006040	amino sugar metabolic process	0/67	1/2122	0.0	1.0	1.0		0		Biological Process	0.0	0.000471253534401508	-0.0	-0.0		2122	67	1	1170
GO:0006044	N-acetylglucosamine metabolic process	0/67	5/2122	0.0	1.0	1.0		0		Biological Process	0.0	0.00235626767200754	-0.0	-0.0		2122	67	5	1170
GO:0006048	UDP-N-acetylglucosamine biosynthetic process	0/67	2/2122	0.0	1.0	1.0		0		Biological Process	0.0	0.000942507068803016	-0.0	-0.0		2122	67	2	1170
GO:0006051	N-acetylmannosamine metabolic process	0/67	1/2122	0.0	1.0	1.0		0		Biological Process	0.0	0.000471253534401508	-0.0	-0.0		2122	67	1	1170
GO:0006063	uronic acid metabolic process	0/67	1/2122	0.0	1.0	1.0		0		Biological Process	0.0	0.000471253534401508	-0.0	-0.0		2122	67	1	1170
GO:0006064	glucuronate catabolic process	0/67	1/2122	0.0	1.0	1.0		0		Biological Process	0.0	0.000471253534401508	-0.0	-0.0		2122	67	1	1170
GO:0006065	UDP-glucuronate biosynthetic process	0/67	1/2122	0.0	1.0	1.0		0		Biological Process	0.0	0.000471253534401508	-0.0	-0.0		2122	67	1	1170
GO:0006069	ethanol oxidation	0/67	1/2122	0.0	1.0	1.0		0		Biological Process	0.0	0.000471253534401508	-0.0	-0.0		2122	67	1	1170
GO:0006071	glycerol metabolic process	0/67	7/2122	0.0	1.0	1.0		0		Biological Process	0.0	0.003298774740810556	-0.0	-0.0		2122	67	7	1170
GO:0006072	glycerol-3-phosphate metabolic process	0/67	3/2122	0.0	1.0	1.0		0		Biological Process	0.0	0.001413760603204524	-0.0	-0.0		2122	67	3	1170
GO:0006081	cellular aldehyde metabolic process	0/67	2/2122	0.0	1.0	1.0		0		Biological Process	0.0	0.000942507068803016	-0.0	-0.0		2122	67	2	1170
GO:0006082	organic acid metabolic process	0/67	8/2122	0.0	1.0	1.0		0		Biological Process	0.0	0.003770028275212064	-0.0	-0.0		2122	67	8	1170
GO:0006083	acetate metabolic process	0/67	1/2122	0.0	1.0	1.0		0		Biological Process	0.0	0.000471253534401508	-0.0	-0.0		2122	67	1	1170
GO:0006089	lactate metabolic process	0/67	1/2122	0.0	1.0	1.0		0		Biological Process	0.0	0.000471253534401508	-0.0	-0.0		2122	67	1	1170
GO:0006090	pyruvate metabolic process	0/67	1/2122	0.0	1.0	1.0		0		Biological Process	0.0	0.000471253534401508	-0.0	-0.0		2122	67	1	1170
GO:0006091	generation of precursor metabolites and energy	0/67	7/2122	0.0	1.0	1.0		0		Biological Process	0.0	0.003298774740810556	-0.0	-0.0		2122	67	7	1170
GO:0006094	gluconeogenesis	0/67	8/2122	0.0	1.0	1.0		0		Biological Process	0.0	0.003770028275212064	-0.0	-0.0		2122	67	8	1170
GO:0006096	glycolytic process	0/67	12/2122	0.0	1.0	1.0		0		Biological Process	0.0	0.005655042412818096	-0.0	-0.0		2122	67	12	1170
GO:0006097	glyoxylate cycle	0/67	3/2122	0.0	1.0	1.0		0		Biological Process	0.0	0.001413760603204524	-0.0	-0.0		2122	67	3	1170
GO:0006098	pentose-phosphate shunt	0/67	5/2122	0.0	1.0	1.0		0		Biological Process	0.0	0.00235626767200754	-0.0	-0.0		2122	67	5	1170
GO:0006099	tricarboxylic acid cycle	0/67	21/2122	0.0	1.0	1.0		0		Biological Process	0.0	0.009896324222431668	-0.0	-0.0		2122	67	21	1170
GO:0006101	citrate metabolic process	0/67	1/2122	0.0	1.0	1.0		0		Biological Process	0.0	0.000471253534401508	-0.0	-0.0		2122	67	1	1170
GO:0006105	succinate metabolic process	0/67	1/2122	0.0	1.0	1.0		0		Biological Process	0.0	0.000471253534401508	-0.0	-0.0		2122	67	1	1170
GO:0006106	fumarate metabolic process	0/67	3/2122	0.0	1.0	1.0		0		Biological Process	0.0	0.001413760603204524	-0.0	-0.0		2122	67	3	1170
GO:0006107	oxaloacetate metabolic process	0/67	1/2122	0.0	1.0	1.0		0		Biological Process	0.0	0.000471253534401508	-0.0	-0.0		2122	67	1	1170
GO:0006108	malate metabolic process	0/67	2/2122	0.0	1.0	1.0		0		Biological Process	0.0	0.000942507068803016	-0.0	-0.0		2122	67	2	1170
GO:0006109	regulation of carbohydrate metabolic process	0/67	1/2122	0.0	1.0	1.0		0		Biological Process	0.0	0.000471253534401508	-0.0	-0.0		2122	67	1	1170
GO:0006144	purine nucleobase metabolic process	0/67	3/2122	0.0	1.0	1.0		0		Biological Process	0.0	0.001413760603204524	-0.0	-0.0		2122	67	3	1170
GO:0006145	purine nucleobase catabolic process	0/67	1/2122	0.0	1.0	1.0		0		Biological Process	0.0	0.000471253534401508	-0.0	-0.0		2122	67	1	1170
GO:0006146	adenine catabolic process	0/67	1/2122	0.0	1.0	1.0		0		Biological Process	0.0	0.000471253534401508	-0.0	-0.0		2122	67	1	1170
GO:0006147	guanine catabolic process	0/67	1/2122	0.0	1.0	1.0		0		Biological Process	0.0	0.000471253534401508	-0.0	-0.0		2122	67	1	1170
GO:0006163	purine nucleotide metabolic process	0/67	1/2122	0.0	1.0	1.0		0		Biological Process	0.0	0.000471253534401508	-0.0	-0.0		2122	67	1	1170
GO:0006164	purine nucleotide biosynthetic process	0/67	3/2122	0.0	1.0	1.0		0		Biological Process	0.0	0.001413760603204524	-0.0	-0.0		2122	67	3	1170
GO:0006166	purine ribonucleoside salvage	0/67	4/2122	0.0	1.0	1.0		0		Biological Process	0.0	0.001885014137606032	-0.0	-0.0		2122	67	4	1170
GO:0006168	adenine salvage	0/67	1/2122	0.0	1.0	1.0		0		Biological Process	0.0	0.000471253534401508	-0.0	-0.0		2122	67	1	1170
GO:0006171	cAMP biosynthetic process	0/67	2/2122	0.0	1.0	1.0		0		Biological Process	0.0	0.000942507068803016	-0.0	-0.0		2122	67	2	1170
GO:0006177	GMP biosynthetic process	0/67	1/2122	0.0	1.0	1.0		0		Biological Process	0.0	0.000471253534401508	-0.0	-0.0		2122	67	1	1170
GO:0006183	GTP biosynthetic process	0/67	1/2122	0.0	1.0	1.0		0		Biological Process	0.0	0.000471253534401508	-0.0	-0.0		2122	67	1	1170
GO:0006189	'de novo' IMP biosynthetic process	0/67	11/2122	0.0	1.0	1.0		0		Biological Process	0.0	0.0051837888784165885	-0.0	-0.0		2122	67	11	1170
GO:0006203	dGTP catabolic process	0/67	1/2122	0.0	1.0	1.0		0		Biological Process	0.0	0.000471253534401508	-0.0	-0.0		2122	67	1	1170
GO:0006206	pyrimidine nucleobase metabolic process	0/67	4/2122	0.0	1.0	1.0		0		Biological Process	0.0	0.001885014137606032	-0.0	-0.0		2122	67	4	1170
GO:0006207	'de novo' pyrimidine nucleobase biosynthetic process	0/67	7/2122	0.0	1.0	1.0		0		Biological Process	0.0	0.003298774740810556	-0.0	-0.0		2122	67	7	1170
GO:0006208	pyrimidine nucleobase catabolic process	0/67	1/2122	0.0	1.0	1.0		0		Biological Process	0.0	0.000471253534401508	-0.0	-0.0		2122	67	1	1170
GO:0006210	thymine catabolic process	0/67	1/2122	0.0	1.0	1.0		0		Biological Process	0.0	0.000471253534401508	-0.0	-0.0		2122	67	1	1170
GO:0006212	uracil catabolic process	0/67	5/2122	0.0	1.0	1.0		0		Biological Process	0.0	0.00235626767200754	-0.0	-0.0		2122	67	5	1170
GO:0006220	pyrimidine nucleotide metabolic process	0/67	1/2122	0.0	1.0	1.0		0		Biological Process	0.0	0.000471253534401508	-0.0	-0.0		2122	67	1	1170
GO:0006221	pyrimidine nucleotide biosynthetic process	0/67	6/2122	0.0	1.0	1.0		0		Biological Process	0.0	0.002827521206409048	-0.0	-0.0		2122	67	6	1170
GO:0006222	UMP biosynthetic process	0/67	1/2122	0.0	1.0	1.0		0		Biological Process	0.0	0.000471253534401508	-0.0	-0.0		2122	67	1	1170
GO:0006226	dUMP biosynthetic process	0/67	2/2122	0.0	1.0	1.0		0		Biological Process	0.0	0.000942507068803016	-0.0	-0.0		2122	67	2	1170
GO:0006228	UTP biosynthetic process	0/67	1/2122	0.0	1.0	1.0		0		Biological Process	0.0	0.000471253534401508	-0.0	-0.0		2122	67	1	1170
GO:0006229	dUTP biosynthetic process	0/67	1/2122	0.0	1.0	1.0		0		Biological Process	0.0	0.000471253534401508	-0.0	-0.0		2122	67	1	1170
GO:0006231	dTMP biosynthetic process	0/67	1/2122	0.0	1.0	1.0		0		Biological Process	0.0	0.000471253534401508	-0.0	-0.0		2122	67	1	1170
GO:0006233	dTDP biosynthetic process	0/67	1/2122	0.0	1.0	1.0		0		Biological Process	0.0	0.000471253534401508	-0.0	-0.0		2122	67	1	1170
GO:0006235	dTTP biosynthetic process	0/67	1/2122	0.0	1.0	1.0		0		Biological Process	0.0	0.000471253534401508	-0.0	-0.0		2122	67	1	1170
GO:0006241	CTP biosynthetic process	0/67	2/2122	0.0	1.0	1.0		0		Biological Process	0.0	0.000942507068803016	-0.0	-0.0		2122	67	2	1170
GO:0006260	DNA replication	0/67	26/2122	0.0	1.0	1.0		0		Biological Process	0.0	0.012252591894439209	-0.0	-0.0		2122	67	26	1170
GO:0006261	DNA-templated DNA replication	0/67	3/2122	0.0	1.0	1.0		0		Biological Process	0.0	0.001413760603204524	-0.0	-0.0		2122	67	3	1170
GO:0006265	DNA topological change	0/67	4/2122	0.0	1.0	1.0		0		Biological Process	0.0	0.001885014137606032	-0.0	-0.0		2122	67	4	1170
GO:0006268	DNA unwinding involved in DNA replication	0/67	4/2122	0.0	1.0	1.0		0		Biological Process	0.0	0.001885014137606032	-0.0	-0.0		2122	67	4	1170
GO:0006269	DNA replication, synthesis of RNA primer	0/67	5/2122	0.0	1.0	1.0		0		Biological Process	0.0	0.00235626767200754	-0.0	-0.0		2122	67	5	1170
GO:0006274	DNA replication termination	0/67	1/2122	0.0	1.0	1.0		0		Biological Process	0.0	0.000471253534401508	-0.0	-0.0		2122	67	1	1170
GO:0006275	regulation of DNA replication	0/67	1/2122	0.0	1.0	1.0		0		Biological Process	0.0	0.000471253534401508	-0.0	-0.0		2122	67	1	1170
GO:0006276	plasmid maintenance	0/67	1/2122	0.0	1.0	1.0		0		Biological Process	0.0	0.000471253534401508	-0.0	-0.0		2122	67	1	1170
GO:0006282	regulation of DNA repair	0/67	1/2122	0.0	1.0	1.0		0		Biological Process	0.0	0.000471253534401508	-0.0	-0.0		2122	67	1	1170
GO:0006284	base-excision repair	0/67	5/2122	0.0	1.0	1.0		0		Biological Process	0.0	0.00235626767200754	-0.0	-0.0		2122	67	5	1170
GO:0006285	base-excision repair, AP site formation	0/67	1/2122	0.0	1.0	1.0		0		Biological Process	0.0	0.000471253534401508	-0.0	-0.0		2122	67	1	1170
GO:0006289	nucleotide-excision repair	0/67	2/2122	0.0	1.0	1.0		0		Biological Process	0.0	0.000942507068803016	-0.0	-0.0		2122	67	2	1170
GO:0006298	mismatch repair	0/67	2/2122	0.0	1.0	1.0		0		Biological Process	0.0	0.000942507068803016	-0.0	-0.0		2122	67	2	1170
GO:0006304	DNA modification	0/67	3/2122	0.0	1.0	1.0		0		Biological Process	0.0	0.001413760603204524	-0.0	-0.0		2122	67	3	1170
GO:0006307	DNA dealkylation involved in DNA repair	0/67	1/2122	0.0	1.0	1.0		0		Biological Process	0.0	0.000471253534401508	-0.0	-0.0		2122	67	1	1170
GO:0006308	DNA catabolic process	0/67	4/2122	0.0	1.0	1.0		0		Biological Process	0.0	0.001885014137606032	-0.0	-0.0		2122	67	4	1170
GO:0006351	DNA-templated transcription	0/67	11/2122	0.0	1.0	1.0		0		Biological Process	0.0	0.0051837888784165885	-0.0	-0.0		2122	67	11	1170
GO:0006353	DNA-templated transcription termination	0/67	2/2122	0.0	1.0	1.0		0		Biological Process	0.0	0.000942507068803016	-0.0	-0.0		2122	67	2	1170
GO:0006354	DNA-templated transcription elongation	0/67	1/2122	0.0	1.0	1.0		0		Biological Process	0.0	0.000471253534401508	-0.0	-0.0		2122	67	1	1170
GO:0006364	rRNA processing	0/67	9/2122	0.0	1.0	1.0		0		Biological Process	0.0	0.004241281809613572	-0.0	-0.0		2122	67	9	1170
GO:0006378	mRNA polyadenylation	0/67	1/2122	0.0	1.0	1.0		0		Biological Process	0.0	0.000471253534401508	-0.0	-0.0		2122	67	1	1170
GO:0006388	tRNA splicing, via endonucleolytic cleavage and ligation	0/67	1/2122	0.0	1.0	1.0		0		Biological Process	0.0	0.000471253534401508	-0.0	-0.0		2122	67	1	1170
GO:0006396	RNA processing	0/67	3/2122	0.0	1.0	1.0		0		Biological Process	0.0	0.001413760603204524	-0.0	-0.0		2122	67	3	1170
GO:0006397	mRNA processing	0/67	1/2122	0.0	1.0	1.0		0		Biological Process	0.0	0.000471253534401508	-0.0	-0.0		2122	67	1	1170
GO:0006400	tRNA modification	0/67	7/2122	0.0	1.0	1.0		0		Biological Process	0.0	0.003298774740810556	-0.0	-0.0		2122	67	7	1170
GO:0006402	mRNA catabolic process	0/67	3/2122	0.0	1.0	1.0		0		Biological Process	0.0	0.001413760603204524	-0.0	-0.0		2122	67	3	1170
GO:0006412	translation	0/67	53/2122	0.0	1.0	1.0		0		Biological Process	0.0	0.024976437323279924	-0.0	-0.0		2122	67	53	1170
GO:0006415	translational termination	0/67	1/2122	0.0	1.0	1.0		0		Biological Process	0.0	0.000471253534401508	-0.0	-0.0		2122	67	1	1170
GO:0006417	regulation of translation	0/67	4/2122	0.0	1.0	1.0		0		Biological Process	0.0	0.001885014137606032	-0.0	-0.0		2122	67	4	1170
GO:0006419	alanyl-tRNA aminoacylation	0/67	2/2122	0.0	1.0	1.0		0		Biological Process	0.0	0.000942507068803016	-0.0	-0.0		2122	67	2	1170
GO:0006420	arginyl-tRNA aminoacylation	0/67	2/2122	0.0	1.0	1.0		0		Biological Process	0.0	0.000942507068803016	-0.0	-0.0		2122	67	2	1170
GO:0006421	asparaginyl-tRNA aminoacylation	0/67	1/2122	0.0	1.0	1.0		0		Biological Process	0.0	0.000471253534401508	-0.0	-0.0		2122	67	1	1170
GO:0006423	cysteinyl-tRNA aminoacylation	0/67	1/2122	0.0	1.0	1.0		0		Biological Process	0.0	0.000471253534401508	-0.0	-0.0		2122	67	1	1170
GO:0006424	glutamyl-tRNA aminoacylation	0/67	2/2122	0.0	1.0	1.0		0		Biological Process	0.0	0.000942507068803016	-0.0	-0.0		2122	67	2	1170
GO:0006425	glutaminyl-tRNA aminoacylation	0/67	1/2122	0.0	1.0	1.0		0		Biological Process	0.0	0.000471253534401508	-0.0	-0.0		2122	67	1	1170
GO:0006426	glycyl-tRNA aminoacylation	0/67	2/2122	0.0	1.0	1.0		0		Biological Process	0.0	0.000942507068803016	-0.0	-0.0		2122	67	2	1170
GO:0006429	leucyl-tRNA aminoacylation	0/67	1/2122	0.0	1.0	1.0		0		Biological Process	0.0	0.000471253534401508	-0.0	-0.0		2122	67	1	1170
GO:0006430	lysyl-tRNA aminoacylation	0/67	3/2122	0.0	1.0	1.0		0		Biological Process	0.0	0.001413760603204524	-0.0	-0.0		2122	67	3	1170
GO:0006431	methionyl-tRNA aminoacylation	0/67	1/2122	0.0	1.0	1.0		0		Biological Process	0.0	0.000471253534401508	-0.0	-0.0		2122	67	1	1170
GO:0006432	phenylalanyl-tRNA aminoacylation	0/67	2/2122	0.0	1.0	1.0		0		Biological Process	0.0	0.000942507068803016	-0.0	-0.0		2122	67	2	1170
GO:0006433	prolyl-tRNA aminoacylation	0/67	1/2122	0.0	1.0	1.0		0		Biological Process	0.0	0.000471253534401508	-0.0	-0.0		2122	67	1	1170
GO:0006434	seryl-tRNA aminoacylation	0/67	1/2122	0.0	1.0	1.0		0		Biological Process	0.0	0.000471253534401508	-0.0	-0.0		2122	67	1	1170
GO:0006435	threonyl-tRNA aminoacylation	0/67	1/2122	0.0	1.0	1.0		0		Biological Process	0.0	0.000471253534401508	-0.0	-0.0		2122	67	1	1170
GO:0006436	tryptophanyl-tRNA aminoacylation	0/67	1/2122	0.0	1.0	1.0		0		Biological Process	0.0	0.000471253534401508	-0.0	-0.0		2122	67	1	1170
GO:0006437	tyrosyl-tRNA aminoacylation	0/67	1/2122	0.0	1.0	1.0		0		Biological Process	0.0	0.000471253534401508	-0.0	-0.0		2122	67	1	1170
GO:0006438	valyl-tRNA aminoacylation	0/67	1/2122	0.0	1.0	1.0		0		Biological Process	0.0	0.000471253534401508	-0.0	-0.0		2122	67	1	1170
GO:0006449	regulation of translational termination	0/67	1/2122	0.0	1.0	1.0		0		Biological Process	0.0	0.000471253534401508	-0.0	-0.0		2122	67	1	1170
GO:0006457	protein folding	0/67	15/2122	0.0	1.0	1.0		0		Biological Process	0.0	0.00706880301602262	-0.0	-0.0		2122	67	15	1170
GO:0006458	'de novo' protein folding	0/67	1/2122	0.0	1.0	1.0		0		Biological Process	0.0	0.000471253534401508	-0.0	-0.0		2122	67	1	1170
GO:0006464	protein modification process	0/67	5/2122	0.0	1.0	1.0		0		Biological Process	0.0	0.00235626767200754	-0.0	-0.0		2122	67	5	1170
GO:0006465	signal peptide processing	0/67	1/2122	0.0	1.0	1.0		0		Biological Process	0.0	0.000471253534401508	-0.0	-0.0		2122	67	1	1170
GO:0006468	protein phosphorylation	0/67	4/2122	0.0	1.0	1.0		0		Biological Process	0.0	0.001885014137606032	-0.0	-0.0		2122	67	4	1170
GO:0006470	protein dephosphorylation	0/67	2/2122	0.0	1.0	1.0		0		Biological Process	0.0	0.000942507068803016	-0.0	-0.0		2122	67	2	1170
GO:0006482	protein demethylation	0/67	1/2122	0.0	1.0	1.0		0		Biological Process	0.0	0.000471253534401508	-0.0	-0.0		2122	67	1	1170
GO:0006517	protein deglycosylation	0/67	1/2122	0.0	1.0	1.0		0		Biological Process	0.0	0.000471253534401508	-0.0	-0.0		2122	67	1	1170
GO:0006520	amino acid metabolic process	0/67	13/2122	0.0	1.0	1.0		0		Biological Process	0.0	0.006126295947219604	-0.0	-0.0		2122	67	13	1170
GO:0006522	alanine metabolic process	0/67	3/2122	0.0	1.0	1.0		0		Biological Process	0.0	0.001413760603204524	-0.0	-0.0		2122	67	3	1170
GO:0006523	alanine biosynthetic process	0/67	1/2122	0.0	1.0	1.0		0		Biological Process	0.0	0.000471253534401508	-0.0	-0.0		2122	67	1	1170
GO:0006525	arginine metabolic process	0/67	4/2122	0.0	1.0	1.0		0		Biological Process	0.0	0.001885014137606032	-0.0	-0.0		2122	67	4	1170
GO:0006526	arginine biosynthetic process	0/67	9/2122	0.0	1.0	1.0		0		Biological Process	0.0	0.004241281809613572	-0.0	-0.0		2122	67	9	1170
GO:0006527	arginine catabolic process	0/67	1/2122	0.0	1.0	1.0		0		Biological Process	0.0	0.000471253534401508	-0.0	-0.0		2122	67	1	1170
GO:0006528	asparagine metabolic process	0/67	1/2122	0.0	1.0	1.0		0		Biological Process	0.0	0.000471253534401508	-0.0	-0.0		2122	67	1	1170
GO:0006529	asparagine biosynthetic process	0/67	1/2122	0.0	1.0	1.0		0		Biological Process	0.0	0.000471253534401508	-0.0	-0.0		2122	67	1	1170
GO:0006531	aspartate metabolic process	0/67	1/2122	0.0	1.0	1.0		0		Biological Process	0.0	0.000471253534401508	-0.0	-0.0		2122	67	1	1170
GO:0006534	cysteine metabolic process	0/67	3/2122	0.0	1.0	1.0		0		Biological Process	0.0	0.001413760603204524	-0.0	-0.0		2122	67	3	1170
GO:0006535	cysteine biosynthetic process from serine	0/67	4/2122	0.0	1.0	1.0		0		Biological Process	0.0	0.001885014137606032	-0.0	-0.0		2122	67	4	1170
GO:0006537	glutamate biosynthetic process	0/67	1/2122	0.0	1.0	1.0		0		Biological Process	0.0	0.000471253534401508	-0.0	-0.0		2122	67	1	1170
GO:0006541	glutamine metabolic process	0/67	11/2122	0.0	1.0	1.0		0		Biological Process	0.0	0.0051837888784165885	-0.0	-0.0		2122	67	11	1170
GO:0006542	glutamine biosynthetic process	0/67	2/2122	0.0	1.0	1.0		0		Biological Process	0.0	0.000942507068803016	-0.0	-0.0		2122	67	2	1170
GO:0006547	histidine metabolic process	0/67	1/2122	0.0	1.0	1.0		0		Biological Process	0.0	0.000471253534401508	-0.0	-0.0		2122	67	1	1170
GO:0006556	S-adenosylmethionine biosynthetic process	0/67	1/2122	0.0	1.0	1.0		0		Biological Process	0.0	0.000471253534401508	-0.0	-0.0		2122	67	1	1170
GO:0006561	proline biosynthetic process	0/67	1/2122	0.0	1.0	1.0		0		Biological Process	0.0	0.000471253534401508	-0.0	-0.0		2122	67	1	1170
GO:0006564	L-serine biosynthetic process	0/67	3/2122	0.0	1.0	1.0		0		Biological Process	0.0	0.001413760603204524	-0.0	-0.0		2122	67	3	1170
GO:0006567	threonine catabolic process	0/67	1/2122	0.0	1.0	1.0		0		Biological Process	0.0	0.000471253534401508	-0.0	-0.0		2122	67	1	1170
GO:0006571	tyrosine biosynthetic process	0/67	1/2122	0.0	1.0	1.0		0		Biological Process	0.0	0.000471253534401508	-0.0	-0.0		2122	67	1	1170
GO:0006575	cellular modified amino acid metabolic process	0/67	1/2122	0.0	1.0	1.0		0		Biological Process	0.0	0.000471253534401508	-0.0	-0.0		2122	67	1	1170
GO:0006576	biogenic amine metabolic process	0/67	2/2122	0.0	1.0	1.0		0		Biological Process	0.0	0.000942507068803016	-0.0	-0.0		2122	67	2	1170
GO:0006577	amino-acid betaine metabolic process	0/67	1/2122	0.0	1.0	1.0		0		Biological Process	0.0	0.000471253534401508	-0.0	-0.0		2122	67	1	1170
GO:0006591	ornithine metabolic process	0/67	1/2122	0.0	1.0	1.0		0		Biological Process	0.0	0.000471253534401508	-0.0	-0.0		2122	67	1	1170
GO:0006593	ornithine catabolic process	0/67	1/2122	0.0	1.0	1.0		0		Biological Process	0.0	0.000471253534401508	-0.0	-0.0		2122	67	1	1170
GO:0006605	protein targeting	0/67	6/2122	0.0	1.0	1.0		0		Biological Process	0.0	0.002827521206409048	-0.0	-0.0		2122	67	6	1170
GO:0006614	SRP-dependent cotranslational protein targeting to membrane	0/67	2/2122	0.0	1.0	1.0		0		Biological Process	0.0	0.000942507068803016	-0.0	-0.0		2122	67	2	1170
GO:0006629	lipid metabolic process	0/67	7/2122	0.0	1.0	1.0		0		Biological Process	0.0	0.003298774740810556	-0.0	-0.0		2122	67	7	1170
GO:0006631	fatty acid metabolic process	0/67	4/2122	0.0	1.0	1.0		0		Biological Process	0.0	0.001885014137606032	-0.0	-0.0		2122	67	4	1170
GO:0006633	fatty acid biosynthetic process	0/67	14/2122	0.0	1.0	1.0		0		Biological Process	0.0	0.006597549481621112	-0.0	-0.0		2122	67	14	1170
GO:0006635	fatty acid beta-oxidation	0/67	3/2122	0.0	1.0	1.0		0		Biological Process	0.0	0.001413760603204524	-0.0	-0.0		2122	67	3	1170
GO:0006637	acyl-CoA metabolic process	0/67	1/2122	0.0	1.0	1.0		0		Biological Process	0.0	0.000471253534401508	-0.0	-0.0		2122	67	1	1170
GO:0006654	phosphatidic acid biosynthetic process	0/67	1/2122	0.0	1.0	1.0		0		Biological Process	0.0	0.000471253534401508	-0.0	-0.0		2122	67	1	1170
GO:0006655	phosphatidylglycerol biosynthetic process	0/67	1/2122	0.0	1.0	1.0		0		Biological Process	0.0	0.000471253534401508	-0.0	-0.0		2122	67	1	1170
GO:0006739	NADP metabolic process	0/67	1/2122	0.0	1.0	1.0		0		Biological Process	0.0	0.000471253534401508	-0.0	-0.0		2122	67	1	1170
GO:0006741	NADP biosynthetic process	0/67	1/2122	0.0	1.0	1.0		0		Biological Process	0.0	0.000471253534401508	-0.0	-0.0		2122	67	1	1170
GO:0006744	ubiquinone biosynthetic process	0/67	12/2122	0.0	1.0	1.0		0		Biological Process	0.0	0.005655042412818096	-0.0	-0.0		2122	67	12	1170
GO:0006747	FAD biosynthetic process	0/67	1/2122	0.0	1.0	1.0		0		Biological Process	0.0	0.000471253534401508	-0.0	-0.0		2122	67	1	1170
GO:0006749	glutathione metabolic process	0/67	1/2122	0.0	1.0	1.0		0		Biological Process	0.0	0.000471253534401508	-0.0	-0.0		2122	67	1	1170
GO:0006750	glutathione biosynthetic process	0/67	2/2122	0.0	1.0	1.0		0		Biological Process	0.0	0.000942507068803016	-0.0	-0.0		2122	67	2	1170
GO:0006751	glutathione catabolic process	0/67	2/2122	0.0	1.0	1.0		0		Biological Process	0.0	0.000942507068803016	-0.0	-0.0		2122	67	2	1170
GO:0006753	nucleoside phosphate metabolic process	0/67	2/2122	0.0	1.0	1.0		0		Biological Process	0.0	0.000942507068803016	-0.0	-0.0		2122	67	2	1170
GO:0006760	folic acid-containing compound metabolic process	0/67	1/2122	0.0	1.0	1.0		0		Biological Process	0.0	0.000471253534401508	-0.0	-0.0		2122	67	1	1170
GO:0006766	vitamin metabolic process	0/67	1/2122	0.0	1.0	1.0		0		Biological Process	0.0	0.000471253534401508	-0.0	-0.0		2122	67	1	1170
GO:0006767	water-soluble vitamin metabolic process	0/67	1/2122	0.0	1.0	1.0		0		Biological Process	0.0	0.000471253534401508	-0.0	-0.0		2122	67	1	1170
GO:0006769	nicotinamide metabolic process	0/67	1/2122	0.0	1.0	1.0		0		Biological Process	0.0	0.000471253534401508	-0.0	-0.0		2122	67	1	1170
GO:0006772	thiamine metabolic process	0/67	1/2122	0.0	1.0	1.0		0		Biological Process	0.0	0.000471253534401508	-0.0	-0.0		2122	67	1	1170
GO:0006777	Mo-molybdopterin cofactor biosynthetic process	0/67	9/2122	0.0	1.0	1.0		0		Biological Process	0.0	0.004241281809613572	-0.0	-0.0		2122	67	9	1170
GO:0006779	porphyrin-containing compound biosynthetic process	0/67	2/2122	0.0	1.0	1.0		0		Biological Process	0.0	0.000942507068803016	-0.0	-0.0		2122	67	2	1170
GO:0006780	uroporphyrinogen III biosynthetic process	0/67	1/2122	0.0	1.0	1.0		0		Biological Process	0.0	0.000471253534401508	-0.0	-0.0		2122	67	1	1170
GO:0006782	protoporphyrinogen IX biosynthetic process	0/67	4/2122	0.0	1.0	1.0		0		Biological Process	0.0	0.001885014137606032	-0.0	-0.0		2122	67	4	1170
GO:0006783	heme biosynthetic process	0/67	3/2122	0.0	1.0	1.0		0		Biological Process	0.0	0.001413760603204524	-0.0	-0.0		2122	67	3	1170
GO:0006790	sulfur compound metabolic process	0/67	2/2122	0.0	1.0	1.0		0		Biological Process	0.0	0.000942507068803016	-0.0	-0.0		2122	67	2	1170
GO:0006793	phosphorus metabolic process	0/67	3/2122	0.0	1.0	1.0		0		Biological Process	0.0	0.001413760603204524	-0.0	-0.0		2122	67	3	1170
GO:0006796	phosphate-containing compound metabolic process	0/67	3/2122	0.0	1.0	1.0		0		Biological Process	0.0	0.001413760603204524	-0.0	-0.0		2122	67	3	1170
GO:0006799	polyphosphate biosynthetic process	0/67	1/2122	0.0	1.0	1.0		0		Biological Process	0.0	0.000471253534401508	-0.0	-0.0		2122	67	1	1170
GO:0006805	xenobiotic metabolic process	0/67	1/2122	0.0	1.0	1.0		0		Biological Process	0.0	0.000471253534401508	-0.0	-0.0		2122	67	1	1170
GO:0006808	regulation of nitrogen utilization	0/67	3/2122	0.0	1.0	1.0		0		Biological Process	0.0	0.001413760603204524	-0.0	-0.0		2122	67	3	1170
GO:0006810	transport	0/67	8/2122	0.0	1.0	1.0		0		Biological Process	0.0	0.003770028275212064	-0.0	-0.0		2122	67	8	1170
GO:0006811	monoatomic ion transport	0/67	8/2122	0.0	1.0	1.0		0		Biological Process	0.0	0.003770028275212064	-0.0	-0.0		2122	67	8	1170
GO:0006812	monoatomic cation transport	0/67	5/2122	0.0	1.0	1.0		0		Biological Process	0.0	0.00235626767200754	-0.0	-0.0		2122	67	5	1170
GO:0006813	potassium ion transport	0/67	7/2122	0.0	1.0	1.0		0		Biological Process	0.0	0.003298774740810556	-0.0	-0.0		2122	67	7	1170
GO:0006814	sodium ion transport	0/67	10/2122	0.0	1.0	1.0		0		Biological Process	0.0	0.00471253534401508	-0.0	-0.0		2122	67	10	1170
GO:0006817	phosphate ion transport	0/67	4/2122	0.0	1.0	1.0		0		Biological Process	0.0	0.001885014137606032	-0.0	-0.0		2122	67	4	1170
GO:0006820	monoatomic anion transport	0/67	2/2122	0.0	1.0	1.0		0		Biological Process	0.0	0.000942507068803016	-0.0	-0.0		2122	67	2	1170
GO:0006824	cobalt ion transport	0/67	1/2122	0.0	1.0	1.0		0		Biological Process	0.0	0.000471253534401508	-0.0	-0.0		2122	67	1	1170
GO:0006825	copper ion transport	0/67	3/2122	0.0	1.0	1.0		0		Biological Process	0.0	0.001413760603204524	-0.0	-0.0		2122	67	3	1170
GO:0006826	iron ion transport	0/67	9/2122	0.0	1.0	1.0		0		Biological Process	0.0	0.004241281809613572	-0.0	-0.0		2122	67	9	1170
GO:0006829	zinc ion transport	0/67	3/2122	0.0	1.0	1.0		0		Biological Process	0.0	0.001413760603204524	-0.0	-0.0		2122	67	3	1170
GO:0006835	dicarboxylic acid transport	0/67	2/2122	0.0	1.0	1.0		0		Biological Process	0.0	0.000942507068803016	-0.0	-0.0		2122	67	2	1170
GO:0006855	xenobiotic transmembrane transport	0/67	2/2122	0.0	1.0	1.0		0		Biological Process	0.0	0.000942507068803016	-0.0	-0.0		2122	67	2	1170
GO:0006857	oligopeptide transport	0/67	1/2122	0.0	1.0	1.0		0		Biological Process	0.0	0.000471253534401508	-0.0	-0.0		2122	67	1	1170
GO:0006869	lipid transport	0/67	1/2122	0.0	1.0	1.0		0		Biological Process	0.0	0.000471253534401508	-0.0	-0.0		2122	67	1	1170
GO:0006873	intracellular monoatomic ion homeostasis	0/67	1/2122	0.0	1.0	1.0		0		Biological Process	0.0	0.000471253534401508	-0.0	-0.0		2122	67	1	1170
GO:0006878	intracellular copper ion homeostasis	0/67	1/2122	0.0	1.0	1.0		0		Biological Process	0.0	0.000471253534401508	-0.0	-0.0		2122	67	1	1170
GO:0006879	intracellular iron ion homeostasis	0/67	4/2122	0.0	1.0	1.0		0		Biological Process	0.0	0.001885014137606032	-0.0	-0.0		2122	67	4	1170
GO:0006884	cell volume homeostasis	0/67	1/2122	0.0	1.0	1.0		0		Biological Process	0.0	0.000471253534401508	-0.0	-0.0		2122	67	1	1170
GO:0006885	regulation of pH	0/67	1/2122	0.0	1.0	1.0		0		Biological Process	0.0	0.000471253534401508	-0.0	-0.0		2122	67	1	1170
GO:0006935	chemotaxis	0/67	15/2122	0.0	1.0	1.0		0		Biological Process	0.0	0.00706880301602262	-0.0	-0.0		2122	67	15	1170
GO:0006952	defense response	0/67	1/2122	0.0	1.0	1.0		0		Biological Process	0.0	0.000471253534401508	-0.0	-0.0		2122	67	1	1170
GO:0006970	response to osmotic stress	0/67	1/2122	0.0	1.0	1.0		0		Biological Process	0.0	0.000471253534401508	-0.0	-0.0		2122	67	1	1170
GO:0006972	hyperosmotic response	0/67	1/2122	0.0	1.0	1.0		0		Biological Process	0.0	0.000471253534401508	-0.0	-0.0		2122	67	1	1170
GO:0006996	organelle organization	0/67	3/2122	0.0	1.0	1.0		0		Biological Process	0.0	0.001413760603204524	-0.0	-0.0		2122	67	3	1170
GO:0007049	cell cycle	0/67	26/2122	0.0	1.0	1.0		0		Biological Process	0.0	0.012252591894439209	-0.0	-0.0		2122	67	26	1170
GO:0007059	chromosome segregation	0/67	8/2122	0.0	1.0	1.0		0		Biological Process	0.0	0.003770028275212064	-0.0	-0.0		2122	67	8	1170
GO:0007154	cell communication	0/67	9/2122	0.0	1.0	1.0		0		Biological Process	0.0	0.004241281809613572	-0.0	-0.0		2122	67	9	1170
GO:0007165	signal transduction	0/67	5/2122	0.0	1.0	1.0		0		Biological Process	0.0	0.00235626767200754	-0.0	-0.0		2122	67	5	1170
GO:0008104	protein localization	0/67	2/2122	0.0	1.0	1.0		0		Biological Process	0.0	0.000942507068803016	-0.0	-0.0		2122	67	2	1170
GO:0008219	cell death	0/67	2/2122	0.0	1.0	1.0		0		Biological Process	0.0	0.000942507068803016	-0.0	-0.0		2122	67	2	1170
GO:0008295	spermidine biosynthetic process	0/67	4/2122	0.0	1.0	1.0		0		Biological Process	0.0	0.001885014137606032	-0.0	-0.0		2122	67	4	1170
GO:0008299	isoprenoid biosynthetic process	0/67	3/2122	0.0	1.0	1.0		0		Biological Process	0.0	0.001413760603204524	-0.0	-0.0		2122	67	3	1170
GO:0008360	regulation of cell shape	0/67	33/2122	0.0	1.0	1.0		0		Biological Process	0.0	0.015551366635249765	-0.0	-0.0		2122	67	33	1170
GO:0008610	lipid biosynthetic process	0/67	3/2122	0.0	1.0	1.0		0		Biological Process	0.0	0.001413760603204524	-0.0	-0.0		2122	67	3	1170
GO:0008615	pyridoxine biosynthetic process	0/67	6/2122	0.0	1.0	1.0		0		Biological Process	0.0	0.002827521206409048	-0.0	-0.0		2122	67	6	1170
GO:0008616	queuosine biosynthetic process	0/67	5/2122	0.0	1.0	1.0		0		Biological Process	0.0	0.00235626767200754	-0.0	-0.0		2122	67	5	1170
GO:0008643	carbohydrate transport	0/67	17/2122	0.0	1.0	1.0		0		Biological Process	0.0	0.008011310084825637	-0.0	-0.0		2122	67	17	1170
GO:0008652	amino acid biosynthetic process	0/67	16/2122	0.0	1.0	1.0		0		Biological Process	0.0	0.007540056550424128	-0.0	-0.0		2122	67	16	1170
GO:0008653	lipopolysaccharide metabolic process	0/67	6/2122	0.0	1.0	1.0		0		Biological Process	0.0	0.002827521206409048	-0.0	-0.0		2122	67	6	1170
GO:0008654	phospholipid biosynthetic process	0/67	10/2122	0.0	1.0	1.0		0		Biological Process	0.0	0.00471253534401508	-0.0	-0.0		2122	67	10	1170
GO:0008655	pyrimidine-containing compound salvage	0/67	1/2122	0.0	1.0	1.0		0		Biological Process	0.0	0.000471253534401508	-0.0	-0.0		2122	67	1	1170
GO:0009052	pentose-phosphate shunt, non-oxidative branch	0/67	1/2122	0.0	1.0	1.0		0		Biological Process	0.0	0.000471253534401508	-0.0	-0.0		2122	67	1	1170
GO:0009056	catabolic process	0/67	13/2122	0.0	1.0	1.0		0		Biological Process	0.0	0.006126295947219604	-0.0	-0.0		2122	67	13	1170
GO:0009057	macromolecule catabolic process	0/67	4/2122	0.0	1.0	1.0		0		Biological Process	0.0	0.001885014137606032	-0.0	-0.0		2122	67	4	1170
GO:0009059	macromolecule biosynthetic process	0/67	15/2122	0.0	1.0	1.0		0		Biological Process	0.0	0.00706880301602262	-0.0	-0.0		2122	67	15	1170
GO:0009060	aerobic respiration	0/67	2/2122	0.0	1.0	1.0		0		Biological Process	0.0	0.000942507068803016	-0.0	-0.0		2122	67	2	1170
GO:0009063	amino acid catabolic process	0/67	7/2122	0.0	1.0	1.0		0		Biological Process	0.0	0.003298774740810556	-0.0	-0.0		2122	67	7	1170
GO:0009064	glutamine family amino acid metabolic process	0/67	1/2122	0.0	1.0	1.0		0		Biological Process	0.0	0.000471253534401508	-0.0	-0.0		2122	67	1	1170
GO:0009069	serine family amino acid metabolic process	0/67	1/2122	0.0	1.0	1.0		0		Biological Process	0.0	0.000471253534401508	-0.0	-0.0		2122	67	1	1170
GO:0009071	serine family amino acid catabolic process	0/67	1/2122	0.0	1.0	1.0		0		Biological Process	0.0	0.000471253534401508	-0.0	-0.0		2122	67	1	1170
GO:0009073	aromatic amino acid family biosynthetic process	0/67	10/2122	0.0	1.0	1.0		0		Biological Process	0.0	0.00471253534401508	-0.0	-0.0		2122	67	10	1170
GO:0009082	branched-chain amino acid biosynthetic process	0/67	4/2122	0.0	1.0	1.0		0		Biological Process	0.0	0.001885014137606032	-0.0	-0.0		2122	67	4	1170
GO:0009084	glutamine family amino acid biosynthetic process	0/67	1/2122	0.0	1.0	1.0		0		Biological Process	0.0	0.000471253534401508	-0.0	-0.0		2122	67	1	1170
GO:0009086	methionine biosynthetic process	0/67	6/2122	0.0	1.0	1.0		0		Biological Process	0.0	0.002827521206409048	-0.0	-0.0		2122	67	6	1170
GO:0009088	threonine biosynthetic process	0/67	6/2122	0.0	1.0	1.0		0		Biological Process	0.0	0.002827521206409048	-0.0	-0.0		2122	67	6	1170
GO:0009089	lysine biosynthetic process via diaminopimelate	0/67	10/2122	0.0	1.0	1.0		0		Biological Process	0.0	0.00471253534401508	-0.0	-0.0		2122	67	10	1170
GO:0009093	cysteine catabolic process	0/67	1/2122	0.0	1.0	1.0		0		Biological Process	0.0	0.000471253534401508	-0.0	-0.0		2122	67	1	1170
GO:0009094	L-phenylalanine biosynthetic process	0/67	1/2122	0.0	1.0	1.0		0		Biological Process	0.0	0.000471253534401508	-0.0	-0.0		2122	67	1	1170
GO:0009098	leucine biosynthetic process	0/67	4/2122	0.0	1.0	1.0		0		Biological Process	0.0	0.001885014137606032	-0.0	-0.0		2122	67	4	1170
GO:0009100	glycoprotein metabolic process	0/67	1/2122	0.0	1.0	1.0		0		Biological Process	0.0	0.000471253534401508	-0.0	-0.0		2122	67	1	1170
GO:0009102	biotin biosynthetic process	0/67	6/2122	0.0	1.0	1.0		0		Biological Process	0.0	0.002827521206409048	-0.0	-0.0		2122	67	6	1170
GO:0009103	lipopolysaccharide biosynthetic process	0/67	24/2122	0.0	1.0	1.0		0		Biological Process	0.0	0.011310084825636193	-0.0	-0.0		2122	67	24	1170
GO:0009113	purine nucleobase biosynthetic process	0/67	1/2122	0.0	1.0	1.0		0		Biological Process	0.0	0.000471253534401508	-0.0	-0.0		2122	67	1	1170
GO:0009116	nucleoside metabolic process	0/67	4/2122	0.0	1.0	1.0		0		Biological Process	0.0	0.001885014137606032	-0.0	-0.0		2122	67	4	1170
GO:0009117	nucleotide metabolic process	0/67	8/2122	0.0	1.0	1.0		0		Biological Process	0.0	0.003770028275212064	-0.0	-0.0		2122	67	8	1170
GO:0009123	nucleoside monophosphate metabolic process	0/67	1/2122	0.0	1.0	1.0		0		Biological Process	0.0	0.000471253534401508	-0.0	-0.0		2122	67	1	1170
GO:0009132	nucleoside diphosphate metabolic process	0/67	1/2122	0.0	1.0	1.0		0		Biological Process	0.0	0.000471253534401508	-0.0	-0.0		2122	67	1	1170
GO:0009146	purine nucleoside triphosphate catabolic process	0/67	1/2122	0.0	1.0	1.0		0		Biological Process	0.0	0.000471253534401508	-0.0	-0.0		2122	67	1	1170
GO:0009156	ribonucleoside monophosphate biosynthetic process	0/67	1/2122	0.0	1.0	1.0		0		Biological Process	0.0	0.000471253534401508	-0.0	-0.0		2122	67	1	1170
GO:0009164	nucleoside catabolic process	0/67	2/2122	0.0	1.0	1.0		0		Biological Process	0.0	0.000942507068803016	-0.0	-0.0		2122	67	2	1170
GO:0009165	nucleotide biosynthetic process	0/67	3/2122	0.0	1.0	1.0		0		Biological Process	0.0	0.001413760603204524	-0.0	-0.0		2122	67	3	1170
GO:0009166	nucleotide catabolic process	0/67	4/2122	0.0	1.0	1.0		0		Biological Process	0.0	0.001885014137606032	-0.0	-0.0		2122	67	4	1170
GO:0009168	purine ribonucleoside monophosphate biosynthetic process	0/67	1/2122	0.0	1.0	1.0		0		Biological Process	0.0	0.000471253534401508	-0.0	-0.0		2122	67	1	1170
GO:0009225	nucleotide-sugar metabolic process	0/67	1/2122	0.0	1.0	1.0		0		Biological Process	0.0	0.000471253534401508	-0.0	-0.0		2122	67	1	1170
GO:0009228	thiamine biosynthetic process	0/67	7/2122	0.0	1.0	1.0		0		Biological Process	0.0	0.003298774740810556	-0.0	-0.0		2122	67	7	1170
GO:0009229	thiamine diphosphate biosynthetic process	0/67	4/2122	0.0	1.0	1.0		0		Biological Process	0.0	0.001885014137606032	-0.0	-0.0		2122	67	4	1170
GO:0009231	riboflavin biosynthetic process	0/67	4/2122	0.0	1.0	1.0		0		Biological Process	0.0	0.001885014137606032	-0.0	-0.0		2122	67	4	1170
GO:0009234	menaquinone biosynthetic process	0/67	10/2122	0.0	1.0	1.0		0		Biological Process	0.0	0.00471253534401508	-0.0	-0.0		2122	67	10	1170
GO:0009236	cobalamin biosynthetic process	0/67	7/2122	0.0	1.0	1.0		0		Biological Process	0.0	0.003298774740810556	-0.0	-0.0		2122	67	7	1170
GO:0009239	enterobactin biosynthetic process	0/67	2/2122	0.0	1.0	1.0		0		Biological Process	0.0	0.000942507068803016	-0.0	-0.0		2122	67	2	1170
GO:0009242	colanic acid biosynthetic process	0/67	1/2122	0.0	1.0	1.0		0		Biological Process	0.0	0.000471253534401508	-0.0	-0.0		2122	67	1	1170
GO:0009243	O antigen biosynthetic process	0/67	2/2122	0.0	1.0	1.0		0		Biological Process	0.0	0.000942507068803016	-0.0	-0.0		2122	67	2	1170
GO:0009244	lipopolysaccharide core region biosynthetic process	0/67	6/2122	0.0	1.0	1.0		0		Biological Process	0.0	0.002827521206409048	-0.0	-0.0		2122	67	6	1170
GO:0009245	lipid A biosynthetic process	0/67	13/2122	0.0	1.0	1.0		0		Biological Process	0.0	0.006126295947219604	-0.0	-0.0		2122	67	13	1170
GO:0009246	enterobacterial common antigen biosynthetic process	0/67	10/2122	0.0	1.0	1.0		0		Biological Process	0.0	0.00471253534401508	-0.0	-0.0		2122	67	10	1170
GO:0009249	protein lipoylation	0/67	3/2122	0.0	1.0	1.0		0		Biological Process	0.0	0.001413760603204524	-0.0	-0.0		2122	67	3	1170
GO:0009250	glucan biosynthetic process	0/67	5/2122	0.0	1.0	1.0		0		Biological Process	0.0	0.00235626767200754	-0.0	-0.0		2122	67	5	1170
GO:0009251	glucan catabolic process	0/67	1/2122	0.0	1.0	1.0		0		Biological Process	0.0	0.000471253534401508	-0.0	-0.0		2122	67	1	1170
GO:0009252	peptidoglycan biosynthetic process	0/67	34/2122	0.0	1.0	1.0		0		Biological Process	0.0	0.016022620169651274	-0.0	-0.0		2122	67	34	1170
GO:0009253	peptidoglycan catabolic process	0/67	8/2122	0.0	1.0	1.0		0		Biological Process	0.0	0.003770028275212064	-0.0	-0.0		2122	67	8	1170
GO:0009254	peptidoglycan turnover	0/67	7/2122	0.0	1.0	1.0		0		Biological Process	0.0	0.003298774740810556	-0.0	-0.0		2122	67	7	1170
GO:0009255	Entner-Doudoroff pathway through 6-phosphogluconate	0/67	1/2122	0.0	1.0	1.0		0		Biological Process	0.0	0.000471253534401508	-0.0	-0.0		2122	67	1	1170
GO:0009264	deoxyribonucleotide catabolic process	0/67	1/2122	0.0	1.0	1.0		0		Biological Process	0.0	0.000471253534401508	-0.0	-0.0		2122	67	1	1170
GO:0009266	response to temperature stimulus	0/67	6/2122	0.0	1.0	1.0		0		Biological Process	0.0	0.002827521206409048	-0.0	-0.0		2122	67	6	1170
GO:0009267	cellular response to starvation	0/67	7/2122	0.0	1.0	1.0		0		Biological Process	0.0	0.003298774740810556	-0.0	-0.0		2122	67	7	1170
GO:0009268	response to pH	0/67	4/2122	0.0	1.0	1.0		0		Biological Process	0.0	0.001885014137606032	-0.0	-0.0		2122	67	4	1170
GO:0009271	phage shock	0/67	2/2122	0.0	1.0	1.0		0		Biological Process	0.0	0.000942507068803016	-0.0	-0.0		2122	67	2	1170
GO:0009290	DNA import into cell involved in transformation	0/67	1/2122	0.0	1.0	1.0		0		Biological Process	0.0	0.000471253534401508	-0.0	-0.0		2122	67	1	1170
GO:0009292	horizontal gene transfer	0/67	1/2122	0.0	1.0	1.0		0		Biological Process	0.0	0.000471253534401508	-0.0	-0.0		2122	67	1	1170
GO:0009294	DNA-mediated transformation	0/67	3/2122	0.0	1.0	1.0		0		Biological Process	0.0	0.001413760603204524	-0.0	-0.0		2122	67	3	1170
GO:0009298	GDP-mannose biosynthetic process	0/67	2/2122	0.0	1.0	1.0		0		Biological Process	0.0	0.000942507068803016	-0.0	-0.0		2122	67	2	1170
GO:0009306	protein secretion	0/67	11/2122	0.0	1.0	1.0		0		Biological Process	0.0	0.0051837888784165885	-0.0	-0.0		2122	67	11	1170
GO:0009311	oligosaccharide metabolic process	0/67	2/2122	0.0	1.0	1.0		0		Biological Process	0.0	0.000942507068803016	-0.0	-0.0		2122	67	2	1170
GO:0009312	oligosaccharide biosynthetic process	0/67	1/2122	0.0	1.0	1.0		0		Biological Process	0.0	0.000471253534401508	-0.0	-0.0		2122	67	1	1170
GO:0009313	oligosaccharide catabolic process	0/67	1/2122	0.0	1.0	1.0		0		Biological Process	0.0	0.000471253534401508	-0.0	-0.0		2122	67	1	1170
GO:0009314	response to radiation	0/67	12/2122	0.0	1.0	1.0		0		Biological Process	0.0	0.005655042412818096	-0.0	-0.0		2122	67	12	1170
GO:0009395	phospholipid catabolic process	0/67	1/2122	0.0	1.0	1.0		0		Biological Process	0.0	0.000471253534401508	-0.0	-0.0		2122	67	1	1170
GO:0009396	folic acid-containing compound biosynthetic process	0/67	1/2122	0.0	1.0	1.0		0		Biological Process	0.0	0.000471253534401508	-0.0	-0.0		2122	67	1	1170
GO:0009398	FMN biosynthetic process	0/67	1/2122	0.0	1.0	1.0		0		Biological Process	0.0	0.000471253534401508	-0.0	-0.0		2122	67	1	1170
GO:0009399	nitrogen fixation	0/67	1/2122	0.0	1.0	1.0		0		Biological Process	0.0	0.000471253534401508	-0.0	-0.0		2122	67	1	1170
GO:0009401	phosphoenolpyruvate-dependent sugar phosphotransferase system	0/67	48/2122	0.0	1.0	1.0		0		Biological Process	0.0	0.022620169651272386	-0.0	-0.0		2122	67	48	1170
GO:0009403	toxin biosynthetic process	0/67	1/2122	0.0	1.0	1.0		0		Biological Process	0.0	0.000471253534401508	-0.0	-0.0		2122	67	1	1170
GO:0009404	toxin metabolic process	0/67	2/2122	0.0	1.0	1.0		0		Biological Process	0.0	0.000942507068803016	-0.0	-0.0		2122	67	2	1170
GO:0009407	toxin catabolic process	0/67	1/2122	0.0	1.0	1.0		0		Biological Process	0.0	0.000471253534401508	-0.0	-0.0		2122	67	1	1170
GO:0009408	response to heat	0/67	10/2122	0.0	1.0	1.0		0		Biological Process	0.0	0.00471253534401508	-0.0	-0.0		2122	67	10	1170
GO:0009409	response to cold	0/67	2/2122	0.0	1.0	1.0		0		Biological Process	0.0	0.000942507068803016	-0.0	-0.0		2122	67	2	1170
GO:0009410	response to xenobiotic stimulus	0/67	1/2122	0.0	1.0	1.0		0		Biological Process	0.0	0.000471253534401508	-0.0	-0.0		2122	67	1	1170
GO:0009411	response to UV	0/67	3/2122	0.0	1.0	1.0		0		Biological Process	0.0	0.001413760603204524	-0.0	-0.0		2122	67	3	1170
GO:0009416	response to light stimulus	0/67	3/2122	0.0	1.0	1.0		0		Biological Process	0.0	0.001413760603204524	-0.0	-0.0		2122	67	3	1170
GO:0009423	chorismate biosynthetic process	0/67	3/2122	0.0	1.0	1.0		0		Biological Process	0.0	0.001413760603204524	-0.0	-0.0		2122	67	3	1170
GO:0009432	SOS response	0/67	15/2122	0.0	1.0	1.0		0		Biological Process	0.0	0.00706880301602262	-0.0	-0.0		2122	67	15	1170
GO:0009435	NAD biosynthetic process	0/67	7/2122	0.0	1.0	1.0		0		Biological Process	0.0	0.003298774740810556	-0.0	-0.0		2122	67	7	1170
GO:0009436	glyoxylate catabolic process	0/67	1/2122	0.0	1.0	1.0		0		Biological Process	0.0	0.000471253534401508	-0.0	-0.0		2122	67	1	1170
GO:0009437	carnitine metabolic process	0/67	9/2122	0.0	1.0	1.0		0		Biological Process	0.0	0.004241281809613572	-0.0	-0.0		2122	67	9	1170
GO:0009438	methylglyoxal metabolic process	0/67	2/2122	0.0	1.0	1.0		0		Biological Process	0.0	0.000942507068803016	-0.0	-0.0		2122	67	2	1170
GO:0009439	cyanate metabolic process	0/67	1/2122	0.0	1.0	1.0		0		Biological Process	0.0	0.000471253534401508	-0.0	-0.0		2122	67	1	1170
GO:0009443	pyridoxal 5'-phosphate salvage	0/67	2/2122	0.0	1.0	1.0		0		Biological Process	0.0	0.000942507068803016	-0.0	-0.0		2122	67	2	1170
GO:0009446	putrescine biosynthetic process	0/67	2/2122	0.0	1.0	1.0		0		Biological Process	0.0	0.000942507068803016	-0.0	-0.0		2122	67	2	1170
GO:0009447	putrescine catabolic process	0/67	1/2122	0.0	1.0	1.0		0		Biological Process	0.0	0.000471253534401508	-0.0	-0.0		2122	67	1	1170
GO:0009448	gamma-aminobutyric acid metabolic process	0/67	2/2122	0.0	1.0	1.0		0		Biological Process	0.0	0.000942507068803016	-0.0	-0.0		2122	67	2	1170
GO:0009450	gamma-aminobutyric acid catabolic process	0/67	2/2122	0.0	1.0	1.0		0		Biological Process	0.0	0.000942507068803016	-0.0	-0.0		2122	67	2	1170
GO:0009451	RNA modification	0/67	1/2122	0.0	1.0	1.0		0		Biological Process	0.0	0.000471253534401508	-0.0	-0.0		2122	67	1	1170
GO:0009605	response to external stimulus	0/67	12/2122	0.0	1.0	1.0		0		Biological Process	0.0	0.005655042412818096	-0.0	-0.0		2122	67	12	1170
GO:0009607	response to biotic stimulus	0/67	2/2122	0.0	1.0	1.0		0		Biological Process	0.0	0.000942507068803016	-0.0	-0.0		2122	67	2	1170
GO:0009615	response to virus	0/67	1/2122	0.0	1.0	1.0		0		Biological Process	0.0	0.000471253534401508	-0.0	-0.0		2122	67	1	1170
GO:0009628	response to abiotic stimulus	0/67	21/2122	0.0	1.0	1.0		0		Biological Process	0.0	0.009896324222431668	-0.0	-0.0		2122	67	21	1170
GO:0009653	anatomical structure morphogenesis	0/67	1/2122	0.0	1.0	1.0		0		Biological Process	0.0	0.000471253534401508	-0.0	-0.0		2122	67	1	1170
GO:0009750	response to fructose	0/67	1/2122	0.0	1.0	1.0		0		Biological Process	0.0	0.000471253534401508	-0.0	-0.0		2122	67	1	1170
GO:0009820	alkaloid metabolic process	0/67	1/2122	0.0	1.0	1.0		0		Biological Process	0.0	0.000471253534401508	-0.0	-0.0		2122	67	1	1170
GO:0009850	auxin metabolic process	0/67	1/2122	0.0	1.0	1.0		0		Biological Process	0.0	0.000471253534401508	-0.0	-0.0		2122	67	1	1170
GO:0009852	auxin catabolic process	0/67	1/2122	0.0	1.0	1.0		0		Biological Process	0.0	0.000471253534401508	-0.0	-0.0		2122	67	1	1170
GO:0009889	regulation of biosynthetic process	0/67	11/2122	0.0	1.0	1.0		0		Biological Process	0.0	0.0051837888784165885	-0.0	-0.0		2122	67	11	1170
GO:0009890	negative regulation of biosynthetic process	0/67	3/2122	0.0	1.0	1.0		0		Biological Process	0.0	0.001413760603204524	-0.0	-0.0		2122	67	3	1170
GO:0009891	positive regulation of biosynthetic process	0/67	2/2122	0.0	1.0	1.0		0		Biological Process	0.0	0.000942507068803016	-0.0	-0.0		2122	67	2	1170
GO:0009892	negative regulation of metabolic process	0/67	4/2122	0.0	1.0	1.0		0		Biological Process	0.0	0.001885014137606032	-0.0	-0.0		2122	67	4	1170
GO:0009893	positive regulation of metabolic process	0/67	3/2122	0.0	1.0	1.0		0		Biological Process	0.0	0.001413760603204524	-0.0	-0.0		2122	67	3	1170
GO:0009991	response to extracellular stimulus	0/67	10/2122	0.0	1.0	1.0		0		Biological Process	0.0	0.00471253534401508	-0.0	-0.0		2122	67	10	1170
GO:0010033	response to organic substance	0/67	5/2122	0.0	1.0	1.0		0		Biological Process	0.0	0.00235626767200754	-0.0	-0.0		2122	67	5	1170
GO:0010045	response to nickel cation	0/67	2/2122	0.0	1.0	1.0		0		Biological Process	0.0	0.000942507068803016	-0.0	-0.0		2122	67	2	1170
GO:0010124	phenylacetate catabolic process	0/67	8/2122	0.0	1.0	1.0		0		Biological Process	0.0	0.003770028275212064	-0.0	-0.0		2122	67	8	1170
GO:0010165	response to X-ray	0/67	1/2122	0.0	1.0	1.0		0		Biological Process	0.0	0.000471253534401508	-0.0	-0.0		2122	67	1	1170
GO:0010212	response to ionizing radiation	0/67	4/2122	0.0	1.0	1.0		0		Biological Process	0.0	0.001885014137606032	-0.0	-0.0		2122	67	4	1170
GO:0010243	response to organonitrogen compound	0/67	3/2122	0.0	1.0	1.0		0		Biological Process	0.0	0.001413760603204524	-0.0	-0.0		2122	67	3	1170
GO:0010438	cellular response to sulfur starvation	0/67	6/2122	0.0	1.0	1.0		0		Biological Process	0.0	0.002827521206409048	-0.0	-0.0		2122	67	6	1170
GO:0010447	response to acidic pH	0/67	3/2122	0.0	1.0	1.0		0		Biological Process	0.0	0.001413760603204524	-0.0	-0.0		2122	67	3	1170
GO:0010467	gene expression	0/67	9/2122	0.0	1.0	1.0		0		Biological Process	0.0	0.004241281809613572	-0.0	-0.0		2122	67	9	1170
GO:0010468	regulation of gene expression	0/67	18/2122	0.0	1.0	1.0		0		Biological Process	0.0	0.008482563619227144	-0.0	-0.0		2122	67	18	1170
GO:0010556	regulation of macromolecule biosynthetic process	0/67	11/2122	0.0	1.0	1.0		0		Biological Process	0.0	0.0051837888784165885	-0.0	-0.0		2122	67	11	1170
GO:0010557	positive regulation of macromolecule biosynthetic process	0/67	2/2122	0.0	1.0	1.0		0		Biological Process	0.0	0.000942507068803016	-0.0	-0.0		2122	67	2	1170
GO:0010558	negative regulation of macromolecule biosynthetic process	0/67	3/2122	0.0	1.0	1.0		0		Biological Process	0.0	0.001413760603204524	-0.0	-0.0		2122	67	3	1170
GO:0010604	positive regulation of macromolecule metabolic process	0/67	3/2122	0.0	1.0	1.0		0		Biological Process	0.0	0.001413760603204524	-0.0	-0.0		2122	67	3	1170
GO:0010605	negative regulation of macromolecule metabolic process	0/67	4/2122	0.0	1.0	1.0		0		Biological Process	0.0	0.001885014137606032	-0.0	-0.0		2122	67	4	1170
GO:0010608	post-transcriptional regulation of gene expression	0/67	1/2122	0.0	1.0	1.0		0		Biological Process	0.0	0.000471253534401508	-0.0	-0.0		2122	67	1	1170
GO:0010628	positive regulation of gene expression	0/67	3/2122	0.0	1.0	1.0		0		Biological Process	0.0	0.001413760603204524	-0.0	-0.0		2122	67	3	1170
GO:0010629	negative regulation of gene expression	0/67	4/2122	0.0	1.0	1.0		0		Biological Process	0.0	0.001885014137606032	-0.0	-0.0		2122	67	4	1170
GO:0010639	negative regulation of organelle organization	0/67	1/2122	0.0	1.0	1.0		0		Biological Process	0.0	0.000471253534401508	-0.0	-0.0		2122	67	1	1170
GO:0010795	regulation of ubiquinone biosynthetic process	0/67	1/2122	0.0	1.0	1.0		0		Biological Process	0.0	0.000471253534401508	-0.0	-0.0		2122	67	1	1170
GO:0010810	regulation of cell-substrate adhesion	0/67	1/2122	0.0	1.0	1.0		0		Biological Process	0.0	0.000471253534401508	-0.0	-0.0		2122	67	1	1170
GO:0010817	regulation of hormone levels	0/67	1/2122	0.0	1.0	1.0		0		Biological Process	0.0	0.000471253534401508	-0.0	-0.0		2122	67	1	1170
GO:0010974	negative regulation of division septum assembly	0/67	1/2122	0.0	1.0	1.0		0		Biological Process	0.0	0.000471253534401508	-0.0	-0.0		2122	67	1	1170
GO:0012501	programmed cell death	0/67	2/2122	0.0	1.0	1.0		0		Biological Process	0.0	0.000942507068803016	-0.0	-0.0		2122	67	2	1170
GO:0015031	protein transport	0/67	13/2122	0.0	1.0	1.0		0		Biological Process	0.0	0.006126295947219604	-0.0	-0.0		2122	67	13	1170
GO:0015672	inorganic cation transmembrane transport	0/67	2/2122	0.0	1.0	1.0		0		Biological Process	0.0	0.000942507068803016	-0.0	-0.0		2122	67	2	1170
GO:0015675	nickel cation transport	0/67	1/2122	0.0	1.0	1.0		0		Biological Process	0.0	0.000471253534401508	-0.0	-0.0		2122	67	1	1170
GO:0015682	iron ion transport	0/67	1/2122	0.0	1.0	1.0		0		Biological Process	0.0	0.000471253534401508	-0.0	-0.0		2122	67	1	1170
GO:0015684	iron ion transport	0/67	1/2122	0.0	1.0	1.0		0		Biological Process	0.0	0.000471253534401508	-0.0	-0.0		2122	67	1	1170
GO:0015685	ferric-enterobactin import into cell	0/67	1/2122	0.0	1.0	1.0		0		Biological Process	0.0	0.000471253534401508	-0.0	-0.0		2122	67	1	1170
GO:0015688	siderophore-dependent iron import into cell	0/67	1/2122	0.0	1.0	1.0		0		Biological Process	0.0	0.000471253534401508	-0.0	-0.0		2122	67	1	1170
GO:0015689	molybdate ion transport	0/67	2/2122	0.0	1.0	1.0		0		Biological Process	0.0	0.000942507068803016	-0.0	-0.0		2122	67	2	1170
GO:0015695	organic cation transport	0/67	1/2122	0.0	1.0	1.0		0		Biological Process	0.0	0.000471253534401508	-0.0	-0.0		2122	67	1	1170
GO:0015696	ammonium transmembrane transport	0/67	1/2122	0.0	1.0	1.0		0		Biological Process	0.0	0.000471253534401508	-0.0	-0.0		2122	67	1	1170
GO:0015711	organic anion transport	0/67	2/2122	0.0	1.0	1.0		0		Biological Process	0.0	0.000942507068803016	-0.0	-0.0		2122	67	2	1170
GO:0015716	organic phosphonate transport	0/67	2/2122	0.0	1.0	1.0		0		Biological Process	0.0	0.000942507068803016	-0.0	-0.0		2122	67	2	1170
GO:0015753	D-xylose transmembrane transport	0/67	1/2122	0.0	1.0	1.0		0		Biological Process	0.0	0.000471253534401508	-0.0	-0.0		2122	67	1	1170
GO:0015766	disaccharide transport	0/67	1/2122	0.0	1.0	1.0		0		Biological Process	0.0	0.000471253534401508	-0.0	-0.0		2122	67	1	1170
GO:0015768	maltose transport	0/67	1/2122	0.0	1.0	1.0		0		Biological Process	0.0	0.000471253534401508	-0.0	-0.0		2122	67	1	1170
GO:0015772	oligosaccharide transport	0/67	1/2122	0.0	1.0	1.0		0		Biological Process	0.0	0.000471253534401508	-0.0	-0.0		2122	67	1	1170
GO:0015794	glycerol-3-phosphate transmembrane transport	0/67	1/2122	0.0	1.0	1.0		0		Biological Process	0.0	0.000471253534401508	-0.0	-0.0		2122	67	1	1170
GO:0015802	basic amino acid transport	0/67	1/2122	0.0	1.0	1.0		0		Biological Process	0.0	0.000471253534401508	-0.0	-0.0		2122	67	1	1170
GO:0015807	L-amino acid transport	0/67	1/2122	0.0	1.0	1.0		0		Biological Process	0.0	0.000471253534401508	-0.0	-0.0		2122	67	1	1170
GO:0015813	L-glutamate transmembrane transport	0/67	2/2122	0.0	1.0	1.0		0		Biological Process	0.0	0.000942507068803016	-0.0	-0.0		2122	67	2	1170
GO:0015824	proline transport	0/67	1/2122	0.0	1.0	1.0		0		Biological Process	0.0	0.000471253534401508	-0.0	-0.0		2122	67	1	1170
GO:0015833	peptide transport	0/67	9/2122	0.0	1.0	1.0		0		Biological Process	0.0	0.004241281809613572	-0.0	-0.0		2122	67	9	1170
GO:0015839	cadaverine transport	0/67	1/2122	0.0	1.0	1.0		0		Biological Process	0.0	0.000471253534401508	-0.0	-0.0		2122	67	1	1170
GO:0015846	polyamine transport	0/67	2/2122	0.0	1.0	1.0		0		Biological Process	0.0	0.000942507068803016	-0.0	-0.0		2122	67	2	1170
GO:0015849	organic acid transport	0/67	1/2122	0.0	1.0	1.0		0		Biological Process	0.0	0.000471253534401508	-0.0	-0.0		2122	67	1	1170
GO:0015850	organic hydroxy compound transport	0/67	1/2122	0.0	1.0	1.0		0		Biological Process	0.0	0.000471253534401508	-0.0	-0.0		2122	67	1	1170
GO:0015886	heme transport	0/67	1/2122	0.0	1.0	1.0		0		Biological Process	0.0	0.000471253534401508	-0.0	-0.0		2122	67	1	1170
GO:0015888	thiamine transport	0/67	2/2122	0.0	1.0	1.0		0		Biological Process	0.0	0.000942507068803016	-0.0	-0.0		2122	67	2	1170
GO:0015889	cobalamin transport	0/67	2/2122	0.0	1.0	1.0		0		Biological Process	0.0	0.000942507068803016	-0.0	-0.0		2122	67	2	1170
GO:0015891	siderophore transport	0/67	1/2122	0.0	1.0	1.0		0		Biological Process	0.0	0.000471253534401508	-0.0	-0.0		2122	67	1	1170
GO:0015893	xenobiotic transport	0/67	1/2122	0.0	1.0	1.0		0		Biological Process	0.0	0.000471253534401508	-0.0	-0.0		2122	67	1	1170
GO:0015914	phospholipid transport	0/67	1/2122	0.0	1.0	1.0		0		Biological Process	0.0	0.000471253534401508	-0.0	-0.0		2122	67	1	1170
GO:0015920	lipopolysaccharide transport	0/67	1/2122	0.0	1.0	1.0		0		Biological Process	0.0	0.000471253534401508	-0.0	-0.0		2122	67	1	1170
GO:0015931	nucleobase-containing compound transport	0/67	1/2122	0.0	1.0	1.0		0		Biological Process	0.0	0.000471253534401508	-0.0	-0.0		2122	67	1	1170
GO:0015937	coenzyme A biosynthetic process	0/67	4/2122	0.0	1.0	1.0		0		Biological Process	0.0	0.001885014137606032	-0.0	-0.0		2122	67	4	1170
GO:0015940	pantothenate biosynthetic process	0/67	5/2122	0.0	1.0	1.0		0		Biological Process	0.0	0.00235626767200754	-0.0	-0.0		2122	67	5	1170
GO:0015941	pantothenate catabolic process	0/67	1/2122	0.0	1.0	1.0		0		Biological Process	0.0	0.000471253534401508	-0.0	-0.0		2122	67	1	1170
GO:0015942	formate metabolic process	0/67	2/2122	0.0	1.0	1.0		0		Biological Process	0.0	0.000942507068803016	-0.0	-0.0		2122	67	2	1170
GO:0015944	formate oxidation	0/67	1/2122	0.0	1.0	1.0		0		Biological Process	0.0	0.000471253534401508	-0.0	-0.0		2122	67	1	1170
GO:0015949	nucleobase-containing small molecule interconversion	0/67	1/2122	0.0	1.0	1.0		0		Biological Process	0.0	0.000471253534401508	-0.0	-0.0		2122	67	1	1170
GO:0015969	guanosine tetraphosphate metabolic process	0/67	2/2122	0.0	1.0	1.0		0		Biological Process	0.0	0.000942507068803016	-0.0	-0.0		2122	67	2	1170
GO:0015970	guanosine tetraphosphate biosynthetic process	0/67	1/2122	0.0	1.0	1.0		0		Biological Process	0.0	0.000471253534401508	-0.0	-0.0		2122	67	1	1170
GO:0015974	guanosine pentaphosphate catabolic process	0/67	1/2122	0.0	1.0	1.0		0		Biological Process	0.0	0.000471253534401508	-0.0	-0.0		2122	67	1	1170
GO:0015976	carbon utilization	0/67	4/2122	0.0	1.0	1.0		0		Biological Process	0.0	0.001885014137606032	-0.0	-0.0		2122	67	4	1170
GO:0015977	carbon fixation	0/67	1/2122	0.0	1.0	1.0		0		Biological Process	0.0	0.000471253534401508	-0.0	-0.0		2122	67	1	1170
GO:0015980	energy derivation by oxidation of organic compounds	0/67	4/2122	0.0	1.0	1.0		0		Biological Process	0.0	0.001885014137606032	-0.0	-0.0		2122	67	4	1170
GO:0015990	electron transport coupled proton transport	0/67	1/2122	0.0	1.0	1.0		0		Biological Process	0.0	0.000471253534401508	-0.0	-0.0		2122	67	1	1170
GO:0016036	cellular response to phosphate starvation	0/67	1/2122	0.0	1.0	1.0		0		Biological Process	0.0	0.000471253534401508	-0.0	-0.0		2122	67	1	1170
GO:0016042	lipid catabolic process	0/67	5/2122	0.0	1.0	1.0		0		Biological Process	0.0	0.00235626767200754	-0.0	-0.0		2122	67	5	1170
GO:0016043	cellular component organization	0/67	12/2122	0.0	1.0	1.0		0		Biological Process	0.0	0.005655042412818096	-0.0	-0.0		2122	67	12	1170
GO:0016051	carbohydrate biosynthetic process	0/67	10/2122	0.0	1.0	1.0		0		Biological Process	0.0	0.00471253534401508	-0.0	-0.0		2122	67	10	1170
GO:0016052	carbohydrate catabolic process	0/67	3/2122	0.0	1.0	1.0		0		Biological Process	0.0	0.001413760603204524	-0.0	-0.0		2122	67	3	1170
GO:0016053	organic acid biosynthetic process	0/67	3/2122	0.0	1.0	1.0		0		Biological Process	0.0	0.001413760603204524	-0.0	-0.0		2122	67	3	1170
GO:0016054	organic acid catabolic process	0/67	6/2122	0.0	1.0	1.0		0		Biological Process	0.0	0.002827521206409048	-0.0	-0.0		2122	67	6	1170
GO:0016070	RNA metabolic process	0/67	6/2122	0.0	1.0	1.0		0		Biological Process	0.0	0.002827521206409048	-0.0	-0.0		2122	67	6	1170
GO:0016072	rRNA metabolic process	0/67	1/2122	0.0	1.0	1.0		0		Biological Process	0.0	0.000471253534401508	-0.0	-0.0		2122	67	1	1170
GO:0016075	rRNA catabolic process	0/67	2/2122	0.0	1.0	1.0		0		Biological Process	0.0	0.000942507068803016	-0.0	-0.0		2122	67	2	1170
GO:0016114	terpenoid biosynthetic process	0/67	5/2122	0.0	1.0	1.0		0		Biological Process	0.0	0.00235626767200754	-0.0	-0.0		2122	67	5	1170
GO:0016260	selenocysteine biosynthetic process	0/67	2/2122	0.0	1.0	1.0		0		Biological Process	0.0	0.000942507068803016	-0.0	-0.0		2122	67	2	1170
GO:0016310	phosphorylation	0/67	87/2122	0.0	1.0	1.0		0		Biological Process	0.0	0.040999057492931194	-0.0	-0.0		2122	67	87	1170
GO:0016311	dephosphorylation	0/67	2/2122	0.0	1.0	1.0		0		Biological Process	0.0	0.000942507068803016	-0.0	-0.0		2122	67	2	1170
GO:0016485	protein processing	0/67	3/2122	0.0	1.0	1.0		0		Biological Process	0.0	0.001413760603204524	-0.0	-0.0		2122	67	3	1170
GO:0016540	protein autoprocessing	0/67	1/2122	0.0	1.0	1.0		0		Biological Process	0.0	0.000471253534401508	-0.0	-0.0		2122	67	1	1170
GO:0016998	cell wall macromolecule catabolic process	0/67	6/2122	0.0	1.0	1.0		0		Biological Process	0.0	0.002827521206409048	-0.0	-0.0		2122	67	6	1170
GO:0016999	antibiotic metabolic process	0/67	3/2122	0.0	1.0	1.0		0		Biological Process	0.0	0.001413760603204524	-0.0	-0.0		2122	67	3	1170
GO:0017000	antibiotic biosynthetic process	0/67	1/2122	0.0	1.0	1.0		0		Biological Process	0.0	0.000471253534401508	-0.0	-0.0		2122	67	1	1170
GO:0017001	antibiotic catabolic process	0/67	3/2122	0.0	1.0	1.0		0		Biological Process	0.0	0.001413760603204524	-0.0	-0.0		2122	67	3	1170
GO:0017003	protein-heme linkage	0/67	1/2122	0.0	1.0	1.0		0		Biological Process	0.0	0.000471253534401508	-0.0	-0.0		2122	67	1	1170
GO:0017004	cytochrome complex assembly	0/67	9/2122	0.0	1.0	1.0		0		Biological Process	0.0	0.004241281809613572	-0.0	-0.0		2122	67	9	1170
GO:0017013	protein flavinylation	0/67	2/2122	0.0	1.0	1.0		0		Biological Process	0.0	0.000942507068803016	-0.0	-0.0		2122	67	2	1170
GO:0017038	protein import	0/67	1/2122	0.0	1.0	1.0		0		Biological Process	0.0	0.000471253534401508	-0.0	-0.0		2122	67	1	1170
GO:0017144	xenobiotic metabolic process	0/67	4/2122	0.0	1.0	1.0		0		Biological Process	0.0	0.001885014137606032	-0.0	-0.0		2122	67	4	1170
GO:0017189	N-terminal peptidyl-alanine acetylation	0/67	1/2122	0.0	1.0	1.0		0		Biological Process	0.0	0.000471253534401508	-0.0	-0.0		2122	67	1	1170
GO:0018117	protein adenylylation	0/67	1/2122	0.0	1.0	1.0		0		Biological Process	0.0	0.000471253534401508	-0.0	-0.0		2122	67	1	1170
GO:0018130	heterocycle biosynthetic process	0/67	8/2122	0.0	1.0	1.0		0		Biological Process	0.0	0.003770028275212064	-0.0	-0.0		2122	67	8	1170
GO:0018175	protein nucleotidylation	0/67	1/2122	0.0	1.0	1.0		0		Biological Process	0.0	0.000471253534401508	-0.0	-0.0		2122	67	1	1170
GO:0018193	peptidyl-amino acid modification	0/67	2/2122	0.0	1.0	1.0		0		Biological Process	0.0	0.000942507068803016	-0.0	-0.0		2122	67	2	1170
GO:0018197	peptidyl-aspartic acid modification	0/67	1/2122	0.0	1.0	1.0		0		Biological Process	0.0	0.000471253534401508	-0.0	-0.0		2122	67	1	1170
GO:0018198	peptidyl-cysteine modification	0/67	1/2122	0.0	1.0	1.0		0		Biological Process	0.0	0.000471253534401508	-0.0	-0.0		2122	67	1	1170
GO:0018208	peptidyl-proline modification	0/67	1/2122	0.0	1.0	1.0		0		Biological Process	0.0	0.000471253534401508	-0.0	-0.0		2122	67	1	1170
GO:0018277	protein deamination	0/67	1/2122	0.0	1.0	1.0		0		Biological Process	0.0	0.000471253534401508	-0.0	-0.0		2122	67	1	1170
GO:0018293	protein-FAD linkage	0/67	1/2122	0.0	1.0	1.0		0		Biological Process	0.0	0.000471253534401508	-0.0	-0.0		2122	67	1	1170
GO:0018339	peptidyl-L-beta-methylthioaspartic acid biosynthetic process from peptidyl-aspartic acid	0/67	2/2122	0.0	1.0	1.0		0		Biological Process	0.0	0.000942507068803016	-0.0	-0.0		2122	67	2	1170
GO:0018364	peptidyl-glutamine methylation	0/67	2/2122	0.0	1.0	1.0		0		Biological Process	0.0	0.000942507068803016	-0.0	-0.0		2122	67	2	1170
GO:0018410	C-terminal protein amino acid modification	0/67	1/2122	0.0	1.0	1.0		0		Biological Process	0.0	0.000471253534401508	-0.0	-0.0		2122	67	1	1170
GO:0018909	dodecyl sulfate metabolic process	0/67	1/2122	0.0	1.0	1.0		0		Biological Process	0.0	0.000471253534401508	-0.0	-0.0		2122	67	1	1170
GO:0019062	virion attachment to host cell	0/67	1/2122	0.0	1.0	1.0		0		Biological Process	0.0	0.000471253534401508	-0.0	-0.0		2122	67	1	1170
GO:0019069	viral capsid assembly	0/67	4/2122	0.0	1.0	1.0		0		Biological Process	0.0	0.001885014137606032	-0.0	-0.0		2122	67	4	1170
GO:0019076	viral release from host cell	0/67	1/2122	0.0	1.0	1.0		0		Biological Process	0.0	0.000471253534401508	-0.0	-0.0		2122	67	1	1170
GO:0019219	regulation of nucleobase-containing compound metabolic process	0/67	11/2122	0.0	1.0	1.0		0		Biological Process	0.0	0.0051837888784165885	-0.0	-0.0		2122	67	11	1170
GO:0019222	regulation of metabolic process	0/67	14/2122	0.0	1.0	1.0		0		Biological Process	0.0	0.006597549481621112	-0.0	-0.0		2122	67	14	1170
GO:0019242	methylglyoxal biosynthetic process	0/67	2/2122	0.0	1.0	1.0		0		Biological Process	0.0	0.000942507068803016	-0.0	-0.0		2122	67	2	1170
GO:0019243	methylglyoxal catabolic process to D-lactate via S-lactoyl-glutathione	0/67	1/2122	0.0	1.0	1.0		0		Biological Process	0.0	0.000471253534401508	-0.0	-0.0		2122	67	1	1170
GO:0019249	lactate biosynthetic process	0/67	1/2122	0.0	1.0	1.0		0		Biological Process	0.0	0.000471253534401508	-0.0	-0.0		2122	67	1	1170
GO:0019264	glycine biosynthetic process from serine	0/67	2/2122	0.0	1.0	1.0		0		Biological Process	0.0	0.000942507068803016	-0.0	-0.0		2122	67	2	1170
GO:0019277	UDP-N-acetylgalactosamine biosynthetic process	0/67	1/2122	0.0	1.0	1.0		0		Biological Process	0.0	0.000471253534401508	-0.0	-0.0		2122	67	1	1170
GO:0019281	L-methionine biosynthetic process from homoserine via O-succinyl-L-homoserine and cystathionine	0/67	1/2122	0.0	1.0	1.0		0		Biological Process	0.0	0.000471253534401508	-0.0	-0.0		2122	67	1	1170
GO:0019284	L-methionine salvage from S-adenosylmethionine	0/67	1/2122	0.0	1.0	1.0		0		Biological Process	0.0	0.000471253534401508	-0.0	-0.0		2122	67	1	1170
GO:0019285	glycine betaine biosynthetic process from choline	0/67	3/2122	0.0	1.0	1.0		0		Biological Process	0.0	0.001413760603204524	-0.0	-0.0		2122	67	3	1170
GO:0019288	isopentenyl diphosphate biosynthetic process, methylerythritol 4-phosphate pathway	0/67	2/2122	0.0	1.0	1.0		0		Biological Process	0.0	0.000942507068803016	-0.0	-0.0		2122	67	2	1170
GO:0019290	siderophore biosynthetic process	0/67	1/2122	0.0	1.0	1.0		0		Biological Process	0.0	0.000471253534401508	-0.0	-0.0		2122	67	1	1170
GO:0019294	keto-3-deoxy-D-manno-octulosonic acid biosynthetic process	0/67	1/2122	0.0	1.0	1.0		0		Biological Process	0.0	0.000471253534401508	-0.0	-0.0		2122	67	1	1170
GO:0019299	rhamnose metabolic process	0/67	3/2122	0.0	1.0	1.0		0		Biological Process	0.0	0.001413760603204524	-0.0	-0.0		2122	67	3	1170
GO:0019301	rhamnose catabolic process	0/67	3/2122	0.0	1.0	1.0		0		Biological Process	0.0	0.001413760603204524	-0.0	-0.0		2122	67	3	1170
GO:0019303	D-ribose catabolic process	0/67	1/2122	0.0	1.0	1.0		0		Biological Process	0.0	0.000471253534401508	-0.0	-0.0		2122	67	1	1170
GO:0019316	D-allose catabolic process	0/67	2/2122	0.0	1.0	1.0		0		Biological Process	0.0	0.000942507068803016	-0.0	-0.0		2122	67	2	1170
GO:0019323	pentose catabolic process	0/67	1/2122	0.0	1.0	1.0		0		Biological Process	0.0	0.000471253534401508	-0.0	-0.0		2122	67	1	1170
GO:0019333	denitrification pathway	0/67	1/2122	0.0	1.0	1.0		0		Biological Process	0.0	0.000471253534401508	-0.0	-0.0		2122	67	1	1170
GO:0019344	cysteine biosynthetic process	0/67	1/2122	0.0	1.0	1.0		0		Biological Process	0.0	0.000471253534401508	-0.0	-0.0		2122	67	1	1170
GO:0019346	transsulfuration	0/67	2/2122	0.0	1.0	1.0		0		Biological Process	0.0	0.000942507068803016	-0.0	-0.0		2122	67	2	1170
GO:0019354	siroheme biosynthetic process	0/67	1/2122	0.0	1.0	1.0		0		Biological Process	0.0	0.000471253534401508	-0.0	-0.0		2122	67	1	1170
GO:0019362	pyridine nucleotide metabolic process	0/67	1/2122	0.0	1.0	1.0		0		Biological Process	0.0	0.000471253534401508	-0.0	-0.0		2122	67	1	1170
GO:0019363	pyridine nucleotide biosynthetic process	0/67	1/2122	0.0	1.0	1.0		0		Biological Process	0.0	0.000471253534401508	-0.0	-0.0		2122	67	1	1170
GO:0019365	pyridine nucleotide salvage	0/67	1/2122	0.0	1.0	1.0		0		Biological Process	0.0	0.000471253534401508	-0.0	-0.0		2122	67	1	1170
GO:0019379	sulfate assimilation, phosphoadenylyl sulfate reduction by phosphoadenylyl-sulfate reductase (thioredoxin)	0/67	1/2122	0.0	1.0	1.0		0		Biological Process	0.0	0.000471253534401508	-0.0	-0.0		2122	67	1	1170
GO:0019380	3-phenylpropionate catabolic process	0/67	3/2122	0.0	1.0	1.0		0		Biological Process	0.0	0.001413760603204524	-0.0	-0.0		2122	67	3	1170
GO:0019394	glucarate catabolic process	0/67	1/2122	0.0	1.0	1.0		0		Biological Process	0.0	0.000471253534401508	-0.0	-0.0		2122	67	1	1170
GO:0019430	removal of superoxide radicals	0/67	1/2122	0.0	1.0	1.0		0		Biological Process	0.0	0.000471253534401508	-0.0	-0.0		2122	67	1	1170
GO:0019438	aromatic compound biosynthetic process	0/67	8/2122	0.0	1.0	1.0		0		Biological Process	0.0	0.003770028275212064	-0.0	-0.0		2122	67	8	1170
GO:0019439	aromatic compound catabolic process	0/67	16/2122	0.0	1.0	1.0		0		Biological Process	0.0	0.007540056550424128	-0.0	-0.0		2122	67	16	1170
GO:0019448	L-cysteine catabolic process	0/67	1/2122	0.0	1.0	1.0		0		Biological Process	0.0	0.000471253534401508	-0.0	-0.0		2122	67	1	1170
GO:0019450	L-cysteine catabolic process to pyruvate	0/67	1/2122	0.0	1.0	1.0		0		Biological Process	0.0	0.000471253534401508	-0.0	-0.0		2122	67	1	1170
GO:0019464	glycine decarboxylation via glycine cleavage system	0/67	4/2122	0.0	1.0	1.0		0		Biological Process	0.0	0.001885014137606032	-0.0	-0.0		2122	67	4	1170
GO:0019477	L-lysine catabolic process	0/67	3/2122	0.0	1.0	1.0		0		Biological Process	0.0	0.001413760603204524	-0.0	-0.0		2122	67	3	1170
GO:0019478	D-amino acid catabolic process	0/67	1/2122	0.0	1.0	1.0		0		Biological Process	0.0	0.000471253534401508	-0.0	-0.0		2122	67	1	1170
GO:0019509	L-methionine salvage from methylthioadenosine	0/67	1/2122	0.0	1.0	1.0		0		Biological Process	0.0	0.000471253534401508	-0.0	-0.0		2122	67	1	1170
GO:0019516	lactate oxidation	0/67	3/2122	0.0	1.0	1.0		0		Biological Process	0.0	0.001413760603204524	-0.0	-0.0		2122	67	3	1170
GO:0019518	L-threonine catabolic process to glycine	0/67	1/2122	0.0	1.0	1.0		0		Biological Process	0.0	0.000471253534401508	-0.0	-0.0		2122	67	1	1170
GO:0019521	D-gluconate metabolic process	0/67	1/2122	0.0	1.0	1.0		0		Biological Process	0.0	0.000471253534401508	-0.0	-0.0		2122	67	1	1170
GO:0019538	protein metabolic process	0/67	12/2122	0.0	1.0	1.0		0		Biological Process	0.0	0.005655042412818096	-0.0	-0.0		2122	67	12	1170
GO:0019544	arginine catabolic process to glutamate	0/67	5/2122	0.0	1.0	1.0		0		Biological Process	0.0	0.00235626767200754	-0.0	-0.0		2122	67	5	1170
GO:0019545	arginine catabolic process to succinate	0/67	3/2122	0.0	1.0	1.0		0		Biological Process	0.0	0.001413760603204524	-0.0	-0.0		2122	67	3	1170
GO:0019568	arabinose catabolic process	0/67	1/2122	0.0	1.0	1.0		0		Biological Process	0.0	0.000471253534401508	-0.0	-0.0		2122	67	1	1170
GO:0019569	L-arabinose catabolic process to xylulose 5-phosphate	0/67	3/2122	0.0	1.0	1.0		0		Biological Process	0.0	0.001413760603204524	-0.0	-0.0		2122	67	3	1170
GO:0019586	galacturonate metabolic process	0/67	1/2122	0.0	1.0	1.0		0		Biological Process	0.0	0.000471253534401508	-0.0	-0.0		2122	67	1	1170
GO:0019594	mannitol metabolic process	0/67	5/2122	0.0	1.0	1.0		0		Biological Process	0.0	0.00235626767200754	-0.0	-0.0		2122	67	5	1170
GO:0019619	3,4-dihydroxybenzoate catabolic process	0/67	1/2122	0.0	1.0	1.0		0		Biological Process	0.0	0.000471253534401508	-0.0	-0.0		2122	67	1	1170
GO:0019622	3-(3-hydroxy)phenylpropionate catabolic process	0/67	1/2122	0.0	1.0	1.0		0		Biological Process	0.0	0.000471253534401508	-0.0	-0.0		2122	67	1	1170
GO:0019629	propionate catabolic process, 2-methylcitrate cycle	0/67	3/2122	0.0	1.0	1.0		0		Biological Process	0.0	0.001413760603204524	-0.0	-0.0		2122	67	3	1170
GO:0019632	shikimate metabolic process	0/67	1/2122	0.0	1.0	1.0		0		Biological Process	0.0	0.000471253534401508	-0.0	-0.0		2122	67	1	1170
GO:0019634	organic phosphonate metabolic process	0/67	3/2122	0.0	1.0	1.0		0		Biological Process	0.0	0.001413760603204524	-0.0	-0.0		2122	67	3	1170
GO:0019637	organophosphate metabolic process	0/67	3/2122	0.0	1.0	1.0		0		Biological Process	0.0	0.001413760603204524	-0.0	-0.0		2122	67	3	1170
GO:0019645	anaerobic electron transport chain	0/67	3/2122	0.0	1.0	1.0		0		Biological Process	0.0	0.001413760603204524	-0.0	-0.0		2122	67	3	1170
GO:0019646	aerobic electron transport chain	0/67	2/2122	0.0	1.0	1.0		0		Biological Process	0.0	0.000942507068803016	-0.0	-0.0		2122	67	2	1170
GO:0019673	GDP-mannose metabolic process	0/67	1/2122	0.0	1.0	1.0		0		Biological Process	0.0	0.000471253534401508	-0.0	-0.0		2122	67	1	1170
GO:0019674	NAD metabolic process	0/67	1/2122	0.0	1.0	1.0		0		Biological Process	0.0	0.000471253534401508	-0.0	-0.0		2122	67	1	1170
GO:0019679	propionate metabolic process, methylcitrate cycle	0/67	2/2122	0.0	1.0	1.0		0		Biological Process	0.0	0.000942507068803016	-0.0	-0.0		2122	67	2	1170
GO:0019700	organic phosphonate catabolic process	0/67	3/2122	0.0	1.0	1.0		0		Biological Process	0.0	0.001413760603204524	-0.0	-0.0		2122	67	3	1170
GO:0019725	cellular homeostasis	0/67	2/2122	0.0	1.0	1.0		0		Biological Process	0.0	0.000942507068803016	-0.0	-0.0		2122	67	2	1170
GO:0019740	nitrogen utilization	0/67	4/2122	0.0	1.0	1.0		0		Biological Process	0.0	0.001885014137606032	-0.0	-0.0		2122	67	4	1170
GO:0019748	secondary metabolic process	0/67	2/2122	0.0	1.0	1.0		0		Biological Process	0.0	0.000942507068803016	-0.0	-0.0		2122	67	2	1170
GO:0019752	carboxylic acid metabolic process	0/67	9/2122	0.0	1.0	1.0		0		Biological Process	0.0	0.004241281809613572	-0.0	-0.0		2122	67	9	1170
GO:0019835	cytolysis	0/67	5/2122	0.0	1.0	1.0		0		Biological Process	0.0	0.00235626767200754	-0.0	-0.0		2122	67	5	1170
GO:0019853	L-ascorbic acid biosynthetic process	0/67	2/2122	0.0	1.0	1.0		0		Biological Process	0.0	0.000942507068803016	-0.0	-0.0		2122	67	2	1170
GO:0019854	L-ascorbic acid catabolic process	0/67	3/2122	0.0	1.0	1.0		0		Biological Process	0.0	0.001413760603204524	-0.0	-0.0		2122	67	3	1170
GO:0019856	pyrimidine nucleobase biosynthetic process	0/67	2/2122	0.0	1.0	1.0		0		Biological Process	0.0	0.000942507068803016	-0.0	-0.0		2122	67	2	1170
GO:0019877	diaminopimelate biosynthetic process	0/67	4/2122	0.0	1.0	1.0		0		Biological Process	0.0	0.001885014137606032	-0.0	-0.0		2122	67	4	1170
GO:0019954	asexual reproduction	0/67	1/2122	0.0	1.0	1.0		0		Biological Process	0.0	0.000471253534401508	-0.0	-0.0		2122	67	1	1170
GO:0022402	cell cycle process	0/67	1/2122	0.0	1.0	1.0		0		Biological Process	0.0	0.000471253534401508	-0.0	-0.0		2122	67	1	1170
GO:0022414	reproductive process	0/67	1/2122	0.0	1.0	1.0		0		Biological Process	0.0	0.000471253534401508	-0.0	-0.0		2122	67	1	1170
GO:0022603	regulation of anatomical structure morphogenesis	0/67	1/2122	0.0	1.0	1.0		0		Biological Process	0.0	0.000471253534401508	-0.0	-0.0		2122	67	1	1170
GO:0022604	regulation of cell morphogenesis	0/67	1/2122	0.0	1.0	1.0		0		Biological Process	0.0	0.000471253534401508	-0.0	-0.0		2122	67	1	1170
GO:0022607	cellular component assembly	0/67	8/2122	0.0	1.0	1.0		0		Biological Process	0.0	0.003770028275212064	-0.0	-0.0		2122	67	8	1170
GO:0022900	electron transport chain	0/67	6/2122	0.0	1.0	1.0		0		Biological Process	0.0	0.002827521206409048	-0.0	-0.0		2122	67	6	1170
GO:0022904	respiratory electron transport chain	0/67	11/2122	0.0	1.0	1.0		0		Biological Process	0.0	0.0051837888784165885	-0.0	-0.0		2122	67	11	1170
GO:0030003	intracellular monoatomic cation homeostasis	0/67	1/2122	0.0	1.0	1.0		0		Biological Process	0.0	0.000471253534401508	-0.0	-0.0		2122	67	1	1170
GO:0030030	cell projection organization	0/67	2/2122	0.0	1.0	1.0		0		Biological Process	0.0	0.000942507068803016	-0.0	-0.0		2122	67	2	1170
GO:0030031	cell projection assembly	0/67	1/2122	0.0	1.0	1.0		0		Biological Process	0.0	0.000471253534401508	-0.0	-0.0		2122	67	1	1170
GO:0030091	protein repair	0/67	7/2122	0.0	1.0	1.0		0		Biological Process	0.0	0.003298774740810556	-0.0	-0.0		2122	67	7	1170
GO:0030153	bacteriocin immunity	0/67	1/2122	0.0	1.0	1.0		0		Biological Process	0.0	0.000471253534401508	-0.0	-0.0		2122	67	1	1170
GO:0030155	regulation of cell adhesion	0/67	1/2122	0.0	1.0	1.0		0		Biological Process	0.0	0.000471253534401508	-0.0	-0.0		2122	67	1	1170
GO:0030163	protein catabolic process	0/67	3/2122	0.0	1.0	1.0		0		Biological Process	0.0	0.001413760603204524	-0.0	-0.0		2122	67	3	1170
GO:0030166	proteoglycan biosynthetic process	0/67	1/2122	0.0	1.0	1.0		0		Biological Process	0.0	0.000471253534401508	-0.0	-0.0		2122	67	1	1170
GO:0030203	glycosaminoglycan metabolic process	0/67	1/2122	0.0	1.0	1.0		0		Biological Process	0.0	0.000471253534401508	-0.0	-0.0		2122	67	1	1170
GO:0030243	cellulose metabolic process	0/67	1/2122	0.0	1.0	1.0		0		Biological Process	0.0	0.000471253534401508	-0.0	-0.0		2122	67	1	1170
GO:0030254	protein secretion by the type III secretion system	0/67	2/2122	0.0	1.0	1.0		0		Biological Process	0.0	0.000942507068803016	-0.0	-0.0		2122	67	2	1170
GO:0030258	lipid modification	0/67	1/2122	0.0	1.0	1.0		0		Biological Process	0.0	0.000471253534401508	-0.0	-0.0		2122	67	1	1170
GO:0030259	lipid glycosylation	0/67	1/2122	0.0	1.0	1.0		0		Biological Process	0.0	0.000471253534401508	-0.0	-0.0		2122	67	1	1170
GO:0030260	symbiont entry into host	0/67	3/2122	0.0	1.0	1.0		0		Biological Process	0.0	0.001413760603204524	-0.0	-0.0		2122	67	3	1170
GO:0030261	chromosome condensation	0/67	3/2122	0.0	1.0	1.0		0		Biological Process	0.0	0.001413760603204524	-0.0	-0.0		2122	67	3	1170
GO:0030308	negative regulation of cell growth	0/67	2/2122	0.0	1.0	1.0		0		Biological Process	0.0	0.000942507068803016	-0.0	-0.0		2122	67	2	1170
GO:0030420	establishment of competence for transformation	0/67	1/2122	0.0	1.0	1.0		0		Biological Process	0.0	0.000471253534401508	-0.0	-0.0		2122	67	1	1170
GO:0030490	maturation of SSU-rRNA	0/67	1/2122	0.0	1.0	1.0		0		Biological Process	0.0	0.000471253534401508	-0.0	-0.0		2122	67	1	1170
GO:0030643	intracellular phosphate ion homeostasis	0/67	1/2122	0.0	1.0	1.0		0		Biological Process	0.0	0.000471253534401508	-0.0	-0.0		2122	67	1	1170
GO:0030978	alpha-glucan metabolic process	0/67	1/2122	0.0	1.0	1.0		0		Biological Process	0.0	0.000471253534401508	-0.0	-0.0		2122	67	1	1170
GO:0030980	alpha-glucan catabolic process	0/67	2/2122	0.0	1.0	1.0		0		Biological Process	0.0	0.000942507068803016	-0.0	-0.0		2122	67	2	1170
GO:0031119	tRNA pseudouridine synthesis	0/67	2/2122	0.0	1.0	1.0		0		Biological Process	0.0	0.000942507068803016	-0.0	-0.0		2122	67	2	1170
GO:0031323	regulation of cellular metabolic process	0/67	11/2122	0.0	1.0	1.0		0		Biological Process	0.0	0.0051837888784165885	-0.0	-0.0		2122	67	11	1170
GO:0031324	negative regulation of cellular metabolic process	0/67	3/2122	0.0	1.0	1.0		0		Biological Process	0.0	0.001413760603204524	-0.0	-0.0		2122	67	3	1170
GO:0031325	positive regulation of cellular metabolic process	0/67	2/2122	0.0	1.0	1.0		0		Biological Process	0.0	0.000942507068803016	-0.0	-0.0		2122	67	2	1170
GO:0031326	regulation of cellular biosynthetic process	0/67	11/2122	0.0	1.0	1.0		0		Biological Process	0.0	0.0051837888784165885	-0.0	-0.0		2122	67	11	1170
GO:0031327	negative regulation of cellular biosynthetic process	0/67	3/2122	0.0	1.0	1.0		0		Biological Process	0.0	0.001413760603204524	-0.0	-0.0		2122	67	3	1170
GO:0031328	positive regulation of cellular biosynthetic process	0/67	2/2122	0.0	1.0	1.0		0		Biological Process	0.0	0.000942507068803016	-0.0	-0.0		2122	67	2	1170
GO:0031344	regulation of cell projection organization	0/67	2/2122	0.0	1.0	1.0		0		Biological Process	0.0	0.000942507068803016	-0.0	-0.0		2122	67	2	1170
GO:0031345	negative regulation of cell projection organization	0/67	1/2122	0.0	1.0	1.0		0		Biological Process	0.0	0.000471253534401508	-0.0	-0.0		2122	67	1	1170
GO:0031346	positive regulation of cell projection organization	0/67	1/2122	0.0	1.0	1.0		0		Biological Process	0.0	0.000471253534401508	-0.0	-0.0		2122	67	1	1170
GO:0031347	regulation of defense response	0/67	1/2122	0.0	1.0	1.0		0		Biological Process	0.0	0.000471253534401508	-0.0	-0.0		2122	67	1	1170
GO:0031348	negative regulation of defense response	0/67	1/2122	0.0	1.0	1.0		0		Biological Process	0.0	0.000471253534401508	-0.0	-0.0		2122	67	1	1170
GO:0031388	organic acid phosphorylation	0/67	1/2122	0.0	1.0	1.0		0		Biological Process	0.0	0.000471253534401508	-0.0	-0.0		2122	67	1	1170
GO:0031460	glycine betaine transport	0/67	1/2122	0.0	1.0	1.0		0		Biological Process	0.0	0.000471253534401508	-0.0	-0.0		2122	67	1	1170
GO:0031554	regulation of termination of DNA-templated transcription	0/67	2/2122	0.0	1.0	1.0		0		Biological Process	0.0	0.000942507068803016	-0.0	-0.0		2122	67	2	1170
GO:0031564	transcription antitermination	0/67	4/2122	0.0	1.0	1.0		0		Biological Process	0.0	0.001885014137606032	-0.0	-0.0		2122	67	4	1170
GO:0031589	cell-substrate adhesion	0/67	1/2122	0.0	1.0	1.0		0		Biological Process	0.0	0.000471253534401508	-0.0	-0.0		2122	67	1	1170
GO:0031638	zymogen activation	0/67	1/2122	0.0	1.0	1.0		0		Biological Process	0.0	0.000471253534401508	-0.0	-0.0		2122	67	1	1170
GO:0031647	regulation of protein stability	0/67	1/2122	0.0	1.0	1.0		0		Biological Process	0.0	0.000471253534401508	-0.0	-0.0		2122	67	1	1170
GO:0031667	response to nutrient levels	0/67	7/2122	0.0	1.0	1.0		0		Biological Process	0.0	0.003298774740810556	-0.0	-0.0		2122	67	7	1170
GO:0031668	cellular response to extracellular stimulus	0/67	9/2122	0.0	1.0	1.0		0		Biological Process	0.0	0.004241281809613572	-0.0	-0.0		2122	67	9	1170
GO:0031669	cellular response to nutrient levels	0/67	6/2122	0.0	1.0	1.0		0		Biological Process	0.0	0.002827521206409048	-0.0	-0.0		2122	67	6	1170
GO:0032025	response to cobalt ion	0/67	1/2122	0.0	1.0	1.0		0		Biological Process	0.0	0.000471253534401508	-0.0	-0.0		2122	67	1	1170
GO:0032049	cardiolipin biosynthetic process	0/67	5/2122	0.0	1.0	1.0		0		Biological Process	0.0	0.00235626767200754	-0.0	-0.0		2122	67	5	1170
GO:0032150	ubiquinone biosynthetic process from chorismate	0/67	1/2122	0.0	1.0	1.0		0		Biological Process	0.0	0.000471253534401508	-0.0	-0.0		2122	67	1	1170
GO:0032259	methylation	0/67	29/2122	0.0	1.0	1.0		0		Biological Process	0.0	0.013666352497643733	-0.0	-0.0		2122	67	29	1170
GO:0032297	negative regulation of DNA-templated DNA replication initiation	0/67	2/2122	0.0	1.0	1.0		0		Biological Process	0.0	0.000942507068803016	-0.0	-0.0		2122	67	2	1170
GO:0032386	regulation of intracellular transport	0/67	1/2122	0.0	1.0	1.0		0		Biological Process	0.0	0.000471253534401508	-0.0	-0.0		2122	67	1	1170
GO:0032414	positive regulation of ion transmembrane transporter activity	0/67	2/2122	0.0	1.0	1.0		0		Biological Process	0.0	0.000942507068803016	-0.0	-0.0		2122	67	2	1170
GO:0032502	developmental process	0/67	1/2122	0.0	1.0	1.0		0		Biological Process	0.0	0.000471253534401508	-0.0	-0.0		2122	67	1	1170
GO:0032505	reproduction of a single-celled organism	0/67	1/2122	0.0	1.0	1.0		0		Biological Process	0.0	0.000471253534401508	-0.0	-0.0		2122	67	1	1170
GO:0032506	cytokinetic process	0/67	1/2122	0.0	1.0	1.0		0		Biological Process	0.0	0.000471253534401508	-0.0	-0.0		2122	67	1	1170
GO:0032774	RNA biosynthetic process	0/67	5/2122	0.0	1.0	1.0		0		Biological Process	0.0	0.00235626767200754	-0.0	-0.0		2122	67	5	1170
GO:0032781	positive regulation of ATP-dependent activity	0/67	2/2122	0.0	1.0	1.0		0		Biological Process	0.0	0.000942507068803016	-0.0	-0.0		2122	67	2	1170
GO:0032784	regulation of DNA-templated transcription elongation	0/67	4/2122	0.0	1.0	1.0		0		Biological Process	0.0	0.001885014137606032	-0.0	-0.0		2122	67	4	1170
GO:0032787	monocarboxylic acid metabolic process	0/67	5/2122	0.0	1.0	1.0		0		Biological Process	0.0	0.00235626767200754	-0.0	-0.0		2122	67	5	1170
GO:0032879	regulation of localization	0/67	4/2122	0.0	1.0	1.0		0		Biological Process	0.0	0.001885014137606032	-0.0	-0.0		2122	67	4	1170
GO:0032880	regulation of protein localization	0/67	1/2122	0.0	1.0	1.0		0		Biological Process	0.0	0.000471253534401508	-0.0	-0.0		2122	67	1	1170
GO:0032955	regulation of division septum assembly	0/67	1/2122	0.0	1.0	1.0		0		Biological Process	0.0	0.000471253534401508	-0.0	-0.0		2122	67	1	1170
GO:0032973	amino acid export across plasma membrane	0/67	1/2122	0.0	1.0	1.0		0		Biological Process	0.0	0.000471253534401508	-0.0	-0.0		2122	67	1	1170
GO:0032989	cellular anatomical entity morphogenesis	0/67	1/2122	0.0	1.0	1.0		0		Biological Process	0.0	0.000471253534401508	-0.0	-0.0		2122	67	1	1170
GO:0033036	macromolecule localization	0/67	2/2122	0.0	1.0	1.0		0		Biological Process	0.0	0.000942507068803016	-0.0	-0.0		2122	67	2	1170
GO:0033043	regulation of organelle organization	0/67	1/2122	0.0	1.0	1.0		0		Biological Process	0.0	0.000471253534401508	-0.0	-0.0		2122	67	1	1170
GO:0033157	regulation of intracellular protein transport	0/67	1/2122	0.0	1.0	1.0		0		Biological Process	0.0	0.000471253534401508	-0.0	-0.0		2122	67	1	1170
GO:0033194	response to hydroperoxide	0/67	1/2122	0.0	1.0	1.0		0		Biological Process	0.0	0.000471253534401508	-0.0	-0.0		2122	67	1	1170
GO:0033468	CMP-keto-3-deoxy-D-manno-octulosonic acid biosynthetic process	0/67	1/2122	0.0	1.0	1.0		0		Biological Process	0.0	0.000471253534401508	-0.0	-0.0		2122	67	1	1170
GO:0033499	galactose catabolic process via UDP-galactose	0/67	1/2122	0.0	1.0	1.0		0		Biological Process	0.0	0.000471253534401508	-0.0	-0.0		2122	67	1	1170
GO:0033512	L-lysine catabolic process to acetyl-CoA via saccharopine	0/67	1/2122	0.0	1.0	1.0		0		Biological Process	0.0	0.000471253534401508	-0.0	-0.0		2122	67	1	1170
GO:0033539	fatty acid beta-oxidation using acyl-CoA dehydrogenase	0/67	1/2122	0.0	1.0	1.0		0		Biological Process	0.0	0.000471253534401508	-0.0	-0.0		2122	67	1	1170
GO:0033567	DNA replication, Okazaki fragment processing	0/67	1/2122	0.0	1.0	1.0		0		Biological Process	0.0	0.000471253534401508	-0.0	-0.0		2122	67	1	1170
GO:0033611	oxalate catabolic process	0/67	2/2122	0.0	1.0	1.0		0		Biological Process	0.0	0.000942507068803016	-0.0	-0.0		2122	67	2	1170
GO:0034194	D-galactonate catabolic process	0/67	2/2122	0.0	1.0	1.0		0		Biological Process	0.0	0.000942507068803016	-0.0	-0.0		2122	67	2	1170
GO:0034214	protein hexamerization	0/67	1/2122	0.0	1.0	1.0		0		Biological Process	0.0	0.000471253534401508	-0.0	-0.0		2122	67	1	1170
GO:0034219	carbohydrate transmembrane transport	0/67	1/2122	0.0	1.0	1.0		0		Biological Process	0.0	0.000471253534401508	-0.0	-0.0		2122	67	1	1170
GO:0034220	monoatomic ion transmembrane transport	0/67	9/2122	0.0	1.0	1.0		0		Biological Process	0.0	0.004241281809613572	-0.0	-0.0		2122	67	9	1170
GO:0034227	tRNA thio-modification	0/67	2/2122	0.0	1.0	1.0		0		Biological Process	0.0	0.000942507068803016	-0.0	-0.0		2122	67	2	1170
GO:0034470	ncRNA processing	0/67	2/2122	0.0	1.0	1.0		0		Biological Process	0.0	0.000942507068803016	-0.0	-0.0		2122	67	2	1170
GO:0034552	respiratory chain complex II assembly	0/67	1/2122	0.0	1.0	1.0		0		Biological Process	0.0	0.000471253534401508	-0.0	-0.0		2122	67	1	1170
GO:0034605	cellular response to heat	0/67	3/2122	0.0	1.0	1.0		0		Biological Process	0.0	0.001413760603204524	-0.0	-0.0		2122	67	3	1170
GO:0034613	protein localization	0/67	1/2122	0.0	1.0	1.0		0		Biological Process	0.0	0.000471253534401508	-0.0	-0.0		2122	67	1	1170
GO:0034622	protein-containing complex assembly	0/67	2/2122	0.0	1.0	1.0		0		Biological Process	0.0	0.000942507068803016	-0.0	-0.0		2122	67	2	1170
GO:0034644	cellular response to UV	0/67	1/2122	0.0	1.0	1.0		0		Biological Process	0.0	0.000471253534401508	-0.0	-0.0		2122	67	1	1170
GO:0034654	nucleobase-containing compound biosynthetic process	0/67	7/2122	0.0	1.0	1.0		0		Biological Process	0.0	0.003298774740810556	-0.0	-0.0		2122	67	7	1170
GO:0034655	nucleobase-containing compound catabolic process	0/67	3/2122	0.0	1.0	1.0		0		Biological Process	0.0	0.001413760603204524	-0.0	-0.0		2122	67	3	1170
GO:0034660	ncRNA metabolic process	0/67	1/2122	0.0	1.0	1.0		0		Biological Process	0.0	0.000471253534401508	-0.0	-0.0		2122	67	1	1170
GO:0034661	ncRNA catabolic process	0/67	1/2122	0.0	1.0	1.0		0		Biological Process	0.0	0.000471253534401508	-0.0	-0.0		2122	67	1	1170
GO:0035435	phosphate ion transmembrane transport	0/67	3/2122	0.0	1.0	1.0		0		Biological Process	0.0	0.001413760603204524	-0.0	-0.0		2122	67	3	1170
GO:0035556	intracellular signal transduction	0/67	1/2122	0.0	1.0	1.0		0		Biological Process	0.0	0.000471253534401508	-0.0	-0.0		2122	67	1	1170
GO:0035821	modulation of process of another organism	0/67	1/2122	0.0	1.0	1.0		0		Biological Process	0.0	0.000471253534401508	-0.0	-0.0		2122	67	1	1170
GO:0035864	response to potassium ion	0/67	1/2122	0.0	1.0	1.0		0		Biological Process	0.0	0.000471253534401508	-0.0	-0.0		2122	67	1	1170
GO:0035999	tetrahydrofolate interconversion	0/67	2/2122	0.0	1.0	1.0		0		Biological Process	0.0	0.000942507068803016	-0.0	-0.0		2122	67	2	1170
GO:0036065	fucosylation	0/67	1/2122	0.0	1.0	1.0		0		Biological Process	0.0	0.000471253534401508	-0.0	-0.0		2122	67	1	1170
GO:0036104	Kdo2-lipid A biosynthetic process	0/67	4/2122	0.0	1.0	1.0		0		Biological Process	0.0	0.001885014137606032	-0.0	-0.0		2122	67	4	1170
GO:0036211	protein modification process	0/67	8/2122	0.0	1.0	1.0		0		Biological Process	0.0	0.003770028275212064	-0.0	-0.0		2122	67	8	1170
GO:0036376	sodium ion export across plasma membrane	0/67	1/2122	0.0	1.0	1.0		0		Biological Process	0.0	0.000471253534401508	-0.0	-0.0		2122	67	1	1170
GO:0036460	cellular response to cell envelope stress	0/67	1/2122	0.0	1.0	1.0		0		Biological Process	0.0	0.000471253534401508	-0.0	-0.0		2122	67	1	1170
GO:0036525	protein deglycation	0/67	1/2122	0.0	1.0	1.0		0		Biological Process	0.0	0.000471253534401508	-0.0	-0.0		2122	67	1	1170
GO:0040007	growth	0/67	1/2122	0.0	1.0	1.0		0		Biological Process	0.0	0.000471253534401508	-0.0	-0.0		2122	67	1	1170
GO:0040008	regulation of growth	0/67	3/2122	0.0	1.0	1.0		0		Biological Process	0.0	0.001413760603204524	-0.0	-0.0		2122	67	3	1170
GO:0040009	regulation of growth rate	0/67	1/2122	0.0	1.0	1.0		0		Biological Process	0.0	0.000471253534401508	-0.0	-0.0		2122	67	1	1170
GO:0040010	positive regulation of growth rate	0/67	1/2122	0.0	1.0	1.0		0		Biological Process	0.0	0.000471253534401508	-0.0	-0.0		2122	67	1	1170
GO:0040012	regulation of locomotion	0/67	3/2122	0.0	1.0	1.0		0		Biological Process	0.0	0.001413760603204524	-0.0	-0.0		2122	67	3	1170
GO:0040013	negative regulation of locomotion	0/67	1/2122	0.0	1.0	1.0		0		Biological Process	0.0	0.000471253534401508	-0.0	-0.0		2122	67	1	1170
GO:0040017	positive regulation of locomotion	0/67	1/2122	0.0	1.0	1.0		0		Biological Process	0.0	0.000471253534401508	-0.0	-0.0		2122	67	1	1170
GO:0042026	protein refolding	0/67	2/2122	0.0	1.0	1.0		0		Biological Process	0.0	0.000942507068803016	-0.0	-0.0		2122	67	2	1170
GO:0042126	nitrate metabolic process	0/67	4/2122	0.0	1.0	1.0		0		Biological Process	0.0	0.001885014137606032	-0.0	-0.0		2122	67	4	1170
GO:0042128	nitrate assimilation	0/67	6/2122	0.0	1.0	1.0		0		Biological Process	0.0	0.002827521206409048	-0.0	-0.0		2122	67	6	1170
GO:0042158	lipoprotein biosynthetic process	0/67	1/2122	0.0	1.0	1.0		0		Biological Process	0.0	0.000471253534401508	-0.0	-0.0		2122	67	1	1170
GO:0042168	heme metabolic process	0/67	1/2122	0.0	1.0	1.0		0		Biological Process	0.0	0.000471253534401508	-0.0	-0.0		2122	67	1	1170
GO:0042178	xenobiotic catabolic process	0/67	1/2122	0.0	1.0	1.0		0		Biological Process	0.0	0.000471253534401508	-0.0	-0.0		2122	67	1	1170
GO:0042180	cellular ketone metabolic process	0/67	2/2122	0.0	1.0	1.0		0		Biological Process	0.0	0.000942507068803016	-0.0	-0.0		2122	67	2	1170
GO:0042182	ketone catabolic process	0/67	2/2122	0.0	1.0	1.0		0		Biological Process	0.0	0.000942507068803016	-0.0	-0.0		2122	67	2	1170
GO:0042245	RNA repair	0/67	1/2122	0.0	1.0	1.0		0		Biological Process	0.0	0.000471253534401508	-0.0	-0.0		2122	67	1	1170
GO:0042254	ribosome biogenesis	0/67	3/2122	0.0	1.0	1.0		0		Biological Process	0.0	0.001413760603204524	-0.0	-0.0		2122	67	3	1170
GO:0042255	ribosome assembly	0/67	1/2122	0.0	1.0	1.0		0		Biological Process	0.0	0.000471253534401508	-0.0	-0.0		2122	67	1	1170
GO:0042256	cytosolic ribosome assembly	0/67	1/2122	0.0	1.0	1.0		0		Biological Process	0.0	0.000471253534401508	-0.0	-0.0		2122	67	1	1170
GO:0042274	ribosomal small subunit biogenesis	0/67	3/2122	0.0	1.0	1.0		0		Biological Process	0.0	0.001413760603204524	-0.0	-0.0		2122	67	3	1170
GO:0042278	purine nucleoside metabolic process	0/67	2/2122	0.0	1.0	1.0		0		Biological Process	0.0	0.000942507068803016	-0.0	-0.0		2122	67	2	1170
GO:0042351	'de novo' GDP-L-fucose biosynthetic process	0/67	1/2122	0.0	1.0	1.0		0		Biological Process	0.0	0.000471253534401508	-0.0	-0.0		2122	67	1	1170
GO:0042354	L-fucose metabolic process	0/67	1/2122	0.0	1.0	1.0		0		Biological Process	0.0	0.000471253534401508	-0.0	-0.0		2122	67	1	1170
GO:0042355	L-fucose catabolic process	0/67	3/2122	0.0	1.0	1.0		0		Biological Process	0.0	0.001413760603204524	-0.0	-0.0		2122	67	3	1170
GO:0042398	cellular modified amino acid biosynthetic process	0/67	1/2122	0.0	1.0	1.0		0		Biological Process	0.0	0.000471253534401508	-0.0	-0.0		2122	67	1	1170
GO:0042445	hormone metabolic process	0/67	1/2122	0.0	1.0	1.0		0		Biological Process	0.0	0.000471253534401508	-0.0	-0.0		2122	67	1	1170
GO:0042447	hormone catabolic process	0/67	1/2122	0.0	1.0	1.0		0		Biological Process	0.0	0.000471253534401508	-0.0	-0.0		2122	67	1	1170
GO:0042450	arginine biosynthetic process via ornithine	0/67	2/2122	0.0	1.0	1.0		0		Biological Process	0.0	0.000942507068803016	-0.0	-0.0		2122	67	2	1170
GO:0042537	benzene-containing compound metabolic process	0/67	2/2122	0.0	1.0	1.0		0		Biological Process	0.0	0.000942507068803016	-0.0	-0.0		2122	67	2	1170
GO:0042545	cell wall modification	0/67	1/2122	0.0	1.0	1.0		0		Biological Process	0.0	0.000471253534401508	-0.0	-0.0		2122	67	1	1170
GO:0042592	homeostatic process	0/67	2/2122	0.0	1.0	1.0		0		Biological Process	0.0	0.000942507068803016	-0.0	-0.0		2122	67	2	1170
GO:0042594	response to starvation	0/67	7/2122	0.0	1.0	1.0		0		Biological Process	0.0	0.003298774740810556	-0.0	-0.0		2122	67	7	1170
GO:0042732	D-xylose metabolic process	0/67	3/2122	0.0	1.0	1.0		0		Biological Process	0.0	0.001413760603204524	-0.0	-0.0		2122	67	3	1170
GO:0042742	defense response to bacterium	0/67	3/2122	0.0	1.0	1.0		0		Biological Process	0.0	0.001413760603204524	-0.0	-0.0		2122	67	3	1170
GO:0042743	hydrogen peroxide metabolic process	0/67	1/2122	0.0	1.0	1.0		0		Biological Process	0.0	0.000471253534401508	-0.0	-0.0		2122	67	1	1170
GO:0042744	hydrogen peroxide catabolic process	0/67	2/2122	0.0	1.0	1.0		0		Biological Process	0.0	0.000942507068803016	-0.0	-0.0		2122	67	2	1170
GO:0042773	ATP synthesis coupled electron transport	0/67	8/2122	0.0	1.0	1.0		0		Biological Process	0.0	0.003770028275212064	-0.0	-0.0		2122	67	8	1170
GO:0042777	proton motive force-driven plasma membrane ATP synthesis	0/67	1/2122	0.0	1.0	1.0		0		Biological Process	0.0	0.000471253534401508	-0.0	-0.0		2122	67	1	1170
GO:0042780	tRNA 3'-end processing	0/67	1/2122	0.0	1.0	1.0		0		Biological Process	0.0	0.000471253534401508	-0.0	-0.0		2122	67	1	1170
GO:0042823	pyridoxal phosphate biosynthetic process	0/67	2/2122	0.0	1.0	1.0		0		Biological Process	0.0	0.000942507068803016	-0.0	-0.0		2122	67	2	1170
GO:0042838	D-glucarate catabolic process	0/67	1/2122	0.0	1.0	1.0		0		Biological Process	0.0	0.000471253534401508	-0.0	-0.0		2122	67	1	1170
GO:0042866	pyruvate biosynthetic process	0/67	1/2122	0.0	1.0	1.0		0		Biological Process	0.0	0.000471253534401508	-0.0	-0.0		2122	67	1	1170
GO:0042867	pyruvate catabolic process	0/67	1/2122	0.0	1.0	1.0		0		Biological Process	0.0	0.000471253534401508	-0.0	-0.0		2122	67	1	1170
GO:0042882	L-arabinose transmembrane transport	0/67	2/2122	0.0	1.0	1.0		0		Biological Process	0.0	0.000942507068803016	-0.0	-0.0		2122	67	2	1170
GO:0042883	cysteine transport	0/67	1/2122	0.0	1.0	1.0		0		Biological Process	0.0	0.000471253534401508	-0.0	-0.0		2122	67	1	1170
GO:0042886	amide transport	0/67	1/2122	0.0	1.0	1.0		0		Biological Process	0.0	0.000471253534401508	-0.0	-0.0		2122	67	1	1170
GO:0042930	enterobactin transport	0/67	1/2122	0.0	1.0	1.0		0		Biological Process	0.0	0.000471253534401508	-0.0	-0.0		2122	67	1	1170
GO:0042953	lipoprotein transport	0/67	5/2122	0.0	1.0	1.0		0		Biological Process	0.0	0.00235626767200754	-0.0	-0.0		2122	67	5	1170
GO:0043066	negative regulation of apoptotic process	0/67	1/2122	0.0	1.0	1.0		0		Biological Process	0.0	0.000471253534401508	-0.0	-0.0		2122	67	1	1170
GO:0043085	positive regulation of catalytic activity	0/67	5/2122	0.0	1.0	1.0		0		Biological Process	0.0	0.00235626767200754	-0.0	-0.0		2122	67	5	1170
GO:0043086	negative regulation of catalytic activity	0/67	3/2122	0.0	1.0	1.0		0		Biological Process	0.0	0.001413760603204524	-0.0	-0.0		2122	67	3	1170
GO:0043094	cellular metabolic compound salvage	0/67	3/2122	0.0	1.0	1.0		0		Biological Process	0.0	0.001413760603204524	-0.0	-0.0		2122	67	3	1170
GO:0043163	cell envelope organization	0/67	2/2122	0.0	1.0	1.0		0		Biological Process	0.0	0.000942507068803016	-0.0	-0.0		2122	67	2	1170
GO:0043165	Gram-negative-bacterium-type cell outer membrane assembly	0/67	11/2122	0.0	1.0	1.0		0		Biological Process	0.0	0.0051837888784165885	-0.0	-0.0		2122	67	11	1170
GO:0043171	peptide catabolic process	0/67	1/2122	0.0	1.0	1.0		0		Biological Process	0.0	0.000471253534401508	-0.0	-0.0		2122	67	1	1170
GO:0043173	nucleotide salvage	0/67	1/2122	0.0	1.0	1.0		0		Biological Process	0.0	0.000471253534401508	-0.0	-0.0		2122	67	1	1170
GO:0043200	response to amino acid	0/67	1/2122	0.0	1.0	1.0		0		Biological Process	0.0	0.000471253534401508	-0.0	-0.0		2122	67	1	1170
GO:0043207	response to external biotic stimulus	0/67	2/2122	0.0	1.0	1.0		0		Biological Process	0.0	0.000942507068803016	-0.0	-0.0		2122	67	2	1170
GO:0043213	bacteriocin transport	0/67	2/2122	0.0	1.0	1.0		0		Biological Process	0.0	0.000942507068803016	-0.0	-0.0		2122	67	2	1170
GO:0043243	positive regulation of protein-containing complex disassembly	0/67	1/2122	0.0	1.0	1.0		0		Biological Process	0.0	0.000471253534401508	-0.0	-0.0		2122	67	1	1170
GO:0043244	regulation of protein-containing complex disassembly	0/67	2/2122	0.0	1.0	1.0		0		Biological Process	0.0	0.000942507068803016	-0.0	-0.0		2122	67	2	1170
GO:0043335	protein unfolding	0/67	2/2122	0.0	1.0	1.0		0		Biological Process	0.0	0.000942507068803016	-0.0	-0.0		2122	67	2	1170
GO:0043412	macromolecule modification	0/67	7/2122	0.0	1.0	1.0		0		Biological Process	0.0	0.003298774740810556	-0.0	-0.0		2122	67	7	1170
GO:0043436	oxoacid metabolic process	0/67	7/2122	0.0	1.0	1.0		0		Biological Process	0.0	0.003298774740810556	-0.0	-0.0		2122	67	7	1170
GO:0043462	regulation of ATP-dependent activity	0/67	2/2122	0.0	1.0	1.0		0		Biological Process	0.0	0.000942507068803016	-0.0	-0.0		2122	67	2	1170
GO:0043470	regulation of carbohydrate catabolic process	0/67	1/2122	0.0	1.0	1.0		0		Biological Process	0.0	0.000471253534401508	-0.0	-0.0		2122	67	1	1170
GO:0043570	maintenance of DNA repeat elements	0/67	1/2122	0.0	1.0	1.0		0		Biological Process	0.0	0.000471253534401508	-0.0	-0.0		2122	67	1	1170
GO:0043571	maintenance of CRISPR repeat elements	0/67	3/2122	0.0	1.0	1.0		0		Biological Process	0.0	0.001413760603204524	-0.0	-0.0		2122	67	3	1170
GO:0043580	periplasmic space organization	0/67	1/2122	0.0	1.0	1.0		0		Biological Process	0.0	0.000471253534401508	-0.0	-0.0		2122	67	1	1170
GO:0043603	amide metabolic process	0/67	1/2122	0.0	1.0	1.0		0		Biological Process	0.0	0.000471253534401508	-0.0	-0.0		2122	67	1	1170
GO:0043604	amide biosynthetic process	0/67	1/2122	0.0	1.0	1.0		0		Biological Process	0.0	0.000471253534401508	-0.0	-0.0		2122	67	1	1170
GO:0043648	dicarboxylic acid metabolic process	0/67	1/2122	0.0	1.0	1.0		0		Biological Process	0.0	0.000471253534401508	-0.0	-0.0		2122	67	1	1170
GO:0043708	cell adhesion involved in biofilm formation	0/67	1/2122	0.0	1.0	1.0		0		Biological Process	0.0	0.000471253534401508	-0.0	-0.0		2122	67	1	1170
GO:0043711	pilus organization	0/67	1/2122	0.0	1.0	1.0		0		Biological Process	0.0	0.000471253534401508	-0.0	-0.0		2122	67	1	1170
GO:0043933	protein-containing complex organization	0/67	5/2122	0.0	1.0	1.0		0		Biological Process	0.0	0.00235626767200754	-0.0	-0.0		2122	67	5	1170
GO:0043952	protein transport by the Sec complex	0/67	4/2122	0.0	1.0	1.0		0		Biological Process	0.0	0.001885014137606032	-0.0	-0.0		2122	67	4	1170
GO:0043953	protein transport by the Tat complex	0/67	4/2122	0.0	1.0	1.0		0		Biological Process	0.0	0.001885014137606032	-0.0	-0.0		2122	67	4	1170
GO:0044003	modulation by symbiont of host process	0/67	1/2122	0.0	1.0	1.0		0		Biological Process	0.0	0.000471253534401508	-0.0	-0.0		2122	67	1	1170
GO:0044042	glucan metabolic process	0/67	2/2122	0.0	1.0	1.0		0		Biological Process	0.0	0.000942507068803016	-0.0	-0.0		2122	67	2	1170
GO:0044085	cellular component biogenesis	0/67	8/2122	0.0	1.0	1.0		0		Biological Process	0.0	0.003770028275212064	-0.0	-0.0		2122	67	8	1170
GO:0044087	regulation of cellular component biogenesis	0/67	2/2122	0.0	1.0	1.0		0		Biological Process	0.0	0.000942507068803016	-0.0	-0.0		2122	67	2	1170
GO:0044089	positive regulation of cellular component biogenesis	0/67	1/2122	0.0	1.0	1.0		0		Biological Process	0.0	0.000471253534401508	-0.0	-0.0		2122	67	1	1170
GO:0044091	membrane biogenesis	0/67	2/2122	0.0	1.0	1.0		0		Biological Process	0.0	0.000942507068803016	-0.0	-0.0		2122	67	2	1170
GO:0044092	negative regulation of molecular function	0/67	3/2122	0.0	1.0	1.0		0		Biological Process	0.0	0.001413760603204524	-0.0	-0.0		2122	67	3	1170
GO:0044093	positive regulation of molecular function	0/67	6/2122	0.0	1.0	1.0		0		Biological Process	0.0	0.002827521206409048	-0.0	-0.0		2122	67	6	1170
GO:0044179	hemolysis in another organism	0/67	1/2122	0.0	1.0	1.0		0		Biological Process	0.0	0.000471253534401508	-0.0	-0.0		2122	67	1	1170
GO:0044205	'de novo' UMP biosynthetic process	0/67	2/2122	0.0	1.0	1.0		0		Biological Process	0.0	0.000942507068803016	-0.0	-0.0		2122	67	2	1170
GO:0044208	'de novo' AMP biosynthetic process	0/67	1/2122	0.0	1.0	1.0		0		Biological Process	0.0	0.000471253534401508	-0.0	-0.0		2122	67	1	1170
GO:0044209	AMP salvage	0/67	2/2122	0.0	1.0	1.0		0		Biological Process	0.0	0.000942507068803016	-0.0	-0.0		2122	67	2	1170
GO:0044248	cellular catabolic process	0/67	11/2122	0.0	1.0	1.0		0		Biological Process	0.0	0.0051837888784165885	-0.0	-0.0		2122	67	11	1170
GO:0044249	cellular biosynthetic process	0/67	22/2122	0.0	1.0	1.0		0		Biological Process	0.0	0.010367577756833177	-0.0	-0.0		2122	67	22	1170
GO:0044255	cellular lipid metabolic process	0/67	3/2122	0.0	1.0	1.0		0		Biological Process	0.0	0.001413760603204524	-0.0	-0.0		2122	67	3	1170
GO:0044267	protein metabolic process	0/67	5/2122	0.0	1.0	1.0		0		Biological Process	0.0	0.00235626767200754	-0.0	-0.0		2122	67	5	1170
GO:0044270	cellular nitrogen compound catabolic process	0/67	3/2122	0.0	1.0	1.0		0		Biological Process	0.0	0.001413760603204524	-0.0	-0.0		2122	67	3	1170
GO:0044271	cellular nitrogen compound biosynthetic process	0/67	7/2122	0.0	1.0	1.0		0		Biological Process	0.0	0.003298774740810556	-0.0	-0.0		2122	67	7	1170
GO:0044273	sulfur compound catabolic process	0/67	1/2122	0.0	1.0	1.0		0		Biological Process	0.0	0.000471253534401508	-0.0	-0.0		2122	67	1	1170
GO:0044281	small molecule metabolic process	0/67	13/2122	0.0	1.0	1.0		0		Biological Process	0.0	0.006126295947219604	-0.0	-0.0		2122	67	13	1170
GO:0044282	small molecule catabolic process	0/67	6/2122	0.0	1.0	1.0		0		Biological Process	0.0	0.002827521206409048	-0.0	-0.0		2122	67	6	1170
GO:0044283	small molecule biosynthetic process	0/67	3/2122	0.0	1.0	1.0		0		Biological Process	0.0	0.001413760603204524	-0.0	-0.0		2122	67	3	1170
GO:0044403	biological process involved in symbiotic interaction	0/67	4/2122	0.0	1.0	1.0		0		Biological Process	0.0	0.001885014137606032	-0.0	-0.0		2122	67	4	1170
GO:0044409	symbiont entry into host	0/67	3/2122	0.0	1.0	1.0		0		Biological Process	0.0	0.001413760603204524	-0.0	-0.0		2122	67	3	1170
GO:0044413	symbiont-mediated perturbation of host defenses	0/67	1/2122	0.0	1.0	1.0		0		Biological Process	0.0	0.000471253534401508	-0.0	-0.0		2122	67	1	1170
GO:0044414	symbiont-mediated suppression of host defenses	0/67	1/2122	0.0	1.0	1.0		0		Biological Process	0.0	0.000471253534401508	-0.0	-0.0		2122	67	1	1170
GO:0044419	biological process involved in interspecies interaction between organisms	0/67	4/2122	0.0	1.0	1.0		0		Biological Process	0.0	0.001885014137606032	-0.0	-0.0		2122	67	4	1170
GO:0044550	secondary metabolite biosynthetic process	0/67	1/2122	0.0	1.0	1.0		0		Biological Process	0.0	0.000471253534401508	-0.0	-0.0		2122	67	1	1170
GO:0044571	[2Fe-2S] cluster assembly	0/67	3/2122	0.0	1.0	1.0		0		Biological Process	0.0	0.001413760603204524	-0.0	-0.0		2122	67	3	1170
GO:0044780	bacterial-type flagellum assembly	0/67	11/2122	0.0	1.0	1.0		0		Biological Process	0.0	0.0051837888784165885	-0.0	-0.0		2122	67	11	1170
GO:0044781	bacterial-type flagellum organization	0/67	8/2122	0.0	1.0	1.0		0		Biological Process	0.0	0.003770028275212064	-0.0	-0.0		2122	67	8	1170
GO:0044826	viral genome integration into host DNA	0/67	1/2122	0.0	1.0	1.0		0		Biological Process	0.0	0.000471253534401508	-0.0	-0.0		2122	67	1	1170
GO:0044873	lipoprotein localization to membrane	0/67	1/2122	0.0	1.0	1.0		0		Biological Process	0.0	0.000471253534401508	-0.0	-0.0		2122	67	1	1170
GO:0044874	lipoprotein localization to outer membrane	0/67	3/2122	0.0	1.0	1.0		0		Biological Process	0.0	0.001413760603204524	-0.0	-0.0		2122	67	3	1170
GO:0045088	regulation of innate immune response	0/67	1/2122	0.0	1.0	1.0		0		Biological Process	0.0	0.000471253534401508	-0.0	-0.0		2122	67	1	1170
GO:0045184	establishment of protein localization	0/67	2/2122	0.0	1.0	1.0		0		Biological Process	0.0	0.000942507068803016	-0.0	-0.0		2122	67	2	1170
GO:0045226	extracellular polysaccharide biosynthetic process	0/67	8/2122	0.0	1.0	1.0		0		Biological Process	0.0	0.003770028275212064	-0.0	-0.0		2122	67	8	1170
GO:0045229	external encapsulating structure organization	0/67	2/2122	0.0	1.0	1.0		0		Biological Process	0.0	0.000942507068803016	-0.0	-0.0		2122	67	2	1170
GO:0045333	cellular respiration	0/67	7/2122	0.0	1.0	1.0		0		Biological Process	0.0	0.003298774740810556	-0.0	-0.0		2122	67	7	1170
GO:0045490	pectin catabolic process	0/67	2/2122	0.0	1.0	1.0		0		Biological Process	0.0	0.000942507068803016	-0.0	-0.0		2122	67	2	1170
GO:0045717	negative regulation of fatty acid biosynthetic process	0/67	1/2122	0.0	1.0	1.0		0		Biological Process	0.0	0.000471253534401508	-0.0	-0.0		2122	67	1	1170
GO:0045727	positive regulation of translation	0/67	1/2122	0.0	1.0	1.0		0		Biological Process	0.0	0.000471253534401508	-0.0	-0.0		2122	67	1	1170
GO:0045824	negative regulation of innate immune response	0/67	1/2122	0.0	1.0	1.0		0		Biological Process	0.0	0.000471253534401508	-0.0	-0.0		2122	67	1	1170
GO:0045859	regulation of protein kinase activity	0/67	1/2122	0.0	1.0	1.0		0		Biological Process	0.0	0.000471253534401508	-0.0	-0.0		2122	67	1	1170
GO:0045862	positive regulation of proteolysis	0/67	1/2122	0.0	1.0	1.0		0		Biological Process	0.0	0.000471253534401508	-0.0	-0.0		2122	67	1	1170
GO:0045892	negative regulation of DNA-templated transcription	0/67	23/2122	0.0	1.0	1.0		0		Biological Process	0.0	0.010838831291234684	-0.0	-0.0		2122	67	23	1170
GO:0045893	positive regulation of DNA-templated transcription	0/67	11/2122	0.0	1.0	1.0		0		Biological Process	0.0	0.0051837888784165885	-0.0	-0.0		2122	67	11	1170
GO:0045913	positive regulation of carbohydrate metabolic process	0/67	1/2122	0.0	1.0	1.0		0		Biological Process	0.0	0.000471253534401508	-0.0	-0.0		2122	67	1	1170
GO:0045926	negative regulation of growth	0/67	2/2122	0.0	1.0	1.0		0		Biological Process	0.0	0.000942507068803016	-0.0	-0.0		2122	67	2	1170
GO:0045927	positive regulation of growth	0/67	1/2122	0.0	1.0	1.0		0		Biological Process	0.0	0.000471253534401508	-0.0	-0.0		2122	67	1	1170
GO:0045934	negative regulation of nucleobase-containing compound metabolic process	0/67	3/2122	0.0	1.0	1.0		0		Biological Process	0.0	0.001413760603204524	-0.0	-0.0		2122	67	3	1170
GO:0045935	positive regulation of nucleobase-containing compound metabolic process	0/67	2/2122	0.0	1.0	1.0		0		Biological Process	0.0	0.000942507068803016	-0.0	-0.0		2122	67	2	1170
GO:0045936	negative regulation of phosphate metabolic process	0/67	1/2122	0.0	1.0	1.0		0		Biological Process	0.0	0.000471253534401508	-0.0	-0.0		2122	67	1	1170
GO:0045947	negative regulation of translational initiation	0/67	1/2122	0.0	1.0	1.0		0		Biological Process	0.0	0.000471253534401508	-0.0	-0.0		2122	67	1	1170
GO:0045948	positive regulation of translational initiation	0/67	1/2122	0.0	1.0	1.0		0		Biological Process	0.0	0.000471253534401508	-0.0	-0.0		2122	67	1	1170
GO:0046081	dUTP catabolic process	0/67	1/2122	0.0	1.0	1.0		0		Biological Process	0.0	0.000471253534401508	-0.0	-0.0		2122	67	1	1170
GO:0046104	thymidine metabolic process	0/67	1/2122	0.0	1.0	1.0		0		Biological Process	0.0	0.000471253534401508	-0.0	-0.0		2122	67	1	1170
GO:0046113	nucleobase catabolic process	0/67	1/2122	0.0	1.0	1.0		0		Biological Process	0.0	0.000471253534401508	-0.0	-0.0		2122	67	1	1170
GO:0046124	purine deoxyribonucleoside catabolic process	0/67	1/2122	0.0	1.0	1.0		0		Biological Process	0.0	0.000471253534401508	-0.0	-0.0		2122	67	1	1170
GO:0046133	pyrimidine ribonucleoside catabolic process	0/67	1/2122	0.0	1.0	1.0		0		Biological Process	0.0	0.000471253534401508	-0.0	-0.0		2122	67	1	1170
GO:0046167	glycerol-3-phosphate biosynthetic process	0/67	1/2122	0.0	1.0	1.0		0		Biological Process	0.0	0.000471253534401508	-0.0	-0.0		2122	67	1	1170
GO:0046168	glycerol-3-phosphate catabolic process	0/67	1/2122	0.0	1.0	1.0		0		Biological Process	0.0	0.000471253534401508	-0.0	-0.0		2122	67	1	1170
GO:0046174	polyol catabolic process	0/67	1/2122	0.0	1.0	1.0		0		Biological Process	0.0	0.000471253534401508	-0.0	-0.0		2122	67	1	1170
GO:0046177	D-gluconate catabolic process	0/67	1/2122	0.0	1.0	1.0		0		Biological Process	0.0	0.000471253534401508	-0.0	-0.0		2122	67	1	1170
GO:0046185	aldehyde catabolic process	0/67	2/2122	0.0	1.0	1.0		0		Biological Process	0.0	0.000942507068803016	-0.0	-0.0		2122	67	2	1170
GO:0046279	3,4-dihydroxybenzoate biosynthetic process	0/67	1/2122	0.0	1.0	1.0		0		Biological Process	0.0	0.000471253534401508	-0.0	-0.0		2122	67	1	1170
GO:0046294	formaldehyde catabolic process	0/67	2/2122	0.0	1.0	1.0		0		Biological Process	0.0	0.000942507068803016	-0.0	-0.0		2122	67	2	1170
GO:0046295	glycolate biosynthetic process	0/67	1/2122	0.0	1.0	1.0		0		Biological Process	0.0	0.000471253534401508	-0.0	-0.0		2122	67	1	1170
GO:0046306	alkanesulfonate catabolic process	0/67	1/2122	0.0	1.0	1.0		0		Biological Process	0.0	0.000471253534401508	-0.0	-0.0		2122	67	1	1170
GO:0046336	ethanolamine catabolic process	0/67	4/2122	0.0	1.0	1.0		0		Biological Process	0.0	0.001885014137606032	-0.0	-0.0		2122	67	4	1170
GO:0046348	amino sugar catabolic process	0/67	1/2122	0.0	1.0	1.0		0		Biological Process	0.0	0.000471253534401508	-0.0	-0.0		2122	67	1	1170
GO:0046365	monosaccharide catabolic process	0/67	1/2122	0.0	1.0	1.0		0		Biological Process	0.0	0.000471253534401508	-0.0	-0.0		2122	67	1	1170
GO:0046377	colanic acid metabolic process	0/67	1/2122	0.0	1.0	1.0		0		Biological Process	0.0	0.000471253534401508	-0.0	-0.0		2122	67	1	1170
GO:0046379	extracellular polysaccharide metabolic process	0/67	5/2122	0.0	1.0	1.0		0		Biological Process	0.0	0.00235626767200754	-0.0	-0.0		2122	67	5	1170
GO:0046392	galactarate catabolic process	0/67	3/2122	0.0	1.0	1.0		0		Biological Process	0.0	0.001413760603204524	-0.0	-0.0		2122	67	3	1170
GO:0046394	carboxylic acid biosynthetic process	0/67	3/2122	0.0	1.0	1.0		0		Biological Process	0.0	0.001413760603204524	-0.0	-0.0		2122	67	3	1170
GO:0046395	carboxylic acid catabolic process	0/67	4/2122	0.0	1.0	1.0		0		Biological Process	0.0	0.001885014137606032	-0.0	-0.0		2122	67	4	1170
GO:0046397	galacturonate catabolic process	0/67	1/2122	0.0	1.0	1.0		0		Biological Process	0.0	0.000471253534401508	-0.0	-0.0		2122	67	1	1170
GO:0046401	lipopolysaccharide core region metabolic process	0/67	1/2122	0.0	1.0	1.0		0		Biological Process	0.0	0.000471253534401508	-0.0	-0.0		2122	67	1	1170
GO:0046416	D-amino acid metabolic process	0/67	2/2122	0.0	1.0	1.0		0		Biological Process	0.0	0.000942507068803016	-0.0	-0.0		2122	67	2	1170
GO:0046417	chorismate metabolic process	0/67	2/2122	0.0	1.0	1.0		0		Biological Process	0.0	0.000942507068803016	-0.0	-0.0		2122	67	2	1170
GO:0046439	L-cysteine metabolic process	0/67	1/2122	0.0	1.0	1.0		0		Biological Process	0.0	0.000471253534401508	-0.0	-0.0		2122	67	1	1170
GO:0046470	phosphatidylcholine metabolic process	0/67	1/2122	0.0	1.0	1.0		0		Biological Process	0.0	0.000471253534401508	-0.0	-0.0		2122	67	1	1170
GO:0046487	glyoxylate metabolic process	0/67	1/2122	0.0	1.0	1.0		0		Biological Process	0.0	0.000471253534401508	-0.0	-0.0		2122	67	1	1170
GO:0046685	response to arsenic-containing substance	0/67	1/2122	0.0	1.0	1.0		0		Biological Process	0.0	0.000471253534401508	-0.0	-0.0		2122	67	1	1170
GO:0046688	response to copper ion	0/67	3/2122	0.0	1.0	1.0		0		Biological Process	0.0	0.001413760603204524	-0.0	-0.0		2122	67	3	1170
GO:0046690	response to tellurium ion	0/67	4/2122	0.0	1.0	1.0		0		Biological Process	0.0	0.001885014137606032	-0.0	-0.0		2122	67	4	1170
GO:0046700	heterocycle catabolic process	0/67	3/2122	0.0	1.0	1.0		0		Biological Process	0.0	0.001413760603204524	-0.0	-0.0		2122	67	3	1170
GO:0046718	symbiont entry into host cell	0/67	2/2122	0.0	1.0	1.0		0		Biological Process	0.0	0.000942507068803016	-0.0	-0.0		2122	67	2	1170
GO:0046777	protein autophosphorylation	0/67	8/2122	0.0	1.0	1.0		0		Biological Process	0.0	0.003770028275212064	-0.0	-0.0		2122	67	8	1170
GO:0046854	phosphatidylinositol phosphate biosynthetic process	0/67	2/2122	0.0	1.0	1.0		0		Biological Process	0.0	0.000942507068803016	-0.0	-0.0		2122	67	2	1170
GO:0046890	regulation of lipid biosynthetic process	0/67	1/2122	0.0	1.0	1.0		0		Biological Process	0.0	0.000471253534401508	-0.0	-0.0		2122	67	1	1170
GO:0046940	nucleoside monophosphate phosphorylation	0/67	1/2122	0.0	1.0	1.0		0		Biological Process	0.0	0.000471253534401508	-0.0	-0.0		2122	67	1	1170
GO:0046942	carboxylic acid transport	0/67	2/2122	0.0	1.0	1.0		0		Biological Process	0.0	0.000942507068803016	-0.0	-0.0		2122	67	2	1170
GO:0046952	ketone body catabolic process	0/67	2/2122	0.0	1.0	1.0		0		Biological Process	0.0	0.000942507068803016	-0.0	-0.0		2122	67	2	1170
GO:0048034	heme O biosynthetic process	0/67	1/2122	0.0	1.0	1.0		0		Biological Process	0.0	0.000471253534401508	-0.0	-0.0		2122	67	1	1170
GO:0048518	positive regulation of biological process	0/67	5/2122	0.0	1.0	1.0		0		Biological Process	0.0	0.00235626767200754	-0.0	-0.0		2122	67	5	1170
GO:0048519	negative regulation of biological process	0/67	9/2122	0.0	1.0	1.0		0		Biological Process	0.0	0.004241281809613572	-0.0	-0.0		2122	67	9	1170
GO:0048522	positive regulation of cellular process	0/67	4/2122	0.0	1.0	1.0		0		Biological Process	0.0	0.001885014137606032	-0.0	-0.0		2122	67	4	1170
GO:0048523	negative regulation of cellular process	0/67	7/2122	0.0	1.0	1.0		0		Biological Process	0.0	0.003298774740810556	-0.0	-0.0		2122	67	7	1170
GO:0048583	regulation of response to stimulus	0/67	1/2122	0.0	1.0	1.0		0		Biological Process	0.0	0.000471253534401508	-0.0	-0.0		2122	67	1	1170
GO:0048585	negative regulation of response to stimulus	0/67	1/2122	0.0	1.0	1.0		0		Biological Process	0.0	0.000471253534401508	-0.0	-0.0		2122	67	1	1170
GO:0048856	anatomical structure development	0/67	1/2122	0.0	1.0	1.0		0		Biological Process	0.0	0.000471253534401508	-0.0	-0.0		2122	67	1	1170
GO:0048869	cellular developmental process	0/67	1/2122	0.0	1.0	1.0		0		Biological Process	0.0	0.000471253534401508	-0.0	-0.0		2122	67	1	1170
GO:0048878	chemical homeostasis	0/67	2/2122	0.0	1.0	1.0		0		Biological Process	0.0	0.000942507068803016	-0.0	-0.0		2122	67	2	1170
GO:0050657	nucleic acid transport	0/67	1/2122	0.0	1.0	1.0		0		Biological Process	0.0	0.000471253534401508	-0.0	-0.0		2122	67	1	1170
GO:0050776	regulation of immune response	0/67	1/2122	0.0	1.0	1.0		0		Biological Process	0.0	0.000471253534401508	-0.0	-0.0		2122	67	1	1170
GO:0050777	negative regulation of immune response	0/67	1/2122	0.0	1.0	1.0		0		Biological Process	0.0	0.000471253534401508	-0.0	-0.0		2122	67	1	1170
GO:0050789	regulation of biological process	0/67	21/2122	0.0	1.0	1.0		0		Biological Process	0.0	0.009896324222431668	-0.0	-0.0		2122	67	21	1170
GO:0050790	regulation of catalytic activity	0/67	7/2122	0.0	1.0	1.0		0		Biological Process	0.0	0.003298774740810556	-0.0	-0.0		2122	67	7	1170
GO:0050793	regulation of developmental process	0/67	1/2122	0.0	1.0	1.0		0		Biological Process	0.0	0.000471253534401508	-0.0	-0.0		2122	67	1	1170
GO:0050794	regulation of cellular process	0/67	17/2122	0.0	1.0	1.0		0		Biological Process	0.0	0.008011310084825637	-0.0	-0.0		2122	67	17	1170
GO:0050801	monoatomic ion homeostasis	0/67	1/2122	0.0	1.0	1.0		0		Biological Process	0.0	0.000471253534401508	-0.0	-0.0		2122	67	1	1170
GO:0050821	protein stabilization	0/67	3/2122	0.0	1.0	1.0		0		Biological Process	0.0	0.001413760603204524	-0.0	-0.0		2122	67	3	1170
GO:0050920	regulation of chemotaxis	0/67	1/2122	0.0	1.0	1.0		0		Biological Process	0.0	0.000471253534401508	-0.0	-0.0		2122	67	1	1170
GO:0050992	dimethylallyl diphosphate biosynthetic process	0/67	1/2122	0.0	1.0	1.0		0		Biological Process	0.0	0.000471253534401508	-0.0	-0.0		2122	67	1	1170
GO:0051027	DNA transport	0/67	1/2122	0.0	1.0	1.0		0		Biological Process	0.0	0.000471253534401508	-0.0	-0.0		2122	67	1	1170
GO:0051049	regulation of transport	0/67	1/2122	0.0	1.0	1.0		0		Biological Process	0.0	0.000471253534401508	-0.0	-0.0		2122	67	1	1170
GO:0051084	'de novo' post-translational protein folding	0/67	1/2122	0.0	1.0	1.0		0		Biological Process	0.0	0.000471253534401508	-0.0	-0.0		2122	67	1	1170
GO:0051085	chaperone cofactor-dependent protein refolding	0/67	1/2122	0.0	1.0	1.0		0		Biological Process	0.0	0.000471253534401508	-0.0	-0.0		2122	67	1	1170
GO:0051090	regulation of DNA-binding transcription factor activity	0/67	1/2122	0.0	1.0	1.0		0		Biological Process	0.0	0.000471253534401508	-0.0	-0.0		2122	67	1	1170
GO:0051091	positive regulation of DNA-binding transcription factor activity	0/67	1/2122	0.0	1.0	1.0		0		Biological Process	0.0	0.000471253534401508	-0.0	-0.0		2122	67	1	1170
GO:0051128	regulation of cellular component organization	0/67	6/2122	0.0	1.0	1.0		0		Biological Process	0.0	0.002827521206409048	-0.0	-0.0		2122	67	6	1170
GO:0051129	negative regulation of cellular component organization	0/67	1/2122	0.0	1.0	1.0		0		Biological Process	0.0	0.000471253534401508	-0.0	-0.0		2122	67	1	1170
GO:0051130	positive regulation of cellular component organization	0/67	2/2122	0.0	1.0	1.0		0		Biological Process	0.0	0.000942507068803016	-0.0	-0.0		2122	67	2	1170
GO:0051131	chaperone-mediated protein complex assembly	0/67	1/2122	0.0	1.0	1.0		0		Biological Process	0.0	0.000471253534401508	-0.0	-0.0		2122	67	1	1170
GO:0051171	regulation of nitrogen compound metabolic process	0/67	11/2122	0.0	1.0	1.0		0		Biological Process	0.0	0.0051837888784165885	-0.0	-0.0		2122	67	11	1170
GO:0051172	negative regulation of nitrogen compound metabolic process	0/67	3/2122	0.0	1.0	1.0		0		Biological Process	0.0	0.001413760603204524	-0.0	-0.0		2122	67	3	1170
GO:0051173	positive regulation of nitrogen compound metabolic process	0/67	2/2122	0.0	1.0	1.0		0		Biological Process	0.0	0.000942507068803016	-0.0	-0.0		2122	67	2	1170
GO:0051191	prosthetic group biosynthetic process	0/67	1/2122	0.0	1.0	1.0		0		Biological Process	0.0	0.000471253534401508	-0.0	-0.0		2122	67	1	1170
GO:0051205	protein insertion into membrane	0/67	6/2122	0.0	1.0	1.0		0		Biological Process	0.0	0.002827521206409048	-0.0	-0.0		2122	67	6	1170
GO:0051223	regulation of protein transport	0/67	1/2122	0.0	1.0	1.0		0		Biological Process	0.0	0.000471253534401508	-0.0	-0.0		2122	67	1	1170
GO:0051234	establishment of localization	0/67	9/2122	0.0	1.0	1.0		0		Biological Process	0.0	0.004241281809613572	-0.0	-0.0		2122	67	9	1170
GO:0051252	regulation of RNA metabolic process	0/67	11/2122	0.0	1.0	1.0		0		Biological Process	0.0	0.0051837888784165885	-0.0	-0.0		2122	67	11	1170
GO:0051253	negative regulation of RNA metabolic process	0/67	3/2122	0.0	1.0	1.0		0		Biological Process	0.0	0.001413760603204524	-0.0	-0.0		2122	67	3	1170
GO:0051254	positive regulation of RNA metabolic process	0/67	2/2122	0.0	1.0	1.0		0		Biological Process	0.0	0.000942507068803016	-0.0	-0.0		2122	67	2	1170
GO:0051258	protein polymerization	0/67	1/2122	0.0	1.0	1.0		0		Biological Process	0.0	0.000471253534401508	-0.0	-0.0		2122	67	1	1170
GO:0051259	protein complex oligomerization	0/67	8/2122	0.0	1.0	1.0		0		Biological Process	0.0	0.003770028275212064	-0.0	-0.0		2122	67	8	1170
GO:0051260	protein homooligomerization	0/67	2/2122	0.0	1.0	1.0		0		Biological Process	0.0	0.000942507068803016	-0.0	-0.0		2122	67	2	1170
GO:0051262	protein tetramerization	0/67	1/2122	0.0	1.0	1.0		0		Biological Process	0.0	0.000471253534401508	-0.0	-0.0		2122	67	1	1170
GO:0051273	beta-glucan metabolic process	0/67	1/2122	0.0	1.0	1.0		0		Biological Process	0.0	0.000471253534401508	-0.0	-0.0		2122	67	1	1170
GO:0051274	beta-glucan biosynthetic process	0/67	1/2122	0.0	1.0	1.0		0		Biological Process	0.0	0.000471253534401508	-0.0	-0.0		2122	67	1	1170
GO:0051276	chromosome organization	0/67	2/2122	0.0	1.0	1.0		0		Biological Process	0.0	0.000942507068803016	-0.0	-0.0		2122	67	2	1170
GO:0051301	cell division	0/67	33/2122	0.0	1.0	1.0		0		Biological Process	0.0	0.015551366635249765	-0.0	-0.0		2122	67	33	1170
GO:0051302	regulation of cell division	0/67	1/2122	0.0	1.0	1.0		0		Biological Process	0.0	0.000471253534401508	-0.0	-0.0		2122	67	1	1170
GO:0051336	regulation of hydrolase activity	0/67	3/2122	0.0	1.0	1.0		0		Biological Process	0.0	0.001413760603204524	-0.0	-0.0		2122	67	3	1170
GO:0051345	positive regulation of hydrolase activity	0/67	3/2122	0.0	1.0	1.0		0		Biological Process	0.0	0.001413760603204524	-0.0	-0.0		2122	67	3	1170
GO:0051391	tRNA acetylation	0/67	1/2122	0.0	1.0	1.0		0		Biological Process	0.0	0.000471253534401508	-0.0	-0.0		2122	67	1	1170
GO:0051409	response to nitrosative stress	0/67	2/2122	0.0	1.0	1.0		0		Biological Process	0.0	0.000942507068803016	-0.0	-0.0		2122	67	2	1170
GO:0051495	positive regulation of cytoskeleton organization	0/67	2/2122	0.0	1.0	1.0		0		Biological Process	0.0	0.000942507068803016	-0.0	-0.0		2122	67	2	1170
GO:0051595	response to methylglyoxal	0/67	1/2122	0.0	1.0	1.0		0		Biological Process	0.0	0.000471253534401508	-0.0	-0.0		2122	67	1	1170
GO:0051596	methylglyoxal catabolic process	0/67	2/2122	0.0	1.0	1.0		0		Biological Process	0.0	0.000942507068803016	-0.0	-0.0		2122	67	2	1170
GO:0051603	proteolysis involved in protein catabolic process	0/67	1/2122	0.0	1.0	1.0		0		Biological Process	0.0	0.000471253534401508	-0.0	-0.0		2122	67	1	1170
GO:0051604	protein maturation	0/67	9/2122	0.0	1.0	1.0		0		Biological Process	0.0	0.004241281809613572	-0.0	-0.0		2122	67	9	1170
GO:0051607	defense response to virus	0/67	3/2122	0.0	1.0	1.0		0		Biological Process	0.0	0.001413760603204524	-0.0	-0.0		2122	67	3	1170
GO:0051641	cellular localization	0/67	1/2122	0.0	1.0	1.0		0		Biological Process	0.0	0.000471253534401508	-0.0	-0.0		2122	67	1	1170
GO:0051701	biological process involved in interaction with host	0/67	4/2122	0.0	1.0	1.0		0		Biological Process	0.0	0.001885014137606032	-0.0	-0.0		2122	67	4	1170
GO:0051707	response to other organism	0/67	2/2122	0.0	1.0	1.0		0		Biological Process	0.0	0.000942507068803016	-0.0	-0.0		2122	67	2	1170
GO:0051775	response to redox state	0/67	1/2122	0.0	1.0	1.0		0		Biological Process	0.0	0.000471253534401508	-0.0	-0.0		2122	67	1	1170
GO:0051782	negative regulation of cell division	0/67	1/2122	0.0	1.0	1.0		0		Biological Process	0.0	0.000471253534401508	-0.0	-0.0		2122	67	1	1170
GO:0051806	symbiont entry into host	0/67	3/2122	0.0	1.0	1.0		0		Biological Process	0.0	0.001413760603204524	-0.0	-0.0		2122	67	3	1170
GO:0051828	symbiont entry into host	0/67	3/2122	0.0	1.0	1.0		0		Biological Process	0.0	0.001413760603204524	-0.0	-0.0		2122	67	3	1170
GO:0051832	symbiont-mediated perturbation of host defenses	0/67	1/2122	0.0	1.0	1.0		0		Biological Process	0.0	0.000471253534401508	-0.0	-0.0		2122	67	1	1170
GO:0051833	symbiont-mediated suppression of host defenses	0/67	1/2122	0.0	1.0	1.0		0		Biological Process	0.0	0.000471253534401508	-0.0	-0.0		2122	67	1	1170
GO:0052031	symbiont-mediated perturbation of host defense response	0/67	1/2122	0.0	1.0	1.0		0		Biological Process	0.0	0.000471253534401508	-0.0	-0.0		2122	67	1	1170
GO:0052037	symbiont-mediated suppression of host defenses	0/67	1/2122	0.0	1.0	1.0		0		Biological Process	0.0	0.000471253534401508	-0.0	-0.0		2122	67	1	1170
GO:0052167	perturbation of host innate immune response	0/67	1/2122	0.0	1.0	1.0		0		Biological Process	0.0	0.000471253534401508	-0.0	-0.0		2122	67	1	1170
GO:0052170	symbiont-mediated suppression of host innate immune response	0/67	1/2122	0.0	1.0	1.0		0		Biological Process	0.0	0.000471253534401508	-0.0	-0.0		2122	67	1	1170
GO:0052173	response to defenses of other organism	0/67	1/2122	0.0	1.0	1.0		0		Biological Process	0.0	0.000471253534401508	-0.0	-0.0		2122	67	1	1170
GO:0052200	response to host defenses	0/67	1/2122	0.0	1.0	1.0		0		Biological Process	0.0	0.000471253534401508	-0.0	-0.0		2122	67	1	1170
GO:0052255	symbiont-mediated perturbation of host defense response	0/67	1/2122	0.0	1.0	1.0		0		Biological Process	0.0	0.000471253534401508	-0.0	-0.0		2122	67	1	1170
GO:0052261	symbiont-mediated suppression of host defenses	0/67	1/2122	0.0	1.0	1.0		0		Biological Process	0.0	0.000471253534401508	-0.0	-0.0		2122	67	1	1170
GO:0052306	perturbation of host innate immune response	0/67	1/2122	0.0	1.0	1.0		0		Biological Process	0.0	0.000471253534401508	-0.0	-0.0		2122	67	1	1170
GO:0052309	symbiont-mediated suppression of host innate immune response	0/67	1/2122	0.0	1.0	1.0		0		Biological Process	0.0	0.000471253534401508	-0.0	-0.0		2122	67	1	1170
GO:0052547	regulation of peptidase activity	0/67	1/2122	0.0	1.0	1.0		0		Biological Process	0.0	0.000471253534401508	-0.0	-0.0		2122	67	1	1170
GO:0052552	symbiont-mediated perturbation of host immune response	0/67	1/2122	0.0	1.0	1.0		0		Biological Process	0.0	0.000471253534401508	-0.0	-0.0		2122	67	1	1170
GO:0052553	symbiont-mediated perturbation of host immune response	0/67	1/2122	0.0	1.0	1.0		0		Biological Process	0.0	0.000471253534401508	-0.0	-0.0		2122	67	1	1170
GO:0052561	symbiont-mediated suppression of host immune response	0/67	1/2122	0.0	1.0	1.0		0		Biological Process	0.0	0.000471253534401508	-0.0	-0.0		2122	67	1	1170
GO:0052562	symbiont-mediated suppression of host immune response	0/67	1/2122	0.0	1.0	1.0		0		Biological Process	0.0	0.000471253534401508	-0.0	-0.0		2122	67	1	1170
GO:0052564	response to host immune response	0/67	1/2122	0.0	1.0	1.0		0		Biological Process	0.0	0.000471253534401508	-0.0	-0.0		2122	67	1	1170
GO:0052572	response to host immune response	0/67	1/2122	0.0	1.0	1.0		0		Biological Process	0.0	0.000471253534401508	-0.0	-0.0		2122	67	1	1170
GO:0052777	diacetylchitobiose catabolic process	0/67	1/2122	0.0	1.0	1.0		0		Biological Process	0.0	0.000471253534401508	-0.0	-0.0		2122	67	1	1170
GO:0052803	imidazole-containing compound metabolic process	0/67	1/2122	0.0	1.0	1.0		0		Biological Process	0.0	0.000471253534401508	-0.0	-0.0		2122	67	1	1170
GO:0052837	thiazole biosynthetic process	0/67	1/2122	0.0	1.0	1.0		0		Biological Process	0.0	0.000471253534401508	-0.0	-0.0		2122	67	1	1170
GO:0055070	copper ion homeostasis	0/67	1/2122	0.0	1.0	1.0		0		Biological Process	0.0	0.000471253534401508	-0.0	-0.0		2122	67	1	1170
GO:0055080	monoatomic cation homeostasis	0/67	1/2122	0.0	1.0	1.0		0		Biological Process	0.0	0.000471253534401508	-0.0	-0.0		2122	67	1	1170
GO:0055082	intracellular chemical homeostasis	0/67	2/2122	0.0	1.0	1.0		0		Biological Process	0.0	0.000942507068803016	-0.0	-0.0		2122	67	2	1170
GO:0055086	nucleobase-containing small molecule metabolic process	0/67	2/2122	0.0	1.0	1.0		0		Biological Process	0.0	0.000942507068803016	-0.0	-0.0		2122	67	2	1170
GO:0055129	L-proline biosynthetic process	0/67	1/2122	0.0	1.0	1.0		0		Biological Process	0.0	0.000471253534401508	-0.0	-0.0		2122	67	1	1170
GO:0060255	regulation of macromolecule metabolic process	0/67	14/2122	0.0	1.0	1.0		0		Biological Process	0.0	0.006597549481621112	-0.0	-0.0		2122	67	14	1170
GO:0060274	maintenance of stationary phase	0/67	1/2122	0.0	1.0	1.0		0		Biological Process	0.0	0.000471253534401508	-0.0	-0.0		2122	67	1	1170
GO:0060341	regulation of cellular localization	0/67	1/2122	0.0	1.0	1.0		0		Biological Process	0.0	0.000471253534401508	-0.0	-0.0		2122	67	1	1170
GO:0060491	regulation of cell projection assembly	0/67	2/2122	0.0	1.0	1.0		0		Biological Process	0.0	0.000942507068803016	-0.0	-0.0		2122	67	2	1170
GO:0060566	positive regulation of termination of DNA-templated transcription	0/67	1/2122	0.0	1.0	1.0		0		Biological Process	0.0	0.000471253534401508	-0.0	-0.0		2122	67	1	1170
GO:0060567	negative regulation of termination of DNA-templated transcription	0/67	2/2122	0.0	1.0	1.0		0		Biological Process	0.0	0.000942507068803016	-0.0	-0.0		2122	67	2	1170
GO:0060701	negative regulation of ribonuclease activity	0/67	1/2122	0.0	1.0	1.0		0		Biological Process	0.0	0.000471253534401508	-0.0	-0.0		2122	67	1	1170
GO:0061024	membrane organization	0/67	2/2122	0.0	1.0	1.0		0		Biological Process	0.0	0.000942507068803016	-0.0	-0.0		2122	67	2	1170
GO:0061077	chaperone-mediated protein folding	0/67	10/2122	0.0	1.0	1.0		0		Biological Process	0.0	0.00471253534401508	-0.0	-0.0		2122	67	10	1170
GO:0061727	methylglyoxal catabolic process to lactate	0/67	1/2122	0.0	1.0	1.0		0		Biological Process	0.0	0.000471253534401508	-0.0	-0.0		2122	67	1	1170
GO:0065002	intracellular protein transmembrane transport	0/67	4/2122	0.0	1.0	1.0		0		Biological Process	0.0	0.001885014137606032	-0.0	-0.0		2122	67	4	1170
GO:0065003	protein-containing complex assembly	0/67	5/2122	0.0	1.0	1.0		0		Biological Process	0.0	0.00235626767200754	-0.0	-0.0		2122	67	5	1170
GO:0065007	biological regulation	0/67	33/2122	0.0	1.0	1.0		0		Biological Process	0.0	0.015551366635249765	-0.0	-0.0		2122	67	33	1170
GO:0065008	regulation of biological quality	0/67	6/2122	0.0	1.0	1.0		0		Biological Process	0.0	0.002827521206409048	-0.0	-0.0		2122	67	6	1170
GO:0065009	regulation of molecular function	0/67	9/2122	0.0	1.0	1.0		0		Biological Process	0.0	0.004241281809613572	-0.0	-0.0		2122	67	9	1170
GO:0070201	regulation of establishment of protein localization	0/67	1/2122	0.0	1.0	1.0		0		Biological Process	0.0	0.000471253534401508	-0.0	-0.0		2122	67	1	1170
GO:0070206	protein trimerization	0/67	3/2122	0.0	1.0	1.0		0		Biological Process	0.0	0.001413760603204524	-0.0	-0.0		2122	67	3	1170
GO:0070207	protein homotrimerization	0/67	2/2122	0.0	1.0	1.0		0		Biological Process	0.0	0.000942507068803016	-0.0	-0.0		2122	67	2	1170
GO:0070417	cellular response to cold	0/67	1/2122	0.0	1.0	1.0		0		Biological Process	0.0	0.000471253534401508	-0.0	-0.0		2122	67	1	1170
GO:0070475	rRNA base methylation	0/67	2/2122	0.0	1.0	1.0		0		Biological Process	0.0	0.000942507068803016	-0.0	-0.0		2122	67	2	1170
GO:0070727	cellular macromolecule localization	0/67	1/2122	0.0	1.0	1.0		0		Biological Process	0.0	0.000471253534401508	-0.0	-0.0		2122	67	1	1170
GO:0070814	hydrogen sulfide biosynthetic process	0/67	3/2122	0.0	1.0	1.0		0		Biological Process	0.0	0.001413760603204524	-0.0	-0.0		2122	67	3	1170
GO:0070838	metal ion transport	0/67	1/2122	0.0	1.0	1.0		0		Biological Process	0.0	0.000471253534401508	-0.0	-0.0		2122	67	1	1170
GO:0071214	cellular response to abiotic stimulus	0/67	4/2122	0.0	1.0	1.0		0		Biological Process	0.0	0.001885014137606032	-0.0	-0.0		2122	67	4	1170
GO:0071466	cellular response to xenobiotic stimulus	0/67	1/2122	0.0	1.0	1.0		0		Biological Process	0.0	0.000471253534401508	-0.0	-0.0		2122	67	1	1170
GO:0071467	cellular response to pH	0/67	3/2122	0.0	1.0	1.0		0		Biological Process	0.0	0.001413760603204524	-0.0	-0.0		2122	67	3	1170
GO:0071470	cellular response to osmotic stress	0/67	1/2122	0.0	1.0	1.0		0		Biological Process	0.0	0.000471253534401508	-0.0	-0.0		2122	67	1	1170
GO:0071474	cellular hyperosmotic response	0/67	1/2122	0.0	1.0	1.0		0		Biological Process	0.0	0.000471253534401508	-0.0	-0.0		2122	67	1	1170
GO:0071478	cellular response to radiation	0/67	1/2122	0.0	1.0	1.0		0		Biological Process	0.0	0.000471253534401508	-0.0	-0.0		2122	67	1	1170
GO:0071482	cellular response to light stimulus	0/67	1/2122	0.0	1.0	1.0		0		Biological Process	0.0	0.000471253534401508	-0.0	-0.0		2122	67	1	1170
GO:0071496	cellular response to external stimulus	0/67	9/2122	0.0	1.0	1.0		0		Biological Process	0.0	0.004241281809613572	-0.0	-0.0		2122	67	9	1170
GO:0071555	cell wall organization	0/67	43/2122	0.0	1.0	1.0		0		Biological Process	0.0	0.020263901979264844	-0.0	-0.0		2122	67	43	1170
GO:0071705	nitrogen compound transport	0/67	7/2122	0.0	1.0	1.0		0		Biological Process	0.0	0.003298774740810556	-0.0	-0.0		2122	67	7	1170
GO:0071709	membrane assembly	0/67	2/2122	0.0	1.0	1.0		0		Biological Process	0.0	0.000942507068803016	-0.0	-0.0		2122	67	2	1170
GO:0071804	potassium ion transport	0/67	1/2122	0.0	1.0	1.0		0		Biological Process	0.0	0.000471253534401508	-0.0	-0.0		2122	67	1	1170
GO:0071805	potassium ion transmembrane transport	0/67	1/2122	0.0	1.0	1.0		0		Biological Process	0.0	0.000471253534401508	-0.0	-0.0		2122	67	1	1170
GO:0071806	protein transmembrane transport	0/67	1/2122	0.0	1.0	1.0		0		Biological Process	0.0	0.000471253534401508	-0.0	-0.0		2122	67	1	1170
GO:0071840	cellular component organization or biogenesis	0/67	12/2122	0.0	1.0	1.0		0		Biological Process	0.0	0.005655042412818096	-0.0	-0.0		2122	67	12	1170
GO:0071897	DNA biosynthetic process	0/67	1/2122	0.0	1.0	1.0		0		Biological Process	0.0	0.000471253534401508	-0.0	-0.0		2122	67	1	1170
GO:0071915	protein-lysine lysylation	0/67	1/2122	0.0	1.0	1.0		0		Biological Process	0.0	0.000471253534401508	-0.0	-0.0		2122	67	1	1170
GO:0071945	regulation of bacterial-type flagellum-dependent cell motility by regulation of motor speed	0/67	1/2122	0.0	1.0	1.0		0		Biological Process	0.0	0.000471253534401508	-0.0	-0.0		2122	67	1	1170
GO:0072329	monocarboxylic acid catabolic process	0/67	3/2122	0.0	1.0	1.0		0		Biological Process	0.0	0.001413760603204524	-0.0	-0.0		2122	67	3	1170
GO:0072330	monocarboxylic acid biosynthetic process	0/67	1/2122	0.0	1.0	1.0		0		Biological Process	0.0	0.000471253534401508	-0.0	-0.0		2122	67	1	1170
GO:0072344	rescue of stalled ribosome	0/67	1/2122	0.0	1.0	1.0		0		Biological Process	0.0	0.000471253534401508	-0.0	-0.0		2122	67	1	1170
GO:0072350	tricarboxylic acid metabolic process	0/67	1/2122	0.0	1.0	1.0		0		Biological Process	0.0	0.000471253534401508	-0.0	-0.0		2122	67	1	1170
GO:0072488	ammonium transmembrane transport	0/67	1/2122	0.0	1.0	1.0		0		Biological Process	0.0	0.000471253534401508	-0.0	-0.0		2122	67	1	1170
GO:0072511	inorganic cation transmembrane transport	0/67	1/2122	0.0	1.0	1.0		0		Biological Process	0.0	0.000471253534401508	-0.0	-0.0		2122	67	1	1170
GO:0072512	monoatomic cation transport	0/67	1/2122	0.0	1.0	1.0		0		Biological Process	0.0	0.000471253534401508	-0.0	-0.0		2122	67	1	1170
GO:0072524	pyridine-containing compound metabolic process	0/67	1/2122	0.0	1.0	1.0		0		Biological Process	0.0	0.000471253534401508	-0.0	-0.0		2122	67	1	1170
GO:0072525	pyridine-containing compound biosynthetic process	0/67	1/2122	0.0	1.0	1.0		0		Biological Process	0.0	0.000471253534401508	-0.0	-0.0		2122	67	1	1170
GO:0072593	reactive oxygen species metabolic process	0/67	1/2122	0.0	1.0	1.0		0		Biological Process	0.0	0.000471253534401508	-0.0	-0.0		2122	67	1	1170
GO:0072657	protein localization to membrane	0/67	1/2122	0.0	1.0	1.0		0		Biological Process	0.0	0.000471253534401508	-0.0	-0.0		2122	67	1	1170
GO:0075136	response to host	0/67	1/2122	0.0	1.0	1.0		0		Biological Process	0.0	0.000471253534401508	-0.0	-0.0		2122	67	1	1170
GO:0075713	establishment of integrated proviral latency	0/67	1/2122	0.0	1.0	1.0		0		Biological Process	0.0	0.000471253534401508	-0.0	-0.0		2122	67	1	1170
GO:0080090	regulation of primary metabolic process	0/67	11/2122	0.0	1.0	1.0		0		Biological Process	0.0	0.0051837888784165885	-0.0	-0.0		2122	67	11	1170
GO:0080134	regulation of response to stress	0/67	1/2122	0.0	1.0	1.0		0		Biological Process	0.0	0.000471253534401508	-0.0	-0.0		2122	67	1	1170
GO:0090071	negative regulation of ribosome biogenesis	0/67	1/2122	0.0	1.0	1.0		0		Biological Process	0.0	0.000471253534401508	-0.0	-0.0		2122	67	1	1170
GO:0090087	regulation of peptide transport	0/67	1/2122	0.0	1.0	1.0		0		Biological Process	0.0	0.000471253534401508	-0.0	-0.0		2122	67	1	1170
GO:0090150	establishment of protein localization to membrane	0/67	1/2122	0.0	1.0	1.0		0		Biological Process	0.0	0.000471253534401508	-0.0	-0.0		2122	67	1	1170
GO:0090313	regulation of protein targeting to membrane	0/67	1/2122	0.0	1.0	1.0		0		Biological Process	0.0	0.000471253534401508	-0.0	-0.0		2122	67	1	1170
GO:0090407	organophosphate biosynthetic process	0/67	2/2122	0.0	1.0	1.0		0		Biological Process	0.0	0.000942507068803016	-0.0	-0.0		2122	67	2	1170
GO:0090529	cell septum assembly	0/67	2/2122	0.0	1.0	1.0		0		Biological Process	0.0	0.000942507068803016	-0.0	-0.0		2122	67	2	1170
GO:0090540	bacterial cellulose biosynthetic process	0/67	1/2122	0.0	1.0	1.0		0		Biological Process	0.0	0.000471253534401508	-0.0	-0.0		2122	67	1	1170
GO:0097164	ammonium ion metabolic process	0/67	1/2122	0.0	1.0	1.0		0		Biological Process	0.0	0.000471253534401508	-0.0	-0.0		2122	67	1	1170
GO:0097171	ADP-L-glycero-beta-D-manno-heptose biosynthetic process	0/67	1/2122	0.0	1.0	1.0		0		Biological Process	0.0	0.000471253534401508	-0.0	-0.0		2122	67	1	1170
GO:0097173	N-acetylmuramic acid catabolic process	0/67	1/2122	0.0	1.0	1.0		0		Biological Process	0.0	0.000471253534401508	-0.0	-0.0		2122	67	1	1170
GO:0097305	response to alcohol	0/67	1/2122	0.0	1.0	1.0		0		Biological Process	0.0	0.000471253534401508	-0.0	-0.0		2122	67	1	1170
GO:0097428	protein maturation by iron-sulfur cluster transfer	0/67	1/2122	0.0	1.0	1.0		0		Biological Process	0.0	0.000471253534401508	-0.0	-0.0		2122	67	1	1170
GO:0098586	cellular response to virus	0/67	1/2122	0.0	1.0	1.0		0		Biological Process	0.0	0.000471253534401508	-0.0	-0.0		2122	67	1	1170
GO:0098655	monoatomic cation transmembrane transport	0/67	2/2122	0.0	1.0	1.0		0		Biological Process	0.0	0.000942507068803016	-0.0	-0.0		2122	67	2	1170
GO:0098656	monoatomic anion transmembrane transport	0/67	1/2122	0.0	1.0	1.0		0		Biological Process	0.0	0.000471253534401508	-0.0	-0.0		2122	67	1	1170
GO:0098657	import into cell	0/67	1/2122	0.0	1.0	1.0		0		Biological Process	0.0	0.000471253534401508	-0.0	-0.0		2122	67	1	1170
GO:0098660	inorganic ion transmembrane transport	0/67	2/2122	0.0	1.0	1.0		0		Biological Process	0.0	0.000942507068803016	-0.0	-0.0		2122	67	2	1170
GO:0098662	inorganic cation transmembrane transport	0/67	2/2122	0.0	1.0	1.0		0		Biological Process	0.0	0.000942507068803016	-0.0	-0.0		2122	67	2	1170
GO:0098754	detoxification	0/67	3/2122	0.0	1.0	1.0		0		Biological Process	0.0	0.001413760603204524	-0.0	-0.0		2122	67	3	1170
GO:0098771	inorganic ion homeostasis	0/67	1/2122	0.0	1.0	1.0		0		Biological Process	0.0	0.000471253534401508	-0.0	-0.0		2122	67	1	1170
GO:0098869	cellular oxidant detoxification	0/67	2/2122	0.0	1.0	1.0		0		Biological Process	0.0	0.000942507068803016	-0.0	-0.0		2122	67	2	1170
GO:0101030	tRNA-guanine transglycosylation	0/67	1/2122	0.0	1.0	1.0		0		Biological Process	0.0	0.000471253534401508	-0.0	-0.0		2122	67	1	1170
GO:0104004	cellular response to environmental stimulus	0/67	4/2122	0.0	1.0	1.0		0		Biological Process	0.0	0.001885014137606032	-0.0	-0.0		2122	67	4	1170
GO:0106035	protein maturation by [4Fe-4S] cluster transfer	0/67	1/2122	0.0	1.0	1.0		0		Biological Process	0.0	0.000471253534401508	-0.0	-0.0		2122	67	1	1170
GO:0140647	P450-containing electron transport chain	0/67	1/2122	0.0	1.0	1.0		0		Biological Process	0.0	0.000471253534401508	-0.0	-0.0		2122	67	1	1170
GO:1900190	regulation of single-species biofilm formation	0/67	4/2122	0.0	1.0	1.0		0		Biological Process	0.0	0.001885014137606032	-0.0	-0.0		2122	67	4	1170
GO:1900191	negative regulation of single-species biofilm formation	0/67	4/2122	0.0	1.0	1.0		0		Biological Process	0.0	0.001885014137606032	-0.0	-0.0		2122	67	4	1170
GO:1900231	regulation of single-species biofilm formation on inanimate substrate	0/67	2/2122	0.0	1.0	1.0		0		Biological Process	0.0	0.000942507068803016	-0.0	-0.0		2122	67	2	1170
GO:1900232	negative regulation of single-species biofilm formation on inanimate substrate	0/67	2/2122	0.0	1.0	1.0		0		Biological Process	0.0	0.000942507068803016	-0.0	-0.0		2122	67	2	1170
GO:1900751	4-(trimethylammonio)butanoate transport	0/67	1/2122	0.0	1.0	1.0		0		Biological Process	0.0	0.000471253534401508	-0.0	-0.0		2122	67	1	1170
GO:1900754	4-hydroxyphenylacetate transport	0/67	1/2122	0.0	1.0	1.0		0		Biological Process	0.0	0.000471253534401508	-0.0	-0.0		2122	67	1	1170
GO:1901023	4-hydroxyphenylacetate catabolic process	0/67	1/2122	0.0	1.0	1.0		0		Biological Process	0.0	0.000471253534401508	-0.0	-0.0		2122	67	1	1170
GO:1901135	carbohydrate derivative metabolic process	0/67	13/2122	0.0	1.0	1.0		0		Biological Process	0.0	0.006126295947219604	-0.0	-0.0		2122	67	13	1170
GO:1901137	carbohydrate derivative biosynthetic process	0/67	4/2122	0.0	1.0	1.0		0		Biological Process	0.0	0.001885014137606032	-0.0	-0.0		2122	67	4	1170
GO:1901293	nucleoside phosphate biosynthetic process	0/67	2/2122	0.0	1.0	1.0		0		Biological Process	0.0	0.000942507068803016	-0.0	-0.0		2122	67	2	1170
GO:1901361	organic cyclic compound catabolic process	0/67	4/2122	0.0	1.0	1.0		0		Biological Process	0.0	0.001885014137606032	-0.0	-0.0		2122	67	4	1170
GO:1901362	organic cyclic compound biosynthetic process	0/67	8/2122	0.0	1.0	1.0		0		Biological Process	0.0	0.003770028275212064	-0.0	-0.0		2122	67	8	1170
GO:1901367	response to L-cysteine	0/67	1/2122	0.0	1.0	1.0		0		Biological Process	0.0	0.000471253534401508	-0.0	-0.0		2122	67	1	1170
GO:1901381	positive regulation of potassium ion transmembrane transport	0/67	2/2122	0.0	1.0	1.0		0		Biological Process	0.0	0.000942507068803016	-0.0	-0.0		2122	67	2	1170
GO:1901422	response to butan-1-ol	0/67	1/2122	0.0	1.0	1.0		0		Biological Process	0.0	0.000471253534401508	-0.0	-0.0		2122	67	1	1170
GO:1901564	organonitrogen compound metabolic process	0/67	17/2122	0.0	1.0	1.0		0		Biological Process	0.0	0.008011310084825637	-0.0	-0.0		2122	67	17	1170
GO:1901565	organonitrogen compound catabolic process	0/67	2/2122	0.0	1.0	1.0		0		Biological Process	0.0	0.000942507068803016	-0.0	-0.0		2122	67	2	1170
GO:1901566	organonitrogen compound biosynthetic process	0/67	5/2122	0.0	1.0	1.0		0		Biological Process	0.0	0.00235626767200754	-0.0	-0.0		2122	67	5	1170
GO:1901575	organic substance catabolic process	0/67	10/2122	0.0	1.0	1.0		0		Biological Process	0.0	0.00471253534401508	-0.0	-0.0		2122	67	10	1170
GO:1901576	organic substance biosynthetic process	0/67	21/2122	0.0	1.0	1.0		0		Biological Process	0.0	0.009896324222431668	-0.0	-0.0		2122	67	21	1170
GO:1901606	alpha-amino acid catabolic process	0/67	1/2122	0.0	1.0	1.0		0		Biological Process	0.0	0.000471253534401508	-0.0	-0.0		2122	67	1	1170
GO:1901607	alpha-amino acid biosynthetic process	0/67	2/2122	0.0	1.0	1.0		0		Biological Process	0.0	0.000942507068803016	-0.0	-0.0		2122	67	2	1170
GO:1901615	organic hydroxy compound metabolic process	0/67	1/2122	0.0	1.0	1.0		0		Biological Process	0.0	0.000471253534401508	-0.0	-0.0		2122	67	1	1170
GO:1901617	organic hydroxy compound biosynthetic process	0/67	1/2122	0.0	1.0	1.0		0		Biological Process	0.0	0.000471253534401508	-0.0	-0.0		2122	67	1	1170
GO:1901652	response to peptide	0/67	2/2122	0.0	1.0	1.0		0		Biological Process	0.0	0.000942507068803016	-0.0	-0.0		2122	67	2	1170
GO:1901678	iron coordination entity transport	0/67	1/2122	0.0	1.0	1.0		0		Biological Process	0.0	0.000471253534401508	-0.0	-0.0		2122	67	1	1170
GO:1901698	response to nitrogen compound	0/67	3/2122	0.0	1.0	1.0		0		Biological Process	0.0	0.001413760603204524	-0.0	-0.0		2122	67	3	1170
GO:1901891	regulation of cell septum assembly	0/67	1/2122	0.0	1.0	1.0		0		Biological Process	0.0	0.000471253534401508	-0.0	-0.0		2122	67	1	1170
GO:1902021	regulation of bacterial-type flagellum-dependent cell motility	0/67	1/2122	0.0	1.0	1.0		0		Biological Process	0.0	0.000471253534401508	-0.0	-0.0		2122	67	1	1170
GO:1902022	L-lysine transport	0/67	1/2122	0.0	1.0	1.0		0		Biological Process	0.0	0.000471253534401508	-0.0	-0.0		2122	67	1	1170
GO:1902115	regulation of organelle assembly	0/67	1/2122	0.0	1.0	1.0		0		Biological Process	0.0	0.000471253534401508	-0.0	-0.0		2122	67	1	1170
GO:1902116	negative regulation of organelle assembly	0/67	1/2122	0.0	1.0	1.0		0		Biological Process	0.0	0.000471253534401508	-0.0	-0.0		2122	67	1	1170
GO:1902201	negative regulation of bacterial-type flagellum-dependent cell motility	0/67	2/2122	0.0	1.0	1.0		0		Biological Process	0.0	0.000942507068803016	-0.0	-0.0		2122	67	2	1170
GO:1902208	regulation of bacterial-type flagellum assembly	0/67	3/2122	0.0	1.0	1.0		0		Biological Process	0.0	0.001413760603204524	-0.0	-0.0		2122	67	3	1170
GO:1902209	negative regulation of bacterial-type flagellum assembly	0/67	1/2122	0.0	1.0	1.0		0		Biological Process	0.0	0.000471253534401508	-0.0	-0.0		2122	67	1	1170
GO:1902358	sulfate transmembrane transport	0/67	3/2122	0.0	1.0	1.0		0		Biological Process	0.0	0.001413760603204524	-0.0	-0.0		2122	67	3	1170
GO:1902475	L-alpha-amino acid transmembrane transport	0/67	1/2122	0.0	1.0	1.0		0		Biological Process	0.0	0.000471253534401508	-0.0	-0.0		2122	67	1	1170
GO:1902600	proton transmembrane transport	0/67	2/2122	0.0	1.0	1.0		0		Biological Process	0.0	0.000942507068803016	-0.0	-0.0		2122	67	2	1170
GO:1902679	negative regulation of RNA biosynthetic process	0/67	3/2122	0.0	1.0	1.0		0		Biological Process	0.0	0.001413760603204524	-0.0	-0.0		2122	67	3	1170
GO:1902680	positive regulation of RNA biosynthetic process	0/67	2/2122	0.0	1.0	1.0		0		Biological Process	0.0	0.000942507068803016	-0.0	-0.0		2122	67	2	1170
GO:1902777	6-sulfoquinovose(1-) catabolic process	0/67	4/2122	0.0	1.0	1.0		0		Biological Process	0.0	0.001885014137606032	-0.0	-0.0		2122	67	4	1170
GO:1903401	L-lysine transmembrane transport	0/67	1/2122	0.0	1.0	1.0		0		Biological Process	0.0	0.000471253534401508	-0.0	-0.0		2122	67	1	1170
GO:1903509	liposaccharide metabolic process	0/67	3/2122	0.0	1.0	1.0		0		Biological Process	0.0	0.001413760603204524	-0.0	-0.0		2122	67	3	1170
GO:1903533	regulation of protein targeting	0/67	1/2122	0.0	1.0	1.0		0		Biological Process	0.0	0.000471253534401508	-0.0	-0.0		2122	67	1	1170
GO:1903656	regulation of type IV pilus biogenesis	0/67	1/2122	0.0	1.0	1.0		0		Biological Process	0.0	0.000471253534401508	-0.0	-0.0		2122	67	1	1170
GO:1903658	positive regulation of type IV pilus biogenesis	0/67	1/2122	0.0	1.0	1.0		0		Biological Process	0.0	0.000471253534401508	-0.0	-0.0		2122	67	1	1170
GO:1903825	organic acid transmembrane transport	0/67	1/2122	0.0	1.0	1.0		0		Biological Process	0.0	0.000471253534401508	-0.0	-0.0		2122	67	1	1170
GO:1903827	regulation of protein localization	0/67	1/2122	0.0	1.0	1.0		0		Biological Process	0.0	0.000471253534401508	-0.0	-0.0		2122	67	1	1170
GO:1904823	purine nucleobase transmembrane transport	0/67	2/2122	0.0	1.0	1.0		0		Biological Process	0.0	0.000942507068803016	-0.0	-0.0		2122	67	2	1170
GO:1905039	carboxylic acid transmembrane transport	0/67	1/2122	0.0	1.0	1.0		0		Biological Process	0.0	0.000471253534401508	-0.0	-0.0		2122	67	1	1170
GO:1905475	regulation of protein localization to membrane	0/67	1/2122	0.0	1.0	1.0		0		Biological Process	0.0	0.000471253534401508	-0.0	-0.0		2122	67	1	1170
GO:1905887	autoinducer AI-2 transmembrane transport	0/67	1/2122	0.0	1.0	1.0		0		Biological Process	0.0	0.000471253534401508	-0.0	-0.0		2122	67	1	1170
GO:1990397	queuosine salvage	0/67	1/2122	0.0	1.0	1.0		0		Biological Process	0.0	0.000471253534401508	-0.0	-0.0		2122	67	1	1170
GO:1990451	cellular stress response to acidic pH	0/67	1/2122	0.0	1.0	1.0		0		Biological Process	0.0	0.000471253534401508	-0.0	-0.0		2122	67	1	1170
GO:1990748	cellular detoxification	0/67	2/2122	0.0	1.0	1.0		0		Biological Process	0.0	0.000942507068803016	-0.0	-0.0		2122	67	2	1170
GO:1990822	basic amino acid transmembrane transport	0/67	1/2122	0.0	1.0	1.0		0		Biological Process	0.0	0.000471253534401508	-0.0	-0.0		2122	67	1	1170
GO:1990961	xenobiotic detoxification by transmembrane export across the plasma membrane	0/67	8/2122	0.0	1.0	1.0		0		Biological Process	0.0	0.003770028275212064	-0.0	-0.0		2122	67	8	1170
GO:2000145	regulation of cell motility	0/67	3/2122	0.0	1.0	1.0		0		Biological Process	0.0	0.001413760603204524	-0.0	-0.0		2122	67	3	1170
GO:2000146	negative regulation of cell motility	0/67	1/2122	0.0	1.0	1.0		0		Biological Process	0.0	0.000471253534401508	-0.0	-0.0		2122	67	1	1170
GO:2000147	positive regulation of cell motility	0/67	1/2122	0.0	1.0	1.0		0		Biological Process	0.0	0.000471253534401508	-0.0	-0.0		2122	67	1	1170
GO:2000372	negative regulation of DNA topoisomerase (ATP-hydrolyzing) activity	0/67	1/2122	0.0	1.0	1.0		0		Biological Process	0.0	0.000471253534401508	-0.0	-0.0		2122	67	1	1170
GO:2001141	regulation of RNA biosynthetic process	0/67	11/2122	0.0	1.0	1.0		0		Biological Process	0.0	0.0051837888784165885	-0.0	-0.0		2122	67	11	1170
