ID	Description	GeneRatio	BgRatio	enrich_factor	pvalue	qvalue	geneID	gene_number	Contained	Ontology	GeneRatio_num	BgRatio_num	negLog10p	negLog10q	direction	background_genes	foreground_genes	background_term_genes	BH_family_terms
GO:0004803	transposase activity	12/75	37/2783	12.034594594594594	6.462935752863266e-11	8.375964735710792e-08	TH2_HKNPDCAD_00139;TH2_HKNPDCAD_05151;TH2_HKNPDCAD_05165;TH2_HKNPDCAD_05167;TH2_HKNPDCAD_05196;TH2_HKNPDCAD_05220;TH2_HKNPDCAD_05233;TH2_HKNPDCAD_05234;TH2_HKNPDCAD_05235;TH2_HKNPDCAD_05252;TH2_HKNPDCAD_05261;TH2_HKNPDCAD_05315	12	down	Molecular Function	0.16	0.01329500538986705	10.189570161316325	7.076965159781751	down	2783	75	37	1296
GO:0003677	DNA binding	26/75	335/2783	2.87992039800995	1.8930570452535575e-07	0.00012267009653243053	TH2_HKNPDCAD_00008;TH2_HKNPDCAD_00121;TH2_HKNPDCAD_01095;TH2_HKNPDCAD_01459;TH2_HKNPDCAD_02946;TH2_HKNPDCAD_03952;TH2_HKNPDCAD_05141;TH2_HKNPDCAD_05151;TH2_HKNPDCAD_05165;TH2_HKNPDCAD_05167;TH2_HKNPDCAD_05179;TH2_HKNPDCAD_05180;TH2_HKNPDCAD_05193;TH2_HKNPDCAD_05196;TH2_HKNPDCAD_05198;TH2_HKNPDCAD_05214;TH2_HKNPDCAD_05220;TH2_HKNPDCAD_05226;TH2_HKNPDCAD_05233;TH2_HKNPDCAD_05234;TH2_HKNPDCAD_05235;TH2_HKNPDCAD_05251;TH2_HKNPDCAD_05252;TH2_HKNPDCAD_05256;TH2_HKNPDCAD_05261;TH2_HKNPDCAD_05315	26	up&down	Molecular Function	0.3466666666666667	0.12037369744879627	6.722836298838338	3.9112612929677444	up&down	2783	75	335	1296
GO:0004455	ketol-acid reductoisomerase activity	1/75	1/2783	37.10666666666667	0.026949335249693153	1.0	TH2_HKNPDCAD_02220	1	down	Molecular Function	0.013333333333333334	0.00035932446999640676	1.5694519429429448	-0.0	down	2783	75	1	1296
GO:0004854	xanthine dehydrogenase activity	1/75	1/2783	37.10666666666667	0.026949335249693153	1.0	TH2_HKNPDCAD_01231	1	down	Molecular Function	0.013333333333333334	0.00035932446999640676	1.5694519429429448	-0.0	down	2783	75	1	1296
GO:0008814	citrate CoA-transferase activity	1/75	1/2783	37.10666666666667	0.026949335249693153	1.0	TH2_HKNPDCAD_03609	1	down	Molecular Function	0.013333333333333334	0.00035932446999640676	1.5694519429429448	-0.0	down	2783	75	1	1296
GO:0008815	citrate (pro-3S)-lyase activity	1/75	1/2783	37.10666666666667	0.026949335249693153	1.0	TH2_HKNPDCAD_03609	1	down	Molecular Function	0.013333333333333334	0.00035932446999640676	1.5694519429429448	-0.0	down	2783	75	1	1296
GO:0008816	citryl-CoA lyase activity	1/75	1/2783	37.10666666666667	0.026949335249693153	1.0	TH2_HKNPDCAD_03610	1	down	Molecular Function	0.013333333333333334	0.00035932446999640676	1.5694519429429448	-0.0	down	2783	75	1	1296
GO:0009035	type I site-specific deoxyribonuclease activity	1/75	1/2783	37.10666666666667	0.026949335249693153	1.0	TH2_HKNPDCAD_05179	1	down	Molecular Function	0.013333333333333334	0.00035932446999640676	1.5694519429429448	-0.0	down	2783	75	1	1296
GO:0015109	chromate transmembrane transporter activity	1/75	1/2783	37.10666666666667	0.026949335249693153	1.0	TH2_HKNPDCAD_05207	1	down	Molecular Function	0.013333333333333334	0.00035932446999640676	1.5694519429429448	-0.0	down	2783	75	1	1296
GO:0016759	cellulose synthase activity	1/75	1/2783	37.10666666666667	0.026949335249693153	1.0	TH2_HKNPDCAD_05158	1	down	Molecular Function	0.013333333333333334	0.00035932446999640676	1.5694519429429448	-0.0	down	2783	75	1	1296
GO:0043737	deoxyribonuclease V activity	1/75	1/2783	37.10666666666667	0.026949335249693153	1.0	TH2_HKNPDCAD_02470	1	up	Molecular Function	0.013333333333333334	0.00035932446999640676	1.5694519429429448	-0.0	up	2783	75	1	1296
GO:0050138	nicotinate dehydrogenase activity	1/75	1/2783	37.10666666666667	0.026949335249693153	1.0	TH2_HKNPDCAD_01231	1	down	Molecular Function	0.013333333333333334	0.00035932446999640676	1.5694519429429448	-0.0	down	2783	75	1	1296
GO:0003887	DNA-directed DNA polymerase activity	2/75	13/2783	5.708717948717949	0.046134255943385584	1.0	TH2_HKNPDCAD_05144;TH2_HKNPDCAD_05149	2	down	Molecular Function	0.02666666666666667	0.004671218109953288	1.3359764793290947	-0.0	down	2783	75	13	1296
GO:0004523	RNA-DNA hybrid ribonuclease activity	1/75	2/2783	18.553333333333335	0.053181829806426155	1.0	TH2_HKNPDCAD_03139	1	up	Molecular Function	0.013333333333333334	0.0007186489399928135	1.274236724146937	-0.0	up	2783	75	2	1296
GO:0009012	aminoglycoside 3''-adenylyltransferase activity	1/75	2/2783	18.553333333333335	0.053181829806426155	1.0	TH2_HKNPDCAD_05210	1	down	Molecular Function	0.013333333333333334	0.0007186489399928135	1.274236724146937	-0.0	down	2783	75	2	1296
GO:0015594	ABC-type putrescine transporter activity	1/75	2/2783	18.553333333333335	0.053181829806426155	1.0	TH2_HKNPDCAD_04207	1	up	Molecular Function	0.013333333333333334	0.0007186489399928135	1.274236724146937	-0.0	up	2783	75	2	1296
GO:0051540	metal cluster binding	1/75	2/2783	18.553333333333335	0.053181829806426155	1.0	TH2_HKNPDCAD_01740	1	down	Molecular Function	0.013333333333333334	0.0007186489399928135	1.274236724146937	-0.0	down	2783	75	2	1296
GO:0070566	adenylyltransferase activity	1/75	2/2783	18.553333333333335	0.053181829806426155	1.0	TH2_HKNPDCAD_05210	1	down	Molecular Function	0.013333333333333334	0.0007186489399928135	1.274236724146937	-0.0	down	2783	75	2	1296
GO:0004146	dihydrofolate reductase activity	1/75	3/2783	12.368888888888891	0.07871630041549782	1.0	TH2_HKNPDCAD_05211	1	down	Molecular Function	0.013333333333333334	0.0010779734099892202	1.103935325487422	-0.0	down	2783	75	3	1296
GO:0004156	dihydropteroate synthase activity	1/75	3/2783	12.368888888888891	0.07871630041549782	1.0	TH2_HKNPDCAD_05208	1	down	Molecular Function	0.013333333333333334	0.0010779734099892202	1.103935325487422	-0.0	down	2783	75	3	1296
GO:0004351	glutamate decarboxylase activity	1/75	3/2783	12.368888888888891	0.07871630041549782	1.0	TH2_HKNPDCAD_01933	1	down	Molecular Function	0.013333333333333334	0.0010779734099892202	1.103935325487422	-0.0	down	2783	75	3	1296
GO:0008170	N-methyltransferase activity	1/75	3/2783	12.368888888888891	0.07871630041549782	1.0	TH2_HKNPDCAD_05226	1	down	Molecular Function	0.013333333333333334	0.0010779734099892202	1.103935325487422	-0.0	down	2783	75	3	1296
GO:0008173	RNA methyltransferase activity	1/75	3/2783	12.368888888888891	0.07871630041549782	1.0	TH2_HKNPDCAD_02951	1	down	Molecular Function	0.013333333333333334	0.0010779734099892202	1.103935325487422	-0.0	down	2783	75	3	1296
GO:0009025	tagatose-bisphosphate aldolase activity	1/75	3/2783	12.368888888888891	0.07871630041549782	1.0	TH2_HKNPDCAD_00391	1	down	Molecular Function	0.013333333333333334	0.0010779734099892202	1.103935325487422	-0.0	down	2783	75	3	1296
GO:0015419	ABC-type sulfate transporter activity	1/75	3/2783	12.368888888888891	0.07871630041549782	1.0	TH2_HKNPDCAD_00765	1	up	Molecular Function	0.013333333333333334	0.0010779734099892202	1.103935325487422	-0.0	up	2783	75	3	1296
GO:0019153	protein-disulfide reductase (glutathione) activity	1/75	3/2783	12.368888888888891	0.07871630041549782	1.0	TH2_HKNPDCAD_03916	1	down	Molecular Function	0.013333333333333334	0.0010779734099892202	1.103935325487422	-0.0	down	2783	75	3	1296
GO:0016746	acyltransferase activity	1/75	4/2783	9.276666666666667	0.10357107648309057	1.0	TH2_HKNPDCAD_04918	1	up	Molecular Function	0.013333333333333334	0.001437297879985627	0.984761509818402	-0.0	up	2783	75	4	1296
GO:0035438	cyclic-di-GMP binding	1/75	4/2783	9.276666666666667	0.10357107648309057	1.0	TH2_HKNPDCAD_05158	1	down	Molecular Function	0.013333333333333334	0.001437297879985627	0.984761509818402	-0.0	down	2783	75	4	1296
GO:0015344	siderophore uptake transmembrane transporter activity	1/75	5/2783	7.421333333333334	0.12776401252627453	1.0	TH2_HKNPDCAD_00129	1	down	Molecular Function	0.013333333333333334	0.0017966223499820337	0.8935914573058985	-0.0	down	2783	75	5	1296
GO:0016987	sigma factor activity	1/75	5/2783	7.421333333333334	0.12776401252627453	1.0	TH2_HKNPDCAD_01095	1	up	Molecular Function	0.013333333333333334	0.0017966223499820337	0.8935914573058985	-0.0	up	2783	75	5	1296
GO:0038023	signaling receptor activity	1/75	5/2783	7.421333333333334	0.12776401252627453	1.0	TH2_HKNPDCAD_00129	1	down	Molecular Function	0.013333333333333334	0.0017966223499820337	0.8935914573058985	-0.0	down	2783	75	5	1296
GO:0000150	DNA strand exchange activity	1/75	6/2783	6.184444444444446	0.15131250030936522	1.0	TH2_HKNPDCAD_05214	1	down	Molecular Function	0.013333333333333334	0.0021559468199784403	0.8201251923262574	-0.0	down	2783	75	6	1296
GO:0005337	nucleoside transmembrane transporter activity	1/75	7/2783	5.300952380952381	0.17423348067500424	1.0	TH2_HKNPDCAD_05248	1	down	Molecular Function	0.013333333333333334	0.0025152712899748474	0.7588683873578164	-0.0	down	2783	75	7	1296
GO:0015473	fimbrial usher porin activity	1/75	7/2783	5.300952380952381	0.17423348067500424	1.0	TH2_HKNPDCAD_03095	1	down	Molecular Function	0.013333333333333334	0.0025152712899748474	0.7588683873578164	-0.0	down	2783	75	7	1296
GO:0015562	efflux transmembrane transporter activity	1/75	7/2783	5.300952380952381	0.17423348067500424	1.0	TH2_HKNPDCAD_01930	1	down	Molecular Function	0.013333333333333334	0.0025152712899748474	0.7588683873578164	-0.0	down	2783	75	7	1296
GO:0051536	iron-sulfur cluster binding	2/75	29/2783	2.559080459770115	0.18301209313435426	1.0	TH2_HKNPDCAD_00573;TH2_HKNPDCAD_01740	2	down	Molecular Function	0.02666666666666667	0.010420409629895796	0.7375202118652314	-0.0	down	2783	75	29	1296
GO:0051537	2 iron, 2 sulfur cluster binding	2/75	29/2783	2.559080459770115	0.18301209313435426	1.0	TH2_HKNPDCAD_01740;TH2_HKNPDCAD_04787	2	down	Molecular Function	0.02666666666666667	0.010420409629895796	0.7375202118652314	-0.0	down	2783	75	29	1296
GO:0022857	transmembrane transporter activity	5/75	115/2783	1.6133333333333333	0.1960352467189865	1.0	TH2_HKNPDCAD_00306;TH2_HKNPDCAD_04692;TH2_HKNPDCAD_05202;TH2_HKNPDCAD_05203;TH2_HKNPDCAD_05209	5	up&down	Molecular Function	0.06666666666666667	0.04132231404958678	0.7076658364019187	-0.0	up&down	2783	75	115	1296
GO:0004386	helicase activity	1/75	8/2783	4.638333333333334	0.19654345508108412	1.0	TH2_HKNPDCAD_05226	1	down	Molecular Function	0.013333333333333334	0.002874595759971254	0.7065414136576577	-0.0	down	2783	75	8	1296
GO:0008483	transaminase activity	1/75	10/2783	3.710666666666667	0.23939426206188916	1.0	TH2_HKNPDCAD_04008	1	up	Molecular Function	0.013333333333333334	0.0035932446999640674	0.62088626322252	-0.0	up	2783	75	10	1296
GO:0016787	hydrolase activity	5/75	125/2783	1.4842666666666666	0.24550688354824754	1.0	TH2_HKNPDCAD_01410;TH2_HKNPDCAD_01725;TH2_HKNPDCAD_04207;TH2_HKNPDCAD_04368;TH2_HKNPDCAD_05231	5	up&down	Molecular Function	0.06666666666666667	0.044915558749550846	0.6099363265751893	-0.0	up&down	2783	75	125	1296
GO:0003723	RNA binding	2/75	41/2783	1.8100813008130083	0.30349007283307833	1.0	TH2_HKNPDCAD_02951;TH2_HKNPDCAD_03139	2	up&down	Molecular Function	0.02666666666666667	0.014732303269852677	0.5178555101383968	-0.0	up&down	2783	75	41	1296
GO:0016740	transferase activity	3/75	75/2783	1.4842666666666668	0.3290862160263403	1.0	TH2_HKNPDCAD_00704;TH2_HKNPDCAD_04394;TH2_HKNPDCAD_05201	3	down	Molecular Function	0.04	0.026949335249730505	0.48269030800969	-0.0	down	2783	75	75	1296
GO:0030170	pyridoxal phosphate binding	2/75	45/2783	1.6491851851851853	0.34355152716478043	1.0	TH2_HKNPDCAD_01933;TH2_HKNPDCAD_04008	2	up&down	Molecular Function	0.02666666666666667	0.016169601149838304	0.4640081165809014	-0.0	up&down	2783	75	45	1296
GO:0016853	isomerase activity	1/75	20/2783	1.8553333333333335	0.4220583603450075	1.0	TH2_HKNPDCAD_02220	1	down	Molecular Function	0.013333333333333334	0.007186489399928135	0.37462749258481565	-0.0	down	2783	75	20	1296
GO:0050661	NADP binding	1/75	21/2783	1.766984126984127	0.437746244159292	1.0	TH2_HKNPDCAD_05211	1	down	Molecular Function	0.013333333333333334	0.007545813869924541	0.3587775714532928	-0.0	down	2783	75	21	1296
GO:0071949	FAD binding	1/75	21/2783	1.766984126984127	0.437746244159292	1.0	TH2_HKNPDCAD_01360	1	up	Molecular Function	0.013333333333333334	0.007545813869924541	0.3587775714532928	-0.0	up	2783	75	21	1296
GO:0003676	nucleic acid binding	2/75	55/2783	1.3493333333333335	0.43997131082716623	1.0	TH2_HKNPDCAD_00136;TH2_HKNPDCAD_05254	2	down	Molecular Function	0.02666666666666667	0.019762845849802372	0.3565756415948754	-0.0	down	2783	75	55	1296
GO:0004519	endonuclease activity	1/75	22/2783	1.686666666666667	0.45301381537209456	1.0	TH2_HKNPDCAD_05180	1	down	Molecular Function	0.013333333333333334	0.007905138339920948	0.34388855328876555	-0.0	down	2783	75	22	1296
GO:0030145	manganese ion binding	1/75	23/2783	1.6133333333333333	0.4678721869191967	1.0	TH2_HKNPDCAD_03139	1	up	Molecular Function	0.013333333333333334	0.008264462809917356	0.32987277106457547	-0.0	up	2783	75	23	1296
GO:0009055	electron transfer activity	1/75	35/2783	1.0601904761904761	0.6179259492412666	1.0	TH2_HKNPDCAD_03916	1	down	Molecular Function	0.013333333333333334	0.012576356449874237	0.20906356659856337	-0.0	down	2783	75	35	1296
GO:0005506	iron ion binding	1/75	39/2783	0.9514529914529914	0.6579813131201626	1.0	TH2_HKNPDCAD_01231	1	down	Molecular Function	0.013333333333333334	0.014013654329859864	0.18178644031315577	-0.0	down	2783	75	39	1296
GO:0043565	sequence-specific DNA binding	1/75	40/2783	0.9276666666666668	0.6673294915155844	1.0	TH2_HKNPDCAD_00139	1	down	Molecular Function	0.013333333333333334	0.01437297879985627	0.17565968180371258	-0.0	down	2783	75	40	1296
GO:0016491	oxidoreductase activity	2/75	84/2783	0.8834920634920636	0.6692667281107967	1.0	TH2_HKNPDCAD_00573;TH2_HKNPDCAD_01360	2	up&down	Molecular Function	0.02666666666666667	0.030183255479698166	0.1744007649517602	-0.0	up&down	2783	75	84	1296
GO:0016301	kinase activity	1/75	43/2783	0.8629457364341085	0.6938875492005305	1.0	TH2_HKNPDCAD_05186	1	down	Molecular Function	0.013333333333333334	0.01545095220984549	0.15871090522050899	-0.0	down	2783	75	43	1296
GO:0005488	binding	1/75	47/2783	0.7895035460992907	0.7260692354828943	1.0	TH2_HKNPDCAD_01740	1	down	Molecular Function	0.013333333333333334	0.01688825008983112	0.13902196448653387	-0.0	down	2783	75	47	1296
GO:0000287	magnesium ion binding	2/75	102/2783	0.7275816993464053	0.7699254650957703	1.0	TH2_HKNPDCAD_02220;TH2_HKNPDCAD_02470	2	up&down	Molecular Function	0.02666666666666667	0.03665109593963349	0.11355131595012455	-0.0	up&down	2783	75	102	1296
GO:0016829	lyase activity	1/75	58/2783	0.6397701149425288	0.7983442071342547	1.0	TH2_HKNPDCAD_05250	1	down	Molecular Function	0.013333333333333334	0.02084081925979159	0.09780982164602006	-0.0	down	2783	75	58	1296
GO:0046872	metal ion binding	5/75	281/2783	0.6602609727164888	0.8894815375335967	1.0	TH2_HKNPDCAD_00016;TH2_HKNPDCAD_00573;TH2_HKNPDCAD_03610;TH2_HKNPDCAD_04787;TH2_HKNPDCAD_05208	5	down	Molecular Function	0.06666666666666667	0.1009701760689903	0.0508630618920233	-0.0	down	2783	75	281	1296
GO:0008270	zinc ion binding	1/75	87/2783	0.42651340996168585	0.9106143088482914	1.0	TH2_HKNPDCAD_00391	1	down	Molecular Function	0.013333333333333334	0.03126122888968739	0.04066552973062761	-0.0	down	2783	75	87	1296
GO:0003700	DNA-binding transcription factor activity	1/75	126/2783	0.29449735449735454	0.9704908181160337	1.0	TH2_HKNPDCAD_00622	1	up	Molecular Function	0.013333333333333334	0.04527488321954725	0.013008569147749935	-0.0	up	2783	75	126	1296
GO:0005524	ATP binding	4/75	350/2783	0.42407619047619044	0.9894530983169733	1.0	TH2_HKNPDCAD_04207;TH2_HKNPDCAD_05179;TH2_HKNPDCAD_05210;TH2_HKNPDCAD_05257	4	up&down	Molecular Function	0.05333333333333334	0.12576356449874238	0.00460478723311607	-0.0	up&down	2783	75	350	1296
GO:0000034	adenine deaminase activity	0/75	1/2783	0.0	1.0	1.0		0		Molecular Function	0.0	0.00035932446999640676	-0.0	-0.0		2783	75	1	1296
GO:0000036	acyl carrier activity	0/75	1/2783	0.0	1.0	1.0		0		Molecular Function	0.0	0.00035932446999640676	-0.0	-0.0		2783	75	1	1296
GO:0000049	tRNA binding	0/75	28/2783	0.0	1.0	1.0		0		Molecular Function	0.0	0.01006108515989939	-0.0	-0.0		2783	75	28	1296
GO:0000104	succinate dehydrogenase activity	0/75	4/2783	0.0	1.0	1.0		0		Molecular Function	0.0	0.001437297879985627	-0.0	-0.0		2783	75	4	1296
GO:0000107	imidazoleglycerol-phosphate synthase activity	0/75	2/2783	0.0	1.0	1.0		0		Molecular Function	0.0	0.0007186489399928135	-0.0	-0.0		2783	75	2	1296
GO:0000155	phosphorelay sensor kinase activity	0/75	25/2783	0.0	1.0	1.0		0		Molecular Function	0.0	0.008983111749910169	-0.0	-0.0		2783	75	25	1296
GO:0000156	phosphorelay response regulator activity	0/75	3/2783	0.0	1.0	1.0		0		Molecular Function	0.0	0.0010779734099892202	-0.0	-0.0		2783	75	3	1296
GO:0000166	nucleotide binding	0/75	28/2783	0.0	1.0	1.0		0		Molecular Function	0.0	0.01006108515989939	-0.0	-0.0		2783	75	28	1296
GO:0000175	3'-5'-RNA exonuclease activity	0/75	6/2783	0.0	1.0	1.0		0		Molecular Function	0.0	0.0021559468199784403	-0.0	-0.0		2783	75	6	1296
GO:0000210	NAD+ diphosphatase activity	0/75	1/2783	0.0	1.0	1.0		0		Molecular Function	0.0	0.00035932446999640676	-0.0	-0.0		2783	75	1	1296
GO:0000217	DNA secondary structure binding	0/75	1/2783	0.0	1.0	1.0		0		Molecular Function	0.0	0.00035932446999640676	-0.0	-0.0		2783	75	1	1296
GO:0000309	nicotinamide-nucleotide adenylyltransferase activity	0/75	1/2783	0.0	1.0	1.0		0		Molecular Function	0.0	0.00035932446999640676	-0.0	-0.0		2783	75	1	1296
GO:0000310	xanthine phosphoribosyltransferase activity	0/75	1/2783	0.0	1.0	1.0		0		Molecular Function	0.0	0.00035932446999640676	-0.0	-0.0		2783	75	1	1296
GO:0000405	bubble DNA binding	0/75	1/2783	0.0	1.0	1.0		0		Molecular Function	0.0	0.00035932446999640676	-0.0	-0.0		2783	75	1	1296
GO:0000703	oxidized pyrimidine nucleobase lesion DNA N-glycosylase activity	0/75	1/2783	0.0	1.0	1.0		0		Molecular Function	0.0	0.00035932446999640676	-0.0	-0.0		2783	75	1	1296
GO:0000774	adenyl-nucleotide exchange factor activity	0/75	1/2783	0.0	1.0	1.0		0		Molecular Function	0.0	0.00035932446999640676	-0.0	-0.0		2783	75	1	1296
GO:0000906	6,7-dimethyl-8-ribityllumazine synthase activity	0/75	1/2783	0.0	1.0	1.0		0		Molecular Function	0.0	0.00035932446999640676	-0.0	-0.0		2783	75	1	1296
GO:0000908	taurine dioxygenase activity	0/75	1/2783	0.0	1.0	1.0		0		Molecular Function	0.0	0.00035932446999640676	-0.0	-0.0		2783	75	1	1296
GO:0000987	cis-regulatory region sequence-specific DNA binding	0/75	1/2783	0.0	1.0	1.0		0		Molecular Function	0.0	0.00035932446999640676	-0.0	-0.0		2783	75	1	1296
GO:0001000	bacterial-type RNA polymerase core enzyme binding	0/75	1/2783	0.0	1.0	1.0		0		Molecular Function	0.0	0.00035932446999640676	-0.0	-0.0		2783	75	1	1296
GO:0001073	transcription antitermination factor activity, DNA binding	0/75	1/2783	0.0	1.0	1.0		0		Molecular Function	0.0	0.00035932446999640676	-0.0	-0.0		2783	75	1	1296
GO:0001216	DNA-binding transcription activator activity	0/75	1/2783	0.0	1.0	1.0		0		Molecular Function	0.0	0.00035932446999640676	-0.0	-0.0		2783	75	1	1296
GO:0001671	ATPase activator activity	0/75	2/2783	0.0	1.0	1.0		0		Molecular Function	0.0	0.0007186489399928135	-0.0	-0.0		2783	75	2	1296
GO:0001727	lipid kinase activity	0/75	1/2783	0.0	1.0	1.0		0		Molecular Function	0.0	0.00035932446999640676	-0.0	-0.0		2783	75	1	1296
GO:0001882	nucleoside binding	0/75	1/2783	0.0	1.0	1.0		0		Molecular Function	0.0	0.00035932446999640676	-0.0	-0.0		2783	75	1	1296
GO:0001883	purine nucleoside binding	0/75	2/2783	0.0	1.0	1.0		0		Molecular Function	0.0	0.0007186489399928135	-0.0	-0.0		2783	75	2	1296
GO:0002161	aminoacyl-tRNA editing activity	0/75	5/2783	0.0	1.0	1.0		0		Molecular Function	0.0	0.0017966223499820337	-0.0	-0.0		2783	75	5	1296
GO:0002935	tRNA (adenine(37)-C2)-methyltransferase activity	0/75	1/2783	0.0	1.0	1.0		0		Molecular Function	0.0	0.00035932446999640676	-0.0	-0.0		2783	75	1	1296
GO:0002953	5'-deoxynucleotidase activity	0/75	1/2783	0.0	1.0	1.0		0		Molecular Function	0.0	0.00035932446999640676	-0.0	-0.0		2783	75	1	1296
GO:0003678	DNA helicase activity	0/75	12/2783	0.0	1.0	1.0		0		Molecular Function	0.0	0.004311893639956881	-0.0	-0.0		2783	75	12	1296
GO:0003681	bent DNA binding	0/75	1/2783	0.0	1.0	1.0		0		Molecular Function	0.0	0.00035932446999640676	-0.0	-0.0		2783	75	1	1296
GO:0003684	damaged DNA binding	0/75	7/2783	0.0	1.0	1.0		0		Molecular Function	0.0	0.0025152712899748474	-0.0	-0.0		2783	75	7	1296
GO:0003688	DNA replication origin binding	0/75	1/2783	0.0	1.0	1.0		0		Molecular Function	0.0	0.00035932446999640676	-0.0	-0.0		2783	75	1	1296
GO:0003690	double-stranded DNA binding	0/75	1/2783	0.0	1.0	1.0		0		Molecular Function	0.0	0.00035932446999640676	-0.0	-0.0		2783	75	1	1296
GO:0003697	single-stranded DNA binding	0/75	8/2783	0.0	1.0	1.0		0		Molecular Function	0.0	0.002874595759971254	-0.0	-0.0		2783	75	8	1296
GO:0003724	RNA helicase activity	0/75	4/2783	0.0	1.0	1.0		0		Molecular Function	0.0	0.001437297879985627	-0.0	-0.0		2783	75	4	1296
GO:0003725	double-stranded RNA binding	0/75	2/2783	0.0	1.0	1.0		0		Molecular Function	0.0	0.0007186489399928135	-0.0	-0.0		2783	75	2	1296
GO:0003727	single-stranded RNA binding	0/75	1/2783	0.0	1.0	1.0		0		Molecular Function	0.0	0.00035932446999640676	-0.0	-0.0		2783	75	1	1296
GO:0003729	mRNA binding	0/75	2/2783	0.0	1.0	1.0		0		Molecular Function	0.0	0.0007186489399928135	-0.0	-0.0		2783	75	2	1296
GO:0003735	structural constituent of ribosome	0/75	49/2783	0.0	1.0	1.0		0		Molecular Function	0.0	0.01760689902982393	-0.0	-0.0		2783	75	49	1296
GO:0003743	translation initiation factor activity	0/75	3/2783	0.0	1.0	1.0		0		Molecular Function	0.0	0.0010779734099892202	-0.0	-0.0		2783	75	3	1296
GO:0003746	translation elongation factor activity	0/75	13/2783	0.0	1.0	1.0		0		Molecular Function	0.0	0.004671218109953288	-0.0	-0.0		2783	75	13	1296
GO:0003747	translation release factor activity	0/75	2/2783	0.0	1.0	1.0		0		Molecular Function	0.0	0.0007186489399928135	-0.0	-0.0		2783	75	2	1296
GO:0003755	peptidyl-prolyl cis-trans isomerase activity	0/75	10/2783	0.0	1.0	1.0		0		Molecular Function	0.0	0.0035932446999640674	-0.0	-0.0		2783	75	10	1296
GO:0003774	cytoskeletal motor activity	0/75	7/2783	0.0	1.0	1.0		0		Molecular Function	0.0	0.0025152712899748474	-0.0	-0.0		2783	75	7	1296
GO:0003796	lysozyme activity	0/75	2/2783	0.0	1.0	1.0		0		Molecular Function	0.0	0.0007186489399928135	-0.0	-0.0		2783	75	2	1296
GO:0003824	catalytic activity	0/75	55/2783	0.0	1.0	1.0		0		Molecular Function	0.0	0.019762845849802372	-0.0	-0.0		2783	75	55	1296
GO:0003839	gamma-glutamylcyclotransferase activity	0/75	1/2783	0.0	1.0	1.0		0		Molecular Function	0.0	0.00035932446999640676	-0.0	-0.0		2783	75	1	1296
GO:0003844	1,4-alpha-glucan branching enzyme activity	0/75	1/2783	0.0	1.0	1.0		0		Molecular Function	0.0	0.00035932446999640676	-0.0	-0.0		2783	75	1	1296
GO:0003848	2-amino-4-hydroxy-6-hydroxymethyldihydropteridine diphosphokinase activity	0/75	1/2783	0.0	1.0	1.0		0		Molecular Function	0.0	0.00035932446999640676	-0.0	-0.0		2783	75	1	1296
GO:0003849	3-deoxy-7-phosphoheptulonate synthase activity	0/75	2/2783	0.0	1.0	1.0		0		Molecular Function	0.0	0.0007186489399928135	-0.0	-0.0		2783	75	2	1296
GO:0003852	2-isopropylmalate synthase activity	0/75	1/2783	0.0	1.0	1.0		0		Molecular Function	0.0	0.00035932446999640676	-0.0	-0.0		2783	75	1	1296
GO:0003855	3-dehydroquinate dehydratase activity	0/75	1/2783	0.0	1.0	1.0		0		Molecular Function	0.0	0.00035932446999640676	-0.0	-0.0		2783	75	1	1296
GO:0003856	3-dehydroquinate synthase activity	0/75	1/2783	0.0	1.0	1.0		0		Molecular Function	0.0	0.00035932446999640676	-0.0	-0.0		2783	75	1	1296
GO:0003857	3-hydroxyacyl-CoA dehydrogenase activity	0/75	2/2783	0.0	1.0	1.0		0		Molecular Function	0.0	0.0007186489399928135	-0.0	-0.0		2783	75	2	1296
GO:0003861	3-isopropylmalate dehydratase activity	0/75	2/2783	0.0	1.0	1.0		0		Molecular Function	0.0	0.0007186489399928135	-0.0	-0.0		2783	75	2	1296
GO:0003862	3-isopropylmalate dehydrogenase activity	0/75	1/2783	0.0	1.0	1.0		0		Molecular Function	0.0	0.00035932446999640676	-0.0	-0.0		2783	75	1	1296
GO:0003864	3-methyl-2-oxobutanoate hydroxymethyltransferase activity	0/75	1/2783	0.0	1.0	1.0		0		Molecular Function	0.0	0.00035932446999640676	-0.0	-0.0		2783	75	1	1296
GO:0003866	3-phosphoshikimate 1-carboxyvinyltransferase activity	0/75	1/2783	0.0	1.0	1.0		0		Molecular Function	0.0	0.00035932446999640676	-0.0	-0.0		2783	75	1	1296
GO:0003867	4-aminobutyrate transaminase activity	0/75	1/2783	0.0	1.0	1.0		0		Molecular Function	0.0	0.00035932446999640676	-0.0	-0.0		2783	75	1	1296
GO:0003871	5-methyltetrahydropteroyltriglutamate-homocysteine S-methyltransferase activity	0/75	1/2783	0.0	1.0	1.0		0		Molecular Function	0.0	0.00035932446999640676	-0.0	-0.0		2783	75	1	1296
GO:0003872	6-phosphofructokinase activity	0/75	1/2783	0.0	1.0	1.0		0		Molecular Function	0.0	0.00035932446999640676	-0.0	-0.0		2783	75	1	1296
GO:0003879	ATP phosphoribosyltransferase activity	0/75	1/2783	0.0	1.0	1.0		0		Molecular Function	0.0	0.00035932446999640676	-0.0	-0.0		2783	75	1	1296
GO:0003883	CTP synthase activity	0/75	1/2783	0.0	1.0	1.0		0		Molecular Function	0.0	0.00035932446999640676	-0.0	-0.0		2783	75	1	1296
GO:0003886	DNA (cytosine-5-)-methyltransferase activity	0/75	1/2783	0.0	1.0	1.0		0		Molecular Function	0.0	0.00035932446999640676	-0.0	-0.0		2783	75	1	1296
GO:0003896	DNA primase activity	0/75	2/2783	0.0	1.0	1.0		0		Molecular Function	0.0	0.0007186489399928135	-0.0	-0.0		2783	75	2	1296
GO:0003899	DNA-directed 5'-3' RNA polymerase activity	0/75	4/2783	0.0	1.0	1.0		0		Molecular Function	0.0	0.001437297879985627	-0.0	-0.0		2783	75	4	1296
GO:0003908	methylated-DNA-[protein]-cysteine S-methyltransferase activity	0/75	2/2783	0.0	1.0	1.0		0		Molecular Function	0.0	0.0007186489399928135	-0.0	-0.0		2783	75	2	1296
GO:0003917	DNA topoisomerase type I (single strand cut, ATP-independent) activity	0/75	1/2783	0.0	1.0	1.0		0		Molecular Function	0.0	0.00035932446999640676	-0.0	-0.0		2783	75	1	1296
GO:0003918	DNA topoisomerase type II (double strand cut, ATP-hydrolyzing) activity	0/75	3/2783	0.0	1.0	1.0		0		Molecular Function	0.0	0.0010779734099892202	-0.0	-0.0		2783	75	3	1296
GO:0003919	FMN adenylyltransferase activity	0/75	1/2783	0.0	1.0	1.0		0		Molecular Function	0.0	0.00035932446999640676	-0.0	-0.0		2783	75	1	1296
GO:0003920	GMP reductase activity	0/75	1/2783	0.0	1.0	1.0		0		Molecular Function	0.0	0.00035932446999640676	-0.0	-0.0		2783	75	1	1296
GO:0003922	GMP synthase (glutamine-hydrolyzing) activity	0/75	1/2783	0.0	1.0	1.0		0		Molecular Function	0.0	0.00035932446999640676	-0.0	-0.0		2783	75	1	1296
GO:0003924	GTPase activity	0/75	18/2783	0.0	1.0	1.0		0		Molecular Function	0.0	0.0064678404599353215	-0.0	-0.0		2783	75	18	1296
GO:0003934	GTP cyclohydrolase I activity	0/75	1/2783	0.0	1.0	1.0		0		Molecular Function	0.0	0.00035932446999640676	-0.0	-0.0		2783	75	1	1296
GO:0003935	GTP cyclohydrolase II activity	0/75	1/2783	0.0	1.0	1.0		0		Molecular Function	0.0	0.00035932446999640676	-0.0	-0.0		2783	75	1	1296
GO:0003937	IMP cyclohydrolase activity	0/75	1/2783	0.0	1.0	1.0		0		Molecular Function	0.0	0.00035932446999640676	-0.0	-0.0		2783	75	1	1296
GO:0003938	IMP dehydrogenase activity	0/75	1/2783	0.0	1.0	1.0		0		Molecular Function	0.0	0.00035932446999640676	-0.0	-0.0		2783	75	1	1296
GO:0003939	L-iditol 2-dehydrogenase activity	0/75	1/2783	0.0	1.0	1.0		0		Molecular Function	0.0	0.00035932446999640676	-0.0	-0.0		2783	75	1	1296
GO:0003941	L-serine ammonia-lyase activity	0/75	3/2783	0.0	1.0	1.0		0		Molecular Function	0.0	0.0010779734099892202	-0.0	-0.0		2783	75	3	1296
GO:0003942	N-acetyl-gamma-glutamyl-phosphate reductase activity	0/75	1/2783	0.0	1.0	1.0		0		Molecular Function	0.0	0.00035932446999640676	-0.0	-0.0		2783	75	1	1296
GO:0003949	1-(5-phosphoribosyl)-5-[(5-phosphoribosylamino)methylideneamino]imidazole-4-carboxamide isomerase activity	0/75	1/2783	0.0	1.0	1.0		0		Molecular Function	0.0	0.00035932446999640676	-0.0	-0.0		2783	75	1	1296
GO:0003950	NAD+ ADP-ribosyltransferase activity	0/75	1/2783	0.0	1.0	1.0		0		Molecular Function	0.0	0.00035932446999640676	-0.0	-0.0		2783	75	1	1296
GO:0003951	NAD+ kinase activity	0/75	1/2783	0.0	1.0	1.0		0		Molecular Function	0.0	0.00035932446999640676	-0.0	-0.0		2783	75	1	1296
GO:0003952	NAD+ synthase (glutamine-hydrolyzing) activity	0/75	1/2783	0.0	1.0	1.0		0		Molecular Function	0.0	0.00035932446999640676	-0.0	-0.0		2783	75	1	1296
GO:0003955	NAD(P)H dehydrogenase (quinone) activity	0/75	3/2783	0.0	1.0	1.0		0		Molecular Function	0.0	0.0010779734099892202	-0.0	-0.0		2783	75	3	1296
GO:0003957	NAD(P)+ transhydrogenase (B-specific) activity	0/75	1/2783	0.0	1.0	1.0		0		Molecular Function	0.0	0.00035932446999640676	-0.0	-0.0		2783	75	1	1296
GO:0003960	NADPH:quinone reductase activity	0/75	1/2783	0.0	1.0	1.0		0		Molecular Function	0.0	0.00035932446999640676	-0.0	-0.0		2783	75	1	1296
GO:0003963	RNA-3'-phosphate cyclase activity	0/75	1/2783	0.0	1.0	1.0		0		Molecular Function	0.0	0.00035932446999640676	-0.0	-0.0		2783	75	1	1296
GO:0003973	(S)-2-hydroxy-acid oxidase activity	0/75	1/2783	0.0	1.0	1.0		0		Molecular Function	0.0	0.00035932446999640676	-0.0	-0.0		2783	75	1	1296
GO:0003977	UDP-N-acetylglucosamine diphosphorylase activity	0/75	1/2783	0.0	1.0	1.0		0		Molecular Function	0.0	0.00035932446999640676	-0.0	-0.0		2783	75	1	1296
GO:0003978	UDP-glucose 4-epimerase activity	0/75	1/2783	0.0	1.0	1.0		0		Molecular Function	0.0	0.00035932446999640676	-0.0	-0.0		2783	75	1	1296
GO:0003979	UDP-glucose 6-dehydrogenase activity	0/75	1/2783	0.0	1.0	1.0		0		Molecular Function	0.0	0.00035932446999640676	-0.0	-0.0		2783	75	1	1296
GO:0003983	UTP:glucose-1-phosphate uridylyltransferase activity	0/75	2/2783	0.0	1.0	1.0		0		Molecular Function	0.0	0.0007186489399928135	-0.0	-0.0		2783	75	2	1296
GO:0003984	acetolactate synthase activity	0/75	4/2783	0.0	1.0	1.0		0		Molecular Function	0.0	0.001437297879985627	-0.0	-0.0		2783	75	4	1296
GO:0003985	acetyl-CoA C-acetyltransferase activity	0/75	2/2783	0.0	1.0	1.0		0		Molecular Function	0.0	0.0007186489399928135	-0.0	-0.0		2783	75	2	1296
GO:0003987	acetate-CoA ligase activity	0/75	1/2783	0.0	1.0	1.0		0		Molecular Function	0.0	0.00035932446999640676	-0.0	-0.0		2783	75	1	1296
GO:0003988	acetyl-CoA C-acyltransferase activity	0/75	2/2783	0.0	1.0	1.0		0		Molecular Function	0.0	0.0007186489399928135	-0.0	-0.0		2783	75	2	1296
GO:0003989	acetyl-CoA carboxylase activity	0/75	3/2783	0.0	1.0	1.0		0		Molecular Function	0.0	0.0010779734099892202	-0.0	-0.0		2783	75	3	1296
GO:0003992	N2-acetyl-L-ornithine:2-oxoglutarate 5-aminotransferase activity	0/75	1/2783	0.0	1.0	1.0		0		Molecular Function	0.0	0.00035932446999640676	-0.0	-0.0		2783	75	1	1296
GO:0003993	acid phosphatase activity	0/75	1/2783	0.0	1.0	1.0		0		Molecular Function	0.0	0.00035932446999640676	-0.0	-0.0		2783	75	1	1296
GO:0003994	aconitate hydratase activity	0/75	3/2783	0.0	1.0	1.0		0		Molecular Function	0.0	0.0010779734099892202	-0.0	-0.0		2783	75	3	1296
GO:0003995	acyl-CoA dehydrogenase activity	0/75	4/2783	0.0	1.0	1.0		0		Molecular Function	0.0	0.001437297879985627	-0.0	-0.0		2783	75	4	1296
GO:0003998	acylphosphatase activity	0/75	1/2783	0.0	1.0	1.0		0		Molecular Function	0.0	0.00035932446999640676	-0.0	-0.0		2783	75	1	1296
GO:0003999	adenine phosphoribosyltransferase activity	0/75	1/2783	0.0	1.0	1.0		0		Molecular Function	0.0	0.00035932446999640676	-0.0	-0.0		2783	75	1	1296
GO:0004000	adenosine deaminase activity	0/75	2/2783	0.0	1.0	1.0		0		Molecular Function	0.0	0.0007186489399928135	-0.0	-0.0		2783	75	2	1296
GO:0004014	adenosylmethionine decarboxylase activity	0/75	1/2783	0.0	1.0	1.0		0		Molecular Function	0.0	0.00035932446999640676	-0.0	-0.0		2783	75	1	1296
GO:0004015	adenosylmethionine-8-amino-7-oxononanoate transaminase activity	0/75	1/2783	0.0	1.0	1.0		0		Molecular Function	0.0	0.00035932446999640676	-0.0	-0.0		2783	75	1	1296
GO:0004016	adenylate cyclase activity	0/75	2/2783	0.0	1.0	1.0		0		Molecular Function	0.0	0.0007186489399928135	-0.0	-0.0		2783	75	2	1296
GO:0004017	adenylate kinase activity	0/75	2/2783	0.0	1.0	1.0		0		Molecular Function	0.0	0.0007186489399928135	-0.0	-0.0		2783	75	2	1296
GO:0004018	N6-(1,2-dicarboxyethyl)AMP AMP-lyase (fumarate-forming) activity	0/75	1/2783	0.0	1.0	1.0		0		Molecular Function	0.0	0.00035932446999640676	-0.0	-0.0		2783	75	1	1296
GO:0004019	adenylosuccinate synthase activity	0/75	1/2783	0.0	1.0	1.0		0		Molecular Function	0.0	0.00035932446999640676	-0.0	-0.0		2783	75	1	1296
GO:0004030	aldehyde dehydrogenase [NAD(P)+] activity	0/75	1/2783	0.0	1.0	1.0		0		Molecular Function	0.0	0.00035932446999640676	-0.0	-0.0		2783	75	1	1296
GO:0004034	aldose 1-epimerase activity	0/75	2/2783	0.0	1.0	1.0		0		Molecular Function	0.0	0.0007186489399928135	-0.0	-0.0		2783	75	2	1296
GO:0004035	alkaline phosphatase activity	0/75	1/2783	0.0	1.0	1.0		0		Molecular Function	0.0	0.00035932446999640676	-0.0	-0.0		2783	75	1	1296
GO:0004038	allantoinase activity	0/75	1/2783	0.0	1.0	1.0		0		Molecular Function	0.0	0.00035932446999640676	-0.0	-0.0		2783	75	1	1296
GO:0004040	amidase activity	0/75	2/2783	0.0	1.0	1.0		0		Molecular Function	0.0	0.0007186489399928135	-0.0	-0.0		2783	75	2	1296
GO:0004042	acetyl-CoA:L-glutamate N-acetyltransferase activity	0/75	1/2783	0.0	1.0	1.0		0		Molecular Function	0.0	0.00035932446999640676	-0.0	-0.0		2783	75	1	1296
GO:0004044	amidophosphoribosyltransferase activity	0/75	1/2783	0.0	1.0	1.0		0		Molecular Function	0.0	0.00035932446999640676	-0.0	-0.0		2783	75	1	1296
GO:0004045	aminoacyl-tRNA hydrolase activity	0/75	2/2783	0.0	1.0	1.0		0		Molecular Function	0.0	0.0007186489399928135	-0.0	-0.0		2783	75	2	1296
GO:0004047	aminomethyltransferase activity	0/75	1/2783	0.0	1.0	1.0		0		Molecular Function	0.0	0.00035932446999640676	-0.0	-0.0		2783	75	1	1296
GO:0004048	anthranilate phosphoribosyltransferase activity	0/75	2/2783	0.0	1.0	1.0		0		Molecular Function	0.0	0.0007186489399928135	-0.0	-0.0		2783	75	2	1296
GO:0004049	anthranilate synthase activity	0/75	2/2783	0.0	1.0	1.0		0		Molecular Function	0.0	0.0007186489399928135	-0.0	-0.0		2783	75	2	1296
GO:0004055	argininosuccinate synthase activity	0/75	1/2783	0.0	1.0	1.0		0		Molecular Function	0.0	0.00035932446999640676	-0.0	-0.0		2783	75	1	1296
GO:0004056	argininosuccinate lyase activity	0/75	1/2783	0.0	1.0	1.0		0		Molecular Function	0.0	0.00035932446999640676	-0.0	-0.0		2783	75	1	1296
GO:0004066	asparagine synthase (glutamine-hydrolyzing) activity	0/75	1/2783	0.0	1.0	1.0		0		Molecular Function	0.0	0.00035932446999640676	-0.0	-0.0		2783	75	1	1296
GO:0004067	asparaginase activity	0/75	3/2783	0.0	1.0	1.0		0		Molecular Function	0.0	0.0010779734099892202	-0.0	-0.0		2783	75	3	1296
GO:0004068	aspartate 1-decarboxylase activity	0/75	1/2783	0.0	1.0	1.0		0		Molecular Function	0.0	0.00035932446999640676	-0.0	-0.0		2783	75	1	1296
GO:0004069	L-aspartate:2-oxoglutarate aminotransferase activity	0/75	1/2783	0.0	1.0	1.0		0		Molecular Function	0.0	0.00035932446999640676	-0.0	-0.0		2783	75	1	1296
GO:0004070	aspartate carbamoyltransferase activity	0/75	1/2783	0.0	1.0	1.0		0		Molecular Function	0.0	0.00035932446999640676	-0.0	-0.0		2783	75	1	1296
GO:0004072	aspartate kinase activity	0/75	3/2783	0.0	1.0	1.0		0		Molecular Function	0.0	0.0010779734099892202	-0.0	-0.0		2783	75	3	1296
GO:0004073	aspartate-semialdehyde dehydrogenase activity	0/75	1/2783	0.0	1.0	1.0		0		Molecular Function	0.0	0.00035932446999640676	-0.0	-0.0		2783	75	1	1296
GO:0004076	biotin synthase activity	0/75	1/2783	0.0	1.0	1.0		0		Molecular Function	0.0	0.00035932446999640676	-0.0	-0.0		2783	75	1	1296
GO:0004077	biotin-[acetyl-CoA-carboxylase] ligase activity	0/75	1/2783	0.0	1.0	1.0		0		Molecular Function	0.0	0.00035932446999640676	-0.0	-0.0		2783	75	1	1296
GO:0004084	branched-chain-amino-acid transaminase activity	0/75	1/2783	0.0	1.0	1.0		0		Molecular Function	0.0	0.00035932446999640676	-0.0	-0.0		2783	75	1	1296
GO:0004088	carbamoyl-phosphate synthase (glutamine-hydrolyzing) activity	0/75	3/2783	0.0	1.0	1.0		0		Molecular Function	0.0	0.0010779734099892202	-0.0	-0.0		2783	75	3	1296
GO:0004089	carbonate dehydratase activity	0/75	2/2783	0.0	1.0	1.0		0		Molecular Function	0.0	0.0007186489399928135	-0.0	-0.0		2783	75	2	1296
GO:0004096	catalase activity	0/75	2/2783	0.0	1.0	1.0		0		Molecular Function	0.0	0.0007186489399928135	-0.0	-0.0		2783	75	2	1296
GO:0004106	chorismate mutase activity	0/75	2/2783	0.0	1.0	1.0		0		Molecular Function	0.0	0.0007186489399928135	-0.0	-0.0		2783	75	2	1296
GO:0004107	chorismate synthase activity	0/75	1/2783	0.0	1.0	1.0		0		Molecular Function	0.0	0.00035932446999640676	-0.0	-0.0		2783	75	1	1296
GO:0004109	coproporphyrinogen oxidase activity	0/75	3/2783	0.0	1.0	1.0		0		Molecular Function	0.0	0.0010779734099892202	-0.0	-0.0		2783	75	3	1296
GO:0004112	cyclic-nucleotide phosphodiesterase activity	0/75	1/2783	0.0	1.0	1.0		0		Molecular Function	0.0	0.00035932446999640676	-0.0	-0.0		2783	75	1	1296
GO:0004113	2',3'-cyclic-nucleotide 3'-phosphodiesterase activity	0/75	1/2783	0.0	1.0	1.0		0		Molecular Function	0.0	0.00035932446999640676	-0.0	-0.0		2783	75	1	1296
GO:0004115	3',5'-cyclic-AMP phosphodiesterase activity	0/75	1/2783	0.0	1.0	1.0		0		Molecular Function	0.0	0.00035932446999640676	-0.0	-0.0		2783	75	1	1296
GO:0004121	cystathionine beta-lyase activity	0/75	1/2783	0.0	1.0	1.0		0		Molecular Function	0.0	0.00035932446999640676	-0.0	-0.0		2783	75	1	1296
GO:0004124	cysteine synthase activity	0/75	2/2783	0.0	1.0	1.0		0		Molecular Function	0.0	0.0007186489399928135	-0.0	-0.0		2783	75	2	1296
GO:0004126	cytidine deaminase activity	0/75	1/2783	0.0	1.0	1.0		0		Molecular Function	0.0	0.00035932446999640676	-0.0	-0.0		2783	75	1	1296
GO:0004127	cytidylate kinase activity	0/75	1/2783	0.0	1.0	1.0		0		Molecular Function	0.0	0.00035932446999640676	-0.0	-0.0		2783	75	1	1296
GO:0004129	cytochrome-c oxidase activity	0/75	1/2783	0.0	1.0	1.0		0		Molecular Function	0.0	0.00035932446999640676	-0.0	-0.0		2783	75	1	1296
GO:0004130	cytochrome-c peroxidase activity	0/75	2/2783	0.0	1.0	1.0		0		Molecular Function	0.0	0.0007186489399928135	-0.0	-0.0		2783	75	2	1296
GO:0004133	glycogen debranching enzyme activity	0/75	1/2783	0.0	1.0	1.0		0		Molecular Function	0.0	0.00035932446999640676	-0.0	-0.0		2783	75	1	1296
GO:0004134	4-alpha-glucanotransferase activity	0/75	2/2783	0.0	1.0	1.0		0		Molecular Function	0.0	0.0007186489399928135	-0.0	-0.0		2783	75	2	1296
GO:0004140	dephospho-CoA kinase activity	0/75	1/2783	0.0	1.0	1.0		0		Molecular Function	0.0	0.00035932446999640676	-0.0	-0.0		2783	75	1	1296
GO:0004141	dethiobiotin synthase activity	0/75	2/2783	0.0	1.0	1.0		0		Molecular Function	0.0	0.0007186489399928135	-0.0	-0.0		2783	75	2	1296
GO:0004143	ATP-dependent diacylglycerol kinase activity	0/75	1/2783	0.0	1.0	1.0		0		Molecular Function	0.0	0.00035932446999640676	-0.0	-0.0		2783	75	1	1296
GO:0004148	dihydrolipoyl dehydrogenase activity	0/75	1/2783	0.0	1.0	1.0		0		Molecular Function	0.0	0.00035932446999640676	-0.0	-0.0		2783	75	1	1296
GO:0004149	dihydrolipoyllysine-residue succinyltransferase activity	0/75	1/2783	0.0	1.0	1.0		0		Molecular Function	0.0	0.00035932446999640676	-0.0	-0.0		2783	75	1	1296
GO:0004150	dihydroneopterin aldolase activity	0/75	2/2783	0.0	1.0	1.0		0		Molecular Function	0.0	0.0007186489399928135	-0.0	-0.0		2783	75	2	1296
GO:0004151	dihydroorotase activity	0/75	1/2783	0.0	1.0	1.0		0		Molecular Function	0.0	0.00035932446999640676	-0.0	-0.0		2783	75	1	1296
GO:0004152	dihydroorotate dehydrogenase activity	0/75	1/2783	0.0	1.0	1.0		0		Molecular Function	0.0	0.00035932446999640676	-0.0	-0.0		2783	75	1	1296
GO:0004155	6,7-dihydropteridine reductase activity	0/75	1/2783	0.0	1.0	1.0		0		Molecular Function	0.0	0.00035932446999640676	-0.0	-0.0		2783	75	1	1296
GO:0004159	dihydropyrimidine dehydrogenase (NAD+) activity	0/75	1/2783	0.0	1.0	1.0		0		Molecular Function	0.0	0.00035932446999640676	-0.0	-0.0		2783	75	1	1296
GO:0004160	dihydroxy-acid dehydratase activity	0/75	1/2783	0.0	1.0	1.0		0		Molecular Function	0.0	0.00035932446999640676	-0.0	-0.0		2783	75	1	1296
GO:0004165	delta(3)-delta(2)-enoyl-CoA isomerase activity	0/75	1/2783	0.0	1.0	1.0		0		Molecular Function	0.0	0.00035932446999640676	-0.0	-0.0		2783	75	1	1296
GO:0004170	dUTP diphosphatase activity	0/75	2/2783	0.0	1.0	1.0		0		Molecular Function	0.0	0.0007186489399928135	-0.0	-0.0		2783	75	2	1296
GO:0004175	endopeptidase activity	0/75	1/2783	0.0	1.0	1.0		0		Molecular Function	0.0	0.00035932446999640676	-0.0	-0.0		2783	75	1	1296
GO:0004176	ATP-dependent peptidase activity	0/75	4/2783	0.0	1.0	1.0		0		Molecular Function	0.0	0.001437297879985627	-0.0	-0.0		2783	75	4	1296
GO:0004177	aminopeptidase activity	0/75	6/2783	0.0	1.0	1.0		0		Molecular Function	0.0	0.0021559468199784403	-0.0	-0.0		2783	75	6	1296
GO:0004180	carboxypeptidase activity	0/75	3/2783	0.0	1.0	1.0		0		Molecular Function	0.0	0.0010779734099892202	-0.0	-0.0		2783	75	3	1296
GO:0004185	serine-type carboxypeptidase activity	0/75	1/2783	0.0	1.0	1.0		0		Molecular Function	0.0	0.00035932446999640676	-0.0	-0.0		2783	75	1	1296
GO:0004190	aspartic-type endopeptidase activity	0/75	3/2783	0.0	1.0	1.0		0		Molecular Function	0.0	0.0010779734099892202	-0.0	-0.0		2783	75	3	1296
GO:0004222	metalloendopeptidase activity	0/75	9/2783	0.0	1.0	1.0		0		Molecular Function	0.0	0.0032339202299676607	-0.0	-0.0		2783	75	9	1296
GO:0004252	serine-type endopeptidase activity	0/75	14/2783	0.0	1.0	1.0		0		Molecular Function	0.0	0.005030542579949695	-0.0	-0.0		2783	75	14	1296
GO:0004298	threonine-type endopeptidase activity	0/75	1/2783	0.0	1.0	1.0		0		Molecular Function	0.0	0.00035932446999640676	-0.0	-0.0		2783	75	1	1296
GO:0004300	enoyl-CoA hydratase activity	0/75	2/2783	0.0	1.0	1.0		0		Molecular Function	0.0	0.0007186489399928135	-0.0	-0.0		2783	75	2	1296
GO:0004309	exopolyphosphatase activity	0/75	1/2783	0.0	1.0	1.0		0		Molecular Function	0.0	0.00035932446999640676	-0.0	-0.0		2783	75	1	1296
GO:0004314	[acyl-carrier-protein] S-malonyltransferase activity	0/75	1/2783	0.0	1.0	1.0		0		Molecular Function	0.0	0.00035932446999640676	-0.0	-0.0		2783	75	1	1296
GO:0004315	3-oxoacyl-[acyl-carrier-protein] synthase activity	0/75	2/2783	0.0	1.0	1.0		0		Molecular Function	0.0	0.0007186489399928135	-0.0	-0.0		2783	75	2	1296
GO:0004316	3-oxoacyl-[acyl-carrier-protein] reductase (NADPH) activity	0/75	2/2783	0.0	1.0	1.0		0		Molecular Function	0.0	0.0007186489399928135	-0.0	-0.0		2783	75	2	1296
GO:0004317	(3R)-3-hydroxypalmitoyl-[acyl-carrier-protein] dehydratase activity	0/75	1/2783	0.0	1.0	1.0		0		Molecular Function	0.0	0.00035932446999640676	-0.0	-0.0		2783	75	1	1296
GO:0004318	enoyl-[acyl-carrier-protein] reductase (NADH) activity	0/75	1/2783	0.0	1.0	1.0		0		Molecular Function	0.0	0.00035932446999640676	-0.0	-0.0		2783	75	1	1296
GO:0004324	ferredoxin-NADP+ reductase activity	0/75	1/2783	0.0	1.0	1.0		0		Molecular Function	0.0	0.00035932446999640676	-0.0	-0.0		2783	75	1	1296
GO:0004325	ferrochelatase activity	0/75	1/2783	0.0	1.0	1.0		0		Molecular Function	0.0	0.00035932446999640676	-0.0	-0.0		2783	75	1	1296
GO:0004326	tetrahydrofolylpolyglutamate synthase activity	0/75	1/2783	0.0	1.0	1.0		0		Molecular Function	0.0	0.00035932446999640676	-0.0	-0.0		2783	75	1	1296
GO:0004332	fructose-bisphosphate aldolase activity	0/75	3/2783	0.0	1.0	1.0		0		Molecular Function	0.0	0.0010779734099892202	-0.0	-0.0		2783	75	3	1296
GO:0004333	fumarate hydratase activity	0/75	4/2783	0.0	1.0	1.0		0		Molecular Function	0.0	0.001437297879985627	-0.0	-0.0		2783	75	4	1296
GO:0004335	galactokinase activity	0/75	1/2783	0.0	1.0	1.0		0		Molecular Function	0.0	0.00035932446999640676	-0.0	-0.0		2783	75	1	1296
GO:0004340	glucokinase activity	0/75	2/2783	0.0	1.0	1.0		0		Molecular Function	0.0	0.0007186489399928135	-0.0	-0.0		2783	75	2	1296
GO:0004342	glucosamine-6-phosphate deaminase activity	0/75	3/2783	0.0	1.0	1.0		0		Molecular Function	0.0	0.0010779734099892202	-0.0	-0.0		2783	75	3	1296
GO:0004343	glucosamine 6-phosphate N-acetyltransferase activity	0/75	1/2783	0.0	1.0	1.0		0		Molecular Function	0.0	0.00035932446999640676	-0.0	-0.0		2783	75	1	1296
GO:0004349	glutamate 5-kinase activity	0/75	1/2783	0.0	1.0	1.0		0		Molecular Function	0.0	0.00035932446999640676	-0.0	-0.0		2783	75	1	1296
GO:0004350	glutamate-5-semialdehyde dehydrogenase activity	0/75	1/2783	0.0	1.0	1.0		0		Molecular Function	0.0	0.00035932446999640676	-0.0	-0.0		2783	75	1	1296
GO:0004353	glutamate dehydrogenase [NAD(P)+] activity	0/75	1/2783	0.0	1.0	1.0		0		Molecular Function	0.0	0.00035932446999640676	-0.0	-0.0		2783	75	1	1296
GO:0004355	glutamate synthase (NADPH) activity	0/75	4/2783	0.0	1.0	1.0		0		Molecular Function	0.0	0.001437297879985627	-0.0	-0.0		2783	75	4	1296
GO:0004356	glutamine synthetase activity	0/75	2/2783	0.0	1.0	1.0		0		Molecular Function	0.0	0.0007186489399928135	-0.0	-0.0		2783	75	2	1296
GO:0004357	glutamate-cysteine ligase activity	0/75	2/2783	0.0	1.0	1.0		0		Molecular Function	0.0	0.0007186489399928135	-0.0	-0.0		2783	75	2	1296
GO:0004359	glutaminase activity	0/75	2/2783	0.0	1.0	1.0		0		Molecular Function	0.0	0.0007186489399928135	-0.0	-0.0		2783	75	2	1296
GO:0004360	glutamine-fructose-6-phosphate transaminase (isomerizing) activity	0/75	1/2783	0.0	1.0	1.0		0		Molecular Function	0.0	0.00035932446999640676	-0.0	-0.0		2783	75	1	1296
GO:0004362	glutathione-disulfide reductase (NADP) activity	0/75	1/2783	0.0	1.0	1.0		0		Molecular Function	0.0	0.00035932446999640676	-0.0	-0.0		2783	75	1	1296
GO:0004363	glutathione synthase activity	0/75	1/2783	0.0	1.0	1.0		0		Molecular Function	0.0	0.00035932446999640676	-0.0	-0.0		2783	75	1	1296
GO:0004364	glutathione transferase activity	0/75	1/2783	0.0	1.0	1.0		0		Molecular Function	0.0	0.00035932446999640676	-0.0	-0.0		2783	75	1	1296
GO:0004365	glyceraldehyde-3-phosphate dehydrogenase (NAD+) (phosphorylating) activity	0/75	1/2783	0.0	1.0	1.0		0		Molecular Function	0.0	0.00035932446999640676	-0.0	-0.0		2783	75	1	1296
GO:0004366	glycerol-3-phosphate O-acyltransferase activity	0/75	2/2783	0.0	1.0	1.0		0		Molecular Function	0.0	0.0007186489399928135	-0.0	-0.0		2783	75	2	1296
GO:0004367	glycerol-3-phosphate dehydrogenase [NAD(P)+] activity	0/75	1/2783	0.0	1.0	1.0		0		Molecular Function	0.0	0.00035932446999640676	-0.0	-0.0		2783	75	1	1296
GO:0004368	glycerol-3-phosphate dehydrogenase (quinone) activity	0/75	1/2783	0.0	1.0	1.0		0		Molecular Function	0.0	0.00035932446999640676	-0.0	-0.0		2783	75	1	1296
GO:0004370	glycerol kinase activity	0/75	1/2783	0.0	1.0	1.0		0		Molecular Function	0.0	0.00035932446999640676	-0.0	-0.0		2783	75	1	1296
GO:0004371	glycerone kinase activity	0/75	2/2783	0.0	1.0	1.0		0		Molecular Function	0.0	0.0007186489399928135	-0.0	-0.0		2783	75	2	1296
GO:0004372	glycine hydroxymethyltransferase activity	0/75	2/2783	0.0	1.0	1.0		0		Molecular Function	0.0	0.0007186489399928135	-0.0	-0.0		2783	75	2	1296
GO:0004373	glycogen (starch) synthase activity	0/75	1/2783	0.0	1.0	1.0		0		Molecular Function	0.0	0.00035932446999640676	-0.0	-0.0		2783	75	1	1296
GO:0004375	glycine dehydrogenase (decarboxylating) activity	0/75	2/2783	0.0	1.0	1.0		0		Molecular Function	0.0	0.0007186489399928135	-0.0	-0.0		2783	75	2	1296
GO:0004385	guanylate kinase activity	0/75	1/2783	0.0	1.0	1.0		0		Molecular Function	0.0	0.00035932446999640676	-0.0	-0.0		2783	75	1	1296
GO:0004399	histidinol dehydrogenase activity	0/75	1/2783	0.0	1.0	1.0		0		Molecular Function	0.0	0.00035932446999640676	-0.0	-0.0		2783	75	1	1296
GO:0004401	histidinol-phosphatase activity	0/75	1/2783	0.0	1.0	1.0		0		Molecular Function	0.0	0.00035932446999640676	-0.0	-0.0		2783	75	1	1296
GO:0004412	homoserine dehydrogenase activity	0/75	2/2783	0.0	1.0	1.0		0		Molecular Function	0.0	0.0007186489399928135	-0.0	-0.0		2783	75	2	1296
GO:0004413	homoserine kinase activity	0/75	1/2783	0.0	1.0	1.0		0		Molecular Function	0.0	0.00035932446999640676	-0.0	-0.0		2783	75	1	1296
GO:0004414	homoserine O-acetyltransferase activity	0/75	1/2783	0.0	1.0	1.0		0		Molecular Function	0.0	0.00035932446999640676	-0.0	-0.0		2783	75	1	1296
GO:0004416	hydroxyacylglutathione hydrolase activity	0/75	2/2783	0.0	1.0	1.0		0		Molecular Function	0.0	0.0007186489399928135	-0.0	-0.0		2783	75	2	1296
GO:0004417	hydroxyethylthiazole kinase activity	0/75	1/2783	0.0	1.0	1.0		0		Molecular Function	0.0	0.00035932446999640676	-0.0	-0.0		2783	75	1	1296
GO:0004422	hypoxanthine phosphoribosyltransferase activity	0/75	1/2783	0.0	1.0	1.0		0		Molecular Function	0.0	0.00035932446999640676	-0.0	-0.0		2783	75	1	1296
GO:0004424	imidazoleglycerol-phosphate dehydratase activity	0/75	1/2783	0.0	1.0	1.0		0		Molecular Function	0.0	0.00035932446999640676	-0.0	-0.0		2783	75	1	1296
GO:0004425	indole-3-glycerol-phosphate synthase activity	0/75	1/2783	0.0	1.0	1.0		0		Molecular Function	0.0	0.00035932446999640676	-0.0	-0.0		2783	75	1	1296
GO:0004427	inorganic diphosphate phosphatase activity	0/75	1/2783	0.0	1.0	1.0		0		Molecular Function	0.0	0.00035932446999640676	-0.0	-0.0		2783	75	1	1296
GO:0004450	isocitrate dehydrogenase (NADP+) activity	0/75	1/2783	0.0	1.0	1.0		0		Molecular Function	0.0	0.00035932446999640676	-0.0	-0.0		2783	75	1	1296
GO:0004451	isocitrate lyase activity	0/75	2/2783	0.0	1.0	1.0		0		Molecular Function	0.0	0.0007186489399928135	-0.0	-0.0		2783	75	2	1296
GO:0004452	isopentenyl-diphosphate delta-isomerase activity	0/75	1/2783	0.0	1.0	1.0		0		Molecular Function	0.0	0.00035932446999640676	-0.0	-0.0		2783	75	1	1296
GO:0004456	phosphogluconate dehydratase activity	0/75	1/2783	0.0	1.0	1.0		0		Molecular Function	0.0	0.00035932446999640676	-0.0	-0.0		2783	75	1	1296
GO:0004457	lactate dehydrogenase activity	0/75	1/2783	0.0	1.0	1.0		0		Molecular Function	0.0	0.00035932446999640676	-0.0	-0.0		2783	75	1	1296
GO:0004462	lactoylglutathione lyase activity	0/75	1/2783	0.0	1.0	1.0		0		Molecular Function	0.0	0.00035932446999640676	-0.0	-0.0		2783	75	1	1296
GO:0004471	malate dehydrogenase (decarboxylating) (NAD+) activity	0/75	1/2783	0.0	1.0	1.0		0		Molecular Function	0.0	0.00035932446999640676	-0.0	-0.0		2783	75	1	1296
GO:0004474	malate synthase activity	0/75	2/2783	0.0	1.0	1.0		0		Molecular Function	0.0	0.0007186489399928135	-0.0	-0.0		2783	75	2	1296
GO:0004475	mannose-1-phosphate guanylyltransferase (GTP) activity	0/75	1/2783	0.0	1.0	1.0		0		Molecular Function	0.0	0.00035932446999640676	-0.0	-0.0		2783	75	1	1296
GO:0004476	mannose-6-phosphate isomerase activity	0/75	1/2783	0.0	1.0	1.0		0		Molecular Function	0.0	0.00035932446999640676	-0.0	-0.0		2783	75	1	1296
GO:0004477	methenyltetrahydrofolate cyclohydrolase activity	0/75	1/2783	0.0	1.0	1.0		0		Molecular Function	0.0	0.00035932446999640676	-0.0	-0.0		2783	75	1	1296
GO:0004478	methionine adenosyltransferase activity	0/75	1/2783	0.0	1.0	1.0		0		Molecular Function	0.0	0.00035932446999640676	-0.0	-0.0		2783	75	1	1296
GO:0004479	methionyl-tRNA formyltransferase activity	0/75	1/2783	0.0	1.0	1.0		0		Molecular Function	0.0	0.00035932446999640676	-0.0	-0.0		2783	75	1	1296
GO:0004488	methylenetetrahydrofolate dehydrogenase (NADP+) activity	0/75	1/2783	0.0	1.0	1.0		0		Molecular Function	0.0	0.00035932446999640676	-0.0	-0.0		2783	75	1	1296
GO:0004489	methylenetetrahydrofolate reductase (NAD(P)H) activity	0/75	1/2783	0.0	1.0	1.0		0		Molecular Function	0.0	0.00035932446999640676	-0.0	-0.0		2783	75	1	1296
GO:0004494	methylmalonyl-CoA mutase activity	0/75	1/2783	0.0	1.0	1.0		0		Molecular Function	0.0	0.00035932446999640676	-0.0	-0.0		2783	75	1	1296
GO:0004497	monooxygenase activity	0/75	5/2783	0.0	1.0	1.0		0		Molecular Function	0.0	0.0017966223499820337	-0.0	-0.0		2783	75	5	1296
GO:0004514	nicotinate-nucleotide diphosphorylase (carboxylating) activity	0/75	2/2783	0.0	1.0	1.0		0		Molecular Function	0.0	0.0007186489399928135	-0.0	-0.0		2783	75	2	1296
GO:0004515	nicotinate-nucleotide adenylyltransferase activity	0/75	1/2783	0.0	1.0	1.0		0		Molecular Function	0.0	0.00035932446999640676	-0.0	-0.0		2783	75	1	1296
GO:0004516	nicotinate phosphoribosyltransferase activity	0/75	1/2783	0.0	1.0	1.0		0		Molecular Function	0.0	0.00035932446999640676	-0.0	-0.0		2783	75	1	1296
GO:0004518	nuclease activity	0/75	5/2783	0.0	1.0	1.0		0		Molecular Function	0.0	0.0017966223499820337	-0.0	-0.0		2783	75	5	1296
GO:0004520	DNA endonuclease activity	0/75	2/2783	0.0	1.0	1.0		0		Molecular Function	0.0	0.0007186489399928135	-0.0	-0.0		2783	75	2	1296
GO:0004521	RNA endonuclease activity	0/75	4/2783	0.0	1.0	1.0		0		Molecular Function	0.0	0.001437297879985627	-0.0	-0.0		2783	75	4	1296
GO:0004525	ribonuclease III activity	0/75	1/2783	0.0	1.0	1.0		0		Molecular Function	0.0	0.00035932446999640676	-0.0	-0.0		2783	75	1	1296
GO:0004527	exonuclease activity	0/75	9/2783	0.0	1.0	1.0		0		Molecular Function	0.0	0.0032339202299676607	-0.0	-0.0		2783	75	9	1296
GO:0004532	RNA exonuclease activity	0/75	1/2783	0.0	1.0	1.0		0		Molecular Function	0.0	0.00035932446999640676	-0.0	-0.0		2783	75	1	1296
GO:0004536	DNA nuclease activity	0/75	2/2783	0.0	1.0	1.0		0		Molecular Function	0.0	0.0007186489399928135	-0.0	-0.0		2783	75	2	1296
GO:0004540	RNA nuclease activity	0/75	2/2783	0.0	1.0	1.0		0		Molecular Function	0.0	0.0007186489399928135	-0.0	-0.0		2783	75	2	1296
GO:0004550	nucleoside diphosphate kinase activity	0/75	1/2783	0.0	1.0	1.0		0		Molecular Function	0.0	0.00035932446999640676	-0.0	-0.0		2783	75	1	1296
GO:0004553	hydrolase activity, hydrolyzing O-glycosyl compounds	0/75	11/2783	0.0	1.0	1.0		0		Molecular Function	0.0	0.003952569169960474	-0.0	-0.0		2783	75	11	1296
GO:0004555	alpha,alpha-trehalase activity	0/75	2/2783	0.0	1.0	1.0		0		Molecular Function	0.0	0.0007186489399928135	-0.0	-0.0		2783	75	2	1296
GO:0004556	alpha-amylase activity	0/75	3/2783	0.0	1.0	1.0		0		Molecular Function	0.0	0.0010779734099892202	-0.0	-0.0		2783	75	3	1296
GO:0004563	beta-N-acetylhexosaminidase activity	0/75	1/2783	0.0	1.0	1.0		0		Molecular Function	0.0	0.00035932446999640676	-0.0	-0.0		2783	75	1	1296
GO:0004565	beta-galactosidase activity	0/75	1/2783	0.0	1.0	1.0		0		Molecular Function	0.0	0.00035932446999640676	-0.0	-0.0		2783	75	1	1296
GO:0004585	ornithine carbamoyltransferase activity	0/75	1/2783	0.0	1.0	1.0		0		Molecular Function	0.0	0.00035932446999640676	-0.0	-0.0		2783	75	1	1296
GO:0004586	ornithine decarboxylase activity	0/75	1/2783	0.0	1.0	1.0		0		Molecular Function	0.0	0.00035932446999640676	-0.0	-0.0		2783	75	1	1296
GO:0004588	orotate phosphoribosyltransferase activity	0/75	1/2783	0.0	1.0	1.0		0		Molecular Function	0.0	0.00035932446999640676	-0.0	-0.0		2783	75	1	1296
GO:0004590	orotidine-5'-phosphate decarboxylase activity	0/75	3/2783	0.0	1.0	1.0		0		Molecular Function	0.0	0.0010779734099892202	-0.0	-0.0		2783	75	3	1296
GO:0004591	oxoglutarate dehydrogenase (succinyl-transferring) activity	0/75	1/2783	0.0	1.0	1.0		0		Molecular Function	0.0	0.00035932446999640676	-0.0	-0.0		2783	75	1	1296
GO:0004592	pantoate-beta-alanine ligase activity	0/75	1/2783	0.0	1.0	1.0		0		Molecular Function	0.0	0.00035932446999640676	-0.0	-0.0		2783	75	1	1296
GO:0004594	pantothenate kinase activity	0/75	1/2783	0.0	1.0	1.0		0		Molecular Function	0.0	0.00035932446999640676	-0.0	-0.0		2783	75	1	1296
GO:0004595	pantetheine-phosphate adenylyltransferase activity	0/75	1/2783	0.0	1.0	1.0		0		Molecular Function	0.0	0.00035932446999640676	-0.0	-0.0		2783	75	1	1296
GO:0004601	peroxidase activity	0/75	6/2783	0.0	1.0	1.0		0		Molecular Function	0.0	0.0021559468199784403	-0.0	-0.0		2783	75	6	1296
GO:0004602	glutathione peroxidase activity	0/75	2/2783	0.0	1.0	1.0		0		Molecular Function	0.0	0.0007186489399928135	-0.0	-0.0		2783	75	2	1296
GO:0004604	phosphoadenylyl-sulfate reductase (thioredoxin) activity	0/75	1/2783	0.0	1.0	1.0		0		Molecular Function	0.0	0.00035932446999640676	-0.0	-0.0		2783	75	1	1296
GO:0004609	phosphatidylserine decarboxylase activity	0/75	1/2783	0.0	1.0	1.0		0		Molecular Function	0.0	0.00035932446999640676	-0.0	-0.0		2783	75	1	1296
GO:0004612	phosphoenolpyruvate carboxykinase (ATP) activity	0/75	1/2783	0.0	1.0	1.0		0		Molecular Function	0.0	0.00035932446999640676	-0.0	-0.0		2783	75	1	1296
GO:0004614	phosphoglucomutase activity	0/75	1/2783	0.0	1.0	1.0		0		Molecular Function	0.0	0.00035932446999640676	-0.0	-0.0		2783	75	1	1296
GO:0004616	phosphogluconate dehydrogenase (decarboxylating) activity	0/75	1/2783	0.0	1.0	1.0		0		Molecular Function	0.0	0.00035932446999640676	-0.0	-0.0		2783	75	1	1296
GO:0004618	phosphoglycerate kinase activity	0/75	1/2783	0.0	1.0	1.0		0		Molecular Function	0.0	0.00035932446999640676	-0.0	-0.0		2783	75	1	1296
GO:0004619	phosphoglycerate mutase activity	0/75	2/2783	0.0	1.0	1.0		0		Molecular Function	0.0	0.0007186489399928135	-0.0	-0.0		2783	75	2	1296
GO:0004620	phospholipase activity	0/75	1/2783	0.0	1.0	1.0		0		Molecular Function	0.0	0.00035932446999640676	-0.0	-0.0		2783	75	1	1296
GO:0004622	lysophospholipase activity	0/75	2/2783	0.0	1.0	1.0		0		Molecular Function	0.0	0.0007186489399928135	-0.0	-0.0		2783	75	2	1296
GO:0004632	phosphopantothenate--cysteine ligase activity	0/75	1/2783	0.0	1.0	1.0		0		Molecular Function	0.0	0.00035932446999640676	-0.0	-0.0		2783	75	1	1296
GO:0004633	phosphopantothenoylcysteine decarboxylase activity	0/75	1/2783	0.0	1.0	1.0		0		Molecular Function	0.0	0.00035932446999640676	-0.0	-0.0		2783	75	1	1296
GO:0004634	phosphopyruvate hydratase activity	0/75	1/2783	0.0	1.0	1.0		0		Molecular Function	0.0	0.00035932446999640676	-0.0	-0.0		2783	75	1	1296
GO:0004635	phosphoribosyl-AMP cyclohydrolase activity	0/75	1/2783	0.0	1.0	1.0		0		Molecular Function	0.0	0.00035932446999640676	-0.0	-0.0		2783	75	1	1296
GO:0004636	phosphoribosyl-ATP diphosphatase activity	0/75	1/2783	0.0	1.0	1.0		0		Molecular Function	0.0	0.00035932446999640676	-0.0	-0.0		2783	75	1	1296
GO:0004638	phosphoribosylaminoimidazole carboxylase activity	0/75	1/2783	0.0	1.0	1.0		0		Molecular Function	0.0	0.00035932446999640676	-0.0	-0.0		2783	75	1	1296
GO:0004639	phosphoribosylaminoimidazolesuccinocarboxamide synthase activity	0/75	1/2783	0.0	1.0	1.0		0		Molecular Function	0.0	0.00035932446999640676	-0.0	-0.0		2783	75	1	1296
GO:0004640	phosphoribosylanthranilate isomerase activity	0/75	2/2783	0.0	1.0	1.0		0		Molecular Function	0.0	0.0007186489399928135	-0.0	-0.0		2783	75	2	1296
GO:0004641	phosphoribosylformylglycinamidine cyclo-ligase activity	0/75	1/2783	0.0	1.0	1.0		0		Molecular Function	0.0	0.00035932446999640676	-0.0	-0.0		2783	75	1	1296
GO:0004642	phosphoribosylformylglycinamidine synthase activity	0/75	1/2783	0.0	1.0	1.0		0		Molecular Function	0.0	0.00035932446999640676	-0.0	-0.0		2783	75	1	1296
GO:0004643	phosphoribosylaminoimidazolecarboxamide formyltransferase activity	0/75	1/2783	0.0	1.0	1.0		0		Molecular Function	0.0	0.00035932446999640676	-0.0	-0.0		2783	75	1	1296
GO:0004644	phosphoribosylglycinamide formyltransferase activity	0/75	2/2783	0.0	1.0	1.0		0		Molecular Function	0.0	0.0007186489399928135	-0.0	-0.0		2783	75	2	1296
GO:0004645	1,4-alpha-oligoglucan phosphorylase activity	0/75	1/2783	0.0	1.0	1.0		0		Molecular Function	0.0	0.00035932446999640676	-0.0	-0.0		2783	75	1	1296
GO:0004648	O-phospho-L-serine:2-oxoglutarate aminotransferase activity	0/75	1/2783	0.0	1.0	1.0		0		Molecular Function	0.0	0.00035932446999640676	-0.0	-0.0		2783	75	1	1296
GO:0004655	porphobilinogen synthase activity	0/75	1/2783	0.0	1.0	1.0		0		Molecular Function	0.0	0.00035932446999640676	-0.0	-0.0		2783	75	1	1296
GO:0004659	prenyltransferase activity	0/75	1/2783	0.0	1.0	1.0		0		Molecular Function	0.0	0.00035932446999640676	-0.0	-0.0		2783	75	1	1296
GO:0004664	prephenate dehydratase activity	0/75	1/2783	0.0	1.0	1.0		0		Molecular Function	0.0	0.00035932446999640676	-0.0	-0.0		2783	75	1	1296
GO:0004665	prephenate dehydrogenase (NADP+) activity	0/75	1/2783	0.0	1.0	1.0		0		Molecular Function	0.0	0.00035932446999640676	-0.0	-0.0		2783	75	1	1296
GO:0004672	protein kinase activity	0/75	4/2783	0.0	1.0	1.0		0		Molecular Function	0.0	0.001437297879985627	-0.0	-0.0		2783	75	4	1296
GO:0004673	protein histidine kinase activity	0/75	2/2783	0.0	1.0	1.0		0		Molecular Function	0.0	0.0007186489399928135	-0.0	-0.0		2783	75	2	1296
GO:0004674	protein serine/threonine kinase activity	0/75	1/2783	0.0	1.0	1.0		0		Molecular Function	0.0	0.00035932446999640676	-0.0	-0.0		2783	75	1	1296
GO:0004713	protein tyrosine kinase activity	0/75	1/2783	0.0	1.0	1.0		0		Molecular Function	0.0	0.00035932446999640676	-0.0	-0.0		2783	75	1	1296
GO:0004715	non-membrane spanning protein tyrosine kinase activity	0/75	1/2783	0.0	1.0	1.0		0		Molecular Function	0.0	0.00035932446999640676	-0.0	-0.0		2783	75	1	1296
GO:0004719	protein-L-isoaspartate (D-aspartate) O-methyltransferase activity	0/75	1/2783	0.0	1.0	1.0		0		Molecular Function	0.0	0.00035932446999640676	-0.0	-0.0		2783	75	1	1296
GO:0004721	phosphoprotein phosphatase activity	0/75	2/2783	0.0	1.0	1.0		0		Molecular Function	0.0	0.0007186489399928135	-0.0	-0.0		2783	75	2	1296
GO:0004725	protein tyrosine phosphatase activity	0/75	1/2783	0.0	1.0	1.0		0		Molecular Function	0.0	0.00035932446999640676	-0.0	-0.0		2783	75	1	1296
GO:0004729	oxygen-dependent protoporphyrinogen oxidase activity	0/75	1/2783	0.0	1.0	1.0		0		Molecular Function	0.0	0.00035932446999640676	-0.0	-0.0		2783	75	1	1296
GO:0004730	pseudouridylate synthase activity	0/75	1/2783	0.0	1.0	1.0		0		Molecular Function	0.0	0.00035932446999640676	-0.0	-0.0		2783	75	1	1296
GO:0004731	purine-nucleoside phosphorylase activity	0/75	3/2783	0.0	1.0	1.0		0		Molecular Function	0.0	0.0010779734099892202	-0.0	-0.0		2783	75	3	1296
GO:0004733	pyridoxamine phosphate oxidase activity	0/75	1/2783	0.0	1.0	1.0		0		Molecular Function	0.0	0.00035932446999640676	-0.0	-0.0		2783	75	1	1296
GO:0004742	dihydrolipoyllysine-residue acetyltransferase activity	0/75	1/2783	0.0	1.0	1.0		0		Molecular Function	0.0	0.00035932446999640676	-0.0	-0.0		2783	75	1	1296
GO:0004743	pyruvate kinase activity	0/75	2/2783	0.0	1.0	1.0		0		Molecular Function	0.0	0.0007186489399928135	-0.0	-0.0		2783	75	2	1296
GO:0004747	ribokinase activity	0/75	1/2783	0.0	1.0	1.0		0		Molecular Function	0.0	0.00035932446999640676	-0.0	-0.0		2783	75	1	1296
GO:0004748	ribonucleoside-diphosphate reductase activity, thioredoxin disulfide as acceptor	0/75	2/2783	0.0	1.0	1.0		0		Molecular Function	0.0	0.0007186489399928135	-0.0	-0.0		2783	75	2	1296
GO:0004749	ribose phosphate diphosphokinase activity	0/75	1/2783	0.0	1.0	1.0		0		Molecular Function	0.0	0.00035932446999640676	-0.0	-0.0		2783	75	1	1296
GO:0004750	D-ribulose-phosphate 3-epimerase activity	0/75	1/2783	0.0	1.0	1.0		0		Molecular Function	0.0	0.00035932446999640676	-0.0	-0.0		2783	75	1	1296
GO:0004751	ribose-5-phosphate isomerase activity	0/75	1/2783	0.0	1.0	1.0		0		Molecular Function	0.0	0.00035932446999640676	-0.0	-0.0		2783	75	1	1296
GO:0004756	selenide, water dikinase activity	0/75	1/2783	0.0	1.0	1.0		0		Molecular Function	0.0	0.00035932446999640676	-0.0	-0.0		2783	75	1	1296
GO:0004764	shikimate 3-dehydrogenase (NADP+) activity	0/75	2/2783	0.0	1.0	1.0		0		Molecular Function	0.0	0.0007186489399928135	-0.0	-0.0		2783	75	2	1296
GO:0004765	shikimate kinase activity	0/75	2/2783	0.0	1.0	1.0		0		Molecular Function	0.0	0.0007186489399928135	-0.0	-0.0		2783	75	2	1296
GO:0004766	spermidine synthase activity	0/75	1/2783	0.0	1.0	1.0		0		Molecular Function	0.0	0.00035932446999640676	-0.0	-0.0		2783	75	1	1296
GO:0004775	succinate-CoA ligase (ADP-forming) activity	0/75	2/2783	0.0	1.0	1.0		0		Molecular Function	0.0	0.0007186489399928135	-0.0	-0.0		2783	75	2	1296
GO:0004777	succinate-semialdehyde dehydrogenase (NAD+) activity	0/75	1/2783	0.0	1.0	1.0		0		Molecular Function	0.0	0.00035932446999640676	-0.0	-0.0		2783	75	1	1296
GO:0004781	sulfate adenylyltransferase (ATP) activity	0/75	2/2783	0.0	1.0	1.0		0		Molecular Function	0.0	0.0007186489399928135	-0.0	-0.0		2783	75	2	1296
GO:0004783	sulfite reductase (NADPH) activity	0/75	1/2783	0.0	1.0	1.0		0		Molecular Function	0.0	0.00035932446999640676	-0.0	-0.0		2783	75	1	1296
GO:0004784	superoxide dismutase activity	0/75	3/2783	0.0	1.0	1.0		0		Molecular Function	0.0	0.0010779734099892202	-0.0	-0.0		2783	75	3	1296
GO:0004787	thiamine diphosphate phosphatase activity	0/75	1/2783	0.0	1.0	1.0		0		Molecular Function	0.0	0.00035932446999640676	-0.0	-0.0		2783	75	1	1296
GO:0004789	thiamine-phosphate diphosphorylase activity	0/75	1/2783	0.0	1.0	1.0		0		Molecular Function	0.0	0.00035932446999640676	-0.0	-0.0		2783	75	1	1296
GO:0004791	thioredoxin-disulfide reductase (NADP) activity	0/75	1/2783	0.0	1.0	1.0		0		Molecular Function	0.0	0.00035932446999640676	-0.0	-0.0		2783	75	1	1296
GO:0004792	thiosulfate sulfurtransferase activity	0/75	1/2783	0.0	1.0	1.0		0		Molecular Function	0.0	0.00035932446999640676	-0.0	-0.0		2783	75	1	1296
GO:0004793	threonine aldolase activity	0/75	1/2783	0.0	1.0	1.0		0		Molecular Function	0.0	0.00035932446999640676	-0.0	-0.0		2783	75	1	1296
GO:0004794	threonine deaminase activity	0/75	2/2783	0.0	1.0	1.0		0		Molecular Function	0.0	0.0007186489399928135	-0.0	-0.0		2783	75	2	1296
GO:0004797	thymidine kinase activity	0/75	1/2783	0.0	1.0	1.0		0		Molecular Function	0.0	0.00035932446999640676	-0.0	-0.0		2783	75	1	1296
GO:0004798	thymidylate kinase activity	0/75	1/2783	0.0	1.0	1.0		0		Molecular Function	0.0	0.00035932446999640676	-0.0	-0.0		2783	75	1	1296
GO:0004799	thymidylate synthase activity	0/75	1/2783	0.0	1.0	1.0		0		Molecular Function	0.0	0.00035932446999640676	-0.0	-0.0		2783	75	1	1296
GO:0004801	transaldolase activity	0/75	2/2783	0.0	1.0	1.0		0		Molecular Function	0.0	0.0007186489399928135	-0.0	-0.0		2783	75	2	1296
GO:0004805	trehalose-phosphatase activity	0/75	1/2783	0.0	1.0	1.0		0		Molecular Function	0.0	0.00035932446999640676	-0.0	-0.0		2783	75	1	1296
GO:0004807	triose-phosphate isomerase activity	0/75	1/2783	0.0	1.0	1.0		0		Molecular Function	0.0	0.00035932446999640676	-0.0	-0.0		2783	75	1	1296
GO:0004808	tRNA (5-methylaminomethyl-2-thiouridylate)(34)-methyltransferase activity	0/75	1/2783	0.0	1.0	1.0		0		Molecular Function	0.0	0.00035932446999640676	-0.0	-0.0		2783	75	1	1296
GO:0004810	CCA tRNA nucleotidyltransferase activity	0/75	2/2783	0.0	1.0	1.0		0		Molecular Function	0.0	0.0007186489399928135	-0.0	-0.0		2783	75	2	1296
GO:0004812	aminoacyl-tRNA ligase activity	0/75	2/2783	0.0	1.0	1.0		0		Molecular Function	0.0	0.0007186489399928135	-0.0	-0.0		2783	75	2	1296
GO:0004813	alanine-tRNA ligase activity	0/75	2/2783	0.0	1.0	1.0		0		Molecular Function	0.0	0.0007186489399928135	-0.0	-0.0		2783	75	2	1296
GO:0004814	arginine-tRNA ligase activity	0/75	2/2783	0.0	1.0	1.0		0		Molecular Function	0.0	0.0007186489399928135	-0.0	-0.0		2783	75	2	1296
GO:0004816	asparagine-tRNA ligase activity	0/75	1/2783	0.0	1.0	1.0		0		Molecular Function	0.0	0.00035932446999640676	-0.0	-0.0		2783	75	1	1296
GO:0004817	cysteine-tRNA ligase activity	0/75	1/2783	0.0	1.0	1.0		0		Molecular Function	0.0	0.00035932446999640676	-0.0	-0.0		2783	75	1	1296
GO:0004818	glutamate-tRNA ligase activity	0/75	1/2783	0.0	1.0	1.0		0		Molecular Function	0.0	0.00035932446999640676	-0.0	-0.0		2783	75	1	1296
GO:0004819	glutamine-tRNA ligase activity	0/75	1/2783	0.0	1.0	1.0		0		Molecular Function	0.0	0.00035932446999640676	-0.0	-0.0		2783	75	1	1296
GO:0004820	glycine-tRNA ligase activity	0/75	2/2783	0.0	1.0	1.0		0		Molecular Function	0.0	0.0007186489399928135	-0.0	-0.0		2783	75	2	1296
GO:0004823	leucine-tRNA ligase activity	0/75	2/2783	0.0	1.0	1.0		0		Molecular Function	0.0	0.0007186489399928135	-0.0	-0.0		2783	75	2	1296
GO:0004824	lysine-tRNA ligase activity	0/75	3/2783	0.0	1.0	1.0		0		Molecular Function	0.0	0.0010779734099892202	-0.0	-0.0		2783	75	3	1296
GO:0004825	methionine-tRNA ligase activity	0/75	1/2783	0.0	1.0	1.0		0		Molecular Function	0.0	0.00035932446999640676	-0.0	-0.0		2783	75	1	1296
GO:0004826	phenylalanine-tRNA ligase activity	0/75	2/2783	0.0	1.0	1.0		0		Molecular Function	0.0	0.0007186489399928135	-0.0	-0.0		2783	75	2	1296
GO:0004827	proline-tRNA ligase activity	0/75	2/2783	0.0	1.0	1.0		0		Molecular Function	0.0	0.0007186489399928135	-0.0	-0.0		2783	75	2	1296
GO:0004828	serine-tRNA ligase activity	0/75	1/2783	0.0	1.0	1.0		0		Molecular Function	0.0	0.00035932446999640676	-0.0	-0.0		2783	75	1	1296
GO:0004829	threonine-tRNA ligase activity	0/75	1/2783	0.0	1.0	1.0		0		Molecular Function	0.0	0.00035932446999640676	-0.0	-0.0		2783	75	1	1296
GO:0004830	tryptophan-tRNA ligase activity	0/75	1/2783	0.0	1.0	1.0		0		Molecular Function	0.0	0.00035932446999640676	-0.0	-0.0		2783	75	1	1296
GO:0004831	tyrosine-tRNA ligase activity	0/75	1/2783	0.0	1.0	1.0		0		Molecular Function	0.0	0.00035932446999640676	-0.0	-0.0		2783	75	1	1296
GO:0004832	valine-tRNA ligase activity	0/75	1/2783	0.0	1.0	1.0		0		Molecular Function	0.0	0.00035932446999640676	-0.0	-0.0		2783	75	1	1296
GO:0004834	tryptophan synthase activity	0/75	2/2783	0.0	1.0	1.0		0		Molecular Function	0.0	0.0007186489399928135	-0.0	-0.0		2783	75	2	1296
GO:0004844	uracil DNA N-glycosylase activity	0/75	1/2783	0.0	1.0	1.0		0		Molecular Function	0.0	0.00035932446999640676	-0.0	-0.0		2783	75	1	1296
GO:0004848	ureidoglycolate hydrolase activity	0/75	1/2783	0.0	1.0	1.0		0		Molecular Function	0.0	0.00035932446999640676	-0.0	-0.0		2783	75	1	1296
GO:0004849	uridine kinase activity	0/75	1/2783	0.0	1.0	1.0		0		Molecular Function	0.0	0.00035932446999640676	-0.0	-0.0		2783	75	1	1296
GO:0004850	uridine phosphorylase activity	0/75	1/2783	0.0	1.0	1.0		0		Molecular Function	0.0	0.00035932446999640676	-0.0	-0.0		2783	75	1	1296
GO:0004851	uroporphyrin-III C-methyltransferase activity	0/75	1/2783	0.0	1.0	1.0		0		Molecular Function	0.0	0.00035932446999640676	-0.0	-0.0		2783	75	1	1296
GO:0004852	uroporphyrinogen-III synthase activity	0/75	1/2783	0.0	1.0	1.0		0		Molecular Function	0.0	0.00035932446999640676	-0.0	-0.0		2783	75	1	1296
GO:0004853	uroporphyrinogen decarboxylase activity	0/75	1/2783	0.0	1.0	1.0		0		Molecular Function	0.0	0.00035932446999640676	-0.0	-0.0		2783	75	1	1296
GO:0004856	xylulokinase activity	0/75	2/2783	0.0	1.0	1.0		0		Molecular Function	0.0	0.0007186489399928135	-0.0	-0.0		2783	75	2	1296
GO:0004857	enzyme inhibitor activity	0/75	2/2783	0.0	1.0	1.0		0		Molecular Function	0.0	0.0007186489399928135	-0.0	-0.0		2783	75	2	1296
GO:0004866	endopeptidase inhibitor activity	0/75	1/2783	0.0	1.0	1.0		0		Molecular Function	0.0	0.00035932446999640676	-0.0	-0.0		2783	75	1	1296
GO:0004867	serine-type endopeptidase inhibitor activity	0/75	1/2783	0.0	1.0	1.0		0		Molecular Function	0.0	0.00035932446999640676	-0.0	-0.0		2783	75	1	1296
GO:0004888	transmembrane signaling receptor activity	0/75	4/2783	0.0	1.0	1.0		0		Molecular Function	0.0	0.001437297879985627	-0.0	-0.0		2783	75	4	1296
GO:0005048	signal sequence binding	0/75	2/2783	0.0	1.0	1.0		0		Molecular Function	0.0	0.0007186489399928135	-0.0	-0.0		2783	75	2	1296
GO:0005096	GTPase activator activity	0/75	1/2783	0.0	1.0	1.0		0		Molecular Function	0.0	0.00035932446999640676	-0.0	-0.0		2783	75	1	1296
GO:0005198	structural molecule activity	0/75	7/2783	0.0	1.0	1.0		0		Molecular Function	0.0	0.0025152712899748474	-0.0	-0.0		2783	75	7	1296
GO:0005215	transporter activity	0/75	3/2783	0.0	1.0	1.0		0		Molecular Function	0.0	0.0010779734099892202	-0.0	-0.0		2783	75	3	1296
GO:0005216	monoatomic ion channel activity	0/75	1/2783	0.0	1.0	1.0		0		Molecular Function	0.0	0.00035932446999640676	-0.0	-0.0		2783	75	1	1296
GO:0005247	voltage-gated chloride channel activity	0/75	2/2783	0.0	1.0	1.0		0		Molecular Function	0.0	0.0007186489399928135	-0.0	-0.0		2783	75	2	1296
GO:0005254	chloride channel activity	0/75	1/2783	0.0	1.0	1.0		0		Molecular Function	0.0	0.00035932446999640676	-0.0	-0.0		2783	75	1	1296
GO:0005261	monoatomic cation channel activity	0/75	1/2783	0.0	1.0	1.0		0		Molecular Function	0.0	0.00035932446999640676	-0.0	-0.0		2783	75	1	1296
GO:0005267	potassium channel activity	0/75	1/2783	0.0	1.0	1.0		0		Molecular Function	0.0	0.00035932446999640676	-0.0	-0.0		2783	75	1	1296
GO:0005280	amino acid:proton symporter activity	0/75	1/2783	0.0	1.0	1.0		0		Molecular Function	0.0	0.00035932446999640676	-0.0	-0.0		2783	75	1	1296
GO:0005298	proline:sodium symporter activity	0/75	1/2783	0.0	1.0	1.0		0		Molecular Function	0.0	0.00035932446999640676	-0.0	-0.0		2783	75	1	1296
GO:0005315	inorganic phosphate transmembrane transporter activity	0/75	6/2783	0.0	1.0	1.0		0		Molecular Function	0.0	0.0021559468199784403	-0.0	-0.0		2783	75	6	1296
GO:0005342	organic acid transmembrane transporter activity	0/75	1/2783	0.0	1.0	1.0		0		Molecular Function	0.0	0.00035932446999640676	-0.0	-0.0		2783	75	1	1296
GO:0005344	oxygen carrier activity	0/75	1/2783	0.0	1.0	1.0		0		Molecular Function	0.0	0.00035932446999640676	-0.0	-0.0		2783	75	1	1296
GO:0005351	carbohydrate:proton symporter activity	0/75	7/2783	0.0	1.0	1.0		0		Molecular Function	0.0	0.0025152712899748474	-0.0	-0.0		2783	75	7	1296
GO:0005355	glucose transmembrane transporter activity	0/75	1/2783	0.0	1.0	1.0		0		Molecular Function	0.0	0.00035932446999640676	-0.0	-0.0		2783	75	1	1296
GO:0005363	maltose transmembrane transporter activity	0/75	1/2783	0.0	1.0	1.0		0		Molecular Function	0.0	0.00035932446999640676	-0.0	-0.0		2783	75	1	1296
GO:0005381	iron ion transmembrane transporter activity	0/75	1/2783	0.0	1.0	1.0		0		Molecular Function	0.0	0.00035932446999640676	-0.0	-0.0		2783	75	1	1296
GO:0005384	manganese ion transmembrane transporter activity	0/75	1/2783	0.0	1.0	1.0		0		Molecular Function	0.0	0.00035932446999640676	-0.0	-0.0		2783	75	1	1296
GO:0005385	zinc ion transmembrane transporter activity	0/75	2/2783	0.0	1.0	1.0		0		Molecular Function	0.0	0.0007186489399928135	-0.0	-0.0		2783	75	2	1296
GO:0005507	copper ion binding	0/75	9/2783	0.0	1.0	1.0		0		Molecular Function	0.0	0.0032339202299676607	-0.0	-0.0		2783	75	9	1296
GO:0005509	calcium ion binding	0/75	6/2783	0.0	1.0	1.0		0		Molecular Function	0.0	0.0021559468199784403	-0.0	-0.0		2783	75	6	1296
GO:0005515	protein binding	0/75	22/2783	0.0	1.0	1.0		0		Molecular Function	0.0	0.007905138339920948	-0.0	-0.0		2783	75	22	1296
GO:0005525	GTP binding	0/75	32/2783	0.0	1.0	1.0		0		Molecular Function	0.0	0.011498383039885016	-0.0	-0.0		2783	75	32	1296
GO:0005536	glucose binding	0/75	2/2783	0.0	1.0	1.0		0		Molecular Function	0.0	0.0007186489399928135	-0.0	-0.0		2783	75	2	1296
GO:0005542	folic acid binding	0/75	1/2783	0.0	1.0	1.0		0		Molecular Function	0.0	0.00035932446999640676	-0.0	-0.0		2783	75	1	1296
GO:0008047	enzyme activator activity	0/75	6/2783	0.0	1.0	1.0		0		Molecular Function	0.0	0.0021559468199784403	-0.0	-0.0		2783	75	6	1296
GO:0008080	N-acetyltransferase activity	0/75	1/2783	0.0	1.0	1.0		0		Molecular Function	0.0	0.00035932446999640676	-0.0	-0.0		2783	75	1	1296
GO:0008081	phosphoric diester hydrolase activity	0/75	4/2783	0.0	1.0	1.0		0		Molecular Function	0.0	0.001437297879985627	-0.0	-0.0		2783	75	4	1296
GO:0008097	5S rRNA binding	0/75	1/2783	0.0	1.0	1.0		0		Molecular Function	0.0	0.00035932446999640676	-0.0	-0.0		2783	75	1	1296
GO:0008106	alcohol dehydrogenase (NADP+) activity	0/75	1/2783	0.0	1.0	1.0		0		Molecular Function	0.0	0.00035932446999640676	-0.0	-0.0		2783	75	1	1296
GO:0008108	UDP-glucose:hexose-1-phosphate uridylyltransferase activity	0/75	1/2783	0.0	1.0	1.0		0		Molecular Function	0.0	0.00035932446999640676	-0.0	-0.0		2783	75	1	1296
GO:0008127	quercetin 2,3-dioxygenase activity	0/75	1/2783	0.0	1.0	1.0		0		Molecular Function	0.0	0.00035932446999640676	-0.0	-0.0		2783	75	1	1296
GO:0008137	NADH dehydrogenase (ubiquinone) activity	0/75	14/2783	0.0	1.0	1.0		0		Molecular Function	0.0	0.005030542579949695	-0.0	-0.0		2783	75	14	1296
GO:0008138	protein tyrosine/serine/threonine phosphatase activity	0/75	1/2783	0.0	1.0	1.0		0		Molecular Function	0.0	0.00035932446999640676	-0.0	-0.0		2783	75	1	1296
GO:0008168	methyltransferase activity	0/75	16/2783	0.0	1.0	1.0		0		Molecular Function	0.0	0.005749191519942508	-0.0	-0.0		2783	75	16	1296
GO:0008175	tRNA methyltransferase activity	0/75	1/2783	0.0	1.0	1.0		0		Molecular Function	0.0	0.00035932446999640676	-0.0	-0.0		2783	75	1	1296
GO:0008176	tRNA (guanine(46)-N7)-methyltransferase activity	0/75	1/2783	0.0	1.0	1.0		0		Molecular Function	0.0	0.00035932446999640676	-0.0	-0.0		2783	75	1	1296
GO:0008184	glycogen phosphorylase activity	0/75	2/2783	0.0	1.0	1.0		0		Molecular Function	0.0	0.0007186489399928135	-0.0	-0.0		2783	75	2	1296
GO:0008198	ferrous iron binding	0/75	5/2783	0.0	1.0	1.0		0		Molecular Function	0.0	0.0017966223499820337	-0.0	-0.0		2783	75	5	1296
GO:0008199	ferric iron binding	0/75	6/2783	0.0	1.0	1.0		0		Molecular Function	0.0	0.0021559468199784403	-0.0	-0.0		2783	75	6	1296
GO:0008233	peptidase activity	0/75	17/2783	0.0	1.0	1.0		0		Molecular Function	0.0	0.006108515989938915	-0.0	-0.0		2783	75	17	1296
GO:0008234	cysteine-type peptidase activity	0/75	1/2783	0.0	1.0	1.0		0		Molecular Function	0.0	0.00035932446999640676	-0.0	-0.0		2783	75	1	1296
GO:0008235	metalloexopeptidase activity	0/75	3/2783	0.0	1.0	1.0		0		Molecular Function	0.0	0.0010779734099892202	-0.0	-0.0		2783	75	3	1296
GO:0008236	serine-type peptidase activity	0/75	3/2783	0.0	1.0	1.0		0		Molecular Function	0.0	0.0010779734099892202	-0.0	-0.0		2783	75	3	1296
GO:0008237	metallopeptidase activity	0/75	8/2783	0.0	1.0	1.0		0		Molecular Function	0.0	0.002874595759971254	-0.0	-0.0		2783	75	8	1296
GO:0008252	nucleotidase activity	0/75	2/2783	0.0	1.0	1.0		0		Molecular Function	0.0	0.0007186489399928135	-0.0	-0.0		2783	75	2	1296
GO:0008253	5'-nucleotidase activity	0/75	1/2783	0.0	1.0	1.0		0		Molecular Function	0.0	0.00035932446999640676	-0.0	-0.0		2783	75	1	1296
GO:0008254	3'-nucleotidase activity	0/75	1/2783	0.0	1.0	1.0		0		Molecular Function	0.0	0.00035932446999640676	-0.0	-0.0		2783	75	1	1296
GO:0008263	pyrimidine-specific mismatch base pair DNA N-glycosylase activity	0/75	1/2783	0.0	1.0	1.0		0		Molecular Function	0.0	0.00035932446999640676	-0.0	-0.0		2783	75	1	1296
GO:0008271	secondary active sulfate transmembrane transporter activity	0/75	1/2783	0.0	1.0	1.0		0		Molecular Function	0.0	0.00035932446999640676	-0.0	-0.0		2783	75	1	1296
GO:0008276	protein methyltransferase activity	0/75	1/2783	0.0	1.0	1.0		0		Molecular Function	0.0	0.00035932446999640676	-0.0	-0.0		2783	75	1	1296
GO:0008289	lipid binding	0/75	5/2783	0.0	1.0	1.0		0		Molecular Function	0.0	0.0017966223499820337	-0.0	-0.0		2783	75	5	1296
GO:0008310	single-stranded DNA 3'-5' DNA exonuclease activity	0/75	1/2783	0.0	1.0	1.0		0		Molecular Function	0.0	0.00035932446999640676	-0.0	-0.0		2783	75	1	1296
GO:0008312	7S RNA binding	0/75	1/2783	0.0	1.0	1.0		0		Molecular Function	0.0	0.00035932446999640676	-0.0	-0.0		2783	75	1	1296
GO:0008320	protein transmembrane transporter activity	0/75	5/2783	0.0	1.0	1.0		0		Molecular Function	0.0	0.0017966223499820337	-0.0	-0.0		2783	75	5	1296
GO:0008324	monoatomic cation transmembrane transporter activity	0/75	6/2783	0.0	1.0	1.0		0		Molecular Function	0.0	0.0021559468199784403	-0.0	-0.0		2783	75	6	1296
GO:0008379	thioredoxin peroxidase activity	0/75	1/2783	0.0	1.0	1.0		0		Molecular Function	0.0	0.00035932446999640676	-0.0	-0.0		2783	75	1	1296
GO:0008381	mechanosensitive monoatomic ion channel activity	0/75	4/2783	0.0	1.0	1.0		0		Molecular Function	0.0	0.001437297879985627	-0.0	-0.0		2783	75	4	1296
GO:0008408	3'-5' exonuclease activity	0/75	7/2783	0.0	1.0	1.0		0		Molecular Function	0.0	0.0025152712899748474	-0.0	-0.0		2783	75	7	1296
GO:0008409	5'-3' exonuclease activity	0/75	1/2783	0.0	1.0	1.0		0		Molecular Function	0.0	0.00035932446999640676	-0.0	-0.0		2783	75	1	1296
GO:0008410	CoA-transferase activity	0/75	4/2783	0.0	1.0	1.0		0		Molecular Function	0.0	0.001437297879985627	-0.0	-0.0		2783	75	4	1296
GO:0008412	4-hydroxybenzoate octaprenyltransferase activity	0/75	1/2783	0.0	1.0	1.0		0		Molecular Function	0.0	0.00035932446999640676	-0.0	-0.0		2783	75	1	1296
GO:0008417	fucosyltransferase activity	0/75	1/2783	0.0	1.0	1.0		0		Molecular Function	0.0	0.00035932446999640676	-0.0	-0.0		2783	75	1	1296
GO:0008422	beta-glucosidase activity	0/75	1/2783	0.0	1.0	1.0		0		Molecular Function	0.0	0.00035932446999640676	-0.0	-0.0		2783	75	1	1296
GO:0008425	2-polyprenyl-6-methoxy-1,4-benzoquinone methyltransferase activity	0/75	2/2783	0.0	1.0	1.0		0		Molecular Function	0.0	0.0007186489399928135	-0.0	-0.0		2783	75	2	1296
GO:0008428	ribonuclease inhibitor activity	0/75	1/2783	0.0	1.0	1.0		0		Molecular Function	0.0	0.00035932446999640676	-0.0	-0.0		2783	75	1	1296
GO:0008441	3'(2'),5'-bisphosphate nucleotidase activity	0/75	1/2783	0.0	1.0	1.0		0		Molecular Function	0.0	0.00035932446999640676	-0.0	-0.0		2783	75	1	1296
GO:0008444	CDP-diacylglycerol-glycerol-3-phosphate 3-phosphatidyltransferase activity	0/75	2/2783	0.0	1.0	1.0		0		Molecular Function	0.0	0.0007186489399928135	-0.0	-0.0		2783	75	2	1296
GO:0008446	GDP-mannose 4,6-dehydratase activity	0/75	1/2783	0.0	1.0	1.0		0		Molecular Function	0.0	0.00035932446999640676	-0.0	-0.0		2783	75	1	1296
GO:0008448	N-acetylglucosamine-6-phosphate deacetylase activity	0/75	1/2783	0.0	1.0	1.0		0		Molecular Function	0.0	0.00035932446999640676	-0.0	-0.0		2783	75	1	1296
GO:0008452	RNA ligase activity	0/75	1/2783	0.0	1.0	1.0		0		Molecular Function	0.0	0.00035932446999640676	-0.0	-0.0		2783	75	1	1296
GO:0008460	dTDP-glucose 4,6-dehydratase activity	0/75	1/2783	0.0	1.0	1.0		0		Molecular Function	0.0	0.00035932446999640676	-0.0	-0.0		2783	75	1	1296
GO:0008478	pyridoxal kinase activity	0/75	2/2783	0.0	1.0	1.0		0		Molecular Function	0.0	0.0007186489399928135	-0.0	-0.0		2783	75	2	1296
GO:0008479	tRNA-guanosine(34) queuine transglycosylase activity	0/75	1/2783	0.0	1.0	1.0		0		Molecular Function	0.0	0.00035932446999640676	-0.0	-0.0		2783	75	1	1296
GO:0008484	sulfuric ester hydrolase activity	0/75	8/2783	0.0	1.0	1.0		0		Molecular Function	0.0	0.002874595759971254	-0.0	-0.0		2783	75	8	1296
GO:0008495	protoheme IX farnesyltransferase activity	0/75	1/2783	0.0	1.0	1.0		0		Molecular Function	0.0	0.00035932446999640676	-0.0	-0.0		2783	75	1	1296
GO:0008509	monoatomic anion transmembrane transporter activity	0/75	1/2783	0.0	1.0	1.0		0		Molecular Function	0.0	0.00035932446999640676	-0.0	-0.0		2783	75	1	1296
GO:0008514	organic anion transmembrane transporter activity	0/75	1/2783	0.0	1.0	1.0		0		Molecular Function	0.0	0.00035932446999640676	-0.0	-0.0		2783	75	1	1296
GO:0008519	ammonium transmembrane transporter activity	0/75	3/2783	0.0	1.0	1.0		0		Molecular Function	0.0	0.0010779734099892202	-0.0	-0.0		2783	75	3	1296
GO:0008531	riboflavin kinase activity	0/75	1/2783	0.0	1.0	1.0		0		Molecular Function	0.0	0.00035932446999640676	-0.0	-0.0		2783	75	1	1296
GO:0008556	P-type potassium transmembrane transporter activity	0/75	2/2783	0.0	1.0	1.0		0		Molecular Function	0.0	0.0007186489399928135	-0.0	-0.0		2783	75	2	1296
GO:0008641	ubiquitin-like modifier activating enzyme activity	0/75	3/2783	0.0	1.0	1.0		0		Molecular Function	0.0	0.0010779734099892202	-0.0	-0.0		2783	75	3	1296
GO:0008650	rRNA (uridine-2'-O-)-methyltransferase activity	0/75	1/2783	0.0	1.0	1.0		0		Molecular Function	0.0	0.00035932446999640676	-0.0	-0.0		2783	75	1	1296
GO:0008657	DNA topoisomerase type II (double strand cut, ATP-hydrolyzing) inhibitor activity	0/75	2/2783	0.0	1.0	1.0		0		Molecular Function	0.0	0.0007186489399928135	-0.0	-0.0		2783	75	2	1296
GO:0008658	penicillin binding	0/75	5/2783	0.0	1.0	1.0		0		Molecular Function	0.0	0.0017966223499820337	-0.0	-0.0		2783	75	5	1296
GO:0008659	(3R)-3-hydroxymyristoyl-[acyl-carrier-protein] dehydratase activity	0/75	1/2783	0.0	1.0	1.0		0		Molecular Function	0.0	0.00035932446999640676	-0.0	-0.0		2783	75	1	1296
GO:0008662	1-phosphofructokinase activity	0/75	1/2783	0.0	1.0	1.0		0		Molecular Function	0.0	0.00035932446999640676	-0.0	-0.0		2783	75	1	1296
GO:0008663	2',3'-cyclic-nucleotide 2'-phosphodiesterase activity	0/75	2/2783	0.0	1.0	1.0		0		Molecular Function	0.0	0.0007186489399928135	-0.0	-0.0		2783	75	2	1296
GO:0008664	2'-5'-RNA ligase activity	0/75	1/2783	0.0	1.0	1.0		0		Molecular Function	0.0	0.00035932446999640676	-0.0	-0.0		2783	75	1	1296
GO:0008666	2,3,4,5-tetrahydropyridine-2,6-dicarboxylate N-succinyltransferase activity	0/75	1/2783	0.0	1.0	1.0		0		Molecular Function	0.0	0.00035932446999640676	-0.0	-0.0		2783	75	1	1296
GO:0008668	(2,3-dihydroxybenzoyl)adenylate synthase activity	0/75	1/2783	0.0	1.0	1.0		0		Molecular Function	0.0	0.00035932446999640676	-0.0	-0.0		2783	75	1	1296
GO:0008671	2-dehydro-3-deoxygalactonokinase activity	0/75	1/2783	0.0	1.0	1.0		0		Molecular Function	0.0	0.00035932446999640676	-0.0	-0.0		2783	75	1	1296
GO:0008672	2-dehydro-3-deoxyglucarate aldolase activity	0/75	2/2783	0.0	1.0	1.0		0		Molecular Function	0.0	0.0007186489399928135	-0.0	-0.0		2783	75	2	1296
GO:0008676	3-deoxy-8-phosphooctulonate synthase activity	0/75	1/2783	0.0	1.0	1.0		0		Molecular Function	0.0	0.00035932446999640676	-0.0	-0.0		2783	75	1	1296
GO:0008677	2-dehydropantoate 2-reductase activity	0/75	1/2783	0.0	1.0	1.0		0		Molecular Function	0.0	0.00035932446999640676	-0.0	-0.0		2783	75	1	1296
GO:0008678	2-deoxy-D-gluconate 3-dehydrogenase activity	0/75	1/2783	0.0	1.0	1.0		0		Molecular Function	0.0	0.00035932446999640676	-0.0	-0.0		2783	75	1	1296
GO:0008679	2-hydroxy-3-oxopropionate reductase activity	0/75	1/2783	0.0	1.0	1.0		0		Molecular Function	0.0	0.00035932446999640676	-0.0	-0.0		2783	75	1	1296
GO:0008681	2-octaprenyl-6-methoxyphenol hydroxylase activity	0/75	1/2783	0.0	1.0	1.0		0		Molecular Function	0.0	0.00035932446999640676	-0.0	-0.0		2783	75	1	1296
GO:0008684	2-oxopent-4-enoate hydratase activity	0/75	1/2783	0.0	1.0	1.0		0		Molecular Function	0.0	0.00035932446999640676	-0.0	-0.0		2783	75	1	1296
GO:0008685	2-C-methyl-D-erythritol 2,4-cyclodiphosphate synthase activity	0/75	1/2783	0.0	1.0	1.0		0		Molecular Function	0.0	0.00035932446999640676	-0.0	-0.0		2783	75	1	1296
GO:0008686	3,4-dihydroxy-2-butanone-4-phosphate synthase activity	0/75	1/2783	0.0	1.0	1.0		0		Molecular Function	0.0	0.00035932446999640676	-0.0	-0.0		2783	75	1	1296
GO:0008687	3,4-dihydroxyphenylacetate 2,3-dioxygenase activity	0/75	1/2783	0.0	1.0	1.0		0		Molecular Function	0.0	0.00035932446999640676	-0.0	-0.0		2783	75	1	1296
GO:0008688	3-(3-hydroxyphenyl)propionate hydroxylase activity	0/75	1/2783	0.0	1.0	1.0		0		Molecular Function	0.0	0.00035932446999640676	-0.0	-0.0		2783	75	1	1296
GO:0008690	3-deoxy-manno-octulosonate cytidylyltransferase activity	0/75	1/2783	0.0	1.0	1.0		0		Molecular Function	0.0	0.00035932446999640676	-0.0	-0.0		2783	75	1	1296
GO:0008691	3-hydroxybutyryl-CoA dehydrogenase activity	0/75	2/2783	0.0	1.0	1.0		0		Molecular Function	0.0	0.0007186489399928135	-0.0	-0.0		2783	75	2	1296
GO:0008692	3-hydroxybutyryl-CoA epimerase activity	0/75	2/2783	0.0	1.0	1.0		0		Molecular Function	0.0	0.0007186489399928135	-0.0	-0.0		2783	75	2	1296
GO:0008693	(3R)-3-hydroxydecanoyl-[acyl-carrier-protein] dehydratase activity	0/75	2/2783	0.0	1.0	1.0		0		Molecular Function	0.0	0.0007186489399928135	-0.0	-0.0		2783	75	2	1296
GO:0008695	3-phenylpropionate dioxygenase activity	0/75	4/2783	0.0	1.0	1.0		0		Molecular Function	0.0	0.001437297879985627	-0.0	-0.0		2783	75	4	1296
GO:0008696	4-amino-4-deoxychorismate lyase activity	0/75	1/2783	0.0	1.0	1.0		0		Molecular Function	0.0	0.00035932446999640676	-0.0	-0.0		2783	75	1	1296
GO:0008697	4-deoxy-L-threo-5-hexosulose-uronate ketol-isomerase activity	0/75	1/2783	0.0	1.0	1.0		0		Molecular Function	0.0	0.00035932446999640676	-0.0	-0.0		2783	75	1	1296
GO:0008701	4-hydroxy-2-oxovalerate aldolase activity	0/75	1/2783	0.0	1.0	1.0		0		Molecular Function	0.0	0.00035932446999640676	-0.0	-0.0		2783	75	1	1296
GO:0008704	5-carboxymethyl-2-hydroxymuconate delta-isomerase activity	0/75	1/2783	0.0	1.0	1.0		0		Molecular Function	0.0	0.00035932446999640676	-0.0	-0.0		2783	75	1	1296
GO:0008706	6-phospho-beta-glucosidase activity	0/75	1/2783	0.0	1.0	1.0		0		Molecular Function	0.0	0.00035932446999640676	-0.0	-0.0		2783	75	1	1296
GO:0008710	8-amino-7-oxononanoate synthase activity	0/75	2/2783	0.0	1.0	1.0		0		Molecular Function	0.0	0.0007186489399928135	-0.0	-0.0		2783	75	2	1296
GO:0008712	ADP-glyceromanno-heptose 6-epimerase activity	0/75	1/2783	0.0	1.0	1.0		0		Molecular Function	0.0	0.00035932446999640676	-0.0	-0.0		2783	75	1	1296
GO:0008714	AMP nucleosidase activity	0/75	2/2783	0.0	1.0	1.0		0		Molecular Function	0.0	0.0007186489399928135	-0.0	-0.0		2783	75	2	1296
GO:0008715	CDP-diacylglycerol diphosphatase activity	0/75	1/2783	0.0	1.0	1.0		0		Molecular Function	0.0	0.00035932446999640676	-0.0	-0.0		2783	75	1	1296
GO:0008716	D-alanine-D-alanine ligase activity	0/75	2/2783	0.0	1.0	1.0		0		Molecular Function	0.0	0.0007186489399928135	-0.0	-0.0		2783	75	2	1296
GO:0008718	D-amino-acid dehydrogenase activity	0/75	1/2783	0.0	1.0	1.0		0		Molecular Function	0.0	0.00035932446999640676	-0.0	-0.0		2783	75	1	1296
GO:0008721	D-serine ammonia-lyase activity	0/75	1/2783	0.0	1.0	1.0		0		Molecular Function	0.0	0.00035932446999640676	-0.0	-0.0		2783	75	1	1296
GO:0008725	DNA-3-methyladenine glycosylase activity	0/75	1/2783	0.0	1.0	1.0		0		Molecular Function	0.0	0.00035932446999640676	-0.0	-0.0		2783	75	1	1296
GO:0008726	alkanesulfonate monooxygenase activity	0/75	1/2783	0.0	1.0	1.0		0		Molecular Function	0.0	0.00035932446999640676	-0.0	-0.0		2783	75	1	1296
GO:0008727	GDP-mannose mannosyl hydrolase activity	0/75	1/2783	0.0	1.0	1.0		0		Molecular Function	0.0	0.00035932446999640676	-0.0	-0.0		2783	75	1	1296
GO:0008733	L-arabinose isomerase activity	0/75	1/2783	0.0	1.0	1.0		0		Molecular Function	0.0	0.00035932446999640676	-0.0	-0.0		2783	75	1	1296
GO:0008734	L-aspartate oxidase activity	0/75	1/2783	0.0	1.0	1.0		0		Molecular Function	0.0	0.00035932446999640676	-0.0	-0.0		2783	75	1	1296
GO:0008735	L-carnitine CoA-transferase activity	0/75	1/2783	0.0	1.0	1.0		0		Molecular Function	0.0	0.00035932446999640676	-0.0	-0.0		2783	75	1	1296
GO:0008736	L-fucose isomerase activity	0/75	1/2783	0.0	1.0	1.0		0		Molecular Function	0.0	0.00035932446999640676	-0.0	-0.0		2783	75	1	1296
GO:0008737	L-fuculokinase activity	0/75	1/2783	0.0	1.0	1.0		0		Molecular Function	0.0	0.00035932446999640676	-0.0	-0.0		2783	75	1	1296
GO:0008738	L-fuculose-phosphate aldolase activity	0/75	1/2783	0.0	1.0	1.0		0		Molecular Function	0.0	0.00035932446999640676	-0.0	-0.0		2783	75	1	1296
GO:0008740	L-rhamnose isomerase activity	0/75	1/2783	0.0	1.0	1.0		0		Molecular Function	0.0	0.00035932446999640676	-0.0	-0.0		2783	75	1	1296
GO:0008741	ribulokinase activity	0/75	1/2783	0.0	1.0	1.0		0		Molecular Function	0.0	0.00035932446999640676	-0.0	-0.0		2783	75	1	1296
GO:0008742	L-ribulose-phosphate 4-epimerase activity	0/75	1/2783	0.0	1.0	1.0		0		Molecular Function	0.0	0.00035932446999640676	-0.0	-0.0		2783	75	1	1296
GO:0008744	L-xylulokinase activity	0/75	1/2783	0.0	1.0	1.0		0		Molecular Function	0.0	0.00035932446999640676	-0.0	-0.0		2783	75	1	1296
GO:0008745	N-acetylmuramoyl-L-alanine amidase activity	0/75	5/2783	0.0	1.0	1.0		0		Molecular Function	0.0	0.0017966223499820337	-0.0	-0.0		2783	75	5	1296
GO:0008746	NAD(P)+ transhydrogenase activity	0/75	1/2783	0.0	1.0	1.0		0		Molecular Function	0.0	0.00035932446999640676	-0.0	-0.0		2783	75	1	1296
GO:0008747	N-acetylneuraminate lyase activity	0/75	1/2783	0.0	1.0	1.0		0		Molecular Function	0.0	0.00035932446999640676	-0.0	-0.0		2783	75	1	1296
GO:0008750	NAD(P)+ transhydrogenase (AB-specific) activity	0/75	1/2783	0.0	1.0	1.0		0		Molecular Function	0.0	0.00035932446999640676	-0.0	-0.0		2783	75	1	1296
GO:0008752	FMN reductase (NAD(P)H) activity	0/75	2/2783	0.0	1.0	1.0		0		Molecular Function	0.0	0.0007186489399928135	-0.0	-0.0		2783	75	2	1296
GO:0008756	o-succinylbenzoate-CoA ligase activity	0/75	1/2783	0.0	1.0	1.0		0		Molecular Function	0.0	0.00035932446999640676	-0.0	-0.0		2783	75	1	1296
GO:0008757	S-adenosylmethionine-dependent methyltransferase activity	0/75	5/2783	0.0	1.0	1.0		0		Molecular Function	0.0	0.0017966223499820337	-0.0	-0.0		2783	75	5	1296
GO:0008759	UDP-3-O-[3-hydroxymyristoyl] N-acetylglucosamine deacetylase activity	0/75	1/2783	0.0	1.0	1.0		0		Molecular Function	0.0	0.00035932446999640676	-0.0	-0.0		2783	75	1	1296
GO:0008760	UDP-N-acetylglucosamine 1-carboxyvinyltransferase activity	0/75	1/2783	0.0	1.0	1.0		0		Molecular Function	0.0	0.00035932446999640676	-0.0	-0.0		2783	75	1	1296
GO:0008762	UDP-N-acetylmuramate dehydrogenase activity	0/75	1/2783	0.0	1.0	1.0		0		Molecular Function	0.0	0.00035932446999640676	-0.0	-0.0		2783	75	1	1296
GO:0008763	UDP-N-acetylmuramate-L-alanine ligase activity	0/75	1/2783	0.0	1.0	1.0		0		Molecular Function	0.0	0.00035932446999640676	-0.0	-0.0		2783	75	1	1296
GO:0008764	UDP-N-acetylmuramoylalanine-D-glutamate ligase activity	0/75	1/2783	0.0	1.0	1.0		0		Molecular Function	0.0	0.00035932446999640676	-0.0	-0.0		2783	75	1	1296
GO:0008765	UDP-N-acetylmuramoylalanyl-D-glutamate-2,6-diaminopimelate ligase activity	0/75	1/2783	0.0	1.0	1.0		0		Molecular Function	0.0	0.00035932446999640676	-0.0	-0.0		2783	75	1	1296
GO:0008766	UDP-N-acetylmuramoylalanyl-D-glutamyl-2,6-diaminopimelate-D-alanyl-D-alanine ligase activity	0/75	1/2783	0.0	1.0	1.0		0		Molecular Function	0.0	0.00035932446999640676	-0.0	-0.0		2783	75	1	1296
GO:0008770	[acyl-carrier-protein] phosphodiesterase activity	0/75	1/2783	0.0	1.0	1.0		0		Molecular Function	0.0	0.00035932446999640676	-0.0	-0.0		2783	75	1	1296
GO:0008771	[citrate (pro-3S)-lyase] ligase activity	0/75	1/2783	0.0	1.0	1.0		0		Molecular Function	0.0	0.00035932446999640676	-0.0	-0.0		2783	75	1	1296
GO:0008773	[protein-PII] uridylyltransferase activity	0/75	1/2783	0.0	1.0	1.0		0		Molecular Function	0.0	0.00035932446999640676	-0.0	-0.0		2783	75	1	1296
GO:0008774	acetaldehyde dehydrogenase (acetylating) activity	0/75	3/2783	0.0	1.0	1.0		0		Molecular Function	0.0	0.0010779734099892202	-0.0	-0.0		2783	75	3	1296
GO:0008775	acetate CoA-transferase activity	0/75	1/2783	0.0	1.0	1.0		0		Molecular Function	0.0	0.00035932446999640676	-0.0	-0.0		2783	75	1	1296
GO:0008776	acetate kinase activity	0/75	1/2783	0.0	1.0	1.0		0		Molecular Function	0.0	0.00035932446999640676	-0.0	-0.0		2783	75	1	1296
GO:0008777	acetylornithine deacetylase activity	0/75	1/2783	0.0	1.0	1.0		0		Molecular Function	0.0	0.00035932446999640676	-0.0	-0.0		2783	75	1	1296
GO:0008779	acyl-[acyl-carrier-protein]-phospholipid O-acyltransferase activity	0/75	1/2783	0.0	1.0	1.0		0		Molecular Function	0.0	0.00035932446999640676	-0.0	-0.0		2783	75	1	1296
GO:0008780	acyl-[acyl-carrier-protein]-UDP-N-acetylglucosamine O-acyltransferase activity	0/75	1/2783	0.0	1.0	1.0		0		Molecular Function	0.0	0.00035932446999640676	-0.0	-0.0		2783	75	1	1296
GO:0008782	adenosylhomocysteine nucleosidase activity	0/75	1/2783	0.0	1.0	1.0		0		Molecular Function	0.0	0.00035932446999640676	-0.0	-0.0		2783	75	1	1296
GO:0008783	agmatinase activity	0/75	1/2783	0.0	1.0	1.0		0		Molecular Function	0.0	0.00035932446999640676	-0.0	-0.0		2783	75	1	1296
GO:0008784	alanine racemase activity	0/75	3/2783	0.0	1.0	1.0		0		Molecular Function	0.0	0.0010779734099892202	-0.0	-0.0		2783	75	3	1296
GO:0008785	alkyl hydroperoxide reductase activity	0/75	1/2783	0.0	1.0	1.0		0		Molecular Function	0.0	0.00035932446999640676	-0.0	-0.0		2783	75	1	1296
GO:0008787	allose kinase activity	0/75	2/2783	0.0	1.0	1.0		0		Molecular Function	0.0	0.0007186489399928135	-0.0	-0.0		2783	75	2	1296
GO:0008788	alpha,alpha-phosphotrehalase activity	0/75	1/2783	0.0	1.0	1.0		0		Molecular Function	0.0	0.00035932446999640676	-0.0	-0.0		2783	75	1	1296
GO:0008789	altronate dehydratase activity	0/75	1/2783	0.0	1.0	1.0		0		Molecular Function	0.0	0.00035932446999640676	-0.0	-0.0		2783	75	1	1296
GO:0008791	arginine N-succinyltransferase activity	0/75	1/2783	0.0	1.0	1.0		0		Molecular Function	0.0	0.00035932446999640676	-0.0	-0.0		2783	75	1	1296
GO:0008792	arginine decarboxylase activity	0/75	1/2783	0.0	1.0	1.0		0		Molecular Function	0.0	0.00035932446999640676	-0.0	-0.0		2783	75	1	1296
GO:0008794	arsenate reductase (glutaredoxin) activity	0/75	1/2783	0.0	1.0	1.0		0		Molecular Function	0.0	0.00035932446999640676	-0.0	-0.0		2783	75	1	1296
GO:0008795	NAD+ synthase activity	0/75	1/2783	0.0	1.0	1.0		0		Molecular Function	0.0	0.00035932446999640676	-0.0	-0.0		2783	75	1	1296
GO:0008797	aspartate ammonia-lyase activity	0/75	1/2783	0.0	1.0	1.0		0		Molecular Function	0.0	0.00035932446999640676	-0.0	-0.0		2783	75	1	1296
GO:0008798	beta-aspartyl-peptidase activity	0/75	1/2783	0.0	1.0	1.0		0		Molecular Function	0.0	0.00035932446999640676	-0.0	-0.0		2783	75	1	1296
GO:0008800	beta-lactamase activity	0/75	3/2783	0.0	1.0	1.0		0		Molecular Function	0.0	0.0010779734099892202	-0.0	-0.0		2783	75	3	1296
GO:0008801	beta-phosphoglucomutase activity	0/75	1/2783	0.0	1.0	1.0		0		Molecular Function	0.0	0.00035932446999640676	-0.0	-0.0		2783	75	1	1296
GO:0008802	betaine-aldehyde dehydrogenase activity	0/75	3/2783	0.0	1.0	1.0		0		Molecular Function	0.0	0.0010779734099892202	-0.0	-0.0		2783	75	3	1296
GO:0008803	bis(5'-nucleosyl)-tetraphosphatase (symmetrical) activity	0/75	1/2783	0.0	1.0	1.0		0		Molecular Function	0.0	0.00035932446999640676	-0.0	-0.0		2783	75	1	1296
GO:0008804	carbamate kinase activity	0/75	3/2783	0.0	1.0	1.0		0		Molecular Function	0.0	0.0010779734099892202	-0.0	-0.0		2783	75	3	1296
GO:0008806	carboxymethylenebutenolidase activity	0/75	1/2783	0.0	1.0	1.0		0		Molecular Function	0.0	0.00035932446999640676	-0.0	-0.0		2783	75	1	1296
GO:0008808	cardiolipin synthase activity	0/75	3/2783	0.0	1.0	1.0		0		Molecular Function	0.0	0.0010779734099892202	-0.0	-0.0		2783	75	3	1296
GO:0008812	choline dehydrogenase activity	0/75	1/2783	0.0	1.0	1.0		0		Molecular Function	0.0	0.00035932446999640676	-0.0	-0.0		2783	75	1	1296
GO:0008813	chorismate lyase activity	0/75	1/2783	0.0	1.0	1.0		0		Molecular Function	0.0	0.00035932446999640676	-0.0	-0.0		2783	75	1	1296
GO:0008818	cobalamin 5'-phosphate synthase activity	0/75	2/2783	0.0	1.0	1.0		0		Molecular Function	0.0	0.0007186489399928135	-0.0	-0.0		2783	75	2	1296
GO:0008820	cobinamide phosphate guanylyltransferase activity	0/75	1/2783	0.0	1.0	1.0		0		Molecular Function	0.0	0.00035932446999640676	-0.0	-0.0		2783	75	1	1296
GO:0008821	crossover junction DNA endonuclease activity	0/75	1/2783	0.0	1.0	1.0		0		Molecular Function	0.0	0.00035932446999640676	-0.0	-0.0		2783	75	1	1296
GO:0008824	cyanate hydratase activity	0/75	1/2783	0.0	1.0	1.0		0		Molecular Function	0.0	0.00035932446999640676	-0.0	-0.0		2783	75	1	1296
GO:0008828	dATP diphosphatase activity	0/75	1/2783	0.0	1.0	1.0		0		Molecular Function	0.0	0.00035932446999640676	-0.0	-0.0		2783	75	1	1296
GO:0008829	dCTP deaminase activity	0/75	1/2783	0.0	1.0	1.0		0		Molecular Function	0.0	0.00035932446999640676	-0.0	-0.0		2783	75	1	1296
GO:0008832	dGTPase activity	0/75	1/2783	0.0	1.0	1.0		0		Molecular Function	0.0	0.00035932446999640676	-0.0	-0.0		2783	75	1	1296
GO:0008833	deoxyribonuclease IV (phage-T4-induced) activity	0/75	1/2783	0.0	1.0	1.0		0		Molecular Function	0.0	0.00035932446999640676	-0.0	-0.0		2783	75	1	1296
GO:0008834	di-trans,poly-cis-decaprenylcistransferase activity	0/75	1/2783	0.0	1.0	1.0		0		Molecular Function	0.0	0.00035932446999640676	-0.0	-0.0		2783	75	1	1296
GO:0008836	diaminopimelate decarboxylase activity	0/75	1/2783	0.0	1.0	1.0		0		Molecular Function	0.0	0.00035932446999640676	-0.0	-0.0		2783	75	1	1296
GO:0008837	diaminopimelate epimerase activity	0/75	1/2783	0.0	1.0	1.0		0		Molecular Function	0.0	0.00035932446999640676	-0.0	-0.0		2783	75	1	1296
GO:0008838	diaminopropionate ammonia-lyase activity	0/75	1/2783	0.0	1.0	1.0		0		Molecular Function	0.0	0.00035932446999640676	-0.0	-0.0		2783	75	1	1296
GO:0008839	4-hydroxy-tetrahydrodipicolinate reductase	0/75	1/2783	0.0	1.0	1.0		0		Molecular Function	0.0	0.00035932446999640676	-0.0	-0.0		2783	75	1	1296
GO:0008840	4-hydroxy-tetrahydrodipicolinate synthase activity	0/75	1/2783	0.0	1.0	1.0		0		Molecular Function	0.0	0.00035932446999640676	-0.0	-0.0		2783	75	1	1296
GO:0008849	enterochelin esterase activity	0/75	3/2783	0.0	1.0	1.0		0		Molecular Function	0.0	0.0010779734099892202	-0.0	-0.0		2783	75	3	1296
GO:0008851	ethanolamine ammonia-lyase activity	0/75	2/2783	0.0	1.0	1.0		0		Molecular Function	0.0	0.0007186489399928135	-0.0	-0.0		2783	75	2	1296
GO:0008854	exodeoxyribonuclease V activity	0/75	4/2783	0.0	1.0	1.0		0		Molecular Function	0.0	0.001437297879985627	-0.0	-0.0		2783	75	4	1296
GO:0008855	exodeoxyribonuclease VII activity	0/75	2/2783	0.0	1.0	1.0		0		Molecular Function	0.0	0.0007186489399928135	-0.0	-0.0		2783	75	2	1296
GO:0008859	exoribonuclease II activity	0/75	2/2783	0.0	1.0	1.0		0		Molecular Function	0.0	0.0007186489399928135	-0.0	-0.0		2783	75	2	1296
GO:0008860	ferredoxin-NAD+ reductase activity	0/75	1/2783	0.0	1.0	1.0		0		Molecular Function	0.0	0.00035932446999640676	-0.0	-0.0		2783	75	1	1296
GO:0008861	formate C-acetyltransferase activity	0/75	4/2783	0.0	1.0	1.0		0		Molecular Function	0.0	0.001437297879985627	-0.0	-0.0		2783	75	4	1296
GO:0008863	formate dehydrogenase (NAD+) activity	0/75	5/2783	0.0	1.0	1.0		0		Molecular Function	0.0	0.0017966223499820337	-0.0	-0.0		2783	75	5	1296
GO:0008864	formyltetrahydrofolate deformylase activity	0/75	1/2783	0.0	1.0	1.0		0		Molecular Function	0.0	0.00035932446999640676	-0.0	-0.0		2783	75	1	1296
GO:0008865	fructokinase activity	0/75	1/2783	0.0	1.0	1.0		0		Molecular Function	0.0	0.00035932446999640676	-0.0	-0.0		2783	75	1	1296
GO:0008867	galactarate dehydratase activity	0/75	2/2783	0.0	1.0	1.0		0		Molecular Function	0.0	0.0007186489399928135	-0.0	-0.0		2783	75	2	1296
GO:0008868	galactitol-1-phosphate 5-dehydrogenase activity	0/75	1/2783	0.0	1.0	1.0		0		Molecular Function	0.0	0.00035932446999640676	-0.0	-0.0		2783	75	1	1296
GO:0008869	galactonate dehydratase activity	0/75	1/2783	0.0	1.0	1.0		0		Molecular Function	0.0	0.00035932446999640676	-0.0	-0.0		2783	75	1	1296
GO:0008872	glucarate dehydratase activity	0/75	1/2783	0.0	1.0	1.0		0		Molecular Function	0.0	0.00035932446999640676	-0.0	-0.0		2783	75	1	1296
GO:0008876	quinoprotein glucose dehydrogenase activity	0/75	2/2783	0.0	1.0	1.0		0		Molecular Function	0.0	0.0007186489399928135	-0.0	-0.0		2783	75	2	1296
GO:0008877	glucose-1-phosphatase activity	0/75	1/2783	0.0	1.0	1.0		0		Molecular Function	0.0	0.00035932446999640676	-0.0	-0.0		2783	75	1	1296
GO:0008878	glucose-1-phosphate adenylyltransferase activity	0/75	1/2783	0.0	1.0	1.0		0		Molecular Function	0.0	0.00035932446999640676	-0.0	-0.0		2783	75	1	1296
GO:0008879	glucose-1-phosphate thymidylyltransferase activity	0/75	1/2783	0.0	1.0	1.0		0		Molecular Function	0.0	0.00035932446999640676	-0.0	-0.0		2783	75	1	1296
GO:0008880	glucuronate isomerase activity	0/75	1/2783	0.0	1.0	1.0		0		Molecular Function	0.0	0.00035932446999640676	-0.0	-0.0		2783	75	1	1296
GO:0008881	glutamate racemase activity	0/75	1/2783	0.0	1.0	1.0		0		Molecular Function	0.0	0.00035932446999640676	-0.0	-0.0		2783	75	1	1296
GO:0008882	[glutamate-ammonia-ligase] adenylyltransferase activity	0/75	1/2783	0.0	1.0	1.0		0		Molecular Function	0.0	0.00035932446999640676	-0.0	-0.0		2783	75	1	1296
GO:0008887	glycerate kinase activity	0/75	1/2783	0.0	1.0	1.0		0		Molecular Function	0.0	0.00035932446999640676	-0.0	-0.0		2783	75	1	1296
GO:0008890	glycine C-acetyltransferase activity	0/75	1/2783	0.0	1.0	1.0		0		Molecular Function	0.0	0.00035932446999640676	-0.0	-0.0		2783	75	1	1296
GO:0008892	guanine deaminase activity	0/75	1/2783	0.0	1.0	1.0		0		Molecular Function	0.0	0.00035932446999640676	-0.0	-0.0		2783	75	1	1296
GO:0008894	guanosine-5'-triphosphate,3'-diphosphate diphosphatase activity	0/75	1/2783	0.0	1.0	1.0		0		Molecular Function	0.0	0.00035932446999640676	-0.0	-0.0		2783	75	1	1296
GO:0008897	holo-[acyl-carrier-protein] synthase activity	0/75	4/2783	0.0	1.0	1.0		0		Molecular Function	0.0	0.001437297879985627	-0.0	-0.0		2783	75	4	1296
GO:0008899	homoserine O-succinyltransferase activity	0/75	1/2783	0.0	1.0	1.0		0		Molecular Function	0.0	0.00035932446999640676	-0.0	-0.0		2783	75	1	1296
GO:0008901	ferredoxin hydrogenase activity	0/75	5/2783	0.0	1.0	1.0		0		Molecular Function	0.0	0.0017966223499820337	-0.0	-0.0		2783	75	5	1296
GO:0008906	inosine kinase activity	0/75	1/2783	0.0	1.0	1.0		0		Molecular Function	0.0	0.00035932446999640676	-0.0	-0.0		2783	75	1	1296
GO:0008909	isochorismate synthase activity	0/75	2/2783	0.0	1.0	1.0		0		Molecular Function	0.0	0.0007186489399928135	-0.0	-0.0		2783	75	2	1296
GO:0008910	kanamycin kinase activity	0/75	1/2783	0.0	1.0	1.0		0		Molecular Function	0.0	0.00035932446999640676	-0.0	-0.0		2783	75	1	1296
GO:0008911	lactaldehyde dehydrogenase activity	0/75	3/2783	0.0	1.0	1.0		0		Molecular Function	0.0	0.0010779734099892202	-0.0	-0.0		2783	75	3	1296
GO:0008913	lauroyltransferase activity	0/75	1/2783	0.0	1.0	1.0		0		Molecular Function	0.0	0.00035932446999640676	-0.0	-0.0		2783	75	1	1296
GO:0008914	leucyl-tRNA--protein transferase activity	0/75	1/2783	0.0	1.0	1.0		0		Molecular Function	0.0	0.00035932446999640676	-0.0	-0.0		2783	75	1	1296
GO:0008915	lipid-A-disaccharide synthase activity	0/75	1/2783	0.0	1.0	1.0		0		Molecular Function	0.0	0.00035932446999640676	-0.0	-0.0		2783	75	1	1296
GO:0008918	lipopolysaccharide 3-alpha-galactosyltransferase activity	0/75	2/2783	0.0	1.0	1.0		0		Molecular Function	0.0	0.0007186489399928135	-0.0	-0.0		2783	75	2	1296
GO:0008920	lipopolysaccharide heptosyltransferase activity	0/75	1/2783	0.0	1.0	1.0		0		Molecular Function	0.0	0.00035932446999640676	-0.0	-0.0		2783	75	1	1296
GO:0008922	long-chain fatty acid [acyl-carrier-protein] ligase activity	0/75	1/2783	0.0	1.0	1.0		0		Molecular Function	0.0	0.00035932446999640676	-0.0	-0.0		2783	75	1	1296
GO:0008926	mannitol-1-phosphate 5-dehydrogenase activity	0/75	1/2783	0.0	1.0	1.0		0		Molecular Function	0.0	0.00035932446999640676	-0.0	-0.0		2783	75	1	1296
GO:0008929	methylglyoxal synthase activity	0/75	2/2783	0.0	1.0	1.0		0		Molecular Function	0.0	0.0007186489399928135	-0.0	-0.0		2783	75	2	1296
GO:0008930	methylthioadenosine nucleosidase activity	0/75	1/2783	0.0	1.0	1.0		0		Molecular Function	0.0	0.00035932446999640676	-0.0	-0.0		2783	75	1	1296
GO:0008932	lytic endotransglycosylase activity	0/75	3/2783	0.0	1.0	1.0		0		Molecular Function	0.0	0.0010779734099892202	-0.0	-0.0		2783	75	3	1296
GO:0008933	lytic transglycosylase activity	0/75	4/2783	0.0	1.0	1.0		0		Molecular Function	0.0	0.001437297879985627	-0.0	-0.0		2783	75	4	1296
GO:0008934	inositol monophosphate 1-phosphatase activity	0/75	1/2783	0.0	1.0	1.0		0		Molecular Function	0.0	0.00035932446999640676	-0.0	-0.0		2783	75	1	1296
GO:0008935	1,4-dihydroxy-2-naphthoyl-CoA synthase activity	0/75	2/2783	0.0	1.0	1.0		0		Molecular Function	0.0	0.0007186489399928135	-0.0	-0.0		2783	75	2	1296
GO:0008936	nicotinamidase activity	0/75	1/2783	0.0	1.0	1.0		0		Molecular Function	0.0	0.00035932446999640676	-0.0	-0.0		2783	75	1	1296
GO:0008939	nicotinate-nucleotide-dimethylbenzimidazole phosphoribosyltransferase activity	0/75	2/2783	0.0	1.0	1.0		0		Molecular Function	0.0	0.0007186489399928135	-0.0	-0.0		2783	75	2	1296
GO:0008940	nitrate reductase activity	0/75	7/2783	0.0	1.0	1.0		0		Molecular Function	0.0	0.0025152712899748474	-0.0	-0.0		2783	75	7	1296
GO:0008941	nitric oxide dioxygenase NAD(P)H activity	0/75	1/2783	0.0	1.0	1.0		0		Molecular Function	0.0	0.00035932446999640676	-0.0	-0.0		2783	75	1	1296
GO:0008942	nitrite reductase [NAD(P)H] activity	0/75	2/2783	0.0	1.0	1.0		0		Molecular Function	0.0	0.0007186489399928135	-0.0	-0.0		2783	75	2	1296
GO:0008949	oxalyl-CoA decarboxylase activity	0/75	1/2783	0.0	1.0	1.0		0		Molecular Function	0.0	0.00035932446999640676	-0.0	-0.0		2783	75	1	1296
GO:0008951	palmitoleoyl [acyl-carrier-protein]-dependent acyltransferase activity	0/75	1/2783	0.0	1.0	1.0		0		Molecular Function	0.0	0.00035932446999640676	-0.0	-0.0		2783	75	1	1296
GO:0008955	peptidoglycan glycosyltransferase activity	0/75	7/2783	0.0	1.0	1.0		0		Molecular Function	0.0	0.0025152712899748474	-0.0	-0.0		2783	75	7	1296
GO:0008959	phosphate acetyltransferase activity	0/75	1/2783	0.0	1.0	1.0		0		Molecular Function	0.0	0.00035932446999640676	-0.0	-0.0		2783	75	1	1296
GO:0008960	phosphatidylglycerol-membrane-oligosaccharide glycerophosphotransferase activity	0/75	1/2783	0.0	1.0	1.0		0		Molecular Function	0.0	0.00035932446999640676	-0.0	-0.0		2783	75	1	1296
GO:0008962	phosphatidylglycerophosphatase activity	0/75	1/2783	0.0	1.0	1.0		0		Molecular Function	0.0	0.00035932446999640676	-0.0	-0.0		2783	75	1	1296
GO:0008963	phospho-N-acetylmuramoyl-pentapeptide-transferase activity	0/75	1/2783	0.0	1.0	1.0		0		Molecular Function	0.0	0.00035932446999640676	-0.0	-0.0		2783	75	1	1296
GO:0008964	phosphoenolpyruvate carboxylase activity	0/75	1/2783	0.0	1.0	1.0		0		Molecular Function	0.0	0.00035932446999640676	-0.0	-0.0		2783	75	1	1296
GO:0008965	phosphoenolpyruvate-protein phosphotransferase activity	0/75	1/2783	0.0	1.0	1.0		0		Molecular Function	0.0	0.00035932446999640676	-0.0	-0.0		2783	75	1	1296
GO:0008966	phosphoglucosamine mutase activity	0/75	1/2783	0.0	1.0	1.0		0		Molecular Function	0.0	0.00035932446999640676	-0.0	-0.0		2783	75	1	1296
GO:0008967	phosphoglycolate phosphatase activity	0/75	1/2783	0.0	1.0	1.0		0		Molecular Function	0.0	0.00035932446999640676	-0.0	-0.0		2783	75	1	1296
GO:0008968	D-sedoheptulose 7-phosphate isomerase activity	0/75	1/2783	0.0	1.0	1.0		0		Molecular Function	0.0	0.00035932446999640676	-0.0	-0.0		2783	75	1	1296
GO:0008972	phosphomethylpyrimidine kinase activity	0/75	1/2783	0.0	1.0	1.0		0		Molecular Function	0.0	0.00035932446999640676	-0.0	-0.0		2783	75	1	1296
GO:0008973	phosphopentomutase activity	0/75	2/2783	0.0	1.0	1.0		0		Molecular Function	0.0	0.0007186489399928135	-0.0	-0.0		2783	75	2	1296
GO:0008976	polyphosphate kinase activity	0/75	1/2783	0.0	1.0	1.0		0		Molecular Function	0.0	0.00035932446999640676	-0.0	-0.0		2783	75	1	1296
GO:0008977	prephenate dehydrogenase (NAD+) activity	0/75	1/2783	0.0	1.0	1.0		0		Molecular Function	0.0	0.00035932446999640676	-0.0	-0.0		2783	75	1	1296
GO:0008982	protein-N(PI)-phosphohistidine-sugar phosphotransferase activity	0/75	19/2783	0.0	1.0	1.0		0		Molecular Function	0.0	0.006827164929931728	-0.0	-0.0		2783	75	19	1296
GO:0008983	protein-glutamate O-methyltransferase activity	0/75	1/2783	0.0	1.0	1.0		0		Molecular Function	0.0	0.00035932446999640676	-0.0	-0.0		2783	75	1	1296
GO:0008984	protein-glutamate methylesterase activity	0/75	1/2783	0.0	1.0	1.0		0		Molecular Function	0.0	0.00035932446999640676	-0.0	-0.0		2783	75	1	1296
GO:0008987	quinolinate synthetase A activity	0/75	1/2783	0.0	1.0	1.0		0		Molecular Function	0.0	0.00035932446999640676	-0.0	-0.0		2783	75	1	1296
GO:0008990	rRNA (guanine-N2-)-methyltransferase activity	0/75	1/2783	0.0	1.0	1.0		0		Molecular Function	0.0	0.00035932446999640676	-0.0	-0.0		2783	75	1	1296
GO:0008993	rhamnulokinase activity	0/75	1/2783	0.0	1.0	1.0		0		Molecular Function	0.0	0.00035932446999640676	-0.0	-0.0		2783	75	1	1296
GO:0008994	rhamnulose-1-phosphate aldolase activity	0/75	1/2783	0.0	1.0	1.0		0		Molecular Function	0.0	0.00035932446999640676	-0.0	-0.0		2783	75	1	1296
GO:0008995	ribonuclease E activity	0/75	1/2783	0.0	1.0	1.0		0		Molecular Function	0.0	0.00035932446999640676	-0.0	-0.0		2783	75	1	1296
GO:0008998	ribonucleoside-triphosphate reductase activity	0/75	1/2783	0.0	1.0	1.0		0		Molecular Function	0.0	0.00035932446999640676	-0.0	-0.0		2783	75	1	1296
GO:0008999	peptide-alanine-alpha-N-acetyltransferase activity	0/75	1/2783	0.0	1.0	1.0		0		Molecular Function	0.0	0.00035932446999640676	-0.0	-0.0		2783	75	1	1296
GO:0009000	selenocysteine lyase activity	0/75	1/2783	0.0	1.0	1.0		0		Molecular Function	0.0	0.00035932446999640676	-0.0	-0.0		2783	75	1	1296
GO:0009001	serine O-acetyltransferase activity	0/75	2/2783	0.0	1.0	1.0		0		Molecular Function	0.0	0.0007186489399928135	-0.0	-0.0		2783	75	2	1296
GO:0009002	serine-type D-Ala-D-Ala carboxypeptidase activity	0/75	8/2783	0.0	1.0	1.0		0		Molecular Function	0.0	0.002874595759971254	-0.0	-0.0		2783	75	8	1296
GO:0009007	site-specific DNA-methyltransferase (adenine-specific) activity	0/75	5/2783	0.0	1.0	1.0		0		Molecular Function	0.0	0.0017966223499820337	-0.0	-0.0		2783	75	5	1296
GO:0009010	sorbitol-6-phosphate 2-dehydrogenase activity	0/75	1/2783	0.0	1.0	1.0		0		Molecular Function	0.0	0.00035932446999640676	-0.0	-0.0		2783	75	1	1296
GO:0009011	starch synthase activity	0/75	1/2783	0.0	1.0	1.0		0		Molecular Function	0.0	0.00035932446999640676	-0.0	-0.0		2783	75	1	1296
GO:0009014	succinyl-diaminopimelate desuccinylase activity	0/75	1/2783	0.0	1.0	1.0		0		Molecular Function	0.0	0.00035932446999640676	-0.0	-0.0		2783	75	1	1296
GO:0009015	N-succinylarginine dihydrolase activity	0/75	1/2783	0.0	1.0	1.0		0		Molecular Function	0.0	0.00035932446999640676	-0.0	-0.0		2783	75	1	1296
GO:0009017	succinylglutamate desuccinylase activity	0/75	1/2783	0.0	1.0	1.0		0		Molecular Function	0.0	0.00035932446999640676	-0.0	-0.0		2783	75	1	1296
GO:0009018	sucrose phosphorylase activity	0/75	1/2783	0.0	1.0	1.0		0		Molecular Function	0.0	0.00035932446999640676	-0.0	-0.0		2783	75	1	1296
GO:0009022	tRNA nucleotidyltransferase activity	0/75	2/2783	0.0	1.0	1.0		0		Molecular Function	0.0	0.0007186489399928135	-0.0	-0.0		2783	75	2	1296
GO:0009026	tagaturonate reductase activity	0/75	2/2783	0.0	1.0	1.0		0		Molecular Function	0.0	0.0007186489399928135	-0.0	-0.0		2783	75	2	1296
GO:0009028	tartronate-semialdehyde synthase activity	0/75	1/2783	0.0	1.0	1.0		0		Molecular Function	0.0	0.00035932446999640676	-0.0	-0.0		2783	75	1	1296
GO:0009030	thiamine-phosphate kinase activity	0/75	1/2783	0.0	1.0	1.0		0		Molecular Function	0.0	0.00035932446999640676	-0.0	-0.0		2783	75	1	1296
GO:0009032	thymidine phosphorylase activity	0/75	1/2783	0.0	1.0	1.0		0		Molecular Function	0.0	0.00035932446999640676	-0.0	-0.0		2783	75	1	1296
GO:0009034	tryptophanase activity	0/75	1/2783	0.0	1.0	1.0		0		Molecular Function	0.0	0.00035932446999640676	-0.0	-0.0		2783	75	1	1296
GO:0009037	tyrosine-based site-specific recombinase activity	0/75	1/2783	0.0	1.0	1.0		0		Molecular Function	0.0	0.00035932446999640676	-0.0	-0.0		2783	75	1	1296
GO:0009040	ureidoglycolate dehydrogenase activity	0/75	1/2783	0.0	1.0	1.0		0		Molecular Function	0.0	0.00035932446999640676	-0.0	-0.0		2783	75	1	1296
GO:0009042	valine-pyruvate transaminase activity	0/75	1/2783	0.0	1.0	1.0		0		Molecular Function	0.0	0.00035932446999640676	-0.0	-0.0		2783	75	1	1296
GO:0009045	xylose isomerase activity	0/75	1/2783	0.0	1.0	1.0		0		Molecular Function	0.0	0.00035932446999640676	-0.0	-0.0		2783	75	1	1296
GO:0009378	four-way junction helicase activity	0/75	2/2783	0.0	1.0	1.0		0		Molecular Function	0.0	0.0007186489399928135	-0.0	-0.0		2783	75	2	1296
GO:0009381	excinuclease ABC activity	0/75	2/2783	0.0	1.0	1.0		0		Molecular Function	0.0	0.0007186489399928135	-0.0	-0.0		2783	75	2	1296
GO:0009389	dimethyl sulfoxide reductase activity	0/75	4/2783	0.0	1.0	1.0		0		Molecular Function	0.0	0.001437297879985627	-0.0	-0.0		2783	75	4	1296
GO:0009486	cytochrome bo3 ubiquinol oxidase activity	0/75	2/2783	0.0	1.0	1.0		0		Molecular Function	0.0	0.0007186489399928135	-0.0	-0.0		2783	75	2	1296
GO:0009882	blue light photoreceptor activity	0/75	1/2783	0.0	1.0	1.0		0		Molecular Function	0.0	0.00035932446999640676	-0.0	-0.0		2783	75	1	1296
GO:0009927	histidine phosphotransfer kinase activity	0/75	1/2783	0.0	1.0	1.0		0		Molecular Function	0.0	0.00035932446999640676	-0.0	-0.0		2783	75	1	1296
GO:0009982	pseudouridine synthase activity	0/75	5/2783	0.0	1.0	1.0		0		Molecular Function	0.0	0.0017966223499820337	-0.0	-0.0		2783	75	5	1296
GO:0010181	FMN binding	0/75	26/2783	0.0	1.0	1.0		0		Molecular Function	0.0	0.009342436219906576	-0.0	-0.0		2783	75	26	1296
GO:0010340	carboxyl-O-methyltransferase activity	0/75	1/2783	0.0	1.0	1.0		0		Molecular Function	0.0	0.00035932446999640676	-0.0	-0.0		2783	75	1	1296
GO:0010945	coenzyme A diphosphatase activity	0/75	1/2783	0.0	1.0	1.0		0		Molecular Function	0.0	0.00035932446999640676	-0.0	-0.0		2783	75	1	1296
GO:0015020	glucuronosyltransferase activity	0/75	1/2783	0.0	1.0	1.0		0		Molecular Function	0.0	0.00035932446999640676	-0.0	-0.0		2783	75	1	1296
GO:0015035	protein-disulfide reductase activity	0/75	3/2783	0.0	1.0	1.0		0		Molecular Function	0.0	0.0010779734099892202	-0.0	-0.0		2783	75	3	1296
GO:0015036	disulfide oxidoreductase activity	0/75	4/2783	0.0	1.0	1.0		0		Molecular Function	0.0	0.001437297879985627	-0.0	-0.0		2783	75	4	1296
GO:0015075	monoatomic ion transmembrane transporter activity	0/75	2/2783	0.0	1.0	1.0		0		Molecular Function	0.0	0.0007186489399928135	-0.0	-0.0		2783	75	2	1296
GO:0015077	inorganic cation transmembrane transporter activity	0/75	2/2783	0.0	1.0	1.0		0		Molecular Function	0.0	0.0007186489399928135	-0.0	-0.0		2783	75	2	1296
GO:0015078	proton transmembrane transporter activity	0/75	1/2783	0.0	1.0	1.0		0		Molecular Function	0.0	0.00035932446999640676	-0.0	-0.0		2783	75	1	1296
GO:0015079	potassium ion transmembrane transporter activity	0/75	4/2783	0.0	1.0	1.0		0		Molecular Function	0.0	0.001437297879985627	-0.0	-0.0		2783	75	4	1296
GO:0015081	sodium ion transmembrane transporter activity	0/75	2/2783	0.0	1.0	1.0		0		Molecular Function	0.0	0.0007186489399928135	-0.0	-0.0		2783	75	2	1296
GO:0015087	cobalt ion transmembrane transporter activity	0/75	1/2783	0.0	1.0	1.0		0		Molecular Function	0.0	0.00035932446999640676	-0.0	-0.0		2783	75	1	1296
GO:0015093	ferrous iron transmembrane transporter activity	0/75	2/2783	0.0	1.0	1.0		0		Molecular Function	0.0	0.0007186489399928135	-0.0	-0.0		2783	75	2	1296
GO:0015095	magnesium ion transmembrane transporter activity	0/75	1/2783	0.0	1.0	1.0		0		Molecular Function	0.0	0.00035932446999640676	-0.0	-0.0		2783	75	1	1296
GO:0015098	molybdate ion transmembrane transporter activity	0/75	2/2783	0.0	1.0	1.0		0		Molecular Function	0.0	0.0007186489399928135	-0.0	-0.0		2783	75	2	1296
GO:0015099	nickel cation transmembrane transporter activity	0/75	3/2783	0.0	1.0	1.0		0		Molecular Function	0.0	0.0010779734099892202	-0.0	-0.0		2783	75	3	1296
GO:0015101	organic cation transmembrane transporter activity	0/75	1/2783	0.0	1.0	1.0		0		Molecular Function	0.0	0.00035932446999640676	-0.0	-0.0		2783	75	1	1296
GO:0015105	arsenite transmembrane transporter activity	0/75	1/2783	0.0	1.0	1.0		0		Molecular Function	0.0	0.00035932446999640676	-0.0	-0.0		2783	75	1	1296
GO:0015128	gluconate transmembrane transporter activity	0/75	4/2783	0.0	1.0	1.0		0		Molecular Function	0.0	0.001437297879985627	-0.0	-0.0		2783	75	4	1296
GO:0015129	lactate transmembrane transporter activity	0/75	3/2783	0.0	1.0	1.0		0		Molecular Function	0.0	0.0010779734099892202	-0.0	-0.0		2783	75	3	1296
GO:0015144	carbohydrate transmembrane transporter activity	0/75	2/2783	0.0	1.0	1.0		0		Molecular Function	0.0	0.0007186489399928135	-0.0	-0.0		2783	75	2	1296
GO:0015153	rhamnose transmembrane transporter activity	0/75	1/2783	0.0	1.0	1.0		0		Molecular Function	0.0	0.00035932446999640676	-0.0	-0.0		2783	75	1	1296
GO:0015154	disaccharide transmembrane transporter activity	0/75	1/2783	0.0	1.0	1.0		0		Molecular Function	0.0	0.00035932446999640676	-0.0	-0.0		2783	75	1	1296
GO:0015157	oligosaccharide transmembrane transporter activity	0/75	1/2783	0.0	1.0	1.0		0		Molecular Function	0.0	0.00035932446999640676	-0.0	-0.0		2783	75	1	1296
GO:0015159	polysaccharide transmembrane transporter activity	0/75	2/2783	0.0	1.0	1.0		0		Molecular Function	0.0	0.0007186489399928135	-0.0	-0.0		2783	75	2	1296
GO:0015171	amino acid transmembrane transporter activity	0/75	2/2783	0.0	1.0	1.0		0		Molecular Function	0.0	0.0007186489399928135	-0.0	-0.0		2783	75	2	1296
GO:0015173	aromatic amino acid transmembrane transporter activity	0/75	2/2783	0.0	1.0	1.0		0		Molecular Function	0.0	0.0007186489399928135	-0.0	-0.0		2783	75	2	1296
GO:0015174	basic amino acid transmembrane transporter activity	0/75	1/2783	0.0	1.0	1.0		0		Molecular Function	0.0	0.00035932446999640676	-0.0	-0.0		2783	75	1	1296
GO:0015179	L-amino acid transmembrane transporter activity	0/75	1/2783	0.0	1.0	1.0		0		Molecular Function	0.0	0.00035932446999640676	-0.0	-0.0		2783	75	1	1296
GO:0015185	gamma-aminobutyric acid transmembrane transporter activity	0/75	1/2783	0.0	1.0	1.0		0		Molecular Function	0.0	0.00035932446999640676	-0.0	-0.0		2783	75	1	1296
GO:0015189	L-lysine transmembrane transporter activity	0/75	1/2783	0.0	1.0	1.0		0		Molecular Function	0.0	0.00035932446999640676	-0.0	-0.0		2783	75	1	1296
GO:0015205	nucleobase transmembrane transporter activity	0/75	8/2783	0.0	1.0	1.0		0		Molecular Function	0.0	0.002874595759971254	-0.0	-0.0		2783	75	8	1296
GO:0015209	cytosine transmembrane transporter activity	0/75	1/2783	0.0	1.0	1.0		0		Molecular Function	0.0	0.00035932446999640676	-0.0	-0.0		2783	75	1	1296
GO:0015211	purine nucleoside transmembrane transporter activity	0/75	1/2783	0.0	1.0	1.0		0		Molecular Function	0.0	0.00035932446999640676	-0.0	-0.0		2783	75	1	1296
GO:0015218	pyrimidine nucleotide transmembrane transporter activity	0/75	1/2783	0.0	1.0	1.0		0		Molecular Function	0.0	0.00035932446999640676	-0.0	-0.0		2783	75	1	1296
GO:0015221	lipopolysaccharide transmembrane transporter activity	0/75	1/2783	0.0	1.0	1.0		0		Molecular Function	0.0	0.00035932446999640676	-0.0	-0.0		2783	75	1	1296
GO:0015232	heme transmembrane transporter activity	0/75	4/2783	0.0	1.0	1.0		0		Molecular Function	0.0	0.001437297879985627	-0.0	-0.0		2783	75	4	1296
GO:0015233	pantothenate transmembrane transporter activity	0/75	1/2783	0.0	1.0	1.0		0		Molecular Function	0.0	0.00035932446999640676	-0.0	-0.0		2783	75	1	1296
GO:0015238	xenobiotic transmembrane transporter activity	0/75	1/2783	0.0	1.0	1.0		0		Molecular Function	0.0	0.00035932446999640676	-0.0	-0.0		2783	75	1	1296
GO:0015250	water channel activity	0/75	1/2783	0.0	1.0	1.0		0		Molecular Function	0.0	0.00035932446999640676	-0.0	-0.0		2783	75	1	1296
GO:0015267	channel activity	0/75	3/2783	0.0	1.0	1.0		0		Molecular Function	0.0	0.0010779734099892202	-0.0	-0.0		2783	75	3	1296
GO:0015276	ligand-gated monoatomic ion channel activity	0/75	3/2783	0.0	1.0	1.0		0		Molecular Function	0.0	0.0010779734099892202	-0.0	-0.0		2783	75	3	1296
GO:0015288	porin activity	0/75	13/2783	0.0	1.0	1.0		0		Molecular Function	0.0	0.004671218109953288	-0.0	-0.0		2783	75	13	1296
GO:0015291	secondary active transmembrane transporter activity	0/75	1/2783	0.0	1.0	1.0		0		Molecular Function	0.0	0.00035932446999640676	-0.0	-0.0		2783	75	1	1296
GO:0015293	symporter activity	0/75	17/2783	0.0	1.0	1.0		0		Molecular Function	0.0	0.006108515989938915	-0.0	-0.0		2783	75	17	1296
GO:0015294	solute:monoatomic cation symporter activity	0/75	1/2783	0.0	1.0	1.0		0		Molecular Function	0.0	0.00035932446999640676	-0.0	-0.0		2783	75	1	1296
GO:0015295	solute:proton symporter activity	0/75	1/2783	0.0	1.0	1.0		0		Molecular Function	0.0	0.00035932446999640676	-0.0	-0.0		2783	75	1	1296
GO:0015297	antiporter activity	0/75	7/2783	0.0	1.0	1.0		0		Molecular Function	0.0	0.0025152712899748474	-0.0	-0.0		2783	75	7	1296
GO:0015318	inorganic molecular entity transmembrane transporter activity	0/75	2/2783	0.0	1.0	1.0		0		Molecular Function	0.0	0.0007186489399928135	-0.0	-0.0		2783	75	2	1296
GO:0015333	peptide:proton symporter activity	0/75	3/2783	0.0	1.0	1.0		0		Molecular Function	0.0	0.0010779734099892202	-0.0	-0.0		2783	75	3	1296
GO:0015385	sodium:proton antiporter activity	0/75	1/2783	0.0	1.0	1.0		0		Molecular Function	0.0	0.00035932446999640676	-0.0	-0.0		2783	75	1	1296
GO:0015386	potassium:proton antiporter activity	0/75	1/2783	0.0	1.0	1.0		0		Molecular Function	0.0	0.00035932446999640676	-0.0	-0.0		2783	75	1	1296
GO:0015415	ATPase-coupled phosphate ion transmembrane transporter activity	0/75	1/2783	0.0	1.0	1.0		0		Molecular Function	0.0	0.00035932446999640676	-0.0	-0.0		2783	75	1	1296
GO:0015416	ABC-type phosphonate transporter activity	0/75	2/2783	0.0	1.0	1.0		0		Molecular Function	0.0	0.0007186489399928135	-0.0	-0.0		2783	75	2	1296
GO:0015417	ABC-type polyamine transporter activity	0/75	1/2783	0.0	1.0	1.0		0		Molecular Function	0.0	0.00035932446999640676	-0.0	-0.0		2783	75	1	1296
GO:0015420	ABC-type vitamin B12 transporter activity	0/75	1/2783	0.0	1.0	1.0		0		Molecular Function	0.0	0.00035932446999640676	-0.0	-0.0		2783	75	1	1296
GO:0015424	ABC-type amino acid transporter activity	0/75	5/2783	0.0	1.0	1.0		0		Molecular Function	0.0	0.0017966223499820337	-0.0	-0.0		2783	75	5	1296
GO:0015430	ABC-type glycerol-3-phosphate transporter activity	0/75	1/2783	0.0	1.0	1.0		0		Molecular Function	0.0	0.00035932446999640676	-0.0	-0.0		2783	75	1	1296
GO:0015444	P-type magnesium transporter activity	0/75	2/2783	0.0	1.0	1.0		0		Molecular Function	0.0	0.0007186489399928135	-0.0	-0.0		2783	75	2	1296
GO:0015450	protein-transporting ATPase activity	0/75	3/2783	0.0	1.0	1.0		0		Molecular Function	0.0	0.0010779734099892202	-0.0	-0.0		2783	75	3	1296
GO:0015478	oligosaccharide transporting porin activity	0/75	1/2783	0.0	1.0	1.0		0		Molecular Function	0.0	0.00035932446999640676	-0.0	-0.0		2783	75	1	1296
GO:0015481	maltose transporting porin activity	0/75	2/2783	0.0	1.0	1.0		0		Molecular Function	0.0	0.0007186489399928135	-0.0	-0.0		2783	75	2	1296
GO:0015490	lysine:cadaverine antiporter activity	0/75	1/2783	0.0	1.0	1.0		0		Molecular Function	0.0	0.00035932446999640676	-0.0	-0.0		2783	75	1	1296
GO:0015496	putrescine:ornithine antiporter activity	0/75	1/2783	0.0	1.0	1.0		0		Molecular Function	0.0	0.00035932446999640676	-0.0	-0.0		2783	75	1	1296
GO:0015499	formate transmembrane transporter activity	0/75	1/2783	0.0	1.0	1.0		0		Molecular Function	0.0	0.00035932446999640676	-0.0	-0.0		2783	75	1	1296
GO:0015501	glutamate:sodium symporter activity	0/75	2/2783	0.0	1.0	1.0		0		Molecular Function	0.0	0.0007186489399928135	-0.0	-0.0		2783	75	2	1296
GO:0015503	glutathione-regulated potassium exporter activity	0/75	2/2783	0.0	1.0	1.0		0		Molecular Function	0.0	0.0007186489399928135	-0.0	-0.0		2783	75	2	1296
GO:0015506	nucleoside:proton symporter activity	0/75	1/2783	0.0	1.0	1.0		0		Molecular Function	0.0	0.00035932446999640676	-0.0	-0.0		2783	75	1	1296
GO:0015535	fucose:proton symporter activity	0/75	1/2783	0.0	1.0	1.0		0		Molecular Function	0.0	0.00035932446999640676	-0.0	-0.0		2783	75	1	1296
GO:0015538	sialic acid:proton symporter activity	0/75	1/2783	0.0	1.0	1.0		0		Molecular Function	0.0	0.00035932446999640676	-0.0	-0.0		2783	75	1	1296
GO:0015556	C4-dicarboxylate transmembrane transporter activity	0/75	5/2783	0.0	1.0	1.0		0		Molecular Function	0.0	0.0017966223499820337	-0.0	-0.0		2783	75	5	1296
GO:0015565	threonine efflux transmembrane transporter activity	0/75	1/2783	0.0	1.0	1.0		0		Molecular Function	0.0	0.00035932446999640676	-0.0	-0.0		2783	75	1	1296
GO:0015572	N-acetylglucosamine transmembrane transporter activity	0/75	1/2783	0.0	1.0	1.0		0		Molecular Function	0.0	0.00035932446999640676	-0.0	-0.0		2783	75	1	1296
GO:0015574	trehalose transmembrane transporter activity	0/75	1/2783	0.0	1.0	1.0		0		Molecular Function	0.0	0.00035932446999640676	-0.0	-0.0		2783	75	1	1296
GO:0015577	galactitol transmembrane transporter activity	0/75	1/2783	0.0	1.0	1.0		0		Molecular Function	0.0	0.00035932446999640676	-0.0	-0.0		2783	75	1	1296
GO:0015606	spermidine transmembrane transporter activity	0/75	2/2783	0.0	1.0	1.0		0		Molecular Function	0.0	0.0007186489399928135	-0.0	-0.0		2783	75	2	1296
GO:0015612	ABC-type L-arabinose transporter activity	0/75	1/2783	0.0	1.0	1.0		0		Molecular Function	0.0	0.00035932446999640676	-0.0	-0.0		2783	75	1	1296
GO:0015614	ABC-type D-xylose transporter activity	0/75	1/2783	0.0	1.0	1.0		0		Molecular Function	0.0	0.00035932446999640676	-0.0	-0.0		2783	75	1	1296
GO:0015633	ABC-type zinc transporter activity	0/75	1/2783	0.0	1.0	1.0		0		Molecular Function	0.0	0.00035932446999640676	-0.0	-0.0		2783	75	1	1296
GO:0015643	toxic substance binding	0/75	3/2783	0.0	1.0	1.0		0		Molecular Function	0.0	0.0010779734099892202	-0.0	-0.0		2783	75	3	1296
GO:0015649	2-keto-3-deoxygluconate:proton symporter activity	0/75	1/2783	0.0	1.0	1.0		0		Molecular Function	0.0	0.00035932446999640676	-0.0	-0.0		2783	75	1	1296
GO:0015658	branched-chain amino acid transmembrane transporter activity	0/75	3/2783	0.0	1.0	1.0		0		Molecular Function	0.0	0.0010779734099892202	-0.0	-0.0		2783	75	3	1296
GO:0015661	L-lysine efflux transmembrane transporter activity	0/75	1/2783	0.0	1.0	1.0		0		Molecular Function	0.0	0.00035932446999640676	-0.0	-0.0		2783	75	1	1296
GO:0015926	glucosidase activity	0/75	1/2783	0.0	1.0	1.0		0		Molecular Function	0.0	0.00035932446999640676	-0.0	-0.0		2783	75	1	1296
GO:0016041	glutamate synthase (ferredoxin) activity	0/75	1/2783	0.0	1.0	1.0		0		Molecular Function	0.0	0.00035932446999640676	-0.0	-0.0		2783	75	1	1296
GO:0016149	translation release factor activity, codon specific	0/75	3/2783	0.0	1.0	1.0		0		Molecular Function	0.0	0.0010779734099892202	-0.0	-0.0		2783	75	3	1296
GO:0016151	nickel cation binding	0/75	8/2783	0.0	1.0	1.0		0		Molecular Function	0.0	0.002874595759971254	-0.0	-0.0		2783	75	8	1296
GO:0016154	pyrimidine-nucleoside phosphorylase activity	0/75	2/2783	0.0	1.0	1.0		0		Molecular Function	0.0	0.0007186489399928135	-0.0	-0.0		2783	75	2	1296
GO:0016160	amylase activity	0/75	1/2783	0.0	1.0	1.0		0		Molecular Function	0.0	0.00035932446999640676	-0.0	-0.0		2783	75	1	1296
GO:0016209	antioxidant activity	0/75	2/2783	0.0	1.0	1.0		0		Molecular Function	0.0	0.0007186489399928135	-0.0	-0.0		2783	75	2	1296
GO:0016289	acyl-CoA hydrolase activity	0/75	1/2783	0.0	1.0	1.0		0		Molecular Function	0.0	0.00035932446999640676	-0.0	-0.0		2783	75	1	1296
GO:0016298	lipase activity	0/75	2/2783	0.0	1.0	1.0		0		Molecular Function	0.0	0.0007186489399928135	-0.0	-0.0		2783	75	2	1296
GO:0016407	acetyltransferase activity	0/75	21/2783	0.0	1.0	1.0		0		Molecular Function	0.0	0.007545813869924541	-0.0	-0.0		2783	75	21	1296
GO:0016410	N-acyltransferase activity	0/75	2/2783	0.0	1.0	1.0		0		Molecular Function	0.0	0.0007186489399928135	-0.0	-0.0		2783	75	2	1296
GO:0016416	O-palmitoyltransferase activity	0/75	1/2783	0.0	1.0	1.0		0		Molecular Function	0.0	0.00035932446999640676	-0.0	-0.0		2783	75	1	1296
GO:0016430	tRNA (adenine-N6)-methyltransferase activity	0/75	1/2783	0.0	1.0	1.0		0		Molecular Function	0.0	0.00035932446999640676	-0.0	-0.0		2783	75	1	1296
GO:0016434	rRNA (cytosine) methyltransferase activity	0/75	2/2783	0.0	1.0	1.0		0		Molecular Function	0.0	0.0007186489399928135	-0.0	-0.0		2783	75	2	1296
GO:0016436	rRNA (uridine) methyltransferase activity	0/75	1/2783	0.0	1.0	1.0		0		Molecular Function	0.0	0.00035932446999640676	-0.0	-0.0		2783	75	1	1296
GO:0016437	CCA tRNA nucleotidyltransferase activity	0/75	1/2783	0.0	1.0	1.0		0		Molecular Function	0.0	0.00035932446999640676	-0.0	-0.0		2783	75	1	1296
GO:0016462	pyrophosphatase activity	0/75	6/2783	0.0	1.0	1.0		0		Molecular Function	0.0	0.0021559468199784403	-0.0	-0.0		2783	75	6	1296
GO:0016597	amino acid binding	0/75	2/2783	0.0	1.0	1.0		0		Molecular Function	0.0	0.0007186489399928135	-0.0	-0.0		2783	75	2	1296
GO:0016614	oxidoreductase activity, acting on CH-OH group of donors	0/75	2/2783	0.0	1.0	1.0		0		Molecular Function	0.0	0.0007186489399928135	-0.0	-0.0		2783	75	2	1296
GO:0016616	oxidoreductase activity, acting on the CH-OH group of donors, NAD or NADP as acceptor	0/75	20/2783	0.0	1.0	1.0		0		Molecular Function	0.0	0.007186489399928135	-0.0	-0.0		2783	75	20	1296
GO:0016618	hydroxypyruvate reductase activity	0/75	2/2783	0.0	1.0	1.0		0		Molecular Function	0.0	0.0007186489399928135	-0.0	-0.0		2783	75	2	1296
GO:0016620	oxidoreductase activity, acting on the aldehyde or oxo group of donors, NAD or NADP as acceptor	0/75	7/2783	0.0	1.0	1.0		0		Molecular Function	0.0	0.0025152712899748474	-0.0	-0.0		2783	75	7	1296
GO:0016627	oxidoreductase activity, acting on the CH-CH group of donors	0/75	2/2783	0.0	1.0	1.0		0		Molecular Function	0.0	0.0007186489399928135	-0.0	-0.0		2783	75	2	1296
GO:0016628	oxidoreductase activity, acting on the CH-CH group of donors, NAD or NADP as acceptor	0/75	2/2783	0.0	1.0	1.0		0		Molecular Function	0.0	0.0007186489399928135	-0.0	-0.0		2783	75	2	1296
GO:0016645	oxidoreductase activity, acting on the CH-NH group of donors	0/75	1/2783	0.0	1.0	1.0		0		Molecular Function	0.0	0.00035932446999640676	-0.0	-0.0		2783	75	1	1296
GO:0016646	oxidoreductase activity, acting on the CH-NH group of donors, NAD or NADP as acceptor	0/75	1/2783	0.0	1.0	1.0		0		Molecular Function	0.0	0.00035932446999640676	-0.0	-0.0		2783	75	1	1296
GO:0016651	oxidoreductase activity, acting on NAD(P)H	0/75	3/2783	0.0	1.0	1.0		0		Molecular Function	0.0	0.0010779734099892202	-0.0	-0.0		2783	75	3	1296
GO:0016655	oxidoreductase activity, acting on NAD(P)H, quinone or similar compound as acceptor	0/75	2/2783	0.0	1.0	1.0		0		Molecular Function	0.0	0.0007186489399928135	-0.0	-0.0		2783	75	2	1296
GO:0016661	oxidoreductase activity, acting on other nitrogenous compounds as donors	0/75	1/2783	0.0	1.0	1.0		0		Molecular Function	0.0	0.00035932446999640676	-0.0	-0.0		2783	75	1	1296
GO:0016667	oxidoreductase activity, acting on a sulfur group of donors	0/75	1/2783	0.0	1.0	1.0		0		Molecular Function	0.0	0.00035932446999640676	-0.0	-0.0		2783	75	1	1296
GO:0016668	oxidoreductase activity, acting on a sulfur group of donors, NAD(P) as acceptor	0/75	1/2783	0.0	1.0	1.0		0		Molecular Function	0.0	0.00035932446999640676	-0.0	-0.0		2783	75	1	1296
GO:0016672	oxidoreductase activity, acting on a sulfur group of donors, quinone or similar compound as acceptor	0/75	1/2783	0.0	1.0	1.0		0		Molecular Function	0.0	0.00035932446999640676	-0.0	-0.0		2783	75	1	1296
GO:0016682	oxidoreductase activity, acting on diphenols and related substances as donors, oxygen as acceptor	0/75	1/2783	0.0	1.0	1.0		0		Molecular Function	0.0	0.00035932446999640676	-0.0	-0.0		2783	75	1	1296
GO:0016684	oxidoreductase activity, acting on peroxide as acceptor	0/75	2/2783	0.0	1.0	1.0		0		Molecular Function	0.0	0.0007186489399928135	-0.0	-0.0		2783	75	2	1296
GO:0016701	oxidoreductase activity, acting on single donors with incorporation of molecular oxygen	0/75	1/2783	0.0	1.0	1.0		0		Molecular Function	0.0	0.00035932446999640676	-0.0	-0.0		2783	75	1	1296
GO:0016702	oxidoreductase activity, acting on single donors with incorporation of molecular oxygen, incorporation of two atoms of oxygen	0/75	1/2783	0.0	1.0	1.0		0		Molecular Function	0.0	0.00035932446999640676	-0.0	-0.0		2783	75	1	1296
GO:0016705	oxidoreductase activity, acting on paired donors, with incorporation or reduction of molecular oxygen	0/75	3/2783	0.0	1.0	1.0		0		Molecular Function	0.0	0.0010779734099892202	-0.0	-0.0		2783	75	3	1296
GO:0016706	2-oxoglutarate-dependent dioxygenase activity	0/75	1/2783	0.0	1.0	1.0		0		Molecular Function	0.0	0.00035932446999640676	-0.0	-0.0		2783	75	1	1296
GO:0016709	oxidoreductase activity, acting on paired donors, with incorporation or reduction of molecular oxygen, NAD(P)H as one donor, and incorporation of one atom of oxygen	0/75	5/2783	0.0	1.0	1.0		0		Molecular Function	0.0	0.0017966223499820337	-0.0	-0.0		2783	75	5	1296
GO:0016722	oxidoreductase activity, acting on metal ions	0/75	1/2783	0.0	1.0	1.0		0		Molecular Function	0.0	0.00035932446999640676	-0.0	-0.0		2783	75	1	1296
GO:0016726	oxidoreductase activity, acting on CH or CH2 groups, NAD or NADP as acceptor	0/75	1/2783	0.0	1.0	1.0		0		Molecular Function	0.0	0.00035932446999640676	-0.0	-0.0		2783	75	1	1296
GO:0016731	oxidoreductase activity, acting on iron-sulfur proteins as donors, NAD or NADP as acceptor	0/75	1/2783	0.0	1.0	1.0		0		Molecular Function	0.0	0.00035932446999640676	-0.0	-0.0		2783	75	1	1296
GO:0016741	transferase activity, transferring one-carbon groups	0/75	1/2783	0.0	1.0	1.0		0		Molecular Function	0.0	0.00035932446999640676	-0.0	-0.0		2783	75	1	1296
GO:0016743	carboxyl- or carbamoyltransferase activity	0/75	3/2783	0.0	1.0	1.0		0		Molecular Function	0.0	0.0010779734099892202	-0.0	-0.0		2783	75	3	1296
GO:0016747	acyltransferase activity, transferring groups other than amino-acyl groups	0/75	8/2783	0.0	1.0	1.0		0		Molecular Function	0.0	0.002874595759971254	-0.0	-0.0		2783	75	8	1296
GO:0016757	glycosyltransferase activity	0/75	14/2783	0.0	1.0	1.0		0		Molecular Function	0.0	0.005030542579949695	-0.0	-0.0		2783	75	14	1296
GO:0016758	hexosyltransferase activity	0/75	1/2783	0.0	1.0	1.0		0		Molecular Function	0.0	0.00035932446999640676	-0.0	-0.0		2783	75	1	1296
GO:0016760	cellulose synthase (UDP-forming) activity	0/75	1/2783	0.0	1.0	1.0		0		Molecular Function	0.0	0.00035932446999640676	-0.0	-0.0		2783	75	1	1296
GO:0016763	pentosyltransferase activity	0/75	1/2783	0.0	1.0	1.0		0		Molecular Function	0.0	0.00035932446999640676	-0.0	-0.0		2783	75	1	1296
GO:0016765	transferase activity, transferring alkyl or aryl (other than methyl) groups	0/75	2/2783	0.0	1.0	1.0		0		Molecular Function	0.0	0.0007186489399928135	-0.0	-0.0		2783	75	2	1296
GO:0016769	transferase activity, transferring nitrogenous groups	0/75	1/2783	0.0	1.0	1.0		0		Molecular Function	0.0	0.00035932446999640676	-0.0	-0.0		2783	75	1	1296
GO:0016772	transferase activity, transferring phosphorus-containing groups	0/75	9/2783	0.0	1.0	1.0		0		Molecular Function	0.0	0.0032339202299676607	-0.0	-0.0		2783	75	9	1296
GO:0016773	phosphotransferase activity, alcohol group as acceptor	0/75	9/2783	0.0	1.0	1.0		0		Molecular Function	0.0	0.0032339202299676607	-0.0	-0.0		2783	75	9	1296
GO:0016774	phosphotransferase activity, carboxyl group as acceptor	0/75	1/2783	0.0	1.0	1.0		0		Molecular Function	0.0	0.00035932446999640676	-0.0	-0.0		2783	75	1	1296
GO:0016776	phosphotransferase activity, phosphate group as acceptor	0/75	3/2783	0.0	1.0	1.0		0		Molecular Function	0.0	0.0010779734099892202	-0.0	-0.0		2783	75	3	1296
GO:0016779	nucleotidyltransferase activity	0/75	12/2783	0.0	1.0	1.0		0		Molecular Function	0.0	0.004311893639956881	-0.0	-0.0		2783	75	12	1296
GO:0016780	phosphotransferase activity, for other substituted phosphate groups	0/75	1/2783	0.0	1.0	1.0		0		Molecular Function	0.0	0.00035932446999640676	-0.0	-0.0		2783	75	1	1296
GO:0016783	sulfurtransferase activity	0/75	4/2783	0.0	1.0	1.0		0		Molecular Function	0.0	0.001437297879985627	-0.0	-0.0		2783	75	4	1296
GO:0016788	hydrolase activity, acting on ester bonds	0/75	12/2783	0.0	1.0	1.0		0		Molecular Function	0.0	0.004311893639956881	-0.0	-0.0		2783	75	12	1296
GO:0016790	thiolester hydrolase activity	0/75	5/2783	0.0	1.0	1.0		0		Molecular Function	0.0	0.0017966223499820337	-0.0	-0.0		2783	75	5	1296
GO:0016791	phosphatase activity	0/75	8/2783	0.0	1.0	1.0		0		Molecular Function	0.0	0.002874595759971254	-0.0	-0.0		2783	75	8	1296
GO:0016795	phosphoric triester hydrolase activity	0/75	1/2783	0.0	1.0	1.0		0		Molecular Function	0.0	0.00035932446999640676	-0.0	-0.0		2783	75	1	1296
GO:0016796	exonuclease activity, active with either ribo- or deoxyribonucleic acids and producing 5'-phosphomonoesters	0/75	1/2783	0.0	1.0	1.0		0		Molecular Function	0.0	0.00035932446999640676	-0.0	-0.0		2783	75	1	1296
GO:0016798	hydrolase activity, acting on glycosyl bonds	0/75	8/2783	0.0	1.0	1.0		0		Molecular Function	0.0	0.002874595759971254	-0.0	-0.0		2783	75	8	1296
GO:0016805	dipeptidase activity	0/75	3/2783	0.0	1.0	1.0		0		Molecular Function	0.0	0.0010779734099892202	-0.0	-0.0		2783	75	3	1296
GO:0016810	hydrolase activity, acting on carbon-nitrogen (but not peptide) bonds	0/75	9/2783	0.0	1.0	1.0		0		Molecular Function	0.0	0.0032339202299676607	-0.0	-0.0		2783	75	9	1296
GO:0016811	hydrolase activity, acting on carbon-nitrogen (but not peptide) bonds, in linear amides	0/75	8/2783	0.0	1.0	1.0		0		Molecular Function	0.0	0.002874595759971254	-0.0	-0.0		2783	75	8	1296
GO:0016812	hydrolase activity, acting on carbon-nitrogen (but not peptide) bonds, in cyclic amides	0/75	2/2783	0.0	1.0	1.0		0		Molecular Function	0.0	0.0007186489399928135	-0.0	-0.0		2783	75	2	1296
GO:0016817	hydrolase activity, acting on acid anhydrides	0/75	7/2783	0.0	1.0	1.0		0		Molecular Function	0.0	0.0025152712899748474	-0.0	-0.0		2783	75	7	1296
GO:0016818	hydrolase activity, acting on acid anhydrides, in phosphorus-containing anhydrides	0/75	9/2783	0.0	1.0	1.0		0		Molecular Function	0.0	0.0032339202299676607	-0.0	-0.0		2783	75	9	1296
GO:0016830	carbon-carbon lyase activity	0/75	1/2783	0.0	1.0	1.0		0		Molecular Function	0.0	0.00035932446999640676	-0.0	-0.0		2783	75	1	1296
GO:0016831	carboxy-lyase activity	0/75	2/2783	0.0	1.0	1.0		0		Molecular Function	0.0	0.0007186489399928135	-0.0	-0.0		2783	75	2	1296
GO:0016832	aldehyde-lyase activity	0/75	4/2783	0.0	1.0	1.0		0		Molecular Function	0.0	0.001437297879985627	-0.0	-0.0		2783	75	4	1296
GO:0016835	carbon-oxygen lyase activity	0/75	3/2783	0.0	1.0	1.0		0		Molecular Function	0.0	0.0010779734099892202	-0.0	-0.0		2783	75	3	1296
GO:0016836	hydro-lyase activity	0/75	5/2783	0.0	1.0	1.0		0		Molecular Function	0.0	0.0017966223499820337	-0.0	-0.0		2783	75	5	1296
GO:0016837	carbon-oxygen lyase activity, acting on polysaccharides	0/75	2/2783	0.0	1.0	1.0		0		Molecular Function	0.0	0.0007186489399928135	-0.0	-0.0		2783	75	2	1296
GO:0016840	carbon-nitrogen lyase activity	0/75	1/2783	0.0	1.0	1.0		0		Molecular Function	0.0	0.00035932446999640676	-0.0	-0.0		2783	75	1	1296
GO:0016846	carbon-sulfur lyase activity	0/75	1/2783	0.0	1.0	1.0		0		Molecular Function	0.0	0.00035932446999640676	-0.0	-0.0		2783	75	1	1296
GO:0016854	racemase and epimerase activity	0/75	2/2783	0.0	1.0	1.0		0		Molecular Function	0.0	0.0007186489399928135	-0.0	-0.0		2783	75	2	1296
GO:0016855	racemase and epimerase activity, acting on amino acids and derivatives	0/75	1/2783	0.0	1.0	1.0		0		Molecular Function	0.0	0.00035932446999640676	-0.0	-0.0		2783	75	1	1296
GO:0016857	racemase and epimerase activity, acting on carbohydrates and derivatives	0/75	3/2783	0.0	1.0	1.0		0		Molecular Function	0.0	0.0010779734099892202	-0.0	-0.0		2783	75	3	1296
GO:0016859	cis-trans isomerase activity	0/75	1/2783	0.0	1.0	1.0		0		Molecular Function	0.0	0.00035932446999640676	-0.0	-0.0		2783	75	1	1296
GO:0016861	intramolecular oxidoreductase activity, interconverting aldoses and ketoses	0/75	3/2783	0.0	1.0	1.0		0		Molecular Function	0.0	0.0010779734099892202	-0.0	-0.0		2783	75	3	1296
GO:0016862	intramolecular oxidoreductase activity, interconverting keto- and enol-groups	0/75	1/2783	0.0	1.0	1.0		0		Molecular Function	0.0	0.00035932446999640676	-0.0	-0.0		2783	75	1	1296
GO:0016868	intramolecular phosphotransferase activity	0/75	1/2783	0.0	1.0	1.0		0		Molecular Function	0.0	0.00035932446999640676	-0.0	-0.0		2783	75	1	1296
GO:0016874	ligase activity	0/75	11/2783	0.0	1.0	1.0		0		Molecular Function	0.0	0.003952569169960474	-0.0	-0.0		2783	75	11	1296
GO:0016878	acid-thiol ligase activity	0/75	2/2783	0.0	1.0	1.0		0		Molecular Function	0.0	0.0007186489399928135	-0.0	-0.0		2783	75	2	1296
GO:0016879	ligase activity, forming carbon-nitrogen bonds	0/75	3/2783	0.0	1.0	1.0		0		Molecular Function	0.0	0.0010779734099892202	-0.0	-0.0		2783	75	3	1296
GO:0016880	acid-ammonia (or amide) ligase activity	0/75	1/2783	0.0	1.0	1.0		0		Molecular Function	0.0	0.00035932446999640676	-0.0	-0.0		2783	75	1	1296
GO:0016881	acid-amino acid ligase activity	0/75	1/2783	0.0	1.0	1.0		0		Molecular Function	0.0	0.00035932446999640676	-0.0	-0.0		2783	75	1	1296
GO:0016887	ATP hydrolysis activity	0/75	27/2783	0.0	1.0	1.0		0		Molecular Function	0.0	0.009701760689902982	-0.0	-0.0		2783	75	27	1296
GO:0016888	endodeoxyribonuclease activity, producing 5'-phosphomonoesters	0/75	1/2783	0.0	1.0	1.0		0		Molecular Function	0.0	0.00035932446999640676	-0.0	-0.0		2783	75	1	1296
GO:0016893	endonuclease activity, active with either ribo- or deoxyribonucleic acids and producing 5'-phosphomonoesters	0/75	1/2783	0.0	1.0	1.0		0		Molecular Function	0.0	0.00035932446999640676	-0.0	-0.0		2783	75	1	1296
GO:0016896	RNA exonuclease activity, producing 5'-phosphomonoesters	0/75	2/2783	0.0	1.0	1.0		0		Molecular Function	0.0	0.0007186489399928135	-0.0	-0.0		2783	75	2	1296
GO:0016901	oxidoreductase activity, acting on the CH-OH group of donors, quinone or similar compound as acceptor	0/75	1/2783	0.0	1.0	1.0		0		Molecular Function	0.0	0.00035932446999640676	-0.0	-0.0		2783	75	1	1296
GO:0016966	nitric oxide reductase activity	0/75	1/2783	0.0	1.0	1.0		0		Molecular Function	0.0	0.00035932446999640676	-0.0	-0.0		2783	75	1	1296
GO:0016979	lipoate-protein ligase activity	0/75	1/2783	0.0	1.0	1.0		0		Molecular Function	0.0	0.00035932446999640676	-0.0	-0.0		2783	75	1	1296
GO:0016989	sigma factor antagonist activity	0/75	1/2783	0.0	1.0	1.0		0		Molecular Function	0.0	0.00035932446999640676	-0.0	-0.0		2783	75	1	1296
GO:0016992	lipoate synthase activity	0/75	1/2783	0.0	1.0	1.0		0		Molecular Function	0.0	0.00035932446999640676	-0.0	-0.0		2783	75	1	1296
GO:0017018	myosin phosphatase activity	0/75	2/2783	0.0	1.0	1.0		0		Molecular Function	0.0	0.0007186489399928135	-0.0	-0.0		2783	75	2	1296
GO:0017057	6-phosphogluconolactonase activity	0/75	1/2783	0.0	1.0	1.0		0		Molecular Function	0.0	0.00035932446999640676	-0.0	-0.0		2783	75	1	1296
GO:0017061	S-methyl-5-thioadenosine phosphorylase activity	0/75	1/2783	0.0	1.0	1.0		0		Molecular Function	0.0	0.00035932446999640676	-0.0	-0.0		2783	75	1	1296
GO:0017076	purine nucleotide binding	0/75	3/2783	0.0	1.0	1.0		0		Molecular Function	0.0	0.0010779734099892202	-0.0	-0.0		2783	75	3	1296
GO:0017108	5'-flap endonuclease activity	0/75	1/2783	0.0	1.0	1.0		0		Molecular Function	0.0	0.00035932446999640676	-0.0	-0.0		2783	75	1	1296
GO:0017110	nucleoside diphosphate phosphatase activity	0/75	1/2783	0.0	1.0	1.0		0		Molecular Function	0.0	0.00035932446999640676	-0.0	-0.0		2783	75	1	1296
GO:0017111	ribonucleoside triphosphate phosphatase activity	0/75	5/2783	0.0	1.0	1.0		0		Molecular Function	0.0	0.0017966223499820337	-0.0	-0.0		2783	75	5	1296
GO:0017150	tRNA dihydrouridine synthase activity	0/75	2/2783	0.0	1.0	1.0		0		Molecular Function	0.0	0.0007186489399928135	-0.0	-0.0		2783	75	2	1296
GO:0017168	5-oxoprolinase (ATP-hydrolyzing) activity	0/75	1/2783	0.0	1.0	1.0		0		Molecular Function	0.0	0.00035932446999640676	-0.0	-0.0		2783	75	1	1296
GO:0018169	ribosomal S6-glutamic acid ligase activity	0/75	1/2783	0.0	1.0	1.0		0		Molecular Function	0.0	0.00035932446999640676	-0.0	-0.0		2783	75	1	1296
GO:0018480	5-carboxymethyl-2-hydroxymuconic-semialdehyde dehydrogenase activity	0/75	1/2783	0.0	1.0	1.0		0		Molecular Function	0.0	0.00035932446999640676	-0.0	-0.0		2783	75	1	1296
GO:0018498	2,3-dihydroxy-2,3-dihydro-phenylpropionate dehydrogenase activity	0/75	1/2783	0.0	1.0	1.0		0		Molecular Function	0.0	0.00035932446999640676	-0.0	-0.0		2783	75	1	1296
GO:0018658	salicylate 1-monooxygenase activity	0/75	1/2783	0.0	1.0	1.0		0		Molecular Function	0.0	0.00035932446999640676	-0.0	-0.0		2783	75	1	1296
GO:0018669	3-hydroxybenzoate 6-monooxygenase activity	0/75	1/2783	0.0	1.0	1.0		0		Molecular Function	0.0	0.00035932446999640676	-0.0	-0.0		2783	75	1	1296
GO:0018738	S-formylglutathione hydrolase activity	0/75	2/2783	0.0	1.0	1.0		0		Molecular Function	0.0	0.0007186489399928135	-0.0	-0.0		2783	75	2	1296
GO:0018739	4-hydroxybenzoyl-CoA thioesterase activity	0/75	1/2783	0.0	1.0	1.0		0		Molecular Function	0.0	0.00035932446999640676	-0.0	-0.0		2783	75	1	1296
GO:0018741	linear primary-alkylsulfatase activity	0/75	1/2783	0.0	1.0	1.0		0		Molecular Function	0.0	0.00035932446999640676	-0.0	-0.0		2783	75	1	1296
GO:0018771	2-hydroxy-6-oxonona-2,4-dienedioate hydrolase activity	0/75	1/2783	0.0	1.0	1.0		0		Molecular Function	0.0	0.00035932446999640676	-0.0	-0.0		2783	75	1	1296
GO:0018802	2,4-dihydroxyhept-2-ene-1,7-dioate aldolase activity	0/75	1/2783	0.0	1.0	1.0		0		Molecular Function	0.0	0.00035932446999640676	-0.0	-0.0		2783	75	1	1296
GO:0018817	2-oxo-hept-3-ene-1,7-dioate hydratase activity	0/75	1/2783	0.0	1.0	1.0		0		Molecular Function	0.0	0.00035932446999640676	-0.0	-0.0		2783	75	1	1296
GO:0019001	guanyl nucleotide binding	0/75	1/2783	0.0	1.0	1.0		0		Molecular Function	0.0	0.00035932446999640676	-0.0	-0.0		2783	75	1	1296
GO:0019104	DNA N-glycosylase activity	0/75	2/2783	0.0	1.0	1.0		0		Molecular Function	0.0	0.0007186489399928135	-0.0	-0.0		2783	75	2	1296
GO:0019107	myristoyltransferase activity	0/75	1/2783	0.0	1.0	1.0		0		Molecular Function	0.0	0.00035932446999640676	-0.0	-0.0		2783	75	1	1296
GO:0019134	glucosamine-1-phosphate N-acetyltransferase activity	0/75	1/2783	0.0	1.0	1.0		0		Molecular Function	0.0	0.00035932446999640676	-0.0	-0.0		2783	75	1	1296
GO:0019143	3-deoxy-manno-octulosonate-8-phosphatase activity	0/75	1/2783	0.0	1.0	1.0		0		Molecular Function	0.0	0.00035932446999640676	-0.0	-0.0		2783	75	1	1296
GO:0019146	arabinose-5-phosphate isomerase activity	0/75	3/2783	0.0	1.0	1.0		0		Molecular Function	0.0	0.0010779734099892202	-0.0	-0.0		2783	75	3	1296
GO:0019148	D-cysteine desulfhydrase activity	0/75	1/2783	0.0	1.0	1.0		0		Molecular Function	0.0	0.00035932446999640676	-0.0	-0.0		2783	75	1	1296
GO:0019159	nicotinamide-nucleotide amidase activity	0/75	2/2783	0.0	1.0	1.0		0		Molecular Function	0.0	0.0007186489399928135	-0.0	-0.0		2783	75	2	1296
GO:0019161	diamine transaminase activity	0/75	1/2783	0.0	1.0	1.0		0		Molecular Function	0.0	0.00035932446999640676	-0.0	-0.0		2783	75	1	1296
GO:0019165	thiamine kinase activity	0/75	1/2783	0.0	1.0	1.0		0		Molecular Function	0.0	0.00035932446999640676	-0.0	-0.0		2783	75	1	1296
GO:0019172	glyoxalase III activity	0/75	1/2783	0.0	1.0	1.0		0		Molecular Function	0.0	0.00035932446999640676	-0.0	-0.0		2783	75	1	1296
GO:0019177	dihydroneopterin triphosphate pyrophosphohydrolase activity	0/75	1/2783	0.0	1.0	1.0		0		Molecular Function	0.0	0.00035932446999640676	-0.0	-0.0		2783	75	1	1296
GO:0019180	dTDP-4-amino-4,6-dideoxygalactose transaminase activity	0/75	1/2783	0.0	1.0	1.0		0		Molecular Function	0.0	0.00035932446999640676	-0.0	-0.0		2783	75	1	1296
GO:0019205	nucleobase-containing compound kinase activity	0/75	1/2783	0.0	1.0	1.0		0		Molecular Function	0.0	0.00035932446999640676	-0.0	-0.0		2783	75	1	1296
GO:0019213	deacetylase activity	0/75	1/2783	0.0	1.0	1.0		0		Molecular Function	0.0	0.00035932446999640676	-0.0	-0.0		2783	75	1	1296
GO:0019239	deaminase activity	0/75	1/2783	0.0	1.0	1.0		0		Molecular Function	0.0	0.00035932446999640676	-0.0	-0.0		2783	75	1	1296
GO:0019534	toxin transmembrane transporter activity	0/75	1/2783	0.0	1.0	1.0		0		Molecular Function	0.0	0.00035932446999640676	-0.0	-0.0		2783	75	1	1296
GO:0019808	polyamine binding	0/75	2/2783	0.0	1.0	1.0		0		Molecular Function	0.0	0.0007186489399928135	-0.0	-0.0		2783	75	2	1296
GO:0019825	oxygen binding	0/75	2/2783	0.0	1.0	1.0		0		Molecular Function	0.0	0.0007186489399928135	-0.0	-0.0		2783	75	2	1296
GO:0019829	ATPase-coupled monoatomic cation transmembrane transporter activity	0/75	1/2783	0.0	1.0	1.0		0		Molecular Function	0.0	0.00035932446999640676	-0.0	-0.0		2783	75	1	1296
GO:0019842	vitamin binding	0/75	1/2783	0.0	1.0	1.0		0		Molecular Function	0.0	0.00035932446999640676	-0.0	-0.0		2783	75	1	1296
GO:0019843	rRNA binding	0/75	37/2783	0.0	1.0	1.0		0		Molecular Function	0.0	0.01329500538986705	-0.0	-0.0		2783	75	37	1296
GO:0019899	enzyme binding	0/75	4/2783	0.0	1.0	1.0		0		Molecular Function	0.0	0.001437297879985627	-0.0	-0.0		2783	75	4	1296
GO:0019901	protein kinase binding	0/75	1/2783	0.0	1.0	1.0		0		Molecular Function	0.0	0.00035932446999640676	-0.0	-0.0		2783	75	1	1296
GO:0020037	heme binding	0/75	22/2783	0.0	1.0	1.0		0		Molecular Function	0.0	0.007905138339920948	-0.0	-0.0		2783	75	22	1296
GO:0022803	passive transmembrane transporter activity	0/75	2/2783	0.0	1.0	1.0		0		Molecular Function	0.0	0.0007186489399928135	-0.0	-0.0		2783	75	2	1296
GO:0022804	active transmembrane transporter activity	0/75	1/2783	0.0	1.0	1.0		0		Molecular Function	0.0	0.00035932446999640676	-0.0	-0.0		2783	75	1	1296
GO:0022829	wide pore channel activity	0/75	1/2783	0.0	1.0	1.0		0		Molecular Function	0.0	0.00035932446999640676	-0.0	-0.0		2783	75	1	1296
GO:0022838	channel activity	0/75	1/2783	0.0	1.0	1.0		0		Molecular Function	0.0	0.00035932446999640676	-0.0	-0.0		2783	75	1	1296
GO:0022871	protein-N(PI)-phosphohistidine-sorbose phosphotransferase system transporter activity	0/75	1/2783	0.0	1.0	1.0		0		Molecular Function	0.0	0.00035932446999640676	-0.0	-0.0		2783	75	1	1296
GO:0022872	protein-N(PI)-phosphohistidine-mannitol phosphotransferase system transmembrane transporter activity	0/75	2/2783	0.0	1.0	1.0		0		Molecular Function	0.0	0.0007186489399928135	-0.0	-0.0		2783	75	2	1296
GO:0022877	protein-N(PI)-phosphohistidine-fructose phosphotransferase system transporter activity	0/75	8/2783	0.0	1.0	1.0		0		Molecular Function	0.0	0.002874595759971254	-0.0	-0.0		2783	75	8	1296
GO:0022890	inorganic cation transmembrane transporter activity	0/75	2/2783	0.0	1.0	1.0		0		Molecular Function	0.0	0.0007186489399928135	-0.0	-0.0		2783	75	2	1296
GO:0030060	L-malate dehydrogenase activity	0/75	1/2783	0.0	1.0	1.0		0		Molecular Function	0.0	0.00035932446999640676	-0.0	-0.0		2783	75	1	1296
GO:0030151	molybdenum ion binding	0/75	9/2783	0.0	1.0	1.0		0		Molecular Function	0.0	0.0032339202299676607	-0.0	-0.0		2783	75	9	1296
GO:0030158	protein xylosyltransferase activity	0/75	1/2783	0.0	1.0	1.0		0		Molecular Function	0.0	0.00035932446999640676	-0.0	-0.0		2783	75	1	1296
GO:0030234	enzyme regulator activity	0/75	9/2783	0.0	1.0	1.0		0		Molecular Function	0.0	0.0032339202299676607	-0.0	-0.0		2783	75	9	1296
GO:0030246	carbohydrate binding	0/75	11/2783	0.0	1.0	1.0		0		Molecular Function	0.0	0.003952569169960474	-0.0	-0.0		2783	75	11	1296
GO:0030266	quinate 3-dehydrogenase (NAD+) activity	0/75	1/2783	0.0	1.0	1.0		0		Molecular Function	0.0	0.00035932446999640676	-0.0	-0.0		2783	75	1	1296
GO:0030267	glyoxylate reductase (NADP+) activity	0/75	2/2783	0.0	1.0	1.0		0		Molecular Function	0.0	0.0007186489399928135	-0.0	-0.0		2783	75	2	1296
GO:0030366	molybdopterin synthase activity	0/75	1/2783	0.0	1.0	1.0		0		Molecular Function	0.0	0.00035932446999640676	-0.0	-0.0		2783	75	1	1296
GO:0030527	structural constituent of chromatin	0/75	4/2783	0.0	1.0	1.0		0		Molecular Function	0.0	0.001437297879985627	-0.0	-0.0		2783	75	4	1296
GO:0030554	adenyl nucleotide binding	0/75	3/2783	0.0	1.0	1.0		0		Molecular Function	0.0	0.0010779734099892202	-0.0	-0.0		2783	75	3	1296
GO:0030599	pectinesterase activity	0/75	1/2783	0.0	1.0	1.0		0		Molecular Function	0.0	0.00035932446999640676	-0.0	-0.0		2783	75	1	1296
GO:0030604	1-deoxy-D-xylulose-5-phosphate reductoisomerase activity	0/75	1/2783	0.0	1.0	1.0		0		Molecular Function	0.0	0.00035932446999640676	-0.0	-0.0		2783	75	1	1296
GO:0030697	tRNA (uracil(54)-C5)-methyltransferase activity, S-adenosyl methionine-dependent	0/75	1/2783	0.0	1.0	1.0		0		Molecular Function	0.0	0.00035932446999640676	-0.0	-0.0		2783	75	1	1296
GO:0030798	trans-aconitate 2-methyltransferase activity	0/75	1/2783	0.0	1.0	1.0		0		Molecular Function	0.0	0.00035932446999640676	-0.0	-0.0		2783	75	1	1296
GO:0030955	potassium ion binding	0/75	5/2783	0.0	1.0	1.0		0		Molecular Function	0.0	0.0017966223499820337	-0.0	-0.0		2783	75	5	1296
GO:0030975	thiamine binding	0/75	1/2783	0.0	1.0	1.0		0		Molecular Function	0.0	0.00035932446999640676	-0.0	-0.0		2783	75	1	1296
GO:0030976	thiamine pyrophosphate binding	0/75	8/2783	0.0	1.0	1.0		0		Molecular Function	0.0	0.002874595759971254	-0.0	-0.0		2783	75	8	1296
GO:0031071	cysteine desulfurase activity	0/75	4/2783	0.0	1.0	1.0		0		Molecular Function	0.0	0.001437297879985627	-0.0	-0.0		2783	75	4	1296
GO:0031072	heat shock protein binding	0/75	1/2783	0.0	1.0	1.0		0		Molecular Function	0.0	0.00035932446999640676	-0.0	-0.0		2783	75	1	1296
GO:0031177	phosphopantetheine binding	0/75	1/2783	0.0	1.0	1.0		0		Molecular Function	0.0	0.00035932446999640676	-0.0	-0.0		2783	75	1	1296
GO:0031402	sodium ion binding	0/75	1/2783	0.0	1.0	1.0		0		Molecular Function	0.0	0.00035932446999640676	-0.0	-0.0		2783	75	1	1296
GO:0031418	L-ascorbic acid binding	0/75	1/2783	0.0	1.0	1.0		0		Molecular Function	0.0	0.00035932446999640676	-0.0	-0.0		2783	75	1	1296
GO:0031419	cobalamin binding	0/75	4/2783	0.0	1.0	1.0		0		Molecular Function	0.0	0.001437297879985627	-0.0	-0.0		2783	75	4	1296
GO:0031420	alkali metal ion binding	0/75	1/2783	0.0	1.0	1.0		0		Molecular Function	0.0	0.00035932446999640676	-0.0	-0.0		2783	75	1	1296
GO:0032450	maltose alpha-glucosidase activity	0/75	1/2783	0.0	1.0	1.0		0		Molecular Function	0.0	0.00035932446999640676	-0.0	-0.0		2783	75	1	1296
GO:0032549	ribonucleoside binding	0/75	1/2783	0.0	1.0	1.0		0		Molecular Function	0.0	0.00035932446999640676	-0.0	-0.0		2783	75	1	1296
GO:0032550	purine ribonucleoside binding	0/75	1/2783	0.0	1.0	1.0		0		Molecular Function	0.0	0.00035932446999640676	-0.0	-0.0		2783	75	1	1296
GO:0032553	ribonucleotide binding	0/75	4/2783	0.0	1.0	1.0		0		Molecular Function	0.0	0.001437297879985627	-0.0	-0.0		2783	75	4	1296
GO:0032555	purine ribonucleotide binding	0/75	3/2783	0.0	1.0	1.0		0		Molecular Function	0.0	0.0010779734099892202	-0.0	-0.0		2783	75	3	1296
GO:0032559	adenyl ribonucleotide binding	0/75	3/2783	0.0	1.0	1.0		0		Molecular Function	0.0	0.0010779734099892202	-0.0	-0.0		2783	75	3	1296
GO:0032561	guanyl ribonucleotide binding	0/75	1/2783	0.0	1.0	1.0		0		Molecular Function	0.0	0.00035932446999640676	-0.0	-0.0		2783	75	1	1296
GO:0032977	membrane insertase activity	0/75	1/2783	0.0	1.0	1.0		0		Molecular Function	0.0	0.00035932446999640676	-0.0	-0.0		2783	75	1	1296
GO:0033094	putrescine--2-oxoglutarate transaminase activity	0/75	1/2783	0.0	1.0	1.0		0		Molecular Function	0.0	0.00035932446999640676	-0.0	-0.0		2783	75	1	1296
GO:0033218	amide binding	0/75	2/2783	0.0	1.0	1.0		0		Molecular Function	0.0	0.0007186489399928135	-0.0	-0.0		2783	75	2	1296
GO:0033232	ABC-type D-methionine transporter activity	0/75	1/2783	0.0	1.0	1.0		0		Molecular Function	0.0	0.00035932446999640676	-0.0	-0.0		2783	75	1	1296
GO:0033592	RNA strand annealing activity	0/75	1/2783	0.0	1.0	1.0		0		Molecular Function	0.0	0.00035932446999640676	-0.0	-0.0		2783	75	1	1296
GO:0033608	formyl-CoA transferase activity	0/75	1/2783	0.0	1.0	1.0		0		Molecular Function	0.0	0.00035932446999640676	-0.0	-0.0		2783	75	1	1296
GO:0033711	4-phosphoerythronate dehydrogenase activity	0/75	1/2783	0.0	1.0	1.0		0		Molecular Function	0.0	0.00035932446999640676	-0.0	-0.0		2783	75	1	1296
GO:0033739	preQ1 synthase activity	0/75	1/2783	0.0	1.0	1.0		0		Molecular Function	0.0	0.00035932446999640676	-0.0	-0.0		2783	75	1	1296
GO:0033743	peptide-methionine (R)-S-oxide reductase activity	0/75	1/2783	0.0	1.0	1.0		0		Molecular Function	0.0	0.00035932446999640676	-0.0	-0.0		2783	75	1	1296
GO:0033745	L-methionine-(R)-S-oxide reductase activity	0/75	1/2783	0.0	1.0	1.0		0		Molecular Function	0.0	0.00035932446999640676	-0.0	-0.0		2783	75	1	1296
GO:0033748	hydrogenase (acceptor) activity	0/75	1/2783	0.0	1.0	1.0		0		Molecular Function	0.0	0.00035932446999640676	-0.0	-0.0		2783	75	1	1296
GO:0033785	heptose 7-phosphate kinase activity	0/75	1/2783	0.0	1.0	1.0		0		Molecular Function	0.0	0.00035932446999640676	-0.0	-0.0		2783	75	1	1296
GO:0033786	heptose-1-phosphate adenylyltransferase activity	0/75	1/2783	0.0	1.0	1.0		0		Molecular Function	0.0	0.00035932446999640676	-0.0	-0.0		2783	75	1	1296
GO:0033797	selenate reductase activity	0/75	1/2783	0.0	1.0	1.0		0		Molecular Function	0.0	0.00035932446999640676	-0.0	-0.0		2783	75	1	1296
GO:0033818	beta-ketoacyl-acyl-carrier-protein synthase III activity	0/75	1/2783	0.0	1.0	1.0		0		Molecular Function	0.0	0.00035932446999640676	-0.0	-0.0		2783	75	1	1296
GO:0033819	lipoyl(octanoyl) transferase activity	0/75	1/2783	0.0	1.0	1.0		0		Molecular Function	0.0	0.00035932446999640676	-0.0	-0.0		2783	75	1	1296
GO:0033856	pyridoxine 5'-phosphate synthase activity	0/75	1/2783	0.0	1.0	1.0		0		Molecular Function	0.0	0.00035932446999640676	-0.0	-0.0		2783	75	1	1296
GO:0033862	UMP kinase activity	0/75	1/2783	0.0	1.0	1.0		0		Molecular Function	0.0	0.00035932446999640676	-0.0	-0.0		2783	75	1	1296
GO:0033863	ribose 1,5-bisphosphate phosphokinase activity	0/75	1/2783	0.0	1.0	1.0		0		Molecular Function	0.0	0.00035932446999640676	-0.0	-0.0		2783	75	1	1296
GO:0033890	ribonuclease D activity	0/75	1/2783	0.0	1.0	1.0		0		Molecular Function	0.0	0.00035932446999640676	-0.0	-0.0		2783	75	1	1296
GO:0033897	ribonuclease T2 activity	0/75	1/2783	0.0	1.0	1.0		0		Molecular Function	0.0	0.00035932446999640676	-0.0	-0.0		2783	75	1	1296
GO:0033969	gamma-glutamyl-gamma-aminobutyrate hydrolase activity	0/75	1/2783	0.0	1.0	1.0		0		Molecular Function	0.0	0.00035932446999640676	-0.0	-0.0		2783	75	1	1296
GO:0033971	hydroxyisourate hydrolase activity	0/75	1/2783	0.0	1.0	1.0		0		Molecular Function	0.0	0.00035932446999640676	-0.0	-0.0		2783	75	1	1296
GO:0033982	3-dehydro-L-gulonate-6-phosphate decarboxylase activity	0/75	2/2783	0.0	1.0	1.0		0		Molecular Function	0.0	0.0007186489399928135	-0.0	-0.0		2783	75	2	1296
GO:0034015	L-ribulose-5-phosphate 3-epimerase activity	0/75	1/2783	0.0	1.0	1.0		0		Molecular Function	0.0	0.00035932446999640676	-0.0	-0.0		2783	75	1	1296
GO:0034017	trans-2-decenoyl-acyl-carrier-protein isomerase activity	0/75	1/2783	0.0	1.0	1.0		0		Molecular Function	0.0	0.00035932446999640676	-0.0	-0.0		2783	75	1	1296
GO:0034023	5-(carboxyamino)imidazole ribonucleotide mutase activity	0/75	1/2783	0.0	1.0	1.0		0		Molecular Function	0.0	0.00035932446999640676	-0.0	-0.0		2783	75	1	1296
GO:0034028	5-(carboxyamino)imidazole ribonucleotide synthase activity	0/75	1/2783	0.0	1.0	1.0		0		Molecular Function	0.0	0.00035932446999640676	-0.0	-0.0		2783	75	1	1296
GO:0034040	ATPase-coupled lipid transmembrane transporter activity	0/75	1/2783	0.0	1.0	1.0		0		Molecular Function	0.0	0.00035932446999640676	-0.0	-0.0		2783	75	1	1296
GO:0034057	RNA strand-exchange activity	0/75	1/2783	0.0	1.0	1.0		0		Molecular Function	0.0	0.00035932446999640676	-0.0	-0.0		2783	75	1	1296
GO:0034228	ethanolamine transmembrane transporter activity	0/75	1/2783	0.0	1.0	1.0		0		Molecular Function	0.0	0.00035932446999640676	-0.0	-0.0		2783	75	1	1296
GO:0034386	4-aminobutyrate:2-oxoglutarate transaminase activity	0/75	1/2783	0.0	1.0	1.0		0		Molecular Function	0.0	0.00035932446999640676	-0.0	-0.0		2783	75	1	1296
GO:0034458	3'-5' RNA helicase activity	0/75	2/2783	0.0	1.0	1.0		0		Molecular Function	0.0	0.0007186489399928135	-0.0	-0.0		2783	75	2	1296
GO:0034618	arginine binding	0/75	1/2783	0.0	1.0	1.0		0		Molecular Function	0.0	0.00035932446999640676	-0.0	-0.0		2783	75	1	1296
GO:0034639	L-amino acid efflux transmembrane transporter activity	0/75	1/2783	0.0	1.0	1.0		0		Molecular Function	0.0	0.00035932446999640676	-0.0	-0.0		2783	75	1	1296
GO:0034700	allulose 6-phosphate 3-epimerase activity	0/75	1/2783	0.0	1.0	1.0		0		Molecular Function	0.0	0.00035932446999640676	-0.0	-0.0		2783	75	1	1296
GO:0035460	L-ascorbate 6-phosphate lactonase activity	0/75	1/2783	0.0	1.0	1.0		0		Molecular Function	0.0	0.00035932446999640676	-0.0	-0.0		2783	75	1	1296
GO:0035516	broad specificity oxidative DNA demethylase activity	0/75	1/2783	0.0	1.0	1.0		0		Molecular Function	0.0	0.00035932446999640676	-0.0	-0.0		2783	75	1	1296
GO:0035596	methylthiotransferase activity	0/75	2/2783	0.0	1.0	1.0		0		Molecular Function	0.0	0.0007186489399928135	-0.0	-0.0		2783	75	2	1296
GO:0035639	purine ribonucleoside triphosphate binding	0/75	3/2783	0.0	1.0	1.0		0		Molecular Function	0.0	0.0010779734099892202	-0.0	-0.0		2783	75	3	1296
GO:0035870	dITP diphosphatase activity	0/75	1/2783	0.0	1.0	1.0		0		Molecular Function	0.0	0.00035932446999640676	-0.0	-0.0		2783	75	1	1296
GO:0036009	protein-glutamine N-methyltransferase activity	0/75	2/2783	0.0	1.0	1.0		0		Molecular Function	0.0	0.0007186489399928135	-0.0	-0.0		2783	75	2	1296
GO:0036094	small molecule binding	0/75	5/2783	0.0	1.0	1.0		0		Molecular Function	0.0	0.0017966223499820337	-0.0	-0.0		2783	75	5	1296
GO:0036218	dTTP diphosphatase activity	0/75	1/2783	0.0	1.0	1.0		0		Molecular Function	0.0	0.00035932446999640676	-0.0	-0.0		2783	75	1	1296
GO:0036220	ITP diphosphatase activity	0/75	1/2783	0.0	1.0	1.0		0		Molecular Function	0.0	0.00035932446999640676	-0.0	-0.0		2783	75	1	1296
GO:0036222	XTP diphosphatase activity	0/75	1/2783	0.0	1.0	1.0		0		Molecular Function	0.0	0.00035932446999640676	-0.0	-0.0		2783	75	1	1296
GO:0036243	succinate-semialdehyde dehydrogenase (NADP+) activity	0/75	1/2783	0.0	1.0	1.0		0		Molecular Function	0.0	0.00035932446999640676	-0.0	-0.0		2783	75	1	1296
GO:0036311	chitin disaccharide deacetylase activity	0/75	1/2783	0.0	1.0	1.0		0		Molecular Function	0.0	0.00035932446999640676	-0.0	-0.0		2783	75	1	1296
GO:0036374	glutathione hydrolase activity	0/75	1/2783	0.0	1.0	1.0		0		Molecular Function	0.0	0.00035932446999640676	-0.0	-0.0		2783	75	1	1296
GO:0036380	UDP-N-acetylglucosamine-undecaprenyl-phosphate N-acetylglucosaminephosphotransferase activity	0/75	2/2783	0.0	1.0	1.0		0		Molecular Function	0.0	0.0007186489399928135	-0.0	-0.0		2783	75	2	1296
GO:0036382	flavin reductase (NADH) activity	0/75	1/2783	0.0	1.0	1.0		0		Molecular Function	0.0	0.00035932446999640676	-0.0	-0.0		2783	75	1	1296
GO:0036402	proteasome-activating activity	0/75	1/2783	0.0	1.0	1.0		0		Molecular Function	0.0	0.00035932446999640676	-0.0	-0.0		2783	75	1	1296
GO:0036424	L-phosphoserine phosphatase activity	0/75	1/2783	0.0	1.0	1.0		0		Molecular Function	0.0	0.00035932446999640676	-0.0	-0.0		2783	75	1	1296
GO:0036524	protein deglycase activity	0/75	2/2783	0.0	1.0	1.0		0		Molecular Function	0.0	0.0007186489399928135	-0.0	-0.0		2783	75	2	1296
GO:0042132	fructose 1,6-bisphosphate 1-phosphatase activity	0/75	3/2783	0.0	1.0	1.0		0		Molecular Function	0.0	0.0010779734099892202	-0.0	-0.0		2783	75	3	1296
GO:0042277	peptide binding	0/75	2/2783	0.0	1.0	1.0		0		Molecular Function	0.0	0.0007186489399928135	-0.0	-0.0		2783	75	2	1296
GO:0042279	nitrite reductase (cytochrome, ammonia-forming) activity	0/75	2/2783	0.0	1.0	1.0		0		Molecular Function	0.0	0.0007186489399928135	-0.0	-0.0		2783	75	2	1296
GO:0042301	phosphate ion binding	0/75	1/2783	0.0	1.0	1.0		0		Molecular Function	0.0	0.00035932446999640676	-0.0	-0.0		2783	75	1	1296
GO:0042578	phosphoric ester hydrolase activity	0/75	1/2783	0.0	1.0	1.0		0		Molecular Function	0.0	0.00035932446999640676	-0.0	-0.0		2783	75	1	1296
GO:0042586	peptide deformylase activity	0/75	1/2783	0.0	1.0	1.0		0		Molecular Function	0.0	0.00035932446999640676	-0.0	-0.0		2783	75	1	1296
GO:0042602	riboflavin reductase (NADPH) activity	0/75	1/2783	0.0	1.0	1.0		0		Molecular Function	0.0	0.00035932446999640676	-0.0	-0.0		2783	75	1	1296
GO:0042623	ATP hydrolysis activity	0/75	1/2783	0.0	1.0	1.0		0		Molecular Function	0.0	0.00035932446999640676	-0.0	-0.0		2783	75	1	1296
GO:0042626	ATPase-coupled transmembrane transporter activity	0/75	2/2783	0.0	1.0	1.0		0		Molecular Function	0.0	0.0007186489399928135	-0.0	-0.0		2783	75	2	1296
GO:0042802	identical protein binding	0/75	16/2783	0.0	1.0	1.0		0		Molecular Function	0.0	0.005749191519942508	-0.0	-0.0		2783	75	16	1296
GO:0042803	protein homodimerization activity	0/75	4/2783	0.0	1.0	1.0		0		Molecular Function	0.0	0.001437297879985627	-0.0	-0.0		2783	75	4	1296
GO:0042806	fucose binding	0/75	1/2783	0.0	1.0	1.0		0		Molecular Function	0.0	0.00035932446999640676	-0.0	-0.0		2783	75	1	1296
GO:0042834	peptidoglycan binding	0/75	5/2783	0.0	1.0	1.0		0		Molecular Function	0.0	0.0017966223499820337	-0.0	-0.0		2783	75	5	1296
GO:0042910	xenobiotic transmembrane transporter activity	0/75	14/2783	0.0	1.0	1.0		0		Molecular Function	0.0	0.005030542579949695	-0.0	-0.0		2783	75	14	1296
GO:0042925	benzoate transmembrane transporter activity	0/75	2/2783	0.0	1.0	1.0		0		Molecular Function	0.0	0.0007186489399928135	-0.0	-0.0		2783	75	2	1296
GO:0042931	enterobactin transmembrane transporter activity	0/75	1/2783	0.0	1.0	1.0		0		Molecular Function	0.0	0.00035932446999640676	-0.0	-0.0		2783	75	1	1296
GO:0042937	tripeptide transmembrane transporter activity	0/75	2/2783	0.0	1.0	1.0		0		Molecular Function	0.0	0.0007186489399928135	-0.0	-0.0		2783	75	2	1296
GO:0042958	maltodextrin transmembrane transporter activity	0/75	1/2783	0.0	1.0	1.0		0		Molecular Function	0.0	0.00035932446999640676	-0.0	-0.0		2783	75	1	1296
GO:0043022	ribosome binding	0/75	9/2783	0.0	1.0	1.0		0		Molecular Function	0.0	0.0032339202299676607	-0.0	-0.0		2783	75	9	1296
GO:0043023	ribosomal large subunit binding	0/75	2/2783	0.0	1.0	1.0		0		Molecular Function	0.0	0.0007186489399928135	-0.0	-0.0		2783	75	2	1296
GO:0043115	precorrin-2 dehydrogenase activity	0/75	1/2783	0.0	1.0	1.0		0		Molecular Function	0.0	0.00035932446999640676	-0.0	-0.0		2783	75	1	1296
GO:0043138	3'-5' DNA helicase activity	0/75	1/2783	0.0	1.0	1.0		0		Molecular Function	0.0	0.00035932446999640676	-0.0	-0.0		2783	75	1	1296
GO:0043167	ion binding	0/75	21/2783	0.0	1.0	1.0		0		Molecular Function	0.0	0.007545813869924541	-0.0	-0.0		2783	75	21	1296
GO:0043168	anion binding	0/75	5/2783	0.0	1.0	1.0		0		Molecular Function	0.0	0.0017966223499820337	-0.0	-0.0		2783	75	5	1296
GO:0043169	cation binding	0/75	17/2783	0.0	1.0	1.0		0		Molecular Function	0.0	0.006108515989938915	-0.0	-0.0		2783	75	17	1296
GO:0043175	RNA polymerase core enzyme binding	0/75	1/2783	0.0	1.0	1.0		0		Molecular Function	0.0	0.00035932446999640676	-0.0	-0.0		2783	75	1	1296
GO:0043211	ABC-type carbohydrate transporter activity	0/75	1/2783	0.0	1.0	1.0		0		Molecular Function	0.0	0.00035932446999640676	-0.0	-0.0		2783	75	1	1296
GO:0043365	[formate-C-acetyltransferase]-activating enzyme activity	0/75	2/2783	0.0	1.0	1.0		0		Molecular Function	0.0	0.0007186489399928135	-0.0	-0.0		2783	75	2	1296
GO:0043531	ADP binding	0/75	1/2783	0.0	1.0	1.0		0		Molecular Function	0.0	0.00035932446999640676	-0.0	-0.0		2783	75	1	1296
GO:0043546	molybdopterin cofactor binding	0/75	16/2783	0.0	1.0	1.0		0		Molecular Function	0.0	0.005749191519942508	-0.0	-0.0		2783	75	16	1296
GO:0043722	4-hydroxyphenylacetate decarboxylase activity	0/75	1/2783	0.0	1.0	1.0		0		Molecular Function	0.0	0.00035932446999640676	-0.0	-0.0		2783	75	1	1296
GO:0043743	LPPG:FO 2-phospho-L-lactate transferase activity	0/75	1/2783	0.0	1.0	1.0		0		Molecular Function	0.0	0.00035932446999640676	-0.0	-0.0		2783	75	1	1296
GO:0043748	O-succinylbenzoate synthase activity	0/75	1/2783	0.0	1.0	1.0		0		Molecular Function	0.0	0.00035932446999640676	-0.0	-0.0		2783	75	1	1296
GO:0043752	adenosylcobinamide kinase activity	0/75	1/2783	0.0	1.0	1.0		0		Molecular Function	0.0	0.00035932446999640676	-0.0	-0.0		2783	75	1	1296
GO:0043755	alpha-ribazole phosphatase activity	0/75	1/2783	0.0	1.0	1.0		0		Molecular Function	0.0	0.00035932446999640676	-0.0	-0.0		2783	75	1	1296
GO:0043768	S-ribosylhomocysteine lyase activity	0/75	1/2783	0.0	1.0	1.0		0		Molecular Function	0.0	0.00035932446999640676	-0.0	-0.0		2783	75	1	1296
GO:0043772	acyl-phosphate glycerol-3-phosphate acyltransferase activity	0/75	1/2783	0.0	1.0	1.0		0		Molecular Function	0.0	0.00035932446999640676	-0.0	-0.0		2783	75	1	1296
GO:0043811	phosphate:acyl-[acyl carrier protein] acyltransferase activity	0/75	1/2783	0.0	1.0	1.0		0		Molecular Function	0.0	0.00035932446999640676	-0.0	-0.0		2783	75	1	1296
GO:0043815	phosphoribosylglycinamide formyltransferase 2 activity	0/75	1/2783	0.0	1.0	1.0		0		Molecular Function	0.0	0.00035932446999640676	-0.0	-0.0		2783	75	1	1296
GO:0043824	succinylglutamate-semialdehyde dehydrogenase activity	0/75	1/2783	0.0	1.0	1.0		0		Molecular Function	0.0	0.00035932446999640676	-0.0	-0.0		2783	75	1	1296
GO:0043825	succinylornithine transaminase activity	0/75	1/2783	0.0	1.0	1.0		0		Molecular Function	0.0	0.00035932446999640676	-0.0	-0.0		2783	75	1	1296
GO:0043828	tRNA 2-selenouridine synthase activity	0/75	1/2783	0.0	1.0	1.0		0		Molecular Function	0.0	0.00035932446999640676	-0.0	-0.0		2783	75	1	1296
GO:0043842	Kdo transferase activity	0/75	1/2783	0.0	1.0	1.0		0		Molecular Function	0.0	0.00035932446999640676	-0.0	-0.0		2783	75	1	1296
GO:0043856	anti-sigma factor antagonist activity	0/75	1/2783	0.0	1.0	1.0		0		Molecular Function	0.0	0.00035932446999640676	-0.0	-0.0		2783	75	1	1296
GO:0043872	lysine:cadaverine antiporter activity	0/75	1/2783	0.0	1.0	1.0		0		Molecular Function	0.0	0.00035932446999640676	-0.0	-0.0		2783	75	1	1296
GO:0043916	DNA-7-methylguanine glycosylase activity	0/75	1/2783	0.0	1.0	1.0		0		Molecular Function	0.0	0.00035932446999640676	-0.0	-0.0		2783	75	1	1296
GO:0044318	L-aspartate:fumarate oxidoreductase activity	0/75	1/2783	0.0	1.0	1.0		0		Molecular Function	0.0	0.00035932446999640676	-0.0	-0.0		2783	75	1	1296
GO:0044667	(R)-carnitine:4-(trimethylammonio)butanoate antiporter activity	0/75	1/2783	0.0	1.0	1.0		0		Molecular Function	0.0	0.00035932446999640676	-0.0	-0.0		2783	75	1	1296
GO:0044877	protein-containing complex binding	0/75	1/2783	0.0	1.0	1.0		0		Molecular Function	0.0	0.00035932446999640676	-0.0	-0.0		2783	75	1	1296
GO:0045127	N-acetylglucosamine kinase activity	0/75	1/2783	0.0	1.0	1.0		0		Molecular Function	0.0	0.00035932446999640676	-0.0	-0.0		2783	75	1	1296
GO:0045148	tripeptide aminopeptidase activity	0/75	1/2783	0.0	1.0	1.0		0		Molecular Function	0.0	0.00035932446999640676	-0.0	-0.0		2783	75	1	1296
GO:0045182	translation regulator activity	0/75	1/2783	0.0	1.0	1.0		0		Molecular Function	0.0	0.00035932446999640676	-0.0	-0.0		2783	75	1	1296
GO:0045330	aspartyl esterase activity	0/75	1/2783	0.0	1.0	1.0		0		Molecular Function	0.0	0.00035932446999640676	-0.0	-0.0		2783	75	1	1296
GO:0045437	uridine nucleosidase activity	0/75	3/2783	0.0	1.0	1.0		0		Molecular Function	0.0	0.0010779734099892202	-0.0	-0.0		2783	75	3	1296
GO:0046316	gluconokinase activity	0/75	1/2783	0.0	1.0	1.0		0		Molecular Function	0.0	0.00035932446999640676	-0.0	-0.0		2783	75	1	1296
GO:0046353	aminoglycoside 3-N-acetyltransferase activity	0/75	1/2783	0.0	1.0	1.0		0		Molecular Function	0.0	0.00035932446999640676	-0.0	-0.0		2783	75	1	1296
GO:0046421	methylisocitrate lyase activity	0/75	1/2783	0.0	1.0	1.0		0		Molecular Function	0.0	0.00035932446999640676	-0.0	-0.0		2783	75	1	1296
GO:0046428	1,4-dihydroxy-2-naphthoate octaprenyltransferase activity	0/75	1/2783	0.0	1.0	1.0		0		Molecular Function	0.0	0.00035932446999640676	-0.0	-0.0		2783	75	1	1296
GO:0046429	4-hydroxy-3-methylbut-2-en-1-yl diphosphate synthase activity	0/75	1/2783	0.0	1.0	1.0		0		Molecular Function	0.0	0.00035932446999640676	-0.0	-0.0		2783	75	1	1296
GO:0046537	2,3-bisphosphoglycerate-independent phosphoglycerate mutase activity	0/75	1/2783	0.0	1.0	1.0		0		Molecular Function	0.0	0.00035932446999640676	-0.0	-0.0		2783	75	1	1296
GO:0046538	2,3-bisphosphoglycerate-dependent phosphoglycerate mutase activity	0/75	1/2783	0.0	1.0	1.0		0		Molecular Function	0.0	0.00035932446999640676	-0.0	-0.0		2783	75	1	1296
GO:0046857	oxidoreductase activity, acting on other nitrogenous compounds as donors, with NAD or NADP as acceptor	0/75	1/2783	0.0	1.0	1.0		0		Molecular Function	0.0	0.00035932446999640676	-0.0	-0.0		2783	75	1	1296
GO:0046873	metal ion transmembrane transporter activity	0/75	4/2783	0.0	1.0	1.0		0		Molecular Function	0.0	0.001437297879985627	-0.0	-0.0		2783	75	4	1296
GO:0046906	tetrapyrrole binding	0/75	1/2783	0.0	1.0	1.0		0		Molecular Function	0.0	0.00035932446999640676	-0.0	-0.0		2783	75	1	1296
GO:0046912	acyltransferase activity, acyl groups converted into alkyl on transfer	0/75	1/2783	0.0	1.0	1.0		0		Molecular Function	0.0	0.00035932446999640676	-0.0	-0.0		2783	75	1	1296
GO:0046914	transition metal ion binding	0/75	14/2783	0.0	1.0	1.0		0		Molecular Function	0.0	0.005030542579949695	-0.0	-0.0		2783	75	14	1296
GO:0046933	proton-transporting ATP synthase activity, rotational mechanism	0/75	8/2783	0.0	1.0	1.0		0		Molecular Function	0.0	0.002874595759971254	-0.0	-0.0		2783	75	8	1296
GO:0046943	carboxylic acid transmembrane transporter activity	0/75	1/2783	0.0	1.0	1.0		0		Molecular Function	0.0	0.00035932446999640676	-0.0	-0.0		2783	75	1	1296
GO:0046983	protein dimerization activity	0/75	11/2783	0.0	1.0	1.0		0		Molecular Function	0.0	0.003952569169960474	-0.0	-0.0		2783	75	11	1296
GO:0047051	D-lactate dehydrogenase (cytochrome c-553) activity	0/75	1/2783	0.0	1.0	1.0		0		Molecular Function	0.0	0.00035932446999640676	-0.0	-0.0		2783	75	1	1296
GO:0047070	3-carboxyethylcatechol 2,3-dioxygenase activity	0/75	1/2783	0.0	1.0	1.0		0		Molecular Function	0.0	0.00035932446999640676	-0.0	-0.0		2783	75	1	1296
GO:0047111	formate dehydrogenase (cytochrome-c-553) activity	0/75	1/2783	0.0	1.0	1.0		0		Molecular Function	0.0	0.00035932446999640676	-0.0	-0.0		2783	75	1	1296
GO:0047134	protein-disulfide reductase (NAD(P)) activity	0/75	1/2783	0.0	1.0	1.0		0		Molecular Function	0.0	0.00035932446999640676	-0.0	-0.0		2783	75	1	1296
GO:0047241	lipopolysaccharide N-acetylmannosaminouronosyltransferase activity	0/75	1/2783	0.0	1.0	1.0		0		Molecular Function	0.0	0.00035932446999640676	-0.0	-0.0		2783	75	1	1296
GO:0047388	[glutamine synthetase]-adenylyl-L-tyrosine phosphorylase activity	0/75	1/2783	0.0	1.0	1.0		0		Molecular Function	0.0	0.00035932446999640676	-0.0	-0.0		2783	75	1	1296
GO:0047429	nucleoside triphosphate diphosphatase activity	0/75	3/2783	0.0	1.0	1.0		0		Molecular Function	0.0	0.0010779734099892202	-0.0	-0.0		2783	75	3	1296
GO:0047451	(3R)-3-hydroxyoctanoyl-[acyl-carrier-protein] dehydratase activity	0/75	1/2783	0.0	1.0	1.0		0		Molecular Function	0.0	0.00035932446999640676	-0.0	-0.0		2783	75	1	1296
GO:0047456	2-methylisocitrate dehydratase activity	0/75	1/2783	0.0	1.0	1.0		0		Molecular Function	0.0	0.00035932446999640676	-0.0	-0.0		2783	75	1	1296
GO:0047465	N-acylglucosamine-6-phosphate 2-epimerase activity	0/75	1/2783	0.0	1.0	1.0		0		Molecular Function	0.0	0.00035932446999640676	-0.0	-0.0		2783	75	1	1296
GO:0047480	UDP-N-acetylmuramoyl-tripeptide-D-alanyl-D-alanine ligase activity	0/75	1/2783	0.0	1.0	1.0		0		Molecular Function	0.0	0.00035932446999640676	-0.0	-0.0		2783	75	1	1296
GO:0047545	2-hydroxyglutarate dehydrogenase activity	0/75	1/2783	0.0	1.0	1.0		0		Molecular Function	0.0	0.00035932446999640676	-0.0	-0.0		2783	75	1	1296
GO:0047547	2-methylcitrate dehydratase activity	0/75	1/2783	0.0	1.0	1.0		0		Molecular Function	0.0	0.00035932446999640676	-0.0	-0.0		2783	75	1	1296
GO:0047617	fatty acyl-CoA hydrolase activity	0/75	1/2783	0.0	1.0	1.0		0		Molecular Function	0.0	0.00035932446999640676	-0.0	-0.0		2783	75	1	1296
GO:0047661	amino-acid racemase activity	0/75	1/2783	0.0	1.0	1.0		0		Molecular Function	0.0	0.00035932446999640676	-0.0	-0.0		2783	75	1	1296
GO:0047693	ATP diphosphatase activity	0/75	1/2783	0.0	1.0	1.0		0		Molecular Function	0.0	0.00035932446999640676	-0.0	-0.0		2783	75	1	1296
GO:0047761	butyrate kinase activity	0/75	1/2783	0.0	1.0	1.0		0		Molecular Function	0.0	0.00035932446999640676	-0.0	-0.0		2783	75	1	1296
GO:0047840	dCTP diphosphatase activity	0/75	1/2783	0.0	1.0	1.0		0		Molecular Function	0.0	0.00035932446999640676	-0.0	-0.0		2783	75	1	1296
GO:0047844	deoxycytidine deaminase activity	0/75	1/2783	0.0	1.0	1.0		0		Molecular Function	0.0	0.00035932446999640676	-0.0	-0.0		2783	75	1	1296
GO:0047922	gentisate 1,2-dioxygenase activity	0/75	1/2783	0.0	1.0	1.0		0		Molecular Function	0.0	0.00035932446999640676	-0.0	-0.0		2783	75	1	1296
GO:0047938	glucose-6-phosphate 1-epimerase activity	0/75	1/2783	0.0	1.0	1.0		0		Molecular Function	0.0	0.00035932446999640676	-0.0	-0.0		2783	75	1	1296
GO:0048001	erythrose-4-phosphate dehydrogenase activity	0/75	1/2783	0.0	1.0	1.0		0		Molecular Function	0.0	0.00035932446999640676	-0.0	-0.0		2783	75	1	1296
GO:0048027	mRNA 5'-UTR binding	0/75	1/2783	0.0	1.0	1.0		0		Molecular Function	0.0	0.00035932446999640676	-0.0	-0.0		2783	75	1	1296
GO:0048029	monosaccharide binding	0/75	1/2783	0.0	1.0	1.0		0		Molecular Function	0.0	0.00035932446999640676	-0.0	-0.0		2783	75	1	1296
GO:0048038	quinone binding	0/75	13/2783	0.0	1.0	1.0		0		Molecular Function	0.0	0.004671218109953288	-0.0	-0.0		2783	75	13	1296
GO:0048039	ubiquinone binding	0/75	2/2783	0.0	1.0	1.0		0		Molecular Function	0.0	0.0007186489399928135	-0.0	-0.0		2783	75	2	1296
GO:0048502	ABC-type thiamine transporter activity	0/75	1/2783	0.0	1.0	1.0		0		Molecular Function	0.0	0.00035932446999640676	-0.0	-0.0		2783	75	1	1296
GO:0050032	L-rhamnonate dehydratase activity	0/75	1/2783	0.0	1.0	1.0		0		Molecular Function	0.0	0.00035932446999640676	-0.0	-0.0		2783	75	1	1296
GO:0050131	N-methyl-L-amino-acid oxidase activity	0/75	1/2783	0.0	1.0	1.0		0		Molecular Function	0.0	0.00035932446999640676	-0.0	-0.0		2783	75	1	1296
GO:0050136	NADH dehydrogenase (quinone) activity	0/75	2/2783	0.0	1.0	1.0		0		Molecular Function	0.0	0.0007186489399928135	-0.0	-0.0		2783	75	2	1296
GO:0050145	nucleoside monophosphate kinase activity	0/75	1/2783	0.0	1.0	1.0		0		Molecular Function	0.0	0.00035932446999640676	-0.0	-0.0		2783	75	1	1296
GO:0050218	propionate-CoA ligase activity	0/75	1/2783	0.0	1.0	1.0		0		Molecular Function	0.0	0.00035932446999640676	-0.0	-0.0		2783	75	1	1296
GO:0050225	pseudouridine kinase activity	0/75	1/2783	0.0	1.0	1.0		0		Molecular Function	0.0	0.00035932446999640676	-0.0	-0.0		2783	75	1	1296
GO:0050262	ribosylnicotinamide kinase activity	0/75	1/2783	0.0	1.0	1.0		0		Molecular Function	0.0	0.00035932446999640676	-0.0	-0.0		2783	75	1	1296
GO:0050297	stizolobate synthase activity	0/75	1/2783	0.0	1.0	1.0		0		Molecular Function	0.0	0.00035932446999640676	-0.0	-0.0		2783	75	1	1296
GO:0050355	inorganic triphosphate phosphatase activity	0/75	1/2783	0.0	1.0	1.0		0		Molecular Function	0.0	0.00035932446999640676	-0.0	-0.0		2783	75	1	1296
GO:0050380	undecaprenyl-diphosphatase activity	0/75	3/2783	0.0	1.0	1.0		0		Molecular Function	0.0	0.0010779734099892202	-0.0	-0.0		2783	75	3	1296
GO:0050385	ureidoglycolate lyase activity	0/75	1/2783	0.0	1.0	1.0		0		Molecular Function	0.0	0.00035932446999640676	-0.0	-0.0		2783	75	1	1296
GO:0050418	hydroxylamine reductase activity	0/75	1/2783	0.0	1.0	1.0		0		Molecular Function	0.0	0.00035932446999640676	-0.0	-0.0		2783	75	1	1296
GO:0050446	azobenzene reductase activity	0/75	1/2783	0.0	1.0	1.0		0		Molecular Function	0.0	0.00035932446999640676	-0.0	-0.0		2783	75	1	1296
GO:0050498	oxidoreductase activity, acting on paired donors, with incorporation or reduction of molecular oxygen, with 2-oxoglutarate as one donor, and the other dehydrogenated	0/75	1/2783	0.0	1.0	1.0		0		Molecular Function	0.0	0.00035932446999640676	-0.0	-0.0		2783	75	1	1296
GO:0050511	undecaprenyldiphospho-muramoylpentapeptide beta-N-acetylglucosaminyltransferase activity	0/75	1/2783	0.0	1.0	1.0		0		Molecular Function	0.0	0.00035932446999640676	-0.0	-0.0		2783	75	1	1296
GO:0050515	4-(cytidine 5'-diphospho)-2-C-methyl-D-erythritol kinase activity	0/75	1/2783	0.0	1.0	1.0		0		Molecular Function	0.0	0.00035932446999640676	-0.0	-0.0		2783	75	1	1296
GO:0050518	2-C-methyl-D-erythritol 4-phosphate cytidylyltransferase activity	0/75	1/2783	0.0	1.0	1.0		0		Molecular Function	0.0	0.00035932446999640676	-0.0	-0.0		2783	75	1	1296
GO:0050519	holo-citrate lyase synthase activity	0/75	1/2783	0.0	1.0	1.0		0		Molecular Function	0.0	0.00035932446999640676	-0.0	-0.0		2783	75	1	1296
GO:0050568	protein-glutamine glutaminase activity	0/75	1/2783	0.0	1.0	1.0		0		Molecular Function	0.0	0.00035932446999640676	-0.0	-0.0		2783	75	1	1296
GO:0050570	4-hydroxythreonine-4-phosphate dehydrogenase activity	0/75	1/2783	0.0	1.0	1.0		0		Molecular Function	0.0	0.00035932446999640676	-0.0	-0.0		2783	75	1	1296
GO:0050577	GDP-L-fucose synthase activity	0/75	1/2783	0.0	1.0	1.0		0		Molecular Function	0.0	0.00035932446999640676	-0.0	-0.0		2783	75	1	1296
GO:0050580	2,5-didehydrogluconate reductase activity	0/75	1/2783	0.0	1.0	1.0		0		Molecular Function	0.0	0.00035932446999640676	-0.0	-0.0		2783	75	1	1296
GO:0050626	trimethylamine-N-oxide reductase (cytochrome c) activity	0/75	1/2783	0.0	1.0	1.0		0		Molecular Function	0.0	0.00035932446999640676	-0.0	-0.0		2783	75	1	1296
GO:0050660	flavin adenine dinucleotide binding	0/75	39/2783	0.0	1.0	1.0		0		Molecular Function	0.0	0.014013654329859864	-0.0	-0.0		2783	75	39	1296
GO:0050897	cobalt ion binding	0/75	3/2783	0.0	1.0	1.0		0		Molecular Function	0.0	0.0010779734099892202	-0.0	-0.0		2783	75	3	1296
GO:0051073	adenosylcobinamide-GDP ribazoletransferase activity	0/75	2/2783	0.0	1.0	1.0		0		Molecular Function	0.0	0.0007186489399928135	-0.0	-0.0		2783	75	2	1296
GO:0051082	unfolded protein binding	0/75	12/2783	0.0	1.0	1.0		0		Molecular Function	0.0	0.004311893639956881	-0.0	-0.0		2783	75	12	1296
GO:0051087	protein-folding chaperone binding	0/75	3/2783	0.0	1.0	1.0		0		Molecular Function	0.0	0.0010779734099892202	-0.0	-0.0		2783	75	3	1296
GO:0051108	carnitine-CoA ligase activity	0/75	2/2783	0.0	1.0	1.0		0		Molecular Function	0.0	0.0007186489399928135	-0.0	-0.0		2783	75	2	1296
GO:0051109	crotonobetaine-CoA ligase activity	0/75	2/2783	0.0	1.0	1.0		0		Molecular Function	0.0	0.0007186489399928135	-0.0	-0.0		2783	75	2	1296
GO:0051213	dioxygenase activity	0/75	2/2783	0.0	1.0	1.0		0		Molecular Function	0.0	0.0007186489399928135	-0.0	-0.0		2783	75	2	1296
GO:0051266	sirohydrochlorin ferrochelatase activity	0/75	1/2783	0.0	1.0	1.0		0		Molecular Function	0.0	0.00035932446999640676	-0.0	-0.0		2783	75	1	1296
GO:0051287	NAD binding	0/75	36/2783	0.0	1.0	1.0		0		Molecular Function	0.0	0.012935680919870643	-0.0	-0.0		2783	75	36	1296
GO:0051392	tRNA N-acetyltransferase activity	0/75	1/2783	0.0	1.0	1.0		0		Molecular Function	0.0	0.00035932446999640676	-0.0	-0.0		2783	75	1	1296
GO:0051538	3 iron, 4 sulfur cluster binding	0/75	5/2783	0.0	1.0	1.0		0		Molecular Function	0.0	0.0017966223499820337	-0.0	-0.0		2783	75	5	1296
GO:0051539	4 iron, 4 sulfur cluster binding	0/75	73/2783	0.0	1.0	1.0		0		Molecular Function	0.0	0.026230686309737693	-0.0	-0.0		2783	75	73	1296
GO:0051903	S-(hydroxymethyl)glutathione dehydrogenase activity	0/75	1/2783	0.0	1.0	1.0		0		Molecular Function	0.0	0.00035932446999640676	-0.0	-0.0		2783	75	1	1296
GO:0051920	peroxiredoxin activity	0/75	4/2783	0.0	1.0	1.0		0		Molecular Function	0.0	0.001437297879985627	-0.0	-0.0		2783	75	4	1296
GO:0051989	coproporphyrinogen dehydrogenase activity	0/75	1/2783	0.0	1.0	1.0		0		Molecular Function	0.0	0.00035932446999640676	-0.0	-0.0		2783	75	1	1296
GO:0052381	tRNA dimethylallyltransferase activity	0/75	1/2783	0.0	1.0	1.0		0		Molecular Function	0.0	0.00035932446999640676	-0.0	-0.0		2783	75	1	1296
GO:0052621	diguanylate cyclase activity	0/75	4/2783	0.0	1.0	1.0		0		Molecular Function	0.0	0.001437297879985627	-0.0	-0.0		2783	75	4	1296
GO:0052689	carboxylic ester hydrolase activity	0/75	4/2783	0.0	1.0	1.0		0		Molecular Function	0.0	0.001437297879985627	-0.0	-0.0		2783	75	4	1296
GO:0052693	epoxyqueuosine reductase activity	0/75	1/2783	0.0	1.0	1.0		0		Molecular Function	0.0	0.00035932446999640676	-0.0	-0.0		2783	75	1	1296
GO:0052717	tRNA-specific adenosine-34 deaminase activity	0/75	1/2783	0.0	1.0	1.0		0		Molecular Function	0.0	0.00035932446999640676	-0.0	-0.0		2783	75	1	1296
GO:0052733	quinate 3-dehydrogenase (NADP+) activity	0/75	1/2783	0.0	1.0	1.0		0		Molecular Function	0.0	0.00035932446999640676	-0.0	-0.0		2783	75	1	1296
GO:0052734	shikimate 3-dehydrogenase (NAD+) activity	0/75	1/2783	0.0	1.0	1.0		0		Molecular Function	0.0	0.00035932446999640676	-0.0	-0.0		2783	75	1	1296
GO:0052737	pyruvate dehydrogenase (quinone) activity	0/75	1/2783	0.0	1.0	1.0		0		Molecular Function	0.0	0.00035932446999640676	-0.0	-0.0		2783	75	1	1296
GO:0052821	DNA-7-methyladenine glycosylase activity	0/75	1/2783	0.0	1.0	1.0		0		Molecular Function	0.0	0.00035932446999640676	-0.0	-0.0		2783	75	1	1296
GO:0052822	DNA-3-methylguanine glycosylase activity	0/75	1/2783	0.0	1.0	1.0		0		Molecular Function	0.0	0.00035932446999640676	-0.0	-0.0		2783	75	1	1296
GO:0052823	2-hydroxy-6-oxonona-2,4,7-trienedioate hydrolase activity	0/75	1/2783	0.0	1.0	1.0		0		Molecular Function	0.0	0.00035932446999640676	-0.0	-0.0		2783	75	1	1296
GO:0052873	FMN reductase (NADPH) activity	0/75	1/2783	0.0	1.0	1.0		0		Molecular Function	0.0	0.00035932446999640676	-0.0	-0.0		2783	75	1	1296
GO:0052906	tRNA (guanine(37)-N1)-methyltransferase activity	0/75	1/2783	0.0	1.0	1.0		0		Molecular Function	0.0	0.00035932446999640676	-0.0	-0.0		2783	75	1	1296
GO:0052908	16S rRNA (adenine(1518)-N(6)/adenine(1519)-N(6))-dimethyltransferase activity	0/75	1/2783	0.0	1.0	1.0		0		Molecular Function	0.0	0.00035932446999640676	-0.0	-0.0		2783	75	1	1296
GO:0052914	16S rRNA (guanine(1207)-N(2))-methyltransferase activity	0/75	1/2783	0.0	1.0	1.0		0		Molecular Function	0.0	0.00035932446999640676	-0.0	-0.0		2783	75	1	1296
GO:0052915	23S rRNA (guanine(2445)-N(2))-methyltransferase activity	0/75	1/2783	0.0	1.0	1.0		0		Molecular Function	0.0	0.00035932446999640676	-0.0	-0.0		2783	75	1	1296
GO:0060241	lysozyme inhibitor activity	0/75	1/2783	0.0	1.0	1.0		0		Molecular Function	0.0	0.00035932446999640676	-0.0	-0.0		2783	75	1	1296
GO:0060589	nucleoside-triphosphatase regulator activity	0/75	1/2783	0.0	1.0	1.0		0		Molecular Function	0.0	0.00035932446999640676	-0.0	-0.0		2783	75	1	1296
GO:0060590	ATPase regulator activity	0/75	1/2783	0.0	1.0	1.0		0		Molecular Function	0.0	0.00035932446999640676	-0.0	-0.0		2783	75	1	1296
GO:0060698	endoribonuclease inhibitor activity	0/75	2/2783	0.0	1.0	1.0		0		Molecular Function	0.0	0.0007186489399928135	-0.0	-0.0		2783	75	2	1296
GO:0061459	L-arginine transmembrane transporter activity	0/75	1/2783	0.0	1.0	1.0		0		Molecular Function	0.0	0.00035932446999640676	-0.0	-0.0		2783	75	1	1296
GO:0061473	murein tripeptide carboxypeptidase activity	0/75	1/2783	0.0	1.0	1.0		0		Molecular Function	0.0	0.00035932446999640676	-0.0	-0.0		2783	75	1	1296
GO:0061522	1,4-dihydroxy-2-naphthoyl-CoA thioesterase activity	0/75	1/2783	0.0	1.0	1.0		0		Molecular Function	0.0	0.00035932446999640676	-0.0	-0.0		2783	75	1	1296
GO:0061542	3-demethylubiquinol-n 3-O-methyltransferase activity	0/75	1/2783	0.0	1.0	1.0		0		Molecular Function	0.0	0.00035932446999640676	-0.0	-0.0		2783	75	1	1296
GO:0061593	sulfoquinovose isomerase activity	0/75	1/2783	0.0	1.0	1.0		0		Molecular Function	0.0	0.00035932446999640676	-0.0	-0.0		2783	75	1	1296
GO:0061594	6-deoxy-6-sulfofructose kinase activity	0/75	1/2783	0.0	1.0	1.0		0		Molecular Function	0.0	0.00035932446999640676	-0.0	-0.0		2783	75	1	1296
GO:0061595	6-deoxy-6-sulfofructose-1-phosphate aldolase activity	0/75	1/2783	0.0	1.0	1.0		0		Molecular Function	0.0	0.00035932446999640676	-0.0	-0.0		2783	75	1	1296
GO:0061596	3-sulfolactaldehyde reductase activity	0/75	1/2783	0.0	1.0	1.0		0		Molecular Function	0.0	0.00035932446999640676	-0.0	-0.0		2783	75	1	1296
GO:0061602	molybdenum cofactor cytidylyltransferase activity	0/75	1/2783	0.0	1.0	1.0		0		Molecular Function	0.0	0.00035932446999640676	-0.0	-0.0		2783	75	1	1296
GO:0061605	molybdopterin-synthase adenylyltransferase activity	0/75	1/2783	0.0	1.0	1.0		0		Molecular Function	0.0	0.00035932446999640676	-0.0	-0.0		2783	75	1	1296
GO:0061634	alpha-D-xyloside xylohydrolase	0/75	1/2783	0.0	1.0	1.0		0		Molecular Function	0.0	0.00035932446999640676	-0.0	-0.0		2783	75	1	1296
GO:0061710	L-threonylcarbamoyladenylate synthase	0/75	1/2783	0.0	1.0	1.0		0		Molecular Function	0.0	0.00035932446999640676	-0.0	-0.0		2783	75	1	1296
GO:0061798	GTP 3',8'-cyclase activity	0/75	1/2783	0.0	1.0	1.0		0		Molecular Function	0.0	0.00035932446999640676	-0.0	-0.0		2783	75	1	1296
GO:0061799	cyclic pyranopterin monophosphate synthase activity	0/75	1/2783	0.0	1.0	1.0		0		Molecular Function	0.0	0.00035932446999640676	-0.0	-0.0		2783	75	1	1296
GO:0061928	glutathione specific gamma-glutamylcyclotransferase activity	0/75	1/2783	0.0	1.0	1.0		0		Molecular Function	0.0	0.00035932446999640676	-0.0	-0.0		2783	75	1	1296
GO:0070006	metalloaminopeptidase activity	0/75	4/2783	0.0	1.0	1.0		0		Molecular Function	0.0	0.001437297879985627	-0.0	-0.0		2783	75	4	1296
GO:0070011	peptidase activity	0/75	3/2783	0.0	1.0	1.0		0		Molecular Function	0.0	0.0010779734099892202	-0.0	-0.0		2783	75	3	1296
GO:0070038	rRNA (pseudouridine-N3-)-methyltransferase activity	0/75	1/2783	0.0	1.0	1.0		0		Molecular Function	0.0	0.00035932446999640676	-0.0	-0.0		2783	75	1	1296
GO:0070039	rRNA (guanosine-2'-O-)-methyltransferase activity	0/75	1/2783	0.0	1.0	1.0		0		Molecular Function	0.0	0.00035932446999640676	-0.0	-0.0		2783	75	1	1296
GO:0070040	rRNA (adenine(2503)-C2-)-methyltransferase activity	0/75	1/2783	0.0	1.0	1.0		0		Molecular Function	0.0	0.00035932446999640676	-0.0	-0.0		2783	75	1	1296
GO:0070041	rRNA (uridine-C5-)-methyltransferase activity	0/75	2/2783	0.0	1.0	1.0		0		Molecular Function	0.0	0.0007186489399928135	-0.0	-0.0		2783	75	2	1296
GO:0070043	rRNA (guanine-N7-)-methyltransferase activity	0/75	2/2783	0.0	1.0	1.0		0		Molecular Function	0.0	0.0007186489399928135	-0.0	-0.0		2783	75	2	1296
GO:0070063	RNA polymerase binding	0/75	4/2783	0.0	1.0	1.0		0		Molecular Function	0.0	0.001437297879985627	-0.0	-0.0		2783	75	4	1296
GO:0070180	large ribosomal subunit rRNA binding	0/75	2/2783	0.0	1.0	1.0		0		Molecular Function	0.0	0.0007186489399928135	-0.0	-0.0		2783	75	2	1296
GO:0070204	2-succinyl-5-enolpyruvyl-6-hydroxy-3-cyclohexene-1-carboxylic-acid synthase activity	0/75	1/2783	0.0	1.0	1.0		0		Molecular Function	0.0	0.00035932446999640676	-0.0	-0.0		2783	75	1	1296
GO:0070205	2-succinyl-6-hydroxy-2,4-cyclohexadiene-1-carboxylate synthase activity	0/75	1/2783	0.0	1.0	1.0		0		Molecular Function	0.0	0.00035932446999640676	-0.0	-0.0		2783	75	1	1296
GO:0070279	vitamin B6 binding	0/75	1/2783	0.0	1.0	1.0		0		Molecular Function	0.0	0.00035932446999640676	-0.0	-0.0		2783	75	1	1296
GO:0070401	NADP+ binding	0/75	2/2783	0.0	1.0	1.0		0		Molecular Function	0.0	0.0007186489399928135	-0.0	-0.0		2783	75	2	1296
GO:0070402	NADPH binding	0/75	1/2783	0.0	1.0	1.0		0		Molecular Function	0.0	0.00035932446999640676	-0.0	-0.0		2783	75	1	1296
GO:0070403	NAD+ binding	0/75	4/2783	0.0	1.0	1.0		0		Molecular Function	0.0	0.001437297879985627	-0.0	-0.0		2783	75	4	1296
GO:0070568	guanylyltransferase activity	0/75	1/2783	0.0	1.0	1.0		0		Molecular Function	0.0	0.00035932446999640676	-0.0	-0.0		2783	75	1	1296
GO:0070626	(S)-2-(5-amino-1-(5-phospho-D-ribosyl)imidazole-4-carboxamido) succinate lyase (fumarate-forming) activity	0/75	1/2783	0.0	1.0	1.0		0		Molecular Function	0.0	0.00035932446999640676	-0.0	-0.0		2783	75	1	1296
GO:0070677	rRNA (cytosine-2'-O-)-methyltransferase activity	0/75	1/2783	0.0	1.0	1.0		0		Molecular Function	0.0	0.00035932446999640676	-0.0	-0.0		2783	75	1	1296
GO:0070678	preprotein binding	0/75	1/2783	0.0	1.0	1.0		0		Molecular Function	0.0	0.00035932446999640676	-0.0	-0.0		2783	75	1	1296
GO:0070819	menaquinone-dependent protoporphyrinogen oxidase activity	0/75	1/2783	0.0	1.0	1.0		0		Molecular Function	0.0	0.00035932446999640676	-0.0	-0.0		2783	75	1	1296
GO:0071111	cyclic-guanylate-specific phosphodiesterase activity	0/75	4/2783	0.0	1.0	1.0		0		Molecular Function	0.0	0.001437297879985627	-0.0	-0.0		2783	75	4	1296
GO:0071424	rRNA (cytosine-N4-)-methyltransferase activity	0/75	1/2783	0.0	1.0	1.0		0		Molecular Function	0.0	0.00035932446999640676	-0.0	-0.0		2783	75	1	1296
GO:0071518	autoinducer-2 kinase activity	0/75	1/2783	0.0	1.0	1.0		0		Molecular Function	0.0	0.00035932446999640676	-0.0	-0.0		2783	75	1	1296
GO:0071522	ureidoglycine aminohydrolase activity	0/75	1/2783	0.0	1.0	1.0		0		Molecular Function	0.0	0.00035932446999640676	-0.0	-0.0		2783	75	1	1296
GO:0071916	dipeptide transmembrane transporter activity	0/75	3/2783	0.0	1.0	1.0		0		Molecular Function	0.0	0.0010779734099892202	-0.0	-0.0		2783	75	3	1296
GO:0071972	peptidoglycan L,D-transpeptidase activity	0/75	4/2783	0.0	1.0	1.0		0		Molecular Function	0.0	0.001437297879985627	-0.0	-0.0		2783	75	4	1296
GO:0080146	L-cysteine desulfhydrase activity	0/75	1/2783	0.0	1.0	1.0		0		Molecular Function	0.0	0.00035932446999640676	-0.0	-0.0		2783	75	1	1296
GO:0089714	UDP-N-acetyl-D-mannosamine dehydrogenase activity	0/75	1/2783	0.0	1.0	1.0		0		Molecular Function	0.0	0.00035932446999640676	-0.0	-0.0		2783	75	1	1296
GO:0090482	vitamin transmembrane transporter activity	0/75	1/2783	0.0	1.0	1.0		0		Molecular Function	0.0	0.00035932446999640676	-0.0	-0.0		2783	75	1	1296
GO:0090483	phosphatidylglycerol-phosphatidylethanolamine phosphatidyltransferase activity	0/75	1/2783	0.0	1.0	1.0		0		Molecular Function	0.0	0.00035932446999640676	-0.0	-0.0		2783	75	1	1296
GO:0097159	organic cyclic compound binding	0/75	18/2783	0.0	1.0	1.0		0		Molecular Function	0.0	0.0064678404599353215	-0.0	-0.0		2783	75	18	1296
GO:0097163	sulfur carrier activity	0/75	1/2783	0.0	1.0	1.0		0		Molecular Function	0.0	0.00035932446999640676	-0.0	-0.0		2783	75	1	1296
GO:0097266	phenylacetyl-CoA 1,2-epoxidase activity	0/75	1/2783	0.0	1.0	1.0		0		Molecular Function	0.0	0.00035932446999640676	-0.0	-0.0		2783	75	1	1296
GO:0097351	toxin sequestering activity	0/75	1/2783	0.0	1.0	1.0		0		Molecular Function	0.0	0.00035932446999640676	-0.0	-0.0		2783	75	1	1296
GO:0097367	carbohydrate derivative binding	0/75	15/2783	0.0	1.0	1.0		0		Molecular Function	0.0	0.0053898670499461015	-0.0	-0.0		2783	75	15	1296
GO:0097697	tRNA (5-carboxymethoxyuridine(34)-5-O)-methyltransferase activity	0/75	1/2783	0.0	1.0	1.0		0		Molecular Function	0.0	0.00035932446999640676	-0.0	-0.0		2783	75	1	1296
GO:0098772	molecular function regulator activity	0/75	5/2783	0.0	1.0	1.0		0		Molecular Function	0.0	0.0017966223499820337	-0.0	-0.0		2783	75	5	1296
GO:0098848	alpha-D-ribose 1-methylphosphonate 5-phosphate C-P-lyase activity	0/75	1/2783	0.0	1.0	1.0		0		Molecular Function	0.0	0.00035932446999640676	-0.0	-0.0		2783	75	1	1296
GO:0099516	antiporter activity	0/75	1/2783	0.0	1.0	1.0		0		Molecular Function	0.0	0.00035932446999640676	-0.0	-0.0		2783	75	1	1296
GO:0099620	UDP-4-amino-4-deoxy-L-arabinose aminotransferase	0/75	1/2783	0.0	1.0	1.0		0		Molecular Function	0.0	0.00035932446999640676	-0.0	-0.0		2783	75	1	1296
GO:0101006	protein histidine phosphatase activity	0/75	1/2783	0.0	1.0	1.0		0		Molecular Function	0.0	0.00035932446999640676	-0.0	-0.0		2783	75	1	1296
GO:0102025	ABC-type thiosulfate transporter activity	0/75	1/2783	0.0	1.0	1.0		0		Molecular Function	0.0	0.00035932446999640676	-0.0	-0.0		2783	75	1	1296
GO:0102031	4-acetamido-4,6-dideoxy-D-galactose transferase activity	0/75	1/2783	0.0	1.0	1.0		0		Molecular Function	0.0	0.00035932446999640676	-0.0	-0.0		2783	75	1	1296
GO:0102130	malonyl-CoA methyltransferase activity	0/75	1/2783	0.0	1.0	1.0		0		Molecular Function	0.0	0.00035932446999640676	-0.0	-0.0		2783	75	1	1296
GO:0102264	tRNA-dihydrouridine20 synthase activity	0/75	1/2783	0.0	1.0	1.0		0		Molecular Function	0.0	0.00035932446999640676	-0.0	-0.0		2783	75	1	1296
GO:0102483	scopolin beta-glucosidase activity	0/75	1/2783	0.0	1.0	1.0		0		Molecular Function	0.0	0.00035932446999640676	-0.0	-0.0		2783	75	1	1296
GO:0102500	beta-maltose 4-alpha-glucanotransferase activity	0/75	2/2783	0.0	1.0	1.0		0		Molecular Function	0.0	0.0007186489399928135	-0.0	-0.0		2783	75	2	1296
GO:0102545	phosphatidyl phospholipase B activity	0/75	1/2783	0.0	1.0	1.0		0		Molecular Function	0.0	0.00035932446999640676	-0.0	-0.0		2783	75	1	1296
GO:0102559	protein-(glutamine-N5) methyltransferase activity	0/75	1/2783	0.0	1.0	1.0		0		Molecular Function	0.0	0.00035932446999640676	-0.0	-0.0		2783	75	1	1296
GO:0103023	ITPase activity	0/75	1/2783	0.0	1.0	1.0		0		Molecular Function	0.0	0.00035932446999640676	-0.0	-0.0		2783	75	1	1296
GO:0103043	5-phospho-alpha-D-ribosyl 1,2-cyclic phosphate phosphodiesterase activity	0/75	1/2783	0.0	1.0	1.0		0		Molecular Function	0.0	0.00035932446999640676	-0.0	-0.0		2783	75	1	1296
GO:0103045	methione N-acyltransferase activity	0/75	1/2783	0.0	1.0	1.0		0		Molecular Function	0.0	0.00035932446999640676	-0.0	-0.0		2783	75	1	1296
GO:0103047	methyl beta-D-glucoside 6-phosphate glucohydrolase activity	0/75	1/2783	0.0	1.0	1.0		0		Molecular Function	0.0	0.00035932446999640676	-0.0	-0.0		2783	75	1	1296
GO:0103111	D-glucosamine PTS permease activity	0/75	1/2783	0.0	1.0	1.0		0		Molecular Function	0.0	0.00035932446999640676	-0.0	-0.0		2783	75	1	1296
GO:0106343	glutarate dioxygenase activity	0/75	1/2783	0.0	1.0	1.0		0		Molecular Function	0.0	0.00035932446999640676	-0.0	-0.0		2783	75	1	1296
GO:0106366	guanosine kinase activity	0/75	1/2783	0.0	1.0	1.0		0		Molecular Function	0.0	0.00035932446999640676	-0.0	-0.0		2783	75	1	1296
GO:0106411	XMP 5'-nucleosidase activity	0/75	1/2783	0.0	1.0	1.0		0		Molecular Function	0.0	0.00035932446999640676	-0.0	-0.0		2783	75	1	1296
GO:0120159	rRNA pseudouridine synthase activity	0/75	5/2783	0.0	1.0	1.0		0		Molecular Function	0.0	0.0017966223499820337	-0.0	-0.0		2783	75	5	1296
GO:0140078	class I DNA-(apurinic or apyrimidinic site) endonuclease activity	0/75	1/2783	0.0	1.0	1.0		0		Molecular Function	0.0	0.00035932446999640676	-0.0	-0.0		2783	75	1	1296
GO:0140096	catalytic activity, acting on a protein	0/75	5/2783	0.0	1.0	1.0		0		Molecular Function	0.0	0.0017966223499820337	-0.0	-0.0		2783	75	5	1296
GO:0140097	catalytic activity, acting on DNA	0/75	1/2783	0.0	1.0	1.0		0		Molecular Function	0.0	0.00035932446999640676	-0.0	-0.0		2783	75	1	1296
GO:0140098	catalytic activity, acting on RNA	0/75	6/2783	0.0	1.0	1.0		0		Molecular Function	0.0	0.0021559468199784403	-0.0	-0.0		2783	75	6	1296
GO:0140101	catalytic activity, acting on a tRNA	0/75	1/2783	0.0	1.0	1.0		0		Molecular Function	0.0	0.00035932446999640676	-0.0	-0.0		2783	75	1	1296
GO:0140110	transcription regulator activity	0/75	2/2783	0.0	1.0	1.0		0		Molecular Function	0.0	0.0007186489399928135	-0.0	-0.0		2783	75	2	1296
GO:0140359	ABC-type transporter activity	0/75	14/2783	0.0	1.0	1.0		0		Molecular Function	0.0	0.005030542579949695	-0.0	-0.0		2783	75	14	1296
GO:0140658	ATP-dependent chromatin remodeler activity	0/75	1/2783	0.0	1.0	1.0		0		Molecular Function	0.0	0.00035932446999640676	-0.0	-0.0		2783	75	1	1296
GO:0140662	ATP-dependent protein folding chaperone	0/75	7/2783	0.0	1.0	1.0		0		Molecular Function	0.0	0.0025152712899748474	-0.0	-0.0		2783	75	7	1296
GO:0140664	ATP-dependent DNA damage sensor activity	0/75	2/2783	0.0	1.0	1.0		0		Molecular Function	0.0	0.0007186489399928135	-0.0	-0.0		2783	75	2	1296
GO:0140696	(S)-2-hydroxyglutarate dehydrogenase activity	0/75	1/2783	0.0	1.0	1.0		0		Molecular Function	0.0	0.00035932446999640676	-0.0	-0.0		2783	75	1	1296
GO:1901241	4-hydroxyphenylacetate transmembrane transporter activity	0/75	1/2783	0.0	1.0	1.0		0		Molecular Function	0.0	0.00035932446999640676	-0.0	-0.0		2783	75	1	1296
GO:1901265	nucleoside phosphate binding	0/75	4/2783	0.0	1.0	1.0		0		Molecular Function	0.0	0.001437297879985627	-0.0	-0.0		2783	75	4	1296
GO:1901363	heterocyclic compound binding	0/75	18/2783	0.0	1.0	1.0		0		Molecular Function	0.0	0.0064678404599353215	-0.0	-0.0		2783	75	18	1296
GO:1901505	carbohydrate derivative transmembrane transporter activity	0/75	2/2783	0.0	1.0	1.0		0		Molecular Function	0.0	0.0007186489399928135	-0.0	-0.0		2783	75	2	1296
GO:1901681	sulfur compound binding	0/75	3/2783	0.0	1.0	1.0		0		Molecular Function	0.0	0.0010779734099892202	-0.0	-0.0		2783	75	3	1296
GO:1902670	carbon dioxide binding	0/75	2/2783	0.0	1.0	1.0		0		Molecular Function	0.0	0.0007186489399928135	-0.0	-0.0		2783	75	2	1296
GO:1903425	fluoride transmembrane transporter activity	0/75	1/2783	0.0	1.0	1.0		0		Molecular Function	0.0	0.00035932446999640676	-0.0	-0.0		2783	75	1	1296
GO:1904047	S-adenosyl-L-methionine binding	0/75	3/2783	0.0	1.0	1.0		0		Molecular Function	0.0	0.0010779734099892202	-0.0	-0.0		2783	75	3	1296
GO:1904680	peptide transmembrane transporter activity	0/75	2/2783	0.0	1.0	1.0		0		Molecular Function	0.0	0.0007186489399928135	-0.0	-0.0		2783	75	2	1296
GO:1990107	thiazole synthase activity	0/75	1/2783	0.0	1.0	1.0		0		Molecular Function	0.0	0.00035932446999640676	-0.0	-0.0		2783	75	1	1296
GO:1990238	double-stranded DNA endonuclease activity	0/75	1/2783	0.0	1.0	1.0		0		Molecular Function	0.0	0.00035932446999640676	-0.0	-0.0		2783	75	1	1296
GO:1990362	butanol dehydrogenase activity	0/75	1/2783	0.0	1.0	1.0		0		Molecular Function	0.0	0.00035932446999640676	-0.0	-0.0		2783	75	1	1296
GO:1990610	acetolactate synthase regulator activity	0/75	2/2783	0.0	1.0	1.0		0		Molecular Function	0.0	0.0007186489399928135	-0.0	-0.0		2783	75	2	1296
