ID	Description	GeneRatio	BgRatio	enrich_factor	pvalue	qvalue	geneID	gene_number	Contained	Ontology	GeneRatio_num	BgRatio_num	negLog10p	negLog10q	direction	background_genes	foreground_genes	background_term_genes	BH_family_terms
GO:0009297	pilus assembly	4/155	8/1880	6.064516129032258	0.0023936335119651955	1.0	C600_DK885_RS03830;C600_DK885_RS15680;C600_DK885_RS17455;C600_DK885_RS20655	4	up&down	Biological Process	0.025806451612903226	0.00425531914893617	2.6209423434514614	-0.0	up&down	1880	155	8	1112
GO:0006051	N-acetylmannosamine metabolic process	2/155	2/1880	12.129032258064516	0.006757215811929744	1.0	C600_DK885_RS02855;C600_DK885_RS02860	2	down	Biological Process	0.012903225806451613	0.0010638297872340426	2.170232210358214	-0.0	down	1880	155	2	1112
GO:0051129	negative regulation of cellular component organization	2/155	2/1880	12.129032258064516	0.006757215811929744	1.0	C600_DK885_RS07345;C600_DK885_RS15680	2	down	Biological Process	0.012903225806451613	0.0010638297872340426	2.170232210358214	-0.0	down	1880	155	2	1112
GO:0009086	methionine biosynthetic process	3/155	6/1880	6.064516129032259	0.009130354298876155	1.0	C600_DK885_RS18620;C600_DK885_RS22780;C600_DK885_RS23350	3	down	Biological Process	0.01935483870967742	0.0031914893617021275	2.039512369556457	-0.0	down	1880	155	6	1112
GO:0009245	lipid A biosynthetic process	5/155	17/1880	3.5673624288425048	0.00978061200973534	1.0	C600_DK885_RS07910;C600_DK885_RS07920;C600_DK885_RS07925;C600_DK885_RS19240;C600_DK885_RS19245	5	up&down	Biological Process	0.03225806451612903	0.009042553191489361	2.0096339689204825	-0.0	up&down	1880	155	17	1112
GO:0006206	pyrimidine nucleobase metabolic process	2/155	3/1880	8.086021505376344	0.01917063144087724	1.0	C600_DK885_RS16750;C600_DK885_RS20045	2	down	Biological Process	0.012903225806451613	0.0015957446808510637	1.7173635821259916	-0.0	down	1880	155	3	1112
GO:0044087	regulation of cellular component biogenesis	2/155	3/1880	8.086021505376344	0.01917063144087724	1.0	C600_DK885_RS07345;C600_DK885_RS15680	2	down	Biological Process	0.012903225806451613	0.0015957446808510637	1.7173635821259916	-0.0	down	1880	155	3	1112
GO:0009103	lipopolysaccharide biosynthetic process	5/155	21/1880	2.887864823348694	0.02457737422104778	1.0	C600_DK885_RS00620;C600_DK885_RS00625;C600_DK885_RS07910;C600_DK885_RS07920;C600_DK885_RS07925	5	up&down	Biological Process	0.03225806451612903	0.011170212765957447	1.6094645177971647	-0.0	up&down	1880	155	21	1112
GO:0007155	cell adhesion	4/155	15/1880	3.234408602150538	0.029548800142517106	1.0	C600_DK885_RS15225;C600_DK885_RS20640;C600_DK885_RS20650;C600_DK885_RS20670	4	down	Biological Process	0.025806451612903226	0.007978723404255319	1.5294601493703217	-0.0	down	1880	155	15	1112
GO:0006310	DNA recombination	5/155	22/1880	2.7565982404692084	0.029748536817070383	1.0	C600_DK885_RS06030;C600_DK885_RS14135;C600_DK885_RS17430;C600_DK885_RS20695;C600_DK885_RS22135	5	up&down	Biological Process	0.03225806451612903	0.011702127659574468	1.5265343902009598	-0.0	up&down	1880	155	22	1112
GO:0061077	chaperone-mediated protein folding	2/155	4/1880	6.064516129032258	0.03627297178009476	1.0	C600_DK885_RS20330;C600_DK885_RS20660	2	up&down	Biological Process	0.012903225806451613	0.002127659574468085	1.4404168619870947	-0.0	up&down	1880	155	4	1112
GO:1904823	purine nucleobase transmembrane transport	2/155	4/1880	6.064516129032258	0.03627297178009476	1.0	C600_DK885_RS00420;C600_DK885_RS04690	2	up	Biological Process	0.012903225806451613	0.002127659574468085	1.4404168619870947	-0.0	up	1880	155	4	1112
GO:0009401	phosphoenolpyruvate-dependent sugar phosphotransferase system	7/155	39/1880	2.177005789909016	0.036655430413463634	1.0	C600_DK885_RS00785;C600_DK885_RS05610;C600_DK885_RS05615;C600_DK885_RS05620;C600_DK885_RS08405;C600_DK885_RS08415;C600_DK885_RS19525	7	up&down	Biological Process	0.04516129032258064	0.02074468085106383	1.4358616765781724	-0.0	up&down	1880	155	39	1112
GO:0009314	response to radiation	3/155	10/1880	3.6387096774193552	0.04283744803679177	1.0	C600_DK885_RS00825;C600_DK885_RS02865;C600_DK885_RS15680	3	up&down	Biological Process	0.01935483870967742	0.005319148936170213	1.3681764093749926	-0.0	up&down	1880	155	10	1112
GO:0015833	peptide transport	3/155	10/1880	3.6387096774193552	0.04283744803679177	1.0	C600_DK885_RS01125;C600_DK885_RS01130;C600_DK885_RS08160	3	up&down	Biological Process	0.01935483870967742	0.005319148936170213	1.3681764093749926	-0.0	up&down	1880	155	10	1112
GO:0009628	response to abiotic stimulus	4/155	18/1880	2.695340501792115	0.05461530335171401	1.0	C600_DK885_RS00825;C600_DK885_RS02865;C600_DK885_RS15680;C600_DK885_RS20330	4	up&down	Biological Process	0.025806451612903226	0.009574468085106383	1.2626856497864511	-0.0	up&down	1880	155	18	1112
GO:0009987	cellular process	11/155	79/1880	1.6888525928950593	0.05524942681161362	1.0	C600_DK885_RS00620;C600_DK885_RS00825;C600_DK885_RS02865;C600_DK885_RS07345;C600_DK885_RS13645;C600_DK885_RS14975;C600_DK885_RS15680;C600_DK885_RS16500;C600_DK885_RS17840;C600_DK885_RS18025;C600_DK885_RS20330	11	up&down	Biological Process	0.07096774193548387	0.04202127659574468	1.2576722232327988	-0.0	up&down	1880	155	79	1112
GO:0022607	cellular component assembly	2/155	5/1880	4.851612903225806	0.05721634946595552	1.0	C600_DK885_RS13645;C600_DK885_RS15680	2	down	Biological Process	0.012903225806451613	0.0026595744680851063	1.2424798546287417	-0.0	down	1880	155	5	1112
GO:0051128	regulation of cellular component organization	2/155	5/1880	4.851612903225806	0.05721634946595552	1.0	C600_DK885_RS07345;C600_DK885_RS15680	2	down	Biological Process	0.012903225806451613	0.0026595744680851063	1.2424798546287417	-0.0	down	1880	155	5	1112
GO:0006006	glucose metabolic process	2/155	6/1880	4.043010752688172	0.08125934704952258	1.0	C600_DK885_RS03440;C600_DK885_RS22375	2	up&down	Biological Process	0.012903225806451613	0.0031914893617021275	1.090126671720764	-0.0	up&down	1880	155	6	1112
GO:0006352	DNA-templated transcription initiation	2/155	6/1880	4.043010752688172	0.08125934704952258	1.0	C600_DK885_RS03690;C600_DK885_RS06255	2	up&down	Biological Process	0.012903225806451613	0.0031914893617021275	1.090126671720764	-0.0	up&down	1880	155	6	1112
GO:0009267	cellular response to starvation	2/155	6/1880	4.043010752688172	0.08125934704952258	1.0	C600_DK885_RS16500;C600_DK885_RS20450	2	down	Biological Process	0.012903225806451613	0.0031914893617021275	1.090126671720764	-0.0	down	1880	155	6	1112
GO:0030091	protein repair	2/155	6/1880	4.043010752688172	0.08125934704952258	1.0	C600_DK885_RS09560;C600_DK885_RS10550	2	up	Biological Process	0.012903225806451613	0.0031914893617021275	1.090126671720764	-0.0	up	1880	155	6	1112
GO:0044085	cellular component biogenesis	2/155	6/1880	4.043010752688172	0.08125934704952258	1.0	C600_DK885_RS13645;C600_DK885_RS15680	2	down	Biological Process	0.012903225806451613	0.0031914893617021275	1.090126671720764	-0.0	down	1880	155	6	1112
GO:0051259	protein complex oligomerization	2/155	6/1880	4.043010752688172	0.08125934704952258	1.0	C600_DK885_RS06510;C600_DK885_RS13645	2	down	Biological Process	0.012903225806451613	0.0031914893617021275	1.090126671720764	-0.0	down	1880	155	6	1112
GO:0006116	NADH oxidation	1/155	1/1880	12.129032258064516	0.08244680851064591	1.0	C600_DK885_RS14295	1	down	Biological Process	0.0064516129032258064	0.0005319148936170213	1.0838261510933482	-0.0	down	1880	155	1	1112
GO:0006146	adenine catabolic process	1/155	1/1880	12.129032258064516	0.08244680851064591	1.0	C600_DK885_RS00415	1	up	Biological Process	0.0064516129032258064	0.0005319148936170213	1.0838261510933482	-0.0	up	1880	155	1	1112
GO:0006147	guanine catabolic process	1/155	1/1880	12.129032258064516	0.08244680851064591	1.0	C600_DK885_RS04695	1	up	Biological Process	0.0064516129032258064	0.0005319148936170213	1.0838261510933482	-0.0	up	1880	155	1	1112
GO:0006275	regulation of DNA replication	1/155	1/1880	12.129032258064516	0.08244680851064591	1.0	C600_DK885_RS00210	1	down	Biological Process	0.0064516129032258064	0.0005319148936170213	1.0838261510933482	-0.0	down	1880	155	1	1112
GO:0006306	DNA methylation	1/155	1/1880	12.129032258064516	0.08244680851064591	1.0	C600_DK885_RS20475	1	down	Biological Process	0.0064516129032258064	0.0005319148936170213	1.0838261510933482	-0.0	down	1880	155	1	1112
GO:0006448	regulation of translational elongation	1/155	1/1880	12.129032258064516	0.08244680851064591	1.0	C600_DK885_RS14140	1	down	Biological Process	0.0064516129032258064	0.0005319148936170213	1.0838261510933482	-0.0	down	1880	155	1	1112
GO:0006493	protein O-linked glycosylation	1/155	1/1880	12.129032258064516	0.08244680851064591	1.0	C600_DK885_RS07910	1	up	Biological Process	0.0064516129032258064	0.0005319148936170213	1.0838261510933482	-0.0	up	1880	155	1	1112
GO:0006855	xenobiotic transmembrane transport	1/155	1/1880	12.129032258064516	0.08244680851064591	1.0	C600_DK885_RS11170	1	up	Biological Process	0.0064516129032258064	0.0005319148936170213	1.0838261510933482	-0.0	up	1880	155	1	1112
GO:0006970	response to osmotic stress	1/155	1/1880	12.129032258064516	0.08244680851064591	1.0	C600_DK885_RS20330	1	up	Biological Process	0.0064516129032258064	0.0005319148936170213	1.0838261510933482	-0.0	up	1880	155	1	1112
GO:0006972	hyperosmotic response	1/155	1/1880	12.129032258064516	0.08244680851064591	1.0	C600_DK885_RS20330	1	up	Biological Process	0.0064516129032258064	0.0005319148936170213	1.0838261510933482	-0.0	up	1880	155	1	1112
GO:0009311	oligosaccharide metabolic process	1/155	1/1880	12.129032258064516	0.08244680851064591	1.0	C600_DK885_RS00620	1	down	Biological Process	0.0064516129032258064	0.0005319148936170213	1.0838261510933482	-0.0	down	1880	155	1	1112
GO:0009312	oligosaccharide biosynthetic process	1/155	1/1880	12.129032258064516	0.08244680851064591	1.0	C600_DK885_RS00620	1	down	Biological Process	0.0064516129032258064	0.0005319148936170213	1.0838261510933482	-0.0	down	1880	155	1	1112
GO:0010639	negative regulation of organelle organization	1/155	1/1880	12.129032258064516	0.08244680851064591	1.0	C600_DK885_RS15680	1	down	Biological Process	0.0064516129032258064	0.0005319148936170213	1.0838261510933482	-0.0	down	1880	155	1	1112
GO:0015753	D-xylose transmembrane transport	1/155	1/1880	12.129032258064516	0.08244680851064591	1.0	C600_DK885_RS00980	1	up	Biological Process	0.0064516129032258064	0.0005319148936170213	1.0838261510933482	-0.0	up	1880	155	1	1112
GO:0015826	threonine transport	1/155	1/1880	12.129032258064516	0.08244680851064591	1.0	C600_DK885_RS03565	1	up	Biological Process	0.0064516129032258064	0.0005319148936170213	1.0838261510933482	-0.0	up	1880	155	1	1112
GO:0015949	nucleobase-containing small molecule interconversion	1/155	1/1880	12.129032258064516	0.08244680851064591	1.0	C600_DK885_RS16750	1	down	Biological Process	0.0064516129032258064	0.0005319148936170213	1.0838261510933482	-0.0	down	1880	155	1	1112
GO:0019242	methylglyoxal biosynthetic process	1/155	1/1880	12.129032258064516	0.08244680851064591	1.0	C600_DK885_RS15095	1	down	Biological Process	0.0064516129032258064	0.0005319148936170213	1.0838261510933482	-0.0	down	1880	155	1	1112
GO:0019243	methylglyoxal catabolic process to D-lactate via S-lactoyl-glutathione	1/155	1/1880	12.129032258064516	0.08244680851064591	1.0	C600_DK885_RS19080	1	down	Biological Process	0.0064516129032258064	0.0005319148936170213	1.0838261510933482	-0.0	down	1880	155	1	1112
GO:0019262	N-acetylneuraminate catabolic process	1/155	1/1880	12.129032258064516	0.08244680851064591	1.0	C600_DK885_RS02860	1	down	Biological Process	0.0064516129032258064	0.0005319148936170213	1.0838261510933482	-0.0	down	1880	155	1	1112
GO:0019294	keto-3-deoxy-D-manno-octulosonic acid biosynthetic process	1/155	1/1880	12.129032258064516	0.08244680851064591	1.0	C600_DK885_RS13685	1	down	Biological Process	0.0064516129032258064	0.0005319148936170213	1.0838261510933482	-0.0	down	1880	155	1	1112
GO:0030030	cell projection organization	1/155	1/1880	12.129032258064516	0.08244680851064591	1.0	C600_DK885_RS15680	1	down	Biological Process	0.0064516129032258064	0.0005319148936170213	1.0838261510933482	-0.0	down	1880	155	1	1112
GO:0030031	cell projection assembly	1/155	1/1880	12.129032258064516	0.08244680851064591	1.0	C600_DK885_RS15680	1	down	Biological Process	0.0064516129032258064	0.0005319148936170213	1.0838261510933482	-0.0	down	1880	155	1	1112
GO:0030308	negative regulation of cell growth	1/155	1/1880	12.129032258064516	0.08244680851064591	1.0	C600_DK885_RS15680	1	down	Biological Process	0.0064516129032258064	0.0005319148936170213	1.0838261510933482	-0.0	down	1880	155	1	1112
GO:0031333	negative regulation of protein-containing complex assembly	1/155	1/1880	12.129032258064516	0.08244680851064591	1.0	C600_DK885_RS07345	1	down	Biological Process	0.0064516129032258064	0.0005319148936170213	1.0838261510933482	-0.0	down	1880	155	1	1112
GO:0031345	negative regulation of cell projection organization	1/155	1/1880	12.129032258064516	0.08244680851064591	1.0	C600_DK885_RS15680	1	down	Biological Process	0.0064516129032258064	0.0005319148936170213	1.0838261510933482	-0.0	down	1880	155	1	1112
GO:0032268	regulation of protein metabolic process	1/155	1/1880	12.129032258064516	0.08244680851064591	1.0	C600_DK885_RS14140	1	down	Biological Process	0.0064516129032258064	0.0005319148936170213	1.0838261510933482	-0.0	down	1880	155	1	1112
GO:0032329	serine transport	1/155	1/1880	12.129032258064516	0.08244680851064591	1.0	C600_DK885_RS03565	1	up	Biological Process	0.0064516129032258064	0.0005319148936170213	1.0838261510933482	-0.0	up	1880	155	1	1112
GO:0033043	regulation of organelle organization	1/155	1/1880	12.129032258064516	0.08244680851064591	1.0	C600_DK885_RS15680	1	down	Biological Process	0.0064516129032258064	0.0005319148936170213	1.0838261510933482	-0.0	down	1880	155	1	1112
GO:0034214	protein hexamerization	1/155	1/1880	12.129032258064516	0.08244680851064591	1.0	C600_DK885_RS13645	1	down	Biological Process	0.0064516129032258064	0.0005319148936170213	1.0838261510933482	-0.0	down	1880	155	1	1112
GO:0034248	regulation of amide metabolic process	1/155	1/1880	12.129032258064516	0.08244680851064591	1.0	C600_DK885_RS14140	1	down	Biological Process	0.0064516129032258064	0.0005319148936170213	1.0838261510933482	-0.0	down	1880	155	1	1112
GO:0040007	growth	1/155	1/1880	12.129032258064516	0.08244680851064591	1.0	C600_DK885_RS14400	1	down	Biological Process	0.0064516129032258064	0.0005319148936170213	1.0838261510933482	-0.0	down	1880	155	1	1112
GO:0043066	negative regulation of apoptotic process	1/155	1/1880	12.129032258064516	0.08244680851064591	1.0	C600_DK885_RS15060	1	down	Biological Process	0.0064516129032258064	0.0005319148936170213	1.0838261510933482	-0.0	down	1880	155	1	1112
GO:0043254	regulation of protein-containing complex assembly	1/155	1/1880	12.129032258064516	0.08244680851064591	1.0	C600_DK885_RS07345	1	down	Biological Process	0.0064516129032258064	0.0005319148936170213	1.0838261510933482	-0.0	down	1880	155	1	1112
GO:0043711	pilus organization	1/155	1/1880	12.129032258064516	0.08244680851064591	1.0	C600_DK885_RS15680	1	down	Biological Process	0.0064516129032258064	0.0005319148936170213	1.0838261510933482	-0.0	down	1880	155	1	1112
GO:0044349	DNA excision	1/155	1/1880	12.129032258064516	0.08244680851064591	1.0	C600_DK885_RS07345	1	down	Biological Process	0.0064516129032258064	0.0005319148936170213	1.0838261510933482	-0.0	down	1880	155	1	1112
GO:0045926	negative regulation of growth	1/155	1/1880	12.129032258064516	0.08244680851064591	1.0	C600_DK885_RS15680	1	down	Biological Process	0.0064516129032258064	0.0005319148936170213	1.0838261510933482	-0.0	down	1880	155	1	1112
GO:0046401	lipopolysaccharide core region metabolic process	1/155	1/1880	12.129032258064516	0.08244680851064591	1.0	C600_DK885_RS00620	1	down	Biological Process	0.0064516129032258064	0.0005319148936170213	1.0838261510933482	-0.0	down	1880	155	1	1112
GO:0051246	regulation of protein metabolic process	1/155	1/1880	12.129032258064516	0.08244680851064591	1.0	C600_DK885_RS14140	1	down	Biological Process	0.0064516129032258064	0.0005319148936170213	1.0838261510933482	-0.0	down	1880	155	1	1112
GO:0051782	negative regulation of cell division	1/155	1/1880	12.129032258064516	0.08244680851064591	1.0	C600_DK885_RS15120	1	up	Biological Process	0.0064516129032258064	0.0005319148936170213	1.0838261510933482	-0.0	up	1880	155	1	1112
GO:0097305	response to alcohol	1/155	1/1880	12.129032258064516	0.08244680851064591	1.0	C600_DK885_RS00770	1	up	Biological Process	0.0064516129032258064	0.0005319148936170213	1.0838261510933482	-0.0	up	1880	155	1	1112
GO:1901422	response to butan-1-ol	1/155	1/1880	12.129032258064516	0.08244680851064591	1.0	C600_DK885_RS00770	1	up	Biological Process	0.0064516129032258064	0.0005319148936170213	1.0838261510933482	-0.0	up	1880	155	1	1112
GO:1902115	regulation of organelle assembly	1/155	1/1880	12.129032258064516	0.08244680851064591	1.0	C600_DK885_RS15680	1	down	Biological Process	0.0064516129032258064	0.0005319148936170213	1.0838261510933482	-0.0	down	1880	155	1	1112
GO:1902116	negative regulation of organelle assembly	1/155	1/1880	12.129032258064516	0.08244680851064591	1.0	C600_DK885_RS15680	1	down	Biological Process	0.0064516129032258064	0.0005319148936170213	1.0838261510933482	-0.0	down	1880	155	1	1112
GO:1902209	negative regulation of bacterial-type flagellum assembly	1/155	1/1880	12.129032258064516	0.08244680851064591	1.0	C600_DK885_RS15680	1	down	Biological Process	0.0064516129032258064	0.0005319148936170213	1.0838261510933482	-0.0	down	1880	155	1	1112
GO:1903509	liposaccharide metabolic process	1/155	1/1880	12.129032258064516	0.08244680851064591	1.0	C600_DK885_RS00620	1	down	Biological Process	0.0064516129032258064	0.0005319148936170213	1.0838261510933482	-0.0	down	1880	155	1	1112
GO:2000142	regulation of DNA-templated transcription initiation	1/155	1/1880	12.129032258064516	0.08244680851064591	1.0	C600_DK885_RS07345	1	down	Biological Process	0.0064516129032258064	0.0005319148936170213	1.0838261510933482	-0.0	down	1880	155	1	1112
GO:2000143	negative regulation of DNA-templated transcription initiation	1/155	1/1880	12.129032258064516	0.08244680851064591	1.0	C600_DK885_RS07345	1	down	Biological Process	0.0064516129032258064	0.0005319148936170213	1.0838261510933482	-0.0	down	1880	155	1	1112
GO:0016226	iron-sulfur cluster assembly	3/155	13/1880	2.7990074441687347	0.0851447718486684	1.0	C600_DK885_RS06515;C600_DK885_RS11070;C600_DK885_RS11080	3	up&down	Biological Process	0.01935483870967742	0.006914893617021276	1.0698420139019915	-0.0	up&down	1880	155	13	1112
GO:0006508	proteolysis	9/155	66/1880	1.6539589442815248	0.08782415914626163	1.0	C600_DK885_RS05365;C600_DK885_RS11530;C600_DK885_RS13355;C600_DK885_RS14140;C600_DK885_RS15060;C600_DK885_RS15530;C600_DK885_RS19315;C600_DK885_RS19345;C600_DK885_RS22350	9	up&down	Biological Process	0.05806451612903226	0.035106382978723406	1.056385999576208	-0.0	up&down	1880	155	66	1112
GO:0005976	polysaccharide metabolic process	2/155	7/1880	3.465437788018433	0.10775539753527444	1.0	C600_DK885_RS00620;C600_DK885_RS14975	2	down	Biological Process	0.012903225806451613	0.003723404255319149	0.9675609665400812	-0.0	down	1880	155	7	1112
GO:0006071	glycerol metabolic process	2/155	7/1880	3.465437788018433	0.10775539753527444	1.0	C600_DK885_RS13780;C600_DK885_RS13785	2	down	Biological Process	0.012903225806451613	0.003723404255319149	0.9675609665400812	-0.0	down	1880	155	7	1112
GO:0006417	regulation of translation	2/155	7/1880	3.465437788018433	0.10775539753527444	1.0	C600_DK885_RS06125;C600_DK885_RS14140	2	down	Biological Process	0.012903225806451613	0.003723404255319149	0.9675609665400812	-0.0	down	1880	155	7	1112
GO:0007165	signal transduction	2/155	7/1880	3.465437788018433	0.10775539753527444	1.0	C600_DK885_RS06090;C600_DK885_RS09965	2	up	Biological Process	0.012903225806451613	0.003723404255319149	0.9675609665400812	-0.0	up	1880	155	7	1112
GO:0006457	protein folding	3/155	15/1880	2.4258064516129036	0.12018915079595444	1.0	C600_DK885_RS06510;C600_DK885_RS20330;C600_DK885_RS21295	3	up&down	Biological Process	0.01935483870967742	0.007978723404255319	0.9201347333491124	-0.0	up&down	1880	155	15	1112
GO:0008643	carbohydrate transport	3/155	15/1880	2.4258064516129036	0.12018915079595444	1.0	C600_DK885_RS02850;C600_DK885_RS20710;C600_DK885_RS23115	3	up&down	Biological Process	0.01935483870967742	0.007978723404255319	0.9201347333491124	-0.0	up&down	1880	155	15	1112
GO:0006281	DNA repair	5/155	33/1880	1.8377321603128054	0.12988166705699913	1.0	C600_DK885_RS06030;C600_DK885_RS09560;C600_DK885_RS17935;C600_DK885_RS18970;C600_DK885_RS22135	5	up&down	Biological Process	0.03225806451612903	0.017553191489361703	0.8864521457543098	-0.0	up&down	1880	155	33	1112
GO:0000917	division septum assembly	2/155	8/1880	3.032258064516129	0.1361423389695785	1.0	C600_DK885_RS15120;C600_DK885_RS15185	2	up	Biological Process	0.012903225806451613	0.00425531914893617	0.8660067923471444	-0.0	up	1880	155	8	1112
GO:0009059	macromolecule biosynthetic process	2/155	8/1880	3.032258064516129	0.1361423389695785	1.0	C600_DK885_RS00620;C600_DK885_RS14975	2	down	Biological Process	0.012903225806451613	0.00425531914893617	0.8660067923471444	-0.0	down	1880	155	8	1112
GO:0016043	cellular component organization	2/155	8/1880	3.032258064516129	0.1361423389695785	1.0	C600_DK885_RS13645;C600_DK885_RS15680	2	down	Biological Process	0.012903225806451613	0.00425531914893617	0.8660067923471444	-0.0	down	1880	155	8	1112
GO:0016051	carbohydrate biosynthetic process	2/155	8/1880	3.032258064516129	0.1361423389695785	1.0	C600_DK885_RS00620;C600_DK885_RS14975	2	down	Biological Process	0.012903225806451613	0.00425531914893617	0.8660067923471444	-0.0	down	1880	155	8	1112
GO:0042773	ATP synthesis coupled electron transport	2/155	8/1880	3.032258064516129	0.1361423389695785	1.0	C600_DK885_RS05515;C600_DK885_RS07810	2	up&down	Biological Process	0.012903225806451613	0.00425531914893617	0.8660067923471444	-0.0	up&down	1880	155	8	1112
GO:0001101	response to acid chemical	1/155	2/1880	6.064516129032258	0.15813640120905365	1.0	C600_DK885_RS00770	1	up	Biological Process	0.0064516129032258064	0.0010638297872340426	0.8009681488876612	-0.0	up	1880	155	2	1112
GO:0001558	regulation of cell growth	1/155	2/1880	6.064516129032258	0.15813640120905365	1.0	C600_DK885_RS15680	1	down	Biological Process	0.0064516129032258064	0.0010638297872340426	0.8009681488876612	-0.0	down	1880	155	2	1112
GO:0006064	glucuronate catabolic process	1/155	2/1880	6.064516129032258	0.15813640120905365	1.0	C600_DK885_RS03550	1	down	Biological Process	0.0064516129032258064	0.0010638297872340426	0.8009681488876612	-0.0	down	1880	155	2	1112
GO:0006106	fumarate metabolic process	1/155	2/1880	6.064516129032258	0.15813640120905365	1.0	C600_DK885_RS11455	1	up	Biological Process	0.0064516129032258064	0.0010638297872340426	0.8009681488876612	-0.0	up	1880	155	2	1112
GO:0006270	DNA replication initiation	1/155	2/1880	6.064516129032258	0.15813640120905365	1.0	C600_DK885_RS00210	1	down	Biological Process	0.0064516129032258064	0.0010638297872340426	0.8009681488876612	-0.0	down	1880	155	2	1112
GO:0006536	glutamate metabolic process	1/155	2/1880	6.064516129032258	0.15813640120905365	1.0	C600_DK885_RS01270	1	up	Biological Process	0.0064516129032258064	0.0010638297872340426	0.8009681488876612	-0.0	up	1880	155	2	1112
GO:0006567	threonine catabolic process	1/155	2/1880	6.064516129032258	0.15813640120905365	1.0	C600_DK885_RS03425	1	down	Biological Process	0.0064516129032258064	0.0010638297872340426	0.8009681488876612	-0.0	down	1880	155	2	1112
GO:0006835	dicarboxylic acid transport	1/155	2/1880	6.064516129032258	0.15813640120905365	1.0	C600_DK885_RS01210	1	up	Biological Process	0.0064516129032258064	0.0010638297872340426	0.8009681488876612	-0.0	up	1880	155	2	1112
GO:0008610	lipid biosynthetic process	1/155	2/1880	6.064516129032258	0.15813640120905365	1.0	C600_DK885_RS00620	1	down	Biological Process	0.0064516129032258064	0.0010638297872340426	0.8009681488876612	-0.0	down	1880	155	2	1112
GO:0010608	post-transcriptional regulation of gene expression	1/155	2/1880	6.064516129032258	0.15813640120905365	1.0	C600_DK885_RS14140	1	down	Biological Process	0.0064516129032258064	0.0010638297872340426	0.8009681488876612	-0.0	down	1880	155	2	1112
GO:0018364	peptidyl-glutamine methylation	1/155	2/1880	6.064516129032258	0.15813640120905365	1.0	C600_DK885_RS13700	1	down	Biological Process	0.0064516129032258064	0.0010638297872340426	0.8009681488876612	-0.0	down	1880	155	2	1112
GO:0031344	regulation of cell projection organization	1/155	2/1880	6.064516129032258	0.15813640120905365	1.0	C600_DK885_RS15680	1	down	Biological Process	0.0064516129032258064	0.0010638297872340426	0.8009681488876612	-0.0	down	1880	155	2	1112
GO:0040008	regulation of growth	1/155	2/1880	6.064516129032258	0.15813640120905365	1.0	C600_DK885_RS15680	1	down	Biological Process	0.0064516129032258064	0.0010638297872340426	0.8009681488876612	-0.0	down	1880	155	2	1112
GO:0040013	negative regulation of locomotion	1/155	2/1880	6.064516129032258	0.15813640120905365	1.0	C600_DK885_RS15680	1	down	Biological Process	0.0064516129032258064	0.0010638297872340426	0.8009681488876612	-0.0	down	1880	155	2	1112
GO:0042732	D-xylose metabolic process	1/155	2/1880	6.064516129032258	0.15813640120905365	1.0	C600_DK885_RS00985	1	up	Biological Process	0.0064516129032258064	0.0010638297872340426	0.8009681488876612	-0.0	up	1880	155	2	1112
GO:0044255	cellular lipid metabolic process	1/155	2/1880	6.064516129032258	0.15813640120905365	1.0	C600_DK885_RS00620	1	down	Biological Process	0.0064516129032258064	0.0010638297872340426	0.8009681488876612	-0.0	down	1880	155	2	1112
GO:0044571	[2Fe-2S] cluster assembly	1/155	2/1880	6.064516129032258	0.15813640120905365	1.0	C600_DK885_RS06510	1	down	Biological Process	0.0064516129032258064	0.0010638297872340426	0.8009681488876612	-0.0	down	1880	155	2	1112
GO:0046294	formaldehyde catabolic process	1/155	2/1880	6.064516129032258	0.15813640120905365	1.0	C600_DK885_RS18405	1	down	Biological Process	0.0064516129032258064	0.0010638297872340426	0.8009681488876612	-0.0	down	1880	155	2	1112
GO:0060491	regulation of cell projection assembly	1/155	2/1880	6.064516129032258	0.15813640120905365	1.0	C600_DK885_RS15680	1	down	Biological Process	0.0064516129032258064	0.0010638297872340426	0.8009681488876612	-0.0	down	1880	155	2	1112
GO:1900231	regulation of single-species biofilm formation on inanimate substrate	1/155	2/1880	6.064516129032258	0.15813640120905365	1.0	C600_DK885_RS15680	1	down	Biological Process	0.0064516129032258064	0.0010638297872340426	0.8009681488876612	-0.0	down	1880	155	2	1112
GO:1900232	negative regulation of single-species biofilm formation on inanimate substrate	1/155	2/1880	6.064516129032258	0.15813640120905365	1.0	C600_DK885_RS15680	1	down	Biological Process	0.0064516129032258064	0.0010638297872340426	0.8009681488876612	-0.0	down	1880	155	2	1112
GO:1902021	regulation of bacterial-type flagellum-dependent cell motility	1/155	2/1880	6.064516129032258	0.15813640120905365	1.0	C600_DK885_RS15680	1	down	Biological Process	0.0064516129032258064	0.0010638297872340426	0.8009681488876612	-0.0	down	1880	155	2	1112
GO:2000146	negative regulation of cell motility	1/155	2/1880	6.064516129032258	0.15813640120905365	1.0	C600_DK885_RS15680	1	down	Biological Process	0.0064516129032258064	0.0010638297872340426	0.8009681488876612	-0.0	down	1880	155	2	1112
GO:0000271	polysaccharide biosynthetic process	2/155	9/1880	2.695340501792115	0.1659330302558763	1.0	C600_DK885_RS00620;C600_DK885_RS14975	2	down	Biological Process	0.012903225806451613	0.0047872340425531915	0.7800671556872691	-0.0	down	1880	155	9	1112
GO:0006814	sodium ion transport	2/155	9/1880	2.695340501792115	0.1659330302558763	1.0	C600_DK885_RS11170;C600_DK885_RS23115	2	up	Biological Process	0.012903225806451613	0.0047872340425531915	0.7800671556872691	-0.0	up	1880	155	9	1112
GO:0015074	DNA integration	2/155	9/1880	2.695340501792115	0.1659330302558763	1.0	C600_DK885_RS17430;C600_DK885_RS20695	2	down	Biological Process	0.012903225806451613	0.0047872340425531915	0.7800671556872691	-0.0	down	1880	155	9	1112
GO:0048523	negative regulation of cellular process	2/155	9/1880	2.695340501792115	0.1659330302558763	1.0	C600_DK885_RS07345;C600_DK885_RS15680	2	down	Biological Process	0.012903225806451613	0.0047872340425531915	0.7800671556872691	-0.0	down	1880	155	9	1112
GO:0071840	cellular component organization or biogenesis	2/155	9/1880	2.695340501792115	0.1659330302558763	1.0	C600_DK885_RS13645;C600_DK885_RS15680	2	down	Biological Process	0.012903225806451613	0.0047872340425531915	0.7800671556872691	-0.0	down	1880	155	9	1112
GO:0044238	primary metabolic process	5/155	38/1880	1.5959252971137519	0.19902616043318738	1.0	C600_DK885_RS00620;C600_DK885_RS06125;C600_DK885_RS07345;C600_DK885_RS14140;C600_DK885_RS14975	5	down	Biological Process	0.03225806451612903	0.02021276595744681	0.7010898352231294	-0.0	down	1880	155	38	1112
GO:0050794	regulation of cellular process	3/155	19/1880	1.9151103565365024	0.20224486205968328	1.0	C600_DK885_RS07345;C600_DK885_RS14140;C600_DK885_RS15680	3	down	Biological Process	0.01935483870967742	0.010106382978723405	0.6941225026327297	-0.0	down	1880	155	19	1112
GO:0046677	response to antibiotic	3/155	20/1880	1.8193548387096776	0.22450315981720909	1.0	C600_DK885_RS00825;C600_DK885_RS07920;C600_DK885_RS07925	3	up	Biological Process	0.01935483870967742	0.010638297872340425	0.6487775420480951	-0.0	up	1880	155	20	1112
GO:0006144	purine nucleobase metabolic process	1/155	3/1880	4.043010752688172	0.22761928609393325	1.0	C600_DK885_RS20045	1	down	Biological Process	0.0064516129032258064	0.0015957446808510637	0.6427909431147448	-0.0	down	1880	155	3	1112
GO:0006534	cysteine metabolic process	1/155	3/1880	4.043010752688172	0.22761928609393325	1.0	C600_DK885_RS11085	1	up	Biological Process	0.0064516129032258064	0.0015957446808510637	0.6427909431147448	-0.0	up	1880	155	3	1112
GO:0008299	isoprenoid biosynthetic process	1/155	3/1880	4.043010752688172	0.22761928609393325	1.0	C600_DK885_RS04660	1	up	Biological Process	0.0064516129032258064	0.0015957446808510637	0.6427909431147448	-0.0	up	1880	155	3	1112
GO:0009372	quorum sensing	1/155	3/1880	4.043010752688172	0.22761928609393325	1.0	C600_DK885_RS12020	1	up	Biological Process	0.0064516129032258064	0.0015957446808510637	0.6427909431147448	-0.0	up	1880	155	3	1112
GO:0010438	cellular response to sulfur starvation	1/155	3/1880	4.043010752688172	0.22761928609393325	1.0	C600_DK885_RS16500	1	down	Biological Process	0.0064516129032258064	0.0015957446808510637	0.6427909431147448	-0.0	down	1880	155	3	1112
GO:0030163	protein catabolic process	1/155	3/1880	4.043010752688172	0.22761928609393325	1.0	C600_DK885_RS15530	1	down	Biological Process	0.0064516129032258064	0.0015957446808510637	0.6427909431147448	-0.0	down	1880	155	3	1112
GO:0031669	cellular response to nutrient levels	1/155	3/1880	4.043010752688172	0.22761928609393325	1.0	C600_DK885_RS16500	1	down	Biological Process	0.0064516129032258064	0.0015957446808510637	0.6427909431147448	-0.0	down	1880	155	3	1112
GO:0044826	viral genome integration into host DNA	1/155	3/1880	4.043010752688172	0.22761928609393325	1.0	C600_DK885_RS14135	1	up	Biological Process	0.0064516129032258064	0.0015957446808510637	0.6427909431147448	-0.0	up	1880	155	3	1112
GO:0046392	galactarate catabolic process	1/155	3/1880	4.043010752688172	0.22761928609393325	1.0	C600_DK885_RS03370	1	down	Biological Process	0.0064516129032258064	0.0015957446808510637	0.6427909431147448	-0.0	down	1880	155	3	1112
GO:0046718	symbiont entry into host cell	1/155	3/1880	4.043010752688172	0.22761928609393325	1.0	C600_DK885_RS14135	1	up	Biological Process	0.0064516129032258064	0.0015957446808510637	0.6427909431147448	-0.0	up	1880	155	3	1112
GO:0050821	protein stabilization	1/155	3/1880	4.043010752688172	0.22761928609393325	1.0	C600_DK885_RS00290	1	up	Biological Process	0.0064516129032258064	0.0015957446808510637	0.6427909431147448	-0.0	up	1880	155	3	1112
GO:0071705	nitrogen compound transport	1/155	3/1880	4.043010752688172	0.22761928609393325	1.0	C600_DK885_RS07650	1	up	Biological Process	0.0064516129032258064	0.0015957446808510637	0.6427909431147448	-0.0	up	1880	155	3	1112
GO:0075713	establishment of integrated proviral latency	1/155	3/1880	4.043010752688172	0.22761928609393325	1.0	C600_DK885_RS14135	1	up	Biological Process	0.0064516129032258064	0.0015957446808510637	0.6427909431147448	-0.0	up	1880	155	3	1112
GO:1901137	carbohydrate derivative biosynthetic process	1/155	3/1880	4.043010752688172	0.22761928609393325	1.0	C600_DK885_RS00620	1	down	Biological Process	0.0064516129032258064	0.0015957446808510637	0.6427909431147448	-0.0	down	1880	155	3	1112
GO:1902201	negative regulation of bacterial-type flagellum-dependent cell motility	1/155	3/1880	4.043010752688172	0.22761928609393325	1.0	C600_DK885_RS15680	1	down	Biological Process	0.0064516129032258064	0.0015957446808510637	0.6427909431147448	-0.0	down	1880	155	3	1112
GO:1902208	regulation of bacterial-type flagellum assembly	1/155	3/1880	4.043010752688172	0.22761928609393325	1.0	C600_DK885_RS15680	1	down	Biological Process	0.0064516129032258064	0.0015957446808510637	0.6427909431147448	-0.0	down	1880	155	3	1112
GO:0006633	fatty acid biosynthetic process	2/155	11/1880	2.205278592375367	0.2281025162254011	1.0	C600_DK885_RS06310;C600_DK885_RS19245	2	up&down	Biological Process	0.012903225806451613	0.005851063829787234	0.6418699239439583	-0.0	up&down	1880	155	11	1112
GO:0042710	biofilm formation	2/155	11/1880	2.205278592375367	0.2281025162254011	1.0	C600_DK885_RS02865;C600_DK885_RS17840	2	down	Biological Process	0.012903225806451613	0.005851063829787234	0.6418699239439583	-0.0	down	1880	155	11	1112
GO:0048519	negative regulation of biological process	2/155	11/1880	2.205278592375367	0.2281025162254011	1.0	C600_DK885_RS07345;C600_DK885_RS15680	2	down	Biological Process	0.012903225806451613	0.005851063829787234	0.6418699239439583	-0.0	down	1880	155	11	1112
GO:0043170	macromolecule metabolic process	4/155	31/1880	1.5650364203954215	0.2490692411597285	1.0	C600_DK885_RS00620;C600_DK885_RS07345;C600_DK885_RS14140;C600_DK885_RS14975	4	down	Biological Process	0.025806451612903226	0.01648936170212766	0.6036799024089535	-0.0	down	1880	155	31	1112
GO:0006950	response to stress	6/155	52/1880	1.3995037220843674	0.25397889940317986	1.0	C600_DK885_RS00825;C600_DK885_RS02865;C600_DK885_RS06255;C600_DK885_RS16500;C600_DK885_RS18025;C600_DK885_RS20330	6	up&down	Biological Process	0.03870967741935484	0.027659574468085105	0.5952023631179404	-0.0	up&down	1880	155	52	1112
GO:0009889	regulation of biosynthetic process	2/155	12/1880	2.021505376344086	0.2598105507174513	1.0	C600_DK885_RS07345;C600_DK885_RS14140	2	down	Biological Process	0.012903225806451613	0.006382978723404255	0.585343216521922	-0.0	down	1880	155	12	1112
GO:0010556	regulation of macromolecule biosynthetic process	2/155	12/1880	2.021505376344086	0.2598105507174513	1.0	C600_DK885_RS07345;C600_DK885_RS14140	2	down	Biological Process	0.012903225806451613	0.006382978723404255	0.585343216521922	-0.0	down	1880	155	12	1112
GO:0031326	regulation of cellular biosynthetic process	2/155	12/1880	2.021505376344086	0.2598105507174513	1.0	C600_DK885_RS07345;C600_DK885_RS14140	2	down	Biological Process	0.012903225806451613	0.006382978723404255	0.585343216521922	-0.0	down	1880	155	12	1112
GO:0033554	cellular response to stress	4/155	32/1880	1.5161290322580645	0.26784982070808755	1.0	C600_DK885_RS00825;C600_DK885_RS02865;C600_DK885_RS16500;C600_DK885_RS18025	4	up&down	Biological Process	0.025806451612903226	0.01702127659574468	0.572108639996794	-0.0	up&down	1880	155	32	1112
GO:0050896	response to stimulus	7/155	65/1880	1.3062034739454094	0.2854370799573235	1.0	C600_DK885_RS00770;C600_DK885_RS00825;C600_DK885_RS02865;C600_DK885_RS15680;C600_DK885_RS16500;C600_DK885_RS18025;C600_DK885_RS20330	7	up&down	Biological Process	0.04516129032258064	0.034574468085106384	0.5444896101462775	-0.0	up&down	1880	155	65	1112
GO:0006044	N-acetylglucosamine metabolic process	1/155	4/1880	3.032258064516129	0.2914013908648673	1.0	C600_DK885_RS16630	1	down	Biological Process	0.0064516129032258064	0.002127659574468085	0.5355083796645346	-0.0	down	1880	155	4	1112
GO:0006091	generation of precursor metabolites and energy	1/155	4/1880	3.032258064516129	0.2914013908648673	1.0	C600_DK885_RS21775	1	down	Biological Process	0.0064516129032258064	0.002127659574468085	0.5355083796645346	-0.0	down	1880	155	4	1112
GO:0006097	glyoxylate cycle	1/155	4/1880	3.032258064516129	0.2914013908648673	1.0	C600_DK885_RS22375	1	up	Biological Process	0.0064516129032258064	0.002127659574468085	0.5355083796645346	-0.0	up	1880	155	4	1112
GO:0006629	lipid metabolic process	1/155	4/1880	3.032258064516129	0.2914013908648673	1.0	C600_DK885_RS00620	1	down	Biological Process	0.0064516129032258064	0.002127659574468085	0.5355083796645346	-0.0	down	1880	155	4	1112
GO:0008653	lipopolysaccharide metabolic process	1/155	4/1880	3.032258064516129	0.2914013908648673	1.0	C600_DK885_RS00620	1	down	Biological Process	0.0064516129032258064	0.002127659574468085	0.5355083796645346	-0.0	down	1880	155	4	1112
GO:0009244	lipopolysaccharide core region biosynthetic process	1/155	4/1880	3.032258064516129	0.2914013908648673	1.0	C600_DK885_RS00620	1	down	Biological Process	0.0064516129032258064	0.002127659574468085	0.5355083796645346	-0.0	down	1880	155	4	1112
GO:0009890	negative regulation of biosynthetic process	1/155	4/1880	3.032258064516129	0.2914013908648673	1.0	C600_DK885_RS07345	1	down	Biological Process	0.0064516129032258064	0.002127659574468085	0.5355083796645346	-0.0	down	1880	155	4	1112
GO:0010212	response to ionizing radiation	1/155	4/1880	3.032258064516129	0.2914013908648673	1.0	C600_DK885_RS15680	1	down	Biological Process	0.0064516129032258064	0.002127659574468085	0.5355083796645346	-0.0	down	1880	155	4	1112
GO:0010558	negative regulation of macromolecule biosynthetic process	1/155	4/1880	3.032258064516129	0.2914013908648673	1.0	C600_DK885_RS07345	1	down	Biological Process	0.0064516129032258064	0.002127659574468085	0.5355083796645346	-0.0	down	1880	155	4	1112
GO:0031327	negative regulation of cellular biosynthetic process	1/155	4/1880	3.032258064516129	0.2914013908648673	1.0	C600_DK885_RS07345	1	down	Biological Process	0.0064516129032258064	0.002127659574468085	0.5355083796645346	-0.0	down	1880	155	4	1112
GO:0031667	response to nutrient levels	1/155	4/1880	3.032258064516129	0.2914013908648673	1.0	C600_DK885_RS16500	1	down	Biological Process	0.0064516129032258064	0.002127659574468085	0.5355083796645346	-0.0	down	1880	155	4	1112
GO:0032784	regulation of DNA-templated transcription elongation	1/155	4/1880	3.032258064516129	0.2914013908648673	1.0	C600_DK885_RS03095	1	down	Biological Process	0.0064516129032258064	0.002127659574468085	0.5355083796645346	-0.0	down	1880	155	4	1112
GO:0042126	nitrate metabolic process	1/155	4/1880	3.032258064516129	0.2914013908648673	1.0	C600_DK885_RS12240	1	up	Biological Process	0.0064516129032258064	0.002127659574468085	0.5355083796645346	-0.0	up	1880	155	4	1112
GO:0042274	ribosomal small subunit biogenesis	1/155	4/1880	3.032258064516129	0.2914013908648673	1.0	C600_DK885_RS21550	1	down	Biological Process	0.0064516129032258064	0.002127659574468085	0.5355083796645346	-0.0	down	1880	155	4	1112
GO:0042594	response to starvation	1/155	4/1880	3.032258064516129	0.2914013908648673	1.0	C600_DK885_RS16500	1	down	Biological Process	0.0064516129032258064	0.002127659574468085	0.5355083796645346	-0.0	down	1880	155	4	1112
GO:0043933	protein-containing complex organization	1/155	4/1880	3.032258064516129	0.2914013908648673	1.0	C600_DK885_RS13645	1	down	Biological Process	0.0064516129032258064	0.002127659574468085	0.5355083796645346	-0.0	down	1880	155	4	1112
GO:0046379	extracellular polysaccharide metabolic process	1/155	4/1880	3.032258064516129	0.2914013908648673	1.0	C600_DK885_RS14975	1	down	Biological Process	0.0064516129032258064	0.002127659574468085	0.5355083796645346	-0.0	down	1880	155	4	1112
GO:0065003	protein-containing complex assembly	1/155	4/1880	3.032258064516129	0.2914013908648673	1.0	C600_DK885_RS13645	1	down	Biological Process	0.0064516129032258064	0.002127659574468085	0.5355083796645346	-0.0	down	1880	155	4	1112
GO:1900191	negative regulation of single-species biofilm formation	1/155	4/1880	3.032258064516129	0.2914013908648673	1.0	C600_DK885_RS15680	1	down	Biological Process	0.0064516129032258064	0.002127659574468085	0.5355083796645346	-0.0	down	1880	155	4	1112
GO:1902679	negative regulation of RNA biosynthetic process	1/155	4/1880	3.032258064516129	0.2914013908648673	1.0	C600_DK885_RS07345	1	down	Biological Process	0.0064516129032258064	0.002127659574468085	0.5355083796645346	-0.0	down	1880	155	4	1112
GO:0006935	chemotaxis	2/155	13/1880	1.8660049627791564	0.2915679650574006	1.0	C600_DK885_RS09955;C600_DK885_RS09965	2	up	Biological Process	0.012903225806451613	0.006914893617021276	0.5352601942191811	-0.0	up	1880	155	13	1112
GO:0031323	regulation of cellular metabolic process	2/155	13/1880	1.8660049627791564	0.2915679650574006	1.0	C600_DK885_RS07345;C600_DK885_RS14140	2	down	Biological Process	0.012903225806451613	0.006914893617021276	0.5352601942191811	-0.0	down	1880	155	13	1112
GO:0044010	single-species biofilm formation	2/155	13/1880	1.8660049627791564	0.2915679650574006	1.0	C600_DK885_RS02865;C600_DK885_RS17840	2	down	Biological Process	0.012903225806451613	0.006914893617021276	0.5352601942191811	-0.0	down	1880	155	13	1112
GO:0051171	regulation of nitrogen compound metabolic process	2/155	13/1880	1.8660049627791564	0.2915679650574006	1.0	C600_DK885_RS07345;C600_DK885_RS14140	2	down	Biological Process	0.012903225806451613	0.006914893617021276	0.5352601942191811	-0.0	down	1880	155	13	1112
GO:0080090	regulation of primary metabolic process	2/155	13/1880	1.8660049627791564	0.2915679650574006	1.0	C600_DK885_RS07345;C600_DK885_RS14140	2	down	Biological Process	0.012903225806451613	0.006914893617021276	0.5352601942191811	-0.0	down	1880	155	13	1112
GO:1901576	organic substance biosynthetic process	2/155	13/1880	1.8660049627791564	0.2915679650574006	1.0	C600_DK885_RS00620;C600_DK885_RS14975	2	down	Biological Process	0.012903225806451613	0.006914893617021276	0.5352601942191811	-0.0	down	1880	155	13	1112
GO:0050789	regulation of biological process	3/155	23/1880	1.582047685834502	0.29354143283134765	1.0	C600_DK885_RS07345;C600_DK885_RS14140;C600_DK885_RS15680	3	down	Biological Process	0.01935483870967742	0.01223404255319149	0.5323305902253933	-0.0	down	1880	155	23	1112
GO:0005975	carbohydrate metabolic process	7/155	67/1880	1.267212325469427	0.3126421984290038	1.0	C600_DK885_RS00620;C600_DK885_RS02845;C600_DK885_RS02855;C600_DK885_RS12020;C600_DK885_RS14975;C600_DK885_RS16630;C600_DK885_RS20715	7	up&down	Biological Process	0.04516129032258064	0.03563829787234043	0.5049524040903244	-0.0	up&down	1880	155	67	1112
GO:0009432	SOS response	2/155	14/1880	1.7327188940092164	0.3231524457883738	1.0	C600_DK885_RS15120;C600_DK885_RS18970	2	up	Biological Process	0.012903225806451613	0.007446808510638298	0.49059255275886987	-0.0	up	1880	155	14	1112
GO:0044249	cellular biosynthetic process	2/155	14/1880	1.7327188940092164	0.3231524457883738	1.0	C600_DK885_RS00620;C600_DK885_RS14975	2	down	Biological Process	0.012903225806451613	0.007446808510638298	0.49059255275886987	-0.0	down	1880	155	14	1112
GO:0051716	cellular response to stimulus	4/155	35/1880	1.3861751152073734	0.3254590720208408	1.0	C600_DK885_RS00825;C600_DK885_RS02865;C600_DK885_RS16500;C600_DK885_RS18025	4	up&down	Biological Process	0.025806451612903226	0.018617021276595744	0.48750361819590815	-0.0	up&down	1880	155	35	1112
GO:0006261	DNA-templated DNA replication	1/155	5/1880	2.425806451612903	0.34994765121342	1.0	C600_DK885_RS18970	1	up	Biological Process	0.0064516129032258064	0.0026595744680851063	0.4559969170483347	-0.0	up	1880	155	5	1112
GO:0006796	phosphate-containing compound metabolic process	1/155	5/1880	2.425806451612903	0.34994765121342	1.0	C600_DK885_RS21195	1	down	Biological Process	0.0064516129032258064	0.0026595744680851063	0.4559969170483347	-0.0	down	1880	155	5	1112
GO:0009307	DNA restriction-modification system	1/155	5/1880	2.425806451612903	0.34994765121342	1.0	C600_DK885_RS20480	1	down	Biological Process	0.0064516129032258064	0.0026595744680851063	0.4559969170483347	-0.0	down	1880	155	5	1112
GO:0010033	response to organic substance	1/155	5/1880	2.425806451612903	0.34994765121342	1.0	C600_DK885_RS00770	1	up	Biological Process	0.0064516129032258064	0.0026595744680851063	0.4559969170483347	-0.0	up	1880	155	5	1112
GO:0010629	negative regulation of gene expression	1/155	5/1880	2.425806451612903	0.34994765121342	1.0	C600_DK885_RS07345	1	down	Biological Process	0.0064516129032258064	0.0026595744680851063	0.4559969170483347	-0.0	down	1880	155	5	1112
GO:0031324	negative regulation of cellular metabolic process	1/155	5/1880	2.425806451612903	0.34994765121342	1.0	C600_DK885_RS07345	1	down	Biological Process	0.0064516129032258064	0.0026595744680851063	0.4559969170483347	-0.0	down	1880	155	5	1112
GO:0040012	regulation of locomotion	1/155	5/1880	2.425806451612903	0.34994765121342	1.0	C600_DK885_RS15680	1	down	Biological Process	0.0064516129032258064	0.0026595744680851063	0.4559969170483347	-0.0	down	1880	155	5	1112
GO:0045934	negative regulation of nucleobase-containing compound metabolic process	1/155	5/1880	2.425806451612903	0.34994765121342	1.0	C600_DK885_RS07345	1	down	Biological Process	0.0064516129032258064	0.0026595744680851063	0.4559969170483347	-0.0	down	1880	155	5	1112
GO:0051172	negative regulation of nitrogen compound metabolic process	1/155	5/1880	2.425806451612903	0.34994765121342	1.0	C600_DK885_RS07345	1	down	Biological Process	0.0064516129032258064	0.0026595744680851063	0.4559969170483347	-0.0	down	1880	155	5	1112
GO:0051253	negative regulation of RNA metabolic process	1/155	5/1880	2.425806451612903	0.34994765121342	1.0	C600_DK885_RS07345	1	down	Biological Process	0.0064516129032258064	0.0026595744680851063	0.4559969170483347	-0.0	down	1880	155	5	1112
GO:1900190	regulation of single-species biofilm formation	1/155	5/1880	2.425806451612903	0.34994765121342	1.0	C600_DK885_RS15680	1	down	Biological Process	0.0064516129032258064	0.0026595744680851063	0.4559969170483347	-0.0	down	1880	155	5	1112
GO:2000145	regulation of cell motility	1/155	5/1880	2.425806451612903	0.34994765121342	1.0	C600_DK885_RS15680	1	down	Biological Process	0.0064516129032258064	0.0026595744680851063	0.4559969170483347	-0.0	down	1880	155	5	1112
GO:0006974	DNA damage response	3/155	26/1880	1.3995037220843674	0.3637937078400561	1.0	C600_DK885_RS00825;C600_DK885_RS02865;C600_DK885_RS18025	3	up&down	Biological Process	0.01935483870967742	0.013829787234042552	0.4391448167458026	-0.0	up&down	1880	155	26	1112
GO:0071704	organic substance metabolic process	4/155	37/1880	1.3112467306015694	0.3643685358053278	1.0	C600_DK885_RS00620;C600_DK885_RS07345;C600_DK885_RS14140;C600_DK885_RS14975	4	down	Biological Process	0.025806451612903226	0.019680851063829788	0.4384591325664912	-0.0	down	1880	155	37	1112
GO:0019222	regulation of metabolic process	2/155	16/1880	1.5161290322580645	0.3850884505487064	1.0	C600_DK885_RS07345;C600_DK885_RS14140	2	down	Biological Process	0.012903225806451613	0.00851063829787234	0.4144395064050076	-0.0	down	1880	155	16	1112
GO:0060255	regulation of macromolecule metabolic process	2/155	16/1880	1.5161290322580645	0.3850884505487064	1.0	C600_DK885_RS07345;C600_DK885_RS14140	2	down	Biological Process	0.012903225806451613	0.00851063829787234	0.4144395064050076	-0.0	down	1880	155	16	1112
GO:0006260	DNA replication	3/155	27/1880	1.3476702508960574	0.3870620920965057	1.0	C600_DK885_RS00215;C600_DK885_RS21140;C600_DK885_RS22135	3	up&down	Biological Process	0.01935483870967742	0.014361702127659574	0.4122193603252298	-0.0	up&down	1880	155	27	1112
GO:0009058	biosynthetic process	3/155	27/1880	1.3476702508960574	0.3870620920965057	1.0	C600_DK885_RS00620;C600_DK885_RS04730;C600_DK885_RS14975	3	up&down	Biological Process	0.01935483870967742	0.014361702127659574	0.4122193603252298	-0.0	up&down	1880	155	27	1112
GO:0006082	organic acid metabolic process	1/155	6/1880	2.021505376344086	0.4036853120477063	1.0	C600_DK885_RS03435	1	down	Biological Process	0.0064516129032258064	0.0031914893617021275	0.39395705195871505	-0.0	down	1880	155	6	1112
GO:0006221	pyrimidine nucleotide biosynthetic process	1/155	6/1880	2.021505376344086	0.4036853120477063	1.0	C600_DK885_RS19290	1	down	Biological Process	0.0064516129032258064	0.0031914893617021275	0.39395705195871505	-0.0	down	1880	155	6	1112
GO:0007154	cell communication	1/155	6/1880	2.021505376344086	0.4036853120477063	1.0	C600_DK885_RS16500	1	down	Biological Process	0.0064516129032258064	0.0031914893617021275	0.39395705195871505	-0.0	down	1880	155	6	1112
GO:0009892	negative regulation of metabolic process	1/155	6/1880	2.021505376344086	0.4036853120477063	1.0	C600_DK885_RS07345	1	down	Biological Process	0.0064516129032258064	0.0031914893617021275	0.39395705195871505	-0.0	down	1880	155	6	1112
GO:0010605	negative regulation of macromolecule metabolic process	1/155	6/1880	2.021505376344086	0.4036853120477063	1.0	C600_DK885_RS07345	1	down	Biological Process	0.0064516129032258064	0.0031914893617021275	0.39395705195871505	-0.0	down	1880	155	6	1112
GO:0019752	carboxylic acid metabolic process	1/155	6/1880	2.021505376344086	0.4036853120477063	1.0	C600_DK885_RS22380	1	up	Biological Process	0.0064516129032258064	0.0031914893617021275	0.39395705195871505	-0.0	up	1880	155	6	1112
GO:0031668	cellular response to extracellular stimulus	1/155	6/1880	2.021505376344086	0.4036853120477063	1.0	C600_DK885_RS16500	1	down	Biological Process	0.0064516129032258064	0.0031914893617021275	0.39395705195871505	-0.0	down	1880	155	6	1112
GO:0032879	regulation of localization	1/155	6/1880	2.021505376344086	0.4036853120477063	1.0	C600_DK885_RS15680	1	down	Biological Process	0.0064516129032258064	0.0031914893617021275	0.39395705195871505	-0.0	down	1880	155	6	1112
GO:0034220	monoatomic ion transmembrane transport	1/155	6/1880	2.021505376344086	0.4036853120477063	1.0	C600_DK885_RS15275	1	down	Biological Process	0.0064516129032258064	0.0031914893617021275	0.39395705195871505	-0.0	down	1880	155	6	1112
GO:0071496	cellular response to external stimulus	1/155	6/1880	2.021505376344086	0.4036853120477063	1.0	C600_DK885_RS16500	1	down	Biological Process	0.0064516129032258064	0.0031914893617021275	0.39395705195871505	-0.0	down	1880	155	6	1112
GO:0016310	phosphorylation	8/155	87/1880	1.1153133110863924	0.4283798037024295	1.0	C600_DK885_RS03435;C600_DK885_RS12020;C600_DK885_RS13720;C600_DK885_RS13780;C600_DK885_RS13785;C600_DK885_RS19290;C600_DK885_RS19525;C600_DK885_RS22375	8	up&down	Biological Process	0.05161290322580645	0.04627659574468085	0.3681710125071932	-0.0	up&down	1880	155	87	1112
GO:0010468	regulation of gene expression	2/155	18/1880	1.3476702508960574	0.4444828277182607	1.0	C600_DK885_RS07345;C600_DK885_RS14140	2	down	Biological Process	0.012903225806451613	0.009574468085106383	0.3521450130318174	-0.0	down	1880	155	18	1112
GO:0006351	DNA-templated transcription	1/155	7/1880	1.7327188940092164	0.4530069644663038	1.0	C600_DK885_RS22535	1	down	Biological Process	0.0064516129032258064	0.003723404255319149	0.34389512115265397	-0.0	down	1880	155	7	1112
GO:0009435	NAD biosynthetic process	1/155	7/1880	1.7327188940092164	0.4530069644663038	1.0	C600_DK885_RS10755	1	down	Biological Process	0.0064516129032258064	0.003723404255319149	0.34389512115265397	-0.0	down	1880	155	7	1112
GO:0009437	carnitine metabolic process	1/155	7/1880	1.7327188940092164	0.4530069644663038	1.0	C600_DK885_RS20005	1	down	Biological Process	0.0064516129032258064	0.003723404255319149	0.34389512115265397	-0.0	down	1880	155	7	1112
GO:0009991	response to extracellular stimulus	1/155	7/1880	1.7327188940092164	0.4530069644663038	1.0	C600_DK885_RS16500	1	down	Biological Process	0.0064516129032258064	0.003723404255319149	0.34389512115265397	-0.0	down	1880	155	7	1112
GO:0016114	terpenoid biosynthetic process	1/155	7/1880	1.7327188940092164	0.4530069644663038	1.0	C600_DK885_RS13720	1	down	Biological Process	0.0064516129032258064	0.003723404255319149	0.34389512115265397	-0.0	down	1880	155	7	1112
GO:0045226	extracellular polysaccharide biosynthetic process	1/155	7/1880	1.7327188940092164	0.4530069644663038	1.0	C600_DK885_RS14975	1	down	Biological Process	0.0064516129032258064	0.003723404255319149	0.34389512115265397	-0.0	down	1880	155	7	1112
GO:0051607	defense response to virus	1/155	7/1880	1.7327188940092164	0.4530069644663038	1.0	C600_DK885_RS05325	1	up	Biological Process	0.0064516129032258064	0.003723404255319149	0.34389512115265397	-0.0	up	1880	155	7	1112
GO:0008152	metabolic process	4/155	43/1880	1.1282820705176295	0.4793029279381931	1.0	C600_DK885_RS00620;C600_DK885_RS07345;C600_DK885_RS14140;C600_DK885_RS14975	4	down	Biological Process	0.025806451612903226	0.022872340425531913	0.3193899180069254	-0.0	down	1880	155	43	1112
GO:0009117	nucleotide metabolic process	1/155	8/1880	1.5161290322580645	0.4982733395366815	1.0	C600_DK885_RS20230	1	down	Biological Process	0.0064516129032258064	0.00425531914893617	0.3025323494371236	-0.0	down	1880	155	8	1112
GO:0044237	cellular metabolic process	3/155	32/1880	1.1370967741935485	0.4992156536905675	1.0	C600_DK885_RS00620;C600_DK885_RS07345;C600_DK885_RS14975	3	down	Biological Process	0.01935483870967742	0.01702127659574468	0.30171180512681856	-0.0	down	1880	155	32	1112
GO:0065007	biological regulation	3/155	32/1880	1.1370967741935485	0.4992156536905675	1.0	C600_DK885_RS07345;C600_DK885_RS14140;C600_DK885_RS15680	3	down	Biological Process	0.01935483870967742	0.01702127659574468	0.30171180512681856	-0.0	down	1880	155	32	1112
GO:0006099	tricarboxylic acid cycle	2/155	21/1880	1.1551459293394777	0.527261324368165	1.0	C600_DK885_RS11455;C600_DK885_RS22375	2	up	Biological Process	0.012903225806451613	0.011170212765957447	0.277974083835437	-0.0	up	1880	155	21	1112
GO:0006094	gluconeogenesis	1/155	9/1880	1.3476702508960574	0.5398158781967889	1.0	C600_DK885_RS03450	1	down	Biological Process	0.0064516129032258064	0.0047872340425531915	0.2677543452114586	-0.0	down	1880	155	9	1112
GO:0009234	menaquinone biosynthetic process	1/155	9/1880	1.3476702508960574	0.5398158781967889	1.0	C600_DK885_RS07890	1	down	Biological Process	0.0064516129032258064	0.0047872340425531915	0.2677543452114586	-0.0	down	1880	155	9	1112
GO:0042128	nitrate assimilation	1/155	9/1880	1.3476702508960574	0.5398158781967889	1.0	C600_DK885_RS02085	1	up	Biological Process	0.0064516129032258064	0.0047872340425531915	0.2677543452114586	-0.0	up	1880	155	9	1112
GO:0006259	DNA metabolic process	1/155	11/1880	1.1026392961876834	0.6129227530202938	1.0	C600_DK885_RS07345	1	down	Biological Process	0.0064516129032258064	0.005851063829787234	0.21259425639671295	-0.0	down	1880	155	11	1112
GO:0006777	Mo-molybdopterin cofactor biosynthetic process	1/155	11/1880	1.1026392961876834	0.6129227530202938	1.0	C600_DK885_RS20140	1	down	Biological Process	0.0064516129032258064	0.005851063829787234	0.21259425639671295	-0.0	down	1880	155	11	1112
GO:0009246	enterobacterial common antigen biosynthetic process	1/155	11/1880	1.1026392961876834	0.6129227530202938	1.0	C600_DK885_RS01005	1	up	Biological Process	0.0064516129032258064	0.005851063829787234	0.21259425639671295	-0.0	up	1880	155	11	1112
GO:0019538	protein metabolic process	1/155	11/1880	1.1026392961876834	0.6129227530202938	1.0	C600_DK885_RS14140	1	down	Biological Process	0.0064516129032258064	0.005851063829787234	0.21259425639671295	-0.0	down	1880	155	11	1112
GO:0022904	respiratory electron transport chain	1/155	11/1880	1.1026392961876834	0.6129227530202938	1.0	C600_DK885_RS05525	1	down	Biological Process	0.0064516129032258064	0.005851063829787234	0.21259425639671295	-0.0	down	1880	155	11	1112
GO:1901135	carbohydrate derivative metabolic process	1/155	11/1880	1.1026392961876834	0.6129227530202938	1.0	C600_DK885_RS00620	1	down	Biological Process	0.0064516129032258064	0.005851063829787234	0.21259425639671295	-0.0	down	1880	155	11	1112
GO:2001141	regulation of RNA biosynthetic process	1/155	11/1880	1.1026392961876834	0.6129227530202938	1.0	C600_DK885_RS07345	1	down	Biological Process	0.0064516129032258064	0.005851063829787234	0.21259425639671295	-0.0	down	1880	155	11	1112
GO:0006865	amino acid transport	2/155	25/1880	0.9703225806451613	0.6240626937315589	1.0	C600_DK885_RS01605;C600_DK885_RS12120	2	up	Biological Process	0.012903225806451613	0.013297872340425532	0.2047717786285181	-0.0	up	1880	155	25	1112
GO:0006520	amino acid metabolic process	1/155	12/1880	1.010752688172043	0.6450238623198032	1.0	C600_DK885_RS04260	1	up	Biological Process	0.0064516129032258064	0.006382978723404255	0.19042421857074518	-0.0	up	1880	155	12	1112
GO:0019219	regulation of nucleobase-containing compound metabolic process	1/155	12/1880	1.010752688172043	0.6450238623198032	1.0	C600_DK885_RS07345	1	down	Biological Process	0.0064516129032258064	0.006382978723404255	0.19042421857074518	-0.0	down	1880	155	12	1112
GO:0043093	FtsZ-dependent cytokinesis	1/155	12/1880	1.010752688172043	0.6450238623198032	1.0	C600_DK885_RS15185	1	up	Biological Process	0.0064516129032258064	0.006382978723404255	0.19042421857074518	-0.0	up	1880	155	12	1112
GO:0051252	regulation of RNA metabolic process	1/155	12/1880	1.010752688172043	0.6450238623198032	1.0	C600_DK885_RS07345	1	down	Biological Process	0.0064516129032258064	0.006382978723404255	0.19042421857074518	-0.0	down	1880	155	12	1112
GO:1901700	response to oxygen-containing compound	1/155	12/1880	1.010752688172043	0.6450238623198032	1.0	C600_DK885_RS00770	1	up	Biological Process	0.0064516129032258064	0.006382978723404255	0.19042421857074518	-0.0	up	1880	155	12	1112
GO:0042221	response to chemical	2/155	27/1880	0.8984468339307049	0.6664469505921772	1.0	C600_DK885_RS00770;C600_DK885_RS00825	2	up	Biological Process	0.012903225806451613	0.014361702127659574	0.17623441486530597	-0.0	up	1880	155	27	1112
GO:0006744	ubiquinone biosynthetic process	1/155	13/1880	0.9330024813895782	0.6744785204243963	1.0	C600_DK885_RS22235	1	up	Biological Process	0.0064516129032258064	0.006914893617021276	0.17103187639933382	-0.0	up	1880	155	13	1112
GO:0009605	response to external stimulus	1/155	13/1880	0.9330024813895782	0.6744785204243963	1.0	C600_DK885_RS16500	1	down	Biological Process	0.0064516129032258064	0.006914893617021276	0.17103187639933382	-0.0	down	1880	155	13	1112
GO:0090304	nucleic acid metabolic process	1/155	13/1880	0.9330024813895782	0.6744785204243963	1.0	C600_DK885_RS07345	1	down	Biological Process	0.0064516129032258064	0.006914893617021276	0.17103187639933382	-0.0	down	1880	155	13	1112
GO:0032259	methylation	2/155	30/1880	0.8086021505376345	0.7227430727394205	1.0	C600_DK885_RS18620;C600_DK885_RS23350	2	down	Biological Process	0.012903225806451613	0.015957446808510637	0.1410160622106936	-0.0	down	1880	155	30	1112
GO:0046483	heterocycle metabolic process	1/155	16/1880	0.7580645161290323	0.7490456444954301	1.0	C600_DK885_RS07345	1	down	Biological Process	0.0064516129032258064	0.00851063829787234	0.12549171694872863	-0.0	down	1880	155	16	1112
GO:1901360	organic cyclic compound metabolic process	1/155	16/1880	0.7580645161290323	0.7490456444954301	1.0	C600_DK885_RS07345	1	down	Biological Process	0.0064516129032258064	0.00851063829787234	0.12549171694872863	-0.0	down	1880	155	16	1112
GO:0006725	cellular aromatic compound metabolic process	1/155	17/1880	0.713472485768501	0.7699136300655441	1.0	C600_DK885_RS07345	1	down	Biological Process	0.0064516129032258064	0.009042553191489361	0.11355799182728163	-0.0	down	1880	155	17	1112
GO:0034641	cellular nitrogen compound metabolic process	1/155	17/1880	0.713472485768501	0.7699136300655441	1.0	C600_DK885_RS07345	1	down	Biological Process	0.0064516129032258064	0.009042553191489361	0.11355799182728163	-0.0	down	1880	155	17	1112
GO:1901564	organonitrogen compound metabolic process	1/155	17/1880	0.713472485768501	0.7699136300655441	1.0	C600_DK885_RS14140	1	down	Biological Process	0.0064516129032258064	0.009042553191489361	0.11355799182728163	-0.0	down	1880	155	17	1112
GO:0006807	nitrogen compound metabolic process	2/155	33/1880	0.7350928641251221	0.7708603554210449	1.0	C600_DK885_RS07345;C600_DK885_RS14140	2	down	Biological Process	0.012903225806451613	0.017553191489361703	0.11302428908646632	-0.0	down	1880	155	33	1112
GO:0006139	nucleobase-containing compound metabolic process	1/155	19/1880	0.6383701188455008	0.8066163521355474	1.0	C600_DK885_RS07345	1	down	Biological Process	0.0064516129032258064	0.010106382978723405	0.09333297800128508	-0.0	down	1880	155	19	1112
GO:0045892	negative regulation of DNA-templated transcription	1/155	19/1880	0.6383701188455008	0.8066163521355474	1.0	C600_DK885_RS07345	1	down	Biological Process	0.0064516129032258064	0.010106382978723405	0.09333297800128508	-0.0	down	1880	155	19	1112
GO:0071555	cell wall organization	2/155	37/1880	0.6556233653007847	0.8236601768394549	1.0	C600_DK885_RS19275;C600_DK885_RS20660	2	down	Biological Process	0.012903225806451613	0.019680851063829788	0.08425193122035564	-0.0	down	1880	155	37	1112
GO:0006979	response to oxidative stress	1/155	22/1880	0.5513196480938417	0.8510453581205736	1.0	C600_DK885_RS10550	1	up	Biological Process	0.0064516129032258064	0.011702127659574468	0.07004729272795876	-0.0	up	1880	155	22	1112
GO:0055085	transmembrane transport	3/155	58/1880	0.6273637374860958	0.8709852590613065	1.0	C600_DK885_RS03980;C600_DK885_RS08350;C600_DK885_RS08355	3	up	Biological Process	0.01935483870967742	0.030851063829787233	0.059989195121506377	-0.0	up	1880	155	58	1112
GO:0008360	regulation of cell shape	1/155	33/1880	0.36754643206256105	0.9430180055424998	1.0	C600_DK885_RS19275	1	down	Biological Process	0.0064516129032258064	0.017553191489361703	0.025480014968824377	-0.0	down	1880	155	33	1112
GO:0006412	translation	2/155	55/1880	0.4410557184750733	0.9500298463149038	1.0	C600_DK885_RS03705;C600_DK885_RS06065	2	down	Biological Process	0.012903225806451613	0.02925531914893617	0.02226275062035641	-0.0	down	1880	155	55	1112
GO:0006355	regulation of DNA-templated transcription	5/155	107/1880	0.5667772083207718	0.9509017076939404	1.0	C600_DK885_RS01305;C600_DK885_RS04765;C600_DK885_RS07345;C600_DK885_RS09480;C600_DK885_RS11750	5	up&down	Biological Process	0.03225806451612903	0.056914893617021275	0.021864372665450955	-0.0	up&down	1880	155	107	1112
GO:0009252	peptidoglycan biosynthetic process	1/155	35/1880	0.34654377880184334	0.9521829234822063	1.0	C600_DK885_RS19275	1	down	Biological Process	0.0064516129032258064	0.018617021276595744	0.02127961146048862	-0.0	down	1880	155	35	1112
GO:0000027	ribosomal large subunit assembly	0/155	5/1880	0.0	1.0	1.0		0		Biological Process	0.0	0.0026595744680851063	-0.0	-0.0		1880	155	5	1112
GO:0000041	transition metal ion transport	0/155	2/1880	0.0	1.0	1.0		0		Biological Process	0.0	0.0010638297872340426	-0.0	-0.0		1880	155	2	1112
GO:0000096	sulfur amino acid metabolic process	0/155	1/1880	0.0	1.0	1.0		0		Biological Process	0.0	0.0005319148936170213	-0.0	-0.0		1880	155	1	1112
GO:0000098	sulfur amino acid catabolic process	0/155	1/1880	0.0	1.0	1.0		0		Biological Process	0.0	0.0005319148936170213	-0.0	-0.0		1880	155	1	1112
GO:0000103	sulfate assimilation	0/155	5/1880	0.0	1.0	1.0		0		Biological Process	0.0	0.0026595744680851063	-0.0	-0.0		1880	155	5	1112
GO:0000105	histidine biosynthetic process	0/155	9/1880	0.0	1.0	1.0		0		Biological Process	0.0	0.0047872340425531915	-0.0	-0.0		1880	155	9	1112
GO:0000160	phosphorelay signal transduction system	0/155	29/1880	0.0	1.0	1.0		0		Biological Process	0.0	0.015425531914893617	-0.0	-0.0		1880	155	29	1112
GO:0000162	tryptophan biosynthetic process	0/155	3/1880	0.0	1.0	1.0		0		Biological Process	0.0	0.0015957446808510637	-0.0	-0.0		1880	155	3	1112
GO:0000256	allantoin catabolic process	0/155	2/1880	0.0	1.0	1.0		0		Biological Process	0.0	0.0010638297872340426	-0.0	-0.0		1880	155	2	1112
GO:0000270	peptidoglycan metabolic process	0/155	7/1880	0.0	1.0	1.0		0		Biological Process	0.0	0.003723404255319149	-0.0	-0.0		1880	155	7	1112
GO:0000272	polysaccharide catabolic process	0/155	2/1880	0.0	1.0	1.0		0		Biological Process	0.0	0.0010638297872340426	-0.0	-0.0		1880	155	2	1112
GO:0000302	response to reactive oxygen species	0/155	7/1880	0.0	1.0	1.0		0		Biological Process	0.0	0.003723404255319149	-0.0	-0.0		1880	155	7	1112
GO:0000413	protein peptidyl-prolyl isomerization	0/155	2/1880	0.0	1.0	1.0		0		Biological Process	0.0	0.0010638297872340426	-0.0	-0.0		1880	155	2	1112
GO:0000455	enzyme-directed rRNA pseudouridine synthesis	0/155	5/1880	0.0	1.0	1.0		0		Biological Process	0.0	0.0026595744680851063	-0.0	-0.0		1880	155	5	1112
GO:0000724	double-strand break repair via homologous recombination	0/155	3/1880	0.0	1.0	1.0		0		Biological Process	0.0	0.0015957446808510637	-0.0	-0.0		1880	155	3	1112
GO:0000725	recombinational repair	0/155	1/1880	0.0	1.0	1.0		0		Biological Process	0.0	0.0005319148936170213	-0.0	-0.0		1880	155	1	1112
GO:0000820	regulation of glutamine family amino acid metabolic process	0/155	1/1880	0.0	1.0	1.0		0		Biological Process	0.0	0.0005319148936170213	-0.0	-0.0		1880	155	1	1112
GO:0000902	cell morphogenesis	0/155	3/1880	0.0	1.0	1.0		0		Biological Process	0.0	0.0015957446808510637	-0.0	-0.0		1880	155	3	1112
GO:0000920	septum digestion after cytokinesis	0/155	1/1880	0.0	1.0	1.0		0		Biological Process	0.0	0.0005319148936170213	-0.0	-0.0		1880	155	1	1112
GO:0000967	rRNA 5'-end processing	0/155	1/1880	0.0	1.0	1.0		0		Biological Process	0.0	0.0005319148936170213	-0.0	-0.0		1880	155	1	1112
GO:0001407	glycerophosphodiester transmembrane transport	0/155	1/1880	0.0	1.0	1.0		0		Biological Process	0.0	0.0005319148936170213	-0.0	-0.0		1880	155	1	1112
GO:0001514	selenocysteine incorporation	0/155	2/1880	0.0	1.0	1.0		0		Biological Process	0.0	0.0010638297872340426	-0.0	-0.0		1880	155	2	1112
GO:0001522	pseudouridine synthesis	0/155	3/1880	0.0	1.0	1.0		0		Biological Process	0.0	0.0015957446808510637	-0.0	-0.0		1880	155	3	1112
GO:0001539	cilium or flagellum-dependent cell motility	0/155	6/1880	0.0	1.0	1.0		0		Biological Process	0.0	0.0031914893617021275	-0.0	-0.0		1880	155	6	1112
GO:0001680	tRNA 3'-terminal CCA addition	0/155	1/1880	0.0	1.0	1.0		0		Biological Process	0.0	0.0005319148936170213	-0.0	-0.0		1880	155	1	1112
GO:0001896	autolysis	0/155	1/1880	0.0	1.0	1.0		0		Biological Process	0.0	0.0005319148936170213	-0.0	-0.0		1880	155	1	1112
GO:0002097	tRNA wobble base modification	0/155	1/1880	0.0	1.0	1.0		0		Biological Process	0.0	0.0005319148936170213	-0.0	-0.0		1880	155	1	1112
GO:0002098	tRNA wobble uridine modification	0/155	4/1880	0.0	1.0	1.0		0		Biological Process	0.0	0.002127659574468085	-0.0	-0.0		1880	155	4	1112
GO:0002100	tRNA wobble adenosine to inosine editing	0/155	1/1880	0.0	1.0	1.0		0		Biological Process	0.0	0.0005319148936170213	-0.0	-0.0		1880	155	1	1112
GO:0002101	tRNA wobble cytosine modification	0/155	1/1880	0.0	1.0	1.0		0		Biological Process	0.0	0.0005319148936170213	-0.0	-0.0		1880	155	1	1112
GO:0002143	tRNA wobble position uridine thiolation	0/155	2/1880	0.0	1.0	1.0		0		Biological Process	0.0	0.0010638297872340426	-0.0	-0.0		1880	155	2	1112
GO:0002252	immune effector process	0/155	4/1880	0.0	1.0	1.0		0		Biological Process	0.0	0.002127659574468085	-0.0	-0.0		1880	155	4	1112
GO:0002376	immune system process	0/155	4/1880	0.0	1.0	1.0		0		Biological Process	0.0	0.002127659574468085	-0.0	-0.0		1880	155	4	1112
GO:0002682	regulation of immune system process	0/155	1/1880	0.0	1.0	1.0		0		Biological Process	0.0	0.0005319148936170213	-0.0	-0.0		1880	155	1	1112
GO:0002683	negative regulation of immune system process	0/155	1/1880	0.0	1.0	1.0		0		Biological Process	0.0	0.0005319148936170213	-0.0	-0.0		1880	155	1	1112
GO:0002938	tRNA guanine ribose methylation	0/155	1/1880	0.0	1.0	1.0		0		Biological Process	0.0	0.0005319148936170213	-0.0	-0.0		1880	155	1	1112
GO:0002949	tRNA threonylcarbamoyladenosine modification	0/155	4/1880	0.0	1.0	1.0		0		Biological Process	0.0	0.002127659574468085	-0.0	-0.0		1880	155	4	1112
GO:0003333	amino acid transmembrane transport	0/155	3/1880	0.0	1.0	1.0		0		Biological Process	0.0	0.0015957446808510637	-0.0	-0.0		1880	155	3	1112
GO:0005978	glycogen biosynthetic process	0/155	3/1880	0.0	1.0	1.0		0		Biological Process	0.0	0.0015957446808510637	-0.0	-0.0		1880	155	3	1112
GO:0005980	glycogen catabolic process	0/155	1/1880	0.0	1.0	1.0		0		Biological Process	0.0	0.0005319148936170213	-0.0	-0.0		1880	155	1	1112
GO:0005991	trehalose metabolic process	0/155	2/1880	0.0	1.0	1.0		0		Biological Process	0.0	0.0010638297872340426	-0.0	-0.0		1880	155	2	1112
GO:0005992	trehalose biosynthetic process	0/155	2/1880	0.0	1.0	1.0		0		Biological Process	0.0	0.0010638297872340426	-0.0	-0.0		1880	155	2	1112
GO:0005993	trehalose catabolic process	0/155	3/1880	0.0	1.0	1.0		0		Biological Process	0.0	0.0015957446808510637	-0.0	-0.0		1880	155	3	1112
GO:0005996	monosaccharide metabolic process	0/155	2/1880	0.0	1.0	1.0		0		Biological Process	0.0	0.0010638297872340426	-0.0	-0.0		1880	155	2	1112
GO:0005998	xylulose catabolic process	0/155	1/1880	0.0	1.0	1.0		0		Biological Process	0.0	0.0005319148936170213	-0.0	-0.0		1880	155	1	1112
GO:0006000	fructose metabolic process	0/155	2/1880	0.0	1.0	1.0		0		Biological Process	0.0	0.0010638297872340426	-0.0	-0.0		1880	155	2	1112
GO:0006002	fructose 6-phosphate metabolic process	0/155	1/1880	0.0	1.0	1.0		0		Biological Process	0.0	0.0005319148936170213	-0.0	-0.0		1880	155	1	1112
GO:0006007	glucose catabolic process	0/155	1/1880	0.0	1.0	1.0		0		Biological Process	0.0	0.0005319148936170213	-0.0	-0.0		1880	155	1	1112
GO:0006011	UDP-glucose metabolic process	0/155	3/1880	0.0	1.0	1.0		0		Biological Process	0.0	0.0015957446808510637	-0.0	-0.0		1880	155	3	1112
GO:0006012	galactose metabolic process	0/155	3/1880	0.0	1.0	1.0		0		Biological Process	0.0	0.0015957446808510637	-0.0	-0.0		1880	155	3	1112
GO:0006013	mannose metabolic process	0/155	1/1880	0.0	1.0	1.0		0		Biological Process	0.0	0.0005319148936170213	-0.0	-0.0		1880	155	1	1112
GO:0006022	aminoglycan metabolic process	0/155	1/1880	0.0	1.0	1.0		0		Biological Process	0.0	0.0005319148936170213	-0.0	-0.0		1880	155	1	1112
GO:0006032	chitin catabolic process	0/155	1/1880	0.0	1.0	1.0		0		Biological Process	0.0	0.0005319148936170213	-0.0	-0.0		1880	155	1	1112
GO:0006040	amino sugar metabolic process	0/155	1/1880	0.0	1.0	1.0		0		Biological Process	0.0	0.0005319148936170213	-0.0	-0.0		1880	155	1	1112
GO:0006048	UDP-N-acetylglucosamine biosynthetic process	0/155	2/1880	0.0	1.0	1.0		0		Biological Process	0.0	0.0010638297872340426	-0.0	-0.0		1880	155	2	1112
GO:0006063	uronic acid metabolic process	0/155	1/1880	0.0	1.0	1.0		0		Biological Process	0.0	0.0005319148936170213	-0.0	-0.0		1880	155	1	1112
GO:0006066	alcohol metabolic process	0/155	1/1880	0.0	1.0	1.0		0		Biological Process	0.0	0.0005319148936170213	-0.0	-0.0		1880	155	1	1112
GO:0006069	ethanol oxidation	0/155	1/1880	0.0	1.0	1.0		0		Biological Process	0.0	0.0005319148936170213	-0.0	-0.0		1880	155	1	1112
GO:0006072	glycerol-3-phosphate metabolic process	0/155	4/1880	0.0	1.0	1.0		0		Biological Process	0.0	0.002127659574468085	-0.0	-0.0		1880	155	4	1112
GO:0006081	cellular aldehyde metabolic process	0/155	1/1880	0.0	1.0	1.0		0		Biological Process	0.0	0.0005319148936170213	-0.0	-0.0		1880	155	1	1112
GO:0006083	acetate metabolic process	0/155	1/1880	0.0	1.0	1.0		0		Biological Process	0.0	0.0005319148936170213	-0.0	-0.0		1880	155	1	1112
GO:0006084	acetyl-CoA metabolic process	0/155	3/1880	0.0	1.0	1.0		0		Biological Process	0.0	0.0015957446808510637	-0.0	-0.0		1880	155	3	1112
GO:0006089	lactate metabolic process	0/155	1/1880	0.0	1.0	1.0		0		Biological Process	0.0	0.0005319148936170213	-0.0	-0.0		1880	155	1	1112
GO:0006090	pyruvate metabolic process	0/155	2/1880	0.0	1.0	1.0		0		Biological Process	0.0	0.0010638297872340426	-0.0	-0.0		1880	155	2	1112
GO:0006096	glycolytic process	0/155	11/1880	0.0	1.0	1.0		0		Biological Process	0.0	0.005851063829787234	-0.0	-0.0		1880	155	11	1112
GO:0006098	pentose-phosphate shunt	0/155	6/1880	0.0	1.0	1.0		0		Biological Process	0.0	0.0031914893617021275	-0.0	-0.0		1880	155	6	1112
GO:0006101	citrate metabolic process	0/155	1/1880	0.0	1.0	1.0		0		Biological Process	0.0	0.0005319148936170213	-0.0	-0.0		1880	155	1	1112
GO:0006105	succinate metabolic process	0/155	1/1880	0.0	1.0	1.0		0		Biological Process	0.0	0.0005319148936170213	-0.0	-0.0		1880	155	1	1112
GO:0006107	oxaloacetate metabolic process	0/155	1/1880	0.0	1.0	1.0		0		Biological Process	0.0	0.0005319148936170213	-0.0	-0.0		1880	155	1	1112
GO:0006108	malate metabolic process	0/155	2/1880	0.0	1.0	1.0		0		Biological Process	0.0	0.0010638297872340426	-0.0	-0.0		1880	155	2	1112
GO:0006109	regulation of carbohydrate metabolic process	0/155	1/1880	0.0	1.0	1.0		0		Biological Process	0.0	0.0005319148936170213	-0.0	-0.0		1880	155	1	1112
GO:0006145	purine nucleobase catabolic process	0/155	1/1880	0.0	1.0	1.0		0		Biological Process	0.0	0.0005319148936170213	-0.0	-0.0		1880	155	1	1112
GO:0006163	purine nucleotide metabolic process	0/155	1/1880	0.0	1.0	1.0		0		Biological Process	0.0	0.0005319148936170213	-0.0	-0.0		1880	155	1	1112
GO:0006164	purine nucleotide biosynthetic process	0/155	3/1880	0.0	1.0	1.0		0		Biological Process	0.0	0.0015957446808510637	-0.0	-0.0		1880	155	3	1112
GO:0006166	purine ribonucleoside salvage	0/155	4/1880	0.0	1.0	1.0		0		Biological Process	0.0	0.002127659574468085	-0.0	-0.0		1880	155	4	1112
GO:0006168	adenine salvage	0/155	1/1880	0.0	1.0	1.0		0		Biological Process	0.0	0.0005319148936170213	-0.0	-0.0		1880	155	1	1112
GO:0006171	cAMP biosynthetic process	0/155	1/1880	0.0	1.0	1.0		0		Biological Process	0.0	0.0005319148936170213	-0.0	-0.0		1880	155	1	1112
GO:0006177	GMP biosynthetic process	0/155	1/1880	0.0	1.0	1.0		0		Biological Process	0.0	0.0005319148936170213	-0.0	-0.0		1880	155	1	1112
GO:0006183	GTP biosynthetic process	0/155	1/1880	0.0	1.0	1.0		0		Biological Process	0.0	0.0005319148936170213	-0.0	-0.0		1880	155	1	1112
GO:0006188	IMP biosynthetic process	0/155	1/1880	0.0	1.0	1.0		0		Biological Process	0.0	0.0005319148936170213	-0.0	-0.0		1880	155	1	1112
GO:0006189	'de novo' IMP biosynthetic process	0/155	11/1880	0.0	1.0	1.0		0		Biological Process	0.0	0.005851063829787234	-0.0	-0.0		1880	155	11	1112
GO:0006203	dGTP catabolic process	0/155	1/1880	0.0	1.0	1.0		0		Biological Process	0.0	0.0005319148936170213	-0.0	-0.0		1880	155	1	1112
GO:0006207	'de novo' pyrimidine nucleobase biosynthetic process	0/155	5/1880	0.0	1.0	1.0		0		Biological Process	0.0	0.0026595744680851063	-0.0	-0.0		1880	155	5	1112
GO:0006208	pyrimidine nucleobase catabolic process	0/155	1/1880	0.0	1.0	1.0		0		Biological Process	0.0	0.0005319148936170213	-0.0	-0.0		1880	155	1	1112
GO:0006210	thymine catabolic process	0/155	1/1880	0.0	1.0	1.0		0		Biological Process	0.0	0.0005319148936170213	-0.0	-0.0		1880	155	1	1112
GO:0006212	uracil catabolic process	0/155	1/1880	0.0	1.0	1.0		0		Biological Process	0.0	0.0005319148936170213	-0.0	-0.0		1880	155	1	1112
GO:0006220	pyrimidine nucleotide metabolic process	0/155	1/1880	0.0	1.0	1.0		0		Biological Process	0.0	0.0005319148936170213	-0.0	-0.0		1880	155	1	1112
GO:0006222	UMP biosynthetic process	0/155	1/1880	0.0	1.0	1.0		0		Biological Process	0.0	0.0005319148936170213	-0.0	-0.0		1880	155	1	1112
GO:0006223	uracil salvage	0/155	1/1880	0.0	1.0	1.0		0		Biological Process	0.0	0.0005319148936170213	-0.0	-0.0		1880	155	1	1112
GO:0006226	dUMP biosynthetic process	0/155	1/1880	0.0	1.0	1.0		0		Biological Process	0.0	0.0005319148936170213	-0.0	-0.0		1880	155	1	1112
GO:0006228	UTP biosynthetic process	0/155	1/1880	0.0	1.0	1.0		0		Biological Process	0.0	0.0005319148936170213	-0.0	-0.0		1880	155	1	1112
GO:0006229	dUTP biosynthetic process	0/155	1/1880	0.0	1.0	1.0		0		Biological Process	0.0	0.0005319148936170213	-0.0	-0.0		1880	155	1	1112
GO:0006231	dTMP biosynthetic process	0/155	1/1880	0.0	1.0	1.0		0		Biological Process	0.0	0.0005319148936170213	-0.0	-0.0		1880	155	1	1112
GO:0006233	dTDP biosynthetic process	0/155	1/1880	0.0	1.0	1.0		0		Biological Process	0.0	0.0005319148936170213	-0.0	-0.0		1880	155	1	1112
GO:0006235	dTTP biosynthetic process	0/155	1/1880	0.0	1.0	1.0		0		Biological Process	0.0	0.0005319148936170213	-0.0	-0.0		1880	155	1	1112
GO:0006241	CTP biosynthetic process	0/155	2/1880	0.0	1.0	1.0		0		Biological Process	0.0	0.0010638297872340426	-0.0	-0.0		1880	155	2	1112
GO:0006265	DNA topological change	0/155	7/1880	0.0	1.0	1.0		0		Biological Process	0.0	0.003723404255319149	-0.0	-0.0		1880	155	7	1112
GO:0006268	DNA unwinding involved in DNA replication	0/155	3/1880	0.0	1.0	1.0		0		Biological Process	0.0	0.0015957446808510637	-0.0	-0.0		1880	155	3	1112
GO:0006269	DNA replication, synthesis of RNA primer	0/155	4/1880	0.0	1.0	1.0		0		Biological Process	0.0	0.002127659574468085	-0.0	-0.0		1880	155	4	1112
GO:0006274	DNA replication termination	0/155	1/1880	0.0	1.0	1.0		0		Biological Process	0.0	0.0005319148936170213	-0.0	-0.0		1880	155	1	1112
GO:0006282	regulation of DNA repair	0/155	1/1880	0.0	1.0	1.0		0		Biological Process	0.0	0.0005319148936170213	-0.0	-0.0		1880	155	1	1112
GO:0006284	base-excision repair	0/155	7/1880	0.0	1.0	1.0		0		Biological Process	0.0	0.003723404255319149	-0.0	-0.0		1880	155	7	1112
GO:0006285	base-excision repair, AP site formation	0/155	1/1880	0.0	1.0	1.0		0		Biological Process	0.0	0.0005319148936170213	-0.0	-0.0		1880	155	1	1112
GO:0006289	nucleotide-excision repair	0/155	3/1880	0.0	1.0	1.0		0		Biological Process	0.0	0.0015957446808510637	-0.0	-0.0		1880	155	3	1112
GO:0006298	mismatch repair	0/155	4/1880	0.0	1.0	1.0		0		Biological Process	0.0	0.002127659574468085	-0.0	-0.0		1880	155	4	1112
GO:0006302	double-strand break repair	0/155	1/1880	0.0	1.0	1.0		0		Biological Process	0.0	0.0005319148936170213	-0.0	-0.0		1880	155	1	1112
GO:0006304	DNA modification	0/155	2/1880	0.0	1.0	1.0		0		Biological Process	0.0	0.0010638297872340426	-0.0	-0.0		1880	155	2	1112
GO:0006307	DNA dealkylation involved in DNA repair	0/155	1/1880	0.0	1.0	1.0		0		Biological Process	0.0	0.0005319148936170213	-0.0	-0.0		1880	155	1	1112
GO:0006308	DNA catabolic process	0/155	3/1880	0.0	1.0	1.0		0		Biological Process	0.0	0.0015957446808510637	-0.0	-0.0		1880	155	3	1112
GO:0006313	DNA transposition	0/155	7/1880	0.0	1.0	1.0		0		Biological Process	0.0	0.003723404255319149	-0.0	-0.0		1880	155	7	1112
GO:0006353	DNA-templated transcription termination	0/155	4/1880	0.0	1.0	1.0		0		Biological Process	0.0	0.002127659574468085	-0.0	-0.0		1880	155	4	1112
GO:0006354	DNA-templated transcription elongation	0/155	1/1880	0.0	1.0	1.0		0		Biological Process	0.0	0.0005319148936170213	-0.0	-0.0		1880	155	1	1112
GO:0006364	rRNA processing	0/155	7/1880	0.0	1.0	1.0		0		Biological Process	0.0	0.003723404255319149	-0.0	-0.0		1880	155	7	1112
GO:0006388	tRNA splicing, via endonucleolytic cleavage and ligation	0/155	1/1880	0.0	1.0	1.0		0		Biological Process	0.0	0.0005319148936170213	-0.0	-0.0		1880	155	1	1112
GO:0006396	RNA processing	0/155	7/1880	0.0	1.0	1.0		0		Biological Process	0.0	0.003723404255319149	-0.0	-0.0		1880	155	7	1112
GO:0006397	mRNA processing	0/155	1/1880	0.0	1.0	1.0		0		Biological Process	0.0	0.0005319148936170213	-0.0	-0.0		1880	155	1	1112
GO:0006399	tRNA metabolic process	0/155	1/1880	0.0	1.0	1.0		0		Biological Process	0.0	0.0005319148936170213	-0.0	-0.0		1880	155	1	1112
GO:0006400	tRNA modification	0/155	7/1880	0.0	1.0	1.0		0		Biological Process	0.0	0.003723404255319149	-0.0	-0.0		1880	155	7	1112
GO:0006401	RNA catabolic process	0/155	6/1880	0.0	1.0	1.0		0		Biological Process	0.0	0.0031914893617021275	-0.0	-0.0		1880	155	6	1112
GO:0006402	mRNA catabolic process	0/155	4/1880	0.0	1.0	1.0		0		Biological Process	0.0	0.002127659574468085	-0.0	-0.0		1880	155	4	1112
GO:0006415	translational termination	0/155	1/1880	0.0	1.0	1.0		0		Biological Process	0.0	0.0005319148936170213	-0.0	-0.0		1880	155	1	1112
GO:0006419	alanyl-tRNA aminoacylation	0/155	1/1880	0.0	1.0	1.0		0		Biological Process	0.0	0.0005319148936170213	-0.0	-0.0		1880	155	1	1112
GO:0006420	arginyl-tRNA aminoacylation	0/155	2/1880	0.0	1.0	1.0		0		Biological Process	0.0	0.0010638297872340426	-0.0	-0.0		1880	155	2	1112
GO:0006421	asparaginyl-tRNA aminoacylation	0/155	1/1880	0.0	1.0	1.0		0		Biological Process	0.0	0.0005319148936170213	-0.0	-0.0		1880	155	1	1112
GO:0006422	aspartyl-tRNA aminoacylation	0/155	1/1880	0.0	1.0	1.0		0		Biological Process	0.0	0.0005319148936170213	-0.0	-0.0		1880	155	1	1112
GO:0006423	cysteinyl-tRNA aminoacylation	0/155	1/1880	0.0	1.0	1.0		0		Biological Process	0.0	0.0005319148936170213	-0.0	-0.0		1880	155	1	1112
GO:0006424	glutamyl-tRNA aminoacylation	0/155	2/1880	0.0	1.0	1.0		0		Biological Process	0.0	0.0010638297872340426	-0.0	-0.0		1880	155	2	1112
GO:0006425	glutaminyl-tRNA aminoacylation	0/155	1/1880	0.0	1.0	1.0		0		Biological Process	0.0	0.0005319148936170213	-0.0	-0.0		1880	155	1	1112
GO:0006426	glycyl-tRNA aminoacylation	0/155	1/1880	0.0	1.0	1.0		0		Biological Process	0.0	0.0005319148936170213	-0.0	-0.0		1880	155	1	1112
GO:0006427	histidyl-tRNA aminoacylation	0/155	1/1880	0.0	1.0	1.0		0		Biological Process	0.0	0.0005319148936170213	-0.0	-0.0		1880	155	1	1112
GO:0006428	isoleucyl-tRNA aminoacylation	0/155	1/1880	0.0	1.0	1.0		0		Biological Process	0.0	0.0005319148936170213	-0.0	-0.0		1880	155	1	1112
GO:0006429	leucyl-tRNA aminoacylation	0/155	1/1880	0.0	1.0	1.0		0		Biological Process	0.0	0.0005319148936170213	-0.0	-0.0		1880	155	1	1112
GO:0006430	lysyl-tRNA aminoacylation	0/155	3/1880	0.0	1.0	1.0		0		Biological Process	0.0	0.0015957446808510637	-0.0	-0.0		1880	155	3	1112
GO:0006431	methionyl-tRNA aminoacylation	0/155	1/1880	0.0	1.0	1.0		0		Biological Process	0.0	0.0005319148936170213	-0.0	-0.0		1880	155	1	1112
GO:0006432	phenylalanyl-tRNA aminoacylation	0/155	2/1880	0.0	1.0	1.0		0		Biological Process	0.0	0.0010638297872340426	-0.0	-0.0		1880	155	2	1112
GO:0006433	prolyl-tRNA aminoacylation	0/155	1/1880	0.0	1.0	1.0		0		Biological Process	0.0	0.0005319148936170213	-0.0	-0.0		1880	155	1	1112
GO:0006434	seryl-tRNA aminoacylation	0/155	1/1880	0.0	1.0	1.0		0		Biological Process	0.0	0.0005319148936170213	-0.0	-0.0		1880	155	1	1112
GO:0006435	threonyl-tRNA aminoacylation	0/155	1/1880	0.0	1.0	1.0		0		Biological Process	0.0	0.0005319148936170213	-0.0	-0.0		1880	155	1	1112
GO:0006436	tryptophanyl-tRNA aminoacylation	0/155	1/1880	0.0	1.0	1.0		0		Biological Process	0.0	0.0005319148936170213	-0.0	-0.0		1880	155	1	1112
GO:0006437	tyrosyl-tRNA aminoacylation	0/155	1/1880	0.0	1.0	1.0		0		Biological Process	0.0	0.0005319148936170213	-0.0	-0.0		1880	155	1	1112
GO:0006438	valyl-tRNA aminoacylation	0/155	1/1880	0.0	1.0	1.0		0		Biological Process	0.0	0.0005319148936170213	-0.0	-0.0		1880	155	1	1112
GO:0006449	regulation of translational termination	0/155	1/1880	0.0	1.0	1.0		0		Biological Process	0.0	0.0005319148936170213	-0.0	-0.0		1880	155	1	1112
GO:0006464	protein modification process	0/155	6/1880	0.0	1.0	1.0		0		Biological Process	0.0	0.0031914893617021275	-0.0	-0.0		1880	155	6	1112
GO:0006465	signal peptide processing	0/155	2/1880	0.0	1.0	1.0		0		Biological Process	0.0	0.0010638297872340426	-0.0	-0.0		1880	155	2	1112
GO:0006468	protein phosphorylation	0/155	6/1880	0.0	1.0	1.0		0		Biological Process	0.0	0.0031914893617021275	-0.0	-0.0		1880	155	6	1112
GO:0006470	protein dephosphorylation	0/155	2/1880	0.0	1.0	1.0		0		Biological Process	0.0	0.0010638297872340426	-0.0	-0.0		1880	155	2	1112
GO:0006476	protein deacetylation	0/155	1/1880	0.0	1.0	1.0		0		Biological Process	0.0	0.0005319148936170213	-0.0	-0.0		1880	155	1	1112
GO:0006482	protein demethylation	0/155	1/1880	0.0	1.0	1.0		0		Biological Process	0.0	0.0005319148936170213	-0.0	-0.0		1880	155	1	1112
GO:0006515	protein quality control for misfolded or incompletely synthesized proteins	0/155	1/1880	0.0	1.0	1.0		0		Biological Process	0.0	0.0005319148936170213	-0.0	-0.0		1880	155	1	1112
GO:0006517	protein deglycosylation	0/155	1/1880	0.0	1.0	1.0		0		Biological Process	0.0	0.0005319148936170213	-0.0	-0.0		1880	155	1	1112
GO:0006522	alanine metabolic process	0/155	2/1880	0.0	1.0	1.0		0		Biological Process	0.0	0.0010638297872340426	-0.0	-0.0		1880	155	2	1112
GO:0006523	alanine biosynthetic process	0/155	1/1880	0.0	1.0	1.0		0		Biological Process	0.0	0.0005319148936170213	-0.0	-0.0		1880	155	1	1112
GO:0006525	arginine metabolic process	0/155	2/1880	0.0	1.0	1.0		0		Biological Process	0.0	0.0010638297872340426	-0.0	-0.0		1880	155	2	1112
GO:0006526	arginine biosynthetic process	0/155	9/1880	0.0	1.0	1.0		0		Biological Process	0.0	0.0047872340425531915	-0.0	-0.0		1880	155	9	1112
GO:0006527	arginine catabolic process	0/155	1/1880	0.0	1.0	1.0		0		Biological Process	0.0	0.0005319148936170213	-0.0	-0.0		1880	155	1	1112
GO:0006528	asparagine metabolic process	0/155	1/1880	0.0	1.0	1.0		0		Biological Process	0.0	0.0005319148936170213	-0.0	-0.0		1880	155	1	1112
GO:0006529	asparagine biosynthetic process	0/155	2/1880	0.0	1.0	1.0		0		Biological Process	0.0	0.0010638297872340426	-0.0	-0.0		1880	155	2	1112
GO:0006531	aspartate metabolic process	0/155	1/1880	0.0	1.0	1.0		0		Biological Process	0.0	0.0005319148936170213	-0.0	-0.0		1880	155	1	1112
GO:0006535	cysteine biosynthetic process from serine	0/155	3/1880	0.0	1.0	1.0		0		Biological Process	0.0	0.0015957446808510637	-0.0	-0.0		1880	155	3	1112
GO:0006541	glutamine metabolic process	0/155	11/1880	0.0	1.0	1.0		0		Biological Process	0.0	0.005851063829787234	-0.0	-0.0		1880	155	11	1112
GO:0006542	glutamine biosynthetic process	0/155	2/1880	0.0	1.0	1.0		0		Biological Process	0.0	0.0010638297872340426	-0.0	-0.0		1880	155	2	1112
GO:0006556	S-adenosylmethionine biosynthetic process	0/155	1/1880	0.0	1.0	1.0		0		Biological Process	0.0	0.0005319148936170213	-0.0	-0.0		1880	155	1	1112
GO:0006561	proline biosynthetic process	0/155	4/1880	0.0	1.0	1.0		0		Biological Process	0.0	0.002127659574468085	-0.0	-0.0		1880	155	4	1112
GO:0006564	L-serine biosynthetic process	0/155	3/1880	0.0	1.0	1.0		0		Biological Process	0.0	0.0015957446808510637	-0.0	-0.0		1880	155	3	1112
GO:0006571	tyrosine biosynthetic process	0/155	1/1880	0.0	1.0	1.0		0		Biological Process	0.0	0.0005319148936170213	-0.0	-0.0		1880	155	1	1112
GO:0006575	cellular modified amino acid metabolic process	0/155	1/1880	0.0	1.0	1.0		0		Biological Process	0.0	0.0005319148936170213	-0.0	-0.0		1880	155	1	1112
GO:0006577	amino-acid betaine metabolic process	0/155	1/1880	0.0	1.0	1.0		0		Biological Process	0.0	0.0005319148936170213	-0.0	-0.0		1880	155	1	1112
GO:0006580	ethanolamine metabolic process	0/155	1/1880	0.0	1.0	1.0		0		Biological Process	0.0	0.0005319148936170213	-0.0	-0.0		1880	155	1	1112
GO:0006593	ornithine catabolic process	0/155	1/1880	0.0	1.0	1.0		0		Biological Process	0.0	0.0005319148936170213	-0.0	-0.0		1880	155	1	1112
GO:0006605	protein targeting	0/155	4/1880	0.0	1.0	1.0		0		Biological Process	0.0	0.002127659574468085	-0.0	-0.0		1880	155	4	1112
GO:0006614	SRP-dependent cotranslational protein targeting to membrane	0/155	2/1880	0.0	1.0	1.0		0		Biological Process	0.0	0.0010638297872340426	-0.0	-0.0		1880	155	2	1112
GO:0006631	fatty acid metabolic process	0/155	4/1880	0.0	1.0	1.0		0		Biological Process	0.0	0.002127659574468085	-0.0	-0.0		1880	155	4	1112
GO:0006635	fatty acid beta-oxidation	0/155	1/1880	0.0	1.0	1.0		0		Biological Process	0.0	0.0005319148936170213	-0.0	-0.0		1880	155	1	1112
GO:0006637	acyl-CoA metabolic process	0/155	1/1880	0.0	1.0	1.0		0		Biological Process	0.0	0.0005319148936170213	-0.0	-0.0		1880	155	1	1112
GO:0006654	phosphatidic acid biosynthetic process	0/155	1/1880	0.0	1.0	1.0		0		Biological Process	0.0	0.0005319148936170213	-0.0	-0.0		1880	155	1	1112
GO:0006730	one-carbon metabolic process	0/155	4/1880	0.0	1.0	1.0		0		Biological Process	0.0	0.002127659574468085	-0.0	-0.0		1880	155	4	1112
GO:0006739	NADP metabolic process	0/155	1/1880	0.0	1.0	1.0		0		Biological Process	0.0	0.0005319148936170213	-0.0	-0.0		1880	155	1	1112
GO:0006741	NADP biosynthetic process	0/155	1/1880	0.0	1.0	1.0		0		Biological Process	0.0	0.0005319148936170213	-0.0	-0.0		1880	155	1	1112
GO:0006747	FAD biosynthetic process	0/155	1/1880	0.0	1.0	1.0		0		Biological Process	0.0	0.0005319148936170213	-0.0	-0.0		1880	155	1	1112
GO:0006749	glutathione metabolic process	0/155	1/1880	0.0	1.0	1.0		0		Biological Process	0.0	0.0005319148936170213	-0.0	-0.0		1880	155	1	1112
GO:0006750	glutathione biosynthetic process	0/155	2/1880	0.0	1.0	1.0		0		Biological Process	0.0	0.0010638297872340426	-0.0	-0.0		1880	155	2	1112
GO:0006751	glutathione catabolic process	0/155	1/1880	0.0	1.0	1.0		0		Biological Process	0.0	0.0005319148936170213	-0.0	-0.0		1880	155	1	1112
GO:0006753	nucleoside phosphate metabolic process	0/155	3/1880	0.0	1.0	1.0		0		Biological Process	0.0	0.0015957446808510637	-0.0	-0.0		1880	155	3	1112
GO:0006760	folic acid-containing compound metabolic process	0/155	1/1880	0.0	1.0	1.0		0		Biological Process	0.0	0.0005319148936170213	-0.0	-0.0		1880	155	1	1112
GO:0006766	vitamin metabolic process	0/155	1/1880	0.0	1.0	1.0		0		Biological Process	0.0	0.0005319148936170213	-0.0	-0.0		1880	155	1	1112
GO:0006767	water-soluble vitamin metabolic process	0/155	1/1880	0.0	1.0	1.0		0		Biological Process	0.0	0.0005319148936170213	-0.0	-0.0		1880	155	1	1112
GO:0006769	nicotinamide metabolic process	0/155	1/1880	0.0	1.0	1.0		0		Biological Process	0.0	0.0005319148936170213	-0.0	-0.0		1880	155	1	1112
GO:0006772	thiamine metabolic process	0/155	1/1880	0.0	1.0	1.0		0		Biological Process	0.0	0.0005319148936170213	-0.0	-0.0		1880	155	1	1112
GO:0006779	porphyrin-containing compound biosynthetic process	0/155	6/1880	0.0	1.0	1.0		0		Biological Process	0.0	0.0031914893617021275	-0.0	-0.0		1880	155	6	1112
GO:0006780	uroporphyrinogen III biosynthetic process	0/155	1/1880	0.0	1.0	1.0		0		Biological Process	0.0	0.0005319148936170213	-0.0	-0.0		1880	155	1	1112
GO:0006782	protoporphyrinogen IX biosynthetic process	0/155	3/1880	0.0	1.0	1.0		0		Biological Process	0.0	0.0015957446808510637	-0.0	-0.0		1880	155	3	1112
GO:0006783	heme biosynthetic process	0/155	3/1880	0.0	1.0	1.0		0		Biological Process	0.0	0.0015957446808510637	-0.0	-0.0		1880	155	3	1112
GO:0006790	sulfur compound metabolic process	0/155	2/1880	0.0	1.0	1.0		0		Biological Process	0.0	0.0010638297872340426	-0.0	-0.0		1880	155	2	1112
GO:0006793	phosphorus metabolic process	0/155	5/1880	0.0	1.0	1.0		0		Biological Process	0.0	0.0026595744680851063	-0.0	-0.0		1880	155	5	1112
GO:0006799	polyphosphate biosynthetic process	0/155	1/1880	0.0	1.0	1.0		0		Biological Process	0.0	0.0005319148936170213	-0.0	-0.0		1880	155	1	1112
GO:0006801	superoxide metabolic process	0/155	1/1880	0.0	1.0	1.0		0		Biological Process	0.0	0.0005319148936170213	-0.0	-0.0		1880	155	1	1112
GO:0006808	regulation of nitrogen utilization	0/155	3/1880	0.0	1.0	1.0		0		Biological Process	0.0	0.0015957446808510637	-0.0	-0.0		1880	155	3	1112
GO:0006810	transport	0/155	7/1880	0.0	1.0	1.0		0		Biological Process	0.0	0.003723404255319149	-0.0	-0.0		1880	155	7	1112
GO:0006811	monoatomic ion transport	0/155	9/1880	0.0	1.0	1.0		0		Biological Process	0.0	0.0047872340425531915	-0.0	-0.0		1880	155	9	1112
GO:0006812	monoatomic cation transport	0/155	3/1880	0.0	1.0	1.0		0		Biological Process	0.0	0.0015957446808510637	-0.0	-0.0		1880	155	3	1112
GO:0006813	potassium ion transport	0/155	8/1880	0.0	1.0	1.0		0		Biological Process	0.0	0.00425531914893617	-0.0	-0.0		1880	155	8	1112
GO:0006817	phosphate ion transport	0/155	6/1880	0.0	1.0	1.0		0		Biological Process	0.0	0.0031914893617021275	-0.0	-0.0		1880	155	6	1112
GO:0006820	monoatomic anion transport	0/155	2/1880	0.0	1.0	1.0		0		Biological Process	0.0	0.0010638297872340426	-0.0	-0.0		1880	155	2	1112
GO:0006824	cobalt ion transport	0/155	1/1880	0.0	1.0	1.0		0		Biological Process	0.0	0.0005319148936170213	-0.0	-0.0		1880	155	1	1112
GO:0006825	copper ion transport	0/155	2/1880	0.0	1.0	1.0		0		Biological Process	0.0	0.0010638297872340426	-0.0	-0.0		1880	155	2	1112
GO:0006826	iron ion transport	0/155	6/1880	0.0	1.0	1.0		0		Biological Process	0.0	0.0031914893617021275	-0.0	-0.0		1880	155	6	1112
GO:0006829	zinc ion transport	0/155	2/1880	0.0	1.0	1.0		0		Biological Process	0.0	0.0010638297872340426	-0.0	-0.0		1880	155	2	1112
GO:0006857	oligopeptide transport	0/155	1/1880	0.0	1.0	1.0		0		Biological Process	0.0	0.0005319148936170213	-0.0	-0.0		1880	155	1	1112
GO:0006869	lipid transport	0/155	2/1880	0.0	1.0	1.0		0		Biological Process	0.0	0.0010638297872340426	-0.0	-0.0		1880	155	2	1112
GO:0006879	intracellular iron ion homeostasis	0/155	4/1880	0.0	1.0	1.0		0		Biological Process	0.0	0.002127659574468085	-0.0	-0.0		1880	155	4	1112
GO:0006884	cell volume homeostasis	0/155	1/1880	0.0	1.0	1.0		0		Biological Process	0.0	0.0005319148936170213	-0.0	-0.0		1880	155	1	1112
GO:0006885	regulation of pH	0/155	1/1880	0.0	1.0	1.0		0		Biological Process	0.0	0.0005319148936170213	-0.0	-0.0		1880	155	1	1112
GO:0006952	defense response	0/155	4/1880	0.0	1.0	1.0		0		Biological Process	0.0	0.002127659574468085	-0.0	-0.0		1880	155	4	1112
GO:0006996	organelle organization	0/155	2/1880	0.0	1.0	1.0		0		Biological Process	0.0	0.0010638297872340426	-0.0	-0.0		1880	155	2	1112
GO:0007049	cell cycle	0/155	27/1880	0.0	1.0	1.0		0		Biological Process	0.0	0.014361702127659574	-0.0	-0.0		1880	155	27	1112
GO:0007059	chromosome segregation	0/155	9/1880	0.0	1.0	1.0		0		Biological Process	0.0	0.0047872340425531915	-0.0	-0.0		1880	155	9	1112
GO:0008033	tRNA processing	0/155	12/1880	0.0	1.0	1.0		0		Biological Process	0.0	0.006382978723404255	-0.0	-0.0		1880	155	12	1112
GO:0008219	cell death	0/155	1/1880	0.0	1.0	1.0		0		Biological Process	0.0	0.0005319148936170213	-0.0	-0.0		1880	155	1	1112
GO:0008295	spermidine biosynthetic process	0/155	4/1880	0.0	1.0	1.0		0		Biological Process	0.0	0.002127659574468085	-0.0	-0.0		1880	155	4	1112
GO:0008615	pyridoxine biosynthetic process	0/155	6/1880	0.0	1.0	1.0		0		Biological Process	0.0	0.0031914893617021275	-0.0	-0.0		1880	155	6	1112
GO:0008616	queuosine biosynthetic process	0/155	6/1880	0.0	1.0	1.0		0		Biological Process	0.0	0.0031914893617021275	-0.0	-0.0		1880	155	6	1112
GO:0008652	amino acid biosynthetic process	0/155	15/1880	0.0	1.0	1.0		0		Biological Process	0.0	0.007978723404255319	-0.0	-0.0		1880	155	15	1112
GO:0008654	phospholipid biosynthetic process	0/155	10/1880	0.0	1.0	1.0		0		Biological Process	0.0	0.005319148936170213	-0.0	-0.0		1880	155	10	1112
GO:0008655	pyrimidine-containing compound salvage	0/155	1/1880	0.0	1.0	1.0		0		Biological Process	0.0	0.0005319148936170213	-0.0	-0.0		1880	155	1	1112
GO:0009052	pentose-phosphate shunt, non-oxidative branch	0/155	1/1880	0.0	1.0	1.0		0		Biological Process	0.0	0.0005319148936170213	-0.0	-0.0		1880	155	1	1112
GO:0009056	catabolic process	0/155	5/1880	0.0	1.0	1.0		0		Biological Process	0.0	0.0026595744680851063	-0.0	-0.0		1880	155	5	1112
GO:0009057	macromolecule catabolic process	0/155	2/1880	0.0	1.0	1.0		0		Biological Process	0.0	0.0010638297872340426	-0.0	-0.0		1880	155	2	1112
GO:0009060	aerobic respiration	0/155	3/1880	0.0	1.0	1.0		0		Biological Process	0.0	0.0015957446808510637	-0.0	-0.0		1880	155	3	1112
GO:0009061	anaerobic respiration	0/155	7/1880	0.0	1.0	1.0		0		Biological Process	0.0	0.003723404255319149	-0.0	-0.0		1880	155	7	1112
GO:0009062	fatty acid catabolic process	0/155	1/1880	0.0	1.0	1.0		0		Biological Process	0.0	0.0005319148936170213	-0.0	-0.0		1880	155	1	1112
GO:0009063	amino acid catabolic process	0/155	5/1880	0.0	1.0	1.0		0		Biological Process	0.0	0.0026595744680851063	-0.0	-0.0		1880	155	5	1112
GO:0009069	serine family amino acid metabolic process	0/155	1/1880	0.0	1.0	1.0		0		Biological Process	0.0	0.0005319148936170213	-0.0	-0.0		1880	155	1	1112
GO:0009071	serine family amino acid catabolic process	0/155	1/1880	0.0	1.0	1.0		0		Biological Process	0.0	0.0005319148936170213	-0.0	-0.0		1880	155	1	1112
GO:0009073	aromatic amino acid family biosynthetic process	0/155	11/1880	0.0	1.0	1.0		0		Biological Process	0.0	0.005851063829787234	-0.0	-0.0		1880	155	11	1112
GO:0009082	branched-chain amino acid biosynthetic process	0/155	4/1880	0.0	1.0	1.0		0		Biological Process	0.0	0.002127659574468085	-0.0	-0.0		1880	155	4	1112
GO:0009085	lysine biosynthetic process	0/155	1/1880	0.0	1.0	1.0		0		Biological Process	0.0	0.0005319148936170213	-0.0	-0.0		1880	155	1	1112
GO:0009088	threonine biosynthetic process	0/155	4/1880	0.0	1.0	1.0		0		Biological Process	0.0	0.002127659574468085	-0.0	-0.0		1880	155	4	1112
GO:0009089	lysine biosynthetic process via diaminopimelate	0/155	11/1880	0.0	1.0	1.0		0		Biological Process	0.0	0.005851063829787234	-0.0	-0.0		1880	155	11	1112
GO:0009093	cysteine catabolic process	0/155	1/1880	0.0	1.0	1.0		0		Biological Process	0.0	0.0005319148936170213	-0.0	-0.0		1880	155	1	1112
GO:0009094	L-phenylalanine biosynthetic process	0/155	1/1880	0.0	1.0	1.0		0		Biological Process	0.0	0.0005319148936170213	-0.0	-0.0		1880	155	1	1112
GO:0009097	isoleucine biosynthetic process	0/155	5/1880	0.0	1.0	1.0		0		Biological Process	0.0	0.0026595744680851063	-0.0	-0.0		1880	155	5	1112
GO:0009098	leucine biosynthetic process	0/155	3/1880	0.0	1.0	1.0		0		Biological Process	0.0	0.0015957446808510637	-0.0	-0.0		1880	155	3	1112
GO:0009099	valine biosynthetic process	0/155	3/1880	0.0	1.0	1.0		0		Biological Process	0.0	0.0015957446808510637	-0.0	-0.0		1880	155	3	1112
GO:0009100	glycoprotein metabolic process	0/155	1/1880	0.0	1.0	1.0		0		Biological Process	0.0	0.0005319148936170213	-0.0	-0.0		1880	155	1	1112
GO:0009102	biotin biosynthetic process	0/155	6/1880	0.0	1.0	1.0		0		Biological Process	0.0	0.0031914893617021275	-0.0	-0.0		1880	155	6	1112
GO:0009113	purine nucleobase biosynthetic process	0/155	2/1880	0.0	1.0	1.0		0		Biological Process	0.0	0.0010638297872340426	-0.0	-0.0		1880	155	2	1112
GO:0009116	nucleoside metabolic process	0/155	2/1880	0.0	1.0	1.0		0		Biological Process	0.0	0.0010638297872340426	-0.0	-0.0		1880	155	2	1112
GO:0009123	nucleoside monophosphate metabolic process	0/155	2/1880	0.0	1.0	1.0		0		Biological Process	0.0	0.0010638297872340426	-0.0	-0.0		1880	155	2	1112
GO:0009132	nucleoside diphosphate metabolic process	0/155	1/1880	0.0	1.0	1.0		0		Biological Process	0.0	0.0005319148936170213	-0.0	-0.0		1880	155	1	1112
GO:0009146	purine nucleoside triphosphate catabolic process	0/155	1/1880	0.0	1.0	1.0		0		Biological Process	0.0	0.0005319148936170213	-0.0	-0.0		1880	155	1	1112
GO:0009164	nucleoside catabolic process	0/155	2/1880	0.0	1.0	1.0		0		Biological Process	0.0	0.0010638297872340426	-0.0	-0.0		1880	155	2	1112
GO:0009165	nucleotide biosynthetic process	0/155	3/1880	0.0	1.0	1.0		0		Biological Process	0.0	0.0015957446808510637	-0.0	-0.0		1880	155	3	1112
GO:0009166	nucleotide catabolic process	0/155	3/1880	0.0	1.0	1.0		0		Biological Process	0.0	0.0015957446808510637	-0.0	-0.0		1880	155	3	1112
GO:0009168	purine ribonucleoside monophosphate biosynthetic process	0/155	1/1880	0.0	1.0	1.0		0		Biological Process	0.0	0.0005319148936170213	-0.0	-0.0		1880	155	1	1112
GO:0009225	nucleotide-sugar metabolic process	0/155	2/1880	0.0	1.0	1.0		0		Biological Process	0.0	0.0010638297872340426	-0.0	-0.0		1880	155	2	1112
GO:0009228	thiamine biosynthetic process	0/155	8/1880	0.0	1.0	1.0		0		Biological Process	0.0	0.00425531914893617	-0.0	-0.0		1880	155	8	1112
GO:0009229	thiamine diphosphate biosynthetic process	0/155	1/1880	0.0	1.0	1.0		0		Biological Process	0.0	0.0005319148936170213	-0.0	-0.0		1880	155	1	1112
GO:0009231	riboflavin biosynthetic process	0/155	6/1880	0.0	1.0	1.0		0		Biological Process	0.0	0.0031914893617021275	-0.0	-0.0		1880	155	6	1112
GO:0009236	cobalamin biosynthetic process	0/155	7/1880	0.0	1.0	1.0		0		Biological Process	0.0	0.003723404255319149	-0.0	-0.0		1880	155	7	1112
GO:0009239	enterobactin biosynthetic process	0/155	1/1880	0.0	1.0	1.0		0		Biological Process	0.0	0.0005319148936170213	-0.0	-0.0		1880	155	1	1112
GO:0009242	colanic acid biosynthetic process	0/155	1/1880	0.0	1.0	1.0		0		Biological Process	0.0	0.0005319148936170213	-0.0	-0.0		1880	155	1	1112
GO:0009243	O antigen biosynthetic process	0/155	1/1880	0.0	1.0	1.0		0		Biological Process	0.0	0.0005319148936170213	-0.0	-0.0		1880	155	1	1112
GO:0009249	protein lipoylation	0/155	3/1880	0.0	1.0	1.0		0		Biological Process	0.0	0.0015957446808510637	-0.0	-0.0		1880	155	3	1112
GO:0009250	glucan biosynthetic process	0/155	3/1880	0.0	1.0	1.0		0		Biological Process	0.0	0.0015957446808510637	-0.0	-0.0		1880	155	3	1112
GO:0009253	peptidoglycan catabolic process	0/155	7/1880	0.0	1.0	1.0		0		Biological Process	0.0	0.003723404255319149	-0.0	-0.0		1880	155	7	1112
GO:0009254	peptidoglycan turnover	0/155	7/1880	0.0	1.0	1.0		0		Biological Process	0.0	0.003723404255319149	-0.0	-0.0		1880	155	7	1112
GO:0009255	Entner-Doudoroff pathway through 6-phosphogluconate	0/155	1/1880	0.0	1.0	1.0		0		Biological Process	0.0	0.0005319148936170213	-0.0	-0.0		1880	155	1	1112
GO:0009263	deoxyribonucleotide biosynthetic process	0/155	4/1880	0.0	1.0	1.0		0		Biological Process	0.0	0.002127659574468085	-0.0	-0.0		1880	155	4	1112
GO:0009264	deoxyribonucleotide catabolic process	0/155	2/1880	0.0	1.0	1.0		0		Biological Process	0.0	0.0010638297872340426	-0.0	-0.0		1880	155	2	1112
GO:0009266	response to temperature stimulus	0/155	6/1880	0.0	1.0	1.0		0		Biological Process	0.0	0.0031914893617021275	-0.0	-0.0		1880	155	6	1112
GO:0009268	response to pH	0/155	3/1880	0.0	1.0	1.0		0		Biological Process	0.0	0.0015957446808510637	-0.0	-0.0		1880	155	3	1112
GO:0009271	phage shock	0/155	2/1880	0.0	1.0	1.0		0		Biological Process	0.0	0.0010638297872340426	-0.0	-0.0		1880	155	2	1112
GO:0009273	peptidoglycan-based cell wall biogenesis	0/155	1/1880	0.0	1.0	1.0		0		Biological Process	0.0	0.0005319148936170213	-0.0	-0.0		1880	155	1	1112
GO:0009290	DNA import into cell involved in transformation	0/155	1/1880	0.0	1.0	1.0		0		Biological Process	0.0	0.0005319148936170213	-0.0	-0.0		1880	155	1	1112
GO:0009292	horizontal gene transfer	0/155	1/1880	0.0	1.0	1.0		0		Biological Process	0.0	0.0005319148936170213	-0.0	-0.0		1880	155	1	1112
GO:0009294	DNA-mediated transformation	0/155	2/1880	0.0	1.0	1.0		0		Biological Process	0.0	0.0010638297872340426	-0.0	-0.0		1880	155	2	1112
GO:0009298	GDP-mannose biosynthetic process	0/155	1/1880	0.0	1.0	1.0		0		Biological Process	0.0	0.0005319148936170213	-0.0	-0.0		1880	155	1	1112
GO:0009306	protein secretion	0/155	6/1880	0.0	1.0	1.0		0		Biological Process	0.0	0.0031914893617021275	-0.0	-0.0		1880	155	6	1112
GO:0009308	amine metabolic process	0/155	1/1880	0.0	1.0	1.0		0		Biological Process	0.0	0.0005319148936170213	-0.0	-0.0		1880	155	1	1112
GO:0009395	phospholipid catabolic process	0/155	1/1880	0.0	1.0	1.0		0		Biological Process	0.0	0.0005319148936170213	-0.0	-0.0		1880	155	1	1112
GO:0009398	FMN biosynthetic process	0/155	1/1880	0.0	1.0	1.0		0		Biological Process	0.0	0.0005319148936170213	-0.0	-0.0		1880	155	1	1112
GO:0009399	nitrogen fixation	0/155	1/1880	0.0	1.0	1.0		0		Biological Process	0.0	0.0005319148936170213	-0.0	-0.0		1880	155	1	1112
GO:0009403	toxin biosynthetic process	0/155	1/1880	0.0	1.0	1.0		0		Biological Process	0.0	0.0005319148936170213	-0.0	-0.0		1880	155	1	1112
GO:0009404	toxin metabolic process	0/155	1/1880	0.0	1.0	1.0		0		Biological Process	0.0	0.0005319148936170213	-0.0	-0.0		1880	155	1	1112
GO:0009408	response to heat	0/155	8/1880	0.0	1.0	1.0		0		Biological Process	0.0	0.00425531914893617	-0.0	-0.0		1880	155	8	1112
GO:0009409	response to cold	0/155	3/1880	0.0	1.0	1.0		0		Biological Process	0.0	0.0015957446808510637	-0.0	-0.0		1880	155	3	1112
GO:0009411	response to UV	0/155	3/1880	0.0	1.0	1.0		0		Biological Process	0.0	0.0015957446808510637	-0.0	-0.0		1880	155	3	1112
GO:0009416	response to light stimulus	0/155	3/1880	0.0	1.0	1.0		0		Biological Process	0.0	0.0015957446808510637	-0.0	-0.0		1880	155	3	1112
GO:0009423	chorismate biosynthetic process	0/155	1/1880	0.0	1.0	1.0		0		Biological Process	0.0	0.0005319148936170213	-0.0	-0.0		1880	155	1	1112
GO:0009436	glyoxylate catabolic process	0/155	1/1880	0.0	1.0	1.0		0		Biological Process	0.0	0.0005319148936170213	-0.0	-0.0		1880	155	1	1112
GO:0009438	methylglyoxal metabolic process	0/155	1/1880	0.0	1.0	1.0		0		Biological Process	0.0	0.0005319148936170213	-0.0	-0.0		1880	155	1	1112
GO:0009442	allantoin assimilation pathway	0/155	1/1880	0.0	1.0	1.0		0		Biological Process	0.0	0.0005319148936170213	-0.0	-0.0		1880	155	1	1112
GO:0009443	pyridoxal 5'-phosphate salvage	0/155	1/1880	0.0	1.0	1.0		0		Biological Process	0.0	0.0005319148936170213	-0.0	-0.0		1880	155	1	1112
GO:0009446	putrescine biosynthetic process	0/155	2/1880	0.0	1.0	1.0		0		Biological Process	0.0	0.0010638297872340426	-0.0	-0.0		1880	155	2	1112
GO:0009447	putrescine catabolic process	0/155	1/1880	0.0	1.0	1.0		0		Biological Process	0.0	0.0005319148936170213	-0.0	-0.0		1880	155	1	1112
GO:0009448	gamma-aminobutyric acid metabolic process	0/155	2/1880	0.0	1.0	1.0		0		Biological Process	0.0	0.0010638297872340426	-0.0	-0.0		1880	155	2	1112
GO:0009450	gamma-aminobutyric acid catabolic process	0/155	1/1880	0.0	1.0	1.0		0		Biological Process	0.0	0.0005319148936170213	-0.0	-0.0		1880	155	1	1112
GO:0009451	RNA modification	0/155	2/1880	0.0	1.0	1.0		0		Biological Process	0.0	0.0010638297872340426	-0.0	-0.0		1880	155	2	1112
GO:0009607	response to biotic stimulus	0/155	6/1880	0.0	1.0	1.0		0		Biological Process	0.0	0.0031914893617021275	-0.0	-0.0		1880	155	6	1112
GO:0009615	response to virus	0/155	5/1880	0.0	1.0	1.0		0		Biological Process	0.0	0.0026595744680851063	-0.0	-0.0		1880	155	5	1112
GO:0009636	response to toxic substance	0/155	9/1880	0.0	1.0	1.0		0		Biological Process	0.0	0.0047872340425531915	-0.0	-0.0		1880	155	9	1112
GO:0009750	response to fructose	0/155	1/1880	0.0	1.0	1.0		0		Biological Process	0.0	0.0005319148936170213	-0.0	-0.0		1880	155	1	1112
GO:0009820	alkaloid metabolic process	0/155	1/1880	0.0	1.0	1.0		0		Biological Process	0.0	0.0005319148936170213	-0.0	-0.0		1880	155	1	1112
GO:0009891	positive regulation of biosynthetic process	0/155	2/1880	0.0	1.0	1.0		0		Biological Process	0.0	0.0010638297872340426	-0.0	-0.0		1880	155	2	1112
GO:0009893	positive regulation of metabolic process	0/155	3/1880	0.0	1.0	1.0		0		Biological Process	0.0	0.0015957446808510637	-0.0	-0.0		1880	155	3	1112
GO:0010035	response to inorganic substance	0/155	11/1880	0.0	1.0	1.0		0		Biological Process	0.0	0.005851063829787234	-0.0	-0.0		1880	155	11	1112
GO:0010038	response to metal ion	0/155	8/1880	0.0	1.0	1.0		0		Biological Process	0.0	0.00425531914893617	-0.0	-0.0		1880	155	8	1112
GO:0010039	response to iron ion	0/155	1/1880	0.0	1.0	1.0		0		Biological Process	0.0	0.0005319148936170213	-0.0	-0.0		1880	155	1	1112
GO:0010045	response to nickel cation	0/155	2/1880	0.0	1.0	1.0		0		Biological Process	0.0	0.0010638297872340426	-0.0	-0.0		1880	155	2	1112
GO:0010124	phenylacetate catabolic process	0/155	1/1880	0.0	1.0	1.0		0		Biological Process	0.0	0.0005319148936170213	-0.0	-0.0		1880	155	1	1112
GO:0010133	proline catabolic process to glutamate	0/155	1/1880	0.0	1.0	1.0		0		Biological Process	0.0	0.0005319148936170213	-0.0	-0.0		1880	155	1	1112
GO:0010165	response to X-ray	0/155	2/1880	0.0	1.0	1.0		0		Biological Process	0.0	0.0010638297872340426	-0.0	-0.0		1880	155	2	1112
GO:0010243	response to organonitrogen compound	0/155	3/1880	0.0	1.0	1.0		0		Biological Process	0.0	0.0015957446808510637	-0.0	-0.0		1880	155	3	1112
GO:0010447	response to acidic pH	0/155	2/1880	0.0	1.0	1.0		0		Biological Process	0.0	0.0010638297872340426	-0.0	-0.0		1880	155	2	1112
GO:0010467	gene expression	0/155	5/1880	0.0	1.0	1.0		0		Biological Process	0.0	0.0026595744680851063	-0.0	-0.0		1880	155	5	1112
GO:0010557	positive regulation of macromolecule biosynthetic process	0/155	2/1880	0.0	1.0	1.0		0		Biological Process	0.0	0.0010638297872340426	-0.0	-0.0		1880	155	2	1112
GO:0010604	positive regulation of macromolecule metabolic process	0/155	3/1880	0.0	1.0	1.0		0		Biological Process	0.0	0.0015957446808510637	-0.0	-0.0		1880	155	3	1112
GO:0010628	positive regulation of gene expression	0/155	3/1880	0.0	1.0	1.0		0		Biological Process	0.0	0.0015957446808510637	-0.0	-0.0		1880	155	3	1112
GO:0010795	regulation of ubiquinone biosynthetic process	0/155	1/1880	0.0	1.0	1.0		0		Biological Process	0.0	0.0005319148936170213	-0.0	-0.0		1880	155	1	1112
GO:0010810	regulation of cell-substrate adhesion	0/155	1/1880	0.0	1.0	1.0		0		Biological Process	0.0	0.0005319148936170213	-0.0	-0.0		1880	155	1	1112
GO:0010876	lipid localization	0/155	1/1880	0.0	1.0	1.0		0		Biological Process	0.0	0.0005319148936170213	-0.0	-0.0		1880	155	1	1112
GO:0010911	regulation of isomerase activity	0/155	1/1880	0.0	1.0	1.0		0		Biological Process	0.0	0.0005319148936170213	-0.0	-0.0		1880	155	1	1112
GO:0010974	negative regulation of division septum assembly	0/155	1/1880	0.0	1.0	1.0		0		Biological Process	0.0	0.0005319148936170213	-0.0	-0.0		1880	155	1	1112
GO:0012501	programmed cell death	0/155	1/1880	0.0	1.0	1.0		0		Biological Process	0.0	0.0005319148936170213	-0.0	-0.0		1880	155	1	1112
GO:0015031	protein transport	0/155	11/1880	0.0	1.0	1.0		0		Biological Process	0.0	0.005851063829787234	-0.0	-0.0		1880	155	11	1112
GO:0015628	protein secretion by the type II secretion system	0/155	4/1880	0.0	1.0	1.0		0		Biological Process	0.0	0.002127659574468085	-0.0	-0.0		1880	155	4	1112
GO:0015672	inorganic cation transmembrane transport	0/155	1/1880	0.0	1.0	1.0		0		Biological Process	0.0	0.0005319148936170213	-0.0	-0.0		1880	155	1	1112
GO:0015675	nickel cation transport	0/155	1/1880	0.0	1.0	1.0		0		Biological Process	0.0	0.0005319148936170213	-0.0	-0.0		1880	155	1	1112
GO:0015682	iron ion transport	0/155	1/1880	0.0	1.0	1.0		0		Biological Process	0.0	0.0005319148936170213	-0.0	-0.0		1880	155	1	1112
GO:0015684	iron ion transport	0/155	1/1880	0.0	1.0	1.0		0		Biological Process	0.0	0.0005319148936170213	-0.0	-0.0		1880	155	1	1112
GO:0015685	ferric-enterobactin import into cell	0/155	1/1880	0.0	1.0	1.0		0		Biological Process	0.0	0.0005319148936170213	-0.0	-0.0		1880	155	1	1112
GO:0015688	siderophore-dependent iron import into cell	0/155	2/1880	0.0	1.0	1.0		0		Biological Process	0.0	0.0010638297872340426	-0.0	-0.0		1880	155	2	1112
GO:0015689	molybdate ion transport	0/155	2/1880	0.0	1.0	1.0		0		Biological Process	0.0	0.0010638297872340426	-0.0	-0.0		1880	155	2	1112
GO:0015711	organic anion transport	0/155	2/1880	0.0	1.0	1.0		0		Biological Process	0.0	0.0010638297872340426	-0.0	-0.0		1880	155	2	1112
GO:0015748	organophosphate ester transport	0/155	1/1880	0.0	1.0	1.0		0		Biological Process	0.0	0.0005319148936170213	-0.0	-0.0		1880	155	1	1112
GO:0015766	disaccharide transport	0/155	1/1880	0.0	1.0	1.0		0		Biological Process	0.0	0.0005319148936170213	-0.0	-0.0		1880	155	1	1112
GO:0015768	maltose transport	0/155	1/1880	0.0	1.0	1.0		0		Biological Process	0.0	0.0005319148936170213	-0.0	-0.0		1880	155	1	1112
GO:0015772	oligosaccharide transport	0/155	1/1880	0.0	1.0	1.0		0		Biological Process	0.0	0.0005319148936170213	-0.0	-0.0		1880	155	1	1112
GO:0015813	L-glutamate transmembrane transport	0/155	1/1880	0.0	1.0	1.0		0		Biological Process	0.0	0.0005319148936170213	-0.0	-0.0		1880	155	1	1112
GO:0015824	proline transport	0/155	1/1880	0.0	1.0	1.0		0		Biological Process	0.0	0.0005319148936170213	-0.0	-0.0		1880	155	1	1112
GO:0015846	polyamine transport	0/155	3/1880	0.0	1.0	1.0		0		Biological Process	0.0	0.0015957446808510637	-0.0	-0.0		1880	155	3	1112
GO:0015850	organic hydroxy compound transport	0/155	1/1880	0.0	1.0	1.0		0		Biological Process	0.0	0.0005319148936170213	-0.0	-0.0		1880	155	1	1112
GO:0015888	thiamine transport	0/155	2/1880	0.0	1.0	1.0		0		Biological Process	0.0	0.0010638297872340426	-0.0	-0.0		1880	155	2	1112
GO:0015889	cobalamin transport	0/155	2/1880	0.0	1.0	1.0		0		Biological Process	0.0	0.0010638297872340426	-0.0	-0.0		1880	155	2	1112
GO:0015891	siderophore transport	0/155	1/1880	0.0	1.0	1.0		0		Biological Process	0.0	0.0005319148936170213	-0.0	-0.0		1880	155	1	1112
GO:0015914	phospholipid transport	0/155	2/1880	0.0	1.0	1.0		0		Biological Process	0.0	0.0010638297872340426	-0.0	-0.0		1880	155	2	1112
GO:0015920	lipopolysaccharide transport	0/155	2/1880	0.0	1.0	1.0		0		Biological Process	0.0	0.0010638297872340426	-0.0	-0.0		1880	155	2	1112
GO:0015931	nucleobase-containing compound transport	0/155	1/1880	0.0	1.0	1.0		0		Biological Process	0.0	0.0005319148936170213	-0.0	-0.0		1880	155	1	1112
GO:0015937	coenzyme A biosynthetic process	0/155	3/1880	0.0	1.0	1.0		0		Biological Process	0.0	0.0015957446808510637	-0.0	-0.0		1880	155	3	1112
GO:0015940	pantothenate biosynthetic process	0/155	5/1880	0.0	1.0	1.0		0		Biological Process	0.0	0.0026595744680851063	-0.0	-0.0		1880	155	5	1112
GO:0015941	pantothenate catabolic process	0/155	1/1880	0.0	1.0	1.0		0		Biological Process	0.0	0.0005319148936170213	-0.0	-0.0		1880	155	1	1112
GO:0015944	formate oxidation	0/155	1/1880	0.0	1.0	1.0		0		Biological Process	0.0	0.0005319148936170213	-0.0	-0.0		1880	155	1	1112
GO:0015969	guanosine tetraphosphate metabolic process	0/155	2/1880	0.0	1.0	1.0		0		Biological Process	0.0	0.0010638297872340426	-0.0	-0.0		1880	155	2	1112
GO:0015974	guanosine pentaphosphate catabolic process	0/155	1/1880	0.0	1.0	1.0		0		Biological Process	0.0	0.0005319148936170213	-0.0	-0.0		1880	155	1	1112
GO:0015976	carbon utilization	0/155	3/1880	0.0	1.0	1.0		0		Biological Process	0.0	0.0015957446808510637	-0.0	-0.0		1880	155	3	1112
GO:0015977	carbon fixation	0/155	1/1880	0.0	1.0	1.0		0		Biological Process	0.0	0.0005319148936170213	-0.0	-0.0		1880	155	1	1112
GO:0015980	energy derivation by oxidation of organic compounds	0/155	1/1880	0.0	1.0	1.0		0		Biological Process	0.0	0.0005319148936170213	-0.0	-0.0		1880	155	1	1112
GO:0015990	electron transport coupled proton transport	0/155	1/1880	0.0	1.0	1.0		0		Biological Process	0.0	0.0005319148936170213	-0.0	-0.0		1880	155	1	1112
GO:0016036	cellular response to phosphate starvation	0/155	1/1880	0.0	1.0	1.0		0		Biological Process	0.0	0.0005319148936170213	-0.0	-0.0		1880	155	1	1112
GO:0016042	lipid catabolic process	0/155	4/1880	0.0	1.0	1.0		0		Biological Process	0.0	0.002127659574468085	-0.0	-0.0		1880	155	4	1112
GO:0016052	carbohydrate catabolic process	0/155	5/1880	0.0	1.0	1.0		0		Biological Process	0.0	0.0026595744680851063	-0.0	-0.0		1880	155	5	1112
GO:0016053	organic acid biosynthetic process	0/155	1/1880	0.0	1.0	1.0		0		Biological Process	0.0	0.0005319148936170213	-0.0	-0.0		1880	155	1	1112
GO:0016054	organic acid catabolic process	0/155	4/1880	0.0	1.0	1.0		0		Biological Process	0.0	0.002127659574468085	-0.0	-0.0		1880	155	4	1112
GO:0016070	RNA metabolic process	0/155	3/1880	0.0	1.0	1.0		0		Biological Process	0.0	0.0015957446808510637	-0.0	-0.0		1880	155	3	1112
GO:0016072	rRNA metabolic process	0/155	1/1880	0.0	1.0	1.0		0		Biological Process	0.0	0.0005319148936170213	-0.0	-0.0		1880	155	1	1112
GO:0016075	rRNA catabolic process	0/155	1/1880	0.0	1.0	1.0		0		Biological Process	0.0	0.0005319148936170213	-0.0	-0.0		1880	155	1	1112
GO:0016260	selenocysteine biosynthetic process	0/155	2/1880	0.0	1.0	1.0		0		Biological Process	0.0	0.0010638297872340426	-0.0	-0.0		1880	155	2	1112
GO:0016311	dephosphorylation	0/155	1/1880	0.0	1.0	1.0		0		Biological Process	0.0	0.0005319148936170213	-0.0	-0.0		1880	155	1	1112
GO:0016485	protein processing	0/155	1/1880	0.0	1.0	1.0		0		Biological Process	0.0	0.0005319148936170213	-0.0	-0.0		1880	155	1	1112
GO:0016998	cell wall macromolecule catabolic process	0/155	5/1880	0.0	1.0	1.0		0		Biological Process	0.0	0.0026595744680851063	-0.0	-0.0		1880	155	5	1112
GO:0016999	antibiotic metabolic process	0/155	1/1880	0.0	1.0	1.0		0		Biological Process	0.0	0.0005319148936170213	-0.0	-0.0		1880	155	1	1112
GO:0017001	antibiotic catabolic process	0/155	1/1880	0.0	1.0	1.0		0		Biological Process	0.0	0.0005319148936170213	-0.0	-0.0		1880	155	1	1112
GO:0017003	protein-heme linkage	0/155	1/1880	0.0	1.0	1.0		0		Biological Process	0.0	0.0005319148936170213	-0.0	-0.0		1880	155	1	1112
GO:0017004	cytochrome complex assembly	0/155	6/1880	0.0	1.0	1.0		0		Biological Process	0.0	0.0031914893617021275	-0.0	-0.0		1880	155	6	1112
GO:0017013	protein flavinylation	0/155	2/1880	0.0	1.0	1.0		0		Biological Process	0.0	0.0010638297872340426	-0.0	-0.0		1880	155	2	1112
GO:0017038	protein import	0/155	2/1880	0.0	1.0	1.0		0		Biological Process	0.0	0.0010638297872340426	-0.0	-0.0		1880	155	2	1112
GO:0017144	xenobiotic metabolic process	0/155	2/1880	0.0	1.0	1.0		0		Biological Process	0.0	0.0010638297872340426	-0.0	-0.0		1880	155	2	1112
GO:0017148	negative regulation of translation	0/155	2/1880	0.0	1.0	1.0		0		Biological Process	0.0	0.0010638297872340426	-0.0	-0.0		1880	155	2	1112
GO:0017189	N-terminal peptidyl-alanine acetylation	0/155	1/1880	0.0	1.0	1.0		0		Biological Process	0.0	0.0005319148936170213	-0.0	-0.0		1880	155	1	1112
GO:0018117	protein adenylylation	0/155	2/1880	0.0	1.0	1.0		0		Biological Process	0.0	0.0010638297872340426	-0.0	-0.0		1880	155	2	1112
GO:0018130	heterocycle biosynthetic process	0/155	3/1880	0.0	1.0	1.0		0		Biological Process	0.0	0.0015957446808510637	-0.0	-0.0		1880	155	3	1112
GO:0018175	protein nucleotidylation	0/155	2/1880	0.0	1.0	1.0		0		Biological Process	0.0	0.0010638297872340426	-0.0	-0.0		1880	155	2	1112
GO:0018193	peptidyl-amino acid modification	0/155	1/1880	0.0	1.0	1.0		0		Biological Process	0.0	0.0005319148936170213	-0.0	-0.0		1880	155	1	1112
GO:0018197	peptidyl-aspartic acid modification	0/155	1/1880	0.0	1.0	1.0		0		Biological Process	0.0	0.0005319148936170213	-0.0	-0.0		1880	155	1	1112
GO:0018198	peptidyl-cysteine modification	0/155	1/1880	0.0	1.0	1.0		0		Biological Process	0.0	0.0005319148936170213	-0.0	-0.0		1880	155	1	1112
GO:0018277	protein deamination	0/155	1/1880	0.0	1.0	1.0		0		Biological Process	0.0	0.0005319148936170213	-0.0	-0.0		1880	155	1	1112
GO:0018293	protein-FAD linkage	0/155	1/1880	0.0	1.0	1.0		0		Biological Process	0.0	0.0005319148936170213	-0.0	-0.0		1880	155	1	1112
GO:0018339	peptidyl-L-beta-methylthioaspartic acid biosynthetic process from peptidyl-aspartic acid	0/155	2/1880	0.0	1.0	1.0		0		Biological Process	0.0	0.0010638297872340426	-0.0	-0.0		1880	155	2	1112
GO:0018410	C-terminal protein amino acid modification	0/155	1/1880	0.0	1.0	1.0		0		Biological Process	0.0	0.0005319148936170213	-0.0	-0.0		1880	155	1	1112
GO:0019217	regulation of fatty acid metabolic process	0/155	1/1880	0.0	1.0	1.0		0		Biological Process	0.0	0.0005319148936170213	-0.0	-0.0		1880	155	1	1112
GO:0019249	lactate biosynthetic process	0/155	1/1880	0.0	1.0	1.0		0		Biological Process	0.0	0.0005319148936170213	-0.0	-0.0		1880	155	1	1112
GO:0019264	glycine biosynthetic process from serine	0/155	1/1880	0.0	1.0	1.0		0		Biological Process	0.0	0.0005319148936170213	-0.0	-0.0		1880	155	1	1112
GO:0019277	UDP-N-acetylgalactosamine biosynthetic process	0/155	1/1880	0.0	1.0	1.0		0		Biological Process	0.0	0.0005319148936170213	-0.0	-0.0		1880	155	1	1112
GO:0019281	L-methionine biosynthetic process from homoserine via O-succinyl-L-homoserine and cystathionine	0/155	1/1880	0.0	1.0	1.0		0		Biological Process	0.0	0.0005319148936170213	-0.0	-0.0		1880	155	1	1112
GO:0019284	L-methionine salvage from S-adenosylmethionine	0/155	1/1880	0.0	1.0	1.0		0		Biological Process	0.0	0.0005319148936170213	-0.0	-0.0		1880	155	1	1112
GO:0019288	isopentenyl diphosphate biosynthetic process, methylerythritol 4-phosphate pathway	0/155	1/1880	0.0	1.0	1.0		0		Biological Process	0.0	0.0005319148936170213	-0.0	-0.0		1880	155	1	1112
GO:0019290	siderophore biosynthetic process	0/155	2/1880	0.0	1.0	1.0		0		Biological Process	0.0	0.0010638297872340426	-0.0	-0.0		1880	155	2	1112
GO:0019299	rhamnose metabolic process	0/155	1/1880	0.0	1.0	1.0		0		Biological Process	0.0	0.0005319148936170213	-0.0	-0.0		1880	155	1	1112
GO:0019303	D-ribose catabolic process	0/155	2/1880	0.0	1.0	1.0		0		Biological Process	0.0	0.0010638297872340426	-0.0	-0.0		1880	155	2	1112
GO:0019305	dTDP-rhamnose biosynthetic process	0/155	1/1880	0.0	1.0	1.0		0		Biological Process	0.0	0.0005319148936170213	-0.0	-0.0		1880	155	1	1112
GO:0019316	D-allose catabolic process	0/155	1/1880	0.0	1.0	1.0		0		Biological Process	0.0	0.0005319148936170213	-0.0	-0.0		1880	155	1	1112
GO:0019323	pentose catabolic process	0/155	1/1880	0.0	1.0	1.0		0		Biological Process	0.0	0.0005319148936170213	-0.0	-0.0		1880	155	1	1112
GO:0019333	denitrification pathway	0/155	1/1880	0.0	1.0	1.0		0		Biological Process	0.0	0.0005319148936170213	-0.0	-0.0		1880	155	1	1112
GO:0019344	cysteine biosynthetic process	0/155	3/1880	0.0	1.0	1.0		0		Biological Process	0.0	0.0015957446808510637	-0.0	-0.0		1880	155	3	1112
GO:0019346	transsulfuration	0/155	1/1880	0.0	1.0	1.0		0		Biological Process	0.0	0.0005319148936170213	-0.0	-0.0		1880	155	1	1112
GO:0019354	siroheme biosynthetic process	0/155	1/1880	0.0	1.0	1.0		0		Biological Process	0.0	0.0005319148936170213	-0.0	-0.0		1880	155	1	1112
GO:0019362	pyridine nucleotide metabolic process	0/155	1/1880	0.0	1.0	1.0		0		Biological Process	0.0	0.0005319148936170213	-0.0	-0.0		1880	155	1	1112
GO:0019363	pyridine nucleotide biosynthetic process	0/155	1/1880	0.0	1.0	1.0		0		Biological Process	0.0	0.0005319148936170213	-0.0	-0.0		1880	155	1	1112
GO:0019365	pyridine nucleotide salvage	0/155	1/1880	0.0	1.0	1.0		0		Biological Process	0.0	0.0005319148936170213	-0.0	-0.0		1880	155	1	1112
GO:0019379	sulfate assimilation, phosphoadenylyl sulfate reduction by phosphoadenylyl-sulfate reductase (thioredoxin)	0/155	1/1880	0.0	1.0	1.0		0		Biological Process	0.0	0.0005319148936170213	-0.0	-0.0		1880	155	1	1112
GO:0019380	3-phenylpropionate catabolic process	0/155	1/1880	0.0	1.0	1.0		0		Biological Process	0.0	0.0005319148936170213	-0.0	-0.0		1880	155	1	1112
GO:0019394	glucarate catabolic process	0/155	1/1880	0.0	1.0	1.0		0		Biological Process	0.0	0.0005319148936170213	-0.0	-0.0		1880	155	1	1112
GO:0019404	galactitol catabolic process	0/155	1/1880	0.0	1.0	1.0		0		Biological Process	0.0	0.0005319148936170213	-0.0	-0.0		1880	155	1	1112
GO:0019427	acetyl-CoA biosynthetic process from acetate	0/155	1/1880	0.0	1.0	1.0		0		Biological Process	0.0	0.0005319148936170213	-0.0	-0.0		1880	155	1	1112
GO:0019430	removal of superoxide radicals	0/155	1/1880	0.0	1.0	1.0		0		Biological Process	0.0	0.0005319148936170213	-0.0	-0.0		1880	155	1	1112
GO:0019438	aromatic compound biosynthetic process	0/155	3/1880	0.0	1.0	1.0		0		Biological Process	0.0	0.0015957446808510637	-0.0	-0.0		1880	155	3	1112
GO:0019439	aromatic compound catabolic process	0/155	8/1880	0.0	1.0	1.0		0		Biological Process	0.0	0.00425531914893617	-0.0	-0.0		1880	155	8	1112
GO:0019448	L-cysteine catabolic process	0/155	1/1880	0.0	1.0	1.0		0		Biological Process	0.0	0.0005319148936170213	-0.0	-0.0		1880	155	1	1112
GO:0019450	L-cysteine catabolic process to pyruvate	0/155	1/1880	0.0	1.0	1.0		0		Biological Process	0.0	0.0005319148936170213	-0.0	-0.0		1880	155	1	1112
GO:0019464	glycine decarboxylation via glycine cleavage system	0/155	3/1880	0.0	1.0	1.0		0		Biological Process	0.0	0.0015957446808510637	-0.0	-0.0		1880	155	3	1112
GO:0019477	L-lysine catabolic process	0/155	3/1880	0.0	1.0	1.0		0		Biological Process	0.0	0.0015957446808510637	-0.0	-0.0		1880	155	3	1112
GO:0019478	D-amino acid catabolic process	0/155	2/1880	0.0	1.0	1.0		0		Biological Process	0.0	0.0010638297872340426	-0.0	-0.0		1880	155	2	1112
GO:0019509	L-methionine salvage from methylthioadenosine	0/155	1/1880	0.0	1.0	1.0		0		Biological Process	0.0	0.0005319148936170213	-0.0	-0.0		1880	155	1	1112
GO:0019516	lactate oxidation	0/155	2/1880	0.0	1.0	1.0		0		Biological Process	0.0	0.0010638297872340426	-0.0	-0.0		1880	155	2	1112
GO:0019518	L-threonine catabolic process to glycine	0/155	1/1880	0.0	1.0	1.0		0		Biological Process	0.0	0.0005319148936170213	-0.0	-0.0		1880	155	1	1112
GO:0019521	D-gluconate metabolic process	0/155	1/1880	0.0	1.0	1.0		0		Biological Process	0.0	0.0005319148936170213	-0.0	-0.0		1880	155	1	1112
GO:0019544	arginine catabolic process to glutamate	0/155	4/1880	0.0	1.0	1.0		0		Biological Process	0.0	0.002127659574468085	-0.0	-0.0		1880	155	4	1112
GO:0019545	arginine catabolic process to succinate	0/155	1/1880	0.0	1.0	1.0		0		Biological Process	0.0	0.0005319148936170213	-0.0	-0.0		1880	155	1	1112
GO:0019563	glycerol catabolic process	0/155	1/1880	0.0	1.0	1.0		0		Biological Process	0.0	0.0005319148936170213	-0.0	-0.0		1880	155	1	1112
GO:0019568	arabinose catabolic process	0/155	1/1880	0.0	1.0	1.0		0		Biological Process	0.0	0.0005319148936170213	-0.0	-0.0		1880	155	1	1112
GO:0019569	L-arabinose catabolic process to xylulose 5-phosphate	0/155	3/1880	0.0	1.0	1.0		0		Biological Process	0.0	0.0015957446808510637	-0.0	-0.0		1880	155	3	1112
GO:0019572	L-arabinose catabolic process	0/155	1/1880	0.0	1.0	1.0		0		Biological Process	0.0	0.0005319148936170213	-0.0	-0.0		1880	155	1	1112
GO:0019586	galacturonate metabolic process	0/155	1/1880	0.0	1.0	1.0		0		Biological Process	0.0	0.0005319148936170213	-0.0	-0.0		1880	155	1	1112
GO:0019594	mannitol metabolic process	0/155	4/1880	0.0	1.0	1.0		0		Biological Process	0.0	0.002127659574468085	-0.0	-0.0		1880	155	4	1112
GO:0019619	3,4-dihydroxybenzoate catabolic process	0/155	1/1880	0.0	1.0	1.0		0		Biological Process	0.0	0.0005319148936170213	-0.0	-0.0		1880	155	1	1112
GO:0019632	shikimate metabolic process	0/155	1/1880	0.0	1.0	1.0		0		Biological Process	0.0	0.0005319148936170213	-0.0	-0.0		1880	155	1	1112
GO:0019637	organophosphate metabolic process	0/155	4/1880	0.0	1.0	1.0		0		Biological Process	0.0	0.002127659574468085	-0.0	-0.0		1880	155	4	1112
GO:0019645	anaerobic electron transport chain	0/155	2/1880	0.0	1.0	1.0		0		Biological Process	0.0	0.0010638297872340426	-0.0	-0.0		1880	155	2	1112
GO:0019646	aerobic electron transport chain	0/155	2/1880	0.0	1.0	1.0		0		Biological Process	0.0	0.0010638297872340426	-0.0	-0.0		1880	155	2	1112
GO:0019674	NAD metabolic process	0/155	1/1880	0.0	1.0	1.0		0		Biological Process	0.0	0.0005319148936170213	-0.0	-0.0		1880	155	1	1112
GO:0019679	propionate metabolic process, methylcitrate cycle	0/155	1/1880	0.0	1.0	1.0		0		Biological Process	0.0	0.0005319148936170213	-0.0	-0.0		1880	155	1	1112
GO:0019700	organic phosphonate catabolic process	0/155	1/1880	0.0	1.0	1.0		0		Biological Process	0.0	0.0005319148936170213	-0.0	-0.0		1880	155	1	1112
GO:0019748	secondary metabolic process	0/155	1/1880	0.0	1.0	1.0		0		Biological Process	0.0	0.0005319148936170213	-0.0	-0.0		1880	155	1	1112
GO:0019835	cytolysis	0/155	1/1880	0.0	1.0	1.0		0		Biological Process	0.0	0.0005319148936170213	-0.0	-0.0		1880	155	1	1112
GO:0019852	L-ascorbic acid metabolic process	0/155	2/1880	0.0	1.0	1.0		0		Biological Process	0.0	0.0010638297872340426	-0.0	-0.0		1880	155	2	1112
GO:0019853	L-ascorbic acid biosynthetic process	0/155	1/1880	0.0	1.0	1.0		0		Biological Process	0.0	0.0005319148936170213	-0.0	-0.0		1880	155	1	1112
GO:0019854	L-ascorbic acid catabolic process	0/155	2/1880	0.0	1.0	1.0		0		Biological Process	0.0	0.0010638297872340426	-0.0	-0.0		1880	155	2	1112
GO:0019856	pyrimidine nucleobase biosynthetic process	0/155	1/1880	0.0	1.0	1.0		0		Biological Process	0.0	0.0005319148936170213	-0.0	-0.0		1880	155	1	1112
GO:0019877	diaminopimelate biosynthetic process	0/155	5/1880	0.0	1.0	1.0		0		Biological Process	0.0	0.0026595744680851063	-0.0	-0.0		1880	155	5	1112
GO:0022900	electron transport chain	0/155	7/1880	0.0	1.0	1.0		0		Biological Process	0.0	0.003723404255319149	-0.0	-0.0		1880	155	7	1112
GO:0030001	metal ion transport	0/155	3/1880	0.0	1.0	1.0		0		Biological Process	0.0	0.0015957446808510637	-0.0	-0.0		1880	155	3	1112
GO:0030153	bacteriocin immunity	0/155	1/1880	0.0	1.0	1.0		0		Biological Process	0.0	0.0005319148936170213	-0.0	-0.0		1880	155	1	1112
GO:0030155	regulation of cell adhesion	0/155	1/1880	0.0	1.0	1.0		0		Biological Process	0.0	0.0005319148936170213	-0.0	-0.0		1880	155	1	1112
GO:0030203	glycosaminoglycan metabolic process	0/155	1/1880	0.0	1.0	1.0		0		Biological Process	0.0	0.0005319148936170213	-0.0	-0.0		1880	155	1	1112
GO:0030243	cellulose metabolic process	0/155	1/1880	0.0	1.0	1.0		0		Biological Process	0.0	0.0005319148936170213	-0.0	-0.0		1880	155	1	1112
GO:0030244	cellulose biosynthetic process	0/155	4/1880	0.0	1.0	1.0		0		Biological Process	0.0	0.002127659574468085	-0.0	-0.0		1880	155	4	1112
GO:0030254	protein secretion by the type III secretion system	0/155	1/1880	0.0	1.0	1.0		0		Biological Process	0.0	0.0005319148936170213	-0.0	-0.0		1880	155	1	1112
GO:0030258	lipid modification	0/155	2/1880	0.0	1.0	1.0		0		Biological Process	0.0	0.0010638297872340426	-0.0	-0.0		1880	155	2	1112
GO:0030259	lipid glycosylation	0/155	1/1880	0.0	1.0	1.0		0		Biological Process	0.0	0.0005319148936170213	-0.0	-0.0		1880	155	1	1112
GO:0030260	symbiont entry into host	0/155	1/1880	0.0	1.0	1.0		0		Biological Process	0.0	0.0005319148936170213	-0.0	-0.0		1880	155	1	1112
GO:0030261	chromosome condensation	0/155	4/1880	0.0	1.0	1.0		0		Biological Process	0.0	0.002127659574468085	-0.0	-0.0		1880	155	4	1112
GO:0030420	establishment of competence for transformation	0/155	2/1880	0.0	1.0	1.0		0		Biological Process	0.0	0.0010638297872340426	-0.0	-0.0		1880	155	2	1112
GO:0030490	maturation of SSU-rRNA	0/155	1/1880	0.0	1.0	1.0		0		Biological Process	0.0	0.0005319148936170213	-0.0	-0.0		1880	155	1	1112
GO:0030643	intracellular phosphate ion homeostasis	0/155	1/1880	0.0	1.0	1.0		0		Biological Process	0.0	0.0005319148936170213	-0.0	-0.0		1880	155	1	1112
GO:0030980	alpha-glucan catabolic process	0/155	1/1880	0.0	1.0	1.0		0		Biological Process	0.0	0.0005319148936170213	-0.0	-0.0		1880	155	1	1112
GO:0031119	tRNA pseudouridine synthesis	0/155	3/1880	0.0	1.0	1.0		0		Biological Process	0.0	0.0015957446808510637	-0.0	-0.0		1880	155	3	1112
GO:0031167	rRNA methylation	0/155	1/1880	0.0	1.0	1.0		0		Biological Process	0.0	0.0005319148936170213	-0.0	-0.0		1880	155	1	1112
GO:0031325	positive regulation of cellular metabolic process	0/155	2/1880	0.0	1.0	1.0		0		Biological Process	0.0	0.0010638297872340426	-0.0	-0.0		1880	155	2	1112
GO:0031328	positive regulation of cellular biosynthetic process	0/155	2/1880	0.0	1.0	1.0		0		Biological Process	0.0	0.0010638297872340426	-0.0	-0.0		1880	155	2	1112
GO:0031346	positive regulation of cell projection organization	0/155	1/1880	0.0	1.0	1.0		0		Biological Process	0.0	0.0005319148936170213	-0.0	-0.0		1880	155	1	1112
GO:0031347	regulation of defense response	0/155	1/1880	0.0	1.0	1.0		0		Biological Process	0.0	0.0005319148936170213	-0.0	-0.0		1880	155	1	1112
GO:0031348	negative regulation of defense response	0/155	1/1880	0.0	1.0	1.0		0		Biological Process	0.0	0.0005319148936170213	-0.0	-0.0		1880	155	1	1112
GO:0031388	organic acid phosphorylation	0/155	2/1880	0.0	1.0	1.0		0		Biological Process	0.0	0.0010638297872340426	-0.0	-0.0		1880	155	2	1112
GO:0031460	glycine betaine transport	0/155	1/1880	0.0	1.0	1.0		0		Biological Process	0.0	0.0005319148936170213	-0.0	-0.0		1880	155	1	1112
GO:0031554	regulation of termination of DNA-templated transcription	0/155	2/1880	0.0	1.0	1.0		0		Biological Process	0.0	0.0010638297872340426	-0.0	-0.0		1880	155	2	1112
GO:0031564	transcription antitermination	0/155	5/1880	0.0	1.0	1.0		0		Biological Process	0.0	0.0026595744680851063	-0.0	-0.0		1880	155	5	1112
GO:0031638	zymogen activation	0/155	1/1880	0.0	1.0	1.0		0		Biological Process	0.0	0.0005319148936170213	-0.0	-0.0		1880	155	1	1112
GO:0032025	response to cobalt ion	0/155	1/1880	0.0	1.0	1.0		0		Biological Process	0.0	0.0005319148936170213	-0.0	-0.0		1880	155	1	1112
GO:0032026	response to magnesium ion	0/155	1/1880	0.0	1.0	1.0		0		Biological Process	0.0	0.0005319148936170213	-0.0	-0.0		1880	155	1	1112
GO:0032049	cardiolipin biosynthetic process	0/155	4/1880	0.0	1.0	1.0		0		Biological Process	0.0	0.002127659574468085	-0.0	-0.0		1880	155	4	1112
GO:0032069	regulation of nuclease activity	0/155	1/1880	0.0	1.0	1.0		0		Biological Process	0.0	0.0005319148936170213	-0.0	-0.0		1880	155	1	1112
GO:0032074	negative regulation of nuclease activity	0/155	1/1880	0.0	1.0	1.0		0		Biological Process	0.0	0.0005319148936170213	-0.0	-0.0		1880	155	1	1112
GO:0032150	ubiquinone biosynthetic process from chorismate	0/155	1/1880	0.0	1.0	1.0		0		Biological Process	0.0	0.0005319148936170213	-0.0	-0.0		1880	155	1	1112
GO:0032196	transposition	0/155	1/1880	0.0	1.0	1.0		0		Biological Process	0.0	0.0005319148936170213	-0.0	-0.0		1880	155	1	1112
GO:0032297	negative regulation of DNA-templated DNA replication initiation	0/155	1/1880	0.0	1.0	1.0		0		Biological Process	0.0	0.0005319148936170213	-0.0	-0.0		1880	155	1	1112
GO:0032324	molybdopterin cofactor biosynthetic process	0/155	1/1880	0.0	1.0	1.0		0		Biological Process	0.0	0.0005319148936170213	-0.0	-0.0		1880	155	1	1112
GO:0032386	regulation of intracellular transport	0/155	1/1880	0.0	1.0	1.0		0		Biological Process	0.0	0.0005319148936170213	-0.0	-0.0		1880	155	1	1112
GO:0032414	positive regulation of ion transmembrane transporter activity	0/155	2/1880	0.0	1.0	1.0		0		Biological Process	0.0	0.0010638297872340426	-0.0	-0.0		1880	155	2	1112
GO:0032506	cytokinetic process	0/155	2/1880	0.0	1.0	1.0		0		Biological Process	0.0	0.0010638297872340426	-0.0	-0.0		1880	155	2	1112
GO:0032781	positive regulation of ATP-dependent activity	0/155	2/1880	0.0	1.0	1.0		0		Biological Process	0.0	0.0010638297872340426	-0.0	-0.0		1880	155	2	1112
GO:0032787	monocarboxylic acid metabolic process	0/155	3/1880	0.0	1.0	1.0		0		Biological Process	0.0	0.0015957446808510637	-0.0	-0.0		1880	155	3	1112
GO:0032880	regulation of protein localization	0/155	1/1880	0.0	1.0	1.0		0		Biological Process	0.0	0.0005319148936170213	-0.0	-0.0		1880	155	1	1112
GO:0032955	regulation of division septum assembly	0/155	1/1880	0.0	1.0	1.0		0		Biological Process	0.0	0.0005319148936170213	-0.0	-0.0		1880	155	1	1112
GO:0033036	macromolecule localization	0/155	1/1880	0.0	1.0	1.0		0		Biological Process	0.0	0.0005319148936170213	-0.0	-0.0		1880	155	1	1112
GO:0033157	regulation of intracellular protein transport	0/155	1/1880	0.0	1.0	1.0		0		Biological Process	0.0	0.0005319148936170213	-0.0	-0.0		1880	155	1	1112
GO:0033194	response to hydroperoxide	0/155	1/1880	0.0	1.0	1.0		0		Biological Process	0.0	0.0005319148936170213	-0.0	-0.0		1880	155	1	1112
GO:0033212	iron import into cell	0/155	1/1880	0.0	1.0	1.0		0		Biological Process	0.0	0.0005319148936170213	-0.0	-0.0		1880	155	1	1112
GO:0033468	CMP-keto-3-deoxy-D-manno-octulosonic acid biosynthetic process	0/155	1/1880	0.0	1.0	1.0		0		Biological Process	0.0	0.0005319148936170213	-0.0	-0.0		1880	155	1	1112
GO:0033499	galactose catabolic process via UDP-galactose	0/155	1/1880	0.0	1.0	1.0		0		Biological Process	0.0	0.0005319148936170213	-0.0	-0.0		1880	155	1	1112
GO:0033512	L-lysine catabolic process to acetyl-CoA via saccharopine	0/155	1/1880	0.0	1.0	1.0		0		Biological Process	0.0	0.0005319148936170213	-0.0	-0.0		1880	155	1	1112
GO:0033539	fatty acid beta-oxidation using acyl-CoA dehydrogenase	0/155	1/1880	0.0	1.0	1.0		0		Biological Process	0.0	0.0005319148936170213	-0.0	-0.0		1880	155	1	1112
GO:0033567	DNA replication, Okazaki fragment processing	0/155	1/1880	0.0	1.0	1.0		0		Biological Process	0.0	0.0005319148936170213	-0.0	-0.0		1880	155	1	1112
GO:0033611	oxalate catabolic process	0/155	1/1880	0.0	1.0	1.0		0		Biological Process	0.0	0.0005319148936170213	-0.0	-0.0		1880	155	1	1112
GO:0034194	D-galactonate catabolic process	0/155	2/1880	0.0	1.0	1.0		0		Biological Process	0.0	0.0010638297872340426	-0.0	-0.0		1880	155	2	1112
GO:0034219	carbohydrate transmembrane transport	0/155	2/1880	0.0	1.0	1.0		0		Biological Process	0.0	0.0010638297872340426	-0.0	-0.0		1880	155	2	1112
GO:0034227	tRNA thio-modification	0/155	2/1880	0.0	1.0	1.0		0		Biological Process	0.0	0.0010638297872340426	-0.0	-0.0		1880	155	2	1112
GO:0034470	ncRNA processing	0/155	3/1880	0.0	1.0	1.0		0		Biological Process	0.0	0.0015957446808510637	-0.0	-0.0		1880	155	3	1112
GO:0034552	respiratory chain complex II assembly	0/155	1/1880	0.0	1.0	1.0		0		Biological Process	0.0	0.0005319148936170213	-0.0	-0.0		1880	155	1	1112
GO:0034599	cellular response to oxidative stress	0/155	6/1880	0.0	1.0	1.0		0		Biological Process	0.0	0.0031914893617021275	-0.0	-0.0		1880	155	6	1112
GO:0034605	cellular response to heat	0/155	3/1880	0.0	1.0	1.0		0		Biological Process	0.0	0.0015957446808510637	-0.0	-0.0		1880	155	3	1112
GO:0034614	cellular response to reactive oxygen species	0/155	6/1880	0.0	1.0	1.0		0		Biological Process	0.0	0.0031914893617021275	-0.0	-0.0		1880	155	6	1112
GO:0034622	protein-containing complex assembly	0/155	1/1880	0.0	1.0	1.0		0		Biological Process	0.0	0.0005319148936170213	-0.0	-0.0		1880	155	1	1112
GO:0034644	cellular response to UV	0/155	1/1880	0.0	1.0	1.0		0		Biological Process	0.0	0.0005319148936170213	-0.0	-0.0		1880	155	1	1112
GO:0034654	nucleobase-containing compound biosynthetic process	0/155	3/1880	0.0	1.0	1.0		0		Biological Process	0.0	0.0015957446808510637	-0.0	-0.0		1880	155	3	1112
GO:0034655	nucleobase-containing compound catabolic process	0/155	2/1880	0.0	1.0	1.0		0		Biological Process	0.0	0.0010638297872340426	-0.0	-0.0		1880	155	2	1112
GO:0034660	ncRNA metabolic process	0/155	2/1880	0.0	1.0	1.0		0		Biological Process	0.0	0.0010638297872340426	-0.0	-0.0		1880	155	2	1112
GO:0034661	ncRNA catabolic process	0/155	1/1880	0.0	1.0	1.0		0		Biological Process	0.0	0.0005319148936170213	-0.0	-0.0		1880	155	1	1112
GO:0034775	glutathione transmembrane transport	0/155	1/1880	0.0	1.0	1.0		0		Biological Process	0.0	0.0005319148936170213	-0.0	-0.0		1880	155	1	1112
GO:0035435	phosphate ion transmembrane transport	0/155	3/1880	0.0	1.0	1.0		0		Biological Process	0.0	0.0015957446808510637	-0.0	-0.0		1880	155	3	1112
GO:0035556	intracellular signal transduction	0/155	1/1880	0.0	1.0	1.0		0		Biological Process	0.0	0.0005319148936170213	-0.0	-0.0		1880	155	1	1112
GO:0035690	cellular response to xenobiotic stimulus	0/155	5/1880	0.0	1.0	1.0		0		Biological Process	0.0	0.0026595744680851063	-0.0	-0.0		1880	155	5	1112
GO:0035821	modulation of process of another organism	0/155	1/1880	0.0	1.0	1.0		0		Biological Process	0.0	0.0005319148936170213	-0.0	-0.0		1880	155	1	1112
GO:0035864	response to potassium ion	0/155	1/1880	0.0	1.0	1.0		0		Biological Process	0.0	0.0005319148936170213	-0.0	-0.0		1880	155	1	1112
GO:0035999	tetrahydrofolate interconversion	0/155	1/1880	0.0	1.0	1.0		0		Biological Process	0.0	0.0005319148936170213	-0.0	-0.0		1880	155	1	1112
GO:0036065	fucosylation	0/155	1/1880	0.0	1.0	1.0		0		Biological Process	0.0	0.0005319148936170213	-0.0	-0.0		1880	155	1	1112
GO:0036104	Kdo2-lipid A biosynthetic process	0/155	4/1880	0.0	1.0	1.0		0		Biological Process	0.0	0.002127659574468085	-0.0	-0.0		1880	155	4	1112
GO:0036211	protein modification process	0/155	8/1880	0.0	1.0	1.0		0		Biological Process	0.0	0.00425531914893617	-0.0	-0.0		1880	155	8	1112
GO:0036376	sodium ion export across plasma membrane	0/155	1/1880	0.0	1.0	1.0		0		Biological Process	0.0	0.0005319148936170213	-0.0	-0.0		1880	155	1	1112
GO:0036525	protein deglycation	0/155	1/1880	0.0	1.0	1.0		0		Biological Process	0.0	0.0005319148936170213	-0.0	-0.0		1880	155	1	1112
GO:0040009	regulation of growth rate	0/155	1/1880	0.0	1.0	1.0		0		Biological Process	0.0	0.0005319148936170213	-0.0	-0.0		1880	155	1	1112
GO:0040010	positive regulation of growth rate	0/155	1/1880	0.0	1.0	1.0		0		Biological Process	0.0	0.0005319148936170213	-0.0	-0.0		1880	155	1	1112
GO:0040011	locomotion	0/155	6/1880	0.0	1.0	1.0		0		Biological Process	0.0	0.0031914893617021275	-0.0	-0.0		1880	155	6	1112
GO:0040017	positive regulation of locomotion	0/155	1/1880	0.0	1.0	1.0		0		Biological Process	0.0	0.0005319148936170213	-0.0	-0.0		1880	155	1	1112
GO:0042026	protein refolding	0/155	2/1880	0.0	1.0	1.0		0		Biological Process	0.0	0.0010638297872340426	-0.0	-0.0		1880	155	2	1112
GO:0042158	lipoprotein biosynthetic process	0/155	2/1880	0.0	1.0	1.0		0		Biological Process	0.0	0.0010638297872340426	-0.0	-0.0		1880	155	2	1112
GO:0042168	heme metabolic process	0/155	1/1880	0.0	1.0	1.0		0		Biological Process	0.0	0.0005319148936170213	-0.0	-0.0		1880	155	1	1112
GO:0042180	cellular ketone metabolic process	0/155	1/1880	0.0	1.0	1.0		0		Biological Process	0.0	0.0005319148936170213	-0.0	-0.0		1880	155	1	1112
GO:0042182	ketone catabolic process	0/155	1/1880	0.0	1.0	1.0		0		Biological Process	0.0	0.0005319148936170213	-0.0	-0.0		1880	155	1	1112
GO:0042245	RNA repair	0/155	1/1880	0.0	1.0	1.0		0		Biological Process	0.0	0.0005319148936170213	-0.0	-0.0		1880	155	1	1112
GO:0042254	ribosome biogenesis	0/155	3/1880	0.0	1.0	1.0		0		Biological Process	0.0	0.0015957446808510637	-0.0	-0.0		1880	155	3	1112
GO:0042255	ribosome assembly	0/155	1/1880	0.0	1.0	1.0		0		Biological Process	0.0	0.0005319148936170213	-0.0	-0.0		1880	155	1	1112
GO:0042256	cytosolic ribosome assembly	0/155	1/1880	0.0	1.0	1.0		0		Biological Process	0.0	0.0005319148936170213	-0.0	-0.0		1880	155	1	1112
GO:0042278	purine nucleoside metabolic process	0/155	2/1880	0.0	1.0	1.0		0		Biological Process	0.0	0.0010638297872340426	-0.0	-0.0		1880	155	2	1112
GO:0042354	L-fucose metabolic process	0/155	1/1880	0.0	1.0	1.0		0		Biological Process	0.0	0.0005319148936170213	-0.0	-0.0		1880	155	1	1112
GO:0042355	L-fucose catabolic process	0/155	3/1880	0.0	1.0	1.0		0		Biological Process	0.0	0.0015957446808510637	-0.0	-0.0		1880	155	3	1112
GO:0042398	cellular modified amino acid biosynthetic process	0/155	1/1880	0.0	1.0	1.0		0		Biological Process	0.0	0.0005319148936170213	-0.0	-0.0		1880	155	1	1112
GO:0042450	arginine biosynthetic process via ornithine	0/155	2/1880	0.0	1.0	1.0		0		Biological Process	0.0	0.0010638297872340426	-0.0	-0.0		1880	155	2	1112
GO:0042493	response to xenobiotic stimulus	0/155	8/1880	0.0	1.0	1.0		0		Biological Process	0.0	0.00425531914893617	-0.0	-0.0		1880	155	8	1112
GO:0042542	response to hydrogen peroxide	0/155	6/1880	0.0	1.0	1.0		0		Biological Process	0.0	0.0031914893617021275	-0.0	-0.0		1880	155	6	1112
GO:0042545	cell wall modification	0/155	1/1880	0.0	1.0	1.0		0		Biological Process	0.0	0.0005319148936170213	-0.0	-0.0		1880	155	1	1112
GO:0042546	cell wall biogenesis	0/155	1/1880	0.0	1.0	1.0		0		Biological Process	0.0	0.0005319148936170213	-0.0	-0.0		1880	155	1	1112
GO:0042558	pteridine-containing compound metabolic process	0/155	1/1880	0.0	1.0	1.0		0		Biological Process	0.0	0.0005319148936170213	-0.0	-0.0		1880	155	1	1112
GO:0042592	homeostatic process	0/155	1/1880	0.0	1.0	1.0		0		Biological Process	0.0	0.0005319148936170213	-0.0	-0.0		1880	155	1	1112
GO:0042744	hydrogen peroxide catabolic process	0/155	2/1880	0.0	1.0	1.0		0		Biological Process	0.0	0.0010638297872340426	-0.0	-0.0		1880	155	2	1112
GO:0042777	proton motive force-driven plasma membrane ATP synthesis	0/155	1/1880	0.0	1.0	1.0		0		Biological Process	0.0	0.0005319148936170213	-0.0	-0.0		1880	155	1	1112
GO:0042780	tRNA 3'-end processing	0/155	1/1880	0.0	1.0	1.0		0		Biological Process	0.0	0.0005319148936170213	-0.0	-0.0		1880	155	1	1112
GO:0042823	pyridoxal phosphate biosynthetic process	0/155	2/1880	0.0	1.0	1.0		0		Biological Process	0.0	0.0010638297872340426	-0.0	-0.0		1880	155	2	1112
GO:0042838	D-glucarate catabolic process	0/155	1/1880	0.0	1.0	1.0		0		Biological Process	0.0	0.0005319148936170213	-0.0	-0.0		1880	155	1	1112
GO:0042866	pyruvate biosynthetic process	0/155	1/1880	0.0	1.0	1.0		0		Biological Process	0.0	0.0005319148936170213	-0.0	-0.0		1880	155	1	1112
GO:0042867	pyruvate catabolic process	0/155	1/1880	0.0	1.0	1.0		0		Biological Process	0.0	0.0005319148936170213	-0.0	-0.0		1880	155	1	1112
GO:0042882	L-arabinose transmembrane transport	0/155	2/1880	0.0	1.0	1.0		0		Biological Process	0.0	0.0010638297872340426	-0.0	-0.0		1880	155	2	1112
GO:0042883	cysteine transport	0/155	1/1880	0.0	1.0	1.0		0		Biological Process	0.0	0.0005319148936170213	-0.0	-0.0		1880	155	1	1112
GO:0042908	xenobiotic transport	0/155	4/1880	0.0	1.0	1.0		0		Biological Process	0.0	0.002127659574468085	-0.0	-0.0		1880	155	4	1112
GO:0042930	enterobactin transport	0/155	1/1880	0.0	1.0	1.0		0		Biological Process	0.0	0.0005319148936170213	-0.0	-0.0		1880	155	1	1112
GO:0042953	lipoprotein transport	0/155	4/1880	0.0	1.0	1.0		0		Biological Process	0.0	0.002127659574468085	-0.0	-0.0		1880	155	4	1112
GO:0043085	positive regulation of catalytic activity	0/155	5/1880	0.0	1.0	1.0		0		Biological Process	0.0	0.0026595744680851063	-0.0	-0.0		1880	155	5	1112
GO:0043086	negative regulation of catalytic activity	0/155	4/1880	0.0	1.0	1.0		0		Biological Process	0.0	0.002127659574468085	-0.0	-0.0		1880	155	4	1112
GO:0043094	cellular metabolic compound salvage	0/155	3/1880	0.0	1.0	1.0		0		Biological Process	0.0	0.0015957446808510637	-0.0	-0.0		1880	155	3	1112
GO:0043165	Gram-negative-bacterium-type cell outer membrane assembly	0/155	10/1880	0.0	1.0	1.0		0		Biological Process	0.0	0.005319148936170213	-0.0	-0.0		1880	155	10	1112
GO:0043171	peptide catabolic process	0/155	1/1880	0.0	1.0	1.0		0		Biological Process	0.0	0.0005319148936170213	-0.0	-0.0		1880	155	1	1112
GO:0043173	nucleotide salvage	0/155	1/1880	0.0	1.0	1.0		0		Biological Process	0.0	0.0005319148936170213	-0.0	-0.0		1880	155	1	1112
GO:0043200	response to amino acid	0/155	1/1880	0.0	1.0	1.0		0		Biological Process	0.0	0.0005319148936170213	-0.0	-0.0		1880	155	1	1112
GO:0043207	response to external biotic stimulus	0/155	6/1880	0.0	1.0	1.0		0		Biological Process	0.0	0.0031914893617021275	-0.0	-0.0		1880	155	6	1112
GO:0043213	bacteriocin transport	0/155	2/1880	0.0	1.0	1.0		0		Biological Process	0.0	0.0010638297872340426	-0.0	-0.0		1880	155	2	1112
GO:0043243	positive regulation of protein-containing complex disassembly	0/155	1/1880	0.0	1.0	1.0		0		Biological Process	0.0	0.0005319148936170213	-0.0	-0.0		1880	155	1	1112
GO:0043244	regulation of protein-containing complex disassembly	0/155	2/1880	0.0	1.0	1.0		0		Biological Process	0.0	0.0010638297872340426	-0.0	-0.0		1880	155	2	1112
GO:0043335	protein unfolding	0/155	2/1880	0.0	1.0	1.0		0		Biological Process	0.0	0.0010638297872340426	-0.0	-0.0		1880	155	2	1112
GO:0043392	negative regulation of DNA binding	0/155	1/1880	0.0	1.0	1.0		0		Biological Process	0.0	0.0005319148936170213	-0.0	-0.0		1880	155	1	1112
GO:0043412	macromolecule modification	0/155	7/1880	0.0	1.0	1.0		0		Biological Process	0.0	0.003723404255319149	-0.0	-0.0		1880	155	7	1112
GO:0043433	negative regulation of DNA-binding transcription factor activity	0/155	1/1880	0.0	1.0	1.0		0		Biological Process	0.0	0.0005319148936170213	-0.0	-0.0		1880	155	1	1112
GO:0043436	oxoacid metabolic process	0/155	4/1880	0.0	1.0	1.0		0		Biological Process	0.0	0.002127659574468085	-0.0	-0.0		1880	155	4	1112
GO:0043462	regulation of ATP-dependent activity	0/155	2/1880	0.0	1.0	1.0		0		Biological Process	0.0	0.0010638297872340426	-0.0	-0.0		1880	155	2	1112
GO:0043470	regulation of carbohydrate catabolic process	0/155	1/1880	0.0	1.0	1.0		0		Biological Process	0.0	0.0005319148936170213	-0.0	-0.0		1880	155	1	1112
GO:0043570	maintenance of DNA repeat elements	0/155	1/1880	0.0	1.0	1.0		0		Biological Process	0.0	0.0005319148936170213	-0.0	-0.0		1880	155	1	1112
GO:0043571	maintenance of CRISPR repeat elements	0/155	3/1880	0.0	1.0	1.0		0		Biological Process	0.0	0.0015957446808510637	-0.0	-0.0		1880	155	3	1112
GO:0043580	periplasmic space organization	0/155	1/1880	0.0	1.0	1.0		0		Biological Process	0.0	0.0005319148936170213	-0.0	-0.0		1880	155	1	1112
GO:0043603	amide metabolic process	0/155	1/1880	0.0	1.0	1.0		0		Biological Process	0.0	0.0005319148936170213	-0.0	-0.0		1880	155	1	1112
GO:0043604	amide biosynthetic process	0/155	1/1880	0.0	1.0	1.0		0		Biological Process	0.0	0.0005319148936170213	-0.0	-0.0		1880	155	1	1112
GO:0043648	dicarboxylic acid metabolic process	0/155	1/1880	0.0	1.0	1.0		0		Biological Process	0.0	0.0005319148936170213	-0.0	-0.0		1880	155	1	1112
GO:0043708	cell adhesion involved in biofilm formation	0/155	2/1880	0.0	1.0	1.0		0		Biological Process	0.0	0.0010638297872340426	-0.0	-0.0		1880	155	2	1112
GO:0043709	cell adhesion involved in single-species biofilm formation	0/155	1/1880	0.0	1.0	1.0		0		Biological Process	0.0	0.0005319148936170213	-0.0	-0.0		1880	155	1	1112
GO:0043952	protein transport by the Sec complex	0/155	3/1880	0.0	1.0	1.0		0		Biological Process	0.0	0.0015957446808510637	-0.0	-0.0		1880	155	3	1112
GO:0043953	protein transport by the Tat complex	0/155	4/1880	0.0	1.0	1.0		0		Biological Process	0.0	0.002127659574468085	-0.0	-0.0		1880	155	4	1112
GO:0044003	modulation by symbiont of host process	0/155	1/1880	0.0	1.0	1.0		0		Biological Process	0.0	0.0005319148936170213	-0.0	-0.0		1880	155	1	1112
GO:0044011	single-species biofilm formation on inanimate substrate	0/155	4/1880	0.0	1.0	1.0		0		Biological Process	0.0	0.002127659574468085	-0.0	-0.0		1880	155	4	1112
GO:0044042	glucan metabolic process	0/155	1/1880	0.0	1.0	1.0		0		Biological Process	0.0	0.0005319148936170213	-0.0	-0.0		1880	155	1	1112
GO:0044089	positive regulation of cellular component biogenesis	0/155	1/1880	0.0	1.0	1.0		0		Biological Process	0.0	0.0005319148936170213	-0.0	-0.0		1880	155	1	1112
GO:0044092	negative regulation of molecular function	0/155	5/1880	0.0	1.0	1.0		0		Biological Process	0.0	0.0026595744680851063	-0.0	-0.0		1880	155	5	1112
GO:0044093	positive regulation of molecular function	0/155	6/1880	0.0	1.0	1.0		0		Biological Process	0.0	0.0031914893617021275	-0.0	-0.0		1880	155	6	1112
GO:0044179	hemolysis in another organism	0/155	1/1880	0.0	1.0	1.0		0		Biological Process	0.0	0.0005319148936170213	-0.0	-0.0		1880	155	1	1112
GO:0044205	'de novo' UMP biosynthetic process	0/155	1/1880	0.0	1.0	1.0		0		Biological Process	0.0	0.0005319148936170213	-0.0	-0.0		1880	155	1	1112
GO:0044209	AMP salvage	0/155	1/1880	0.0	1.0	1.0		0		Biological Process	0.0	0.0005319148936170213	-0.0	-0.0		1880	155	1	1112
GO:0044248	cellular catabolic process	0/155	5/1880	0.0	1.0	1.0		0		Biological Process	0.0	0.0026595744680851063	-0.0	-0.0		1880	155	5	1112
GO:0044267	protein metabolic process	0/155	6/1880	0.0	1.0	1.0		0		Biological Process	0.0	0.0031914893617021275	-0.0	-0.0		1880	155	6	1112
GO:0044270	cellular nitrogen compound catabolic process	0/155	2/1880	0.0	1.0	1.0		0		Biological Process	0.0	0.0010638297872340426	-0.0	-0.0		1880	155	2	1112
GO:0044271	cellular nitrogen compound biosynthetic process	0/155	3/1880	0.0	1.0	1.0		0		Biological Process	0.0	0.0015957446808510637	-0.0	-0.0		1880	155	3	1112
GO:0044273	sulfur compound catabolic process	0/155	1/1880	0.0	1.0	1.0		0		Biological Process	0.0	0.0005319148936170213	-0.0	-0.0		1880	155	1	1112
GO:0044281	small molecule metabolic process	0/155	9/1880	0.0	1.0	1.0		0		Biological Process	0.0	0.0047872340425531915	-0.0	-0.0		1880	155	9	1112
GO:0044282	small molecule catabolic process	0/155	3/1880	0.0	1.0	1.0		0		Biological Process	0.0	0.0015957446808510637	-0.0	-0.0		1880	155	3	1112
GO:0044283	small molecule biosynthetic process	0/155	1/1880	0.0	1.0	1.0		0		Biological Process	0.0	0.0005319148936170213	-0.0	-0.0		1880	155	1	1112
GO:0044341	sodium-dependent phosphate transport	0/155	1/1880	0.0	1.0	1.0		0		Biological Process	0.0	0.0005319148936170213	-0.0	-0.0		1880	155	1	1112
GO:0044403	biological process involved in symbiotic interaction	0/155	2/1880	0.0	1.0	1.0		0		Biological Process	0.0	0.0010638297872340426	-0.0	-0.0		1880	155	2	1112
GO:0044409	symbiont entry into host	0/155	1/1880	0.0	1.0	1.0		0		Biological Process	0.0	0.0005319148936170213	-0.0	-0.0		1880	155	1	1112
GO:0044413	symbiont-mediated perturbation of host defenses	0/155	1/1880	0.0	1.0	1.0		0		Biological Process	0.0	0.0005319148936170213	-0.0	-0.0		1880	155	1	1112
GO:0044414	symbiont-mediated suppression of host defenses	0/155	1/1880	0.0	1.0	1.0		0		Biological Process	0.0	0.0005319148936170213	-0.0	-0.0		1880	155	1	1112
GO:0044419	biological process involved in interspecies interaction between organisms	0/155	2/1880	0.0	1.0	1.0		0		Biological Process	0.0	0.0010638297872340426	-0.0	-0.0		1880	155	2	1112
GO:0044550	secondary metabolite biosynthetic process	0/155	1/1880	0.0	1.0	1.0		0		Biological Process	0.0	0.0005319148936170213	-0.0	-0.0		1880	155	1	1112
GO:0044780	bacterial-type flagellum assembly	0/155	7/1880	0.0	1.0	1.0		0		Biological Process	0.0	0.003723404255319149	-0.0	-0.0		1880	155	7	1112
GO:0044781	bacterial-type flagellum organization	0/155	2/1880	0.0	1.0	1.0		0		Biological Process	0.0	0.0010638297872340426	-0.0	-0.0		1880	155	2	1112
GO:0044873	lipoprotein localization to membrane	0/155	1/1880	0.0	1.0	1.0		0		Biological Process	0.0	0.0005319148936170213	-0.0	-0.0		1880	155	1	1112
GO:0044874	lipoprotein localization to outer membrane	0/155	2/1880	0.0	1.0	1.0		0		Biological Process	0.0	0.0010638297872340426	-0.0	-0.0		1880	155	2	1112
GO:0045088	regulation of innate immune response	0/155	1/1880	0.0	1.0	1.0		0		Biological Process	0.0	0.0005319148936170213	-0.0	-0.0		1880	155	1	1112
GO:0045333	cellular respiration	0/155	2/1880	0.0	1.0	1.0		0		Biological Process	0.0	0.0010638297872340426	-0.0	-0.0		1880	155	2	1112
GO:0045454	cell redox homeostasis	0/155	7/1880	0.0	1.0	1.0		0		Biological Process	0.0	0.003723404255319149	-0.0	-0.0		1880	155	7	1112
GO:0045490	pectin catabolic process	0/155	2/1880	0.0	1.0	1.0		0		Biological Process	0.0	0.0010638297872340426	-0.0	-0.0		1880	155	2	1112
GO:0045727	positive regulation of translation	0/155	1/1880	0.0	1.0	1.0		0		Biological Process	0.0	0.0005319148936170213	-0.0	-0.0		1880	155	1	1112
GO:0045824	negative regulation of innate immune response	0/155	1/1880	0.0	1.0	1.0		0		Biological Process	0.0	0.0005319148936170213	-0.0	-0.0		1880	155	1	1112
GO:0045859	regulation of protein kinase activity	0/155	1/1880	0.0	1.0	1.0		0		Biological Process	0.0	0.0005319148936170213	-0.0	-0.0		1880	155	1	1112
GO:0045893	positive regulation of DNA-templated transcription	0/155	7/1880	0.0	1.0	1.0		0		Biological Process	0.0	0.003723404255319149	-0.0	-0.0		1880	155	7	1112
GO:0045900	negative regulation of translational elongation	0/155	1/1880	0.0	1.0	1.0		0		Biological Process	0.0	0.0005319148936170213	-0.0	-0.0		1880	155	1	1112
GO:0045927	positive regulation of growth	0/155	1/1880	0.0	1.0	1.0		0		Biological Process	0.0	0.0005319148936170213	-0.0	-0.0		1880	155	1	1112
GO:0045935	positive regulation of nucleobase-containing compound metabolic process	0/155	2/1880	0.0	1.0	1.0		0		Biological Process	0.0	0.0010638297872340426	-0.0	-0.0		1880	155	2	1112
GO:0045936	negative regulation of phosphate metabolic process	0/155	1/1880	0.0	1.0	1.0		0		Biological Process	0.0	0.0005319148936170213	-0.0	-0.0		1880	155	1	1112
GO:0045947	negative regulation of translational initiation	0/155	1/1880	0.0	1.0	1.0		0		Biological Process	0.0	0.0005319148936170213	-0.0	-0.0		1880	155	1	1112
GO:0045948	positive regulation of translational initiation	0/155	1/1880	0.0	1.0	1.0		0		Biological Process	0.0	0.0005319148936170213	-0.0	-0.0		1880	155	1	1112
GO:0046081	dUTP catabolic process	0/155	1/1880	0.0	1.0	1.0		0		Biological Process	0.0	0.0005319148936170213	-0.0	-0.0		1880	155	1	1112
GO:0046104	thymidine metabolic process	0/155	1/1880	0.0	1.0	1.0		0		Biological Process	0.0	0.0005319148936170213	-0.0	-0.0		1880	155	1	1112
GO:0046113	nucleobase catabolic process	0/155	1/1880	0.0	1.0	1.0		0		Biological Process	0.0	0.0005319148936170213	-0.0	-0.0		1880	155	1	1112
GO:0046124	purine deoxyribonucleoside catabolic process	0/155	1/1880	0.0	1.0	1.0		0		Biological Process	0.0	0.0005319148936170213	-0.0	-0.0		1880	155	1	1112
GO:0046167	glycerol-3-phosphate biosynthetic process	0/155	1/1880	0.0	1.0	1.0		0		Biological Process	0.0	0.0005319148936170213	-0.0	-0.0		1880	155	1	1112
GO:0046168	glycerol-3-phosphate catabolic process	0/155	1/1880	0.0	1.0	1.0		0		Biological Process	0.0	0.0005319148936170213	-0.0	-0.0		1880	155	1	1112
GO:0046174	polyol catabolic process	0/155	1/1880	0.0	1.0	1.0		0		Biological Process	0.0	0.0005319148936170213	-0.0	-0.0		1880	155	1	1112
GO:0046177	D-gluconate catabolic process	0/155	1/1880	0.0	1.0	1.0		0		Biological Process	0.0	0.0005319148936170213	-0.0	-0.0		1880	155	1	1112
GO:0046185	aldehyde catabolic process	0/155	1/1880	0.0	1.0	1.0		0		Biological Process	0.0	0.0005319148936170213	-0.0	-0.0		1880	155	1	1112
GO:0046279	3,4-dihydroxybenzoate biosynthetic process	0/155	1/1880	0.0	1.0	1.0		0		Biological Process	0.0	0.0005319148936170213	-0.0	-0.0		1880	155	1	1112
GO:0046336	ethanolamine catabolic process	0/155	2/1880	0.0	1.0	1.0		0		Biological Process	0.0	0.0010638297872340426	-0.0	-0.0		1880	155	2	1112
GO:0046348	amino sugar catabolic process	0/155	1/1880	0.0	1.0	1.0		0		Biological Process	0.0	0.0005319148936170213	-0.0	-0.0		1880	155	1	1112
GO:0046365	monosaccharide catabolic process	0/155	1/1880	0.0	1.0	1.0		0		Biological Process	0.0	0.0005319148936170213	-0.0	-0.0		1880	155	1	1112
GO:0046377	colanic acid metabolic process	0/155	1/1880	0.0	1.0	1.0		0		Biological Process	0.0	0.0005319148936170213	-0.0	-0.0		1880	155	1	1112
GO:0046394	carboxylic acid biosynthetic process	0/155	1/1880	0.0	1.0	1.0		0		Biological Process	0.0	0.0005319148936170213	-0.0	-0.0		1880	155	1	1112
GO:0046395	carboxylic acid catabolic process	0/155	2/1880	0.0	1.0	1.0		0		Biological Process	0.0	0.0010638297872340426	-0.0	-0.0		1880	155	2	1112
GO:0046397	galacturonate catabolic process	0/155	1/1880	0.0	1.0	1.0		0		Biological Process	0.0	0.0005319148936170213	-0.0	-0.0		1880	155	1	1112
GO:0046416	D-amino acid metabolic process	0/155	2/1880	0.0	1.0	1.0		0		Biological Process	0.0	0.0010638297872340426	-0.0	-0.0		1880	155	2	1112
GO:0046417	chorismate metabolic process	0/155	2/1880	0.0	1.0	1.0		0		Biological Process	0.0	0.0010638297872340426	-0.0	-0.0		1880	155	2	1112
GO:0046439	L-cysteine metabolic process	0/155	1/1880	0.0	1.0	1.0		0		Biological Process	0.0	0.0005319148936170213	-0.0	-0.0		1880	155	1	1112
GO:0046487	glyoxylate metabolic process	0/155	1/1880	0.0	1.0	1.0		0		Biological Process	0.0	0.0005319148936170213	-0.0	-0.0		1880	155	1	1112
GO:0046654	tetrahydrofolate biosynthetic process	0/155	2/1880	0.0	1.0	1.0		0		Biological Process	0.0	0.0010638297872340426	-0.0	-0.0		1880	155	2	1112
GO:0046656	folic acid biosynthetic process	0/155	4/1880	0.0	1.0	1.0		0		Biological Process	0.0	0.002127659574468085	-0.0	-0.0		1880	155	4	1112
GO:0046685	response to arsenic-containing substance	0/155	1/1880	0.0	1.0	1.0		0		Biological Process	0.0	0.0005319148936170213	-0.0	-0.0		1880	155	1	1112
GO:0046686	response to cadmium ion	0/155	2/1880	0.0	1.0	1.0		0		Biological Process	0.0	0.0010638297872340426	-0.0	-0.0		1880	155	2	1112
GO:0046688	response to copper ion	0/155	2/1880	0.0	1.0	1.0		0		Biological Process	0.0	0.0010638297872340426	-0.0	-0.0		1880	155	2	1112
GO:0046690	response to tellurium ion	0/155	1/1880	0.0	1.0	1.0		0		Biological Process	0.0	0.0005319148936170213	-0.0	-0.0		1880	155	1	1112
GO:0046700	heterocycle catabolic process	0/155	2/1880	0.0	1.0	1.0		0		Biological Process	0.0	0.0010638297872340426	-0.0	-0.0		1880	155	2	1112
GO:0046777	protein autophosphorylation	0/155	10/1880	0.0	1.0	1.0		0		Biological Process	0.0	0.005319148936170213	-0.0	-0.0		1880	155	10	1112
GO:0046854	phosphatidylinositol phosphate biosynthetic process	0/155	2/1880	0.0	1.0	1.0		0		Biological Process	0.0	0.0010638297872340426	-0.0	-0.0		1880	155	2	1112
GO:0046890	regulation of lipid biosynthetic process	0/155	1/1880	0.0	1.0	1.0		0		Biological Process	0.0	0.0005319148936170213	-0.0	-0.0		1880	155	1	1112
GO:0046940	nucleoside monophosphate phosphorylation	0/155	2/1880	0.0	1.0	1.0		0		Biological Process	0.0	0.0010638297872340426	-0.0	-0.0		1880	155	2	1112
GO:0046944	protein carbamoylation	0/155	1/1880	0.0	1.0	1.0		0		Biological Process	0.0	0.0005319148936170213	-0.0	-0.0		1880	155	1	1112
GO:0048034	heme O biosynthetic process	0/155	1/1880	0.0	1.0	1.0		0		Biological Process	0.0	0.0005319148936170213	-0.0	-0.0		1880	155	1	1112
GO:0048518	positive regulation of biological process	0/155	5/1880	0.0	1.0	1.0		0		Biological Process	0.0	0.0026595744680851063	-0.0	-0.0		1880	155	5	1112
GO:0048522	positive regulation of cellular process	0/155	4/1880	0.0	1.0	1.0		0		Biological Process	0.0	0.002127659574468085	-0.0	-0.0		1880	155	4	1112
GO:0048583	regulation of response to stimulus	0/155	1/1880	0.0	1.0	1.0		0		Biological Process	0.0	0.0005319148936170213	-0.0	-0.0		1880	155	1	1112
GO:0048585	negative regulation of response to stimulus	0/155	1/1880	0.0	1.0	1.0		0		Biological Process	0.0	0.0005319148936170213	-0.0	-0.0		1880	155	1	1112
GO:0048870	cell motility	0/155	6/1880	0.0	1.0	1.0		0		Biological Process	0.0	0.0031914893617021275	-0.0	-0.0		1880	155	6	1112
GO:0048878	chemical homeostasis	0/155	1/1880	0.0	1.0	1.0		0		Biological Process	0.0	0.0005319148936170213	-0.0	-0.0		1880	155	1	1112
GO:0050657	nucleic acid transport	0/155	1/1880	0.0	1.0	1.0		0		Biological Process	0.0	0.0005319148936170213	-0.0	-0.0		1880	155	1	1112
GO:0050776	regulation of immune response	0/155	1/1880	0.0	1.0	1.0		0		Biological Process	0.0	0.0005319148936170213	-0.0	-0.0		1880	155	1	1112
GO:0050777	negative regulation of immune response	0/155	1/1880	0.0	1.0	1.0		0		Biological Process	0.0	0.0005319148936170213	-0.0	-0.0		1880	155	1	1112
GO:0050790	regulation of catalytic activity	0/155	9/1880	0.0	1.0	1.0		0		Biological Process	0.0	0.0047872340425531915	-0.0	-0.0		1880	155	9	1112
GO:0050801	monoatomic ion homeostasis	0/155	1/1880	0.0	1.0	1.0		0		Biological Process	0.0	0.0005319148936170213	-0.0	-0.0		1880	155	1	1112
GO:0050920	regulation of chemotaxis	0/155	1/1880	0.0	1.0	1.0		0		Biological Process	0.0	0.0005319148936170213	-0.0	-0.0		1880	155	1	1112
GO:0050992	dimethylallyl diphosphate biosynthetic process	0/155	1/1880	0.0	1.0	1.0		0		Biological Process	0.0	0.0005319148936170213	-0.0	-0.0		1880	155	1	1112
GO:0051027	DNA transport	0/155	1/1880	0.0	1.0	1.0		0		Biological Process	0.0	0.0005319148936170213	-0.0	-0.0		1880	155	1	1112
GO:0051049	regulation of transport	0/155	1/1880	0.0	1.0	1.0		0		Biological Process	0.0	0.0005319148936170213	-0.0	-0.0		1880	155	1	1112
GO:0051090	regulation of DNA-binding transcription factor activity	0/155	2/1880	0.0	1.0	1.0		0		Biological Process	0.0	0.0010638297872340426	-0.0	-0.0		1880	155	2	1112
GO:0051091	positive regulation of DNA-binding transcription factor activity	0/155	1/1880	0.0	1.0	1.0		0		Biological Process	0.0	0.0005319148936170213	-0.0	-0.0		1880	155	1	1112
GO:0051098	regulation of binding	0/155	1/1880	0.0	1.0	1.0		0		Biological Process	0.0	0.0005319148936170213	-0.0	-0.0		1880	155	1	1112
GO:0051100	negative regulation of binding	0/155	1/1880	0.0	1.0	1.0		0		Biological Process	0.0	0.0005319148936170213	-0.0	-0.0		1880	155	1	1112
GO:0051101	regulation of DNA binding	0/155	1/1880	0.0	1.0	1.0		0		Biological Process	0.0	0.0005319148936170213	-0.0	-0.0		1880	155	1	1112
GO:0051130	positive regulation of cellular component organization	0/155	2/1880	0.0	1.0	1.0		0		Biological Process	0.0	0.0010638297872340426	-0.0	-0.0		1880	155	2	1112
GO:0051131	chaperone-mediated protein complex assembly	0/155	2/1880	0.0	1.0	1.0		0		Biological Process	0.0	0.0010638297872340426	-0.0	-0.0		1880	155	2	1112
GO:0051173	positive regulation of nitrogen compound metabolic process	0/155	2/1880	0.0	1.0	1.0		0		Biological Process	0.0	0.0010638297872340426	-0.0	-0.0		1880	155	2	1112
GO:0051179	localization	0/155	13/1880	0.0	1.0	1.0		0		Biological Process	0.0	0.006914893617021276	-0.0	-0.0		1880	155	13	1112
GO:0051191	prosthetic group biosynthetic process	0/155	1/1880	0.0	1.0	1.0		0		Biological Process	0.0	0.0005319148936170213	-0.0	-0.0		1880	155	1	1112
GO:0051205	protein insertion into membrane	0/155	4/1880	0.0	1.0	1.0		0		Biological Process	0.0	0.002127659574468085	-0.0	-0.0		1880	155	4	1112
GO:0051223	regulation of protein transport	0/155	1/1880	0.0	1.0	1.0		0		Biological Process	0.0	0.0005319148936170213	-0.0	-0.0		1880	155	1	1112
GO:0051234	establishment of localization	0/155	7/1880	0.0	1.0	1.0		0		Biological Process	0.0	0.003723404255319149	-0.0	-0.0		1880	155	7	1112
GO:0051254	positive regulation of RNA metabolic process	0/155	2/1880	0.0	1.0	1.0		0		Biological Process	0.0	0.0010638297872340426	-0.0	-0.0		1880	155	2	1112
GO:0051258	protein polymerization	0/155	1/1880	0.0	1.0	1.0		0		Biological Process	0.0	0.0005319148936170213	-0.0	-0.0		1880	155	1	1112
GO:0051260	protein homooligomerization	0/155	2/1880	0.0	1.0	1.0		0		Biological Process	0.0	0.0010638297872340426	-0.0	-0.0		1880	155	2	1112
GO:0051262	protein tetramerization	0/155	1/1880	0.0	1.0	1.0		0		Biological Process	0.0	0.0005319148936170213	-0.0	-0.0		1880	155	1	1112
GO:0051273	beta-glucan metabolic process	0/155	1/1880	0.0	1.0	1.0		0		Biological Process	0.0	0.0005319148936170213	-0.0	-0.0		1880	155	1	1112
GO:0051274	beta-glucan biosynthetic process	0/155	1/1880	0.0	1.0	1.0		0		Biological Process	0.0	0.0005319148936170213	-0.0	-0.0		1880	155	1	1112
GO:0051276	chromosome organization	0/155	2/1880	0.0	1.0	1.0		0		Biological Process	0.0	0.0010638297872340426	-0.0	-0.0		1880	155	2	1112
GO:0051301	cell division	0/155	31/1880	0.0	1.0	1.0		0		Biological Process	0.0	0.01648936170212766	-0.0	-0.0		1880	155	31	1112
GO:0051302	regulation of cell division	0/155	1/1880	0.0	1.0	1.0		0		Biological Process	0.0	0.0005319148936170213	-0.0	-0.0		1880	155	1	1112
GO:0051336	regulation of hydrolase activity	0/155	4/1880	0.0	1.0	1.0		0		Biological Process	0.0	0.002127659574468085	-0.0	-0.0		1880	155	4	1112
GO:0051345	positive regulation of hydrolase activity	0/155	3/1880	0.0	1.0	1.0		0		Biological Process	0.0	0.0015957446808510637	-0.0	-0.0		1880	155	3	1112
GO:0051346	negative regulation of hydrolase activity	0/155	1/1880	0.0	1.0	1.0		0		Biological Process	0.0	0.0005319148936170213	-0.0	-0.0		1880	155	1	1112
GO:0051391	tRNA acetylation	0/155	1/1880	0.0	1.0	1.0		0		Biological Process	0.0	0.0005319148936170213	-0.0	-0.0		1880	155	1	1112
GO:0051409	response to nitrosative stress	0/155	2/1880	0.0	1.0	1.0		0		Biological Process	0.0	0.0010638297872340426	-0.0	-0.0		1880	155	2	1112
GO:0051479	mannosylglycerate biosynthetic process	0/155	1/1880	0.0	1.0	1.0		0		Biological Process	0.0	0.0005319148936170213	-0.0	-0.0		1880	155	1	1112
GO:0051495	positive regulation of cytoskeleton organization	0/155	1/1880	0.0	1.0	1.0		0		Biological Process	0.0	0.0005319148936170213	-0.0	-0.0		1880	155	1	1112
GO:0051595	response to methylglyoxal	0/155	1/1880	0.0	1.0	1.0		0		Biological Process	0.0	0.0005319148936170213	-0.0	-0.0		1880	155	1	1112
GO:0051596	methylglyoxal catabolic process	0/155	1/1880	0.0	1.0	1.0		0		Biological Process	0.0	0.0005319148936170213	-0.0	-0.0		1880	155	1	1112
GO:0051603	proteolysis involved in protein catabolic process	0/155	1/1880	0.0	1.0	1.0		0		Biological Process	0.0	0.0005319148936170213	-0.0	-0.0		1880	155	1	1112
GO:0051604	protein maturation	0/155	7/1880	0.0	1.0	1.0		0		Biological Process	0.0	0.003723404255319149	-0.0	-0.0		1880	155	7	1112
GO:0051674	localization of cell	0/155	6/1880	0.0	1.0	1.0		0		Biological Process	0.0	0.0031914893617021275	-0.0	-0.0		1880	155	6	1112
GO:0051701	biological process involved in interaction with host	0/155	2/1880	0.0	1.0	1.0		0		Biological Process	0.0	0.0010638297872340426	-0.0	-0.0		1880	155	2	1112
GO:0051703	biological process involved in intraspecies interaction between organisms	0/155	4/1880	0.0	1.0	1.0		0		Biological Process	0.0	0.002127659574468085	-0.0	-0.0		1880	155	4	1112
GO:0051707	response to other organism	0/155	6/1880	0.0	1.0	1.0		0		Biological Process	0.0	0.0031914893617021275	-0.0	-0.0		1880	155	6	1112
GO:0051806	symbiont entry into host	0/155	1/1880	0.0	1.0	1.0		0		Biological Process	0.0	0.0005319148936170213	-0.0	-0.0		1880	155	1	1112
GO:0051828	symbiont entry into host	0/155	1/1880	0.0	1.0	1.0		0		Biological Process	0.0	0.0005319148936170213	-0.0	-0.0		1880	155	1	1112
GO:0051832	symbiont-mediated perturbation of host defenses	0/155	1/1880	0.0	1.0	1.0		0		Biological Process	0.0	0.0005319148936170213	-0.0	-0.0		1880	155	1	1112
GO:0051833	symbiont-mediated suppression of host defenses	0/155	1/1880	0.0	1.0	1.0		0		Biological Process	0.0	0.0005319148936170213	-0.0	-0.0		1880	155	1	1112
GO:0052031	symbiont-mediated perturbation of host defense response	0/155	1/1880	0.0	1.0	1.0		0		Biological Process	0.0	0.0005319148936170213	-0.0	-0.0		1880	155	1	1112
GO:0052037	symbiont-mediated suppression of host defenses	0/155	1/1880	0.0	1.0	1.0		0		Biological Process	0.0	0.0005319148936170213	-0.0	-0.0		1880	155	1	1112
GO:0052167	perturbation of host innate immune response	0/155	1/1880	0.0	1.0	1.0		0		Biological Process	0.0	0.0005319148936170213	-0.0	-0.0		1880	155	1	1112
GO:0052170	symbiont-mediated suppression of host innate immune response	0/155	1/1880	0.0	1.0	1.0		0		Biological Process	0.0	0.0005319148936170213	-0.0	-0.0		1880	155	1	1112
GO:0052173	response to defenses of other organism	0/155	1/1880	0.0	1.0	1.0		0		Biological Process	0.0	0.0005319148936170213	-0.0	-0.0		1880	155	1	1112
GO:0052200	response to host defenses	0/155	1/1880	0.0	1.0	1.0		0		Biological Process	0.0	0.0005319148936170213	-0.0	-0.0		1880	155	1	1112
GO:0052255	symbiont-mediated perturbation of host defense response	0/155	1/1880	0.0	1.0	1.0		0		Biological Process	0.0	0.0005319148936170213	-0.0	-0.0		1880	155	1	1112
GO:0052261	symbiont-mediated suppression of host defenses	0/155	1/1880	0.0	1.0	1.0		0		Biological Process	0.0	0.0005319148936170213	-0.0	-0.0		1880	155	1	1112
GO:0052306	perturbation of host innate immune response	0/155	1/1880	0.0	1.0	1.0		0		Biological Process	0.0	0.0005319148936170213	-0.0	-0.0		1880	155	1	1112
GO:0052309	symbiont-mediated suppression of host innate immune response	0/155	1/1880	0.0	1.0	1.0		0		Biological Process	0.0	0.0005319148936170213	-0.0	-0.0		1880	155	1	1112
GO:0052547	regulation of peptidase activity	0/155	1/1880	0.0	1.0	1.0		0		Biological Process	0.0	0.0005319148936170213	-0.0	-0.0		1880	155	1	1112
GO:0052552	symbiont-mediated perturbation of host immune response	0/155	1/1880	0.0	1.0	1.0		0		Biological Process	0.0	0.0005319148936170213	-0.0	-0.0		1880	155	1	1112
GO:0052553	symbiont-mediated perturbation of host immune response	0/155	1/1880	0.0	1.0	1.0		0		Biological Process	0.0	0.0005319148936170213	-0.0	-0.0		1880	155	1	1112
GO:0052561	symbiont-mediated suppression of host immune response	0/155	1/1880	0.0	1.0	1.0		0		Biological Process	0.0	0.0005319148936170213	-0.0	-0.0		1880	155	1	1112
GO:0052562	symbiont-mediated suppression of host immune response	0/155	1/1880	0.0	1.0	1.0		0		Biological Process	0.0	0.0005319148936170213	-0.0	-0.0		1880	155	1	1112
GO:0052564	response to host immune response	0/155	1/1880	0.0	1.0	1.0		0		Biological Process	0.0	0.0005319148936170213	-0.0	-0.0		1880	155	1	1112
GO:0052572	response to host immune response	0/155	1/1880	0.0	1.0	1.0		0		Biological Process	0.0	0.0005319148936170213	-0.0	-0.0		1880	155	1	1112
GO:0052777	diacetylchitobiose catabolic process	0/155	1/1880	0.0	1.0	1.0		0		Biological Process	0.0	0.0005319148936170213	-0.0	-0.0		1880	155	1	1112
GO:0052837	thiazole biosynthetic process	0/155	1/1880	0.0	1.0	1.0		0		Biological Process	0.0	0.0005319148936170213	-0.0	-0.0		1880	155	1	1112
GO:0055080	monoatomic cation homeostasis	0/155	1/1880	0.0	1.0	1.0		0		Biological Process	0.0	0.0005319148936170213	-0.0	-0.0		1880	155	1	1112
GO:0055086	nucleobase-containing small molecule metabolic process	0/155	3/1880	0.0	1.0	1.0		0		Biological Process	0.0	0.0015957446808510637	-0.0	-0.0		1880	155	3	1112
GO:0060341	regulation of cellular localization	0/155	1/1880	0.0	1.0	1.0		0		Biological Process	0.0	0.0005319148936170213	-0.0	-0.0		1880	155	1	1112
GO:0060566	positive regulation of termination of DNA-templated transcription	0/155	1/1880	0.0	1.0	1.0		0		Biological Process	0.0	0.0005319148936170213	-0.0	-0.0		1880	155	1	1112
GO:0060699	regulation of endoribonuclease activity	0/155	1/1880	0.0	1.0	1.0		0		Biological Process	0.0	0.0005319148936170213	-0.0	-0.0		1880	155	1	1112
GO:0060700	regulation of ribonuclease activity	0/155	1/1880	0.0	1.0	1.0		0		Biological Process	0.0	0.0005319148936170213	-0.0	-0.0		1880	155	1	1112
GO:0060701	negative regulation of ribonuclease activity	0/155	2/1880	0.0	1.0	1.0		0		Biological Process	0.0	0.0010638297872340426	-0.0	-0.0		1880	155	2	1112
GO:0060702	negative regulation of endoribonuclease activity	0/155	1/1880	0.0	1.0	1.0		0		Biological Process	0.0	0.0005319148936170213	-0.0	-0.0		1880	155	1	1112
GO:0061024	membrane organization	0/155	1/1880	0.0	1.0	1.0		0		Biological Process	0.0	0.0005319148936170213	-0.0	-0.0		1880	155	1	1112
GO:0061504	cyclic threonylcarbamoyladenosine biosynthetic process	0/155	1/1880	0.0	1.0	1.0		0		Biological Process	0.0	0.0005319148936170213	-0.0	-0.0		1880	155	1	1112
GO:0061727	methylglyoxal catabolic process to lactate	0/155	1/1880	0.0	1.0	1.0		0		Biological Process	0.0	0.0005319148936170213	-0.0	-0.0		1880	155	1	1112
GO:0065002	intracellular protein transmembrane transport	0/155	4/1880	0.0	1.0	1.0		0		Biological Process	0.0	0.002127659574468085	-0.0	-0.0		1880	155	4	1112
GO:0065008	regulation of biological quality	0/155	1/1880	0.0	1.0	1.0		0		Biological Process	0.0	0.0005319148936170213	-0.0	-0.0		1880	155	1	1112
GO:0065009	regulation of molecular function	0/155	12/1880	0.0	1.0	1.0		0		Biological Process	0.0	0.006382978723404255	-0.0	-0.0		1880	155	12	1112
GO:0070201	regulation of establishment of protein localization	0/155	1/1880	0.0	1.0	1.0		0		Biological Process	0.0	0.0005319148936170213	-0.0	-0.0		1880	155	1	1112
GO:0070206	protein trimerization	0/155	3/1880	0.0	1.0	1.0		0		Biological Process	0.0	0.0015957446808510637	-0.0	-0.0		1880	155	3	1112
GO:0070207	protein homotrimerization	0/155	2/1880	0.0	1.0	1.0		0		Biological Process	0.0	0.0010638297872340426	-0.0	-0.0		1880	155	2	1112
GO:0070301	cellular response to hydrogen peroxide	0/155	5/1880	0.0	1.0	1.0		0		Biological Process	0.0	0.0026595744680851063	-0.0	-0.0		1880	155	5	1112
GO:0070417	cellular response to cold	0/155	1/1880	0.0	1.0	1.0		0		Biological Process	0.0	0.0005319148936170213	-0.0	-0.0		1880	155	1	1112
GO:0070475	rRNA base methylation	0/155	3/1880	0.0	1.0	1.0		0		Biological Process	0.0	0.0015957446808510637	-0.0	-0.0		1880	155	3	1112
GO:0070814	hydrogen sulfide biosynthetic process	0/155	2/1880	0.0	1.0	1.0		0		Biological Process	0.0	0.0010638297872340426	-0.0	-0.0		1880	155	2	1112
GO:0070838	metal ion transport	0/155	1/1880	0.0	1.0	1.0		0		Biological Process	0.0	0.0005319148936170213	-0.0	-0.0		1880	155	1	1112
GO:0070887	cellular response to chemical stimulus	0/155	7/1880	0.0	1.0	1.0		0		Biological Process	0.0	0.003723404255319149	-0.0	-0.0		1880	155	7	1112
GO:0070929	trans-translation	0/155	1/1880	0.0	1.0	1.0		0		Biological Process	0.0	0.0005319148936170213	-0.0	-0.0		1880	155	1	1112
GO:0071214	cellular response to abiotic stimulus	0/155	3/1880	0.0	1.0	1.0		0		Biological Process	0.0	0.0015957446808510637	-0.0	-0.0		1880	155	3	1112
GO:0071236	cellular response to antibiotic	0/155	5/1880	0.0	1.0	1.0		0		Biological Process	0.0	0.0026595744680851063	-0.0	-0.0		1880	155	5	1112
GO:0071241	cellular response to inorganic substance	0/155	3/1880	0.0	1.0	1.0		0		Biological Process	0.0	0.0015957446808510637	-0.0	-0.0		1880	155	3	1112
GO:0071248	cellular response to metal ion	0/155	3/1880	0.0	1.0	1.0		0		Biological Process	0.0	0.0015957446808510637	-0.0	-0.0		1880	155	3	1112
GO:0071266	'de novo' L-methionine biosynthetic process	0/155	1/1880	0.0	1.0	1.0		0		Biological Process	0.0	0.0005319148936170213	-0.0	-0.0		1880	155	1	1112
GO:0071276	cellular response to cadmium ion	0/155	2/1880	0.0	1.0	1.0		0		Biological Process	0.0	0.0010638297872340426	-0.0	-0.0		1880	155	2	1112
GO:0071286	cellular response to magnesium ion	0/155	1/1880	0.0	1.0	1.0		0		Biological Process	0.0	0.0005319148936170213	-0.0	-0.0		1880	155	1	1112
GO:0071467	cellular response to pH	0/155	2/1880	0.0	1.0	1.0		0		Biological Process	0.0	0.0010638297872340426	-0.0	-0.0		1880	155	2	1112
GO:0071468	cellular response to acidic pH	0/155	2/1880	0.0	1.0	1.0		0		Biological Process	0.0	0.0010638297872340426	-0.0	-0.0		1880	155	2	1112
GO:0071470	cellular response to osmotic stress	0/155	1/1880	0.0	1.0	1.0		0		Biological Process	0.0	0.0005319148936170213	-0.0	-0.0		1880	155	1	1112
GO:0071474	cellular hyperosmotic response	0/155	2/1880	0.0	1.0	1.0		0		Biological Process	0.0	0.0010638297872340426	-0.0	-0.0		1880	155	2	1112
GO:0071478	cellular response to radiation	0/155	1/1880	0.0	1.0	1.0		0		Biological Process	0.0	0.0005319148936170213	-0.0	-0.0		1880	155	1	1112
GO:0071482	cellular response to light stimulus	0/155	1/1880	0.0	1.0	1.0		0		Biological Process	0.0	0.0005319148936170213	-0.0	-0.0		1880	155	1	1112
GO:0071554	cell wall organization or biogenesis	0/155	1/1880	0.0	1.0	1.0		0		Biological Process	0.0	0.0005319148936170213	-0.0	-0.0		1880	155	1	1112
GO:0071702	organic substance transport	0/155	6/1880	0.0	1.0	1.0		0		Biological Process	0.0	0.0031914893617021275	-0.0	-0.0		1880	155	6	1112
GO:0071804	potassium ion transport	0/155	1/1880	0.0	1.0	1.0		0		Biological Process	0.0	0.0005319148936170213	-0.0	-0.0		1880	155	1	1112
GO:0071805	potassium ion transmembrane transport	0/155	1/1880	0.0	1.0	1.0		0		Biological Process	0.0	0.0005319148936170213	-0.0	-0.0		1880	155	1	1112
GO:0071897	DNA biosynthetic process	0/155	1/1880	0.0	1.0	1.0		0		Biological Process	0.0	0.0005319148936170213	-0.0	-0.0		1880	155	1	1112
GO:0071915	protein-lysine lysylation	0/155	1/1880	0.0	1.0	1.0		0		Biological Process	0.0	0.0005319148936170213	-0.0	-0.0		1880	155	1	1112
GO:0071934	thiamine transmembrane transport	0/155	1/1880	0.0	1.0	1.0		0		Biological Process	0.0	0.0005319148936170213	-0.0	-0.0		1880	155	1	1112
GO:0071945	regulation of bacterial-type flagellum-dependent cell motility by regulation of motor speed	0/155	1/1880	0.0	1.0	1.0		0		Biological Process	0.0	0.0005319148936170213	-0.0	-0.0		1880	155	1	1112
GO:0071973	bacterial-type flagellum-dependent cell motility	0/155	14/1880	0.0	1.0	1.0		0		Biological Process	0.0	0.007446808510638298	-0.0	-0.0		1880	155	14	1112
GO:0071978	bacterial-type flagellum-dependent swarming motility	0/155	4/1880	0.0	1.0	1.0		0		Biological Process	0.0	0.002127659574468085	-0.0	-0.0		1880	155	4	1112
GO:0072329	monocarboxylic acid catabolic process	0/155	1/1880	0.0	1.0	1.0		0		Biological Process	0.0	0.0005319148936170213	-0.0	-0.0		1880	155	1	1112
GO:0072330	monocarboxylic acid biosynthetic process	0/155	1/1880	0.0	1.0	1.0		0		Biological Process	0.0	0.0005319148936170213	-0.0	-0.0		1880	155	1	1112
GO:0072344	rescue of stalled ribosome	0/155	1/1880	0.0	1.0	1.0		0		Biological Process	0.0	0.0005319148936170213	-0.0	-0.0		1880	155	1	1112
GO:0072350	tricarboxylic acid metabolic process	0/155	1/1880	0.0	1.0	1.0		0		Biological Process	0.0	0.0005319148936170213	-0.0	-0.0		1880	155	1	1112
GO:0072511	inorganic cation transmembrane transport	0/155	1/1880	0.0	1.0	1.0		0		Biological Process	0.0	0.0005319148936170213	-0.0	-0.0		1880	155	1	1112
GO:0072512	monoatomic cation transport	0/155	1/1880	0.0	1.0	1.0		0		Biological Process	0.0	0.0005319148936170213	-0.0	-0.0		1880	155	1	1112
GO:0072524	pyridine-containing compound metabolic process	0/155	1/1880	0.0	1.0	1.0		0		Biological Process	0.0	0.0005319148936170213	-0.0	-0.0		1880	155	1	1112
GO:0072525	pyridine-containing compound biosynthetic process	0/155	1/1880	0.0	1.0	1.0		0		Biological Process	0.0	0.0005319148936170213	-0.0	-0.0		1880	155	1	1112
GO:0075136	response to host	0/155	1/1880	0.0	1.0	1.0		0		Biological Process	0.0	0.0005319148936170213	-0.0	-0.0		1880	155	1	1112
GO:0080134	regulation of response to stress	0/155	1/1880	0.0	1.0	1.0		0		Biological Process	0.0	0.0005319148936170213	-0.0	-0.0		1880	155	1	1112
GO:0090071	negative regulation of ribosome biogenesis	0/155	1/1880	0.0	1.0	1.0		0		Biological Process	0.0	0.0005319148936170213	-0.0	-0.0		1880	155	1	1112
GO:0090087	regulation of peptide transport	0/155	1/1880	0.0	1.0	1.0		0		Biological Process	0.0	0.0005319148936170213	-0.0	-0.0		1880	155	1	1112
GO:0090313	regulation of protein targeting to membrane	0/155	1/1880	0.0	1.0	1.0		0		Biological Process	0.0	0.0005319148936170213	-0.0	-0.0		1880	155	1	1112
GO:0090407	organophosphate biosynthetic process	0/155	3/1880	0.0	1.0	1.0		0		Biological Process	0.0	0.0015957446808510637	-0.0	-0.0		1880	155	3	1112
GO:0090529	cell septum assembly	0/155	2/1880	0.0	1.0	1.0		0		Biological Process	0.0	0.0010638297872340426	-0.0	-0.0		1880	155	2	1112
GO:0090540	bacterial cellulose biosynthetic process	0/155	1/1880	0.0	1.0	1.0		0		Biological Process	0.0	0.0005319148936170213	-0.0	-0.0		1880	155	1	1112
GO:0090605	submerged biofilm formation	0/155	4/1880	0.0	1.0	1.0		0		Biological Process	0.0	0.002127659574468085	-0.0	-0.0		1880	155	4	1112
GO:0090609	single-species submerged biofilm formation	0/155	4/1880	0.0	1.0	1.0		0		Biological Process	0.0	0.002127659574468085	-0.0	-0.0		1880	155	4	1112
GO:0097164	ammonium ion metabolic process	0/155	1/1880	0.0	1.0	1.0		0		Biological Process	0.0	0.0005319148936170213	-0.0	-0.0		1880	155	1	1112
GO:0097237	cellular response to toxic substance	0/155	5/1880	0.0	1.0	1.0		0		Biological Process	0.0	0.0026595744680851063	-0.0	-0.0		1880	155	5	1112
GO:0097588	archaeal or bacterial-type flagellum-dependent cell motility	0/155	8/1880	0.0	1.0	1.0		0		Biological Process	0.0	0.00425531914893617	-0.0	-0.0		1880	155	8	1112
GO:0098542	defense response to other organism	0/155	4/1880	0.0	1.0	1.0		0		Biological Process	0.0	0.002127659574468085	-0.0	-0.0		1880	155	4	1112
GO:0098586	cellular response to virus	0/155	1/1880	0.0	1.0	1.0		0		Biological Process	0.0	0.0005319148936170213	-0.0	-0.0		1880	155	1	1112
GO:0098655	monoatomic cation transmembrane transport	0/155	1/1880	0.0	1.0	1.0		0		Biological Process	0.0	0.0005319148936170213	-0.0	-0.0		1880	155	1	1112
GO:0098657	import into cell	0/155	1/1880	0.0	1.0	1.0		0		Biological Process	0.0	0.0005319148936170213	-0.0	-0.0		1880	155	1	1112
GO:0098660	inorganic ion transmembrane transport	0/155	1/1880	0.0	1.0	1.0		0		Biological Process	0.0	0.0005319148936170213	-0.0	-0.0		1880	155	1	1112
GO:0098662	inorganic cation transmembrane transport	0/155	1/1880	0.0	1.0	1.0		0		Biological Process	0.0	0.0005319148936170213	-0.0	-0.0		1880	155	1	1112
GO:0098771	inorganic ion homeostasis	0/155	1/1880	0.0	1.0	1.0		0		Biological Process	0.0	0.0005319148936170213	-0.0	-0.0		1880	155	1	1112
GO:0101030	tRNA-guanine transglycosylation	0/155	1/1880	0.0	1.0	1.0		0		Biological Process	0.0	0.0005319148936170213	-0.0	-0.0		1880	155	1	1112
GO:0104004	cellular response to environmental stimulus	0/155	3/1880	0.0	1.0	1.0		0		Biological Process	0.0	0.0015957446808510637	-0.0	-0.0		1880	155	3	1112
GO:0120009	intermembrane lipid transfer	0/155	1/1880	0.0	1.0	1.0		0		Biological Process	0.0	0.0005319148936170213	-0.0	-0.0		1880	155	1	1112
GO:0120010	intermembrane phospholipid transfer	0/155	1/1880	0.0	1.0	1.0		0		Biological Process	0.0	0.0005319148936170213	-0.0	-0.0		1880	155	1	1112
GO:0140647	P450-containing electron transport chain	0/155	1/1880	0.0	1.0	1.0		0		Biological Process	0.0	0.0005319148936170213	-0.0	-0.0		1880	155	1	1112
GO:1901293	nucleoside phosphate biosynthetic process	0/155	3/1880	0.0	1.0	1.0		0		Biological Process	0.0	0.0015957446808510637	-0.0	-0.0		1880	155	3	1112
GO:1901361	organic cyclic compound catabolic process	0/155	2/1880	0.0	1.0	1.0		0		Biological Process	0.0	0.0010638297872340426	-0.0	-0.0		1880	155	2	1112
GO:1901362	organic cyclic compound biosynthetic process	0/155	3/1880	0.0	1.0	1.0		0		Biological Process	0.0	0.0015957446808510637	-0.0	-0.0		1880	155	3	1112
GO:1901367	response to L-cysteine	0/155	1/1880	0.0	1.0	1.0		0		Biological Process	0.0	0.0005319148936170213	-0.0	-0.0		1880	155	1	1112
GO:1901381	positive regulation of potassium ion transmembrane transport	0/155	2/1880	0.0	1.0	1.0		0		Biological Process	0.0	0.0010638297872340426	-0.0	-0.0		1880	155	2	1112
GO:1901565	organonitrogen compound catabolic process	0/155	1/1880	0.0	1.0	1.0		0		Biological Process	0.0	0.0005319148936170213	-0.0	-0.0		1880	155	1	1112
GO:1901566	organonitrogen compound biosynthetic process	0/155	3/1880	0.0	1.0	1.0		0		Biological Process	0.0	0.0015957446808510637	-0.0	-0.0		1880	155	3	1112
GO:1901575	organic substance catabolic process	0/155	5/1880	0.0	1.0	1.0		0		Biological Process	0.0	0.0026595744680851063	-0.0	-0.0		1880	155	5	1112
GO:1901605	alpha-amino acid metabolic process	0/155	3/1880	0.0	1.0	1.0		0		Biological Process	0.0	0.0015957446808510637	-0.0	-0.0		1880	155	3	1112
GO:1901606	alpha-amino acid catabolic process	0/155	1/1880	0.0	1.0	1.0		0		Biological Process	0.0	0.0005319148936170213	-0.0	-0.0		1880	155	1	1112
GO:1901615	organic hydroxy compound metabolic process	0/155	1/1880	0.0	1.0	1.0		0		Biological Process	0.0	0.0005319148936170213	-0.0	-0.0		1880	155	1	1112
GO:1901617	organic hydroxy compound biosynthetic process	0/155	1/1880	0.0	1.0	1.0		0		Biological Process	0.0	0.0005319148936170213	-0.0	-0.0		1880	155	1	1112
GO:1901652	response to peptide	0/155	2/1880	0.0	1.0	1.0		0		Biological Process	0.0	0.0010638297872340426	-0.0	-0.0		1880	155	2	1112
GO:1901678	iron coordination entity transport	0/155	2/1880	0.0	1.0	1.0		0		Biological Process	0.0	0.0010638297872340426	-0.0	-0.0		1880	155	2	1112
GO:1901698	response to nitrogen compound	0/155	3/1880	0.0	1.0	1.0		0		Biological Process	0.0	0.0015957446808510637	-0.0	-0.0		1880	155	3	1112
GO:1901701	cellular response to oxygen-containing compound	0/155	6/1880	0.0	1.0	1.0		0		Biological Process	0.0	0.0031914893617021275	-0.0	-0.0		1880	155	6	1112
GO:1901891	regulation of cell septum assembly	0/155	1/1880	0.0	1.0	1.0		0		Biological Process	0.0	0.0005319148936170213	-0.0	-0.0		1880	155	1	1112
GO:1902358	sulfate transmembrane transport	0/155	2/1880	0.0	1.0	1.0		0		Biological Process	0.0	0.0010638297872340426	-0.0	-0.0		1880	155	2	1112
GO:1902600	proton transmembrane transport	0/155	1/1880	0.0	1.0	1.0		0		Biological Process	0.0	0.0005319148936170213	-0.0	-0.0		1880	155	1	1112
GO:1902604	p-aminobenzoyl-glutamate transmembrane transport	0/155	1/1880	0.0	1.0	1.0		0		Biological Process	0.0	0.0005319148936170213	-0.0	-0.0		1880	155	1	1112
GO:1902680	positive regulation of RNA biosynthetic process	0/155	2/1880	0.0	1.0	1.0		0		Biological Process	0.0	0.0010638297872340426	-0.0	-0.0		1880	155	2	1112
GO:1902777	6-sulfoquinovose(1-) catabolic process	0/155	3/1880	0.0	1.0	1.0		0		Biological Process	0.0	0.0015957446808510637	-0.0	-0.0		1880	155	3	1112
GO:1903533	regulation of protein targeting	0/155	1/1880	0.0	1.0	1.0		0		Biological Process	0.0	0.0005319148936170213	-0.0	-0.0		1880	155	1	1112
GO:1903656	regulation of type IV pilus biogenesis	0/155	1/1880	0.0	1.0	1.0		0		Biological Process	0.0	0.0005319148936170213	-0.0	-0.0		1880	155	1	1112
GO:1903658	positive regulation of type IV pilus biogenesis	0/155	1/1880	0.0	1.0	1.0		0		Biological Process	0.0	0.0005319148936170213	-0.0	-0.0		1880	155	1	1112
GO:1903827	regulation of protein localization	0/155	1/1880	0.0	1.0	1.0		0		Biological Process	0.0	0.0005319148936170213	-0.0	-0.0		1880	155	1	1112
GO:1905475	regulation of protein localization to membrane	0/155	1/1880	0.0	1.0	1.0		0		Biological Process	0.0	0.0005319148936170213	-0.0	-0.0		1880	155	1	1112
GO:1905887	autoinducer AI-2 transmembrane transport	0/155	1/1880	0.0	1.0	1.0		0		Biological Process	0.0	0.0005319148936170213	-0.0	-0.0		1880	155	1	1112
GO:1990397	queuosine salvage	0/155	1/1880	0.0	1.0	1.0		0		Biological Process	0.0	0.0005319148936170213	-0.0	-0.0		1880	155	1	1112
GO:1990451	cellular stress response to acidic pH	0/155	1/1880	0.0	1.0	1.0		0		Biological Process	0.0	0.0005319148936170213	-0.0	-0.0		1880	155	1	1112
GO:1990961	xenobiotic detoxification by transmembrane export across the plasma membrane	0/155	5/1880	0.0	1.0	1.0		0		Biological Process	0.0	0.0026595744680851063	-0.0	-0.0		1880	155	5	1112
GO:2000147	positive regulation of cell motility	0/155	1/1880	0.0	1.0	1.0		0		Biological Process	0.0	0.0005319148936170213	-0.0	-0.0		1880	155	1	1112
GO:2000372	negative regulation of DNA topoisomerase (ATP-hydrolyzing) activity	0/155	1/1880	0.0	1.0	1.0		0		Biological Process	0.0	0.0005319148936170213	-0.0	-0.0		1880	155	1	1112
GO:2000677	regulation of transcription regulatory region DNA binding	0/155	1/1880	0.0	1.0	1.0		0		Biological Process	0.0	0.0005319148936170213	-0.0	-0.0		1880	155	1	1112
GO:2000678	negative regulation of transcription regulatory region DNA binding	0/155	1/1880	0.0	1.0	1.0		0		Biological Process	0.0	0.0005319148936170213	-0.0	-0.0		1880	155	1	1112
GO:2001059	D-tagatose 6-phosphate catabolic process	0/155	1/1880	0.0	1.0	1.0		0		Biological Process	0.0	0.0005319148936170213	-0.0	-0.0		1880	155	1	1112
