ID	Description	GeneRatio	BgRatio	enrich_factor	pvalue	qvalue	geneID	gene_number	Contained	Ontology	GeneRatio_num	BgRatio_num	negLog10p	negLog10q	direction	background_genes	foreground_genes	background_term_genes	BH_family_terms
GO:0004371	glycerone kinase activity	2/223	2/2534	11.36322869955157	0.0077128704572797194	1.0	C600_DK885_RS13780;C600_DK885_RS13785	2	down	Molecular Function	0.008968609865470852	0.0007892659826361484	2.112783962837016	-0.0	down	2534	223	2	1196
GO:0008918	lipopolysaccharide 3-alpha-galactosyltransferase activity	2/223	2/2534	11.36322869955157	0.0077128704572797194	1.0	C600_DK885_RS00630;C600_DK885_RS00635	2	down	Molecular Function	0.008968609865470852	0.0007892659826361484	2.112783962837016	-0.0	down	2534	223	2	1196
GO:0032549	ribonucleoside binding	2/223	2/2534	11.36322869955157	0.0077128704572797194	1.0	C600_DK885_RS18025;C600_DK885_RS22535	2	down	Molecular Function	0.008968609865470852	0.0007892659826361484	2.112783962837016	-0.0	down	2534	223	2	1196
GO:0045437	uridine nucleosidase activity	2/223	2/2534	11.36322869955157	0.0077128704572797194	1.0	C600_DK885_RS16750;C600_DK885_RS20045	2	down	Molecular Function	0.008968609865470852	0.0007892659826361484	2.112783962837016	-0.0	down	2534	223	2	1196
GO:0015205	nucleobase transmembrane transporter activity	4/223	10/2534	4.545291479820627	0.008014480723878196	1.0	C600_DK885_RS00420;C600_DK885_RS04670;C600_DK885_RS04690;C600_DK885_RS04700	4	up	Molecular Function	0.017937219730941704	0.003946329913180742	2.096124611308596	-0.0	up	2534	223	10	1196
GO:0048038	quinone binding	5/223	17/2534	3.3421260881034027	0.012945144508852431	1.0	C600_DK885_RS05525;C600_DK885_RS05535;C600_DK885_RS07785;C600_DK885_RS07810;C600_DK885_RS19550	5	up&down	Molecular Function	0.02242152466367713	0.006708760852407261	1.8878930970987964	-0.0	up&down	2534	223	17	1196
GO:0051536	iron-sulfur cluster binding	6/223	24/2534	2.8408071748878925	0.015116032416278933	1.0	C600_DK885_RS01845;C600_DK885_RS04685;C600_DK885_RS04770;C600_DK885_RS05510;C600_DK885_RS05565;C600_DK885_RS11130	6	up&down	Molecular Function	0.026905829596412557	0.009471191791633781	1.8205621854110188	-0.0	up&down	2534	223	24	1196
GO:0015473	fimbrial usher porin activity	3/223	7/2534	4.869955156950673	0.01802605691186653	1.0	C600_DK885_RS03830;C600_DK885_RS17455;C600_DK885_RS20655	3	up&down	Molecular Function	0.013452914798206279	0.0027624309392265192	1.7440992621128464	-0.0	up&down	2534	223	7	1196
GO:0004333	fumarate hydratase activity	2/223	3/2534	7.575485799701045	0.02179220981486884	1.0	C600_DK885_RS11455;C600_DK885_RS21775	2	up&down	Molecular Function	0.008968609865470852	0.0011838989739542227	1.6616987283704157	-0.0	up&down	2534	223	3	1196
GO:0015658	branched-chain amino acid transmembrane transporter activity	2/223	3/2534	7.575485799701045	0.02179220981486884	1.0	C600_DK885_RS01615;C600_DK885_RS01625	2	up	Molecular Function	0.008968609865470852	0.0011838989739542227	1.6616987283704157	-0.0	up	2534	223	3	1196
GO:0003746	translation elongation factor activity	4/223	13/2534	3.496378061400483	0.02210330141780467	1.0	C600_DK885_RS03095;C600_DK885_RS08390;C600_DK885_RS19295;C600_DK885_RS21630	4	down	Molecular Function	0.017937219730941704	0.005130228887134964	1.6555428538962371	-0.0	down	2534	223	13	1196
GO:0016829	lyase activity	9/223	49/2534	2.0871236386931455	0.024439556310769998	1.0	C600_DK885_RS03440;C600_DK885_RS03555;C600_DK885_RS05505;C600_DK885_RS05510;C600_DK885_RS05515;C600_DK885_RS05520;C600_DK885_RS05525;C600_DK885_RS05535;C600_DK885_RS05540	9	down	Molecular Function	0.04035874439461883	0.019337016574585635	1.6119066827802762	-0.0	down	2534	223	49	1196
GO:0016831	carboxy-lyase activity	2/223	4/2534	5.681614349775785	0.041067164723574814	1.0	C600_DK885_RS04260;C600_DK885_RS07920	2	up	Molecular Function	0.008968609865470852	0.0015785319652722968	1.386505279795755	-0.0	up	2534	223	4	1196
GO:0008137	NADH dehydrogenase (ubiquinone) activity	4/223	16/2534	2.8408071748878925	0.04567211669020618	1.0	C600_DK885_RS05515;C600_DK885_RS05525;C600_DK885_RS05535;C600_DK885_RS07810	4	up&down	Molecular Function	0.017937219730941704	0.006314127861089187	1.3403488603970668	-0.0	up&down	2534	223	16	1196
GO:0015293	symporter activity	4/223	16/2534	2.8408071748878925	0.04567211669020618	1.0	C600_DK885_RS01210;C600_DK885_RS03430;C600_DK885_RS03565;C600_DK885_RS23115	4	up&down	Molecular Function	0.017937219730941704	0.006314127861089187	1.3403488603970668	-0.0	up&down	2534	223	16	1196
GO:0016779	nucleotidyltransferase activity	4/223	17/2534	2.673700870482722	0.0557419542844497	1.0	C600_DK885_RS06090;C600_DK885_RS08990;C600_DK885_RS12130;C600_DK885_RS20140	4	up&down	Molecular Function	0.017937219730941704	0.006708760852407261	1.2538178092130574	-0.0	up&down	2534	223	17	1196
GO:0097159	organic cyclic compound binding	4/223	18/2534	2.525161933233682	0.0669057057874399	1.0	C600_DK885_RS04735;C600_DK885_RS07345;C600_DK885_RS17840;C600_DK885_RS18025	4	up&down	Molecular Function	0.017937219730941704	0.007103393843725336	1.1745368435724728	-0.0	up&down	2534	223	18	1196
GO:1901363	heterocyclic compound binding	4/223	18/2534	2.525161933233682	0.0669057057874399	1.0	C600_DK885_RS04735;C600_DK885_RS07345;C600_DK885_RS17840;C600_DK885_RS18025	4	up&down	Molecular Function	0.017937219730941704	0.007103393843725336	1.1745368435724728	-0.0	up&down	2534	223	18	1196
GO:0000030	mannosyltransferase activity	1/223	1/2534	11.36322869955157	0.08800315706414631	1.0	C600_DK885_RS07910	1	up	Molecular Function	0.004484304932735426	0.0003946329913180742	1.0555017474981971	-0.0	up	2534	223	1	1196
GO:0000034	adenine deaminase activity	1/223	1/2534	11.36322869955157	0.08800315706414631	1.0	C600_DK885_RS00415	1	up	Molecular Function	0.004484304932735426	0.0003946329913180742	1.0555017474981971	-0.0	up	2534	223	1	1196
GO:0001882	nucleoside binding	1/223	1/2534	11.36322869955157	0.08800315706414631	1.0	C600_DK885_RS18025	1	down	Molecular Function	0.004484304932735426	0.0003946329913180742	1.0555017474981971	-0.0	down	2534	223	1	1196
GO:0003688	DNA replication origin binding	1/223	1/2534	11.36322869955157	0.08800315706414631	1.0	C600_DK885_RS00210	1	down	Molecular Function	0.004484304932735426	0.0003946329913180742	1.0555017474981971	-0.0	down	2534	223	1	1196
GO:0003871	5-methyltetrahydropteroyltriglutamate-homocysteine S-methyltransferase activity	1/223	1/2534	11.36322869955157	0.08800315706414631	1.0	C600_DK885_RS23350	1	down	Molecular Function	0.004484304932735426	0.0003946329913180742	1.0555017474981971	-0.0	down	2534	223	1	1196
GO:0003952	NAD+ synthase (glutamine-hydrolyzing) activity	1/223	1/2534	11.36322869955157	0.08800315706414631	1.0	C600_DK885_RS10755	1	down	Molecular Function	0.004484304932735426	0.0003946329913180742	1.0555017474981971	-0.0	down	2534	223	1	1196
GO:0003954	NADH dehydrogenase activity	1/223	1/2534	11.36322869955157	0.08800315706414631	1.0	C600_DK885_RS14295	1	down	Molecular Function	0.004484304932735426	0.0003946329913180742	1.0555017474981971	-0.0	down	2534	223	1	1196
GO:0003973	(S)-2-hydroxy-acid oxidase activity	1/223	1/2534	11.36322869955157	0.08800315706414631	1.0	C600_DK885_RS04180	1	up	Molecular Function	0.004484304932735426	0.0003946329913180742	1.0555017474981971	-0.0	up	2534	223	1	1196
GO:0004317	(3R)-3-hydroxypalmitoyl-[acyl-carrier-protein] dehydratase activity	1/223	1/2534	11.36322869955157	0.08800315706414631	1.0	C600_DK885_RS19245	1	down	Molecular Function	0.004484304932735426	0.0003946329913180742	1.0555017474981971	-0.0	down	2534	223	1	1196
GO:0004416	hydroxyacylglutathione hydrolase activity	1/223	1/2534	11.36322869955157	0.08800315706414631	1.0	C600_DK885_RS19080	1	down	Molecular Function	0.004484304932735426	0.0003946329913180742	1.0555017474981971	-0.0	down	2534	223	1	1196
GO:0004427	inorganic diphosphate phosphatase activity	1/223	1/2534	11.36322869955157	0.08800315706414631	1.0	C600_DK885_RS21195	1	down	Molecular Function	0.004484304932735426	0.0003946329913180742	1.0555017474981971	-0.0	down	2534	223	1	1196
GO:0004451	isocitrate lyase activity	1/223	1/2534	11.36322869955157	0.08800315706414631	1.0	C600_DK885_RS22380	1	up	Molecular Function	0.004484304932735426	0.0003946329913180742	1.0555017474981971	-0.0	up	2534	223	1	1196
GO:0004452	isopentenyl-diphosphate delta-isomerase activity	1/223	1/2534	11.36322869955157	0.08800315706414631	1.0	C600_DK885_RS04660	1	up	Molecular Function	0.004484304932735426	0.0003946329913180742	1.0555017474981971	-0.0	up	2534	223	1	1196
GO:0004489	methylenetetrahydrofolate reductase (NAD(P)H) activity	1/223	1/2534	11.36322869955157	0.08800315706414631	1.0	C600_DK885_RS22780	1	down	Molecular Function	0.004484304932735426	0.0003946329913180742	1.0555017474981971	-0.0	down	2534	223	1	1196
GO:0008170	N-methyltransferase activity	1/223	1/2534	11.36322869955157	0.08800315706414631	1.0	C600_DK885_RS20475	1	down	Molecular Function	0.004484304932735426	0.0003946329913180742	1.0555017474981971	-0.0	down	2534	223	1	1196
GO:0008412	4-hydroxybenzoate octaprenyltransferase activity	1/223	1/2534	11.36322869955157	0.08800315706414631	1.0	C600_DK885_RS22235	1	up	Molecular Function	0.004484304932735426	0.0003946329913180742	1.0555017474981971	-0.0	up	2534	223	1	1196
GO:0008448	N-acetylglucosamine-6-phosphate deacetylase activity	1/223	1/2534	11.36322869955157	0.08800315706414631	1.0	C600_DK885_RS16630	1	down	Molecular Function	0.004484304932735426	0.0003946329913180742	1.0555017474981971	-0.0	down	2534	223	1	1196
GO:0008659	(3R)-3-hydroxymyristoyl-[acyl-carrier-protein] dehydratase activity	1/223	1/2534	11.36322869955157	0.08800315706414631	1.0	C600_DK885_RS19245	1	down	Molecular Function	0.004484304932735426	0.0003946329913180742	1.0555017474981971	-0.0	down	2534	223	1	1196
GO:0008676	3-deoxy-8-phosphooctulonate synthase activity	1/223	1/2534	11.36322869955157	0.08800315706414631	1.0	C600_DK885_RS13685	1	down	Molecular Function	0.004484304932735426	0.0003946329913180742	1.0555017474981971	-0.0	down	2534	223	1	1196
GO:0008693	(3R)-3-hydroxydecanoyl-[acyl-carrier-protein] dehydratase activity	1/223	1/2534	11.36322869955157	0.08800315706414631	1.0	C600_DK885_RS19245	1	down	Molecular Function	0.004484304932735426	0.0003946329913180742	1.0555017474981971	-0.0	down	2534	223	1	1196
GO:0008747	N-acetylneuraminate lyase activity	1/223	1/2534	11.36322869955157	0.08800315706414631	1.0	C600_DK885_RS02845	1	down	Molecular Function	0.004484304932735426	0.0003946329913180742	1.0555017474981971	-0.0	down	2534	223	1	1196
GO:0008750	NAD(P)+ transhydrogenase (AB-specific) activity	1/223	1/2534	11.36322869955157	0.08800315706414631	1.0	C600_DK885_RS11505	1	up	Molecular Function	0.004484304932735426	0.0003946329913180742	1.0555017474981971	-0.0	up	2534	223	1	1196
GO:0008756	o-succinylbenzoate-CoA ligase activity	1/223	1/2534	11.36322869955157	0.08800315706414631	1.0	C600_DK885_RS07890	1	down	Molecular Function	0.004484304932735426	0.0003946329913180742	1.0555017474981971	-0.0	down	2534	223	1	1196
GO:0008772	[isocitrate dehydrogenase (NADP+)] kinase activity	1/223	1/2534	11.36322869955157	0.08800315706414631	1.0	C600_DK885_RS22375	1	up	Molecular Function	0.004484304932735426	0.0003946329913180742	1.0555017474981971	-0.0	up	2534	223	1	1196
GO:0008780	acyl-[acyl-carrier-protein]-UDP-N-acetylglucosamine O-acyltransferase activity	1/223	1/2534	11.36322869955157	0.08800315706414631	1.0	C600_DK885_RS19240	1	down	Molecular Function	0.004484304932735426	0.0003946329913180742	1.0555017474981971	-0.0	down	2534	223	1	1196
GO:0008795	NAD+ synthase activity	1/223	1/2534	11.36322869955157	0.08800315706414631	1.0	C600_DK885_RS10755	1	down	Molecular Function	0.004484304932735426	0.0003946329913180742	1.0555017474981971	-0.0	down	2534	223	1	1196
GO:0008834	di-trans,poly-cis-decaprenylcistransferase activity	1/223	1/2534	11.36322869955157	0.08800315706414631	1.0	C600_DK885_RS19275	1	down	Molecular Function	0.004484304932735426	0.0003946329913180742	1.0555017474981971	-0.0	down	2534	223	1	1196
GO:0008867	galactarate dehydratase activity	1/223	1/2534	11.36322869955157	0.08800315706414631	1.0	C600_DK885_RS03370	1	down	Molecular Function	0.004484304932735426	0.0003946329913180742	1.0555017474981971	-0.0	down	2534	223	1	1196
GO:0008880	glucuronate isomerase activity	1/223	1/2534	11.36322869955157	0.08800315706414631	1.0	C600_DK885_RS03550	1	down	Molecular Function	0.004484304932735426	0.0003946329913180742	1.0555017474981971	-0.0	down	2534	223	1	1196
GO:0008892	guanine deaminase activity	1/223	1/2534	11.36322869955157	0.08800315706414631	1.0	C600_DK885_RS04695	1	up	Molecular Function	0.004484304932735426	0.0003946329913180742	1.0555017474981971	-0.0	up	2534	223	1	1196
GO:0008907	integrase activity	1/223	1/2534	11.36322869955157	0.08800315706414631	1.0	C600_DK885_RS14135	1	up	Molecular Function	0.004484304932735426	0.0003946329913180742	1.0555017474981971	-0.0	up	2534	223	1	1196
GO:0008929	methylglyoxal synthase activity	1/223	1/2534	11.36322869955157	0.08800315706414631	1.0	C600_DK885_RS15095	1	down	Molecular Function	0.004484304932735426	0.0003946329913180742	1.0555017474981971	-0.0	down	2534	223	1	1196
GO:0008980	propionate kinase activity	1/223	1/2534	11.36322869955157	0.08800315706414631	1.0	C600_DK885_RS03435	1	down	Molecular Function	0.004484304932735426	0.0003946329913180742	1.0555017474981971	-0.0	down	2534	223	1	1196
GO:0008998	ribonucleoside-triphosphate reductase activity	1/223	1/2534	11.36322869955157	0.08800315706414631	1.0	C600_DK885_RS21140	1	up	Molecular Function	0.004484304932735426	0.0003946329913180742	1.0555017474981971	-0.0	up	2534	223	1	1196
GO:0009000	selenocysteine lyase activity	1/223	1/2534	11.36322869955157	0.08800315706414631	1.0	C600_DK885_RS11085	1	up	Molecular Function	0.004484304932735426	0.0003946329913180742	1.0555017474981971	-0.0	up	2534	223	1	1196
GO:0009026	tagaturonate reductase activity	1/223	1/2534	11.36322869955157	0.08800315706414631	1.0	C600_DK885_RS11965	1	down	Molecular Function	0.004484304932735426	0.0003946329913180742	1.0555017474981971	-0.0	down	2534	223	1	1196
GO:0009045	xylose isomerase activity	1/223	1/2534	11.36322869955157	0.08800315706414631	1.0	C600_DK885_RS00985	1	up	Molecular Function	0.004484304932735426	0.0003946329913180742	1.0555017474981971	-0.0	up	2534	223	1	1196
GO:0009384	N-acylmannosamine kinase activity	1/223	1/2534	11.36322869955157	0.08800315706414631	1.0	C600_DK885_RS02860	1	down	Molecular Function	0.004484304932735426	0.0003946329913180742	1.0555017474981971	-0.0	down	2534	223	1	1196
GO:0015093	ferrous iron transmembrane transporter activity	1/223	1/2534	11.36322869955157	0.08800315706414631	1.0	C600_DK885_RS01850	1	up	Molecular Function	0.004484304932735426	0.0003946329913180742	1.0555017474981971	-0.0	up	2534	223	1	1196
GO:0015506	nucleoside:proton symporter activity	1/223	1/2534	11.36322869955157	0.08800315706414631	1.0	C600_DK885_RS04265	1	up	Molecular Function	0.004484304932735426	0.0003946329913180742	1.0555017474981971	-0.0	up	2534	223	1	1196
GO:0015538	sialic acid:proton symporter activity	1/223	1/2534	11.36322869955157	0.08800315706414631	1.0	C600_DK885_RS02850	1	down	Molecular Function	0.004484304932735426	0.0003946329913180742	1.0555017474981971	-0.0	down	2534	223	1	1196
GO:0015565	threonine efflux transmembrane transporter activity	1/223	1/2534	11.36322869955157	0.08800315706414631	1.0	C600_DK885_RS03430	1	down	Molecular Function	0.004484304932735426	0.0003946329913180742	1.0555017474981971	-0.0	down	2534	223	1	1196
GO:0015614	ABC-type D-xylose transporter activity	1/223	1/2534	11.36322869955157	0.08800315706414631	1.0	C600_DK885_RS00975	1	up	Molecular Function	0.004484304932735426	0.0003946329913180742	1.0555017474981971	-0.0	up	2534	223	1	1196
GO:0016413	O-acetyltransferase activity	1/223	1/2534	11.36322869955157	0.08800315706414631	1.0	C600_DK885_RS01005	1	up	Molecular Function	0.004484304932735426	0.0003946329913180742	1.0555017474981971	-0.0	up	2534	223	1	1196
GO:0016614	oxidoreductase activity, acting on CH-OH group of donors	1/223	1/2534	11.36322869955157	0.08800315706414631	1.0	C600_DK885_RS19550	1	up	Molecular Function	0.004484304932735426	0.0003946329913180742	1.0555017474981971	-0.0	up	2534	223	1	1196
GO:0016625	oxidoreductase activity, acting on the aldehyde or oxo group of donors, iron-sulfur protein as acceptor	1/223	1/2534	11.36322869955157	0.08800315706414631	1.0	C600_DK885_RS11120	1	up	Molecular Function	0.004484304932735426	0.0003946329913180742	1.0555017474981971	-0.0	up	2534	223	1	1196
GO:0016742	hydroxymethyl-, formyl- and related transferase activity	1/223	1/2534	11.36322869955157	0.08800315706414631	1.0	C600_DK885_RS07920	1	up	Molecular Function	0.004484304932735426	0.0003946329913180742	1.0555017474981971	-0.0	up	2534	223	1	1196
GO:0016878	acid-thiol ligase activity	1/223	1/2534	11.36322869955157	0.08800315706414631	1.0	C600_DK885_RS20005	1	down	Molecular Function	0.004484304932735426	0.0003946329913180742	1.0555017474981971	-0.0	down	2534	223	1	1196
GO:0019001	guanyl nucleotide binding	1/223	1/2534	11.36322869955157	0.08800315706414631	1.0	C600_DK885_RS18025	1	down	Molecular Function	0.004484304932735426	0.0003946329913180742	1.0555017474981971	-0.0	down	2534	223	1	1196
GO:0032550	purine ribonucleoside binding	1/223	1/2534	11.36322869955157	0.08800315706414631	1.0	C600_DK885_RS18025	1	down	Molecular Function	0.004484304932735426	0.0003946329913180742	1.0555017474981971	-0.0	down	2534	223	1	1196
GO:0032561	guanyl ribonucleotide binding	1/223	1/2534	11.36322869955157	0.08800315706414631	1.0	C600_DK885_RS18025	1	down	Molecular Function	0.004484304932735426	0.0003946329913180742	1.0555017474981971	-0.0	down	2534	223	1	1196
GO:0033743	peptide-methionine (R)-S-oxide reductase activity	1/223	1/2534	11.36322869955157	0.08800315706414631	1.0	C600_DK885_RS10550	1	up	Molecular Function	0.004484304932735426	0.0003946329913180742	1.0555017474981971	-0.0	up	2534	223	1	1196
GO:0033862	UMP kinase activity	1/223	1/2534	11.36322869955157	0.08800315706414631	1.0	C600_DK885_RS19290	1	down	Molecular Function	0.004484304932735426	0.0003946329913180742	1.0555017474981971	-0.0	down	2534	223	1	1196
GO:0047451	(3R)-3-hydroxyoctanoyl-[acyl-carrier-protein] dehydratase activity	1/223	1/2534	11.36322869955157	0.08800315706414631	1.0	C600_DK885_RS19245	1	down	Molecular Function	0.004484304932735426	0.0003946329913180742	1.0555017474981971	-0.0	down	2534	223	1	1196
GO:0047465	N-acylglucosamine-6-phosphate 2-epimerase activity	1/223	1/2534	11.36322869955157	0.08800315706414631	1.0	C600_DK885_RS02855	1	down	Molecular Function	0.004484304932735426	0.0003946329913180742	1.0555017474981971	-0.0	down	2534	223	1	1196
GO:0050515	4-(cytidine 5'-diphospho)-2-C-methyl-D-erythritol kinase activity	1/223	1/2534	11.36322869955157	0.08800315706414631	1.0	C600_DK885_RS13720	1	down	Molecular Function	0.004484304932735426	0.0003946329913180742	1.0555017474981971	-0.0	down	2534	223	1	1196
GO:0051108	carnitine-CoA ligase activity	1/223	1/2534	11.36322869955157	0.08800315706414631	1.0	C600_DK885_RS20005	1	down	Molecular Function	0.004484304932735426	0.0003946329913180742	1.0555017474981971	-0.0	down	2534	223	1	1196
GO:0051109	crotonobetaine-CoA ligase activity	1/223	1/2534	11.36322869955157	0.08800315706414631	1.0	C600_DK885_RS20005	1	down	Molecular Function	0.004484304932735426	0.0003946329913180742	1.0555017474981971	-0.0	down	2534	223	1	1196
GO:0071518	autoinducer-2 kinase activity	1/223	1/2534	11.36322869955157	0.08800315706414631	1.0	C600_DK885_RS12020	1	up	Molecular Function	0.004484304932735426	0.0003946329913180742	1.0555017474981971	-0.0	up	2534	223	1	1196
GO:0097697	tRNA (5-carboxymethoxyuridine(34)-5-O)-methyltransferase activity	1/223	1/2534	11.36322869955157	0.08800315706414631	1.0	C600_DK885_RS15325	1	down	Molecular Function	0.004484304932735426	0.0003946329913180742	1.0555017474981971	-0.0	down	2534	223	1	1196
GO:0103023	ITPase activity	1/223	1/2534	11.36322869955157	0.08800315706414631	1.0	C600_DK885_RS20230	1	down	Molecular Function	0.004484304932735426	0.0003946329913180742	1.0555017474981971	-0.0	down	2534	223	1	1196
GO:0015424	ABC-type amino acid transporter activity	2/223	6/2534	3.7877428998505227	0.09127886655118134	1.0	C600_DK885_RS07655;C600_DK885_RS16745	2	up&down	Molecular Function	0.008968609865470852	0.0023677979479084454	1.0396297613771304	-0.0	up&down	2534	223	6	1196
GO:0016987	sigma factor activity	2/223	6/2534	3.7877428998505227	0.09127886655118134	1.0	C600_DK885_RS03690;C600_DK885_RS06255	2	up&down	Molecular Function	0.008968609865470852	0.0023677979479084454	1.0396297613771304	-0.0	up&down	2534	223	6	1196
GO:0052689	carboxylic ester hydrolase activity	2/223	6/2534	3.7877428998505227	0.09127886655118134	1.0	C600_DK885_RS17750;C600_DK885_RS18405	2	down	Molecular Function	0.008968609865470852	0.0023677979479084454	1.0396297613771304	-0.0	down	2534	223	6	1196
GO:0004252	serine-type endopeptidase activity	3/223	13/2534	2.6222835460503626	0.09952303017286085	1.0	C600_DK885_RS11530;C600_DK885_RS13355;C600_DK885_RS19345	3	up&down	Molecular Function	0.013452914798206279	0.005130228887134964	1.0020764095089782	-0.0	up&down	2534	223	13	1196
GO:0140359	ABC-type transporter activity	3/223	13/2534	2.6222835460503626	0.09952303017286085	1.0	C600_DK885_RS01460;C600_DK885_RS01465;C600_DK885_RS08160	3	up	Molecular Function	0.013452914798206279	0.005130228887134964	1.0020764095089782	-0.0	up	2534	223	13	1196
GO:0008233	peptidase activity	3/223	15/2534	2.272645739910314	0.139315884818239	1.0	C600_DK885_RS14140;C600_DK885_RS15060;C600_DK885_RS15530	3	down	Molecular Function	0.013452914798206279	0.005919494869771113	0.8559993624303257	-0.0	down	2534	223	15	1196
GO:0140662	ATP-dependent protein folding chaperone	2/223	8/2534	2.8408071748878925	0.1517750003841532	1.0	C600_DK885_RS06515;C600_DK885_RS21655	2	down	Molecular Function	0.008968609865470852	0.0031570639305445935	0.8187997573557836	-0.0	down	2534	223	8	1196
GO:0001671	ATPase activator activity	1/223	2/2534	5.681614349775785	0.1682934436714436	1.0	C600_DK885_RS06510	1	down	Molecular Function	0.004484304932735426	0.0007892659826361484	0.7739328028166689	-0.0	down	2534	223	2	1196
GO:0001883	purine nucleoside binding	1/223	2/2534	5.681614349775785	0.1682934436714436	1.0	C600_DK885_RS18025	1	down	Molecular Function	0.004484304932735426	0.0007892659826361484	0.7739328028166689	-0.0	down	2534	223	2	1196
GO:0004351	glutamate decarboxylase activity	1/223	2/2534	5.681614349775785	0.1682934436714436	1.0	C600_DK885_RS01270	1	up	Molecular Function	0.004484304932735426	0.0007892659826361484	0.7739328028166689	-0.0	up	2534	223	2	1196
GO:0004794	threonine deaminase activity	1/223	2/2534	5.681614349775785	0.1682934436714436	1.0	C600_DK885_RS03425	1	down	Molecular Function	0.004484304932735426	0.0007892659826361484	0.7739328028166689	-0.0	down	2534	223	2	1196
GO:0008861	formate C-acetyltransferase activity	1/223	2/2534	5.681614349775785	0.1682934436714436	1.0	C600_DK885_RS03440	1	down	Molecular Function	0.004484304932735426	0.0007892659826361484	0.7739328028166689	-0.0	down	2534	223	2	1196
GO:0008942	nitrite reductase [NAD(P)H] activity	1/223	2/2534	5.681614349775785	0.1682934436714436	1.0	C600_DK885_RS02085	1	up	Molecular Function	0.004484304932735426	0.0007892659826361484	0.7739328028166689	-0.0	up	2534	223	2	1196
GO:0015171	amino acid transmembrane transporter activity	1/223	2/2534	5.681614349775785	0.1682934436714436	1.0	C600_DK885_RS03565	1	up	Molecular Function	0.004484304932735426	0.0007892659826361484	0.7739328028166689	-0.0	up	2534	223	2	1196
GO:0016763	pentosyltransferase activity	1/223	2/2534	5.681614349775785	0.1682934436714436	1.0	C600_DK885_RS07910	1	up	Molecular Function	0.004484304932735426	0.0007892659826361484	0.7739328028166689	-0.0	up	2534	223	2	1196
GO:0016780	phosphotransferase activity, for other substituted phosphate groups	1/223	2/2534	5.681614349775785	0.1682934436714436	1.0	C600_DK885_RS07925	1	up	Molecular Function	0.004484304932735426	0.0007892659826361484	0.7739328028166689	-0.0	up	2534	223	2	1196
GO:0016857	racemase and epimerase activity, acting on carbohydrates and derivatives	1/223	2/2534	5.681614349775785	0.1682934436714436	1.0	C600_DK885_RS20715	1	down	Molecular Function	0.004484304932735426	0.0007892659826361484	0.7739328028166689	-0.0	down	2534	223	2	1196
GO:0018738	S-formylglutathione hydrolase activity	1/223	2/2534	5.681614349775785	0.1682934436714436	1.0	C600_DK885_RS18405	1	down	Molecular Function	0.004484304932735426	0.0007892659826361484	0.7739328028166689	-0.0	down	2534	223	2	1196
GO:0019825	oxygen binding	1/223	2/2534	5.681614349775785	0.1682934436714436	1.0	C600_DK885_RS12130	1	up	Molecular Function	0.004484304932735426	0.0007892659826361484	0.7739328028166689	-0.0	up	2534	223	2	1196
GO:0022872	protein-N(PI)-phosphohistidine-mannitol phosphotransferase system transmembrane transporter activity	1/223	2/2534	5.681614349775785	0.1682934436714436	1.0	C600_DK885_RS00785	1	up	Molecular Function	0.004484304932735426	0.0007892659826361484	0.7739328028166689	-0.0	up	2534	223	2	1196
GO:0036009	protein-glutamine N-methyltransferase activity	1/223	2/2534	5.681614349775785	0.1682934436714436	1.0	C600_DK885_RS13700	1	down	Molecular Function	0.004484304932735426	0.0007892659826361484	0.7739328028166689	-0.0	down	2534	223	2	1196
GO:0036524	protein deglycase activity	1/223	2/2534	5.681614349775785	0.1682934436714436	1.0	C600_DK885_RS09560	1	up	Molecular Function	0.004484304932735426	0.0007892659826361484	0.7739328028166689	-0.0	up	2534	223	2	1196
GO:0048029	monosaccharide binding	1/223	2/2534	5.681614349775785	0.1682934436714436	1.0	C600_DK885_RS00980	1	up	Molecular Function	0.004484304932735426	0.0007892659826361484	0.7739328028166689	-0.0	up	2534	223	2	1196
GO:0050136	NADH dehydrogenase (quinone) activity	1/223	2/2534	5.681614349775785	0.1682934436714436	1.0	C600_DK885_RS07785	1	up	Molecular Function	0.004484304932735426	0.0007892659826361484	0.7739328028166689	-0.0	up	2534	223	2	1196
GO:0060698	endoribonuclease inhibitor activity	1/223	2/2534	5.681614349775785	0.1682934436714436	1.0	C600_DK885_RS21055	1	down	Molecular Function	0.004484304932735426	0.0007892659826361484	0.7739328028166689	-0.0	down	2534	223	2	1196
GO:0016757	glycosyltransferase activity	3/223	17/2534	2.005275652862042	0.18346542034215296	1.0	C600_DK885_RS00625;C600_DK885_RS00690;C600_DK885_RS07925	3	up&down	Molecular Function	0.013452914798206279	0.006708760852407261	0.7364457797485526	-0.0	up&down	2534	223	17	1196
GO:0003755	peptidyl-prolyl cis-trans isomerase activity	2/223	10/2534	2.2726457399103137	0.2177028171178929	1.0	C600_DK885_RS21295;C600_DK885_RS23630	2	down	Molecular Function	0.008968609865470852	0.003946329913180742	0.6621359510652914	-0.0	down	2534	223	10	1196
GO:0003941	L-serine ammonia-lyase activity	1/223	3/2534	3.7877428998505227	0.24154406059861672	1.0	C600_DK885_RS03450	1	down	Molecular Function	0.004484304932735426	0.0011838989739542227	0.617003637047094	-0.0	down	2534	223	3	1196
GO:0004040	amidase activity	1/223	3/2534	3.7877428998505227	0.24154406059861672	1.0	C600_DK885_RS00960	1	down	Molecular Function	0.004484304932735426	0.0011838989739542227	0.617003637047094	-0.0	down	2534	223	3	1196
GO:0004332	fructose-bisphosphate aldolase activity	1/223	3/2534	3.7877428998505227	0.24154406059861672	1.0	C600_DK885_RS11990	1	up	Molecular Function	0.004484304932735426	0.0011838989739542227	0.617003637047094	-0.0	up	2534	223	3	1196
GO:0004359	glutaminase activity	1/223	3/2534	3.7877428998505227	0.24154406059861672	1.0	C600_DK885_RS10755	1	down	Molecular Function	0.004484304932735426	0.0011838989739542227	0.617003637047094	-0.0	down	2534	223	3	1196
GO:0008235	metalloexopeptidase activity	1/223	3/2534	3.7877428998505227	0.24154406059861672	1.0	C600_DK885_RS05365	1	up	Molecular Function	0.004484304932735426	0.0011838989739542227	0.617003637047094	-0.0	up	2534	223	3	1196
GO:0008897	holo-[acyl-carrier-protein] synthase activity	1/223	3/2534	3.7877428998505227	0.24154406059861672	1.0	C600_DK885_RS06310	1	up	Molecular Function	0.004484304932735426	0.0011838989739542227	0.617003637047094	-0.0	up	2534	223	3	1196
GO:0015144	carbohydrate transmembrane transporter activity	1/223	3/2534	3.7877428998505227	0.24154406059861672	1.0	C600_DK885_RS22275	1	down	Molecular Function	0.004484304932735426	0.0011838989739542227	0.617003637047094	-0.0	down	2534	223	3	1196
GO:0015267	channel activity	1/223	3/2534	3.7877428998505227	0.24154406059861672	1.0	C600_DK885_RS22850	1	up	Molecular Function	0.004484304932735426	0.0011838989739542227	0.617003637047094	-0.0	up	2534	223	3	1196
GO:0016805	dipeptidase activity	1/223	3/2534	3.7877428998505227	0.24154406059861672	1.0	C600_DK885_RS22350	1	down	Molecular Function	0.004484304932735426	0.0011838989739542227	0.617003637047094	-0.0	down	2534	223	3	1196
GO:0017076	purine nucleotide binding	1/223	3/2534	3.7877428998505227	0.24154406059861672	1.0	C600_DK885_RS18025	1	down	Molecular Function	0.004484304932735426	0.0011838989739542227	0.617003637047094	-0.0	down	2534	223	3	1196
GO:0030554	adenyl nucleotide binding	1/223	3/2534	3.7877428998505227	0.24154406059861672	1.0	C600_DK885_RS18025	1	down	Molecular Function	0.004484304932735426	0.0011838989739542227	0.617003637047094	-0.0	down	2534	223	3	1196
GO:0031071	cysteine desulfurase activity	1/223	3/2534	3.7877428998505227	0.24154406059861672	1.0	C600_DK885_RS11085	1	up	Molecular Function	0.004484304932735426	0.0011838989739542227	0.617003637047094	-0.0	up	2534	223	3	1196
GO:0032553	ribonucleotide binding	1/223	3/2534	3.7877428998505227	0.24154406059861672	1.0	C600_DK885_RS18025	1	down	Molecular Function	0.004484304932735426	0.0011838989739542227	0.617003637047094	-0.0	down	2534	223	3	1196
GO:0032555	purine ribonucleotide binding	1/223	3/2534	3.7877428998505227	0.24154406059861672	1.0	C600_DK885_RS18025	1	down	Molecular Function	0.004484304932735426	0.0011838989739542227	0.617003637047094	-0.0	down	2534	223	3	1196
GO:0032559	adenyl ribonucleotide binding	1/223	3/2534	3.7877428998505227	0.24154406059861672	1.0	C600_DK885_RS18025	1	down	Molecular Function	0.004484304932735426	0.0011838989739542227	0.617003637047094	-0.0	down	2534	223	3	1196
GO:0035639	purine ribonucleoside triphosphate binding	1/223	3/2534	3.7877428998505227	0.24154406059861672	1.0	C600_DK885_RS18025	1	down	Molecular Function	0.004484304932735426	0.0011838989739542227	0.617003637047094	-0.0	down	2534	223	3	1196
GO:0036094	small molecule binding	1/223	3/2534	3.7877428998505227	0.24154406059861672	1.0	C600_DK885_RS18025	1	down	Molecular Function	0.004484304932735426	0.0011838989739542227	0.617003637047094	-0.0	down	2534	223	3	1196
GO:0043168	anion binding	1/223	3/2534	3.7877428998505227	0.24154406059861672	1.0	C600_DK885_RS18025	1	down	Molecular Function	0.004484304932735426	0.0011838989739542227	0.617003637047094	-0.0	down	2534	223	3	1196
GO:0051087	protein-folding chaperone binding	1/223	3/2534	3.7877428998505227	0.24154406059861672	1.0	C600_DK885_RS06510	1	down	Molecular Function	0.004484304932735426	0.0011838989739542227	0.617003637047094	-0.0	down	2534	223	3	1196
GO:0051920	peroxiredoxin activity	1/223	3/2534	3.7877428998505227	0.24154406059861672	1.0	C600_DK885_RS10685	1	up	Molecular Function	0.004484304932735426	0.0011838989739542227	0.617003637047094	-0.0	up	2534	223	3	1196
GO:0140096	catalytic activity, acting on a protein	1/223	3/2534	3.7877428998505227	0.24154406059861672	1.0	C600_DK885_RS14140	1	down	Molecular Function	0.004484304932735426	0.0011838989739542227	0.617003637047094	-0.0	down	2534	223	3	1196
GO:1901265	nucleoside phosphate binding	1/223	3/2534	3.7877428998505227	0.24154406059861672	1.0	C600_DK885_RS18025	1	down	Molecular Function	0.004484304932735426	0.0011838989739542227	0.617003637047094	-0.0	down	2534	223	3	1196
GO:1904680	peptide transmembrane transporter activity	1/223	3/2534	3.7877428998505227	0.24154406059861672	1.0	C600_DK885_RS08160	1	up	Molecular Function	0.004484304932735426	0.0011838989739542227	0.617003637047094	-0.0	up	2534	223	3	1196
GO:0003887	DNA-directed DNA polymerase activity	2/223	11/2534	2.066041581736649	0.25155996356591187	1.0	C600_DK885_RS00215;C600_DK885_RS18970	2	up&down	Molecular Function	0.008968609865470852	0.004340962904498816	0.5993584768434922	-0.0	up&down	2534	223	11	1196
GO:0015288	porin activity	2/223	11/2534	2.066041581736649	0.25155996356591187	1.0	C600_DK885_RS15275;C600_DK885_RS20710	2	down	Molecular Function	0.008968609865470852	0.004340962904498816	0.5993584768434922	-0.0	down	2534	223	11	1196
GO:0000166	nucleotide binding	4/223	30/2534	1.5150971599402092	0.26824906995047393	1.0	C600_DK885_RS03425;C600_DK885_RS18025;C600_DK885_RS20230;C600_DK885_RS20920	4	down	Molecular Function	0.017937219730941704	0.011838989739542225	0.5714617751069406	-0.0	down	2534	223	30	1196
GO:0005488	binding	5/223	40/2534	1.420403587443946	0.27303296181976955	1.0	C600_DK885_RS04735;C600_DK885_RS07345;C600_DK885_RS13645;C600_DK885_RS17840;C600_DK885_RS18025	5	up&down	Molecular Function	0.02242152466367713	0.01578531965272297	0.5637849197273413	-0.0	up&down	2534	223	40	1196
GO:0043546	molybdopterin cofactor binding	2/223	12/2534	1.8938714499252614	0.28554056849310405	1.0	C600_DK885_RS04735;C600_DK885_RS12240	2	up	Molecular Function	0.008968609865470852	0.004735595895816891	0.5443321801640572	-0.0	up	2534	223	12	1196
GO:0022857	transmembrane transporter activity	11/223	104/2534	1.201879958606416	0.30482812211038035	1.0	C600_DK885_RS00970;C600_DK885_RS01240;C600_DK885_RS01610;C600_DK885_RS06180;C600_DK885_RS07650;C600_DK885_RS10595;C600_DK885_RS12000;C600_DK885_RS12120;C600_DK885_RS20925;C600_DK885_RS22290;C600_DK885_RS23755	11	up&down	Molecular Function	0.04932735426008968	0.04104183109707971	0.5159449693732228	-0.0	up&down	2534	223	104	1196
GO:0003995	acyl-CoA dehydrogenase activity	1/223	4/2534	2.8408071748878925	0.3083696925567775	1.0	C600_DK885_RS21410	1	up	Molecular Function	0.004484304932735426	0.0015785319652722968	0.510928312210405	-0.0	up	2534	223	4	1196
GO:0004674	protein serine/threonine kinase activity	1/223	4/2534	2.8408071748878925	0.3083696925567775	1.0	C600_DK885_RS22375	1	up	Molecular Function	0.004484304932735426	0.0015785319652722968	0.510928312210405	-0.0	up	2534	223	4	1196
GO:0004721	phosphoprotein phosphatase activity	1/223	4/2534	2.8408071748878925	0.3083696925567775	1.0	C600_DK885_RS22375	1	up	Molecular Function	0.004484304932735426	0.0015785319652722968	0.510928312210405	-0.0	up	2534	223	4	1196
GO:0008236	serine-type peptidase activity	1/223	4/2534	2.8408071748878925	0.3083696925567775	1.0	C600_DK885_RS22350	1	down	Molecular Function	0.004484304932735426	0.0015785319652722968	0.510928312210405	-0.0	down	2534	223	4	1196
GO:0015297	antiporter activity	1/223	4/2534	2.8408071748878925	0.3083696925567775	1.0	C600_DK885_RS11170	1	up	Molecular Function	0.004484304932735426	0.0015785319652722968	0.510928312210405	-0.0	up	2534	223	4	1196
GO:0022877	protein-N(PI)-phosphohistidine-fructose phosphotransferase system transporter activity	1/223	4/2534	2.8408071748878925	0.3083696925567775	1.0	C600_DK885_RS08415	1	up	Molecular Function	0.004484304932735426	0.0015785319652722968	0.510928312210405	-0.0	up	2534	223	4	1196
GO:0070006	metalloaminopeptidase activity	1/223	4/2534	2.8408071748878925	0.3083696925567775	1.0	C600_DK885_RS19315	1	down	Molecular Function	0.004484304932735426	0.0015785319652722968	0.510928312210405	-0.0	down	2534	223	4	1196
GO:0070063	RNA polymerase binding	1/223	4/2534	2.8408071748878925	0.3083696925567775	1.0	C600_DK885_RS03095	1	down	Molecular Function	0.004484304932735426	0.0015785319652722968	0.510928312210405	-0.0	down	2534	223	4	1196
GO:0003899	DNA-directed 5'-3' RNA polymerase activity	1/223	5/2534	2.2726457399103137	0.36933157341081385	1.0	C600_DK885_RS22535	1	down	Molecular Function	0.004484304932735426	0.001973164956590371	0.4325835638032258	-0.0	down	2534	223	5	1196
GO:0004888	transmembrane signaling receptor activity	1/223	5/2534	2.2726457399103137	0.36933157341081385	1.0	C600_DK885_RS09965	1	up	Molecular Function	0.004484304932735426	0.001973164956590371	0.4325835638032258	-0.0	up	2534	223	5	1196
GO:0005351	carbohydrate:proton symporter activity	1/223	5/2534	2.2726457399103137	0.36933157341081385	1.0	C600_DK885_RS08415	1	up	Molecular Function	0.004484304932735426	0.001973164956590371	0.4325835638032258	-0.0	up	2534	223	5	1196
GO:0016790	thiolester hydrolase activity	1/223	5/2534	2.2726457399103137	0.36933157341081385	1.0	C600_DK885_RS09560	1	up	Molecular Function	0.004484304932735426	0.001973164956590371	0.4325835638032258	-0.0	up	2534	223	5	1196
GO:0016836	hydro-lyase activity	1/223	5/2534	2.2726457399103137	0.36933157341081385	1.0	C600_DK885_RS20010	1	down	Molecular Function	0.004484304932735426	0.001973164956590371	0.4325835638032258	-0.0	down	2534	223	5	1196
GO:0019899	enzyme binding	1/223	5/2534	2.2726457399103137	0.36933157341081385	1.0	C600_DK885_RS21055	1	down	Molecular Function	0.004484304932735426	0.001973164956590371	0.4325835638032258	-0.0	down	2534	223	5	1196
GO:0005525	GTP binding	4/223	35/2534	1.2986547085201794	0.3713848883202072	1.0	C600_DK885_RS01850;C600_DK885_RS12130;C600_DK885_RS18025;C600_DK885_RS21550	4	up&down	Molecular Function	0.017937219730941704	0.013812154696132596	0.4301757717127363	-0.0	up&down	2534	223	35	1196
GO:0016740	transferase activity	6/223	57/2534	1.1961293367949022	0.3867310513688316	1.0	C600_DK885_RS01155;C600_DK885_RS04170;C600_DK885_RS05620;C600_DK885_RS08405;C600_DK885_RS13130;C600_DK885_RS20015	6	up&down	Molecular Function	0.026905829596412557	0.02249408050513023	0.41259095620017233	-0.0	up&down	2534	223	57	1196
GO:0000155	phosphorelay sensor kinase activity	3/223	26/2534	1.3111417730251813	0.40452204172270906	1.0	C600_DK885_RS00400;C600_DK885_RS09555;C600_DK885_RS09955	3	up&down	Molecular Function	0.013452914798206279	0.010260457774269928	0.3930578094342995	-0.0	up&down	2534	223	26	1196
GO:0042802	identical protein binding	2/223	16/2534	1.4204035874439462	0.41773276253080166	1.0	C600_DK885_RS07345;C600_DK885_RS13645	2	down	Molecular Function	0.008968609865470852	0.006314127861089187	0.37910146194254946	-0.0	down	2534	223	16	1196
GO:0051539	4 iron, 4 sulfur cluster binding	7/223	70/2534	1.136322869955157	0.42067648841429656	1.0	C600_DK885_RS03450;C600_DK885_RS04680;C600_DK885_RS05535;C600_DK885_RS07785;C600_DK885_RS11120;C600_DK885_RS12240;C600_DK885_RS21775	7	up&down	Molecular Function	0.03139013452914798	0.027624309392265192	0.37605175999933654	-0.0	up&down	2534	223	70	1196
GO:0003697	single-stranded DNA binding	1/223	6/2534	1.8938714499252614	0.42494211478154265	1.0	C600_DK885_RS22135	1	down	Molecular Function	0.004484304932735426	0.0023677979479084454	0.37167022510993164	-0.0	down	2534	223	6	1196
GO:0004177	aminopeptidase activity	1/223	6/2534	1.8938714499252614	0.42494211478154265	1.0	C600_DK885_RS05365	1	up	Molecular Function	0.004484304932735426	0.0023677979479084454	0.37167022510993164	-0.0	up	2534	223	6	1196
GO:0016747	acyltransferase activity, transferring groups other than amino-acyl groups	1/223	6/2534	1.8938714499252614	0.42494211478154265	1.0	C600_DK885_RS11990	1	up	Molecular Function	0.004484304932735426	0.0023677979479084454	0.37167022510993164	-0.0	up	2534	223	6	1196
GO:0003676	nucleic acid binding	5/223	49/2534	1.159513132607303	0.43506302265503793	1.0	C600_DK885_RS05325;C600_DK885_RS07345;C600_DK885_RS13700;C600_DK885_RS17840;C600_DK885_RS18025	5	up&down	Molecular Function	0.02242152466367713	0.019337016574585635	0.36144782716305746	-0.0	up&down	2534	223	49	1196
GO:0008982	protein-N(PI)-phosphohistidine-sugar phosphotransferase activity	2/223	17/2534	1.336850435241361	0.44896840815513983	1.0	C600_DK885_RS05610;C600_DK885_RS05615	2	down	Molecular Function	0.008968609865470852	0.006708760852407261	0.3477842172296324	-0.0	down	2534	223	17	1196
GO:0003684	damaged DNA binding	1/223	7/2534	1.6233183856502242	0.47566913551081824	1.0	C600_DK885_RS18970	1	up	Molecular Function	0.004484304932735426	0.0027624309392265192	0.32269502750002066	-0.0	up	2534	223	7	1196
GO:0004521	RNA endonuclease activity	1/223	7/2534	1.6233183856502242	0.47566913551081824	1.0	C600_DK885_RS21735	1	down	Molecular Function	0.004484304932735426	0.0027624309392265192	0.32269502750002066	-0.0	down	2534	223	7	1196
GO:0008940	nitrate reductase activity	1/223	7/2534	1.6233183856502242	0.47566913551081824	1.0	C600_DK885_RS12240	1	up	Molecular Function	0.004484304932735426	0.0027624309392265192	0.32269502750002066	-0.0	up	2534	223	7	1196
GO:0015128	gluconate transmembrane transporter activity	1/223	7/2534	1.6233183856502242	0.47566913551081824	1.0	C600_DK885_RS20635	1	up	Molecular Function	0.004484304932735426	0.0027624309392265192	0.32269502750002066	-0.0	up	2534	223	7	1196
GO:0016811	hydrolase activity, acting on carbon-nitrogen (but not peptide) bonds, in linear amides	1/223	7/2534	1.6233183856502242	0.47566913551081824	1.0	C600_DK885_RS09560	1	up	Molecular Function	0.004484304932735426	0.0027624309392265192	0.32269502750002066	-0.0	up	2534	223	7	1196
GO:0042910	xenobiotic transmembrane transporter activity	1/223	7/2534	1.6233183856502242	0.47566913551081824	1.0	C600_DK885_RS11170	1	up	Molecular Function	0.004484304932735426	0.0027624309392265192	0.32269502750002066	-0.0	up	2534	223	7	1196
GO:0004386	helicase activity	1/223	8/2534	1.4204035874439462	0.5219397262432843	1.0	C600_DK885_RS05325	1	up	Molecular Function	0.004484304932735426	0.0031570639305445935	0.28237964655966413	-0.0	up	2534	223	8	1196
GO:0016620	oxidoreductase activity, acting on the aldehyde or oxo group of donors, NAD or NADP as acceptor	1/223	8/2534	1.4204035874439462	0.5219397262432843	1.0	C600_DK885_RS12545	1	up	Molecular Function	0.004484304932735426	0.0031570639305445935	0.28237964655966413	-0.0	up	2534	223	8	1196
GO:0005524	ATP binding	29/223	329/2534	1.0016219826352446	0.529215926819204	1.0	C600_DK885_RS00210;C600_DK885_RS00975;C600_DK885_RS01125;C600_DK885_RS01130;C600_DK885_RS01460;C600_DK885_RS01620;C600_DK885_RS01625;C600_DK885_RS02860;C600_DK885_RS03435;C600_DK885_RS04730;C600_DK885_RS04765;C600_DK885_RS05325;C600_DK885_RS06030;C600_DK885_RS06515;C600_DK885_RS07655;C600_DK885_RS07890;C600_DK885_RS08160;C600_DK885_RS09555;C600_DK885_RS09955;C600_DK885_RS10755;C600_DK885_RS11075;C600_DK885_RS13720;C600_DK885_RS16745;C600_DK885_RS18025;C600_DK885_RS19290;C600_DK885_RS21140;C600_DK885_RS21655;C600_DK885_RS22375;C600_DK885_RS23760	29	up&down	Molecular Function	0.13004484304932734	0.1298342541436464	0.2763670941413571	-0.0	up&down	2534	223	329	1196
GO:0005506	iron ion binding	3/223	32/2534	1.0653026905829597	0.5444669907377908	1.0	C600_DK885_RS01845;C600_DK885_RS04705;C600_DK885_RS07785	3	up	Molecular Function	0.013452914798206279	0.012628255722178374	0.2640284449715396	-0.0	up	2534	223	32	1196
GO:0005515	protein binding	2/223	21/2534	1.0822122571001496	0.5636608813926114	1.0	C600_DK885_RS07345;C600_DK885_RS13645	2	down	Molecular Function	0.008968609865470852	0.008287292817679558	0.24898210458879064	-0.0	down	2534	223	21	1196
GO:0008408	3'-5' exonuclease activity	1/223	9/2534	1.262580966616841	0.564143780497999	1.0	C600_DK885_RS00215	1	down	Molecular Function	0.004484304932735426	0.003551696921862668	0.24861019545117344	-0.0	down	2534	223	9	1196
GO:0008484	sulfuric ester hydrolase activity	1/223	9/2534	1.262580966616841	0.564143780497999	1.0	C600_DK885_RS12090	1	down	Molecular Function	0.004484304932735426	0.003551696921862668	0.24861019545117344	-0.0	down	2534	223	9	1196
GO:0016151	nickel cation binding	1/223	10/2534	1.1363228699551569	0.6026372208763193	1.0	C600_DK885_RS05525	1	down	Molecular Function	0.004484304932735426	0.003946329913180742	0.21994404836463596	-0.0	down	2534	223	10	1196
GO:0046983	protein dimerization activity	1/223	11/2534	1.0330207908683244	0.6377449466063351	1.0	C600_DK885_RS00400	1	down	Molecular Function	0.004484304932735426	0.004340962904498816	0.19535297398775858	-0.0	down	2534	223	11	1196
GO:0043565	sequence-specific DNA binding	3/223	37/2534	0.9213428675312084	0.6453495365601297	1.0	C600_DK885_RS04765;C600_DK885_RS07345;C600_DK885_RS17255	3	up&down	Molecular Function	0.013452914798206279	0.014601420678768745	0.19020499748544106	-0.0	up&down	2534	223	37	1196
GO:0016773	phosphotransferase activity, alcohol group as acceptor	1/223	12/2534	0.9469357249626307	0.6697635264320528	1.0	C600_DK885_RS12020	1	up	Molecular Function	0.004484304932735426	0.004735595895816891	0.17407850669253408	-0.0	up	2534	223	12	1196
GO:0046914	transition metal ion binding	1/223	12/2534	0.9469357249626307	0.6697635264320528	1.0	C600_DK885_RS19315	1	down	Molecular Function	0.004484304932735426	0.004735595895816891	0.17407850669253408	-0.0	down	2534	223	12	1196
GO:0000049	tRNA binding	2/223	28/2534	0.8116591928251121	0.7209607520380588	1.0	C600_DK885_RS03650;C600_DK885_RS18025	2	down	Molecular Function	0.008968609865470852	0.011049723756906077	0.14208837694110457	-0.0	down	2534	223	28	1196
GO:0030246	carbohydrate binding	1/223	14/2534	0.8116591928251121	0.7255924187705723	1.0	C600_DK885_RS12015	1	up	Molecular Function	0.004484304932735426	0.0055248618784530384	0.1393072635765539	-0.0	up	2534	223	14	1196
GO:0043167	ion binding	1/223	14/2534	0.8116591928251121	0.7255924187705723	1.0	C600_DK885_RS18025	1	down	Molecular Function	0.004484304932735426	0.0055248618784530384	0.1393072635765539	-0.0	down	2534	223	14	1196
GO:0051082	unfolded protein binding	1/223	14/2534	0.8116591928251121	0.7255924187705723	1.0	C600_DK885_RS06515	1	down	Molecular Function	0.004484304932735426	0.0055248618784530384	0.1393072635765539	-0.0	down	2534	223	14	1196
GO:0030170	pyridoxal phosphate binding	3/223	42/2534	0.8116591928251122	0.7294568170018764	1.0	C600_DK885_RS01270;C600_DK885_RS03425;C600_DK885_RS11085	3	up&down	Molecular Function	0.013452914798206279	0.016574585635359115	0.13700041273954644	-0.0	up&down	2534	223	42	1196
GO:0016491	oxidoreductase activity	7/223	94/2534	0.8461978818814998	0.7354964643129944	1.0	C600_DK885_RS03610;C600_DK885_RS04680;C600_DK885_RS04705;C600_DK885_RS04770;C600_DK885_RS05605;C600_DK885_RS11260;C600_DK885_RS17165	7	up&down	Molecular Function	0.03139013452914798	0.037095501183898975	0.13341941067682778	-0.0	up&down	2534	223	94	1196
GO:0008270	zinc ion binding	6/223	84/2534	0.8116591928251122	0.7635365861701461	1.0	C600_DK885_RS02860;C600_DK885_RS04695;C600_DK885_RS09560;C600_DK885_RS10550;C600_DK885_RS18620;C600_DK885_RS23350	6	up&down	Molecular Function	0.026905829596412557	0.03314917127071823	0.11717014814112409	-0.0	up&down	2534	223	84	1196
GO:0097367	carbohydrate derivative binding	1/223	16/2534	0.7102017937219731	0.7720181484934214	1.0	C600_DK885_RS18025	1	down	Molecular Function	0.004484304932735426	0.006314127861089187	0.11237249021101897	-0.0	down	2534	223	16	1196
GO:0016787	hydrolase activity	8/223	111/2534	0.8189714378055185	0.7763644658744336	1.0	C600_DK885_RS03445;C600_DK885_RS08365;C600_DK885_RS10215;C600_DK885_RS10820;C600_DK885_RS12125;C600_DK885_RS12135;C600_DK885_RS14140;C600_DK885_RS20475	8	up&down	Molecular Function	0.03587443946188341	0.04380426203630623	0.10993435044469255	-0.0	up&down	2534	223	111	1196
GO:0008168	methyltransferase activity	1/223	18/2534	0.6312904833084205	0.8106185495312941	1.0	C600_DK885_RS18620	1	down	Molecular Function	0.004484304932735426	0.007103393843725336	0.09118346244121793	-0.0	down	2534	223	18	1196
GO:0071949	FAD binding	1/223	18/2534	0.6312904833084205	0.8106185495312941	1.0	C600_DK885_RS04180	1	up	Molecular Function	0.004484304932735426	0.007103393843725336	0.09118346244121793	-0.0	up	2534	223	18	1196
GO:0003924	GTPase activity	1/223	19/2534	0.598064668397451	0.8274039483594442	1.0	C600_DK885_RS21550	1	down	Molecular Function	0.004484304932735426	0.00749802683504341	0.08228241098869636	-0.0	down	2534	223	19	1196
GO:0016616	oxidoreductase activity, acting on the CH-OH group of donors, NAD or NADP as acceptor	1/223	19/2534	0.598064668397451	0.8274039483594442	1.0	C600_DK885_RS07920	1	up	Molecular Function	0.004484304932735426	0.00749802683504341	0.08228241098869636	-0.0	up	2534	223	19	1196
GO:0050661	NADP binding	1/223	19/2534	0.598064668397451	0.8274039483594442	1.0	C600_DK885_RS11505	1	up	Molecular Function	0.004484304932735426	0.00749802683504341	0.08228241098869636	-0.0	up	2534	223	19	1196
GO:0004519	endonuclease activity	1/223	20/2534	0.5681614349775784	0.8427076936949327	1.0	C600_DK885_RS05325	1	up	Molecular Function	0.004484304932735426	0.007892659826361484	0.07432304106867052	-0.0	up	2534	223	20	1196
GO:0020037	heme binding	1/223	20/2534	0.5681614349775784	0.8427076936949327	1.0	C600_DK885_RS12130	1	up	Molecular Function	0.004484304932735426	0.007892659826361484	0.07432304106867052	-0.0	up	2534	223	20	1196
GO:0003677	DNA binding	20/223	272/2534	0.8355315220258507	0.8428422937518243	1.0	C600_DK885_RS00215;C600_DK885_RS01040;C600_DK885_RS01305;C600_DK885_RS01845;C600_DK885_RS03060;C600_DK885_RS03095;C600_DK885_RS03690;C600_DK885_RS06255;C600_DK885_RS07345;C600_DK885_RS09480;C600_DK885_RS11750;C600_DK885_RS14135;C600_DK885_RS17430;C600_DK885_RS17840;C600_DK885_RS17935;C600_DK885_RS19340;C600_DK885_RS20475;C600_DK885_RS20480;C600_DK885_RS20695;C600_DK885_RS22535	20	up&down	Molecular Function	0.08968609865470852	0.10734017363851618	0.07425367965841098	-0.0	up&down	2534	223	272	1196
GO:0010181	FMN binding	1/223	23/2534	0.49405342171963346	0.8809754775853075	1.0	C600_DK885_RS03610	1	up	Molecular Function	0.004484304932735426	0.009076558800315706	0.05503618023449692	-0.0	up	2534	223	23	1196
GO:0046872	metal ion binding	19/223	270/2534	0.799634612190666	0.8865629434129163	1.0	C600_DK885_RS03370;C600_DK885_RS03435;C600_DK885_RS03450;C600_DK885_RS04660;C600_DK885_RS04680;C600_DK885_RS04685;C600_DK885_RS04770;C600_DK885_RS05325;C600_DK885_RS05510;C600_DK885_RS05565;C600_DK885_RS10755;C600_DK885_RS11120;C600_DK885_RS11130;C600_DK885_RS12240;C600_DK885_RS16630;C600_DK885_RS19080;C600_DK885_RS20230;C600_DK885_RS21550;C600_DK885_RS21775	19	up&down	Molecular Function	0.08520179372197309	0.10655090765588003	0.05229042531236856	-0.0	up&down	2534	223	270	1196
GO:0003824	catalytic activity	2/223	42/2534	0.5411061285500748	0.8964634663830702	1.0	C600_DK885_RS06225;C600_DK885_RS14140	2	down	Molecular Function	0.008968609865470852	0.016574585635359115	0.047467404564188985	-0.0	down	2534	223	42	1196
GO:0016887	ATP hydrolysis activity	1/223	25/2534	0.4545291479820628	0.901181513474669	1.0	C600_DK885_RS06515	1	down	Molecular Function	0.004484304932735426	0.009865824782951855	0.04518772582336009	-0.0	down	2534	223	25	1196
GO:0051537	2 iron, 2 sulfur cluster binding	1/223	25/2534	0.4545291479820628	0.901181513474669	1.0	C600_DK885_RS02085	1	up	Molecular Function	0.004484304932735426	0.009865824782951855	0.04518772582336009	-0.0	up	2534	223	25	1196
GO:0003735	structural constituent of ribosome	2/223	49/2534	0.4638052530429212	0.9389731622187539	1.0	C600_DK885_RS03705;C600_DK885_RS06065	2	down	Molecular Function	0.008968609865470852	0.019337016574585635	0.02734682058465497	-0.0	down	2534	223	49	1196
GO:0009055	electron transfer activity	1/223	31/2534	0.3665557645016635	0.9435013701161573	1.0	C600_DK885_RS11120	1	up	Molecular Function	0.004484304932735426	0.0122336227308603	0.02525746483296118	-0.0	up	2534	223	31	1196
GO:0000287	magnesium ion binding	5/223	99/2534	0.5739004393712913	0.9461368897850317	1.0	C600_DK885_RS00985;C600_DK885_RS06310;C600_DK885_RS18970;C600_DK885_RS19275;C600_DK885_RS21195	5	up&down	Molecular Function	0.02242152466367713	0.039068666140489344	0.02404602408728931	-0.0	up&down	2534	223	99	1196
GO:0051287	NAD binding	1/223	34/2534	0.33421260881034026	0.9573018595577475	1.0	C600_DK885_RS05525	1	down	Molecular Function	0.004484304932735426	0.013417521704814523	0.018951097469482377	-0.0	down	2534	223	34	1196
GO:0050660	flavin adenine dinucleotide binding	1/223	35/2534	0.32466367713004485	0.9611105336841831	1.0	C600_DK885_RS21410	1	up	Molecular Function	0.004484304932735426	0.013812154696132596	0.017226662894815264	-0.0	up	2534	223	35	1196
GO:0019843	rRNA binding	1/223	36/2534	0.31564524165421026	0.9645808622157348	1.0	C600_DK885_RS21550	1	down	Molecular Function	0.004484304932735426	0.014206787687450671	0.015661358956281363	-0.0	down	2534	223	36	1196
GO:0016301	kinase activity	1/223	39/2534	0.29136483845004024	0.9732481559184305	1.0	C600_DK885_RS19525	1	down	Molecular Function	0.004484304932735426	0.015390686661404893	0.011776410497248244	-0.0	down	2534	223	39	1196
GO:0003723	RNA binding	1/223	50/2534	0.2272645739910314	0.990469255381247	1.0	C600_DK885_RS18025	1	down	Molecular Function	0.004484304932735426	0.01973164956590371	0.004159000615590613	-0.0	down	2534	223	50	1196
GO:0003700	DNA-binding transcription factor activity	2/223	118/2534	0.192597096602569	0.9998116601743812	1.0	C600_DK885_RS03415;C600_DK885_RS17255	2	down	Molecular Function	0.008968609865470852	0.04656669297553275	8.180265057918311e-05	-0.0	down	2534	223	118	1196
GO:0000036	acyl carrier activity	0/223	1/2534	0.0	1.0	1.0		0		Molecular Function	0.0	0.0003946329913180742	-0.0	-0.0		2534	223	1	1196
GO:0000062	fatty-acyl-CoA binding	0/223	1/2534	0.0	1.0	1.0		0		Molecular Function	0.0	0.0003946329913180742	-0.0	-0.0		2534	223	1	1196
GO:0000104	succinate dehydrogenase activity	0/223	4/2534	0.0	1.0	1.0		0		Molecular Function	0.0	0.0015785319652722968	-0.0	-0.0		2534	223	4	1196
GO:0000107	imidazoleglycerol-phosphate synthase activity	0/223	2/2534	0.0	1.0	1.0		0		Molecular Function	0.0	0.0007892659826361484	-0.0	-0.0		2534	223	2	1196
GO:0000150	DNA strand exchange activity	0/223	4/2534	0.0	1.0	1.0		0		Molecular Function	0.0	0.0015785319652722968	-0.0	-0.0		2534	223	4	1196
GO:0000156	phosphorelay response regulator activity	0/223	3/2534	0.0	1.0	1.0		0		Molecular Function	0.0	0.0011838989739542227	-0.0	-0.0		2534	223	3	1196
GO:0000175	3'-5'-RNA exonuclease activity	0/223	4/2534	0.0	1.0	1.0		0		Molecular Function	0.0	0.0015785319652722968	-0.0	-0.0		2534	223	4	1196
GO:0000179	rRNA (adenine-N6,N6-)-dimethyltransferase activity	0/223	1/2534	0.0	1.0	1.0		0		Molecular Function	0.0	0.0003946329913180742	-0.0	-0.0		2534	223	1	1196
GO:0000210	NAD+ diphosphatase activity	0/223	1/2534	0.0	1.0	1.0		0		Molecular Function	0.0	0.0003946329913180742	-0.0	-0.0		2534	223	1	1196
GO:0000309	nicotinamide-nucleotide adenylyltransferase activity	0/223	1/2534	0.0	1.0	1.0		0		Molecular Function	0.0	0.0003946329913180742	-0.0	-0.0		2534	223	1	1196
GO:0000310	xanthine phosphoribosyltransferase activity	0/223	1/2534	0.0	1.0	1.0		0		Molecular Function	0.0	0.0003946329913180742	-0.0	-0.0		2534	223	1	1196
GO:0000703	oxidized pyrimidine nucleobase lesion DNA N-glycosylase activity	0/223	1/2534	0.0	1.0	1.0		0		Molecular Function	0.0	0.0003946329913180742	-0.0	-0.0		2534	223	1	1196
GO:0000774	adenyl-nucleotide exchange factor activity	0/223	1/2534	0.0	1.0	1.0		0		Molecular Function	0.0	0.0003946329913180742	-0.0	-0.0		2534	223	1	1196
GO:0000906	6,7-dimethyl-8-ribityllumazine synthase activity	0/223	1/2534	0.0	1.0	1.0		0		Molecular Function	0.0	0.0003946329913180742	-0.0	-0.0		2534	223	1	1196
GO:0000987	cis-regulatory region sequence-specific DNA binding	0/223	1/2534	0.0	1.0	1.0		0		Molecular Function	0.0	0.0003946329913180742	-0.0	-0.0		2534	223	1	1196
GO:0001000	bacterial-type RNA polymerase core enzyme binding	0/223	1/2534	0.0	1.0	1.0		0		Molecular Function	0.0	0.0003946329913180742	-0.0	-0.0		2534	223	1	1196
GO:0001073	transcription antitermination factor activity, DNA binding	0/223	1/2534	0.0	1.0	1.0		0		Molecular Function	0.0	0.0003946329913180742	-0.0	-0.0		2534	223	1	1196
GO:0001216	DNA-binding transcription activator activity	0/223	1/2534	0.0	1.0	1.0		0		Molecular Function	0.0	0.0003946329913180742	-0.0	-0.0		2534	223	1	1196
GO:0001530	lipopolysaccharide binding	0/223	1/2534	0.0	1.0	1.0		0		Molecular Function	0.0	0.0003946329913180742	-0.0	-0.0		2534	223	1	1196
GO:0001727	lipid kinase activity	0/223	1/2534	0.0	1.0	1.0		0		Molecular Function	0.0	0.0003946329913180742	-0.0	-0.0		2534	223	1	1196
GO:0002161	aminoacyl-tRNA editing activity	0/223	6/2534	0.0	1.0	1.0		0		Molecular Function	0.0	0.0023677979479084454	-0.0	-0.0		2534	223	6	1196
GO:0002935	tRNA (adenine(37)-C2)-methyltransferase activity	0/223	1/2534	0.0	1.0	1.0		0		Molecular Function	0.0	0.0003946329913180742	-0.0	-0.0		2534	223	1	1196
GO:0002953	5'-deoxynucleotidase activity	0/223	1/2534	0.0	1.0	1.0		0		Molecular Function	0.0	0.0003946329913180742	-0.0	-0.0		2534	223	1	1196
GO:0003678	DNA helicase activity	0/223	9/2534	0.0	1.0	1.0		0		Molecular Function	0.0	0.003551696921862668	-0.0	-0.0		2534	223	9	1196
GO:0003681	bent DNA binding	0/223	1/2534	0.0	1.0	1.0		0		Molecular Function	0.0	0.0003946329913180742	-0.0	-0.0		2534	223	1	1196
GO:0003690	double-stranded DNA binding	0/223	2/2534	0.0	1.0	1.0		0		Molecular Function	0.0	0.0007892659826361484	-0.0	-0.0		2534	223	2	1196
GO:0003724	RNA helicase activity	0/223	5/2534	0.0	1.0	1.0		0		Molecular Function	0.0	0.001973164956590371	-0.0	-0.0		2534	223	5	1196
GO:0003725	double-stranded RNA binding	0/223	3/2534	0.0	1.0	1.0		0		Molecular Function	0.0	0.0011838989739542227	-0.0	-0.0		2534	223	3	1196
GO:0003727	single-stranded RNA binding	0/223	1/2534	0.0	1.0	1.0		0		Molecular Function	0.0	0.0003946329913180742	-0.0	-0.0		2534	223	1	1196
GO:0003729	mRNA binding	0/223	1/2534	0.0	1.0	1.0		0		Molecular Function	0.0	0.0003946329913180742	-0.0	-0.0		2534	223	1	1196
GO:0003743	translation initiation factor activity	0/223	3/2534	0.0	1.0	1.0		0		Molecular Function	0.0	0.0011838989739542227	-0.0	-0.0		2534	223	3	1196
GO:0003747	translation release factor activity	0/223	1/2534	0.0	1.0	1.0		0		Molecular Function	0.0	0.0003946329913180742	-0.0	-0.0		2534	223	1	1196
GO:0003774	cytoskeletal motor activity	0/223	3/2534	0.0	1.0	1.0		0		Molecular Function	0.0	0.0011838989739542227	-0.0	-0.0		2534	223	3	1196
GO:0003796	lysozyme activity	0/223	1/2534	0.0	1.0	1.0		0		Molecular Function	0.0	0.0003946329913180742	-0.0	-0.0		2534	223	1	1196
GO:0003825	alpha,alpha-trehalose-phosphate synthase (UDP-forming) activity	0/223	1/2534	0.0	1.0	1.0		0		Molecular Function	0.0	0.0003946329913180742	-0.0	-0.0		2534	223	1	1196
GO:0003841	1-acylglycerol-3-phosphate O-acyltransferase activity	0/223	1/2534	0.0	1.0	1.0		0		Molecular Function	0.0	0.0003946329913180742	-0.0	-0.0		2534	223	1	1196
GO:0003842	1-pyrroline-5-carboxylate dehydrogenase activity	0/223	1/2534	0.0	1.0	1.0		0		Molecular Function	0.0	0.0003946329913180742	-0.0	-0.0		2534	223	1	1196
GO:0003844	1,4-alpha-glucan branching enzyme activity	0/223	1/2534	0.0	1.0	1.0		0		Molecular Function	0.0	0.0003946329913180742	-0.0	-0.0		2534	223	1	1196
GO:0003849	3-deoxy-7-phosphoheptulonate synthase activity	0/223	3/2534	0.0	1.0	1.0		0		Molecular Function	0.0	0.0011838989739542227	-0.0	-0.0		2534	223	3	1196
GO:0003852	2-isopropylmalate synthase activity	0/223	1/2534	0.0	1.0	1.0		0		Molecular Function	0.0	0.0003946329913180742	-0.0	-0.0		2534	223	1	1196
GO:0003855	3-dehydroquinate dehydratase activity	0/223	1/2534	0.0	1.0	1.0		0		Molecular Function	0.0	0.0003946329913180742	-0.0	-0.0		2534	223	1	1196
GO:0003856	3-dehydroquinate synthase activity	0/223	1/2534	0.0	1.0	1.0		0		Molecular Function	0.0	0.0003946329913180742	-0.0	-0.0		2534	223	1	1196
GO:0003857	3-hydroxyacyl-CoA dehydrogenase activity	0/223	2/2534	0.0	1.0	1.0		0		Molecular Function	0.0	0.0007892659826361484	-0.0	-0.0		2534	223	2	1196
GO:0003861	3-isopropylmalate dehydratase activity	0/223	2/2534	0.0	1.0	1.0		0		Molecular Function	0.0	0.0007892659826361484	-0.0	-0.0		2534	223	2	1196
GO:0003864	3-methyl-2-oxobutanoate hydroxymethyltransferase activity	0/223	1/2534	0.0	1.0	1.0		0		Molecular Function	0.0	0.0003946329913180742	-0.0	-0.0		2534	223	1	1196
GO:0003866	3-phosphoshikimate 1-carboxyvinyltransferase activity	0/223	1/2534	0.0	1.0	1.0		0		Molecular Function	0.0	0.0003946329913180742	-0.0	-0.0		2534	223	1	1196
GO:0003867	4-aminobutyrate transaminase activity	0/223	2/2534	0.0	1.0	1.0		0		Molecular Function	0.0	0.0007892659826361484	-0.0	-0.0		2534	223	2	1196
GO:0003872	6-phosphofructokinase activity	0/223	1/2534	0.0	1.0	1.0		0		Molecular Function	0.0	0.0003946329913180742	-0.0	-0.0		2534	223	1	1196
GO:0003879	ATP phosphoribosyltransferase activity	0/223	1/2534	0.0	1.0	1.0		0		Molecular Function	0.0	0.0003946329913180742	-0.0	-0.0		2534	223	1	1196
GO:0003883	CTP synthase activity	0/223	1/2534	0.0	1.0	1.0		0		Molecular Function	0.0	0.0003946329913180742	-0.0	-0.0		2534	223	1	1196
GO:0003896	DNA primase activity	0/223	1/2534	0.0	1.0	1.0		0		Molecular Function	0.0	0.0003946329913180742	-0.0	-0.0		2534	223	1	1196
GO:0003905	alkylbase DNA N-glycosylase activity	0/223	1/2534	0.0	1.0	1.0		0		Molecular Function	0.0	0.0003946329913180742	-0.0	-0.0		2534	223	1	1196
GO:0003906	DNA-(apurinic or apyrimidinic site) endonuclease activity	0/223	2/2534	0.0	1.0	1.0		0		Molecular Function	0.0	0.0007892659826361484	-0.0	-0.0		2534	223	2	1196
GO:0003908	methylated-DNA-[protein]-cysteine S-methyltransferase activity	0/223	2/2534	0.0	1.0	1.0		0		Molecular Function	0.0	0.0007892659826361484	-0.0	-0.0		2534	223	2	1196
GO:0003911	DNA ligase (NAD+) activity	0/223	2/2534	0.0	1.0	1.0		0		Molecular Function	0.0	0.0007892659826361484	-0.0	-0.0		2534	223	2	1196
GO:0003917	DNA topoisomerase type I (single strand cut, ATP-independent) activity	0/223	3/2534	0.0	1.0	1.0		0		Molecular Function	0.0	0.0011838989739542227	-0.0	-0.0		2534	223	3	1196
GO:0003918	DNA topoisomerase type II (double strand cut, ATP-hydrolyzing) activity	0/223	3/2534	0.0	1.0	1.0		0		Molecular Function	0.0	0.0011838989739542227	-0.0	-0.0		2534	223	3	1196
GO:0003919	FMN adenylyltransferase activity	0/223	1/2534	0.0	1.0	1.0		0		Molecular Function	0.0	0.0003946329913180742	-0.0	-0.0		2534	223	1	1196
GO:0003920	GMP reductase activity	0/223	1/2534	0.0	1.0	1.0		0		Molecular Function	0.0	0.0003946329913180742	-0.0	-0.0		2534	223	1	1196
GO:0003922	GMP synthase (glutamine-hydrolyzing) activity	0/223	1/2534	0.0	1.0	1.0		0		Molecular Function	0.0	0.0003946329913180742	-0.0	-0.0		2534	223	1	1196
GO:0003934	GTP cyclohydrolase I activity	0/223	1/2534	0.0	1.0	1.0		0		Molecular Function	0.0	0.0003946329913180742	-0.0	-0.0		2534	223	1	1196
GO:0003935	GTP cyclohydrolase II activity	0/223	1/2534	0.0	1.0	1.0		0		Molecular Function	0.0	0.0003946329913180742	-0.0	-0.0		2534	223	1	1196
GO:0003937	IMP cyclohydrolase activity	0/223	1/2534	0.0	1.0	1.0		0		Molecular Function	0.0	0.0003946329913180742	-0.0	-0.0		2534	223	1	1196
GO:0003938	IMP dehydrogenase activity	0/223	1/2534	0.0	1.0	1.0		0		Molecular Function	0.0	0.0003946329913180742	-0.0	-0.0		2534	223	1	1196
GO:0003942	N-acetyl-gamma-glutamyl-phosphate reductase activity	0/223	1/2534	0.0	1.0	1.0		0		Molecular Function	0.0	0.0003946329913180742	-0.0	-0.0		2534	223	1	1196
GO:0003949	1-(5-phosphoribosyl)-5-[(5-phosphoribosylamino)methylideneamino]imidazole-4-carboxamide isomerase activity	0/223	1/2534	0.0	1.0	1.0		0		Molecular Function	0.0	0.0003946329913180742	-0.0	-0.0		2534	223	1	1196
GO:0003950	NAD+ ADP-ribosyltransferase activity	0/223	1/2534	0.0	1.0	1.0		0		Molecular Function	0.0	0.0003946329913180742	-0.0	-0.0		2534	223	1	1196
GO:0003951	NAD+ kinase activity	0/223	1/2534	0.0	1.0	1.0		0		Molecular Function	0.0	0.0003946329913180742	-0.0	-0.0		2534	223	1	1196
GO:0003955	NAD(P)H dehydrogenase (quinone) activity	0/223	3/2534	0.0	1.0	1.0		0		Molecular Function	0.0	0.0011838989739542227	-0.0	-0.0		2534	223	3	1196
GO:0003957	NAD(P)+ transhydrogenase (B-specific) activity	0/223	1/2534	0.0	1.0	1.0		0		Molecular Function	0.0	0.0003946329913180742	-0.0	-0.0		2534	223	1	1196
GO:0003963	RNA-3'-phosphate cyclase activity	0/223	1/2534	0.0	1.0	1.0		0		Molecular Function	0.0	0.0003946329913180742	-0.0	-0.0		2534	223	1	1196
GO:0003977	UDP-N-acetylglucosamine diphosphorylase activity	0/223	1/2534	0.0	1.0	1.0		0		Molecular Function	0.0	0.0003946329913180742	-0.0	-0.0		2534	223	1	1196
GO:0003978	UDP-glucose 4-epimerase activity	0/223	1/2534	0.0	1.0	1.0		0		Molecular Function	0.0	0.0003946329913180742	-0.0	-0.0		2534	223	1	1196
GO:0003979	UDP-glucose 6-dehydrogenase activity	0/223	1/2534	0.0	1.0	1.0		0		Molecular Function	0.0	0.0003946329913180742	-0.0	-0.0		2534	223	1	1196
GO:0003983	UTP:glucose-1-phosphate uridylyltransferase activity	0/223	2/2534	0.0	1.0	1.0		0		Molecular Function	0.0	0.0007892659826361484	-0.0	-0.0		2534	223	2	1196
GO:0003984	acetolactate synthase activity	0/223	3/2534	0.0	1.0	1.0		0		Molecular Function	0.0	0.0011838989739542227	-0.0	-0.0		2534	223	3	1196
GO:0003987	acetate-CoA ligase activity	0/223	1/2534	0.0	1.0	1.0		0		Molecular Function	0.0	0.0003946329913180742	-0.0	-0.0		2534	223	1	1196
GO:0003988	acetyl-CoA C-acyltransferase activity	0/223	2/2534	0.0	1.0	1.0		0		Molecular Function	0.0	0.0007892659826361484	-0.0	-0.0		2534	223	2	1196
GO:0003989	acetyl-CoA carboxylase activity	0/223	3/2534	0.0	1.0	1.0		0		Molecular Function	0.0	0.0011838989739542227	-0.0	-0.0		2534	223	3	1196
GO:0003991	acetylglutamate kinase activity	0/223	1/2534	0.0	1.0	1.0		0		Molecular Function	0.0	0.0003946329913180742	-0.0	-0.0		2534	223	1	1196
GO:0003992	N2-acetyl-L-ornithine:2-oxoglutarate 5-aminotransferase activity	0/223	1/2534	0.0	1.0	1.0		0		Molecular Function	0.0	0.0003946329913180742	-0.0	-0.0		2534	223	1	1196
GO:0003993	acid phosphatase activity	0/223	1/2534	0.0	1.0	1.0		0		Molecular Function	0.0	0.0003946329913180742	-0.0	-0.0		2534	223	1	1196
GO:0003994	aconitate hydratase activity	0/223	1/2534	0.0	1.0	1.0		0		Molecular Function	0.0	0.0003946329913180742	-0.0	-0.0		2534	223	1	1196
GO:0003998	acylphosphatase activity	0/223	1/2534	0.0	1.0	1.0		0		Molecular Function	0.0	0.0003946329913180742	-0.0	-0.0		2534	223	1	1196
GO:0003999	adenine phosphoribosyltransferase activity	0/223	1/2534	0.0	1.0	1.0		0		Molecular Function	0.0	0.0003946329913180742	-0.0	-0.0		2534	223	1	1196
GO:0004000	adenosine deaminase activity	0/223	1/2534	0.0	1.0	1.0		0		Molecular Function	0.0	0.0003946329913180742	-0.0	-0.0		2534	223	1	1196
GO:0004014	adenosylmethionine decarboxylase activity	0/223	1/2534	0.0	1.0	1.0		0		Molecular Function	0.0	0.0003946329913180742	-0.0	-0.0		2534	223	1	1196
GO:0004015	adenosylmethionine-8-amino-7-oxononanoate transaminase activity	0/223	1/2534	0.0	1.0	1.0		0		Molecular Function	0.0	0.0003946329913180742	-0.0	-0.0		2534	223	1	1196
GO:0004016	adenylate cyclase activity	0/223	1/2534	0.0	1.0	1.0		0		Molecular Function	0.0	0.0003946329913180742	-0.0	-0.0		2534	223	1	1196
GO:0004017	adenylate kinase activity	0/223	3/2534	0.0	1.0	1.0		0		Molecular Function	0.0	0.0011838989739542227	-0.0	-0.0		2534	223	3	1196
GO:0004018	N6-(1,2-dicarboxyethyl)AMP AMP-lyase (fumarate-forming) activity	0/223	1/2534	0.0	1.0	1.0		0		Molecular Function	0.0	0.0003946329913180742	-0.0	-0.0		2534	223	1	1196
GO:0004019	adenylosuccinate synthase activity	0/223	1/2534	0.0	1.0	1.0		0		Molecular Function	0.0	0.0003946329913180742	-0.0	-0.0		2534	223	1	1196
GO:0004022	alcohol dehydrogenase (NAD+) activity	0/223	1/2534	0.0	1.0	1.0		0		Molecular Function	0.0	0.0003946329913180742	-0.0	-0.0		2534	223	1	1196
GO:0004030	aldehyde dehydrogenase [NAD(P)+] activity	0/223	1/2534	0.0	1.0	1.0		0		Molecular Function	0.0	0.0003946329913180742	-0.0	-0.0		2534	223	1	1196
GO:0004034	aldose 1-epimerase activity	0/223	1/2534	0.0	1.0	1.0		0		Molecular Function	0.0	0.0003946329913180742	-0.0	-0.0		2534	223	1	1196
GO:0004038	allantoinase activity	0/223	1/2534	0.0	1.0	1.0		0		Molecular Function	0.0	0.0003946329913180742	-0.0	-0.0		2534	223	1	1196
GO:0004042	acetyl-CoA:L-glutamate N-acetyltransferase activity	0/223	1/2534	0.0	1.0	1.0		0		Molecular Function	0.0	0.0003946329913180742	-0.0	-0.0		2534	223	1	1196
GO:0004044	amidophosphoribosyltransferase activity	0/223	1/2534	0.0	1.0	1.0		0		Molecular Function	0.0	0.0003946329913180742	-0.0	-0.0		2534	223	1	1196
GO:0004045	aminoacyl-tRNA hydrolase activity	0/223	1/2534	0.0	1.0	1.0		0		Molecular Function	0.0	0.0003946329913180742	-0.0	-0.0		2534	223	1	1196
GO:0004047	aminomethyltransferase activity	0/223	1/2534	0.0	1.0	1.0		0		Molecular Function	0.0	0.0003946329913180742	-0.0	-0.0		2534	223	1	1196
GO:0004048	anthranilate phosphoribosyltransferase activity	0/223	2/2534	0.0	1.0	1.0		0		Molecular Function	0.0	0.0007892659826361484	-0.0	-0.0		2534	223	2	1196
GO:0004049	anthranilate synthase activity	0/223	1/2534	0.0	1.0	1.0		0		Molecular Function	0.0	0.0003946329913180742	-0.0	-0.0		2534	223	1	1196
GO:0004055	argininosuccinate synthase activity	0/223	1/2534	0.0	1.0	1.0		0		Molecular Function	0.0	0.0003946329913180742	-0.0	-0.0		2534	223	1	1196
GO:0004056	argininosuccinate lyase activity	0/223	1/2534	0.0	1.0	1.0		0		Molecular Function	0.0	0.0003946329913180742	-0.0	-0.0		2534	223	1	1196
GO:0004066	asparagine synthase (glutamine-hydrolyzing) activity	0/223	1/2534	0.0	1.0	1.0		0		Molecular Function	0.0	0.0003946329913180742	-0.0	-0.0		2534	223	1	1196
GO:0004067	asparaginase activity	0/223	2/2534	0.0	1.0	1.0		0		Molecular Function	0.0	0.0007892659826361484	-0.0	-0.0		2534	223	2	1196
GO:0004068	aspartate 1-decarboxylase activity	0/223	1/2534	0.0	1.0	1.0		0		Molecular Function	0.0	0.0003946329913180742	-0.0	-0.0		2534	223	1	1196
GO:0004070	aspartate carbamoyltransferase activity	0/223	1/2534	0.0	1.0	1.0		0		Molecular Function	0.0	0.0003946329913180742	-0.0	-0.0		2534	223	1	1196
GO:0004071	aspartate-ammonia ligase activity	0/223	1/2534	0.0	1.0	1.0		0		Molecular Function	0.0	0.0003946329913180742	-0.0	-0.0		2534	223	1	1196
GO:0004072	aspartate kinase activity	0/223	3/2534	0.0	1.0	1.0		0		Molecular Function	0.0	0.0011838989739542227	-0.0	-0.0		2534	223	3	1196
GO:0004073	aspartate-semialdehyde dehydrogenase activity	0/223	1/2534	0.0	1.0	1.0		0		Molecular Function	0.0	0.0003946329913180742	-0.0	-0.0		2534	223	1	1196
GO:0004076	biotin synthase activity	0/223	1/2534	0.0	1.0	1.0		0		Molecular Function	0.0	0.0003946329913180742	-0.0	-0.0		2534	223	1	1196
GO:0004077	biotin-[acetyl-CoA-carboxylase] ligase activity	0/223	1/2534	0.0	1.0	1.0		0		Molecular Function	0.0	0.0003946329913180742	-0.0	-0.0		2534	223	1	1196
GO:0004084	branched-chain-amino-acid transaminase activity	0/223	1/2534	0.0	1.0	1.0		0		Molecular Function	0.0	0.0003946329913180742	-0.0	-0.0		2534	223	1	1196
GO:0004088	carbamoyl-phosphate synthase (glutamine-hydrolyzing) activity	0/223	2/2534	0.0	1.0	1.0		0		Molecular Function	0.0	0.0007892659826361484	-0.0	-0.0		2534	223	2	1196
GO:0004089	carbonate dehydratase activity	0/223	1/2534	0.0	1.0	1.0		0		Molecular Function	0.0	0.0003946329913180742	-0.0	-0.0		2534	223	1	1196
GO:0004096	catalase activity	0/223	2/2534	0.0	1.0	1.0		0		Molecular Function	0.0	0.0007892659826361484	-0.0	-0.0		2534	223	2	1196
GO:0004106	chorismate mutase activity	0/223	2/2534	0.0	1.0	1.0		0		Molecular Function	0.0	0.0007892659826361484	-0.0	-0.0		2534	223	2	1196
GO:0004107	chorismate synthase activity	0/223	1/2534	0.0	1.0	1.0		0		Molecular Function	0.0	0.0003946329913180742	-0.0	-0.0		2534	223	1	1196
GO:0004108	citrate (Si)-synthase activity	0/223	1/2534	0.0	1.0	1.0		0		Molecular Function	0.0	0.0003946329913180742	-0.0	-0.0		2534	223	1	1196
GO:0004109	coproporphyrinogen oxidase activity	0/223	3/2534	0.0	1.0	1.0		0		Molecular Function	0.0	0.0011838989739542227	-0.0	-0.0		2534	223	3	1196
GO:0004112	cyclic-nucleotide phosphodiesterase activity	0/223	1/2534	0.0	1.0	1.0		0		Molecular Function	0.0	0.0003946329913180742	-0.0	-0.0		2534	223	1	1196
GO:0004113	2',3'-cyclic-nucleotide 3'-phosphodiesterase activity	0/223	1/2534	0.0	1.0	1.0		0		Molecular Function	0.0	0.0003946329913180742	-0.0	-0.0		2534	223	1	1196
GO:0004115	3',5'-cyclic-AMP phosphodiesterase activity	0/223	1/2534	0.0	1.0	1.0		0		Molecular Function	0.0	0.0003946329913180742	-0.0	-0.0		2534	223	1	1196
GO:0004124	cysteine synthase activity	0/223	2/2534	0.0	1.0	1.0		0		Molecular Function	0.0	0.0007892659826361484	-0.0	-0.0		2534	223	2	1196
GO:0004125	L-seryl-tRNA(Sec) selenium transferase activity	0/223	1/2534	0.0	1.0	1.0		0		Molecular Function	0.0	0.0003946329913180742	-0.0	-0.0		2534	223	1	1196
GO:0004126	cytidine deaminase activity	0/223	1/2534	0.0	1.0	1.0		0		Molecular Function	0.0	0.0003946329913180742	-0.0	-0.0		2534	223	1	1196
GO:0004127	cytidylate kinase activity	0/223	1/2534	0.0	1.0	1.0		0		Molecular Function	0.0	0.0003946329913180742	-0.0	-0.0		2534	223	1	1196
GO:0004129	cytochrome-c oxidase activity	0/223	3/2534	0.0	1.0	1.0		0		Molecular Function	0.0	0.0011838989739542227	-0.0	-0.0		2534	223	3	1196
GO:0004133	glycogen debranching enzyme activity	0/223	1/2534	0.0	1.0	1.0		0		Molecular Function	0.0	0.0003946329913180742	-0.0	-0.0		2534	223	1	1196
GO:0004134	4-alpha-glucanotransferase activity	0/223	1/2534	0.0	1.0	1.0		0		Molecular Function	0.0	0.0003946329913180742	-0.0	-0.0		2534	223	1	1196
GO:0004139	deoxyribose-phosphate aldolase activity	0/223	1/2534	0.0	1.0	1.0		0		Molecular Function	0.0	0.0003946329913180742	-0.0	-0.0		2534	223	1	1196
GO:0004140	dephospho-CoA kinase activity	0/223	1/2534	0.0	1.0	1.0		0		Molecular Function	0.0	0.0003946329913180742	-0.0	-0.0		2534	223	1	1196
GO:0004141	dethiobiotin synthase activity	0/223	1/2534	0.0	1.0	1.0		0		Molecular Function	0.0	0.0003946329913180742	-0.0	-0.0		2534	223	1	1196
GO:0004143	ATP-dependent diacylglycerol kinase activity	0/223	1/2534	0.0	1.0	1.0		0		Molecular Function	0.0	0.0003946329913180742	-0.0	-0.0		2534	223	1	1196
GO:0004148	dihydrolipoyl dehydrogenase activity	0/223	1/2534	0.0	1.0	1.0		0		Molecular Function	0.0	0.0003946329913180742	-0.0	-0.0		2534	223	1	1196
GO:0004149	dihydrolipoyllysine-residue succinyltransferase activity	0/223	1/2534	0.0	1.0	1.0		0		Molecular Function	0.0	0.0003946329913180742	-0.0	-0.0		2534	223	1	1196
GO:0004150	dihydroneopterin aldolase activity	0/223	2/2534	0.0	1.0	1.0		0		Molecular Function	0.0	0.0007892659826361484	-0.0	-0.0		2534	223	2	1196
GO:0004151	dihydroorotase activity	0/223	1/2534	0.0	1.0	1.0		0		Molecular Function	0.0	0.0003946329913180742	-0.0	-0.0		2534	223	1	1196
GO:0004152	dihydroorotate dehydrogenase activity	0/223	1/2534	0.0	1.0	1.0		0		Molecular Function	0.0	0.0003946329913180742	-0.0	-0.0		2534	223	1	1196
GO:0004156	dihydropteroate synthase activity	0/223	1/2534	0.0	1.0	1.0		0		Molecular Function	0.0	0.0003946329913180742	-0.0	-0.0		2534	223	1	1196
GO:0004160	dihydroxy-acid dehydratase activity	0/223	1/2534	0.0	1.0	1.0		0		Molecular Function	0.0	0.0003946329913180742	-0.0	-0.0		2534	223	1	1196
GO:0004165	delta(3)-delta(2)-enoyl-CoA isomerase activity	0/223	1/2534	0.0	1.0	1.0		0		Molecular Function	0.0	0.0003946329913180742	-0.0	-0.0		2534	223	1	1196
GO:0004170	dUTP diphosphatase activity	0/223	2/2534	0.0	1.0	1.0		0		Molecular Function	0.0	0.0007892659826361484	-0.0	-0.0		2534	223	2	1196
GO:0004175	endopeptidase activity	0/223	2/2534	0.0	1.0	1.0		0		Molecular Function	0.0	0.0007892659826361484	-0.0	-0.0		2534	223	2	1196
GO:0004176	ATP-dependent peptidase activity	0/223	3/2534	0.0	1.0	1.0		0		Molecular Function	0.0	0.0011838989739542227	-0.0	-0.0		2534	223	3	1196
GO:0004180	carboxypeptidase activity	0/223	5/2534	0.0	1.0	1.0		0		Molecular Function	0.0	0.001973164956590371	-0.0	-0.0		2534	223	5	1196
GO:0004190	aspartic-type endopeptidase activity	0/223	4/2534	0.0	1.0	1.0		0		Molecular Function	0.0	0.0015785319652722968	-0.0	-0.0		2534	223	4	1196
GO:0004222	metalloendopeptidase activity	0/223	11/2534	0.0	1.0	1.0		0		Molecular Function	0.0	0.004340962904498816	-0.0	-0.0		2534	223	11	1196
GO:0004298	threonine-type endopeptidase activity	0/223	1/2534	0.0	1.0	1.0		0		Molecular Function	0.0	0.0003946329913180742	-0.0	-0.0		2534	223	1	1196
GO:0004300	enoyl-CoA hydratase activity	0/223	2/2534	0.0	1.0	1.0		0		Molecular Function	0.0	0.0007892659826361484	-0.0	-0.0		2534	223	2	1196
GO:0004309	exopolyphosphatase activity	0/223	2/2534	0.0	1.0	1.0		0		Molecular Function	0.0	0.0007892659826361484	-0.0	-0.0		2534	223	2	1196
GO:0004314	[acyl-carrier-protein] S-malonyltransferase activity	0/223	1/2534	0.0	1.0	1.0		0		Molecular Function	0.0	0.0003946329913180742	-0.0	-0.0		2534	223	1	1196
GO:0004315	3-oxoacyl-[acyl-carrier-protein] synthase activity	0/223	2/2534	0.0	1.0	1.0		0		Molecular Function	0.0	0.0007892659826361484	-0.0	-0.0		2534	223	2	1196
GO:0004316	3-oxoacyl-[acyl-carrier-protein] reductase (NADPH) activity	0/223	1/2534	0.0	1.0	1.0		0		Molecular Function	0.0	0.0003946329913180742	-0.0	-0.0		2534	223	1	1196
GO:0004318	enoyl-[acyl-carrier-protein] reductase (NADH) activity	0/223	1/2534	0.0	1.0	1.0		0		Molecular Function	0.0	0.0003946329913180742	-0.0	-0.0		2534	223	1	1196
GO:0004324	ferredoxin-NADP+ reductase activity	0/223	1/2534	0.0	1.0	1.0		0		Molecular Function	0.0	0.0003946329913180742	-0.0	-0.0		2534	223	1	1196
GO:0004325	ferrochelatase activity	0/223	1/2534	0.0	1.0	1.0		0		Molecular Function	0.0	0.0003946329913180742	-0.0	-0.0		2534	223	1	1196
GO:0004326	tetrahydrofolylpolyglutamate synthase activity	0/223	1/2534	0.0	1.0	1.0		0		Molecular Function	0.0	0.0003946329913180742	-0.0	-0.0		2534	223	1	1196
GO:0004335	galactokinase activity	0/223	1/2534	0.0	1.0	1.0		0		Molecular Function	0.0	0.0003946329913180742	-0.0	-0.0		2534	223	1	1196
GO:0004340	glucokinase activity	0/223	1/2534	0.0	1.0	1.0		0		Molecular Function	0.0	0.0003946329913180742	-0.0	-0.0		2534	223	1	1196
GO:0004342	glucosamine-6-phosphate deaminase activity	0/223	2/2534	0.0	1.0	1.0		0		Molecular Function	0.0	0.0007892659826361484	-0.0	-0.0		2534	223	2	1196
GO:0004343	glucosamine 6-phosphate N-acetyltransferase activity	0/223	1/2534	0.0	1.0	1.0		0		Molecular Function	0.0	0.0003946329913180742	-0.0	-0.0		2534	223	1	1196
GO:0004345	glucose-6-phosphate dehydrogenase activity	0/223	1/2534	0.0	1.0	1.0		0		Molecular Function	0.0	0.0003946329913180742	-0.0	-0.0		2534	223	1	1196
GO:0004347	glucose-6-phosphate isomerase activity	0/223	1/2534	0.0	1.0	1.0		0		Molecular Function	0.0	0.0003946329913180742	-0.0	-0.0		2534	223	1	1196
GO:0004349	glutamate 5-kinase activity	0/223	1/2534	0.0	1.0	1.0		0		Molecular Function	0.0	0.0003946329913180742	-0.0	-0.0		2534	223	1	1196
GO:0004350	glutamate-5-semialdehyde dehydrogenase activity	0/223	1/2534	0.0	1.0	1.0		0		Molecular Function	0.0	0.0003946329913180742	-0.0	-0.0		2534	223	1	1196
GO:0004353	glutamate dehydrogenase [NAD(P)+] activity	0/223	1/2534	0.0	1.0	1.0		0		Molecular Function	0.0	0.0003946329913180742	-0.0	-0.0		2534	223	1	1196
GO:0004356	glutamine synthetase activity	0/223	2/2534	0.0	1.0	1.0		0		Molecular Function	0.0	0.0007892659826361484	-0.0	-0.0		2534	223	2	1196
GO:0004357	glutamate-cysteine ligase activity	0/223	2/2534	0.0	1.0	1.0		0		Molecular Function	0.0	0.0007892659826361484	-0.0	-0.0		2534	223	2	1196
GO:0004360	glutamine-fructose-6-phosphate transaminase (isomerizing) activity	0/223	1/2534	0.0	1.0	1.0		0		Molecular Function	0.0	0.0003946329913180742	-0.0	-0.0		2534	223	1	1196
GO:0004362	glutathione-disulfide reductase (NADP) activity	0/223	1/2534	0.0	1.0	1.0		0		Molecular Function	0.0	0.0003946329913180742	-0.0	-0.0		2534	223	1	1196
GO:0004363	glutathione synthase activity	0/223	1/2534	0.0	1.0	1.0		0		Molecular Function	0.0	0.0003946329913180742	-0.0	-0.0		2534	223	1	1196
GO:0004364	glutathione transferase activity	0/223	1/2534	0.0	1.0	1.0		0		Molecular Function	0.0	0.0003946329913180742	-0.0	-0.0		2534	223	1	1196
GO:0004366	glycerol-3-phosphate O-acyltransferase activity	0/223	2/2534	0.0	1.0	1.0		0		Molecular Function	0.0	0.0007892659826361484	-0.0	-0.0		2534	223	2	1196
GO:0004367	glycerol-3-phosphate dehydrogenase [NAD(P)+] activity	0/223	1/2534	0.0	1.0	1.0		0		Molecular Function	0.0	0.0003946329913180742	-0.0	-0.0		2534	223	1	1196
GO:0004368	glycerol-3-phosphate dehydrogenase (quinone) activity	0/223	3/2534	0.0	1.0	1.0		0		Molecular Function	0.0	0.0011838989739542227	-0.0	-0.0		2534	223	3	1196
GO:0004370	glycerol kinase activity	0/223	1/2534	0.0	1.0	1.0		0		Molecular Function	0.0	0.0003946329913180742	-0.0	-0.0		2534	223	1	1196
GO:0004372	glycine hydroxymethyltransferase activity	0/223	1/2534	0.0	1.0	1.0		0		Molecular Function	0.0	0.0003946329913180742	-0.0	-0.0		2534	223	1	1196
GO:0004373	glycogen (starch) synthase activity	0/223	1/2534	0.0	1.0	1.0		0		Molecular Function	0.0	0.0003946329913180742	-0.0	-0.0		2534	223	1	1196
GO:0004375	glycine dehydrogenase (decarboxylating) activity	0/223	1/2534	0.0	1.0	1.0		0		Molecular Function	0.0	0.0003946329913180742	-0.0	-0.0		2534	223	1	1196
GO:0004385	guanylate kinase activity	0/223	1/2534	0.0	1.0	1.0		0		Molecular Function	0.0	0.0003946329913180742	-0.0	-0.0		2534	223	1	1196
GO:0004399	histidinol dehydrogenase activity	0/223	1/2534	0.0	1.0	1.0		0		Molecular Function	0.0	0.0003946329913180742	-0.0	-0.0		2534	223	1	1196
GO:0004400	histidinol-phosphate transaminase activity	0/223	1/2534	0.0	1.0	1.0		0		Molecular Function	0.0	0.0003946329913180742	-0.0	-0.0		2534	223	1	1196
GO:0004401	histidinol-phosphatase activity	0/223	1/2534	0.0	1.0	1.0		0		Molecular Function	0.0	0.0003946329913180742	-0.0	-0.0		2534	223	1	1196
GO:0004412	homoserine dehydrogenase activity	0/223	2/2534	0.0	1.0	1.0		0		Molecular Function	0.0	0.0007892659826361484	-0.0	-0.0		2534	223	2	1196
GO:0004414	homoserine O-acetyltransferase activity	0/223	1/2534	0.0	1.0	1.0		0		Molecular Function	0.0	0.0003946329913180742	-0.0	-0.0		2534	223	1	1196
GO:0004417	hydroxyethylthiazole kinase activity	0/223	1/2534	0.0	1.0	1.0		0		Molecular Function	0.0	0.0003946329913180742	-0.0	-0.0		2534	223	1	1196
GO:0004422	hypoxanthine phosphoribosyltransferase activity	0/223	1/2534	0.0	1.0	1.0		0		Molecular Function	0.0	0.0003946329913180742	-0.0	-0.0		2534	223	1	1196
GO:0004424	imidazoleglycerol-phosphate dehydratase activity	0/223	1/2534	0.0	1.0	1.0		0		Molecular Function	0.0	0.0003946329913180742	-0.0	-0.0		2534	223	1	1196
GO:0004450	isocitrate dehydrogenase (NADP+) activity	0/223	1/2534	0.0	1.0	1.0		0		Molecular Function	0.0	0.0003946329913180742	-0.0	-0.0		2534	223	1	1196
GO:0004455	ketol-acid reductoisomerase activity	0/223	1/2534	0.0	1.0	1.0		0		Molecular Function	0.0	0.0003946329913180742	-0.0	-0.0		2534	223	1	1196
GO:0004456	phosphogluconate dehydratase activity	0/223	1/2534	0.0	1.0	1.0		0		Molecular Function	0.0	0.0003946329913180742	-0.0	-0.0		2534	223	1	1196
GO:0004457	lactate dehydrogenase activity	0/223	1/2534	0.0	1.0	1.0		0		Molecular Function	0.0	0.0003946329913180742	-0.0	-0.0		2534	223	1	1196
GO:0004462	lactoylglutathione lyase activity	0/223	1/2534	0.0	1.0	1.0		0		Molecular Function	0.0	0.0003946329913180742	-0.0	-0.0		2534	223	1	1196
GO:0004471	malate dehydrogenase (decarboxylating) (NAD+) activity	0/223	2/2534	0.0	1.0	1.0		0		Molecular Function	0.0	0.0007892659826361484	-0.0	-0.0		2534	223	2	1196
GO:0004474	malate synthase activity	0/223	2/2534	0.0	1.0	1.0		0		Molecular Function	0.0	0.0007892659826361484	-0.0	-0.0		2534	223	2	1196
GO:0004476	mannose-6-phosphate isomerase activity	0/223	1/2534	0.0	1.0	1.0		0		Molecular Function	0.0	0.0003946329913180742	-0.0	-0.0		2534	223	1	1196
GO:0004477	methenyltetrahydrofolate cyclohydrolase activity	0/223	1/2534	0.0	1.0	1.0		0		Molecular Function	0.0	0.0003946329913180742	-0.0	-0.0		2534	223	1	1196
GO:0004478	methionine adenosyltransferase activity	0/223	1/2534	0.0	1.0	1.0		0		Molecular Function	0.0	0.0003946329913180742	-0.0	-0.0		2534	223	1	1196
GO:0004479	methionyl-tRNA formyltransferase activity	0/223	1/2534	0.0	1.0	1.0		0		Molecular Function	0.0	0.0003946329913180742	-0.0	-0.0		2534	223	1	1196
GO:0004488	methylenetetrahydrofolate dehydrogenase (NADP+) activity	0/223	1/2534	0.0	1.0	1.0		0		Molecular Function	0.0	0.0003946329913180742	-0.0	-0.0		2534	223	1	1196
GO:0004494	methylmalonyl-CoA mutase activity	0/223	1/2534	0.0	1.0	1.0		0		Molecular Function	0.0	0.0003946329913180742	-0.0	-0.0		2534	223	1	1196
GO:0004497	monooxygenase activity	0/223	3/2534	0.0	1.0	1.0		0		Molecular Function	0.0	0.0011838989739542227	-0.0	-0.0		2534	223	3	1196
GO:0004514	nicotinate-nucleotide diphosphorylase (carboxylating) activity	0/223	2/2534	0.0	1.0	1.0		0		Molecular Function	0.0	0.0007892659826361484	-0.0	-0.0		2534	223	2	1196
GO:0004515	nicotinate-nucleotide adenylyltransferase activity	0/223	1/2534	0.0	1.0	1.0		0		Molecular Function	0.0	0.0003946329913180742	-0.0	-0.0		2534	223	1	1196
GO:0004516	nicotinate phosphoribosyltransferase activity	0/223	1/2534	0.0	1.0	1.0		0		Molecular Function	0.0	0.0003946329913180742	-0.0	-0.0		2534	223	1	1196
GO:0004518	nuclease activity	0/223	6/2534	0.0	1.0	1.0		0		Molecular Function	0.0	0.0023677979479084454	-0.0	-0.0		2534	223	6	1196
GO:0004520	DNA endonuclease activity	0/223	2/2534	0.0	1.0	1.0		0		Molecular Function	0.0	0.0007892659826361484	-0.0	-0.0		2534	223	2	1196
GO:0004523	RNA-DNA hybrid ribonuclease activity	0/223	2/2534	0.0	1.0	1.0		0		Molecular Function	0.0	0.0007892659826361484	-0.0	-0.0		2534	223	2	1196
GO:0004525	ribonuclease III activity	0/223	1/2534	0.0	1.0	1.0		0		Molecular Function	0.0	0.0003946329913180742	-0.0	-0.0		2534	223	1	1196
GO:0004527	exonuclease activity	0/223	6/2534	0.0	1.0	1.0		0		Molecular Function	0.0	0.0023677979479084454	-0.0	-0.0		2534	223	6	1196
GO:0004532	RNA exonuclease activity	0/223	1/2534	0.0	1.0	1.0		0		Molecular Function	0.0	0.0003946329913180742	-0.0	-0.0		2534	223	1	1196
GO:0004536	DNA nuclease activity	0/223	2/2534	0.0	1.0	1.0		0		Molecular Function	0.0	0.0007892659826361484	-0.0	-0.0		2534	223	2	1196
GO:0004540	RNA nuclease activity	0/223	4/2534	0.0	1.0	1.0		0		Molecular Function	0.0	0.0015785319652722968	-0.0	-0.0		2534	223	4	1196
GO:0004550	nucleoside diphosphate kinase activity	0/223	1/2534	0.0	1.0	1.0		0		Molecular Function	0.0	0.0003946329913180742	-0.0	-0.0		2534	223	1	1196
GO:0004553	hydrolase activity, hydrolyzing O-glycosyl compounds	0/223	17/2534	0.0	1.0	1.0		0		Molecular Function	0.0	0.006708760852407261	-0.0	-0.0		2534	223	17	1196
GO:0004555	alpha,alpha-trehalase activity	0/223	3/2534	0.0	1.0	1.0		0		Molecular Function	0.0	0.0011838989739542227	-0.0	-0.0		2534	223	3	1196
GO:0004556	alpha-amylase activity	0/223	1/2534	0.0	1.0	1.0		0		Molecular Function	0.0	0.0003946329913180742	-0.0	-0.0		2534	223	1	1196
GO:0004558	alpha-1,4-glucosidase activity	0/223	1/2534	0.0	1.0	1.0		0		Molecular Function	0.0	0.0003946329913180742	-0.0	-0.0		2534	223	1	1196
GO:0004559	alpha-mannosidase activity	0/223	1/2534	0.0	1.0	1.0		0		Molecular Function	0.0	0.0003946329913180742	-0.0	-0.0		2534	223	1	1196
GO:0004563	beta-N-acetylhexosaminidase activity	0/223	1/2534	0.0	1.0	1.0		0		Molecular Function	0.0	0.0003946329913180742	-0.0	-0.0		2534	223	1	1196
GO:0004565	beta-galactosidase activity	0/223	2/2534	0.0	1.0	1.0		0		Molecular Function	0.0	0.0007892659826361484	-0.0	-0.0		2534	223	2	1196
GO:0004585	ornithine carbamoyltransferase activity	0/223	1/2534	0.0	1.0	1.0		0		Molecular Function	0.0	0.0003946329913180742	-0.0	-0.0		2534	223	1	1196
GO:0004586	ornithine decarboxylase activity	0/223	1/2534	0.0	1.0	1.0		0		Molecular Function	0.0	0.0003946329913180742	-0.0	-0.0		2534	223	1	1196
GO:0004588	orotate phosphoribosyltransferase activity	0/223	1/2534	0.0	1.0	1.0		0		Molecular Function	0.0	0.0003946329913180742	-0.0	-0.0		2534	223	1	1196
GO:0004590	orotidine-5'-phosphate decarboxylase activity	0/223	1/2534	0.0	1.0	1.0		0		Molecular Function	0.0	0.0003946329913180742	-0.0	-0.0		2534	223	1	1196
GO:0004591	oxoglutarate dehydrogenase (succinyl-transferring) activity	0/223	1/2534	0.0	1.0	1.0		0		Molecular Function	0.0	0.0003946329913180742	-0.0	-0.0		2534	223	1	1196
GO:0004592	pantoate-beta-alanine ligase activity	0/223	1/2534	0.0	1.0	1.0		0		Molecular Function	0.0	0.0003946329913180742	-0.0	-0.0		2534	223	1	1196
GO:0004595	pantetheine-phosphate adenylyltransferase activity	0/223	1/2534	0.0	1.0	1.0		0		Molecular Function	0.0	0.0003946329913180742	-0.0	-0.0		2534	223	1	1196
GO:0004601	peroxidase activity	0/223	5/2534	0.0	1.0	1.0		0		Molecular Function	0.0	0.001973164956590371	-0.0	-0.0		2534	223	5	1196
GO:0004602	glutathione peroxidase activity	0/223	1/2534	0.0	1.0	1.0		0		Molecular Function	0.0	0.0003946329913180742	-0.0	-0.0		2534	223	1	1196
GO:0004604	phosphoadenylyl-sulfate reductase (thioredoxin) activity	0/223	1/2534	0.0	1.0	1.0		0		Molecular Function	0.0	0.0003946329913180742	-0.0	-0.0		2534	223	1	1196
GO:0004609	phosphatidylserine decarboxylase activity	0/223	1/2534	0.0	1.0	1.0		0		Molecular Function	0.0	0.0003946329913180742	-0.0	-0.0		2534	223	1	1196
GO:0004612	phosphoenolpyruvate carboxykinase (ATP) activity	0/223	1/2534	0.0	1.0	1.0		0		Molecular Function	0.0	0.0003946329913180742	-0.0	-0.0		2534	223	1	1196
GO:0004614	phosphoglucomutase activity	0/223	1/2534	0.0	1.0	1.0		0		Molecular Function	0.0	0.0003946329913180742	-0.0	-0.0		2534	223	1	1196
GO:0004616	phosphogluconate dehydrogenase (decarboxylating) activity	0/223	1/2534	0.0	1.0	1.0		0		Molecular Function	0.0	0.0003946329913180742	-0.0	-0.0		2534	223	1	1196
GO:0004618	phosphoglycerate kinase activity	0/223	1/2534	0.0	1.0	1.0		0		Molecular Function	0.0	0.0003946329913180742	-0.0	-0.0		2534	223	1	1196
GO:0004619	phosphoglycerate mutase activity	0/223	1/2534	0.0	1.0	1.0		0		Molecular Function	0.0	0.0003946329913180742	-0.0	-0.0		2534	223	1	1196
GO:0004620	phospholipase activity	0/223	1/2534	0.0	1.0	1.0		0		Molecular Function	0.0	0.0003946329913180742	-0.0	-0.0		2534	223	1	1196
GO:0004632	phosphopantothenate--cysteine ligase activity	0/223	1/2534	0.0	1.0	1.0		0		Molecular Function	0.0	0.0003946329913180742	-0.0	-0.0		2534	223	1	1196
GO:0004633	phosphopantothenoylcysteine decarboxylase activity	0/223	1/2534	0.0	1.0	1.0		0		Molecular Function	0.0	0.0003946329913180742	-0.0	-0.0		2534	223	1	1196
GO:0004634	phosphopyruvate hydratase activity	0/223	1/2534	0.0	1.0	1.0		0		Molecular Function	0.0	0.0003946329913180742	-0.0	-0.0		2534	223	1	1196
GO:0004635	phosphoribosyl-AMP cyclohydrolase activity	0/223	1/2534	0.0	1.0	1.0		0		Molecular Function	0.0	0.0003946329913180742	-0.0	-0.0		2534	223	1	1196
GO:0004636	phosphoribosyl-ATP diphosphatase activity	0/223	1/2534	0.0	1.0	1.0		0		Molecular Function	0.0	0.0003946329913180742	-0.0	-0.0		2534	223	1	1196
GO:0004637	phosphoribosylamine-glycine ligase activity	0/223	1/2534	0.0	1.0	1.0		0		Molecular Function	0.0	0.0003946329913180742	-0.0	-0.0		2534	223	1	1196
GO:0004638	phosphoribosylaminoimidazole carboxylase activity	0/223	1/2534	0.0	1.0	1.0		0		Molecular Function	0.0	0.0003946329913180742	-0.0	-0.0		2534	223	1	1196
GO:0004639	phosphoribosylaminoimidazolesuccinocarboxamide synthase activity	0/223	1/2534	0.0	1.0	1.0		0		Molecular Function	0.0	0.0003946329913180742	-0.0	-0.0		2534	223	1	1196
GO:0004641	phosphoribosylformylglycinamidine cyclo-ligase activity	0/223	1/2534	0.0	1.0	1.0		0		Molecular Function	0.0	0.0003946329913180742	-0.0	-0.0		2534	223	1	1196
GO:0004642	phosphoribosylformylglycinamidine synthase activity	0/223	1/2534	0.0	1.0	1.0		0		Molecular Function	0.0	0.0003946329913180742	-0.0	-0.0		2534	223	1	1196
GO:0004643	phosphoribosylaminoimidazolecarboxamide formyltransferase activity	0/223	1/2534	0.0	1.0	1.0		0		Molecular Function	0.0	0.0003946329913180742	-0.0	-0.0		2534	223	1	1196
GO:0004644	phosphoribosylglycinamide formyltransferase activity	0/223	2/2534	0.0	1.0	1.0		0		Molecular Function	0.0	0.0007892659826361484	-0.0	-0.0		2534	223	2	1196
GO:0004645	1,4-alpha-oligoglucan phosphorylase activity	0/223	1/2534	0.0	1.0	1.0		0		Molecular Function	0.0	0.0003946329913180742	-0.0	-0.0		2534	223	1	1196
GO:0004648	O-phospho-L-serine:2-oxoglutarate aminotransferase activity	0/223	1/2534	0.0	1.0	1.0		0		Molecular Function	0.0	0.0003946329913180742	-0.0	-0.0		2534	223	1	1196
GO:0004654	polyribonucleotide nucleotidyltransferase activity	0/223	1/2534	0.0	1.0	1.0		0		Molecular Function	0.0	0.0003946329913180742	-0.0	-0.0		2534	223	1	1196
GO:0004655	porphobilinogen synthase activity	0/223	1/2534	0.0	1.0	1.0		0		Molecular Function	0.0	0.0003946329913180742	-0.0	-0.0		2534	223	1	1196
GO:0004657	proline dehydrogenase activity	0/223	1/2534	0.0	1.0	1.0		0		Molecular Function	0.0	0.0003946329913180742	-0.0	-0.0		2534	223	1	1196
GO:0004659	prenyltransferase activity	0/223	1/2534	0.0	1.0	1.0		0		Molecular Function	0.0	0.0003946329913180742	-0.0	-0.0		2534	223	1	1196
GO:0004664	prephenate dehydratase activity	0/223	1/2534	0.0	1.0	1.0		0		Molecular Function	0.0	0.0003946329913180742	-0.0	-0.0		2534	223	1	1196
GO:0004665	prephenate dehydrogenase (NADP+) activity	0/223	1/2534	0.0	1.0	1.0		0		Molecular Function	0.0	0.0003946329913180742	-0.0	-0.0		2534	223	1	1196
GO:0004672	protein kinase activity	0/223	3/2534	0.0	1.0	1.0		0		Molecular Function	0.0	0.0011838989739542227	-0.0	-0.0		2534	223	3	1196
GO:0004713	protein tyrosine kinase activity	0/223	1/2534	0.0	1.0	1.0		0		Molecular Function	0.0	0.0003946329913180742	-0.0	-0.0		2534	223	1	1196
GO:0004719	protein-L-isoaspartate (D-aspartate) O-methyltransferase activity	0/223	1/2534	0.0	1.0	1.0		0		Molecular Function	0.0	0.0003946329913180742	-0.0	-0.0		2534	223	1	1196
GO:0004729	oxygen-dependent protoporphyrinogen oxidase activity	0/223	1/2534	0.0	1.0	1.0		0		Molecular Function	0.0	0.0003946329913180742	-0.0	-0.0		2534	223	1	1196
GO:0004730	pseudouridylate synthase activity	0/223	1/2534	0.0	1.0	1.0		0		Molecular Function	0.0	0.0003946329913180742	-0.0	-0.0		2534	223	1	1196
GO:0004731	purine-nucleoside phosphorylase activity	0/223	2/2534	0.0	1.0	1.0		0		Molecular Function	0.0	0.0007892659826361484	-0.0	-0.0		2534	223	2	1196
GO:0004733	pyridoxamine phosphate oxidase activity	0/223	1/2534	0.0	1.0	1.0		0		Molecular Function	0.0	0.0003946329913180742	-0.0	-0.0		2534	223	1	1196
GO:0004735	pyrroline-5-carboxylate reductase activity	0/223	1/2534	0.0	1.0	1.0		0		Molecular Function	0.0	0.0003946329913180742	-0.0	-0.0		2534	223	1	1196
GO:0004742	dihydrolipoyllysine-residue acetyltransferase activity	0/223	1/2534	0.0	1.0	1.0		0		Molecular Function	0.0	0.0003946329913180742	-0.0	-0.0		2534	223	1	1196
GO:0004743	pyruvate kinase activity	0/223	2/2534	0.0	1.0	1.0		0		Molecular Function	0.0	0.0007892659826361484	-0.0	-0.0		2534	223	2	1196
GO:0004747	ribokinase activity	0/223	1/2534	0.0	1.0	1.0		0		Molecular Function	0.0	0.0003946329913180742	-0.0	-0.0		2534	223	1	1196
GO:0004748	ribonucleoside-diphosphate reductase activity, thioredoxin disulfide as acceptor	0/223	2/2534	0.0	1.0	1.0		0		Molecular Function	0.0	0.0007892659826361484	-0.0	-0.0		2534	223	2	1196
GO:0004750	D-ribulose-phosphate 3-epimerase activity	0/223	1/2534	0.0	1.0	1.0		0		Molecular Function	0.0	0.0003946329913180742	-0.0	-0.0		2534	223	1	1196
GO:0004751	ribose-5-phosphate isomerase activity	0/223	1/2534	0.0	1.0	1.0		0		Molecular Function	0.0	0.0003946329913180742	-0.0	-0.0		2534	223	1	1196
GO:0004756	selenide, water dikinase activity	0/223	1/2534	0.0	1.0	1.0		0		Molecular Function	0.0	0.0003946329913180742	-0.0	-0.0		2534	223	1	1196
GO:0004764	shikimate 3-dehydrogenase (NADP+) activity	0/223	2/2534	0.0	1.0	1.0		0		Molecular Function	0.0	0.0007892659826361484	-0.0	-0.0		2534	223	2	1196
GO:0004765	shikimate kinase activity	0/223	2/2534	0.0	1.0	1.0		0		Molecular Function	0.0	0.0007892659826361484	-0.0	-0.0		2534	223	2	1196
GO:0004766	spermidine synthase activity	0/223	1/2534	0.0	1.0	1.0		0		Molecular Function	0.0	0.0003946329913180742	-0.0	-0.0		2534	223	1	1196
GO:0004775	succinate-CoA ligase (ADP-forming) activity	0/223	2/2534	0.0	1.0	1.0		0		Molecular Function	0.0	0.0007892659826361484	-0.0	-0.0		2534	223	2	1196
GO:0004781	sulfate adenylyltransferase (ATP) activity	0/223	2/2534	0.0	1.0	1.0		0		Molecular Function	0.0	0.0007892659826361484	-0.0	-0.0		2534	223	2	1196
GO:0004783	sulfite reductase (NADPH) activity	0/223	2/2534	0.0	1.0	1.0		0		Molecular Function	0.0	0.0007892659826361484	-0.0	-0.0		2534	223	2	1196
GO:0004784	superoxide dismutase activity	0/223	2/2534	0.0	1.0	1.0		0		Molecular Function	0.0	0.0007892659826361484	-0.0	-0.0		2534	223	2	1196
GO:0004787	thiamine diphosphate phosphatase activity	0/223	1/2534	0.0	1.0	1.0		0		Molecular Function	0.0	0.0003946329913180742	-0.0	-0.0		2534	223	1	1196
GO:0004791	thioredoxin-disulfide reductase (NADP) activity	0/223	1/2534	0.0	1.0	1.0		0		Molecular Function	0.0	0.0003946329913180742	-0.0	-0.0		2534	223	1	1196
GO:0004792	thiosulfate sulfurtransferase activity	0/223	3/2534	0.0	1.0	1.0		0		Molecular Function	0.0	0.0011838989739542227	-0.0	-0.0		2534	223	3	1196
GO:0004797	thymidine kinase activity	0/223	1/2534	0.0	1.0	1.0		0		Molecular Function	0.0	0.0003946329913180742	-0.0	-0.0		2534	223	1	1196
GO:0004798	thymidylate kinase activity	0/223	1/2534	0.0	1.0	1.0		0		Molecular Function	0.0	0.0003946329913180742	-0.0	-0.0		2534	223	1	1196
GO:0004799	thymidylate synthase activity	0/223	1/2534	0.0	1.0	1.0		0		Molecular Function	0.0	0.0003946329913180742	-0.0	-0.0		2534	223	1	1196
GO:0004801	transaldolase activity	0/223	2/2534	0.0	1.0	1.0		0		Molecular Function	0.0	0.0007892659826361484	-0.0	-0.0		2534	223	2	1196
GO:0004802	transketolase activity	0/223	2/2534	0.0	1.0	1.0		0		Molecular Function	0.0	0.0007892659826361484	-0.0	-0.0		2534	223	2	1196
GO:0004803	transposase activity	0/223	5/2534	0.0	1.0	1.0		0		Molecular Function	0.0	0.001973164956590371	-0.0	-0.0		2534	223	5	1196
GO:0004805	trehalose-phosphatase activity	0/223	1/2534	0.0	1.0	1.0		0		Molecular Function	0.0	0.0003946329913180742	-0.0	-0.0		2534	223	1	1196
GO:0004807	triose-phosphate isomerase activity	0/223	1/2534	0.0	1.0	1.0		0		Molecular Function	0.0	0.0003946329913180742	-0.0	-0.0		2534	223	1	1196
GO:0004808	tRNA (5-methylaminomethyl-2-thiouridylate)(34)-methyltransferase activity	0/223	1/2534	0.0	1.0	1.0		0		Molecular Function	0.0	0.0003946329913180742	-0.0	-0.0		2534	223	1	1196
GO:0004810	CCA tRNA nucleotidyltransferase activity	0/223	2/2534	0.0	1.0	1.0		0		Molecular Function	0.0	0.0007892659826361484	-0.0	-0.0		2534	223	2	1196
GO:0004813	alanine-tRNA ligase activity	0/223	1/2534	0.0	1.0	1.0		0		Molecular Function	0.0	0.0003946329913180742	-0.0	-0.0		2534	223	1	1196
GO:0004814	arginine-tRNA ligase activity	0/223	2/2534	0.0	1.0	1.0		0		Molecular Function	0.0	0.0007892659826361484	-0.0	-0.0		2534	223	2	1196
GO:0004815	aspartate-tRNA ligase activity	0/223	1/2534	0.0	1.0	1.0		0		Molecular Function	0.0	0.0003946329913180742	-0.0	-0.0		2534	223	1	1196
GO:0004816	asparagine-tRNA ligase activity	0/223	1/2534	0.0	1.0	1.0		0		Molecular Function	0.0	0.0003946329913180742	-0.0	-0.0		2534	223	1	1196
GO:0004817	cysteine-tRNA ligase activity	0/223	1/2534	0.0	1.0	1.0		0		Molecular Function	0.0	0.0003946329913180742	-0.0	-0.0		2534	223	1	1196
GO:0004818	glutamate-tRNA ligase activity	0/223	1/2534	0.0	1.0	1.0		0		Molecular Function	0.0	0.0003946329913180742	-0.0	-0.0		2534	223	1	1196
GO:0004819	glutamine-tRNA ligase activity	0/223	1/2534	0.0	1.0	1.0		0		Molecular Function	0.0	0.0003946329913180742	-0.0	-0.0		2534	223	1	1196
GO:0004820	glycine-tRNA ligase activity	0/223	1/2534	0.0	1.0	1.0		0		Molecular Function	0.0	0.0003946329913180742	-0.0	-0.0		2534	223	1	1196
GO:0004821	histidine-tRNA ligase activity	0/223	1/2534	0.0	1.0	1.0		0		Molecular Function	0.0	0.0003946329913180742	-0.0	-0.0		2534	223	1	1196
GO:0004822	isoleucine-tRNA ligase activity	0/223	1/2534	0.0	1.0	1.0		0		Molecular Function	0.0	0.0003946329913180742	-0.0	-0.0		2534	223	1	1196
GO:0004823	leucine-tRNA ligase activity	0/223	1/2534	0.0	1.0	1.0		0		Molecular Function	0.0	0.0003946329913180742	-0.0	-0.0		2534	223	1	1196
GO:0004824	lysine-tRNA ligase activity	0/223	3/2534	0.0	1.0	1.0		0		Molecular Function	0.0	0.0011838989739542227	-0.0	-0.0		2534	223	3	1196
GO:0004825	methionine-tRNA ligase activity	0/223	1/2534	0.0	1.0	1.0		0		Molecular Function	0.0	0.0003946329913180742	-0.0	-0.0		2534	223	1	1196
GO:0004826	phenylalanine-tRNA ligase activity	0/223	2/2534	0.0	1.0	1.0		0		Molecular Function	0.0	0.0007892659826361484	-0.0	-0.0		2534	223	2	1196
GO:0004827	proline-tRNA ligase activity	0/223	1/2534	0.0	1.0	1.0		0		Molecular Function	0.0	0.0003946329913180742	-0.0	-0.0		2534	223	1	1196
GO:0004828	serine-tRNA ligase activity	0/223	1/2534	0.0	1.0	1.0		0		Molecular Function	0.0	0.0003946329913180742	-0.0	-0.0		2534	223	1	1196
GO:0004829	threonine-tRNA ligase activity	0/223	1/2534	0.0	1.0	1.0		0		Molecular Function	0.0	0.0003946329913180742	-0.0	-0.0		2534	223	1	1196
GO:0004830	tryptophan-tRNA ligase activity	0/223	1/2534	0.0	1.0	1.0		0		Molecular Function	0.0	0.0003946329913180742	-0.0	-0.0		2534	223	1	1196
GO:0004831	tyrosine-tRNA ligase activity	0/223	1/2534	0.0	1.0	1.0		0		Molecular Function	0.0	0.0003946329913180742	-0.0	-0.0		2534	223	1	1196
GO:0004832	valine-tRNA ligase activity	0/223	1/2534	0.0	1.0	1.0		0		Molecular Function	0.0	0.0003946329913180742	-0.0	-0.0		2534	223	1	1196
GO:0004834	tryptophan synthase activity	0/223	2/2534	0.0	1.0	1.0		0		Molecular Function	0.0	0.0007892659826361484	-0.0	-0.0		2534	223	2	1196
GO:0004844	uracil DNA N-glycosylase activity	0/223	1/2534	0.0	1.0	1.0		0		Molecular Function	0.0	0.0003946329913180742	-0.0	-0.0		2534	223	1	1196
GO:0004845	uracil phosphoribosyltransferase activity	0/223	1/2534	0.0	1.0	1.0		0		Molecular Function	0.0	0.0003946329913180742	-0.0	-0.0		2534	223	1	1196
GO:0004848	ureidoglycolate hydrolase activity	0/223	1/2534	0.0	1.0	1.0		0		Molecular Function	0.0	0.0003946329913180742	-0.0	-0.0		2534	223	1	1196
GO:0004849	uridine kinase activity	0/223	1/2534	0.0	1.0	1.0		0		Molecular Function	0.0	0.0003946329913180742	-0.0	-0.0		2534	223	1	1196
GO:0004850	uridine phosphorylase activity	0/223	1/2534	0.0	1.0	1.0		0		Molecular Function	0.0	0.0003946329913180742	-0.0	-0.0		2534	223	1	1196
GO:0004851	uroporphyrin-III C-methyltransferase activity	0/223	1/2534	0.0	1.0	1.0		0		Molecular Function	0.0	0.0003946329913180742	-0.0	-0.0		2534	223	1	1196
GO:0004852	uroporphyrinogen-III synthase activity	0/223	1/2534	0.0	1.0	1.0		0		Molecular Function	0.0	0.0003946329913180742	-0.0	-0.0		2534	223	1	1196
GO:0004853	uroporphyrinogen decarboxylase activity	0/223	1/2534	0.0	1.0	1.0		0		Molecular Function	0.0	0.0003946329913180742	-0.0	-0.0		2534	223	1	1196
GO:0004856	xylulokinase activity	0/223	1/2534	0.0	1.0	1.0		0		Molecular Function	0.0	0.0003946329913180742	-0.0	-0.0		2534	223	1	1196
GO:0004857	enzyme inhibitor activity	0/223	2/2534	0.0	1.0	1.0		0		Molecular Function	0.0	0.0007892659826361484	-0.0	-0.0		2534	223	2	1196
GO:0004866	endopeptidase inhibitor activity	0/223	1/2534	0.0	1.0	1.0		0		Molecular Function	0.0	0.0003946329913180742	-0.0	-0.0		2534	223	1	1196
GO:0005048	signal sequence binding	0/223	1/2534	0.0	1.0	1.0		0		Molecular Function	0.0	0.0003946329913180742	-0.0	-0.0		2534	223	1	1196
GO:0005096	GTPase activator activity	0/223	1/2534	0.0	1.0	1.0		0		Molecular Function	0.0	0.0003946329913180742	-0.0	-0.0		2534	223	1	1196
GO:0005198	structural molecule activity	0/223	5/2534	0.0	1.0	1.0		0		Molecular Function	0.0	0.001973164956590371	-0.0	-0.0		2534	223	5	1196
GO:0005215	transporter activity	0/223	2/2534	0.0	1.0	1.0		0		Molecular Function	0.0	0.0007892659826361484	-0.0	-0.0		2534	223	2	1196
GO:0005216	monoatomic ion channel activity	0/223	1/2534	0.0	1.0	1.0		0		Molecular Function	0.0	0.0003946329913180742	-0.0	-0.0		2534	223	1	1196
GO:0005247	voltage-gated chloride channel activity	0/223	2/2534	0.0	1.0	1.0		0		Molecular Function	0.0	0.0007892659826361484	-0.0	-0.0		2534	223	2	1196
GO:0005254	chloride channel activity	0/223	1/2534	0.0	1.0	1.0		0		Molecular Function	0.0	0.0003946329913180742	-0.0	-0.0		2534	223	1	1196
GO:0005261	monoatomic cation channel activity	0/223	1/2534	0.0	1.0	1.0		0		Molecular Function	0.0	0.0003946329913180742	-0.0	-0.0		2534	223	1	1196
GO:0005267	potassium channel activity	0/223	1/2534	0.0	1.0	1.0		0		Molecular Function	0.0	0.0003946329913180742	-0.0	-0.0		2534	223	1	1196
GO:0005280	amino acid:proton symporter activity	0/223	1/2534	0.0	1.0	1.0		0		Molecular Function	0.0	0.0003946329913180742	-0.0	-0.0		2534	223	1	1196
GO:0005283	amino acid:sodium symporter activity	0/223	1/2534	0.0	1.0	1.0		0		Molecular Function	0.0	0.0003946329913180742	-0.0	-0.0		2534	223	1	1196
GO:0005298	proline:sodium symporter activity	0/223	1/2534	0.0	1.0	1.0		0		Molecular Function	0.0	0.0003946329913180742	-0.0	-0.0		2534	223	1	1196
GO:0005315	inorganic phosphate transmembrane transporter activity	0/223	6/2534	0.0	1.0	1.0		0		Molecular Function	0.0	0.0023677979479084454	-0.0	-0.0		2534	223	6	1196
GO:0005337	nucleoside transmembrane transporter activity	0/223	6/2534	0.0	1.0	1.0		0		Molecular Function	0.0	0.0023677979479084454	-0.0	-0.0		2534	223	6	1196
GO:0005344	oxygen carrier activity	0/223	1/2534	0.0	1.0	1.0		0		Molecular Function	0.0	0.0003946329913180742	-0.0	-0.0		2534	223	1	1196
GO:0005355	glucose transmembrane transporter activity	0/223	1/2534	0.0	1.0	1.0		0		Molecular Function	0.0	0.0003946329913180742	-0.0	-0.0		2534	223	1	1196
GO:0005363	maltose transmembrane transporter activity	0/223	1/2534	0.0	1.0	1.0		0		Molecular Function	0.0	0.0003946329913180742	-0.0	-0.0		2534	223	1	1196
GO:0005384	manganese ion transmembrane transporter activity	0/223	1/2534	0.0	1.0	1.0		0		Molecular Function	0.0	0.0003946329913180742	-0.0	-0.0		2534	223	1	1196
GO:0005385	zinc ion transmembrane transporter activity	0/223	2/2534	0.0	1.0	1.0		0		Molecular Function	0.0	0.0007892659826361484	-0.0	-0.0		2534	223	2	1196
GO:0005436	sodium:phosphate symporter activity	0/223	1/2534	0.0	1.0	1.0		0		Molecular Function	0.0	0.0003946329913180742	-0.0	-0.0		2534	223	1	1196
GO:0005507	copper ion binding	0/223	8/2534	0.0	1.0	1.0		0		Molecular Function	0.0	0.0031570639305445935	-0.0	-0.0		2534	223	8	1196
GO:0005509	calcium ion binding	0/223	4/2534	0.0	1.0	1.0		0		Molecular Function	0.0	0.0015785319652722968	-0.0	-0.0		2534	223	4	1196
GO:0005536	glucose binding	0/223	1/2534	0.0	1.0	1.0		0		Molecular Function	0.0	0.0003946329913180742	-0.0	-0.0		2534	223	1	1196
GO:0005539	glycosaminoglycan binding	0/223	1/2534	0.0	1.0	1.0		0		Molecular Function	0.0	0.0003946329913180742	-0.0	-0.0		2534	223	1	1196
GO:0005542	folic acid binding	0/223	1/2534	0.0	1.0	1.0		0		Molecular Function	0.0	0.0003946329913180742	-0.0	-0.0		2534	223	1	1196
GO:0008047	enzyme activator activity	0/223	5/2534	0.0	1.0	1.0		0		Molecular Function	0.0	0.001973164956590371	-0.0	-0.0		2534	223	5	1196
GO:0008080	N-acetyltransferase activity	0/223	1/2534	0.0	1.0	1.0		0		Molecular Function	0.0	0.0003946329913180742	-0.0	-0.0		2534	223	1	1196
GO:0008081	phosphoric diester hydrolase activity	0/223	5/2534	0.0	1.0	1.0		0		Molecular Function	0.0	0.001973164956590371	-0.0	-0.0		2534	223	5	1196
GO:0008097	5S rRNA binding	0/223	1/2534	0.0	1.0	1.0		0		Molecular Function	0.0	0.0003946329913180742	-0.0	-0.0		2534	223	1	1196
GO:0008108	UDP-glucose:hexose-1-phosphate uridylyltransferase activity	0/223	1/2534	0.0	1.0	1.0		0		Molecular Function	0.0	0.0003946329913180742	-0.0	-0.0		2534	223	1	1196
GO:0008113	peptide-methionine (S)-S-oxide reductase activity	0/223	1/2534	0.0	1.0	1.0		0		Molecular Function	0.0	0.0003946329913180742	-0.0	-0.0		2534	223	1	1196
GO:0008127	quercetin 2,3-dioxygenase activity	0/223	1/2534	0.0	1.0	1.0		0		Molecular Function	0.0	0.0003946329913180742	-0.0	-0.0		2534	223	1	1196
GO:0008131	primary amine oxidase activity	0/223	1/2534	0.0	1.0	1.0		0		Molecular Function	0.0	0.0003946329913180742	-0.0	-0.0		2534	223	1	1196
GO:0008134	transcription factor binding	0/223	1/2534	0.0	1.0	1.0		0		Molecular Function	0.0	0.0003946329913180742	-0.0	-0.0		2534	223	1	1196
GO:0008138	protein tyrosine/serine/threonine phosphatase activity	0/223	1/2534	0.0	1.0	1.0		0		Molecular Function	0.0	0.0003946329913180742	-0.0	-0.0		2534	223	1	1196
GO:0008173	RNA methyltransferase activity	0/223	3/2534	0.0	1.0	1.0		0		Molecular Function	0.0	0.0011838989739542227	-0.0	-0.0		2534	223	3	1196
GO:0008175	tRNA methyltransferase activity	0/223	1/2534	0.0	1.0	1.0		0		Molecular Function	0.0	0.0003946329913180742	-0.0	-0.0		2534	223	1	1196
GO:0008176	tRNA (guanine(46)-N7)-methyltransferase activity	0/223	1/2534	0.0	1.0	1.0		0		Molecular Function	0.0	0.0003946329913180742	-0.0	-0.0		2534	223	1	1196
GO:0008184	glycogen phosphorylase activity	0/223	2/2534	0.0	1.0	1.0		0		Molecular Function	0.0	0.0007892659826361484	-0.0	-0.0		2534	223	2	1196
GO:0008186	ATP-dependent activity, acting on RNA	0/223	1/2534	0.0	1.0	1.0		0		Molecular Function	0.0	0.0003946329913180742	-0.0	-0.0		2534	223	1	1196
GO:0008198	ferrous iron binding	0/223	2/2534	0.0	1.0	1.0		0		Molecular Function	0.0	0.0007892659826361484	-0.0	-0.0		2534	223	2	1196
GO:0008199	ferric iron binding	0/223	6/2534	0.0	1.0	1.0		0		Molecular Function	0.0	0.0023677979479084454	-0.0	-0.0		2534	223	6	1196
GO:0008237	metallopeptidase activity	0/223	8/2534	0.0	1.0	1.0		0		Molecular Function	0.0	0.0031570639305445935	-0.0	-0.0		2534	223	8	1196
GO:0008252	nucleotidase activity	0/223	2/2534	0.0	1.0	1.0		0		Molecular Function	0.0	0.0007892659826361484	-0.0	-0.0		2534	223	2	1196
GO:0008253	5'-nucleotidase activity	0/223	2/2534	0.0	1.0	1.0		0		Molecular Function	0.0	0.0007892659826361484	-0.0	-0.0		2534	223	2	1196
GO:0008254	3'-nucleotidase activity	0/223	1/2534	0.0	1.0	1.0		0		Molecular Function	0.0	0.0003946329913180742	-0.0	-0.0		2534	223	1	1196
GO:0008263	pyrimidine-specific mismatch base pair DNA N-glycosylase activity	0/223	1/2534	0.0	1.0	1.0		0		Molecular Function	0.0	0.0003946329913180742	-0.0	-0.0		2534	223	1	1196
GO:0008276	protein methyltransferase activity	0/223	1/2534	0.0	1.0	1.0		0		Molecular Function	0.0	0.0003946329913180742	-0.0	-0.0		2534	223	1	1196
GO:0008289	lipid binding	0/223	4/2534	0.0	1.0	1.0		0		Molecular Function	0.0	0.0015785319652722968	-0.0	-0.0		2534	223	4	1196
GO:0008310	single-stranded DNA 3'-5' DNA exonuclease activity	0/223	1/2534	0.0	1.0	1.0		0		Molecular Function	0.0	0.0003946329913180742	-0.0	-0.0		2534	223	1	1196
GO:0008312	7S RNA binding	0/223	1/2534	0.0	1.0	1.0		0		Molecular Function	0.0	0.0003946329913180742	-0.0	-0.0		2534	223	1	1196
GO:0008320	protein transmembrane transporter activity	0/223	5/2534	0.0	1.0	1.0		0		Molecular Function	0.0	0.001973164956590371	-0.0	-0.0		2534	223	5	1196
GO:0008324	monoatomic cation transmembrane transporter activity	0/223	5/2534	0.0	1.0	1.0		0		Molecular Function	0.0	0.001973164956590371	-0.0	-0.0		2534	223	5	1196
GO:0008375	acetylglucosaminyltransferase activity	0/223	1/2534	0.0	1.0	1.0		0		Molecular Function	0.0	0.0003946329913180742	-0.0	-0.0		2534	223	1	1196
GO:0008379	thioredoxin peroxidase activity	0/223	1/2534	0.0	1.0	1.0		0		Molecular Function	0.0	0.0003946329913180742	-0.0	-0.0		2534	223	1	1196
GO:0008381	mechanosensitive monoatomic ion channel activity	0/223	4/2534	0.0	1.0	1.0		0		Molecular Function	0.0	0.0015785319652722968	-0.0	-0.0		2534	223	4	1196
GO:0008409	5'-3' exonuclease activity	0/223	1/2534	0.0	1.0	1.0		0		Molecular Function	0.0	0.0003946329913180742	-0.0	-0.0		2534	223	1	1196
GO:0008410	CoA-transferase activity	0/223	1/2534	0.0	1.0	1.0		0		Molecular Function	0.0	0.0003946329913180742	-0.0	-0.0		2534	223	1	1196
GO:0008413	8-oxo-7,8-dihydroguanosine triphosphate pyrophosphatase activity	0/223	1/2534	0.0	1.0	1.0		0		Molecular Function	0.0	0.0003946329913180742	-0.0	-0.0		2534	223	1	1196
GO:0008417	fucosyltransferase activity	0/223	1/2534	0.0	1.0	1.0		0		Molecular Function	0.0	0.0003946329913180742	-0.0	-0.0		2534	223	1	1196
GO:0008425	2-polyprenyl-6-methoxy-1,4-benzoquinone methyltransferase activity	0/223	2/2534	0.0	1.0	1.0		0		Molecular Function	0.0	0.0007892659826361484	-0.0	-0.0		2534	223	2	1196
GO:0008428	ribonuclease inhibitor activity	0/223	1/2534	0.0	1.0	1.0		0		Molecular Function	0.0	0.0003946329913180742	-0.0	-0.0		2534	223	1	1196
GO:0008441	3'(2'),5'-bisphosphate nucleotidase activity	0/223	1/2534	0.0	1.0	1.0		0		Molecular Function	0.0	0.0003946329913180742	-0.0	-0.0		2534	223	1	1196
GO:0008444	CDP-diacylglycerol-glycerol-3-phosphate 3-phosphatidyltransferase activity	0/223	2/2534	0.0	1.0	1.0		0		Molecular Function	0.0	0.0007892659826361484	-0.0	-0.0		2534	223	2	1196
GO:0008452	RNA ligase activity	0/223	1/2534	0.0	1.0	1.0		0		Molecular Function	0.0	0.0003946329913180742	-0.0	-0.0		2534	223	1	1196
GO:0008460	dTDP-glucose 4,6-dehydratase activity	0/223	2/2534	0.0	1.0	1.0		0		Molecular Function	0.0	0.0007892659826361484	-0.0	-0.0		2534	223	2	1196
GO:0008478	pyridoxal kinase activity	0/223	1/2534	0.0	1.0	1.0		0		Molecular Function	0.0	0.0003946329913180742	-0.0	-0.0		2534	223	1	1196
GO:0008479	tRNA-guanosine(34) queuine transglycosylase activity	0/223	1/2534	0.0	1.0	1.0		0		Molecular Function	0.0	0.0003946329913180742	-0.0	-0.0		2534	223	1	1196
GO:0008483	transaminase activity	0/223	11/2534	0.0	1.0	1.0		0		Molecular Function	0.0	0.004340962904498816	-0.0	-0.0		2534	223	11	1196
GO:0008495	protoheme IX farnesyltransferase activity	0/223	1/2534	0.0	1.0	1.0		0		Molecular Function	0.0	0.0003946329913180742	-0.0	-0.0		2534	223	1	1196
GO:0008519	ammonium transmembrane transporter activity	0/223	1/2534	0.0	1.0	1.0		0		Molecular Function	0.0	0.0003946329913180742	-0.0	-0.0		2534	223	1	1196
GO:0008531	riboflavin kinase activity	0/223	1/2534	0.0	1.0	1.0		0		Molecular Function	0.0	0.0003946329913180742	-0.0	-0.0		2534	223	1	1196
GO:0008534	oxidized purine nucleobase lesion DNA N-glycosylase activity	0/223	1/2534	0.0	1.0	1.0		0		Molecular Function	0.0	0.0003946329913180742	-0.0	-0.0		2534	223	1	1196
GO:0008556	P-type potassium transmembrane transporter activity	0/223	3/2534	0.0	1.0	1.0		0		Molecular Function	0.0	0.0011838989739542227	-0.0	-0.0		2534	223	3	1196
GO:0008641	ubiquitin-like modifier activating enzyme activity	0/223	3/2534	0.0	1.0	1.0		0		Molecular Function	0.0	0.0011838989739542227	-0.0	-0.0		2534	223	3	1196
GO:0008650	rRNA (uridine-2'-O-)-methyltransferase activity	0/223	1/2534	0.0	1.0	1.0		0		Molecular Function	0.0	0.0003946329913180742	-0.0	-0.0		2534	223	1	1196
GO:0008657	DNA topoisomerase type II (double strand cut, ATP-hydrolyzing) inhibitor activity	0/223	2/2534	0.0	1.0	1.0		0		Molecular Function	0.0	0.0007892659826361484	-0.0	-0.0		2534	223	2	1196
GO:0008658	penicillin binding	0/223	4/2534	0.0	1.0	1.0		0		Molecular Function	0.0	0.0015785319652722968	-0.0	-0.0		2534	223	4	1196
GO:0008661	1-deoxy-D-xylulose-5-phosphate synthase activity	0/223	1/2534	0.0	1.0	1.0		0		Molecular Function	0.0	0.0003946329913180742	-0.0	-0.0		2534	223	1	1196
GO:0008662	1-phosphofructokinase activity	0/223	1/2534	0.0	1.0	1.0		0		Molecular Function	0.0	0.0003946329913180742	-0.0	-0.0		2534	223	1	1196
GO:0008663	2',3'-cyclic-nucleotide 2'-phosphodiesterase activity	0/223	1/2534	0.0	1.0	1.0		0		Molecular Function	0.0	0.0003946329913180742	-0.0	-0.0		2534	223	1	1196
GO:0008664	2'-5'-RNA ligase activity	0/223	1/2534	0.0	1.0	1.0		0		Molecular Function	0.0	0.0003946329913180742	-0.0	-0.0		2534	223	1	1196
GO:0008666	2,3,4,5-tetrahydropyridine-2,6-dicarboxylate N-succinyltransferase activity	0/223	1/2534	0.0	1.0	1.0		0		Molecular Function	0.0	0.0003946329913180742	-0.0	-0.0		2534	223	1	1196
GO:0008667	2,3-dihydro-2,3-dihydroxybenzoate dehydrogenase activity	0/223	1/2534	0.0	1.0	1.0		0		Molecular Function	0.0	0.0003946329913180742	-0.0	-0.0		2534	223	1	1196
GO:0008668	(2,3-dihydroxybenzoyl)adenylate synthase activity	0/223	1/2534	0.0	1.0	1.0		0		Molecular Function	0.0	0.0003946329913180742	-0.0	-0.0		2534	223	1	1196
GO:0008671	2-dehydro-3-deoxygalactonokinase activity	0/223	1/2534	0.0	1.0	1.0		0		Molecular Function	0.0	0.0003946329913180742	-0.0	-0.0		2534	223	1	1196
GO:0008672	2-dehydro-3-deoxyglucarate aldolase activity	0/223	1/2534	0.0	1.0	1.0		0		Molecular Function	0.0	0.0003946329913180742	-0.0	-0.0		2534	223	1	1196
GO:0008677	2-dehydropantoate 2-reductase activity	0/223	1/2534	0.0	1.0	1.0		0		Molecular Function	0.0	0.0003946329913180742	-0.0	-0.0		2534	223	1	1196
GO:0008678	2-deoxy-D-gluconate 3-dehydrogenase activity	0/223	1/2534	0.0	1.0	1.0		0		Molecular Function	0.0	0.0003946329913180742	-0.0	-0.0		2534	223	1	1196
GO:0008679	2-hydroxy-3-oxopropionate reductase activity	0/223	1/2534	0.0	1.0	1.0		0		Molecular Function	0.0	0.0003946329913180742	-0.0	-0.0		2534	223	1	1196
GO:0008681	2-octaprenyl-6-methoxyphenol hydroxylase activity	0/223	1/2534	0.0	1.0	1.0		0		Molecular Function	0.0	0.0003946329913180742	-0.0	-0.0		2534	223	1	1196
GO:0008685	2-C-methyl-D-erythritol 2,4-cyclodiphosphate synthase activity	0/223	1/2534	0.0	1.0	1.0		0		Molecular Function	0.0	0.0003946329913180742	-0.0	-0.0		2534	223	1	1196
GO:0008686	3,4-dihydroxy-2-butanone-4-phosphate synthase activity	0/223	1/2534	0.0	1.0	1.0		0		Molecular Function	0.0	0.0003946329913180742	-0.0	-0.0		2534	223	1	1196
GO:0008690	3-deoxy-manno-octulosonate cytidylyltransferase activity	0/223	1/2534	0.0	1.0	1.0		0		Molecular Function	0.0	0.0003946329913180742	-0.0	-0.0		2534	223	1	1196
GO:0008692	3-hydroxybutyryl-CoA epimerase activity	0/223	2/2534	0.0	1.0	1.0		0		Molecular Function	0.0	0.0007892659826361484	-0.0	-0.0		2534	223	2	1196
GO:0008694	3-octaprenyl-4-hydroxybenzoate carboxy-lyase activity	0/223	1/2534	0.0	1.0	1.0		0		Molecular Function	0.0	0.0003946329913180742	-0.0	-0.0		2534	223	1	1196
GO:0008695	3-phenylpropionate dioxygenase activity	0/223	3/2534	0.0	1.0	1.0		0		Molecular Function	0.0	0.0011838989739542227	-0.0	-0.0		2534	223	3	1196
GO:0008696	4-amino-4-deoxychorismate lyase activity	0/223	1/2534	0.0	1.0	1.0		0		Molecular Function	0.0	0.0003946329913180742	-0.0	-0.0		2534	223	1	1196
GO:0008697	4-deoxy-L-threo-5-hexosulose-uronate ketol-isomerase activity	0/223	1/2534	0.0	1.0	1.0		0		Molecular Function	0.0	0.0003946329913180742	-0.0	-0.0		2534	223	1	1196
GO:0008701	4-hydroxy-2-oxovalerate aldolase activity	0/223	1/2534	0.0	1.0	1.0		0		Molecular Function	0.0	0.0003946329913180742	-0.0	-0.0		2534	223	1	1196
GO:0008703	5-amino-6-(5-phosphoribosylamino)uracil reductase activity	0/223	1/2534	0.0	1.0	1.0		0		Molecular Function	0.0	0.0003946329913180742	-0.0	-0.0		2534	223	1	1196
GO:0008705	methionine synthase activity	0/223	1/2534	0.0	1.0	1.0		0		Molecular Function	0.0	0.0003946329913180742	-0.0	-0.0		2534	223	1	1196
GO:0008710	8-amino-7-oxononanoate synthase activity	0/223	1/2534	0.0	1.0	1.0		0		Molecular Function	0.0	0.0003946329913180742	-0.0	-0.0		2534	223	1	1196
GO:0008712	ADP-glyceromanno-heptose 6-epimerase activity	0/223	1/2534	0.0	1.0	1.0		0		Molecular Function	0.0	0.0003946329913180742	-0.0	-0.0		2534	223	1	1196
GO:0008714	AMP nucleosidase activity	0/223	1/2534	0.0	1.0	1.0		0		Molecular Function	0.0	0.0003946329913180742	-0.0	-0.0		2534	223	1	1196
GO:0008715	CDP-diacylglycerol diphosphatase activity	0/223	1/2534	0.0	1.0	1.0		0		Molecular Function	0.0	0.0003946329913180742	-0.0	-0.0		2534	223	1	1196
GO:0008716	D-alanine-D-alanine ligase activity	0/223	2/2534	0.0	1.0	1.0		0		Molecular Function	0.0	0.0007892659826361484	-0.0	-0.0		2534	223	2	1196
GO:0008718	D-amino-acid dehydrogenase activity	0/223	1/2534	0.0	1.0	1.0		0		Molecular Function	0.0	0.0003946329913180742	-0.0	-0.0		2534	223	1	1196
GO:0008721	D-serine ammonia-lyase activity	0/223	1/2534	0.0	1.0	1.0		0		Molecular Function	0.0	0.0003946329913180742	-0.0	-0.0		2534	223	1	1196
GO:0008725	DNA-3-methyladenine glycosylase activity	0/223	1/2534	0.0	1.0	1.0		0		Molecular Function	0.0	0.0003946329913180742	-0.0	-0.0		2534	223	1	1196
GO:0008733	L-arabinose isomerase activity	0/223	1/2534	0.0	1.0	1.0		0		Molecular Function	0.0	0.0003946329913180742	-0.0	-0.0		2534	223	1	1196
GO:0008734	L-aspartate oxidase activity	0/223	1/2534	0.0	1.0	1.0		0		Molecular Function	0.0	0.0003946329913180742	-0.0	-0.0		2534	223	1	1196
GO:0008735	L-carnitine CoA-transferase activity	0/223	1/2534	0.0	1.0	1.0		0		Molecular Function	0.0	0.0003946329913180742	-0.0	-0.0		2534	223	1	1196
GO:0008736	L-fucose isomerase activity	0/223	1/2534	0.0	1.0	1.0		0		Molecular Function	0.0	0.0003946329913180742	-0.0	-0.0		2534	223	1	1196
GO:0008737	L-fuculokinase activity	0/223	1/2534	0.0	1.0	1.0		0		Molecular Function	0.0	0.0003946329913180742	-0.0	-0.0		2534	223	1	1196
GO:0008738	L-fuculose-phosphate aldolase activity	0/223	1/2534	0.0	1.0	1.0		0		Molecular Function	0.0	0.0003946329913180742	-0.0	-0.0		2534	223	1	1196
GO:0008741	ribulokinase activity	0/223	1/2534	0.0	1.0	1.0		0		Molecular Function	0.0	0.0003946329913180742	-0.0	-0.0		2534	223	1	1196
GO:0008742	L-ribulose-phosphate 4-epimerase activity	0/223	3/2534	0.0	1.0	1.0		0		Molecular Function	0.0	0.0011838989739542227	-0.0	-0.0		2534	223	3	1196
GO:0008743	L-threonine 3-dehydrogenase activity	0/223	1/2534	0.0	1.0	1.0		0		Molecular Function	0.0	0.0003946329913180742	-0.0	-0.0		2534	223	1	1196
GO:0008745	N-acetylmuramoyl-L-alanine amidase activity	0/223	5/2534	0.0	1.0	1.0		0		Molecular Function	0.0	0.001973164956590371	-0.0	-0.0		2534	223	5	1196
GO:0008746	NAD(P)+ transhydrogenase activity	0/223	1/2534	0.0	1.0	1.0		0		Molecular Function	0.0	0.0003946329913180742	-0.0	-0.0		2534	223	1	1196
GO:0008757	S-adenosylmethionine-dependent methyltransferase activity	0/223	4/2534	0.0	1.0	1.0		0		Molecular Function	0.0	0.0015785319652722968	-0.0	-0.0		2534	223	4	1196
GO:0008758	UDP-2,3-diacylglucosamine hydrolase activity	0/223	1/2534	0.0	1.0	1.0		0		Molecular Function	0.0	0.0003946329913180742	-0.0	-0.0		2534	223	1	1196
GO:0008759	UDP-3-O-[3-hydroxymyristoyl] N-acetylglucosamine deacetylase activity	0/223	1/2534	0.0	1.0	1.0		0		Molecular Function	0.0	0.0003946329913180742	-0.0	-0.0		2534	223	1	1196
GO:0008760	UDP-N-acetylglucosamine 1-carboxyvinyltransferase activity	0/223	1/2534	0.0	1.0	1.0		0		Molecular Function	0.0	0.0003946329913180742	-0.0	-0.0		2534	223	1	1196
GO:0008761	UDP-N-acetylglucosamine 2-epimerase activity	0/223	1/2534	0.0	1.0	1.0		0		Molecular Function	0.0	0.0003946329913180742	-0.0	-0.0		2534	223	1	1196
GO:0008762	UDP-N-acetylmuramate dehydrogenase activity	0/223	1/2534	0.0	1.0	1.0		0		Molecular Function	0.0	0.0003946329913180742	-0.0	-0.0		2534	223	1	1196
GO:0008763	UDP-N-acetylmuramate-L-alanine ligase activity	0/223	1/2534	0.0	1.0	1.0		0		Molecular Function	0.0	0.0003946329913180742	-0.0	-0.0		2534	223	1	1196
GO:0008764	UDP-N-acetylmuramoylalanine-D-glutamate ligase activity	0/223	1/2534	0.0	1.0	1.0		0		Molecular Function	0.0	0.0003946329913180742	-0.0	-0.0		2534	223	1	1196
GO:0008765	UDP-N-acetylmuramoylalanyl-D-glutamate-2,6-diaminopimelate ligase activity	0/223	1/2534	0.0	1.0	1.0		0		Molecular Function	0.0	0.0003946329913180742	-0.0	-0.0		2534	223	1	1196
GO:0008767	UDP-galactopyranose mutase activity	0/223	1/2534	0.0	1.0	1.0		0		Molecular Function	0.0	0.0003946329913180742	-0.0	-0.0		2534	223	1	1196
GO:0008770	[acyl-carrier-protein] phosphodiesterase activity	0/223	1/2534	0.0	1.0	1.0		0		Molecular Function	0.0	0.0003946329913180742	-0.0	-0.0		2534	223	1	1196
GO:0008771	[citrate (pro-3S)-lyase] ligase activity	0/223	1/2534	0.0	1.0	1.0		0		Molecular Function	0.0	0.0003946329913180742	-0.0	-0.0		2534	223	1	1196
GO:0008773	[protein-PII] uridylyltransferase activity	0/223	1/2534	0.0	1.0	1.0		0		Molecular Function	0.0	0.0003946329913180742	-0.0	-0.0		2534	223	1	1196
GO:0008774	acetaldehyde dehydrogenase (acetylating) activity	0/223	3/2534	0.0	1.0	1.0		0		Molecular Function	0.0	0.0011838989739542227	-0.0	-0.0		2534	223	3	1196
GO:0008776	acetate kinase activity	0/223	1/2534	0.0	1.0	1.0		0		Molecular Function	0.0	0.0003946329913180742	-0.0	-0.0		2534	223	1	1196
GO:0008777	acetylornithine deacetylase activity	0/223	1/2534	0.0	1.0	1.0		0		Molecular Function	0.0	0.0003946329913180742	-0.0	-0.0		2534	223	1	1196
GO:0008779	acyl-[acyl-carrier-protein]-phospholipid O-acyltransferase activity	0/223	1/2534	0.0	1.0	1.0		0		Molecular Function	0.0	0.0003946329913180742	-0.0	-0.0		2534	223	1	1196
GO:0008782	adenosylhomocysteine nucleosidase activity	0/223	1/2534	0.0	1.0	1.0		0		Molecular Function	0.0	0.0003946329913180742	-0.0	-0.0		2534	223	1	1196
GO:0008783	agmatinase activity	0/223	1/2534	0.0	1.0	1.0		0		Molecular Function	0.0	0.0003946329913180742	-0.0	-0.0		2534	223	1	1196
GO:0008784	alanine racemase activity	0/223	2/2534	0.0	1.0	1.0		0		Molecular Function	0.0	0.0007892659826361484	-0.0	-0.0		2534	223	2	1196
GO:0008787	allose kinase activity	0/223	1/2534	0.0	1.0	1.0		0		Molecular Function	0.0	0.0003946329913180742	-0.0	-0.0		2534	223	1	1196
GO:0008788	alpha,alpha-phosphotrehalase activity	0/223	1/2534	0.0	1.0	1.0		0		Molecular Function	0.0	0.0003946329913180742	-0.0	-0.0		2534	223	1	1196
GO:0008792	arginine decarboxylase activity	0/223	1/2534	0.0	1.0	1.0		0		Molecular Function	0.0	0.0003946329913180742	-0.0	-0.0		2534	223	1	1196
GO:0008794	arsenate reductase (glutaredoxin) activity	0/223	1/2534	0.0	1.0	1.0		0		Molecular Function	0.0	0.0003946329913180742	-0.0	-0.0		2534	223	1	1196
GO:0008797	aspartate ammonia-lyase activity	0/223	1/2534	0.0	1.0	1.0		0		Molecular Function	0.0	0.0003946329913180742	-0.0	-0.0		2534	223	1	1196
GO:0008798	beta-aspartyl-peptidase activity	0/223	1/2534	0.0	1.0	1.0		0		Molecular Function	0.0	0.0003946329913180742	-0.0	-0.0		2534	223	1	1196
GO:0008800	beta-lactamase activity	0/223	1/2534	0.0	1.0	1.0		0		Molecular Function	0.0	0.0003946329913180742	-0.0	-0.0		2534	223	1	1196
GO:0008801	beta-phosphoglucomutase activity	0/223	1/2534	0.0	1.0	1.0		0		Molecular Function	0.0	0.0003946329913180742	-0.0	-0.0		2534	223	1	1196
GO:0008803	bis(5'-nucleosyl)-tetraphosphatase (symmetrical) activity	0/223	1/2534	0.0	1.0	1.0		0		Molecular Function	0.0	0.0003946329913180742	-0.0	-0.0		2534	223	1	1196
GO:0008804	carbamate kinase activity	0/223	2/2534	0.0	1.0	1.0		0		Molecular Function	0.0	0.0007892659826361484	-0.0	-0.0		2534	223	2	1196
GO:0008808	cardiolipin synthase activity	0/223	2/2534	0.0	1.0	1.0		0		Molecular Function	0.0	0.0007892659826361484	-0.0	-0.0		2534	223	2	1196
GO:0008813	chorismate lyase activity	0/223	1/2534	0.0	1.0	1.0		0		Molecular Function	0.0	0.0003946329913180742	-0.0	-0.0		2534	223	1	1196
GO:0008814	citrate CoA-transferase activity	0/223	1/2534	0.0	1.0	1.0		0		Molecular Function	0.0	0.0003946329913180742	-0.0	-0.0		2534	223	1	1196
GO:0008815	citrate (pro-3S)-lyase activity	0/223	1/2534	0.0	1.0	1.0		0		Molecular Function	0.0	0.0003946329913180742	-0.0	-0.0		2534	223	1	1196
GO:0008816	citryl-CoA lyase activity	0/223	1/2534	0.0	1.0	1.0		0		Molecular Function	0.0	0.0003946329913180742	-0.0	-0.0		2534	223	1	1196
GO:0008817	corrinoid adenosyltransferase activity	0/223	2/2534	0.0	1.0	1.0		0		Molecular Function	0.0	0.0007892659826361484	-0.0	-0.0		2534	223	2	1196
GO:0008818	cobalamin 5'-phosphate synthase activity	0/223	1/2534	0.0	1.0	1.0		0		Molecular Function	0.0	0.0003946329913180742	-0.0	-0.0		2534	223	1	1196
GO:0008821	crossover junction DNA endonuclease activity	0/223	1/2534	0.0	1.0	1.0		0		Molecular Function	0.0	0.0003946329913180742	-0.0	-0.0		2534	223	1	1196
GO:0008829	dCTP deaminase activity	0/223	1/2534	0.0	1.0	1.0		0		Molecular Function	0.0	0.0003946329913180742	-0.0	-0.0		2534	223	1	1196
GO:0008830	dTDP-4-dehydrorhamnose 3,5-epimerase activity	0/223	1/2534	0.0	1.0	1.0		0		Molecular Function	0.0	0.0003946329913180742	-0.0	-0.0		2534	223	1	1196
GO:0008832	dGTPase activity	0/223	1/2534	0.0	1.0	1.0		0		Molecular Function	0.0	0.0003946329913180742	-0.0	-0.0		2534	223	1	1196
GO:0008833	deoxyribonuclease IV (phage-T4-induced) activity	0/223	1/2534	0.0	1.0	1.0		0		Molecular Function	0.0	0.0003946329913180742	-0.0	-0.0		2534	223	1	1196
GO:0008835	diaminohydroxyphosphoribosylaminopyrimidine deaminase activity	0/223	1/2534	0.0	1.0	1.0		0		Molecular Function	0.0	0.0003946329913180742	-0.0	-0.0		2534	223	1	1196
GO:0008836	diaminopimelate decarboxylase activity	0/223	1/2534	0.0	1.0	1.0		0		Molecular Function	0.0	0.0003946329913180742	-0.0	-0.0		2534	223	1	1196
GO:0008837	diaminopimelate epimerase activity	0/223	1/2534	0.0	1.0	1.0		0		Molecular Function	0.0	0.0003946329913180742	-0.0	-0.0		2534	223	1	1196
GO:0008838	diaminopropionate ammonia-lyase activity	0/223	1/2534	0.0	1.0	1.0		0		Molecular Function	0.0	0.0003946329913180742	-0.0	-0.0		2534	223	1	1196
GO:0008839	4-hydroxy-tetrahydrodipicolinate reductase	0/223	1/2534	0.0	1.0	1.0		0		Molecular Function	0.0	0.0003946329913180742	-0.0	-0.0		2534	223	1	1196
GO:0008840	4-hydroxy-tetrahydrodipicolinate synthase activity	0/223	1/2534	0.0	1.0	1.0		0		Molecular Function	0.0	0.0003946329913180742	-0.0	-0.0		2534	223	1	1196
GO:0008851	ethanolamine ammonia-lyase activity	0/223	2/2534	0.0	1.0	1.0		0		Molecular Function	0.0	0.0007892659826361484	-0.0	-0.0		2534	223	2	1196
GO:0008854	exodeoxyribonuclease V activity	0/223	3/2534	0.0	1.0	1.0		0		Molecular Function	0.0	0.0011838989739542227	-0.0	-0.0		2534	223	3	1196
GO:0008855	exodeoxyribonuclease VII activity	0/223	2/2534	0.0	1.0	1.0		0		Molecular Function	0.0	0.0007892659826361484	-0.0	-0.0		2534	223	2	1196
GO:0008859	exoribonuclease II activity	0/223	2/2534	0.0	1.0	1.0		0		Molecular Function	0.0	0.0007892659826361484	-0.0	-0.0		2534	223	2	1196
GO:0008860	ferredoxin-NAD+ reductase activity	0/223	1/2534	0.0	1.0	1.0		0		Molecular Function	0.0	0.0003946329913180742	-0.0	-0.0		2534	223	1	1196
GO:0008863	formate dehydrogenase (NAD+) activity	0/223	3/2534	0.0	1.0	1.0		0		Molecular Function	0.0	0.0011838989739542227	-0.0	-0.0		2534	223	3	1196
GO:0008864	formyltetrahydrofolate deformylase activity	0/223	1/2534	0.0	1.0	1.0		0		Molecular Function	0.0	0.0003946329913180742	-0.0	-0.0		2534	223	1	1196
GO:0008865	fructokinase activity	0/223	1/2534	0.0	1.0	1.0		0		Molecular Function	0.0	0.0003946329913180742	-0.0	-0.0		2534	223	1	1196
GO:0008869	galactonate dehydratase activity	0/223	1/2534	0.0	1.0	1.0		0		Molecular Function	0.0	0.0003946329913180742	-0.0	-0.0		2534	223	1	1196
GO:0008872	glucarate dehydratase activity	0/223	1/2534	0.0	1.0	1.0		0		Molecular Function	0.0	0.0003946329913180742	-0.0	-0.0		2534	223	1	1196
GO:0008878	glucose-1-phosphate adenylyltransferase activity	0/223	1/2534	0.0	1.0	1.0		0		Molecular Function	0.0	0.0003946329913180742	-0.0	-0.0		2534	223	1	1196
GO:0008879	glucose-1-phosphate thymidylyltransferase activity	0/223	2/2534	0.0	1.0	1.0		0		Molecular Function	0.0	0.0007892659826361484	-0.0	-0.0		2534	223	2	1196
GO:0008881	glutamate racemase activity	0/223	1/2534	0.0	1.0	1.0		0		Molecular Function	0.0	0.0003946329913180742	-0.0	-0.0		2534	223	1	1196
GO:0008882	[glutamate-ammonia-ligase] adenylyltransferase activity	0/223	1/2534	0.0	1.0	1.0		0		Molecular Function	0.0	0.0003946329913180742	-0.0	-0.0		2534	223	1	1196
GO:0008883	glutamyl-tRNA reductase activity	0/223	1/2534	0.0	1.0	1.0		0		Molecular Function	0.0	0.0003946329913180742	-0.0	-0.0		2534	223	1	1196
GO:0008884	glutathionylspermidine amidase activity	0/223	2/2534	0.0	1.0	1.0		0		Molecular Function	0.0	0.0007892659826361484	-0.0	-0.0		2534	223	2	1196
GO:0008885	glutathionylspermidine synthase activity	0/223	2/2534	0.0	1.0	1.0		0		Molecular Function	0.0	0.0007892659826361484	-0.0	-0.0		2534	223	2	1196
GO:0008887	glycerate kinase activity	0/223	2/2534	0.0	1.0	1.0		0		Molecular Function	0.0	0.0007892659826361484	-0.0	-0.0		2534	223	2	1196
GO:0008890	glycine C-acetyltransferase activity	0/223	1/2534	0.0	1.0	1.0		0		Molecular Function	0.0	0.0003946329913180742	-0.0	-0.0		2534	223	1	1196
GO:0008894	guanosine-5'-triphosphate,3'-diphosphate diphosphatase activity	0/223	1/2534	0.0	1.0	1.0		0		Molecular Function	0.0	0.0003946329913180742	-0.0	-0.0		2534	223	1	1196
GO:0008899	homoserine O-succinyltransferase activity	0/223	1/2534	0.0	1.0	1.0		0		Molecular Function	0.0	0.0003946329913180742	-0.0	-0.0		2534	223	1	1196
GO:0008901	ferredoxin hydrogenase activity	0/223	2/2534	0.0	1.0	1.0		0		Molecular Function	0.0	0.0007892659826361484	-0.0	-0.0		2534	223	2	1196
GO:0008906	inosine kinase activity	0/223	1/2534	0.0	1.0	1.0		0		Molecular Function	0.0	0.0003946329913180742	-0.0	-0.0		2534	223	1	1196
GO:0008909	isochorismate synthase activity	0/223	2/2534	0.0	1.0	1.0		0		Molecular Function	0.0	0.0007892659826361484	-0.0	-0.0		2534	223	2	1196
GO:0008913	lauroyltransferase activity	0/223	1/2534	0.0	1.0	1.0		0		Molecular Function	0.0	0.0003946329913180742	-0.0	-0.0		2534	223	1	1196
GO:0008914	leucyl-tRNA--protein transferase activity	0/223	1/2534	0.0	1.0	1.0		0		Molecular Function	0.0	0.0003946329913180742	-0.0	-0.0		2534	223	1	1196
GO:0008915	lipid-A-disaccharide synthase activity	0/223	1/2534	0.0	1.0	1.0		0		Molecular Function	0.0	0.0003946329913180742	-0.0	-0.0		2534	223	1	1196
GO:0008920	lipopolysaccharide heptosyltransferase activity	0/223	1/2534	0.0	1.0	1.0		0		Molecular Function	0.0	0.0003946329913180742	-0.0	-0.0		2534	223	1	1196
GO:0008922	long-chain fatty acid [acyl-carrier-protein] ligase activity	0/223	1/2534	0.0	1.0	1.0		0		Molecular Function	0.0	0.0003946329913180742	-0.0	-0.0		2534	223	1	1196
GO:0008924	malate dehydrogenase (quinone) activity	0/223	1/2534	0.0	1.0	1.0		0		Molecular Function	0.0	0.0003946329913180742	-0.0	-0.0		2534	223	1	1196
GO:0008926	mannitol-1-phosphate 5-dehydrogenase activity	0/223	1/2534	0.0	1.0	1.0		0		Molecular Function	0.0	0.0003946329913180742	-0.0	-0.0		2534	223	1	1196
GO:0008927	mannonate dehydratase activity	0/223	1/2534	0.0	1.0	1.0		0		Molecular Function	0.0	0.0003946329913180742	-0.0	-0.0		2534	223	1	1196
GO:0008930	methylthioadenosine nucleosidase activity	0/223	1/2534	0.0	1.0	1.0		0		Molecular Function	0.0	0.0003946329913180742	-0.0	-0.0		2534	223	1	1196
GO:0008932	lytic endotransglycosylase activity	0/223	3/2534	0.0	1.0	1.0		0		Molecular Function	0.0	0.0011838989739542227	-0.0	-0.0		2534	223	3	1196
GO:0008933	lytic transglycosylase activity	0/223	3/2534	0.0	1.0	1.0		0		Molecular Function	0.0	0.0011838989739542227	-0.0	-0.0		2534	223	3	1196
GO:0008934	inositol monophosphate 1-phosphatase activity	0/223	1/2534	0.0	1.0	1.0		0		Molecular Function	0.0	0.0003946329913180742	-0.0	-0.0		2534	223	1	1196
GO:0008935	1,4-dihydroxy-2-naphthoyl-CoA synthase activity	0/223	1/2534	0.0	1.0	1.0		0		Molecular Function	0.0	0.0003946329913180742	-0.0	-0.0		2534	223	1	1196
GO:0008936	nicotinamidase activity	0/223	1/2534	0.0	1.0	1.0		0		Molecular Function	0.0	0.0003946329913180742	-0.0	-0.0		2534	223	1	1196
GO:0008939	nicotinate-nucleotide-dimethylbenzimidazole phosphoribosyltransferase activity	0/223	1/2534	0.0	1.0	1.0		0		Molecular Function	0.0	0.0003946329913180742	-0.0	-0.0		2534	223	1	1196
GO:0008941	nitric oxide dioxygenase NAD(P)H activity	0/223	1/2534	0.0	1.0	1.0		0		Molecular Function	0.0	0.0003946329913180742	-0.0	-0.0		2534	223	1	1196
GO:0008948	oxaloacetate decarboxylase activity	0/223	1/2534	0.0	1.0	1.0		0		Molecular Function	0.0	0.0003946329913180742	-0.0	-0.0		2534	223	1	1196
GO:0008949	oxalyl-CoA decarboxylase activity	0/223	1/2534	0.0	1.0	1.0		0		Molecular Function	0.0	0.0003946329913180742	-0.0	-0.0		2534	223	1	1196
GO:0008951	palmitoleoyl [acyl-carrier-protein]-dependent acyltransferase activity	0/223	1/2534	0.0	1.0	1.0		0		Molecular Function	0.0	0.0003946329913180742	-0.0	-0.0		2534	223	1	1196
GO:0008955	peptidoglycan glycosyltransferase activity	0/223	6/2534	0.0	1.0	1.0		0		Molecular Function	0.0	0.0023677979479084454	-0.0	-0.0		2534	223	6	1196
GO:0008959	phosphate acetyltransferase activity	0/223	1/2534	0.0	1.0	1.0		0		Molecular Function	0.0	0.0003946329913180742	-0.0	-0.0		2534	223	1	1196
GO:0008960	phosphatidylglycerol-membrane-oligosaccharide glycerophosphotransferase activity	0/223	1/2534	0.0	1.0	1.0		0		Molecular Function	0.0	0.0003946329913180742	-0.0	-0.0		2534	223	1	1196
GO:0008961	phosphatidylglycerol-prolipoprotein diacylglyceryl transferase activity	0/223	1/2534	0.0	1.0	1.0		0		Molecular Function	0.0	0.0003946329913180742	-0.0	-0.0		2534	223	1	1196
GO:0008962	phosphatidylglycerophosphatase activity	0/223	1/2534	0.0	1.0	1.0		0		Molecular Function	0.0	0.0003946329913180742	-0.0	-0.0		2534	223	1	1196
GO:0008963	phospho-N-acetylmuramoyl-pentapeptide-transferase activity	0/223	1/2534	0.0	1.0	1.0		0		Molecular Function	0.0	0.0003946329913180742	-0.0	-0.0		2534	223	1	1196
GO:0008964	phosphoenolpyruvate carboxylase activity	0/223	1/2534	0.0	1.0	1.0		0		Molecular Function	0.0	0.0003946329913180742	-0.0	-0.0		2534	223	1	1196
GO:0008965	phosphoenolpyruvate-protein phosphotransferase activity	0/223	1/2534	0.0	1.0	1.0		0		Molecular Function	0.0	0.0003946329913180742	-0.0	-0.0		2534	223	1	1196
GO:0008966	phosphoglucosamine mutase activity	0/223	1/2534	0.0	1.0	1.0		0		Molecular Function	0.0	0.0003946329913180742	-0.0	-0.0		2534	223	1	1196
GO:0008967	phosphoglycolate phosphatase activity	0/223	1/2534	0.0	1.0	1.0		0		Molecular Function	0.0	0.0003946329913180742	-0.0	-0.0		2534	223	1	1196
GO:0008968	D-sedoheptulose 7-phosphate isomerase activity	0/223	1/2534	0.0	1.0	1.0		0		Molecular Function	0.0	0.0003946329913180742	-0.0	-0.0		2534	223	1	1196
GO:0008972	phosphomethylpyrimidine kinase activity	0/223	1/2534	0.0	1.0	1.0		0		Molecular Function	0.0	0.0003946329913180742	-0.0	-0.0		2534	223	1	1196
GO:0008973	phosphopentomutase activity	0/223	2/2534	0.0	1.0	1.0		0		Molecular Function	0.0	0.0007892659826361484	-0.0	-0.0		2534	223	2	1196
GO:0008974	phosphoribulokinase activity	0/223	1/2534	0.0	1.0	1.0		0		Molecular Function	0.0	0.0003946329913180742	-0.0	-0.0		2534	223	1	1196
GO:0008976	polyphosphate kinase activity	0/223	1/2534	0.0	1.0	1.0		0		Molecular Function	0.0	0.0003946329913180742	-0.0	-0.0		2534	223	1	1196
GO:0008977	prephenate dehydrogenase (NAD+) activity	0/223	1/2534	0.0	1.0	1.0		0		Molecular Function	0.0	0.0003946329913180742	-0.0	-0.0		2534	223	1	1196
GO:0008984	protein-glutamate methylesterase activity	0/223	1/2534	0.0	1.0	1.0		0		Molecular Function	0.0	0.0003946329913180742	-0.0	-0.0		2534	223	1	1196
GO:0008986	pyruvate, water dikinase activity	0/223	1/2534	0.0	1.0	1.0		0		Molecular Function	0.0	0.0003946329913180742	-0.0	-0.0		2534	223	1	1196
GO:0008987	quinolinate synthetase A activity	0/223	1/2534	0.0	1.0	1.0		0		Molecular Function	0.0	0.0003946329913180742	-0.0	-0.0		2534	223	1	1196
GO:0008988	rRNA (adenine-N6-)-methyltransferase activity	0/223	1/2534	0.0	1.0	1.0		0		Molecular Function	0.0	0.0003946329913180742	-0.0	-0.0		2534	223	1	1196
GO:0008990	rRNA (guanine-N2-)-methyltransferase activity	0/223	3/2534	0.0	1.0	1.0		0		Molecular Function	0.0	0.0011838989739542227	-0.0	-0.0		2534	223	3	1196
GO:0008995	ribonuclease E activity	0/223	1/2534	0.0	1.0	1.0		0		Molecular Function	0.0	0.0003946329913180742	-0.0	-0.0		2534	223	1	1196
GO:0008999	peptide-alanine-alpha-N-acetyltransferase activity	0/223	1/2534	0.0	1.0	1.0		0		Molecular Function	0.0	0.0003946329913180742	-0.0	-0.0		2534	223	1	1196
GO:0009001	serine O-acetyltransferase activity	0/223	1/2534	0.0	1.0	1.0		0		Molecular Function	0.0	0.0003946329913180742	-0.0	-0.0		2534	223	1	1196
GO:0009002	serine-type D-Ala-D-Ala carboxypeptidase activity	0/223	7/2534	0.0	1.0	1.0		0		Molecular Function	0.0	0.0027624309392265192	-0.0	-0.0		2534	223	7	1196
GO:0009007	site-specific DNA-methyltransferase (adenine-specific) activity	0/223	2/2534	0.0	1.0	1.0		0		Molecular Function	0.0	0.0007892659826361484	-0.0	-0.0		2534	223	2	1196
GO:0009011	starch synthase activity	0/223	1/2534	0.0	1.0	1.0		0		Molecular Function	0.0	0.0003946329913180742	-0.0	-0.0		2534	223	1	1196
GO:0009013	succinate-semialdehyde dehydrogenase [NAD(P)+] activity	0/223	1/2534	0.0	1.0	1.0		0		Molecular Function	0.0	0.0003946329913180742	-0.0	-0.0		2534	223	1	1196
GO:0009014	succinyl-diaminopimelate desuccinylase activity	0/223	1/2534	0.0	1.0	1.0		0		Molecular Function	0.0	0.0003946329913180742	-0.0	-0.0		2534	223	1	1196
GO:0009015	N-succinylarginine dihydrolase activity	0/223	1/2534	0.0	1.0	1.0		0		Molecular Function	0.0	0.0003946329913180742	-0.0	-0.0		2534	223	1	1196
GO:0009016	succinyldiaminopimelate transaminase activity	0/223	1/2534	0.0	1.0	1.0		0		Molecular Function	0.0	0.0003946329913180742	-0.0	-0.0		2534	223	1	1196
GO:0009017	succinylglutamate desuccinylase activity	0/223	1/2534	0.0	1.0	1.0		0		Molecular Function	0.0	0.0003946329913180742	-0.0	-0.0		2534	223	1	1196
GO:0009022	tRNA nucleotidyltransferase activity	0/223	1/2534	0.0	1.0	1.0		0		Molecular Function	0.0	0.0003946329913180742	-0.0	-0.0		2534	223	1	1196
GO:0009025	tagatose-bisphosphate aldolase activity	0/223	1/2534	0.0	1.0	1.0		0		Molecular Function	0.0	0.0003946329913180742	-0.0	-0.0		2534	223	1	1196
GO:0009028	tartronate-semialdehyde synthase activity	0/223	1/2534	0.0	1.0	1.0		0		Molecular Function	0.0	0.0003946329913180742	-0.0	-0.0		2534	223	1	1196
GO:0009029	tetraacyldisaccharide 4'-kinase activity	0/223	1/2534	0.0	1.0	1.0		0		Molecular Function	0.0	0.0003946329913180742	-0.0	-0.0		2534	223	1	1196
GO:0009030	thiamine-phosphate kinase activity	0/223	1/2534	0.0	1.0	1.0		0		Molecular Function	0.0	0.0003946329913180742	-0.0	-0.0		2534	223	1	1196
GO:0009032	thymidine phosphorylase activity	0/223	1/2534	0.0	1.0	1.0		0		Molecular Function	0.0	0.0003946329913180742	-0.0	-0.0		2534	223	1	1196
GO:0009034	tryptophanase activity	0/223	1/2534	0.0	1.0	1.0		0		Molecular Function	0.0	0.0003946329913180742	-0.0	-0.0		2534	223	1	1196
GO:0009035	type I site-specific deoxyribonuclease activity	0/223	1/2534	0.0	1.0	1.0		0		Molecular Function	0.0	0.0003946329913180742	-0.0	-0.0		2534	223	1	1196
GO:0009037	tyrosine-based site-specific recombinase activity	0/223	2/2534	0.0	1.0	1.0		0		Molecular Function	0.0	0.0007892659826361484	-0.0	-0.0		2534	223	2	1196
GO:0009378	four-way junction helicase activity	0/223	2/2534	0.0	1.0	1.0		0		Molecular Function	0.0	0.0007892659826361484	-0.0	-0.0		2534	223	2	1196
GO:0009381	excinuclease ABC activity	0/223	3/2534	0.0	1.0	1.0		0		Molecular Function	0.0	0.0011838989739542227	-0.0	-0.0		2534	223	3	1196
GO:0009389	dimethyl sulfoxide reductase activity	0/223	2/2534	0.0	1.0	1.0		0		Molecular Function	0.0	0.0007892659826361484	-0.0	-0.0		2534	223	2	1196
GO:0009486	cytochrome bo3 ubiquinol oxidase activity	0/223	3/2534	0.0	1.0	1.0		0		Molecular Function	0.0	0.0011838989739542227	-0.0	-0.0		2534	223	3	1196
GO:0009882	blue light photoreceptor activity	0/223	1/2534	0.0	1.0	1.0		0		Molecular Function	0.0	0.0003946329913180742	-0.0	-0.0		2534	223	1	1196
GO:0009927	histidine phosphotransfer kinase activity	0/223	1/2534	0.0	1.0	1.0		0		Molecular Function	0.0	0.0003946329913180742	-0.0	-0.0		2534	223	1	1196
GO:0009982	pseudouridine synthase activity	0/223	6/2534	0.0	1.0	1.0		0		Molecular Function	0.0	0.0023677979479084454	-0.0	-0.0		2534	223	6	1196
GO:0010340	carboxyl-O-methyltransferase activity	0/223	1/2534	0.0	1.0	1.0		0		Molecular Function	0.0	0.0003946329913180742	-0.0	-0.0		2534	223	1	1196
GO:0010945	coenzyme A diphosphatase activity	0/223	1/2534	0.0	1.0	1.0		0		Molecular Function	0.0	0.0003946329913180742	-0.0	-0.0		2534	223	1	1196
GO:0015035	protein-disulfide reductase activity	0/223	3/2534	0.0	1.0	1.0		0		Molecular Function	0.0	0.0011838989739542227	-0.0	-0.0		2534	223	3	1196
GO:0015036	disulfide oxidoreductase activity	0/223	4/2534	0.0	1.0	1.0		0		Molecular Function	0.0	0.0015785319652722968	-0.0	-0.0		2534	223	4	1196
GO:0015075	monoatomic ion transmembrane transporter activity	0/223	1/2534	0.0	1.0	1.0		0		Molecular Function	0.0	0.0003946329913180742	-0.0	-0.0		2534	223	1	1196
GO:0015077	inorganic cation transmembrane transporter activity	0/223	1/2534	0.0	1.0	1.0		0		Molecular Function	0.0	0.0003946329913180742	-0.0	-0.0		2534	223	1	1196
GO:0015079	potassium ion transmembrane transporter activity	0/223	3/2534	0.0	1.0	1.0		0		Molecular Function	0.0	0.0011838989739542227	-0.0	-0.0		2534	223	3	1196
GO:0015081	sodium ion transmembrane transporter activity	0/223	2/2534	0.0	1.0	1.0		0		Molecular Function	0.0	0.0007892659826361484	-0.0	-0.0		2534	223	2	1196
GO:0015087	cobalt ion transmembrane transporter activity	0/223	1/2534	0.0	1.0	1.0		0		Molecular Function	0.0	0.0003946329913180742	-0.0	-0.0		2534	223	1	1196
GO:0015095	magnesium ion transmembrane transporter activity	0/223	1/2534	0.0	1.0	1.0		0		Molecular Function	0.0	0.0003946329913180742	-0.0	-0.0		2534	223	1	1196
GO:0015098	molybdate ion transmembrane transporter activity	0/223	2/2534	0.0	1.0	1.0		0		Molecular Function	0.0	0.0007892659826361484	-0.0	-0.0		2534	223	2	1196
GO:0015099	nickel cation transmembrane transporter activity	0/223	3/2534	0.0	1.0	1.0		0		Molecular Function	0.0	0.0011838989739542227	-0.0	-0.0		2534	223	3	1196
GO:0015105	arsenite transmembrane transporter activity	0/223	1/2534	0.0	1.0	1.0		0		Molecular Function	0.0	0.0003946329913180742	-0.0	-0.0		2534	223	1	1196
GO:0015112	nitrate transmembrane transporter activity	0/223	2/2534	0.0	1.0	1.0		0		Molecular Function	0.0	0.0007892659826361484	-0.0	-0.0		2534	223	2	1196
GO:0015113	nitrite transmembrane transporter activity	0/223	2/2534	0.0	1.0	1.0		0		Molecular Function	0.0	0.0007892659826361484	-0.0	-0.0		2534	223	2	1196
GO:0015116	sulfate transmembrane transporter activity	0/223	1/2534	0.0	1.0	1.0		0		Molecular Function	0.0	0.0003946329913180742	-0.0	-0.0		2534	223	1	1196
GO:0015123	acetate transmembrane transporter activity	0/223	1/2534	0.0	1.0	1.0		0		Molecular Function	0.0	0.0003946329913180742	-0.0	-0.0		2534	223	1	1196
GO:0015129	lactate transmembrane transporter activity	0/223	2/2534	0.0	1.0	1.0		0		Molecular Function	0.0	0.0007892659826361484	-0.0	-0.0		2534	223	2	1196
GO:0015153	rhamnose transmembrane transporter activity	0/223	1/2534	0.0	1.0	1.0		0		Molecular Function	0.0	0.0003946329913180742	-0.0	-0.0		2534	223	1	1196
GO:0015154	disaccharide transmembrane transporter activity	0/223	1/2534	0.0	1.0	1.0		0		Molecular Function	0.0	0.0003946329913180742	-0.0	-0.0		2534	223	1	1196
GO:0015157	oligosaccharide transmembrane transporter activity	0/223	1/2534	0.0	1.0	1.0		0		Molecular Function	0.0	0.0003946329913180742	-0.0	-0.0		2534	223	1	1196
GO:0015159	polysaccharide transmembrane transporter activity	0/223	1/2534	0.0	1.0	1.0		0		Molecular Function	0.0	0.0003946329913180742	-0.0	-0.0		2534	223	1	1196
GO:0015169	glycerol-3-phosphate transmembrane transporter activity	0/223	1/2534	0.0	1.0	1.0		0		Molecular Function	0.0	0.0003946329913180742	-0.0	-0.0		2534	223	1	1196
GO:0015173	aromatic amino acid transmembrane transporter activity	0/223	3/2534	0.0	1.0	1.0		0		Molecular Function	0.0	0.0011838989739542227	-0.0	-0.0		2534	223	3	1196
GO:0015185	gamma-aminobutyric acid transmembrane transporter activity	0/223	1/2534	0.0	1.0	1.0		0		Molecular Function	0.0	0.0003946329913180742	-0.0	-0.0		2534	223	1	1196
GO:0015218	pyrimidine nucleotide transmembrane transporter activity	0/223	1/2534	0.0	1.0	1.0		0		Molecular Function	0.0	0.0003946329913180742	-0.0	-0.0		2534	223	1	1196
GO:0015221	lipopolysaccharide transmembrane transporter activity	0/223	1/2534	0.0	1.0	1.0		0		Molecular Function	0.0	0.0003946329913180742	-0.0	-0.0		2534	223	1	1196
GO:0015232	heme transmembrane transporter activity	0/223	3/2534	0.0	1.0	1.0		0		Molecular Function	0.0	0.0011838989739542227	-0.0	-0.0		2534	223	3	1196
GO:0015233	pantothenate transmembrane transporter activity	0/223	1/2534	0.0	1.0	1.0		0		Molecular Function	0.0	0.0003946329913180742	-0.0	-0.0		2534	223	1	1196
GO:0015250	water channel activity	0/223	1/2534	0.0	1.0	1.0		0		Molecular Function	0.0	0.0003946329913180742	-0.0	-0.0		2534	223	1	1196
GO:0015276	ligand-gated monoatomic ion channel activity	0/223	3/2534	0.0	1.0	1.0		0		Molecular Function	0.0	0.0011838989739542227	-0.0	-0.0		2534	223	3	1196
GO:0015318	inorganic molecular entity transmembrane transporter activity	0/223	1/2534	0.0	1.0	1.0		0		Molecular Function	0.0	0.0003946329913180742	-0.0	-0.0		2534	223	1	1196
GO:0015333	peptide:proton symporter activity	0/223	3/2534	0.0	1.0	1.0		0		Molecular Function	0.0	0.0011838989739542227	-0.0	-0.0		2534	223	3	1196
GO:0015344	siderophore uptake transmembrane transporter activity	0/223	5/2534	0.0	1.0	1.0		0		Molecular Function	0.0	0.001973164956590371	-0.0	-0.0		2534	223	5	1196
GO:0015379	potassium:chloride symporter activity	0/223	1/2534	0.0	1.0	1.0		0		Molecular Function	0.0	0.0003946329913180742	-0.0	-0.0		2534	223	1	1196
GO:0015385	sodium:proton antiporter activity	0/223	1/2534	0.0	1.0	1.0		0		Molecular Function	0.0	0.0003946329913180742	-0.0	-0.0		2534	223	1	1196
GO:0015386	potassium:proton antiporter activity	0/223	1/2534	0.0	1.0	1.0		0		Molecular Function	0.0	0.0003946329913180742	-0.0	-0.0		2534	223	1	1196
GO:0015413	ABC-type nickel transporter activity	0/223	2/2534	0.0	1.0	1.0		0		Molecular Function	0.0	0.0007892659826361484	-0.0	-0.0		2534	223	2	1196
GO:0015415	ATPase-coupled phosphate ion transmembrane transporter activity	0/223	1/2534	0.0	1.0	1.0		0		Molecular Function	0.0	0.0003946329913180742	-0.0	-0.0		2534	223	1	1196
GO:0015417	ABC-type polyamine transporter activity	0/223	1/2534	0.0	1.0	1.0		0		Molecular Function	0.0	0.0003946329913180742	-0.0	-0.0		2534	223	1	1196
GO:0015419	ABC-type sulfate transporter activity	0/223	3/2534	0.0	1.0	1.0		0		Molecular Function	0.0	0.0011838989739542227	-0.0	-0.0		2534	223	3	1196
GO:0015420	ABC-type vitamin B12 transporter activity	0/223	2/2534	0.0	1.0	1.0		0		Molecular Function	0.0	0.0007892659826361484	-0.0	-0.0		2534	223	2	1196
GO:0015430	ABC-type glycerol-3-phosphate transporter activity	0/223	1/2534	0.0	1.0	1.0		0		Molecular Function	0.0	0.0003946329913180742	-0.0	-0.0		2534	223	1	1196
GO:0015444	P-type magnesium transporter activity	0/223	1/2534	0.0	1.0	1.0		0		Molecular Function	0.0	0.0003946329913180742	-0.0	-0.0		2534	223	1	1196
GO:0015450	protein-transporting ATPase activity	0/223	2/2534	0.0	1.0	1.0		0		Molecular Function	0.0	0.0007892659826361484	-0.0	-0.0		2534	223	2	1196
GO:0015478	oligosaccharide transporting porin activity	0/223	1/2534	0.0	1.0	1.0		0		Molecular Function	0.0	0.0003946329913180742	-0.0	-0.0		2534	223	1	1196
GO:0015481	maltose transporting porin activity	0/223	2/2534	0.0	1.0	1.0		0		Molecular Function	0.0	0.0007892659826361484	-0.0	-0.0		2534	223	2	1196
GO:0015496	putrescine:ornithine antiporter activity	0/223	1/2534	0.0	1.0	1.0		0		Molecular Function	0.0	0.0003946329913180742	-0.0	-0.0		2534	223	1	1196
GO:0015499	formate transmembrane transporter activity	0/223	1/2534	0.0	1.0	1.0		0		Molecular Function	0.0	0.0003946329913180742	-0.0	-0.0		2534	223	1	1196
GO:0015501	glutamate:sodium symporter activity	0/223	1/2534	0.0	1.0	1.0		0		Molecular Function	0.0	0.0003946329913180742	-0.0	-0.0		2534	223	1	1196
GO:0015503	glutathione-regulated potassium exporter activity	0/223	2/2534	0.0	1.0	1.0		0		Molecular Function	0.0	0.0007892659826361484	-0.0	-0.0		2534	223	2	1196
GO:0015535	fucose:proton symporter activity	0/223	1/2534	0.0	1.0	1.0		0		Molecular Function	0.0	0.0003946329913180742	-0.0	-0.0		2534	223	1	1196
GO:0015556	C4-dicarboxylate transmembrane transporter activity	0/223	4/2534	0.0	1.0	1.0		0		Molecular Function	0.0	0.0015785319652722968	-0.0	-0.0		2534	223	4	1196
GO:0015558	secondary active p-aminobenzoyl-glutamate transmembrane transporter activity	0/223	1/2534	0.0	1.0	1.0		0		Molecular Function	0.0	0.0003946329913180742	-0.0	-0.0		2534	223	1	1196
GO:0015562	efflux transmembrane transporter activity	0/223	6/2534	0.0	1.0	1.0		0		Molecular Function	0.0	0.0023677979479084454	-0.0	-0.0		2534	223	6	1196
GO:0015572	N-acetylglucosamine transmembrane transporter activity	0/223	1/2534	0.0	1.0	1.0		0		Molecular Function	0.0	0.0003946329913180742	-0.0	-0.0		2534	223	1	1196
GO:0015574	trehalose transmembrane transporter activity	0/223	1/2534	0.0	1.0	1.0		0		Molecular Function	0.0	0.0003946329913180742	-0.0	-0.0		2534	223	1	1196
GO:0015577	galactitol transmembrane transporter activity	0/223	1/2534	0.0	1.0	1.0		0		Molecular Function	0.0	0.0003946329913180742	-0.0	-0.0		2534	223	1	1196
GO:0015594	ABC-type putrescine transporter activity	0/223	1/2534	0.0	1.0	1.0		0		Molecular Function	0.0	0.0003946329913180742	-0.0	-0.0		2534	223	1	1196
GO:0015606	spermidine transmembrane transporter activity	0/223	2/2534	0.0	1.0	1.0		0		Molecular Function	0.0	0.0007892659826361484	-0.0	-0.0		2534	223	2	1196
GO:0015612	ABC-type L-arabinose transporter activity	0/223	1/2534	0.0	1.0	1.0		0		Molecular Function	0.0	0.0003946329913180742	-0.0	-0.0		2534	223	1	1196
GO:0015633	ABC-type zinc transporter activity	0/223	1/2534	0.0	1.0	1.0		0		Molecular Function	0.0	0.0003946329913180742	-0.0	-0.0		2534	223	1	1196
GO:0015643	toxic substance binding	0/223	3/2534	0.0	1.0	1.0		0		Molecular Function	0.0	0.0011838989739542227	-0.0	-0.0		2534	223	3	1196
GO:0015648	lipid-linked peptidoglycan transporter activity	0/223	1/2534	0.0	1.0	1.0		0		Molecular Function	0.0	0.0003946329913180742	-0.0	-0.0		2534	223	1	1196
GO:0015649	2-keto-3-deoxygluconate:proton symporter activity	0/223	1/2534	0.0	1.0	1.0		0		Molecular Function	0.0	0.0003946329913180742	-0.0	-0.0		2534	223	1	1196
GO:0015661	L-lysine efflux transmembrane transporter activity	0/223	1/2534	0.0	1.0	1.0		0		Molecular Function	0.0	0.0003946329913180742	-0.0	-0.0		2534	223	1	1196
GO:0016149	translation release factor activity, codon specific	0/223	2/2534	0.0	1.0	1.0		0		Molecular Function	0.0	0.0007892659826361484	-0.0	-0.0		2534	223	2	1196
GO:0016154	pyrimidine-nucleoside phosphorylase activity	0/223	2/2534	0.0	1.0	1.0		0		Molecular Function	0.0	0.0007892659826361484	-0.0	-0.0		2534	223	2	1196
GO:0016208	AMP binding	0/223	1/2534	0.0	1.0	1.0		0		Molecular Function	0.0	0.0003946329913180742	-0.0	-0.0		2534	223	1	1196
GO:0016289	acyl-CoA hydrolase activity	0/223	1/2534	0.0	1.0	1.0		0		Molecular Function	0.0	0.0003946329913180742	-0.0	-0.0		2534	223	1	1196
GO:0016407	acetyltransferase activity	0/223	21/2534	0.0	1.0	1.0		0		Molecular Function	0.0	0.008287292817679558	-0.0	-0.0		2534	223	21	1196
GO:0016410	N-acyltransferase activity	0/223	2/2534	0.0	1.0	1.0		0		Molecular Function	0.0	0.0007892659826361484	-0.0	-0.0		2534	223	2	1196
GO:0016416	O-palmitoyltransferase activity	0/223	1/2534	0.0	1.0	1.0		0		Molecular Function	0.0	0.0003946329913180742	-0.0	-0.0		2534	223	1	1196
GO:0016430	tRNA (adenine-N6)-methyltransferase activity	0/223	1/2534	0.0	1.0	1.0		0		Molecular Function	0.0	0.0003946329913180742	-0.0	-0.0		2534	223	1	1196
GO:0016434	rRNA (cytosine) methyltransferase activity	0/223	1/2534	0.0	1.0	1.0		0		Molecular Function	0.0	0.0003946329913180742	-0.0	-0.0		2534	223	1	1196
GO:0016437	CCA tRNA nucleotidyltransferase activity	0/223	1/2534	0.0	1.0	1.0		0		Molecular Function	0.0	0.0003946329913180742	-0.0	-0.0		2534	223	1	1196
GO:0016462	pyrophosphatase activity	0/223	4/2534	0.0	1.0	1.0		0		Molecular Function	0.0	0.0015785319652722968	-0.0	-0.0		2534	223	4	1196
GO:0016597	amino acid binding	0/223	3/2534	0.0	1.0	1.0		0		Molecular Function	0.0	0.0011838989739542227	-0.0	-0.0		2534	223	3	1196
GO:0016618	hydroxypyruvate reductase activity	0/223	2/2534	0.0	1.0	1.0		0		Molecular Function	0.0	0.0007892659826361484	-0.0	-0.0		2534	223	2	1196
GO:0016627	oxidoreductase activity, acting on the CH-CH group of donors	0/223	2/2534	0.0	1.0	1.0		0		Molecular Function	0.0	0.0007892659826361484	-0.0	-0.0		2534	223	2	1196
GO:0016628	oxidoreductase activity, acting on the CH-CH group of donors, NAD or NADP as acceptor	0/223	2/2534	0.0	1.0	1.0		0		Molecular Function	0.0	0.0007892659826361484	-0.0	-0.0		2534	223	2	1196
GO:0016645	oxidoreductase activity, acting on the CH-NH group of donors	0/223	1/2534	0.0	1.0	1.0		0		Molecular Function	0.0	0.0003946329913180742	-0.0	-0.0		2534	223	1	1196
GO:0016646	oxidoreductase activity, acting on the CH-NH group of donors, NAD or NADP as acceptor	0/223	1/2534	0.0	1.0	1.0		0		Molecular Function	0.0	0.0003946329913180742	-0.0	-0.0		2534	223	1	1196
GO:0016651	oxidoreductase activity, acting on NAD(P)H	0/223	2/2534	0.0	1.0	1.0		0		Molecular Function	0.0	0.0007892659826361484	-0.0	-0.0		2534	223	2	1196
GO:0016652	oxidoreductase activity, acting on NAD(P)H, NAD(P) as acceptor	0/223	1/2534	0.0	1.0	1.0		0		Molecular Function	0.0	0.0003946329913180742	-0.0	-0.0		2534	223	1	1196
GO:0016655	oxidoreductase activity, acting on NAD(P)H, quinone or similar compound as acceptor	0/223	2/2534	0.0	1.0	1.0		0		Molecular Function	0.0	0.0007892659826361484	-0.0	-0.0		2534	223	2	1196
GO:0016667	oxidoreductase activity, acting on a sulfur group of donors	0/223	1/2534	0.0	1.0	1.0		0		Molecular Function	0.0	0.0003946329913180742	-0.0	-0.0		2534	223	1	1196
GO:0016668	oxidoreductase activity, acting on a sulfur group of donors, NAD(P) as acceptor	0/223	1/2534	0.0	1.0	1.0		0		Molecular Function	0.0	0.0003946329913180742	-0.0	-0.0		2534	223	1	1196
GO:0016682	oxidoreductase activity, acting on diphenols and related substances as donors, oxygen as acceptor	0/223	2/2534	0.0	1.0	1.0		0		Molecular Function	0.0	0.0007892659826361484	-0.0	-0.0		2534	223	2	1196
GO:0016701	oxidoreductase activity, acting on single donors with incorporation of molecular oxygen	0/223	1/2534	0.0	1.0	1.0		0		Molecular Function	0.0	0.0003946329913180742	-0.0	-0.0		2534	223	1	1196
GO:0016702	oxidoreductase activity, acting on single donors with incorporation of molecular oxygen, incorporation of two atoms of oxygen	0/223	1/2534	0.0	1.0	1.0		0		Molecular Function	0.0	0.0003946329913180742	-0.0	-0.0		2534	223	1	1196
GO:0016705	oxidoreductase activity, acting on paired donors, with incorporation or reduction of molecular oxygen	0/223	2/2534	0.0	1.0	1.0		0		Molecular Function	0.0	0.0007892659826361484	-0.0	-0.0		2534	223	2	1196
GO:0016709	oxidoreductase activity, acting on paired donors, with incorporation or reduction of molecular oxygen, NAD(P)H as one donor, and incorporation of one atom of oxygen	0/223	5/2534	0.0	1.0	1.0		0		Molecular Function	0.0	0.001973164956590371	-0.0	-0.0		2534	223	5	1196
GO:0016722	oxidoreductase activity, acting on metal ions	0/223	1/2534	0.0	1.0	1.0		0		Molecular Function	0.0	0.0003946329913180742	-0.0	-0.0		2534	223	1	1196
GO:0016726	oxidoreductase activity, acting on CH or CH2 groups, NAD or NADP as acceptor	0/223	1/2534	0.0	1.0	1.0		0		Molecular Function	0.0	0.0003946329913180742	-0.0	-0.0		2534	223	1	1196
GO:0016731	oxidoreductase activity, acting on iron-sulfur proteins as donors, NAD or NADP as acceptor	0/223	1/2534	0.0	1.0	1.0		0		Molecular Function	0.0	0.0003946329913180742	-0.0	-0.0		2534	223	1	1196
GO:0016741	transferase activity, transferring one-carbon groups	0/223	1/2534	0.0	1.0	1.0		0		Molecular Function	0.0	0.0003946329913180742	-0.0	-0.0		2534	223	1	1196
GO:0016743	carboxyl- or carbamoyltransferase activity	0/223	5/2534	0.0	1.0	1.0		0		Molecular Function	0.0	0.001973164956590371	-0.0	-0.0		2534	223	5	1196
GO:0016746	acyltransferase activity	0/223	7/2534	0.0	1.0	1.0		0		Molecular Function	0.0	0.0027624309392265192	-0.0	-0.0		2534	223	7	1196
GO:0016760	cellulose synthase (UDP-forming) activity	0/223	1/2534	0.0	1.0	1.0		0		Molecular Function	0.0	0.0003946329913180742	-0.0	-0.0		2534	223	1	1196
GO:0016765	transferase activity, transferring alkyl or aryl (other than methyl) groups	0/223	2/2534	0.0	1.0	1.0		0		Molecular Function	0.0	0.0007892659826361484	-0.0	-0.0		2534	223	2	1196
GO:0016772	transferase activity, transferring phosphorus-containing groups	0/223	10/2534	0.0	1.0	1.0		0		Molecular Function	0.0	0.003946329913180742	-0.0	-0.0		2534	223	10	1196
GO:0016774	phosphotransferase activity, carboxyl group as acceptor	0/223	1/2534	0.0	1.0	1.0		0		Molecular Function	0.0	0.0003946329913180742	-0.0	-0.0		2534	223	1	1196
GO:0016776	phosphotransferase activity, phosphate group as acceptor	0/223	4/2534	0.0	1.0	1.0		0		Molecular Function	0.0	0.0015785319652722968	-0.0	-0.0		2534	223	4	1196
GO:0016783	sulfurtransferase activity	0/223	6/2534	0.0	1.0	1.0		0		Molecular Function	0.0	0.0023677979479084454	-0.0	-0.0		2534	223	6	1196
GO:0016788	hydrolase activity, acting on ester bonds	0/223	9/2534	0.0	1.0	1.0		0		Molecular Function	0.0	0.003551696921862668	-0.0	-0.0		2534	223	9	1196
GO:0016791	phosphatase activity	0/223	11/2534	0.0	1.0	1.0		0		Molecular Function	0.0	0.004340962904498816	-0.0	-0.0		2534	223	11	1196
GO:0016795	phosphoric triester hydrolase activity	0/223	1/2534	0.0	1.0	1.0		0		Molecular Function	0.0	0.0003946329913180742	-0.0	-0.0		2534	223	1	1196
GO:0016796	exonuclease activity, active with either ribo- or deoxyribonucleic acids and producing 5'-phosphomonoesters	0/223	1/2534	0.0	1.0	1.0		0		Molecular Function	0.0	0.0003946329913180742	-0.0	-0.0		2534	223	1	1196
GO:0016798	hydrolase activity, acting on glycosyl bonds	0/223	6/2534	0.0	1.0	1.0		0		Molecular Function	0.0	0.0023677979479084454	-0.0	-0.0		2534	223	6	1196
GO:0016810	hydrolase activity, acting on carbon-nitrogen (but not peptide) bonds	0/223	10/2534	0.0	1.0	1.0		0		Molecular Function	0.0	0.003946329913180742	-0.0	-0.0		2534	223	10	1196
GO:0016812	hydrolase activity, acting on carbon-nitrogen (but not peptide) bonds, in cyclic amides	0/223	1/2534	0.0	1.0	1.0		0		Molecular Function	0.0	0.0003946329913180742	-0.0	-0.0		2534	223	1	1196
GO:0016813	hydrolase activity, acting on carbon-nitrogen (but not peptide) bonds, in linear amidines	0/223	1/2534	0.0	1.0	1.0		0		Molecular Function	0.0	0.0003946329913180742	-0.0	-0.0		2534	223	1	1196
GO:0016817	hydrolase activity, acting on acid anhydrides	0/223	5/2534	0.0	1.0	1.0		0		Molecular Function	0.0	0.001973164956590371	-0.0	-0.0		2534	223	5	1196
GO:0016818	hydrolase activity, acting on acid anhydrides, in phosphorus-containing anhydrides	0/223	7/2534	0.0	1.0	1.0		0		Molecular Function	0.0	0.0027624309392265192	-0.0	-0.0		2534	223	7	1196
GO:0016830	carbon-carbon lyase activity	0/223	1/2534	0.0	1.0	1.0		0		Molecular Function	0.0	0.0003946329913180742	-0.0	-0.0		2534	223	1	1196
GO:0016832	aldehyde-lyase activity	0/223	4/2534	0.0	1.0	1.0		0		Molecular Function	0.0	0.0015785319652722968	-0.0	-0.0		2534	223	4	1196
GO:0016835	carbon-oxygen lyase activity	0/223	3/2534	0.0	1.0	1.0		0		Molecular Function	0.0	0.0011838989739542227	-0.0	-0.0		2534	223	3	1196
GO:0016837	carbon-oxygen lyase activity, acting on polysaccharides	0/223	2/2534	0.0	1.0	1.0		0		Molecular Function	0.0	0.0007892659826361484	-0.0	-0.0		2534	223	2	1196
GO:0016840	carbon-nitrogen lyase activity	0/223	1/2534	0.0	1.0	1.0		0		Molecular Function	0.0	0.0003946329913180742	-0.0	-0.0		2534	223	1	1196
GO:0016846	carbon-sulfur lyase activity	0/223	1/2534	0.0	1.0	1.0		0		Molecular Function	0.0	0.0003946329913180742	-0.0	-0.0		2534	223	1	1196
GO:0016853	isomerase activity	0/223	15/2534	0.0	1.0	1.0		0		Molecular Function	0.0	0.005919494869771113	-0.0	-0.0		2534	223	15	1196
GO:0016854	racemase and epimerase activity	0/223	1/2534	0.0	1.0	1.0		0		Molecular Function	0.0	0.0003946329913180742	-0.0	-0.0		2534	223	1	1196
GO:0016855	racemase and epimerase activity, acting on amino acids and derivatives	0/223	1/2534	0.0	1.0	1.0		0		Molecular Function	0.0	0.0003946329913180742	-0.0	-0.0		2534	223	1	1196
GO:0016861	intramolecular oxidoreductase activity, interconverting aldoses and ketoses	0/223	3/2534	0.0	1.0	1.0		0		Molecular Function	0.0	0.0011838989739542227	-0.0	-0.0		2534	223	3	1196
GO:0016862	intramolecular oxidoreductase activity, interconverting keto- and enol-groups	0/223	1/2534	0.0	1.0	1.0		0		Molecular Function	0.0	0.0003946329913180742	-0.0	-0.0		2534	223	1	1196
GO:0016872	intramolecular lyase activity	0/223	1/2534	0.0	1.0	1.0		0		Molecular Function	0.0	0.0003946329913180742	-0.0	-0.0		2534	223	1	1196
GO:0016874	ligase activity	0/223	12/2534	0.0	1.0	1.0		0		Molecular Function	0.0	0.004735595895816891	-0.0	-0.0		2534	223	12	1196
GO:0016879	ligase activity, forming carbon-nitrogen bonds	0/223	4/2534	0.0	1.0	1.0		0		Molecular Function	0.0	0.0015785319652722968	-0.0	-0.0		2534	223	4	1196
GO:0016880	acid-ammonia (or amide) ligase activity	0/223	3/2534	0.0	1.0	1.0		0		Molecular Function	0.0	0.0011838989739542227	-0.0	-0.0		2534	223	3	1196
GO:0016881	acid-amino acid ligase activity	0/223	1/2534	0.0	1.0	1.0		0		Molecular Function	0.0	0.0003946329913180742	-0.0	-0.0		2534	223	1	1196
GO:0016888	endodeoxyribonuclease activity, producing 5'-phosphomonoesters	0/223	1/2534	0.0	1.0	1.0		0		Molecular Function	0.0	0.0003946329913180742	-0.0	-0.0		2534	223	1	1196
GO:0016891	RNA endonuclease activity, producing 5'-phosphomonoesters	0/223	1/2534	0.0	1.0	1.0		0		Molecular Function	0.0	0.0003946329913180742	-0.0	-0.0		2534	223	1	1196
GO:0016893	endonuclease activity, active with either ribo- or deoxyribonucleic acids and producing 5'-phosphomonoesters	0/223	1/2534	0.0	1.0	1.0		0		Molecular Function	0.0	0.0003946329913180742	-0.0	-0.0		2534	223	1	1196
GO:0016896	RNA exonuclease activity, producing 5'-phosphomonoesters	0/223	2/2534	0.0	1.0	1.0		0		Molecular Function	0.0	0.0007892659826361484	-0.0	-0.0		2534	223	2	1196
GO:0016901	oxidoreductase activity, acting on the CH-OH group of donors, quinone or similar compound as acceptor	0/223	2/2534	0.0	1.0	1.0		0		Molecular Function	0.0	0.0007892659826361484	-0.0	-0.0		2534	223	2	1196
GO:0016903	oxidoreductase activity, acting on the aldehyde or oxo group of donors	0/223	1/2534	0.0	1.0	1.0		0		Molecular Function	0.0	0.0003946329913180742	-0.0	-0.0		2534	223	1	1196
GO:0016966	nitric oxide reductase activity	0/223	1/2534	0.0	1.0	1.0		0		Molecular Function	0.0	0.0003946329913180742	-0.0	-0.0		2534	223	1	1196
GO:0016979	lipoate-protein ligase activity	0/223	1/2534	0.0	1.0	1.0		0		Molecular Function	0.0	0.0003946329913180742	-0.0	-0.0		2534	223	1	1196
GO:0016989	sigma factor antagonist activity	0/223	1/2534	0.0	1.0	1.0		0		Molecular Function	0.0	0.0003946329913180742	-0.0	-0.0		2534	223	1	1196
GO:0016992	lipoate synthase activity	0/223	1/2534	0.0	1.0	1.0		0		Molecular Function	0.0	0.0003946329913180742	-0.0	-0.0		2534	223	1	1196
GO:0017057	6-phosphogluconolactonase activity	0/223	1/2534	0.0	1.0	1.0		0		Molecular Function	0.0	0.0003946329913180742	-0.0	-0.0		2534	223	1	1196
GO:0017108	5'-flap endonuclease activity	0/223	1/2534	0.0	1.0	1.0		0		Molecular Function	0.0	0.0003946329913180742	-0.0	-0.0		2534	223	1	1196
GO:0017110	nucleoside diphosphate phosphatase activity	0/223	1/2534	0.0	1.0	1.0		0		Molecular Function	0.0	0.0003946329913180742	-0.0	-0.0		2534	223	1	1196
GO:0017111	ribonucleoside triphosphate phosphatase activity	0/223	3/2534	0.0	1.0	1.0		0		Molecular Function	0.0	0.0011838989739542227	-0.0	-0.0		2534	223	3	1196
GO:0017150	tRNA dihydrouridine synthase activity	0/223	3/2534	0.0	1.0	1.0		0		Molecular Function	0.0	0.0011838989739542227	-0.0	-0.0		2534	223	3	1196
GO:0017168	5-oxoprolinase (ATP-hydrolyzing) activity	0/223	1/2534	0.0	1.0	1.0		0		Molecular Function	0.0	0.0003946329913180742	-0.0	-0.0		2534	223	1	1196
GO:0018169	ribosomal S6-glutamic acid ligase activity	0/223	1/2534	0.0	1.0	1.0		0		Molecular Function	0.0	0.0003946329913180742	-0.0	-0.0		2534	223	1	1196
GO:0018498	2,3-dihydroxy-2,3-dihydro-phenylpropionate dehydrogenase activity	0/223	1/2534	0.0	1.0	1.0		0		Molecular Function	0.0	0.0003946329913180742	-0.0	-0.0		2534	223	1	1196
GO:0018739	4-hydroxybenzoyl-CoA thioesterase activity	0/223	1/2534	0.0	1.0	1.0		0		Molecular Function	0.0	0.0003946329913180742	-0.0	-0.0		2534	223	1	1196
GO:0019104	DNA N-glycosylase activity	0/223	2/2534	0.0	1.0	1.0		0		Molecular Function	0.0	0.0007892659826361484	-0.0	-0.0		2534	223	2	1196
GO:0019107	myristoyltransferase activity	0/223	1/2534	0.0	1.0	1.0		0		Molecular Function	0.0	0.0003946329913180742	-0.0	-0.0		2534	223	1	1196
GO:0019134	glucosamine-1-phosphate N-acetyltransferase activity	0/223	1/2534	0.0	1.0	1.0		0		Molecular Function	0.0	0.0003946329913180742	-0.0	-0.0		2534	223	1	1196
GO:0019143	3-deoxy-manno-octulosonate-8-phosphatase activity	0/223	1/2534	0.0	1.0	1.0		0		Molecular Function	0.0	0.0003946329913180742	-0.0	-0.0		2534	223	1	1196
GO:0019145	aminobutyraldehyde dehydrogenase activity	0/223	1/2534	0.0	1.0	1.0		0		Molecular Function	0.0	0.0003946329913180742	-0.0	-0.0		2534	223	1	1196
GO:0019148	D-cysteine desulfhydrase activity	0/223	1/2534	0.0	1.0	1.0		0		Molecular Function	0.0	0.0003946329913180742	-0.0	-0.0		2534	223	1	1196
GO:0019153	protein-disulfide reductase (glutathione) activity	0/223	3/2534	0.0	1.0	1.0		0		Molecular Function	0.0	0.0011838989739542227	-0.0	-0.0		2534	223	3	1196
GO:0019159	nicotinamide-nucleotide amidase activity	0/223	2/2534	0.0	1.0	1.0		0		Molecular Function	0.0	0.0007892659826361484	-0.0	-0.0		2534	223	2	1196
GO:0019165	thiamine kinase activity	0/223	1/2534	0.0	1.0	1.0		0		Molecular Function	0.0	0.0003946329913180742	-0.0	-0.0		2534	223	1	1196
GO:0019172	glyoxalase III activity	0/223	1/2534	0.0	1.0	1.0		0		Molecular Function	0.0	0.0003946329913180742	-0.0	-0.0		2534	223	1	1196
GO:0019180	dTDP-4-amino-4,6-dideoxygalactose transaminase activity	0/223	1/2534	0.0	1.0	1.0		0		Molecular Function	0.0	0.0003946329913180742	-0.0	-0.0		2534	223	1	1196
GO:0019205	nucleobase-containing compound kinase activity	0/223	2/2534	0.0	1.0	1.0		0		Molecular Function	0.0	0.0007892659826361484	-0.0	-0.0		2534	223	2	1196
GO:0019213	deacetylase activity	0/223	1/2534	0.0	1.0	1.0		0		Molecular Function	0.0	0.0003946329913180742	-0.0	-0.0		2534	223	1	1196
GO:0019239	deaminase activity	0/223	1/2534	0.0	1.0	1.0		0		Molecular Function	0.0	0.0003946329913180742	-0.0	-0.0		2534	223	1	1196
GO:0019534	toxin transmembrane transporter activity	0/223	1/2534	0.0	1.0	1.0		0		Molecular Function	0.0	0.0003946329913180742	-0.0	-0.0		2534	223	1	1196
GO:0019808	polyamine binding	0/223	3/2534	0.0	1.0	1.0		0		Molecular Function	0.0	0.0011838989739542227	-0.0	-0.0		2534	223	3	1196
GO:0019829	ATPase-coupled monoatomic cation transmembrane transporter activity	0/223	2/2534	0.0	1.0	1.0		0		Molecular Function	0.0	0.0007892659826361484	-0.0	-0.0		2534	223	2	1196
GO:0019901	protein kinase binding	0/223	1/2534	0.0	1.0	1.0		0		Molecular Function	0.0	0.0003946329913180742	-0.0	-0.0		2534	223	1	1196
GO:0022803	passive transmembrane transporter activity	0/223	2/2534	0.0	1.0	1.0		0		Molecular Function	0.0	0.0007892659826361484	-0.0	-0.0		2534	223	2	1196
GO:0022829	wide pore channel activity	0/223	1/2534	0.0	1.0	1.0		0		Molecular Function	0.0	0.0003946329913180742	-0.0	-0.0		2534	223	1	1196
GO:0022838	channel activity	0/223	1/2534	0.0	1.0	1.0		0		Molecular Function	0.0	0.0003946329913180742	-0.0	-0.0		2534	223	1	1196
GO:0022890	inorganic cation transmembrane transporter activity	0/223	1/2534	0.0	1.0	1.0		0		Molecular Function	0.0	0.0003946329913180742	-0.0	-0.0		2534	223	1	1196
GO:0030060	L-malate dehydrogenase activity	0/223	1/2534	0.0	1.0	1.0		0		Molecular Function	0.0	0.0003946329913180742	-0.0	-0.0		2534	223	1	1196
GO:0030145	manganese ion binding	0/223	20/2534	0.0	1.0	1.0		0		Molecular Function	0.0	0.007892659826361484	-0.0	-0.0		2534	223	20	1196
GO:0030151	molybdenum ion binding	0/223	8/2534	0.0	1.0	1.0		0		Molecular Function	0.0	0.0031570639305445935	-0.0	-0.0		2534	223	8	1196
GO:0030234	enzyme regulator activity	0/223	9/2534	0.0	1.0	1.0		0		Molecular Function	0.0	0.003551696921862668	-0.0	-0.0		2534	223	9	1196
GO:0030266	quinate 3-dehydrogenase (NAD+) activity	0/223	1/2534	0.0	1.0	1.0		0		Molecular Function	0.0	0.0003946329913180742	-0.0	-0.0		2534	223	1	1196
GO:0030267	glyoxylate reductase (NADP+) activity	0/223	2/2534	0.0	1.0	1.0		0		Molecular Function	0.0	0.0007892659826361484	-0.0	-0.0		2534	223	2	1196
GO:0030527	structural constituent of chromatin	0/223	5/2534	0.0	1.0	1.0		0		Molecular Function	0.0	0.001973164956590371	-0.0	-0.0		2534	223	5	1196
GO:0030599	pectinesterase activity	0/223	1/2534	0.0	1.0	1.0		0		Molecular Function	0.0	0.0003946329913180742	-0.0	-0.0		2534	223	1	1196
GO:0030604	1-deoxy-D-xylulose-5-phosphate reductoisomerase activity	0/223	1/2534	0.0	1.0	1.0		0		Molecular Function	0.0	0.0003946329913180742	-0.0	-0.0		2534	223	1	1196
GO:0030697	tRNA (uracil(54)-C5)-methyltransferase activity, S-adenosyl methionine-dependent	0/223	1/2534	0.0	1.0	1.0		0		Molecular Function	0.0	0.0003946329913180742	-0.0	-0.0		2534	223	1	1196
GO:0030798	trans-aconitate 2-methyltransferase activity	0/223	1/2534	0.0	1.0	1.0		0		Molecular Function	0.0	0.0003946329913180742	-0.0	-0.0		2534	223	1	1196
GO:0030955	potassium ion binding	0/223	5/2534	0.0	1.0	1.0		0		Molecular Function	0.0	0.001973164956590371	-0.0	-0.0		2534	223	5	1196
GO:0030975	thiamine binding	0/223	1/2534	0.0	1.0	1.0		0		Molecular Function	0.0	0.0003946329913180742	-0.0	-0.0		2534	223	1	1196
GO:0030976	thiamine pyrophosphate binding	0/223	9/2534	0.0	1.0	1.0		0		Molecular Function	0.0	0.003551696921862668	-0.0	-0.0		2534	223	9	1196
GO:0030983	mismatched DNA binding	0/223	3/2534	0.0	1.0	1.0		0		Molecular Function	0.0	0.0011838989739542227	-0.0	-0.0		2534	223	3	1196
GO:0031072	heat shock protein binding	0/223	1/2534	0.0	1.0	1.0		0		Molecular Function	0.0	0.0003946329913180742	-0.0	-0.0		2534	223	1	1196
GO:0031177	phosphopantetheine binding	0/223	1/2534	0.0	1.0	1.0		0		Molecular Function	0.0	0.0003946329913180742	-0.0	-0.0		2534	223	1	1196
GO:0031402	sodium ion binding	0/223	1/2534	0.0	1.0	1.0		0		Molecular Function	0.0	0.0003946329913180742	-0.0	-0.0		2534	223	1	1196
GO:0031419	cobalamin binding	0/223	5/2534	0.0	1.0	1.0		0		Molecular Function	0.0	0.001973164956590371	-0.0	-0.0		2534	223	5	1196
GO:0031420	alkali metal ion binding	0/223	1/2534	0.0	1.0	1.0		0		Molecular Function	0.0	0.0003946329913180742	-0.0	-0.0		2534	223	1	1196
GO:0032135	DNA insertion or deletion binding	0/223	1/2534	0.0	1.0	1.0		0		Molecular Function	0.0	0.0003946329913180742	-0.0	-0.0		2534	223	1	1196
GO:0032977	membrane insertase activity	0/223	1/2534	0.0	1.0	1.0		0		Molecular Function	0.0	0.0003946329913180742	-0.0	-0.0		2534	223	1	1196
GO:0033232	ABC-type D-methionine transporter activity	0/223	1/2534	0.0	1.0	1.0		0		Molecular Function	0.0	0.0003946329913180742	-0.0	-0.0		2534	223	1	1196
GO:0033592	RNA strand annealing activity	0/223	1/2534	0.0	1.0	1.0		0		Molecular Function	0.0	0.0003946329913180742	-0.0	-0.0		2534	223	1	1196
GO:0033608	formyl-CoA transferase activity	0/223	1/2534	0.0	1.0	1.0		0		Molecular Function	0.0	0.0003946329913180742	-0.0	-0.0		2534	223	1	1196
GO:0033711	4-phosphoerythronate dehydrogenase activity	0/223	1/2534	0.0	1.0	1.0		0		Molecular Function	0.0	0.0003946329913180742	-0.0	-0.0		2534	223	1	1196
GO:0033739	preQ1 synthase activity	0/223	1/2534	0.0	1.0	1.0		0		Molecular Function	0.0	0.0003946329913180742	-0.0	-0.0		2534	223	1	1196
GO:0033785	heptose 7-phosphate kinase activity	0/223	1/2534	0.0	1.0	1.0		0		Molecular Function	0.0	0.0003946329913180742	-0.0	-0.0		2534	223	1	1196
GO:0033786	heptose-1-phosphate adenylyltransferase activity	0/223	1/2534	0.0	1.0	1.0		0		Molecular Function	0.0	0.0003946329913180742	-0.0	-0.0		2534	223	1	1196
GO:0033819	lipoyl(octanoyl) transferase activity	0/223	1/2534	0.0	1.0	1.0		0		Molecular Function	0.0	0.0003946329913180742	-0.0	-0.0		2534	223	1	1196
GO:0033856	pyridoxine 5'-phosphate synthase activity	0/223	1/2534	0.0	1.0	1.0		0		Molecular Function	0.0	0.0003946329913180742	-0.0	-0.0		2534	223	1	1196
GO:0033890	ribonuclease D activity	0/223	1/2534	0.0	1.0	1.0		0		Molecular Function	0.0	0.0003946329913180742	-0.0	-0.0		2534	223	1	1196
GO:0033897	ribonuclease T2 activity	0/223	1/2534	0.0	1.0	1.0		0		Molecular Function	0.0	0.0003946329913180742	-0.0	-0.0		2534	223	1	1196
GO:0033971	hydroxyisourate hydrolase activity	0/223	1/2534	0.0	1.0	1.0		0		Molecular Function	0.0	0.0003946329913180742	-0.0	-0.0		2534	223	1	1196
GO:0033982	3-dehydro-L-gulonate-6-phosphate decarboxylase activity	0/223	1/2534	0.0	1.0	1.0		0		Molecular Function	0.0	0.0003946329913180742	-0.0	-0.0		2534	223	1	1196
GO:0034015	L-ribulose-5-phosphate 3-epimerase activity	0/223	1/2534	0.0	1.0	1.0		0		Molecular Function	0.0	0.0003946329913180742	-0.0	-0.0		2534	223	1	1196
GO:0034023	5-(carboxyamino)imidazole ribonucleotide mutase activity	0/223	1/2534	0.0	1.0	1.0		0		Molecular Function	0.0	0.0003946329913180742	-0.0	-0.0		2534	223	1	1196
GO:0034028	5-(carboxyamino)imidazole ribonucleotide synthase activity	0/223	1/2534	0.0	1.0	1.0		0		Molecular Function	0.0	0.0003946329913180742	-0.0	-0.0		2534	223	1	1196
GO:0034040	ATPase-coupled lipid transmembrane transporter activity	0/223	1/2534	0.0	1.0	1.0		0		Molecular Function	0.0	0.0003946329913180742	-0.0	-0.0		2534	223	1	1196
GO:0034057	RNA strand-exchange activity	0/223	1/2534	0.0	1.0	1.0		0		Molecular Function	0.0	0.0003946329913180742	-0.0	-0.0		2534	223	1	1196
GO:0034228	ethanolamine transmembrane transporter activity	0/223	1/2534	0.0	1.0	1.0		0		Molecular Function	0.0	0.0003946329913180742	-0.0	-0.0		2534	223	1	1196
GO:0034257	nicotinamide riboside transmembrane transporter activity	0/223	1/2534	0.0	1.0	1.0		0		Molecular Function	0.0	0.0003946329913180742	-0.0	-0.0		2534	223	1	1196
GO:0034335	DNA negative supercoiling activity	0/223	1/2534	0.0	1.0	1.0		0		Molecular Function	0.0	0.0003946329913180742	-0.0	-0.0		2534	223	1	1196
GO:0034458	3'-5' RNA helicase activity	0/223	1/2534	0.0	1.0	1.0		0		Molecular Function	0.0	0.0003946329913180742	-0.0	-0.0		2534	223	1	1196
GO:0034618	arginine binding	0/223	1/2534	0.0	1.0	1.0		0		Molecular Function	0.0	0.0003946329913180742	-0.0	-0.0		2534	223	1	1196
GO:0034979	NAD-dependent protein deacetylase activity	0/223	1/2534	0.0	1.0	1.0		0		Molecular Function	0.0	0.0003946329913180742	-0.0	-0.0		2534	223	1	1196
GO:0035438	cyclic-di-GMP binding	0/223	2/2534	0.0	1.0	1.0		0		Molecular Function	0.0	0.0007892659826361484	-0.0	-0.0		2534	223	2	1196
GO:0035460	L-ascorbate 6-phosphate lactonase activity	0/223	1/2534	0.0	1.0	1.0		0		Molecular Function	0.0	0.0003946329913180742	-0.0	-0.0		2534	223	1	1196
GO:0035596	methylthiotransferase activity	0/223	2/2534	0.0	1.0	1.0		0		Molecular Function	0.0	0.0007892659826361484	-0.0	-0.0		2534	223	2	1196
GO:0036054	protein-malonyllysine demalonylase activity	0/223	1/2534	0.0	1.0	1.0		0		Molecular Function	0.0	0.0003946329913180742	-0.0	-0.0		2534	223	1	1196
GO:0036055	protein-succinyllysine desuccinylase activity	0/223	1/2534	0.0	1.0	1.0		0		Molecular Function	0.0	0.0003946329913180742	-0.0	-0.0		2534	223	1	1196
GO:0036218	dTTP diphosphatase activity	0/223	1/2534	0.0	1.0	1.0		0		Molecular Function	0.0	0.0003946329913180742	-0.0	-0.0		2534	223	1	1196
GO:0036307	23S rRNA (adenine(2030)-N(6))-methyltransferase activity	0/223	1/2534	0.0	1.0	1.0		0		Molecular Function	0.0	0.0003946329913180742	-0.0	-0.0		2534	223	1	1196
GO:0036311	chitin disaccharide deacetylase activity	0/223	1/2534	0.0	1.0	1.0		0		Molecular Function	0.0	0.0003946329913180742	-0.0	-0.0		2534	223	1	1196
GO:0036374	glutathione hydrolase activity	0/223	1/2534	0.0	1.0	1.0		0		Molecular Function	0.0	0.0003946329913180742	-0.0	-0.0		2534	223	1	1196
GO:0036380	UDP-N-acetylglucosamine-undecaprenyl-phosphate N-acetylglucosaminephosphotransferase activity	0/223	1/2534	0.0	1.0	1.0		0		Molecular Function	0.0	0.0003946329913180742	-0.0	-0.0		2534	223	1	1196
GO:0036402	proteasome-activating activity	0/223	1/2534	0.0	1.0	1.0		0		Molecular Function	0.0	0.0003946329913180742	-0.0	-0.0		2534	223	1	1196
GO:0036424	L-phosphoserine phosphatase activity	0/223	1/2534	0.0	1.0	1.0		0		Molecular Function	0.0	0.0003946329913180742	-0.0	-0.0		2534	223	1	1196
GO:0038023	signaling receptor activity	0/223	5/2534	0.0	1.0	1.0		0		Molecular Function	0.0	0.001973164956590371	-0.0	-0.0		2534	223	5	1196
GO:0042132	fructose 1,6-bisphosphate 1-phosphatase activity	0/223	3/2534	0.0	1.0	1.0		0		Molecular Function	0.0	0.0011838989739542227	-0.0	-0.0		2534	223	3	1196
GO:0042277	peptide binding	0/223	1/2534	0.0	1.0	1.0		0		Molecular Function	0.0	0.0003946329913180742	-0.0	-0.0		2534	223	1	1196
GO:0042279	nitrite reductase (cytochrome, ammonia-forming) activity	0/223	1/2534	0.0	1.0	1.0		0		Molecular Function	0.0	0.0003946329913180742	-0.0	-0.0		2534	223	1	1196
GO:0042286	glutamate-1-semialdehyde 2,1-aminomutase activity	0/223	1/2534	0.0	1.0	1.0		0		Molecular Function	0.0	0.0003946329913180742	-0.0	-0.0		2534	223	1	1196
GO:0042301	phosphate ion binding	0/223	1/2534	0.0	1.0	1.0		0		Molecular Function	0.0	0.0003946329913180742	-0.0	-0.0		2534	223	1	1196
GO:0042578	phosphoric ester hydrolase activity	0/223	1/2534	0.0	1.0	1.0		0		Molecular Function	0.0	0.0003946329913180742	-0.0	-0.0		2534	223	1	1196
GO:0042586	peptide deformylase activity	0/223	1/2534	0.0	1.0	1.0		0		Molecular Function	0.0	0.0003946329913180742	-0.0	-0.0		2534	223	1	1196
GO:0042626	ATPase-coupled transmembrane transporter activity	0/223	2/2534	0.0	1.0	1.0		0		Molecular Function	0.0	0.0007892659826361484	-0.0	-0.0		2534	223	2	1196
GO:0042803	protein homodimerization activity	0/223	4/2534	0.0	1.0	1.0		0		Molecular Function	0.0	0.0015785319652722968	-0.0	-0.0		2534	223	4	1196
GO:0042806	fucose binding	0/223	1/2534	0.0	1.0	1.0		0		Molecular Function	0.0	0.0003946329913180742	-0.0	-0.0		2534	223	1	1196
GO:0042834	peptidoglycan binding	0/223	6/2534	0.0	1.0	1.0		0		Molecular Function	0.0	0.0023677979479084454	-0.0	-0.0		2534	223	6	1196
GO:0042931	enterobactin transmembrane transporter activity	0/223	1/2534	0.0	1.0	1.0		0		Molecular Function	0.0	0.0003946329913180742	-0.0	-0.0		2534	223	1	1196
GO:0042937	tripeptide transmembrane transporter activity	0/223	2/2534	0.0	1.0	1.0		0		Molecular Function	0.0	0.0007892659826361484	-0.0	-0.0		2534	223	2	1196
GO:0042958	maltodextrin transmembrane transporter activity	0/223	1/2534	0.0	1.0	1.0		0		Molecular Function	0.0	0.0003946329913180742	-0.0	-0.0		2534	223	1	1196
GO:0043022	ribosome binding	0/223	10/2534	0.0	1.0	1.0		0		Molecular Function	0.0	0.003946329913180742	-0.0	-0.0		2534	223	10	1196
GO:0043023	ribosomal large subunit binding	0/223	2/2534	0.0	1.0	1.0		0		Molecular Function	0.0	0.0007892659826361484	-0.0	-0.0		2534	223	2	1196
GO:0043115	precorrin-2 dehydrogenase activity	0/223	1/2534	0.0	1.0	1.0		0		Molecular Function	0.0	0.0003946329913180742	-0.0	-0.0		2534	223	1	1196
GO:0043169	cation binding	0/223	12/2534	0.0	1.0	1.0		0		Molecular Function	0.0	0.004735595895816891	-0.0	-0.0		2534	223	12	1196
GO:0043175	RNA polymerase core enzyme binding	0/223	1/2534	0.0	1.0	1.0		0		Molecular Function	0.0	0.0003946329913180742	-0.0	-0.0		2534	223	1	1196
GO:0043211	ABC-type carbohydrate transporter activity	0/223	1/2534	0.0	1.0	1.0		0		Molecular Function	0.0	0.0003946329913180742	-0.0	-0.0		2534	223	1	1196
GO:0043365	[formate-C-acetyltransferase]-activating enzyme activity	0/223	2/2534	0.0	1.0	1.0		0		Molecular Function	0.0	0.0007892659826361484	-0.0	-0.0		2534	223	2	1196
GO:0043531	ADP binding	0/223	1/2534	0.0	1.0	1.0		0		Molecular Function	0.0	0.0003946329913180742	-0.0	-0.0		2534	223	1	1196
GO:0043737	deoxyribonuclease V activity	0/223	1/2534	0.0	1.0	1.0		0		Molecular Function	0.0	0.0003946329913180742	-0.0	-0.0		2534	223	1	1196
GO:0043743	LPPG:FO 2-phospho-L-lactate transferase activity	0/223	1/2534	0.0	1.0	1.0		0		Molecular Function	0.0	0.0003946329913180742	-0.0	-0.0		2534	223	1	1196
GO:0043755	alpha-ribazole phosphatase activity	0/223	1/2534	0.0	1.0	1.0		0		Molecular Function	0.0	0.0003946329913180742	-0.0	-0.0		2534	223	1	1196
GO:0043768	S-ribosylhomocysteine lyase activity	0/223	1/2534	0.0	1.0	1.0		0		Molecular Function	0.0	0.0003946329913180742	-0.0	-0.0		2534	223	1	1196
GO:0043772	acyl-phosphate glycerol-3-phosphate acyltransferase activity	0/223	1/2534	0.0	1.0	1.0		0		Molecular Function	0.0	0.0003946329913180742	-0.0	-0.0		2534	223	1	1196
GO:0043815	phosphoribosylglycinamide formyltransferase 2 activity	0/223	1/2534	0.0	1.0	1.0		0		Molecular Function	0.0	0.0003946329913180742	-0.0	-0.0		2534	223	1	1196
GO:0043824	succinylglutamate-semialdehyde dehydrogenase activity	0/223	1/2534	0.0	1.0	1.0		0		Molecular Function	0.0	0.0003946329913180742	-0.0	-0.0		2534	223	1	1196
GO:0043825	succinylornithine transaminase activity	0/223	1/2534	0.0	1.0	1.0		0		Molecular Function	0.0	0.0003946329913180742	-0.0	-0.0		2534	223	1	1196
GO:0043828	tRNA 2-selenouridine synthase activity	0/223	1/2534	0.0	1.0	1.0		0		Molecular Function	0.0	0.0003946329913180742	-0.0	-0.0		2534	223	1	1196
GO:0043856	anti-sigma factor antagonist activity	0/223	1/2534	0.0	1.0	1.0		0		Molecular Function	0.0	0.0003946329913180742	-0.0	-0.0		2534	223	1	1196
GO:0043879	glycolate transmembrane transporter activity	0/223	1/2534	0.0	1.0	1.0		0		Molecular Function	0.0	0.0003946329913180742	-0.0	-0.0		2534	223	1	1196
GO:0043908	Ser(Gly)-tRNA(Ala) hydrolase activity	0/223	1/2534	0.0	1.0	1.0		0		Molecular Function	0.0	0.0003946329913180742	-0.0	-0.0		2534	223	1	1196
GO:0044318	L-aspartate:fumarate oxidoreductase activity	0/223	1/2534	0.0	1.0	1.0		0		Molecular Function	0.0	0.0003946329913180742	-0.0	-0.0		2534	223	1	1196
GO:0044547	DNA topoisomerase binding	0/223	1/2534	0.0	1.0	1.0		0		Molecular Function	0.0	0.0003946329913180742	-0.0	-0.0		2534	223	1	1196
GO:0044877	protein-containing complex binding	0/223	1/2534	0.0	1.0	1.0		0		Molecular Function	0.0	0.0003946329913180742	-0.0	-0.0		2534	223	1	1196
GO:0045127	N-acetylglucosamine kinase activity	0/223	1/2534	0.0	1.0	1.0		0		Molecular Function	0.0	0.0003946329913180742	-0.0	-0.0		2534	223	1	1196
GO:0045148	tripeptide aminopeptidase activity	0/223	1/2534	0.0	1.0	1.0		0		Molecular Function	0.0	0.0003946329913180742	-0.0	-0.0		2534	223	1	1196
GO:0045330	aspartyl esterase activity	0/223	1/2534	0.0	1.0	1.0		0		Molecular Function	0.0	0.0003946329913180742	-0.0	-0.0		2534	223	1	1196
GO:0046316	gluconokinase activity	0/223	1/2534	0.0	1.0	1.0		0		Molecular Function	0.0	0.0003946329913180742	-0.0	-0.0		2534	223	1	1196
GO:0046428	1,4-dihydroxy-2-naphthoate octaprenyltransferase activity	0/223	1/2534	0.0	1.0	1.0		0		Molecular Function	0.0	0.0003946329913180742	-0.0	-0.0		2534	223	1	1196
GO:0046429	4-hydroxy-3-methylbut-2-en-1-yl diphosphate synthase activity	0/223	1/2534	0.0	1.0	1.0		0		Molecular Function	0.0	0.0003946329913180742	-0.0	-0.0		2534	223	1	1196
GO:0046537	2,3-bisphosphoglycerate-independent phosphoglycerate mutase activity	0/223	1/2534	0.0	1.0	1.0		0		Molecular Function	0.0	0.0003946329913180742	-0.0	-0.0		2534	223	1	1196
GO:0046538	2,3-bisphosphoglycerate-dependent phosphoglycerate mutase activity	0/223	1/2534	0.0	1.0	1.0		0		Molecular Function	0.0	0.0003946329913180742	-0.0	-0.0		2534	223	1	1196
GO:0046873	metal ion transmembrane transporter activity	0/223	4/2534	0.0	1.0	1.0		0		Molecular Function	0.0	0.0015785319652722968	-0.0	-0.0		2534	223	4	1196
GO:0046917	triphosphoribosyl-dephospho-CoA synthase activity	0/223	1/2534	0.0	1.0	1.0		0		Molecular Function	0.0	0.0003946329913180742	-0.0	-0.0		2534	223	1	1196
GO:0046933	proton-transporting ATP synthase activity, rotational mechanism	0/223	8/2534	0.0	1.0	1.0		0		Molecular Function	0.0	0.0031570639305445935	-0.0	-0.0		2534	223	8	1196
GO:0047134	protein-disulfide reductase (NAD(P)) activity	0/223	1/2534	0.0	1.0	1.0		0		Molecular Function	0.0	0.0003946329913180742	-0.0	-0.0		2534	223	1	1196
GO:0047241	lipopolysaccharide N-acetylmannosaminouronosyltransferase activity	0/223	1/2534	0.0	1.0	1.0		0		Molecular Function	0.0	0.0003946329913180742	-0.0	-0.0		2534	223	1	1196
GO:0047324	phosphoenolpyruvate-glycerone phosphotransferase activity	0/223	1/2534	0.0	1.0	1.0		0		Molecular Function	0.0	0.0003946329913180742	-0.0	-0.0		2534	223	1	1196
GO:0047429	nucleoside triphosphate diphosphatase activity	0/223	3/2534	0.0	1.0	1.0		0		Molecular Function	0.0	0.0011838989739542227	-0.0	-0.0		2534	223	3	1196
GO:0047456	2-methylisocitrate dehydratase activity	0/223	1/2534	0.0	1.0	1.0		0		Molecular Function	0.0	0.0003946329913180742	-0.0	-0.0		2534	223	1	1196
GO:0047475	phenylacetate-CoA ligase activity	0/223	1/2534	0.0	1.0	1.0		0		Molecular Function	0.0	0.0003946329913180742	-0.0	-0.0		2534	223	1	1196
GO:0047480	UDP-N-acetylmuramoyl-tripeptide-D-alanyl-D-alanine ligase activity	0/223	1/2534	0.0	1.0	1.0		0		Molecular Function	0.0	0.0003946329913180742	-0.0	-0.0		2534	223	1	1196
GO:0047545	2-hydroxyglutarate dehydrogenase activity	0/223	1/2534	0.0	1.0	1.0		0		Molecular Function	0.0	0.0003946329913180742	-0.0	-0.0		2534	223	1	1196
GO:0047617	fatty acyl-CoA hydrolase activity	0/223	1/2534	0.0	1.0	1.0		0		Molecular Function	0.0	0.0003946329913180742	-0.0	-0.0		2534	223	1	1196
GO:0047652	allantoate deiminase activity	0/223	1/2534	0.0	1.0	1.0		0		Molecular Function	0.0	0.0003946329913180742	-0.0	-0.0		2534	223	1	1196
GO:0047661	amino-acid racemase activity	0/223	1/2534	0.0	1.0	1.0		0		Molecular Function	0.0	0.0003946329913180742	-0.0	-0.0		2534	223	1	1196
GO:0047693	ATP diphosphatase activity	0/223	1/2534	0.0	1.0	1.0		0		Molecular Function	0.0	0.0003946329913180742	-0.0	-0.0		2534	223	1	1196
GO:0047840	dCTP diphosphatase activity	0/223	1/2534	0.0	1.0	1.0		0		Molecular Function	0.0	0.0003946329913180742	-0.0	-0.0		2534	223	1	1196
GO:0047938	glucose-6-phosphate 1-epimerase activity	0/223	1/2534	0.0	1.0	1.0		0		Molecular Function	0.0	0.0003946329913180742	-0.0	-0.0		2534	223	1	1196
GO:0048001	erythrose-4-phosphate dehydrogenase activity	0/223	1/2534	0.0	1.0	1.0		0		Molecular Function	0.0	0.0003946329913180742	-0.0	-0.0		2534	223	1	1196
GO:0048027	mRNA 5'-UTR binding	0/223	1/2534	0.0	1.0	1.0		0		Molecular Function	0.0	0.0003946329913180742	-0.0	-0.0		2534	223	1	1196
GO:0048039	ubiquinone binding	0/223	1/2534	0.0	1.0	1.0		0		Molecular Function	0.0	0.0003946329913180742	-0.0	-0.0		2534	223	1	1196
GO:0050032	L-rhamnonate dehydratase activity	0/223	1/2534	0.0	1.0	1.0		0		Molecular Function	0.0	0.0003946329913180742	-0.0	-0.0		2534	223	1	1196
GO:0050131	N-methyl-L-amino-acid oxidase activity	0/223	1/2534	0.0	1.0	1.0		0		Molecular Function	0.0	0.0003946329913180742	-0.0	-0.0		2534	223	1	1196
GO:0050145	nucleoside monophosphate kinase activity	0/223	2/2534	0.0	1.0	1.0		0		Molecular Function	0.0	0.0007892659826361484	-0.0	-0.0		2534	223	2	1196
GO:0050262	ribosylnicotinamide kinase activity	0/223	1/2534	0.0	1.0	1.0		0		Molecular Function	0.0	0.0003946329913180742	-0.0	-0.0		2534	223	1	1196
GO:0050355	inorganic triphosphate phosphatase activity	0/223	1/2534	0.0	1.0	1.0		0		Molecular Function	0.0	0.0003946329913180742	-0.0	-0.0		2534	223	1	1196
GO:0050380	undecaprenyl-diphosphatase activity	0/223	3/2534	0.0	1.0	1.0		0		Molecular Function	0.0	0.0011838989739542227	-0.0	-0.0		2534	223	3	1196
GO:0050385	ureidoglycolate lyase activity	0/223	1/2534	0.0	1.0	1.0		0		Molecular Function	0.0	0.0003946329913180742	-0.0	-0.0		2534	223	1	1196
GO:0050401	xylonate dehydratase activity	0/223	1/2534	0.0	1.0	1.0		0		Molecular Function	0.0	0.0003946329913180742	-0.0	-0.0		2534	223	1	1196
GO:0050418	hydroxylamine reductase activity	0/223	1/2534	0.0	1.0	1.0		0		Molecular Function	0.0	0.0003946329913180742	-0.0	-0.0		2534	223	1	1196
GO:0050498	oxidoreductase activity, acting on paired donors, with incorporation or reduction of molecular oxygen, with 2-oxoglutarate as one donor, and the other dehydrogenated	0/223	1/2534	0.0	1.0	1.0		0		Molecular Function	0.0	0.0003946329913180742	-0.0	-0.0		2534	223	1	1196
GO:0050511	undecaprenyldiphospho-muramoylpentapeptide beta-N-acetylglucosaminyltransferase activity	0/223	1/2534	0.0	1.0	1.0		0		Molecular Function	0.0	0.0003946329913180742	-0.0	-0.0		2534	223	1	1196
GO:0050518	2-C-methyl-D-erythritol 4-phosphate cytidylyltransferase activity	0/223	1/2534	0.0	1.0	1.0		0		Molecular Function	0.0	0.0003946329913180742	-0.0	-0.0		2534	223	1	1196
GO:0050519	holo-citrate lyase synthase activity	0/223	1/2534	0.0	1.0	1.0		0		Molecular Function	0.0	0.0003946329913180742	-0.0	-0.0		2534	223	1	1196
GO:0050531	mannosyl-3-phosphoglycerate phosphatase activity	0/223	1/2534	0.0	1.0	1.0		0		Molecular Function	0.0	0.0003946329913180742	-0.0	-0.0		2534	223	1	1196
GO:0050568	protein-glutamine glutaminase activity	0/223	1/2534	0.0	1.0	1.0		0		Molecular Function	0.0	0.0003946329913180742	-0.0	-0.0		2534	223	1	1196
GO:0050570	4-hydroxythreonine-4-phosphate dehydrogenase activity	0/223	1/2534	0.0	1.0	1.0		0		Molecular Function	0.0	0.0003946329913180742	-0.0	-0.0		2534	223	1	1196
GO:0050580	2,5-didehydrogluconate reductase activity	0/223	1/2534	0.0	1.0	1.0		0		Molecular Function	0.0	0.0003946329913180742	-0.0	-0.0		2534	223	1	1196
GO:0050626	trimethylamine-N-oxide reductase (cytochrome c) activity	0/223	1/2534	0.0	1.0	1.0		0		Molecular Function	0.0	0.0003946329913180742	-0.0	-0.0		2534	223	1	1196
GO:0050897	cobalt ion binding	0/223	3/2534	0.0	1.0	1.0		0		Molecular Function	0.0	0.0011838989739542227	-0.0	-0.0		2534	223	3	1196
GO:0051073	adenosylcobinamide-GDP ribazoletransferase activity	0/223	1/2534	0.0	1.0	1.0		0		Molecular Function	0.0	0.0003946329913180742	-0.0	-0.0		2534	223	1	1196
GO:0051213	dioxygenase activity	0/223	5/2534	0.0	1.0	1.0		0		Molecular Function	0.0	0.001973164956590371	-0.0	-0.0		2534	223	5	1196
GO:0051266	sirohydrochlorin ferrochelatase activity	0/223	1/2534	0.0	1.0	1.0		0		Molecular Function	0.0	0.0003946329913180742	-0.0	-0.0		2534	223	1	1196
GO:0051392	tRNA N-acetyltransferase activity	0/223	1/2534	0.0	1.0	1.0		0		Molecular Function	0.0	0.0003946329913180742	-0.0	-0.0		2534	223	1	1196
GO:0051499	D-aminoacyl-tRNA deacylase activity	0/223	1/2534	0.0	1.0	1.0		0		Molecular Function	0.0	0.0003946329913180742	-0.0	-0.0		2534	223	1	1196
GO:0051538	3 iron, 4 sulfur cluster binding	0/223	3/2534	0.0	1.0	1.0		0		Molecular Function	0.0	0.0011838989739542227	-0.0	-0.0		2534	223	3	1196
GO:0051745	4-hydroxy-3-methylbut-2-en-1-yl diphosphate reductase activity	0/223	1/2534	0.0	1.0	1.0		0		Molecular Function	0.0	0.0003946329913180742	-0.0	-0.0		2534	223	1	1196
GO:0051903	S-(hydroxymethyl)glutathione dehydrogenase activity	0/223	1/2534	0.0	1.0	1.0		0		Molecular Function	0.0	0.0003946329913180742	-0.0	-0.0		2534	223	1	1196
GO:0051908	double-stranded DNA 5'-3' DNA exonuclease activity	0/223	1/2534	0.0	1.0	1.0		0		Molecular Function	0.0	0.0003946329913180742	-0.0	-0.0		2534	223	1	1196
GO:0051978	lysophospholipid:sodium symporter activity	0/223	1/2534	0.0	1.0	1.0		0		Molecular Function	0.0	0.0003946329913180742	-0.0	-0.0		2534	223	1	1196
GO:0051989	coproporphyrinogen dehydrogenase activity	0/223	1/2534	0.0	1.0	1.0		0		Molecular Function	0.0	0.0003946329913180742	-0.0	-0.0		2534	223	1	1196
GO:0052381	tRNA dimethylallyltransferase activity	0/223	1/2534	0.0	1.0	1.0		0		Molecular Function	0.0	0.0003946329913180742	-0.0	-0.0		2534	223	1	1196
GO:0052693	epoxyqueuosine reductase activity	0/223	1/2534	0.0	1.0	1.0		0		Molecular Function	0.0	0.0003946329913180742	-0.0	-0.0		2534	223	1	1196
GO:0052717	tRNA-specific adenosine-34 deaminase activity	0/223	1/2534	0.0	1.0	1.0		0		Molecular Function	0.0	0.0003946329913180742	-0.0	-0.0		2534	223	1	1196
GO:0052733	quinate 3-dehydrogenase (NADP+) activity	0/223	1/2534	0.0	1.0	1.0		0		Molecular Function	0.0	0.0003946329913180742	-0.0	-0.0		2534	223	1	1196
GO:0052734	shikimate 3-dehydrogenase (NAD+) activity	0/223	1/2534	0.0	1.0	1.0		0		Molecular Function	0.0	0.0003946329913180742	-0.0	-0.0		2534	223	1	1196
GO:0052737	pyruvate dehydrogenase (quinone) activity	0/223	1/2534	0.0	1.0	1.0		0		Molecular Function	0.0	0.0003946329913180742	-0.0	-0.0		2534	223	1	1196
GO:0052906	tRNA (guanine(37)-N1)-methyltransferase activity	0/223	1/2534	0.0	1.0	1.0		0		Molecular Function	0.0	0.0003946329913180742	-0.0	-0.0		2534	223	1	1196
GO:0052915	23S rRNA (guanine(2445)-N(2))-methyltransferase activity	0/223	1/2534	0.0	1.0	1.0		0		Molecular Function	0.0	0.0003946329913180742	-0.0	-0.0		2534	223	1	1196
GO:0060241	lysozyme inhibitor activity	0/223	1/2534	0.0	1.0	1.0		0		Molecular Function	0.0	0.0003946329913180742	-0.0	-0.0		2534	223	1	1196
GO:0060589	nucleoside-triphosphatase regulator activity	0/223	1/2534	0.0	1.0	1.0		0		Molecular Function	0.0	0.0003946329913180742	-0.0	-0.0		2534	223	1	1196
GO:0060590	ATPase regulator activity	0/223	1/2534	0.0	1.0	1.0		0		Molecular Function	0.0	0.0003946329913180742	-0.0	-0.0		2534	223	1	1196
GO:0061459	L-arginine transmembrane transporter activity	0/223	1/2534	0.0	1.0	1.0		0		Molecular Function	0.0	0.0003946329913180742	-0.0	-0.0		2534	223	1	1196
GO:0061473	murein tripeptide carboxypeptidase activity	0/223	1/2534	0.0	1.0	1.0		0		Molecular Function	0.0	0.0003946329913180742	-0.0	-0.0		2534	223	1	1196
GO:0061522	1,4-dihydroxy-2-naphthoyl-CoA thioesterase activity	0/223	1/2534	0.0	1.0	1.0		0		Molecular Function	0.0	0.0003946329913180742	-0.0	-0.0		2534	223	1	1196
GO:0061542	3-demethylubiquinol-n 3-O-methyltransferase activity	0/223	1/2534	0.0	1.0	1.0		0		Molecular Function	0.0	0.0003946329913180742	-0.0	-0.0		2534	223	1	1196
GO:0061593	sulfoquinovose isomerase activity	0/223	1/2534	0.0	1.0	1.0		0		Molecular Function	0.0	0.0003946329913180742	-0.0	-0.0		2534	223	1	1196
GO:0061594	6-deoxy-6-sulfofructose kinase activity	0/223	1/2534	0.0	1.0	1.0		0		Molecular Function	0.0	0.0003946329913180742	-0.0	-0.0		2534	223	1	1196
GO:0061595	6-deoxy-6-sulfofructose-1-phosphate aldolase activity	0/223	1/2534	0.0	1.0	1.0		0		Molecular Function	0.0	0.0003946329913180742	-0.0	-0.0		2534	223	1	1196
GO:0061599	molybdopterin molybdotransferase activity	0/223	1/2534	0.0	1.0	1.0		0		Molecular Function	0.0	0.0003946329913180742	-0.0	-0.0		2534	223	1	1196
GO:0061677	2-dehydro-3-deoxy-D-gluconate aldolase activity	0/223	1/2534	0.0	1.0	1.0		0		Molecular Function	0.0	0.0003946329913180742	-0.0	-0.0		2534	223	1	1196
GO:0061710	L-threonylcarbamoyladenylate synthase	0/223	1/2534	0.0	1.0	1.0		0		Molecular Function	0.0	0.0003946329913180742	-0.0	-0.0		2534	223	1	1196
GO:0061798	GTP 3',8'-cyclase activity	0/223	1/2534	0.0	1.0	1.0		0		Molecular Function	0.0	0.0003946329913180742	-0.0	-0.0		2534	223	1	1196
GO:0061799	cyclic pyranopterin monophosphate synthase activity	0/223	1/2534	0.0	1.0	1.0		0		Molecular Function	0.0	0.0003946329913180742	-0.0	-0.0		2534	223	1	1196
GO:0062193	D-ribose pyranase activity	0/223	1/2534	0.0	1.0	1.0		0		Molecular Function	0.0	0.0003946329913180742	-0.0	-0.0		2534	223	1	1196
GO:0070011	peptidase activity	0/223	1/2534	0.0	1.0	1.0		0		Molecular Function	0.0	0.0003946329913180742	-0.0	-0.0		2534	223	1	1196
GO:0070038	rRNA (pseudouridine-N3-)-methyltransferase activity	0/223	1/2534	0.0	1.0	1.0		0		Molecular Function	0.0	0.0003946329913180742	-0.0	-0.0		2534	223	1	1196
GO:0070039	rRNA (guanosine-2'-O-)-methyltransferase activity	0/223	1/2534	0.0	1.0	1.0		0		Molecular Function	0.0	0.0003946329913180742	-0.0	-0.0		2534	223	1	1196
GO:0070040	rRNA (adenine(2503)-C2-)-methyltransferase activity	0/223	1/2534	0.0	1.0	1.0		0		Molecular Function	0.0	0.0003946329913180742	-0.0	-0.0		2534	223	1	1196
GO:0070041	rRNA (uridine-C5-)-methyltransferase activity	0/223	2/2534	0.0	1.0	1.0		0		Molecular Function	0.0	0.0007892659826361484	-0.0	-0.0		2534	223	2	1196
GO:0070043	rRNA (guanine-N7-)-methyltransferase activity	0/223	2/2534	0.0	1.0	1.0		0		Molecular Function	0.0	0.0007892659826361484	-0.0	-0.0		2534	223	2	1196
GO:0070180	large ribosomal subunit rRNA binding	0/223	2/2534	0.0	1.0	1.0		0		Molecular Function	0.0	0.0007892659826361484	-0.0	-0.0		2534	223	2	1196
GO:0070181	small ribosomal subunit rRNA binding	0/223	1/2534	0.0	1.0	1.0		0		Molecular Function	0.0	0.0003946329913180742	-0.0	-0.0		2534	223	1	1196
GO:0070204	2-succinyl-5-enolpyruvyl-6-hydroxy-3-cyclohexene-1-carboxylic-acid synthase activity	0/223	1/2534	0.0	1.0	1.0		0		Molecular Function	0.0	0.0003946329913180742	-0.0	-0.0		2534	223	1	1196
GO:0070205	2-succinyl-6-hydroxy-2,4-cyclohexadiene-1-carboxylate synthase activity	0/223	1/2534	0.0	1.0	1.0		0		Molecular Function	0.0	0.0003946329913180742	-0.0	-0.0		2534	223	1	1196
GO:0070402	NADPH binding	0/223	1/2534	0.0	1.0	1.0		0		Molecular Function	0.0	0.0003946329913180742	-0.0	-0.0		2534	223	1	1196
GO:0070403	NAD+ binding	0/223	3/2534	0.0	1.0	1.0		0		Molecular Function	0.0	0.0011838989739542227	-0.0	-0.0		2534	223	3	1196
GO:0070568	guanylyltransferase activity	0/223	1/2534	0.0	1.0	1.0		0		Molecular Function	0.0	0.0003946329913180742	-0.0	-0.0		2534	223	1	1196
GO:0070677	rRNA (cytosine-2'-O-)-methyltransferase activity	0/223	1/2534	0.0	1.0	1.0		0		Molecular Function	0.0	0.0003946329913180742	-0.0	-0.0		2534	223	1	1196
GO:0070678	preprotein binding	0/223	1/2534	0.0	1.0	1.0		0		Molecular Function	0.0	0.0003946329913180742	-0.0	-0.0		2534	223	1	1196
GO:0070819	menaquinone-dependent protoporphyrinogen oxidase activity	0/223	1/2534	0.0	1.0	1.0		0		Molecular Function	0.0	0.0003946329913180742	-0.0	-0.0		2534	223	1	1196
GO:0071111	cyclic-guanylate-specific phosphodiesterase activity	0/223	2/2534	0.0	1.0	1.0		0		Molecular Function	0.0	0.0007892659826361484	-0.0	-0.0		2534	223	2	1196
GO:0071424	rRNA (cytosine-N4-)-methyltransferase activity	0/223	1/2534	0.0	1.0	1.0		0		Molecular Function	0.0	0.0003946329913180742	-0.0	-0.0		2534	223	1	1196
GO:0071522	ureidoglycine aminohydrolase activity	0/223	1/2534	0.0	1.0	1.0		0		Molecular Function	0.0	0.0003946329913180742	-0.0	-0.0		2534	223	1	1196
GO:0071667	DNA/RNA hybrid binding	0/223	1/2534	0.0	1.0	1.0		0		Molecular Function	0.0	0.0003946329913180742	-0.0	-0.0		2534	223	1	1196
GO:0071916	dipeptide transmembrane transporter activity	0/223	3/2534	0.0	1.0	1.0		0		Molecular Function	0.0	0.0011838989739542227	-0.0	-0.0		2534	223	3	1196
GO:0071972	peptidoglycan L,D-transpeptidase activity	0/223	5/2534	0.0	1.0	1.0		0		Molecular Function	0.0	0.001973164956590371	-0.0	-0.0		2534	223	5	1196
GO:0080146	L-cysteine desulfhydrase activity	0/223	1/2534	0.0	1.0	1.0		0		Molecular Function	0.0	0.0003946329913180742	-0.0	-0.0		2534	223	1	1196
GO:0089714	UDP-N-acetyl-D-mannosamine dehydrogenase activity	0/223	1/2534	0.0	1.0	1.0		0		Molecular Function	0.0	0.0003946329913180742	-0.0	-0.0		2534	223	1	1196
GO:0090482	vitamin transmembrane transporter activity	0/223	1/2534	0.0	1.0	1.0		0		Molecular Function	0.0	0.0003946329913180742	-0.0	-0.0		2534	223	1	1196
GO:0090483	phosphatidylglycerol-phosphatidylethanolamine phosphatidyltransferase activity	0/223	1/2534	0.0	1.0	1.0		0		Molecular Function	0.0	0.0003946329913180742	-0.0	-0.0		2534	223	1	1196
GO:0097163	sulfur carrier activity	0/223	3/2534	0.0	1.0	1.0		0		Molecular Function	0.0	0.0011838989739542227	-0.0	-0.0		2534	223	3	1196
GO:0097351	toxin sequestering activity	0/223	1/2534	0.0	1.0	1.0		0		Molecular Function	0.0	0.0003946329913180742	-0.0	-0.0		2534	223	1	1196
GO:0098772	molecular function regulator activity	0/223	5/2534	0.0	1.0	1.0		0		Molecular Function	0.0	0.001973164956590371	-0.0	-0.0		2534	223	5	1196
GO:0101006	protein histidine phosphatase activity	0/223	1/2534	0.0	1.0	1.0		0		Molecular Function	0.0	0.0003946329913180742	-0.0	-0.0		2534	223	1	1196
GO:0103045	methione N-acyltransferase activity	0/223	1/2534	0.0	1.0	1.0		0		Molecular Function	0.0	0.0003946329913180742	-0.0	-0.0		2534	223	1	1196
GO:0106026	Gly-tRNA(Ala) hydrolase activity	0/223	1/2534	0.0	1.0	1.0		0		Molecular Function	0.0	0.0003946329913180742	-0.0	-0.0		2534	223	1	1196
GO:0106366	guanosine kinase activity	0/223	1/2534	0.0	1.0	1.0		0		Molecular Function	0.0	0.0003946329913180742	-0.0	-0.0		2534	223	1	1196
GO:0120159	rRNA pseudouridine synthase activity	0/223	5/2534	0.0	1.0	1.0		0		Molecular Function	0.0	0.001973164956590371	-0.0	-0.0		2534	223	5	1196
GO:0140078	class I DNA-(apurinic or apyrimidinic site) endonuclease activity	0/223	1/2534	0.0	1.0	1.0		0		Molecular Function	0.0	0.0003946329913180742	-0.0	-0.0		2534	223	1	1196
GO:0140097	catalytic activity, acting on DNA	0/223	2/2534	0.0	1.0	1.0		0		Molecular Function	0.0	0.0007892659826361484	-0.0	-0.0		2534	223	2	1196
GO:0140098	catalytic activity, acting on RNA	0/223	8/2534	0.0	1.0	1.0		0		Molecular Function	0.0	0.0031570639305445935	-0.0	-0.0		2534	223	8	1196
GO:0140101	catalytic activity, acting on a tRNA	0/223	1/2534	0.0	1.0	1.0		0		Molecular Function	0.0	0.0003946329913180742	-0.0	-0.0		2534	223	1	1196
GO:0140104	molecular carrier activity	0/223	1/2534	0.0	1.0	1.0		0		Molecular Function	0.0	0.0003946329913180742	-0.0	-0.0		2534	223	1	1196
GO:0140658	ATP-dependent chromatin remodeler activity	0/223	1/2534	0.0	1.0	1.0		0		Molecular Function	0.0	0.0003946329913180742	-0.0	-0.0		2534	223	1	1196
GO:0140663	ATP-dependent FeS chaperone activity	0/223	1/2534	0.0	1.0	1.0		0		Molecular Function	0.0	0.0003946329913180742	-0.0	-0.0		2534	223	1	1196
GO:0140664	ATP-dependent DNA damage sensor activity	0/223	5/2534	0.0	1.0	1.0		0		Molecular Function	0.0	0.001973164956590371	-0.0	-0.0		2534	223	5	1196
GO:1901505	carbohydrate derivative transmembrane transporter activity	0/223	1/2534	0.0	1.0	1.0		0		Molecular Function	0.0	0.0003946329913180742	-0.0	-0.0		2534	223	1	1196
GO:1901515	poly-beta-1,6-N-acetyl-D-glucosamine transmembrane transporter activity	0/223	1/2534	0.0	1.0	1.0		0		Molecular Function	0.0	0.0003946329913180742	-0.0	-0.0		2534	223	1	1196
GO:1901681	sulfur compound binding	0/223	2/2534	0.0	1.0	1.0		0		Molecular Function	0.0	0.0007892659826361484	-0.0	-0.0		2534	223	2	1196
GO:1902670	carbon dioxide binding	0/223	2/2534	0.0	1.0	1.0		0		Molecular Function	0.0	0.0007892659826361484	-0.0	-0.0		2534	223	2	1196
GO:1903425	fluoride transmembrane transporter activity	0/223	1/2534	0.0	1.0	1.0		0		Molecular Function	0.0	0.0003946329913180742	-0.0	-0.0		2534	223	1	1196
GO:1904047	S-adenosyl-L-methionine binding	0/223	3/2534	0.0	1.0	1.0		0		Molecular Function	0.0	0.0011838989739542227	-0.0	-0.0		2534	223	3	1196
GO:1990238	double-stranded DNA endonuclease activity	0/223	1/2534	0.0	1.0	1.0		0		Molecular Function	0.0	0.0003946329913180742	-0.0	-0.0		2534	223	1	1196
GO:1990362	butanol dehydrogenase activity	0/223	1/2534	0.0	1.0	1.0		0		Molecular Function	0.0	0.0003946329913180742	-0.0	-0.0		2534	223	1	1196
GO:1990610	acetolactate synthase regulator activity	0/223	2/2534	0.0	1.0	1.0		0		Molecular Function	0.0	0.0007892659826361484	-0.0	-0.0		2534	223	2	1196
