gene_id	baseMean	log2FoldChange	lfcSE	stat	pvalue	padj
C600_DK885_RS00005	1023.23103416973	-0.639116620696406	0.227357302267787	-2.81106704874444	0.00493774950182643	0.0314358778215593
C600_DK885_RS00010	151.640172752472	-0.369095835613852	0.370942643714914	-0.995021310889021	0.319725899672682	0.508358667081695
C600_DK885_RS00015	603.100772508726	0.0473348474472218	0.379247882565269	0.124812423808524	0.900672051531371	0.948307781610383
C600_DK885_RS00020	1219.24749711925	0.188830824454866	0.181494235573173	1.04042326114944	0.298143299347652	0.488373088863676
C600_DK885_RS00025	530.587597762716	-0.775878582482644	0.454671698851889	-1.70645893386777	0.0879226659964073	0.222227377413081
C600_DK885_RS00030	952.301182560819	-0.885471299008846	0.47384386329856	-1.86869846291737	0.0616647779951463	0.17528260289446
C600_DK885_RS00035	631.453950826429	-0.613661247016606	0.426049969452334	-1.44035040726663	0.149768286878615	0.312654963848788
C600_DK885_RS00040	5624.44946575244	-0.51290223197722	0.412509685039781	-1.24337015730372	0.213731462053426	0.391298836057458
C600_DK885_RS00045	2071.6694628896	-0.488916835427484	0.368974923236571	-1.32506792369196	0.185148623830252	0.357787205509811
C600_DK885_RS00050	5627.33932476395	-0.341262527661702	0.401528634515945	-0.849908321166445	0.395376058891573	0.588104960011442
C600_DK885_RS00055	1290.71718766337	-0.578378353693632	0.501343352054779	-1.15365717192244	0.248640749041047	0.434024241763665
C600_DK885_RS00060	1225.75075500137	0.423518570666422	0.41140427409894	1.02944620979939	0.303270044084627	0.493176185411817
C600_DK885_RS00065	2357.36750640241	0.684230786595849	0.35883741043488	1.90679891978549	0.0565466312936242	0.166147854762972
C600_DK885_RS00070	251.46736860338	0.782672636161286	0.829239421584595	0.943843980144692	0.345249382393134	0.535965429535563
C600_DK885_RS00075	91.2886810321687	0.820529546745942	0.607237812772914	1.35124909794244	0.176615651641165	0.345427139822121
C600_DK885_RS00080	114.924599799374	0.485701577585366	0.464739865288333	1.04510418378683	0.295974820625722	0.48627237432012
C600_DK885_RS00085	90.962098256636	-0.108299636979577	0.335618082434777	-0.322687133523633	0.746932197281032	0.85213068717118
C600_DK885_RS00090	109.411655864889	-0.581482062748945	0.293750485419652	-1.97951013397727	0.0477585998087334	0.149149246823765
C600_DK885_RS00095	1.04766685364296	-1.01100504670006	1.91047188893313	-0.529191270783178	0.596672771545185	NA
C600_DK885_RS00100	10.453319118163	0.08105459074284	0.591365717127591	0.137063391392626	0.890980688754134	0.943779544384008
C600_DK885_RS00105	4.95647922068284	0.277263216338906	0.763662150317099	0.363070523036629	0.716552203544348	NA
C600_DK885_RS00110	11.3084013477562	1.41069357387694	0.624891161476486	2.25750284344521	0.0239766720146017	0.0946051901698117
C600_DK885_RS00115	10.9185496872722	0.406324656223622	0.565691548808867	0.718279523671847	0.472584953020085	0.653429102018846
C600_DK885_RS00120	8.44954532308724	1.03851926607124	0.702907433762272	1.47746234594878	0.139551744547621	0.300436239854113
C600_DK885_RS00125	90.6743369680704	-0.661705016193339	0.494751586236318	-1.33744900390734	0.181076117770944	0.351745562106777
C600_DK885_RS00130	44.4064270433456	-0.721085260094678	0.547286009448447	-1.31756567433797	0.187649082653441	0.359629914121581
C600_DK885_RS00135	143.110604767935	-1.14463710068587	0.505902849886716	-2.26256306115331	0.0236626373602892	0.093792841903577
C600_DK885_RS00140	585.18003750805	-0.0807253383605688	0.22468744744981	-0.359278363241013	0.71938685889638	0.834013202799109
C600_DK885_RS00145	1819.33402766047	-1.33732499108881	0.560407201339437	-2.38634512171231	0.0170167733282396	0.0737535125283788
C600_DK885_RS00150	2020.18300000946	-0.609104585959413	0.41413926201743	-1.47077237495482	0.141352685675399	0.302400554732805
C600_DK885_RS00155	52.9818462630184	-0.24366374151974	0.309657653760935	-0.786881055773469	0.431351498258395	0.617069977116088
C600_DK885_RS00160	149.932816687701	-0.509774719939538	0.270394734337983	-1.88529825178599	0.059389582056888	0.171186386440183
C600_DK885_RS00165	22453.4115392881	-0.502693948854907	0.488240950263756	-1.02960218429721	0.303196789478396	0.493176185411817
C600_DK885_RS00170	105559.381401009	-1.2391766586645	0.642816340727911	-1.92773048871359	0.0538886577235236	0.161189082394256
C600_DK885_RS00175	3918.29731992165	-1.82939947564156	0.69693563956067	-2.62491881860823	0.00866696287970732	0.0459682852878057
C600_DK885_RS00180	540.318825070706	0.0983915975807335	0.321884748738064	0.305673375226611	0.759853347091265	0.861770331916109
C600_DK885_RS00185	2300.59253301386	-0.631835956039205	0.338356357011411	-1.86736836162914	0.0618501648577844	0.175407256248087
C600_DK885_RS00190	6.69981962810388	-0.543524356096783	0.66174093938927	-0.821355191653109	0.411443978716413	NA
C600_DK885_RS00195	98.6041685693449	0.0813818159214478	0.354297963186655	0.229698796994138	0.81832582977533	0.897011078499307
C600_DK885_RS00200	592.3393661412	-1.51361870162987	0.470898292935101	-3.21432191269056	0.00130752994681545	0.0125942910421239
C600_DK885_RS23800	12.9907259244061	-1.91128450705989	0.651606054864932	-2.93319021944336	0.0033549827117983	0.0240343462860618
C600_DK885_RS00210	3431.03074039398	-2.02910521209151	0.260362591119681	-7.79338231105096	6.52388454144604e-15	8.08526757503212e-12
C600_DK885_RS00215	1451.8507687425	-1.30115507758819	0.279197050922147	-4.66034678120941	3.15677076862789e-06	0.000138080867267747
C600_DK885_RS00220	469.933610510721	-1.14779386558189	0.36395497846293	-3.15366991387039	0.00161231338691286	0.0144447739097398
C600_DK885_RS00225	6644.61743224213	-0.791509933312387	0.366100594670654	-2.16200122270884	0.030618081946235	0.112822625050646
C600_DK885_RS00230	7.08154373499327	-1.00460303269255	0.825041641784054	-1.21763918548428	0.223361116596989	NA
C600_DK885_RS00235	392.695207429114	0.624383059255384	0.297539893778496	2.09848518572171	0.0358623072056235	0.12289037621245
C600_DK885_RS00240	16.6446406364434	0.0361911129944553	0.489301522052484	0.0739648485920167	0.941038355377274	0.969728549138777
C600_DK885_RS00245	125.754287404247	0.159061049211278	0.294791307149149	0.539571708370633	0.589492431908015	0.748287081541141
C600_DK885_RS00250	60.940029138217	1.31939828754203	0.451221275944684	2.92406045078374	0.00345497643537129	0.0244678140699247
C600_DK885_RS00255	21.4750510480639	0.934239602343033	0.447535263235937	2.08752176440342	0.0368409957747831	0.12507640907288
C600_DK885_RS00260	30.1614898032309	0.690136479188528	0.468420252312874	1.47332758517785	0.140662725988409	0.301779581780095
C600_DK885_RS00265	39.2753468408324	0.605688001414699	0.343938012246917	1.76103826808148	0.0782319261731872	0.20703195646107
C600_DK885_RS00270	12.8512461710887	-0.466026392556208	0.521437352861806	-0.893734194526943	0.371464125243195	0.563945944325928
C600_DK885_RS00275	210.655153371105	0.232340590008997	0.24498020382318	0.948405570666819	0.342923024583881	0.534074894598185
C600_DK885_RS00280	815.437723919512	-1.03078418769268	0.413877972071505	-2.49055097697878	0.0127545197480356	0.0604093049977023
C600_DK885_RS00285	1999.3971719041	0.676117021688893	0.328177237330392	2.0602191278983	0.0393775971055428	0.13046104351304
C600_DK885_RS00290	354.765508439832	1.24873867523419	0.269489213392279	4.63372414619234	3.59145497720636e-06	0.000151738972786969
C600_DK885_RS00295	490.255561450043	0.825974961908551	0.239052544406117	3.45520255373369	0.000549879550119686	0.00653179606180509
C600_DK885_RS00300	5.38424726479108	-0.735269680367777	0.815730396740974	-0.901363591825614	0.36739503267161	NA
C600_DK885_RS00305	8.30922195917218	0.496440585421332	0.67716756104935	0.733113359198778	0.463489292803861	0.643966065263362
C600_DK885_RS00310	22.7578909739084	-0.692741689567298	0.430629578871572	-1.60867186917946	0.107688110041382	0.253478132551315
C600_DK885_RS00315	12.7244730129965	0.472433859982818	0.505618569251465	0.934368096255296	0.35011404889684	0.54125739451079
C600_DK885_RS00320	19.0513711549963	-0.238699979446768	0.450037891588825	-0.530399737240026	0.595834808157607	0.751973461211806
C600_DK885_RS00325	23.2638504961482	0.117996849347944	0.398090355116764	0.296407204624022	0.766919123918595	0.865945179939156
C600_DK885_RS00330	58.8684907854986	-0.220849819447009	0.387010435519047	-0.570655980247177	0.568232863591892	0.730874895936039
C600_DK885_RS00335	54.313632988153	0.303026378783582	0.363557606546782	0.833503063412288	0.404561070845518	0.595234689910422
C600_DK885_RS00340	8.70973955725688	0.195521727741522	0.736981427734933	0.265300753022292	0.790777784461228	0.880793104842636
C600_DK885_RS00345	70.1188538720921	0.429887718680109	0.355896086625474	1.20790234800334	0.227084826331431	0.408862655835477
C600_DK885_RS00350	1348.9494926847	0.810572879360292	0.428396303862095	1.89210988062405	0.0584763421266013	0.16998830338288
C600_DK885_RS24175	1.36013934370187	-2.55571740245077	1.72319273794151	-1.48312916261693	0.13804009721167	NA
C600_DK885_RS00360	791.637348202656	1.72760279278642	0.495618169035239	3.48575355126577	0.000490752899681631	0.00610605886102983
C600_DK885_RS00380	28.002559723604	0.0674271590338037	0.412328531910244	0.163527754728555	0.870102922155304	0.928944182238628
C600_DK885_RS00385	3332.24478994321	0.853645444040109	0.427111448274137	1.99864800508041	0.0456464524337992	0.144560059752015
C600_DK885_RS00390	204.294427995142	0.521831122371518	0.327275507166893	1.59447044139912	0.11083070608364	0.257060864141593
C600_DK885_RS00395	456.60032807388	-0.429224936742096	0.333800369838667	-1.2858731611039	0.198487331798766	0.373558549975923
C600_DK885_RS00400	627.095668864587	-2.22538792205921	0.640727908747882	-3.47321833757497	0.000514256819381809	0.00626882222125566
C600_DK885_RS00405	62.1485243919415	-0.995664804599554	0.550494805708377	-1.808672478423	0.0705019010844199	0.191752793146944
C600_DK885_RS00410	33.9580401236477	0.380140251886451	0.405551684661086	0.937341074551643	0.348583141020195	0.539498070861764
C600_DK885_RS00415	82.0664715147302	1.55748782891877	0.342747804072983	4.54412197659805	5.51647088025521e-06	0.000218194029072222
C600_DK885_RS00420	49.010354291524	2.26410632668784	0.530954246817124	4.26422114572079	2.00600692426195e-05	0.000626750734824028
C600_DK885_RS00425	83.2796092902296	0.481702238033236	0.333149150874329	1.44590564547152	0.148203668271852	0.311135651403019
C600_DK885_RS00435	206.581931456294	0.53485602443743	0.310839007591016	1.72068502142808	0.085307995863737	0.218741468014741
C600_DK885_RS00440	16.9085809603288	1.10966446145016	0.462293445298985	2.4003465174214	0.0163795581115508	0.072412838357605
C600_DK885_RS00450	52.7807431746232	0.0911531002959014	0.444672835755994	0.204989135756248	0.837580613202223	0.909322726562121
C600_DK885_RS00455	185.651426814876	0.444189585347619	0.338782753848696	1.31113399457754	0.189812497454528	0.362653065537479
C600_DK885_RS00460	7.29914166303748	1.26246621396649	0.825249159735798	1.52980005986394	0.126066226796101	NA
C600_DK885_RS24315	2.57663133716928	-0.958577275793398	1.2106838922628	-0.791765118805532	0.428497644529132	NA
C600_DK885_RS00475	12.3679672853327	0.569296080469586	0.525397671003423	1.08355272946362	0.278563159459311	0.466028264561135
C600_DK885_RS00480	75.7342622155723	0.232103398243856	0.275308236373466	0.843067397115568	0.399190751413919	0.590370411200059
C600_DK885_RS00485	257.08968165573	1.23153811505304	0.307549933894566	4.0043517469109	6.2187775931701e-05	0.00138232467274673
C600_DK885_RS00490	416.281550243308	2.05367212146492	1.595211830708	1.28739774989848	0.197955688207852	0.373224771174844
C600_DK885_RS00495	957.686221528271	0.701094228770475	0.378719661303099	1.85122215825328	0.0641375992593411	0.179669191110366
C600_DK885_RS00500	320.932262909302	0.480858532346873	0.32254792870007	1.49081265002948	0.13601068962235	0.295673366368658
C600_DK885_RS00505	77.1164288241296	0.0689361287023515	0.426962105212595	0.161457253139659	0.871733276626115	0.929806990169074
C600_DK885_RS00510	1065.28765778444	-0.192772924256304	0.292775541953929	-0.658432473456539	0.510260274517085	0.684643702870632
C600_DK885_RS00515	253.509599478701	-0.369555234738558	0.331484477158979	-1.11484929220779	0.264915009360588	0.451916739523816
C600_DK885_RS00520	1748.04128927124	-0.520061610208577	0.268917578216536	-1.93390708654165	0.0531245526777823	0.159416534992732
C600_DK885_RS00525	51.1635567391289	-0.844740398545493	0.388254119808351	-2.17574097851807	0.0295746341998787	0.110289358029237
C600_DK885_RS00530	134.931590404241	0.111676440978523	0.319006477422514	0.350075778651388	0.726281827988112	0.83782681863475
C600_DK885_RS00535	291.327175206553	-0.381278632241309	0.57558463309826	-0.662419756046927	0.507702245898	0.683431191255888
C600_DK885_RS00540	1111.91848516446	-1.46007096574628	0.463361799278093	-3.1510387088902	0.00162690927076267	0.0144880603464232
C600_DK885_RS00550	162.557496894247	-0.183431096036388	0.371334886329803	-0.493977546385106	0.62132203706838	0.769344677366111
C600_DK885_RS00555	91.6931348742616	-0.680642745308925	0.360799280804574	-1.88648587045713	0.0592295106787674	0.171186386440183
C600_DK885_RS00560	152.967256572282	-0.172584578530607	0.294866536444462	-0.585297269102332	0.558347850796403	0.723678388496378
C600_DK885_RS00565	147.739188457475	-0.527322140389943	0.263616058162038	-2.00034149689702	0.0454634009920125	0.144204102067629
C600_DK885_RS00570	367.114056358203	-0.133108537604394	0.280531528647505	-0.474486907928442	0.63515273177943	0.779115096257315
C600_DK885_RS00575	585.866916809762	0.177719102769316	0.366335846797283	0.485126160388172	0.627586856168596	0.772879831477905
C600_DK885_RS00580	4221.33893515059	-1.16400343559756	0.392918465381461	-2.96245541544477	0.00305196005225774	0.0224212175869564
C600_DK885_RS00585	47.5123291181317	-1.47781582618178	0.597075105581857	-2.4750920150014	0.0133201852725988	0.0621385807321485
C600_DK885_RS00590	162.293730663243	-0.10069980548976	0.344494909020337	-0.292311447435108	0.770048507068652	0.867447118598497
C600_DK885_RS00595	68.0996688084264	0.439479964395247	0.290793204665842	1.51131442325231	0.13070836090399	0.288495737694123
C600_DK885_RS00600	311.123007004326	0.698341865806182	0.36566924978826	1.90976371737726	0.0561636428319095	0.16546467832729
C600_DK885_RS00605	413.412200750563	-1.12501210535768	0.408775706587682	-2.75215010879411	0.00592053758310639	0.0351638318434338
C600_DK885_RS00610	267.810102596639	-1.12244784360305	0.405480573779973	-2.76819141577947	0.00563683380736904	0.0339122137472461
C600_DK885_RS00615	90.7710805151827	-1.17730077028638	0.442599537339185	-2.65996837087554	0.00781479898480958	0.0427285626845912
C600_DK885_RS00620	210.578405268346	-1.99832868838307	0.560534960146412	-3.56503845515917	0.000363802843765469	0.00493656559532852
C600_DK885_RS00625	276.537683343531	-2.09212837182831	0.568910997975295	-3.67742648546787	0.000235598944853624	0.00369602057791466
C600_DK885_RS00630	271.224188112938	-2.32654357060283	0.603375575836573	-3.85587959435897	0.000115314239428419	0.00216731213184268
C600_DK885_RS00635	281.090586218418	-2.16783296970711	0.598348800769958	-3.62302551106902	0.000291177091687384	0.0042288922925535
C600_DK885_RS00640	173.978191011681	-1.81773408498753	0.622961739182532	-2.91789041069009	0.00352408180780682	0.0248586571775368
C600_DK885_RS00645	248.368805441632	-1.6658487112497	0.534718567830544	-3.11537472507896	0.00183711364729141	0.0157382224438466
C600_DK885_RS00650	412.04276216578	-1.43189193290602	0.5454311254574	-2.62524792970925	0.00865858937348628	0.0459682852878057
C600_DK885_RS00655	386.347162361051	-1.53198195522131	0.4741584129697	-3.23094964323496	0.00123379674625949	0.0121003582309432
C600_DK885_RS00660	197.529429013513	-0.36744760325494	0.340821729321296	-1.07812258328325	0.280979054628177	0.469308232303488
C600_DK885_RS00665	482.09107470901	-0.234408057443799	0.22419728927872	-1.04554367360073	0.295771766589797	0.48615359336024
C600_DK885_RS00670	1083.77539540685	-0.401908983427554	0.278707840130515	-1.44204405315382	0.149289946359565	0.31183147222745
C600_DK885_RS00675	499.090222192492	-0.420984475920925	0.309311788900781	-1.36103598707635	0.173502317120565	0.340772115718046
C600_DK885_RS00680	1389.22207752503	-0.0871823579216758	0.343040531008675	-0.254145939155717	0.799382813858112	0.884028941678899
C600_DK885_RS00685	1782.19002279463	0.272385858313369	0.32566373740986	0.836402175077177	0.402928689379408	0.593302521628768
C600_DK885_RS00690	51.4431808322807	-2.6489574741577	0.618119309679679	-4.28551160378801	1.82319130924398e-05	0.000584364248945614
C600_DK885_RS00695	100.973832324677	0.33558638554883	0.294270273231541	1.14040192325095	0.254118891997491	0.439857560729363
C600_DK885_RS00700	193.488767366549	0.287867222782775	0.275936586688134	1.04323687640641	0.296838598271438	0.487260886698987
C600_DK885_RS00705	1166.82943470661	-0.953883726626966	0.379671156301373	-2.51239450454803	0.0119914952316374	0.058052577176078
C600_DK885_RS00715	457.791991029318	-0.782433997102332	0.288870770873121	-2.70859524740907	0.00675687143859178	0.0383051052163856
C600_DK885_RS00720	171.004262627952	-1.12058301347566	0.437718736571139	-2.56005265448248	0.0104656305213862	0.0527967629287843
C600_DK885_RS00725	907.482197192973	-1.16896806339228	0.487622626112627	-2.39728019331547	0.0165172877354913	0.0728510812754169
C600_DK885_RS00730	1643.29384452604	-0.138198971745068	0.29654757214407	-0.466026313234923	0.641196665936081	0.783116224196332
C600_DK885_RS00735	911.820864359878	-0.303316578281313	0.191068802760657	-1.58747306676362	0.112405542236085	0.259870299818319
C600_DK885_RS00740	55.8494273106176	0.0807710009017435	0.324246220555653	0.249103908638713	0.803280406087161	0.886152227050249
C600_DK885_RS00745	337.848537439585	0.218400975845221	0.582300232440371	0.375065925922649	0.707611437480335	0.826806827326174
C600_DK885_RS00750	57.9111088053513	-0.159859811366713	0.608071920886379	-0.262896223087703	0.792630567490064	0.881543658369146
C600_DK885_RS00755	314.260863867345	0.382090422497533	0.591370384832778	0.64611017443083	0.518208006655391	0.691231983993541
C600_DK885_RS00765	166.000212743546	-0.36398595934791	0.373518953745841	-0.974477883110538	0.329819315411199	0.518068531769683
C600_DK885_RS00770	1996.67590657015	2.57434979908589	0.232269959142986	11.0834384635213	1.50961413569456e-28	5.61274535651236e-25
C600_DK885_RS00775	138.668727762223	0.889918057817984	0.412197837115837	2.15895858174505	0.0308533803503805	0.113240738541673
C600_DK885_RS00780	656.617204369491	1.14147396562152	0.51447299984897	2.21872472599459	0.0265054577937917	0.101805053798882
C600_DK885_RS00785	1609.64653315608	1.6561573979833	0.482585323387963	3.43184369212958	0.000599492973695731	0.00693820389771119
C600_DK885_RS00790	2.71111643441395	0.876179139405202	1.17017630860036	0.748758228111106	0.454002940930283	NA
C600_DK885_RS00795	21.9290929112595	1.05804371080886	0.565940731071155	1.86953094682955	0.0615489822610015	0.175087311435657
C600_DK885_RS24320	3.95643811107715	-0.563352486540672	1.03316773165166	-0.545267210039631	0.585569752507119	NA
C600_DK885_RS24600	2.62682132764092	-0.0962418163874718	1.21287535539431	-0.0793501293924664	0.936754134478448	NA
C600_DK885_RS00815	1.42329813493909	-1.53757611492388	1.57912381951242	-0.973689394032846	0.330210784960508	NA
C600_DK885_RS23810	19.3092543920691	1.09088044191638	0.629777133105577	1.73216902388467	0.0832434725180195	0.215079382086168
C600_DK885_RS00825	125.35637527522	1.32051275421029	0.278141102342525	4.74763615693199	2.05807838805565e-06	9.93757850232585e-05
C600_DK885_RS00830	27.3276101783413	0.285279059889417	0.417938909899252	0.68258554810842	0.494868768679122	0.672732022650448
C600_DK885_RS00835	63.821685167103	-0.177624268092955	0.383105416575588	-0.463643322197479	0.642903310492471	0.783709674888855
C600_DK885_RS00840	564.274712141419	-0.166038090953199	0.283621398858419	-0.585421592381621	0.55826427356934	0.723678388496378
C600_DK885_RS00845	956.610724379665	-0.212160368622134	0.249747069057255	-0.849500934777721	0.395602610271279	0.588104960011442
C600_DK885_RS00850	7.51708584364108	-0.238015148628369	0.870646683311754	-0.273377425298412	0.784563104091981	0.87676754463901
C600_DK885_RS00855	384.034917598187	0.655579167124625	0.509813250302579	1.28592022026798	0.198470906066955	0.373558549975923
C600_DK885_RS00865	5.10786389300142	0.336281217833541	0.840073882959045	0.400299574424379	0.688935881371667	NA
C600_DK885_RS00870	0.974302320357399	-0.754915280653859	1.77575624476063	-0.425123258263197	0.670746823824385	NA
C600_DK885_RS00875	8.68168883144351	1.09490777363885	0.660473675031928	1.65776141431514	0.0973656323505622	0.239421574787957
C600_DK885_RS00880	198.338061118176	0.888370970547664	0.271203946536182	3.27565650092464	0.00105416689915628	0.0108270511907819
C600_DK885_RS00885	5.06918514536612	0.914164379266181	0.833295944006824	1.09704647651411	0.272621075754701	NA
C600_DK885_RS00890	0.404012019226778	-2.05368816801086	2.79230276895789	-0.735481907922656	0.462046054447747	NA
C600_DK885_RS24095	2.7906620822788	1.22950484381069	1.11289153028638	1.10478407854744	0.26925316102971	NA
C600_DK885_RS00895	17.784748003783	0.77442411562468	0.448148329325795	1.72805311310597	0.0839787024770394	0.216677873566712
C600_DK885_RS00900	6.83316867524147	0.99427930263877	0.834163430594338	1.19194784399785	0.233281696581053	NA
C600_DK885_RS00905	4.09853276766178	-0.594374255259553	0.863970299654935	-0.687956814599927	0.491479976935026	NA
C600_DK885_RS00910	18.6509882755239	0.108393618627068	0.478290321173765	0.226627246733869	0.82071360364681	0.898267052799187
C600_DK885_RS00915	3.28941452869441	2.18875793495083	1.07296167413459	2.03992182359747	0.0413581127364606	NA
C600_DK885_RS00920	3.52054952375354	0.653766976147908	0.946893531899081	0.690433458592456	0.489921641909549	NA
C600_DK885_RS00925	0.538272312012757	2.67281928226702	2.60243797874377	1.02704437304486	0.30439957025948	NA
C600_DK885_RS00930	0.569473373458257	-2.53082913859099	2.57178305487373	-0.984075672244155	0.325078307466629	NA
C600_DK885_RS00935	6.66531679731905	-0.724329183232478	0.817101776056595	-0.886461398637701	0.375368946238648	NA
C600_DK885_RS00940	99.5813817474388	0.434889233395114	0.386771288564888	1.12440929886178	0.260839428999989	0.447405845536838
C600_DK885_RS00945	126.65724752792	-1.2821545630359	0.389847429226935	-3.28886242902359	0.00100593178952252	0.0104470793112982
C600_DK885_RS00950	441.677462386283	0.912368896615322	0.409033865100904	2.23054610989301	0.0257112098893101	0.0993686934366877
C600_DK885_RS00955	31.1762017682828	0.486652303669198	0.394146142073422	1.23470015743182	0.216942117287433	0.395775658525356
C600_DK885_RS00960	309.165224400115	-1.193748788269	0.297751633995693	-4.00920986477698	6.0922255292504e-05	0.00136451171793693
C600_DK885_RS00965	50.489921447058	0.237188929156687	0.339438568242339	0.698768352650333	0.484696809378429	0.663786087474581
C600_DK885_RS00970	65.6990609517141	2.12689967336108	0.347841024270763	6.1145739718886	9.68152541335053e-10	1.79979557434186e-07
C600_DK885_RS00975	40.3197799801067	2.71479434389203	0.411230484498507	6.60163690734821	4.0664248517917e-11	1.37445159990559e-08
C600_DK885_RS00980	42.4846391303429	2.79027565363966	0.421906254067293	6.61349678214207	3.75346162247011e-11	1.37445159990559e-08
C600_DK885_RS00985	196.084117280995	1.60741194083656	0.311693458410541	5.15702815526975	2.50900088121423e-07	1.94343026590719e-05
C600_DK885_RS00990	160.864094815877	0.722702034808543	0.31749825859381	2.27623936587674	0.0228316869744046	0.0912881750672789
C600_DK885_RS00995	3.86317428789188	0.965053986956252	1.19668817271247	0.806437306695203	0.419990743220963	NA
C600_DK885_RS01000	35.242131475779	0.358757653682961	0.616245350938045	0.582166913124557	0.560454257538766	0.72497471620326
C600_DK885_RS01005	55.5253884129045	1.37999016844072	0.319336151933723	4.32143420055722	1.55018281583944e-05	0.000505577167481669
C600_DK885_RS01010	9.64112325066276	-0.18018560086249	0.658952362502037	-0.2734425295606	0.784513064118393	0.87676754463901
C600_DK885_RS01015	1266.02539829029	0.0764563852106713	0.217548014932638	0.351446025533008	0.725253758353491	0.836900519415977
C600_DK885_RS01020	5809.9581165708	0.124516464584972	0.241337737091719	0.515942786592259	0.605894369407806	0.758489160265677
C600_DK885_RS01025	93.3715620590102	0.0765372163180388	0.322022125409315	0.237676887017481	0.812131711517272	0.892373546194733
C600_DK885_RS01030	2.31960326895192	0.351881386890336	1.22165399576905	0.28803686486436	0.773318519815525	NA
C600_DK885_RS24180	15.9966480411805	0.338456281635255	0.556806116254192	0.607853024158849	0.543284958021069	0.71180069655933
C600_DK885_RS01035	67816.6247139981	1.62741784356086	0.563109852513259	2.89005393227876	0.00385175738908313	0.0260853077825339
C600_DK885_RS01040	655.441856565627	-2.32516072071232	0.43550404536525	-5.33901061415457	9.34551735751806e-08	8.68665838381304e-06
C600_DK885_RS01045	1949.27424727484	-0.607824117652131	0.4006934509606	-1.51693050184616	0.129284231629558	0.286288727336925
C600_DK885_RS01050	263.272866816735	-0.214577377336479	0.304717184711385	-0.704185349899834	0.481317353246571	0.660589855803156
C600_DK885_RS01055	45.0137019805097	-0.960273089080954	0.392648635478255	-2.44562950769285	0.0144599505934472	0.0663729584030083
C600_DK885_RS01060	581.851223692982	-0.274907368606098	0.241282487092384	-1.13935898091452	0.254553457247304	0.440186452230542
C600_DK885_RS01065	98.483499272811	-0.757411684330974	0.498590548673097	-1.51910557941116	0.128735922559949	0.28558482104886
C600_DK885_RS01070	206.431352764528	-1.1291567109548	0.406989097881613	-2.77441513011549	0.00553010611270913	0.0334206061797602
C600_DK885_RS01075	183.38436771506	0.1068110626365	0.300696562722089	0.355212117057742	0.7224306877849	0.835530119716136
C600_DK885_RS01085	62.6481092835273	-0.363729894653518	0.31674871731423	-1.14832318103022	0.250835172953161	0.436612908726522
C600_DK885_RS01090	341.694003878374	-0.349420592949888	0.328664331004473	-1.06315337560964	0.287712402270296	0.476912488471226
C600_DK885_RS01110	11420.6313291962	0.448607922535918	0.275604667802545	1.62772251323885	0.103583737177309	0.247891264604464
C600_DK885_RS01115	658.215183699923	-1.50782966019999	0.620044496578863	-2.4318087952067	0.0150236358966208	0.0682859147477213
C600_DK885_RS01120	846.528342687789	-2.08288846761232	0.677303980501377	-3.07526388088027	0.00210316384012598	0.0176913193610597
C600_DK885_RS01125	1442.43323101893	-3.06125039540696	0.783044464604232	-3.90942089981338	9.25176430712251e-05	0.00185022944734739
C600_DK885_RS01130	1389.54186978079	-2.98075167742797	0.824887630617076	-3.61352451751295	0.000302062778004311	0.00431949772546164
C600_DK885_RS01135	123.838764065317	0.746092919742397	0.410815275278882	1.81612750216241	0.0693508158166662	0.190292496831266
C600_DK885_RS01150	109.476032076175	0.224528505506284	0.305596093661633	0.734723087641592	0.46250815650079	0.643564867466294
C600_DK885_RS01155	202.485146694845	1.5861943758255	0.269763208494485	5.87995073411922	4.1038860970619e-09	5.86855711879851e-07
C600_DK885_RS01160	0.349680943340288	2.05532263236684	3.78292137982959	0.543316243188597	0.586912082446304	NA
C600_DK885_RS01165	441.17104798263	0.75236794018179	0.383686037677588	1.96089475847439	0.0498913008996999	0.153167217917172
C600_DK885_RS01170	37.6437713226868	0.160032725274156	0.425325585220473	0.376259343042346	0.7067241017699	0.826429491815693
C600_DK885_RS01175	111.087471237546	-1.20999577260745	0.721258910318869	-1.67761639446855	0.0934220102020445	0.232803642045041
C600_DK885_RS01180	189.797220240669	-0.462994740345735	0.550513451306521	-0.841023483162709	0.400334778888724	0.591144409573906
C600_DK885_RS01185	168.013510148043	-0.402866307823368	0.506087307229915	-0.796041121893512	0.426008134293118	0.61177993175041
C600_DK885_RS01190	47.295219054766	-0.506518802738589	0.514424621736961	-0.984631725107406	0.32480500041007	0.512791928460569
C600_DK885_RS01195	381.376433845292	-0.542295915791321	0.326009832051559	-1.66343423564464	0.0962255448448689	0.238193459209869
C600_DK885_RS01200	221.868033392188	0.43343664423567	0.363270388358219	1.19315159761456	0.232810006943292	0.416348054745146
C600_DK885_RS01210	1275.82438138746	1.62548656312771	0.320072532457153	5.07849439828237	3.80437647106118e-07	2.52583423560812e-05
C600_DK885_RS01215	489.8113603441	-1.50277341320837	0.583548377396792	-2.57523364200281	0.0100172394468093	0.0509494018560799
C600_DK885_RS01220	153.847738418791	-0.129184645198278	0.317048185427649	-0.407460604210769	0.68366972322917	0.81278341687032
C600_DK885_RS01230	13.1425811080108	-0.34877181006045	0.507005996303235	-0.687904704487664	0.491512793824492	0.670375850124528
C600_DK885_RS01235	313.303020035417	1.19295102433003	0.477564911583228	2.49798717492695	0.0124900712455673	0.0599267370677053
C600_DK885_RS01240	86.8366393193912	2.32464876794824	0.518160759919389	4.48634660855039	7.24548371744499e-06	0.000277718643932582
C600_DK885_RS01245	207.301989883629	1.24312190087494	0.599371258174148	2.07404323100483	0.0380752960750748	0.12776529856239
C600_DK885_RS01250	18.7454522649466	1.36650865474964	0.589755912160077	2.31707495689968	0.0204996489360027	0.0850643914554218
C600_DK885_RS01255	32.0126403567686	0.316263037155612	0.493860898895024	0.640388898702502	0.52191979826842	0.692780043273665
C600_DK885_RS01260	481.889475059277	1.48429005911162	0.503297078873037	2.94913306954847	0.00318666732925879	0.0230506403310976
C600_DK885_RS01265	358.307729342884	0.357313924441541	0.425369240003488	0.840008846052458	0.400903426667213	0.591144409573906
C600_DK885_RS01270	6660.70308963333	2.03721701891015	0.497256115683547	4.09691697026133	4.18688989333789e-05	0.00108859137226785
C600_DK885_RS01275	673.15921395714	0.00424155508584895	0.262282804778188	0.0161716857093854	0.987097424040405	0.995072343156867
C600_DK885_RS01280	506.953189183273	-0.623334500717804	0.353505709088037	-1.7632940139096	0.0778509143979089	0.206622494609956
C600_DK885_RS01290	6424.17864521594	1.28972264086883	0.394431906867434	3.26982330387968	0.00107614682747479	0.0110223523541357
C600_DK885_RS01295	1262.8659437563	0.940794080496336	0.401900868487771	2.34086102883095	0.0192393270213271	0.0815642164940639
C600_DK885_RS01300	59.2580010489159	-0.562513100390716	0.383711555566819	-1.46597904657776	0.142653995311559	0.304470467605269
C600_DK885_RS01305	5703.4245451032	-1.06999355686228	0.276007196135842	-3.87668717280714	0.000105888358486323	0.00203985967280907
C600_DK885_RS01310	3010.51628421376	0.668890052966319	0.225513696453509	2.96607285271569	0.00301629029897475	0.022251125657913
C600_DK885_RS01315	19490.5478859925	-0.623627464016706	0.439414587486268	-1.41922339807664	0.155833896506496	0.321169859873145
C600_DK885_RS01320	6738.68661360528	0.231754218539234	0.328394224151057	0.70571953309578	0.480362571263801	0.659766545976658
C600_DK885_RS01325	505.866795612327	-0.934831955851706	0.462988763194462	-2.0191245018598	0.043474280802512	0.140362878526095
C600_DK885_RS01330	148.281142009068	0.0970185139180743	0.246881939034044	0.392975339944554	0.694337695080381	0.817728023609137
C600_DK885_RS01340	2956.91956105143	0.328524692817145	0.371735981236896	0.883758122428794	0.376826797168474	0.569297859354892
C600_DK885_RS01345	0.180556390704617	1.20336424726912	4.0804728567969	0.294908038725135	0.768064130898878	NA
C600_DK885_RS01350	7.76941088257645	-0.798217716144539	0.769468741270143	-1.0373621088583	0.299567130287112	0.489363331541493
C600_DK885_RS01355	2.0857112042326	0.0535806896344228	1.15575639571373	0.046359846965272	0.963023439561587	NA
C600_DK885_RS01360	6.69795017808789	0.0848042537858458	0.77958538749321	0.108781225438996	0.91337601536692	NA
C600_DK885_RS01365	26.9568838775674	1.31856065250062	0.481190221147841	2.74020666786474	0.00614005623136932	0.0361786514551999
C600_DK885_RS01370	17.210817981186	0.47623038068378	0.558958152946551	0.851996483409945	0.39421604385038	0.586982479389553
C600_DK885_RS01380	406.051281032049	1.07772819094704	0.260580063421649	4.1358812212857	3.53595065377852e-05	0.000959610549689675
C600_DK885_RS01385	1308.19952488644	-0.0963008077162368	0.294152583030216	-0.327383858826575	0.743377573213047	0.849835703403697
C600_DK885_RS01390	540.586914392116	0.301117251328543	0.227855588173114	1.32152673429176	0.186325794461185	0.358667246098
C600_DK885_RS01395	1958.43872613293	0.357226284100808	0.256614343369851	1.39207450140832	0.163899838758379	0.329916374688419
C600_DK885_RS01400	81.4535523513696	-0.292909343832839	0.432354267581154	-0.67747531548965	0.498104426634516	0.67564839774795
C600_DK885_RS01405	1593.57097898908	-0.0500955445753301	0.291019165697156	-0.172138300428849	0.863328802766333	0.925297344677205
C600_DK885_RS24185	0.574128979205716	-1.04513791801297	2.66986665292692	-0.391456972904325	0.695459486905886	NA
C600_DK885_RS01415	1205.7757098557	-1.09964900092249	0.506213475766329	-2.1723028990048	0.0298328235164483	0.110918437834155
C600_DK885_RS01420	460.457857449177	1.3607672006722	0.386746344340108	3.5185004863951	0.000433993020233333	0.00558334273089111
C600_DK885_RS01425	1662.89264503978	0.293892435546056	0.333855057810732	0.880299485271446	0.378697091392609	0.57085931650031
C600_DK885_RS01430	97.6420804668398	0.307825741676957	0.256507894996172	1.20006341980839	0.230114710895849	0.412918192621027
C600_DK885_RS01435	624.234348649297	3.42921631368383	0.57292948009263	5.98540733691937	2.15848980755814e-09	3.64784777477326e-07
C600_DK885_RS01445	18.1360392260603	-0.151867068199949	0.512452239562812	-0.296353604249074	0.766960053130619	0.865945179939156
C600_DK885_RS01450	17.655011886053	-0.326394234006069	0.456263371039064	-0.715363657754863	0.47438436279792	0.654217422290604
C600_DK885_RS24190	88.8747571582168	-0.136891686399349	0.510555405863373	-0.268123077000544	0.788604583087997	0.880225709973333
C600_DK885_RS01455	906.678846450092	1.16448111433531	0.306933951025315	3.79391432731815	0.000148290857978002	0.00265069908635678
C600_DK885_RS01460	1816.64251833077	2.49996598358204	0.358193512742407	6.97937258673882	2.96501190502355e-12	1.83731904381292e-09
C600_DK885_RS01465	814.819704545491	2.72623853267182	0.441936681496708	6.16884419604831	6.87909688859205e-10	1.34613064377817e-07
C600_DK885_RS01470	16.5639690105206	-2.44866314576443	0.771914893297155	-3.17219316148341	0.00151292341113835	0.0138753828837981
C600_DK885_RS01475	2.27301869276041	-3.40118677427695	1.53746130354245	-2.21220967736899	0.0269521804971806	NA
C600_DK885_RS01480	4.91707863613694	-0.535356485955369	0.917667501225579	-0.583388302669955	0.559631930480188	NA
C600_DK885_RS01485	82.0765708105961	-0.700355584587818	0.407610096948413	-1.71819979394783	0.0857601791190904	0.219114864318313
C600_DK885_RS01490	19.798827992266	-0.393777052645032	0.596037121218711	-0.660658604349809	0.508831276623526	0.683893415062918
C600_DK885_RS01495	86.6260267548413	-0.835930906128866	0.330176508727241	-2.53176977778098	0.0113488477775513	0.0557397834041423
C600_DK885_RS01500	381.79021786656	-0.448434434514895	0.231051169265087	-1.94084468795915	0.0522771187443431	0.157636924161774
C600_DK885_RS01505	144.28890654978	-0.377231040175871	0.383634838647452	-0.983307567961871	0.325456086536301	0.513383848002532
C600_DK885_RS01510	275.754923824504	-0.378263388645879	0.287128412278679	-1.3174014568741	0.187704092859021	0.359629914121581
C600_DK885_RS01515	203.230819733949	-0.25444204244284	0.378091236206586	-0.67296466587185	0.500969770456879	0.677557514208322
C600_DK885_RS01520	173.514750365498	-0.700138370054847	0.241669088597788	-2.89709525581939	0.00376635378117991	0.0256941346026182
C600_DK885_RS01525	91.4091501968944	0.0212423371187053	0.312557452621544	0.0679629838947603	0.945815100696834	0.973302115801502
C600_DK885_RS01530	593.48306472405	0.124293578830691	0.241041743982679	0.515651674174839	0.606097712519991	0.758489160265677
C600_DK885_RS01535	985.375313668195	-0.614040995706666	0.350325073773826	-1.75277489873048	0.0796406534117068	0.209188527175136
C600_DK885_RS01540	113.490099504115	0.246558026313409	0.440197600409257	0.560107610955128	0.575406039383674	0.736947865803823
C600_DK885_RS01545	184.308538449097	-0.508128562976787	0.443874491836142	-1.14475729586274	0.252309709701725	0.438153900360119
C600_DK885_RS01550	1383.26393553141	0.00904969903402179	0.317067082875695	0.0285419065011227	0.977229945076718	0.990280985498838
C600_DK885_RS01555	522.140329848263	-0.0368331395398862	0.26710100926287	-0.137899664406122	0.890319715640029	0.943617076040372
C600_DK885_RS01560	65.5531290856945	-0.199983714597582	0.303598015485178	-0.658712193088579	0.510080601671293	0.684643702870632
C600_DK885_RS01565	27.4472030526682	-0.215292366606046	0.381004587549328	-0.565065024520661	0.572029536881218	0.733887445867622
C600_DK885_RS01570	99.5908707170684	-0.156283484331949	0.310580776373291	-0.503197545440191	0.614825390374957	0.765033735413015
C600_DK885_RS01575	773.868687414002	-0.745903773102431	0.28513437776669	-2.61597278779468	0.00889736481656701	0.0467898195021162
C600_DK885_RS01580	466.176529663304	-0.33778018936206	0.253156087134676	-1.33427638728815	0.182113293200262	0.35320668968105
C600_DK885_RS01585	471.949832915381	0.105793109799475	0.241789100326998	0.437542923384053	0.661717654146236	0.797493107979159
C600_DK885_RS01590	8573.62259996612	-0.00182983291261686	0.267369804066862	-0.00684382785484359	0.994539458044653	0.996952737937455
C600_DK885_RS01595	21.0844291477337	-0.435424934228849	0.471985220920262	-0.922539340066351	0.356247319950654	0.548004772683711
C600_DK885_RS01600	171.423346135762	0.667571315981312	0.304518237759918	2.19222113227788	0.0283635432846686	0.106952995874643
C600_DK885_RS01605	238.748222412153	2.15230579101857	0.459376139448486	4.68527989634501	2.79577602090774e-06	0.000123746371973036
C600_DK885_RS01610	57.7337789788608	2.05874750252161	0.339206603989283	6.06930253806809	1.28466937937794e-09	2.27447654882247e-07
C600_DK885_RS01615	207.167830768813	1.96491500719467	0.294703277501316	6.6674352041636	2.60312324500168e-11	1.07537913610181e-08
C600_DK885_RS01620	75.3564409274072	2.43707328066953	0.387168315607284	6.29460930150474	3.08175065201227e-10	6.73996995540096e-08
C600_DK885_RS01625	43.1176093438591	2.20817559221977	0.420869128223322	5.24670365237165	1.54844668176574e-07	1.40417677141586e-05
C600_DK885_RS01630	22.1584566906594	0.161729052807038	0.470327540393691	0.343864730250884	0.73094801737278	0.841010310796635
C600_DK885_RS01635	3.85586026205982	1.81566292306582	0.993946466077397	1.82672104085376	0.0677417229978357	NA
C600_DK885_RS01640	4.75573773584464	1.61429290026374	0.956760479084496	1.6872487268793	0.0915555355055828	NA
C600_DK885_RS01645	24.9326773752515	0.502351752343693	0.401015641470804	1.25269864911308	0.210315397799338	0.389031168665641
C600_DK885_RS01650	138.185674362051	0.675085928913612	0.469130510649979	1.43901518572792	0.150146220264943	0.312721980524561
C600_DK885_RS01655	573.260299819641	0.603082728857569	0.265185089183405	2.27419547122603	0.0229542364257227	0.0916690129224886
C600_DK885_RS01660	126.092112833311	0.243502766452642	0.339673849136769	0.716872279309898	0.473452907905545	0.653656855400229
C600_DK885_RS01665	36.4437766324501	0.929731247412159	0.411786244325174	2.25780064347652	0.0239580910956651	0.0946051901698117
C600_DK885_RS23815	0.887921418445954	-0.646168200530481	1.8222794868099	-0.354593356950788	0.722894253569609	NA
C600_DK885_RS01675	0.62256865638683	-1.20374528424443	2.21141375225376	-0.54433291057254	0.586212403684316	NA
C600_DK885_RS01680	0.337690056565803	-1.7211811074079	3.01715873034496	-0.57046422188438	0.568362881901565	NA
C600_DK885_RS01685	2.05888192235077	1.24884639865133	1.20072764715983	1.0400746593995	0.298305215698822	NA
C600_DK885_RS01690	16.7155993800031	0.710870935249948	0.504136262999816	1.41007697208682	0.158516956052603	0.324005520947541
C600_DK885_RS01700	497.928642523208	-0.699078316358608	0.451647137869984	-1.54784179449368	0.121660391165405	0.274849931400745
C600_DK885_RS01705	276.564393683488	-0.86845703425686	0.407489651019388	-2.13123703162596	0.0330696196534273	0.117883840720463
C600_DK885_RS01710	515.549489560054	0.0471322303990446	0.289464872586138	0.162825388718001	0.870655917720127	0.929132807716255
C600_DK885_RS01715	32.45681940095	0.405620296930916	0.465994569354233	0.870439965626676	0.384060013910663	0.576943487563574
C600_DK885_RS01720	231.34552672678	0.0909136316843527	0.349607304720779	0.260045000366805	0.794829062013387	0.882155305892054
C600_DK885_RS01725	232.113459336933	-0.406944804407046	0.325430116385701	-1.25048292680059	0.211123188299364	0.389749758737355
C600_DK885_RS01730	2281.58386080281	-0.238746605781297	0.294353847784373	-0.81108708983546	0.417315659249429	0.6070342805514
C600_DK885_RS01735	3463.49891113321	0.407834700730306	0.228150789824904	1.7875664644567	0.0738459800267495	0.199100329035137
C600_DK885_RS01740	2747.49906480089	0.443339319282489	0.240792048381601	1.84117092845149	0.0655965141627328	0.182550778186408
C600_DK885_RS01745	3127.75690826507	0.337784025486231	0.282879529784585	1.19409144148202	0.232442200709812	0.415890328315245
C600_DK885_RS01750	3155.06538819782	0.4846695285615	0.228369857597077	2.12230078724585	0.0338124874234012	0.119394161908398
C600_DK885_RS01755	6009.67938012627	0.563461249472507	0.227012072863119	2.4820761396785	0.0130619361951303	0.0615516841235673
C600_DK885_RS01760	76.9363750221312	-0.769356580094596	0.523083158645597	-1.4708112226107	0.141342176569321	0.302400554732805
C600_DK885_RS01765	26289.273863926	0.910719946051647	0.223818914237287	4.06900350292168	4.72146375646914e-05	0.00117368954656607
C600_DK885_RS01770	40.3445648469269	0.75918943847857	0.451089527020691	1.6830127790658	0.0923726176079724	0.230807387275834
C600_DK885_RS01775	281.746537763684	0.500695230456332	0.287760421112248	1.73997253868705	0.0818638400635619	0.212845984165261
C600_DK885_RS01780	226.613758982991	0.176773652019772	0.236154160787861	0.7485519265467	0.45412731645787	0.635949289111247
C600_DK885_RS01785	42.7985993453802	0.495498839599026	0.374246273675084	1.32399137801226	0.185505908205937	0.358109048800859
C600_DK885_RS01790	65.0121723819562	-0.119243646618202	0.370453350995807	-0.321885728115741	0.747539265576504	0.852300211411666
C600_DK885_RS01795	194.837194758223	0.265700614948813	0.25933082767114	1.02456239905944	0.305569713972355	0.495252047318751
C600_DK885_RS01800	2017.55526637089	-0.538882198935863	0.372654786334673	-1.44606273338431	0.148159607092273	0.311135651403019
C600_DK885_RS01805	623.772136252182	-0.515523075039271	0.394443643049066	-1.30696256391472	0.191225425992336	0.364229576762042
C600_DK885_RS01810	565.430917869564	-0.467398195479043	0.385460337753718	-1.21257143653954	0.225293715004739	0.407413439877246
C600_DK885_RS01815	85.7911226703142	-0.516913620422754	0.30518878748365	-1.69375036574843	0.090312729363985	0.227341047918278
C600_DK885_RS01820	1732.43476433842	-0.178732324257639	0.269112067300225	-0.66415574021154	0.506590637745312	0.682566628093935
C600_DK885_RS01825	285.307230504811	-0.549209954655786	0.274598626551697	-2.00004625497422	0.0454952694258548	0.144204102067629
C600_DK885_RS01830	143.439220668609	0.209208237997594	0.268203160419971	0.780036438310427	0.435369427520192	0.620906609712342
C600_DK885_RS01835	63.2340559606374	0.445764658671825	0.326063146051905	1.36711144472876	0.171590376534361	0.338088510839828
C600_DK885_RS01845	136.00766908634	1.84503336289766	0.383010456331727	4.81718797071082	1.45595518176533e-06	7.84527734174418e-05
C600_DK885_RS01850	5937.21879233969	1.50333789535083	0.44899028505127	3.34826374958016	0.00081319580514165	0.00891876697202553
C600_DK885_RS01855	238.017119167318	0.931535114398844	0.33529665731642	2.77824157823247	0.0054653967796828	0.0332031784752625
C600_DK885_RS01865	414.225707570657	-0.700406167047866	0.261401762167611	-2.67942404534658	0.00737489327282413	0.0408641627248288
C600_DK885_RS01870	94.1896352149592	0.178161186231572	0.351643559370251	0.506652778030787	0.612398469456331	0.763035358390964
C600_DK885_RS01880	735.451113481318	0.80529065053315	0.263322975987624	3.05818604515163	0.00222681279313459	0.0185634304145166
C600_DK885_RS01885	595.048855098951	0.975226325200259	0.293560433087337	3.32206324586706	0.000893544376514434	0.00951205305178541
C600_DK885_RS01890	7845.61087070495	-1.24850766159618	0.587948988827105	-2.12349657082805	0.0337122625472973	0.119259935443246
C600_DK885_RS01900	243.839144198178	0.37063105076479	0.227872129778719	1.62648697374576	0.103846102218017	0.248136123423257
C600_DK885_RS01905	1108.32739525116	-0.261480504422464	0.381169917036439	-0.685994599089694	0.492716514204921	0.67127885665588
C600_DK885_RS01910	284.886112399084	-0.431630385945889	0.38391088375418	-1.1242983833255	0.260886463992433	0.447405845536838
C600_DK885_RS01915	226.554210658446	-0.471546299139723	0.281392624226074	-1.67575927207274	0.093785354670137	0.233552544315854
C600_DK885_RS01920	235.297694197721	0.352392499735643	0.42805994542986	0.823231660653905	0.410376267635703	0.600635733350257
C600_DK885_RS01925	486.40421944104	0.676912484617889	0.518391014072734	1.30579517437953	0.191622221550471	0.364798474001358
C600_DK885_RS01930	302.899360969415	0.454499763362567	0.389064185498768	1.16818710203282	0.242731301964936	0.42751064931579
C600_DK885_RS01935	39.6357812701282	0.375730673794582	0.364991889556525	1.02942198044758	0.303281424639114	0.493176185411817
C600_DK885_RS01940	7.07127085978691	0.0419760593942572	0.671749370786502	0.062487679512242	0.950174473091127	NA
C600_DK885_RS01945	3.98393691055328	0.0452765297527191	0.987543945283748	0.0458476100926425	0.963431711316834	NA
C600_DK885_RS01950	1.33412998402093	-0.540534272740674	1.45761964506126	-0.370833553576287	0.710761508267928	NA
C600_DK885_RS01955	31.8035921707176	-0.151410628618687	0.360878731731378	-0.4195609641285	0.674806210089837	0.806729739264956
C600_DK885_RS01960	661.061856650244	-0.235094392299492	0.210080980884877	-1.11906556847391	0.26311216752536	0.450184555388535
C600_DK885_RS01965	1036.60228376033	-0.0502708422316348	0.231131585357402	-0.21749879902351	0.827819642838394	0.902325837605731
C600_DK885_RS01970	1711.53647833275	0.490471931913139	0.235118736523399	2.08606059714993	0.0369731343406848	0.125135325775998
C600_DK885_RS01975	252.408069223529	-0.273642248745089	0.295132529761438	-0.927184302476859	0.353830851629364	0.545642101351296
C600_DK885_RS01980	208.342716146104	-0.582767105480625	0.268215644580797	-2.17275583007639	0.0297986993197479	0.11090246653736
C600_DK885_RS01985	194.213585216796	-0.474187188931083	0.300735183017037	-1.57675993933912	0.114850772686539	0.263427003607991
C600_DK885_RS01990	560.448580904096	-0.232462544223357	0.329080985416604	-0.706399198145917	0.479939919398251	0.659429645352069
C600_DK885_RS02000	51.8838293816376	0.287917528694589	0.375210111620364	0.767350132039893	0.442873369435357	0.626561334688226
C600_DK885_RS02005	6.99251960686549	1.82436418019568	0.726363393179142	2.5116411390321	0.0120171221302622	NA
C600_DK885_RS02010	8.28019472839183	1.40246591038329	0.630162091463611	2.22556375475702	0.0260434162466325	0.100133838267818
C600_DK885_RS02015	8.38826087764781	0.586460948940727	0.711122913831069	0.82469702147728	0.409543623129431	0.599953975884643
C600_DK885_RS02020	6.40850982568012	-0.000331084107069774	0.714317808679513	-0.00046349692398376	0.999630182973615	NA
C600_DK885_RS02025	1.53227594980296	-0.882261750166171	1.44926734479012	-0.608763975354692	0.542680895119678	NA
C600_DK885_RS02030	53.1641268434507	0.0525194371186928	0.328501181791709	0.159875945749241	0.872978797275701	0.930276631777317
C600_DK885_RS02035	51.8552285488863	0.747930363457816	0.333161094556839	2.24495109326223	0.0247712723864687	0.0966417531300008
C600_DK885_RS02040	91.798306497063	0.512680523030546	0.286484981323336	1.78955462398888	0.073525538687444	0.198524294001392
C600_DK885_RS02045	40.1952908010153	0.0778637955584653	0.367934668499709	0.211623970842331	0.83240040683356	0.90599084092716
C600_DK885_RS02050	13.9783860151968	-0.378168304931777	0.598385508049435	-0.631981055431133	0.527399256451969	0.697818660316163
C600_DK885_RS02060	60.0887142379543	-1.38273761157287	0.618831396303743	-2.23443351425269	0.0254545625993658	0.0987892105891878
C600_DK885_RS02065	8.65934979745791	1.05480521932652	0.661211849064263	1.59526061249396	0.110653969541584	0.257060864141593
C600_DK885_RS02070	11.3128185230339	-1.41657018441293	0.979256227011992	-1.44657766306508	0.148015245970463	0.311135651403019
C600_DK885_RS02075	215.806819267237	0.482090319017985	0.306812956456406	1.57128409629756	0.116116673635261	0.26502258598889
C600_DK885_RS02080	12.3744189703446	0.145462669050427	0.49854420180537	0.291774868755199	0.770458761379871	0.867447118598497
C600_DK885_RS02085	33.2718867729369	1.98307063398054	0.530091748795403	3.74099509846537	0.000183293095921861	0.00306974653440305
C600_DK885_RS02090	470.280924162112	1.85366950196408	0.568622823805233	3.25992806542533	0.001114404739669	0.0112488140659402
C600_DK885_RS02095	189.261848701555	1.14545784274618	0.716163230869396	1.59943682302097	0.109723575819509	0.255701836102384
C600_DK885_RS02100	331.416578863566	0.103861022699362	0.396334680972727	0.262053834008307	0.793279938389092	0.882002036761557
C600_DK885_RS02105	0.850220584801749	-1.74924394597455	2.06893603596324	-0.845479954705392	0.397842919942918	NA
C600_DK885_RS02110	119.021813852324	-0.453509356605155	0.308998684032178	-1.46767407125244	0.142192777095233	0.304009629235236
C600_DK885_RS02115	58.3226438720458	-0.252427167909894	0.324482567017796	-0.777937533685902	0.436605839739602	0.621799614070966
C600_DK885_RS02120	67.6008422233247	-0.549443572902807	0.392317454814386	-1.400507589352	0.161361372334313	0.327108976660028
C600_DK885_RS02125	703.409031571047	1.01338737612353	0.321532083592713	3.15174574431331	0.00162297528493084	0.0144880603464232
C600_DK885_RS02130	3522.2846639353	-0.109991701776008	0.322547876835771	-0.341008915808216	0.733096869767665	0.842291150122428
C600_DK885_RS02140	547.066589978961	-0.292424457375892	0.230072674530572	-1.27100907559987	0.203725419951883	0.381203377645245
C600_DK885_RS02145	241.784123274313	-0.0281660951277086	0.261662166044764	-0.107642979317423	0.914278902479008	0.955393187019941
C600_DK885_RS02150	2.28209839738784	-1.69918645967762	1.33309742485838	-1.27461536418325	0.202445416646768	NA
C600_DK885_RS02155	177.137256032964	-0.14274398630781	0.245283999556765	-0.581953925106212	0.560597716267986	0.72497471620326
C600_DK885_RS02160	528.805766083707	-0.11645985665861	0.216430813407102	-0.53809277350703	0.59051300123232	0.749015543736071
C600_DK885_RS02170	92.9910112445087	0.0992122183515196	0.286590445295458	0.346181179380343	0.729206557974617	0.840121389493243
C600_DK885_RS02175	198.021392710176	0.483208440791639	0.330007061930692	1.46423666804174	0.143129294610716	0.305033078510467
C600_DK885_RS02180	17.4973765454174	-0.795206220573961	0.770124973527741	-1.03256776225725	0.30180622119525	0.491940171154731
C600_DK885_RS02185	3660.16766998493	-1.43463952117066	0.484127176632357	-2.96335258671115	0.00304307779585002	0.0224042836534067
C600_DK885_RS02190	89.5370501884732	-0.764587446367882	0.423362863630389	-1.80598609857145	0.0709205110164269	0.192750336227394
C600_DK885_RS02195	2836.88234620332	-1.14865725147686	0.531557390041263	-2.16092800701669	0.0307009010637997	0.113015792232878
C600_DK885_RS02200	711.075040582694	-1.19055800440391	0.369172465103685	-3.22493716878245	0.00126000318632726	0.0122635912218972
C600_DK885_RS02205	77.5405070539706	-0.452613531783961	0.368985309569571	-1.22664377156897	0.219956509881779	0.400292855477462
C600_DK885_RS02210	33.3625932480861	-0.348911121632208	0.385011300543718	-0.906236053693673	0.36481092376179	0.557029574762355
C600_DK885_RS02215	147.378415715944	-0.906520517668592	0.441619479355781	-2.05271859608863	0.0400998774348702	0.132249053634918
C600_DK885_RS02220	2724.87586033147	-0.801592342587295	0.432511582296594	-1.85334306732531	0.0638332019619474	0.179118373505298
C600_DK885_RS02225	4305.52434637849	-0.979810434229881	0.452104994735642	-2.16721877802479	0.0302181762172258	0.111681092619926
C600_DK885_RS02230	21551.4404959967	-0.364962138501762	0.385700116786289	-0.946232896019531	0.344029811034794	0.534518527967974
C600_DK885_RS02235	21549.9022092926	-0.867725599566703	0.453331923227008	-1.91410654116274	0.0556065439097952	0.164083436711602
C600_DK885_RS02245	197.971125585748	0.03138893084357	0.251027936875509	0.125041583953807	0.900490629433167	0.948307781610383
C600_DK885_RS02250	7.30579477493731	0.476699123562224	1.09318141393917	0.436065887586295	0.662788926191289	NA
C600_DK885_RS02255	994.047785571228	0.0182641820547529	0.285279361812601	0.0640220937775043	0.948952634603651	0.975132067805516
C600_DK885_RS02260	27.8167411526893	0.0415385249125769	0.633495122750346	0.0655703941843082	0.947719860388833	0.974722666922733
C600_DK885_RS02265	1.24662974709736	0.404665210822372	1.66207013022707	0.243470599382643	0.807640858248621	NA
C600_DK885_RS02270	10.3675345715948	-0.607968513330383	0.603519621821259	-1.00737157724168	0.313756244697686	0.502842119718533
C600_DK885_RS02275	4.32953878473235	0.727246402919832	0.809885282297094	0.897962240846171	0.369205680275617	NA
C600_DK885_RS02280	4.22622167442504	-0.723557642284112	1.03503877065187	-0.699063322843854	0.484512458427362	NA
C600_DK885_RS02285	1.13577169674559	1.0691887326237	2.40810767448666	0.44399540101612	0.657045908936313	NA
C600_DK885_RS02290	3.10856542758735	1.65163624187616	1.02660278113271	1.60883671097581	0.107652051287148	NA
C600_DK885_RS02295	0.833590342559464	2.10937077590428	2.0944125210966	1.00714198117945	0.3138665494545	NA
C600_DK885_RS02300	5.50316542760901	0.10896019883565	0.756642306871259	0.144004898809061	0.885496601269587	NA
C600_DK885_RS02305	13.7648127965153	1.93178166344491	0.609280824059692	3.17059324232999	0.00152128000215415	0.0138753828837981
C600_DK885_RS02310	43.1854610952241	0.979723250091187	0.460238786597689	2.1287281268356	0.0332767603548677	0.118230689507099
C600_DK885_RS02315	5.19981118149341	1.09200174663665	1.06220572916081	1.02805107961467	0.303925800746181	NA
C600_DK885_RS02320	12.9799550500399	0.981915238564066	0.562663671694427	1.74511931009708	0.0809641029432437	0.211245287538934
C600_DK885_RS02325	11.8159942858802	1.20461935051967	0.558875861916298	2.15543277605374	0.0311279838383531	0.114023491537928
C600_DK885_RS02330	5735.05245668893	-1.37502993076259	0.432048192153058	-3.18258461842024	0.0014596685658709	0.0135968939067989
C600_DK885_RS02335	9952.06688845461	-1.22578567608322	0.427013441100142	-2.87060208907042	0.00409690880878077	0.0272482498841965
C600_DK885_RS02340	3816.91766045567	-1.13387860207934	0.434965094429847	-2.60682665482763	0.00913856111561511	0.0476538151863352
C600_DK885_RS02345	698.306885688156	-1.2367775958362	0.463530791476968	-2.66816707450094	0.00762663221650482	0.042008620119948
C600_DK885_RS02350	7446.20825896919	-1.42257661592799	0.466738236047517	-3.04791102604922	0.00230438145235182	0.0189644240098995
C600_DK885_RS02355	521.780126688268	-1.46374746000653	0.511567785237173	-2.86129717751461	0.00421911365261711	0.0279122145203388
C600_DK885_RS02360	1008.13997998173	-1.66019686255454	0.529423937828239	-3.13585530220804	0.00171353725108157	0.0150613037813742
C600_DK885_RS02365	8348.81095111375	-1.65207043206626	0.521336533011086	-3.16891360466221	0.00153009870423809	0.0138753828837981
C600_DK885_RS02370	1932.69757047364	-1.40274200681593	0.501123368059335	-2.7991949612093	0.00512301952514947	0.0320966723708128
C600_DK885_RS02375	14.5631264551188	-1.98710449319117	0.734267938916388	-2.70623894613142	0.00680500621206646	0.0383930396000957
C600_DK885_RS02380	377.763024634161	-1.8866849140138	0.639226123900581	-2.95151409410677	0.00316220114305633	0.0229182531186812
C600_DK885_RS02385	4943.67311604081	-0.0412890656439351	0.277759816556408	-0.148650248102212	0.881829621195612	0.935952763803964
C600_DK885_RS02390	931.419439974415	0.064411537008079	0.300085493493518	0.214643954488491	0.830044921817744	0.904486230749816
C600_DK885_RS02395	5716.91488948982	-0.0204205593046658	0.266865914804548	-0.0765199231967177	0.939005464024731	0.968401778869234
C600_DK885_RS02400	1537.15974060737	0.144952964633969	0.273878863252381	0.529259406558854	0.59662551121146	0.752205374935302
C600_DK885_RS02405	2924.64250716432	-0.0125098412030329	0.26738343137844	-0.0467861495326803	0.962683668017024	0.983853182431912
C600_DK885_RS02410	4608.84301120656	-0.159463485568409	0.281762501973612	-0.565949991398584	0.571427776413115	0.733621710187832
C600_DK885_RS02415	1355.61691172784	-0.411735399200387	0.283815878117477	-1.45071305358738	0.146859779064135	0.309713362768267
C600_DK885_RS02420	5177.00779555092	-0.404444423129415	0.324747497712886	-1.2454119769292	0.212980353008232	0.39086015654965
C600_DK885_RS02425	25.2748951753506	-0.869480474010658	0.440066927146996	-1.97579145437627	0.0481784017078108	0.149897320125222
C600_DK885_RS02430	4339.29563167713	-0.323204986449335	0.303852825186049	-1.06368925894119	0.287469491865145	0.476722377678237
C600_DK885_RS02435	30948.8574709512	-0.425564429716955	0.278499435738765	-1.5280620895625	0.126497122863453	0.282133355012789
C600_DK885_RS02440	765.878854920573	-1.1231418877836	0.396288324088738	-2.83415336640628	0.0045947275035074	0.0298136070820951
C600_DK885_RS02445	3701.96179457426	-1.09886822347547	0.372243559246539	-2.95201406761663	0.00315708547371231	0.0229182531186812
C600_DK885_RS02450	2192.7297870913	-0.929077253244036	0.342147982169007	-2.71542520097374	0.00661907266961751	0.0376924560093419
C600_DK885_RS02455	6145.31722204687	-0.930810142086745	0.371548790984174	-2.50521644713518	0.0122376478209232	0.0590137154321562
C600_DK885_RS02460	16908.5579252615	-0.894115755133534	0.344965107574945	-2.59190200834815	0.00954469540284127	0.0492193862798389
C600_DK885_RS02465	2866.29562750142	-0.853183886883543	0.330085967322905	-2.58473237685054	0.00974546088005722	0.0500464413702386
C600_DK885_RS02470	346.130895057405	0.0656490903703682	0.352980298219132	0.18598514053499	0.852456414158509	0.920153576086173
C600_DK885_RS02475	192.472273126222	0.166300892948164	0.325672861336242	0.510637859924305	0.609604660201148	0.761340317980473
C600_DK885_RS02480	20.5367645620011	0.242404436920763	0.617322977073226	0.392670362068849	0.694562963571182	0.817728023609137
C600_DK885_RS02485	604.755595153407	-0.302170660659665	0.461361762447895	-0.654953845885291	0.512497470408617	0.686159738919423
C600_DK885_RS02490	687.71860917726	-0.732580364300943	0.26148482278963	-2.80161715118096	0.00508471758172245	0.0320423389302442
C600_DK885_RS02495	1174.89262747195	-0.339090990391707	0.230556570398249	-1.47074962906493	0.141358839194625	0.302400554732805
C600_DK885_RS02500	2171.14490771621	0.467413408565414	0.181139069791699	2.58041188520464	0.00986825364944796	0.0505374202047487
C600_DK885_RS02505	1197.641862979	0.144244162985822	0.189658640756156	0.760546223524168	0.446928150374959	0.630429724464071
C600_DK885_RS02510	49.01495486609	-0.177094256804015	0.45224412469121	-0.391589955811883	0.69536121050357	0.818408667506259
C600_DK885_RS02515	334.351612437674	-0.0901237085269682	0.312796486670581	-0.288122508939435	0.773252963225438	0.868566319417576
C600_DK885_RS02520	247.069493918297	0.139790595148807	0.256539736161977	0.544908158245492	0.585816685003019	0.746168699842831
C600_DK885_RS02525	155.143691894489	0.273039239338131	0.247429277358993	1.10350416996926	0.269808281675437	0.457014665726321
C600_DK885_RS02530	361.372625357704	-0.357406521688845	0.262213745218636	-1.36303503613374	0.172871468898867	0.340432267672664
C600_DK885_RS02535	8.78212850742764	-0.767936078961539	0.671412584324372	-1.14376181932053	0.252722427991013	0.438665727017081
C600_DK885_RS02540	236.967412944061	-0.132628911259389	0.310571340779573	-0.427048133052051	0.669344269724095	0.802490270690818
C600_DK885_RS02545	667.787942537328	-0.716187339715758	0.35900227484703	-1.9949381658401	0.0460496242727736	0.144972483527665
C600_DK885_RS02585	28.3112083991999	0.888815046466312	0.441229261941768	2.01440639397941	0.0439668836084401	0.141409059910191
C600_DK885_RS02590	9.04303269976072	-0.366862759381602	0.644160786854277	-0.569520478222767	0.569002977518791	0.731013500488896
C600_DK885_RS02595	4.4052495617693	-0.100654689085571	0.884083681465946	-0.113851992968211	0.909355122082078	NA
C600_DK885_RS02600	11.1277375675832	0.769443443280213	0.658557009014651	1.16837788186549	0.242654372673106	0.42751064931579
C600_DK885_RS02615	62.0981820089751	0.546261148150935	0.435026553180614	1.25569610442639	0.209226172148459	0.387841386657522
C600_DK885_RS02620	105.538585713388	0.194255946929896	0.363842005094372	0.533901925038894	0.593409390144475	0.749791660150432
C600_DK885_RS02625	1.15146185096092	-0.173005934474756	1.53095793975011	-0.113005021224159	0.91002657435546	NA
C600_DK885_RS02635	1.24906603676228	3.89040502236787	1.79055837938306	2.1727328565005	0.029800429359416	NA
C600_DK885_RS02640	4.4776391755923	0.0507093915618802	1.05920569243038	0.0478749235623215	0.961815924566549	NA
C600_DK885_RS02645	2.91249347756349	-0.110213125734282	1.22897880509361	-0.089678622021384	0.928542604634925	NA
C600_DK885_RS02650	171.886061114689	0.220733281228648	0.245085840888089	0.900636611355446	0.367781561968349	0.559955711465325
C600_DK885_RS02655	1311.91876082602	0.0943745376874117	0.387006278773529	0.243857898085003	0.807340877367071	0.888863897557232
C600_DK885_RS02660	196.374599500921	-0.249141675536016	0.331203676528082	-0.752231008265671	0.451912149200401	0.634280623151035
C600_DK885_RS02665	89.9419226647716	-0.0228826470736029	0.284471808915515	-0.0804390676209283	0.935888056089417	0.966564386816793
C600_DK885_RS02670	1.97405371408917	-0.221270213798772	1.13428818770659	-0.195074070414289	0.845334961417911	NA
C600_DK885_RS02675	2087.43758314248	0.526804554550123	0.251411522646319	2.0953874707295	0.0361365624009393	0.123488730704681
C600_DK885_RS02680	751.581533100767	0.706749159143125	0.19390561426148	3.64481019198381	0.000267589217078161	0.00401168027861534
C600_DK885_RS02690	177.545345305993	-0.119911739245494	0.338874702173552	-0.353852732223375	0.723449252230526	0.836115735092663
C600_DK885_RS02695	702.709549221344	0.360679591140695	0.244550063339398	1.47487016038972	0.140247454068402	0.301410424408278
C600_DK885_RS02710	1871.71538210573	0.0420474605023409	0.203278196865714	0.206846878566704	0.836129443960869	0.908851502765819
C600_DK885_RS02715	547.253955086273	0.323777350275335	0.241570270661527	1.3403029660425	0.180146867597865	0.350406709305844
C600_DK885_RS02720	60.6932564942996	0.467640027014985	0.421958165027187	1.10826159030447	0.267748858441046	0.454516813582486
C600_DK885_RS02725	57.2305914668088	-0.152703273794309	0.40436446772111	-0.377637715437521	0.705699742963714	0.826429491815693
C600_DK885_RS02730	480.797082235169	-0.0391351156719656	0.212063118054467	-0.184544658359282	0.853586196418816	0.920649683925688
C600_DK885_RS02735	755.413059406474	0.394953313525643	0.245655996318698	1.60774953367414	0.107890045254637	0.253722446715205
C600_DK885_RS02740	1281.59936710212	0.282846566799243	0.205906983778514	1.37366184288091	0.169546688011583	0.336918538763798
C600_DK885_RS02745	442.717292445908	0.743321766841968	0.223601986151253	3.32430753248836	0.000886383924023109	0.00949733553175193
C600_DK885_RS02750	7.51835625953416	0.834211525502765	0.775848302751736	1.07522504405053	0.282273985468895	0.470625416131548
C600_DK885_RS02755	28.5794898312868	0.930423959491458	0.424264360311581	2.19302879649884	0.0283053044125471	0.106841748026244
C600_DK885_RS02760	101.025470657419	0.335901239582396	0.328034814526893	1.02398045788783	0.305844505308329	0.495337545953841
C600_DK885_RS02765	140.805642282267	0.126561101461716	0.42688058920564	0.296478932661771	0.766864353452194	0.865945179939156
C600_DK885_RS02770	340.024067652988	0.878394659893654	0.456537607957134	1.92403570830495	0.0543501077374984	0.161918029301297
C600_DK885_RS02775	301.023960535067	-0.423371256331857	0.307401031713588	-1.37726036237354	0.168431765378663	0.335833784433317
C600_DK885_RS02780	5398.3110528073	-0.553228802531275	0.563750119328415	-0.981336914288064	0.326426624704081	0.514226039583642
C600_DK885_RS02785	490.904827895286	0.70869831713617	0.296392554242597	2.39108002880565	0.0167988906937471	0.0736271607008958
C600_DK885_RS02790	344.669628622969	0.248014419540299	0.268405129496491	0.924030103320143	0.355470642755581	0.547438198519121
C600_DK885_RS02795	1216.29827926341	-0.312788766903792	0.287861497436127	-1.08659466337	0.277215984578312	0.464902584872423
C600_DK885_RS02800	243.717939044942	0.0574023769107791	0.249144298182111	0.23039811598988	0.817782425002531	0.896907096212215
C600_DK885_RS02805	2729.62523087403	-0.565499328625461	0.305352112248049	-1.8519581360095	0.0640318346919618	0.179540242371579
C600_DK885_RS02810	2345.29480603147	-0.476810238697323	0.32860669462358	-1.45100585745373	0.146778229167773	0.309713362768267
C600_DK885_RS02820	3307.05802278385	0.000615959125939928	0.209504583947735	0.00294007469590065	0.997654163172118	0.998891513049041
C600_DK885_RS02825	1670.15101625707	0.157209261766982	0.189896947582493	0.827866186204434	0.407746286479331	0.598500076245619
C600_DK885_RS02830	13.1027679181295	1.46690598064762	0.613273725592468	2.39192699675904	0.0167601756937763	0.0735706413570957
C600_DK885_RS02840	265.662348612358	0.278332128289818	0.264951028388364	1.05050404968363	0.293486430035735	0.484161125504907
C600_DK885_RS02845	6674.65854938224	-7.38978307700749	1.63262368963277	-4.52632356368032	6.0018663592048e-06	0.000232447282536703
C600_DK885_RS02850	2495.4115731365	-4.45413968857632	0.904028996151343	-4.9269876381605	8.35070358393047e-07	4.85123686328961e-05
C600_DK885_RS02855	570.986856966323	-4.24354241396863	0.894400744191219	-4.74456494085986	2.08954937439809e-06	9.96018535129757e-05
C600_DK885_RS02860	275.162093093353	-3.53864439237465	0.837610624538802	-4.22468900071924	2.39270973276403e-05	0.000729188097247269
C600_DK885_RS02865	239.716651336815	-3.25087205975182	0.857622353066092	-3.79056358329468	0.000150305848429779	0.00267386193522449
C600_DK885_RS02870	106.254031115797	-0.0456453052522727	0.452640367887138	-0.100842320947508	0.919675630796375	0.958607792346769
C600_DK885_RS02875	42.6434382323627	0.32991300583851	0.368833264221953	0.894477363733597	0.37106653583949	0.563572459252951
C600_DK885_RS02880	1.86612732829367	-0.607888927483135	1.23670778823333	-0.491538044206481	0.623045951143395	NA
C600_DK885_RS02885	47.2937368620213	0.543924781916487	0.387232957245656	1.40464485715617	0.160126910732033	0.325820884389517
C600_DK885_RS02890	15.9442135007611	0.404113496919198	0.585496673999087	0.690206306654148	0.490064457897116	0.669294317089899
C600_DK885_RS02895	57.5525387565537	0.55281768788006	0.319107792225303	1.7323854238249	0.0832049614865526	0.215079382086168
C600_DK885_RS02900	2.32845816912066	0.235289084136238	1.07787107526743	0.21829056325485	0.827202726613699	NA
C600_DK885_RS02905	29.2119197438252	-2.99023475601402	0.806040296971974	-3.70978320469503	0.000207436800447165	0.00338267554413403
C600_DK885_RS02915	897.314826018146	-0.995602517337738	0.357196494177035	-2.78726844626951	0.00531544263268081	0.0327198935568001
C600_DK885_RS02920	2154.68769082192	-0.532544276061391	0.20754452479221	-2.56592784894983	0.0102900229880378	0.0519813933009846
C600_DK885_RS02935	44.2995832209421	-0.478230532842713	0.372079143830918	-1.28529249965172	0.198690090161398	0.373661990500797
C600_DK885_RS02940	1118.52066317602	0.71126600180869	0.214872416698926	3.31017825710639	0.000932365732097881	0.0098202147080451
C600_DK885_RS02950	29.9823845712055	0.235533411979027	0.388509439798942	0.606248878021905	0.544349500132245	0.712637831511158
C600_DK885_RS02955	34.066756997883	-0.203770023281585	0.388701976448251	-0.524232022547263	0.600117170744693	0.754815846017852
C600_DK885_RS02960	38.5803747906221	0.611081864587981	0.362290663581883	1.68671711974677	0.0916577586098272	0.229353958243982
C600_DK885_RS02965	7839.29020148314	1.31931142899983	0.284493175587542	4.63740975956685	3.52802558980544e-06	0.000150772403941341
C600_DK885_RS02970	40.4068806784546	-1.67868389143456	0.575907340525851	-2.91485065965955	0.00355858783054305	0.0249168164857986
C600_DK885_RS02975	1165.85463110371	-0.422160445242168	0.318925598441387	-1.3236957061625	0.185604125077799	0.358109048800859
C600_DK885_RS02980	594.218130473676	-0.720134009456199	0.340185415841627	-2.11688677974207	0.0342694579363155	0.120201740195492
C600_DK885_RS02985	288.155507360927	-1.31450549712728	0.472818270118316	-2.78014954201822	0.00543338712525576	0.0330627386770883
C600_DK885_RS02990	1540.17015596556	0.0844358030115028	0.213550569246223	0.395390203404931	0.692554937869465	0.817728023609137
C600_DK885_RS02995	381.439769294255	-0.116597059559949	0.218119422688794	-0.534556061641088	0.592956873508316	0.749791660150432
C600_DK885_RS03000	270.066272565441	-0.519744743336942	0.307546607712624	-1.68997065908982	0.0910335680972009	0.228536668592433
C600_DK885_RS03005	284.87445924525	-0.203336958115055	0.268874886311563	-0.75625121001236	0.449498594551697	0.632325302513511
C600_DK885_RS03010	441.133230620586	-0.0837944410650763	0.261363791884958	-0.320604627216149	0.74851003057509	0.852656860915159
C600_DK885_RS03015	729.167482708759	0.240886777397055	0.23750036715221	1.01425854740963	0.310459398248469	0.499691793371346
C600_DK885_RS03020	664.567686768991	0.274994772068617	0.221630523456059	1.24078023090144	0.214686946172809	0.392817945802413
C600_DK885_RS03025	929.919645773171	-0.831635325940038	0.472458071244793	-1.76023096345653	0.0783686540506385	0.207236597269043
C600_DK885_RS03030	467.669468655932	-0.158766814074055	0.400869439515465	-0.396056167978179	0.692063592791333	0.817700853541396
C600_DK885_RS03035	177.669228940218	-0.106160716582792	0.422786226778623	-0.251097859529799	0.801738450752548	0.885317362607061
C600_DK885_RS03040	357.277952159788	-0.510388237419068	0.501725112032043	-1.01726667687001	0.309026584365559	0.498032440689704
C600_DK885_RS03045	154.067766417161	-0.770320204947182	0.579891321940359	-1.32838719222359	0.184050228387283	0.356220067227444
C600_DK885_RS03050	36.2348543401557	-0.342249086363041	0.361610864358919	-0.946456868683401	0.343915611372842	0.534518527967974
C600_DK885_RS03055	791.516226518241	-0.171335674964489	0.265871697927608	-0.644429912247148	0.519296692919713	0.691769709306922
C600_DK885_RS03060	117.324454331381	-2.58413968518769	0.72090674340965	-3.58456861280776	0.000337635799042683	0.00465650725833215
C600_DK885_RS03065	640.136179885671	-0.289423638904483	0.223333758161037	-1.29592427623858	0.195001574619738	0.369717416846601
C600_DK885_RS03070	1346.76067710884	-0.84902724627769	0.395026650200319	-2.14929105630505	0.0316113350419183	0.114441035721375
C600_DK885_RS03075	1257.83227551409	-0.701601112196788	0.403639784391089	-1.73818622278571	0.0821780059014096	0.213418013539556
C600_DK885_RS03080	411.434503748507	-0.446159106857184	0.324912614573195	-1.37316646644594	0.169700601916108	0.337044251027826
C600_DK885_RS03085	989.683447271084	-0.511147190732628	0.375198784827139	-1.36233701014816	0.17309155270188	0.340494054510862
C600_DK885_RS03090	180.925892019568	0.788733338978657	0.386630848188522	2.04001657569256	0.0413486748181655	0.135175775054287
C600_DK885_RS03095	468.321893737915	-2.20850965040976	0.667094540164428	-3.31063967314948	0.000930829849661353	0.0098202147080451
C600_DK885_RS03100	873.175211956941	-0.473100520145968	0.236241467023984	-2.00261421547106	0.0452187128540323	0.14406441678774
C600_DK885_RS03105	9016.71239296298	0.0359265283891034	0.380816520574584	0.0943407821039296	0.924838454924699	0.961701136220264
C600_DK885_RS03110	33395.2223451653	0.45198297741738	0.320115541726226	1.41193699930987	0.157968512240101	0.323239916625589
C600_DK885_RS03115	271.364688055754	0.464142833577837	0.311380237013902	1.49059824100884	0.136067006416561	0.295673366368658
C600_DK885_RS03120	1952.89208139018	0.646362282222459	0.244517216769994	2.64342237639021	0.00820725819009655	0.0443525958586904
C600_DK885_RS03125	732.122272409023	-0.195251430326037	0.374884832621858	-0.520830434671079	0.602484899582604	0.755841631316822
C600_DK885_RS03135	26.2281996564351	0.466443081058251	0.414110237776347	1.12637418375097	0.260007169453952	0.446309628822619
C600_DK885_RS03140	216.303809941479	0.0743391531544704	0.338990446599006	0.219295717328597	0.826419697792413	0.901328376765089
C600_DK885_RS03150	627.436755498319	-0.526194680906592	0.249468452893995	-2.10926341508272	0.0349218508194163	0.121337277930728
C600_DK885_RS03155	3527.85599646562	-1.20143314036785	0.443807987227309	-2.70710121256222	0.00678735610778826	0.0383930396000957
C600_DK885_RS03160	10441.1673250862	-1.72106793492353	0.573674870875198	-3.0000755171616	0.00269912677785202	0.0208105938922246
C600_DK885_RS03165	438.180795145085	-1.60038311152231	0.523300194718409	-3.05825055613343	0.00222633343412707	0.0185634304145166
C600_DK885_RS03170	1298.86290993538	-1.56182816672806	0.514865688055227	-3.03346717981434	0.00241761007115183	0.019498208773411
C600_DK885_RS03175	3003.61393052002	-0.63359038495605	0.306366599712931	-2.06807917556852	0.0386325785454148	0.129052944323317
C600_DK885_RS03180	9481.81366165639	-1.02164592022317	0.507016304251362	-2.01501591103995	0.0439029819624269	0.141409059910191
C600_DK885_RS03185	17316.4131331218	-0.214381241559524	0.264272652508651	-0.811212357860246	0.417243730045971	0.6070342805514
C600_DK885_RS03190	14.7025351042751	-0.192867872809533	0.487066132611925	-0.3959788207307	0.692120652526835	0.817700853541396
C600_DK885_RS03195	29270.607131561	-1.01418743742347	0.452887574879137	-2.23938013246251	0.0251311929502751	0.0978406025016992
C600_DK885_RS03200	730.700929122633	1.38397093085904	0.436624706047158	3.16970366470641	0.00152594475618736	0.0138753828837981
C600_DK885_RS03205	53.5552122094955	0.559537539275917	0.34051240200858	1.64322220270208	0.100336967736513	0.243984856798139
C600_DK885_RS03210	115.736704396739	0.839801698279303	0.592636621869748	1.41706007912531	0.156465362899139	0.321757864634402
C600_DK885_RS03215	206.029256573687	0.656159001210841	0.584860269658356	1.1219072917949	0.261901859995081	0.448940117778567
C600_DK885_RS03220	914.833938125427	0.0811310949619704	0.226027319839338	0.358943755204632	0.719637165873481	0.834043323789776
C600_DK885_RS03225	918.677597362889	0.447418658322034	0.346211408381293	1.29232788836721	0.19624361789391	0.371126028143214
C600_DK885_RS03230	46.8264826360756	-0.481228078563159	0.385814967324856	-1.24730277288067	0.212286501110042	0.39086015654965
C600_DK885_RS03235	173.151553364232	0.088562411958808	0.548754701092284	0.16138797860415	0.871787834246743	0.929806990169074
C600_DK885_RS03240	36.7307650987279	-0.171954435502574	0.36793108095774	-0.46735501402863	0.640245902385705	0.782522769582528
C600_DK885_RS03245	45.3059688249282	-0.208591892445523	0.358399162340416	-0.582009988760514	0.560559952698136	0.72497471620326
C600_DK885_RS03250	230.699684686063	0.612965444205332	0.27823681913735	2.20303497612495	0.0275922835444615	0.104691638481664
C600_DK885_RS03255	269.338705416385	-0.0827894697268551	0.269593273968406	-0.307090264190186	0.758774667967296	0.860886242142938
C600_DK885_RS03260	121.350763990013	-0.204878117097209	0.286986867344847	-0.71389370180143	0.475292912181832	0.654738439233809
C600_DK885_RS03265	25.4282545006031	-0.248569264886615	0.413834017218999	-0.600649667605921	0.548073349445708	0.714995337978646
C600_DK885_RS03270	631.313252115032	0.659454249707131	0.451584960044118	1.46031047987671	0.14420476312999	0.306308585723132
C600_DK885_RS03275	144.150302658145	0.593073837615587	0.385725232485346	1.53755520165023	0.124157408079201	0.278922805582157
C600_DK885_RS03280	36.5790685081336	0.771480671493406	0.379227097295539	2.03435006885116	0.0419163123387874	0.136706008136501
C600_DK885_RS03285	22.1207740085481	0.592721169754914	0.625595515952853	0.94745111600126	0.34340895465065	0.534358003222006
C600_DK885_RS03290	0.578852490896922	-1.11576399484997	2.22595573697344	-0.501251653982589	0.616194025467118	NA
C600_DK885_RS03295	14.7039759920682	0.175738474221917	0.549305789190337	0.319928312572404	0.749022674623438	0.852945269295541
C600_DK885_RS03300	3.20379657757846	-0.660644952785488	0.997392906685202	-0.662371817923909	0.507732960421887	NA
C600_DK885_RS03305	7.52474475012545	1.47950624309236	0.759049301545279	1.94915697844707	0.0512766809084616	0.155503017632676
C600_DK885_RS03310	2.61785684335824	0.329408474023024	1.2398918267228	0.265675171755665	0.790489386455075	NA
C600_DK885_RS03315	1.66399237919687	-0.377488060034954	1.36709474612904	-0.276124285536039	0.782452608351345	NA
C600_DK885_RS03320	2.11271297125682	-0.913486115979804	1.15068903895177	-0.793860100389894	0.427276879878147	NA
C600_DK885_RS03325	3.88290480052948	-0.437798405062221	0.879767761306755	-0.497629515784871	0.618745196039817	NA
C600_DK885_RS03330	42.2997756505889	0.355818646893395	0.38920581335631	0.914217194817822	0.36060273076893	0.552874619793353
C600_DK885_RS03335	5.29067433185726	1.53489077950961	1.03020903195571	1.48988286056456	0.136255038896749	NA
C600_DK885_RS03340	7.92428035115594	0.878738899041433	0.659927381535718	1.33156908415668	0.183001829621683	0.354560084696935
C600_DK885_RS03345	10.9626205794182	0.24973038756119	0.542168829728172	0.460613694236899	0.645075784892039	0.785842650140432
C600_DK885_RS03355	690.530027385659	0.401252527259695	0.219285387218335	1.82981881442096	0.0672770364683256	0.186390478084378
C600_DK885_RS03360	330.375024252993	0.58555932046867	0.294610095902087	1.98757384289804	0.0468588415901728	0.147022086947057
C600_DK885_RS03365	83.3534037968615	0.00249291294356195	0.426065296946721	0.00585101147975843	0.99533159491186	0.997477862501966
C600_DK885_RS03370	525.742987365378	-2.38051347682522	0.696500786507768	-3.41781879208067	0.000631251196130958	0.00719936180127271
C600_DK885_RS03375	84.7851310482102	-1.45622923385981	0.818319884767751	-1.77953543713911	0.0751520204291232	0.201852850423767
C600_DK885_RS03380	75.3031761413939	-1.58538401641851	0.870441920719697	-1.82135531237706	0.0685528634582016	0.188595718976319
C600_DK885_RS03385	181.689202076231	-1.66562721874548	0.778717557774389	-2.13893625758987	0.0324408311073742	0.116199431654352
C600_DK885_RS03390	204.57171186343	-1.06656014749446	0.606869589220365	-1.75747832226139	0.0788363136340164	0.208177140689824
C600_DK885_RS03400	20.9816575692543	-2.97060412666538	1.0204998943033	-2.91093036192172	0.00360354322482231	0.0250429415138119
C600_DK885_RS03405	2.29304455750275	-1.67025402337949	1.26220418702184	-1.32328353887055	0.185741103796738	NA
C600_DK885_RS24200	0.190703111027855	-0.720189104373366	4.0804728567969	-0.176496482061812	0.859903912208586	NA
C600_DK885_RS03415	339.47364035595	-3.31406221071617	0.74942872788121	-4.42211792452326	9.77380844059453e-06	0.000352806017302237
C600_DK885_RS03425	863.241574617021	-3.46917778737709	0.913858328522838	-3.79618774496992	0.000146938236017482	0.00263920947590821
C600_DK885_RS03430	2283.53009258393	-3.964731968492	0.950794613402677	-4.16991420923508	3.04714323962227e-05	0.000851825456008693
C600_DK885_RS03435	1653.5258165196	-3.94739220092694	1.01607498270712	-3.88494182822014	0.000102354393075878	0.0019820501742506
C600_DK885_RS03440	6048.24207060091	-4.76903393517315	1.4144054153118	-3.37175882073518	0.000746898230060304	0.00834541790177327
C600_DK885_RS03445	1705.72256262379	-5.48276901859794	1.53349783555793	-3.57533534868222	0.000349779255187875	0.00479881649737461
C600_DK885_RS03450	2026.94596074583	-4.13288587184126	1.05925417523252	-3.90169420001016	9.55217830562969e-05	0.00189919780429579
C600_DK885_RS03460	272.280918493931	0.461906162484496	0.38427443929986	1.20202156387523	0.229355173480918	0.411836118005476
C600_DK885_RS03465	491.977277065845	0.250938135407042	0.405750840405789	0.618453766247484	0.536276265345851	0.707000589702533
C600_DK885_RS03470	56.1322815643421	-0.946134686331754	0.47079259330873	-2.00966349041798	0.0444668165602419	0.142278505999122
C600_DK885_RS03475	25.0941547510835	0.381701033020475	0.420844430644251	0.906988438545204	0.364412911137366	0.556820320323177
C600_DK885_RS03480	225.647775954416	0.0606806432518044	0.238477810031664	0.254449851094102	0.799148042307305	0.884028941678899
C600_DK885_RS03490	8.67103238720252	1.56058373020541	0.683801342368748	2.28221799740757	0.022476473060255	0.0904410463615022
C600_DK885_RS03495	837.11754447729	1.6135916954387	0.455181234431309	3.54494336185603	0.000392697458044678	0.00521446124646468
C600_DK885_RS03500	146.298249791095	-1.34829163337003	0.430169873128359	-3.13432371161825	0.00172250718651195	0.015089855617228
C600_DK885_RS03505	167.870992255649	-0.826990830457408	0.303938322993126	-2.72091660674233	0.00651011824145157	0.0374142012639624
C600_DK885_RS03510	1487.20049572055	0.911148026857732	0.311036208753736	2.9293953604583	0.00339622140718461	0.0241726709324434
C600_DK885_RS03515	2538.82118144054	1.02502988246373	0.294073856399347	3.48562056829612	0.000490996902034329	0.00610605886102983
C600_DK885_RS03520	675.489795008818	1.06126320776212	0.334709174367096	3.17070247557114	0.00152070811285983	0.0138753828837981
C600_DK885_RS03525	4617.6215379573	0.698413238002453	0.348939204166738	2.00153273023665	0.0453350102060868	0.144064587988231
C600_DK885_RS03530	323.584630043559	-0.441102272833718	0.341233632672324	-1.29266939304689	0.196125427874327	0.371091267601399
C600_DK885_RS03535	876.965019036574	0.706199428641583	0.33746164834664	2.09268055229843	0.036377680443492	0.123857340557604
C600_DK885_RS24205	18.033204848949	1.47533790951604	0.709806076788745	2.07850842330156	0.0376625558902196	0.126608845207809
C600_DK885_RS03540	1508.75613595583	0.190974419053622	0.260785064965954	0.732305813136017	0.463981932005243	0.644409721029322
C600_DK885_RS03545	2095.22671113157	-1.00338339209765	0.571979584773345	-1.75422937952453	0.0793912109616166	0.209048528580234
C600_DK885_RS03550	760.345765456017	-1.72923702720791	0.300164107757043	-5.76097202336921	8.36309026594972e-09	1.15162850402967e-06
C600_DK885_RS03555	874.595189979278	-1.38220638128621	0.392773407075288	-3.51909359541052	0.000433023912287527	0.00558334273089111
C600_DK885_RS03560	83.8561972582584	0.135900377914424	0.290513495249801	0.467793683035512	0.639932138447685	0.782396478378327
C600_DK885_RS03565	809.419319556173	1.39645088802108	0.333537187702913	4.18679217642417	2.82924660248218e-05	0.000821807724064745
C600_DK885_RS03570	35.6566840806755	-0.0122708041127823	0.365550726219405	-0.033567992709765	0.973221645994267	0.988374236494587
C600_DK885_RS03575	525.81336229398	-0.25142249857206	0.312977326736794	-0.803324960288577	0.421786934737065	0.60949453677641
C600_DK885_RS03580	6.53918636476224	-0.276994946586515	0.790147188446658	-0.350561200035473	0.725917569239245	NA
C600_DK885_RS03585	32.2463951957326	-0.014296652698738	0.395893134622197	-0.0361124036979863	0.971192732058998	0.987641831706099
C600_DK885_RS03590	127.280722059663	0.122743167231588	0.282081173492804	0.435134205206783	0.663465016648766	0.798305155954729
C600_DK885_RS03600	13.1133319905035	0.332994978081802	0.802494032870358	0.414950098620356	0.67817843390217	0.80868101900201
C600_DK885_RS03605	50.6879017677347	-0.0114008380509725	0.571260996279212	-0.0199573192030079	0.984077420119492	0.993968988862882
C600_DK885_RS03610	85.2423431288014	1.71459646992583	0.392233109256301	4.37137107873635	1.23468745808325e-05	0.000421153024692982
C600_DK885_RS03615	24.2540204284419	-0.165216427007495	0.447376691844297	-0.369300479929777	0.711903767865659	0.829216230866078
C600_DK885_RS03620	2.56302574049131	0.432803303336436	1.06600389928219	0.40600536604779	0.684738657652521	NA
C600_DK885_RS03625	19.1942176261456	-1.48362171229315	0.775000913772672	-1.91434833937285	0.0555756617444782	0.164083436711602
C600_DK885_RS03630	11.8866908608738	-2.0114478510894	0.83221867281619	-2.41697034300222	0.015650292191224	0.0703531718966966
C600_DK885_RS03635	122.46802172765	-1.54299676142449	0.546160495248753	-2.82517094306083	0.00472553977242223	0.0304498386028871
C600_DK885_RS03640	586.333891129161	0.56355279789504	0.262200317290629	2.14932157107341	0.0316089177192137	0.114441035721375
C600_DK885_RS03650	34.2713934064024	-2.64826453673766	0.760116009590692	-3.4840267844953	0.000493930055217444	0.00612143981766152
C600_DK885_RS03655	221.525572910099	0.236386762114821	0.393157348695045	0.601252304959905	0.547671951544956	0.71495744165502
C600_DK885_RS03665	110.934786303958	0.479310800910725	0.263895109742998	1.81629284975199	0.0693254615047719	0.190292496831266
C600_DK885_RS03670	144.837721821461	-0.524800576768258	0.348746578205073	-1.50481928588174	0.132370544019905	0.290527557654076
C600_DK885_RS03675	31.1704362681457	0.348529481740585	0.413356303892125	0.843169629829916	0.399133581032258	0.590370411200059
C600_DK885_RS03685	429.686815440466	0.930354427997755	0.241028675816627	3.85993253643215	0.000113418333325045	0.00215147634338019
C600_DK885_RS03690	6640.9987453259	1.78396027071793	0.302790476975877	5.89173176295126	3.82169176776875e-09	5.68361999702569e-07
C600_DK885_RS03700	513.108243410369	-0.0327843975662022	0.259681661414988	-0.12624841272026	0.899535290101207	0.948307781610383
C600_DK885_RS03705	4226.74007276524	-1.2169984283653	0.341184862911058	-3.5669766178418	0.000361123689054252	0.004918160717596
C600_DK885_RS03715	403.666981543882	0.547916182184277	0.368696047270318	1.48609182615554	0.137254834038129	0.296980834270914
C600_DK885_RS03720	31.8492993514102	0.455056019174175	0.425896370779969	1.06846653410266	0.285310118500787	0.474366219158542
C600_DK885_RS03725	4.19442549523735	0.570540552820709	0.917737920601314	0.621681353699412	0.534151414881962	NA
C600_DK885_RS03730	5.61728727701019	0.872682064123309	0.758766939980796	1.15013190235383	0.250089548437449	NA
C600_DK885_RS03740	11.606648513146	0.524945124891368	0.528919309356124	0.992486217851276	0.320960399277355	0.508711042997521
C600_DK885_RS03745	91.0403628920644	0.575340157026943	0.284488940930727	2.02236387518149	0.0431387742024146	0.139523110986584
C600_DK885_RS03750	35.5344648121705	-0.00903581674579303	0.360448697906392	-0.0250682463226421	0.980000527982643	0.991613541094006
C600_DK885_RS03755	217.942748505823	0.33586829724303	0.263775539199514	1.27331100625288	0.202907702663874	0.380055838037423
C600_DK885_RS03760	806.49569623423	0.399529038977388	0.291215714267823	1.37193502755127	0.170083664938269	0.337359630931386
C600_DK885_RS03765	216.880699824928	-1.00889997393603	0.469147300745222	-2.15049723686662	0.0315159043226414	0.114318177825932
C600_DK885_RS03775	330.721645201527	0.122333286896355	0.239065902679874	0.511713655209827	0.608851427846808	0.760655110461839
C600_DK885_RS03780	821.514723138212	0.34406608791055	0.22229880410996	1.54776400749488	0.121679125090271	0.274849931400745
C600_DK885_RS03785	756.445185955379	0.393993674919119	0.200352012333485	1.96650720065301	0.0492400513789831	0.151834411441364
C600_DK885_RS03790	6.65597730773086	0.431930666536995	0.708897938462843	0.609298804667966	0.542326399255868	NA
C600_DK885_RS03800	2.25659576709612	-0.588306201398541	1.15447136009294	-0.509589255944107	0.610339252542938	NA
C600_DK885_RS03805	242.674504659399	0.0214560207087609	0.518159852081957	0.0414081110733511	0.966970546643267	0.984985340388949
C600_DK885_RS03810	102.172827648161	0.17459955176471	0.461048285590691	0.378701227662119	0.704909741607947	0.8262290644382
C600_DK885_RS03815	89.5327868628052	-0.332506570355499	0.464810324481367	-0.715359691561302	0.474386812935844	0.654217422290604
C600_DK885_RS03820	8.18372912241078	1.20213729474013	0.844240180886927	1.42392807397205	0.154467294067949	0.319238131931426
C600_DK885_RS03825	3.89143310306898	0.557709712642358	0.982218954833048	0.567805894905738	0.570166776621064	NA
C600_DK885_RS03830	31.8345775926537	1.94703611935119	0.483093957273218	4.03034666453099	5.56946514262263e-05	0.00129420446251693
C600_DK885_RS03835	0.642562684222077	-2.70980040114085	3.20094177585849	-0.846563477529698	0.397238478287996	NA
C600_DK885_RS03850	13.9153279110192	0.144748194334236	0.538846291680834	0.268626130622	0.788217401833486	0.880057747752823
C600_DK885_RS03855	257.451700134339	-1.28699812416697	0.443918984785552	-2.89917342640502	0.00374147881536389	0.0255713570505936
C600_DK885_RS03860	3022.9403512859	0.0498823853791614	0.222400963954591	0.224290329017397	0.8225314008584	0.899118193836602
C600_DK885_RS03865	366.319056695432	-0.569450185482909	0.311019292609333	-1.83091595606639	0.0671130883615902	0.186074916128555
C600_DK885_RS03870	621.771896520668	0.726177292143386	0.210836861890574	3.44426152823446	0.000572621523142058	0.00669499000956657
C600_DK885_RS03875	157.191719597896	-0.702129943313334	0.425875078830556	-1.64867581648911	0.0992140671314515	0.242045867188147
C600_DK885_RS03880	1520.38529951488	-0.489747816554905	0.305721688751712	-1.60194004735021	0.109168867606303	0.255598142166394
C600_DK885_RS03885	1289.25162845047	-0.848183413406398	0.396245204186643	-2.14055187152973	0.032310193515189	0.115843104618585
C600_DK885_RS03895	2719.46118381009	-0.500418514411456	0.347834797567735	-1.43866720037982	0.150244836611954	0.312721980524561
C600_DK885_RS03900	221.518057161991	-0.708107437566038	0.248555940931263	-2.84888558653226	0.0043872654658576	0.0286675799684685
C600_DK885_RS03905	60.898875842197	-0.179423533698357	0.301063538351059	-0.595965671170509	0.551198160165028	0.717310031324318
C600_DK885_RS03910	1337.47129704485	0.0729341191566258	0.207522808795809	0.351451098700138	0.725249952973303	0.836900519415977
C600_DK885_RS03915	291.736325391191	0.0683093136867663	0.283299765938311	0.24112026164413	0.809461909471293	0.89014474398529
C600_DK885_RS03920	1573.02585652319	-0.348401857299947	0.227466372405972	-1.53166313602669	0.125605583731076	0.280720407720042
C600_DK885_RS03925	1280.82513947779	-0.946792968164848	0.444877300008125	-2.12821145998583	0.0333195550920295	0.118230689507099
C600_DK885_RS03930	83.9116976897597	-0.543620742959974	0.285555780870447	-1.90372872614548	0.056945523202961	0.166711382101267
C600_DK885_RS03940	6.63453815997292	0.931105348015834	0.689922033889225	1.34958053559619	0.177150571167953	NA
C600_DK885_RS03945	60.3885061998041	0.561989694960281	0.315823195094159	1.77944401706382	0.0751669954254719	0.201852850423767
C600_DK885_RS03950	59.532511546538	-0.279825860928654	0.351259954703009	-0.796634678055594	0.425663231211505	0.61177993175041
C600_DK885_RS03955	2200.1302566959	0.551096266959354	0.427119313596558	1.29026304691972	0.196959342521839	0.372290206149567
C600_DK885_RS03960	195.406672595	0.372965475310426	0.451261926657712	0.826494444308229	0.408523668315977	0.598931781860726
C600_DK885_RS03965	43.8726412180134	0.548730318947781	0.552920040560285	0.992422554248064	0.320991441205588	0.508711042997521
C600_DK885_RS03970	174.573389238262	0.491686508755059	0.394355834868649	1.24680926533984	0.212467442367589	0.39086015654965
C600_DK885_RS03980	505.008948366031	1.54093775452377	0.367772317961333	4.18992316514095	2.79048927947962e-05	0.000816932215835056
C600_DK885_RS03985	962.659782416766	0.548885895241507	0.216627831916061	2.53377366327606	0.0112841590744737	0.0556425775051635
C600_DK885_RS03990	158.009014443184	0.87432431052994	0.365706830705066	2.3907792721407	0.0168126571907102	0.0736271607008958
C600_DK885_RS03995	528.317363610267	0.392865378375085	0.248003263465938	1.58411374465257	0.113167837126979	0.261003410615215
C600_DK885_RS04000	720.144381252951	0.148993534471254	0.21929889583673	0.679408502732184	0.496879063896151	0.674478408019674
C600_DK885_RS04005	7.40582658730752	0.852527091431776	0.653001206496302	1.30555209232466	0.191704921243601	NA
C600_DK885_RS04010	31.5609133826663	0.633248441729738	0.361638016103917	1.75105606581962	0.079936252993072	0.209445376059367
C600_DK885_RS04015	155.029019901065	0.0586818128051419	0.323426020514757	0.181438131390125	0.856023691011314	0.921986119113577
C600_DK885_RS04020	408.24867529253	-0.897982906814146	0.426565467871123	-2.10514674639685	0.0352785361600636	0.121337277930728
C600_DK885_RS04025	46.5602017642067	0.016542789305742	0.383464710508823	0.043140317354865	0.965589680598237	0.984387834511721
C600_DK885_RS04030	1568.71654569284	1.18780541512749	0.478353300404052	2.48311324312842	0.0130239676658429	0.0614506494690405
C600_DK885_RS04035	268.160296518511	-1.27457007059493	0.558735108368663	-2.2811705430795	0.022538357113061	0.0904941811515774
C600_DK885_RS04045	227.276445237107	0.228003969641175	0.280462518713213	0.812957006473727	0.416242708518158	0.605947686088689
C600_DK885_RS04050	164.183847594535	0.586027696960976	0.356041673456021	1.64595254053417	0.0997735304728471	0.242773551242176
C600_DK885_RS04055	76.4472038862021	-0.316296567345337	0.30787994585295	-1.02733734887821	0.304261641372483	0.493721647404256
C600_DK885_RS04060	535.621254117713	0.0942693351335601	0.262338035657002	0.359342993849408	0.719338514772666	0.834013202799109
C600_DK885_RS04065	1348.6033790312	-1.39226031640669	0.529269463925557	-2.63053210378016	0.00852513172917338	0.0455615957878491
C600_DK885_RS04075	119.538506616888	1.62655625505957	0.814011326299955	1.99819855388622	0.0456951382695404	0.144591084328639
C600_DK885_RS04080	6.96824300053822	1.12894385877769	0.869790743373217	1.29794880823798	0.194304926517827	NA
C600_DK885_RS04090	3742.65676851631	0.175283846161023	0.203931926107072	0.85952135846053	0.390052941488659	0.5833535142618
C600_DK885_RS04095	3309.36528702963	-0.246549787947685	0.320962418167656	-0.768157809114269	0.442393435780771	0.626120591637954
C600_DK885_RS04100	2583.10818418512	-0.0825714439395234	0.322228293517842	-0.256251377053428	0.797756739452402	0.883018623782087
C600_DK885_RS04105	2796.79058278118	0.235058538898394	0.338301397764334	0.694819886798516	0.487168183701571	0.666651198749519
C600_DK885_RS04110	486.01782870133	0.0875889280229944	0.340839834613178	0.256979728095455	0.797194422317139	0.882658982184373
C600_DK885_RS04115	583.41258218225	0.355786659606713	0.24670170602258	1.44217348693222	0.149253438075976	0.31183147222745
C600_DK885_RS04120	72.0063862573394	0.35303520176158	0.299170955057366	1.18004504044815	0.237982301618404	0.423179554789352
C600_DK885_RS04125	113.415371802965	0.212333488888154	0.264186618413779	0.803725374748502	0.421555596132459	0.60949453677641
C600_DK885_RS04130	390.71997888815	-0.384402210631246	0.247957134406453	-1.55027687165126	0.121075076081991	0.274151725257516
C600_DK885_RS04135	1914.63742946646	0.378179706215133	0.302175205062344	1.2515246118129	0.210743140002118	0.38962854029233
C600_DK885_RS04140	16.8836942235807	0.340484949674353	0.441025083840917	0.772030803121325	0.440096183780745	0.624771901984272
C600_DK885_RS04145	3.90887138876498	0.624011158073981	0.880738752166723	0.708508801888004	0.478629348157836	NA
C600_DK885_RS04150	4.26172315014663	1.62216117801219	0.956136234980308	1.69657954448887	0.0897761798167759	NA
C600_DK885_RS04155	4.09960933122845	0.629437509028896	0.86812480161769	0.725054171768832	0.468418797656226	NA
C600_DK885_RS04160	16.131279825417	-0.21049795011217	0.485244217947647	-0.433797956423832	0.664435165729198	0.798697040472408
C600_DK885_RS04165	21.4636263148264	-1.43405900338668	0.450684110665428	-3.18196042294306	0.00146281806420644	0.0135968939067989
C600_DK885_RS04170	35.5470645790321	1.70161075292609	0.40681795783624	4.18273264527584	2.88026032773684e-05	0.000823754453732736
C600_DK885_RS04175	191.22804862683	0.0724173457555931	0.470810735725884	0.153814134344116	0.877756288870572	0.932705961368158
C600_DK885_RS04180	21.9937375312083	2.79764618788143	0.764308393298579	3.66036303200523	0.000251858157285129	0.00383774028191028
C600_DK885_RS04185	14.2073052354109	2.28525069358355	0.72281590089605	3.16159438489193	0.00156907958796685	0.0141379620703486
C600_DK885_RS04190	83.1202776930149	0.423289555250252	0.349501618720766	1.21112330409101	0.225848151183121	0.408103578732338
C600_DK885_RS04195	24.589498309052	-0.613001265294993	0.607739673226064	-1.00865764125781	0.31313885303686	0.502698728666254
C600_DK885_RS04200	351.979062630253	-0.4379773056522	0.432096950396728	-1.0136088793269	0.3107694190667	0.499974340151445
C600_DK885_RS04205	34.5575451358034	1.19817949424746	0.39974132177493	2.9973871325769	0.00272304670876673	0.0208318676197422
C600_DK885_RS04215	105.88969644334	0.674481279890545	0.418702425881825	1.61088457624774	0.107204882341194	0.252911010497816
C600_DK885_RS04220	13.5252712102112	0.0337459166709331	0.521880587403855	0.0646621420405872	0.94844300598544	0.975036290552293
C600_DK885_RS04225	0.188591368672469	1.20336424726912	4.0804728567969	0.294908038725135	0.768064130898878	NA
C600_DK885_RS04230	0.948767853158582	-1.96467412722236	1.82365972687581	-1.07732495172667	0.281335118871874	NA
C600_DK885_RS04235	4.6521831296128	1.24257343368409	0.822192806942062	1.51129202687327	0.130714064456477	NA
C600_DK885_RS04240	13.4298436781804	-0.232307859732772	0.54176404038933	-0.428798964888528	0.668069532228932	0.801252426073281
C600_DK885_RS04250	295.797149086885	0.180410374089985	0.239948717911665	0.751870548257739	0.452128911091279	0.634345392995236
C600_DK885_RS24210	1.29140622587428	-0.45601268946195	1.45104750677668	-0.314264479510339	0.75332017379451	NA
C600_DK885_RS04260	288.49774290966	1.43187742934493	0.366110379764855	3.9110539020079	9.18942590812508e-05	0.00185022944734739
C600_DK885_RS04265	199.644498149216	1.39829693328706	0.268313503400748	5.21142959845219	1.87390954590889e-07	1.51499190101614e-05
C600_DK885_RS04270	113.710198083573	-0.17268780445235	0.286754956699741	-0.602213842926419	0.547031802310733	0.714890770119966
C600_DK885_RS04275	29.956021620144	-0.772872767546188	0.563735472351599	-1.37098480661893	0.170379692346771	0.337359630931386
C600_DK885_RS04280	203.684188838184	-0.274630003088916	0.269368035732652	-1.01953449057885	0.307949287475217	0.497658986678634
C600_DK885_RS04290	266.048413555277	0.260476925146971	0.303400626793263	0.858524677091255	0.390602810172662	0.583706289478279
C600_DK885_RS04295	475.718389248786	-0.461805434295659	0.393069974852957	-1.17486825206737	0.240047428900215	0.425200733992853
C600_DK885_RS04300	76.0100161690674	-1.35139385481115	0.425112693976363	-3.17890732024644	0.00147831350769037	0.0137066574104558
C600_DK885_RS04305	12767.4589931184	-0.792850474893141	0.461097101286834	-1.71948700757486	0.0855257313930634	0.218997706142844
C600_DK885_RS04310	19.23405522751	-0.898990590423808	0.468780337440928	-1.91772247814701	0.0551462099651882	0.163277171955832
C600_DK885_RS04315	416.585318090197	0.134143354489562	0.246571250521253	0.544034854858312	0.586417487966073	0.746422533467258
C600_DK885_RS04320	150.369003082862	0.176275068063947	0.295583979213273	0.596362050924144	0.550933386413345	0.717216502340623
C600_DK885_RS04325	9.89672929597166	0.266625396024152	0.750785042882039	0.355128806243471	0.722493097064921	0.835530119716136
C600_DK885_RS04330	154.382780632948	0.542778393954773	0.33743640949607	1.60853535267686	0.107717979943808	0.253478132551315
C600_DK885_RS04335	146.296700756873	0.506921577817094	0.347835449790161	1.4573603067856	0.145016947870024	0.307314814940758
C600_DK885_RS04340	17.89607267628	-0.655947451952808	0.474830794720266	-1.38143410083426	0.167145526891572	0.334291053783144
C600_DK885_RS04345	392.792107542552	-0.130624725917361	0.289014833572343	-0.451965472854059	0.651293856122817	0.790568252388062
C600_DK885_RS04350	691.764066689962	0.219030907699505	0.218269055975579	1.00349042479027	0.315624294571287	0.504293565627866
C600_DK885_RS04355	517.752002561802	-0.0691602867151051	0.238448960753275	-0.290042307152959	0.771783871595906	0.867965043736715
C600_DK885_RS04360	123.978928557447	-0.0100967263742159	0.305944394906594	-0.0330018347853651	0.973673124492577	0.988562718968706
C600_DK885_RS04365	31.0636366779786	-0.455299887042458	0.403545782171787	-1.12824840986354	0.259215024482136	0.44515540924923
C600_DK885_RS04370	13.2458965607576	-0.541757314892239	0.50280033299882	-1.07748002405064	0.281265870322207	0.469576338508292
C600_DK885_RS04375	985.58307550584	-2.07943696294599	0.716927164333422	-2.90048566492719	0.0037258487983121	0.0255713570505936
C600_DK885_RS04380	1278.61403762187	-0.682317485325224	0.658202209012325	-1.03663809689895	0.299904551470725	0.489699219309686
C600_DK885_RS24440	2.18534297616594	-0.96735606092009	1.16192724216698	-0.832544436359014	0.405101706972771	NA
C600_DK885_RS24445	52.1628228701254	-0.274605969319349	0.378008111633523	-0.726455229049631	0.467559744246041	0.647926622850086
C600_DK885_RS04395	2.29669805896962	0.866357098913622	1.14457571626278	0.756924235420979	0.449095254812785	NA
C600_DK885_RS04400	2486.57285797139	-0.0579042775215084	0.191876376916783	-0.301779085325451	0.762820475485952	0.8628434827675
C600_DK885_RS04405	444.439663549443	0.0665724451931031	0.239399782121194	0.27808064235999	0.780950455080451	0.874770644399996
C600_DK885_RS04410	307.77297056153	0.154596898214429	0.264399928025522	0.584708548784119	0.558743704879077	0.723835921512338
C600_DK885_RS04415	3292.30080405848	-0.0885976499946148	0.283949064564986	-0.312019517057919	0.755025690807991	0.858729127691682
C600_DK885_RS04420	0.982337298325251	-0.741964717654732	1.65589251653126	-0.448075409634069	0.654098774263464	NA
C600_DK885_RS04425	9.02944346249592	0.269082277359895	0.707311548075159	0.380429639657605	0.7036265163431	0.825588939156822
C600_DK885_RS04430	16.0663849208492	0.490997792035572	0.46895385473175	1.04700662353321	0.295096523343747	0.485258236971275
C600_DK885_RS04435	9.30366861260449	0.374231836606882	0.663065736009576	0.564396282726148	0.57248446813063	0.734217748364844
C600_DK885_RS04440	250.325643824081	-0.442402002964878	0.240350408585933	-1.84065425795482	0.0656722411363968	0.182624826136966
C600_DK885_RS04445	215.12356439834	-0.081516593687925	0.248461209540829	-0.328085795921916	0.742846793351074	0.849816731593629
C600_DK885_RS04455	1068.15591496442	-0.0778106037351868	0.201881433898103	-0.385427239309487	0.699920904474091	0.822602749413281
C600_DK885_RS04460	5687.06209487867	-0.236394660117181	0.25122348063588	-0.940973588610565	0.346718394140527	0.537572556052744
C600_DK885_RS04465	10661.4174742927	-0.692572200484561	0.455719405241308	-1.51973383735511	0.128577883634755	0.285404520211354
C600_DK885_RS04475	2197.86172893296	0.536841039400417	0.324824139065648	1.65271288317621	0.0983893111685524	0.240823870259827
C600_DK885_RS04480	86.9601518958357	-0.27636143814476	0.419510889891117	-0.658770594051775	0.510043093045853	0.684643702870632
C600_DK885_RS04485	249.716239525718	0.311954520171898	0.240874790507249	1.29508994907672	0.195289201743869	0.369975438797695
C600_DK885_RS04490	65.9630630081639	0.530171854791038	0.364143822085495	1.45594081963187	0.145408980170632	0.307700960884694
C600_DK885_RS04495	58.6083287856644	0.965613005359605	0.532754544475263	1.81249135342559	0.0699103087633134	0.190866635854874
C600_DK885_RS04500	30.9271615848259	1.64982578978006	0.622360540911801	2.65091644043332	0.00802736985606258	0.0435704541968477
C600_DK885_RS04505	73.9873250599968	1.51926828036199	0.728380850007718	2.08581579313335	0.0369953122681703	0.125135325775998
C600_DK885_RS04510	200.615732485367	1.96958350142558	0.729249609167227	2.70083586835893	0.00691654619227424	0.0389224595181185
C600_DK885_RS04515	114.618592413945	-0.0509972814318996	0.260088627418008	-0.19607655258966	0.844550248348185	0.91413037070118
C600_DK885_RS04520	6.67145048836382	-0.557552613831791	0.704565063965402	-0.791342975045906	0.428743876892987	NA
C600_DK885_RS04525	847.648090012999	-0.963629109275858	0.348522016699437	-2.7649016793877	0.00569399552855032	0.0341456054437905
C600_DK885_RS04530	973.036779077555	0.628119905486399	0.458517844728051	1.36989195231636	0.170720632239436	0.337359630931386
C600_DK885_RS04535	8.75713683865471	-1.44141277368083	0.7154368879212	-2.01473085609138	0.0439328572980814	0.141409059910191
C600_DK885_RS04540	1223.66657116569	-0.487830054295345	0.31540738812066	-1.54666654196675	0.12194367499233	0.275113218216919
C600_DK885_RS04550	3805.31165800854	-0.697816951601621	0.34205772130251	-2.04005613129979	0.0413447353649112	0.135175775054287
C600_DK885_RS04560	1073.01144926087	-0.387944111895119	0.242510659889665	-1.59969921351754	0.109665326432532	0.255701836102384
C600_DK885_RS04565	3561.11611067453	-0.158901547140887	0.200363471853574	-0.793066449043227	0.427739109094941	0.613791589199147
C600_DK885_RS04570	3139.20421915229	-0.0331637273844573	0.189411815133348	-0.175087955105174	0.861010522511523	0.92430535251673
C600_DK885_RS04575	1961.32063563578	0.243143004037682	0.20913883343902	1.16259137549688	0.244995331630731	0.429626501192649
C600_DK885_RS23825	6.69867815312199	-1.63222575792875	0.744724052691957	-2.19171886825562	0.0283998124655275	NA
C600_DK885_RS04580	1776.21146251344	0.49221222883044	0.211180450814331	2.33076606727765	0.0197656983042791	0.0825717598823706
C600_DK885_RS04585	902.367050476484	-0.559723857948924	0.449273332735081	-1.24584260218928	0.212822185725389	0.39086015654965
C600_DK885_RS04590	3130.36632128457	0.532921413960964	0.193174744809156	2.75875303724333	0.00580223655380263	0.0346828223585823
C600_DK885_RS04595	71.3616962713743	-0.276038530628088	0.345776566321337	-0.798314742854957	0.424687864718787	0.61177993175041
C600_DK885_RS04600	598.512385431886	-0.619652173139073	0.392591734574731	-1.57836275847809	0.114482295713404	0.262743935470639
C600_DK885_RS04605	114.209937384028	0.240081459540855	0.308072989996096	0.779300579203316	0.435802673572431	0.621048041526369
C600_DK885_RS04610	1239.0057686538	0.512195944011657	0.293663470822703	1.74415953940996	0.0811312743632288	0.211384777913444
C600_DK885_RS04615	615.099898144701	0.00581350254795836	0.218542038866202	0.026601300958474	0.978777735613183	0.991059186994666
C600_DK885_RS04620	183.317432054606	-0.450556259877143	0.271689256682889	-1.65835140254745	0.0972465594711816	0.239421574787957
C600_DK885_RS04625	408.856743387783	-0.0233637394710821	0.276561966157088	-0.084479221043039	0.932675422981797	0.965959812985263
C600_DK885_RS04630	697.991145202828	-0.251451330363458	0.283614937118071	-0.886594101560937	0.375297470655899	0.568141692141137
C600_DK885_RS04635	426.449710023059	-0.511878059482602	0.24208433044439	-2.11446176025915	0.0344758475122746	0.120697929426212
C600_DK885_RS04640	356.103787622297	-0.80934288547014	0.355016282692289	-2.27973455001116	0.0226234368605388	0.0906400196632363
C600_DK885_RS04645	1246.28117841384	-0.508169133151732	0.284544190580184	-1.78590584511874	0.074114504420768	0.199534922111814
C600_DK885_RS04650	1022.81846650525	-0.12323011085235	0.276539078596278	-0.445615540045444	0.655874983306697	0.793668678274043
C600_DK885_RS04655	1760.46866390872	-0.0238525545248572	0.272635528500356	-0.0874887974287841	0.930282989643804	0.964526535274864
C600_DK885_RS04660	167.797718683952	1.59913331957434	0.361442175920001	4.42431300526555	9.67496628018243e-06	0.000352662006173709
C600_DK885_RS23830	1.50685871333568	0.562350965422652	1.32165284115089	0.425490679483547	0.670479014684247	NA
C600_DK885_RS04665	1.57660937300484	3.12391309383208	1.63533623798856	1.9102573655889	0.0561000842721879	NA
C600_DK885_RS04670	575.024654535496	2.97582955908347	0.569158464642067	5.22847281372668	1.70915959964678e-07	1.44423986170153e-05
C600_DK885_RS04680	1489.32422245057	3.48699026217025	0.836654381303122	4.16777864324229	3.075824061599e-05	0.000853426407539185
C600_DK885_RS04685	338.406810730029	3.62857053603856	0.646188954716761	5.61533976950913	1.96176373254751e-08	2.43127918587054e-06
C600_DK885_RS04690	2341.73197485292	2.44672096109021	0.499968297839098	4.8937522072202	9.89313892828996e-07	5.57313492960335e-05
C600_DK885_RS04695	1567.84178491822	2.31525775776327	0.525448336481754	4.40625195098256	1.05174621888117e-05	0.000372418327790493
C600_DK885_RS04700	2143.18883642408	2.47213522874512	0.702536780133498	3.51886947225077	0.000433389879649143	0.00558334273089111
C600_DK885_RS04705	23904.6222094451	2.51509132447195	0.730952753252195	3.44083979885385	0.000579911772672437	0.00675897169528564
C600_DK885_RS04710	3436.99852141619	2.54792235457562	0.875110610434787	2.91154320858904	0.00359648161020841	0.0250406715856833
C600_DK885_RS04715	4117.98554613225	2.5640896457719	1.02887121510442	2.49213857684965	0.0126976485836846	0.0604093049977023
C600_DK885_RS04720	8709.77010268719	2.44640575941146	0.771420951813935	3.17129804895619	0.0015175934775702	0.0138753828837981
C600_DK885_RS04725	386.650772655371	0.364519000917045	0.252348732692075	1.44450497939232	0.148596980083883	0.311494010376115
C600_DK885_RS04730	622.530796452387	1.50732840576482	0.315488009477069	4.77776765038792	1.77252028873027e-06	9.24195055751147e-05
C600_DK885_RS04735	3525.26300263571	2.62727673382873	0.645292648983465	4.07144996610066	4.67213986683785e-05	0.00117368954656607
C600_DK885_RS04740	3138.08459925159	2.92263718466005	0.895671269000997	3.26306903638861	0.00110212668537212	0.0111959208093267
C600_DK885_RS04745	1927.74788178047	2.49747385047921	1.53660763043022	1.62531657465476	0.104095121548158	0.24857139493645
C600_DK885_RS04750	24081.5208925342	2.76574341915407	0.953604405162758	2.9003047848568	0.00372799972043445	0.0255713570505936
C600_DK885_RS04755	10340.9565660447	2.64111801860521	0.978710363738576	2.69856958346329	0.00696381779494581	0.0390519978304804
C600_DK885_RS04760	6013.16951200448	2.37165426596209	0.861632855847874	2.75251140885093	0.00591400857407438	0.0351638318434338
C600_DK885_RS04765	1390.95369093107	1.61255176017537	0.309428782373444	5.21138256049242	1.87438481567355e-07	1.51499190101614e-05
C600_DK885_RS04770	626.74894014343	2.63153108777417	0.709059497350128	3.71129799066036	0.000206199188671033	0.00337730653514935
C600_DK885_RS04775	1007.20912957644	2.51219819028766	0.901815716317749	2.78571125434068	0.00534104246804745	0.032823133712728
C600_DK885_RS04780	3555.41307727537	2.21362402304614	0.728263329097074	3.03959287060446	0.0023689815110745	0.0192732456415207
C600_DK885_RS04790	460.384181661694	0.371077723319095	0.212442306465567	1.74672234308113	0.0806855127587588	0.210814291241789
C600_DK885_RS04800	55.0422069956378	-0.281027890674769	0.478400821134193	-0.58743187356683	0.556913692413359	0.722724296123166
C600_DK885_RS24455	10.289075084867	-0.0288205711718713	0.605030950245534	-0.0476348708445003	0.962007240647945	0.983822132260948
C600_DK885_RS04815	0.303353008514559	0.241598694287653	3.1338008445861	0.0770944633271879	0.938548397518151	NA
C600_DK885_RS24605	3.29226873943607	-0.606864727526253	1.07719070404131	-0.563377241605847	0.573178030981089	NA
C600_DK885_RS04835	2.32353404326025	-1.10826113361958	1.44943360178284	-0.764616697347428	0.444499823411745	NA
C600_DK885_RS04840	0.257025073688831	-1.42351571407164	4.05395022715003	-0.351142869129991	0.725481168136956	NA
C600_DK885_RS04845	0.482565259748364	-0.613173802277862	2.79029869566657	-0.219752029856209	0.826064280981536	NA
C600_DK885_RS04850	0.785418241282489	-2.95589287566316	1.9644477447655	-1.50469407167459	0.132402747941857	NA
C600_DK885_RS04855	0.984449040680637	-2.01274570928166	1.78613112642645	-1.12687454997137	0.259795525015551	NA
C600_DK885_RS04860	3.42482163470275	-2.37970601854974	1.59039699602272	-1.49629685198157	0.1345763151029	NA
C600_DK885_RS04865	1.25812949111005	-0.427141626988905	1.93047405665479	-0.221262557513503	0.824888002229625	NA
C600_DK885_RS04870	0.146986945537947	-0.720189104373366	4.0804728567969	-0.176496482061812	0.859903912208586	NA
C600_DK885_RS04875	4.84807498780961	-0.457494122050951	1.15042036639357	-0.397675610946579	0.690869317522715	NA
C600_DK885_RS04880	36.9876337660279	-0.921483823041252	0.446842432287615	-2.06221199343962	0.0391875573588064	0.13020494929405
C600_DK885_RS04885	8.7879332347746	0.540238308298443	0.735949833662177	0.734069475374634	0.462906396167485	0.643637240445292
C600_DK885_RS04890	144.606407244064	0.108176502500149	0.277033710360346	0.390481369070359	0.696180629408552	0.819113791183859
C600_DK885_RS04895	138.541947604432	0.613365125133663	0.332894398972183	1.84252161354303	0.0653988879950395	0.182137127764462
C600_DK885_RS04900	42.6108532818724	-0.0101425439141072	0.653940261323984	-0.015509893661498	0.987625391442494	0.995072343156867
C600_DK885_RS04905	56.8367362849051	0.564101417915464	0.299134409025067	1.8857791042962	0.0593247278869305	0.171186386440183
C600_DK885_RS04910	228.940752241847	0.351570086053969	0.277841331443106	1.26536280339543	0.205741302739367	0.382919926603424
C600_DK885_RS04915	152.562554235553	0.0590185023183293	0.286303049265751	0.206139971158838	0.836681576736357	0.909053799621793
C600_DK885_RS04920	93.479188999943	0.38074011866379	0.336702125346308	1.13079214534862	0.258142586701189	0.444134260691819
C600_DK885_RS04925	65.9185810473428	-1.78351432301733	0.648748916657508	-2.7491596166455	0.00597482830029709	0.0353170296033459
C600_DK885_RS04930	255.803589150318	0.215178971530847	0.230416731635266	0.933868690887695	0.350371630914691	0.541430475370249
C600_DK885_RS04935	471.063132099633	-0.0814343346410029	0.264424286854486	-0.307968438185925	0.758106348559818	0.8606532531131
C600_DK885_RS04940	521.679774921863	0.000199438328809875	0.255669872868143	0.000780061907852284	0.999377600710376	0.999377600710376
C600_DK885_RS04945	656.735748267336	-1.06454420092242	0.440170410732016	-2.41848196736363	0.0155854180362728	0.070238283950136
C600_DK885_RS04950	49.5756353410549	-0.800962302737965	0.422803654062284	-1.89440723854287	0.0581709763762472	0.169232934402885
C600_DK885_RS04955	388.025436658951	-0.036998642080224	0.344784806060963	-0.107309375093756	0.914543547242009	0.955401210633827
C600_DK885_RS04960	123.047312398561	0.32118729082865	0.436884384012947	0.735176862762693	0.462231788128581	0.643421111292424
C600_DK885_RS24460	3.16304091902339	0.723861414667672	0.93534598458224	0.773896960696287	0.438991727067595	NA
C600_DK885_RS04965	889.408655927748	0.285583017512272	0.245083301851454	1.16524877604825	0.243918307084737	0.42883236573078
C600_DK885_RS04970	2645.02089328737	0.679028724962444	0.316305493237952	2.14674970709921	0.0318132131807342	0.114725050054287
C600_DK885_RS04975	821.754896864866	0.806744060862966	0.338558051410581	2.38288251453988	0.017177675501381	0.0742634854815517
C600_DK885_RS04980	448.183453725687	0.0736881711455609	0.2298696796166	0.320564988251019	0.748540073702818	0.852656860915159
C600_DK885_RS04985	7.21754556598464	-0.683933424243237	0.822655739851116	-0.831372579211585	0.40576318464203	NA
C600_DK885_RS04990	17.5628553797298	-0.859567947246883	0.541553422795462	-1.58722650631558	0.112461353525464	0.259870299818319
C600_DK885_RS04995	8.21942713416131	0.180991996938363	0.632168955346513	0.286303203293422	0.774645904900046	0.869605517638397
C600_DK885_RS05000	2.97849678260505	-1.1911584968883	1.05985214303924	-1.12389120002392	0.261059184988877	NA
C600_DK885_RS05005	715.204798730858	-0.159215713828724	0.213941378715481	-0.744202523068078	0.456753961865759	0.63770605715993
C600_DK885_RS05010	488.867418653145	0.504272263018483	0.312573463120717	1.61329198577466	0.106681086871117	0.252315700373291
C600_DK885_RS05015	956.249323322429	0.299311304975688	0.360281397670881	0.830770911045234	0.406103058517592	0.597030910070545
C600_DK885_RS05020	667.702097689968	0.316153331354496	0.21910455018133	1.44293366382783	0.149039158963731	0.311657813851041
C600_DK885_RS05025	112.872241781166	-0.353108617363144	0.503852094914508	-0.700817999820084	0.483416603408108	0.662737069126602
C600_DK885_RS05035	251.474662017463	0.0662489985920159	0.323348929496194	0.204883927388403	0.83766281293041	0.909322726562121
C600_DK885_RS05060	692.854508264527	0.606164891876374	0.462908285866559	1.30947081826725	0.190374916398916	0.363273413484769
C600_DK885_RS05065	185.165614551891	-0.480972127473955	0.239032340101585	-2.01216340546032	0.0442027146586329	0.141865743321768
C600_DK885_RS05070	160.432846398347	0.771617532056316	0.450279565842449	1.71364101458315	0.0865946760769802	0.220368929263664
C600_DK885_RS05075	669.648171912166	0.202015157762659	0.262772583590889	0.768783238350225	0.442022000975104	0.625833130093464
C600_DK885_RS05080	122.832489292924	-0.807595378767019	0.367371717915642	-2.19830580140757	0.0279273212691259	0.105522134632734
C600_DK885_RS05085	265.988615634537	0.373536451161105	0.434966755474794	0.858770116243403	0.390467357806869	0.583706289478279
C600_DK885_RS05090	13.4540785295407	0.509740034032317	0.565693448530714	0.901088805882894	0.367541104243566	0.559818855214084
C600_DK885_RS05095	459.287871678002	-0.35083831573212	0.229141072209168	-1.5311018332491	0.125744226827347	0.280728121687758
C600_DK885_RS05100	156.426940244768	0.178885342292183	0.269007056227351	0.664983829052418	0.506060836156113	0.682209640619444
C600_DK885_RS05105	63.975291427192	-0.754444470637281	0.525831561111306	-1.43476452619698	0.151354209725086	0.314377068021156
C600_DK885_RS05110	118.656161140192	-1.52673318410196	0.611194950404844	-2.49794796748677	0.0124914527239031	0.0599267370677053
C600_DK885_RS05115	354.436515791305	-1.64475136804266	0.548716588975423	-2.99745150973799	0.00272247165613907	0.0208318676197422
C600_DK885_RS05120	49.1630355647684	-0.997569884761365	0.463551453947198	-2.15201543705005	0.0313961385543323	0.114318177825932
C600_DK885_RS05125	23.2456332804126	-0.880282591558298	0.643592535908066	-1.36776382951098	0.171386013015815	0.338044136017401
C600_DK885_RS05130	1729.4862347908	0.18078372630789	0.338679894262148	0.533789366805335	0.593487271281453	0.749791660150432
C600_DK885_RS05135	92.6263715591566	-0.311123275425189	0.342111490063637	-0.909420713602211	0.363128092095495	0.555144015794017
C600_DK885_RS05140	423.925337183962	-0.508042130720461	0.479394150712185	-1.0597587183025	0.289254381883169	0.478828046234027
C600_DK885_RS05145	632.126514298455	-0.216288010034791	0.348199886092757	-0.62116048474862	0.534494035970061	0.70543035440918
C600_DK885_RS05150	3125.99926717065	-0.345809710909531	0.392411495462849	-0.881242560189652	0.378186548033827	0.570656487658185
C600_DK885_RS05155	262.403320300771	-0.035040659664602	0.212805628471279	-0.16466039886408	0.869211288557351	0.928944182238628
C600_DK885_RS05160	73.6102668268219	-0.361304107731748	0.447895696552329	-0.806670192441859	0.419856521623471	0.608362086516599
C600_DK885_RS05165	9.1248816356728	0.839651838744206	0.768281267271587	1.09289640983449	0.274439284773428	0.462750685164447
C600_DK885_RS05170	29.7918800962968	0.440785604136113	0.384233640298247	1.14718118849242	0.25130674456982	0.436820232029261
C600_DK885_RS05175	151.362409085063	-0.942796103723046	0.412896087072325	-2.28337379123165	0.0224083597248683	0.0904136098465165
C600_DK885_RS05180	48.2508525849395	-1.74166703947441	0.58873388045475	-2.95832649911214	0.00309314311670154	0.0226383978501896
C600_DK885_RS05185	51.37196395957	-1.31895970455099	0.465483521121998	-2.83352609641642	0.00460375488191289	0.0298201405068852
C600_DK885_RS05190	123.414073924802	-1.51001306916499	0.602194040157776	-2.50751911920178	0.012158200388331	0.058736785394313
C600_DK885_RS05195	481.927051688471	0.858478497128899	0.404581014693981	2.12189516054835	0.033846542940143	0.119394161908398
C600_DK885_RS05200	273.860541414506	0.168170131826368	0.277276530556962	0.60650691022629	0.544178195067624	0.712637831511158
C600_DK885_RS05205	1176.66722236715	0.1312315404865	0.254482749039396	0.515679514552022	0.606078264592117	0.758489160265677
C600_DK885_RS05210	31.277186812339	-0.178769390911785	0.365354007780307	-0.489304584334221	0.624626075976319	0.771035773731724
C600_DK885_RS05215	68.1334492927087	0.374262363875347	0.385435648233434	0.971011284479528	0.331542659256115	0.520335840909344
C600_DK885_RS05220	607.977737643291	0.078797486790494	0.264190347434518	0.298260279210332	0.765504517931415	0.865352933313774
C600_DK885_RS05225	2577.35404102729	0.378099003019682	0.311340883634344	1.21442130762287	0.224586882856819	0.406530686690191
C600_DK885_RS05230	6535.06360555829	-1.64305298368671	0.570056745453396	-2.88226215511213	0.00394831089401994	0.0264501259530922
C600_DK885_RS05235	7.65255583310156	1.17007284950019	0.76179598649134	1.53593989762178	0.124553121692379	0.27928141533264
C600_DK885_RS05240	0.174840471670144	1.20336424726912	4.0804728567969	0.294908038725135	0.768064130898878	NA
C600_DK885_RS05245	355.559637039587	-0.274235413406257	0.236638953555727	-1.15887688516877	0.24650637209412	0.431705459936853
C600_DK885_RS05250	29.5361715396853	-0.788684741096792	0.53986934171048	-1.46088077274028	0.144048164052052	0.306308585723132
C600_DK885_RS05255	2.36844323026263	0.252499128448137	1.1995367135465	0.210497207460711	0.833279630963866	NA
C600_DK885_RS05260	0.659517473773894	-1.28707978724814	2.2039421171519	-0.583989832233618	0.559227152848893	NA
C600_DK885_RS05265	10.0608280387099	0.267974996694652	0.576036259308517	0.465205084513835	0.641784597936048	0.783116224196332
C600_DK885_RS05270	6.67831168962738	-0.442525068517411	0.920134030803518	-0.480935443862424	0.630562380996792	NA
C600_DK885_RS05275	5.81365310298139	-0.221645653662204	0.885452282567311	-0.250319139750317	0.802340556151131	NA
C600_DK885_RS05280	14.3255314054148	0.471394432230758	0.498637241252208	0.945365474602266	0.344472322120693	0.534982495256782
C600_DK885_RS05285	111.678212481739	-0.0680930087000306	0.352714237111413	-0.193054324253211	0.846916423627409	0.915891583201485
C600_DK885_RS05290	3.88271761353448	1.22541131521892	0.935350421937144	1.31010933066246	0.190158852384197	NA
C600_DK885_RS05295	354.534100180029	-0.0383296329319231	0.376280748680997	-0.101864453778947	0.918864264928573	0.958299393269126
C600_DK885_RS05300	41.0585927283612	-0.0997268669071056	0.49534613312702	-0.201327637863145	0.840442393093421	0.911275828965103
C600_DK885_RS05305	78.226668538645	-0.0409102605139274	0.351598938467166	-0.116354903380198	0.907371274450221	0.952189217726764
C600_DK885_RS05310	50.214581104577	-0.637438301822918	0.437448295900063	-1.457174042732	0.145068343859808	0.307314814940758
C600_DK885_RS05315	20.597506457448	-0.281385531786037	0.520907213553303	-0.540183595974033	0.589070424314615	0.748287081541141
C600_DK885_RS05325	394.882996454715	1.50251950117437	0.278460743246858	5.39580367291621	6.82175075990286e-08	6.85493765549157e-06
C600_DK885_RS05330	14.9913134863392	0.212454915231927	0.540607898792236	0.392992621281652	0.694324931222403	0.817728023609137
C600_DK885_RS05335	9.22475972831531	-0.257921458622747	0.643760023810083	-0.400648454522297	0.688678965873695	0.815968258482599
C600_DK885_RS05340	40.7952021634	-0.0188834740773939	0.465465295018289	-0.0405690269059734	0.967639476767637	0.985158358202834
C600_DK885_RS05345	18.863788088265	0.379853839015813	0.611786142535538	0.620893172639568	0.534669913589314	0.70543035440918
C600_DK885_RS05350	26.2619204406827	0.208322706435745	0.553596710156686	0.376307703087295	0.706688153248368	0.826429491815693
C600_DK885_RS05355	58.0649876408457	0.0862808903119373	0.348810003976503	0.247357843319624	0.804631296731785	0.886898800632782
C600_DK885_RS05360	11.9592799955907	-0.898548899962308	0.624722979925009	-1.43831574767775	0.150344485703921	0.312721980524561
C600_DK885_RS05365	430.59879040524	2.10656568343497	0.528120764343945	3.9887954151014	6.64096640321049e-05	0.00146101260870631
C600_DK885_RS05370	16.5739268366919	0.0888819402410877	0.500399774269324	0.177621863181037	0.859019953235657	0.923469041347987
C600_DK885_RS05375	90.2911404902693	0.202505888079281	0.285091174675247	0.710319736519235	0.477505883494713	0.65705657839872
C600_DK885_RS05380	6.69250059735651	0.222981140465774	0.71780380999069	0.310643573302664	0.756071598144964	NA
C600_DK885_RS05385	49.5078838949401	0.618806305348029	0.479926884065185	1.289376206864	0.197267329030724	0.372431531067791
C600_DK885_RS05390	113.641588748251	0.272875905292179	0.342776128950774	0.796076162384595	0.425987768468191	0.61177993175041
C600_DK885_RS05395	265.307067920422	0.0998599652946805	0.24377513720757	0.409639663989407	0.682070296347597	0.812279744337081
C600_DK885_RS05400	116.338970788902	0.173303095055303	0.24981927729458	0.693713859603191	0.487861672540658	0.666863859744913
C600_DK885_RS05405	544.655901018978	0.113683583824016	0.230374843100519	0.493472213779924	0.621678968375881	0.769419588982818
C600_DK885_RS05410	418.219236606488	0.308605707671244	0.225304144836246	1.36972938467485	0.170771392419244	0.337359630931386
C600_DK885_RS05415	600.025511674642	0.348831872291615	0.219403947101324	1.58990700441009	0.111855768577088	0.259276650604497
C600_DK885_RS05420	677.279431849748	0.223593743850719	0.213483721082116	1.04735734751744	0.294934795792527	0.485206889715317
C600_DK885_RS05425	6204.2492564543	0.893528371030972	0.195587380201468	4.56843570434135	4.91377752390091e-06	0.000200762910262237
C600_DK885_RS05430	50.5887681184595	0.174741052571669	0.392967822443759	0.444670129694087	0.656558158691979	0.794106452185028
C600_DK885_RS05435	16.1996346899513	0.353393470188425	0.458890982784194	0.770103321804904	0.441238605712547	0.625768780442503
C600_DK885_RS05440	20.5738194669779	-0.184909893947755	0.452829184086554	-0.408343588368216	0.683021442504967	0.81263159143471
C600_DK885_RS05445	34.1165130557681	0.328555032868284	0.420498181310233	0.781347096067186	0.434598377540239	0.620561200915481
C600_DK885_RS05450	21.1742750544598	0.0218207956020607	0.475188486275575	0.0459202952771172	0.963373777947101	0.984017501760253
C600_DK885_RS05455	238.603865521358	0.292367287329388	0.32078570120886	0.911409973161587	0.362079400739549	0.554224459427602
C600_DK885_RS05460	20.2976814815261	1.4778783176594	0.622813966469902	2.3729049077624	0.0176488069982388	0.0761232765886913
C600_DK885_RS05465	362.992495841848	-0.172553371036308	0.269027812337527	-0.641396030904861	0.52126541107561	0.692533840998656
C600_DK885_RS23840	0.146986945537947	-0.720189104373366	4.0804728567969	-0.176496482061812	0.859903912208586	NA
C600_DK885_RS05470	49.2623703222876	0.391310130190651	0.369052097015241	1.06031135808582	0.289002973683738	0.478624969334583
C600_DK885_RS05475	396.547158229563	-0.374602758717103	0.407511022147758	-0.919245709582983	0.357967067496352	0.549967585517123
C600_DK885_RS05480	1239.62479329586	-0.632374594807205	0.326976556718728	-1.93400591514329	0.0531124005798035	0.159416534992732
C600_DK885_RS05485	941.894316784212	-0.596207764941611	0.397431469842773	-1.50015237891824	0.133574935546251	0.292998000212957
C600_DK885_RS05490	11.4488840532651	-0.246473268003444	0.688290732074638	-0.358094706956939	0.720272440008991	0.834259480359324
C600_DK885_RS05495	463.603333954308	-0.223844115640525	0.429870952115426	-0.520723985975261	0.602559062728096	0.755841631316822
C600_DK885_RS05500	8.55299878710764	-2.498824485548	0.835059393052809	-2.99239132729565	0.00276801196377392	0.0210029969006356
C600_DK885_RS05505	49.3320957146185	-7.09275406122456	1.40206763001638	-5.0587816945333	4.21943581369243e-07	2.75225655356289e-05
C600_DK885_RS05510	60.0639170646967	-8.26213891515876	1.46305037850733	-5.64720055886809	1.6308154210139e-08	2.09081783976886e-06
C600_DK885_RS05515	265.375744034315	-4.18560541678094	0.815611952820951	-5.13185884819885	2.86894621353458e-07	2.1088418900655e-05
C600_DK885_RS05520	161.624634419786	-6.04871637414094	1.70927746908325	-3.53875627775349	0.000402016838734437	0.005300349668137
C600_DK885_RS05525	448.544870679501	-6.12345893730972	0.942453248701052	-6.49736095212092	8.17411819740802e-11	2.33779780445869e-08
C600_DK885_RS05530	67.0550144903119	-5.30509293822389	1.68836821073233	-3.1421421609939	0.00167716582255712	0.0147765462755151
C600_DK885_RS05535	145.758725782026	-4.78416251654025	0.939861572409366	-5.09028420459397	3.57527243109179e-07	2.42186142816669e-05
C600_DK885_RS05540	48.1415148272908	-3.52487430718864	0.941426916019048	-3.74418263086639	0.000180981979278085	0.00306659975549168
C600_DK885_RS05545	428.684342429877	-1.84577078576702	0.574823177230833	-3.21102359626291	0.00132263073896549	0.0127068245154359
C600_DK885_RS05550	121.264519307216	0.211287858644139	0.263331141483304	0.802365635351697	0.422341485413569	0.609811900103942
C600_DK885_RS05555	155.336283180912	0.0170619769904657	0.254081330800842	0.0671516358037321	0.946460987201608	0.973697274603093
C600_DK885_RS05560	115.537476349168	0.25852496399049	0.256989266096555	1.00597572776973	0.314427246066218	0.503462748007837
C600_DK885_RS05565	54.3454696642433	-1.9357235395792	0.487538854250443	-3.97039850814607	7.17525166509808e-05	0.00156926974651969
C600_DK885_RS05570	436.710365504463	-0.410242191511828	0.305493224304847	-1.34288474791982	0.179309295857128	0.349254397379497
C600_DK885_RS05575	38.6813337657057	0.00313965844612239	0.454863453352919	0.00690241966677941	0.994492709646733	0.996952737937455
C600_DK885_RS05580	54.1595269302614	0.0187450252545277	0.431512810390604	0.0434402520693645	0.965350591458531	0.984387834511721
C600_DK885_RS05585	116.577750249641	0.813293613055658	0.333617535219534	2.43780235508447	0.0147768508385449	0.0673875585354598
C600_DK885_RS05590	180.883998259805	-0.368183027282715	0.235051673163921	-1.56639185897626	0.117256907668118	0.266969493392568
C600_DK885_RS05595	87.6393079285972	-0.709486460086374	0.325221778833037	-2.18154658224968	0.0291430129623665	0.109227542534353
C600_DK885_RS05600	12.2049582722088	-0.20435994738447	0.561496162355902	-0.363956089258074	0.715890799512942	0.831779375701543
C600_DK885_RS05605	1304.60492421779	-4.2683710907182	0.860139443239602	-4.96241757573858	6.96211145147718e-07	4.24346399616265e-05
C600_DK885_RS05610	97.1342232765315	-3.23020391877461	0.799739438977285	-4.03907042887047	5.36634515678339e-05	0.00126278932233675
C600_DK885_RS05615	418.433681434379	-2.96226081226297	0.672142727620919	-4.4071901555017	1.04720247074978e-05	0.000372418327790493
C600_DK885_RS05620	582.80670569848	-3.41181312014286	0.767351588105191	-4.44621888196986	8.73949032291076e-06	0.000325493081904074
C600_DK885_RS05625	80.5706978258378	-0.0796256116869086	0.5124161011659	-0.155392485727393	0.876511907732743	0.932438132460755
C600_DK885_RS05630	84.6214178504649	-0.329465102489135	0.334847999213627	-0.983924357508084	0.325152706477359	0.513122989254169
C600_DK885_RS05635	9138.66238285005	0.377082221241578	0.447139673983236	0.843320875292572	0.399049010873875	0.590370411200059
C600_DK885_RS05640	54.83882327368	-0.320059375114242	0.624312785143836	-0.512658690852379	0.608190090594022	0.760084288009604
C600_DK885_RS05645	3310.92071013116	-0.458193142398209	0.210496590213527	-2.17672477227978	0.0295011088445373	0.110236304205015
C600_DK885_RS05650	7181.83507728565	-0.530506282431001	0.374235510690948	-1.41757333891573	0.156315368573749	0.321757864634402
C600_DK885_RS05680	239.608092988947	-0.10828436673806	0.231255190866383	-0.468246210311559	0.639608529658542	0.782258063575809
C600_DK885_RS05685	116.393799814352	0.246275417212692	0.259728539794259	0.948203140893861	0.343026048493939	0.534074894598185
C600_DK885_RS05690	951.985676284915	-0.112114427499052	0.214207004124365	-0.523392911251214	0.600700856195863	0.75496074541378
C600_DK885_RS05695	1280.70799935371	-0.141237573943266	0.321081575520151	-0.439880655607416	0.660023547125655	0.795967417519684
C600_DK885_RS05700	335.689558215247	0.337085089719683	0.232893602138741	1.44737805858176	0.147791067559345	0.310971810518192
C600_DK885_RS05705	223.745392323873	0.577642670194287	0.376148427969414	1.53567748059619	0.124617500816797	0.27928141533264
C600_DK885_RS05710	1121.62380263416	0.615593942735016	0.458427100366621	1.34283933528952	0.179324003388236	0.349254397379497
C600_DK885_RS05715	46.8918824682494	-0.267782816450906	0.333025507717843	-0.804091008781783	0.421344416865526	0.60949453677641
C600_DK885_RS05720	476.572489748372	0.486496758973157	0.226220773222972	2.15053972295306	0.0315125474142602	0.114318177825932
C600_DK885_RS05725	63.9934942489423	-0.523720643895833	0.323667149135966	-1.61808402642626	0.105644490458827	0.250981607364805
C600_DK885_RS05730	958.535595484333	-1.84589562054513	0.787243654729867	-2.34475769916308	0.0190394481907783	0.0809640510459977
C600_DK885_RS05735	822.308112992465	-0.287928075953902	0.528072791154419	-0.545243157339092	0.585586292881404	0.746130855700158
C600_DK885_RS05740	681.256421535173	0.567943559334868	0.303103626997242	1.87376035371572	0.060963463140604	0.174044921139505
C600_DK885_RS05750	10.8565514714993	1.1733374207922	0.716205414972421	1.63826940744002	0.101365506475534	0.245762508427498
C600_DK885_RS05755	16.5106114577657	0.952112474000527	0.457777695952489	2.07985771788091	0.0375385852233682	0.126420706395365
C600_DK885_RS05760	0.321827417208091	0.241599039045311	3.08058042279617	0.0784264670571455	0.937488820698905	NA
C600_DK885_RS05765	1.85671513634687	-0.137286674501358	1.3936890514191	-0.0985059575244331	0.92153054154874	NA
C600_DK885_RS05770	126.064238852042	-0.22144520011636	0.410139929597802	-0.539925971932353	0.589248085872451	0.748287081541141
C600_DK885_RS05775	36.0111245403868	0.268057005216682	0.413659544548827	0.648013586895592	0.516976162536521	0.690415722812782
C600_DK885_RS05780	1220.05257269644	1.83441248657986	0.837470266174815	2.19042103423997	NA	NA
C600_DK885_RS05785	23.7625651068331	0.21861335224655	0.577696895044009	0.378422238585679	0.705116950366436	0.8262290644382
C600_DK885_RS05790	464.366566017425	0.578049846196174	0.479884416575681	1.2045605696492	0.228372986274778	0.410585475323804
C600_DK885_RS05795	45.2135846790965	0.99908092276581	0.624034497960961	1.6010027106359	0.109376318776379	0.255701836102384
C600_DK885_RS05800	29.921215157254	-0.800099813591792	0.472727158114307	-1.69251924679632	0.0905470135341841	0.227776587496682
C600_DK885_RS05805	1280.88891927104	0.0247967141604369	0.35645278561061	0.0695652135750873	0.944539725382318	0.972466029997476
C600_DK885_RS05810	136.887698703063	0.831119564181623	0.302189273506078	2.75032781454735	0.00595356715260151	0.0352473927919943
C600_DK885_RS05815	73.7469855451797	0.91188890163182	0.463806856616118	1.96609620712565	0.0492874984567681	0.151834411441364
C600_DK885_RS05820	159.676623701112	0.909257823199523	0.433803906128465	2.09601114778865	0.03608120205247	0.123412979973398
C600_DK885_RS05825	216.989698761326	0.862633750489498	0.432189349948844	1.99596253492041	0.0459380009629019	0.144972483527665
C600_DK885_RS05830	59.6014210812948	1.20533154263307	0.609809083748065	1.97657197105814	0.0480900330149903	0.149747690745171
C600_DK885_RS05835	42.41865194417	1.49918251475942	0.695801946615583	2.1546109809717	0.0311922890174301	0.114034346673358
C600_DK885_RS05840	5.21681875517684	-0.309550879205955	0.973897494973345	-0.317847495043025	0.75060062156366	NA
C600_DK885_RS23855	6.49831287125741	-1.19208670411221	0.878238251118947	-1.35736140232266	0.174666406010563	NA
C600_DK885_RS05865	0.505695274189354	1.17882909614978	2.76925718751728	0.425684223720164	0.670337959328689	NA
C600_DK885_RS05875	392.201235903411	1.69080466040888	0.2495322076788	6.77589749290119	1.23636319262629e-11	5.74599793773067e-09
C600_DK885_RS05880	1.40259552594438	0.806644626888413	1.95997757953588	0.41155808888356	0.68066335613709	NA
C600_DK885_RS05885	0.404012019226778	-2.05368816801086	2.79230276895789	-0.735481907922656	0.462046054447747	NA
C600_DK885_RS05895	0.180556390704617	1.20336424726912	4.0804728567969	0.294908038725135	0.768064130898878	NA
C600_DK885_RS05900	0.275499482382363	-1.50096964239739	3.16068538688755	-0.474887392659938	0.634867237971878	NA
C600_DK885_RS05905	0.321827417208091	0.241599039045311	3.08058042279617	0.0784264670571455	0.937488820698905	NA
C600_DK885_RS05910	212.074664810331	0.228810358525532	0.285024893568046	0.802773244333856	0.422105809378358	0.609708391324294
C600_DK885_RS05915	81.9100248388027	0.0493772410671507	0.302219640563024	0.163381972710849	0.870217695856832	0.928944182238628
C600_DK885_RS24330	3.78682488595891	-0.0738477463332519	1.01304122899204	-0.0728970788353098	0.941888018512609	NA
C600_DK885_RS05925	4.28952858909208	-0.451192122728759	0.830941246796338	-0.542989199860174	0.587137238530605	NA
C600_DK885_RS05930	1.11398582177541	1.11499470137685	1.75425715670738	0.635593645500425	0.525041312329103	NA
C600_DK885_RS05935	0.180556390704617	1.20336424726912	4.0804728567969	0.294908038725135	0.768064130898878	NA
C600_DK885_RS05940	18.9051016524799	-1.15324564423779	0.709851303891618	-1.62462988785869	0.104241444761629	0.248761034418316
C600_DK885_RS05945	3.82871612980576	0.0723517923387759	1.06500630648759	0.0679355529615532	0.945836936946587	NA
C600_DK885_RS05950	29.7903191098109	1.11543097301656	0.514092213974485	2.16970991331123	0.0300288285907188	0.11148535118404
C600_DK885_RS05955	252.570527147324	-0.835649838551537	0.276496127987833	-3.02228405378722	0.00250875010441706	0.0197617222208107
C600_DK885_RS05960	1145.2381251351	-0.249284781017612	0.223645714542764	-1.11464143870257	0.26500410528241	0.451916739523816
C600_DK885_RS05965	8.33070404979864	-0.529179604244403	0.721292794776644	-0.733654360720835	0.463159420774	0.643748308948685
C600_DK885_RS05970	661.026668083645	0.454432939198103	0.418845824112012	1.08496471263988	0.277937284454703	0.46590208458187
C600_DK885_RS05975	609.257689636205	0.316571180142996	0.303997386550605	1.04136151871259	0.297707795049548	0.488041261902213
C600_DK885_RS05980	7.20978100938301	0.142725096597463	0.690785403124442	0.206612785898361	0.836312274021127	NA
C600_DK885_RS05985	5.22496141600536	-1.35527865608039	0.873808261280812	-1.55100233785138	0.120901123704513	NA
C600_DK885_RS05990	1.32213909724644	-2.51648588836272	1.69839684644111	-1.48168309051908	0.138424638456269	NA
C600_DK885_RS05995	230.870677602501	-1.94652372490119	0.597035908985932	-3.26031264720303	0.00111289464432583	0.0112488140659402
C600_DK885_RS06000	277.162224011299	-0.747591901774189	0.274499796386432	-2.72346978619158	0.00646001242023057	0.0372955375441262
C600_DK885_RS06010	501.449932990471	0.126882542799398	0.287517340345158	0.441303966734938	0.658992954785802	0.795030687776819
C600_DK885_RS06015	367.721840741244	-0.019899208982563	0.215062013760489	-0.0925277720347418	0.926278726968665	0.961911875075101
C600_DK885_RS06020	62.6395699052324	0.330035357998528	0.513741932535772	0.642414677675834	0.520603972111542	0.692029162785381
C600_DK885_RS06025	738.183714291172	-0.424626604448048	0.390039797269939	-1.08867507218545	0.276297198262816	0.464476762285174
C600_DK885_RS06030	942.926958313964	2.48278319579994	0.389530261470605	6.37378771658616	1.84415811749794e-10	4.89755705775525e-08
C600_DK885_RS06035	215.123921128741	0.741145599295119	0.292334023591769	2.53526972395829	0.0112360774649239	0.0554790650924132
C600_DK885_RS06045	9750.7370735931	-1.04398301642402	0.489950183668275	-2.13079421382737	0.033106099256327	0.117900840071862
C600_DK885_RS06050	375.636656431983	0.662150122388842	0.239423943774649	2.76559692380671	0.00568187172934862	0.0341279468331473
C600_DK885_RS06055	155.069459347043	0.355981696941436	0.388713382622457	0.915794806290957	0.359774528097826	0.552288065841336
C600_DK885_RS06060	3259.47919515854	0.145377899321565	0.184079601052174	0.78975561925713	0.429670502304702	0.615315037456628
C600_DK885_RS06065	786.490922947895	-1.55384271754626	0.426774737861003	-3.64089665975575	0.000271690179014764	0.00405680355653371
C600_DK885_RS06070	2553.30585149606	-1.27832710566072	0.430758031332357	-2.9676222210107	0.00300112939739372	0.0221869240766537
C600_DK885_RS06075	4186.84570995737	-1.38149398685622	0.441954638777729	-3.12587280603475	0.0017727820970172	0.0153826916567466
C600_DK885_RS06080	2168.56951273761	-1.61061206736948	0.499961275260877	-3.22147363619127	0.00127533195141446	0.012348135925414
C600_DK885_RS06085	329.468593722011	0.828527345998528	0.33220338456482	2.4940364382015	0.0126299578229548	0.0602800811113556
C600_DK885_RS06090	836.180154540882	1.92511234761882	0.302773457971207	6.35825993638418	2.04051967596749e-10	5.05776810349807e-08
C600_DK885_RS06095	833.115100050007	0.258293517879803	0.312314552329761	0.827030043758834	0.408220033010699	0.598931781860726
C600_DK885_RS06100	12.7949929730437	0.587175843510961	0.615560701295111	0.95388780062725	0.340140439270333	0.530916101262426
C600_DK885_RS06105	654.247984891193	-0.516486088155485	0.382994916804802	-1.34854554327863	0.177482982257605	0.346858834504831
C600_DK885_RS06110	438.726109293149	-0.187659298808167	0.296481768147453	-0.632953924893066	0.526763731741471	0.697225900539263
C600_DK885_RS06115	369.146908269225	0.257313242377726	0.380908407073	0.675525238088044	0.499342122297039	0.675847837896029
C600_DK885_RS06120	8.4557751758124	-2.04537786766969	0.946807795672124	-2.16028836794453	0.0307503528860376	0.113085867487921
C600_DK885_RS06125	16310.8156043614	-2.8373251228689	0.704370524826345	-4.02817128608329	5.62123850719684e-05	0.00129812203538869
C600_DK885_RS06135	2688.42786666694	-0.850844085396096	0.353321008726187	-2.40813329630074	0.016034325468089	0.0712319574010797
C600_DK885_RS06140	693.814171724188	-0.997720065193779	0.243725374049725	-4.09362410083007	4.24682606618874e-05	0.00109650689681179
C600_DK885_RS06145	351.593384399368	-0.378490308289818	0.233244734101863	-1.62271748490803	0.104649811890898	0.24941538500664
C600_DK885_RS06150	72360.8222440303	0.316067498964095	0.330002661787069	0.957772574477094	0.338177451489896	0.52916070782871
C600_DK885_RS06180	8282.59836159705	1.42718281526034	0.299667558715642	4.76255361567052	1.91158385079852e-06	9.47635834302517e-05
C600_DK885_RS06185	61.9906091569799	0.933983297277981	0.332351663368303	2.81022603531539	0.0049506717370252	0.0314642692619824
C600_DK885_RS06190	1438.63430719004	0.387997079776071	0.348325018759089	1.11389380285779	0.265324748331736	0.451916739523816
C600_DK885_RS06195	1692.86919314164	0.173281183708736	0.323759390066573	0.535215932032443	0.5925005506605	0.749791660150432
C600_DK885_RS06200	72.5532355361672	0.770138378203502	0.577365401978041	1.33388383780016	0.182241929159346	0.353271893959567
C600_DK885_RS06205	526.686667102955	1.50002309415015	0.812870035126717	1.84534184965536	0.0649878263399782	0.181263869716458
C600_DK885_RS06215	574.313850469958	-1.00700393673896	0.340718411857917	-2.95553131762921	0.00312131006370297	0.0227549623859758
C600_DK885_RS06220	264.899228488018	0.152298818953414	0.211133677512554	0.72133835183332	0.470701366100651	0.651551630365682
C600_DK885_RS06225	47541.6132536181	-1.61969121163415	0.373277415655296	-4.33910851207206	1.43061874383528e-05	0.000470711547750406
C600_DK885_RS06230	26.3205578204324	-0.53544399737084	0.430168389690853	-1.24473115692123	0.213230589145298	0.39092274676638
C600_DK885_RS06235	350.141874986882	-0.669963060929442	0.256793716372031	-2.60895426256782	0.00908193802179104	0.0474250639958133
C600_DK885_RS06240	459.148590410427	0.116631585783924	0.30995574113053	0.376284644247992	0.706705293994126	0.826429491815693
C600_DK885_RS06245	241.215529801116	0.364622923459651	0.292313503558557	1.24736941338945	0.212262076344095	0.39086015654965
C600_DK885_RS06250	224.104786212479	0.472137537926347	0.413483749163231	1.14185270613854	0.253515249873807	0.439327876489158
C600_DK885_RS23865	2.68377386980054	-2.71029480392164	1.33343375646598	-2.03256801530566	0.0420961856685882	NA
C600_DK885_RS06255	3608.6114426224	-2.13634114849963	0.518565037749947	-4.11971689755486	3.79338191896182e-05	0.00102201405613768
C600_DK885_RS06260	3972.26946812664	-0.859605048213236	0.471843989138101	-1.82179929807613	0.0684854443097282	0.188595718976319
C600_DK885_RS06265	1156.68843525568	-0.320292327422581	0.282589685588278	-1.13341832259665	0.257038623219803	0.442644558189545
C600_DK885_RS06270	347.609577937262	-0.267808814341836	0.288766842976797	-0.927422316153366	0.353707308407478	0.545642101351296
C600_DK885_RS06275	1391.44278472787	-0.399908788311985	0.238805193415735	-1.67462349788928	0.0940081259186675	0.233794121849903
C600_DK885_RS06280	709.176739679825	-0.380372426645612	0.297101357965361	-1.28027831730732	0.200447270576658	0.376395430305058
C600_DK885_RS06290	516.577339485362	-0.169973548577332	0.365208000515588	-0.465415731137787	0.641633770900613	0.783116224196332
C600_DK885_RS06295	559.780916527771	0.186461492523523	0.319122011218927	0.584295303891165	0.559021651134755	0.723943747446541
C600_DK885_RS06300	158.545906499414	0.403237076692891	0.329771077467163	1.22277878275436	0.221413261285044	0.402353130722283
C600_DK885_RS06305	473.589338977909	0.503959797126444	0.231443915393061	2.17745969372567	0.0294462859958899	0.110236304205015
C600_DK885_RS06310	52.6990878054156	1.33316387179233	0.37106903567427	3.59276507502126	0.000327187544422588	0.0045780321984979
C600_DK885_RS06325	41.564401778711	-0.226962900475641	0.630044161930767	-0.360233320439181	0.718672658919913	0.833705131314894
C600_DK885_RS06330	56.8903582604871	0.325944883562039	0.685620221452034	0.47540150270326	0.634500823602284	0.779062215565999
C600_DK885_RS06335	99.3537966416089	-0.764968766942772	0.33948888515755	-2.25329546971108	0.0242405252177669	0.0953717172059866
C600_DK885_RS06340	245.773426611706	0.179728471642555	0.297291924143233	0.604552149072043	0.545476609113658	0.713862031919951
C600_DK885_RS06345	207.138758753891	-0.151669199127776	0.331194993075544	-0.457945326163735	0.646991721619985	0.786887543664738
C600_DK885_RS06350	30.1966257990581	-0.00131576571583433	0.48087940410446	-0.00273616566774091	0.997816858381963	0.998891513049041
C600_DK885_RS06360	917.898233184165	0.615436074039633	0.550900257745433	1.11714609929266	0.263931862522676	0.451171799935315
C600_DK885_RS06365	207.366502657485	-0.269381226250279	0.246948352284671	-1.09084034680964	0.275343139533303	0.463854006699059
C600_DK885_RS06370	133.577856949489	-0.0342429179729122	0.378735383061111	-0.0904138337858623	0.927958363946236	0.963190730639895
C600_DK885_RS06375	259.795510503563	-0.342592722336651	0.246046135969978	-1.39239220720155	0.163803662977217	0.329916374688419
C600_DK885_RS06380	285.32057547261	-0.486674800120931	0.301489914526584	-1.6142324392016	0.106477018192862	0.252314565736813
C600_DK885_RS06385	65.1950082105832	1.15456326899422	0.357898006807906	3.22595613004882	0.00125552599895242	0.0122520883572312
C600_DK885_RS06390	2572.13121003975	0.0671872436316383	0.350460880324065	0.191711107868905	0.84796850456151	0.916229845963294
C600_DK885_RS06395	65.7154383151006	0.224448662996183	0.349043784856751	0.643038703835672	0.520198986261375	0.692029162785381
C600_DK885_RS06400	37.062711228956	-0.0646436885318519	0.50091781644664	-0.129050487743508	0.897317699355458	0.947343446370383
C600_DK885_RS06405	21.3925474355995	1.34564947363523	0.489196095569679	2.75073633216184	0.00594614825568165	0.0352473927919943
C600_DK885_RS06410	42.1217079954328	1.08843190001543	0.365706264611997	2.97624625372557	0.00291800448458612	0.0218292568887147
C600_DK885_RS06415	39.2426039480058	0.677242165466253	0.373019300650967	1.81556869653763	0.0694365591390933	0.190380712010562
C600_DK885_RS06420	89.8514847966944	0.559536019773045	0.312844717670108	1.78854232841186	0.0736885529008124	0.19882005782672
C600_DK885_RS06425	63.8559244115254	0.487185400649194	0.335117342754071	1.45377555409515	0.146008543122484	0.30874748538121
C600_DK885_RS06430	96.8266057106325	0.207185003884202	0.275346458143616	0.752452039082117	0.451779261834688	0.634280623151035
C600_DK885_RS06435	54.6324142610516	-0.624514186127831	0.382131065036956	-1.6342931608228	0.102197309051619	0.246686179045577
C600_DK885_RS06440	39.545455363576	-1.30592169285812	0.422425789521295	-3.09148192476133	0.0019916010725908	0.0168673639815321
C600_DK885_RS06445	6.51216040744853	0.149777520849687	0.685320257547092	0.218551136056846	0.826999720295383	NA
C600_DK885_RS06450	13.4001793037978	-1.06791480372551	0.561456595415998	-1.9020433858013	0.0571654828470582	0.167177056105826
C600_DK885_RS06455	78.1391620898306	-0.473011313356431	0.340450999419711	-1.3893667933496	0.164721242531007	0.330866331566875
C600_DK885_RS06460	82.7750880929052	0.962350205808349	0.32820161291795	2.93219218897908	0.00336578387588745	0.0240653547125953
C600_DK885_RS06465	330.929961922072	-0.0107200836850674	0.258739720958929	-0.0414319210260302	0.966951565338948	0.984985340388949
C600_DK885_RS06470	337.443086771433	0.546150756421159	0.47775870317342	1.14315187309715	0.252975540140076	0.438900167167896
C600_DK885_RS06475	7.27484969120537	0.394137162629936	0.637224739369366	0.618521438794101	0.536231670166253	NA
C600_DK885_RS06480	157.148887937888	0.428746068353451	0.676307061118581	0.633951784629195	0.526112288622873	0.696753151642298
C600_DK885_RS06485	3643.77352614128	-0.065040488588651	0.257061906342675	-0.253014884678982	0.800256711038935	0.884469218680963
C600_DK885_RS06490	1851.00050775409	0.40866106032108	0.457580491285195	0.893091091303486	0.371808393377561	0.564238206766437
C600_DK885_RS06495	5452.07766168422	-0.613389162667046	0.357618416577607	-1.7152057450988	0.0863075119348169	0.219939225067614
C600_DK885_RS06500	823.487804377622	-0.917515394999207	0.429223307746419	-2.13761782838984	0.0325477735592436	0.116341818340039
C600_DK885_RS06505	915.007122176474	-1.01437157984341	0.434079731034343	-2.33683240041254	0.0194479004066388	0.0818841883160027
C600_DK885_RS06510	425.11177548904	-1.16606166013111	0.329825554830354	-3.53538906568618	0.000407175169045775	0.00533055379757815
C600_DK885_RS06515	3071.17802028761	-1.40644516536226	0.361146165802628	-3.89439318076799	9.84448608719896e-05	0.00193660313609554
C600_DK885_RS06520	159.70567895368	-1.532288210646	0.50656907485811	-3.02483567729671	0.00248768245140026	0.0196712137604081
C600_DK885_RS06525	156.056193949403	-0.99817739812628	0.463596791207176	-2.15311541636665	0.0313096089564098	0.114285676535407
C600_DK885_RS06530	1820.47572076639	-1.3748135285553	0.424547525996107	-3.23830300348495	0.00120243029452699	0.0118899889230089
C600_DK885_RS06535	786.270342480276	-1.44322733634556	0.390352581403211	-3.69724040547537	0.000217955916379778	0.00346307733803425
C600_DK885_RS24335	640.341492745588	-0.161629152477915	0.425278190344305	-0.38005511720942	0.703904501647963	0.825588939156822
C600_DK885_RS06540	937.71611587334	-0.00858243967091026	0.34485771426703	-0.0248869006429264	0.980145175772048	0.991613541094006
C600_DK885_RS06545	5094.1809535911	0.657477006026092	0.263586930592125	2.4943460001948	0.0126189470723553	0.0602800811113556
C600_DK885_RS06550	424.104421889402	0.588569720856529	0.23547381668578	2.49951238375656	0.012436435242433	0.0598171620069416
C600_DK885_RS06555	184.799155968411	0.90183416569739	0.615960397032025	1.46411063120751	0.143163722969544	0.305033078510467
C600_DK885_RS06560	264.058359927584	-0.0463094524299351	0.282237218576215	-0.164079892310269	0.86966825088448	0.928944182238628
C600_DK885_RS06570	1184.99111174711	0.822838580834676	0.229043920553054	3.59249256146085	0.000327530006670372	0.0045780321984979
C600_DK885_RS06575	2313.7077194295	0.855973941877582	0.213472844652218	4.00975563553343	6.07816175785584e-05	0.00136451171793693
C600_DK885_RS06580	1208.38058351966	-0.307342497782977	0.21051127215588	-1.45998119072405	0.144295243413982	0.306308585723132
C600_DK885_RS06585	341.640677881023	-0.0570675065027882	0.258940060489273	-0.220388866809399	0.825568315270919	0.900880463005497
C600_DK885_RS06590	2034.52157296952	-0.0524696926445523	0.208560723063551	-0.251579932567477	0.80136577130844	0.88516872778514
C600_DK885_RS06595	566.418896092824	-0.383942380609771	0.227633887958444	-1.68666618161819	0.0916675583514139	0.229353958243982
C600_DK885_RS06600	71.0777580197444	-1.32101147841374	0.4271473219337	-3.09263668664364	0.00198386848782944	0.0168402352460043
C600_DK885_RS06605	1401.34640872693	1.56733012574304	0.639750497497879	2.44990841253427	0.0142892555842819	0.0660789207243284
C600_DK885_RS06610	633.922370508158	0.464471880087992	0.649578232824545	0.715036090523446	0.474586742680066	0.654250466920462
C600_DK885_RS06615	1463.21176730776	-0.222793360178209	0.190278279910221	-1.17088172272384	0.241646322742726	0.42701569769841
C600_DK885_RS06620	25.2369496288582	0.0249574849737462	0.445048935759897	0.0560780691029687	0.955279614761272	0.978977289879385
C600_DK885_RS06625	23.2613991119819	-0.876594135068062	0.675266924900055	-1.29814463398723	0.19423763923659	0.36845690953145
C600_DK885_RS06635	102.805954782485	0.597861439300022	0.580868776522102	1.02925387534111	0.303360391618296	0.493176185411817
C600_DK885_RS06640	0.90170415235537	3.41528864047611	2.2422584139544	1.52314676097166	0.127721992180766	NA
C600_DK885_RS06645	53.0620566818332	0.312154036691688	0.377973500382224	0.825862226785802	0.408882250126747	0.599221208502658
C600_DK885_RS06650	685.76536421056	0.61906964783804	0.375730738814412	1.64764173884592	0.0994262100492303	0.242245510460706
C600_DK885_RS06655	1475.63830235558	0.361127254230979	0.335271766135781	1.07711800010242	0.281427552482164	0.469635386054169
C600_DK885_RS06660	127.757370237008	0.800516730959845	0.545797882405627	1.46669079665816	0.142460187605897	0.304346102868447
C600_DK885_RS06665	412.29059412479	1.19509864939484	0.83248825252655	1.43557419070814	0.151123543186728	0.314073411720657
C600_DK885_RS06675	197.773606830961	0.639707970788678	0.459694772658737	1.3915928760486	0.164045717347984	0.329916374688419
C600_DK885_RS06680	57.6605549672827	-0.111951928168238	0.326485544522295	-0.342900107053875	0.731673611225015	0.841419169745233
C600_DK885_RS06685	413.532451499349	0.911953983015037	0.605163464149475	1.50695479327513	0.131822245132812	0.289643943808841
C600_DK885_RS06690	153.349572871262	0.197865312979136	0.301917218947088	0.65536279669366	0.512234198517084	0.68605430478621
C600_DK885_RS06695	473.397350697344	0.142861635122294	0.247591514552955	0.57700537669977	0.56393582339897	0.728457424981231
C600_DK885_RS06700	636.157753825218	0.992415302320168	0.488563770359122	2.03129123060166	0.0422254604348523	0.137352810058426
C600_DK885_RS06710	24.7020634538673	1.39515290201241	0.443870241666371	3.14315484808072	0.00167137397245773	0.0147604950821802
C600_DK885_RS06715	42.2180011961374	0.6853748571343	0.414371964037562	1.6540087569056	0.0981257334664445	0.240495370486645
C600_DK885_RS06720	4.32032626274594	0.245188132523666	0.969506549537339	0.252899923822766	0.800345548339423	NA
C600_DK885_RS06725	16.7452469350801	0.903908712281172	0.469669963340186	1.92456146408167	0.0542842443338175	0.161851499946378
C600_DK885_RS06730	7.79490752381113	-0.464737677853887	0.716235126961095	-0.648861889566512	0.516427649868522	0.689999647362481
C600_DK885_RS06735	58.9942235482853	0.174491043210788	0.352862131867062	0.49450203763017	0.620951667667471	0.769344677366111
C600_DK885_RS06740	67.1621850246183	0.0891456952229202	0.352908978797109	0.252602513902518	0.800575387197114	0.884558481307242
C600_DK885_RS06745	1.3447767313246	0.203066865369413	1.65038625476511	0.123042024121992	0.902073820338801	NA
C600_DK885_RS06750	8.46627911542756	0.200354009631072	0.60686128497222	0.330147950763153	0.741288173051279	0.848555858191088
C600_DK885_RS06755	2.53502391950623	-0.38725750027755	1.05860902930264	-0.365817303232957	0.714501407402067	NA
C600_DK885_RS06760	29.3052462770432	0.267760531929881	0.439662277771691	0.609014112575116	0.542515084654373	0.711488918781291
C600_DK885_RS06765	1.72407121102492	0.177075670123778	1.48316172628552	0.119390668586933	0.904965853806698	NA
C600_DK885_RS06770	267.058132685937	0.223883310589745	0.36212724632413	0.618244865202311	0.536413939732473	0.707000589702533
C600_DK885_RS06775	215.608226759019	0.341301121360405	0.273854520044906	1.24628624462521	0.212659325993179	0.39086015654965
C600_DK885_RS06780	1716.51366346098	-0.238811318370562	0.2046662028661	-1.16683318997617	0.243277740704378	0.428067505886833
C600_DK885_RS06785	2467.15416021319	0.292149894625695	0.261165227435632	1.11864009422043	0.263293711381743	0.45028795718368
C600_DK885_RS06790	391.193627807036	-0.226542526266604	0.481981680251411	-0.470023105750482	0.638338509736287	0.781733392358207
C600_DK885_RS06795	250.677335771803	0.178265205573937	0.311005472860371	0.573189931143016	0.566516101113181	0.730089034294213
C600_DK885_RS06800	533.101306290445	0.702307839512759	0.312160074062654	2.24983237084893	0.024459588298783	0.0959290604376321
C600_DK885_RS06805	541.650782612854	-0.391295109004021	0.250756498260577	-1.56045849945393	0.118651569822822	0.269484750520007
C600_DK885_RS06810	56.0003911988211	0.498527249793644	0.323580506700708	1.54065909246737	0.123399777808157	0.277892413016795
C600_DK885_RS06815	362.672829092586	-0.160566241455943	0.361764613587491	-0.443841756283636	0.657156996616352	0.794313951046683
C600_DK885_RS06820	94.6725646819914	-0.914974417380312	0.527881769611015	-1.73329421482871	0.0830433885039103	0.215010667449539
C600_DK885_RS06825	77.4148542573811	-0.561662073671919	0.623985882960349	-0.900119840864429	0.368056478360153	0.560144898298424
C600_DK885_RS06830	301.96047575558	0.268624847651171	0.318158629700584	0.844311052961132	0.398495611279075	0.590370411200059
C600_DK885_RS06835	444.733029477613	0.632430369863021	0.427941417228123	1.47784333182663	0.139449717086184	0.300436239854113
C600_DK885_RS06840	228.721101801492	0.26547108941574	0.256298879562165	1.0357871632886	0.300301447539155	0.490132037730719
C600_DK885_RS06845	351.754606293748	-0.487322744426739	0.249484495404986	-1.95331875688576	0.0507818362775032	0.154606000789074
C600_DK885_RS06850	274.480614976248	-0.899008201881497	0.326642848649606	-2.75226659820701	0.00591843180797453	0.0351638318434338
C600_DK885_RS06855	1956.24035042488	0.339342070391785	0.414537350138637	0.818604331499432	0.413012194901053	0.602836637399584
C600_DK885_RS06860	542.637865945847	0.112830332734389	0.386047257338947	0.292270779261942	0.77007959865976	0.867447118598497
C600_DK885_RS06865	3458.42787900309	0.0593840577667964	0.265020881802185	0.224073127230485	0.822700402214126	0.899118193836602
C600_DK885_RS06870	2.99189672026557	0.312530778996425	1.09614010030606	0.285119373800084	0.775552687671883	NA
C600_DK885_RS06875	3.82924923129433	0.121435953741307	0.868572127452454	0.139811018455637	0.888809307338732	NA
C600_DK885_RS06880	5.89976266167443	-0.00499696122858131	0.726143320927522	-0.00688150821548364	0.99450939417461	NA
C600_DK885_RS06885	14.536600515122	0.668905823592129	0.508909683391357	1.31439004880898	0.188714977543533	0.361112859756488
C600_DK885_RS06890	22.9611445124319	0.381562075835925	0.452277404375474	0.843646116619078	0.398867186018254	0.590370411200059
C600_DK885_RS06895	15.918823742504	-0.383438185456996	0.718359151796726	-0.533769472412175	0.593501037069049	0.749791660150432
C600_DK885_RS06900	0.516134704915033	1.15311943675894	2.34476973840234	0.491783656993394	0.622872291083707	NA
C600_DK885_RS06905	18.1398516635262	0.293289049877605	0.550906479061443	0.532375386793906	0.594466028759482	0.750755670831439
C600_DK885_RS06910	4.85002390202701	0.0938885954960294	0.994392263457666	0.0944180671413948	0.924777064413555	NA
C600_DK885_RS06915	19.3294903467244	-0.596267522797131	0.48915865318638	-1.21896550109672	0.222857286781247	0.404356009124125
C600_DK885_RS06920	20.5887595461222	-0.500785219972455	0.515035178242122	-0.972332068037948	0.330885375274889	0.519523574861503
C600_DK885_RS06925	25.6210974830131	-0.203202448230884	0.407091852641942	-0.49915626390492	0.617669303163119	0.766960034160231
C600_DK885_RS06930	27.157494071014	-0.154601386345198	0.475374402203056	-0.325220259291876	0.745014376692794	0.850987235804549
C600_DK885_RS06935	69.2981135445139	0.607656915212237	0.447770604317037	1.35707192333241	0.17475835857473	0.342515327981468
C600_DK885_RS06940	26.7482747828963	0.436468168201246	0.578513481359248	0.754464990471337	0.450570059752877	0.633113938836431
C600_DK885_RS06945	31.6760165685386	0.213074935480656	0.560513861575696	0.380142134008368	0.703839910824059	0.825588939156822
C600_DK885_RS06950	42.9995443697155	0.283819460033962	0.50851883143198	0.558129694498692	0.576755824892289	0.738168040258014
C600_DK885_RS06955	598.521432622886	0.511537138537133	0.343819274161852	1.48780820907768	0.136801480153935	0.296576036858502
C600_DK885_RS06960	1181.12823147639	0.414294771733986	0.329873769609494	1.25591911179973	0.209145298575349	0.387841386657522
C600_DK885_RS06965	68.4580653631673	-0.214760046408258	0.281684540575824	-0.762413322254897	0.445813357517881	0.630001544375326
C600_DK885_RS06970	17.0707106495	0.347055446109089	0.676582311393976	0.512953768173518	0.607983660679517	0.760081792335725
C600_DK885_RS06975	160.560677810849	-0.579722190500115	0.371190001442959	-1.56179365889844	0.118336606110142	0.268933680634173
C600_DK885_RS06980	1064.86180440894	-1.20977280191746	0.401641492363284	-3.0120712748055	0.00259471666503019	0.0202246468775309
C600_DK885_RS06985	67.0639057922402	0.0867775223139664	0.316184541065065	0.274452134888243	0.783737182615231	0.87676754463901
C600_DK885_RS06990	86.5982312922694	0.411342475689657	0.405168498383606	1.01523804869007	0.309992367480891	0.499156181158057
C600_DK885_RS06995	131.91555885769	-0.855000009813053	0.508987551949952	-1.67980534403545	0.0929951950684926	0.231895462954162
C600_DK885_RS07000	20.9871748522406	-0.673685702983409	0.592841210057994	-1.13636786976652	0.255802636964467	0.440924526765826
C600_DK885_RS07005	5021.61011197053	-0.721946921665163	0.481386083966665	-1.49972536745611	0.133685556685303	0.293030690438092
C600_DK885_RS07015	36.6628732723526	-0.556606968140059	0.500184651014108	-1.11280297588412	0.265793057044063	0.452067056765703
C600_DK885_RS07020	20.1400366923866	0.331173440970756	0.467642266770374	0.708176879001768	0.478835422404969	0.658409258388647
C600_DK885_RS07025	34.470835794586	-0.241970384461782	0.420724999432742	-0.57512718471217	0.565205283857813	0.729157961618095
C600_DK885_RS07030	29.6178538383271	0.480253825407057	0.420338186305741	1.14254150836949	0.253229002686315	0.439134996262929
C600_DK885_RS07035	52.802209957325	0.0403714779697998	0.304896515882146	0.132410427364165	0.894659667453353	0.946059341180764
C600_DK885_RS07040	74.8739101190445	-0.8483800950853	0.43315301042527	-1.95861525757921	0.0501578613928387	0.153487184081131
C600_DK885_RS07045	18.4141546875514	-1.38634861304732	0.695731900950455	-1.99264775864582	0.0463000316259151	0.145637493726863
C600_DK885_RS07050	278.45929059652	-0.94279192701258	0.472585665852227	-1.99496513571231	0.0460466824981824	0.144972483527665
C600_DK885_RS07055	2724.90411644736	0.159928511249069	0.23051103099015	0.693799817570999	0.487807757051664	0.666863859744913
C600_DK885_RS07060	5350.872559422	0.477610835321879	0.338813231020228	1.40965815851909	0.158640645164325	0.324080175121408
C600_DK885_RS07065	2378.50288331601	0.410515405248672	0.231070058565113	1.77658415719401	0.0756366841762423	0.202460181257933
C600_DK885_RS07070	929.462303744499	-0.495513160781458	0.283755128490127	-1.74627032617209	0.0807639895972277	0.210871146996132
C600_DK885_RS07075	202.075210121806	1.11444110675432	0.363836720725343	3.06302537174527	0.00219111481624924	0.0183481191144475
C600_DK885_RS07080	1422.92451400184	0.608316077010447	0.278725453963595	2.1824920126954	0.0290732401098235	0.109075990644121
C600_DK885_RS07085	292.010925553014	-0.832493492855157	0.407462842566055	-2.0431151160003	0.0410410438915247	0.134559613041172
C600_DK885_RS07090	6.17741665785762	-1.44095165448201	0.836217305551448	-1.72317846678832	0.0848562564918804	NA
C600_DK885_RS07095	349.141507321782	0.503822653479462	0.276697731714355	1.82084128539072	0.0686309864913824	0.188595718976319
C600_DK885_RS07100	50.4494986588149	-0.109024476122065	0.370842658350095	-0.293991194559771	0.768764631935205	0.867447118598497
C600_DK885_RS07105	17.9900693974816	0.256331829484361	0.459524187551219	0.557820102681299	0.576967234043823	0.738184506598395
C600_DK885_RS07110	2.48362838747935	0.505784710350785	1.31551387262191	0.38447691117291	0.700625005534142	NA
C600_DK885_RS07115	84.2563312347534	0.102631685106622	0.295941785224777	0.346796870974708	0.728743928024443	0.839885283445405
C600_DK885_RS07125	99.4343042581501	0.548966154066909	0.293011746821954	1.87352950870083	0.0609953018409831	0.174044921139505
C600_DK885_RS07155	2099.9735042372	0.0623195136556295	0.331489537548123	0.187998433122742	0.850877879468402	0.918839371438721
C600_DK885_RS07160	181.251660115552	0.588926515533167	0.262216583318374	2.24595450097111	0.0247069223899679	0.0964919510986352
C600_DK885_RS07165	126.628934926965	-0.646098955623346	0.335470201131144	-1.92595036293781	0.0541105720284645	0.161592856868941
C600_DK885_RS07180	362.911745555077	1.07388156366186	0.324625507416364	3.30806279583109	0.000939437421027439	0.00986674669881361
C600_DK885_RS07185	6.41345390970046	1.59716542780783	0.81916423590296	1.94974994977324	0.0512059296497032	NA
C600_DK885_RS07190	239.877866075708	0.973539290776847	0.496685462387002	1.96007204659897	0.0499873699484269	0.15321767639592
C600_DK885_RS24610	0.188591368672469	1.20336424726912	4.0804728567969	0.294908038725135	0.768064130898878	NA
C600_DK885_RS07195	507.920508749954	0.88889008764663	0.289002002014872	3.07572294118879	0.00209992873813918	0.0176913193610597
C600_DK885_RS07200	54.0771681132702	-0.016776654020672	0.437864606167166	-0.0383147068394633	0.969436765034191	0.986363085820034
C600_DK885_RS07205	54.8804758569166	1.13846717965905	0.41926645818007	2.71537862723588	0.0066200037047069	0.0376924560093419
C600_DK885_RS07210	620.419910603583	-0.378320417164075	0.227664779268734	-1.661743280534	0.0965642591420206	0.238714039554543
C600_DK885_RS07215	3.482447633194	-1.10676685348036	1.01488420262505	-1.0905351079637	0.275477496926151	NA
C600_DK885_RS07220	15.3639037403012	-0.923694066026099	0.568921801975562	-1.62358704275104	0.10446397266573	0.249132168294538
C600_DK885_RS07225	20.9399618752983	-0.26990328387145	0.441119867424532	-0.611859278629352	0.540630865696651	0.710520113101508
C600_DK885_RS07230	20.074615229835	-0.589459474201722	0.450754802537764	-1.30771645888861	0.190969498689337	0.364115177501002
C600_DK885_RS07235	38.4426328500931	-0.585307066849019	0.336883319757785	-1.73741777203409	0.0823134565400009	0.213418013539556
C600_DK885_RS07240	141.081182962202	0.535671012185989	0.313751308684692	1.70731084575114	0.087764291289203	0.222079069280937
C600_DK885_RS07245	107.413905605682	0.79964044844148	0.455256901919689	1.75645980339809	0.0790099291801801	0.208487520718176
C600_DK885_RS07250	173.930873911087	0.813005106968533	0.568776208923704	1.42939365995456	0.15289111964166	0.3170380272324
C600_DK885_RS07255	479.147293453345	0.815520560744801	0.250263292623848	3.25865032859833	0.00111943550414144	0.0112488140659402
C600_DK885_RS07260	24.9266171495845	0.861125908947124	0.618842787450972	1.39150997055992	0.164070838299862	0.329916374688419
C600_DK885_RS07265	1120.65405981511	-0.597850122388709	0.349987469247851	-1.70820436421205	0.0875984290286609	0.222011560414834
C600_DK885_RS07275	315.296024992316	-0.00700023779032077	0.399482337432464	-0.0175232723311684	0.986019167060126	0.99484918945171
C600_DK885_RS07280	2.18299084272443	-0.0915110610011609	1.17572502229098	-0.0778337275010489	0.937960317153269	NA
C600_DK885_RS07285	10.1994926212824	-1.32911148924255	0.679715585929846	-1.95539357454094	0.0505366339506477	0.154265357166263
C600_DK885_RS07290	17.0794600456914	-1.97707124500853	0.797157300575925	-2.48015196446191	0.0131326399491283	0.0618041686046459
C600_DK885_RS07295	12.7731672908872	-0.77330013244475	0.752091418445757	-1.02819964897728	0.303855923526143	0.493550163246047
C600_DK885_RS07300	6.91236558550731	0.604117075955089	0.695149923965424	0.869045734061157	0.384822116370666	NA
C600_DK885_RS07305	18.1094678405791	1.73848596465466	0.586948944444947	2.96190321340243	0.00305743876185769	0.0224212175869564
C600_DK885_RS07310	2009.68534084256	0.968323515526906	0.354262309970124	2.73335177995245	0.00626933335357704	0.0367655858179802
C600_DK885_RS07315	890.365231149119	0.0337538079676152	0.26772677554206	0.1260755779816	0.899672099142137	0.948307781610383
C600_DK885_RS07320	5.14958554686748	1.16037502317009	0.791434237083351	1.46616733115613	0.142602706230507	NA
C600_DK885_RS07325	28.2099069164116	1.22131010142267	0.404568125999345	3.01879961108118	0.0025377832948869	0.0199481570621343
C600_DK885_RS07330	88.807782310129	-0.789450963507162	0.425376804216649	-1.85588625350875	0.0634697727592728	0.178641973032357
C600_DK885_RS07335	31.6299018964884	-1.00568978967445	0.527138116010659	-1.90782976819327	0.0564132219464485	0.165936993035519
C600_DK885_RS07340	24.54538948662	0.692432087219082	0.621379740981188	1.11434609394522	0.265130739634143	0.451916739523816
C600_DK885_RS07345	41.805997442154	-1.90134099680844	0.554696766334685	-3.42771242272077	0.00060868988354475	0.00698490428092401
C600_DK885_RS07350	0.379294479700325	0.241599911069111	2.94167081259473	0.0821301656306014	0.934543205444302	NA
C600_DK885_RS07355	0.190703111027855	-0.720189104373366	4.0804728567969	-0.176496482061812	0.859903912208586	NA
C600_DK885_RS07365	5.68158289114022	0.973680536700279	0.718721358342743	1.35473994949229	0.175500424964141	NA
C600_DK885_RS07370	2.23445815999839	-1.05260091260902	1.13751900219965	-0.925347981504995	0.354784927809525	NA
C600_DK885_RS24105	1.34943233707206	1.00637206481225	1.59368837239006	0.631473556717364	0.527730933955777	NA
C600_DK885_RS07380	0.128512536844415	-0.720189104373366	4.0804728567969	-0.176496482061812	0.859903912208586	NA
C600_DK885_RS07390	0.659517473773894	-1.28707978724814	2.2039421171519	-0.583989832233618	0.559227152848893	NA
C600_DK885_RS07395	27.9204495409384	0.759483610086751	0.419117930846204	1.81210001813414	0.0699707435906922	0.190866635854874
C600_DK885_RS07400	48.4220049350946	0.678417753917965	0.351257791143232	1.93139560466383	0.0534341483001082	0.160216260790163
C600_DK885_RS24220	18.4952708872068	-0.223099706570629	0.471307646298272	-0.473363223200156	0.635954063202346	0.779643052282804
C600_DK885_RS07405	44.2566723052107	-1.28876474184359	0.61197377945367	-2.10591496745843	0.0352117392936564	0.121337277930728
C600_DK885_RS07410	39.6308665077769	-0.110456368672649	0.401811690565535	-0.274895856109079	0.783396250895412	0.87676754463901
C600_DK885_RS07420	48.5439865217843	-0.708148299169166	0.40757826575973	-1.73745353631448	0.0823071485507687	0.213418013539556
C600_DK885_RS07425	20.8982887013782	-0.86015862713171	0.460553476214725	-1.86766286990455	0.0618090771715618	0.175407256248087
C600_DK885_RS07435	36.6365830692855	0.701180630085144	0.550219194013639	1.27436599397833	0.202533738181783	0.379737992213751
C600_DK885_RS07445	565.643698195845	-0.155166096573837	0.332814361713334	-0.466224161045932	0.64105505684502	0.783116224196332
C600_DK885_RS07455	22.910651642035	-1.93819569060006	0.679532715542377	-2.85224779656572	0.00434112452900933	0.028416022885311
C600_DK885_RS07460	171.99376034479	-0.130919034515445	0.293355248579479	-0.446281548223177	0.655393883123311	0.793472633491524
C600_DK885_RS07470	3090.99510501798	-1.07125144411891	0.303189820234931	-3.53326982841587	0.000410453321548707	0.00535461561234419
C600_DK885_RS07475	462.315027282873	-0.757566930087479	0.378722302243322	-2.00032299550386	0.0454653974810075	0.144204102067629
C600_DK885_RS07480	863.668185908308	-1.08492250750152	0.475288262832811	-2.28266210706566	0.0224502794919643	0.0904335202070673
C600_DK885_RS07485	1163.11415113807	-1.16792439572757	0.456980575852612	-2.55574187928778	0.010596168831998	0.0532385888072547
C600_DK885_RS07490	11.1946463377165	-0.645207225874706	0.547753905858752	-1.17791442283405	0.238830724585721	0.423500268236456
C600_DK885_RS07495	99.1339364710061	0.185973456124305	0.314413233531468	0.591493729559231	0.554189655302921	0.720698544391836
C600_DK885_RS07500	4.75776831650514	-0.284334059366114	0.831627488554051	-0.341900746764017	0.732425587631112	NA
C600_DK885_RS07505	2.2950642036249	-1.14530350635476	1.20727717347257	-0.948666579241656	0.342790216970525	NA
C600_DK885_RS07510	1.6223200501186	-0.306269288477275	1.49148913640579	-0.205344632422416	0.83730287532298	NA
C600_DK885_RS07515	0.431865545358975	-0.486822519351892	2.85533789139533	-0.170495590318382	0.864620402010439	NA
C600_DK885_RS07520	366.124334399085	0.444292581197689	0.233614259764517	1.90182132565681	0.05719451731216	0.167177056105826
C600_DK885_RS07525	629.752201917225	-0.631330171925924	0.365859300771408	-1.725609190732	0.0844177447863019	0.217358154512099
C600_DK885_RS07530	278.961992443064	-0.294365441545799	0.314109945611731	-0.937141423435416	0.348685816105653	0.539498070861764
C600_DK885_RS07535	319.289880136329	0.251192247380513	0.329675414250701	0.761938065510382	0.446096969749063	0.630162816689597
C600_DK885_RS07540	96.6795435633631	0.689278592599857	0.463882046726125	1.48589193624647	0.137307706861673	0.296980834270914
C600_DK885_RS07545	190.235611202688	0.646885734128699	0.428245638236715	1.51054833107519	0.130903566699499	0.288495737694123
C600_DK885_RS07550	132.301452580346	0.0502776394227707	0.322663180050103	0.155820814184512	0.876174263677507	0.93234571046164
C600_DK885_RS07555	77.8992942360107	-0.181902176734455	0.279765536969963	-0.650195083728217	0.515566216297643	0.689604875035847
C600_DK885_RS07560	609.206591778474	0.752282835516881	0.537254719029276	1.40023495163732	0.161442972611929	0.327108976660028
C600_DK885_RS07565	2331.15316948157	-0.0328631011468934	0.255280743252698	-0.128733177160812	0.897568782249903	0.947343446370383
C600_DK885_RS07575	82.3836763287927	-0.216993298518564	0.347819428934818	-0.623867675198872	0.532714490579137	0.704299717708395
C600_DK885_RS07580	213.377075355699	0.468650917918724	0.286876334942484	1.63363394200043	0.102335736419089	0.246686179045577
C600_DK885_RS07585	799.348928372081	-0.160250537848597	0.248206788937163	-0.645633177620967	0.518516945497037	0.691231983993541
C600_DK885_RS07590	384.217255809693	-0.271152209856644	0.215951398698264	-1.25561682624482	0.209254927820062	0.387841386657522
C600_DK885_RS07595	388.24174432835	-0.358902863909628	0.226797889921017	-1.5824788494929	0.113540296956487	0.261388745562984
C600_DK885_RS07600	580.320459521218	-0.220033375011265	0.214900176894929	-1.02388643039063	0.305888920255519	0.495337545953841
C600_DK885_RS07605	2444.82538549755	0.035660308088502	0.240590706171099	0.148219807223732	0.882169300565625	0.936046078625284
C600_DK885_RS07610	202.506843917836	0.369261124104892	0.362608862310131	1.01834555766889	0.308513765092748	0.497726498902876
C600_DK885_RS07615	721.844837275216	0.587840815254947	0.321793301600638	1.82676523200128	0.0677350755174673	0.187183697481956
C600_DK885_RS07620	209.919727363574	0.623774454101057	0.536643557581252	1.16236269920489	0.245088168109093	0.429626501192649
C600_DK885_RS07625	208.335033738587	0.813183651972208	0.516413361086193	1.57467585707273	0.115331283314009	0.26371568964421
C600_DK885_RS07630	89.6328035755453	0.426617780177791	0.350157367548326	1.21836014236917	0.223087144462132	0.404406632428185
C600_DK885_RS07635	93.2978719652514	1.17284033530614	0.393938514106891	2.97721673130926	0.00290878303662216	0.0218041438108089
C600_DK885_RS07640	95.3138992920318	0.948324292448252	0.296186925898407	3.20177634300283	0.00136582999069384	0.0129686466302574
C600_DK885_RS07645	30.0033797689501	1.24945943772846	0.470008291423162	2.65837743828977	0.00785179035600831	0.0428677775971202
C600_DK885_RS07650	31.9161364776241	1.62774792350568	0.462905421676357	3.51637256183129	0.000437486622398303	0.00560888021405824
C600_DK885_RS07655	28.9518849903672	1.39645451044946	0.412775855626619	3.38308186250273	0.000716772633849045	0.0080756383413659
C600_DK885_RS07660	64.2517221229037	-0.420464604346232	0.481902421600326	-0.872509839128702	0.382930302911617	0.575711632117021
C600_DK885_RS07665	499.335294901982	0.751881789949801	0.242924618600047	3.09512388774274	0.00196730705710252	0.0167378664492155
C600_DK885_RS07670	78.8448174131651	0.743815676199063	0.286629305508941	2.59504405831196	0.00945787943760016	0.0489754815445646
C600_DK885_RS07675	61.4188459576587	1.1068579870343	0.493935271190178	2.24089683728647	0.0250327581701259	0.0975595334135516
C600_DK885_RS07680	107.06758860171	0.658916889774167	0.382641848695637	1.72201993070101	0.0850659081224237	0.218271253553603
C600_DK885_RS07685	356.402037710412	0.0434338192975106	0.23609680096173	0.183966149141304	0.854040010720736	0.920649683925688
C600_DK885_RS07690	266.895155802708	0.479546244354603	0.329912606072754	1.45355538263018	0.146069614520051	0.30874748538121
C600_DK885_RS07695	323.867282097535	0.281008564365879	0.294840927060444	0.953085337125776	0.34054683471993	0.531327373683886
C600_DK885_RS07700	4858.18255833135	-0.60754505761834	0.241207459475223	-2.51876562582323	0.0117767017783347	0.0572363100808478
C600_DK885_RS07705	3404.89413282524	-0.236863907509382	0.248068467478608	-0.954832792401588	0.339662261255416	0.530838288082235
C600_DK885_RS07710	2131.77970040995	0.664632697282197	0.340911973228448	1.9495727621066	0.051227062492986	0.155479361917487
C600_DK885_RS07715	214.714575231813	-0.200603216497898	0.325974089912417	-0.615396200820119	0.538293099790787	0.70845088319368
C600_DK885_RS07720	391.857917351301	0.445246801794029	0.254397811751186	1.75019902384028	0.0800839772211242	0.209684667118408
C600_DK885_RS07725	2766.98143453586	0.497481163050998	0.233969785819038	2.12626242020741	0.0334814152620721	0.118556097089889
C600_DK885_RS07730	99.299083624185	-0.274815066175096	0.325624013476738	-0.843964372408698	0.398689314687116	0.590370411200059
C600_DK885_RS07735	1215.74052230676	0.587291774927061	0.330159842192822	1.77881044231923	0.0752708446219934	0.201852850423767
C600_DK885_RS07745	1019.17898640276	1.69185379715061	0.299186776333398	5.65484149361366	1.55990160596932e-08	2.07132648964069e-06
C600_DK885_RS07750	2479.42943290184	0.188550754343107	0.248330840917391	0.759272403083556	0.447689622389582	0.630735133021776
C600_DK885_RS07755	2377.95613966557	0.38750625544007	0.270696163462205	1.43151735319726	0.152281997192525	0.315951152657258
C600_DK885_RS07760	4935.32754442587	0.449484504320364	0.212135618032485	2.11885447851352	0.0341027670342815	0.119730016839904
C600_DK885_RS07765	646.6560410796	-0.345232944930278	0.321343615786198	-1.07434200640841	0.28266942451978	0.470862419518165
C600_DK885_RS07770	2668.55513748024	0.185317247473827	0.21652534774894	0.855868605687224	0.392070461877406	0.584724419278056
C600_DK885_RS07775	8314.33061832393	0.470001046958448	0.226929432123443	2.07113305030782	0.0383463640076983	0.128327435986159
C600_DK885_RS07780	2274.81847012555	0.810267248572509	0.255991771856736	3.16520817327663	0.00154972031287818	0.0140191243875452
C600_DK885_RS07785	990.358145930692	1.15049309236856	0.280346324398504	4.10382798788963	4.06369652222631e-05	0.00106400166687588
C600_DK885_RS07790	928.434588857985	0.749836287624606	0.22403115785727	3.34701786482006	0.000816859459206189	0.0089325984392018
C600_DK885_RS07795	41.5451979985493	0.421727049808411	0.40990061826345	1.02885194854076	0.303549251180801	0.493267533168802
C600_DK885_RS07800	5026.82610804253	0.892106872876804	0.234460879262408	3.80492846262152	0.000141845179878136	0.00257395441172233
C600_DK885_RS07805	6240.3874216536	0.994000212596817	0.238912871774645	4.16051343409579	3.17532937243541e-05	0.000874509230127027
C600_DK885_RS07810	8465.28767566283	1.00706951145167	0.209551731955683	4.80582766867636	1.54112605946064e-06	8.18558098439239e-05
C600_DK885_RS07815	27.8743557966827	-0.00758874025151693	0.514286796303382	-0.0147558527772124	0.988226960123314	0.995072343156867
C600_DK885_RS07820	5.41343756433307	-1.97444532560506	1.13462470594857	-1.74017480427977	0.0818283283674919	NA
C600_DK885_RS07825	6.55523713532376	-0.497175843511127	0.694533151096306	-0.715841774760996	0.474089054318128	NA
C600_DK885_RS07830	60.0166985937105	-1.0092117571618	0.463623285925983	-2.17679264134916	0.0294960423467202	0.110236304205015
C600_DK885_RS07835	2.17490354544026	-0.949421324730912	1.15912620582261	-0.819083651082782	0.412738688926418	NA
C600_DK885_RS07840	16.5614509356156	0.520077005327119	0.464133673230867	1.12053280191206	0.262486782529012	0.449532345040677
C600_DK885_RS07845	7.28743270119352	0.695504448210383	0.697553631359425	0.99706232889212	0.318734256858602	NA
C600_DK885_RS07850	83.3569772856038	0.203449104366027	0.340838886104832	0.5969069629674	0.550569498217907	0.716993833406018
C600_DK885_RS07855	67.7102919753189	-1.15750094686224	0.446417723632538	-2.59286512516475	0.00951800891672856	0.049199562078409
C600_DK885_RS07860	1601.43260278802	-0.470580038645157	0.26702203417726	-1.76232661883164	0.0780141289484456	0.206870179780362
C600_DK885_RS07865	1012.13279288114	-0.218626415473837	0.401433517796472	-0.544614253124428	0.586018849813256	0.746170576577289
C600_DK885_RS07870	1047.10816537712	-0.600285140332755	0.264495326196368	-2.2695491408687	0.0232349524362664	0.0923931049818593
C600_DK885_RS07875	194.6024852197	-0.705434277940124	0.268702052644096	-2.62534011556098	0.0086562452044966	0.0459682852878057
C600_DK885_RS07880	825.691839021481	-1.21419529225214	0.416805345067481	-2.91309913997278	0.00357860967357279	0.0250099074555332
C600_DK885_RS07885	688.617060508396	-1.20273329268352	0.419645710985663	-2.86606835527651	0.00415604496276117	0.0275439842630054
C600_DK885_RS07890	424.426104758985	-1.56980767642916	0.414640701907415	-3.78594689138763	0.000153124378007054	0.00271103065442965
C600_DK885_RS07895	53.8087472131114	-1.25645373266277	0.441552492789126	-2.84553649493906	0.00443366785904539	0.0288693119088105
C600_DK885_RS07900	11.7648064232575	0.679002046336529	0.514976837107752	1.31850987735679	0.187333020750181	0.359629914121581
C600_DK885_RS07905	3.23062286493177	-0.623014687492649	0.988879186031321	-0.630021034210458	0.528680822354767	NA
C600_DK885_RS07910	58.543518583958	1.25289970289742	0.338134494752634	3.70532945422794	0.000211116142828704	0.00339796458457629
C600_DK885_RS07915	49.3574582844531	1.04820794914351	0.321920197847593	3.25611116093986	0.00112949521259735	0.0112857431840219
C600_DK885_RS07920	340.44058653626	1.73990396080138	0.280918606453132	6.19362306672864	5.87967405202331e-10	1.21447934030126e-07
C600_DK885_RS07925	75.0216562781429	2.47802980212735	0.518869558584635	4.77582421463861	1.78972684276715e-06	9.24195055751147e-05
C600_DK885_RS07930	149.392868996927	1.99019147590697	0.389059383697379	5.1153925577978	3.13089124257868e-07	2.19634974337878e-05
C600_DK885_RS07935	10.3825903954363	1.40561005603347	0.949473168532793	1.48041050828802	0.138763727346091	0.299259592965642
C600_DK885_RS07940	64.205912632601	-0.888718391253602	0.406584408987878	-2.18581522460715	0.0288291264575182	0.108378859624927
C600_DK885_RS07945	33.5411169756873	-0.287396791702435	0.383309642521569	-0.749777098775341	0.453388963779586	0.635393956778175
C600_DK885_RS07950	413.017217906149	0.0564024983129008	0.26603859990945	0.212008702241322	0.83210024523632	0.905929344594038
C600_DK885_RS07955	6.542711096741	0.434185523615195	0.719143002732982	0.603754082241148	0.546007151831663	NA
C600_DK885_RS07960	62.1197727958006	-0.129291125325528	0.497650854847041	-0.259802880003627	0.795015829300652	0.882155305892054
C600_DK885_RS07965	25.8715265010993	0.262404506459995	0.478990915733849	0.547827730841143	0.583810195524491	0.744888917968449
C600_DK885_RS07970	29.3061015451945	-0.267673201120326	0.37798166092399	-0.708164519056266	0.478843097009925	0.658409258388647
C600_DK885_RS07975	11.6348233211661	-1.13264969618795	0.602751745743651	-1.87913134086494	0.0602265616902379	0.172779595960111
C600_DK885_RS07980	52.2219554583296	-1.54219771886801	0.638575430445444	-2.41505959255625	0.0157326354480092	0.0705596364242437
C600_DK885_RS07985	2861.62897842744	1.27823912229917	0.591088011619035	2.16251911250572	0.0305781855242819	0.112787394622302
C600_DK885_RS07990	4246.64679880551	1.02571791940994	0.488377516897877	2.10025622376147	0.0357063079038377	0.122468683382351
C600_DK885_RS07995	5506.5875170615	0.415771757021239	0.305119514861225	1.36265213062606	0.172992171005173	0.34048961979737
C600_DK885_RS08000	14669.3852550825	-0.464817934600371	0.503224009743915	-0.923679962800089	0.355652967452275	0.547438198519121
C600_DK885_RS08005	18880.0939945381	-0.671827162995531	0.5347375412801	-1.25636805186195	0.20898255924991	0.387841386657522
C600_DK885_RS08010	39.102214512196	-0.885078521699512	0.476276959739178	-1.85832739459873	0.0631225358626467	0.17792993808743
C600_DK885_RS24345	52.4369722882971	-1.55139882670993	0.568423612580464	-2.72930045897825	0.0063468846923856	0.0369291350333171
C600_DK885_RS08015	552.855445112765	0.0177975524609027	0.221162386963867	0.0804727815847385	0.935861243160933	0.966564386816793
C600_DK885_RS08020	15.5524379756662	-0.0700625094318188	0.524220701101252	-0.13365078732037	0.893678721939216	0.945374775772089
C600_DK885_RS08025	210.935585179277	-0.625693426337933	0.390463184588384	-1.60243897769139	0.10905857139951	0.255553723466065
C600_DK885_RS08030	350.271391499401	-0.658936123233686	0.560646939172259	-1.17531386902164	0.239869167879214	0.425087495793573
C600_DK885_RS24470	2.11345638385191	-1.53686283870587	1.51546568448071	-1.01411919414889	0.310525880250702	NA
C600_DK885_RS08040	171.156318729743	0.0954299751056642	0.238376306373834	0.400333307270924	0.688911038917317	0.815983192957816
C600_DK885_RS08045	568.330313017056	-0.260210155574597	0.216108819307202	-1.20407004401197	0.228562507024912	0.410727598414027
C600_DK885_RS08050	8384.73820285419	-1.05841164475574	0.380218739297152	-2.78369142644638	0.00537441377988501	0.0329193911591639
C600_DK885_RS08055	59.6195457720259	-0.636591202491208	0.429759980175807	-1.4812714814227	0.138534244803457	0.298938086000728
C600_DK885_RS08060	4.20863880175641	-0.952031905546381	0.964058293075526	-0.987525248612531	0.323385211491021	NA
C600_DK885_RS08065	73.5876748093668	-0.709981518747731	0.334840539919253	-2.12035710765173	0.0339759410139617	0.119568984400425
C600_DK885_RS08075	31.7033529100657	-0.15981687976308	0.427175917393019	-0.374124273527437	0.708311860222751	0.826845681729415
C600_DK885_RS08080	13.7362043589644	1.35616605890652	0.608973422563145	2.22697084742791	0.0259492222127597	0.099874956715363
C600_DK885_RS08085	25.2766002372529	0.436126961005221	0.509531010179249	0.855938014158931	0.392032066681693	0.584724419278056
C600_DK885_RS08090	11.9081000309777	0.319908104812623	0.62171589483163	0.514556741225441	0.606862800508759	0.759191080851806
C600_DK885_RS08095	3.20212954835867	0.518865304723494	1.26388463418007	0.410532172550781	0.681415607883112	NA
C600_DK885_RS08100	3.80922336655199	-0.400574036107912	0.868695223096202	-0.461121490550145	0.644711444133691	NA
C600_DK885_RS08105	73.3659774693291	0.300189248185398	0.301881127242398	0.994395545450439	0.320030335957739	0.508358667081695
C600_DK885_RS08110	94.0586974747998	0.414836645667311	0.274520061002826	1.51113417413615	0.130754269348728	0.288495737694123
C600_DK885_RS08115	1393.91874033705	0.743084805609304	0.324105713873027	2.29272355840174	0.0218639253427798	0.0889388122805857
C600_DK885_RS08120	2171.68761389089	-0.291526233014156	0.266714000471517	-1.09302935915915	0.274380909479443	0.462750685164447
C600_DK885_RS08125	1216.88899554564	0.348303215612815	0.208666099416064	1.66918927697175	0.0950798745366848	0.23567131568493
C600_DK885_RS08140	51666.9124821606	-0.189394049648914	0.524157708329577	-0.36133027644006	0.717852563088027	0.833013679638353
C600_DK885_RS08145	170.452577344643	0.823420387011447	0.359237795316199	2.292131835089	0.0218980368739814	0.0889802197786481
C600_DK885_RS08150	340.144532564047	0.336964275630539	0.319145729247098	1.05583200635483	0.291044972699953	0.480721994001966
C600_DK885_RS08155	55.9176365122347	0.310270020528429	0.466495385921366	0.665108444568258	0.505981133844543	0.682209640619444
C600_DK885_RS08160	92.6305534328619	1.27076559429842	0.362621997213457	3.50438088164406	0.000457670264805751	0.00584748468916764
C600_DK885_RS08165	176.611935458137	0.0459699797237356	0.408492632652758	0.112535639688789	0.910398712823361	0.953068011061407
C600_DK885_RS08170	565.285503361125	-0.0199087655324064	0.325477390822517	-0.0611678909004856	0.951225501181384	0.976152733177441
C600_DK885_RS08180	32.4922021024359	-0.275503960003265	0.369901797077799	-0.744802977924762	0.456390834395489	0.637534097570152
C600_DK885_RS08185	0.496667888878235	1.10064395138354	2.76702315170844	0.397771862047474	0.69079836031602	NA
C600_DK885_RS08190	196.153124536464	0.237069091806829	0.370102693846124	0.640549490043415	0.521815425256533	0.692780043273665
C600_DK885_RS08195	47.0157794150331	-0.148328529078972	0.345679663796595	-0.429092436187544	0.667855956540329	0.801252426073281
C600_DK885_RS08200	38.3806239863661	0.422833603898865	0.567798374445498	0.744689704883001	0.45645932429579	0.637534097570152
C600_DK885_RS08205	10.2736289799185	0.657957411839986	0.579908108192341	1.13458908841771	0.25654752712395	0.44200357082801
C600_DK885_RS08210	90.7759615629061	0.0218439699069009	0.282387525468677	0.0773545852305148	0.938341468213592	0.968401778869234
C600_DK885_RS08215	127.928983556067	0.342397581592788	0.347288360642411	0.98591723880243	0.32417372677407	0.512230308604332
C600_DK885_RS08220	101.347617747731	1.10181669131765	0.556658037499752	1.97934210429529	0.0477775021428467	0.149149246823765
C600_DK885_RS08225	126.542696836417	0.388815030801434	0.320052763960621	1.2148466583756	0.224424581485514	0.406434775432607
C600_DK885_RS08230	0.725839436434869	-1.54858240854561	2.07901386183859	-0.744863916961148	0.45635399034417	NA
C600_DK885_RS08235	67.3454555285381	-0.0141814617014296	0.463401194398087	-0.0306029891007293	0.975586158310098	0.989431074248657
C600_DK885_RS08240	285.893719391781	0.392597502732451	0.357564772845454	1.09797589848746	0.272215013651986	0.459834357454831
C600_DK885_RS08245	41.5513208894015	1.00314086056748	0.607317988998561	1.6517555526745	0.098584392867863	0.241142613607049
C600_DK885_RS08250	304.53238429064	0.463063181200603	0.331926034747076	1.39507942350305	0.162991890359044	0.329171020290562
C600_DK885_RS08255	433.798746139938	0.29722233038564	0.240537458769407	1.23565922707521	0.216585259294225	0.395512767218039
C600_DK885_RS24615	0.663121650452981	0.290637330234331	2.22670602794975	0.130523439819282	0.896152310477281	NA
C600_DK885_RS08280	571.027331205042	0.173771336573344	0.218133139378898	0.796629696286094	0.425666125335219	0.61177993175041
C600_DK885_RS08295	1183.96966607386	0.770032639352923	0.340487240636629	2.26156092637465	0.0237245444290759	0.0939380790067139
C600_DK885_RS08300	57.0054559140547	-0.233347820676996	0.312131395538046	-0.747594839906301	0.45470457812401	0.636517929768475
C600_DK885_RS08305	421.26136437377	-0.362086463072568	0.23381642145836	-1.54859295516612	0.121479600515068	0.274733062478725
C600_DK885_RS08310	1126.31123251026	-0.112555889115966	0.268169475902571	-0.419719241860544	0.674690566723625	0.806729739264956
C600_DK885_RS08315	380.860451862464	0.793478584423563	0.563211008476356	1.40884778969457	0.158880180557358	0.324391274745885
C600_DK885_RS08325	704.191258103313	-0.282571015564329	0.330695132174789	-0.85447588449828	0.392841365716514	0.585169951015224
C600_DK885_RS08330	1198.7787484114	0.13648382490529	0.291390367940843	0.468388251368002	0.639506968183758	0.782258063575809
C600_DK885_RS08340	722.030592014679	0.745263436609905	0.327814737974096	2.2734287092022	0.0230003577091555	0.0917546458826611
C600_DK885_RS08345	295.653905107955	0.894960422942063	0.286656417003908	3.12206659211072	0.00179586312193113	0.0154560627021758
C600_DK885_RS08350	199.533082830626	1.53891790136276	0.380813805267296	4.04112949708476	5.31943723725792e-05	0.0012597240540207
C600_DK885_RS08355	161.45511058374	2.10845778280193	0.493327916807219	4.27394783665946	1.92041982466988e-05	0.000607431197693247
C600_DK885_RS08360	272.102772910996	1.23193225726483	0.38968699544794	3.16133787284521	0.00157046216650187	0.0141379620703486
C600_DK885_RS08365	190.176988262726	1.1725241210906	0.250034149812352	4.68945590820521	2.73932450136009e-06	0.00012270853609707
C600_DK885_RS08370	861.893964744422	-0.689438002732749	0.389518107236046	-1.76997677367269	0.0767310099948794	0.20421323919897
C600_DK885_RS08375	49.7606687784158	-0.647601473973282	0.433625808932878	-1.49345694059812	0.135317617564555	0.294906742148309
C600_DK885_RS08380	25.4865783299742	-0.121918331319398	0.477505358018191	-0.255323483333046	0.798473263787028	0.883548688916718
C600_DK885_RS08385	382.395997970605	0.376434878979891	0.489385207558992	0.769199544991385	0.441774860507171	0.625768780442503
C600_DK885_RS08390	132.766367754513	-1.13301479914986	0.292619971831004	-3.87196674259886	0.000107960685604965	0.00206607139907322
C600_DK885_RS08395	11.3671435601638	-0.509999947828436	0.560535754650618	-0.909843740737502	0.362904923040516	0.555031058767847
C600_DK885_RS08400	130.45292861494	-0.116377281779703	0.412060236361383	-0.282427838238772	0.77761547164041	0.872412288340086
C600_DK885_RS08405	572.37395610379	1.13461054409602	0.253460558490444	4.47647772439829	7.58845816062096e-06	0.000287896810624375
C600_DK885_RS08410	391.00438140611	1.15392412366921	0.359574328793876	3.20913933856133	0.00133132956206141	0.0127574312158359
C600_DK885_RS08415	1417.61177017265	1.27970170988217	0.293751607536625	4.35640751250225	1.32214521324508e-05	0.000446885082076837
C600_DK885_RS08420	5.35066483476634	3.42203101569498	1.03189118252606	3.31627120537835	0.000912272513371285	NA
C600_DK885_RS08425	9.48610569868945	0.886396864005512	0.633871928619991	1.39838479033974	0.161997548041172	0.327696889889596
C600_DK885_RS08430	107.897761374752	0.0252622122007641	0.26969530679982	0.0936694542464353	0.925371735543825	0.961799910683435
C600_DK885_RS08435	6.28548716581045	0.531102620460372	0.893785974989986	0.594216775963981	0.552367133720666	NA
C600_DK885_RS08440	4.8238449922982	-0.487071149516085	0.807058850466568	-0.603513794854619	0.546166941332742	NA
C600_DK885_RS08445	15.1564083345344	0.0951882115187562	0.484879152057966	0.196313269223373	0.844364976126699	0.91413037070118
C600_DK885_RS08450	166.757392250141	-0.137731303278363	0.235366164915566	-0.585178856645652	0.558427460085021	0.723678388496378
C600_DK885_RS08455	200.156972537438	-0.351912293555972	0.246491206115027	-1.42768701205409	0.153381966146432	0.317850955159071
C600_DK885_RS08460	363.438903499976	0.0655683967917747	0.37600033086103	0.17438388057166	0.861563781667849	0.92430535251673
C600_DK885_RS08465	621.237034282097	0.308183486179655	0.283555398256573	1.08685459023001	0.277101077507199	0.464902584872423
C600_DK885_RS08475	830.731124958956	0.337566112092603	0.398602343879058	0.846874378127153	0.397065145146942	0.589538915281587
C600_DK885_RS08485	71.1609148186629	-0.200566450577965	0.410336147013017	-0.488785723699849	0.624993406252102	0.771233151160078
C600_DK885_RS08490	819.877547917388	0.0743298584675009	0.214939663348098	0.345817320589745	0.729480007418602	0.840121389493243
C600_DK885_RS08505	437.737431794148	0.398681988864402	0.276223934708926	1.44332890371907	0.148927841338519	0.311632599785097
C600_DK885_RS08510	158.754049585433	0.171473384765644	0.319988009396049	0.535874406948202	0.592045353453219	0.749791660150432
C600_DK885_RS08520	77.1999214215288	-1.04633177296376	0.431895967106972	-2.42264770373417	0.0154078607248856	0.0696068361787661
C600_DK885_RS08525	131.359543349006	1.16058356886076	0.49306297218526	2.35382422597472	0.0185813953040503	0.0793175978650503
C600_DK885_RS08530	33.5137091265037	1.25090690758136	0.59932370996492	2.08719743067495	0.0368702916470888	0.12507640907288
C600_DK885_RS08535	47.645911076412	0.561296390023736	0.557203893255803	1.00734470239255	0.313769154853953	0.502842119718533
C600_DK885_RS08540	2112.62316632871	0.391165051874252	0.515668966735696	0.758558449523185	0.448116736085655	0.631097736653964
C600_DK885_RS08545	1394.88042492987	0.453332657833552	0.502321681319977	0.902474797907003	0.366804703213302	0.559155345037744
C600_DK885_RS08550	34.672894703807	1.07452702139682	0.407630941474503	2.63602909413596	0.00838825389924147	0.0450686820771384
C600_DK885_RS08555	26.9187216779822	1.57406504943298	0.799078747917366	1.9698497219898	0.048855596108798	0.150993438347889
C600_DK885_RS08560	767.514897961069	0.802678761295544	0.330843687503896	2.42615709960037	0.0152596630784759	0.0691052707987497
C600_DK885_RS08565	526.930385156037	0.762632358669223	0.560224093888669	1.36129874989057	0.17341929790237	0.340772115718046
C600_DK885_RS08570	248.361027845201	0.842058146278336	0.44609188143085	1.88763387393964	0.0590751192816679	0.171186386440183
C600_DK885_RS08575	32.7026095156585	-0.469439687711842	0.584379522110539	-0.80331303536513	0.421793825477596	0.60949453677641
C600_DK885_RS24560	152.12669973187	0.733626461591709	0.305437353925209	2.40188847946656	0.0163106800691994	0.0721941767824801
C600_DK885_RS08595	8.05102822568344	0.221266250643739	0.624080122459858	0.354547825961195	0.72292836872343	0.835773530756752
C600_DK885_RS08600	70.3373728402039	0.649918251777798	0.463623031400897	1.40182477521444	0.160967578228273	0.327036861121704
C600_DK885_RS08605	449.695734266028	-0.182511908032104	0.236287773087426	-0.77241367865689	0.439869454884477	0.624688553575434
C600_DK885_RS08610	515.202035381624	1.56397907544655	0.701288835111832	2.23014968603792	0.0257375072026709	0.0993686934366877
C600_DK885_RS08615	348.551193659991	1.19789717235212	0.557481403069155	2.1487661575027	0.0316529413669121	0.114454237803875
C600_DK885_RS08620	2668.80088416343	-0.176656325171336	0.289562661578906	-0.61007978103281	0.541808959553505	0.71117539999286
C600_DK885_RS08625	322.3497603781	0.0604325692163783	0.241730254652665	0.250000022972763	0.802587330868482	0.885991596249708
C600_DK885_RS08630	67.2157020339857	0.0975255764755011	0.316398353500169	0.308236675054154	0.757902247455846	0.8606532531131
C600_DK885_RS08635	73.7985876823179	0.609566836091762	0.361128180269615	1.68795145157784	0.0914205487238647	0.229198991220987
C600_DK885_RS08640	44.2669502680852	1.01972647201291	0.483827299884837	2.10762491545151	0.0350634466699681	0.121337277930728
C600_DK885_RS08645	79.3070794436694	0.190407135625408	0.34041493585526	0.559338370823914	0.575930812968293	0.737365965088194
C600_DK885_RS08650	36.1714532321948	1.07219599243205	0.568709825506636	1.88531293876783	0.0593876003043656	0.171186386440183
C600_DK885_RS08655	181.368755956951	0.512110357805765	0.642910403101664	0.796550118547054	0.425712357016283	0.61177993175041
C600_DK885_RS08660	408.981764920504	1.26655669372765	0.566432511887649	2.23602400488422	0.025350198777069	0.0984869791568888
C600_DK885_RS08665	183.040763585795	1.30029551430879	0.590768158380354	2.20102504825864	0.0277342506416669	0.104949299372911
C600_DK885_RS08670	641.395315721131	0.372358907941536	0.293604999731357	1.26823081446923	0.204715535805516	0.382286470178257
C600_DK885_RS08675	43.754488559875	-0.523393225915583	0.391593648001163	-1.33657230802178	0.1813622832069	0.352117477265406
C600_DK885_RS08680	36.1675771850894	0.311857623440347	0.415009019616078	0.751447820890362	0.452383192186429	0.634462734269763
C600_DK885_RS08685	6.69144916828814	0.220341771478997	0.661742625529908	0.332972009023225	0.739155412250159	NA
C600_DK885_RS08690	23.5267502534474	0.167378222461109	0.414058318843071	0.40423827959497	0.686037507073008	0.813876021473339
C600_DK885_RS08695	7.21205539561767	0.455377367697636	0.702481405500851	0.648241169277589	0.516828978112076	NA
C600_DK885_RS08700	0.146986945537947	-0.720189104373366	4.0804728567969	-0.176496482061812	0.859903912208586	NA
C600_DK885_RS08705	45.3819227760813	0.94101018575204	0.449753099838247	2.09228171210042	0.0364133226622669	0.123865264097263
C600_DK885_RS23885	47.808185583413	0.391395608779957	0.376944240956633	1.03833821094242	0.299112625089912	0.489265613763437
C600_DK885_RS08725	778.417099815971	-0.106147691695775	0.301614016470741	-0.351932224297248	0.724889091743593	0.836900519415977
C600_DK885_RS08730	3069.02271453574	-0.426452323272112	0.262013396966354	-1.62759739849056	0.103610281117627	0.247891264604464
C600_DK885_RS08735	52.2060600132261	-0.134861599045595	0.340496135389452	-0.396073802398207	0.692050583971362	0.817700853541396
C600_DK885_RS08745	78.5707293864548	-1.08600027725598	0.613402309164849	-1.77045351970484	0.0766516208411112	0.204148084732988
C600_DK885_RS08750	2.33643412536341	0.267886956684135	1.15839373627081	0.231257255884806	0.817114951512248	NA
C600_DK885_RS08755	9.45987354493659	0.894036241314057	0.810734909427475	1.1027479277356	0.270136647022813	0.457362501653378
C600_DK885_RS08760	6.33268552579189	0.169745697072879	0.831985030636496	0.204024941341815	0.838334008455497	NA
C600_DK885_RS08765	99.4021831181848	-0.0883009922326821	0.341063042220722	-0.258899327402168	0.795712917152836	0.882155305892054
C600_DK885_RS08770	74.6871349435283	-0.76843116182179	0.552753318526615	-1.39018823780212	0.164471724240738	0.330543713906522
C600_DK885_RS08775	63.0330812889436	-0.431195385120117	0.487481557155153	-0.884536817426466	0.37640649676324	0.568894046734036
C600_DK885_RS08780	49.7390053457078	-0.49664137802872	0.360817419966882	-1.37643403712133	0.168687296199262	0.336108985674628
C600_DK885_RS08785	31.2959937454293	-0.636104855095784	0.478450230992253	-1.32951102098242	0.183679432221685	0.355687567187617
C600_DK885_RS08790	75.0654824254683	0.481624454058461	0.303499137114595	1.58690551359495	0.112534045998136	0.259876759640416
C600_DK885_RS08795	158.039237326554	0.482417933913691	0.271692770581389	1.77560092188458	0.075798717959159	0.202747937677808
C600_DK885_RS08800	43.5697093609474	-0.459484927404332	0.368873438814054	-1.24564384164281	0.212895179296985	0.39086015654965
C600_DK885_RS08805	53.548791188289	-0.38638217028283	0.309310847311732	-1.24917109645826	0.211602501169164	0.39044074409278
C600_DK885_RS08810	43.765290687536	-0.231427711155487	0.34018778708297	-0.680294002144889	0.496318321529224	0.674209543093041
C600_DK885_RS08815	5105.36442668026	1.5010856523161	0.502729327891153	2.98587245469216	0.00282770555665894	0.0213401096665863
C600_DK885_RS08820	59505.869355574	0.501607044335169	0.365964043103402	1.37064570628717	0.170485427503418	0.337359630931386
C600_DK885_RS08825	83672.7322898844	0.749686456074484	0.303360723779828	2.4712706600034	0.0134633876915774	0.0627279140818106
C600_DK885_RS08840	1743.67502487462	0.709503502686387	0.322099006594586	2.20274973893171	0.0276123924420275	0.104691638481664
C600_DK885_RS08845	22364.2213764452	0.485807654262957	0.282650188531745	1.71875934980455	0.085658200210904	0.219035205216053
C600_DK885_RS08850	9368.85666870557	0.758548086754925	0.278839666566549	2.72037366883699	0.006520818294526	0.0374142012639624
C600_DK885_RS08855	200941.926315478	0.928716977192304	0.286883600017509	3.2372606072136	0.00120683146717358	0.0119018551590222
C600_DK885_RS08860	26985.1013979939	0.180090056635144	0.340676907197255	0.528624197386148	0.597066171065055	0.752421891445225
C600_DK885_RS08865	4767.21812447128	0.116128467904175	0.402995642664728	0.288163085675813	0.773221904169631	0.868566319417576
C600_DK885_RS08870	88.5333988684175	0.378932017614477	0.353625127246324	1.07156417465359	0.283915831763483	0.472726852886981
C600_DK885_RS08875	373.074732096175	-2.62152393839986	0.515044887647107	-5.08989410685317	3.5826352487673e-07	2.42186142816669e-05
C600_DK885_RS08880	96.8100489320254	-0.0122388541895215	0.305940003378368	-0.0400040990206346	0.968089858364718	0.985315656556261
C600_DK885_RS08885	20.9413604341047	-0.884166916019595	0.666164286214391	-1.32725055112763	0.184425815334752	0.35657575736589
C600_DK885_RS08895	9.04614739123856	0.394718224372844	0.638734974630049	0.617968703845381	0.536595968723964	0.707000589702533
C600_DK885_RS08900	11.5489063771985	-0.524061395092355	0.540164854963028	-0.970187879269237	0.331952851242118	0.520551799171876
C600_DK885_RS08905	512.206609263217	0.450480317466799	0.59296787295445	0.759704425844	0.447431282636432	0.630735133021776
C600_DK885_RS08910	341.972488249602	1.53222879420715	0.807028149819679	1.89860638014859	0.0576162489218235	0.168013500777521
C600_DK885_RS08915	106.161681613767	0.690957043251731	0.485023113790589	1.42458580551288	0.15427696555282	0.319052128571042
C600_DK885_RS08920	49.6141989979423	1.10443163735489	0.397174656746688	2.78072031685364	0.00542384425468657	0.0330627386770883
C600_DK885_RS08925	65.1463569504727	1.54709074238986	0.541958876779272	2.85462755326353	0.00430873255799186	0.0282537348335339
C600_DK885_RS08930	120.361202839086	0.973581423623215	0.462388523178518	2.10554841830998	0.0352435972863938	0.121337277930728
C600_DK885_RS08935	121.193138125617	1.07613953675005	0.530164810060574	2.02982075824139	0.042374762131302	0.137597699217625
C600_DK885_RS08940	36.1947383677196	0.443133042701229	0.703687942932021	0.629729480449599	0.528871591043893	0.699517814123513
C600_DK885_RS08945	9.69542231821909	-0.851097613060841	0.665573118473285	-1.27874397183155	0.200987229729737	0.377218839038447
C600_DK885_RS08950	7.21416154167517	-1.5460556444111	0.740594699804561	-2.08758669866135	0.0368351328847912	NA
C600_DK885_RS08955	23.9081449172455	-0.214118281349371	0.42225905045831	-0.507078015538026	0.612100079792253	0.762919241256318
C600_DK885_RS08960	9.13582716732775	0.425392053448727	0.682472329683522	0.623310330612218	0.533080610419799	0.704333230114006
C600_DK885_RS08965	23.4809754874037	0.223473092451367	0.733138929858925	0.304816840778553	0.760505654455365	0.861770331916109
C600_DK885_RS08970	75.89558959225	0.601528751016054	0.359452169174644	1.67345978853669	0.0942368162760678	0.234049754785852
C600_DK885_RS08975	109.323990176529	-0.140901881395793	0.324635045707058	-0.434031640326777	0.664265464913418	0.798697040472408
C600_DK885_RS08985	115.228546524496	0.0391069391627746	0.304048012007938	0.128620933597006	0.897657601281027	0.947343446370383
C600_DK885_RS08990	702.167206590996	1.99833156189899	0.550311046018202	3.63127648692136	0.000282022846723782	0.00416095612745644
C600_DK885_RS08995	194.541773487167	0.570537199813851	0.547736997349035	1.04162618660993	0.29758502295491	0.488041261902213
C600_DK885_RS09000	958.691589027787	-0.1890452819381	0.242299892806418	-0.78021199162946	0.435266105082622	0.620906609712342
C600_DK885_RS09005	685.179577718173	0.711238643289915	0.307330415923096	2.31424748882613	0.0206541503992961	0.0856022267025219
C600_DK885_RS09010	1158.98237282405	1.08895431177175	0.398101981242874	2.73536521564659	0.00623110989650849	0.0365991573384179
C600_DK885_RS09015	1.03226940983007	1.29061420790343	1.94859273444312	0.662331427748171	0.507758839643483	NA
C600_DK885_RS09025	3.51752111087495	-0.251377204576819	1.10734993907493	-0.227007918370246	0.820417584928311	NA
C600_DK885_RS09030	1.0982986620886	0.00633549343900765	1.95487004548135	0.00324087703612424	0.997414158776054	NA
C600_DK885_RS09035	0.56037808220339	-1.04434289560726	2.68710321632389	-0.38865008581099	0.697535010724359	NA
C600_DK885_RS09040	4.2808654188739	0.514836588955494	0.894384959144799	0.575631984517914	0.564863957277169	NA
C600_DK885_RS09045	4.47685232789954	-0.312591411230881	0.806461639391453	-0.387608530849352	0.698305754861385	NA
C600_DK885_RS09050	0.843385330755157	-0.319154329265172	1.87200589989247	-0.170487886434281	0.864626460130684	NA
C600_DK885_RS09055	0.927506195458326	-0.578942481049568	2.14013578191083	-0.270516705502049	0.786762766721996	NA
C600_DK885_RS09060	7.01422838084728	-0.635888000823729	0.781408766229619	-0.813771265827945	0.415775999040182	NA
C600_DK885_RS09065	4.9257483996304	-1.00361231186163	0.853386881510637	-1.17603437972361	0.239581138034822	NA
C600_DK885_RS09070	0.898068138769193	-1.91572163328487	1.82604584194145	-1.04910927715159	0.294127826812439	NA
C600_DK885_RS09075	6.83459243083569	0.675315726134266	0.783171516832454	0.862283307832221	0.388531635945797	NA
C600_DK885_RS09080	11.6915913503698	-0.224561390045076	0.559768738780442	-0.401168151216025	0.688296327532438	0.815774863170419
C600_DK885_RS09085	4.68004759028335	-0.647237634743611	0.913476278024737	-0.708543451334248	0.478607838850186	NA
C600_DK885_RS09090	3.30967613243379	0.277952709351715	0.900423555030459	0.308691068551969	0.757556538512313	NA
C600_DK885_RS09095	10.8019116191894	0.0297255997029942	0.670085005211479	0.0443609384955761	0.964616697543487	0.984340257649763
C600_DK885_RS09100	10.145817377616	0.120055399145477	0.600556554064996	0.199906900245873	0.841553393756895	0.912214436731235
C600_DK885_RS09105	6.70081668753622	0.438948229204756	0.770699342534095	0.569545353135341	0.568986101652947	NA
C600_DK885_RS09110	7.97282889909925	0.335213822582231	0.794568241332384	0.421881727893028	0.673111347656071	0.805480524810194
C600_DK885_RS09115	1007.38856146629	-0.0273053336291126	0.33825382101731	-0.0807243907755155	0.935661139080737	0.966564386816793
C600_DK885_RS09125	806.313541209699	-0.486087965075936	0.271281539597939	-1.79182102031844	0.0731616405412196	0.197685304892627
C600_DK885_RS09130	281.508962459845	-0.365820900992374	0.276848293876462	-1.32137675789909	0.186375771775507	0.358667246098
C600_DK885_RS09135	415.872833584346	-0.994312961007519	0.265703297570957	-3.74219277704668	0.000182421485506785	0.0030689732267612
C600_DK885_RS09140	170.804522405479	-0.91237701770746	0.307448993080413	-2.96757198183059	0.00300161990601314	0.0221869240766537
C600_DK885_RS09145	875.763217796124	-0.820920331935063	0.312247760250887	-2.62906715896205	0.00856194502132334	0.0456064635949573
C600_DK885_RS09150	563.843534313	-1.31418150929206	0.452117276673286	-2.90672703100821	0.00365231757248498	0.0253255354690943
C600_DK885_RS09155	779.929455555469	-1.0529049982094	0.422683462796876	-2.49100116489625	0.0127383702161555	0.0604093049977023
C600_DK885_RS09160	766.79195097259	-0.660671647291487	0.350945280499163	-1.88254888725612	0.0597615287426835	0.171710482121559
C600_DK885_RS09165	303.421643667983	-0.77588956822557	0.442705880978565	-1.75260732139029	0.0796694336955331	0.209188527175136
C600_DK885_RS09170	773.761167654008	-1.08407849955983	0.411723997673728	-2.63302237830428	0.00846287711290816	0.0453385837259259
C600_DK885_RS09175	308.251884848223	-0.835000725717158	0.390514033158551	-2.13820926987826	0.0324997623607595	0.116298475897309
C600_DK885_RS09190	326.411811753549	-0.855048927662521	0.399200144311191	-2.14190535711826	0.0322010986972954	0.115563402467707
C600_DK885_RS09195	7287.54575845181	-0.280807448415514	0.424944223938114	-0.660810131299512	0.508734084741536	0.683893415062918
C600_DK885_RS09200	125.015703446009	0.347327096098784	0.265710751968898	1.30716236932497	0.191157572799202	0.364229576762042
C600_DK885_RS09205	1246.8128100584	0.0828583716669331	0.283871308542074	0.29188709522101	0.770372950583381	0.867447118598497
C600_DK885_RS09210	440.909173899551	-1.14809170478255	0.505223802038899	-2.2724418369627	0.0230598372276555	0.0917949409126587
C600_DK885_RS09215	347.010512003706	-0.588229108350485	0.368792510447036	-1.59501370469117	0.110709171165566	0.257060864141593
C600_DK885_RS09220	284.464302715949	-0.532785755455322	0.333937728511779	-1.5954643934057	0.110608426249555	0.257060864141593
C600_DK885_RS09225	97.1691605093111	-0.451251819340031	0.365169276074447	-1.2357332582603	0.216557730776653	0.395512767218039
C600_DK885_RS09230	620.636433963178	-0.119728365026999	0.264683260510526	-0.452345814374755	0.651019875915612	0.790493761807396
C600_DK885_RS09235	759.089326870203	0.0372254644003494	0.325235333623147	0.114457011744864	0.908875522045012	0.95267525307088
C600_DK885_RS09240	1491.0654925358	0.0924302652013974	0.332636342374418	0.277871818038924	0.781110758210052	0.874770644399996
C600_DK885_RS09245	827.547022790841	0.364779392465233	0.379262878630513	0.961811484905726	0.336144307855945	0.526225068045643
C600_DK885_RS09255	0.128512536844415	-0.720189104373366	4.0804728567969	-0.176496482061812	0.859903912208586	NA
C600_DK885_RS09260	45.0620105700516	0.10097891410196	0.36852703963214	0.274006797988979	0.784079397484435	0.87676754463901
C600_DK885_RS09265	25.4920787810648	0.402599714505409	0.387925371214459	1.03782774827284	0.299350255845453	0.489363331541493
C600_DK885_RS09270	1125.55479250679	0.47679352536439	0.325124863820917	1.46649357960828	0.142513869040873	0.304346102868447
C600_DK885_RS09275	398.918898930594	0.523016556011618	0.361332932004312	1.44746440107313	0.147766899874968	0.310971810518192
C600_DK885_RS09280	0.303353008514559	0.241598694287653	3.1338008445861	0.0770944633271879	0.938548397518151	NA
C600_DK885_RS09285	76.7878397977946	1.18443366853594	0.524732932330795	2.25721237520741	0.0239948075121389	0.0946051901698117
C600_DK885_RS09290	28.9491360741402	0.0280119230017454	0.491151066505366	0.0570332122071027	0.954518738674041	0.97846723749382
C600_DK885_RS09295	4.25996360473409	-0.439334425331569	0.893128993821774	-0.491904784606331	0.622786655754676	NA
C600_DK885_RS09300	506.713821657094	0.857939439922297	0.459913125519115	1.8654380410516	0.0621200293489388	0.176038314877557
C600_DK885_RS09305	81.2072093916512	-0.379353615215933	0.298559067066022	-1.27061495383104	0.203865664403428	0.381230297188358
C600_DK885_RS09310	410.430214001372	0.00519559210527449	0.392998972448385	0.0132203707121826	0.989451977582286	0.995072343156867
C600_DK885_RS09315	305.79267169994	0.381744287873179	0.222933155455745	1.71237107864362	0.0868283053735164	0.220465584330316
C600_DK885_RS09320	2371.32965202578	-1.78759167219977	0.488034153980163	-3.66284133522431	0.00024943304951133	0.00383219866976498
C600_DK885_RS09325	6.84268611970265	-2.3829613781387	0.891628662208255	-2.67259396107448	0.00752672924703991	NA
C600_DK885_RS09330	59.6298417412169	-2.23064046049347	0.573829800663634	-3.88728584314328	0.000101371355544372	0.00197329162258626
C600_DK885_RS09335	3.56913749578754	0.946649605536816	0.89467791720176	1.05808983024596	0.290014490394649	NA
C600_DK885_RS09340	0.309068927549032	0.241598806596768	3.11656344069409	0.0775209012087242	0.938209164544165	NA
C600_DK885_RS09345	0.321827417208091	0.241599039045311	3.08058042279617	0.0784264670571455	0.937488820698905	NA
C600_DK885_RS09350	0.728975423040612	1.71277927856078	2.14355286616511	0.79903757243226	0.424268626074142	NA
C600_DK885_RS09355	0.190703111027855	-0.720189104373366	4.0804728567969	-0.176496482061812	0.859903912208586	NA
C600_DK885_RS09360	2.50661010706745	0.450184535003538	1.04285798130421	0.431683453618999	0.665971494939616	NA
C600_DK885_RS09365	26.7246264808084	0.0954662185826148	0.532691893724206	0.179214701232231	0.857769120689826	0.923063846808907
C600_DK885_RS09370	434.721932304979	-0.818844918896909	0.230459865856744	-3.55309118944775	0.000380732460359977	0.00509195427200862
C600_DK885_RS09375	40.4782390951887	0.334928983630061	0.393625378461874	0.850882595372345	0.394834573976563	0.587668112908271
C600_DK885_RS09380	19.8149614135154	0.425190270726226	0.571918016383175	0.743446190793465	0.457211587792263	0.638105361641004
C600_DK885_RS09385	8.26826585787098	0.76279883892716	0.625751972557454	1.21901148119373	0.222839834841446	0.404356009124125
C600_DK885_RS09390	6.0141017283507	0.711906650879068	0.793330487432967	0.897364543725822	0.369524425782229	NA
C600_DK885_RS09410	123.455856847205	0.180467306437698	0.265036400347648	0.680915173164817	0.495925166592664	0.673921699339007
C600_DK885_RS24350	14.4605082788041	0.195351993504993	0.535585425374927	0.364744789999168	0.715301920964092	0.831779375701543
C600_DK885_RS09420	93.6835665206843	-0.0144727235672411	0.312459656188388	-0.0463186951678498	0.963056238711219	0.983963477748918
C600_DK885_RS09425	50.0958886259272	0.73164993323081	0.345091899849727	2.12015968369415	0.0339925810950104	0.119568984400425
C600_DK885_RS09430	135.26109120117	0.50558188259692	0.271763829634099	1.86037223304379	0.0628328803655542	0.177247837025137
C600_DK885_RS09435	1515.44257620675	1.05817596128089	0.352679175423689	3.00039252391258	0.0026963188980998	0.0208105938922246
C600_DK885_RS09445	48.7893101983136	0.00254907872755474	0.342610917479664	0.00744015615820543	0.99406366903997	0.996952737937455
C600_DK885_RS09450	30.705380830804	-0.0417631964393621	0.443470533389529	-0.094173554486604	0.924971291856822	0.961701136220264
C600_DK885_RS09460	216.086223424061	2.00495686185889	0.495014585095797	4.05029856134619	5.11523268895297e-05	0.00124303497630896
C600_DK885_RS09480	1040.28182657887	-2.45418710639921	0.564435254487072	-4.34804007525972	1.3735950932689e-05	0.000456875579262705
C600_DK885_RS09485	699.664188197888	-0.0129494263800003	0.305962915397202	-0.0423235161136745	0.966240798931802	0.984781603735867
C600_DK885_RS09490	569.699974671552	0.180414567127203	0.226264181006801	0.797362473920609	0.425240546779114	0.61177993175041
C600_DK885_RS09495	7.06462074241561	0.480869020572251	0.666957255532305	0.720989263679971	0.470916120383656	NA
C600_DK885_RS09500	339.792968319841	0.46968058179858	0.317872134618133	1.47757708414051	0.139521011783117	0.300436239854113
C600_DK885_RS09510	535.199171418482	-0.580605250598355	0.283946189805136	-2.04477211332474	0.0408773302745105	0.134259641307977
C600_DK885_RS09525	18.0978796011472	1.0167193956245	0.481823301817962	2.11014990721356	0.0348454456840222	0.121337277930728
C600_DK885_RS09530	30.9455825508009	-0.693739291625468	0.627801157491882	-1.10503028442479	0.269146466830247	0.456309422560354
C600_DK885_RS09535	41.9690648561707	1.13171096440323	0.589015529860415	1.92136014592251	0.054686319318093	0.16252896500773
C600_DK885_RS09540	154.435063067061	0.563577554107403	0.386369607186325	1.45864877470971	0.144661801774817	0.306818356530958
C600_DK885_RS09545	13.5968333643492	-0.505790857304359	0.68605504817294	-0.737245296352457	0.46097319215903	0.64190948630984
C600_DK885_RS09550	68.436601197997	0.526940897506849	0.42311109610666	1.24539607293592	0.212986196118771	0.39086015654965
C600_DK885_RS09555	116.786509878484	2.20028303159332	0.611472155538871	3.59833724506112	0.000320258167786168	0.00454473231995791
C600_DK885_RS09560	2979.70998459387	2.28638301554598	0.690435790922283	3.31150708814187	0.000927948891282471	0.0098202147080451
C600_DK885_RS09570	212.60485422451	0.989689003479799	0.407281726603586	2.42998626953641	0.0150993948375383	0.0685464591037451
C600_DK885_RS09575	35.033051077709	0.813856562001731	0.460033129894725	1.76912598053096	0.0768728531202306	0.204444397640213
C600_DK885_RS09580	188.767126839301	-0.324955244590735	0.237192429522797	-1.37000681364286	0.170684774711255	0.337359630931386
C600_DK885_RS09585	185.691836842642	0.14322783705838	0.434905680322709	0.32933080329533	0.741905663852708	0.849001310619996
C600_DK885_RS09590	25.487261371254	0.0840170360437788	0.464967470198609	0.180694438705338	0.856607424204058	0.922080603124113
C600_DK885_RS09595	46.9086520265706	0.355988886989258	0.357693811920996	0.995233563246225	0.31962268146482	0.508358667081695
C600_DK885_RS09600	499.608629312605	-0.582690373065872	0.280766252008682	-2.07535759336152	0.0379534053542717	0.127471328913444
C600_DK885_RS09605	21.030939229742	-0.679854830183988	0.536216119852734	-1.26787465914062	0.204842714956604	0.382331934843702
C600_DK885_RS09615	454.687913124782	0.351228541244693	0.315179339763942	1.11437679102872	0.26511757576902	0.451916739523816
C600_DK885_RS09620	1082.03852351676	0.951805475498487	0.627290946566637	1.51732697675301	0.129184150454976	0.286237587241718
C600_DK885_RS09625	605.907226618651	0.33660410642647	0.400690218798567	0.840060701845297	0.400874352615343	0.591144409573906
C600_DK885_RS09630	23.7447508763634	-0.349715737275975	0.423046814388912	-0.82665966361462	0.408429989923917	0.598931781860726
C600_DK885_RS09635	13.2987633810467	-1.20358332277929	0.631276864676812	-1.90658550966457	0.0565742829827657	0.166147854762972
C600_DK885_RS09640	4.24330229837045	0.741898037145288	1.08374592885951	0.684568234480967	0.493616417715343	NA
C600_DK885_RS09645	0.335578314210417	0.241599272256059	3.04405198681592	0.0793676564337432	0.93674019388976	NA
C600_DK885_RS09650	5.30288646427662	-0.279881656586367	0.86866225294614	-0.322198478910676	0.747302336752212	NA
C600_DK885_RS09655	0.618137855098065	0.398913009858971	2.62885827908118	0.151743824698833	0.879388990277428	NA
C600_DK885_RS09660	2.21838820406269	-1.06380112057779	1.2150709240135	-0.875505371376968	0.381298988887024	NA
C600_DK885_RS09665	8.95584328958025	0.416727024467252	0.806032537036437	0.517010176784481	0.605149054734215	0.758322947590769
C600_DK885_RS09670	3.03186728805537	-0.851620830180169	0.963123639326129	-0.884227938560437	0.376573179417707	NA
C600_DK885_RS09675	3.10941253460625	0.370971195770521	1.15451588090276	0.321321864780627	0.747966488541427	NA
C600_DK885_RS09680	1.89470568586499	2.49647918091399	1.47340110347069	1.69436494586123	0.0901959563151617	NA
C600_DK885_RS09685	8.7886512323148	0.17637012666804	0.605311004759036	0.291371089045788	0.770767523361979	0.867447118598497
C600_DK885_RS09690	3.21033912122261	-1.38505615923441	1.01457788027352	-1.36515509175207	0.172204309671443	NA
C600_DK885_RS09695	13.4414558517691	0.348754805310395	0.605191212026167	0.576272091167305	0.564431283923783	0.728457424981231
C600_DK885_RS09700	7.7838895061795	0.236806511344307	0.624060407225131	0.37946088007291	0.704345649032718	0.825845828793329
C600_DK885_RS09705	2.60861325725048	0.280025508361652	1.04320460916461	0.268428174014581	0.788369755273111	NA
C600_DK885_RS09715	2.18366335484724	1.01398502660102	1.30682325624154	0.775915963966901	0.437798606111608	NA
C600_DK885_RS09730	11.2962712346062	0.337970698967315	0.621913268406548	0.543437029142755	0.586828936324152	0.746690617814235
C600_DK885_RS09735	13.8928748396675	1.12497299473491	0.534187845250645	2.10595019099894	0.035208679194692	0.121337277930728
C600_DK885_RS09740	9.22292288799215	1.17312726912822	0.62079530615494	1.88971671901692	0.0587958568409816	0.17065768673903
C600_DK885_RS09745	330.542842084673	1.10054079709112	0.256527849974839	4.29014158579299	1.78559243277206e-05	0.000577289796960568
C600_DK885_RS09755	836.264431657355	-1.0993983912971	0.403831127809326	-2.72242112008809	0.00648055022306707	0.0373561019059897
C600_DK885_RS09760	348.452343264987	0.445245828756181	0.275155428589834	1.6181611645391	0.105627869810972	0.250981607364805
C600_DK885_RS09765	1.22121251063008	2.7112018300608	1.70727201787417	1.58803155072892	0.112279204864879	NA
C600_DK885_RS09770	2.47936619202962	0.563401611117398	1.18992168859058	0.473477890620456	0.635872271068466	NA
C600_DK885_RS09775	15.1841293238642	-0.0596259163137365	0.506734376125781	-0.117667004890421	0.906331511397748	0.951416315094112
C600_DK885_RS09785	961.006787622396	0.430442752152116	0.208424290706881	2.0652235432456	0.0389018538827016	0.129603129691653
C600_DK885_RS09790	9.11588056302702	0.604229207120546	0.645069174746354	0.936689010691192	0.348918550647441	0.539633598713472
C600_DK885_RS09795	4.65292436039803	0.756382205479462	0.869177197618958	0.870227851756249	0.384175898102445	NA
C600_DK885_RS09800	147.502650447922	0.372332202484481	0.282653412956486	1.31727474503129	0.187746547420653	0.359629914121581
C600_DK885_RS09805	322.005512620846	0.27544792538673	0.263967424166643	1.04349211368157	0.296720431432378	0.487260886698987
C600_DK885_RS09810	119.201859617935	0.38023748860062	0.349477299164055	1.08801770389706	0.276587292011666	0.464476762285174
C600_DK885_RS09815	201.017202912156	0.28705461573164	0.294232939085963	0.975603263942431	0.329261106458586	0.517410310149207
C600_DK885_RS09820	79.935035690772	-0.559052719205195	0.428508092031931	-1.30464915272484	0.192012342973099	0.365167207761627
C600_DK885_RS09825	2.69415004667155	0.625934465091662	1.07594455644838	0.581753456848954	0.560732758519506	NA
C600_DK885_RS09830	306.267688479502	-0.116251746557896	0.22642593379508	-0.513420634330282	0.60765711471992	0.759929079222558
C600_DK885_RS09835	838.687517072282	0.805053554535415	0.443962504681202	1.81333681571488	0.0697798883029098	0.190866635854874
C600_DK885_RS09840	826.315212093069	0.0670503889722087	0.218219770933821	0.307260834732262	0.758644844032492	0.860886242142938
C600_DK885_RS09860	1608.3201524075	-0.483031868237389	0.403954390294915	-1.19575843174954	0.2317908417165	0.414924578479513
C600_DK885_RS09865	290.93168725491	0.579630786374791	0.468740274324389	1.23657133411511	0.216246267627992	0.395282017227568
C600_DK885_RS09870	34.4453924325676	-0.234683290080979	0.434645334806099	-0.539942043058334	0.589237002250422	0.748287081541141
C600_DK885_RS09875	1184.89145296473	-0.722584432442704	0.394050130500365	-1.83373732556608	0.0666929951352352	0.185048176054332
C600_DK885_RS09880	8.52171312698006	0.520038117191916	0.641747766723358	0.810346594343649	0.417741002838064	0.607320120972303
C600_DK885_RS09885	3.43458449259912	-0.149574103285468	0.865791937619737	-0.172759870803003	0.862840181137174	NA
C600_DK885_RS09890	36.7484369435359	0.484151167401916	0.425061791069111	1.13901361537151	0.254697475398119	0.440186452230542
C600_DK885_RS09895	561.606531732152	0.746177670389028	0.445800644368293	1.67379226525429	0.0941714330036638	0.2340437084944
C600_DK885_RS09905	49.111006376	-0.521862113970245	0.418887431514796	-1.24582900967706	0.212827176915043	0.39086015654965
C600_DK885_RS09910	49.1535505741256	0.51481589986215	0.346908062128522	1.48401249801863	0.137805604981445	0.297884441465705
C600_DK885_RS09915	83.0762793218556	0.509958530982407	0.306455369706603	1.66405480664488	0.0961014773436396	0.238044831954465
C600_DK885_RS09920	362.892317631807	-0.922363639143292	0.329865435687434	-2.79618153148147	0.00517103462886414	0.0320966723708128
C600_DK885_RS09925	1032.84916147887	-0.147645007687921	0.397363880779627	-0.371561218393181	0.710219568208171	0.828292457527597
C600_DK885_RS09930	355.584964746465	-0.762865572311209	0.412227710223595	-1.85059265399074	0.0642281773355358	0.179684246300619
C600_DK885_RS09935	78.5578589410602	0.0503532187043104	0.393080865806486	0.128098880114657	0.898070722286946	0.947510483956545
C600_DK885_RS09940	120.518042629142	0.602599207781962	0.356492776195996	1.69035461030116	0.0909601331983641	0.228536668592433
C600_DK885_RS09945	22.3533886741955	1.08506422616502	0.536035573039292	2.02423921235817	0.0429455447641783	0.139086703339037
C600_DK885_RS09950	16.4165636323498	2.06808842392009	0.509758747131155	4.05699448132862	4.97082560770094e-05	0.00121589010588369
C600_DK885_RS09955	44.3243328907284	1.23048387521736	0.333629100258393	3.68817910147633	0.000225864648912226	0.00357346708364109
C600_DK885_RS09960	22.7965233738112	1.3072666918048	0.50781653798161	2.57428932307073	0.0100446238731863	0.0509494018560799
C600_DK885_RS09965	31.7206340263143	1.65245645331727	0.417094294766386	3.96182943294109	7.43776686411979e-05	0.00161717059653786
C600_DK885_RS09970	24.6362444532813	1.29954319002026	0.467152812154288	2.78183745491626	0.00540521043355836	0.0330535730131085
C600_DK885_RS09975	18.3115845613461	1.43292067121564	0.544758588852562	2.6303773828217	0.0085290130899255	0.0455615957878491
C600_DK885_RS09980	7.65689535087576	0.797695865490758	0.671760316566513	1.18747095626	0.235041906139961	0.419532312543628
C600_DK885_RS09985	10.3921905148271	0.873724265421285	0.593990512120403	1.47093976686984	0.141307406930377	0.302400554732805
C600_DK885_RS09990	20.3542538517054	0.0519029302663372	0.473690085422935	0.109571493817515	0.912749219140354	0.954599605278154
C600_DK885_RS09995	11.9179929924746	-0.295075524798673	0.621368765230429	-0.474879880209696	0.634872592877555	0.779062215565999
C600_DK885_RS10000	53.8837413229422	0.4908506802601	0.401077887781142	1.22382882530773	0.221016807871073	0.401829091278557
C600_DK885_RS10005	3.25845220077448	-0.0668495567022929	1.03885333731413	-0.064349368963984	0.948692044131006	NA
C600_DK885_RS10010	9.28757616387278	0.514890262142455	0.57023008297597	0.902951768968935	0.366551493302475	0.559083999091691
C600_DK885_RS24230	13.5121326703984	1.41044292497366	0.557797758136156	2.52859195721144	0.0114521082024709	0.0560987329338428
C600_DK885_RS10015	560.726675471487	-0.21877253661454	0.444560008714313	-0.492110249069052	0.622641407259434	0.769773057294354
C600_DK885_RS10025	85.9572491835141	-0.222996935014005	0.279710584514056	-0.797241675360335	0.425310686391274	0.61177993175041
C600_DK885_RS10030	572.396549575082	0.108340979225161	0.266013293074535	0.407276561155928	0.683804875731673	0.81278341687032
C600_DK885_RS10035	7.47413057862695	-0.229841034991459	0.691744834482372	-0.332262741309008	0.739690871355079	0.847949347814904
C600_DK885_RS10040	65.8371182270107	0.159587384886378	0.318813461983558	0.500566644499497	0.616676142227856	0.766310794386086
C600_DK885_RS10045	343.345232621291	0.23544539504627	0.426378480939839	0.552198118740168	0.580812623149358	0.74182800854322
C600_DK885_RS10050	154.805844909304	-0.659700935534008	0.494240283072609	-1.33477775512906	0.181949096114508	0.353072410936189
C600_DK885_RS10055	446.451628943885	-0.135765406804962	0.304771382918078	-0.445466386985078	0.655982745652537	0.793668678274043
C600_DK885_RS10060	63.1995494121348	-0.207786513867641	0.345716167674743	-0.601032098860737	0.547818607088342	0.71495744165502
C600_DK885_RS10065	192.479199017211	-1.07236130085401	0.380966829681853	-2.81484165366717	0.00488012731623369	0.0311223213752262
C600_DK885_RS10070	1569.38643586343	-0.148389168787229	0.230364484485004	-0.64414950559312	0.519478490689868	0.691769709306922
C600_DK885_RS10075	237.125440200872	-0.333582984530429	0.251300415843359	-1.32742710914716	0.184367437048599	0.35657575736589
C600_DK885_RS10080	474.107679745555	-0.710415135727298	0.288850538254578	-2.45945581413864	0.0139147825078036	0.0645076824987705
C600_DK885_RS10085	367.404109229374	-1.07800404525351	0.335052162684058	-3.21742154003055	0.00129348399710738	0.0124913597434941
C600_DK885_RS10090	18.2383627907902	0.124805343418127	0.481902929693894	0.258984404799954	0.79564727325763	0.882155305892054
C600_DK885_RS10095	1.37101089546424	0.233679133464052	1.44126051886984	0.162135249252017	0.871199348534929	NA
C600_DK885_RS10100	369.324605386084	0.713555549166313	0.234043862959829	3.04881119351883	0.00229748824129207	0.0189644240098995
C600_DK885_RS10105	486.327563554074	0.956692192492418	0.284480763138995	3.36294159905985	0.000771166761700533	0.00858442520958857
C600_DK885_RS10110	582.343372474716	0.474730490528978	0.339351085019219	1.39893612098541	0.161832139596653	0.327696889889596
C600_DK885_RS10115	614.39386300762	0.557646503049779	0.377767558201981	1.47616302920227	0.13990013181524	0.300837877437283
C600_DK885_RS10120	500.884595649461	-0.263270163780422	0.399652058227327	-0.658748424687635	0.510057331380411	0.684643702870632
C600_DK885_RS10125	1942.57831922453	0.726424434036078	0.261818483350942	2.77453457349066	0.00552807578805008	0.0334206061797602
C600_DK885_RS10130	277.362462988679	-0.0807184963421704	0.24903892904917	-0.324119994614309	0.745847189838708	0.851415367460951
C600_DK885_RS10135	5197.9524968179	-0.657433038687166	0.294695520547261	-2.23088914777628	0.0256884727658143	0.0993686934366877
C600_DK885_RS10140	304.460242916142	-0.0858678467298573	0.218531503316724	-0.392931204090088	0.694370293864439	0.817728023609137
C600_DK885_RS10145	1185.65385289079	-0.479375683594035	0.296947191813815	-1.61434658016434	0.106452271854392	0.252314565736813
C600_DK885_RS10150	234.018348180533	-0.246512021833418	0.274628033538304	-0.89762147970606	0.369387383604715	0.561710548974368
C600_DK885_RS10155	1247.1396266896	0.0040505110628362	0.34481685720028	0.0117468475750405	0.990627587229684	0.995446856572963
C600_DK885_RS10160	122.583426628761	1.47541843478624	0.891214344217702	1.65551468550626	0.0978201400139623	0.239965195424766
C600_DK885_RS10165	761.938659208836	0.509116504820148	0.404078957165551	1.25994312693587	0.207689879499183	0.385902534721621
C600_DK885_RS10170	583.766397294888	0.282387043602846	0.386613017667062	0.730412662529715	0.465137980637935	0.645533039198149
C600_DK885_RS10175	408.106544446174	-1.42131173679441	0.55014772898085	-2.58350923201555	0.00978008495992719	0.0501549736289783
C600_DK885_RS10180	451.204276918619	-0.000820638493809284	0.216334766977506	-0.00379337313772877	0.996973333398838	0.998853908266472
C600_DK885_RS10185	153.2583005471	0.933498812577952	0.453673952097941	2.05764251674829	0.0396244621440739	0.130954444668148
C600_DK885_RS10190	185.376348720181	0.684733371715244	0.386570364430294	1.77130332462078	0.0765102749052988	0.204063990027189
C600_DK885_RS10195	15.0266404393313	-1.31565388162532	0.527263489490668	-2.495249354163	0.0125868644165051	0.0602800811113556
C600_DK885_RS10200	146.467722265086	-0.243604742791921	0.290053483874341	-0.839861461196781	0.40098606803265	0.591144409573906
C600_DK885_RS10205	281.292117863403	0.312871741557523	0.271906965813111	1.15065732362505	0.249873240045383	0.435754552762071
C600_DK885_RS10210	138.876638791275	-0.504420889148968	0.361247557883113	-1.39633023986333	0.162615071562581	0.328588497863955
C600_DK885_RS10215	263.64196037931	-1.18489107643056	0.313527287474567	-3.77922791338115	0.0001573153860627	0.00275459475387491
C600_DK885_RS10220	155.345806645954	0.298131891776991	0.551937010737957	0.540155644533385	0.589089698868607	0.748287081541141
C600_DK885_RS10225	572.141284865561	0.747192111878882	0.72736063091872	1.02726499086858	0.304295702642229	0.493721647404256
C600_DK885_RS10230	123.78437243034	0.373201552660125	0.551950495614089	0.676150407737035	0.498945155235687	0.67580258184564
C600_DK885_RS10235	543.401853330912	1.15560401128481	0.439456813214238	2.62961905820186	0.00854805943115164	0.0455978263486683
C600_DK885_RS10240	324.719167399	1.04970176095759	0.408541244058895	2.56938993607771	0.0101877748843691	0.0515348939048768
C600_DK885_RS10245	211.979039186973	0.479290920757632	0.432373237379338	1.10851199686333	0.267640760915035	0.454516813582486
C600_DK885_RS10250	1414.14083135857	0.486089583160905	0.344122661082299	1.4125474376843	0.157788833232717	0.32305004513174
C600_DK885_RS10255	2954.18922315565	1.23929828114053	0.595294284456506	2.08182459247359	0.037358494581821	0.125928270947607
C600_DK885_RS10260	3108.16807821873	0.159870677685484	0.359778649158466	0.444358435553156	0.656783459077782	0.79412061816299
C600_DK885_RS10265	130.779090318205	0.841023348722283	0.424170433623239	1.98274863605723	0.0473955139664946	0.148455367251413
C600_DK885_RS10270	347.495930145145	0.910629947506169	0.255576029274246	3.56304912511579	0.000366572047192596	0.0049560540780439
C600_DK885_RS10275	52.830225436587	-0.0450862459006295	0.34896949733597	-0.129198242954807	0.897200786477765	0.947343446370383
C600_DK885_RS10280	17.9595759427173	-1.2648007293592	0.813068512103677	-1.55558936366474	0.119805769561777	0.27146542734807
C600_DK885_RS10285	413.283159464258	-0.705522704871509	0.397897477578391	-1.77312685962557	0.0762076881640974	0.203402860440857
C600_DK885_RS10295	350.843372208843	-1.5923318525867	0.720422245536089	-2.21027579652513	0.0270860273283896	0.103430473925778
C600_DK885_RS10300	1077.92504341552	-1.42851848563407	0.640753955048299	-2.22943373876857	0.025785059481366	0.0994490157175506
C600_DK885_RS10305	327.693594928843	-0.285971778273683	0.259137611180211	-1.10355180389006	0.269787607884336	0.457014665726321
C600_DK885_RS10310	35.4108027769757	0.120173134609014	0.568987802656182	0.211205115554349	0.832727219156888	0.906081299626956
C600_DK885_RS10320	55.5064939335265	-1.27480325206088	0.381188790323759	-3.34428315947629	0.00082495490877885	0.00899466965055649
C600_DK885_RS10325	4625.78981847648	-0.468179922988973	0.410070741043995	-1.141705262358	0.253576552701918	0.439327876489158
C600_DK885_RS10330	3922.06510201075	-0.611775718119702	0.430709102660185	-1.42039189406771	0.155493621357407	0.320824242068168
C600_DK885_RS10335	5647.3023438033	-0.93469859849896	0.465937808068147	-2.00605871065576	0.0448499844105883	0.143251768010318
C600_DK885_RS24475	4.70681361831052	0.510713173319607	0.841021744246725	0.607253233121857	0.543682869497181	NA
C600_DK885_RS10350	1957.92361573376	0.688220568211289	0.426535646826086	1.61351243051416	0.106633224847817	0.252315700373291
C600_DK885_RS10355	91.3790062556154	1.08399911856673	0.632334576717188	1.71428094948467	0.0864771401543646	0.22022055280406
C600_DK885_RS10360	2066.00409111389	0.328227571551742	0.24278187839587	1.35194427903942	0.176393141152035	0.345341011314366
C600_DK885_RS10365	121.814678106826	0.225168272653593	0.394438712269071	0.570857437796297	0.568096284247873	0.730874895936039
C600_DK885_RS10370	89.2248601661716	0.458885433496541	0.620304467381416	0.739774510142902	0.459436828156799	0.640009789092162
C600_DK885_RS10375	139.019625421286	-0.724554528091786	0.338229132108528	-2.14220024033677	0.0321773721876709	0.115563402467707
C600_DK885_RS10380	319.038699928591	0.557780687000409	0.249908798109841	2.23193697548516	0.0256191286597407	0.0992207503717873
C600_DK885_RS10385	348.058784168912	-1.17138934352607	0.366143933731492	-3.19925918637531	0.00137781239573985	0.0130017931151288
C600_DK885_RS10390	431.980918884404	0.433883825472706	0.409930095550034	1.05843369438521	0.289857764826153	0.479399986487383
C600_DK885_RS10395	148.341493625098	-0.128113102152872	0.481443642655509	-0.266101970827232	0.790160677206132	0.880640706790287
C600_DK885_RS10400	369.807064323835	-0.818356778954047	0.472577798409954	-1.73168689199431	0.0833293257427533	0.215151689660803
C600_DK885_RS10405	283.858819371772	1.15091028897014	0.253118481413512	4.54692317425028	5.44358572763772e-06	0.000217626362745775
C600_DK885_RS10410	252.987326049032	-0.0173074636073543	0.391613595158278	-0.0441952573182735	0.964748762473302	0.984340257649763
C600_DK885_RS10415	21.9352956143589	0.373416760916325	0.541570865812472	0.689506737693728	0.490504434698161	0.669491735759091
C600_DK885_RS10420	10.5480916756512	-0.271630404769082	0.607807676597979	-0.446901898787215	0.654945892951219	0.793188543971542
C600_DK885_RS10425	5.60379260141414	-0.694975402209452	0.784015316407025	-0.886430899582901	0.375385374628926	NA
C600_DK885_RS10430	47.3629859816888	0.128681148079283	0.439511707177478	0.292782071507644	0.769688732922229	0.867447118598497
C600_DK885_RS10435	142.329258356612	-0.231336829604665	0.290167005028519	-0.797254083323252	0.425303481609117	0.61177993175041
C600_DK885_RS10440	329.858855880837	0.54116770150367	0.251142126255799	2.15482647046027	0.0311754160228105	0.114034346673358
C600_DK885_RS10445	5.11737023150116	-2.2017442503208	0.992648619509014	-2.21804997966937	0.0265514248193564	NA
C600_DK885_RS10450	3.90696696298759	1.19611529050103	0.920103469926813	1.29997911060609	0.193608128840482	NA
C600_DK885_RS10455	1626.9459866581	0.371803450591222	0.285474455203697	1.30240532493853	0.192777863234139	0.366248388096335
C600_DK885_RS10460	1.97487363629006	-0.327620897508048	1.38184608775934	-0.237089282525875	0.812587526668661	NA
C600_DK885_RS10465	0.146986945537947	-0.720189104373366	4.0804728567969	-0.176496482061812	0.859903912208586	NA
C600_DK885_RS10470	1017.99844351788	1.31179125819302	0.757117574330176	1.7326123480274	0.083164593037782	0.215079382086168
C600_DK885_RS10475	76.9496052784674	0.663919421462818	0.28464203282898	2.33247147255204	0.0196759019658331	0.0823817607082965
C600_DK885_RS10480	114.612721138197	-0.868602258202487	0.31046707739096	-2.79772742894953	0.0051463521890842	0.0320966723708128
C600_DK885_RS10485	30.3389864061095	0.0665571385411853	0.393885241006367	0.168975964601094	0.865815546993479	0.927020005958612
C600_DK885_RS10490	110.128613885732	0.690542154748222	0.46348034513842	1.48990601649351	0.136248949391817	0.295895790793678
C600_DK885_RS10495	185.816361388029	0.152689131533094	0.267079496113522	0.571699189773044	0.567525783444219	0.730874895936039
C600_DK885_RS10500	19.8517347512316	0.52291483525139	0.516370081039967	1.0126745418678	0.311215641815297	0.500475673126849
C600_DK885_RS10505	323.484353900118	-0.354002900539593	0.258534252751698	-1.3692688561449	0.170915249389343	0.337359630931386
C600_DK885_RS10510	287.49646943379	0.591750726129413	0.280083018746054	2.11276902390838	0.0346205421665541	0.121090475799857
C600_DK885_RS10515	57.275263689827	1.56389611955765	0.612642953601361	2.55270400216708	0.0106890292599311	0.0534883052334102
C600_DK885_RS10520	367.487386021892	1.50173202254916	0.500945092254726	2.99779765440948	0.00271938160100632	0.0208318676197422
C600_DK885_RS10525	1628.13243940536	1.34966187496987	0.534436849521021	2.52539074762431	0.0115569709483272	0.0563156199028578
C600_DK885_RS10530	879.409097122424	0.607508817543866	0.251283772865403	2.41762056744218	0.0156223575463769	0.0703195222244905
C600_DK885_RS10535	344.945758721778	-0.0241349295178737	0.399977845607594	-0.0603406658216558	0.951884314291967	0.976305070493112
C600_DK885_RS10540	218.27951590677	0.549514018162672	0.40818720769833	1.34623037615816	0.178228231582483	0.347849115497991
C600_DK885_RS10545	42103.2009512056	0.690869844539882	0.313912163136822	2.2008380867955	0.0277474882419504	0.104949299372911
C600_DK885_RS10550	229.721262191788	1.2808959265274	0.325692397677121	3.9328395002859	8.39482923803888e-05	0.00176338842412591
C600_DK885_RS10555	64.0197773997645	1.44254640762603	0.357620264308111	4.0337378823231	5.48965520218345e-05	0.0012836816378439
C600_DK885_RS10560	6.0753356114013	1.50963922615528	0.850304301824614	1.77541054763082	0.075830123685219	NA
C600_DK885_RS10565	15.5690649428234	0.0888427610704775	0.482844373536573	0.183998749782984	0.854014435707023	0.920649683925688
C600_DK885_RS10570	7.56128563676532	0.893557731925613	0.652265462698373	1.36992955020036	0.170708894271781	0.337359630931386
C600_DK885_RS10575	10.8962124102141	0.591641917391604	0.629187292679313	0.940327187588569	0.347049758037228	0.537862026003507
C600_DK885_RS10580	8.12927627283719	-0.202005650049274	0.712224493988338	-0.283626373080875	0.77669672394153	0.871644557686269
C600_DK885_RS10585	41.950715826648	-0.158047386757045	0.426279864138157	-0.370759681732988	0.710816533691535	0.828468925474962
C600_DK885_RS10590	77.9352148799311	0.00485335019404361	0.352985529506285	0.0137494310342747	0.989029886903245	0.995072343156867
C600_DK885_RS10595	37.0810081272631	1.42377994210198	0.401536727506668	3.54582742889525	0.000391382423257706	0.00521446124646468
C600_DK885_RS10600	112.018427927829	-0.637123796613967	0.326221163842808	-1.9530424976381	0.0508145596999053	0.154606000789074
C600_DK885_RS10605	127.332494121181	0.181496130861883	0.314932145509892	0.576302335120573	0.564410844788817	0.728457424981231
C600_DK885_RS10610	491.049922930261	0.672411958069912	0.449310473663139	1.49654191808143	0.134512492900359	0.294359887347578
C600_DK885_RS10620	503.812046698162	0.142554634377086	0.288644606490207	0.493875967787823	0.621393777872628	0.769344677366111
C600_DK885_RS10630	1697.02474440579	-0.268104518984276	0.305899749284464	-0.876445697034422	0.380787785090418	0.573456966599095
C600_DK885_RS10635	2076.44924368193	0.0855065792764501	0.184314391857815	0.463916997552814	0.642707214323693	0.783709674888855
C600_DK885_RS10640	96.2056251710699	1.08963879681005	0.376947382639052	2.89069203553387	0.00384394601496974	0.0260799111015648
C600_DK885_RS10645	96.4430091942878	0.044257359297074	0.286866171321174	0.154278767319426	0.877389938095016	0.932705961368158
C600_DK885_RS10650	18.8812272139592	0.0866816402337882	0.499249531026054	0.173623879136432	0.86216106420957	0.924312236658357
C600_DK885_RS10655	9.91419581982801	0.153024327378025	0.578501587598264	0.264518422522103	0.791380471083896	0.880793104842636
C600_DK885_RS10660	257.109469231772	0.0716944357835074	0.258034984581303	0.277847734096372	0.78112924674771	0.874770644399996
C600_DK885_RS10665	108.609997334991	0.861027631619025	0.312593038137111	2.75446835524647	0.00587875746442447	0.0350838206303855
C600_DK885_RS10670	28.0540987044724	1.13692225860573	0.446085295733898	2.54866562399298	0.0108135925983982	0.0539663587662341
C600_DK885_RS10675	108.307138563095	1.72650176539091	0.576673756543369	2.99389688849326	0.0027543901212792	0.0209852919485985
C600_DK885_RS10680	121.060377319494	1.77734450766048	0.614009684596086	2.89465223798492	0.00379578798744987	0.0258002554613137
C600_DK885_RS10685	58.9266140297144	1.69013618004538	0.492576839148857	3.43121325591725	0.000600888019113234	0.00693820389771119
C600_DK885_RS10690	74.8414547584202	2.47549575759889	0.633231337144351	3.90930709266932	9.25612364730001e-05	0.00185022944734739
C600_DK885_RS10695	37.8841330924213	2.88339859687165	0.606227739264808	4.7562960420921	1.97177255418702e-06	9.64611889008862e-05
C600_DK885_RS10700	41.3663108235756	2.40234043038638	0.444879823859244	5.39997613186087	6.66497638964493e-08	6.85493765549157e-06
C600_DK885_RS10705	138.694868311017	-0.225706335407999	0.285636613534914	-0.790186988337229	0.429418573790863	0.615315037456628
C600_DK885_RS10715	34.2843304598218	-0.0230768379986345	0.390281573608987	-0.0591286895387856	0.952849607664728	0.977025604329139
C600_DK885_RS10720	11.614285257304	-0.181069514905433	0.530835002129469	-0.341103194361834	0.73302589653741	0.842291150122428
C600_DK885_RS10725	33.8314791877923	-0.424058917183816	0.408344007061092	-1.03848448820353	0.299044553261253	0.489265613763437
C600_DK885_RS10730	38.2175888291444	0.17946288646513	0.443576524296399	0.404581569662177	0.685785108187154	0.813836269466914
C600_DK885_RS10735	23.1496935618521	0.0255522500377618	0.496460221134944	0.051468876961275	0.958951901555674	0.981658361779735
C600_DK885_RS10740	209.26749718791	0.13155475182526	0.440138572722545	0.298893939268963	0.76502097161103	0.865069334686682
C600_DK885_RS10745	9.00222182672774	-0.49346651151914	0.763530209621728	-0.646295988424107	0.518087685366482	0.691231983993541
C600_DK885_RS10750	367.159154497567	1.58176564415359	0.519864521338824	3.04264972743286	0.00234505122233226	0.0191203957119109
C600_DK885_RS10755	262.5963830823	-1.16750202874285	0.309465650072053	-3.7726385092207	0.000161530240398188	0.00279334620372308
C600_DK885_RS10760	1848.88097274216	-1.05072473107983	0.306624325830359	-3.42674942124828	0.000610852476852839	0.00698815233519648
C600_DK885_RS10770	474.322641622845	-1.39784964360824	0.580478368385001	-2.40809945682786	0.0160358118194469	0.0712319574010797
C600_DK885_RS10775	168.82916279416	-1.34222095456731	0.607272444789955	-2.21024511499375	0.0270881554588928	0.103430473925778
C600_DK885_RS10780	20.1902941141491	-1.16553243149959	0.620497442327057	-1.87838394164606	0.0603286607014769	0.172939059744095
C600_DK885_RS10785	129.365978274132	-1.9862254616097	0.515847213002981	-3.85041425356741	0.000117918208975057	0.00220311508024755
C600_DK885_RS10790	40.6790980212553	-1.50202616553869	0.698205137535559	-2.1512677074253	0.0314550755764814	0.114318177825932
C600_DK885_RS10795	163.374860239338	-0.186222826753872	0.327883258686713	-0.567954666242366	0.570065750903492	0.732125893561031
C600_DK885_RS10800	297.181574440648	0.0155680409730228	0.409170503726366	0.0380478085082936	0.969649563924751	0.986363085820034
C600_DK885_RS10805	16.7485930565256	-0.168903180759953	0.718078021221484	-0.235215639203997	0.814041368152921	0.894122838048023
C600_DK885_RS10810	5.01000084409149	0.0404560763989094	0.933897232407601	0.043319623396477	0.965446748696323	NA
C600_DK885_RS10815	490.159453297161	0.483633329628787	0.264874029819448	1.82589939058373	0.0678654180219679	0.187183697481956
C600_DK885_RS10820	103.413064349617	2.09007319324845	0.318823182508459	6.55558725938318	5.54233289641195e-11	1.7171994757383e-08
C600_DK885_RS10825	139.935210065789	0.367738882815163	0.344450637525643	1.06760981909283	0.285696552542317	0.474366219158542
C600_DK885_RS10830	764.357051203029	0.130924327839902	0.214667100408518	0.609894704827841	0.541931560419518	0.71117539999286
C600_DK885_RS10835	2217.92606583238	-0.53743840197924	0.413196485644054	-1.30068483312855	0.193366355863133	0.367178810571567
C600_DK885_RS10840	112.285177546278	-0.606837763978963	0.34415892179777	-1.76324867828225	0.0778585570060646	0.206622494609956
C600_DK885_RS10845	766.202303531052	0.162160650327642	0.252403927132178	0.642464846605666	0.52057140704515	0.692029162785381
C600_DK885_RS10850	42.1572576401003	-1.01431212790795	0.389789925457571	-2.60220201103775	0.00926272731360812	0.0482336416694608
C600_DK885_RS10855	12.2793578352167	0.270542317341177	0.550536668620027	0.491415618180924	0.62313252006547	0.769959026122771
C600_DK885_RS10860	5.34078403278669	0.171689602604905	0.851322342589491	0.201674024063167	0.840171571118001	NA
C600_DK885_RS10870	20278.1571847437	0.0759037438351075	0.181943277171651	0.417183558607101	0.676544150178019	0.807622150520574
C600_DK885_RS10875	12257.2509405497	0.0346108633604482	0.179610119658465	0.192699962709574	0.847193952659466	0.915925302700754
C600_DK885_RS10880	2702.90768842	0.107887645500223	0.234618744079866	0.459842396324042	0.645629349459237	0.786083173345647
C600_DK885_RS10885	10604.1375937001	-0.0270228647591351	0.224080361337952	-0.120594525097092	0.904012205533255	0.950434120452238
C600_DK885_RS10890	7.34831725526252	-1.27385085016928	0.866139649027499	-1.47072224623311	0.141366247433849	NA
C600_DK885_RS10895	716.103347325677	-0.360517087951076	0.273556801368223	-1.31788749593471	0.187541312115458	0.359629914121581
C600_DK885_RS10900	2937.13634707226	0.186488136320726	0.220273532672876	0.846620717695014	0.397206562353462	0.589538915281587
C600_DK885_RS10905	3621.22331531663	0.350033165826728	0.327790626606528	1.06785593429094	0.285585502424525	0.474366219158542
C600_DK885_RS10910	239.324588161298	0.736160801753303	0.381993921844191	1.92715318138903	0.0539605427092204	0.161274355138972
C600_DK885_RS10915	139.900307115205	0.415413206935857	0.243291966975999	1.70746783011064	0.0877351322297181	0.222079069280937
C600_DK885_RS10920	85.9205480188418	0.702097895921302	0.370316042979799	1.89594242331976	0.0579676584057813	0.168905763285811
C600_DK885_RS10925	189.468347869737	0.434774484269179	0.247335014936616	1.75783636773223	0.0787753553976979	0.208164016608842
C600_DK885_RS10930	626.122628972402	-0.782669978417328	0.555717162804447	-1.40839626846786	0.159013763560473	0.324403059663283
C600_DK885_RS10935	428.639963708815	-0.450964617665873	0.282590445137332	-1.5958240111293	0.110528090876601	0.257060864141593
C600_DK885_RS10940	6.43961579636386	0.166324828770884	0.716122113569033	0.232257635421909	0.816337914802171	NA
C600_DK885_RS10945	233.953903042831	1.01957202591537	0.648115057543849	1.57313429775761	0.115687724739749	0.264368138034657
C600_DK885_RS10950	99.5352935750175	1.29540376065685	0.509917704438337	2.54041730534481	0.0110720273349961	0.0548146439833761
C600_DK885_RS10960	2396.943477673	1.41146102904968	0.486781592781378	2.89957765449769	0.00373665773164871	0.0255713570505936
C600_DK885_RS10965	17.265182591473	0.552871388387842	0.498722166245585	1.1085759282566	0.267613167302468	0.454516813582486
C600_DK885_RS10970	0.735218553873534	-0.188526724364258	2.52633761357584	-0.074624517068173	0.940513466709174	NA
C600_DK885_RS10975	11.579934672945	-0.56226899958034	0.641568061631835	-0.876398052219436	0.380813676851309	0.573456966599095
C600_DK885_RS10980	21.2897088585214	-0.209235647343513	0.492142107141297	-0.42515290666531	0.670725211889889	0.80329770408573
C600_DK885_RS10985	4.81895848390149	0.682987123809708	1.11905365199348	0.610325628796292	0.541646122916388	NA
C600_DK885_RS10995	33.6865052131681	0.595110448558767	0.358932321096006	1.65800183929267	0.0973170951267673	0.239421574787957
C600_DK885_RS11000	9.21345372463996	0.303151483836842	0.594141223240606	0.510234725312229	0.609887026897842	0.761347932207294
C600_DK885_RS11005	1.44100494074805	-0.0246668652307746	1.45305643499349	-0.0169758480377847	0.98645588346984	NA
C600_DK885_RS11010	53.9674537247361	0.408920555355059	0.337671423076282	1.21100136822263	0.225894880320374	0.408103578732338
C600_DK885_RS11015	11.9257742242382	-0.429399284544126	0.644414081154687	-0.666340629575801	0.505193401526856	0.681781875454393
C600_DK885_RS11020	5.43634809005667	1.03978217193004	0.825125987614114	1.2601495862912	0.207615405221145	NA
C600_DK885_RS11025	8.90707102571284	1.57005988223678	0.635751041133922	2.46961433116403	0.0135258788485582	0.062940197195168
C600_DK885_RS11030	1.79877018684398	4.41350435823166	1.59749570914894	2.76276445248352	0.00573141112860451	NA
C600_DK885_RS11040	773.18916349932	0.591220106574907	0.303690692617702	1.94678375382138	0.0515606654883193	0.156109571893787
C600_DK885_RS11050	586.744870144574	0.415222283118785	0.259003125153658	1.603155494253	0.108900328601037	0.255452001096945
C600_DK885_RS11055	86.2302509191268	0.26356684045842	0.321914025563769	0.81874916756682	0.412929538243675	0.602836637399584
C600_DK885_RS11060	2599.06885531146	0.0363673508886399	0.597588764764635	0.0608568183221508	0.951473239654396	0.976152733177441
C600_DK885_RS11065	105.947637712448	1.24096260080038	0.44514309356289	2.78778356610638	0.00530699861966704	0.0327198935568001
C600_DK885_RS11070	621.093394931619	1.79152968423472	0.538405061714251	3.32747556000048	0.000876366760204954	0.00942793493364374
C600_DK885_RS11075	277.546604170265	1.8358914714206	0.500513226965353	3.66801789145861	0.000244438083032552	0.00379377229583446
C600_DK885_RS11080	568.332923685099	1.98875609803645	0.554872421318098	3.58416821890728	0.000338154104289855	0.00465650725833215
C600_DK885_RS11085	609.846942134714	1.54362505601113	0.459290427092124	3.36089098521863	0.000776914832795689	0.00862259506965484
C600_DK885_RS11090	116.142585323471	1.1472830313739	0.368084560142771	3.11690072229299	0.00182763107401414	0.0156931462660152
C600_DK885_RS11095	2370.81110208126	0.519968411574791	0.379689567220627	1.36945667320022	0.170856569337481	0.337359630931386
C600_DK885_RS11100	25822.6194382606	-0.731669781068962	0.473609527344315	-1.54487977716934	0.122375345847954	0.275919670019826
C600_DK885_RS11105	2510.20883112779	-0.249493098359509	0.285648484618286	-0.873426997846349	0.382430380829736	0.575192619710743
C600_DK885_RS24355	5.48806368872708	0.277583960361682	0.986611597145458	0.281350798191315	0.778441351793377	NA
C600_DK885_RS11110	24.9160673942248	-0.747047169064774	0.472357513210803	-1.58152913454641	0.113757102810627	0.261563950680218
C600_DK885_RS11115	66.0291097209923	0.732943305365172	0.449603602530123	1.63019891575728	0.10305946301721	0.247674504514751
C600_DK885_RS11120	115.301865808703	1.70534468260107	0.419442830209533	4.06573806911698	4.78806885184503e-05	0.00117894304577217
C600_DK885_RS11125	45.4770202637611	1.59864733346448	0.408537501770246	3.9130981281702	9.11194848788213e-05	0.00185022944734739
C600_DK885_RS11130	29.5960164665968	1.85273687054379	0.489770703206693	3.78286585623292	0.000155032976165541	0.00273181329565631
C600_DK885_RS11135	31.3204338931037	1.11914430300944	0.399700853928685	2.79995474617905	0.00511097711510318	0.0320966723708128
C600_DK885_RS11140	44.7442995092123	0.460114193877372	0.42742886109019	1.07646964386966	0.281717270028391	0.469907945251485
C600_DK885_RS11145	157.272045433596	0.797505716857308	0.558697881281185	1.42743644387643	0.153454132466523	0.317850955159071
C600_DK885_RS11150	778.48258777627	-0.850276530049813	0.392280915818347	-2.16751948861961	0.030195265323535	0.111681092619926
C600_DK885_RS11165	516.822388464297	0.00696564578479461	0.227675928976492	0.0305945640196062	0.975592877406018	0.989431074248657
C600_DK885_RS11170	1233.14048112517	1.01224075914524	0.282263378707358	3.5861568857457	0.000335587111482121	0.00465650725833215
C600_DK885_RS11175	625.116746056229	-0.692468511380771	0.363657564245597	-1.90417738956507	0.0568870853977175	0.16667153940797
C600_DK885_RS11180	8921.38150834158	1.34003244205861	0.555068562416116	2.41417463137469	0.0157709015595251	0.0706059533640052
C600_DK885_RS11185	305.77730094369	0.595706247749838	0.788651660146134	0.75534773823903	0.450040362125206	0.632608720749155
C600_DK885_RS11190	373.630815217612	0.785443327928909	0.467370646839945	1.68055767566826	0.0928488626364634	0.231827276373794
C600_DK885_RS11195	806.930352504544	-0.0505047400223183	0.301053907279712	-0.167759789197467	0.866772257662974	0.927650907884553
C600_DK885_RS11205	117.429770801854	-0.735358234031516	0.406162519586859	-1.81050244315874	0.070217905823485	0.191134932901841
C600_DK885_RS11210	1229.76565487194	-0.969716124657863	0.366798584228568	-2.64372919185967	0.00819982311486948	0.0443525958586904
C600_DK885_RS11215	9362.20289538335	0.466849745279201	0.251716850816992	1.85466226740068	0.0636444702095956	0.178858760573905
C600_DK885_RS11220	50.1619860056477	0.273983437608183	0.384641120473936	0.712309274865346	0.476273281931442	0.655603132995595
C600_DK885_RS11225	1434.46384411267	-0.427174427401337	0.277800398050894	-1.5377027189251	0.124121318558945	0.278922805582157
C600_DK885_RS11230	500.00370860189	0.514894459169598	0.295204073718581	1.74419835296869	0.0811245084436334	0.211384777913444
C600_DK885_RS11235	142.856853859036	-0.281936737933	0.478863434461371	-0.588762301824368	0.556020737871714	0.722069543628024
C600_DK885_RS11240	280.868878121221	-0.684365459101605	0.357888979224864	-1.91222836921059	0.0558469088612593	0.164662019941445
C600_DK885_RS11245	556.026527396639	0.104702390869433	0.230575900464623	0.454090781640457	0.649763487924721	0.789483871929448
C600_DK885_RS11250	120.437155508004	0.941712334959915	0.505225487894071	1.86394462972415	0.0623294804392549	0.176228903629772
C600_DK885_RS11255	16.8664535974583	0.151374401388852	0.528537218961457	0.286402538852974	0.774569830388675	0.869605517638397
C600_DK885_RS11260	378.323636376432	-1.63343055109767	0.457824621684225	-3.56780844395978	0.000359979509679435	0.004918160717596
C600_DK885_RS11265	196.020349899822	-0.787849725669539	0.355609082882107	-2.21549382058594	0.0267261880232693	0.10244120316548
C600_DK885_RS11270	170.382663138633	0.361864534362165	0.229599110771518	1.57607114917038	0.115009407116533	0.263628221738144
C600_DK885_RS11275	78.3054716411446	0.170406276046609	0.30791125487628	0.553426590772327	0.579971334956748	0.741008049267763
C600_DK885_RS11280	33.5500645363746	0.0970209971860411	0.371400507641764	0.261230114633077	0.793915056045569	0.882155305892054
C600_DK885_RS11285	2408.0868099333	-1.04709107556498	0.420387563785062	-2.49077557418026	0.0127464605386198	0.0604093049977023
C600_DK885_RS11290	3454.9488151372	-0.425585375220306	0.230163580675675	-1.84905611031487	0.0644497110017611	0.180033077013184
C600_DK885_RS11295	551.969118194229	-0.71046848447738	0.266732101424763	-2.66360322091858	0.00773086896777167	0.0423789069077694
C600_DK885_RS11300	45.3407204087328	-1.20751144431474	0.411603564047717	-2.93367587112234	0.00334973818161557	0.0240343462860618
C600_DK885_RS11305	546.976634744462	-0.0170742406855899	0.272599778456617	-0.0626348296475494	0.950057293809291	0.975595244872181
C600_DK885_RS11310	2147.8224672408	-0.2628616393018	0.225601225308783	-1.16516051250173	0.243954026161232	0.42883236573078
C600_DK885_RS11315	399.991572586477	-0.663403478637027	0.283939242937734	-2.33642758138404	0.0194689678513573	0.0818841883160027
C600_DK885_RS11320	692.233141347744	0.473911217901287	0.2899960913977	1.63419863908223	0.102217148229911	0.246686179045577
C600_DK885_RS11325	5474.37370115054	0.934805095378445	0.404002146038163	2.31386170728445	0.0206753091928092	0.0856022267025219
C600_DK885_RS11335	46.1599371637112	-0.929300389263215	0.464228649764269	-2.00181610879705	0.0453045127860962	0.144064587988231
C600_DK885_RS11340	30.1310461526479	0.509576640900436	0.448227031674454	1.13687172992846	0.255591911717294	0.440827298220765
C600_DK885_RS11345	30.0913850279318	-0.196362037994478	0.402907257475574	-0.487362871606706	0.626001200164359	0.771708376064684
C600_DK885_RS11350	65.7435853164291	0.728098601442137	0.362125374049998	2.01062574903025	0.0443650021843834	0.142136679377519
C600_DK885_RS11355	172.237579030402	0.365771866930008	0.355218089535183	1.02971069803521	0.303145832116769	0.493176185411817
C600_DK885_RS11360	96.7168816503733	0.670626587413908	0.318014466383755	2.10879270694764	0.0349624784027881	0.121337277930728
C600_DK885_RS11365	120.479461371525	0.398650133376586	0.359836107146271	1.10786584631024	0.267919757583093	0.454516813582486
C600_DK885_RS11370	571.827160376357	1.16275207155635	0.318215773015944	3.65397371895231	0.000258212709697516	0.0038867807880784
C600_DK885_RS11375	62.6080860553573	0.981425679780987	0.402638293463928	2.4374871831929	0.0147897385058997	0.0673875585354598
C600_DK885_RS11385	77.2696321630558	0.501698785454354	0.410754880550842	1.22140675427046	0.221932051134887	0.403098859853205
C600_DK885_RS11390	477.326363134555	0.861007800609265	0.280968908289155	3.06442376792513	0.00218089747413476	0.0183037851215193
C600_DK885_RS11395	344.331478735136	0.815992226002238	0.547890008935927	1.48933583875165	0.136398954830288	0.296048636345016
C600_DK885_RS11400	188.396613374281	0.195076620355343	0.253556872206676	0.769360414717274	0.441679381377637	0.625768780442503
C600_DK885_RS11405	45.1873651665352	0.197908827942069	0.472047822292391	0.419255885941747	0.675029132778654	0.806736842067192
C600_DK885_RS11410	123.844397616177	-0.293710927697582	0.323906040887075	-0.906778172130415	0.364524115025985	0.556820320323177
C600_DK885_RS11415	729.608612847607	0.381255588947918	0.238278515209274	1.60004181918403	0.109589306471887	0.255701836102384
C600_DK885_RS11420	1156.17652685966	-0.120427606035342	0.231850839508205	-0.519418460121987	0.603468960949202	0.756727688637145
C600_DK885_RS11425	186.224222048215	-0.696536555484168	0.290563131287138	-2.39719524083681	0.0165211179711781	0.0728510812754169
C600_DK885_RS11430	38.9626882766973	-0.376657627942945	0.445153509370119	-0.846129750781716	0.397480365626008	0.589538915281587
C600_DK885_RS11435	15.1755949426352	0.968380769654982	0.518523794623496	1.86757248113971	0.0618216851614881	0.175407256248087
C600_DK885_RS11440	2960.31116014007	-0.409473689893364	0.30117052580697	-1.35960744762855	0.173954180089795	0.34118103904835
C600_DK885_RS11445	841.282318422048	-0.972514060731819	0.267195841621747	-3.63970507485871	0.000272950483965611	0.00405931959753657
C600_DK885_RS11450	1423.51475508965	0.610443969586592	0.262466391739347	2.3257986119336	0.020029296735434	0.0834853422223583
C600_DK885_RS11455	291.880495787314	1.24105019452434	0.241622120293323	5.1363268934886	2.80160168862918e-07	2.1088418900655e-05
C600_DK885_RS11460	59.9448681650689	0.785473491937752	0.398535289679636	1.97090072643042	0.0487352320330781	0.150993438347889
C600_DK885_RS11465	70.6709915462822	0.826312927076922	0.452263954922629	1.82705899526811	0.067690899637041	0.187183697481956
C600_DK885_RS11470	43.9471916150687	0.255988257110726	0.483477092249931	0.529473394322464	0.596477096110059	0.752205374935302
C600_DK885_RS11475	189.155776924302	0.750739210041018	0.278842998861701	2.69233659480676	0.00709532956169734	0.0395508775268227
C600_DK885_RS11480	31.4696649063404	0.361009615481186	0.358507810590731	1.0069783832222	0.313945162328701	0.502907416431758
C600_DK885_RS11485	118.89862017032	0.482231301622252	0.488477762800749	0.987212393983541	0.323538527113895	0.51164792385088
C600_DK885_RS11495	201.35255616852	-0.151731880716335	0.228513215974964	-0.663996084729554	0.506692816982049	0.682566628093935
C600_DK885_RS11500	1292.64853810839	0.933190387699255	0.272050873390838	3.43020544675334	0.000603124402240745	0.00694246602950801
C600_DK885_RS11505	1611.24273957694	1.20793095054506	0.28623985259248	4.21999571200447	2.44306965298727e-05	0.000738482355268834
C600_DK885_RS11510	307.448511495042	1.32611116225015	0.301840460598765	4.39341750148249	1.11582544494703e-05	0.000391381038142742
C600_DK885_RS24620	14.6625385892683	-0.0847908836493363	0.542020819319515	-0.156434735764925	0.875690359023349	0.932097553635503
C600_DK885_RS11520	63.8656025430279	-0.943142052276818	0.456164037237041	-2.06755021283434	0.0386823378694761	0.12910317073493
C600_DK885_RS11525	69.463258923684	-1.06617496511362	0.434155926834396	-2.45574204845602	0.0140594035674211	0.0650969644628538
C600_DK885_RS11530	995.761375101183	1.71532860162876	0.468976803585576	3.65759796329833	0.000254589966798784	0.00386353263901176
C600_DK885_RS11535	0.188591368672469	1.20336424726912	4.0804728567969	0.294908038725135	0.768064130898878	NA
C600_DK885_RS11540	5.89662074544564	0.824975182600212	0.781466536291067	1.05567563585722	0.291116432050069	NA
C600_DK885_RS24625	33.392651353256	-0.342787035774087	0.452390810965467	-0.757723250484533	0.448616677003366	0.631405169890649
C600_DK885_RS11550	1649.63036317766	1.06865547479933	1.44440164245372	0.739860329280653	NA	NA
C600_DK885_RS11555	41.5850596907332	0.0106838239451003	0.451355630396985	0.0236705232539217	0.98111541845129	0.991785515443691
C600_DK885_RS11560	468.034466519807	-0.276057298713361	0.411971268361214	-0.670088717136739	0.50280123697889	0.679046494401567
C600_DK885_RS11565	866.783869514924	0.330480934249	0.372213354562781	0.887880378814452	0.374605100203807	0.567555730463633
C600_DK885_RS11570	189.866938823463	0.031697758767017	0.328223823228587	0.0965736077753914	0.923065016448372	0.96052497373497
C600_DK885_RS11575	360.383679308017	-0.438908798413867	0.228533164855915	-1.92054749992453	0.0547887793217662	0.162703419743073
C600_DK885_RS11580	1004.53328023092	-0.343567454966848	0.237008697703314	-1.44959850965859	0.14717051186345	0.310192722850513
C600_DK885_RS11585	254.643289030228	-0.307264813260088	0.281907210539697	-1.08995017428552	0.275735092963708	0.464093741801298
C600_DK885_RS11590	1583.68538060826	-0.422913883641882	0.25545261152125	-1.65554730923822	0.0978135282055517	0.239965195424766
C600_DK885_RS11595	894.311173368723	-0.400916185303324	0.294344530051008	-1.36206433064629	0.173177583937611	0.340494054510862
C600_DK885_RS11600	122.019416049426	-0.630599597943062	0.386185682639107	-1.63289222333072	0.102491666008732	0.246686179045577
C600_DK885_RS11605	122.879579551788	0.0668176759927358	0.335689753511844	0.199045920507604	0.842226823833755	0.912657645278701
C600_DK885_RS11610	397.563947700726	0.427106875272231	0.224177485800677	1.90521752774043	0.0567518007032904	0.166457056374656
C600_DK885_RS11615	149.514869301614	0.187175424621365	0.331187085989037	0.56516522696649	0.571961386027015	0.733887445867622
C600_DK885_RS11620	29.5684727040278	0.402687567507497	0.370030962681754	1.08825370879525	0.276483120202223	0.464476762285174
C600_DK885_RS11630	4.53381607549058	2.73528878365565	1.03580453395124	2.64073837678761	0.00827255736719502	NA
C600_DK885_RS11635	4.38730825456434	-0.052303502552378	0.783060140565121	-0.0667937235505711	0.946745920133416	NA
C600_DK885_RS11645	7.9653741655979	0.798094008386439	0.690274271208672	1.15619840065743	0.247600013869218	0.433136131252887
C600_DK885_RS11655	2.53781116851295	-0.862161159161375	1.04704098202934	-0.823426373904069	0.410265570133498	NA
C600_DK885_RS11665	0.128512536844415	-0.720189104373366	4.0804728567969	-0.176496482061812	0.859903912208586	NA
C600_DK885_RS11675	13.2443798367774	-0.172206194402233	0.610573883612357	-0.282039895619846	0.777912919248758	0.872482725118215
C600_DK885_RS11685	0.146986945537947	-0.720189104373366	4.0804728567969	-0.176496482061812	0.859903912208586	NA
C600_DK885_RS11690	412.773544573499	-0.657742378351198	0.315277102859048	-2.08623579824399	0.0369572690154759	0.125135325775998
C600_DK885_RS11695	0.146986945537947	-0.720189104373366	4.0804728567969	-0.176496482061812	0.859903912208586	NA
C600_DK885_RS23905	1.34400912844002	1.86969233084179	1.58036412649632	1.18307692480144	0.236778662042833	NA
C600_DK885_RS11710	21.2535992179099	0.0485561306218873	0.643198113223007	0.0754917180626929	0.939823486763318	0.968745141055175
C600_DK885_RS11715	5.1181278440562	0.748792120455188	0.770035878769857	0.972411988973025	0.330845629926967	NA
C600_DK885_RS11720	153.240279420194	0.913155597028005	0.427249384778564	2.1372894369439	0.0325744574749815	0.116341818340039
C600_DK885_RS11725	636.150978253373	1.55486119384857	0.670670392967313	2.31836862064127	0.0204292959386627	0.0849621054809262
C600_DK885_RS11730	498.346544001611	1.26083297845224	0.622046289335026	2.02691182323438	0.0426714311662171	0.13840648491741
C600_DK885_RS11735	38.6149948843722	-0.0326921014867524	0.390171908278573	-0.0837889678705701	0.93322421953821	0.965959812985263
C600_DK885_RS11740	9.40288549792255	0.177437831755193	0.673001329346758	0.26365153234901	0.792048445901545	0.881159821023922
C600_DK885_RS11745	12.374484274519	-1.18763446916799	0.574265865809197	-2.06809169737871	0.0386314012828307	0.129052944323317
C600_DK885_RS11750	32.9627926038628	-1.42879001902633	0.388346306154732	-3.67916469496955	0.000233999123705439	0.00368647772007129
C600_DK885_RS23910	51.7461843736896	-0.649546411820147	0.323929427394753	-2.00520964410123	0.0449406395006494	0.143301284445467
C600_DK885_RS11755	28.1126915384153	-0.510046769494878	0.385827863325682	-1.32195421320399	0.186183398067685	0.358667246098
C600_DK885_RS11760	11285.9213466386	-1.25405614271354	0.536224790900011	-2.33867617461084	0.0193521991269798	0.0817630413114896
C600_DK885_RS24245	41.6857680125384	-1.24133141208579	0.777832893330736	-1.59588444089877	0.110514595931914	0.257060864141593
C600_DK885_RS11765	12.5966918482404	-1.98289634079587	0.782787709857526	-2.5331214527586	0.0113051774665616	0.0556723838684452
C600_DK885_RS11770	2.6809343014775	-3.65087240644765	1.59958721020981	-2.28238409456198	0.0224666735490769	NA
C600_DK885_RS11775	6.68420831437065	-2.33481911850212	0.971464299755119	-2.403401873945	0.0162433257126448	NA
C600_DK885_RS11780	4.58109802741015	-0.605883840764246	0.838378629712845	-0.722685215594974	0.469873300704187	NA
C600_DK885_RS11785	1013.58334070742	0.313911152425928	0.563120043014047	0.557449794799964	0.577220151973312	0.738254050580246
C600_DK885_RS11790	7.68754483881025	0.545371761629893	0.773388910737028	0.705171426766595	0.480703560625003	0.659991077697105
C600_DK885_RS24630	63.8477600859862	-1.10462031696688	0.608522147231583	-1.81525080392267	0.069485375524027	0.190380712010562
C600_DK885_RS11800	109.902275904392	-1.82834885741942	0.608335266119045	-3.00549542209448	0.0026514858735884	0.0205379676625035
C600_DK885_RS11805	5.53549749431335	0.535494220052368	1.10315745873755	0.48541957071585	0.627378752610207	NA
C600_DK885_RS11810	0.550998964764725	-2.4936089845101	2.51659645023501	-0.990865652805491	0.321751185940622	NA
C600_DK885_RS11820	4.3620304287313	0.957765515433427	0.827611084146729	1.15726521041086	0.247164022536796	NA
C600_DK885_RS11825	2.72669524758786	-0.228979509229419	1.0273852827015	-0.222875987309571	0.823632025695828	NA
C600_DK885_RS11830	3.37561529884587	0.522876613193947	0.974350289364769	0.536641307444818	0.591515405156977	NA
C600_DK885_RS11835	247.295635142935	-0.736921481422135	0.533632064392746	-1.38095427654019	0.167293019777775	0.334406154588047
C600_DK885_RS11840	173.965219277809	-0.779626612363657	0.536666255903279	-1.45272150761826	0.146301092913085	0.308955770874443
C600_DK885_RS23920	151.266860889903	0.820391126704429	0.294122461670777	2.78928417110396	0.00528246922078802	0.0326327686651238
C600_DK885_RS11845	47.3997150167527	0.933575469453792	0.323379889001322	2.88693113333951	0.00389019367847975	0.026249982026475
C600_DK885_RS11850	29.6016301577408	0.58010970559291	0.374422867272598	1.54934368677478	0.121299123133545	0.274491868417845
C600_DK885_RS11855	157.990374364015	0.271213301623493	0.721123769486105	0.376098130584112	0.706843944048925	0.826429491815693
C600_DK885_RS11860	995.042805645893	0.873437893262353	0.514639753398419	1.69718310234414	0.0896620487535802	0.225856027957867
C600_DK885_RS11865	961.340509342622	-0.51997265152196	0.238986288706998	-2.17574260990118	0.0295745121455897	0.110289358029237
C600_DK885_RS11870	345.453446426949	-0.715150837900272	0.259031937043294	-2.7608597073524	0.00576494346222451	0.034515394190903
C600_DK885_RS11875	13.0628462951009	0.267201911967758	0.713293990402874	0.374602780288168	0.70795590499656	0.826845681729415
C600_DK885_RS11880	29.5641588625775	-0.342706455125675	0.375445006079171	-0.912800675402798	0.361347383049375	0.553331783433928
C600_DK885_RS11885	699.16512480808	0.325355832565032	0.39924754401862	0.814922564808209	0.415116635978192	0.604781995519952
C600_DK885_RS24250	11.2333493847748	-1.42561824764937	0.900105355662675	-1.58383486853025	0.113231302155831	0.261003410615215
C600_DK885_RS11890	1.76573589348559	-2.98674025553245	1.886616119082	-1.58312028892542	0.113394050069663	NA
C600_DK885_RS11895	50.0071024811093	0.824327806012294	0.497965118868242	1.65539266663054	0.0978448725830947	0.239965195424766
C600_DK885_RS11900	134.761309816312	0.383657252165636	0.332562207909755	1.15364056119614	0.248647561849544	0.434024241763665
C600_DK885_RS11905	36.2248627563545	1.67941851304412	0.560488459156714	2.99634807034367	0.00273234355457845	0.0208600684515866
C600_DK885_RS11910	112.561377566379	1.43187879616513	0.511910406364888	2.79712773634161	0.00515591446163537	0.0320966723708128
C600_DK885_RS11915	79.2618203859307	0.799821472124423	0.596817368491276	1.34014443002276	0.180198393811935	0.350406709305844
C600_DK885_RS11920	247.342047168822	0.458559399234953	0.346349961753377	1.32397704597258	0.185510668165239	0.358109048800859
C600_DK885_RS11925	213.041953541735	1.19548468228399	0.531540943167629	2.2490923750101	0.0245066195744138	0.096012235592909
C600_DK885_RS11930	3.17708452642816	1.05488797506263	0.966456348500419	1.09150090089368	0.275052535686139	NA
C600_DK885_RS11935	76.5208928159479	0.480932851496381	0.588744322744946	0.816878962423098	0.41399760132533	0.603624737932382
C600_DK885_RS11940	175.157737013653	-0.541403281857907	0.290555752902232	-1.8633369893732	0.06241486910145	0.176336233525221
C600_DK885_RS11945	191.748338527447	-0.051384518266374	0.429191129246708	-0.119724092053256	0.904701714930265	0.950460857900741
C600_DK885_RS11950	18.8841295518205	-0.293797249826908	0.497538512466149	-0.59050152393358	0.554854464377129	0.721310803690268
C600_DK885_RS11955	219.606532532549	-0.210072804194939	0.287580786535365	-0.730482751388907	0.465095152488863	0.645533039198149
C600_DK885_RS11965	869.768161944223	-2.80407841241546	0.314431305478171	-8.91793648902472	4.75056711858089e-19	8.83130427344187e-16
C600_DK885_RS11975	68.7895298421	0.970554243160311	0.720449998076647	1.34715003921349	0.177931914893669	0.347453182549718
C600_DK885_RS11980	137.134032829375	0.576817586194966	0.35326731753872	1.63280767157789	0.102509453099897	0.246686179045577
C600_DK885_RS11985	16.6624714474488	0.661844026616145	0.48145375733492	1.37467828744296	0.169231205548754	0.336471455738111
C600_DK885_RS11990	58.393107317685	1.12118178384545	0.337396509286869	3.32303907415998	0.000890424409024807	0.00951205305178541
C600_DK885_RS11995	126.061441279238	1.66313454524363	0.341902037040834	4.86435986061412	1.14827830677783e-06	6.27920497556976e-05
C600_DK885_RS12000	91.1798964661626	2.30260825324903	0.611915258110678	3.76295283166899	0.000167918881936651	0.00287706176516344
C600_DK885_RS12005	72.6921609970393	2.21898583359827	0.725783371009392	3.05736659481766	0.00223291008466099	0.0185726167668223
C600_DK885_RS12010	66.460240912641	1.82428442819081	0.616867741695882	2.95733478164301	0.00310310998252377	0.0226667247839359
C600_DK885_RS12015	107.743914500696	1.57563380620663	0.377697146625492	4.17168575480121	3.02354428588057e-05	0.000851631640523029
C600_DK885_RS12020	193.894973626493	1.69851265849688	0.440524776114492	3.85565750348497	0.000115418989269728	0.00216731213184268
C600_DK885_RS12025	288.411005806947	0.644360387232572	0.409001415549679	1.57544781688978	0.115153114536876	0.263632561482823
C600_DK885_RS12035	7.71205129444444	-0.117224198141782	0.715134649265692	-0.163919058127234	0.869794863815796	0.928944182238628
C600_DK885_RS12040	104.429321425001	1.17148873504763	0.440853143846952	2.65732194813229	0.00787641842910945	0.0429391843393386
C600_DK885_RS12050	6.46440480064788	2.02137497236857	0.866352263965017	2.33320215857391	0.0196375376101542	NA
C600_DK885_RS12055	19.25700424285	0.262432038345774	0.641427700485274	0.409137363645553	0.682438857776017	0.81245842882204
C600_DK885_RS12060	2.03231351396428	1.30058242387363	1.29266632743094	1.00612385135647	0.314355996585663	NA
C600_DK885_RS12065	1.47428167551228	-0.0435622765942499	1.29631690066251	-0.0336046506621849	0.973192413672281	NA
C600_DK885_RS12070	4.46423119855501	2.42847382308116	1.08426827068616	2.23973521012871	0.0251081182698588	NA
C600_DK885_RS12075	65.1288089189032	0.99977895933928	0.382573037718684	2.61330219531687	0.00896719744832288	0.0469985728723685
C600_DK885_RS12085	3.07193650542074	0.803978396977786	1.14210671600191	0.703943323082993	0.481468070243316	NA
C600_DK885_RS12090	1139.36943258588	-3.23127250026127	0.798203235550505	-4.04818266369557	5.16168570336074e-05	0.00124617840552566
C600_DK885_RS12095	21.4886634659477	-0.924318446703961	0.648855973186388	-1.42453562100205	0.154291481218594	0.319052128571042
C600_DK885_RS23930	3.67011640172022	-0.094826475144961	1.01287273220366	-0.0936213130534691	0.925409978604806	NA
C600_DK885_RS12100	6.0224709505654	0.69128676604327	0.809729590350636	0.853725458821287	0.39325712451351	NA
C600_DK885_RS12105	14.5218741967644	2.74379521394961	0.6834757480033	4.01447340591866	5.95786604786695e-05	0.00135897828012082
C600_DK885_RS12110	46.7295984229695	1.03314964180781	0.341074256098709	3.02910472817629	0.00245279639055705	0.0196712137604081
C600_DK885_RS12115	7063.72139609797	1.78255242389062	0.668884316184614	2.66496370263021	0.00769966329021982	0.042348148096209
C600_DK885_RS12120	14585.8225721209	2.05084559371827	0.611039144413994	3.35632440649133	0.000789858599267017	0.00871422632663136
C600_DK885_RS12125	192.766476370446	1.33506602320535	0.356633270283061	3.74352629003374	0.000181455606833827	0.00306659975549168
C600_DK885_RS12130	91.0987693436996	1.38040994068329	0.337493279462014	4.09018497459785	4.31029292968739e-05	0.00110521855948812
C600_DK885_RS12135	85.9930599374727	1.937845750532	0.353972719137433	5.47456243309987	4.38593993077769e-08	4.94149232200953e-06
C600_DK885_RS12140	1.30289708566833	-0.495550101053894	1.60619646339021	-0.30852396475082	0.757683667793365	NA
C600_DK885_RS12145	10.5690604738825	0.693984158933097	0.577404220434242	1.201903509488	0.229400914574863	0.411836118005476
C600_DK885_RS12150	6.97046743352514	0.259609492675204	0.740788075293036	0.350450420752939	0.726000692224524	NA
C600_DK885_RS12155	19.4699345274956	-0.221856182475326	0.4672217360245	-0.474841312741693	0.634900084229418	0.779062215565999
C600_DK885_RS12160	20.7472611489846	0.256409583908346	0.461582688073989	0.55550086806385	0.578552116539992	0.739448872222651
C600_DK885_RS12165	23.951380616312	-0.0553355193640335	0.46944276909287	-0.117874899790152	0.906166781638375	0.951416315094112
C600_DK885_RS12170	696.883802654528	0.204016091962487	0.45278825481855	0.450577261647929	0.652294257879769	0.791031020939919
C600_DK885_RS12180	1.06091772366485	-3.4056840959778	1.77054622152796	-1.92352171017526	0.0544145626560825	NA
C600_DK885_RS12185	700.630583131342	-0.754791312021727	0.404920833607882	-1.86404662189512	0.062315157464746	0.176228903629772
C600_DK885_RS12190	2355.62895379627	0.189925865277301	0.198351580903246	0.957521308438401	0.338304196478979	0.52916070782871
C600_DK885_RS12195	322.066496062834	-0.929185265931439	0.364961260765683	-2.54598327499752	0.0108970409208796	0.0542372130439495
C600_DK885_RS12200	314.014503932858	-0.0033577944603614	0.42027713957805	-0.0079894768098321	0.993625387621714	0.99684273911968
C600_DK885_RS12205	88.1290644544555	0.137583509665301	0.349210107176718	0.393984901461274	0.693592186471095	0.817728023609137
C600_DK885_RS12210	99.5609143275921	-0.267021048189294	0.373965655747579	-0.714025590546554	0.475211355506122	0.654738439233809
C600_DK885_RS12215	314.296657643221	-0.117162899634967	0.319849932761034	-0.366305844192569	0.71413686917673	0.831036269045096
C600_DK885_RS12220	25.6860372220392	0.450160245917695	0.535428583666829	0.840747505175794	0.400489401215829	0.591144409573906
C600_DK885_RS12230	0.379294479700325	0.241599911069111	2.94167081259473	0.0821301656306014	0.934543205444302	NA
C600_DK885_RS12235	272.380106683758	1.12605526542103	0.372284245138018	3.02471909603254	0.00248864147279858	0.0196712137604081
C600_DK885_RS12240	417.277259500382	1.2175718350172	0.290090738001408	4.19721030531935	2.7022298090224e-05	0.000803751234395623
C600_DK885_RS12245	115.685924329619	0.91011162866429	0.279244073701116	3.25919764957452	0.00111727800141385	0.0112488140659402
C600_DK885_RS12250	30.3912106402662	0.681530813995235	0.399234089016994	1.70709574343544	0.0878042581611019	0.222079069280937
C600_DK885_RS12255	40.8134232360823	0.236870898438056	0.389158906718425	0.608673974432361	0.542740560930323	0.71153364088115
C600_DK885_RS12260	342.883384445343	0.249570027334367	0.309568845778813	0.806185863782574	0.420135688376965	0.608362086516599
C600_DK885_RS12265	42.4733068492339	0.537654561118184	0.44116329878952	1.21872005806789	0.222950462265857	0.404356009124125
C600_DK885_RS12270	12.693459138546	0.240720099531914	0.510830942458555	0.471232416684399	0.637474771845721	0.781190244470135
C600_DK885_RS12275	44.1684571899576	-0.210594530978443	0.483121127372765	-0.435904205066885	0.662906234058414	0.798149410048311
C600_DK885_RS12280	4.17579418802887	-0.170428477364191	0.870199262446854	-0.195849944626447	0.844727616821358	NA
C600_DK885_RS12285	18.1631096620474	-0.158102434655938	0.542832676211313	-0.291254453875935	0.770856718625453	0.867447118598497
C600_DK885_RS23935	0.817403155892221	-1.7660574310318	2.51755281301843	-0.701497669442881	0.482992488548301	NA
C600_DK885_RS24485	18.2994122925175	-1.10536722006997	0.586532179689865	-1.88458069027764	0.0594864713450291	0.171317351247729
C600_DK885_RS12295	10.3880912069494	0.696242094763763	0.669232228677415	1.04035948199884	0.298172918698372	0.488373088863676
C600_DK885_RS12305	0.128512536844415	-0.720189104373366	4.0804728567969	-0.176496482061812	0.859903912208586	NA
C600_DK885_RS12310	16.5026218657453	-0.967219666132509	0.517059302894538	-1.87061650514349	0.061398255207515	0.174792276310521
C600_DK885_RS12315	45.7129416842725	0.550579934437698	0.509225929635654	1.08120954255341	0.279603914192592	0.467221282232835
C600_DK885_RS12320	148.839299920715	1.07019044121889	0.368657513632585	2.90293945367807	0.00369678099464623	0.0255476426358637
C600_DK885_RS12335	63.5540898167456	1.50373196600889	0.604454816574243	2.48774916631704	0.0128554366534292	0.0607325457146755
C600_DK885_RS12340	173.67848850332	0.459487142706507	0.289287011872924	1.5883434922697	0.112208687805838	0.259775985317585
C600_DK885_RS12345	260.614037521871	-0.841528706474459	0.339421132887827	-2.47930557332908	0.0131638475911721	0.0618041686046459
C600_DK885_RS12355	147.340049479316	0.00380753981338494	0.250348483697654	0.0152089589565212	0.987865474275621	0.995072343156867
C600_DK885_RS12360	98.9265523274487	0.546340178998985	0.316962082673768	1.7236767703893	0.0847662108367206	0.217953507531761
C600_DK885_RS12365	280.165853727297	-0.216112093401933	0.291577828875054	-0.741181502845131	0.458583397202879	0.639060371364432
C600_DK885_RS12370	38.2293865224331	-0.233550778120372	0.3392975472943	-0.688336181569255	0.491241102070313	0.670251162384376
C600_DK885_RS12380	42.4467689758758	0.274707780566785	0.566583389538353	0.484849689629296	0.627782972313952	0.772879831477905
C600_DK885_RS12385	63.8581966978833	-0.0431444479635846	0.323057168942275	-0.133550504713591	0.893758024970117	0.945374775772089
C600_DK885_RS12390	33.8407214914432	0.437503880132124	0.416722262246439	1.04986922890478	0.293778240758222	0.484161125504907
C600_DK885_RS12395	46.6791875474889	0.494174877400978	0.495867781028477	0.996585977770147	0.318965515023738	0.507885989232659
C600_DK885_RS12400	41.9093742903221	0.754267104990927	0.521558096458464	1.44618041616577	0.148126605112418	0.311135651403019
C600_DK885_RS12405	86.3774700156513	0.334322150144477	0.511739565962064	0.65330525990492	0.513559502123238	0.687334135671058
C600_DK885_RS12410	239.062617386955	1.00156022719162	0.424043648822077	2.36192719776321	0.0181802120379072	0.0779631238257658
C600_DK885_RS12415	87.0936955421327	0.983206518938595	0.370326739209025	2.65497036762349	0.00793153755534493	0.0431132406882638
C600_DK885_RS12420	4.59560559275869	1.03260701159207	0.86879659744968	1.18854863684233	0.234617329967256	NA
C600_DK885_RS12425	16.1667641563175	-0.351069523663009	0.71743506973785	-0.489339786234995	0.624601157971501	0.771035773731724
C600_DK885_RS12430	182.590916020216	-0.263780330831147	0.411349289691504	-0.641256317785239	0.521356164861549	0.692533840998656
C600_DK885_RS12435	55.3171648733495	-1.03928306012434	0.387774025910802	-2.68012551300535	0.00735945596545738	0.040839488476971
C600_DK885_RS12440	70.3240342076551	-0.477723185874493	0.321168790882644	-1.48745207951745	0.136895450712696	0.296606809877509
C600_DK885_RS12445	360.136966965308	0.389565204421597	0.302820212609619	1.28645707320669	0.198283590964699	0.373558549975923
C600_DK885_RS12450	10.0034232858635	-1.14927288483142	0.668313260588542	-1.71966194987562	0.0854939081586321	0.218997706142844
C600_DK885_RS12455	188.435141690605	-0.393678790649963	0.333373632129214	-1.18089360617871	0.237644991649723	0.422960305865806
C600_DK885_RS12460	283.703423962272	-1.27854948499109	0.550457097219688	-2.32270505993825	0.020195002270342	0.0840817675712561
C600_DK885_RS12465	256.371563869728	-0.0926883755343202	0.212540996156304	-0.436096457674248	0.662766747160892	0.798149410048311
C600_DK885_RS12470	49.0977129935918	0.533751738967559	0.505321853095274	1.05626094675728	0.290849012896226	0.480721994001966
C600_DK885_RS12475	83.8817560425356	-0.569940476224419	0.275064217588234	-2.07202696599966	0.0382629264651822	0.128163568105898
C600_DK885_RS12480	1300.15209399641	0.429263801926468	0.421578727465784	1.01822927477124	0.308569010212783	0.497726498902876
C600_DK885_RS12490	395.817209290672	0.0976001286436358	0.253323462480728	0.385278677655296	0.700030957273701	0.822602749413281
C600_DK885_RS12500	55.136264777375	-0.802795843745248	0.455870669580083	-1.76101665958182	0.078235583331846	0.20703195646107
C600_DK885_RS12505	294.733886667653	0.587504210141622	0.375674381839933	1.56386551370422	0.117849154865751	0.26815370733835
C600_DK885_RS12510	96.3473290238033	-0.125661159935275	0.353707090528156	-0.355268987533265	0.722388086387945	0.835530119716136
C600_DK885_RS12515	690.954895121007	0.618541990811645	0.22046509184252	2.80562326508123	0.00502193692278214	0.0317543562566395
C600_DK885_RS24255	85.4410005552183	-0.764501772990556	0.345022440753308	-2.21580303971352	0.0267049941984693	0.10244120316548
C600_DK885_RS12520	93.8108782998378	-0.926251009466197	0.476409346012892	-1.9442334983939	0.0518672999304099	0.156655256816624
C600_DK885_RS12525	176.297767909844	0.446548470386109	0.23710347840092	1.88334845780305	0.0596531604405334	0.171664435385374
C600_DK885_RS23940	25403.906729753	-1.03415403122292	0.243426143321999	-4.24832771496922	2.15372182937552e-05	0.000666162805047876
C600_DK885_RS12545	250.549951812009	1.3385718192647	0.270712261598709	4.94462944293573	7.62888371419495e-07	4.57486929828658e-05
C600_DK885_RS12550	170.443787641694	-0.376267569333026	0.245679956616283	-1.53153547613452	0.125637105553026	0.280720407720042
C600_DK885_RS12555	2290.52105614587	-0.18443570994903	0.182280096312428	-1.01182583112589	0.311621336898914	0.500694957039828
C600_DK885_RS12560	82.0169658246674	0.675963815588355	0.559433598143958	1.20830035562936	0.226931751732358	0.408862655835477
C600_DK885_RS12565	50.142872234069	0.424434127362118	0.351234093685914	1.20840811012402	0.226890321779698	0.408862655835477
C600_DK885_RS12570	40.2208465506094	0.995097260330765	0.364366695958287	2.73103242247114	0.0063136260030001	0.0368097746065222
C600_DK885_RS12575	4.34136388877324	0.685843118176155	0.891088616957574	0.769668813094948	0.441496374331342	NA
C600_DK885_RS12580	2.23506653349172	1.99476813604163	1.29303852100064	1.54269815140384	0.122904030630676	NA
C600_DK885_RS12585	58.9060463828506	0.40112297248041	0.351948930605233	1.13971925355936	0.254403283184399	0.440144907808094
C600_DK885_RS12590	198.784822068665	-0.120473825948023	0.304109711234427	-0.396152511733352	0.691992521611921	0.817700853541396
C600_DK885_RS12595	1359.85986463748	0.825143975210663	0.208403030693541	3.95936648552892	7.51488423009184e-05	0.0016244383469466
C600_DK885_RS12605	1.68840751138357	0.860122000239294	1.25643224819368	0.68457491558009	0.493612200512647	NA
C600_DK885_RS12610	5.6373938834879	0.0384416337928807	0.751074490575769	0.0511821853560911	0.959180347263705	NA
C600_DK885_RS12615	78.8127550378297	0.657201469955475	0.430462228693347	1.52673434775076	0.12682708271278	0.282699696358584
C600_DK885_RS12620	0.128512536844415	-0.720189104373366	4.0804728567969	-0.176496482061812	0.859903912208586	NA
C600_DK885_RS12625	110.893108835627	-0.252895675484561	0.316402291380552	-0.799285221295668	0.424125046264288	0.611437348588841
C600_DK885_RS12630	173.481571546811	0.486428604072026	0.455715667839497	1.06739495347644	0.285793526335431	0.474366219158542
C600_DK885_RS12635	44.9131580442479	-0.0832422164588947	0.487035323223881	-0.17091617894957	0.864289674890735	0.926060233787825
C600_DK885_RS12640	95.2467163110433	-0.5543490145349	0.407693429506024	-1.35972025648431	0.173918465453072	0.34118103904835
C600_DK885_RS12645	2.21081718403861	2.03943188061479	1.23361950626474	1.65320981895785	0.0982881688260001	NA
C600_DK885_RS12650	14.3448995718761	-0.115032112123794	0.4921533448255	-0.233732257096779	0.815192843732734	0.895123152096369
C600_DK885_RS12655	0.698510127572595	-1.33069954384325	2.18908566237962	-0.607879155535983	0.543267625322	NA
C600_DK885_RS12660	3.34722867122511	0.173778222729915	1.0435387243421	0.166527814134999	0.867741596243384	NA
C600_DK885_RS12665	3.85389886487703	0.0717393283055993	0.887269052097792	0.0808540860700419	0.935557994365223	NA
C600_DK885_RS12670	0.257025073688831	-1.42351571407164	4.05395022715003	-0.351142869129991	0.725481168136956	NA
C600_DK885_RS12675	1.89679994033968	1.02463837516643	1.49343477234126	0.686095164076101	0.492653100246169	NA
C600_DK885_RS12680	0.497660296221502	1.15329249503391	2.36251935057663	0.48816213706458	0.625435001153905	NA
C600_DK885_RS12685	2.59902682323382	-0.493998180066364	1.09817024015513	-0.449837522456065	0.652827599929086	NA
C600_DK885_RS12690	16.658552311264	0.317195765720168	0.600262460448833	0.528428456916983	0.597201990762468	0.752421891445225
C600_DK885_RS12695	20.6506909638049	0.124656875162472	0.467504020089751	0.266643429373165	0.789743714018977	0.880640706790287
C600_DK885_RS12700	127.337527615019	-0.0253895378702346	0.309826527271432	-0.0819475920730036	0.934688388674948	0.966399173830216
C600_DK885_RS12705	28.085697453201	-0.101557529437118	0.458092281726614	-0.221696661324075	0.824550029323945	0.900610167164051
C600_DK885_RS12710	29.5404389067327	-0.34891489543161	0.410725036905877	-0.84950968185455	0.395597745116253	0.588104960011442
C600_DK885_RS12715	0.146986945537947	-0.720189104373366	4.0804728567969	-0.176496482061812	0.859903912208586	NA
C600_DK885_RS12720	287.071370255026	0.9235610062471	0.293129468054075	3.15069314722301	0.00162883518687598	0.0144880603464232
C600_DK885_RS12725	282.949756832411	-1.22222094788248	0.586259960087651	-2.08477643211341	0.0370895989793302	0.125135325775998
C600_DK885_RS12730	69.6498782471875	-0.55419610006562	0.397990708504068	-1.39248502094102	0.163775574464737	0.329916374688419
C600_DK885_RS12735	380.452115205839	-0.0664238382802938	0.431563906735271	-0.153914257526265	0.877677342181644	0.932705961368158
C600_DK885_RS12740	1440.82589004104	0.816497652267178	0.745141724702169	1.09576155139283	0.27318313850815	0.461089212931017
C600_DK885_RS12750	15.5814098926017	-0.465253835812094	0.508743912486008	-0.91451479692131	0.360446406354022	0.55286292855786
C600_DK885_RS12755	1858.09661323306	-0.746660043812958	0.36384898910148	-2.05211520762178	0.0401584673356166	0.132249053634918
C600_DK885_RS23945	138.941505628639	0.209245531543018	0.388568837513638	0.538503120533113	0.590229751342968	0.748967309042032
C600_DK885_RS12760	150.962751601462	-1.4770938505964	0.57478402103768	-2.56982413660308	0.0101750153983282	0.0515348939048768
C600_DK885_RS12765	221.453250354876	-1.32239445222588	0.494713920896247	-2.67304879925385	0.00751653153545053	0.0415252069075855
C600_DK885_RS12770	6.41831806962695	1.06020108961054	0.76878675969261	1.37905742553949	0.167877049064833	NA
C600_DK885_RS12775	31.8715285451492	0.443455922086536	0.482045485808568	0.919946219064154	0.357600864367633	0.549632085042935
C600_DK885_RS12780	5.66217509682853	0.960534995327893	0.816047485392395	1.17705772338238	0.239172467619662	NA
C600_DK885_RS12785	36.9923425359336	-0.501125878680763	0.389757469791089	-1.28573771517289	0.198534613973218	0.373558549975923
C600_DK885_RS24570	1.88863803470298	1.77345681322188	1.51310999181369	1.17206073769702	0.241172671702899	NA
C600_DK885_RS12795	1.82029942044838	-0.00109951523127687	1.23518950446855	-0.000890159143434388	0.999289755856594	NA
C600_DK885_RS12800	7.38635007433341	1.55149609660482	0.691296175053044	2.2443290626999	0.0248112369599907	NA
C600_DK885_RS12810	6.95766162946508	-0.315959832230571	0.648257080040434	-0.487398968648154	0.625975624290639	NA
C600_DK885_RS12815	4.17864824970408	0.810673170466911	1.00247824820374	0.808669087752771	0.418705513544131	NA
C600_DK885_RS12825	410.467968299079	0.343682180611905	0.379850419794672	0.904782942711193	0.365580389900558	0.55797532415857
C600_DK885_RS24635	4.11438571008218	0.218995913010491	0.863274898325954	0.253680390145901	0.799742484981128	NA
C600_DK885_RS12835	3.55011373532579	-0.84872894238365	0.88687248909758	-0.956990946068536	0.33857182488922	NA
C600_DK885_RS12840	5.56933137652985	0.156042630995958	0.911714636245604	0.17115292964752	0.864103517981558	NA
C600_DK885_RS12845	7.90821338974876	0.528976932980446	0.635604703156797	0.832242005688797	0.405272358132421	0.596045343171021
C600_DK885_RS12850	2.25114072155699	-1.69483302828729	1.28466785305643	-1.319277215706	0.18707645206447	NA
C600_DK885_RS12855	3.78582483199805	-1.25459276547324	1.01604041367052	-1.23478628270398	0.21691005385747	NA
C600_DK885_RS12860	198.580960252189	-0.407870940282444	0.455651244158087	-0.895138432105179	0.370713091743786	0.563265743810133
C600_DK885_RS24490	1.3691918635113	1.88600587295766	1.53243110255466	1.23072800455014	0.218424610422883	NA
C600_DK885_RS12870	3.99130826061696	-0.804796404224279	1.16828034510336	-0.688872673068102	0.490903397544643	NA
C600_DK885_RS12875	8.63588434110197	0.520350346519714	0.784641497879747	0.663169546762184	0.507221973047702	0.683031979641926
C600_DK885_RS12895	1.43555659761772	-3.82709136729547	1.76562841678783	-2.16755197804192	0.0301927908747975	NA
C600_DK885_RS12900	13.9100087173005	-0.795332345328337	0.532183279734581	-1.49447075023664	0.135052621454267	0.294906742148309
C600_DK885_RS12905	11.3943165747293	-0.212185723905198	0.522403965605824	-0.406171732749251	0.684616422204294	0.813125997919101
C600_DK885_RS12910	0.146986945537947	-0.720189104373366	4.0804728567969	-0.176496482061812	0.859903912208586	NA
C600_DK885_RS12915	0.303353008514559	0.241598694287653	3.1338008445861	0.0770944633271879	0.938548397518151	NA
C600_DK885_RS12925	27.9515347711555	-0.393413525972274	0.45854268247802	-0.857964898373734	0.390911846286842	0.583754676582631
C600_DK885_RS12930	352.468651234377	-0.0879176144590713	0.340890792349285	-0.257905512358306	0.796479830501345	0.882393328308701
C600_DK885_RS12935	204.572916381547	0.341418369651093	0.531253952934007	0.642665090331109	0.520441437646355	0.692029162785381
C600_DK885_RS24495	1.0362001841384	-2.06481781254419	1.82696005246777	-1.13019319155618	0.258394828026343	NA
C600_DK885_RS12945	114.88253306135	0.636119997853409	0.302159974307243	2.10524242766379	0.0352702107769411	0.121337277930728
C600_DK885_RS24260	0.317103905516885	0.241598954885941	3.09365662338018	0.0780949485667111	0.937752525383948	NA
C600_DK885_RS12950	288.625103219437	0.353382506767129	0.298181095777089	1.18512713170558	0.235967185153981	0.420779853430456
C600_DK885_RS12955	75.4904042310783	0.0454604867450986	0.368207541003649	0.123464301195961	0.901739441485674	0.94895761207012
C600_DK885_RS12965	77.1489362663576	-0.310481191421178	0.269998179099799	-1.1499380938655	0.250169369618613	0.436001012319423
C600_DK885_RS12970	12.0118479575873	-0.3587475869025	0.653712451952272	-0.548784998405831	0.583153006539696	0.744305828463643
C600_DK885_RS12975	9.50082810066631	-0.447289055001209	0.600003181529837	-0.745477805402214	0.455982923561443	0.637534097570152
C600_DK885_RS12985	29.8489298886714	-0.303257596793011	0.416263725663289	-0.728522756360262	0.466293643620545	0.646654146580077
C600_DK885_RS12990	42.4141783860535	0.24268285535522	0.47996619379628	0.505624892944493	0.613120003102109	0.763678449425006
C600_DK885_RS12995	2788.36370288317	-0.0126222050576882	0.36489777396831	-0.0345910716867907	0.972405821002652	0.988085499450085
C600_DK885_RS13000	7041.86493893309	-0.0387011783329974	0.329071352086888	-0.117607254741454	0.906378856391432	0.951416315094112
C600_DK885_RS13005	343.344271617435	0.281430786755809	0.342104975623299	0.822644529630285	0.4107101681517	0.600635733350257
C600_DK885_RS13010	25.7100702584931	1.00995461696617	0.43671249978938	2.31263043181328	0.0207429668889734	0.0856043647116903
C600_DK885_RS13015	498.907226297597	0.731456902277843	0.289505200156269	2.5265760403717	0.0115180451208312	0.0562202314388951
C600_DK885_RS13020	317.083890601582	0.0375442693208691	0.401961410458267	0.0934026708635182	0.925583668753451	0.961799910683435
C600_DK885_RS13025	97.1814198310612	-0.188286358592186	0.304934497876003	-0.617464930677505	0.536928105782511	0.707155046864817
C600_DK885_RS13030	26.1015122302332	-0.341252474986974	0.437851573742547	-0.779379350107411	0.435756284359684	0.621048041526369
C600_DK885_RS13035	3.5903915068702	-0.538280666859752	0.991068887695516	-0.543131434699145	0.587039310690713	NA
C600_DK885_RS13040	126.077192808624	0.376354146512469	0.266406834851978	1.41270454536792	0.157742614554558	0.32305004513174
C600_DK885_RS13045	990.473167925926	-1.11863943089942	0.358025331253053	-3.12447006747902	0.00178125643747116	0.0153826916567466
C600_DK885_RS13050	818.318546340429	0.842242025217499	0.287550544815654	2.92902253326438	0.00340029771319739	0.0241726709324434
C600_DK885_RS13055	1793.46203767644	-0.16828147257083	0.200606437834174	-0.838863769217295	0.401545761036546	0.591734894781561
C600_DK885_RS13060	1160.25327266945	-0.0352266070452682	0.311545925408521	-0.113070350700548	0.90997478092988	0.953068011061407
C600_DK885_RS13065	3870.22330374189	-0.221802570695773	0.371290232202288	-0.597383263707649	0.550251525063201	0.716993833406018
C600_DK885_RS13070	57.776763656582	0.0367021377481278	0.57569396497174	0.0637528617308494	0.949167012745606	0.975132067805516
C600_DK885_RS13075	15.4240526598829	-0.86710276449816	0.580038784601702	-1.49490480208764	0.134939288851558	0.294906742148309
C600_DK885_RS13080	16.0933740060711	-1.10345941593683	0.709307455426558	-1.55568563039175	0.119782865199567	0.27146542734807
C600_DK885_RS13085	7.83318232913608	-1.91408050337379	1.03489171602076	-1.84954664699954	0.0643789186517885	0.179970541013045
C600_DK885_RS13090	39.4331696715187	-0.399762886126748	0.335205396707866	-1.19259084147486	0.233029654424293	0.416540507283423
C600_DK885_RS13095	22.5221634555334	-0.967850497271703	0.439413008009635	-2.20259864780899	0.0276230493142852	0.104691638481664
C600_DK885_RS13100	15.4978144827695	-0.716654097447521	0.546895331362541	-1.31040448939661	0.190059035698738	0.362937593594199
C600_DK885_RS13105	19.9899324310313	-0.784724183690437	0.621544426580734	-1.26253916877253	0.206754841293424	0.384549524726839
C600_DK885_RS13110	8.96247804144671	-0.187359116906099	0.707145855025055	-0.264951163292135	0.791047083659612	0.880793104842636
C600_DK885_RS13115	9.8641930884075	-0.00756137066402187	0.72293771031557	-0.0104592284454511	0.991654895258503	0.996101993015248
C600_DK885_RS13120	9.67814202431329	-1.2322989572669	0.759812441034108	-1.62184624877915	0.104836272967401	0.249699719982573
C600_DK885_RS13125	20.406183929255	0.0961672241199577	0.464528896687559	0.207020972873168	0.835993479305509	0.908851502765819
C600_DK885_RS13130	1684.10815546198	-1.31418939146145	0.378104258919253	-3.47573284473927	0.000509459518937478	0.00623082398489982
C600_DK885_RS13135	40.3286445772523	0.00626513192902506	0.387113255439688	0.0161842350810464	0.98708741240075	0.995072343156867
C600_DK885_RS13140	116.927062094082	0.136753166755757	0.459539882389173	0.297587156189295	0.766018278566921	0.865670504471675
C600_DK885_RS13145	19.2138956157781	0.060761139444931	0.65837129535358	0.0922900798891894	0.926467569834302	0.961911875075101
C600_DK885_RS13150	2418.12444499445	-0.250086446044489	0.499318963739435	-0.500855093048286	0.616473108992354	0.766310794386086
C600_DK885_RS13155	114.365921473106	0.030897525149236	0.278227268378123	0.111051390934281	0.911575594644876	0.95386082586717
C600_DK885_RS13160	12.6254455364162	-0.4806783150233	0.553689496002041	-0.868136958519307	0.385319360599006	0.578134537008517
C600_DK885_RS13165	9.63857734978662	-0.354772399202417	0.638482994738382	-0.555648939949897	0.578450868354768	0.739448872222651
C600_DK885_RS13170	22.5274549400817	-1.35224119954575	0.460468618136965	-2.93666309990213	0.00331764309570336	0.023905033003537
C600_DK885_RS13180	42.0170716491929	0.182220002596731	0.388463441082755	0.469078897331581	0.63901324234111	0.782258063575809
C600_DK885_RS13185	8.30958874883413	-0.930227988127254	0.926384086772432	-1.00414936030282	0.3153066264696	0.504293565627866
C600_DK885_RS13190	56.0049234212771	-0.677820923001143	0.516953785408833	-1.31118282162319	0.189796004639464	0.362653065537479
C600_DK885_RS23955	0.190703111027855	-0.720189104373366	4.0804728567969	-0.176496482061812	0.859903912208586	NA
C600_DK885_RS13195	30.7242408317546	-0.1710519745139	0.402499209362122	-0.424974684509274	0.670855129420708	0.80329770408573
C600_DK885_RS13200	81.7206577508981	-0.539787095396934	0.2748328999008	-1.96405559738942	0.0495236447325156	0.152363845635649
C600_DK885_RS13210	365.025248694315	0.622211909118627	0.52819158623945	1.17800420402106	0.238794930236781	0.423500268236456
C600_DK885_RS13215	159.233559264138	0.728750103743744	0.573641725127524	1.27039242757618	0.203944879265101	0.381230297188358
C600_DK885_RS13220	108.374918920016	0.860818763639697	0.565032996906888	1.5234840590762	0.127637645888039	0.284335990060953
C600_DK885_RS13225	154.360549556826	0.140631532050913	0.444709414188907	0.316232415064581	0.751826105554766	0.855875523714825
C600_DK885_RS13230	77.8920300524078	0.225719347288685	0.432638840032178	0.52172696115748	0.601860449921653	0.755828732070817
C600_DK885_RS13235	76.0879567079848	-1.09295441593369	0.378792167857711	-2.88536698663803	0.00390957630087706	0.0263329795048205
C600_DK885_RS13240	2302.39484068173	-0.00264516064114827	0.322728844527432	-0.0081962324905341	0.993460425858633	0.99684273911968
C600_DK885_RS13245	19.2746707923485	-0.257413636898965	0.624987279576971	-0.411870201699462	0.680434562811628	0.810851187350524
C600_DK885_RS13250	672.69371979676	-0.00458207952204717	0.47146563867213	-0.00971879845783135	0.992245642834158	0.996101993015248
C600_DK885_RS13255	5.15158429062089	-1.14337363698804	0.87536747383928	-1.30616417808319	0.191496731826441	NA
C600_DK885_RS13260	144.039042610416	0.93209682387174	0.564716262401374	1.65055778614934	0.0988289046385402	0.24142304037194
C600_DK885_RS24265	17.7883344216884	-0.724638296111976	0.472648554396841	-1.53314400175561	0.125240378099443	0.28050826853839
C600_DK885_RS13265	11.4436723933406	-0.7227686277032	0.667141591681547	-1.08338115433853	0.278639277062776	0.466028264561135
C600_DK885_RS13270	218.53488368452	-0.0672168152074529	0.292685875253415	-0.229655138462882	0.818359757468975	0.897011078499307
C600_DK885_RS13275	235.187672142621	0.571591650466792	0.506377750735905	1.12878508116937	0.258988507607953	0.444971936823645
C600_DK885_RS13280	16.0328723604536	-1.18495320700452	0.490878760433586	-2.41394271358953	0.0157809433150856	0.0706059533640052
C600_DK885_RS13285	230.698633798133	-1.36294324889171	0.31895971248909	-4.27308903138772	1.92783435523946e-05	0.000607431197693247
C600_DK885_RS13290	1060.67541023646	-0.285184004403126	0.294107821675036	-0.96965800766166	0.332216988297042	0.520734722802868
C600_DK885_RS13295	315.483723159013	-0.390277945076822	0.227346017347113	-1.7166693731034	0.0860395991401402	0.219557467126315
C600_DK885_RS13300	270.68560865943	-0.0330444442019752	0.37448567375985	-0.0882395416364202	0.929686290189917	0.964426164162851
C600_DK885_RS13305	372.941217679629	-0.751445061585727	0.303147031243721	-2.47881385644047	0.0131820079891028	0.0618041686046459
C600_DK885_RS13310	2855.81955386633	0.548773518640963	0.386331306815066	1.42047384967343	0.1554697764282	0.320824242068168
C600_DK885_RS23960	2.80189630070707	-0.699965441895545	1.01763946556606	-0.687832445163857	0.491558301837796	NA
C600_DK885_RS13320	2.93468929366765	1.33356950452208	1.31900935802326	1.0110386984067	0.311997908388436	NA
C600_DK885_RS13325	2.95008297016628	-0.424512504231742	1.06254152088654	-0.399525567600921	0.689505988497681	NA
C600_DK885_RS13330	701.875758848536	0.113764136565889	0.344125753447876	0.330588848483614	0.740955070660491	0.848435772317741
C600_DK885_RS13340	3053.49430399271	-0.866872990422437	0.273497027999179	-3.16958833799481	0.00152655046848399	0.0138753828837981
C600_DK885_RS13350	742.249341364613	-1.11878981013145	0.343749350670373	-3.25466741376998	0.00113525227294895	0.0112857431840219
C600_DK885_RS13355	1024.93348597216	-1.46841952616509	0.360126034680656	-4.07751560496654	4.55194757194532e-05	0.00115918774469128
C600_DK885_RS13360	112.363737176354	-0.163812311022019	0.327658711373661	-0.499947980431407	0.617111706501142	0.766595831864766
C600_DK885_RS13365	110.767614840988	0.154168359677834	0.297593709460393	0.518049793315113	0.604423528541058	0.757669143329621
C600_DK885_RS13370	682.164669340848	-0.402994433041964	0.383753926980261	-1.05013761347827	0.293654847560885	0.484161125504907
C600_DK885_RS13375	251.026004357616	-0.501458535968226	0.281102619467952	-1.7838984813352	0.0744401627421953	0.200266660691376
C600_DK885_RS13380	763.825582252349	-0.945680492847039	0.324432576101488	-2.91487526995814	0.00355830723455444	0.0249168164857986
C600_DK885_RS13385	129.539709765256	-0.498969574366347	0.316679187142059	-1.57563109489262	0.115110845682901	0.263632561482823
C600_DK885_RS13390	23.9508580439095	-1.69362850093331	0.5558167859806	-3.04709851096945	0.0023106197085757	0.0189644240098995
C600_DK885_RS13395	11.7238016978981	0.339394791383114	0.779493057322442	0.435404508346661	0.663268838531543	0.798305155954729
C600_DK885_RS13400	30.5323586553784	-0.65704362909309	0.477096020734747	-1.37717272946695	0.168458850986589	0.335833784433317
C600_DK885_RS13405	152.587952781953	-0.442333264712709	0.29148409631049	-1.51752109398632	0.129135171874479	0.286237587241718
C600_DK885_RS13410	196.668647425652	-0.738997299271099	0.354362693080855	-2.08542635469384	0.0370306166412428	0.125135325775998
C600_DK885_RS13415	123.365574775025	-0.340389371558361	0.385753761277617	-0.882400654839997	0.377560181728635	0.570174149336744
C600_DK885_RS13420	2.63086732229401	-0.128254809142847	1.19145493788893	-0.107645539133938	0.914276871839877	NA
C600_DK885_RS13425	5.48006647728937	-0.42260745216278	0.831059400243278	-0.508516541704563	0.611091141442384	NA
C600_DK885_RS13430	20.1309075538378	0.217366110297178	0.444010468155333	0.489551769354083	0.624451112752933	0.771035773731724
C600_DK885_RS13435	2557.18779301059	-0.846453748167692	0.410913332825502	-2.05993254671818	0.0394049897431803	0.13046104351304
C600_DK885_RS13440	0.62518042572265	0.301187121316881	2.24280036697859	0.134290650987644	0.8931727457114	NA
C600_DK885_RS13445	458.072510165527	-0.0134359041312629	0.37877737134036	-0.0354717708814493	0.971703555777544	0.987641831706099
C600_DK885_RS13450	576.899012638189	0.530004388134202	0.362993476917299	1.46009342271171	0.144264400031322	0.306308585723132
C600_DK885_RS13455	81.1302234628533	-0.907926941473789	0.325514412340501	-2.78920658211613	0.00528373500172258	0.0326327686651238
C600_DK885_RS13460	97.762620785559	0.604678260868249	0.486343237758983	1.24331585991519	0.213751462085179	0.391298836057458
C600_DK885_RS13465	198.315336485892	-1.52938244153825	0.258079838476191	-5.92600510976895	3.10392932238162e-09	5.01756922635428e-07
C600_DK885_RS13470	313.939279895226	1.09303336772983	0.462312231932238	2.36427525000038	0.0180653849479226	0.0775601630905038
C600_DK885_RS23965	187.925592174498	-1.17987786229152	0.386382495570131	-3.05365247085156	0.00226073807346079	0.0187203210626442
C600_DK885_RS13480	631.874597604815	0.308662182365434	0.308352351202379	1.00100479585074	0.316824489800077	0.504909324079163
C600_DK885_RS13485	39.2554331298502	0.513836109442071	0.412086846872014	1.24691218208588	0.212429699437116	0.39086015654965
C600_DK885_RS13490	2082.96957829978	-1.26464356139577	0.560470627113517	-2.25639578635693	0.0240458552972373	0.0947060275372123
C600_DK885_RS13495	2078.07318228749	-0.943138930083874	0.479708820950929	-1.96606543155551	0.0492910528805073	0.151834411441364
C600_DK885_RS13500	1338.07415632328	0.0369725123293431	0.346246627125906	0.106780859170359	0.914962832813053	0.955570733819924
C600_DK885_RS13505	845.166928895336	1.08974772685118	0.507220693999798	2.14846858525771	0.0316765494083343	0.114454237803875
C600_DK885_RS13510	8762.30901691395	0.709070600413707	0.538189745288355	1.31751042568415	0.18766758873416	0.359629914121581
C600_DK885_RS23970	6.99558602996693	0.820297649750244	0.812777742085825	1.00925210826409	0.312853741946719	NA
C600_DK885_RS13520	112.066027831896	-0.609335706963602	0.295628060691031	-2.06115652735833	0.0392881094119374	0.130422491779985
C600_DK885_RS24270	3.20486359327426	-1.76059994810305	1.05840484121659	-1.66344661280964	0.0962230690911868	NA
C600_DK885_RS13525	8018.36124911823	-0.405552319846386	0.356332869321184	-1.13812773045317	0.255067150353881	0.440269110963663
C600_DK885_RS13530	45.3494751509349	-1.17668743219481	0.431223030283189	-2.72872121746851	0.00635804293157508	0.036936255655619
C600_DK885_RS13535	128.493246434287	0.7583103486324	0.383527709647068	1.97719833419655	0.0480192158412829	0.149652510056907
C600_DK885_RS13540	11608.3799050644	-0.38667969967283	0.508463959738835	-0.760485954346581	0.446964161830902	0.630429724464071
C600_DK885_RS13545	655.389828596706	-1.14219983335186	0.461282547789657	-2.47613927477851	0.013281175789737	0.0621385807321485
C600_DK885_RS13550	286.563547558111	-0.11607794701448	0.315613591375497	-0.36778500732048	0.713033549117299	0.830012127619949
C600_DK885_RS13555	685.875164688917	-0.451047097312282	0.262402897281242	-1.71891050741277	0.085630668596782	0.219035205216053
C600_DK885_RS13560	408.619849579907	-0.876389094499256	0.236366484485802	-3.70775533767309	0.000209104534534088	0.00339498104540497
C600_DK885_RS13565	739.852071817909	-0.424559891419806	0.229891696425228	-1.84678219362262	0.0647787135875433	0.180816259097963
C600_DK885_RS13600	415.981590591988	0.605623345499936	0.392863740983885	1.54156080676526	0.123180355881394	0.277566401919408
C600_DK885_RS13605	317.422816088545	0.509814917779482	0.393877269677497	1.29434967952559	0.195544663659973	0.370180783853248
C600_DK885_RS13610	1019.70774913384	0.878608872342206	0.61053029566793	1.43909135808075	0.150124640198017	0.312721980524561
C600_DK885_RS13615	1477.68893602159	0.881485290052048	0.728073562889333	1.21070910273669	0.226006912487439	0.408107673933121
C600_DK885_RS13620	261.718843428445	0.481725975907132	0.554170232475097	0.869274363142158	0.384697081831992	0.577667104301836
C600_DK885_RS13630	318.296869007222	-0.133941215426275	0.309401974272992	-0.432903557713229	0.665084835274469	0.799219591968479
C600_DK885_RS13635	187.973158120175	-0.836953572791083	0.364729150103557	-2.29472629910016	0.0217488146506369	0.0886645755165219
C600_DK885_RS13640	49.3134460341161	-0.295476899877512	0.440814614403381	-0.670297422596626	0.502668209828447	0.679046494401567
C600_DK885_RS13645	1272.08220489689	-2.47445849014326	0.59558726356937	-4.1546531322946	3.25781376892209e-05	0.000890628793592084
C600_DK885_RS13650	177.062167132005	-0.633496780478497	0.250746110653687	-2.52644708556792	0.0115222744369118	0.0562202314388951
C600_DK885_RS13655	54.7200366933725	-0.834651590516604	0.429112360229717	-1.94506536719145	0.0517671114964488	0.156479772799835
C600_DK885_RS13660	509.620496770335	-0.125946772770911	0.471732607943601	-0.266987633778263	0.789478682419921	0.880640706790287
C600_DK885_RS13665	7.52275461969762	-0.679005883396872	0.785026106216401	-0.864946882683284	0.387067943661181	0.579588648623549
C600_DK885_RS13670	10.5596195886236	-0.938262669566631	0.650028406089696	-1.44341795031825	0.148902770507944	0.311632599785097
C600_DK885_RS13680	17.6509981881995	0.162936693656073	0.62803386309059	0.259439344328111	0.795296276233094	0.882155305892054
C600_DK885_RS13685	2139.41795178587	-1.29493086620159	0.266209289177439	-4.86433388632982	1.14842909719942e-06	6.27920497556976e-05
C600_DK885_RS13690	876.243867795212	-0.562013247425006	0.370916202777941	-1.51520274179414	0.129721068962033	0.286914297680452
C600_DK885_RS13695	31.8985417853652	-1.64254576177788	0.505106715638611	-3.2518786840939	0.0011464494359792	0.0113666640079217
C600_DK885_RS13700	358.07601735059	-1.0386962263715	0.286946364523736	-3.61982709937969	0.000294799935088958	0.00426166101077558
C600_DK885_RS13705	912.220790805725	-0.875522993601535	0.325049096523268	-2.6935100049997	0.00707040233769679	0.0394711049422773
C600_DK885_RS13710	1643.65337093289	-0.561622788783572	0.486605471429857	-1.15416455785686	0.248432710067544	0.434024241763665
C600_DK885_RS13715	193.230865717722	-0.519495103108655	0.3303326652779	-1.57264224133456	0.115801680841161	0.264466000839948
C600_DK885_RS13720	3083.58800371631	-1.61287453660205	0.297502993251179	-5.42137246747065	5.914318383698e-08	6.28269592873977e-06
C600_DK885_RS13730	2506.45777006377	-0.273440368850874	0.277056172318067	-0.986949204426884	0.323667540854564	0.51164792385088
C600_DK885_RS13740	319.723213734878	-0.773112191038813	0.210859478283795	-3.66648062174508	0.000245911544727301	0.00379377229583446
C600_DK885_RS13745	7957.19483349524	0.171831135252253	0.265617848549819	0.64691110251209	0.517689479818098	0.69112010267996
C600_DK885_RS13750	117.738614254075	-0.750472632513093	0.501787946618951	-1.49559716922214	0.134758661284092	0.294725119208385
C600_DK885_RS13755	342.575195926475	0.14079566913726	0.386395591534513	0.36438218298017	0.715572638244424	0.831779375701543
C600_DK885_RS13770	180.185526070503	-0.277610201894781	0.239366746854303	-1.15976928935645	0.246142750844244	0.431271794363288
C600_DK885_RS13775	124.9961700979	-0.376826928150675	0.310719246259573	-1.21275695885242	0.225222755697184	0.407413439877246
C600_DK885_RS13780	146.395536066363	-1.3396270057309	0.320818507410092	-4.17565375684046	2.97131475961596e-05	0.000843309028721538
C600_DK885_RS13785	103.460129047627	-1.16039273725548	0.33418897544487	-3.47226516287911	0.00051608631375983	0.00626882222125566
C600_DK885_RS13790	447.098559174565	-0.947297295950214	0.318135031583622	-2.97765791850942	0.00290459969032932	0.0218041438108089
C600_DK885_RS13800	67.1360078203749	-0.322931878044821	0.300456608204204	-1.07480371283877	0.282462617830156	0.470728827024886
C600_DK885_RS13805	26.1379705908673	0.392237769939809	0.479630611894252	0.817791359043382	0.413476332942373	0.603101218469887
C600_DK885_RS13810	40.4433803945596	1.00878862573701	0.538772706516488	1.8723825716033	0.0611536944622541	0.174363064425353
C600_DK885_RS13815	7.461915551046	0.41873859403681	0.734295252971439	0.570259159843836	0.568501936268699	0.730874895936039
C600_DK885_RS13820	86.5893469770677	0.0988965583974352	0.517344318140915	0.191161968788643	0.848398698619436	0.916428344412278
C600_DK885_RS13830	96.7155097778538	-0.977344147279466	0.37403063535034	-2.61300560678412	0.00897498298530975	0.0469985728723685
C600_DK885_RS13835	914.569065309586	0.43396811525836	0.436758528318184	0.993611085121636	0.320412245337145	0.508447600581948
C600_DK885_RS24640	12.2730146457841	0.0287840419717491	0.614624851398322	0.0468318876242363	0.962647214258446	0.983853182431912
C600_DK885_RS13845	301.377638565689	0.703412745585567	0.251320234159453	2.79887032549587	0.0051281727385431	0.0320966723708128
C600_DK885_RS13850	671.359523189298	0.156251199201544	0.26597886629754	0.587457196793792	0.556896689492531	0.722724296123166
C600_DK885_RS13855	769.797128691643	0.944208438779885	0.509362074517303	1.85370777687888	0.0637809785077121	0.17910700762211
C600_DK885_RS13860	662.446470916944	-0.122829792012684	0.288085806043377	-0.426365303100665	0.669841679992508	0.802601149278809
C600_DK885_RS13865	600.268558695152	0.356041493536102	0.333532476038586	1.0674867340202	0.285752100944371	0.474366219158542
C600_DK885_RS13870	471.611794989095	-0.097988320647106	0.203975338673641	-0.480392979289945	0.630947985551581	0.775236156735221
C600_DK885_RS13875	103.413343042655	0.985401677913065	0.363816259942367	2.70851467185432	0.00675851237814656	0.0383051052163856
C600_DK885_RS13880	40.0481524841628	1.02431415491237	0.373627758579497	2.74153654644592	0.00611525573994424	0.0360897156208138
C600_DK885_RS13885	134.907120692531	-0.511024943567327	0.422486751215477	-1.20956442325618	0.226446076578619	0.408702190640439
C600_DK885_RS13890	115.012603762473	0.306012890030382	0.49263905862756	0.621170580511625	0.534487394049457	0.70543035440918
C600_DK885_RS13895	154.593417773825	-0.186440610486644	0.251209348395868	-0.742172262605619	0.457982971797228	0.638702434036794
C600_DK885_RS13900	45.8477685283806	-0.443025700033825	0.376133400398843	-1.17784195597639	0.238859618744446	0.423500268236456
C600_DK885_RS13905	31.42757296169	-0.828536359500755	0.423700608887532	-1.95547597081855	0.0505269168592554	0.154265357166263
C600_DK885_RS13910	173.823720157326	-1.25974514706776	0.522608816869969	-2.41049348270219	0.0159309559485381	0.0710704691052742
C600_DK885_RS13920	319.482130721927	0.182843992368327	0.374472940132812	0.48827024004319	0.6253584380413	0.771427562255326
C600_DK885_RS13925	670.030073877987	0.270041123642777	0.204144479798782	1.32279415004975	0.185903843184137	0.358501290953643
C600_DK885_RS13930	58.9218254128364	0.0648108583016378	0.327165866562817	0.198097860826792	0.842968498482492	0.912949862323887
C600_DK885_RS13940	3.34722867122511	0.173778222729915	1.0435387243421	0.166527814134999	0.867741596243384	NA
C600_DK885_RS13945	0.174840471670144	1.20336424726912	4.0804728567969	0.294908038725135	0.768064130898878	NA
C600_DK885_RS13950	0.431865545358975	-0.486822519351892	2.85533789139533	-0.170495590318382	0.864620402010439	NA
C600_DK885_RS13955	7.46529754753492	-5.2122531054137	1.40192116837641	-3.71793594603477	0.00020085717965242	0.00330436722985706
C600_DK885_RS13960	30.9927135112264	-1.27526554283931	0.437889319705236	-2.91230108945739	0.0035877662262701	0.025026857090567
C600_DK885_RS24115	65.4481466631619	-0.0720825351997859	0.327448272010736	-0.220134113877451	0.825766707348772	0.900880463005497
C600_DK885_RS13980	5.96600218510655	0.995602189616279	0.779198303045798	1.27772633195501	0.201345937304509	NA
C600_DK885_RS13985	6.15152907186378	1.2378999246518	0.848743761865821	1.4585084218239	0.144700455484379	NA
C600_DK885_RS13990	2.4158344729039	-0.801791444547874	1.34078291096913	-0.598002434240701	0.549838308840077	NA
C600_DK885_RS13995	2.38691763895616	0.24035257709408	1.09306877637311	0.219887881064162	0.825958474850414	NA
C600_DK885_RS14000	1.077280390003	-2.20311840788371	1.73282954414597	-1.27139937989084	0.203586603131492	NA
C600_DK885_RS14005	1.63375188818754	-0.293150311720982	1.49294405652904	-0.196357198006824	0.844330595107316	NA
C600_DK885_RS14010	334.797634438606	0.672444831408857	0.536081533017894	1.25437044552402	0.209707389637671	0.388292865872939
C600_DK885_RS14015	485.929908774293	0.357292882609711	0.285679493435078	1.25067738784306	0.21105220354473	0.389749758737355
C600_DK885_RS14020	13.7345285274591	-0.936134655973597	0.516856743050922	-1.81120720307864	0.0701087836289616	0.191102974730557
C600_DK885_RS23980	0.146986945537947	-0.720189104373366	4.0804728567969	-0.176496482061812	0.859903912208586	NA
C600_DK885_RS24120	0.741702075792581	-2.90003349208276	1.96871078239669	-1.47306222834432	0.140734257100984	NA
C600_DK885_RS14025	4.34210759476056	-2.78663855009112	1.19023871850037	-2.34124340502225	0.0192196322959713	NA
C600_DK885_RS14030	2.37055796714654	-1.25025334848498	1.23689438634128	-1.0108004064787	0.312111968543691	NA
C600_DK885_RS14035	13.4940230780574	-0.378587187221547	0.733089112243244	-0.516427240425212	0.60555604429856	0.758489160265677
C600_DK885_RS14040	0.385537610533246	-1.97798219699436	3.67803000215918	-0.537783051207628	0.590726834402706	NA
C600_DK885_RS14045	0.349680943340288	2.05532263236684	3.78292137982959	0.543316243188597	0.586912082446304	NA
C600_DK885_RS14050	2.90932731161121	1.13377513923154	0.98805589214309	1.14748077335219	0.251182974920134	NA
C600_DK885_RS14055	7.28895996695284	1.09948946020336	0.802959535851031	1.36929622367339	0.170906697959264	NA
C600_DK885_RS14060	3.3726836342896	0.96339863317115	1.00902238068357	0.954784206588644	0.339686835786517	NA
C600_DK885_RS14065	2.00476239517184	-0.86504969562367	1.36924305764092	-0.63177219763602	0.527535743295407	NA
C600_DK885_RS14070	6.60566709199916	-0.012726839231776	0.762175823191849	-0.0166980358658956	0.98667751409544	NA
C600_DK885_RS14075	2.76340067936028	0.968673649562954	1.0135103608479	0.955760973920937	0.339193009276271	NA
C600_DK885_RS14080	0.190703111027855	-0.720189104373366	4.0804728567969	-0.176496482061812	0.859903912208586	NA
C600_DK885_RS14085	32.4476324256117	1.88135210076796	0.412033376306353	4.56601869885692	4.97074447273845e-06	0.000200882912496104
C600_DK885_RS24365	0.4456164423613	-0.487722612052298	2.83090615695038	-0.172284980501686	0.863213491623845	NA
C600_DK885_RS14090	3.35922421008867	4.2975001592648	1.42480570241892	3.01620084195961	0.00255963655941711	NA
C600_DK885_RS14095	20.2432154433347	1.6991664128916	0.491064498711209	3.46016952427031	0.000539835414736417	0.0064614105592494
C600_DK885_RS14100	1.14914279202754	-0.175411906000976	1.53109695945774	-0.114566164420508	0.908788999952065	NA
C600_DK885_RS14105	134.072451828382	-0.204299868615702	0.322347311238067	-0.63378803387883	0.526219163478099	0.696753151642298
C600_DK885_RS14110	124.687702801344	1.42838755994931	0.499438511830629	2.85998681742371	0.00423658618551853	0.0279780238681312
C600_DK885_RS14115	172.479832443651	-1.84525198878385	0.459290068524112	-4.01761787428455	5.878942953584e-05	0.00134925369761885
C600_DK885_RS23985	19.4569839822601	1.83359264076834	0.70876765928319	2.58701510537704	0.00968113480260511	0.0498538216012269
C600_DK885_RS14130	2.41216704237014	2.15885654792641	1.23608442260663	1.74652839922848	0.0807191766994347	NA
C600_DK885_RS14135	79.0142562985891	1.23952936761208	0.351369105047402	3.5277130225916	0.000419166331231429	0.00544916230600858
C600_DK885_RS14140	82.6602155143098	-1.61933646577714	0.412112649108295	-3.9293539503846	8.51743898463988e-05	0.00177709781947176
C600_DK885_RS14145	48.5924619356787	-0.197712290166579	0.605318476768256	-0.326625235730699	0.743951354168717	0.850034153288042
C600_DK885_RS14150	85.1965786914844	-0.538802183869485	0.456178757064085	-1.18112072411516	0.237554768223053	0.422960305865806
C600_DK885_RS14155	3052.88583987193	0.0392292492022821	0.411167102881632	0.0954095036479014	0.923989567696766	0.961218022578785
C600_DK885_RS14160	55.4199966567149	-0.0394957201490919	0.831693918336456	-0.0474882877923296	0.962124064793116	0.983822132260948
C600_DK885_RS14165	55.1099542235711	0.206662698803257	0.698774066520626	0.295750384430096	0.767420716203518	0.866202253444043
C600_DK885_RS14170	940.092495532519	-0.00456055671016483	0.475727523327062	-0.00958648908574804	0.992351205521377	0.996101993015248
C600_DK885_RS14175	274.129918154024	-0.0664677153471119	0.438909683324963	-0.151438252270001	0.879630016456757	0.934282371983741
C600_DK885_RS14180	320.294312717237	-0.447983161213855	0.318115971179779	-1.4082385098505	0.159060456634256	0.324403059663283
C600_DK885_RS14185	416.832213021427	-0.831167751026928	0.397100021938924	-2.09309419568545	0.0363407467546983	0.123845001314361
C600_DK885_RS14190	636.734233548761	-0.626824837415861	0.306338550706582	-2.04618333530032	0.0407383362964853	0.133921427365457
C600_DK885_RS14195	1719.21553170563	0.051334158453551	0.290972239935757	0.176422872727944	0.859961736645761	0.923819051386576
C600_DK885_RS14200	702.320352839166	-0.566260942710407	0.325893040318306	-1.73756684756854	0.0822871656627607	0.213418013539556
C600_DK885_RS14210	412.266096606271	-0.127677949462443	0.238530340742839	-0.535269220111891	0.592463707168481	0.749791660150432
C600_DK885_RS14215	218.374064703026	-0.23031917694891	0.258282961713378	-0.891731980387078	0.372536607758417	0.565112651018276
C600_DK885_RS14220	163.960790079391	-0.225839042701447	0.329017683231623	-0.686403966143244	0.492458404137733	0.671173147574814
C600_DK885_RS14225	298.525604635693	0.109055103128594	0.267351745838165	0.407908700153423	0.683340705176774	0.812751356956893
C600_DK885_RS14230	2.50054245590543	0.0841924126330164	1.1583381049246	0.0726837978264531	0.942057741904972	NA
C600_DK885_RS14235	5.37874084414446	-0.362609575960811	0.762645878541646	-0.475462578587854	0.634457299801393	NA
C600_DK885_RS14240	406.86884002704	-0.434189698262822	0.24761752625667	-1.75346917008112	0.079521506994382	0.209095447669811
C600_DK885_RS14245	653.729130472134	-0.303432194303712	0.221916811182389	-1.36732405574415	0.17152375480853	0.338088510839828
C600_DK885_RS14250	762.681177551197	0.306670503233099	0.379432666872932	0.808234319307567	0.418955704674101	0.608230109323821
C600_DK885_RS14255	262.962294122634	0.214355916419771	0.368837154423875	0.581166820773779	0.561128027044785	0.725408207424377
C600_DK885_RS14260	524.291169175375	0.304193436375888	0.459805324670428	0.66157006031612	0.508246800557924	0.683779691937461
C600_DK885_RS14265	5.59881121075611	-0.710454204468338	0.893828941112648	-0.794843590076595	0.426704491149028	NA
C600_DK885_RS14270	3484.39603152918	0.497771808406244	0.30467559035998	1.63377646308363	0.102305796213508	0.246686179045577
C600_DK885_RS14275	60.1078241409981	-1.3496926488064	0.580061891467214	-2.32680799869902	0.0199754865073074	0.083354499252715
C600_DK885_RS14280	2521.13039555026	1.38032809445623	0.700615193704066	1.97016580122764	0.0488193715864013	0.150993438347889
C600_DK885_RS14285	371.861111851294	0.238203729411481	0.417417905669462	0.570660065550962	0.568230093779888	0.730874895936039
C600_DK885_RS14290	292.785412909965	-1.9999345754734	0.579189968987159	-3.45298551867313	0.000554418765186954	0.00656474193937929
C600_DK885_RS14295	1757.36586684488	-1.8586484658327	0.464277390252292	-4.00331462366215	6.24611471278779e-05	0.00138232467274673
C600_DK885_RS14300	671.98351348095	-0.741281730064074	0.316634186641566	-2.34112980005919	0.0192254818094399	0.0815642164940639
C600_DK885_RS14305	453.943937411664	-0.852493202372423	0.247457253287508	-3.4450119810469	0.000571034080228971	0.00669499000956657
C600_DK885_RS14310	177.05450721372	-0.682365513308227	0.228334481716766	-2.98844707193483	0.00280399061573321	0.0212326621370592
C600_DK885_RS14315	765.665232768514	-0.033774817076799	0.25031949217946	-0.13492683603155	0.892669721479121	0.94503018919686
C600_DK885_RS14320	162.876703927325	-0.225377105936711	0.284354324503113	-0.792592503492043	0.428015277763999	0.613950926977835
C600_DK885_RS14325	331.115275960175	-0.547069374230604	0.277949100917159	-1.96823581161234	0.0490409115702529	0.151440290048339
C600_DK885_RS14330	45.5758508886822	-0.448144509228368	0.440691484163228	-1.01691211501237	0.309195239507732	0.498088345099544
C600_DK885_RS14335	1456.45182079616	-0.580277505390046	0.340965664626417	-1.70186492539017	0.0887806921741709	0.224091387307242
C600_DK885_RS14340	396.919289126194	-0.384183286615521	0.379926218667628	-1.01120498596497	0.311918329922649	0.500955659029119
C600_DK885_RS14345	216.96768251967	-0.627817488585673	0.348740383874048	-1.80024315398017	0.0718222525366602	0.194773986091395
C600_DK885_RS14350	117.677136018631	-0.828690375261344	0.432142468905277	-1.91763234324231	0.0551576460399477	0.163277171955832
C600_DK885_RS14355	80.779070686324	-0.247291475629559	0.433568034857893	-0.570363716297978	0.568431033588496	0.730874895936039
C600_DK885_RS14360	95.9563971001099	-0.783504612684781	0.321386301772338	-2.43789050237678	0.0147732481865649	0.0673875585354598
C600_DK885_RS14365	6261.64422075465	-0.747411455816948	0.238845496768275	-3.12926752201686	0.00175242681010232	0.0152588357844507
C600_DK885_RS14370	5713.05988887581	-1.00747612102976	0.397123464209431	-2.53693425805342	0.0111827952199602	0.0552894050901758
C600_DK885_RS14375	3760.79388456426	-0.71655304550901	0.321687721265456	-2.22748024913799	0.0259151943804091	0.0998473499547782
C600_DK885_RS14380	979.963423859238	-0.979665919114816	0.307613099928328	-3.18473406803245	0.00144887085567021	0.0135349292497031
C600_DK885_RS14385	511.746056093611	-0.658180653880438	0.236723258994252	-2.78038016490986	0.00542952948290309	0.0330627386770883
C600_DK885_RS14390	747.405803734662	-0.814149723271576	0.232887645283379	-3.49589057109884	0.000472482421542876	0.00601606042224799
C600_DK885_RS14395	490.082453608155	-1.66722255383676	0.510230284268301	-3.26758839144103	0.0010846798960205	0.0110488763106965
C600_DK885_RS14400	1963.27099944197	-1.59909297561914	0.392465568163749	-4.0744796622565	4.61173430273314e-05	0.00116642368282734
C600_DK885_RS14405	233.82301631584	-0.674513421549066	0.305787298704015	-2.20582550160776	0.0273962200098722	0.10425705833849
C600_DK885_RS14410	120.962871225209	-0.595862998000174	0.420445227561278	-1.41721907858576	0.156418885453066	0.321757864634402
C600_DK885_RS14420	4142.6331948025	-0.00920584651642101	0.298203897583186	-0.0308709798598557	0.975372433604954	0.989431074248657
C600_DK885_RS14425	79.3929663719433	-0.546597822609899	0.300139676884523	-1.82114483590985	0.0685848433264482	0.188595718976319
C600_DK885_RS14430	40.9503391309838	-0.402060277006619	0.369447253678283	-1.08827518137876	0.276473643600046	0.464476762285174
C600_DK885_RS14435	7.98482117254122	-1.77388696490587	0.767202535207181	-2.31214950876933	0.0207694456321656	0.0856106417520974
C600_DK885_RS14440	7.53646479557421	-0.97817968409812	0.645889929631432	-1.51446808383637	0.129907162704746	0.287155071900265
C600_DK885_RS14445	5.88417059274938	-0.966509219664617	0.726697817103543	-1.33000154523225	0.183517762178842	NA
C600_DK885_RS14450	15.1629544466559	-1.20622679544918	0.592021431762505	-2.03747150142542	0.0416028149924419	0.135802691959525
C600_DK885_RS14455	10.3956712602586	-1.25505842772244	0.620639074484168	-2.02220336959215	0.0431553463245216	0.139523110986584
C600_DK885_RS24125	15.2639525973967	-1.17000813933364	0.490249315347892	-2.38655741620643	0.0170069514903707	0.0737535125283788
C600_DK885_RS24130	5.68620010663825	-1.31452069513862	0.754488966260831	-1.74226629403641	0.0814618584598604	NA
C600_DK885_RS14470	1.53122452073459	-0.867170135991174	1.52891902016447	-0.567178591249319	0.570592851727608	NA
C600_DK885_RS14475	0.468814362746038	-0.612912337943892	2.81217813422749	-0.217949329199325	0.827468591732747	NA
C600_DK885_RS14480	6.96172810652739	-0.523094020155084	0.733143564091766	-0.713494662949274	0.475539714512885	NA
C600_DK885_RS14485	12.0038905825006	-0.831016426055783	0.549503004010376	-1.51230551969847	0.130456157516122	0.288197263009472
C600_DK885_RS14490	10.6871890429125	-0.558365566511767	0.587077947050291	-0.951092728516229	0.341557305668666	0.532680395333935
C600_DK885_RS14495	227.136463741434	-0.147326332766097	0.363582073977613	-0.405207911254637	0.685324690241082	0.813549552463711
C600_DK885_RS14500	140.888936963698	0.729090652678934	0.277948422052523	2.62311491928945	0.00871298780344532	0.0460809226930437
C600_DK885_RS14505	105.853324930331	0.52940929672094	0.317005857879252	1.67003001226114	0.0949134258005776	0.235415688543394
C600_DK885_RS14510	139.983717746254	-0.109827739774279	0.253874964494585	-0.432605633221551	0.665301296285838	0.799221395667446
C600_DK885_RS14515	271.302719422463	0.36706620076293	0.484495006575718	0.757626385785184	0.448674679626437	0.631405169890649
C600_DK885_RS14520	1287.09288276055	0.627630417019302	0.382133926197614	1.64243573781705	0.100499733682183	0.24422092145775
C600_DK885_RS14525	711.415815119482	-0.260188009582566	0.222454646239082	-1.16962272526747	0.242152827923169	0.427166348681564
C600_DK885_RS14530	250.027366017488	0.304830943490972	0.374763917525733	0.813394591196312	0.415991859423101	0.60581971536823
C600_DK885_RS14535	124.080546012324	-0.512103036718108	0.542792795878987	-0.943459531162013	0.345445905580067	0.536046693216482
C600_DK885_RS14545	9534.60089760936	-1.7819887347831	0.718824178228684	-2.47903282715706	0.0131739180905025	0.0618041686046459
C600_DK885_RS14550	155.660349247784	-0.453594168810877	0.303582678060202	-1.49413718763271	0.135139765900461	0.294906742148309
C600_DK885_RS14555	2.69110615629904	-0.963411598280175	1.26448777265003	-0.761898706431238	0.446120462114894	NA
C600_DK885_RS14560	8.33801120179883	-0.756496124223451	0.663237237376774	-1.14061165687188	0.25403156418192	0.439857560729363
C600_DK885_RS14565	27.6214330478993	-1.49095864843056	0.662001369234494	-2.25219873813046	0.0243097157364414	0.095521064169027
C600_DK885_RS14570	205.465963482219	0.657583997383959	0.427777589942243	1.53721001951679	0.124241887520727	0.278944044566463
C600_DK885_RS14575	443.204749433773	0.333527662038356	0.357472114184152	0.93301728667579	0.350811043032316	0.541744556315714
C600_DK885_RS14580	1042.73600769947	0.690832746845722	0.416296630984399	1.65947234598594	0.0970206486327334	0.239206081973808
C600_DK885_RS14585	436.109035822911	0.0592547310451004	0.350980863849575	0.168826101785698	0.865933426760156	0.927020005958612
C600_DK885_RS14590	12.7401827054122	-0.195634325591231	0.555449438567175	-0.352209061721054	0.724681481562505	0.836900519415977
C600_DK885_RS14595	2866.81242411186	0.612795554251774	0.322328798754938	1.90115049173026	0.0572823036577057	0.167302124901296
C600_DK885_RS14600	742.998332537026	0.087315474269194	0.23945457761601	0.364643161715678	0.715377791595852	0.831779375701543
C600_DK885_RS14615	18.8591421151771	-0.988833782246197	0.461454274516714	-2.14286406444455	0.0321240152549223	0.115563402467707
C600_DK885_RS14620	358.815946283791	-0.0214646987818817	0.281549305108036	-0.0762377970481768	0.939229912480489	0.968401778869234
C600_DK885_RS14625	46.1344546487408	-0.886926296719664	0.42339860484915	-2.09477850555427	0.0361906867098953	0.123560122302471
C600_DK885_RS14630	7.91355445254416	-0.211272418509261	0.778536979318165	-0.271371076932391	0.786105644946292	0.878227400213435
C600_DK885_RS14635	1.11888481313752	-1.02242858155993	1.67926522183641	-0.608854734954743	0.542620729656585	NA
C600_DK885_RS14640	6.888150123281	-0.128779155767334	0.73289566160746	-0.175712809494441	0.860519571362534	NA
C600_DK885_RS14645	1.55857801988635	-1.71684955560336	1.44743047511479	-1.18613611162719	0.235568551587857	NA
C600_DK885_RS14660	19.8857820834089	0.297699374945881	0.52942382103301	0.56230823608392	0.57390602782799	0.735787107401541
C600_DK885_RS14665	0.584568409931395	-1.11604350903076	2.22132740686091	-0.502421887734195	0.615370785834528	NA
C600_DK885_RS14670	0.293973891075895	-1.56552267279729	4.01886167105449	-0.389543806414845	0.696873911722149	NA
C600_DK885_RS14675	43.8629767307046	-0.133560503248766	0.347241354435808	-0.384633055776934	0.700509299833301	0.822904763595644
C600_DK885_RS14680	180.798919483227	-0.343487584022309	0.331116442767436	-1.03736190553231	0.299567225010338	0.489363331541493
C600_DK885_RS14685	226.724030144301	-0.791429521270573	0.252544706656533	-3.13381947991861	0.00172546971238831	0.015089855617228
C600_DK885_RS14690	267.307938861356	-0.691651124818715	0.256445629679741	-2.69706731084665	0.00699531287576281	0.0391695380603707
C600_DK885_RS14695	269.254857992868	-0.61970173284941	0.228070171543673	-2.71715379812719	0.00658460021516883	0.0376352593279779
C600_DK885_RS14725	15.9976393200562	0.415549202072025	0.582639375306103	0.713218535657167	0.47571053817173	0.655071029971293
C600_DK885_RS14730	0.483909399219176	1.12029330454106	2.37123270270447	0.472451861541605	0.636604294185119	NA
C600_DK885_RS14735	4.36853443305958	0.160401801229582	0.977105954637195	0.164160089771575	0.869605118565747	NA
C600_DK885_RS14740	100.647120523333	0.213180882437006	0.252973234019521	0.842701336618702	0.39939549947019	0.590438356672035
C600_DK885_RS14745	151.319212979616	0.532380060942416	0.277603739420401	1.91776977519811	0.0551402098330423	0.163277171955832
C600_DK885_RS14750	112.081884697285	-0.177148046251886	0.422987894200376	-0.418801693099916	0.675361067373702	0.806874180107784
C600_DK885_RS14755	86.8758378924117	-1.43910370023727	0.571113707386166	-2.51981992661962	0.0117414884758473	0.0571398614570683
C600_DK885_RS14760	40.2303491686783	-1.90888392164468	0.687323165939108	-2.77727278264588	0.00548171520847549	0.0332479888174745
C600_DK885_RS14765	103.807612217531	1.67076981310755	0.591546170917551	2.82441150876863	0.00473675261616266	0.0304692841295723
C600_DK885_RS14770	22.8787131697445	0.170045861354226	0.409685521164801	0.415064366616517	0.678094784048481	0.80868101900201
C600_DK885_RS14775	14.3579250235575	1.20639521634876	0.590800675397022	2.04196654910399	0.0411548495863106	0.134813859702117
C600_DK885_RS14780	15.0335058999248	0.360585367443912	0.530577260728426	0.679609538767014	0.496751728240029	0.674478408019674
C600_DK885_RS14800	229.877106127391	0.253973978932286	0.227426458377378	1.11673013221204	0.264109730112474	0.451268371580045
C600_DK885_RS14810	1.16444514507867	1.66576117268467	1.67679061125512	0.993422292266894	0.320504202362235	NA
C600_DK885_RS14815	232.084438216232	0.877582822921819	0.335997824762394	2.61187054869303	0.00900483438457255	0.0470885713668646
C600_DK885_RS14820	107.124225490799	-0.317165753377723	0.275284481125223	-1.15213815207203	0.24926430763718	0.434896619331316
C600_DK885_RS14825	2.41949467677957	0.628345935432165	1.06851085969694	0.588057603467298	0.556493629074406	NA
C600_DK885_RS14830	0.941784304259101	-1.96805568886751	2.00216966939229	-0.982961493700417	0.325626390570274	NA
C600_DK885_RS14835	0.385537610533246	-1.97798219699436	3.67803000215918	-0.537783051207628	0.590726834402706	NA
C600_DK885_RS14840	2.63403937793641	-0.941146251857174	1.16450010001315	-0.808197656527937	0.418976806596962	NA
C600_DK885_RS14845	0.915247732779702	2.13683461354462	1.83863796405809	1.16218345063885	0.245160955502821	NA
C600_DK885_RS14850	2.0253299650648	1.29229311497258	1.25622483268655	1.02871164567643	0.303615195850795	NA
C600_DK885_RS14855	38.3348074973755	0.218000934461288	0.48274528929696	0.451585834796587	0.651567376559092	0.790642136438219
C600_DK885_RS14860	216.520572518233	-0.955044575141248	0.418657898683253	-2.28120519914952	0.022536307251034	0.0904941811515774
C600_DK885_RS14870	3715.46280050605	0.964171964956037	0.663755183269508	1.45260178640978	0.146334349787491	0.308955770874443
C600_DK885_RS14875	894.141110076199	0.983191532629516	0.560644960639228	1.75367942576085	0.0794854528595356	0.209095447669811
C600_DK885_RS14880	3202.06784387716	-0.860158236504145	0.33705420262305	-2.55198786963685	0.0107110247871585	0.0535263308584077
C600_DK885_RS14885	16.4764893954092	-0.999988526569559	0.52033625356977	-1.92181213534351	0.0546294007966396	0.16252896500773
C600_DK885_RS14890	2376.22001065444	0.894622598426588	0.426455467761284	2.09781012569258	0.0359219216880529	0.122981312003849
C600_DK885_RS14895	896.809118293409	0.865113300398375	0.402181028219814	2.15105447471665	0.0314719002375797	0.114318177825932
C600_DK885_RS14900	41.5259928638828	-0.126038110834641	0.487011879439958	-0.25879884281176	0.795790450769755	0.882155305892054
C600_DK885_RS14905	40.5411571153133	-0.159194549814141	0.475382558426643	-0.334876715588854	0.737718087266037	0.846815637065491
C600_DK885_RS14910	4.54695859899958	0.816727972468795	0.799011272386195	1.02217327927013	0.306698895208822	NA
C600_DK885_RS14915	44.9555154580468	-0.285846275560754	0.508816761272526	-0.561786280086109	0.574261640937332	0.735989238540159
C600_DK885_RS14920	63.4646697887928	-0.0791588108127227	0.45504463397328	-0.173958343649803	0.86189819995595	0.92430535251673
C600_DK885_RS14925	134.847948970519	0.468129405445357	0.473383474734618	0.988901029356366	0.322711566869469	0.510788252712084
C600_DK885_RS14930	73.7079490255158	-0.146816037278436	0.361316546494767	-0.406336323931853	0.684495499419849	0.813125997919101
C600_DK885_RS14935	11.5998074785428	0.171421491410297	0.613982961688983	0.279195844358189	0.780094532613525	0.874402011533641
C600_DK885_RS14940	0.690975176585177	1.72258190245358	1.96439671919251	0.876901231621718	0.380540287187173	NA
C600_DK885_RS14945	9.30213414728437	1.11517711278379	0.716901468570152	1.55555144141076	0.119814793195683	0.27146542734807
C600_DK885_RS14950	1103.19762162131	0.62459086725931	0.533315445738165	1.17114715549783	0.241539632165505	0.42701569769841
C600_DK885_RS14955	39.0310889168691	-1.16760097284757	0.537362807903783	-2.17283547665367	0.0297927021524774	0.11090246653736
C600_DK885_RS14960	15.3263657542961	-0.502817705615818	0.552532163349066	-0.910024318888672	0.362809684725226	0.555031058767847
C600_DK885_RS14970	368.430191324004	-2.85975880704397	0.615439391532813	-4.64669445340744	3.3729618350148e-06	0.00014582176863471
C600_DK885_RS14975	24.7197854233146	-2.9100109435426	0.744089985619079	-3.91083202271763	9.19787260051596e-05	0.00185022944734739
C600_DK885_RS14980	19.002416263561	-2.68503712952001	0.887498700984813	-3.02539837696727	0.00248305832123011	0.0196712137604081
C600_DK885_RS14985	25.3879169042784	-1.41717247393593	0.591268818014027	-2.39683276161251	0.0165374697677385	0.0728510812754169
C600_DK885_RS14990	8.60020160515287	-0.97827791094343	0.667799347662167	-1.46492792238894	0.142940583777181	0.304907108711163
C600_DK885_RS14995	1.02866523315098	0.212001750388167	1.61797750973364	0.131028861101455	0.895752476365812	NA
C600_DK885_RS15000	258.83883343498	-0.106656385226603	0.212468928254459	-0.501985801419715	0.61567750865763	0.765581597722097
C600_DK885_RS15005	10320.2286160523	1.58421149645766	0.855388354342786	1.85203771879131	NA	NA
C600_DK885_RS15010	12.4393350881072	1.90411414311208	0.976353843942552	1.95022957601436	0.051148762137259	0.15536854381236
C600_DK885_RS15015	18798.4680998939	1.53929640025868	0.810546130731519	1.89908549544178	0.0575532358629526	0.167961484253107
C600_DK885_RS15020	16388.6499478219	1.40195575368569	0.861210473187084	1.62788981013836	NA	NA
C600_DK885_RS15025	12259.6698939844	1.20263727501165	0.892335082342158	1.34774178311473	NA	NA
C600_DK885_RS15030	3428.02917566076	1.21310667201115	0.908043079606496	1.33595718006778	NA	NA
C600_DK885_RS15035	9762.44668565542	1.18791413955074	0.901997513890327	1.31698161165351	NA	NA
C600_DK885_RS15040	11005.0681478071	1.32459033077639	0.956999232316954	1.3841080390101	NA	NA
C600_DK885_RS15045	37932.4132841966	1.32361856660433	0.967892085938228	1.36752700619644	NA	NA
C600_DK885_RS15050	17507.6321177426	1.35059501409358	0.95698604160828	1.41130064115022	NA	NA
C600_DK885_RS15060	2522.6989652647	-1.62918666668775	0.396254284044065	-4.11146764158789	3.93151981720251e-05	0.00103669437449354
C600_DK885_RS15065	214.358950215019	-0.48709517532759	0.298847439493196	-1.62991249365775	0.103119992735028	0.247674504514751
C600_DK885_RS15070	210.093534980734	-0.963587718787466	0.344431508242756	-2.79761780129688	0.00514809903576871	0.0320966723708128
C600_DK885_RS15075	202.106848903254	-0.0302402837086033	0.574549565922242	-0.0526330285535294	0.958024300453199	0.981249131979337
C600_DK885_RS15080	1198.98875103765	0.312351304414855	0.281356623653374	1.11016154643534	0.266929419730807	0.453792218819909
C600_DK885_RS15085	355.506278999433	-0.984719241478309	0.239271225138146	-4.1154937912395	3.86351397875608e-05	0.00103342050165576
C600_DK885_RS15090	37.0115941030818	0.212480391430559	0.494503734454045	0.429684098675508	0.667425452011399	0.800996717423623
C600_DK885_RS15095	803.28480726134	-1.82849300206518	0.451968019135715	-4.04562474478117	5.21837681927823e-05	0.00125173709768235
C600_DK885_RS15100	596.515436871736	-0.0291607247968518	0.35358468675997	-0.0824716846876559	0.93427163395887	0.966399173830216
C600_DK885_RS15105	97.6167629093016	-0.504903231449079	0.292727206277105	-1.72482509524968	0.0845589977574321	0.217571179004936
C600_DK885_RS15110	442.918492397203	-0.104224141789118	0.312065549013014	-0.333981569316936	0.738393466478438	0.847329292705812
C600_DK885_RS15115	141.921966444002	-0.345635579966833	0.262098715482535	-1.31872290686547	0.187261765767541	0.359629914121581
C600_DK885_RS15120	446.632809610829	1.0197024069733	0.230211976678756	4.42940641787815	9.44928044664891e-06	0.000347845789115254
C600_DK885_RS15130	20752.5941474575	-0.647327371795658	0.178868355926247	-3.61901560755985	0.000295725804405621	0.00426166101077558
C600_DK885_RS15135	344.555052600372	-0.672853025583608	0.417372819731463	-1.61211510135356	0.106936895158006	0.252759934009831
C600_DK885_RS15140	1415.64444209703	0.0633150849713116	0.361565262650677	0.175113849453184	0.860990176127523	0.92430535251673
C600_DK885_RS15145	1669.9277723735	-1.02176141075676	0.216509606048739	-4.7192428521012	2.36724078629838e-06	0.000110017515543217
C600_DK885_RS15150	2861.51206148445	1.20497571152309	0.59935813253252	2.01044358309047	0.0443842616345613	0.142136679377519
C600_DK885_RS15155	140.855697133268	0.165628125085606	0.274555013447542	0.603260246483361	0.546335574427146	0.714376512037735
C600_DK885_RS15160	444.516076109799	0.317194658124842	0.347231776750349	0.913495478707002	0.36098201042239	0.553227994538519
C600_DK885_RS15165	360.745750680312	0.275162878288626	0.360026686391229	0.764284673024532	0.444697617088019	0.628663779594393
C600_DK885_RS15170	586.834108794365	-0.737507740332687	0.200898592404531	-3.67104483662899	0.000241560955575278	0.00377362870936506
C600_DK885_RS15175	394.320200245244	-0.47749981561053	0.37697167208674	-1.26667293849247	0.20527226013552	0.382749379731125
C600_DK885_RS15180	167.670321472803	-0.51105197117776	0.263803994130022	-1.93724121904643	0.0527158638415067	0.158577013024498
C600_DK885_RS15185	370.980247673319	1.12130368383775	0.33613891956181	3.33583414053774	0.000850438851945619	0.00921845962546301
C600_DK885_RS15190	132.183447803666	0.262027724201248	0.600925784223534	0.436040075297848	0.662807653601193	0.798149410048311
C600_DK885_RS15195	16.0179840266767	0.273561743249503	0.589246359651526	0.464256993308003	0.64246363238088	0.783687593566966
C600_DK885_RS15200	4.427125482653	1.43513805157657	0.870658125032572	1.64833705712317	0.0992835244150978	NA
C600_DK885_RS15205	4.40292080589861	0.875082574729126	0.937034720617403	0.933884898259205	0.350363269631694	NA
C600_DK885_RS15210	22.1781028980071	0.251242368105885	0.503546254068019	0.498945957945597	0.617817456242574	0.766960034160231
C600_DK885_RS15215	16.7486809206293	0.137022711864705	0.59353552849476	0.230858483252389	0.817424745085345	0.896779345596729
C600_DK885_RS15220	3.82792257970421	0.136274656403475	0.851717455722445	0.159999839721359	0.872881200474507	NA
C600_DK885_RS15225	28.7612120684919	-1.86073798730935	0.52539625602504	-3.54158973531146	0.000397723549999792	0.00526240625942786
C600_DK885_RS15235	1.46938268415017	1.71908155301707	1.57367097005163	1.09240215123284	0.274656377872503	NA
C600_DK885_RS15240	2.231078787778	-0.557468898381289	1.10032322522614	-0.5066410356527	0.612406710009385	NA
C600_DK885_RS15245	5.77179781903769	-0.387740993270157	0.783127835963424	-0.495118389953727	0.620516553341265	NA
C600_DK885_RS15250	2.97430513480137	0.623832144154504	0.975617483211079	0.639422883342831	0.52254786635837	NA
C600_DK885_RS15255	28.7640210452792	0.133985001015692	0.426819053657616	0.313915229105895	0.753585423477048	0.857353306146777
C600_DK885_RS15260	2218.2025817096	-0.409591817183582	0.255115052645442	-1.60551803171266	0.108379848163148	0.254552290253054
C600_DK885_RS15265	1806.55638138343	0.278045814437448	0.365086065724728	0.761589774415253	0.44630487971309	0.630217069036562
C600_DK885_RS15270	7055.23107549773	-0.0471764885839547	0.296220987198059	-0.159261128086146	0.8734631451098	0.93052606691067
C600_DK885_RS15275	8877.06260631467	-4.87984416159158	0.953389184513752	-5.11841778872329	3.08109487442021e-07	2.19634974337878e-05
C600_DK885_RS15285	1473.72958896198	-0.211949499144056	0.276580655272629	-0.766320764317862	0.443485466184898	0.627188650922576
C600_DK885_RS15290	1870.66806334622	-0.44585074153223	0.337511292719558	-1.32099503379489	0.186503020123572	0.358726450501522
C600_DK885_RS15295	937.70035460553	-0.0573104707638384	0.466601262147794	-0.122825365923861	0.902245387240285	0.949221377973791
C600_DK885_RS15305	987.2575818153	1.02786671579759	0.439336108790897	2.3395907944521	0.0193048785809145	0.0816559028030036
C600_DK885_RS15310	2402.21138895867	-0.641340874205362	0.211826854161995	-3.02766557499313	0.00246450660150374	0.0196712137604081
C600_DK885_RS15315	121.970900559415	-0.379580467605808	0.344954310382307	-1.10037896666699	0.271167038880781	0.458555462909925
C600_DK885_RS15320	215.913080556131	-0.956830178970383	0.243087208171483	-3.93616013844462	8.27957351573954e-05	0.00174905990519998
C600_DK885_RS15325	222.585846283904	-1.16624964069622	0.231223228751059	-5.04382560089512	4.56315235966434e-07	2.92513801262621e-05
C600_DK885_RS15330	63.3868763599989	-0.0130574944621254	0.368063249505269	-0.0354762244795606	0.971700004555511	0.987641831706099
C600_DK885_RS15335	1299.768822785	-0.0231662378838316	0.23145410268347	-0.100089985942108	0.920272885469555	0.958961487717435
C600_DK885_RS15340	891.892153668182	-0.509889180545156	0.291411067789704	-1.74972482827288	0.0801658073190643	0.209751211549811
C600_DK885_RS15345	7.54561910855418	-1.14429010708161	0.698677563501814	-1.63779426570728	0.101464618191557	0.245762508427498
C600_DK885_RS15350	205.72163767389	-0.89430512956356	0.241868044770918	-3.69749187169636	0.000217740189222452	0.00346307733803425
C600_DK885_RS15355	435.151769087504	-0.321777923692951	0.304004121942864	-1.05846566038808	0.289843198335717	0.479399986487383
C600_DK885_RS15360	1028.04343913001	-0.122910654472514	0.375292427240629	-0.327506353848454	0.743284938041729	0.849835703403697
C600_DK885_RS15365	81.7057086239614	-0.141308358778682	0.395618976845612	-0.357182964036194	0.720954838588122	0.834789813102036
C600_DK885_RS15370	583.310384890658	-0.733511745825301	0.339825095151816	-2.15849787520138	0.0308891434338416	0.113260192590753
C600_DK885_RS15375	17473.1532668595	0.371741418473632	0.24643041852516	1.50850459410991	0.131425431763319	0.289307137534648
C600_DK885_RS15380	306.970114090451	-0.484805140535263	0.339747676522797	-1.42695645632394	0.153592446122426	0.317960308843642
C600_DK885_RS15385	12.6004766712653	0.422183229317431	0.503623650299214	0.83829111096471	0.401867227010487	0.591973989708792
C600_DK885_RS15390	106.739235364686	-0.597120550593719	0.294119484977507	-2.0301971854717	0.0423364998265255	0.137593624436208
C600_DK885_RS15395	1587.49661779908	-0.29226491963579	0.295145858961383	-0.990238930216635	0.322057348354866	0.509969855699912
C600_DK885_RS15400	79.8352428370103	-0.232920005099025	0.363874457839686	-0.640110895614565	0.522100505985156	0.692780043273665
C600_DK885_RS15405	405.772671991321	-0.556345102528865	0.264149559661278	-2.10617463546891	0.0351891855687543	0.121337277930728
C600_DK885_RS15410	1157.93998789256	-0.723559924950739	0.341111918162502	-2.12118042913424	0.0339066215724054	0.119492719437159
C600_DK885_RS15415	34625.3610768273	-1.14837132883817	0.397503400183577	-2.88895976313114	0.00386518528982808	0.0261286525592378
C600_DK885_RS15420	2013.91233216659	-0.657899345474056	0.273070466084139	-2.40926583862549	0.0159846499444174	0.0711747646626872
C600_DK885_RS15425	16.2562694963437	-0.627789354213176	0.63275805821061	-0.992147545285343	0.321125556190205	0.508711042997521
C600_DK885_RS15430	44.0264448381136	0.540322581719519	0.361686974425355	1.49389560566282	0.135202907195213	0.294906742148309
C600_DK885_RS15435	57.637077241163	0.776985120686503	0.39037674845458	1.99034682204415	0.0465527435272739	0.146308622514289
C600_DK885_RS15440	485.965765333351	0.412323343066179	0.755800580473048	0.545545152675206	0.585378634812721	0.746121962370139
C600_DK885_RS15445	287.498668922074	0.374568003191154	0.46232900572159	0.810176299898249	0.417838856763623	0.607320120972303
C600_DK885_RS15450	1505.47452857434	-0.636978042320185	0.27665673468028	-2.30241292718325	0.0213118966461304	0.0872062171728402
C600_DK885_RS15455	494.11401272408	-0.295332762097951	0.284286547912914	-1.0388559158572	0.298871751533037	0.489265613763437
C600_DK885_RS15460	2371.399882397	-0.384294750773997	0.253454478129748	-1.51622789863381	0.129461735914777	0.286511151268536
C600_DK885_RS15465	4630.96604369655	0.129201748378036	0.347234669927987	0.372087696210841	0.709827556729038	0.828136009867605
C600_DK885_RS15470	731.625365107998	-1.15949193736409	0.383389952160284	-3.02431488053014	0.00249196925259608	0.0196712137604081
C600_DK885_RS15475	245.169880631757	-1.61961540031206	0.576965729545037	-2.80712582632802	0.00499857128020195	0.0316604565924887
C600_DK885_RS15480	2653.13150851903	-0.265426069411669	0.237911941863974	-1.11564836692152	0.264572680064336	0.45185173379844
C600_DK885_RS15485	815.084290752973	-1.16533856657141	0.444161670075426	-2.6236810717447	0.00869851945204406	0.0460699363571222
C600_DK885_RS15495	307.549123132686	-0.361097902140494	0.209008565795226	-1.72767035057441	0.0840473421267675	0.216704589478032
C600_DK885_RS15500	514.268991791275	0.0223498175298268	0.346354922442809	0.0645286556697265	0.948549290728253	0.975036290552293
C600_DK885_RS15505	544.698283013436	-0.144007625603606	0.219090310896634	-0.657298011099854	0.510989315101329	0.685172219651309
C600_DK885_RS15510	98.3265966226288	-0.242081758731711	0.397074391436387	-0.609663488637478	0.542084745449103	0.71117539999286
C600_DK885_RS15515	3251.25449044503	-0.979760126793157	0.302885741353796	-3.23475156807965	0.00121748614017984	0.0119751679079065
C600_DK885_RS15525	5610.80430764743	0.0854649286350239	0.247493745349411	0.345321569700135	0.729852632615162	0.840121389493243
C600_DK885_RS15530	162.190504383991	-1.38907077086282	0.294577162292497	-4.71547339261676	2.41149407010945e-06	0.000110690554971197
C600_DK885_RS24275	47.1029194603898	-0.895091263864481	0.350409359303154	-2.55441597120726	0.010636609978428	0.0533696570847439
C600_DK885_RS15535	684.758191459506	0.232541583107239	0.357858856013592	0.649813688272695	0.515812575974903	0.689604875035847
C600_DK885_RS15540	1036.93303460662	0.483606101174867	0.301142617855335	1.60590388905759	0.108295028911479	0.254513854293855
C600_DK885_RS15545	230.346729958567	-0.494174523809974	0.241459600373507	-2.04661369042917	0.0406960295745638	0.133900741555954
C600_DK885_RS15550	147.717033201778	-0.365428830335306	0.44431350318238	-0.822457178811662	0.410816748227462	0.600635733350257
C600_DK885_RS15555	208.073383234216	0.176233098691886	0.293647200042831	0.600152491378022	0.548404612391834	0.715176551691631
C600_DK885_RS15560	203.416199198307	0.548048102165984	0.354176457670739	1.54738715771865	0.121769916093758	0.274888007308192
C600_DK885_RS15570	139.839828750433	0.561804450999328	0.440994779287122	1.27394807690807	0.202681818318678	0.37982409299841
C600_DK885_RS15575	103.07033541574	0.99733175816321	0.498281216422103	2.00154395809765	0.045333801525845	0.144064587988231
C600_DK885_RS15580	123.285632616451	0.84461764032635	0.655858457699361	1.2878047548386	0.197813936713798	0.373146736023288
C600_DK885_RS15585	1010.86073350304	-0.611820784392955	0.491928283116416	-1.24371947170227	0.213602827023466	0.391298836057458
C600_DK885_RS15590	613.352258474138	-0.533368804398596	0.405570645124844	-1.3151070246576	0.188473936081185	0.360837329737304
C600_DK885_RS15595	440.481155159408	-0.287412081105447	0.46610347012721	-0.616627207317306	0.537480644567776	0.707632095078963
C600_DK885_RS15600	142.101146243674	-0.329956727107361	0.481885367354236	-0.684720370155602	0.493520392342644	0.671881661929678
C600_DK885_RS15605	612.229769775875	-0.0795326043147801	0.218525124077944	-0.363951763671862	0.715894029651677	0.831779375701543
C600_DK885_RS15610	296.056759060551	-0.70752185290705	0.320842560249472	-2.20519949833624	0.0274400983853961	0.104317265641005
C600_DK885_RS15615	302.348861370581	0.314082719948692	0.389509583518932	0.806354280454889	0.420038600741067	0.608362086516599
C600_DK885_RS15620	161.894148313549	0.297650889112633	0.660637874509761	0.450550748900842	0.652313370145721	0.791031020939919
C600_DK885_RS15625	197.720444428325	0.395189391995888	0.387951973762338	1.01865544892931	0.308366570058204	0.497726498902876
C600_DK885_RS15630	262.742180346727	0.94749439934659	0.483254118184214	1.96065457839598	0.0499193310008191	0.153167217917172
C600_DK885_RS15635	263.262155921083	0.782778932383241	0.486438932205228	1.60920288356563	0.107571986104871	0.253478132551315
C600_DK885_RS15640	27.2866314255536	-1.08439222775041	0.526386429662526	-2.06006873780092	0.039391970008658	0.13046104351304
C600_DK885_RS15645	75.7535845022958	-0.0970238505348813	0.456097357071607	-0.212726184509876	0.83154054189491	0.905585159568036
C600_DK885_RS15650	27.0262949947217	-1.25319650173819	0.397948054534703	-3.14914594369228	0.00163748395910952	0.0145302275894253
C600_DK885_RS15655	47.9072690901879	-0.30503468080474	0.387571624833592	-0.787040797776953	0.431257983905409	0.617069977116088
C600_DK885_RS15660	8.31335173978867	-1.45877631943133	0.786220867003906	-1.8554281381393	0.0635351123345047	0.17868649596043
C600_DK885_RS15665	30.0464821233787	-0.847375515029475	0.42425374265546	-1.99733185552033	0.0457891450436916	0.144642346025867
C600_DK885_RS15670	69.1035620672062	-1.28279124587223	0.44606482176709	-2.87579558681727	0.00403010609475674	0.0268529291403325
C600_DK885_RS15680	433.065452364786	-1.47382360007149	0.30944768163667	-4.76275534615878	1.90967317366226e-06	9.47635834302517e-05
C600_DK885_RS15685	301.76180651875	-0.300536757188606	0.237372396039765	-1.26609817401961	0.205477936278775	0.382919926603424
C600_DK885_RS15690	118.243630926526	-0.100906572246956	0.277807001374853	-0.363225446974247	0.716436479932867	0.832149588375632
C600_DK885_RS15695	53.1712682127173	-0.0257693033970365	0.371785669601597	-0.0693122557000399	0.944741070562368	0.972466029997476
C600_DK885_RS15700	90.3730592011834	-0.273726179570904	0.453688114370786	-0.603335575476848	0.546285470992433	0.714376512037735
C600_DK885_RS15705	221.17539776281	-1.35999444782964	0.334288280672962	-4.06832822584093	4.73516492697444e-05	0.00117368954656607
C600_DK885_RS15710	1953.92724903128	0.224152365339399	0.268415735299696	0.835093982434097	0.403664794549081	0.594151110900033
C600_DK885_RS15715	29.0507568285327	0.163107161976217	0.409612660247152	0.398198536826967	0.690483844421466	0.817325352931873
C600_DK885_RS15720	99.7521914330845	0.838503115159757	0.389466845170189	2.15295120896195	0.0313225132839106	0.114285676535407
C600_DK885_RS15725	70.5763151477301	-0.0866164217996677	0.364443721809287	-0.237667482292352	0.81213900642731	0.892373546194733
C600_DK885_RS15730	24.3238079573473	0.74512312588763	0.57785395997116	1.28946615841279	0.197236074125439	0.372431531067791
C600_DK885_RS15735	113.017048714692	0.664658689238625	0.506233505316598	1.31294883143491	0.189200190774256	0.361855097375865
C600_DK885_RS15740	149.662081339549	0.168587373347223	0.271110380122414	0.621840348831723	0.534046851966092	0.705359216912941
C600_DK885_RS15745	367.826576073413	0.236942054023878	0.296127260945866	0.800135905309957	0.423632060206882	0.610963537567567
C600_DK885_RS15750	680.407762258183	0.209049031361687	0.305847293094088	0.683507868409929	0.494285979919406	0.672185542553164
C600_DK885_RS15755	254.745258948871	-0.629527430449207	0.312891424306025	-2.01196767167864	0.0442233449461886	0.141865743321768
C600_DK885_RS15760	444.5456307095	0.387231076455153	0.848583353110485	0.456326505859156	NA	NA
C600_DK885_RS15765	7875.14131175606	1.53851778072804	0.792637277440658	1.94101113399025	0.0522569268916283	0.157636924161774
C600_DK885_RS15770	102.32199822889	-0.208175389637122	0.684266269117259	-0.304231552880254	0.760951487704477	0.861770331916109
C600_DK885_RS15775	32.4462519930231	0.889420011754367	0.55122516084031	1.61353304409853	0.106628750184425	0.252315700373291
C600_DK885_RS15780	23.6323558535484	-0.336267988109118	0.642725446871458	-0.523190718130023	0.600841539989074	0.75496074541378
C600_DK885_RS15785	103.578237475344	0.425623107206994	0.307296004722679	1.38505903319862	0.16603441719244	0.332605766585944
C600_DK885_RS15790	111.765714859545	0.59811558048114	0.392837796378063	1.52255100195481	0.127871076278364	0.284515057811465
C600_DK885_RS15795	205.680972313919	0.426774929601251	0.361757999629872	1.17972492671316	0.238109636530211	0.423179554789352
C600_DK885_RS15800	239.920843329859	0.639489877741104	0.404511090573675	1.58089578417784	0.1139018684313	0.261734948595533
C600_DK885_RS15805	162.00933564397	-0.0426827390891703	0.318858716721233	-0.133860976196822	0.89351250897788	0.945374775772089
C600_DK885_RS15810	522.263512305056	-0.472409322269792	0.256310273407315	-1.84311504954413	0.0653122144802365	0.182032094031124
C600_DK885_RS15815	316.596339046157	-0.361242250955638	0.218783635564768	-1.65113926378967	0.0987101415370719	0.24129145709062
C600_DK885_RS15820	56.2332658639573	0.779551225874116	0.429812940972752	1.81369882467902	0.0697241061380511	0.190866635854874
C600_DK885_RS15825	14.5073118096971	0.107377694894598	0.713933751530028	0.150402883551139	0.880446766405042	0.934751878210721
C600_DK885_RS15830	161.799267871967	0.0100062007263755	0.557952988417527	0.0179337702890619	0.98569168854695	0.994788734532454
C600_DK885_RS15835	123.581393283497	0.447008732008023	0.324390760871997	1.37799464696965	0.168204940880347	0.335687584644728
C600_DK885_RS15840	98.160382806858	-0.116200654041138	0.292461717041488	-0.397319195197962	0.691132094172979	0.817700853541396
C600_DK885_RS15845	1384.00673684601	-0.787897112655869	0.213065737499512	-3.69790620445333	0.000217385179796655	0.00346307733803425
C600_DK885_RS15850	906.591640481992	-0.00262554585032308	0.261959731815429	-0.0100227078113402	0.992003170066605	0.996101993015248
C600_DK885_RS15855	232.758310614054	-0.0604352160118369	0.270140133071901	-0.22371802117885	0.822976722461641	0.899155878375663
C600_DK885_RS15860	238.988203140998	-0.482618287786332	0.233668099989682	-2.0654008305269	0.0388850900640543	0.129603129691653
C600_DK885_RS15865	481.3122559109	0.141980095644888	0.216440103902049	0.655978689185723	0.511837836095313	0.685770477334189
C600_DK885_RS15870	456.066124479292	0.375592383720878	0.519987211117105	0.722310810133159	0.470103408134444	0.650966283591755
C600_DK885_RS15875	6522.11530388738	-0.0557661461303852	0.524792625932997	-0.106263204501477	0.915373524805003	0.955731189335861
C600_DK885_RS24000	13.3809139146489	-1.0861610254624	0.603480203288742	-1.79982875915934	0.0718876813762634	0.194809328977367
C600_DK885_RS15880	82.8353710361514	-0.0338807229852253	0.296543750667434	-0.114252021527918	0.909038014638741	0.95267525307088
C600_DK885_RS15890	11965.6980192878	-1.42864017549134	0.472130567173288	-3.0259429802328	0.00247859039309432	0.0196712137604081
C600_DK885_RS15905	703.169946165679	-0.167524906889513	0.401686202647771	-0.417054172598534	0.676638783989131	0.807622150520574
C600_DK885_RS15910	251.349495998498	-0.00891404648271729	0.416773970011452	-0.0213882034966636	0.982935983660594	0.993085866100567
C600_DK885_RS15915	239.063857253439	-0.236589993954912	0.385126034854082	-0.614318359558714	0.539004972678871	0.708991405779511
C600_DK885_RS15920	138.650730494994	0.425456424998468	0.345761017138418	1.23049275051197	0.218512640068669	0.398054872991333
C600_DK885_RS15925	58.0113424703584	-0.388634967422137	0.539286356250672	-0.720646763853025	0.471126874155287	0.651897922630948
C600_DK885_RS24005	29.7495170343622	-0.107177854681843	0.489940986145131	-0.218756661950495	0.826839607920606	0.901521895087629
C600_DK885_RS15935	9.040038134176	-0.360685458279989	0.729701162713797	-0.494292015293742	0.621099963378095	0.769344677366111
C600_DK885_RS15940	3.99918605951328	-0.833665198456151	0.873230631020087	-0.954690741301967	0.339734113401492	NA
C600_DK885_RS15945	24.0491061334843	-0.460677602353239	0.460205054836114	-1.0010268194844	0.316813842477519	0.504909324079163
C600_DK885_RS15950	223.409049486359	0.135982243661131	0.559647713160067	0.242978288776171	0.808022216568018	0.889087481858506
C600_DK885_RS24280	19.5168122437126	-0.653638946475938	0.509498432871909	-1.28290668685975	0.199524769860276	0.374852498403489
C600_DK885_RS15955	479.79643977988	-0.748618158425909	0.355195140275856	-2.10762500253947	0.0350634391309963	0.121337277930728
C600_DK885_RS15960	826.551786084937	-0.366389977690784	0.326979993270407	-1.12052720420661	0.262489166509766	0.449532345040677
C600_DK885_RS15965	1258.54666437147	0.467138180313321	0.312880515213797	1.49302419805246	0.13543085286136	0.294980615664052
C600_DK885_RS15975	206.749336003779	-0.318106842945427	0.293499271295803	-1.08384201957634	0.278434850810135	0.466028264561135
C600_DK885_RS15980	782.824613858202	-0.293175386190717	0.298823011534498	-0.981100433615272	0.326543216637165	0.514226039583642
C600_DK885_RS15985	258.122188037118	0.409367757146793	0.541737418223247	0.75565715672624	0.449854777429266	0.632587013041608
C600_DK885_RS15990	964.893669619261	0.901733400798658	0.54553179343231	1.65294380942537	0.0983422999497158	0.240823870259827
C600_DK885_RS15995	1434.61083879285	1.21131526528778	0.752854741414876	1.60896279010117	0.107624478229227	0.253478132551315
C600_DK885_RS16000	470.78522686012	1.10174817387596	0.69365037006603	1.58833357757898	0.112210928569134	0.259775985317585
C600_DK885_RS16005	290.7236354201	1.16537678069992	0.638115062795333	1.82628000598334	0.0678080953461595	0.187183697481956
C600_DK885_RS16010	528.321367077376	-1.37177300897104	0.532792055309953	-2.57468743255379	0.0100330709264711	0.0509494018560799
C600_DK885_RS16015	103.7417106285	0.399461131016884	0.503180822292335	0.793871930963233	0.427269991854752	0.613355146608482
C600_DK885_RS16020	125.45638630831	0.194793222053046	0.485559295694783	0.401172882035586	0.688292844726713	0.815774863170419
C600_DK885_RS16025	28.5438913637637	0.155376592652948	0.575137638038448	0.270155493879469	0.78704063073652	0.879007829702128
C600_DK885_RS16030	96.7222627705309	0.966283797184812	0.288484075642297	3.34952213578314	0.000809510870687321	0.00890461957756054
C600_DK885_RS16035	1349.89585722025	-0.565970707408849	0.271462758623311	-2.08489263970902	0.0370790469379482	0.125135325775998
C600_DK885_RS16040	95.4837875718925	1.20432496387415	0.463027999382566	2.6009765402526	0.00929588106890845	0.048338581558324
C600_DK885_RS16045	6.60717031179477	0.74775901250358	0.753759763441489	0.992038907847096	0.321178546032776	NA
C600_DK885_RS16050	164.650579165948	1.02852117081987	0.453959805348192	2.26566572349061	0.023471857699819	0.0931359305527501
C600_DK885_RS16055	244.653176624095	0.915548055407243	0.389054591131175	2.35326372256729	0.0186094304632768	0.0793461725486963
C600_DK885_RS16060	565.352178579835	0.338543637756516	0.485612585608412	0.697147577697895	0.485710441795079	0.664901112884428
C600_DK885_RS16065	194.209757286303	-0.0582397398265683	0.321807720826996	-0.180976825779386	0.856385765991155	0.922080603124113
C600_DK885_RS16070	4323.51583253883	0.234027969566848	0.304119887197132	0.76952537278547	0.441581488012738	0.625768780442503
C600_DK885_RS16075	5.65768732413437	-0.321911875438186	0.751707746202099	-0.42824073193951	0.668475864145109	NA
C600_DK885_RS16080	7.49617143740237	-0.704314791026433	0.70145681680288	-1.00407434093602	0.315342782170858	0.504293565627866
C600_DK885_RS16085	16.0896790604632	0.13493574484029	0.518088976515207	0.260448978760174	0.794517466539655	0.882155305892054
C600_DK885_RS16090	13.2836864961065	-0.444223808429278	0.508570177208321	-0.87347592984658	0.382403720371536	0.575192619710743
C600_DK885_RS16095	126.044809639789	-0.712663883872744	0.332617035537309	-2.14259586169875	0.0321455637508478	0.115563402467707
C600_DK885_RS16100	138.703519672976	-0.902071743159328	0.299297148540244	-3.01396704766144	0.00257855811217562	0.0201833243390926
C600_DK885_RS16110	201.621937607963	0.172450282126102	0.420713052950082	0.409900004092728	0.681879302378438	0.812279744337081
C600_DK885_RS16115	30.6962028694632	0.084895837987595	0.37823814659719	0.224450756094694	0.822406580313071	0.899118193836602
C600_DK885_RS16120	4.82005863353942	0.122322441217756	0.882645789603155	0.138586104027928	0.889777224718284	NA
C600_DK885_RS16125	1.75584880905666	0.0125710924063587	1.27659179010065	0.00984738622309915	0.992143049551275	NA
C600_DK885_RS16130	7.97183430994613	0.21654080656006	0.711679759656298	0.304267198303683	0.760924333128687	0.861770331916109
C600_DK885_RS16135	655.408582414159	-0.378091480303496	0.308727764485673	-1.22467598900079	0.220697324373333	0.401444545998069
C600_DK885_RS16140	44.2526958077878	-0.190887824133988	0.351934845416249	-0.542395351356063	0.587546181385516	0.747347486278257
C600_DK885_RS16145	123.130449162908	-0.461911470708114	0.283579739663586	-1.62885920995655	0.103342826823017	0.247729613235318
C600_DK885_RS16150	114.621857577305	-0.285109366152618	0.323860462589307	-0.880346319131183	0.378671727391711	0.57085931650031
C600_DK885_RS16155	163.388838102675	-0.775492520757654	0.412961531528963	-1.87788077472118	0.0603974769625792	0.173002942486032
C600_DK885_RS16165	113.231679706211	0.161546977039043	0.263023527841107	0.614192115682645	0.539088382783369	0.708991405779511
C600_DK885_RS16170	117.233411319053	-0.45880313378255	0.271810735560843	-1.68795074571236	0.0914206842336535	0.229198991220987
C600_DK885_RS16175	146.072561197373	0.565943549196692	0.361135520680402	1.56712235930273	0.117086093805953	0.266743931844689
C600_DK885_RS16180	409.519598167055	-1.33280297224874	0.472398181960905	-2.82135499911606	0.00478212507714903	0.0306753664742801
C600_DK885_RS16185	319.086121358144	-0.783387113852829	0.392551471856972	-1.99562903215469	0.0459743169991892	0.144972483527665
C600_DK885_RS16190	553.274950109487	-1.11488912222647	0.486272678680843	-2.29272416712971	0.021863890274789	0.0889388122805857
C600_DK885_RS16195	985.252123167905	-0.577620895405605	0.306263167302317	-1.88602795593578	0.0592911875270776	0.171186386440183
C600_DK885_RS16200	849.241637054354	-0.822113584863417	0.347091817377559	-2.36857668116428	0.0178566783676437	0.0768415858459481
C600_DK885_RS16205	2110.5665467417	0.542712349568611	0.538695399445833	1.00745681163587	0.313715302059934	0.502842119718533
C600_DK885_RS16215	320.33599356568	-0.404181428560983	0.288465903000335	-1.40114108585136	0.161171887550476	0.327094474843161
C600_DK885_RS16220	127.850833020145	0.786135192838888	0.36334504622488	2.16360509385433	0.0304946702681794	0.112591046729981
C600_DK885_RS16225	160.51698619051	0.230643599426273	0.351087926298293	0.656939706979021	0.511219685437707	0.685189181851981
C600_DK885_RS16230	95.2853980831907	0.675806129097645	0.65432809112003	1.03282456961438	0.301686003505251	0.491940171154731
C600_DK885_RS16275	599.35568910995	-0.494280619506248	0.27403844347144	-1.80369080062215	0.0712797925034972	0.193443991626279
C600_DK885_RS16280	998.962058080876	-0.253886767060781	0.267399610294927	-0.949465733255023	0.342383792118881	0.533745467127044
C600_DK885_RS16285	1227.41051791023	-0.067986247382655	0.318291551638165	-0.213597398462973	0.830861028307259	0.905110255858889
C600_DK885_RS16290	516.416738041411	-0.0984039608889522	0.339934417250436	-0.289479252159561	0.772214654940571	0.868186902651661
C600_DK885_RS16295	129.905472769602	0.0937816549160832	0.303040652763062	0.309468891586002	0.756964872419624	0.860145292070955
C600_DK885_RS16300	214.600762104715	0.51907582008927	0.45191052128451	1.14862521592516	0.250710554746925	0.436600394636566
C600_DK885_RS16305	85.259912810257	-0.291084474404482	0.406828975919361	-0.715495924907225	0.474302658017448	0.654217422290604
C600_DK885_RS16310	224.437347162106	-0.992353212000989	0.367445638077661	-2.70068034333626	0.00691978099555576	0.0389224595181185
C600_DK885_RS16315	5.68139321150938	-1.28952760180485	0.817958857266975	-1.57651890476926	0.114906265475517	NA
C600_DK885_RS16320	14684.2604060592	0.109517895999306	0.198634142175902	0.551354841617922	0.58139045078853	0.742311021988927
C600_DK885_RS16325	27584.1928036807	0.0500389270322745	0.226538707114901	0.220884667655911	0.8251822360156	0.900880463005497
C600_DK885_RS16335	239.029076651658	-0.214580415726996	0.332846215187422	-0.644683358067233	0.519132403095236	0.691769709306922
C600_DK885_RS16340	11.7404205262086	-0.48967159466563	0.553189646985434	-0.885178523014774	0.376060353858706	0.568602031576523
C600_DK885_RS16345	102.88330143573	-0.318252145602056	0.386797940150451	-0.822786557442027	0.410629382359573	0.600635733350257
C600_DK885_RS16350	1177.91715023555	0.380796936012941	0.449798469957007	0.846594556111626	0.397221149320388	0.589538915281587
C600_DK885_RS16355	1584.53621211813	0.316135434508385	0.467891154806971	0.675660206995807	0.499256406227039	0.675847837896029
C600_DK885_RS16360	2465.07199389146	0.449526501917475	0.4823428356404	0.931964712030283	0.35135476248102	0.542273560358835
C600_DK885_RS16365	2283.54171960528	0.662758031770777	0.453448894722482	1.46159366465409	0.143852591507568	0.306149934301739
C600_DK885_RS16370	370.37667379509	0.758756215286381	0.460091542846879	1.64914184379803	0.0991185789263494	0.241971685126833
C600_DK885_RS16375	1321.41866237538	0.722523075626638	0.447191778672515	1.61568953206484	0.106161455353153	0.251887869178699
C600_DK885_RS16380	41.0170515561154	0.698041642934593	0.436088282384769	1.60068883098009	0.109445856174721	0.255701836102384
C600_DK885_RS16385	260.11742344064	0.415338437523955	0.414824288385023	1.00123943836783	0.316711063980332	0.504909324079163
C600_DK885_RS24010	5.39421180303463	-0.159755416305531	0.78831668104263	-0.202653857450077	0.83940559114586	NA
C600_DK885_RS16400	1321.04537837213	0.173604368348794	0.399240055896298	0.434837050503487	0.663680709473077	0.798306333814591
C600_DK885_RS16405	2.54906752691099	0.0110181902192685	1.09617488271025	0.0100514894047075	0.991980206834349	NA
C600_DK885_RS16410	6.39103452673865	-0.269992768781168	0.675916587976173	-0.399446874931091	0.689563960723872	NA
C600_DK885_RS16415	4.31696547168151	-0.75069195262292	0.869547150105718	-0.863313682911447	0.387965023142549	NA
C600_DK885_RS16420	9.59304091474273	0.399505610891604	0.565014252422417	0.707071740542441	0.479521896471898	0.659098858071171
C600_DK885_RS16425	159.348241572477	0.228135664659316	0.286570015764622	0.796090491360751	0.425979440511696	0.61177993175041
C600_DK885_RS16430	194.767207353248	-0.161570129459444	0.237925669722589	-0.679078174489655	0.497088330639633	0.674516209240203
C600_DK885_RS16435	149.032599165517	-0.0381355928728981	0.349383931219495	-0.1091509639261	0.913082752958244	0.954679886248243
C600_DK885_RS16440	272.467289142973	0.122652157325155	0.249076710905937	0.492427240102244	0.622417346363278	0.769773057294354
C600_DK885_RS16445	195.796408536554	-0.0372621605069369	0.257156955901613	-0.144900457295789	0.884789465376911	0.938023162894598
C600_DK885_RS16450	234.480891057421	-0.838350079207685	0.296620604817388	-2.82633797380262	0.00470835570076037	0.030416211190629
C600_DK885_RS16455	76.1696282063622	-0.839182827067297	0.297825468204472	-2.81770001782103	0.00483689773278865	0.0308996319080897
C600_DK885_RS16460	516.551547131747	-0.0406100007506746	0.413404940268987	-0.0982329836799994	0.921747291924781	0.959959784699254
C600_DK885_RS16465	161.794364180061	0.154212714570778	0.462676082699952	0.333306000325039	0.73890331049529	0.847391273418103
C600_DK885_RS16470	9.79412881596717	-1.94380235897503	0.74146217541879	-2.62157993140667	0.00875232356155362	0.046223208809455
C600_DK885_RS16475	15.8766295669651	-1.92964356464952	0.603858674890929	-3.19552180814171	0.00139578234104037	0.0131380221366787
C600_DK885_RS16480	4.42633398287117	-0.482353249578908	0.918843911394659	-0.524956680451603	0.599613305579905	NA
C600_DK885_RS16485	7.44879331110931	-1.64316561746671	0.7932246555991	-2.0715009371786	0.0383120069625634	NA
C600_DK885_RS16490	20.6545530291143	-1.29449248517234	0.559757458635159	-2.3125953307146	0.0207448984952214	0.0856043647116903
C600_DK885_RS16495	1.46525429020116	-0.0892310223635865	1.43616153369587	-0.0621316058604886	0.950458027774915	NA
C600_DK885_RS16500	506.427174462079	-1.35506697987393	0.394305933505104	-3.43658784900428	0.00058909127843761	0.00684450429134699
C600_DK885_RS16505	885.710518850266	-0.99090497390283	0.481283018038133	-2.05888206474037	0.0395055376134566	0.130677570148427
C600_DK885_RS16515	8.83649797356357	0.519589555286318	0.66491250860016	0.781440488133108	0.434543465814331	0.620561200915481
C600_DK885_RS16520	44.6260577379309	-0.531089136753927	0.52035946573621	-1.02061972871491	0.307434638680171	0.497407304879406
C600_DK885_RS16525	11.3309425668372	-0.492249379007756	0.854272999418505	-0.576220223912994	0.56446633710891	0.728457424981231
C600_DK885_RS16530	333.368813522077	0.271140468312256	0.514638904504903	0.526855754469439	0.598293761514145	0.753286896481405
C600_DK885_RS16535	29.2574964507991	0.833700263324931	0.601924122504899	1.38505873440576	0.166034508548551	0.332605766585944
C600_DK885_RS24285	0.518246447270419	-0.734608137466565	2.35649133759846	-0.311738102213954	0.755239568504953	NA
C600_DK885_RS16545	7.52835767953304	0.18873730388338	0.723495578302986	0.26086863492114	0.79419381325124	0.882155305892054
C600_DK885_RS16550	58.2126968239662	0.0280238561675106	0.367191111456875	0.0763195384995093	0.939164881702655	0.968401778869234
C600_DK885_RS16560	9.17636782749495	-1.24969869966166	0.745895536331535	-1.675433943214	0.0938491215035894	0.233554908802105
C600_DK885_RS16565	13.7625654604364	-0.949707452698126	0.59270153329822	-1.60233675693948	0.109081161683875	0.255553723466065
C600_DK885_RS16570	1275.02884243256	-0.363810237872454	0.193863293265146	-1.876632918718	0.060568422384764	0.173359041128986
C600_DK885_RS16575	320.496518974314	-0.48780040864879	0.244195320430423	-1.99758295035705	0.0457618931961026	0.144642346025867
C600_DK885_RS16580	100.170802224235	0.158248305865567	0.330586828074677	0.478689083854907	0.632159832762174	0.776468535913368
C600_DK885_RS16585	60.1494179050615	-1.12619877572621	0.493249667254206	-2.28322257568965	0.0224172609560619	0.0904136098465165
C600_DK885_RS16590	403.134899686823	-0.541058883336006	0.431049721706548	-1.25521223211542	0.209401726224363	0.3879200887405
C600_DK885_RS16595	22.2327384812526	-0.664602534247128	0.460075999548122	-1.44454945465507	0.148584479037538	0.311494010376115
C600_DK885_RS16600	1398.44024752955	-0.652334527853262	0.279805956552647	-2.33138184722855	0.0197332338590522	0.0825288678154737
C600_DK885_RS16605	7.61356167080875	-1.88293385291951	0.780177756127885	-2.41346774902266	0.0158015262519727	0.0706130704385028
C600_DK885_RS16610	13.3787955067486	-0.716030897527528	0.720173783273259	-0.994247380504605	0.32010244628098	0.508358667081695
C600_DK885_RS16615	2279.17320496702	-0.828167098830529	0.234154442608454	-3.53684128135619	0.000404942941211795	0.00532006309337616
C600_DK885_RS16620	1885.8081363658	-2.14086043313817	0.729595493789086	-2.9343114799405	0.00334288555079647	0.0240343462860618
C600_DK885_RS16625	477.266127866754	-2.1730577612771	0.731096948646713	-2.97232503199407	0.00295553613852717	0.0220214095451784
C600_DK885_RS16630	285.56657151155	-1.63091678720672	0.479957653153281	-3.39804309086799	0.000678697289624296	0.00769328208177784
C600_DK885_RS16635	590.183412007119	-0.318863653166431	0.232666298110049	-1.37047632491927	0.170538260856953	0.337359630931386
C600_DK885_RS16640	333.073206176282	-0.603310629192621	0.255713958058053	-2.35931833277421	0.0183085427422475	0.0783327524921475
C600_DK885_RS16650	4836.1430425292	1.85486241512842	0.725356511263625	2.55717345377807	0.0105526583715451	0.0530917237150265
C600_DK885_RS16690	932.35972087993	-0.584101703221535	0.252919826695338	-2.30943422211471	0.0209194978370987	0.0860383771662977
C600_DK885_RS16695	1158.92830538421	-0.361244757123896	0.251185681269774	-1.43815823934613	0.150389161155975	0.312721980524561
C600_DK885_RS16700	4936.5061217995	-0.155026018940217	0.393575686101006	-0.39389124992958	0.693661330785088	0.817728023609137
C600_DK885_RS16705	1180.790629492	-0.0459162423380711	0.368608779648567	-0.124566328511892	0.90086688667237	0.948307781610383
C600_DK885_RS16710	3451.91409819426	0.580827499331407	0.252500794074527	2.30029969394857	0.0214312470104161	0.0875619520711288
C600_DK885_RS16715	2461.75517735404	-0.194469282307934	0.366208345768653	-0.53103454510233	0.595394840742592	0.751673350723585
C600_DK885_RS16725	63.9719613395809	-0.206969452515027	0.392629971759932	-0.527136152106023	0.598099042998927	0.753286896481405
C600_DK885_RS16730	745.458860996078	-0.161759906875354	0.360121705814395	-0.449181219192392	0.653300934402293	0.791454178594893
C600_DK885_RS16735	120.487413616627	-0.351571715312496	0.349005087002777	-1.00735412865113	0.313764626622361	0.502842119718533
C600_DK885_RS16740	69.215114386658	-0.830620375919589	0.556606638389235	-1.49229333362484	0.135622263595578	0.295051829168144
C600_DK885_RS16745	218.068543467987	-1.81380659310756	0.537973320848478	-3.37155491325642	0.000747451361293841	0.00834541790177327
C600_DK885_RS16750	643.648264672486	-1.25348202620617	0.377387254946082	-3.32147418805985	0.000895432643390235	0.00951205305178541
C600_DK885_RS16755	49.1636923716802	-0.428626122068226	0.368266309401856	-1.16390261917906	0.244463478050791	0.429341148508664
C600_DK885_RS16760	37.3465833209438	0.218018578873791	0.463672942207965	0.470199054177301	0.638212809831862	0.781733392358207
C600_DK885_RS16765	5.2300071441298	1.96044500658487	0.889474771238274	2.20404790554728	0.027520975210864	NA
C600_DK885_RS16770	0.988612266065264	1.29855414964155	1.81168521927977	0.716765879537169	0.473518568390094	NA
C600_DK885_RS16775	5.6412702881602	0.674324060002989	0.712073739908915	0.946986277136474	0.343645771684771	NA
C600_DK885_RS16780	1.86116342551634	-0.142566692423518	1.36080114220505	-0.104766734831294	0.916560906505833	NA
C600_DK885_RS16785	17.4813314705207	-0.300726871126208	0.463525004137435	-0.648782413983956	0.516479025984342	0.689999647362481
C600_DK885_RS16790	1434.67451968307	-1.01263051883533	0.321090156766223	-3.15372644566181	0.00161200111916598	0.0144447739097398
C600_DK885_RS16795	2130.74508840729	-0.00945057047605314	0.395463669812797	-0.0238974429194136	0.980934413956397	0.991785515443691
C600_DK885_RS16800	330.64088635413	-0.373573167360869	0.325620213432481	-1.14726651463955	0.251271488831557	0.436820232029261
C600_DK885_RS16805	174.991232777183	0.00519092742664689	0.420961150282216	0.0123311317996134	0.990161429657434	0.995446856572963
C600_DK885_RS16810	79.8058367635101	0.0772353627734294	0.340423180240873	0.226880445446694	0.820516707857974	0.898267052799187
C600_DK885_RS16815	33.7204998460025	-0.251083411856691	0.395501065974939	-0.634848887796932	0.525526975121384	0.696332606379653
C600_DK885_RS16820	105.673183053213	-0.730116045576856	0.34881022505692	-2.09316124680036	0.0363347628575258	0.123845001314361
C600_DK885_RS16825	73.7240712221964	-0.389802548056538	0.440219348923882	-0.885473455470351	0.375901330045605	0.568592817375736
C600_DK885_RS16830	394.815966967046	-0.0397570153801193	0.458250971700915	-0.0867581692899658	0.930863738268151	0.964859598238357
C600_DK885_RS16835	206.067385638644	-0.0878092681241615	0.289931403041269	-0.302862219142445	0.761994864653517	0.862171913202002
C600_DK885_RS16840	328.439524710886	-0.212188521950368	0.303194971099809	-0.699841825148601	0.484026091353613	0.663328052949773
C600_DK885_RS16845	569.030824841978	-1.1132582992275	0.304035036868481	-3.66161186780941	0.000250633376424394	0.0038347938006004
C600_DK885_RS16850	2099.83669308029	-1.65773828056229	0.526930218019197	-3.14603001284298	0.0016550302121452	0.0146509579256092
C600_DK885_RS16855	444.048548864471	-0.570194646541557	0.360010112532264	-1.58382952781766	0.113232517838177	0.261003410615215
C600_DK885_RS16865	10.68211415192	-1.57399227101586	0.663486297615747	-2.37230561757197	0.0176774619650382	0.0761585209571402
C600_DK885_RS16875	1697.00776987287	-1.26259052471246	0.422884727615229	-2.98566120330847	0.00282965951200297	0.0213401096665863
C600_DK885_RS16880	281.271214649652	-0.0368327109754327	0.305915396160656	-0.120401625539924	0.904165003776107	0.950434120452238
C600_DK885_RS16885	116.230164359169	0.85687166699382	0.504684225271603	1.6978372298692	0.0895384870539116	0.225697691434877
C600_DK885_RS16890	105.004866004057	0.0449569646582936	0.508774308223263	0.0883632760767577	0.929587948530491	0.964426164162851
C600_DK885_RS16895	8910.16722466401	0.772513943302854	0.331117214177637	2.33305279890528	0.0196453743586537	0.0823466762857659
C600_DK885_RS16900	59.4853884612743	0.783242116779845	0.514960909972426	1.52097392561658	0.128266380748583	0.284883156286279
C600_DK885_RS16910	188.204013143038	-1.14712853305528	0.366117368613587	-3.13322620393353	0.00172896140208153	0.015089855617228
C600_DK885_RS16915	95.6218643689816	-1.26964469220018	0.530382196451034	-2.39382977161715	0.0166734851828224	0.0732793335701863
C600_DK885_RS16920	221.935943029501	-0.836883937867185	0.396687891039173	-2.10967855780741	0.0348860526368144	0.121337277930728
C600_DK885_RS16925	320.797368018409	-3.58612380249911	1.62513662780158	-2.20665988394481	0.0273378298672511	0.104141446154139
C600_DK885_RS16930	32.5377524236872	-2.26755669432555	1.20881718670203	-1.8758474972647	0.0606762237701661	0.173533999982675
C600_DK885_RS16935	593.64877952693	-2.63339873365681	1.61639874546571	-1.62917642756404	0.103275675600761	0.247729613235318
C600_DK885_RS16940	1252.11945473589	-2.58627829963135	1.01720509298782	-2.54253376969902	0.011005196609968	0.0546292670171712
C600_DK885_RS16945	392.640974502029	-2.32760202216523	0.919648269867604	-2.5309698266494	0.0113747633202793	0.0557933641488108
C600_DK885_RS16950	48.1234142635973	-3.02619570691684	1.14196920150666	-2.64998014213013	0.0080496502015319	0.0436276959902268
C600_DK885_RS16955	569.968063158441	-2.21005336011759	0.983085731151735	-2.24807795504101	0.0245712195135218	0.0961639938434463
C600_DK885_RS16960	216.02595717491	-0.122190009850109	0.32545904198121	-0.37543897722517	0.707334021700336	0.826742500057167
C600_DK885_RS16970	100.747078489479	-1.65161734826275	0.515894810353041	-3.20146145128404	0.00136732368990341	0.0129686466302574
C600_DK885_RS24520	3.93254420163185	-0.1767174050912	0.877453727191104	-0.201397976457295	0.840387397349583	NA
C600_DK885_RS16980	84.3474476744271	-0.493845418218596	0.275121033887426	-1.79501149454341	0.0726518685775029	0.196593629818891
C600_DK885_RS16985	3371.80481814155	-0.0225073459676115	0.359958354394036	-0.0625276388028306	0.95014265241586	0.975595244872181
C600_DK885_RS16990	2009.84468153738	-1.21780884174049	0.408932980977453	-2.97801571012838	0.00290121113596255	0.0218041438108089
C600_DK885_RS16995	8828.85407751094	-0.984627854798349	0.337507921490444	-2.91734739276698	0.00353022350450227	0.0248586571775368
C600_DK885_RS17000	61.7904141657943	-1.12683556190963	0.38576473113879	-2.92104350385578	0.0034886110967979	0.0246590419351608
C600_DK885_RS17010	3.47235228797826	-2.39607028166589	1.15545511186915	-2.07370261038512	0.0381069386500614	NA
C600_DK885_RS17015	5.22140155919876	-0.20914057046177	1.06878734767978	-0.195680245388188	0.844860447383007	NA
C600_DK885_RS17020	13.7560226362357	-0.549076753682996	0.493084822870426	-1.1135543586327	0.265470415978176	0.451916739523816
C600_DK885_RS17025	124.180266872849	-1.35094894135859	0.547887624766568	-2.46574092987438	0.0136730187244587	0.0635453545219217
C600_DK885_RS17030	216.580829782316	-0.67266992982911	0.242490829078898	-2.77400152568346	0.00553714185226796	0.0334206061797602
C600_DK885_RS17035	91.2423156668203	-0.0642797485311151	0.309159073179945	-0.207918039959	0.8352929631239	0.908607149471814
C600_DK885_RS17040	364.391800123453	0.474303868444189	0.22349104152922	2.1222500248726	0.0338167477149404	0.119394161908398
C600_DK885_RS17045	8.14236837828314	-0.702768563205532	0.618206439321634	-1.13678622302396	0.255627664057012	0.440827298220765
C600_DK885_RS17050	15.1600665874573	0.458525071121864	0.624634380686197	0.734069537796091	0.462906358125565	0.643637240445292
C600_DK885_RS17055	6.53986264419931	0.517730608981636	0.712875655040111	0.726256543229135	0.467681514608434	NA
C600_DK885_RS17060	10.4696188834727	0.0634583628888884	0.601508749800835	0.105498653028572	0.915980138753586	0.956096057239144
C600_DK885_RS17065	12.1444132509276	-0.353223443009909	0.732069024942911	-0.482500189155598	0.629450664070849	0.773907926261712
C600_DK885_RS17075	21.9805964468501	-0.400720237528947	0.585046488779755	-0.684937428416565	0.493383406287021	0.671881661929678
C600_DK885_RS17080	24.8582724068699	0.230277816863356	0.502005674611249	0.458715565400096	0.646438434875609	0.786550783822507
C600_DK885_RS17085	29.9363162596519	0.144224470390167	0.513462646716175	0.280886002735638	0.778797836838594	0.873211808614563
C600_DK885_RS17090	13.0758985290036	-0.320309293413601	0.531110059768293	-0.603094005700706	0.546446153909446	0.714376512037735
C600_DK885_RS17095	4.63615094020724	0.346524471528086	0.84564943177649	0.409773197387631	0.681972329357364	NA
C600_DK885_RS17100	1.44357598895814	-0.789467698652659	1.73669104179529	-0.454581545970637	0.649410313520518	NA
C600_DK885_RS17105	82.2607106081739	-0.128261852678978	0.376861326779665	-0.340342305152387	0.733598761712047	0.842607413050785
C600_DK885_RS17115	6.22953207584233	-0.268855123217687	0.832749738147478	-0.322852245880951	0.74680714339838	NA
C600_DK885_RS17120	59.1144462900703	0.2960516052945	0.458442294857313	0.645777251827613	0.518423622223472	0.691231983993541
C600_DK885_RS17125	9.84247706056727	-0.574416660963334	0.572208706547304	-1.00385865225531	0.31544674884005	0.504293565627866
C600_DK885_RS17130	7.76881277030573	-0.185672057891821	0.719028596483319	-0.258226249692877	0.796232300409042	0.882382024715594
C600_DK885_RS17135	6.20712978800205	0.878192117276221	0.724506895620874	1.21212389086186	0.225464959756149	NA
C600_DK885_RS24580	1.88224960354569	0.334765737892849	1.25014754482315	0.267780982556109	0.788867910020608	NA
C600_DK885_RS17150	259.486263684647	0.830710810930355	0.558813250523188	1.48656247888289	0.137130403831526	0.296942831360287
C600_DK885_RS17155	42.609955133039	-0.108183510223344	0.374731399637552	-0.288696144299574	0.772813913534304	0.868566319417576
C600_DK885_RS17160	52.0636002841166	-0.679608287477288	0.372038871579668	-1.82671311895902	0.067742914710415	0.187183697481956
C600_DK885_RS17165	505.847542028669	-1.34249380758265	0.256503298831312	-5.23382667474204	1.66036156937203e-07	1.43563356161051e-05
C600_DK885_RS17170	649.764483101648	0.100838864174714	0.224205340266515	0.449761205753822	0.652882633354188	0.791205225166516
C600_DK885_RS17175	213.147844616075	0.350284079804373	0.507641232342578	0.690022908871963	0.490179780913339	0.669294317089899
C600_DK885_RS17180	84.9829277127925	-0.147650009358473	0.314995554191534	-0.468736804039763	0.639257776458912	0.782258063575809
C600_DK885_RS17185	11.719053787417	1.34600434971465	0.625688429310031	2.15123739973735	0.0314574664679151	0.114318177825932
C600_DK885_RS17190	2.08489128203172	0.186692964590445	1.26253044679286	0.147872049394683	0.882443747023316	NA
C600_DK885_RS17195	6.01071075793973	0.996181488630601	0.719860935003964	1.38385268624851	0.166403566692703	NA
C600_DK885_RS17205	71.6534105630309	0.106253158490446	0.337503955542428	0.31482048356938	0.752897958338057	0.856833366728159
C600_DK885_RS17210	49.954296514527	0.20873599625737	0.475862488771679	0.438647721101469	0.660916813177378	0.796786222890237
C600_DK885_RS17215	255.418123912865	0.072248325399817	0.291279487462647	0.248037807362188	0.804105154572448	0.886614165095006
C600_DK885_RS17220	499.845191847584	0.726281189450097	0.389880442128066	1.86283052693249	0.0624861136493258	0.176403470423837
C600_DK885_RS17225	91.4841760013738	0.846129912258387	0.528702363581264	1.60038988009618	0.10951211872141	0.255701836102384
C600_DK885_RS17235	8.32350895219159	0.221630988196529	0.602314337217189	0.367965652653244	0.712898845338234	0.830012127619949
C600_DK885_RS17250	623.94544324797	-1.4108833117605	0.617920088086009	-2.28327794963047	0.0224140010386291	0.0904136098465165
C600_DK885_RS17255	206.052414123637	-2.02641312517719	0.29760898664014	-6.8089782773511	9.82943184652985e-12	5.22083251505685e-09
C600_DK885_RS24370	0.499772038576888	-0.677729242151297	2.36527186666364	-0.286533337542833	0.774469663655479	NA
C600_DK885_RS17265	10.3243512270369	-0.282925786288399	0.637937829508432	-0.443500562596217	0.657403712377382	0.794353917003285
C600_DK885_RS24585	0.337690056565803	-1.7211811074079	3.01715873034496	-0.57046422188438	0.568362881901565	NA
C600_DK885_RS24135	0.879359228679653	0.747073542086178	2.12616716228629	0.351371028269875	0.725310014555451	NA
C600_DK885_RS17280	3.7634719683125	0.143159599140384	0.857774748925902	0.166896495052632	0.86745149101354	NA
C600_DK885_RS17290	8.21125743758122	-0.328306916816086	0.659361435661888	-0.497916467447813	0.618542919969525	0.767604331257241
C600_DK885_RS17295	33.6975517670929	-0.350557444316507	0.498331653911204	-0.703462125203412	0.481767802158193	0.660964091669433
C600_DK885_RS17305	9.74501734001498	-1.9174617655821	1.02854958600871	-1.86423852740325	0.0622882151527476	0.176228903629772
C600_DK885_RS17310	14.6351527883941	0.47008039096122	0.580424090110948	0.809891248434166	0.418002682131135	0.607320817570755
C600_DK885_RS24645	1.88371690337109	-1.26537952460678	1.4297486647805	-0.885036339447146	0.376137032256042	NA
C600_DK885_RS17320	1.61147363285453	0.888812094964354	1.47545036312506	0.602400539643922	0.5469075508851	NA
C600_DK885_RS17325	1.58071562698408	-0.952399989767079	1.39044432893983	-0.684960893395317	0.493368598695135	NA
C600_DK885_RS17330	266.431807247605	0.830885369586728	0.419901266829654	1.97876366475408	0.0478426212206266	0.149227236324069
C600_DK885_RS17340	22.4677901596511	0.467266806939345	0.404202883933603	1.1560204677216	0.247672785111253	0.433136131252887
C600_DK885_RS17350	6.89408491715112	1.27422486987782	0.732532629033822	1.73947865169974	0.0819506041525786	NA
C600_DK885_RS17365	0.180556390704617	1.20336424726912	4.0804728567969	0.294908038725135	0.768064130898878	NA
C600_DK885_RS17375	0.257025073688831	-1.42351571407164	4.05395022715003	-0.351142869129991	0.725481168136956	NA
C600_DK885_RS17380	0.188591368672469	1.20336424726912	4.0804728567969	0.294908038725135	0.768064130898878	NA
C600_DK885_RS17385	187.985340775925	0.348955689558436	0.274502767770835	1.27122830998104	0.203647437901713	0.381203377645245
C600_DK885_RS17390	14.6826465998473	0.379495004604515	0.490867383863392	0.773111062335583	0.439456654754327	0.624463230770636
C600_DK885_RS17395	8.82945555200543	-0.882286292459268	0.628221094114428	-1.40442003734845	0.160193807601946	0.325820884389517
C600_DK885_RS24020	0.174840471670144	1.20336424726912	4.0804728567969	0.294908038725135	0.768064130898878	NA
C600_DK885_RS17400	117.704367116044	0.319549544807612	0.274763196748466	1.16299980706712	0.244829580700414	0.429626501192649
C600_DK885_RS17405	0.510418785880561	1.13934086297206	2.3480275243655	0.485233180254111	0.627510948063065	NA
C600_DK885_RS17420	1.66008878970655	-0.473561645660944	1.47873470320907	-0.320247874505985	0.748780433998498	NA
C600_DK885_RS17425	4.12617897721598	-0.615425361662222	0.86895639522058	-0.708235033480592	0.478799313709539	NA
C600_DK885_RS17430	343.606887692675	-1.22161383231023	0.36672522079661	-3.33114212776696	0.000864904305372604	0.00934800641678879
C600_DK885_RS17440	1.79508484847001	-2.02643645436353	1.4382915822781	-1.40891908103492	0.15885909670942	NA
C600_DK885_RS17445	1.2709121710586	-1.27238869064145	2.00202107982472	-0.635552094562787	0.525068401994332	NA
C600_DK885_RS17450	1.40200340273071	0.718043837151308	1.89017219096594	0.379882764429184	0.704032441963776	NA
C600_DK885_RS17455	49.6829931673828	1.29435795707948	0.358003325519783	3.61549143489157	0.00029977838704345	0.00430338240551177
C600_DK885_RS17460	0.190703111027855	-0.720189104373366	4.0804728567969	-0.176496482061812	0.859903912208586	NA
C600_DK885_RS17465	5.00885855639093	-0.582866331791323	0.948049645430051	-0.61480570622114	0.538683040436042	NA
C600_DK885_RS17470	850.470607657052	0.0849554125219062	0.321330061564828	0.264386755811723	0.791481915890061	0.880793104842636
C600_DK885_RS17475	81.0245478811342	-0.195032885027529	0.339842168483841	-0.573892539285638	0.566040522027931	0.729729077981917
C600_DK885_RS17480	39.1761094106094	-1.08205443168199	0.43370677726582	-2.49489860062481	0.01259931285763	0.0602800811113556
C600_DK885_RS17485	352.82668163573	-0.373941962175459	0.356158907410022	-1.0499301137651	0.293750245125262	0.484161125504907
C600_DK885_RS17490	708.321317053365	-0.923456508946156	0.283488464040527	-3.25747473383658	0.00112408264866994	0.0112650654656465
C600_DK885_RS17495	85.5994850531925	-0.813286254485776	0.280490165472695	-2.89951789616291	0.00373737009204083	0.0255713570505936
C600_DK885_RS17505	132.986061775753	0.772818017281088	0.782365461513972	0.987796695147549	0.323252226437129	0.511426288465212
C600_DK885_RS17510	239.09332739019	0.417242933292132	0.775740024978491	0.537864387368308	0.590670676232964	0.749015543736071
C600_DK885_RS17515	10.4524121046442	0.0684253337114051	0.599411718364313	0.114154147500028	0.909115599218796	0.95267525307088
C600_DK885_RS17520	9.76044152618721	0.199837962646942	0.578497172313354	0.345443283409337	0.72976114205698	0.840121389493243
C600_DK885_RS17525	9.77871532071154	-0.105988393147999	0.648773941358212	-0.163367216824572	0.870229313269807	0.928944182238628
C600_DK885_RS17530	3.97223954689991	-1.06964483052789	1.03659458109145	-1.03188348660056	0.302126702717578	NA
C600_DK885_RS17535	11.5481476585325	-0.436220639537919	0.573548136574236	-0.760565001820833	0.446916930486064	0.630429724464071
C600_DK885_RS17540	63.8703906311696	-0.662109718036003	0.571663408166896	-1.15821602113582	0.246775891887156	0.431973995309061
C600_DK885_RS17545	138.590841097457	-1.02178938864498	0.625267226094012	-1.63416431567669	0.10222435313168	0.246686179045577
C600_DK885_RS17550	19.9445603199974	0.238496085548576	0.468795323994194	0.508742458257817	0.610932757458986	0.761975173509731
C600_DK885_RS17555	15.1992806312266	-0.151276545795379	0.607372304877181	-0.249067243568126	0.803308766985628	0.886152227050249
C600_DK885_RS17560	30.415337723803	-0.0553425255484472	0.499545698230223	-0.110785711386392	0.911786276259258	0.95386082586717
C600_DK885_RS17565	3.59752493612698	0.308972887869877	1.1320817020228	0.272924548924168	0.784911215334905	NA
C600_DK885_RS17570	3.2818816280267	-0.02688648310824	0.896895630779817	-0.0299772706940976	0.976085180381134	NA
C600_DK885_RS17575	1.23446338065197	0.601671745255941	1.52579267613329	0.394333879476152	0.693334553299896	NA
C600_DK885_RS17580	15.2643966966506	0.529958066169935	0.488609802270185	1.08462430288471	0.278088086669196	0.465944797762988
C600_DK885_RS17585	661.605875082238	0.388306920113775	0.364873927690316	1.06422216180748	0.287228069744313	0.476534566403104
C600_DK885_RS17590	15.3693024605109	0.715633485383275	0.598395870003728	1.19591982708506	0.231727847060877	0.414924578479513
C600_DK885_RS17595	9.97182975832909	-0.272156961561817	0.60114973411998	-0.452727409021026	0.65074504038181	0.790418183645727
C600_DK885_RS17600	158.143666974247	-0.476916148778233	0.336756881032413	-1.41620312943904	0.156716039918428	0.32196134520372
C600_DK885_RS17605	17.5576938573118	-1.14038874971493	0.477895039129806	-2.38627450871105	0.0170200413527028	0.0737535125283788
C600_DK885_RS24650	5.83960467853827	-1.5913765261272	1.05889971438886	-1.50285858472033	0.13287551476719	NA
C600_DK885_RS24145	3.40295131011694	-0.107883806258445	0.974857611260726	-0.110666219366052	0.911881034434342	NA
C600_DK885_RS17615	0.652682219727301	0.364382898678454	2.23231251239401	0.163231132135562	0.870336455021689	NA
C600_DK885_RS17620	3.39895262986486	1.16459694815907	0.930433642850668	1.2516711504444	0.210689716588359	NA
C600_DK885_RS17625	20.3038306150151	-1.36789675985921	0.538229063159372	-2.54147695375225	0.0110385223180885	0.0547216346382041
C600_DK885_RS17630	131.913938480157	-0.634162639969795	0.299690148376814	-2.11606101636826	0.0343396184819991	0.120334308686214
C600_DK885_RS17635	398.967022342455	-0.509106649574642	0.306479465426676	-1.66114440608891	0.0966844478194671	0.238780453234484
C600_DK885_RS17640	127.885086741448	-0.590110853989161	0.312281696183275	-1.88967480707813	0.0588014654589111	0.17065768673903
C600_DK885_RS17645	95.1123900598487	-0.607862383887108	0.336926333741296	-1.80414032093391	0.0712093121475826	0.193393880617029
C600_DK885_RS17650	166.501957002287	-0.659054948718084	0.286079940450667	-2.30374400833509	0.021237017866236	0.0871514706696087
C600_DK885_RS17655	963.160768614566	-1.21050305038788	0.401850165938854	-3.01232437607622	0.00259255402332245	0.0202246468775309
C600_DK885_RS17660	185.321846715703	0.193770243169205	0.258561757983069	0.749415708961467	0.453606685656261	0.635459554359449
C600_DK885_RS17665	139.809218601266	0.0274319730609236	0.264353973709609	0.103769853261436	0.917351990891417	0.957259248423881
C600_DK885_RS17670	931.700362535901	0.513440287614848	0.288672540469682	1.77862531288726	0.075301211279657	0.201852850423767
C600_DK885_RS17675	581.622132230298	0.43522152018054	0.275441360082382	1.58008775461452	0.114086771219479	0.261997909446585
C600_DK885_RS17680	464.393609356916	0.46680752241734	0.495219995561858	0.942626563145372	0.345871947947676	0.536483897567568
C600_DK885_RS17685	2475.8491386978	1.70635717957041	0.823222662034859	2.07277721844124	NA	NA
C600_DK885_RS17690	857.088816984398	1.56034650716007	0.796578196901788	1.95881146788713	0.0501348700736802	0.153487184081131
C600_DK885_RS17695	3163.14767570287	-0.0829373683417554	0.271550587844508	-0.305421428103282	0.760045203702216	0.861770331916109
C600_DK885_RS17700	179.312478178729	-0.771306773866474	0.338857899359501	-2.2761953471481	0.022834320283101	0.0912881750672789
C600_DK885_RS17710	167.332247883364	-0.390945906469579	0.372811070699208	-1.04864350121459	0.294342226614284	0.484600681612196
C600_DK885_RS17720	102.946453990486	-0.730613649905026	0.343311752482288	-2.12813468989157	0.0333259178599891	0.118230689507099
C600_DK885_RS17725	783.214128022073	-0.866580808162769	0.373891702249819	-2.31773212122198	0.0204638841691802	0.0850108618335328
C600_DK885_RS17735	149.440895164687	0.432427082759969	0.368829568695742	1.17243062775341	0.241024208891921	0.426604088675627
C600_DK885_RS17740	1946.86209180322	0.282990795272734	0.24223085124681	1.1682690037876	0.242698274130551	0.42751064931579
C600_DK885_RS17745	265.443194021256	0.351017065784462	0.616068987430568	0.569769089089267	0.568834323406509	0.731013500488896
C600_DK885_RS17750	138.894964007585	-1.85148866239907	0.482125652506915	-3.84026166782841	0.000122903239594242	0.00227340420304176
C600_DK885_RS17755	166.094766556076	0.610308064729594	0.303980071287727	2.00772393448095	0.0446726357852997	0.142814152923254
C600_DK885_RS17760	1575.41756551059	-0.877585526140241	0.189696193143941	-4.62626851701938	3.72312551331729e-06	0.000155534614140603
C600_DK885_RS17770	6340.66765053385	-1.06611727114826	0.46591878097253	-2.28820411343564	0.0221256372844089	0.089708963384332
C600_DK885_RS17775	691.123547972241	-0.894789538798606	0.3369699853288	-2.65539833740834	0.00792148065181054	0.0431132406882638
C600_DK885_RS17780	102.658177001456	-0.708540648316212	0.320586548803661	-2.21013841959461	0.0270955571822774	0.103430473925778
C600_DK885_RS17785	2491.960624979	-0.172436276026816	0.213431245511629	-0.807924236273179	0.419134198265999	0.608251736593671
C600_DK885_RS17790	163.532467978746	-0.210430955960351	0.6549059272566	-0.3213147830893	0.747971854626907	0.852531991263899
C600_DK885_RS17800	59.3356793292786	0.289912139771996	0.321109110571377	0.902846198465471	0.366607528183309	0.559083999091691
C600_DK885_RS17805	115.952051272194	-0.387469283533969	0.280996702696158	-1.37891042783139	0.167922372639475	0.335303642037362
C600_DK885_RS17810	63.4074754882387	-0.760093203681328	0.37896356704991	-2.0057157726226	0.0448865814233515	0.143251768010318
C600_DK885_RS17815	1011.98018044129	-0.110018402601127	0.203837193352204	-0.539736643699906	0.589378665330346	0.748287081541141
C600_DK885_RS17825	41.0194102059323	0.0992537587460945	0.534153680570089	0.185814986129391	0.852589851967958	0.920153576086173
C600_DK885_RS17830	921.024065903381	-0.60928056443966	0.249679094309781	-2.44025462413652	0.0146769129459055	0.067120248871927
C600_DK885_RS17835	4488.5954604523	-0.632094129409143	0.364597568660364	-1.73367620560839	0.0829755506983366	0.2149847369313
C600_DK885_RS17840	245.740842215161	-1.82732095444585	0.525125138112817	-3.47978190686668	0.000501822108454134	0.00615767194466162
C600_DK885_RS17845	116.637583567641	0.011766377898421	0.349138714011506	0.0337011549456335	0.973115457983683	0.988374236494587
C600_DK885_RS17850	109.194902189241	-0.830643389048023	0.423675374221494	-1.96056565849345	0.0499297117040379	0.153167217917172
C600_DK885_RS17855	1115.69175197824	-0.534017029576857	0.370856717302221	-1.43995512191754	0.149880096382893	0.312712793687764
C600_DK885_RS17860	224.911207131039	0.986033329191878	0.393258993091588	2.50733828472738	0.0121644230106565	0.058736785394313
C600_DK885_RS17865	68.1118104752754	-1.07185181080097	0.345733693107263	-3.10022376230607	0.00193374495146211	0.0165279625966347
C600_DK885_RS17875	94.3933840221992	0.809858368645259	0.389514225786051	2.07914965624411	0.0376035972366205	0.126525044819688
C600_DK885_RS17880	708.613727446205	-0.773052563687559	0.363179408291177	-2.12856936830452	0.0332899050764992	0.118230689507099
C600_DK885_RS17885	152.717549168092	0.425472120613858	0.270837970312227	1.57094708737983	0.116194939843728	0.265038519226369
C600_DK885_RS17890	71.9888286909481	-0.459479187154814	0.324870019747374	-1.4143477674921	0.157259818187066	0.322677706412534
C600_DK885_RS17895	3.4538109175498	0.0830765007803461	0.978556995757352	0.0848969463613606	0.932343319475032	NA
C600_DK885_RS17900	573.260780414915	1.01699213823848	0.418047864901671	2.43271697722386	0.014986009634757	0.0681982666120276
C600_DK885_RS17905	536.364527819146	1.19811906909573	0.424867593162911	2.81998224476566	0.00480263067534134	0.0307335298638883
C600_DK885_RS17910	126.53111313202	0.912945660627492	0.390084210907769	2.34038096159536	0.0192640784085529	0.0815761315751704
C600_DK885_RS17915	407.092473983869	-1.09667473391134	0.395516913404593	-2.77276317837135	0.00555825544833755	0.0334936689739368
C600_DK885_RS17920	65.4745115486017	0.83188739546401	0.59227607647027	1.40456018487481	0.160152103143529	0.325820884389517
C600_DK885_RS17925	222.249988820521	-0.369079178031653	0.335477676662474	-1.10016017072571	0.271262340957933	0.458555462909925
C600_DK885_RS17930	54.9458331184461	0.844860485722106	0.361590005553208	2.3365150384329	0.0194644147557249	0.0818841883160027
C600_DK885_RS17935	96.8126376112265	-1.42290279145786	0.42766332666354	-3.32715643999402	0.000877371029327793	0.00942793493364374
C600_DK885_RS17940	1298.30059804035	0.0899994822479285	0.26612281205977	0.338187777106891	0.735221686242294	0.844210694703166
C600_DK885_RS17945	1723.098603239	-1.4294853993365	0.585344625881822	-2.44212611875095	0.0146010448079889	0.066916328329934
C600_DK885_RS17950	20131.1493811549	-1.4148003116139	0.520065830933475	-2.72042542974695	0.00651979752475046	0.0374142012639624
C600_DK885_RS17955	12993.2870309112	-0.926894195509128	0.423138286723922	-2.19052310932545	0.0284863207021813	0.107307133101023
C600_DK885_RS17960	7088.50965560212	-1.45878249609666	0.50827806481428	-2.87004810374748	0.00410409358126681	0.0272482498841965
C600_DK885_RS17965	5335.60209762702	-1.19327513859611	0.455677605708698	-2.61868286623446	0.00882699666145311	0.0464855149961511
C600_DK885_RS17975	1888.97662068515	-0.522045755983271	0.429275661980221	-1.21610844084453	0.223943615524554	0.405761385243807
C600_DK885_RS17985	122.153326382096	0.231778871941031	0.482406389683385	0.480463934346212	0.630897542270286	0.775236156735221
C600_DK885_RS17990	324.507233896197	0.0876313894727689	0.234072509013229	0.374377110076675	0.708123770314402	0.826845681729415
C600_DK885_RS17995	1334.00440129236	0.232211973183294	0.588708871535181	0.394442795770603	0.693254153055743	0.817728023609137
C600_DK885_RS18000	2417.68984393324	-0.00937453421853955	0.646895112054914	-0.0144915830153061	0.988437794340629	0.995072343156867
C600_DK885_RS18005	266.735597175852	-0.324162864690979	0.642919096823246	-0.504204753432762	0.614117500448873	0.76440872670536
C600_DK885_RS18010	61.3751725421492	-0.86873836848816	0.799448172872087	-1.0866725298366	0.277181558383429	0.464902584872423
C600_DK885_RS18015	385.126802316276	-0.810193384131972	0.680513854427235	-1.19056118969669	0.233825895133341	0.417762939983547
C600_DK885_RS18020	175.981728252399	0.669629113144467	0.284096081423341	2.35705156434956	0.0184206887869864	0.0787219780574889
C600_DK885_RS18025	1030.23022398645	-1.47565704066529	0.358891745011693	-4.11170516228287	3.92747651288979e-05	0.00103669437449354
C600_DK885_RS18030	316.363121107521	-0.516571749378984	0.266654385201387	-1.93723328040846	0.0527168338080364	0.158577013024498
C600_DK885_RS18035	270.786410346868	-0.468367934615512	0.249985850798771	-1.87357777697799	0.0609886434252491	0.174044921139505
C600_DK885_RS18040	714.918043654204	-0.355745102817069	0.25775170323227	-1.38018526495049	0.167529609678181	0.33469913422003
C600_DK885_RS18045	180.893922254627	-0.758279743376758	0.254847256040237	-2.97542832188483	0.00292579715883437	0.0218436020814181
C600_DK885_RS18050	478.503219505476	0.0667594894510675	0.434065784611359	0.15380039574149	0.877767121793218	0.932705961368158
C600_DK885_RS18055	1019.6137424735	-0.402743707807814	0.32559040441878	-1.23696430343751	0.216100335318473	0.395209565525865
C600_DK885_RS18060	778.677945542505	-0.900089041289899	0.274482697711019	-3.27921959670308	0.00104094600108023	0.0107208787590479
C600_DK885_RS18065	673.544801026884	-0.0387052369853363	0.219362763143558	-0.176443970848445	0.85994516276129	0.923819051386576
C600_DK885_RS18070	288.933024204555	0.248487159355716	0.319947197505774	0.776650526377035	0.437364982995134	0.622320324062728
C600_DK885_RS18075	919.602192380799	-0.432714761197274	0.219073350405211	-1.9752049274679	0.048244896968973	0.149978701447025
C600_DK885_RS18080	696.889182935982	0.10405494880744	0.279687144029459	0.372040513941104	0.709862685166234	0.828136009867605
C600_DK885_RS18085	1151.38703420473	-0.173726942209319	0.238402127300362	-0.728713892684527	0.466176692832854	0.646654146580077
C600_DK885_RS18090	421.461243604272	-0.012128737262446	0.247725325837209	-0.0489604251057329	0.960950834284375	0.983163236617861
C600_DK885_RS18095	23.8946802124955	-0.388301510978366	0.445291478534608	-0.872016487394306	0.383199383120323	0.575883308990041
C600_DK885_RS18105	581.646301345369	0.004084133951552	0.306834582779686	0.0133105398829326	0.989380039322957	0.995072343156867
C600_DK885_RS18110	99.1095637865717	-1.28566073804334	0.401428594154297	-3.20271340100195	0.00136139392421817	0.0129686466302574
C600_DK885_RS18115	1319.4390619503	0.115730404488968	0.221869697333985	0.521614289286004	0.601938912227458	0.755828732070817
C600_DK885_RS18120	1028.00782099362	0.125743098844264	0.350741100547991	0.358506883418583	0.719964017546724	0.834162111947249
C600_DK885_RS18125	235.608248707898	-0.982774713771155	0.380089503870625	-2.58564023411095	0.00971983246011919	0.0499838687229919
C600_DK885_RS18130	767.458930172892	-0.81303817175255	0.292043003976296	-2.78396729482533	0.00536984484743403	0.0329193911591639
C600_DK885_RS18135	341.250830015615	-0.384775634044072	0.368942940076695	-1.04291366563102	0.296988279861205	0.487291449481006
C600_DK885_RS18140	127.582758904643	0.192688122135839	0.474611774698158	0.40599102763176	0.684749192975983	0.813125997919101
C600_DK885_RS18145	177.092420379625	-0.622466650234609	0.254515906410175	-2.44568859767629	0.0144575811716165	0.0663729584030083
C600_DK885_RS18150	216.871214309017	0.00820290667660766	0.307532380109713	0.0266733105427183	0.978720300657685	0.991059186994666
C600_DK885_RS18155	1946.42609937364	0.571261770695978	0.454031320287645	1.25819903863474	0.208319782575444	0.386879596211539
C600_DK885_RS18160	151.676580113237	0.165246652958333	0.428497642184742	0.385641918858188	0.699761883415885	0.822602749413281
C600_DK885_RS18165	132.507131702242	0.15210036375885	0.455843502163021	0.333667943136448	0.738630142197092	0.847339360903667
C600_DK885_RS18170	79.147466580293	-0.569797676659599	0.352063345388801	-1.61845214539543	0.105565191973393	0.250981607364805
C600_DK885_RS18175	176.14707273394	-0.501118000906772	0.247264287957616	-2.02664931942242	0.042698288918846	0.13840648491741
C600_DK885_RS18180	191.405151517551	0.402121141808233	0.343832119176341	1.16952756703337	0.242191141210526	0.427166348681564
C600_DK885_RS18185	112.019514156312	-0.484716849471149	0.321709667259038	-1.50669034474758	0.131890047570836	0.289643943808841
C600_DK885_RS18190	70.2705482958587	-0.950863810246807	0.392644402711146	-2.42169200345464	0.0154484376590648	0.0697054505053434
C600_DK885_RS24030	2.55494143773567	-1.3130112000886	1.26559698639305	-1.03746391166013	0.299519706051539	NA
C600_DK885_RS18195	34.8442566839512	-0.481073834504519	0.422435613665123	-1.1388098421216	0.254782475847263	0.440186452230542
C600_DK885_RS18205	486.644460527113	-2.20961112991823	0.688791057552273	-3.20795559943887	0.00133682135187077	0.0127771254145386
C600_DK885_RS18210	334.751724776714	-2.05553441566611	0.438069451378079	-4.69225692227524	2.70207492257747e-06	0.000122516031245647
C600_DK885_RS18220	144.174075205099	-1.3878772738385	0.372266340589342	-3.7281836215472	0.000192864836121729	0.00320121187812762
C600_DK885_RS18225	532.544711493829	-0.772010546797656	0.359527154686016	-2.14729412433915	0.0317698733072612	0.114679989278056
C600_DK885_RS18230	699.559014105603	-0.461737206260973	0.260235770446691	-1.7743033767741	0.076012982326431	0.203174887339806
C600_DK885_RS18235	358.82702494798	-0.859322448236888	0.287162822539401	-2.99245717338282	0.0027674149247447	0.0210029969006356
C600_DK885_RS18240	20.8802443634016	-0.287801003204865	0.465749246142614	-0.617931227132333	0.536620673518168	0.707000589702533
C600_DK885_RS18245	71.7601531622205	-0.339319385893974	0.409115576671593	-0.829397376297785	0.406879585649924	0.597699841740979
C600_DK885_RS18250	47.9411649408123	-0.386866394278768	0.387401632358013	-0.998618389716152	0.317979588230624	0.506533037292829
C600_DK885_RS18255	20.8624508288675	-0.757742025359719	0.722732903787759	-1.04843991658396	0.294435970888099	0.484600681612196
C600_DK885_RS18260	1.61586290029889	0.966227775820851	1.89637315337457	0.509513528021351	0.610392318429798	NA
C600_DK885_RS18265	349.705328760177	-0.572740453491206	0.239258327327771	-2.39381617303787	0.016674103335228	0.0732793335701863
C600_DK885_RS18270	112.302964701102	-1.29575861740189	0.35754177882833	-3.62407610558998	0.000289996211043745	0.00422825848102213
C600_DK885_RS18280	19.600545198118	-0.279573471435612	0.473782358461566	-0.590088394898081	0.555131388779124	0.721418561160708
C600_DK885_RS18285	287.861415955996	-0.328247421279767	0.265847443470826	-1.23472100011294	0.216934357488663	0.395775658525356
C600_DK885_RS18290	344.090017408811	-0.368427371884702	0.290657579194728	-1.26756499144263	0.204953340570496	0.382346472775265
C600_DK885_RS18300	239.845298568155	0.265387489573836	0.327885985595614	0.809389547686071	0.418291112493713	0.607502482910791
C600_DK885_RS18305	1.19256624711501	-1.14388864033167	1.73285314715593	-0.6601186270222	0.509177706087734	NA
C600_DK885_RS18310	31.1622050923969	-0.209232965347825	0.39058497418415	-0.535691281480729	0.592171930166164	0.749791660150432
C600_DK885_RS18315	18.7573276604832	-0.160676931762752	0.434364886929975	-0.369912340056749	0.71144780658712	0.828944827606052
C600_DK885_RS18320	21.8388029326934	0.28140176036069	0.405477668108647	0.694000637996391	0.487681808817049	0.666863859744913
C600_DK885_RS18330	1325.33060105898	-1.0479310208786	0.352710980653997	-2.97107569187533	0.00296758630436095	0.0220229259074132
C600_DK885_RS18335	21.738044681023	-0.731927114835954	0.42723499716578	-1.71317218788597	0.0866808666456128	0.220437388637749
C600_DK885_RS18340	5.96661183613385	-0.260878232644781	0.733123579345325	-0.355844826158426	0.721956776971951	NA
C600_DK885_RS18345	9.207271797342	0.517913936601563	0.578168292350609	0.895784053628962	0.370368108212403	0.562971637912394
C600_DK885_RS18350	9.9796070016559	-0.161921764469067	0.555083165728302	-0.2917072151821	0.770510492130791	0.867447118598497
C600_DK885_RS18360	0.925921664901389	-0.716108861271772	2.02735988122291	-0.353222369597159	0.723921738876421	NA
C600_DK885_RS24655	0.45605587308698	-0.560704600984791	2.39559117907639	-0.234056881609061	0.81494081969369	NA
C600_DK885_RS18365	18.5819218576583	0.555250870328224	0.438707993255477	1.26565022489772	0.205638336097727	0.382919926603424
C600_DK885_RS18370	2.24310151145957	1.99912477856136	1.32446188402962	1.50938641773451	0.131200061991692	NA
C600_DK885_RS18375	7.68596125246212	1.33882240583773	0.769203136107364	1.74053165281279	0.0817657070727067	0.212739607345223
C600_DK885_RS18385	1.93511038507826	2.40339380374858	1.4511158786542	1.65623837427617	0.0976735548522184	NA
C600_DK885_RS18390	43.5561697638946	1.06119908070407	0.387899269239417	2.735759422246	0.00622365080798598	0.0365991573384179
C600_DK885_RS18395	146.598122848391	-1.89362243287452	0.656455250658497	-2.88461769629386	0.00391889240905802	0.026347996341551
C600_DK885_RS18400	963.124411104798	-1.64412351021633	0.63276439871141	-2.59831860573146	0.00936815266533308	0.0486463569967994
C600_DK885_RS18405	504.705274251998	-3.45006393239653	0.793553818698776	-4.34761178271909	1.37627931354015e-05	0.000456875579262705
C600_DK885_RS18410	286.833171209714	-1.00161116402339	0.372457899123825	-2.68919297021111	0.00716250014494936	0.0398655322438948
C600_DK885_RS18415	50.6980849116955	0.236391791454549	0.355404480546294	0.665134528104963	0.505964452021448	0.682209640619444
C600_DK885_RS18420	29.3844324018371	0.0890231547424342	0.430705827388182	0.206691317092862	0.836250938935414	0.908851502765819
C600_DK885_RS18425	10.276625595823	-0.152039949022377	0.672629274877867	-0.226038257181096	0.821171665315389	0.898503899835967
C600_DK885_RS18430	4.44691424422997	-1.06601247156847	0.862864567122465	-1.23543428735691	0.216668918644644	NA
C600_DK885_RS18435	4.82145802742107	-0.254289363751033	0.771778195691293	-0.329485032319762	0.741789105441907	NA
C600_DK885_RS18440	2.41870493392522	-1.83506891220099	1.36570378953835	-1.34368003241852	0.179051876939036	NA
C600_DK885_RS18445	5.10708003983719	-0.447217782944791	0.762914163774749	-0.586196723274929	0.557743323419286	NA
C600_DK885_RS18450	24.3748227334649	0.7820801688819	0.471493635213308	1.65872900601952	0.0971704117249495	0.239416561161937
C600_DK885_RS18455	164.833551563101	-0.180412339341644	0.296833637832668	-0.607789402370047	0.543327158912151	0.71180069655933
C600_DK885_RS18465	89.3989709798535	0.350208180574264	0.330275929918652	1.06035029758457	0.288985264788969	0.478624969334583
C600_DK885_RS18470	7.59146121635942	0.655431537261565	0.669023735616752	0.979683533435989	0.327242356782045	0.515095133608854
C600_DK885_RS24045	0.783599209329544	-0.267531531499201	2.09264207405662	-0.127843903559	0.898272505094426	NA
C600_DK885_RS18485	3.9840482515947	0.453766364387631	0.931042186684498	0.487374654851594	0.625992851320332	NA
C600_DK885_RS18490	450.008113973916	-0.147318561388068	0.24512975764526	-0.600981956671535	0.547852004108433	0.71495744165502
C600_DK885_RS18495	285.489052046472	-0.00376656624526144	0.256136914471584	-0.0147052846835137	0.988267303247283	0.995072343156867
C600_DK885_RS18505	2.73402958440608	-2.66588897741908	1.40326051009923	-1.89978194229279	0.0574617416288049	NA
C600_DK885_RS18510	0.174840471670144	1.20336424726912	4.0804728567969	0.294908038725135	0.768064130898878	NA
C600_DK885_RS18520	2.20350048416754	-1.04038210133542	1.29808449733774	-0.801474868137749	0.422856787714219	NA
C600_DK885_RS18525	2.34637229150761	1.624269320895	1.23957759095595	1.31034098449811	0.190080508505596	NA
C600_DK885_RS18530	1.23162680685746	-2.39130561687011	1.97238029992233	-1.2123958127975	0.225360902977532	NA
C600_DK885_RS18535	169.687556400302	-0.0331273839198936	0.244502953820779	-0.135488685932915	0.892225509090892	0.944828949814849
C600_DK885_RS18540	4.36201417845164	-0.456028257453289	0.911314219800588	-0.500407266280862	0.616788337983218	NA
C600_DK885_RS18550	0.146986945537947	-0.720189104373366	4.0804728567969	-0.176496482061812	0.859903912208586	NA
C600_DK885_RS18555	3.44147876837082	-0.504188836267753	1.13807825399104	-0.443017722638713	0.657752915774992	NA
C600_DK885_RS18560	57.0084671069161	-1.04519017966698	0.441816572795526	-2.36566540058401	0.0179977020148825	0.0773589087761076
C600_DK885_RS18565	30.5985047808016	0.137728346831717	0.415528814065808	0.331453180067326	0.740302200916401	0.847949347814904
C600_DK885_RS18575	4.37094558822619	-0.279213048345564	0.796172274842355	-0.350694261993548	0.725817730765872	NA
C600_DK885_RS18580	43.3131533395046	-0.237436742981529	0.399026427142448	-0.595040144789125	0.551816636793837	0.717863630370709
C600_DK885_RS18585	94.7434229898194	-0.532494811012196	0.273513373302289	-1.94686937820652	0.051550396670319	0.156109571893787
C600_DK885_RS18595	114.791911892507	-1.36101339828378	0.285257563108408	-4.77117375417859	1.83155454272522e-06	9.32838327377035e-05
C600_DK885_RS18605	13.3851884537642	0.281176836714494	0.580476775808482	0.484389468162397	0.628109491397509	0.773025848730864
C600_DK885_RS18615	98.7067048707868	-0.957744133628634	0.338894838208842	-2.82608061748769	0.00471214030279782	0.030416211190629
C600_DK885_RS18620	254.217486852665	-1.3328583268459	0.374383390094391	-3.56014278974784	0.000370653194373525	0.00499307455319119
C600_DK885_RS18625	47.6153778281958	-1.01187485994845	0.379942731827627	-2.66322994278917	0.00773945072360823	0.0423789069077694
C600_DK885_RS18630	5.24116020086319	-0.730441162400886	0.750624671091964	-0.973111050744287	0.330498112341899	NA
C600_DK885_RS18635	24.3029068322144	-0.476753449170871	0.479059322937689	-0.99518666341221	0.319645486952594	0.508358667081695
C600_DK885_RS18645	1.95871828652991	-0.314818100439228	1.31429761182679	-0.239533342833707	0.810692044993082	NA
C600_DK885_RS18650	31.1788982580243	0.161666348990659	0.497847031526219	0.324730969059006	0.745384693879656	0.851148738281499
C600_DK885_RS18655	12.6102704218599	0.669297708349083	0.519164406085863	1.28918257974409	0.197334619742751	0.372431531067791
C600_DK885_RS18660	12.5081569870469	-0.0627578690681714	0.746145415166093	-0.0841094346927019	0.932969423427162	0.965959812985263
C600_DK885_RS18665	271.907273999797	0.314410893348104	0.401412237069121	0.783261854804801	0.433473358375251	0.619628583790536
C600_DK885_RS18670	1230.03601440121	0.549847003158518	0.410100386306371	1.3407619732105	0.179997746184374	0.350383047284556
C600_DK885_RS18675	21.8640662651742	-0.0744657294580231	0.428090993093612	-0.173948367658694	0.861906040122513	0.92430535251673
C600_DK885_RS18680	51.037833175985	-0.228904765694228	0.469541260172725	-0.487507244006678	0.625898910539282	0.771708376064684
C600_DK885_RS18685	47.7262217107818	-0.168495231525286	0.428563004761859	-0.393163268068168	0.694198897519396	0.817728023609137
C600_DK885_RS18690	27.2193895767183	-0.92040018382875	0.637716847535305	-1.44327406024473	0.148943283974749	0.311632599785097
C600_DK885_RS24290	0.190703111027855	-0.720189104373366	4.0804728567969	-0.176496482061812	0.859903912208586	NA
C600_DK885_RS18695	44.6241360920969	0.290239593695735	0.432104984318406	0.671687678293166	0.501782547228606	0.678410003853076
C600_DK885_RS18705	2.77309969201939	0.444767452612312	1.17219674725834	0.3794307172858	0.704368043815942	NA
C600_DK885_RS18715	360.813995506987	-0.755728591271974	0.359820442955966	-2.10029364942018	0.0357030175741326	0.122468683382351
C600_DK885_RS18720	41.505391453607	-0.330547588582142	0.386599934694776	-0.855012013499464	0.392544497049939	0.585169951015224
C600_DK885_RS18725	14.9295631817027	-0.733222114894692	0.625742512019939	-1.17176330648816	0.241292098394352	0.42679544330647
C600_DK885_RS18730	5.04649818650017	-0.56644701957685	0.796987183193945	-0.710735418989801	0.477248206819719	NA
C600_DK885_RS18735	0.858773077630735	2.14489189510827	2.09152882156975	1.02551390781145	0.305120766485069	NA
C600_DK885_RS18740	34.0595196256973	-0.938422677542109	0.513898597901798	-1.8260853043258	0.0678374134596142	0.187183697481956
C600_DK885_RS18745	69.4353171692868	-0.506632737012398	0.309302900247017	-1.63798249744114	0.101425344954135	0.245762508427498
C600_DK885_RS18755	12.8857403982115	-0.539633856990622	0.570120734848245	-0.946525576085673	0.343880583546936	0.534518527967974
C600_DK885_RS18760	27.0136811192356	-0.0124143647593556	0.399089914580094	-0.0311066862524388	0.975184457393046	0.989431074248657
C600_DK885_RS18765	49.6013434491349	0.617634796355797	0.338929129419258	1.82231252124623	0.0684075793855762	0.188539199522292
C600_DK885_RS18770	11.8212085203737	0.204964868474669	0.552094535870336	0.37124958708667	0.710451642707151	0.828303294946751
C600_DK885_RS18775	10.9805095673069	0.0688210513261128	0.531958600061838	0.129372946161812	0.897062553592414	0.947343446370383
C600_DK885_RS18785	364.820025143704	1.02227529333907	0.216399594640694	4.72401667404433	2.31231445562179e-06	0.000108825128430403
C600_DK885_RS18795	17.0875925973934	0.892113698151379	0.45567200359506	1.95779791409825	0.0502537302928899	0.153654086536977
C600_DK885_RS18800	42.6995639363863	0.117862477197672	0.387859781200173	0.303879089584808	0.761220009024213	0.861770331916109
C600_DK885_RS18805	50.3044172255216	0.374415555017604	0.520762598321268	0.718975510577317	0.472156008867676	0.653078884289442
C600_DK885_RS18810	24.6656687622036	0.072720376867396	0.416628491283701	0.17454489644559	0.861437249990475	0.92430535251673
C600_DK885_RS18815	2.73006573558961	-0.228790147835308	1.0844471283609	-0.210973999425048	0.832907560165886	NA
C600_DK885_RS18820	13.7304119128903	-0.917263477298395	0.666800473086713	-1.37561911594371	0.168939585259962	0.336431375466811
C600_DK885_RS18825	1.19045450475962	-0.185034724148322	1.65215005903761	-0.111996318455544	0.910826325653537	NA
C600_DK885_RS18835	11.5190944084791	-0.62677379831256	0.630552717367292	-0.994006973642887	0.320219472379056	0.508358667081695
C600_DK885_RS18840	2.24362996085906	-1.07583788959511	1.18767515934011	-0.905835136092985	0.365023120598334	NA
C600_DK885_RS18845	12.1563342408017	-3.32283204822446	0.957550886186677	-3.47013625715204	0.000520194398553048	0.00627948952539036
C600_DK885_RS24590	10.166647063346	-1.70229154687651	0.704425793187411	-2.41656617821151	0.0156676778726371	0.0703531718966966
C600_DK885_RS24385	0.827874423524991	2.09578638767467	2.50977053997881	0.835050995415848	0.403688996513044	NA
C600_DK885_RS18865	0.686251664893971	1.7466345435407	2.17779471810492	0.802019827222554	0.422541489167837	NA
C600_DK885_RS18870	3.41928213954799	-0.760449921134464	0.934855824672258	-0.813440854798185	0.415965343644716	NA
C600_DK885_RS18875	32.1679765421196	0.194811216330559	0.387647377014085	0.502547490018177	0.615282455494168	0.765346326372472
C600_DK885_RS24055	3.9195783953948	-0.445539410394485	0.919389140344838	-0.484603733982952	0.62795746448457	NA
C600_DK885_RS18880	5.34006385343664	0.612017403981494	0.783531158850552	0.781101551697484	0.434742769361755	NA
C600_DK885_RS18885	0.174840471670144	1.20336424726912	4.0804728567969	0.294908038725135	0.768064130898878	NA
C600_DK885_RS18890	17.3441420058143	0.688132584349376	0.491035913918172	1.40138952130505	0.161097624056931	0.327094474843161
C600_DK885_RS18895	8.28631484793661	0.155649489575591	0.67331269149059	0.231169695065471	0.817182972237472	0.896779345596729
C600_DK885_RS18900	135.448504484006	0.160294162951594	0.362388001123256	0.442327456910125	0.658252265028556	0.794674642775901
C600_DK885_RS18905	188.687608555154	0.914306473601822	0.472127083184153	1.93656857690834	0.0527981022010414	0.158693083252605
C600_DK885_RS18910	6.12059858085094	0.672518014711016	0.87335531879154	0.77003941035314	0.441276515231945	NA
C600_DK885_RS18920	347.299682794947	0.0961514455028798	0.351486141258878	0.273556861042957	0.784425189625947	0.87676754463901
C600_DK885_RS18925	667.705469288894	-0.137984644165376	0.285448640271271	-0.483395696102266	0.628814803543375	0.773531329037311
C600_DK885_RS18930	84.83082846371	-0.126164413400355	0.771549120979414	-0.163520908740328	0.870108311918039	0.928944182238628
C600_DK885_RS18935	2207.63523064085	-0.748136320799059	0.355955967843159	-2.10176647783779	0.0355737369766332	0.122239513936342
C600_DK885_RS18940	7.05054529810375	-0.106423928879236	0.664271646898624	-0.160211457731354	0.872714504015818	NA
C600_DK885_RS18945	1.94314536304611	2.4108253950402	1.39883169322035	1.72345637200289	0.0848060282583023	NA
C600_DK885_RS18955	69.7462026007786	1.05769223460303	0.358241615853109	2.95245495720609	0.00315258060439724	0.0229182531186812
C600_DK885_RS18960	10.5858206383222	0.0524787076241108	0.540928612903831	0.0970159580621791	0.922713721529095	0.960428224144786
C600_DK885_RS18965	17.454919667257	0.511209283352525	0.464738108712855	1.0999943274899	0.271334593437826	0.458555462909925
C600_DK885_RS18970	381.313424503201	1.18977492814651	0.280154791561922	4.24684839946255	2.16798546021498e-05	0.000666162805047876
C600_DK885_RS18975	10.0162902934585	-0.597908929972302	0.558668219844698	-1.07023973931882	0.284511411121346	0.473506457721202
C600_DK885_RS18980	29.6118400227852	0.425075215427001	0.495484998303427	0.857897245895408	0.390949205134683	0.583754676582631
C600_DK885_RS18985	36.7877920602407	0.155212955625149	0.333262410687794	0.46573796098041	0.641403076744891	0.783116224196332
C600_DK885_RS18990	34.5966931474997	0.190966777006566	0.535593278238407	0.356551855233631	0.721427325352813	0.835076835511133
C600_DK885_RS18995	140.123001973284	0.410547281186852	0.39679389839634	1.03466127590696	0.30082712658427	0.490774575094478
C600_DK885_RS19000	358.693974253218	1.05614131871378	0.595552357914852	1.77338113883311	0.0761655722074847	0.203402860440857
C600_DK885_RS19005	1536.02477065975	0.435639820117706	0.560378977960039	0.7774021461397	0.436921546662094	0.621927377675982
C600_DK885_RS19010	234.479346596028	-0.729637903868673	0.25540512983538	-2.85678640965026	0.0042795371112174	0.028111870988527
C600_DK885_RS19015	671.183912482298	-0.70211683632834	0.270824281183355	-2.5925180462419	0.00952761826155312	0.049199562078409
C600_DK885_RS19020	295.048343372604	0.985964917019498	0.249174146159666	3.95693105490852	7.59188307962049e-05	0.00163159660636006
C600_DK885_RS19025	277.989917317275	0.524255394592599	0.359842961427979	1.45690051157921	0.145143844818712	0.307314814940758
C600_DK885_RS19030	382.939152831118	-0.24272475309074	0.241867525495204	-1.00354420294242	0.315598360633803	0.504293565627866
C600_DK885_RS19035	2.03314013857395	0.22286847205592	1.1591345989906	0.192271434439106	0.847529592935426	NA
C600_DK885_RS19040	4.38981150596419	-1.0447375465207	1.41735644546525	-0.737102900165495	0.461059775639707	NA
C600_DK885_RS19045	3.26118025663303	-0.636619324702329	1.13069154679664	-0.563035362301889	0.573410804448351	NA
C600_DK885_RS19050	21.8677428733189	-0.949979475836028	0.460121593876247	-2.06462702137716	0.0389583045091032	0.129669769558654
C600_DK885_RS19065	265.125966816794	-0.44378076023842	0.316808962587454	-1.40078347725379	0.161278830988785	0.327108976660028
C600_DK885_RS19070	208.567137620982	-0.689717743178323	0.323007333537765	-2.13530056925993	0.0327364664633296	0.116808236382591
C600_DK885_RS19075	160.883608259454	-0.23929034208662	0.25846178551191	-0.925824843361973	0.354537014188422	0.546504402467892
C600_DK885_RS19080	208.395031163273	-2.50448541319493	0.572234654775508	-4.37667553388121	1.20503151671608e-05	0.00041484325732874
C600_DK885_RS19085	1073.9832116605	-0.0435064995004711	0.387109763562361	-0.112388019098522	0.910515754515901	0.953068011061407
C600_DK885_RS19090	245.205547574885	0.256865523870161	0.503613972197677	0.510044474638479	0.610020303939088	0.761347932207294
C600_DK885_RS19095	1294.05560574361	0.434488621246859	0.47130635557471	0.921881523785192	0.356590377525117	0.54830563425905
C600_DK885_RS19100	175.995631558085	0.93969235793125	0.415908970096146	2.25937026006922	0.0238603627538778	0.0943753497009762
C600_DK885_RS19105	30.9796774233135	-0.0589616957247708	0.37290571569068	-0.158114218269796	0.874366796985959	0.931221928156344
C600_DK885_RS19140	801.865534785343	-0.854261944916209	0.294493703588729	-2.90078169586001	0.00372233100197787	0.0255713570505936
C600_DK885_RS19145	144.910396872221	-0.730139760386636	0.537061939372957	-1.35950754812211	0.173985812274253	0.34118103904835
C600_DK885_RS19150	84.5059656705683	0.299718787591945	0.389042523863969	0.770401098098838	0.441062002244563	0.625768780442503
C600_DK885_RS19155	366.976196863644	-0.954732959926547	0.585446504542042	-1.63077745365202	0.102937286500182	0.247555518245587
C600_DK885_RS19160	139.781251286351	0.0304310353746532	0.370781730168326	0.0820726397733735	0.934588950003714	0.966399173830216
C600_DK885_RS19165	136.789352685438	0.365561555452735	0.441202073837209	0.828558107792615	0.407354501331136	0.598161151638691
C600_DK885_RS19170	1087.39674487238	-0.0663942692158731	0.268707348156538	-0.247087657525445	0.804840385512374	0.886898800632782
C600_DK885_RS19175	59.8946093865602	-0.413296555719774	0.316729560169852	-1.30488785289929	0.191931038056439	0.365167207761627
C600_DK885_RS19180	443.401872549665	-1.05695764179992	0.346951946649228	-3.04640931404981	0.00231592328369925	0.018966085393819
C600_DK885_RS19185	30.8803607453741	-1.16514172424422	0.533206868850607	-2.1851588798093	0.028877199335213	0.108449926392244
C600_DK885_RS19190	325.362023795919	-1.13028088228236	0.476003709542956	-2.37452116364308	0.0175717288412867	0.0758788476561023
C600_DK885_RS19195	37.478041579975	-1.02872867462988	0.522063544949334	-1.97050471074306	0.0487805556340093	0.150993438347889
C600_DK885_RS19200	76.019854826493	-0.521439432389541	0.357193901433734	-1.45982176710337	0.14433906460111	0.306308585723132
C600_DK885_RS19205	346.237531376038	0.034482960848406	0.417551621226574	0.0825837072482463	0.934182556748901	0.966399173830216
C600_DK885_RS19210	45.6298529143396	-0.320621465228393	0.39296061169792	-0.815912474899302	0.414550196698475	0.604193505027413
C600_DK885_RS19215	298.501062552858	0.097487663392769	0.379047976018543	0.257190829553459	0.797031462917656	0.882658982184373
C600_DK885_RS19220	586.792402246897	-0.775603896390485	0.206110373177959	-3.76305124497939	0.000167852789929127	0.00287706176516344
C600_DK885_RS19225	1020.86663543049	-0.791088612992937	0.242033304859812	-3.26851138710494	0.00108114826966687	0.011043157325883
C600_DK885_RS19230	129.47031225679	-0.330948718198847	0.378013471961451	-0.875494506800532	0.381304897825523	0.573964214621577
C600_DK885_RS19235	371.424457805653	-0.868856736962845	0.23351219219163	-3.72081958037474	0.000198577273405462	0.00328137912231781
C600_DK885_RS19240	1184.25959130975	-1.42403131517211	0.339851127446493	-4.19016210383562	2.787552371722e-05	0.000816932215835056
C600_DK885_RS19245	542.746517337742	-1.24422992622895	0.329477665017725	-3.77637108166957	0.000159129862815034	0.00276469546703877
C600_DK885_RS19250	1550.14281183151	-0.328468766567305	0.285688475824424	-1.14974454471581	0.250249101745468	0.436001012319423
C600_DK885_RS19255	2368.96141677661	-1.01046371041202	0.452392623181493	-2.23359899926272	0.0255094698358092	0.0988990707503011
C600_DK885_RS19260	2842.47443109059	-0.693265506081175	0.233288597400896	-2.97170763511356	0.00296148547851941	0.0220216060182703
C600_DK885_RS19265	970.423880928254	-0.786194381595827	0.216259164682799	-3.63542688583389	0.000277520697453668	0.00411084443479178
C600_DK885_RS19270	602.12282885407	-1.00990706062469	0.302565121555291	-3.33781717943368	0.000844392873638668	0.00917968626955722
C600_DK885_RS19275	1168.74471900446	-1.68958003500511	0.469919615787212	-3.59546607173382	0.000323811330199962	0.00457768260716145
C600_DK885_RS19280	836.217124218439	-0.334820636451368	0.236482966798598	-1.4158340492088	0.156824097946191	0.32196134520372
C600_DK885_RS19285	2377.62516624504	-0.892856428954469	0.329551006664843	-2.70931179361414	0.00674229455545387	0.0383051052163856
C600_DK885_RS19290	1257.37801576366	-1.76810927232209	0.454663300928187	-3.8888321725385	0.000100727738963209	0.00197108280771164
C600_DK885_RS19295	5369.17233311524	-1.91620384876889	0.528121927504689	-3.62833608864285	0.000285253765378969	0.00419199011730833
C600_DK885_RS19305	18494.9147048373	-0.968314878374573	0.369594676972829	-2.61993729537874	0.00879459362082662	0.0463805660740899
C600_DK885_RS19315	2539.04267906601	-1.24669265860764	0.336411176131493	-3.70585981400436	0.00021067480798106	0.00339796458457629
C600_DK885_RS19320	850.036582360081	-0.614599766661738	0.269494077185249	-2.28056873487154	0.0225739791463453	0.0905394330810266
C600_DK885_RS19325	932.618333468921	-0.289211451300454	0.213964944846047	-1.35167679690964	0.176478730902984	0.345341011314366
C600_DK885_RS19330	35.7404361278962	-0.504495674823946	0.460428288334419	-1.09570955479069	0.273205899969615	0.461089212931017
C600_DK885_RS19335	726.631730591242	-1.67517352092463	0.55356072700601	-3.02617841042478	0.00247666120074187	0.0196712137604081
C600_DK885_RS19340	277.584378373144	-2.27426717145298	0.590956643745937	-3.84845012831555	0.000118867489458601	0.00220974662903539
C600_DK885_RS19345	1272.68176994358	-2.80037301959395	0.803413555722983	-3.48559344019772	0.00049104669162128	0.00610605886102983
C600_DK885_RS19355	207.54252434629	-0.393059469213159	0.333325964611652	-1.17920447532823	0.23831676446489	0.423229451553826
C600_DK885_RS19360	1236.91688881393	-0.981615692254868	0.303880153728469	-3.2302724617284	0.00123672300370049	0.0121003582309432
C600_DK885_RS19365	96.7563863096225	-0.0688568542986141	0.297941037836163	-0.231108996594415	0.817230126030784	0.896779345596729
C600_DK885_RS19370	130.585151261236	-0.483822868483042	0.255379230543407	-1.89452708214972	0.0581550831443041	0.169232934402885
C600_DK885_RS19375	617.773793867839	0.109860467758071	0.303470931256615	0.362013150001417	0.717342203712038	0.832681334187124
C600_DK885_RS19380	870.721681230575	0.727309116499087	0.23615127534928	3.07984411866233	0.00207108960914115	0.0175007071972427
C600_DK885_RS24295	0.538272312012757	2.67281928226702	2.60243797874377	1.02704437304486	0.30439957025948	NA
C600_DK885_RS19385	1986.4512045516	0.375457934970872	0.236493751899539	1.58760192163709	0.112376383406757	0.259870299818319
C600_DK885_RS19390	104.138746257413	-0.189786120436705	0.280539470935849	-0.676504164649627	0.498720602780077	0.67580258184564
C600_DK885_RS19395	30.1301712401608	-0.174899282860705	0.442854071507468	-0.394936603530258	0.692889675508698	0.817728023609137
C600_DK885_RS19400	75.5015885212889	0.11969557537551	0.48092255376865	0.248887423635136	0.803447863740288	0.886152227050249
C600_DK885_RS19405	561.692196611779	0.74104183882762	0.384859475846618	1.92548679540102	0.0541684863517302	0.161635980943606
C600_DK885_RS19410	856.322445948492	0.0933000225860874	0.271463369521844	0.343692862688716	0.731077279315418	0.841010310796635
C600_DK885_RS19420	855.170860534832	-0.1879110818888	0.325317534146581	-0.577623589769777	0.563518276946304	0.728245030825985
C600_DK885_RS19425	20.4096255614217	-0.294277511706805	0.598220705819498	-0.491921307377143	0.622774974809419	0.769773057294354
C600_DK885_RS19430	492.204137680181	-0.971820201481076	0.567883491537839	-1.71130208213901	0.0870253621990301	0.220709615727144
C600_DK885_RS19435	2299.97507467079	-0.80432697943964	0.438253552870549	-1.83530053360964	0.0664611720624214	0.18468059620933
C600_DK885_RS19440	13.5514393696603	0.425091301023535	0.802764006703466	0.529534579868825	0.596434662853732	0.752205374935302
C600_DK885_RS19445	562.925958437983	-0.04559511415549	0.348160317404598	-0.130960111983422	0.895806861604927	0.947003102487097
C600_DK885_RS19450	7.03791652214162	0.836691822705136	0.872658727554514	0.958784684420484	0.337667226307848	NA
C600_DK885_RS19455	2.85620689418433	-1.04417741408179	1.15068974874179	-0.907436096674653	0.364176228198725	NA
C600_DK885_RS19460	0.863203878919501	0.820434890983635	1.73640577111498	0.472490304185534	0.63657686077693	NA
C600_DK885_RS19465	13.4247167387647	0.903117504585469	0.518012339177965	1.74342855619738	0.0812587837962946	0.211568738203518
C600_DK885_RS19470	3.92888399775619	-1.08876763672173	0.887026579692392	-1.22743518813078	0.219659067606357	NA
C600_DK885_RS19475	4.35555484682209	-0.178212017346519	0.907744171522652	-0.196324055760761	0.844356533977192	NA
C600_DK885_RS19480	2.20138874181216	-0.522501447953987	1.45145414000502	-0.359984813541666	0.71885849035072	NA
C600_DK885_RS19485	31.5785550753676	-0.0475139213334607	0.512335817577086	-0.0927398001532693	0.926110277294292	0.961911875075101
C600_DK885_RS19490	658.203234085535	-0.412518317437511	0.229605344211345	-1.79664074829983	0.0723926710215917	0.196034924150239
C600_DK885_RS19495	721.564897507053	0.268713356798314	0.24010791666832	1.11913576414687	0.263082224327951	0.450184555388535
C600_DK885_RS19500	114.50858010627	-0.878506735807784	0.288289832783416	-3.04730391400165	0.00230904122423749	0.0189644240098995
C600_DK885_RS19515	424.229758406602	0.0288535125265281	0.295321134476627	0.0977021593041854	0.922168800885942	0.960129824053187
C600_DK885_RS19520	263.862573402001	0.74345270979927	0.304469384487044	2.44179792018106	0.0146143245303675	0.066916328329934
C600_DK885_RS19525	137.893921508053	-1.73781025951126	0.354238253430012	-4.90576679024478	9.30630476375025e-07	5.32320632486514e-05
C600_DK885_RS19530	418.537791415336	-0.561789320008181	0.355188132457048	-1.58166692147609	0.113725627892095	0.261563950680218
C600_DK885_RS19535	272.173844788144	-0.860729410615785	0.357682235178212	-2.40640805151236	0.0161102589272182	0.0714772585816198
C600_DK885_RS19540	399.056125481599	-0.134632100562162	0.252191048146926	-0.533849641180467	0.593445565737316	0.749791660150432
C600_DK885_RS19545	645.546597870761	-0.461929841559446	0.202320509427563	-2.28315875076833	0.0224210189022292	0.0904136098465165
C600_DK885_RS19550	596.554932900862	1.31360793081538	0.262952181995192	4.99561525159505	5.86484852000451e-07	3.69584860972488e-05
C600_DK885_RS19555	273.902302887433	-1.19644969605926	0.438804112402985	-2.72661459234564	0.00639877298431836	0.0371148798060775
C600_DK885_RS19560	90.0926399725047	0.0766399585197861	0.559063666349659	0.137086280387702	0.890962596749229	0.943779544384008
C600_DK885_RS19565	430.299084325906	-0.0897973266446352	0.262091123749384	-0.342618724968728	0.731885313328694	0.841419169745233
C600_DK885_RS19570	425.24847743381	0.367419687965255	0.251066602206193	1.46343513926836	0.143348349376875	0.305251525190849
C600_DK885_RS19575	604.372466035462	-0.701312515606857	0.378890042798654	-1.85096581168152	0.0641744717037563	0.179669191110366
C600_DK885_RS19580	9452.96408809946	0.348330319103978	0.367715720307848	0.947281554382171	0.343495327514953	0.534358003222006
C600_DK885_RS19590	11.5542198526501	0.529872059846129	0.601255235297691	0.881276417632822	0.378168226842865	0.570656487658185
C600_DK885_RS19595	9418.48905234877	-0.384130651066172	0.511545358758304	-0.75092197493217	0.452699614444596	0.634667106525266
C600_DK885_RS19600	8956.33412663513	-0.455864196172728	0.693597508836591	-0.657246011360932	0.51102274478028	0.685172219651309
C600_DK885_RS19605	15838.4680073636	-0.76806837129618	0.641356335995916	-1.19756885242819	0.231084908042712	0.41427129978368
C600_DK885_RS19615	1146.96913357567	-0.498090189048062	0.35669310166296	-1.39641105119747	0.162590749098099	0.328588497863955
C600_DK885_RS19620	282.222785016052	1.18145961313243	0.308159853252023	3.83391801581043	0.000126118191313365	0.00232132393714401
C600_DK885_RS19625	379.893660673973	-0.49442704999316	0.305670448590652	-1.61751668266528	0.105766797556491	0.251111719869114
C600_DK885_RS19630	174.72010261438	-0.54247499450142	0.336696762434366	-1.61116783713407	0.107143145906755	0.252911010497816
C600_DK885_RS19635	324.639172452925	-0.741665781802877	0.289982629020566	-2.55762141445471	0.0105390759920291	0.0530917237150265
C600_DK885_RS19645	7.00554335121591	-1.71407400680904	0.911519149742834	-1.88045858092244	0.0600456061791058	NA
C600_DK885_RS19650	125.67320549596	-0.646010180665246	0.280397991013419	-2.30390445498709	0.0212280075775854	0.0871514706696087
C600_DK885_RS19655	83.5015493442772	-1.30579417673066	0.421758894094371	-3.09606790755309	0.00196105444610108	0.01672293676744
C600_DK885_RS19660	718.364432532739	0.309730533818542	0.228500032135025	1.35549448691332	0.175260063905524	0.343317659431369
C600_DK885_RS24150	1.57289684981286	-0.936093944555769	1.75037543144752	-0.534796094447945	0.592790864010802	NA
C600_DK885_RS19665	77.8147535774723	-0.149118505861866	0.540038393118742	-0.27612574913554	0.782451484248836	0.875987539427032
C600_DK885_RS19670	156.649991823212	0.165772002551512	0.402484251760982	0.411872021889585	0.680433228613178	0.810851187350524
C600_DK885_RS19675	48.2319772840167	-0.169436451402454	0.392345907771587	-0.43185476908579	0.665846970368409	0.799618551624595
C600_DK885_RS19680	22.087350104472	-1.48181606640976	0.605688365666293	-2.44649914115433	0.0144251141076847	0.0663729584030083
C600_DK885_RS19685	3328.9029169384	-0.447754933180301	0.230057749132941	-1.94627190289322	0.0516220867963467	0.156168363473407
C600_DK885_RS19690	628.58559148253	0.464590705449898	0.429693680494506	1.08121372628806	0.279602053583962	0.467221282232835
C600_DK885_RS19695	21249.7523884234	0.60175617766305	0.298051441283838	2.01896751470492	0.0434905960360574	0.140362878526095
C600_DK885_RS19700	3830.09312592432	0.212240258804314	0.284851919364103	0.745089797106209	0.456217436648157	0.637534097570152
C600_DK885_RS19705	1721.85219466531	0.197081830893785	0.322254408846766	0.611572178636969	0.540820849940093	0.710520113101508
C600_DK885_RS19710	851.080855045293	0.596106320501568	0.397540303417966	1.49948650583696	0.133747466829866	0.293030690438092
C600_DK885_RS19715	958.869587580551	0.485625075144989	0.367489055378533	1.32146813092099	0.186345321949535	0.358667246098
C600_DK885_RS19720	1642.68192233839	0.466601565719829	0.31459082754924	1.48320143137929	0.138020901037862	0.298176473014974
C600_DK885_RS19725	799.672618000594	0.508123799560734	0.337127886833957	1.50721378860894	0.13175586703391	0.289643943808841
C600_DK885_RS19730	1330.3699944119	0.872413410387078	0.373322532154548	2.33688924521147	0.0194449437056265	0.0818841883160027
C600_DK885_RS19735	1269.30138840615	0.375280865534797	0.272995219582467	1.37467925668725	0.169230904926512	0.336471455738111
C600_DK885_RS19740	931.65936834144	0.571205337371707	0.241980641033228	2.36054146700632	0.0182482780587561	0.0781648592424601
C600_DK885_RS19745	811.086957196644	0.375323284531306	0.29663567622077	1.26526683948823	0.205775689444228	0.382919926603424
C600_DK885_RS19750	1059.94433677186	0.26063377456456	0.268917521764912	0.969195955897608	0.332447428461498	0.520876333341698
C600_DK885_RS19755	725.271554203768	0.440929700714498	0.31873482268886	1.38337473450437	0.166549993395348	0.333458737449597
C600_DK885_RS19760	82.4317812520246	0.321214413734459	0.315262486931128	1.01887927377998	0.308260284543446	0.497726498902876
C600_DK885_RS19765	596.8750298171	0.0468876110421638	0.235904772070432	0.198756517855285	0.842453211026494	0.912657645278701
C600_DK885_RS19770	342.99334133191	-0.675538044993872	0.211084055599545	-3.20032720176392	0.00137271653662191	0.0129866668782704
C600_DK885_RS19780	1024.8381006051	-0.259057571216263	0.222385616241041	-1.16490254898264	0.244058441604715	0.42883236573078
C600_DK885_RS19785	0.180556390704617	1.20336424726912	4.0804728567969	0.294908038725135	0.768064130898878	NA
C600_DK885_RS19790	25.7694313911274	-0.310593700642339	0.483399087338823	-0.642520246267321	0.520535447887036	0.692029162785381
C600_DK885_RS19795	151.65290078272	-0.58848927591322	0.271374040205737	-2.16855405722326	0.0301165563714253	0.111527247598565
C600_DK885_RS24065	0.128512536844415	-0.720189104373366	4.0804728567969	-0.176496482061812	0.859903912208586	NA
C600_DK885_RS19800	34.0589663048828	0.586529442463737	0.363950380652452	1.61156430558547	0.1070567832974	0.25288254148649
C600_DK885_RS19805	1.71708766212544	0.157041630585826	1.55191351376435	0.101192256651534	0.91939784346363	NA
C600_DK885_RS19810	15.0372434709807	-1.21912677683757	0.561940856262626	-2.16949304050568	0.0300452721587971	0.11148535118404
C600_DK885_RS19815	27.9463176911679	-0.114266165041074	0.584676518563848	-0.19543484544539	0.845052539794739	0.914407841372771
C600_DK885_RS19820	36.0811618445015	-0.170403836369997	0.452654377315324	-0.376454630529932	0.706578938497802	0.826429491815693
C600_DK885_RS19825	37.805058972147	0.834855219372868	0.377996971770786	2.20862938520872	0.0272004297159043	0.103724305316648
C600_DK885_RS19830	89.9061226866528	-0.169188689912479	0.38343159913774	-0.441248687622382	0.659032969265238	0.795030687776819
C600_DK885_RS19835	21.8472823129708	-0.426437709145032	0.561522290503205	-0.759431488931424	0.447594482822738	0.630735133021776
C600_DK885_RS19840	337.564904918429	0.352299619112988	0.248817490255377	1.41589571838942	0.156806038727859	0.32196134520372
C600_DK885_RS19845	135.674540354528	-0.0713912605025201	0.293581568312489	-0.243173510220271	0.807870986814878	0.889087481858506
C600_DK885_RS19850	70.1319934430728	-0.0060445653238085	0.315804334405761	-0.0191402228065753	0.984729244140139	0.99435723240441
C600_DK885_RS19855	35.0693617544455	-0.495323672434286	0.498073416287743	-0.994479239880034	0.319989607453114	0.508358667081695
C600_DK885_RS19860	759.588307282461	-0.814551160507536	0.481914230880105	-1.69024093565352	0.0909818697612375	0.228536668592433
C600_DK885_RS19865	127.79126528628	0.577588656907978	0.347507683056304	1.66208888341152	0.0964949541812641	0.23870142358346
C600_DK885_RS19875	24.4306846193463	0.252696821811718	0.496549040028063	0.508906072595441	0.610818063238061	0.761975173509731
C600_DK885_RS19880	41.3982265176697	0.654972147276495	0.391947437291416	1.67107138600709	0.0947075784373062	0.235061933664823
C600_DK885_RS19885	8.92402709279863	0.0611164601808189	0.619351988597824	0.0986780720914176	0.921393879812288	0.959860589840876
C600_DK885_RS19890	1260.35274885086	0.44770170416007	0.227273261288195	1.96988286973345	0.0488517961254476	0.150993438347889
C600_DK885_RS19895	1474.61706890405	-0.651643360252366	0.222781106420899	-2.92503871051444	0.00344413376801548	0.0244375750944304
C600_DK885_RS19900	478.834683801511	-0.155739366624937	0.271981659505196	-0.572609810927202	0.566908915364634	0.730342116190475
C600_DK885_RS19905	1.38221792907449	-1.42547190156539	1.69341381656744	-0.841774106021427	0.399914408578051	NA
C600_DK885_RS24070	10.9806294223069	-2.00652961349504	0.936185053063498	-2.14330447482475	0.0320886577540874	0.115563402467707
C600_DK885_RS19910	157.136529291597	-1.85663045880394	0.565276837699144	-3.28446229348616	0.00102177169532945	0.0105526310089859
C600_DK885_RS19915	512.040884078081	-0.569443585832653	0.238676066058611	-2.38584285067283	0.0170400307973965	0.0737541728809315
C600_DK885_RS19920	3400.66740487476	0.556051194696535	0.391106203765633	1.42173964345946	0.155101846971493	0.320371481688895
C600_DK885_RS19925	2328.63218756451	0.212752723676561	0.263502117183665	0.807404228666099	0.41943363145804	0.608362086516599
C600_DK885_RS19930	640.192890048599	0.512294550873295	0.336403658936384	1.5228566552844	0.127794571995263	0.284515057811465
C600_DK885_RS19935	838.343727491358	0.17372922743387	0.294852030982839	0.589208176232578	0.555721633030193	0.721933274495547
C600_DK885_RS19940	103.792294286578	-0.243950796726831	0.29718055596951	-0.82088411178509	0.411712281881432	0.60170843712074
C600_DK885_RS19945	426.992922012983	-0.101056179775813	0.325563762187976	-0.310403649032243	0.756254019568124	0.859863132952381
C600_DK885_RS19950	56.8555576275367	-0.0280158397627875	0.541976670980673	-0.0516919662097164	0.958774138718945	0.981658361779735
C600_DK885_RS19955	92.8979255164586	0.880726322850781	0.502736052053479	1.75186625119356	0.0797968089093703	0.20922745805715
C600_DK885_RS19960	17.2432965088367	1.05783308028359	0.650359835243114	1.62653507021717	0.103835879132896	0.248136123423257
C600_DK885_RS19965	12.467967653555	-0.880749376913744	0.572000526933532	-1.53977021950557	0.123616373495672	0.278211668678516
C600_DK885_RS19970	0.750553981432797	0.069680073242596	2.20658923458516	0.0315781805469091	0.974808444111799	NA
C600_DK885_RS19975	10.8350336372486	-0.188483145958119	0.568169589361036	-0.331737476780635	0.740087499270397	0.847949347814904
C600_DK885_RS19980	8.95114454212735	-1.34049329788389	0.78819948712375	-1.70070308314401	0.0889987558889885	0.224489399182673
C600_DK885_RS19985	5.08764629830852	-0.83980325549093	0.811894967882429	-1.03437425863261	0.300961233524827	NA
C600_DK885_RS19990	6.090829383577	-0.511072257952963	0.740582728524461	-0.690094756829158	0.490134600203085	NA
C600_DK885_RS19995	479.259795489592	-0.962986612095171	0.27758127785701	-3.46920591882005	0.000521999196480338	0.00628088353564368
C600_DK885_RS20000	170.983093160754	-0.681392194344609	0.291936377119966	-2.33404346887748	0.0195934459072592	0.0822217064144352
C600_DK885_RS20005	188.144580976263	-1.56310561123405	0.465345940392009	-3.35901847541054	0.000782198377452741	0.00865539752193242
C600_DK885_RS20010	50.440830519512	-3.86088799795601	0.984275379379359	-3.92256890585897	8.76098260062022e-05	0.00179963167453624
C600_DK885_RS20015	58.1790303857513	-2.94194327085743	0.843810484027599	-3.48649765148119	0.000489389680736834	0.00610605886102983
C600_DK885_RS20020	647.437564398185	-0.354932127289791	0.581541825327914	-0.610329492792123	0.541643563803632	0.71117539999286
C600_DK885_RS20030	65.2443243175652	0.428055632631947	0.458839016098174	0.932910274875926	0.350866296828467	0.541744556315714
C600_DK885_RS20035	22.7299098692587	-1.12139884942963	1.02966863630517	-1.08908711976857	0.276115469281467	0.464476762285174
C600_DK885_RS20040	210.954405223328	-0.296935382243893	0.345127457394095	-0.860364412863355	0.389588196312533	0.582892923094566
C600_DK885_RS20045	292.397641814315	-2.05264551221488	0.55028607936297	-3.7301425371165	0.000191371476452852	0.003190668831622
C600_DK885_RS20050	454.672672080637	0.251616205026532	0.380977124545968	0.660449640713725	0.508965325303683	0.683893415062918
C600_DK885_RS20055	253.098646827779	-0.0208715061460031	0.28380431276565	-0.073541892096748	0.941374909233944	0.969806570388419
C600_DK885_RS20060	723.417958645584	0.279103174062796	0.274338831772502	1.01736663475423	0.308979048190673	0.498032440689704
C600_DK885_RS20065	5380.41660000134	0.196221723710849	0.292802104203641	0.67015134418016	0.50276131706047	0.679046494401567
C600_DK885_RS20070	862.075335259685	-0.519513251656462	0.25312789424983	-2.05237456423399	0.04013327453872	0.132249053634918
C600_DK885_RS20075	34.3919749702832	-1.08000107684986	0.355740233463461	-3.03592614851304	0.00239798091329138	0.0194665786803872
C600_DK885_RS20080	788.221092490797	-1.17164205041264	0.38603052808985	-3.03510205840492	0.00240454304707586	0.0194773225469021
C600_DK885_RS20085	6.22671686923185	-0.390947302920553	0.785830306706754	-0.497495832858532	0.618839440789079	NA
C600_DK885_RS24155	1.99880309052271	0.749746050707921	1.16730053393705	0.642290506095451	0.520684577422711	NA
C600_DK885_RS20095	478.94186391238	0.233760578302471	0.263477482474127	0.88721273676746	0.374964376374128	0.567868656358048
C600_DK885_RS20100	1912.85490960087	1.16029059674768	0.40589182902024	2.85862023768364	0.00425487824818263	0.0279993581004301
C600_DK885_RS20105	306.719284592399	-0.745037199432097	0.353687057455875	-2.10648703062889	0.0351620685156169	0.121337277930728
C600_DK885_RS20110	298.949823375336	-0.0241779948559753	0.280297867991718	-0.0862582189055027	0.931261151118487	0.965002497173505
C600_DK885_RS20115	4750.53310931436	0.259445066947902	0.264243006698374	0.981842699224398	0.326177348652184	0.514085367651047
C600_DK885_RS20120	66223.4449745512	-0.0971345885530054	0.366139012894012	-0.265294287503646	0.790782764812837	0.880793104842636
C600_DK885_RS20125	1.43994462746104	0.664108541214563	1.39115419168283	0.477379535054423	0.633091884309529	NA
C600_DK885_RS20130	20.6909977267943	-0.147156735917335	0.44340795979682	-0.331876622117396	0.739982423715409	0.847949347814904
C600_DK885_RS20135	371.960663836589	0.696278047176309	0.362323088024686	1.92170488215995	0.0546429025965945	0.16252896500773
C600_DK885_RS20140	542.35366216088	-1.25877079297194	0.360922137390573	-3.48765194086656	0.000487281966347245	0.00610605886102983
C600_DK885_RS20145	9480.48785986618	-0.441560392258436	0.366239589894378	-1.20565991346206	0.227948647526866	0.410020837689835
C600_DK885_RS20150	233.763992828341	-0.249475969510757	0.311207211656203	-0.801639422759773	0.422761566354625	0.610181484358112
C600_DK885_RS20155	87.2071999690007	-0.154491763051705	0.304319398203208	-0.507663211625252	0.6116895521971	0.762663231076063
C600_DK885_RS20160	30.6289906356892	-0.464906476220098	0.522632647760559	-0.889547329682113	0.373708998536548	0.56665989256072
C600_DK885_RS20165	810.556352206749	1.10367540675283	0.609607972833074	1.81046747407788	0.070223323922516	0.191134932901841
C600_DK885_RS20170	608.501185218233	0.896093290149635	0.633937983708509	1.41353462511826	0.157498588017989	0.322811328693982
C600_DK885_RS20175	1961.28514433588	1.01223410592876	0.858493120869855	1.17908237273134	0.238365376964419	0.423229451553826
C600_DK885_RS20180	44.1773712707949	-1.58883534654085	0.44313303037447	-3.58545907805203	0.000336485765654114	0.00465650725833215
C600_DK885_RS20185	182.788580394974	-1.49674771304198	0.525862883039356	-2.84626993331636	0.00442346804145755	0.0288534283827003
C600_DK885_RS20190	69.0544568191527	-0.509339262061893	0.409086092788449	-1.24506618787769	0.213107421643458	0.3908896860732
C600_DK885_RS20195	5656.67038162621	0.785466395178288	0.297290814012637	2.6420809461839	0.00823983603868676	0.0444640208880078
C600_DK885_RS20200	79.7772771860429	-0.314065299989083	0.299439417535697	-1.04884421220744	0.294249825149067	0.484600681612196
C600_DK885_RS20205	89.8103493910092	0.418152845479139	0.290550137138116	1.43917621102469	0.150100603654721	0.312721980524561
C600_DK885_RS20210	140.978410187908	0.203987272234337	0.263866044492074	0.773071323470211	0.439480171278644	0.624463230770636
C600_DK885_RS20215	119.469772875515	-0.422819813689422	0.298044833619747	-1.41864500234507	0.15600253879242	0.321339301512586
C600_DK885_RS20220	4359.89665944397	-0.321086279063765	0.247952204459396	-1.29495230648915	0.19533668272186	0.369975438797695
C600_DK885_RS20225	185.17360361959	0.208864466015227	0.235784997197717	0.885825936754086	0.375711331108268	0.568536723264363
C600_DK885_RS20230	310.464562323102	-1.19880314656658	0.319350986616482	-3.7538733143363	0.000174122890536336	0.00296967388538577
C600_DK885_RS20235	177.487589000458	-0.86492859071597	0.3783955026814	-2.28577925632541	0.0222671758287891	0.0901844877248779
C600_DK885_RS20240	417.72696968951	-0.417568562631215	0.243878740475953	-1.71219747082624	0.0868602833926032	0.220465584330316
C600_DK885_RS20250	1046.35331041522	-0.446614161709284	0.212068957400841	-2.10598555857997	0.0352056068103666	0.121337277930728
C600_DK885_RS24160	41.7518556140655	0.731114295179129	0.509698237320037	1.43440616750665	0.151456388656648	0.314413653280524
C600_DK885_RS20255	274.000792311244	0.309403611029302	0.43138803419047	0.717228078914891	0.473233376383602	0.653596468571408
C600_DK885_RS20260	201.51066311169	-0.375992531975814	0.274614820237097	-1.36916329443251	0.170948236867867	0.337359630931386
C600_DK885_RS20265	127.936904584353	-0.409804365041579	0.425238549503703	-0.963704644181161	0.335194025290338	0.524958460838027
C600_DK885_RS20270	64.8587061835636	0.415315929232072	0.309187673250388	1.34324866468962	0.179191468585762	0.349254397379497
C600_DK885_RS20275	162.895856886755	0.0331116864759655	0.276009297489344	0.119965837300259	0.904510210352996	0.950460857900741
C600_DK885_RS20280	228.819031830453	0.24094864275943	0.325063750193042	0.741235042714977	0.45855093941526	0.639060371364432
C600_DK885_RS20285	2232.5820382116	-0.244536592175536	0.309532034782222	-0.790020303868017	0.429515910809973	0.615315037456628
C600_DK885_RS20290	5400.4931419851	-0.169160494021817	0.271248203504915	-0.623637288048441	0.53286581654484	0.704299717708395
C600_DK885_RS20295	1988.99501673117	0.10483908084002	0.269970023702403	0.388336006354498	0.697767394734746	0.820721029302051
C600_DK885_RS20300	1216.99853435562	0.176853625733252	0.246544266481856	0.71733010974833	0.473170432785713	0.653596468571408
C600_DK885_RS20305	714.773601261365	-1.11780000141257	0.372651513522312	-2.99958529846584	0.00270347413930729	0.0208105938922246
C600_DK885_RS20310	391.974142056972	-1.15862176056189	0.485065571013327	-2.38858791429263	0.0169132612295785	0.0737535125283788
C600_DK885_RS20315	336.364685907444	0.414310082432551	0.252872264846504	1.63841646565724	0.101334846643229	0.245762508427498
C600_DK885_RS20320	440.654668103286	0.891011073817772	0.307726091146718	2.89546807843783	0.00378593533202945	0.025780416784772
C600_DK885_RS20325	78.1225936393263	0.452635244816798	0.46066283412431	0.982573829028834	0.325817230159173	0.513735564771758
C600_DK885_RS20330	703.247172901466	1.04639125372622	0.238798669860161	4.38189732940714	1.17650251274398e-05	0.000408807134802069
C600_DK885_RS20335	466.686062679759	-0.99902131746236	0.237664934553508	-4.20348638868071	2.62834964126104e-05	0.000788080965016819
C600_DK885_RS20340	120.587756309447	-0.187522720099577	0.380212994430985	-0.493204395552597	0.621868172375838	0.769419588982818
C600_DK885_RS20345	38.3676856903594	-0.38640180825889	0.57125958250466	-0.676403197587916	0.498784687643613	0.67580258184564
C600_DK885_RS20350	122.736475655869	-0.978118304273131	0.339283650479085	-2.88289253812254	0.00394041841505339	0.0264449019262969
C600_DK885_RS20355	263.65769290337	-0.0631683847142788	0.308216439815863	-0.20494813564136	0.837612646548947	0.909322726562121
C600_DK885_RS20375	8.30826096877649	-0.807834309138465	0.846820371245332	-0.953961827761023	0.340102965018837	0.530916101262426
C600_DK885_RS20380	68.9680389887442	0.145698489744644	0.496942550637282	0.293189805456988	0.769377075949151	0.867447118598497
C600_DK885_RS20385	16.4264793253416	-0.418935285108252	0.911225216273544	-0.459749442428171	0.645696076223132	0.786083173345647
C600_DK885_RS20390	3.55198004174681	2.732387706247	1.12663606508604	2.42526206192266	0.0152973397511382	NA
C600_DK885_RS20395	55.0968087493085	0.351869097057486	0.35132740556688	1.0015418424012	0.316564921648539	0.504909324079163
C600_DK885_RS20400	20.999138164507	-0.0715450050568227	0.472924700430836	-0.151282022257761	0.879753250219224	0.934282371983741
C600_DK885_RS20405	156.787408934596	-0.248542843325025	0.290776664956243	-0.854755120609235	0.392686728394433	0.585169951015224
C600_DK885_RS20410	158.040509626416	-0.421099041123135	0.302401119659912	-1.39251812822887	0.16376555598096	0.329916374688419
C600_DK885_RS20415	71.9779680208525	-0.856061904353663	0.331873850440239	-2.5794798331296	0.00989492359299864	0.0506042997507138
C600_DK885_RS20420	168.181720372516	1.04041800376186	0.492961017077646	2.11054823346809	0.0348111611799653	0.121337277930728
C600_DK885_RS20425	4.4769675482443	0.338461405429508	0.896489158665785	0.377540991051391	0.705771607818705	NA
C600_DK885_RS20430	16.402483080797	-0.0235328566813494	0.542470084434851	-0.0433809298550834	0.965397879160063	0.984387834511721
C600_DK885_RS20435	127.166145511751	-1.06318577075086	0.347913490786806	-3.05589118819873	0.00224392673965964	0.0186225884331574
C600_DK885_RS20440	94.234240938282	-0.627173153201822	0.365072396167906	-1.71794186518931	0.0858072195931854	0.219114864318313
C600_DK885_RS20450	1293.01263152325	-3.74086311996778	0.823789138859924	-4.54104447789263	5.5976219863389e-06	0.000219073247844295
C600_DK885_RS20455	1.30493231841792	-2.50478848949194	1.94063737539356	-1.29070403427841	0.196806325223138	NA
C600_DK885_RS20460	157.220067614042	-0.941381864863151	0.487531943958838	-1.93091319764399	0.0534937878063266	0.160265836473749
C600_DK885_RS20465	135.973416202615	0.24231923963612	0.253357925084938	0.956430471061377	0.338854796225579	0.529799046411565
C600_DK885_RS20470	2358.36518972332	0.293826647926928	0.179313431196045	1.63862040878402	0.101292339230393	0.245762508427498
C600_DK885_RS20475	668.470485466539	-1.30892769001423	0.396135108519332	-3.30424560172594	0.000952323631547356	0.00997391341434668
C600_DK885_RS20480	498.334706860956	-1.80835732138124	0.519577239520356	-3.48043983422101	0.000500591243011829	0.00615767194466162
C600_DK885_RS20485	47.1446254893671	-0.641598139468592	0.502247772002039	-1.27745343082575	0.201442211494151	0.377882009250884
C600_DK885_RS20490	374.784353138019	-0.622622776808576	0.493892567231302	-1.26064415242959	0.207437083487821	0.385625538203859
C600_DK885_RS20495	73.7077489533149	0.501126575695638	0.298242338169285	1.68026638595891	0.0929054980626555	0.231827276373794
C600_DK885_RS24660	36.2261446486116	0.678536215790989	0.477977936281288	1.41959735855187	0.155724934870946	0.321123298863104
C600_DK885_RS20500	82.1396887921479	0.0579027088912014	0.460901773805786	0.125629173463759	0.90002546882196	0.948307781610383
C600_DK885_RS20505	91.019182435992	0.577762592568844	0.292753219562543	1.97354821044218	0.048433137542002	0.150438099733637
C600_DK885_RS24595	1.54902342277679	-0.86119792571413	1.57969215791636	-0.545168197106242	0.58563784234352	NA
C600_DK885_RS20520	110.468972997817	0.597326155225927	0.334279928789503	1.78690403994332	0.0739529994531813	0.199244385483281
C600_DK885_RS20525	29.0172794075432	-0.179245036573881	0.394376761294229	-0.454502024880094	0.649467534854818	0.789483871929448
C600_DK885_RS20530	760.768827996555	0.995033664498433	0.658852913569257	1.51025159638129	0.130979237554513	0.288495737694123
C600_DK885_RS20535	294.71903370981	0.651203694181503	0.618834255081132	1.05230712235884	0.292658665001684	0.483172698257665
C600_DK885_RS20540	324.85886545236	0.886462383001424	0.505999484300277	1.75190372817726	0.0797903633906631	0.20922745805715
C600_DK885_RS20545	80.4961927023056	0.938612274570361	0.739574805167205	1.26912418867238	0.204396774393029	0.381883018690091
C600_DK885_RS20550	1.85905168316095	0.4098742559302	1.47508798519969	0.277864276600906	0.781116547537943	NA
C600_DK885_RS20555	16.236538613517	0.817921679279282	0.587749373810284	1.39161641972807	0.164038583974256	0.329916374688419
C600_DK885_RS20560	31.6587575795273	0.019170073486607	0.385734836867549	0.0496975425976095	0.960363414764592	0.9828326936677
C600_DK885_RS20565	160.930095801813	-0.0439771678641584	0.273050902314114	-0.161058496754454	0.872047328211415	0.929817025032991
C600_DK885_RS20575	626.204295414756	0.914945512537185	0.881460067911933	1.03798861212689	NA	NA
C600_DK885_RS20580	214.24287548158	1.00895651969357	0.843587913112805	1.19603008057638	0.231684820708085	0.414924578479513
C600_DK885_RS20585	1350.88440040678	0.747930641667022	0.639295233450057	1.16992995181694	0.242029159283344	0.427166348681564
C600_DK885_RS20590	595.938325378267	0.92153307421478	0.671547863104644	1.37225226204194	0.169984921062469	0.337359630931386
C600_DK885_RS20595	26.8106199517447	-0.450833568145725	0.461639533105923	-0.976592201955723	0.328771081215241	0.517077360388437
C600_DK885_RS24665	0.174840471670144	1.20336424726912	4.0804728567969	0.294908038725135	0.768064130898878	NA
C600_DK885_RS20605	8.62293628094557	-1.53320572228369	1.00785817631426	-1.52125146009196	0.128196746125587	0.284883156286279
C600_DK885_RS20610	449.699014275551	0.653431816388359	0.334814388933126	1.95162405794595	0.0509828548034897	0.154991213539963
C600_DK885_RS20620	559.543085828375	0.0291890022064014	0.348128025265116	0.0838455972746595	0.933179194248027	0.965959812985263
C600_DK885_RS20625	367.863787758464	0.141850699662963	0.347024865496185	0.408762350387028	0.682714072066162	0.812525902670291
C600_DK885_RS20635	188.018811206738	2.02009890047263	0.405791973927205	4.97816376436024	6.41903351619084e-07	3.97766110219959e-05
C600_DK885_RS20640	1089.87322720586	-3.12800841109172	0.581716492846286	-5.37720427314457	7.56513268043046e-08	7.40188508048433e-06
C600_DK885_RS20645	275.967401792883	-3.46997144461359	0.646788797174192	-5.36492199582589	8.09842098377902e-08	7.72049467120267e-06
C600_DK885_RS20650	464.938330708257	-3.52622144558986	0.673398934877594	-5.23645236568549	1.6369246374884e-07	1.43563356161051e-05
C600_DK885_RS20655	2257.73235239046	-2.89441662399313	0.522832841595296	-5.53602680191536	3.09410239134136e-08	3.71092667451844e-06
C600_DK885_RS20660	752.977350007957	-2.33675426716195	0.473642826254004	-4.93357892833111	8.07363946114414e-07	4.76472881214824e-05
C600_DK885_RS20665	1058.7317715037	-2.80220429313537	0.508281977029035	-5.51309001651912	3.52587780072303e-08	4.09662926971508e-06
C600_DK885_RS20670	77506.5947344739	-3.69462292524709	0.720156388446509	-5.13030639527752	2.89270942424261e-07	2.1088418900655e-05
C600_DK885_RS20680	41.4559011005392	-1.28061769113225	0.388510773290404	-3.29622182748331	0.000979946060614214	0.0102343804869765
C600_DK885_RS20685	8.40214008898647	-1.84702594604162	0.741244867652681	-2.4917891868724	0.0127101451684883	0.0604093049977023
C600_DK885_RS20695	30.5116027877814	-1.41766114538355	0.409746537831215	-3.459848990762	0.000540478398043723	0.0064614105592494
C600_DK885_RS20710	350.754669358695	-8.5651538119672	2.17440862456895	-3.93907277371343	8.17971185617121e-05	0.00173783821035683
C600_DK885_RS20715	687.807777937763	-3.71840766568827	0.977604179151832	-3.80359223598487	0.000142612858745239	0.00257395441172233
C600_DK885_RS24670	15.197758727736	-1.21698604754678	0.790567110919234	-1.53938360290719	0.123710674668165	0.278255467886412
C600_DK885_RS24675	13.5832795130387	0.971959015072031	0.651307006705898	1.49232083343904	0.135615057713269	0.295051829168144
C600_DK885_RS24395	5.09759240446255	-1.85859017273111	1.02688932218966	-1.80992258130409	0.0703077937742387	NA
C600_DK885_RS20725	45.9827001346195	-0.599160631888951	0.496173015875936	-1.20756391967669	0.227215044507356	0.408899097520983
C600_DK885_RS24400	4.56147709888648	0.369312700416417	0.860362049626037	0.429252662384332	0.667739362209188	NA
C600_DK885_RS20745	17.6592639197501	0.494741943435928	0.456637475103281	1.08344577571963	0.278610606766551	0.466028264561135
C600_DK885_RS20750	58.0200037879419	-0.249185520320594	0.554019719397821	-0.449777348343197	0.652870992468515	0.791205225166516
C600_DK885_RS20755	177.424898923211	-0.180748027744726	0.42035099728533	-0.429993098415409	0.667200661598724	0.80098548912627
C600_DK885_RS20760	29.8329110270731	0.0853629662162806	0.444503223718422	0.192041275881398	0.847709873632703	0.91621665993209
C600_DK885_RS24165	4.45283747984244	-0.803946375540561	0.826565612198432	-0.972634674944062	0.330734902628379	NA
C600_DK885_RS20765	34.4993681423876	-0.619306771842939	0.410683366334984	-1.50799088205045	0.131556860654587	0.289425093440091
C600_DK885_RS20770	0.349680943340288	2.05532263236684	3.78292137982959	0.543316243188597	0.586912082446304	NA
C600_DK885_RS20775	33.8266349956893	-1.04911503167325	0.393032238227474	-2.66928493297299	0.00760129359483359	0.0419311714919752
C600_DK885_RS20780	23.2084541839925	-1.19974365164942	0.440109086468363	-2.72601427359003	0.00641042261319876	0.0371245346976215
C600_DK885_RS20785	9.54892869725279	-0.374772685858911	0.623261882837694	-0.6013085288524	0.547634509982713	0.71495744165502
C600_DK885_RS20790	14.0076747108551	0.0418934519415731	0.515712529312846	0.0812341169941971	0.935255767725993	0.966564386816793
C600_DK885_RS20795	12.3459076367978	-0.424951547010789	0.77726569913114	-0.546726232079734	0.584566829492287	0.745342754476106
C600_DK885_RS20800	21.4825635354199	0.015231750153482	0.621259376435605	0.0245175376521031	0.980439794896129	0.991641772966215
C600_DK885_RS20805	56.9644265883159	0.0472626274353235	0.408609665637056	0.115666934509827	0.907916512752836	0.952492549214177
C600_DK885_RS20810	225.904293929197	-0.498090519338195	0.48686034662095	-1.02306651752435	0.306276396551899	0.495749082446652
C600_DK885_RS20815	39.3250552012208	0.655615963789997	0.380682535765005	1.72221182270024	0.0850311539437733	0.218271253553603
C600_DK885_RS20825	694.850902954713	0.22763821274061	0.232421297401013	0.979420626621188	0.327372189542152	0.515095133608854
C600_DK885_RS20830	93.1514057647007	-0.382979382380152	0.312136226145812	-1.22696230139351	0.21983676039918	0.400270849737586
C600_DK885_RS24300	0.321827417208091	0.241599039045311	3.08058042279617	0.0784264670571455	0.937488820698905	NA
C600_DK885_RS20840	23.4501739275355	0.0794896187451277	0.495450481949463	0.16043907845716	0.872535208152334	0.930070499974305
C600_DK885_RS20845	20.1158790765739	0.584654228878886	0.751640138519671	0.777837955847252	0.436664548773344	0.621799614070966
C600_DK885_RS20850	471.439186476609	0.205423480403091	0.265760242170855	0.772965432019083	0.439542838872177	0.624463230770636
C600_DK885_RS20855	141.51622675673	-0.164068133656549	0.361220082767809	-0.454205459451189	0.649680953956895	0.789483871929448
C600_DK885_RS20860	47.8926077366519	-0.278097355153958	0.559394417104848	-0.497140026161243	0.619090310488899	0.767915087505177
C600_DK885_RS20865	49.2672601454888	0.254152062746935	0.48567751733303	0.523293859972238	0.600769773147685	0.75496074541378
C600_DK885_RS20870	26.6981994084802	-1.28115973586309	0.52752019714199	-2.42864584674518	0.0151553282051476	0.0687164759350473
C600_DK885_RS24080	5.01624320213868	-1.29249717626737	0.838531390811904	-1.54138198096068	0.123223846871533	NA
C600_DK885_RS20880	24.7614197355755	-1.12144583854793	0.443630907212479	-2.52788031743426	0.0114753462666264	0.0561386018675223
C600_DK885_RS20885	1.46595398714199	-0.734416482195686	1.41329618433649	-0.519647962214289	0.603308962613513	NA
C600_DK885_RS20890	22.1721257223817	-0.196992419163559	0.488482599779533	-0.403274178553069	0.686746535182946	0.814457294357318
C600_DK885_RS20895	21.4314433781533	0.546194531121692	0.42546049717828	1.28377260578629	0.199221531358783	0.374472019005033
C600_DK885_RS20905	6.46083750572412	0.447959218602808	0.770366134093784	0.581488721761844	0.560911117230788	NA
C600_DK885_RS20910	11.9230356266005	-0.933487802232421	0.613350080867624	-1.52194942391129	0.128021753822929	0.284679952579935
C600_DK885_RS20915	2.85035156451561	-2.09045188651829	1.49161094808282	-1.40147260866191	0.161072792962408	NA
C600_DK885_RS20920	1731.77209435073	-5.81915532279665	1.06458684119384	-5.46611614724732	4.60002986786e-08	5.03026795550103e-06
C600_DK885_RS20925	743.060938039293	-5.8113015446978	0.983391913022804	-5.90944614018098	3.43259884594855e-09	5.31766771218197e-07
C600_DK885_RS20930	52.2393082632817	-0.0727609440844194	0.329934906334817	-0.220531209906544	0.825457468627778	0.900880463005497
C600_DK885_RS20940	5.75651105261399	-1.33588599371947	0.779356896490508	-1.71408760188694	0.0865126384391122	NA
C600_DK885_RS20960	320.294162310147	-0.213505993322126	0.233900550921878	-0.912806714138249	0.361344206492132	0.553331783433928
C600_DK885_RS20965	14.3594109045389	0.582824277322454	0.515803728670747	1.12993420738625	0.258503948616843	0.444344743854564
C600_DK885_RS20970	245.412689935531	-0.465929523780565	0.436490226091457	-1.06744549116877	0.28577071551229	0.474366219158542
C600_DK885_RS20985	211.074390922959	-0.833630199455466	0.349060342484512	-2.38821228880349	0.0169305589333024	0.0737535125283788
C600_DK885_RS20990	14.1008925838077	0.743376510818175	0.535851967995795	1.38727961305912	0.165356517195673	0.331963029661724
C600_DK885_RS20995	45.9507475041162	-1.48058112897505	0.644467066594384	-2.29737283054511	0.0215975103167183	0.088144394464938
C600_DK885_RS21000	56.287516283923	-1.16051807974089	0.689395277663384	-1.68338559508895	0.0923004700117169	0.230782210829565
C600_DK885_RS21005	76.176001788375	-0.18525095469962	0.381762799794479	-0.485251456661962	0.627497985186374	0.772879831477905
C600_DK885_RS21010	44.602176097026	-0.047677757315115	0.324551079722418	-0.14690370882726	0.883208024465091	0.936840086965423
C600_DK885_RS21015	165.030116846572	0.494164751092591	0.297515847207773	1.66096951046606	0.0967195703526445	0.238780453234484
C600_DK885_RS21020	1053.49564572981	-0.256024118878431	0.252948811074652	-1.0121578266793	0.31146259708172	0.500656262840395
C600_DK885_RS21025	380.393751199352	0.257938479964797	0.218214909231886	1.18203875653014	0.237190323087515	0.422758207689061
C600_DK885_RS24305	2.3091999072629	-1.68854542103023	1.33242666399783	-1.26727081246175	0.205058473226268	NA
C600_DK885_RS21030	1142.13951125691	-0.0443505913083375	0.249904610530556	-0.177470080340573	0.859139164610728	0.923469041347987
C600_DK885_RS21035	163.277282754731	0.0638792485142516	0.407638270388201	0.156705719640647	0.875476779156526	0.932097553635503
C600_DK885_RS21040	2792.34138354586	0.456924756568154	0.395551196545757	1.15515958631488	0.248025080944637	0.433548307922971
C600_DK885_RS21045	13.0500733617892	-0.468332139042347	0.552251256155656	-0.848041781385002	0.396414702480539	0.589076684181712
C600_DK885_RS21050	59.6247952609441	0.651175599796356	0.315449958708084	2.0642754320312	0.0389916090281268	0.129669769558654
C600_DK885_RS21055	5688.69289340685	-2.14104852730288	0.549183931676157	-3.89860009335708	9.67504071677454e-05	0.00191339369068977
C600_DK885_RS21060	5.68791145573053	-0.713919652647702	0.983435597045165	-0.7259444896979	0.467872801129251	NA
C600_DK885_RS21065	86.3867124695452	-2.08198499699407	0.497502233555597	-4.18487567807351	2.85322212830634e-05	0.000822347276980075
C600_DK885_RS21070	154.756945345161	-2.32312379336379	0.71371310502819	-3.25498267720898	0.0011339928240389	0.0112857431840219
C600_DK885_RS21075	45.9364187364862	-0.282386187809066	0.364541904798722	-0.774632995800533	0.438556554211009	0.623777072898443
C600_DK885_RS21080	33.4810469462873	-0.841862173111661	0.488564794969348	-1.72313310696993	0.0848644570512702	0.218055322264425
C600_DK885_RS21085	27.1039341041999	-0.986599013964337	0.48556759847432	-2.0318468881867	0.0421691587468859	0.137289783030579
C600_DK885_RS21095	14.6683341615035	-1.0732240684992	0.560387814234426	-1.91514526411569	0.0554739806582839	0.164082943585918
C600_DK885_RS21100	29.5944457287019	-0.970315993883103	0.488620397837111	-1.98582784954993	0.0470524422962812	0.147505042544328
C600_DK885_RS21105	12.9461556689319	-1.0596085335341	0.555044076468786	-1.90905295355168	0.0562552609281817	0.16560337302532
C600_DK885_RS21110	2407.19057188979	-0.161782805881122	0.248923072322116	-0.649930937987816	0.51573683285507	0.689604875035847
C600_DK885_RS21115	242.26341146321	-2.19471534048151	0.667843035356799	-3.28627420559828	0.00101522129804656	0.0105141860338081
C600_DK885_RS21120	30.6619860694168	-2.04011002365978	0.792425796573398	-2.57451238018955	0.0100381494037528	0.0509494018560799
C600_DK885_RS21125	87.3400613356789	0.169296150572018	0.28229484517672	0.59971392841423	0.548696904041668	0.715306833529776
C600_DK885_RS21130	1815.00897879482	-0.473781879765967	0.575169111703184	-0.823726222646084	0.410095136181931	0.600525291974958
C600_DK885_RS21135	647.927004321734	0.00944972578839262	0.416445678330128	0.0226913767631935	0.981896454412268	0.992305250748794
C600_DK885_RS21140	2653.1942880141	1.15773415091738	0.334939326458445	3.45654887157903	0.000547139983811598	0.00652008480708821
C600_DK885_RS21145	256.505237893645	0.00142571000112435	0.483984115978291	0.00294577849573125	0.997649612218003	0.998891513049041
C600_DK885_RS21150	125.311950901087	-0.385266298396021	0.261374563609796	-1.47400073318221	0.140481393759926	0.301738776429465
C600_DK885_RS21155	400.840632350233	-0.169098810914382	0.226593978748401	-0.746263479058025	0.455508268364857	0.637398040850776
C600_DK885_RS21160	762.611199146957	-0.854634012192815	0.29406709334449	-2.90625517623503	0.0036578301632339	0.0253255354690943
C600_DK885_RS21165	1792.63502486153	-0.37613513187899	0.230153072034835	-1.63428247363155	0.10219955203368	0.246686179045577
C600_DK885_RS21170	1073.36764355832	0.448048609565096	0.383869142479111	1.16719100334947	0.243133243294995	0.428015813717231
C600_DK885_RS21175	124.28224492771	0.636885496419113	0.266822686142116	2.38692408665691	0.0169899991405628	0.0737535125283788
C600_DK885_RS21180	84.8768467532955	0.494686337620454	0.298721935967287	1.65600941229381	0.0977199127397179	0.239965195424766
C600_DK885_RS21185	143.233049384498	0.867194671080163	0.318921746950731	2.71914561917326	0.00654507869326425	0.037495535564802
C600_DK885_RS21190	129.913687672572	0.469153376098619	0.306453867529641	1.5309102798425	0.125791568244165	0.280728121687758
C600_DK885_RS21195	2913.05663491134	-2.15524301762466	0.41717950047842	-5.16622464707166	2.38869672245212e-07	1.88961157746319e-05
C600_DK885_RS21200	81.0946678854937	0.378553591730373	0.290294587810242	1.30403255047188	0.192222484302009	0.365379957379791
C600_DK885_RS21205	10.5687477829635	-1.38709491150226	0.703376109332722	-1.972052921755	0.0486035654616971	0.150841449404499
C600_DK885_RS21210	128.184588372223	0.21585874388536	0.30087285561717	0.717441736119986	0.473101574904147	0.653596468571408
C600_DK885_RS21215	708.134479224566	0.515223560924522	0.230212623305308	2.23803349063631	0.0252188712203195	0.0980792502062217
C600_DK885_RS21220	339.688851823197	-0.00403655856007888	0.298845623089347	-0.0135071697498881	0.98922316549156	0.995072343156867
C600_DK885_RS21230	172.258484484406	-0.333204018975455	0.338211238605205	-0.985194993370418	0.324528299413757	0.512572734588083
C600_DK885_RS21235	194.273271178242	-0.90056581508555	0.299070146502645	-3.01121935979519	0.00260200803827079	0.0202390499713196
C600_DK885_RS21240	744.05363897026	-0.970489763274393	0.506982007210989	-1.91424892692594	0.0555883568477029	0.164083436711602
C600_DK885_RS21245	146.506986509598	-0.577782128830239	0.41515995667186	-1.39170967610182	0.164010331019773	0.329916374688419
C600_DK885_RS21250	14.8933840175199	-1.54511687039543	0.631307570169155	-2.44748668225447	0.0143856441502454	0.0662773543378097
C600_DK885_RS21260	662.544313964605	0.0946507527554319	0.38548580033067	0.245536288688819	0.806041213634703	0.887695862646275
C600_DK885_RS21265	255.877297102289	0.0820412557593885	0.269551307783357	0.304362299088997	0.760851887079104	0.861770331916109
C600_DK885_RS21270	201.798090235008	0.511219931870312	0.346939094868158	1.4735149178405	0.140612244356885	0.301779581780095
C600_DK885_RS21275	64.8745768448644	-0.247303394003627	0.297966637344607	-0.829970080568493	0.406555699982563	0.597460115626549
C600_DK885_RS21280	82.0481979758429	0.682938856057963	0.34459057455305	1.9818848990393	0.0474921244441865	0.148632759834584
C600_DK885_RS21285	18.6342183691881	0.291559115480988	0.545267477930664	0.534708427114486	0.592851493294543	0.749791660150432
C600_DK885_RS21290	779.046826853768	0.249749840392298	0.21167177159013	1.17989204945051	0.238043152411008	0.423179554789352
C600_DK885_RS21295	548.375436529427	-2.01188582574479	0.512243317673076	-3.92759799168101	8.57984671905901e-05	0.00177709781947176
C600_DK885_RS21305	318.178263993734	-0.287574989858739	0.23089725953515	-1.24546731493346	0.212960022785117	0.39086015654965
C600_DK885_RS21310	0.750029764162874	-1.5798302350663	2.12989851330738	-0.741739676888682	0.458245075387809	NA
C600_DK885_RS21320	7.70442146119571	-0.605048178456813	0.750862310239838	-0.805804433390125	0.420355621372012	0.608362086516599
C600_DK885_RS21325	1965.45193686405	-0.399874229902828	0.366837927298228	-1.09005694380598	0.275688061008678	0.464093741801298
C600_DK885_RS21330	64.6419931085656	-0.240697919381733	0.439924462904135	-0.547134655328737	0.584286224993841	0.74524054357705
C600_DK885_RS21335	120.910147023954	-0.129392248122066	0.371512079924961	-0.348285439731061	0.727625827560667	0.839116881783672
C600_DK885_RS21340	1645.95166023156	-0.24838977649187	0.286542040668724	-0.866852821708761	0.386022655973907	0.578722675367333
C600_DK885_RS21345	37.7057699565654	0.472425369444566	0.511543798552827	0.923528680791502	0.3557317610603	0.547438198519121
C600_DK885_RS21350	36.0204153338293	-0.00896340955929345	0.346778648649522	-0.0258476396808169	0.979378863556227	0.99137778783067
C600_DK885_RS21355	30.0727813877904	0.210232889920151	0.423024754404094	0.496975384375086	0.619206409989382	0.767915087505177
C600_DK885_RS21360	25.1097705580018	-0.0901362694388557	0.464947300957851	-0.193863410440632	0.846282834359833	0.915472673305167
C600_DK885_RS21365	8.81245576926538	0.588670342774431	0.687601930986116	0.856120840047957	0.391930942454747	0.584724419278056
C600_DK885_RS21370	0.474530281780511	-0.613021758331367	2.80297262191405	-0.218704154845707	0.826880512238981	NA
C600_DK885_RS21375	11.0898748305087	0.617405369400023	0.621926570626509	0.992730329527598	0.320841390307732	0.508711042997521
C600_DK885_RS21380	15.2013012712571	-0.112672538350808	0.496253938757249	-0.227046134148517	0.820387868902614	0.898267052799187
C600_DK885_RS21385	64.078769784802	0.463289682899824	0.28438311266193	1.62910405812519	0.103290992301385	0.247729613235318
C600_DK885_RS21390	80.9335306038083	-0.10082534780388	0.378652386308416	-0.266274164509706	0.790028068795186	0.880640706790287
C600_DK885_RS21395	979.570321874219	-1.26190669780497	0.449442430228049	-2.80771598970901	0.00498942083910601	0.0316564277812221
C600_DK885_RS21400	209.695349790357	-0.488747492385205	0.347546956913011	-1.4062775767809	0.159641715900707	0.325410032740586
C600_DK885_RS21410	1555.09337438179	1.95387696368727	0.567020900336891	3.44586409870675	0.000569236553018138	0.00669499000956657
C600_DK885_RS21415	22.7248385787875	-0.14378044541536	0.465390386271616	-0.308945886414262	0.757362690726221	0.860334397836875
C600_DK885_RS21420	5.85892290632996	0.258181498911897	0.969435820797022	0.266321393714989	0.789991698082621	NA
C600_DK885_RS21425	2.29412112106942	0.68847498824671	1.11875779554876	0.615392349430743	0.538295642646003	NA
C600_DK885_RS21430	6.70919669522283	0.857975441611113	0.73131644929915	1.17319314016982	0.240718362315787	NA
C600_DK885_RS21435	10.433874442096	0.799780976757078	0.577262729402849	1.38547135649033	0.165908385102814	0.332605766585944
C600_DK885_RS21440	5.12455234425014	0.370052698963933	0.80086195226889	0.462068022978931	0.644032540638169	NA
C600_DK885_RS21450	728.87902673373	-0.790105796104162	0.331100805592292	-2.38629983001937	0.0170188693995863	0.0737535125283788
C600_DK885_RS21455	9332.46632725872	-0.530241396940792	0.351003680483587	-1.51064341037753	0.1308793275273	0.288495737694123
C600_DK885_RS21460	100.3648867373	-0.13347918655082	0.301511698337241	-0.442699859696732	0.657982843950401	0.794674642775901
C600_DK885_RS21465	7557.49173288628	0.315607125453381	0.425074496503006	0.74247485570132	0.45779968071601	0.638686383828189
C600_DK885_RS21470	8.95101637685745	-0.53975539280345	0.598271893918755	-0.902190790324422	0.366955526271258	0.559156002736285
C600_DK885_RS21475	3130.64465680455	-0.852122517267654	0.428670548370832	-1.98782613012757	0.0468309227628648	0.147022086947057
C600_DK885_RS21480	4406.43482769448	-0.477770302861541	0.329877119292252	-1.44832810437593	0.14752531129118	0.31076436678788
C600_DK885_RS21485	3925.52695591568	-0.332241915867516	0.265552049036519	-1.251136705866	0.210884605710959	0.389696304191523
C600_DK885_RS21490	2596.37363083432	-1.30079320277777	0.509379461181406	-2.55368208164663	0.0106590530984982	0.0534101878978655
C600_DK885_RS21495	8207.18923585686	-0.836938497752845	0.472653939461611	-1.77072151076574	0.0766070235908263	0.204148084732988
C600_DK885_RS21500	1478.16962514874	-0.579643450120312	0.234115108823915	-2.4758908258086	0.0132904211410819	0.0621385807321485
C600_DK885_RS21505	630.310783676109	-0.445142716179741	0.209351402627776	-2.12629440544613	0.0334787535934981	0.118556097089889
C600_DK885_RS21510	71.4845447691109	-0.0602447306524438	0.360259233065022	-0.167226055915049	0.867192183425314	0.927833248338221
C600_DK885_RS21515	757.548108580988	-0.553921988656339	0.237148350462462	-2.33576150783313	0.0195036748018863	0.081937472218546
C600_DK885_RS21520	440.273470961499	0.104693122454993	0.27301162273634	0.383474964932536	0.701367629251184	0.823652825507234
C600_DK885_RS21525	25.5055417384477	-2.29312766577275	0.602720494712496	-3.80462865605158	0.000142017083079193	0.00257395441172233
C600_DK885_RS21545	226.537782448661	-1.04386988882515	0.388504171891937	-2.68689492764444	0.00721196353807413	0.0400808377198201
C600_DK885_RS21550	2399.75498792489	-1.08547908460815	0.295998907389269	-3.66717260608208	0.000245247254736442	0.00379377229583446
C600_DK885_RS21555	910.393365175907	-1.01631115143577	0.379409447616809	-2.6786659051838	0.00739161043865249	0.0408958446590922
C600_DK885_RS21560	680.950943216661	0.00607941206034836	0.212836675628464	0.0285637427966636	0.9772125293343	0.990280985498838
C600_DK885_RS21565	25.9002860710837	0.193472728427671	0.464549362003447	0.416473994482067	0.677063193000136	0.807869368284501
C600_DK885_RS21570	8.13099351161958	0.316130624945373	0.601842098933575	0.525271704165488	0.599394324768889	0.754161793397878
C600_DK885_RS21575	218.804139985067	0.455248495916856	0.231811642676027	1.96387243824978	0.0495448868675362	0.152363845635649
C600_DK885_RS21580	124.311359394149	-0.5865146087392	0.300198399961699	-1.95375661167425	0.0507300077226089	0.154601777633328
C600_DK885_RS21585	7507.95748412565	-1.05268912344824	0.408656109596871	-2.57597794019693	0.00999570232730755	0.0509494018560799
C600_DK885_RS21590	2311.11901157871	-0.938951216534354	0.407690499515311	-2.30309810420071	0.0212733239576574	0.0872042100050388
C600_DK885_RS21595	841.567140573924	-0.949028864723641	0.437611482247971	-2.16865622412046	0.0301087931898731	0.111527247598565
C600_DK885_RS21600	1552.02700185506	-1.19855884900952	0.497278189240625	-2.41023812212595	0.015942111682033	0.0710704691052742
C600_DK885_RS21605	32.9903999184194	-1.25682361659393	0.480672988555622	-2.61471654642082	0.00893015321257966	0.0468959175767955
C600_DK885_RS21610	84.1459527249099	1.13944389181777	0.401726515717721	2.83636714838712	0.00456299576621269	0.0296594724803825
C600_DK885_RS21615	465.135664068071	0.0404496562409081	0.275856077063847	0.14663318884052	0.883421555917368	0.936840086965423
C600_DK885_RS21620	78.6996422133849	0.411322963086465	0.292753567447649	1.40501434934698	0.160017011359553	0.325820884389517
C600_DK885_RS21625	1.51958536608765	-1.71654921519854	1.47655990879239	-1.16253272554476	0.245019139594703	NA
C600_DK885_RS21630	945.218819662782	-1.06281987749663	0.31457920621909	-3.37854459698912	0.000728706119234994	0.00818528504929217
C600_DK885_RS21635	231.635760371343	0.326546112857957	0.493688273658473	0.661441906322972	0.508328958718435	0.683779691937461
C600_DK885_RS21640	40.5436195851516	-0.600929368391113	0.504880725454468	-1.19024026486689	0.233951971602889	0.417787430556935
C600_DK885_RS21645	421.549440429617	-1.00612054155061	0.421289908088691	-2.38819046512454	0.0169315643994974	0.0737535125283788
C600_DK885_RS21650	18876.3865458996	-0.409626431897488	0.357657866511256	-1.14530245313253	0.25208389014339	0.437966310071554
C600_DK885_RS21655	2424.50667394083	-1.43395637407416	0.392241970047951	-3.65579535993779	0.000256385823708722	0.00387496948190661
C600_DK885_RS21660	110.525469669264	-0.279215894664258	0.297921399584252	-0.937213288652318	0.348648855585275	0.539498070861764
C600_DK885_RS21665	7713.3746935092	0.42069086474469	0.348251310830968	1.20800942210633	0.227043638161252	0.408862655835477
C600_DK885_RS21670	33904.9259478509	-0.388885398797689	0.329094120428618	-1.18168443207432	0.23733093775163	0.422806145932228
C600_DK885_RS21675	15158.7328555662	-0.270825053754988	0.343014236959417	-0.789544644431275	0.429793747249828	0.615315037456628
C600_DK885_RS21680	58.8331192707944	-0.051336988707433	0.456200630136098	-0.112531604114877	0.910401912421641	0.953068011061407
C600_DK885_RS21685	644.964215895496	0.0593935348093048	0.262022895045605	0.226673072973136	0.82067796679247	0.898267052799187
C600_DK885_RS21690	611.155381762796	-0.264157004462168	0.381633752655641	-0.692174113594517	0.488827993141514	0.667939168871794
C600_DK885_RS24680	0.960258712952633	-1.98911533918802	1.78622022532575	-1.11358908100219	0.265455512840205	NA
C600_DK885_RS21705	168.046419586701	-0.578560123381104	0.37193340102563	-1.5555476377913	0.119815698299673	0.27146542734807
C600_DK885_RS21710	6.41112829742473	-0.132016623349813	0.723740256464616	-0.182408843740016	0.855261885936958	NA
C600_DK885_RS21715	15.1007338919628	0.525594312539371	0.554094203704443	0.948564899299552	0.342841950328448	0.534074894598185
C600_DK885_RS21720	72.5109627977762	0.000298271350861953	0.278997811127528	0.0010690813295507	0.999146996675397	0.999377600710376
C600_DK885_RS21725	5033.59710144768	-0.202411470704812	0.233244877698481	-0.867806713279561	0.385500154302489	0.578172478296352
C600_DK885_RS21730	8.41219171854794	-1.32218808668527	0.729298599498758	-1.81295848859987	0.0698382240849243	0.190866635854874
C600_DK885_RS21735	12.3239719682472	-2.69103230338861	0.772025121546715	-3.48567971207628	0.000490888368748337	0.00610605886102983
C600_DK885_RS21745	236.050236635923	-0.790979363719665	0.480193750964526	-1.64720878214448	0.0995151393243833	0.242303397516737
C600_DK885_RS21750	19.8025401948975	-1.65815029406465	0.622373874429505	-2.66423505579277	0.00771636236011748	0.042377304660143
C600_DK885_RS21755	317.705728169277	0.585866680479745	0.311165950066351	1.88281102207622	0.0597259828113446	0.171710482121559
C600_DK885_RS21760	103.581856229336	-0.528552066445929	0.318482583199492	-1.65959488627626	0.0969959777770926	0.239206081973808
C600_DK885_RS21770	695.896015792146	-1.68721449576727	0.560533508162965	-3.01001540710166	0.00261234437943244	0.0202770279806468
C600_DK885_RS21775	845.514167317832	-2.52472826497976	0.62475297934119	-4.04116242493492	5.31869026908101e-05	0.0012597240540207
C600_DK885_RS21780	67.8799178500058	-0.37284886669785	0.465509745473872	-0.800947499645368	0.423162039967077	0.610522493053005
C600_DK885_RS21785	97.1872986630859	0.609654230894286	0.322678542818657	1.88935472922632	0.0588443126410533	0.17065768673903
C600_DK885_RS21790	64.0242569400268	-0.000275502863019821	0.352508449905197	-0.000781549670919701	0.999376413647556	0.999377600710376
C600_DK885_RS21795	66.775071432505	-1.23730932901538	0.430033466227641	-2.87723962478865	0.00401170829413184	0.0267783329220506
C600_DK885_RS21800	816.725804083495	0.409713222759049	0.359955673068484	1.13823243641752	0.255023437693183	0.440269110963663
C600_DK885_RS21805	146.220948533517	1.18052079551168	0.457748681002625	2.5789714848024	0.00990949663092927	0.0506092149365316
C600_DK885_RS21810	871.079916804297	0.883504764784669	0.256245804024513	3.44787992977302	0.000565005148490498	0.00666885441932594
C600_DK885_RS21815	23.8375339445768	0.780061547279359	0.477009502682615	1.63531657732694	0.101982700202795	0.246686179045577
C600_DK885_RS21820	69.136263578071	-0.176915193222791	0.278217537039281	-0.635888000107675	0.524849424565612	0.695682766679125
C600_DK885_RS21825	116.87830923765	0.446970737447246	0.303697641099609	1.47176229564669	0.141085078607618	0.302400554732805
C600_DK885_RS21830	37.3383756031985	-2.10148345908633	0.603380410188141	-3.48284999579464	0.000496106259813182	0.00612798363450303
C600_DK885_RS21835	9046.02205317374	-1.60915763055763	0.53368913371949	-3.0151590671198	0.00256844514899314	0.0201465803037057
C600_DK885_RS21840	18.1991571119131	0.157510316296389	0.66298474703418	0.23757758681629	0.812208735966373	0.892373546194733
C600_DK885_RS21845	87.2557315328418	-0.620848454652065	0.568693468593271	-1.09171019000413	0.274960504829974	0.463419382120509
C600_DK885_RS21855	847.029595484042	-0.966296457320371	0.498248325597588	-1.93938726469661	0.0524542000813204	0.158042719531888
C600_DK885_RS21860	141.735920806612	0.226052849429803	0.533956913829169	0.423354101380033	0.672036927272624	0.804453733290282
C600_DK885_RS21865	1.25945614270017	-0.485883446462688	2.34545453114301	-0.20715961022101	0.83588520942891	NA
C600_DK885_RS21870	2.13282422982361	0.0264519510645168	1.19387475485697	0.022156386971836	0.98232320719625	NA
C600_DK885_RS21875	1.02605346381516	-0.792794767015901	1.65657543918128	-0.478574502714902	0.632241360855849	NA
C600_DK885_RS21880	0.502383807912708	1.12047813816288	2.35284131586775	0.476223420001292	0.633915216169174	NA
C600_DK885_RS21890	0.437581464393448	-0.487198479320566	2.84504783757972	-0.171244389245499	0.864031605382537	NA
C600_DK885_RS21895	1.99155320332013	0.248867193349189	1.33590208095467	0.186291493139484	0.852216178188685	NA
C600_DK885_RS21900	1.31383654337445	1.02659031065987	1.59285909808505	0.644495368042311	0.519254260290136	NA
C600_DK885_RS21905	2.70329671303392	-1.39241867047041	1.11964405704122	-1.24362618790656	0.21363717331347	NA
C600_DK885_RS21910	1.32729472997433	0.278395142108536	1.36535672645542	0.203899198439716	0.838432271474075	NA
C600_DK885_RS21915	5.00758968892488	0.436735951505968	0.761094476759148	0.573826200087082	0.566085417291994	NA
C600_DK885_RS21920	3.28956786839553	-1.02441827094308	1.31486062860124	-0.779107875511388	0.435916171294513	NA
C600_DK885_RS21925	9.30519591829674	-0.217688884446473	0.67396835074928	-0.322995707742743	0.746698492722479	0.852125535893855
C600_DK885_RS21930	38.6494167696618	0.0708757685613329	0.34939104292247	0.202855138954035	0.83924825911823	0.910324768159491
C600_DK885_RS21935	33.215760454968	-0.733898678365	0.357092287246619	-2.05520730795887	0.039858985577473	0.131612529642135
C600_DK885_RS21940	20.7642533221844	-1.12102365604658	0.448123623128773	-2.5015946452893	0.0123635391151282	0.0595435730959155
C600_DK885_RS21950	556.493440863587	-1.2927694184215	0.392514563514676	-3.29355784113006	0.000989279848858286	0.0103029201065969
C600_DK885_RS21955	19.0775875204293	-1.3128072845274	0.515366198467235	-2.54732904181892	0.0108551026194885	0.0541009001866731
C600_DK885_RS21960	11.4978063786795	-0.527202021668521	0.623125122252741	-0.846061252935148	0.39751857466674	0.589538915281587
C600_DK885_RS21965	7.72000976280649	-0.246341246537756	0.795002035416947	-0.309862409859819	0.75666558938197	0.860068071330531
C600_DK885_RS21970	5.85180958429954	-1.34734166074623	0.953263593249974	-1.41339884402038	0.157538485314215	NA
C600_DK885_RS21975	21.3328980207133	-0.637488948419623	0.428267181837701	-1.48853093455386	0.136610930314322	0.296335728651488
C600_DK885_RS21980	4.04076329782979	0.242932719734233	0.808789339996887	0.300365877392954	0.763898088584999	NA
C600_DK885_RS21985	0.450339954052507	-0.560399859680647	2.40197703717222	-0.233307750660427	0.815522440507267	NA
C600_DK885_RS21990	10.8339054180178	0.00769391791519907	0.557654647379167	0.013796922434626	0.988991997842093	0.995072343156867
C600_DK885_RS21995	7.26090629146674	-0.881765327518842	0.71211648092083	-1.23823187799086	0.215630094605516	NA
C600_DK885_RS22000	12.046921400076	-0.570818931151012	0.55300456386719	-1.03221377986331	0.301971981114659	0.491994665111439
C600_DK885_RS22005	4962.76234894195	-1.62233947247996	0.595493882430149	-2.72435959519746	0.00644263172575061	0.0372530400565175
C600_DK885_RS22010	460.549593760972	-0.398674431767229	0.222492135005359	-1.79185853809002	0.0731556290161014	0.197685304892627
C600_DK885_RS22015	973.965563931734	0.291639809299354	0.236466556670019	1.23332370296374	0.217455017963583	0.396322429798333
C600_DK885_RS22025	21.101741258903	2.03833208019793	0.885362806608865	2.30225627842352	0.0213207238865282	0.0872062171728402
C600_DK885_RS22030	6.57096067487322	1.91606219691545	0.94441153924577	2.02884242440077	0.0424743426330706	NA
C600_DK885_RS22035	240.085597940526	2.45868272673333	0.839217305607299	2.92973311001267	0.00339253246392824	0.0241726709324434
C600_DK885_RS22040	601.218114061478	2.30661944909492	0.910987442291346	2.53199917146304	0.0113414259240354	0.0557397834041423
C600_DK885_RS22045	297.513485893396	2.3786067639754	0.946063254915911	2.51421535675944	0.0119297560685767	0.0578289870442869
C600_DK885_RS22050	195.07648303757	2.46201643761716	0.999211341916893	2.46395965931893	0.0137411576071486	0.0637823021015959
C600_DK885_RS22055	1206.09844601247	2.41818026201732	0.885096573073098	2.73210894221551	0.00629303285455029	0.0367885159641792
C600_DK885_RS22065	20.1180186868296	-0.551229138691474	0.470204215554097	-1.17231858085725	0.241069174369955	0.426604088675627
C600_DK885_RS22070	0.56999759072818	-0.88420375991657	2.72568689355265	-0.324396673003077	0.745637738237698	NA
C600_DK885_RS22075	32.3882602241329	0.076042022905693	0.464702585718855	0.163635893671783	0.870017786489542	0.928944182238628
C600_DK885_RS22080	3.61561577578587	-0.854572754788127	0.916945746828651	-0.931977445496369	0.351348181674864	NA
C600_DK885_RS22085	650.313535365967	0.713158584604488	0.262490117194942	2.7168968958738	0.00658971323897622	0.0376352593279779
C600_DK885_RS22090	170.445322416161	0.0233889645137127	0.51835897762716	0.0451211718581166	0.964010725904614	0.98412736927879
C600_DK885_RS22110	165.695476178915	0.273650431427992	0.282063547658927	0.970172975909994	0.331960278600462	0.520551799171876
C600_DK885_RS22115	657.760990020497	1.6823907314479	0.823206929267275	2.0437033164254	0.0409828653939197	0.134487461195581
C600_DK885_RS22120	71.8487228547781	0.625694305594644	0.345237411380101	1.81235950962964	0.0699306649226149	0.190866635854874
C600_DK885_RS22130	178.234013203056	-0.282873678639179	0.413468913357297	-0.684147391740514	0.493882098375283	0.672083304051123
C600_DK885_RS22135	1318.56265592245	-1.76043965641475	0.519575389813768	-3.38822756221335	0.000703458743040701	0.00794972524810129
C600_DK885_RS22140	12738.1070379152	-0.0989142733670992	0.20308786213847	-0.4870516254667	0.62622174637365	0.771724379521787
C600_DK885_RS22145	509.042298098858	0.459058546495751	0.299492450461338	1.53278837509465	0.125328005826119	0.280535536220055
C600_DK885_RS22150	336.940464573712	0.386176641274448	0.332227584927625	1.16238584270049	0.245078771344402	0.429626501192649
C600_DK885_RS22155	323.946429738617	-0.139013424787835	0.369318025263327	-0.37640574052327	0.706615278961316	0.826429491815693
C600_DK885_RS24170	0.855936503836222	-1.74908835037047	2.06618092828676	-0.846532037163262	0.397256009445334	NA
C600_DK885_RS22165	236.682216298862	-0.2682607340823	0.261180433225585	-1.02710884873447	0.304369212452607	0.493721647404256
C600_DK885_RS22170	558.215170525316	-0.329816328187238	0.223377234976062	-1.47649928705843	0.139809906494684	0.300817842793539
C600_DK885_RS22175	1150.08762646792	-0.551154930364501	0.197088848445523	-2.79647953048366	0.00516626834664752	0.0320966723708128
C600_DK885_RS22180	188.204714891649	-0.341813824015325	0.38466113567918	-0.888610239794045	0.374212585948815	0.56719217063094
C600_DK885_RS22185	413.558356702157	1.43764171021334	0.901486230898674	1.59474616576249	0.110769009872913	0.257060864141593
C600_DK885_RS22190	272.273339502085	0.0403285047954535	0.372749014801775	0.108192116394727	0.91384329845357	0.955206461526673
C600_DK885_RS22195	5.98106444046378	-0.399258557544638	0.821932804063783	-0.485755715760014	0.627140375549189	NA
C600_DK885_RS22205	464.369925580498	-0.666382384141728	0.359066220791747	-1.85587600713969	0.0634712335599094	0.178641973032357
C600_DK885_RS22210	258.257762691978	-0.631173465366239	0.367761384447611	-1.71625812839018	0.0861148083130616	0.219598667563761
C600_DK885_RS22215	678.606679831907	0.814026593433047	0.377036447668221	2.15901300382864	0.0308491580975111	0.113240738541673
C600_DK885_RS22220	2481.37846141125	0.146205223448226	0.414438906503974	0.352778711539295	0.724254344699757	0.836786094963858
C600_DK885_RS22225	100.035285181215	0.00338876665572174	0.288393575499606	0.0117504928806098	0.990624678897378	0.995446856572963
C600_DK885_RS22230	1605.61147656056	0.0491729442720295	0.199885374162041	0.246005714415936	0.805677808953866	0.887558546278658
C600_DK885_RS22235	534.878158090399	1.15505827438555	0.251384613080015	4.59478509934851	4.33195479304561e-06	0.000178957865783817
C600_DK885_RS22240	146.579370040882	0.91976319597452	0.375586156864524	2.448874057694	0.0143303545652612	0.0661718683113287
C600_DK885_RS22250	2.61671614116208	-0.127552428972161	1.10353346613663	-0.115585465132028	0.907981082833452	NA
C600_DK885_RS22255	61.5147218540874	-2.57839938304712	0.82530334671487	-3.1241838450195	0.00178299015601912	0.0153826916567466
C600_DK885_RS22260	267.367032328999	-2.65995837018283	0.825549739877501	-3.22204494980221	0.00127279165545464	0.012348135925414
C600_DK885_RS22265	25.2808717565244	-0.660994757648494	0.583473154699736	-1.13286233021064	0.257272071312496	0.442841463490676
C600_DK885_RS22275	687.940965554421	-3.50959658117473	0.98666758853815	-3.55702023857352	0.000375085269144909	0.00503453801689809
C600_DK885_RS22280	59.4512973772172	-1.56058431620413	0.644113853832922	-2.42283923396086	0.0153997400656724	0.0696068361787661
C600_DK885_RS22285	118.916372826591	-1.28452620237854	0.586822650537452	-2.18895129764008	0.0286003800263684	0.107627745888702
C600_DK885_RS22290	78.2144619801193	2.45764706373735	0.334694258570778	7.34296152623614	2.08918598370129e-13	1.55351869748028e-10
C600_DK885_RS22295	65.7058700501537	1.34850569500208	0.519237963623291	2.59708609438354	0.00940183553449175	0.0487531722695123
C600_DK885_RS24090	1.93265660753264	-0.187137648717599	1.24169297722604	-0.150711691335863	0.880203150232713	NA
C600_DK885_RS22300	5.92764132230493	1.0320453611494	0.700844260954317	1.47257446289722	0.140865814910155	NA
C600_DK885_RS22305	35.319073879003	0.256347434407694	0.558947458822205	0.458625279284498	0.646503280086493	0.786550783822507
C600_DK885_RS22310	1.01772577544487	-2.05117099099762	1.99829433949881	-1.0264608923989	0.304674388365458	NA
C600_DK885_RS22315	0.489625318253649	1.13368537408897	2.7840778546483	0.407203186576184	0.683858761372602	NA
C600_DK885_RS22320	14.4800887073246	-0.635572416222431	0.562392311375303	-1.1301228757345	0.258424451790721	0.444344743854564
C600_DK885_RS22325	2456.782690567	-0.542101204549871	0.3076560980016	-1.76203627384968	0.0780631689703734	0.206870179780362
C600_DK885_RS22335	216.16269118061	0.319680518566969	0.313408748115216	1.02001147220513	0.307723019924508	0.497657324088439
C600_DK885_RS22340	1046.44799345036	-0.888284357099607	0.539111854734451	-1.64768099476712	0.0994181500218866	0.242245510460706
C600_DK885_RS22345	147.619374240196	0.0357576726009697	0.273751787964136	0.130620781938616	0.896075301971105	0.947017615897831
C600_DK885_RS22350	694.742860119974	-1.83226383800754	0.473322794476141	-3.87106612948027	0.000108360388063281	0.00206607139907322
C600_DK885_RS22355	311.758554562855	0.207876592787871	0.266065265821176	0.781299250566534	0.434626510807938	0.620561200915481
C600_DK885_RS22360	635.085860206911	0.193040732161656	0.210936857020192	0.915158853168924	0.360108242179967	0.55257220157867
C600_DK885_RS22365	765.024770002447	0.198951428637379	0.401457421936422	0.495572924465416	0.620195759452815	0.76888557307288
C600_DK885_RS22370	12.0031607062132	-0.268137221228199	0.53137289242954	-0.504612156638672	0.613831269765651	0.764308325850197
C600_DK885_RS22375	162.923576770781	1.73597831377056	0.48062756046587	3.61189922626968	0.000303962692237086	0.00433001260435818
C600_DK885_RS22380	650.457419629594	1.85430187085463	0.544830636633575	3.40344640366056	0.000665414667068737	0.00756578511364392
C600_DK885_RS22385	1152.1698469082	2.17342456705672	0.795868508494833	2.73088398882268	0.00631647019875234	0.0368097746065222
C600_DK885_RS22390	57.9525528749481	-1.11629525704889	0.533679163595029	-2.0916972840558	0.0364656036265329	0.123929720551599
C600_DK885_RS22395	83.9909578266404	-0.0476199456034418	0.279189437246298	-0.17056499727614	0.864565822667595	0.926089233269409
C600_DK885_RS22400	4.62566129991896	-1.45168481661671	0.995308255272507	-1.45852785699969	0.144695102492279	NA
C600_DK885_RS22430	329.909542253761	0.3880881771748	0.580237525099567	0.668843637970856	0.503595226706941	0.679871842010315
C600_DK885_RS22435	201.395182855284	-0.00640875101243602	0.352991702356597	-0.0181555287833985	0.985514779672393	0.994788734532454
C600_DK885_RS22440	225.023570028086	-0.398008193695965	0.303983809009737	-1.30930721275098	0.190430307391559	0.363273413484769
C600_DK885_RS22445	160.91927878023	-0.724038833081224	0.385078068013851	-1.88023908194943	0.0600755014511486	0.172479316135421
C600_DK885_RS22455	67.6046363586936	0.714832538018422	0.958910957076503	0.74546289490505	NA	NA
C600_DK885_RS22460	32.4168471453303	-0.409135545165655	0.369336987926833	-1.10775676019404	0.267966878798496	0.454516813582486
C600_DK885_RS22465	1212.23818772154	-0.997637795189243	0.616472280295479	-1.61830114196062	0.10559771472039	0.250981607364805
C600_DK885_RS22470	179.91221199256	0.0888999401075249	0.342629646098834	0.259463654472798	0.795277521524477	0.882155305892054
C600_DK885_RS22475	247.702694856089	-0.129733312642893	0.248935917482347	-0.521151443130309	0.602261276863855	0.755841631316822
C600_DK885_RS22480	534.603799380355	-0.141287543544944	0.221804308310842	-0.636991880910357	0.524130132151482	0.694977115313556
C600_DK885_RS22485	86.7645625808249	0.206928310606307	0.337067089602712	0.613908379041708	0.539275872927503	0.708991405779511
C600_DK885_RS22490	168.826723996357	-0.15337110084753	0.286277900326842	-0.535742020856051	0.59213685775815	0.749791660150432
C600_DK885_RS22495	56.9337227337114	-0.516062296960243	0.365822501620834	-1.41069041590867	0.158335918176296	0.323813500428751
C600_DK885_RS22500	6.16638139603801	-1.49445312348003	0.819118049131795	-1.82446611335697	0.068081634836663	NA
C600_DK885_RS22505	11.8619960158358	0.101914267667088	0.560477813101933	0.18183461554535	0.855712518071683	0.92191803598682
C600_DK885_RS22510	0.188591368672469	1.20336424726912	4.0804728567969	0.294908038725135	0.768064130898878	NA
C600_DK885_RS22515	15.3070684191065	-0.456367968246563	0.649323048982394	-0.702836544862798	0.482157619747242	0.661254898642658
C600_DK885_RS22520	34.3374791581975	-0.0502851068439667	0.411881119421935	-0.122086457652006	0.902830546874108	0.9495683092724
C600_DK885_RS22525	28.4861280144079	-0.925877873071167	0.438536377951835	-2.1112909204829	0.0347473139813329	0.121337277930728
C600_DK885_RS22530	21364.4470348242	-1.5984497526694	0.503308436098875	-3.17588507965201	0.001493801151885	0.0137815203044874
C600_DK885_RS22535	12013.8961966693	-1.68683974967587	0.427207428989803	-3.94852625494988	7.86337929843078e-05	0.00168023242710147
C600_DK885_RS22540	6535.0708497489	-0.453507059102213	0.254959751575249	-1.77873980618609	0.0752824298401754	0.201852850423767
C600_DK885_RS22545	9244.46667001124	-0.295817410386868	0.221113336483856	-1.33785422033313	0.180943962960193	0.351672584571876
C600_DK885_RS22555	8899.1718302675	-0.696261393014504	0.306351170496337	-2.27275577856109	0.0230409012636724	0.0917949409126587
C600_DK885_RS22560	2186.67331560623	-0.8172414968668	0.291498283324949	-2.80358939869219	0.00505372195131232	0.0319010835568407
C600_DK885_RS22565	994.259554347387	-0.143957468935293	0.197910663192836	-0.727386117619274	0.466989456313046	0.647377628102873
C600_DK885_RS22570	859.01154545973	-0.3747079396583	0.196688373497608	-1.9050843371932	0.0567691090594577	0.166457056374656
C600_DK885_RS22575	6267.38751314867	-1.27392722977013	0.556036113756056	-2.29108721224001	0.0219583700976763	0.0891279694575986
C600_DK885_RS22610	150.219595966378	-0.116104945222417	0.25161817656212	-0.461433060237413	0.644487937004805	0.785383857680716
C600_DK885_RS22615	222.874523544529	0.236905836196864	0.317574313322399	0.745985510346861	0.455676167988532	0.637398040850776
C600_DK885_RS22620	395.162477606373	-0.0584459748767239	0.2874206689324	-0.20334645762887	0.838864246036085	0.910324768159491
C600_DK885_RS22645	777.287095956602	0.0242212362373132	0.315649976300923	0.0767344782380788	0.938834775724068	0.968401778869234
C600_DK885_RS22650	718.53221987939	-1.32769167997451	0.485947931812041	-2.73216859885318	0.00629189343047586	0.0367885159641792
C600_DK885_RS22655	622.974719785004	-0.0870873156566459	0.218208037611091	-0.399102235692437	0.689817875007185	0.816797088941629
C600_DK885_RS22660	584.481226024683	-0.6799854951073	0.399367706015421	-1.70265518434544	0.0886326163108026	0.22386961103503
C600_DK885_RS22665	654.423611803939	-0.194403364763193	0.282801594174653	-0.687419621273892	0.491818336502601	0.670546598869333
C600_DK885_RS22675	2005.52891547235	0.808410041923866	0.280711690178052	2.87985883812356	0.00397853261043199	0.0266046479237161
C600_DK885_RS22680	1824.22647096957	-1.08676034272549	0.463542262317052	-2.34446873795981	0.0190542078174416	0.0809640510459977
C600_DK885_RS22685	217.269701472471	-0.0123517861770106	0.224052020666111	-0.0551290996630538	0.95603561321159	0.979482063907604
C600_DK885_RS22690	32.845048083261	-0.313724323799827	0.371356611225736	-0.844806082122296	0.398219118216722	0.590342377005491
C600_DK885_RS22695	39.8476327498281	-0.673525753397769	0.604985824025767	-1.11329179403894	0.265583129601813	0.451916739523816
C600_DK885_RS22700	209.140525379058	-0.473026662137585	0.295412910220364	-1.60123896340458	0.109324002006409	0.255701836102384
C600_DK885_RS22710	1883.08793565987	0.0788212363468006	0.240927817818712	0.327157059157487	0.743549097141535	0.849835703403697
C600_DK885_RS22715	320.154256022357	-0.163744068134019	0.241945175051647	-0.676781705190299	0.498544467413101	0.67580258184564
C600_DK885_RS22720	49.2540120071974	-0.165382183547127	0.349427064160475	-0.473295289660721	0.636002522209183	0.779643052282804
C600_DK885_RS22725	7.98351747363956	-1.09540884634788	0.649394296949844	-1.68681624013783	0.0916386917276168	0.229353958243982
C600_DK885_RS22730	11.9957089672404	-0.175368668632581	0.544802000586656	-0.321894318383082	0.747532757578312	0.852300211411666
C600_DK885_RS22735	36.162462887369	-0.334268729703592	0.384807776972253	-0.868664173925191	0.385030842425329	0.577934869655782
C600_DK885_RS22740	5.04478094771778	-1.55115305702596	0.926532208239392	-1.67414909404334	0.0941013012391391	NA
C600_DK885_RS22745	4.23381265260904	-0.674524161403631	0.889907318303535	-0.757971248836904	0.448468194887096	NA
C600_DK885_RS22750	14.5111206981158	-0.078191159193355	0.627698297462859	-0.124568060020876	0.900865515805313	0.948307781610383
C600_DK885_RS22755	26.9699591333987	-2.12002231986624	0.758461025169925	-2.79516316529418	0.00518735267869927	0.0321442954323398
C600_DK885_RS22760	882.213908130118	-0.527205934944721	0.400077309535783	-1.31776014879836	0.18758395223354	0.359629914121581
C600_DK885_RS22765	8.41240982059785	-0.762730386628327	0.748181985988413	-1.01944500256939	0.307991750496917	0.497658986678634
C600_DK885_RS22770	430.722144640699	-0.248939574775541	0.295695202988752	-0.841878976254513	0.399855699380909	0.590883740182123
C600_DK885_RS22775	2087.05223149889	0.85430944786572	0.324214966552842	2.635009287045	0.00841349811283675	0.0451390851133146
C600_DK885_RS22780	467.902273188792	-4.36700056360553	0.982264587338723	-4.44584953982426	8.75452076127149e-06	0.000325493081904074
C600_DK885_RS24550	1.27009524338624	-3.64684985204909	1.71531268440137	-2.12605543304883	0.0334986441846788	NA
C600_DK885_RS22785	729.589739946633	-0.23583467600904	0.2055032389131	-1.14759590776458	0.251135419927776	0.436820232029261
C600_DK885_RS22790	125.623022264191	-0.908063037906935	0.365011252372092	-2.48776724554578	0.0128547832092072	0.0607325457146755
C600_DK885_RS22795	623.135295035704	-0.288311632886306	0.333055107420549	-0.865657443656179	0.38667804397699	0.579471570941737
C600_DK885_RS22800	143.276548915339	-0.543793449322703	0.31503383670615	-1.7261429915223	0.084321691101929	0.217261294190556
C600_DK885_RS22805	1743.76369708173	-1.0043460373915	0.476667614772985	-2.10701546793739	0.0351162388111116	0.121337277930728
C600_DK885_RS22810	379.969693407695	-0.832433204621747	0.295069514045309	-2.82114269688303	0.00478529116597162	0.0306753664742801
C600_DK885_RS22815	258.623792324877	0.00660870471435074	0.222956483969199	0.0296412313142852	0.976353181914457	0.98993213263102
C600_DK885_RS22820	317.194910065345	-0.619024422621222	0.243278993265921	-2.54450421021179	0.010943299250959	0.0543946345121197
C600_DK885_RS22825	2199.08637868015	-1.616049001442	0.565213887299369	-2.85918134312586	0.00424735904089375	0.0279993581004301
C600_DK885_RS22830	7545.62955545018	-1.18633278631934	0.559674905478636	-2.11968193447012	0.034032877510571	0.119597579002177
C600_DK885_RS22835	249.553937359183	-1.43754098425357	0.472315106655005	-3.04360577080504	0.00233761250082518	0.0191016335781715
C600_DK885_RS22840	4222.95205104492	-0.235773172234758	0.32495544850158	-0.725555374811976	0.468111386405509	0.648449379528942
C600_DK885_RS22845	1800.81969044425	-1.72542202367018	0.497029774605791	-3.4714661209958	0.000517624642798679	0.00626882222125566
C600_DK885_RS22850	1647.86092087709	1.20905745776704	0.316681974439625	3.8178916242596	0.00013459702460574	0.00246518097282827
C600_DK885_RS22855	5260.94416768965	0.760053889154104	0.484767560252234	1.56787283529994	0.116910812527166	0.266507909856533
C600_DK885_RS22860	1056.78031735309	0.442059843637169	0.31980046283021	1.38229894892888	0.16687992859402	0.333939491126246
C600_DK885_RS22865	160.887035658968	0.000602999828091606	0.261528107489553	0.0023056788575419	0.998160336067388	0.998966387482785
C600_DK885_RS22870	1637.59860157077	0.457363781552287	0.385737874512492	1.18568544022367	0.235746546496226	0.420588128537893
C600_DK885_RS22875	610.46354621131	0.332054969331254	0.405740221654732	0.818393029848097	0.413132800455659	0.602836637399584
C600_DK885_RS22880	69.7058686961157	0.170039053478156	0.431353766847826	0.394198605754015	0.693434414977926	0.817728023609137
C600_DK885_RS22885	22.8545121511709	0.383882156051799	0.658284360791854	0.583155515938468	0.559788614051887	0.724684563734302
C600_DK885_RS22890	2336.28023406262	-1.16160813282865	0.363983092052398	-3.19137937501073	0.0014159522228143	0.0132607313965329
C600_DK885_RS22895	36.8381759225399	0.578563244176977	0.417244626883183	1.38662838752135	0.165555107512769	0.332182347400149
C600_DK885_RS22900	59.9903749224849	-0.781563321771088	0.387886821920166	-2.0149262042523	0.0439123818798417	0.141409059910191
C600_DK885_RS22905	1374.90814947482	-0.656593117151791	0.335982888628954	-1.95424570528324	0.0506721664654709	0.154552186151453
C600_DK885_RS22910	300.654584994215	0.062816431769244	0.248268899726859	0.25301772327647	0.800254517513339	0.884469218680963
C600_DK885_RS22915	1701.69824103564	-0.26981934199787	0.4235718978965	-0.63700954510396	0.524118626212636	0.694977115313556
C600_DK885_RS22920	700.72258035007	-0.365707178730391	0.231036806552748	-1.58289574802834	0.113445228047414	0.261331696332271
C600_DK885_RS22925	1210.57793741532	0.102040469723357	0.257396133673601	0.396433576009935	0.691785200689673	0.817700853541396
C600_DK885_RS22930	209.064594700271	-0.442644882686911	0.288973122562008	-1.53178565107531	0.12557533807094	0.280720407720042
C600_DK885_RS22935	33.5454636928088	-0.260218243491447	0.372413118135864	-0.698735438735309	0.484717382327458	0.663786087474581
C600_DK885_RS22945	204.684401605715	-1.23641385078481	0.655832549414326	-1.88525844270608	0.0593949538751575	0.171186386440183
C600_DK885_RS22950	15.9571620033761	-0.0385627354609076	0.494748677061455	-0.07794409009833	0.937872527241889	0.968344919823755
C600_DK885_RS22955	36.3302790267243	-0.521356167277708	0.386652009534883	-1.34838602780021	0.177534255530579	0.346858834504831
C600_DK885_RS22960	8.99821278588612	-0.565752838619651	0.603040647857571	-0.938167005208698	0.348158591716658	0.539355685001056
C600_DK885_RS22965	4.51488158815661	1.09765140849881	0.956025130903331	1.14814074757811	0.250910465096137	NA
C600_DK885_RS22970	7.45165283759227	-0.528526138425478	0.647672632817548	-0.81603901669621	0.414477820817933	NA
C600_DK885_RS22975	2.03659602040015	0.181622480158731	1.27465483525635	0.142487577919245	0.886694890643705	NA
C600_DK885_RS22980	0.909531813745229	2.13005875585295	1.83880005528058	1.15839606907556	0.246702442588932	NA
C600_DK885_RS22985	0.829634433752831	-0.341753202196525	1.74546052944517	-0.195795434174131	0.844770283909489	NA
C600_DK885_RS22990	13.0162316486963	-0.0831414270127564	0.664091961035403	-0.125195653450056	0.900368658216618	0.948307781610383
C600_DK885_RS22995	30.6285281988616	0.165197277281278	0.393347907384937	0.419977516543931	0.674501878508555	0.806729739264956
C600_DK885_RS23000	12.5344859583226	0.648486172829172	0.554124363450528	1.1702899486156	0.241884305456913	0.427166348681564
C600_DK885_RS23005	19.0996646792015	0.173951709971024	0.572902816640102	0.303632143041636	0.761408160393872	0.861770331916109
C600_DK885_RS23010	331.978669112972	0.546238409930728	0.297707649451851	1.83481482903271	0.0665331306583035	0.184742479303639
C600_DK885_RS23025	9683.2657190527	0.8079015711478	0.38372609021109	2.10541214620921	0.0352554474143838	0.121337277930728
C600_DK885_RS23030	1715.8881811301	0.399349219063007	0.48774053306959	0.818773901257922	0.412915423925597	0.602836637399584
C600_DK885_RS23035	848.717468818491	0.389487229552283	0.483073776862226	0.806268624395577	0.420087977484636	0.608362086516599
C600_DK885_RS23040	745.084288635727	-0.214061275313101	0.442985107433294	-0.483224541234346	0.628936311909573	0.773531329037311
C600_DK885_RS23045	27.9793022495455	-0.36908014197754	0.41934087875236	-0.880143483925636	0.378781585208786	0.57085931650031
C600_DK885_RS23050	1.62261276052104	0.285080172458491	1.25023286161409	0.228021659973362	0.819629401815514	NA
C600_DK885_RS24685	1.93267409541334	0.356164874542517	1.51114365807282	0.235692267005732	0.813671470907186	NA
C600_DK885_RS23055	308.871527230943	-0.148091711275909	0.263939311515571	-0.561082433782026	0.574741342602085	0.736350210818247
C600_DK885_RS23060	220.225628292513	-1.24117942254594	0.52768692237386	-2.35211328899787	0.0186670886049141	0.0795008424204703
C600_DK885_RS23065	282.281727828506	1.07544010356406	0.273862395892489	3.9269360076228	8.60348594687778e-05	0.00177709781947176
C600_DK885_RS23070	155.596617334377	-0.661911402164761	0.377287927435873	-1.7543932737611	0.0793631430818124	0.209048528580234
C600_DK885_RS23075	111.379564943589	0.22378476198472	0.283244906603296	0.790075149694203	0.429483881640591	0.615315037456628
C600_DK885_RS23080	24.0525978406545	-0.444516631862223	0.399230873672208	-1.11343250529065	0.265522721034374	0.451916739523816
C600_DK885_RS23085	6.11303080881469	0.945716253059058	0.825770736010537	1.14525280664219	0.252104449289795	NA
C600_DK885_RS23090	16.2511683647419	-0.646440801251641	0.629539752470771	-1.02684667443881	0.304492667428176	0.493721647404256
C600_DK885_RS23095	48.8575454759569	-0.776616479014768	0.519919949824828	-1.4937231765706	0.135247988223211	0.294906742148309
C600_DK885_RS23100	2.66013289384076	0.1612216097294	1.12457912286378	0.143361731025954	0.88600450494341	NA
C600_DK885_RS23105	10.7581812138067	-0.538961063394934	0.668620919573443	-0.806078672708553	0.420197487984302	0.608362086516599
C600_DK885_RS23110	15.9963555519006	-0.0500030042833777	0.56862336108597	-0.0879369503705947	0.929926788198983	0.964426164162851
C600_DK885_RS23115	44.9734235853095	1.23190712200105	0.342737386650509	3.59431789464286	0.000325242534048591	0.0045780321984979
C600_DK885_RS23120	6.81848485743629	-0.572897652482155	0.690841646681232	-0.829274921733983	0.406948858252068	NA
C600_DK885_RS23125	11.7963834071201	0.405678087195102	0.519665485304985	0.780652359386568	0.435006987578331	0.620866019123315
C600_DK885_RS23130	65.9657446922617	1.10058403471722	0.377339369166623	2.91669548594392	0.00353760963056288	0.0248635777059221
C600_DK885_RS23135	33.8342038834605	0.0838735824193688	0.346868336380279	0.241802360211445	0.80893330998993	0.889826640988923
C600_DK885_RS23140	4129.99349631754	0.417077171655199	0.310231004051104	1.34440841246961	0.178816354971523	0.348813855080861
C600_DK885_RS23150	3679.01645608521	1.14719184734692	0.704748203318088	1.62780386235215	0.103566481312342	0.247891264604464
C600_DK885_RS23155	250.397603133229	0.706531475824316	0.505209970658791	1.39849075999629	0.161965745463783	0.327696889889596
C600_DK885_RS23160	393.817083497178	0.614940192480099	0.410503278546987	1.49801530125833	0.134129275038069	0.293694136979706
C600_DK885_RS23165	375.436592825142	-0.61395885471131	0.348019980789459	-1.76414829205664	0.0777070157239731	0.206515142574505
C600_DK885_RS23170	910.110187025904	0.455468763054317	0.226209234052642	2.01348439625733	0.0440636948850366	0.141597940866522
C600_DK885_RS23175	75.7097137670926	0.964792580840782	0.383176692004295	2.51787909069889	0.0118063842240682	0.0573056612860127
C600_DK885_RS24415	2180.17565478381	0.0221335723344073	0.36228487990334	0.0610943861093864	0.951284040036759	0.976152733177441
C600_DK885_RS23180	754.021634305613	-0.646844194366744	0.271062115571621	-2.38633197782976	0.0170173815956072	0.0737535125283788
C600_DK885_RS23185	1227.67790408356	0.476392393940464	0.194564412760725	2.44850734613184	0.0143449504730852	0.0661718683113287
C600_DK885_RS23195	75.4636668912269	0.588899135794005	0.312342159634278	1.88542954458517	0.0593718683264082	0.171186386440183
C600_DK885_RS23200	49.4383778876833	-0.143124092012731	0.63480077544853	-0.225463007526423	0.821619100231766	0.898728983425038
C600_DK885_RS23205	750.166326458646	-1.5225866488435	0.564166066960922	-2.69882706176471	0.00695843257692374	0.0390519978304804
C600_DK885_RS23210	700.11124003201	-0.281063764844349	0.288084275633342	-0.975630357562702	0.329247675090779	0.517410310149207
C600_DK885_RS23215	121.267272537617	-1.33083918341975	0.366932669702734	-3.62693020629075	0.00028681077787064	0.00419827744930331
C600_DK885_RS23220	59.2938029966762	0.904974981386192	0.365615874047049	2.47520702908467	0.0133158961565778	0.0621385807321485
C600_DK885_RS23225	15.9760140144039	1.42877173154717	0.541429790092035	2.63888644048253	0.00831788386246262	0.0448201336241102
C600_DK885_RS23255	168.159583957462	-0.420990449920796	0.274066942621707	-1.53608620541255	0.124517239068639	0.27928141533264
C600_DK885_RS23260	679.501516789436	-0.317086520926723	0.253088104602721	-1.25287010791938	0.210252982068538	0.389031168665641
C600_DK885_RS23265	172.746363598884	-0.751345715861765	0.40145874772988	-1.87153903137093	0.0612704051009887	0.174561966410327
C600_DK885_RS23270	1238.99163664016	-0.939498099567189	0.406147396695904	-2.31319493171742	0.0207119241049695	0.0856043647116903
C600_DK885_RS23275	84.5914526736615	1.03350456286704	0.506679911444104	2.03975831589891	0.041374403445879	0.135175775054287
C600_DK885_RS23280	76.6331689574139	0.19925869455025	0.477067882264498	0.417673672778868	0.676185723655094	0.807599910231172
C600_DK885_RS23285	1442.96441586996	-0.0148985060496227	0.329509874185046	-0.0452141414167638	0.963936622557494	0.98412736927879
C600_DK885_RS23290	3187.0604620035	0.533012242597372	0.190413088647456	2.79924161927875	0.00512227926750084	0.0320966723708128
C600_DK885_RS23295	43.266367423273	0.0972372409186986	0.479561482132245	0.202762825084197	0.839320415613431	0.910324768159491
C600_DK885_RS23300	311.874383816954	-0.0483485784393071	0.270967765135468	-0.1784292622967	0.858385870030852	0.923460261798237
C600_DK885_RS23305	717.674869570913	0.117698994752873	0.275778199796083	0.426788610702013	0.669533302765712	0.802490270690818
C600_DK885_RS23310	356.101393871941	0.0172589606876892	0.238480071817329	0.0723706620690272	0.942306931833293	0.970497831733015
C600_DK885_RS23315	361.64524417828	-1.17101635448797	0.434670909784844	-2.69402973175179	0.00705938672213549	0.0394688719291726
C600_DK885_RS23320	1115.0318350702	-0.00615995269794518	0.231782429198925	-0.0265764437763246	0.978797561765577	0.991059186994666
C600_DK885_RS23325	754.384450731869	-0.263341546216126	0.276009083191761	-0.954104637321541	0.340030678984995	0.530916101262426
C600_DK885_RS23330	1164.2763027706	-0.126855372886561	0.241149227263502	-0.526045114579393	0.598856861676767	0.75374062684977
C600_DK885_RS23335	262.661976706599	0.783183435793704	0.224326905544685	3.49125948085481	0.000480749101916654	0.00610042717039631
C600_DK885_RS23340	1374.70548028844	-0.92140188070252	0.538156272540399	-1.71214557502598	0.0868698442829243	0.220465584330316
C600_DK885_RS23345	166.721561192634	0.799309995076263	0.354952332429474	2.25187982173657	0.02432986760841	0.095521064169027
C600_DK885_RS23350	547.461528910991	-3.09427706557387	0.818927646886107	-3.7784498756875	0.000157807606932586	0.00275459475387491
C600_DK885_RS23355	56.2943823182197	-0.57090934006835	0.663230251244063	-0.860801115445895	0.38934759056958	0.582767448364613
C600_DK885_RS23360	84.6347003779789	-0.03196454047458	0.316876044484812	-0.100873956964936	0.919650516965412	0.958607792346769
C600_DK885_RS23365	371.452168784598	-0.271992364663443	0.257604208341892	-1.05585373163801	0.291035045452235	0.480721994001966
C600_DK885_RS23370	581.001365653933	-0.420473089870515	0.202901529943304	-2.07230122901491	0.0382373578868214	0.128163568105898
C600_DK885_RS23375	40.9342104018594	-0.0849069714650325	0.373757195739979	-0.227171469694196	0.820290411640069	0.898267052799187
C600_DK885_RS23380	487.564201804795	0.221080736081823	0.263109696151283	0.840260694743479	0.400762234209912	0.591144409573906
C600_DK885_RS23385	302.857535503155	0.280729189648104	0.488741138874444	0.574392387542033	0.565702303093303	0.729546015574367
C600_DK885_RS23390	214.263483022487	-0.175177143632052	0.259692265938407	-0.674556644954532	0.499957485785014	0.676434473125431
C600_DK885_RS23395	27.9436108408369	0.0703653214441177	0.384161044958043	0.183166206901074	0.854667608747079	0.921059179513518
C600_DK885_RS23400	48.8962716346473	0.759514383406978	0.465104063396639	1.6329988129114	0.102469246334657	0.246686179045577
C600_DK885_RS23405	2.79197248358926	-1.03282079357515	1.24060582875048	-0.832513252509376	0.405119300953331	NA
C600_DK885_RS23410	10.2146194946626	-0.861262477892554	0.697878123560639	-1.23411588473115	0.217159725205084	0.395978351305789
C600_DK885_RS23415	237.229164106568	-1.05641180600896	0.477494129058259	-2.21240794749137	0.0269384902476228	0.103148616622721
C600_DK885_RS24310	11.8593122272237	-2.63394030093623	0.999183482749459	-2.63609271611296	0.00838668125401134	0.0450686820771384
C600_DK885_RS23420	17.7456801179125	-0.0513277477955822	0.446353595023992	-0.114993467886874	0.908450299568726	0.95267525307088
C600_DK885_RS23425	1037.52282134178	-0.258787123110009	0.234895127615421	-1.10171345713779	0.270586264640204	0.457915217083422
C600_DK885_RS23430	366.527312951649	0.258136182326541	0.298340769338882	0.865239380117462	0.386907415164207	0.579581696043723
C600_DK885_RS23435	604.415105359357	0.0390099876802025	0.219603974912841	0.177637894285317	0.85900736247438	0.923469041347987
C600_DK885_RS23440	344.70370251005	0.0605396792440515	0.226892204727641	0.266821327408417	0.789606732486708	0.880640706790287
C600_DK885_RS23445	694.100435098543	-0.136562949298308	0.228777752933927	-0.596924078267996	0.550558070664405	0.716993833406018
C600_DK885_RS23450	110.99206204891	-0.735865008513575	0.381462359802717	-1.92906322105842	0.053723014181546	0.160823000585337
C600_DK885_RS24420	6.40481550372058	-0.203164823220566	0.945145748411927	-0.21495607800377	0.829801562722249	NA
C600_DK885_RS23455	44.4372626309244	-0.936715701729806	0.37608119470222	-2.4907273081588	0.0127481920853983	0.0604093049977023
C600_DK885_RS23460	8802.53748332306	0.845055023577743	0.426683192300188	1.98052100206285	0.047645015805672	0.148985844209831
C600_DK885_RS23470	1681.08589153053	0.0627747509422864	0.216055410230582	0.29054931267535	0.771396030889531	0.867791359409161
C600_DK885_RS23475	263.330080748734	0.489372265785033	0.348941583501957	1.40244754114348	0.160781645209952	0.326837701963149
C600_DK885_RS23480	779.817817658915	0.195512033673987	0.19502622364625	1.00249099848551	0.316106511890852	0.504847083853174
C600_DK885_RS23485	1269.7326806428	-0.28024015950414	0.303036973275868	-0.924772170454016	0.355084429524498	0.547121387887313
C600_DK885_RS23490	114.16661876331	-0.527989880256548	0.44089113244821	-1.19755159811151	0.231091628765829	0.41427129978368
C600_DK885_RS23495	46.530667135462	0.294717827640404	0.320814113951358	0.918656052910097	0.358275503303517	0.550214093879586
C600_DK885_RS23520	294.475431312249	-0.33899726251032	0.431419560078151	-0.785771656827314	0.432001274276628	0.617761822215578
C600_DK885_RS23525	51.0893301406569	-0.630547653560895	0.425383132605295	-1.48230525667309	0.138259090240381	0.298517594374992
C600_DK885_RS23530	123.377130558856	-0.295362080942205	0.431870769187696	-0.683913110159667	0.494030034957429	0.672083304051123
C600_DK885_RS23535	352.875188540382	-0.772971178609461	0.442453713073119	-1.7470102651884	0.0806355575042547	0.210814291241789
C600_DK885_RS23540	672.823603093378	-1.16161669467009	0.483446986591496	-2.40277988463631	0.0162709780080574	0.0721042863336799
C600_DK885_RS23545	494.500825093154	-1.57036035248666	0.491808371344854	-3.19303298598292	0.00140786863194187	0.0132183221554542
C600_DK885_RS23550	185.187062810765	-1.53749204947778	0.484084652393439	-3.17608096409589	0.00149279281785106	0.0137815203044874
C600_DK885_RS23555	367.817636662411	-1.46825138257921	0.469968408016007	-3.1241491077613	0.0017832006734959	0.0153826916567466
C600_DK885_RS23560	596.074456586521	-1.19526290791927	0.393980849841249	-3.03380965953266	0.00241486737866823	0.019498208773411
C600_DK885_RS23565	583.308522179925	-0.946171303909053	0.32139471928918	-2.94395410727866	0.0032404804681459	0.0233943813214883
C600_DK885_RS23570	388.578676815791	-0.892630603609797	0.295041300347198	-3.02544288734957	0.00248269288148909	0.0196712137604081
C600_DK885_RS23575	516.658286766061	0.0940916499284716	0.212758059463553	0.442247171109351	0.658310354962285	0.794674642775901
C600_DK885_RS23580	824.649738838649	-0.0205760676747349	0.200345838259983	-0.102702745679368	0.918198894433686	0.957874155304278
C600_DK885_RS23590	5904.8025266586	-0.402165526033589	0.278430316187528	-1.44440279183795	0.148625705865312	0.311494010376115
C600_DK885_RS23595	121.82536408056	-0.471912607814303	0.301991086365703	-1.5626706519504	0.118130080771609	0.268628526182778
C600_DK885_RS23600	3819.66702646814	-1.12113929846743	0.369714541892196	-3.03244576945622	0.00242580680833426	0.0195219690765947
C600_DK885_RS23605	1785.13286184767	-0.0436955713280283	0.237028450299911	-0.18434736957838	0.853740955103082	0.920649683925688
C600_DK885_RS23615	790.263743947766	-0.333829296039888	0.21198457604684	-1.57478106315681	0.11530698893715	0.26371568964421
C600_DK885_RS23620	405.785499369678	-0.114544668140653	0.299819291647726	-0.382045689959264	0.702427474753082	0.824636991200493
C600_DK885_RS23625	41.3505115921013	-0.839648520165558	0.373802277087929	-2.24623703928922	0.0246888289446195	0.0964919510986352
C600_DK885_RS23630	124.533097156384	-1.781042528962	0.44402341580832	-4.01114550618847	6.04248536788573e-05	0.00136451171793693
C600_DK885_RS23635	299.878504538266	0.580256064087209	0.579461724761286	1.00137082276875	0.3166475646062	0.504909324079163
C600_DK885_RS23640	475.531842146754	0.104649164481299	0.288353429256837	0.362919784762082	0.716664806837017	0.832154825677711
C600_DK885_RS23645	409.965377107361	-0.276626003165495	0.307923745934052	-0.898358787908288	0.368994300326853	0.561342393050425
C600_DK885_RS23650	464.899494158038	-0.358777121735525	0.276262029361044	-1.29868416070542	0.194052342042708	0.368293316852878
C600_DK885_RS23655	202.914483060925	0.0120613232014533	0.297587708665622	0.0405303137536696	0.967670340009884	0.985158358202834
C600_DK885_RS23660	1.0822287061529	-0.042355436162418	1.6931560590767	-0.0250156717305285	0.980042463287105	NA
C600_DK885_RS23665	554.94671302326	0.54103896559728	0.266245971835327	2.03210197648328	0.0421433333507191	0.137289783030579
C600_DK885_RS23670	0.188591368672469	1.20336424726912	4.0804728567969	0.294908038725135	0.768064130898878	NA
C600_DK885_RS23675	6.92571154629096	-0.32394460507775	0.689291708253835	-0.469967360986236	0.638378336708582	NA
C600_DK885_RS23685	75.5251103547016	0.626242183559833	0.276241645341474	2.26700859237104	0.023389700830407	0.0929090894096724
C600_DK885_RS23690	108.157063672502	-0.224647426007467	0.383042822243804	-0.586481231240722	0.557552170601844	0.723300408338331
C600_DK885_RS23695	169.029071376798	0.489540262012043	0.304971378880702	1.60520067098998	0.10844964986448	0.254555428154126
C600_DK885_RS23730	1255.54517491793	-1.29783816357996	0.479554476861759	-2.70634146108511	0.00680290563102132	0.0383930396000957
C600_DK885_RS23735	415.148364178069	-0.704707677472689	0.396291963871761	-1.77825376671209	0.0753621859301271	0.201870754530412
C600_DK885_RS23740	179.899823160327	-0.88258524825232	0.502726151551249	-1.75559844167436	0.0791569985102689	0.208727461319986
C600_DK885_RS23745	552.759870622047	-0.294717675069663	0.383176546574627	-0.769143304057271	0.441808243319411	0.625768780442503
C600_DK885_RS23750	7128.11485863543	0.747521832444002	0.389573254916168	1.91882225745928	0.0550068320361775	0.163220591788115
C600_DK885_RS23755	1842.11577234588	1.52494115361584	0.202498346073152	7.53063510486627	5.04941141457151e-14	4.69342790984422e-11
C600_DK885_RS23760	2473.43839729353	1.28325300390121	0.20374794763473	6.29823769416203	3.01048630930991e-10	6.73996995540096e-08
C600_DK885_RS23765	115.743370969532	-0.316647038139051	0.420473762164687	-0.753072050224693	0.451406618877362	0.634049795612403
C600_DK885_RS23770	335.049272480178	0.358524087329037	0.22418155728167	1.59925772519536	0.109763348687306	0.255701836102384
C600_DK885_RS23775	442.011332603544	0.111059376699864	0.319461750370026	0.347645302047041	0.728106579763809	0.839410934437781
C600_DK885_RS23780	255.137706153061	0.588318981832578	0.416149746459922	1.4137194287327	0.157444298472238	0.322811328693982
C600_DK885_RS23785	7009.5872692284	2.20794387142859	0.955755311897262	2.31015600326157	0.0208795188504457	0.0859690488216581
C600_DK885_RS23790	64.3892124270927	-0.509834752695613	0.370795061887847	-1.37497719117365	0.169138516109246	0.336471455738111
C600_DK885_RS23795	772.202877740207	-0.286303241292764	0.236979916369509	-1.20813293243951	0.226996134086815	0.408862655835477
