gene_id	baseMean	log2FoldChange	lfcSE	stat	pvalue	padj
TH2_HKNPDCAD_00001	80.8021162106864	-1.02238710020696	0.34985552816311	-2.92231226293586	0.00347443009843341	0.0522285298667732
TH2_HKNPDCAD_00002	18.4178360743734	-1.29487761277047	0.524938750765328	-2.46672132869334	0.0136356430414371	0.125712780989939
TH2_HKNPDCAD_00003	80.0738357293464	-0.524325841515301	0.350015197682735	-1.49800878643723	0.134130967642382	0.435270387410727
TH2_HKNPDCAD_00004	44.6574704950099	-0.46997902652397	0.492579954515276	-0.954117239680313	0.340024300511489	0.664311882434727
TH2_HKNPDCAD_00005	1936.75819642012	-1.55810616210966	0.355157616563965	-4.38708361989764	1.1488063222914e-05	0.000490731767338812
TH2_HKNPDCAD_00006	502.346701088683	-0.462394088482854	0.416328078636759	-1.11064833771706	0.266719747703835	0.607646856324381
TH2_HKNPDCAD_00007	208.452066327083	-0.494995865971049	0.323337407495076	-1.53089575934262	0.125795157475459	0.421938102467414
TH2_HKNPDCAD_00008	609.163419523243	-1.23724282742564	0.262876932053701	-4.70654772847428	2.51947018493497e-06	0.000121837775169591
TH2_HKNPDCAD_00009	16.484206120211	-1.73118414257603	0.533905693374274	-3.24249050733095	0.00118489895487014	0.0247909879292422
TH2_HKNPDCAD_00010	2484.34712615227	-0.202539407385169	0.188478208150219	-1.07460384610482	0.282552129173186	0.619222836315412
TH2_HKNPDCAD_00011	304.208755426861	-0.793766450070113	0.288501004090436	-2.75134727025522	0.0059350688406231	0.0772161494340965
TH2_HKNPDCAD_00012	608.864181267698	-1.01155089250037	0.384594023349077	-2.63017839874812	0.00853400716664968	0.0944823342035556
TH2_HKNPDCAD_00013	181.741472482538	-0.664705871841755	0.403888189894773	-1.64576704264349	0.0998117300686319	0.375925737201916
TH2_HKNPDCAD_00014	8.38595465178007	-0.450539014151444	0.611674482365277	-0.736566633300214	0.46138593230206	0.755611593923438
TH2_HKNPDCAD_00015	41.2408775668116	-1.1354832837043	0.376102243686191	-3.01908138748492	0.00253542409703745	0.0419244642626256
TH2_HKNPDCAD_00016	197.881961583983	-1.71190658960454	0.289866905025394	-5.90583664407832	3.50861513575644e-09	2.3057898956266e-07
TH2_HKNPDCAD_00017	13.4338753941166	-1.24547846075783	0.528633104245367	-2.35603569045448	0.0184711429070958	0.150052422411685
TH2_HKNPDCAD_00018	316.483139201247	-0.175915619530465	0.285396339402902	-0.616390595263103	0.537636758945802	0.801374244360623
TH2_HKNPDCAD_00019	92.2985779613675	0.0747439519966431	0.349813392048227	0.213668069021036	0.830805913510375	0.937327994185958
TH2_HKNPDCAD_00020	147.071640350103	-0.489346618950581	0.281918950276982	-1.73577057686191	0.082604408578276	0.342573709177986
TH2_HKNPDCAD_00021	261.032863714611	-1.31166883144112	0.481395365322245	-2.72472260002565	0.00643555322079249	0.0826479929447431
TH2_HKNPDCAD_00022	851.914834856649	-0.514381419303238	0.232562455847516	-2.21179905169431	0.0269805526761886	0.192056337963039
TH2_HKNPDCAD_00023	202.02458027799	-0.726778923401689	0.283900713820059	-2.55997568171785	0.0104679487979091	0.108620861413122
TH2_HKNPDCAD_00024	115.114082341763	-0.31354033805043	0.394964444668952	-0.793844464438388	0.427285983576749	0.739254203910627
TH2_HKNPDCAD_00025	687.600544439508	0.179345316459781	0.245996984058367	0.729054940028159	0.465968056290946	0.758337140627374
TH2_HKNPDCAD_00026	3.41548465600817	-0.584025991090572	0.968579608495985	-0.602971594660608	0.546527585959498	0.807687198883885
TH2_HKNPDCAD_00027	6.79712091625554	0.102912033121147	0.67429671456803	0.152621288073567	0.878696936222201	0.960573459551585
TH2_HKNPDCAD_00028	255.382399952983	-0.60177280236489	0.295657732677783	-2.03536973957898	0.0418136837633681	0.243288244007974
TH2_HKNPDCAD_00029	114.946831479086	0.891030273548794	0.462573426890612	1.92624613034571	0.0540736482852862	0.277181521110377
TH2_HKNPDCAD_00030	471.492334490726	-0.16054021121924	0.332473524634495	-0.482866151209272	0.629190777109815	0.850087486416688
TH2_HKNPDCAD_00031	9.57950679260199	-0.549897589929596	0.651508571034402	-0.844037383969519	0.398648515681779	0.716505011004488
TH2_HKNPDCAD_00032	1137.89589649256	-0.314619196050515	0.264577151934557	-1.18913970367455	0.234384696871272	0.569828454116667
TH2_HKNPDCAD_00033	23.9859391136731	-0.539863883312971	0.629416830685032	-0.857720761495056	0.391046673024913	0.709559379088745
TH2_HKNPDCAD_00034	32.7944536139523	-0.918257987862601	0.601328690907971	-1.52704835433028	0.12674898787216	0.423819511958702
TH2_HKNPDCAD_00035	1992.56959864759	-0.93004327655162	0.439839971284712	-2.11450376789334	0.0344722632906302	0.217349104093199
TH2_HKNPDCAD_00036	8.46100441007492	-0.287642590981793	0.689806445216681	-0.41699029195275	0.676685508613248	0.869307804925735
TH2_HKNPDCAD_00037	6.77811063693715	-0.536882221284899	0.830219230677096	-0.646675241245662	0.517842150274765	0.791345479881165
TH2_HKNPDCAD_00038	4.24158467554619	-0.199648642018308	1.00011969105854	-0.199624748720824	0.841774070670255	0.944807069466986
TH2_HKNPDCAD_00039	11.3246988375261	-1.73565454113935	0.588687529468515	-2.94834603122365	0.00319479239096297	0.0494758483265141
TH2_HKNPDCAD_00040	22.8166206950327	-1.73783911406901	0.469203255813819	-3.70380872795689	0.00021238642252267	0.00651911857395931
TH2_HKNPDCAD_00041	36.1748296523231	-0.939086453232962	0.354523087453221	-2.64887248945916	0.0080760796113394	0.0917915389971746
TH2_HKNPDCAD_00042	1.03597960233188	-0.272599488226681	1.66878783999092	-0.163351794454689	0.87024145543994	0.957882263385255
TH2_HKNPDCAD_00043	19.597052317547	-1.82396695905653	0.475706687776766	-3.83422601767681	0.000125960282820156	0.00430448273157413
TH2_HKNPDCAD_00048	48.6428017904861	0.193564305423442	0.612849297858993	0.315843236011961	0.752121499010317	0.900372592203685
TH2_HKNPDCAD_00050	0.451775734040818	2.18627553170658	2.74193396906569	0.797347987359286	0.425248957795994	NA
TH2_HKNPDCAD_00051	83.8240018253418	-1.32333571183648	0.357282161795524	-3.70389527757569	0.000212313934453995	0.00651911857395931
TH2_HKNPDCAD_00052	620.517988627258	-0.435746896127405	0.19770153077347	-2.20406435105802	0.0275198187903441	0.194159716524467
TH2_HKNPDCAD_00053	97.5509586253899	-0.673024978887675	0.277543132862045	-2.42493832200924	0.0153109877602066	0.135317453894516
TH2_HKNPDCAD_00054	403.123453127311	-1.13165304447096	0.35629811480514	-3.17614098264277	0.00149248399213279	0.0289790641805784
TH2_HKNPDCAD_00055	33363.2292042921	-0.623557243825786	0.316934641955976	-1.96746319675715	0.0491298348133774	0.264815492379992
TH2_HKNPDCAD_00056	2.82513664213305	-2.3267117650589	1.23231203583599	-1.88808653766047	0.0590143338528511	0.28865217111614
TH2_HKNPDCAD_00057	9.89432757505432	-0.487373208601787	0.628270876371138	-0.775737388014595	0.437904059511176	0.74525106542307
TH2_HKNPDCAD_00058	12.1594061853222	-0.581977225510268	0.555514695629815	-1.04763605731519	0.29480631812882	0.628348102589742
TH2_HKNPDCAD_00059	43.0595041491317	0.762676397632285	0.458162104607125	1.66464312513642	0.0959839761624403	0.368458140332685
TH2_HKNPDCAD_00060	45.6987266765452	-0.163543801233294	0.445487083322656	-0.367112330201598	0.713535230297917	0.884756069305061
TH2_HKNPDCAD_00061	21.8137452494642	-0.401697707470045	0.483991257045365	-0.82996893357599	0.406556348495878	0.72210943949753
TH2_HKNPDCAD_00062	2438.7632188611	-0.0532293418581333	0.293135494429006	-0.181586136342233	0.855907529559141	0.951916250058615
TH2_HKNPDCAD_00063	37.4017002885717	0.734230924014036	0.346512597586963	2.11891552897949	0.0340976063321022	0.216668059307409
TH2_HKNPDCAD_00064	15.6353969966893	0.876515115870069	0.498119364696167	1.75964874685149	0.0784673809140944	0.331321435130226
TH2_HKNPDCAD_00065	7.47928444389856	0.381053415506739	0.687951901772452	0.553895431533782	0.579650411845265	0.825139056791185
TH2_HKNPDCAD_00066	81.4283244289976	0.422537060674106	0.29140663376112	1.44999122092903	0.147060967376554	0.462191611754884
TH2_HKNPDCAD_00067	14.242698043671	0.152990082601174	0.49235384692274	0.310731973675797	0.756004388188962	0.900389984632114
TH2_HKNPDCAD_00068	1.62649601621619	-0.194619584510944	1.29582981438181	-0.150189154741581	0.880615382105733	0.961250947332621
TH2_HKNPDCAD_00069	1.12895785534271	2.27674417724243	1.83156408049568	1.24306007171001	0.213845697896148	0.548635158866694
TH2_HKNPDCAD_00070	22.5779968112925	0.945614333255736	0.625819612601569	1.51100143590061	0.130788085033035	0.429480924970747
TH2_HKNPDCAD_00071	1.59805611822399	1.01653125385291	1.38818808571492	0.732271991319816	0.46400257118446	0.757729918982086
TH2_HKNPDCAD_00072	0.162883612068818	0.726546439555219	4.0804728567969	0.178054471884306	0.858680196776375	NA
TH2_HKNPDCAD_00073	11.6135831510429	0.496335671208066	0.578226022754305	0.858376571922231	0.39068455990476	0.709153347759136
TH2_HKNPDCAD_00074	13.9158210803663	1.4487347327849	0.62999313750745	2.29960399015896	0.0214706658347069	0.165037548646813
TH2_HKNPDCAD_00075	1.08721660836321	2.25570485165417	1.78969302713764	1.26038645591744	0.207529985175841	0.543033443218991
TH2_HKNPDCAD_00076	36.2010168192787	0.0721308550888347	0.388003101028023	0.1859027798946	0.852521002164421	0.950322993958414
TH2_HKNPDCAD_00077	5.65664682764534	-0.214880161664537	0.755934434254983	-0.284257670939826	0.776212922348926	0.912165850518248
TH2_HKNPDCAD_00078	29.5543298814287	0.130328527178007	0.410631699547204	0.317385451054359	0.750951145370786	0.900372592203685
TH2_HKNPDCAD_00079	48.5743692702107	0.671948729829714	0.365471371346388	1.83858102853384	0.065976833787869	0.305188541893283
TH2_HKNPDCAD_00080	25.2083036017843	1.01441641621098	0.460523529641998	2.20274611592499	0.0276126479411503	0.194159716524467
TH2_HKNPDCAD_00081	24.1129777544024	-0.368149665110465	0.468905727546194	-0.785125118938105	0.43238021351027	0.741389665562027
TH2_HKNPDCAD_00082	51.4829167998633	0.471003829386279	0.403677005922848	1.16678389523207	0.24329765235512	0.580052329129661
TH2_HKNPDCAD_00083	60.3916397487486	-0.484234899452986	0.433528892749939	-1.11696107814502	0.264010967390881	0.605201404161989
TH2_HKNPDCAD_00084	11.1058775033736	1.16060804877095	0.574708619037356	2.01947214697247	0.0434381694254556	0.248706138259378
TH2_HKNPDCAD_00085	8.10912519231095	-0.672373496154864	0.73483796997601	-0.914995582191833	0.360193949372302	0.682961318181033
TH2_HKNPDCAD_00086	1.07364114018152	-1.22343464572364	1.99349730869721	-0.613712715029034	0.539405184647008	0.803109911495498
TH2_HKNPDCAD_00087	12.6120707286664	0.456696458088148	0.569443340831273	0.802005090482686	0.422550013633494	0.73423436267298
TH2_HKNPDCAD_00088	6.83092286494986	0.121907080870653	0.678480636003347	0.179676580880418	0.857406479957851	0.95203941897755
TH2_HKNPDCAD_00089	0.297886773595591	1.58928487781452	3.14713930450493	0.504993495375168	0.613563404597881	NA
TH2_HKNPDCAD_00090	1.30413899377099	0.494591842428984	1.43371082828284	0.344973221009538	0.730114502889032	0.891814936187898
TH2_HKNPDCAD_00091	1.98222275333618	1.22696485872849	1.47234294829776	0.833341756516059	0.404652012753476	0.721705585591464
TH2_HKNPDCAD_00092	89.9612483738724	-0.531965901079146	0.309057161954516	-1.72125408036147	0.0852047281706627	0.347461763407173
TH2_HKNPDCAD_00093	265.014128921566	-0.483993989871901	0.372541555122432	-1.29916779273883	0.193886351857134	0.52585261355538
TH2_HKNPDCAD_00094	83.0691541730347	-1.15280533956506	0.418706394693414	-2.75325467720446	0.00590059746458731	0.0769630091691464
TH2_HKNPDCAD_00095	417.817085016255	0.355701095823097	0.23702703321224	1.50067733204336	0.133439038815368	0.434567034922221
TH2_HKNPDCAD_00096	1725.19618896141	-0.549303435968178	0.258546590401274	-2.12458201485325	0.0336215058941792	0.214624955434075
TH2_HKNPDCAD_00097	12.346525943311	0.348514581315866	0.551682136113917	0.631730771220588	0.527562817256198	0.796104744804923
TH2_HKNPDCAD_00098	243.588771908248	0.136008466052763	0.240174238937569	0.566290817260037	0.571196101728861	0.823383356991603
TH2_HKNPDCAD_00100	0.319564797479621	-0.235223164296954	3.12943220533151	-0.0751648059019179	0.940083585933672	NA
TH2_HKNPDCAD_00101	320.118400903168	-0.359318980562796	0.302206515225511	-1.18898489099306	0.23444561251113	0.569828454116667
TH2_HKNPDCAD_00102	1624.11024822113	-0.375269298380691	0.312972016523341	-1.19905064532408	0.230508253364236	0.567251707510836
TH2_HKNPDCAD_00103	103.048808459339	-0.167086369235232	0.284237410299212	-0.587840879423094	0.556639102197621	0.813727680720732
TH2_HKNPDCAD_00104	66.9788225061129	-0.542923813515173	0.34649393688848	-1.56690711067165	0.117136405364553	0.40629606443282
TH2_HKNPDCAD_00105	30.9244257558912	0.173172314199321	0.435771527785203	0.397392448009314	0.691078083620158	0.873604502253251
TH2_HKNPDCAD_00106	122.431346347721	0.106779292453984	0.301818595359695	0.353786327600951	0.723499020677395	0.889792701533667
TH2_HKNPDCAD_00107	1679.6725256224	-0.00148737013274633	0.402793145740398	-0.0036926401267636	0.997053706149999	0.998779500294314
TH2_HKNPDCAD_00108	652.465832665208	-0.0988658430164049	0.226856158467107	-0.435808503875111	0.662975673429807	0.86539681741818
TH2_HKNPDCAD_00109	527.74144263725	-1.29245722447923	0.413321856326996	-3.12699946710951	0.00176600247473388	0.0322154045746829
TH2_HKNPDCAD_00110	5.73621361273364	-0.219474556683843	0.832076993312232	-0.263767125455764	0.791959367787912	0.917173945213451
TH2_HKNPDCAD_00111	1.985906331381	0.29732308666577	1.29670903453998	0.229290518339951	0.81864312246497	0.931032437872058
TH2_HKNPDCAD_00112	86.8659166980139	-1.0424929241992	0.492029544714639	-2.1187608252342	0.0341106850066642	0.216668059307409
TH2_HKNPDCAD_00113	895.370827056065	-1.09185977695598	0.275186569317974	-3.96770736181661	7.25673636013047e-05	0.00260126087986215
TH2_HKNPDCAD_00114	612.49238885413	-1.65896754295499	0.357836320991709	-4.6361071966013	3.55031897258384e-06	0.000170083505172568
TH2_HKNPDCAD_00115	74.5641708854428	-1.35908680159611	0.398276603700053	-3.41241938132941	0.000643889693698649	0.0154232643453237
TH2_HKNPDCAD_00116	384.874473448285	-0.444594279912658	0.27554763716881	-1.61349334902946	0.106637367065585	0.390174053372646
TH2_HKNPDCAD_00117	258.249419085974	-0.0568386387669522	0.386632519573588	-0.147009462188123	0.883124551723836	0.962200159154574
TH2_HKNPDCAD_00118	90.5375485715753	0.019674431031921	0.433650397636104	0.0453693370031929	0.963812921337123	0.989882795987596
TH2_HKNPDCAD_00119	366.816045528717	-1.30493557489464	0.299146648777317	-4.36219352691472	1.28764890149874e-05	0.000541023628613324
TH2_HKNPDCAD_00120	384.070290572617	-0.476017169353127	0.246823741761199	-1.92857123855481	0.053784112471363	0.276679919987402
TH2_HKNPDCAD_00121	261.341507382777	-1.32882525031992	0.25962293669072	-5.11828911288722	3.08319726350196e-07	1.66362833396958e-05
TH2_HKNPDCAD_00122	27.5450836572703	-0.740935567598199	0.431163732601824	-1.71845522147023	0.085713615355163	0.34787647847234
TH2_HKNPDCAD_00123	21.8127166442068	-1.12766409516775	0.515864867023324	-2.18596800684386	0.028817946069302	0.198549451009734
TH2_HKNPDCAD_00124	7.85321179652074	-0.596902270843151	0.699658934377903	-0.853133207501856	0.393585437999166	0.712149295864358
TH2_HKNPDCAD_00125	8.70356519068868	-0.889496473452294	0.621520424804386	-1.43116209532816	0.152383764190574	0.470904124845843
TH2_HKNPDCAD_00126	135.71057944687	-0.969855191775631	0.291527750445223	-3.32680230370681	0.000878486743441665	0.0190810298596694
TH2_HKNPDCAD_00127	1.92343235386861	0.331669138740768	1.27837043134342	0.259446816516417	0.795290511601813	0.919616323589193
TH2_HKNPDCAD_00128	1.50664113529115	0.74380570652085	1.45419097617868	0.511491075591337	0.609007235932378	0.839411425487865
TH2_HKNPDCAD_00129	257.037323590475	-1.36613459688484	0.318985290795951	-4.2827510744335	1.84596649077175e-05	0.000763098728362579
TH2_HKNPDCAD_00130	593.539801815537	-1.04667790583159	0.326248992693236	-3.20821804595044	0.00133560196832719	0.0268482183907654
TH2_HKNPDCAD_00131	378.223137571368	-0.166251292743681	0.29768189895759	-0.558486402182506	0.576512287293891	0.823926844693718
TH2_HKNPDCAD_00132	227.991327140829	-0.237710327846257	0.339043269872633	-0.701120915733136	0.483227558460019	0.767272556482272
TH2_HKNPDCAD_00133	121.709050305687	0.383482746886542	0.292977552238464	1.30891511638548	0.190563105536915	0.523723901507469
TH2_HKNPDCAD_00134	636.180950047791	-0.410366944352069	0.284876704238737	-1.44050720275171	0.149723953698183	0.467576265084189
TH2_HKNPDCAD_00135	210.919259872595	-0.696105946020335	0.261187338863558	-2.66515960937897	0.00769517904309456	0.0912573049545117
TH2_HKNPDCAD_00136	182.396826880618	-1.58383205361421	0.348245588351183	-4.54803192515109	5.41499226113038e-06	0.000252338639368676
TH2_HKNPDCAD_00137	181.575608181048	-0.94650846507074	0.349949086377576	-2.70470334661628	0.00683654122195597	0.0848975219300614
TH2_HKNPDCAD_00138	302.037244965714	-0.687332569488252	0.286911429267851	-2.39562631311764	0.016591996284614	0.140117928135486
TH2_HKNPDCAD_00139	139.520649754066	-1.29026026174838	0.35285020497844	-3.65667992690331	0.000255503088130152	0.00765911596348045
TH2_HKNPDCAD_00140	91.2435561659528	-0.38084178439415	0.265042341494684	-1.43690922079251	0.150743789551809	0.468027053447955
TH2_HKNPDCAD_00141	32.9372530761609	-0.38708063771109	0.361673043093518	-1.07025017513125	0.284506714985988	0.620587838731138
TH2_HKNPDCAD_00142	226.079074234428	-1.3378515804191	0.371783994934181	-3.59846469629749	0.000320101292208351	0.00914484433344528
TH2_HKNPDCAD_00143	12.5470305233775	-0.505083823457203	0.674823067708374	-0.748468521048656	0.454177605595427	0.75343508293921
TH2_HKNPDCAD_00144	53.2997887885129	-0.683558570671121	0.324416416960001	-2.10704062721771	0.0351140580981322	0.219773701844964
TH2_HKNPDCAD_00145	418.100970071415	-0.928891190674726	0.323971843801172	-2.86719728410968	0.00414124770768049	0.0589667659710283
TH2_HKNPDCAD_00146	490.449551366067	-0.445528788732907	0.37904940514605	-1.17538448203406	0.239840928985296	0.576382841996543
TH2_HKNPDCAD_00147	1338.37293205085	-1.06706654820915	0.401168733606204	-2.65989460000292	0.00781651080093557	0.0912573049545117
TH2_HKNPDCAD_00148	151.963355340092	-0.686096055934491	0.406039004647132	-1.68972943013379	0.0910797301721644	0.356241887442533
TH2_HKNPDCAD_00149	4.66850351304644	-0.784140232141069	0.829994572697293	-0.944753445306025	0.344784764512293	0.668697201244803
TH2_HKNPDCAD_00150	10.2727779577999	-0.844029741418237	0.637652904574769	-1.32365074378685	0.185619064138219	0.518483086231632
TH2_HKNPDCAD_00151	442.074597416918	-0.873679795514197	0.297065283489244	-2.94103634477985	0.00327116150035547	0.0503542758282947
TH2_HKNPDCAD_00152	1555.03302298719	-0.805839489809155	0.283514538274584	-2.84232157798095	0.00447862916824677	0.0628971318258437
TH2_HKNPDCAD_00153	4924.37624337473	-0.553564317814224	0.282674451740256	-1.95831039701771	0.0501936015473182	0.268158932381951
TH2_HKNPDCAD_00154	0.153888960445226	0.726546439555219	4.0804728567969	0.178054471884306	0.858680196776375	NA
TH2_HKNPDCAD_00158	0.179536633471849	-1.19700691208727	4.0804728567969	-0.293350048902641	0.76925460189368	NA
TH2_HKNPDCAD_00159	2.62677279796741	-0.206225542231708	1.05439559100033	-0.19558649902553	0.844933828401947	0.946488375084874
TH2_HKNPDCAD_00160	2.54116925319958	-0.785101589271939	1.24591434684504	-0.63014090114622	0.52860240150029	0.796104744804923
TH2_HKNPDCAD_00161	24.6055842027346	-0.12886107160437	0.431210325726724	-0.298835774368805	0.765065353462209	0.904418822524637
TH2_HKNPDCAD_00162	22.568551659932	-0.958468334657499	0.461374125616147	-2.07742108072815	0.037762712198445	0.228371514030094
TH2_HKNPDCAD_00163	1646.52209270763	-0.540805032687476	0.204592360177725	-2.64332955647851	0.00820950868822478	0.0927342995572927
TH2_HKNPDCAD_00164	37.8650845274921	-0.510718026986321	0.371709314832511	-1.37397155951404	0.169450511969926	0.498338109212761
TH2_HKNPDCAD_00165	24.2483463838368	-1.48258198841572	0.469826007863849	-3.15559795243467	0.00160169474757527	0.0304084713928549
TH2_HKNPDCAD_00166	14.2157228112674	-0.922000103383896	0.569041493102687	-1.6202686703156	0.105174575818994	0.388546458472869
TH2_HKNPDCAD_00167	0.153888960445226	0.726546439555219	4.0804728567969	0.178054471884306	0.858680196776375	NA
TH2_HKNPDCAD_00168	0.313362370821607	-1.92249558668961	3.72685729395596	-0.515848994220255	0.605959880396376	NA
TH2_HKNPDCAD_00169	6.06321692453958	-1.9785025984078	0.78531284141897	-2.5193814414557	0.0117561223774452	0.116457146341546
TH2_HKNPDCAD_00173	0.153888960445226	0.726546439555219	4.0804728567969	0.178054471884306	0.858680196776375	NA
TH2_HKNPDCAD_00177	0.162883612068818	0.726546439555219	4.0804728567969	0.178054471884306	0.858680196776375	NA
TH2_HKNPDCAD_00178	1.40885532569112	2.66206870543458	1.6695928992613	1.59444179872375	0.110837116737293	0.396753533795645
TH2_HKNPDCAD_00180	0.156681185410804	-1.19700691208727	4.0804728567969	-0.293350048902641	0.76925460189368	NA
TH2_HKNPDCAD_00181	1.33017765529062	1.25436588274201	1.66359217219908	0.754010450219828	0.450842946768169	0.751796013381144
TH2_HKNPDCAD_00183	162.674807816002	-0.487500649219256	0.281208358754505	-1.7335923134662	0.0829904452684879	0.342573709177986
TH2_HKNPDCAD_00184	2.18002720899963	-0.474408447949513	1.15432598756655	-0.410983078488617	0.681084942650733	0.872058615747665
TH2_HKNPDCAD_00185	3088.37193071726	-0.795520582906204	0.420781346531808	-1.89057948852319	0.0586805004519638	0.287666647446209
TH2_HKNPDCAD_00186	170.615135314457	-0.4575806089708	0.234894002598879	-1.94803019195086	0.0514113506425504	0.270298257268107
TH2_HKNPDCAD_00187	12.9190036845961	0.220177088296277	0.515296987395831	0.427281924175399	0.669173996942936	0.86660620871618
TH2_HKNPDCAD_00188	1.10017849956806	-1.37869736683156	2.0287322693486	-0.679585664240577	0.496766849387343	0.777015660584863
TH2_HKNPDCAD_00190	7.13345200647677	1.34401099798743	0.792870453474424	1.69512054850557	0.0900525548941403	0.354372222100298
TH2_HKNPDCAD_00193	2.53105111767087	-1.2129283405638	1.08763219752568	-1.11520084025019	0.264764366092382	0.605201404161989
TH2_HKNPDCAD_00194	2.99656798687187	0.436987918933936	1.0643172869566	0.410580495392962	0.681380168108449	0.872058615747665
TH2_HKNPDCAD_00196	0.179536633471849	-1.19700691208727	4.0804728567969	-0.293350048902641	0.76925460189368	NA
TH2_HKNPDCAD_00197	0.162883612068818	0.726546439555219	4.0804728567969	0.178054471884306	0.858680196776375	NA
TH2_HKNPDCAD_00199	0.708365446579804	-1.71800087372488	2.02857838794978	-0.846898933721372	0.397051456868998	0.71515537312447
TH2_HKNPDCAD_00202	0.319564797479621	-0.235223164296954	3.12943220533151	-0.0751648059019179	0.940083585933672	NA
TH2_HKNPDCAD_00204	0.179536633471849	-1.19700691208727	4.0804728567969	-0.293350048902641	0.76925460189368	NA
TH2_HKNPDCAD_00208	7.4783274287619	0.817874812193728	0.826854077991724	0.989140446861187	0.322594430764726	0.649752083339877
TH2_HKNPDCAD_00213	120.478393570609	-0.550315294870879	0.377675334274205	-1.4571120878954	0.145085442199569	0.457103857845723
TH2_HKNPDCAD_00215	1.65516290244223	-0.765336983403796	1.40226336927628	-0.545786904352207	0.585212426148968	0.82844487612251
TH2_HKNPDCAD_00216	121.639139762697	0.256017968936492	0.325887875030777	0.785601394075534	0.432101047498691	0.741389665562027
TH2_HKNPDCAD_00217	0.156681185410804	-1.19700691208727	4.0804728567969	-0.293350048902641	0.76925460189368	NA
TH2_HKNPDCAD_00218	274.255926929752	-0.77992745125822	0.225735335296131	-3.45505257400252	0.000550185527400878	0.0137573220168629
TH2_HKNPDCAD_00219	0.771340531520439	1.66190825625395	1.95291371048741	0.850989087397607	0.394775414733304	0.71379851002572
TH2_HKNPDCAD_00223	0.153888960445226	0.726546439555219	4.0804728567969	0.178054471884306	0.858680196776375	NA
TH2_HKNPDCAD_00224	2.37408900375432	-1.50207400280551	1.20044953014107	-1.25125960324963	0.210839778741083	0.546669046953358
TH2_HKNPDCAD_00228	58.2340905868991	1.05097213388511	0.344339002016089	3.05214375290546	0.00227213258188957	0.0385385235503779
TH2_HKNPDCAD_00234	0.209264015628334	-1.19700691208727	4.0804728567969	-0.293350048902641	0.76925460189368	NA
TH2_HKNPDCAD_00235	0.143997813150365	0.726546439555219	4.0804728567969	0.178054471884306	0.858680196776375	NA
TH2_HKNPDCAD_00236	0.162883612068818	0.726546439555219	4.0804728567969	0.178054471884306	0.858680196776375	NA
TH2_HKNPDCAD_00237	1.73574144472907	0.041200866011374	1.45418582856344	0.0283326004160523	0.977396879658415	0.993060200126977
TH2_HKNPDCAD_00245	24.7672724009895	-0.000380708309421396	0.452235615160846	-0.000841836194802989	0.999328311976778	0.999718369865918
TH2_HKNPDCAD_00246	2.13481908702509	0.0527682999495048	1.27032473329543	0.0415392210876783	0.966866025917029	0.990384973702169
TH2_HKNPDCAD_00247	12291.7620488678	-0.877868132642582	0.411232434780802	-2.1347249350857	0.0327834849715096	0.212426598236503
TH2_HKNPDCAD_00248	1875.94140939763	-0.606245459833411	0.459490285050953	-1.31938689360143	0.1870398011654	0.519938189139825
TH2_HKNPDCAD_00249	20147.8120506714	0.520856392240974	0.464160410990732	1.12214738678214	0.261799778588559	0.601787293742132
TH2_HKNPDCAD_00250	334.743450006899	-0.336859837084806	0.23940695947464	-1.4070595016286	0.159409745654128	0.483225521125405
TH2_HKNPDCAD_00251	512.128068294403	-1.07120208097156	0.547846334881994	-1.95529660922582	0.0505480711915017	0.268957650339017
TH2_HKNPDCAD_00252	162.056202639177	-1.0720937358937	0.290825024859813	-3.6863874984984	0.000227459925740631	0.00685858576086162
TH2_HKNPDCAD_00253	33228.146218326	-0.338386730257807	0.194126835532016	-1.74312185809055	0.081312331254493	0.33886748781344
TH2_HKNPDCAD_00254	696.741481042895	-0.0732742669411842	0.266950989541485	-0.274485841266369	0.783711282974015	0.914060966483782
TH2_HKNPDCAD_00255	91761.8964333597	-0.296470666214066	0.205658370895892	-1.4415686797604	0.149424089366253	0.467488855300867
TH2_HKNPDCAD_00256	2.6791286399511	-0.59301582959398	1.02280924347299	-0.579791230259486	0.562055412258841	0.816868739222802
TH2_HKNPDCAD_00257	17.3893518858805	-0.410431054627948	0.484542314344794	-0.847048941810047	0.396967842495375	0.71515537312447
TH2_HKNPDCAD_00258	0.306881425219182	1.62209772712287	3.12154353872053	0.519646036328472	0.603310305173422	NA
TH2_HKNPDCAD_00259	4724.27560850906	-0.173002580299311	0.251663063470313	-0.687437313659337	0.49180719068812	0.773575711626905
TH2_HKNPDCAD_00260	978.22174531069	-0.943340288651744	0.35492524703514	-2.65785625714687	0.00786394259937992	0.0912573049545117
TH2_HKNPDCAD_00261	473.982181455816	0.244269885742093	0.233737236696303	1.04506192164612	0.295994351588096	0.630089770348113
TH2_HKNPDCAD_00262	9952.17974105646	1.17377710283258	0.486567556186818	2.41236204080551	0.0158495344158438	0.137258519682564
TH2_HKNPDCAD_00263	11737.0315320243	-0.649229687745042	0.26882326086463	-2.41508002565288	0.0157317528773922	0.136911655771668
TH2_HKNPDCAD_00264	548.57272064149	-0.422871556668505	0.358274788387037	-1.18029950857632	0.237881113540291	0.573825217885898
TH2_HKNPDCAD_00265	311.256469262412	-0.58069185760605	0.504766603863813	-1.15041655521791	0.249972344711872	0.587509508937668
TH2_HKNPDCAD_00266	116.249167607486	-0.520503788313634	0.413514152242542	-1.25873270719	0.208126893469945	0.543647133132574
TH2_HKNPDCAD_00267	236.433522782738	-0.242805115624047	0.432895023412338	-0.560886825887051	0.574874691486994	0.823926844693718
TH2_HKNPDCAD_00268	123.257377444484	-0.15912134353099	0.267554867270794	-0.594724159399956	0.552027869887479	0.811265728510096
TH2_HKNPDCAD_00269	118.519750280809	-0.320731959850827	0.364896908875558	-0.878965954628592	0.379419735670196	0.701973242450413
TH2_HKNPDCAD_00270	2.0545242062747	-1.78258611767606	1.30140312356707	-1.369741692943	0.170767548885582	0.498777789004741
TH2_HKNPDCAD_00271	0.300678998561168	-0.235223331904331	3.18871490201497	-0.0737674389628536	0.941195436354032	NA
TH2_HKNPDCAD_00272	4.20632871497118	-1.8001055974427	0.979558046756969	-1.83767118590095	0.0661108722232537	0.305188541893283
TH2_HKNPDCAD_00273	56.5037221682894	0.234315247101518	0.344946166885299	0.67928062287885	0.496960071684844	0.777015660584863
TH2_HKNPDCAD_00274	0.777821477122864	-0.66618884635311	2.43940117448428	-0.273095238832108	0.784780006534359	0.914060966483782
TH2_HKNPDCAD_00275	28.1634300558149	-0.919779297629014	0.561525539139351	-1.63800082724422	0.101421521215581	0.378926179118855
TH2_HKNPDCAD_00276	29.9821086212179	0.00589848441147485	0.725310276239644	0.00813236018391388	0.993511386887489	0.998004026286597
TH2_HKNPDCAD_00277	31.5297019058491	0.0108888068358808	0.417923766179699	0.0260545288807502	0.979213845433905	0.993282031666239
TH2_HKNPDCAD_00278	108.359749553959	-0.135469486121968	0.346189056728847	-0.391316488747575	0.695563312403176	0.875286845468737
TH2_HKNPDCAD_00279	6.14765010264449	-0.287009654974486	0.74671812129337	-0.384361443481999	0.700710573446171	0.876914648311785
TH2_HKNPDCAD_00280	8.35986719258057	-0.45569257862987	0.683219955563335	-0.666977852328885	0.504786280440164	0.781260408676413
TH2_HKNPDCAD_00281	5.01209437345278	-0.414749805149278	0.768141626135942	-0.539939239116144	0.589238936011887	0.830033021165535
TH2_HKNPDCAD_00282	815.522630026485	-0.331453659455356	0.234570815314197	-1.41302173082099	0.157649334700661	0.479590795059696
TH2_HKNPDCAD_00283	10.8983957564462	-0.610672777402211	0.565922470682467	-1.07907497764805	0.280554304871933	0.618546824418721
TH2_HKNPDCAD_00284	5.28767994489749	-0.668965149496753	0.900686447670222	-0.742728117234521	0.457646303117487	0.755611593923438
TH2_HKNPDCAD_00285	18.1204743081051	0.221693898893776	0.471507851319612	0.470180715492479	0.63822591074767	0.852915190669906
TH2_HKNPDCAD_00286	15.2396183157989	-0.582205514340364	0.4909082921294	-1.18597612563223	0.235631727959789	0.571543334024765
TH2_HKNPDCAD_00287	130.771840433109	-1.35370389338375	0.305301137175157	-4.4339955819002	9.25025223870144e-06	0.000412319938918118
TH2_HKNPDCAD_00288	2.36022820731687	-1.47598230277847	1.25613286670664	-1.17502084524564	0.239986376243538	0.576430314741117
TH2_HKNPDCAD_00289	0.996080144374789	-1.15312493596161	1.84351159180211	-0.625504575663874	0.53163994624675	0.797356986359624
TH2_HKNPDCAD_00290	3.19431924510543	1.01971224329969	1.08710175305966	0.938009933688089	0.348239305140654	0.671080706071801
TH2_HKNPDCAD_00291	2.52451623179654	-0.386279989516595	1.21948744826761	-0.316756019149965	0.75142873859771	0.900372592203685
TH2_HKNPDCAD_00292	0.454567959006395	0.633300536996829	2.48508101917324	0.254841002007863	0.798845905490979	NA
TH2_HKNPDCAD_00293	0.865046631990608	-2.10173815873574	1.9099433113057	-1.10041913092118	0.271149546821635	0.612253489195375
TH2_HKNPDCAD_00294	0.859462182059454	0.31885395551235	1.91936820584496	0.166124433311628	0.86805902631206	0.95682851605809
TH2_HKNPDCAD_00295	9.99742204867179	-0.896976186113539	0.590448773967054	-1.51914310887127	0.128726477748966	0.426536473782288
TH2_HKNPDCAD_00296	14.4174362254381	-1.11522515462491	0.519273535020979	-2.14766414887647	0.0317404453641943	0.208716128815962
TH2_HKNPDCAD_00297	645.058193577049	-1.05573493742386	0.298193664585526	-3.54043382810054	0.000399469795141205	0.0107208490570357
TH2_HKNPDCAD_00298	448.938145454453	0.380078173501682	0.2913383058195	1.3045938893362	0.192031170135395	0.524013313332614
TH2_HKNPDCAD_00299	1033.14026520801	0.737166372581646	0.414794854767672	1.77718301977139	0.0755381322885776	0.324567029431055
TH2_HKNPDCAD_00300	63.966107794679	-0.454530577144401	0.356128707163954	-1.27630985090776	0.20184600927866	0.535817008577116
TH2_HKNPDCAD_00301	261.99672566656	1.03524913935871	0.405622463988085	2.55224804163984	0.0107030291295499	0.109727454636146
TH2_HKNPDCAD_00302	318.073841723782	0.65450927297627	0.248588477403915	2.63290269851407	0.0084658596745658	0.0943391232430963
TH2_HKNPDCAD_00303	9.91680032961773	0.263322020114624	0.677184990574518	0.38884798656158	0.697388600654145	0.875286845468737
TH2_HKNPDCAD_00304	73.4942562427837	0.727861121137399	0.737692578917656	0.986672689869428	0.323803122525079	0.650652389279879
TH2_HKNPDCAD_00305	12.2273406064951	0.692620398181235	1.01515998390651	0.682277088499798	0.495063757708936	0.776054074011011
TH2_HKNPDCAD_00306	541.635841585037	1.53527848705549	0.374081409670315	4.10412933486474	4.05840386299994e-05	0.00157601350013164
TH2_HKNPDCAD_00307	494.809907481782	0.270143749288226	0.32784834982037	0.823989961932824	0.409945261628568	0.724613590037255
TH2_HKNPDCAD_00308	1852.20612076489	-0.122640415127003	0.257500252923649	-0.476272988995345	0.633879906106338	0.851931934635839
TH2_HKNPDCAD_00309	40.7635552756496	0.0936249148877067	0.614331286663546	0.152401345853939	0.878870395639902	0.960573459551585
TH2_HKNPDCAD_00310	68.8012698968992	-0.218848713194115	0.521504113446365	-0.41964906421898	0.674741840068143	0.868808508462522
TH2_HKNPDCAD_00311	231.940825353239	1.21883155632736	0.447862123870461	2.72144370190119	0.00649974552330015	0.0826479929447431
TH2_HKNPDCAD_00312	350.403066589641	0.698020514987487	0.367756598148063	1.8980502824492	0.057689458587085	0.284616135435417
TH2_HKNPDCAD_00313	36.2958459810683	0.382466821005374	0.50886023176477	0.751614681459674	0.452282811724553	0.752280113763691
TH2_HKNPDCAD_00314	88.2588377758674	1.07329950960718	0.504608314291016	2.12699529359755	0.0334204742404798	0.213927102065108
TH2_HKNPDCAD_00315	266.957206726742	0.395024136860593	0.340363775149721	1.16059394595335	0.245807068597706	0.58188957167198
TH2_HKNPDCAD_00316	33.3534470432309	0.135669601932331	0.419067589066867	0.323741576470814	0.746133691074358	0.900372592203685
TH2_HKNPDCAD_00317	79.3798735569121	0.323004608414329	0.391219517462729	0.825635209892361	0.409011055510086	0.724613590037255
TH2_HKNPDCAD_00318	180.586220697371	0.856320897528816	0.335123320022507	2.55524114964994	0.01061142534624	0.109225233583989
TH2_HKNPDCAD_00319	175.286216264745	-0.0217556053783697	0.23892712963358	-0.0910554000784014	0.927448570944898	0.97700398164068
TH2_HKNPDCAD_00320	407.467259161427	0.0441765715553514	0.20856728742732	0.211809685498958	0.832255512023698	0.938232187075759
TH2_HKNPDCAD_00321	425.715385731716	0.314520713436052	0.314280609038156	1.00076398094884	0.31694092704578	0.647711713571564
TH2_HKNPDCAD_00322	92.4487250791392	0.621185405054674	0.381743741171056	1.62723140698809	0.103687959729443	0.385427470321337
TH2_HKNPDCAD_00323	1244.01782098469	0.52161601734921	0.292556591612289	1.7829576646165	0.0745931950757909	0.322216947579561
TH2_HKNPDCAD_00324	36.622487008531	0.102508133721445	0.439515525106777	0.233229835730015	0.815582939037916	0.930001249693087
TH2_HKNPDCAD_00325	3.59145458073383	-0.154101566472736	0.956330556788193	-0.161138390255229	0.871984404264815	0.958227318383359
TH2_HKNPDCAD_00326	19.7144058737126	0.990618953043195	0.493245096028123	2.00837060727049	0.0446039238983714	0.251225120757341
TH2_HKNPDCAD_00327	109.251343396266	0.841528675641415	0.446189505788266	1.88603421802742	0.059290343721969	0.288737267611094
TH2_HKNPDCAD_00328	82.1518941409217	1.21145576430933	0.447936217031112	2.7045273819089	0.00684016319881298	0.0848975219300614
TH2_HKNPDCAD_00329	185.421091697869	1.13521519989708	0.424952967913812	2.67139021400439	0.00755377777782993	0.0902579601145832
TH2_HKNPDCAD_00330	208.530112452948	0.177249380030935	0.343122487926316	0.516577567101921	0.605451078764327	0.837889370881733
TH2_HKNPDCAD_00331	551.751691046473	0.393000273324886	0.244158084885024	1.60961400688391	0.107482148459519	0.391482091649477
TH2_HKNPDCAD_00332	418.317533767722	-0.0538194012067056	0.274717406764188	-0.195908231082362	0.844681994637425	0.946413093882282
TH2_HKNPDCAD_00333	9.11225106158514	-0.0450005013603661	0.611574540144737	-0.0735813844535062	0.941343484033172	0.982678549699151
TH2_HKNPDCAD_00334	6.16300877162393	-0.581454185524849	0.738576534020613	-0.787263281111259	0.431127759823083	0.740369870467055
TH2_HKNPDCAD_00335	7.49698985549144	0.341974504652104	0.805957285802923	0.424308472267755	0.671340861258672	0.86660620871618
TH2_HKNPDCAD_00336	2.28010438433974	1.10107918264294	1.16812237909693	0.94260601658379	0.345882461230828	0.669381924343597
TH2_HKNPDCAD_00338	0.316772572514044	1.65838199674257	3.09492132427816	0.535839791381244	0.592069278854865	NA
TH2_HKNPDCAD_00339	7.90199635883831	-0.272981710690039	0.683126171130959	-0.399606576685681	0.689446311692019	0.873330700486242
TH2_HKNPDCAD_00340	0.532798462250548	-1.19637368610913	2.40397669551646	-0.497664427588019	0.618720584698541	NA
TH2_HKNPDCAD_00341	7.92786662034876	0.271647292575468	0.647290191763549	0.419668482594124	0.674727652420603	0.868808508462522
TH2_HKNPDCAD_00342	32.9981823697324	0.210932784148543	0.439298763987835	0.480157927679451	0.631115100434759	0.851303414274875
TH2_HKNPDCAD_00343	0.640307019136258	1.246079487255	2.06488855038443	0.60346089236778	0.546202124244675	0.807687198883885
TH2_HKNPDCAD_00344	2.80351280672367	1.60416063208531	1.11636234453961	1.43695336906662	0.150731243867721	0.468027053447955
TH2_HKNPDCAD_00345	2.25501615876327	0.627268950270427	1.12009285215279	0.560015135410274	0.575469114005939	0.823926844693718
TH2_HKNPDCAD_00346	4.24779150195422	-1.04044951446313	0.90833946096457	-1.14544127958316	0.252026406819415	0.589427564289623
TH2_HKNPDCAD_00347	6.92436004776562	-0.468929748694391	0.69401100916697	-0.67568056198021	0.499243479859392	0.778577383118692
TH2_HKNPDCAD_00348	0.479656184582862	2.25491580016875	2.70469260425191	0.833705019425835	0.404447228937192	NA
TH2_HKNPDCAD_00349	2.02289669507389	0.998677126030427	1.26041751457825	0.79233834382617	0.428163419663944	0.739476310376474
TH2_HKNPDCAD_00350	1.38818093518014	-0.995800988399563	1.56644505492682	-0.635707575741354	0.524967037721592	0.794737458759859
TH2_HKNPDCAD_00351	3.73315372419349	-0.290002165282393	0.939322030962544	-0.308735615394032	0.757522649259102	0.901569793383366
TH2_HKNPDCAD_00352	8.49681482213356	-0.572975685550603	0.657400865218046	-0.87157732194429	0.383439006860844	0.70399538526238
TH2_HKNPDCAD_00353	0.938362192741033	-2.2125132052283	2.08923278572851	-1.0590075076085	0.289596360606934	0.62469697707948
TH2_HKNPDCAD_00354	2.80714733888587	-2.34456174530724	1.31170359226846	-1.78741733965411	0.0738700611569851	0.320353581633423
TH2_HKNPDCAD_00355	6.44748853599497	-1.68431843865848	0.763464339638059	-2.2061520770662	0.0273733534304579	0.193806366967579
TH2_HKNPDCAD_00356	0.441884586745956	2.16081366774512	2.75615666987913	0.783995224712636	0.433042912315919	NA
TH2_HKNPDCAD_00357	3.63325200637665	0.0483230833520661	1.02068784182531	0.0473436455024773	0.962239342981592	0.989257695973454
TH2_HKNPDCAD_00358	3526.24364122413	0.135666157479543	0.274316063557037	0.494561476715471	0.620909700825504	0.846128289366314
TH2_HKNPDCAD_00359	415.826602181469	-0.106363328601332	0.375245449279564	-0.283450015997635	0.776831892490956	0.912548522339399
TH2_HKNPDCAD_00360	553.04192778805	0.896720416534606	0.427861298875455	2.09582034853689	0.0360981305606987	0.223606633954506
TH2_HKNPDCAD_00361	160.159739076288	0.0952450637669067	0.3481277015387	0.273592314963533	0.784397940513193	0.914060966483782
TH2_HKNPDCAD_00362	131.146806213532	0.0277493225043938	0.254904210497889	0.108861765955897	0.913312132707021	0.972908975946839
TH2_HKNPDCAD_00363	685.422003078078	0.406278301922011	0.275675253246339	1.4737568829182	0.140547061228034	0.448874913305234
TH2_HKNPDCAD_00364	448.595418106533	0.221475013592894	0.257397366200442	0.86044009253935	0.389546493345733	0.708650715681333
TH2_HKNPDCAD_00365	96.9481696162878	0.208971493865875	0.268885879329909	0.777175411318188	0.43705528709736	0.744772777784933
TH2_HKNPDCAD_00366	105.867488433179	-0.454435629852626	0.338876733213418	-1.34100569709645	0.179918602903695	0.51066597922721
TH2_HKNPDCAD_00367	15.506665621649	-0.304081108261378	0.492434096895854	-0.617506200683925	0.536900892629181	0.801209308767739
TH2_HKNPDCAD_00368	5.91463408433588	-0.136852414229374	0.751444360423959	-0.182119158033421	0.855489214213705	0.951864057317007
TH2_HKNPDCAD_00369	13.1837451329346	-0.898576057699347	0.546577412264807	-1.644005108034	0.100175147259996	0.376868386178643
TH2_HKNPDCAD_00370	7.22223647722919	-0.484827355505756	0.822508776298268	-0.589449461789016	0.555559804789381	0.813377312100043
TH2_HKNPDCAD_00371	43.450750261344	-0.611267105202795	0.431221332192459	-1.41752520009836	0.156329431957849	0.477832532082798
TH2_HKNPDCAD_00372	76.9624779391228	-1.13241899700235	0.319082848431227	-3.54898109556781	0.000386724843137047	0.0104334291890553
TH2_HKNPDCAD_00373	99.7759640568088	-0.179005698799127	0.29552930621014	-0.605712174859039	0.544705897964374	0.807687198883885
TH2_HKNPDCAD_00374	20.3140296061231	-0.15159728103138	0.470887070550505	-0.32193978240717	0.747498314271641	0.900372592203685
TH2_HKNPDCAD_00375	78.3760754956301	-0.103293247115989	0.303361268474525	-0.340495830714999	0.733483162035244	0.893921704372957
TH2_HKNPDCAD_00377	74.3656649374318	0.0570250762392909	0.446056848304649	0.127842620186259	0.89827352074388	0.967545717027344
TH2_HKNPDCAD_00378	54.1645533791493	-0.494062411508663	0.374750302815955	-1.31837761783292	0.187377269528939	0.520386180311413
TH2_HKNPDCAD_00379	315.68023750648	0.00185552119140753	0.235772706782889	0.00786995753972571	0.993720747203822	0.998004026286597
TH2_HKNPDCAD_00380	2490.21257009196	-1.73858987250219	0.456424117596585	-3.80915426129796	0.000139442943135948	0.00464145796438227
TH2_HKNPDCAD_00381	392.380393800712	0.471229280618567	0.344448061603074	1.36807064155173	0.171289965292661	0.498882023914876
TH2_HKNPDCAD_00382	20.8602251748314	-0.228355111116791	0.474388850822401	-0.481366943428192	0.630255726434439	0.851077674842711
TH2_HKNPDCAD_00383	279.393065144374	-0.286291884725859	0.352762331981687	-0.811571584521448	0.417037501760404	0.730763374330213
TH2_HKNPDCAD_00384	189.970855481083	0.699044663918594	0.425250782912937	1.64384098044497	0.100209053913674	0.376868386178643
TH2_HKNPDCAD_00385	120.423868076194	-0.134087476993863	0.338206262425475	-0.396466570524872	0.691760864521387	0.873869579286834
TH2_HKNPDCAD_00386	91.6579938608394	-0.309450210165118	0.440150938039789	-0.703054755587375	0.4820216267253	0.767272556482272
TH2_HKNPDCAD_00387	0.836496674011138	-0.840547819581444	2.14237499338135	-0.392343927733581	0.694804110527666	0.875104320357525
TH2_HKNPDCAD_00388	5.25783810300372	-0.0193727523636837	0.792144734635769	-0.0244560766696144	0.98048881896543	0.993670558722182
TH2_HKNPDCAD_00389	26.1611354034531	-0.914375793591128	0.474581585872855	-1.92669884548807	0.0540171718402032	0.277169192044926
TH2_HKNPDCAD_00390	1.10800767891802	-2.51231472295162	1.83825939842819	-1.36668128834254	0.171725225401287	0.499401920009864
TH2_HKNPDCAD_00391	12.894022047042	-2.22233242520851	0.610017022335278	-3.64306624871047	0.000269409462617336	0.00798261795015297
TH2_HKNPDCAD_00392	6209.76656124441	0.03640878201298	0.273223805871775	0.133256258168319	0.893990719931679	0.966944629322666
TH2_HKNPDCAD_00393	29.3221779266584	0.622335958237135	0.418071028374089	1.48858905783893	0.13659561475018	0.441202974927173
TH2_HKNPDCAD_00394	30.0128707190139	0.635741424285515	0.419226943627165	1.51646127222898	0.129402755892469	0.427947436583738
TH2_HKNPDCAD_00396	21.1173497480982	0.00421550221772149	0.534450335158829	0.00788754714966866	0.993706713161204	0.998004026286597
TH2_HKNPDCAD_00397	87.5104825904184	-0.308022311371372	0.282249064597865	-1.09131384300681	0.27513480858416	0.615827371015562
TH2_HKNPDCAD_00398	3.86122877296149	-0.365980948112318	0.86975935909118	-0.420784144817637	0.673912710410623	0.868395312610571
TH2_HKNPDCAD_00399	38.9310880411984	0.194196380457294	0.347682664462369	0.558544904036516	0.576472350532969	0.823926844693718
TH2_HKNPDCAD_00400	55.0580469994101	0.125686374262148	0.323698701169236	0.388281985093407	0.697807367342051	0.875286845468737
TH2_HKNPDCAD_00401	103.357942863223	0.111943712574862	0.285429580335286	0.392193802910565	0.694915022663267	0.875104320357525
TH2_HKNPDCAD_00402	67.6369957314239	-0.690465812384235	0.375473593615741	-1.83891976459696	0.0659269882800898	0.305188541893283
TH2_HKNPDCAD_00403	118.959765775319	-0.508545702806612	0.32140378068897	-1.58226422139926	0.113589264884106	0.400452937961437
TH2_HKNPDCAD_00404	2.29155180314646	-2.00824910924955	1.36344823152518	-1.47291922261183	0.140772818144306	0.449074646549971
TH2_HKNPDCAD_00405	0.685509998518759	-1.67649523306016	2.21463907549211	-0.757006074539541	0.449046223169273	0.751399768825315
TH2_HKNPDCAD_00406	22.0677993242791	-1.31510028019777	0.483508428561241	-2.71991179990608	0.00652993311405013	0.0826479929447431
TH2_HKNPDCAD_00407	2.89733336693112	-0.71832111546271	1.08536685729592	-0.661823337090223	0.508084448001487	0.783997856849977
TH2_HKNPDCAD_00408	73.9285060676634	-0.419953630520878	0.447079336900574	-0.939326861832293	0.347562951146933	0.670299884037377
TH2_HKNPDCAD_00409	84.3930345055593	-0.405141558319627	0.312564535744638	-1.29618530571435	0.194911650790191	0.526706203147782
TH2_HKNPDCAD_00410	226.45356823696	-0.68248774868504	0.252001052020691	-2.70827341081498	0.00676342785623037	0.0847660909316305
TH2_HKNPDCAD_00411	1789.04343027183	-0.31326191682842	0.231806050400369	-1.35139663648711	0.176568410678761	0.50507236224293
TH2_HKNPDCAD_00412	859.025352784952	0.361401123777442	0.236928064684368	1.52536224131529	0.127168771189483	0.424392656977401
TH2_HKNPDCAD_00413	28.3192639232265	-0.0310788701991786	0.41666663572409	-0.0745892940171925	0.940541492530567	0.982421497968606
TH2_HKNPDCAD_00414	0.805982856170652	0.418628551933122	1.93982272839647	0.215807633246558	0.8291376980501	0.936777571127355
TH2_HKNPDCAD_00415	62.5220248276293	-0.0568377403383963	0.335087141287117	-0.169620774226294	0.865308383826546	0.955269272439586
TH2_HKNPDCAD_00416	0.509943014189502	-1.13696382834453	2.42296027666228	-0.469245756645561	0.638893982693602	NA
TH2_HKNPDCAD_00417	0.372147627697152	-0.235222779427242	2.98885699174521	-0.0786999110619524	0.937271316224521	NA
TH2_HKNPDCAD_00418	9.63839993002134	-0.482278006713294	0.6115219173954	-0.788652038454186	0.430315407120647	0.739951954679784
TH2_HKNPDCAD_00419	25.5074269675528	-0.102349652536034	0.477937684186268	-0.214148530075199	0.830431231973462	0.937206185622186
TH2_HKNPDCAD_00420	24.6695430754372	-0.416502091552711	0.43611067343312	-0.955037601519705	0.339558682064866	0.664133170069642
TH2_HKNPDCAD_00421	4.20671461982011	-1.50345696208301	1.0973059909316	-1.37013465205507	0.170644872617275	0.498777789004741
TH2_HKNPDCAD_00422	624.135049463371	-0.610891202269777	0.304429719467939	-2.00667399798367	0.0447843864189795	0.251225120757341
TH2_HKNPDCAD_00423	12.9641311744211	-1.69264606181317	0.659198758875357	-2.5677324767737	0.0102366123189876	0.107526382678545
TH2_HKNPDCAD_00424	5.91771021904065	0.857397633784122	0.744885166001018	1.1510467289705	0.249713011808958	0.587411272586366
TH2_HKNPDCAD_00425	45.8733734393758	-0.868281957466378	0.479848719077015	-1.80949103946033	0.0703747509852562	0.312329847229804
TH2_HKNPDCAD_00426	4.43917627432264	-0.899260416885906	0.828232238485657	-1.08575877042666	0.27758573168226	0.617848224317527
TH2_HKNPDCAD_00427	3.22522330859691	-0.33713757749877	1.10486005245444	-0.305140525942469	0.760259126851163	0.90289249972141
TH2_HKNPDCAD_00428	47.1696237253762	-0.42991507046051	0.354592731305401	-1.21241929826879	0.225351917365867	0.562392370212968
TH2_HKNPDCAD_00429	5.92855836338728	-0.798564422527728	0.778119354359832	-1.02627497703706	0.304761988681437	0.636264874344524
TH2_HKNPDCAD_00430	12.3854703763201	0.0323025170499364	0.547218695429078	0.0590303608406649	0.952927925815018	0.987495207402243
TH2_HKNPDCAD_00431	447.111602587873	-0.269678743461288	0.256048341969462	-1.05323370339751	0.292233895195559	0.625727212519813
TH2_HKNPDCAD_00432	131.575407716227	0.328684655409588	0.276394619241071	1.18918615822586	0.234366420137859	0.569828454116667
TH2_HKNPDCAD_00433	182.441748184522	0.698539968775874	0.38203622660396	1.828465260966	0.0674797547279774	0.307132659550351
TH2_HKNPDCAD_00434	26.8158893034348	1.10213377713366	0.507658921052595	2.17101233018512	0.0299302403333032	0.202393122948235
TH2_HKNPDCAD_00435	1058.38857986075	-0.90052388474846	0.338547929220716	-2.65995980782197	0.00781499766894412	0.0912573049545117
TH2_HKNPDCAD_00436	77.7943941030256	-1.08395624900277	0.523358265139814	-2.07115530833012	0.0383442845813989	0.230123516294793
TH2_HKNPDCAD_00437	118.597877265287	0.185892754855479	0.327154110755845	0.568211582076715	0.569891307916532	0.82274845357107
TH2_HKNPDCAD_00438	106.468696346886	0.799845471549527	0.395721074685412	2.02123546789966	0.043255395777004	0.248081334576703
TH2_HKNPDCAD_00439	194.54640133401	1.29902034438572	0.414062528560922	3.13725646438106	0.00170536883303445	0.0314045125016664
TH2_HKNPDCAD_00440	332.661091493565	0.519603921112421	0.287000502376129	1.8104634549784	0.0702239466625783	0.312201171372399
TH2_HKNPDCAD_00441	445.026296224641	0.855792378175853	0.399742194452763	2.14086075988904	0.0322852683782116	0.210820746123201
TH2_HKNPDCAD_00442	432.469020381862	-0.157854881717466	0.211652420566218	-0.745821291791365	0.455775376211243	0.754289952058841
TH2_HKNPDCAD_00443	378.870778401203	-0.202650554955637	0.260305156761439	-0.778511488119922	0.436267536735012	0.74469110666123
TH2_HKNPDCAD_00444	589.032123769278	-0.0440182513851609	0.288108641043159	-0.152783516751818	0.878568996840863	0.960573459551585
TH2_HKNPDCAD_00445	3861.99185042619	0.42674609575366	0.271477056500236	1.57194166334011	0.115964080996858	0.404667879671459
TH2_HKNPDCAD_00446	440.025978641743	0.0148331301098416	0.252927644869016	0.0586457447841386	0.953234274290849	0.987495207402243
TH2_HKNPDCAD_00447	291.956283194595	0.0851514532371352	0.318255660722055	0.267556759380004	0.789040518725437	0.916524291635303
TH2_HKNPDCAD_00448	13.1198884265116	-0.597705603034397	0.500146552756625	-1.19506092712238	0.232063226483915	0.568621462216323
TH2_HKNPDCAD_00449	45.2800339450941	0.318116475916499	0.385954069749319	0.824234023813037	0.409806598125248	0.724613590037255
TH2_HKNPDCAD_00450	657.934071412804	-0.799876830362039	0.323721320184632	-2.47088091048756	0.013478069440862	0.125273669793952
TH2_HKNPDCAD_00451	40.4158305181406	-0.423818927230506	0.442271503025178	-0.958277719300351	0.33792273586603	0.663205674497204
TH2_HKNPDCAD_00452	6.6465904375374	-0.510552682481133	0.774875914136026	-0.658883149117353	0.509970807456104	0.784546926476588
TH2_HKNPDCAD_00453	254.962043082778	-0.418275230470273	0.376533510545068	-1.11085791504926	0.266629512901072	0.607646856324381
TH2_HKNPDCAD_00454	212.016747612437	-0.235387112643746	0.393891006594652	-0.597594534281866	0.550110512102195	0.809608522835443
TH2_HKNPDCAD_00455	224.299249709329	0.861423485235145	0.505792692530216	1.70311571906248	0.0885464148196678	0.352914562759175
TH2_HKNPDCAD_00456	284.380558962958	0.234182626264987	0.289486350135364	0.80895913107987	0.4185386545966	0.731361737276818
TH2_HKNPDCAD_00457	180.336133968931	-0.35702444595761	0.563807278764188	-0.633238447613117	0.526577941860163	0.795531544348716
TH2_HKNPDCAD_00458	338.768160026932	-0.562840238997255	0.484568032269684	-1.16152986064918	0.245426486992062	0.581625599778691
TH2_HKNPDCAD_00459	667.50833479966	-0.378140783996138	0.461676004819911	-0.819060943276968	0.412751643872696	0.728318391219084
TH2_HKNPDCAD_00460	32.6551851405972	0.0221009080640568	0.372614639007642	0.0593130428877314	0.952702772683256	0.987495207402243
TH2_HKNPDCAD_00461	11.5108196591772	1.64198157424198	0.640087518670681	2.56524541777038	0.0103102851064577	0.107677047799702
TH2_HKNPDCAD_00462	609.545238278396	-0.853269265969919	0.396994836661473	-2.14932081521635	0.0316089775948769	0.208529754377528
TH2_HKNPDCAD_00463	1157.32577452702	-0.493031612975893	0.480284646256048	-1.02654044183842	0.304636911060573	0.636264874344524
TH2_HKNPDCAD_00464	70.8486400849675	1.06506675747006	0.431442435197476	2.46861845423844	0.0135635752508083	0.125273669793952
TH2_HKNPDCAD_00465	98.3134017818317	1.08802318160625	0.466178560038891	2.33391939242226	0.0195999431113264	0.154851045389591
TH2_HKNPDCAD_00466	503.813886956192	0.389439442752532	0.457815626670023	0.850646898152356	0.394965529314687	0.713890445439734
TH2_HKNPDCAD_00467	82.5789878589829	0.417915164965063	0.379397692565746	1.10152268491365	0.270669237007907	0.611852861013961
TH2_HKNPDCAD_00468	296.238400194557	0.649163843114147	0.24461189514623	2.65385231051856	0.00795786486825336	0.0912573049545117
TH2_HKNPDCAD_00469	911.430769779783	-0.192868834595005	0.211418269930432	-0.91226190933484	0.361630860741037	0.684029443600942
TH2_HKNPDCAD_00470	1276.9882680498	-0.336550024348136	0.250954976839444	-1.34107730632278	0.179895354501245	0.51066597922721
TH2_HKNPDCAD_00471	110.62484065781	-0.345495481180922	0.306704104298033	-1.12647817991113	0.259963171433074	0.598768546210013
TH2_HKNPDCAD_00472	779.844045248859	0.738363299243728	0.221367052766935	3.33547061324031	0.000851551535488292	0.0187341337807424
TH2_HKNPDCAD_00473	1367.29434212599	0.448104788873549	0.345506045340311	1.29695209365203	0.194647670683236	0.526524517109376
TH2_HKNPDCAD_00474	289.58181019872	0.235491341298055	0.249333216912151	0.944484430171319	0.34492215454282	0.668710652112896
TH2_HKNPDCAD_00475	307.251421336579	0.478084110692959	0.307149281979803	1.55652035912751	0.119584405267102	0.41115237501723
TH2_HKNPDCAD_00476	208.96466889805	0.386887914715123	0.275483047115819	1.40439826975076	0.160200285840413	0.484004109872955
TH2_HKNPDCAD_00477	29.6618994524191	-0.0569114725206598	0.415147919370826	-0.137087216062438	0.890961857170921	0.965145917129784
TH2_HKNPDCAD_00478	8.44434750164604	0.646676703511194	0.660566579084901	0.978972784858493	0.327593426761044	0.65493132042789
TH2_HKNPDCAD_00479	40.848430649205	0.0585819046670559	0.37201657009945	0.157471224067776	0.874873484801881	0.959394827612739
TH2_HKNPDCAD_00480	111.942655914624	-0.0985606844293624	0.347818442992492	-0.283368195146253	0.776894606221057	0.912548522339399
TH2_HKNPDCAD_00481	5.33305677403191	0.0713852522880003	0.795409473413292	0.0897465452374727	0.92848862740091	0.977298230621523
TH2_HKNPDCAD_00482	4.26628464566035	-1.11591350468808	0.894511705778749	-1.24751134890581	0.212210061572888	0.548405753763752
TH2_HKNPDCAD_00483	397.456163823489	0.560169652964235	0.26288087643854	2.13088780193259	0.0330983865415044	0.213176888119777
TH2_HKNPDCAD_00484	261.087668270993	0.436700774878623	0.261500755726833	1.66997901656088	0.0949235152718207	0.366123355367459
TH2_HKNPDCAD_00485	143.885257703448	-0.0210903212945061	0.308398383666541	-0.0683866142350155	0.945477877176951	0.984664688827519
TH2_HKNPDCAD_00486	57.1236920949782	-0.291775464858595	0.381758689143937	-0.764292924184326	0.44469270109518	0.748332229956196
TH2_HKNPDCAD_00487	16.8142615287004	-0.799454201041892	0.4704480634352	-1.69934635335577	0.0892539435720986	0.353482047115214
TH2_HKNPDCAD_00488	101.781721636554	0.258735507279454	0.264535472643616	0.978074905016704	0.32803727843602	0.655084307128654
TH2_HKNPDCAD_00489	1649.80247548922	-0.736866323348052	0.596437778567515	-1.23544542251802	0.216664776719879	0.550955277855921
TH2_HKNPDCAD_00491	1.82620593277077	0.587148543020545	1.32629619656528	0.442697901525383	0.657984260506369	0.862995727522965
TH2_HKNPDCAD_00492	6.53604570326368	0.618620490188105	0.892569870978535	0.693077943029719	0.488260638892286	0.770926576310905
TH2_HKNPDCAD_00493	47.383085725659	0.341524515937614	0.329595449409682	1.03619305590929	0.300112085726472	0.632815529178896
TH2_HKNPDCAD_00494	2.494842730964	-0.282689455934949	1.25453848701198	-0.225333426484388	0.821719897672039	0.932507459700437
TH2_HKNPDCAD_00495	65.1751839324859	0.693047400688886	0.409825584532619	1.69107890489381	0.0908217335757622	0.355926763233453
TH2_HKNPDCAD_00496	924.372263511976	0.390600683573564	0.395446462782471	0.987746054991083	0.323277032978175	0.650192347670926
TH2_HKNPDCAD_00497	186.445260820994	0.625284869671588	0.472438910903146	1.32352533891896	0.185660735471562	0.518483086231632
TH2_HKNPDCAD_00498	417.273726769066	-0.378618211297182	0.242308760506342	-1.56254445982886	0.118159780650891	0.407870057654188
TH2_HKNPDCAD_00499	206.66189121091	0.0786389672439735	0.336044153117645	0.234013794063672	0.814974269846767	0.929934613445423
TH2_HKNPDCAD_00500	246.677674484081	0.433250410968892	0.257306636984295	1.68379026692318	0.0922222088898381	0.359764872731591
TH2_HKNPDCAD_00501	432.663209207436	0.0326219055560269	0.230654319581665	0.141432016600395	0.887528662882463	0.96346292374746
TH2_HKNPDCAD_00502	4971.2378675027	-0.69941833566301	0.358809515033949	-1.94927477214988	0.0512626196667471	0.270063914092236
TH2_HKNPDCAD_00503	364.408398304384	-0.0379587462792783	0.276631306176346	-0.137217825429637	0.890858621527201	0.965145917129784
TH2_HKNPDCAD_00504	393.039222284421	-0.353947002959418	0.418719713221592	-0.845307712493834	0.39793905605034	0.715731789934752
TH2_HKNPDCAD_00505	175.846987975143	-0.462981476235229	0.301208744185022	-1.53707847190132	0.124274094117915	0.420203263487924
TH2_HKNPDCAD_00506	13.1937172947964	0.258176082639822	0.550997946292304	0.468560880085131	0.639383545171212	0.853247564916753
TH2_HKNPDCAD_00507	67.4563866595998	0.0423103421493442	0.409879955442487	0.103226180220665	0.917783462086769	0.974280352729459
TH2_HKNPDCAD_00508	627.171235015327	-0.436525911188555	0.279013667508456	-1.56453235816961	0.117692600027624	0.407354670993655
TH2_HKNPDCAD_00509	322.037155891035	0.368187649144292	0.255686787663902	1.43999481751975	0.149868865301077	0.467576265084189
TH2_HKNPDCAD_00510	54.2391457398603	-0.35044357265483	0.311308192709467	-1.12571265665946	0.260287164720409	0.5987982706923
TH2_HKNPDCAD_00511	700.309110097973	1.01206024497856	0.360146853614437	2.81013213032825	0.0049521164907972	0.0673330215698315
TH2_HKNPDCAD_00513	139.04214714275	-0.743892111243111	0.315710329765376	-2.35624888104213	0.0184605446245503	0.150052422411685
TH2_HKNPDCAD_00514	115.234324132916	-0.306397804398328	0.364541346737821	-0.840502201300887	0.400626867863105	0.718046617016181
TH2_HKNPDCAD_00515	1.40482714727182	-1.14894452307242	1.65102628167028	-0.695897173671927	0.486493227444314	0.769497361529601
TH2_HKNPDCAD_00516	156.460247273609	0.57047173194363	0.293371139749464	1.94453937231456	0.0518304423117095	0.27138186648603
TH2_HKNPDCAD_00517	183.025136447057	0.0475046534668319	0.334908649173065	0.141843614920449	0.887203532614195	0.96346292374746
TH2_HKNPDCAD_00518	0.757760663588729	2.92966339662228	2.32442055845915	1.2603843938484	0.207530728690207	0.543033443218991
TH2_HKNPDCAD_00519	30.0341823502049	-0.476377581995159	0.411347882361107	-1.15808930207878	0.246827595224964	0.583334467449845
TH2_HKNPDCAD_00520	186.071974995805	0.517115706315638	0.29836893516882	1.73314191044402	0.0830704487920868	0.342573709177986
TH2_HKNPDCAD_00521	37.2082033401611	0.030002560487966	0.368467231477185	0.0814253152653108	0.935103717280693	0.979869463678053
TH2_HKNPDCAD_00522	0.935120639260527	1.99891512253602	2.09311985995143	0.954993147206775	0.3395811624566	0.664133170069642
TH2_HKNPDCAD_00523	91.3508789595232	0.746904355703877	0.357816673295553	2.08739394065894	0.0368525392553597	0.225694284615262
TH2_HKNPDCAD_00524	54.6136234747419	0.844243221249583	0.3689321641429	2.28834269088715	0.0221175722300211	0.167373964909845
TH2_HKNPDCAD_00525	69.2831176910057	-0.157755722864893	0.319471376052686	-0.493802370697763	0.621445758732548	0.846128289366314
TH2_HKNPDCAD_00526	63.4333684965166	-0.505733599761298	0.489963399762954	-1.03218648577827	0.301984764676362	0.633500567822598
TH2_HKNPDCAD_00527	6.81232233533921	-0.35625465877925	0.785943104204497	-0.453283013583837	0.650344962753262	0.859857693854326
TH2_HKNPDCAD_00528	13.0701196940147	0.473124927552212	0.641583367340867	0.737433280904936	0.460858902759361	0.755611593923438
TH2_HKNPDCAD_00530	20.8227379774653	1.18772221955546	0.539021574968026	2.20347806973387	0.0275610709999863	0.194159716524467
TH2_HKNPDCAD_00531	112.137275775268	0.118015311033017	0.333555255405929	0.353810378101809	0.723480995350257	0.889792701533667
TH2_HKNPDCAD_00533	7.45206482338123	-0.0880198296409699	0.740261888480971	-0.118903635335851	0.905351701615433	0.969906249760393
TH2_HKNPDCAD_00534	1.49054756133828	0.0752438968327942	1.40667034404446	0.0534907820807914	0.957340874969993	0.988092167147834
TH2_HKNPDCAD_00535	553.95034711546	0.266818892869365	0.316566460114957	0.842852691256277	0.399310834852643	0.7169412747652
TH2_HKNPDCAD_00536	180.782855963311	-0.30221887717784	0.408843533144599	-0.739204249736663	0.459782980674054	0.755611593923438
TH2_HKNPDCAD_00537	275.239360070207	0.165481352952157	0.41714684387251	0.39669808218118	0.691590114589735	0.873869579286834
TH2_HKNPDCAD_00538	319.670346915224	-0.0267439735458231	0.580731269555273	-0.0460522361165498	0.963268615642552	0.989597841224745
TH2_HKNPDCAD_00539	754.300220034847	-0.604620502811389	0.397347170711655	-1.52164290418503	0.128098581041287	0.426536473782288
TH2_HKNPDCAD_00540	76.6572372918831	-0.233042743887564	0.39894079700256	-0.584153703102139	0.559116906492816	0.815097461754377
TH2_HKNPDCAD_00541	22579.3528259712	0.118322837582281	0.327867389915186	0.360886264452495	0.718184472013297	0.887087615310882
TH2_HKNPDCAD_00542	54.8872549820678	0.392174469666012	0.409123793267451	0.958571650242891	0.337774580045802	0.663205674497204
TH2_HKNPDCAD_00543	853.346819417162	0.00948337933595583	0.24580650412844	0.0385806688459332	0.969224714842943	0.990384973702169
TH2_HKNPDCAD_00544	2265.68238597798	0.54362684766939	0.26591603753502	2.04435525103595	0.0409184646545724	0.240306283289497
TH2_HKNPDCAD_00545	926.018228543751	0.453711338091987	0.282929919349317	1.60361738742736	0.108798415728036	0.392746957057685
TH2_HKNPDCAD_00546	76.4620519509419	-0.637522068361333	0.365610129238503	-1.74372102241579	0.0812077477946103	0.338795754107128
TH2_HKNPDCAD_00547	1.6194556231636	2.85167265637211	1.64581722406708	1.7326788264648	0.0831527699297096	0.342637539115507
TH2_HKNPDCAD_00548	0.921540771328817	3.20829301028763	1.8943017343456	1.69365468664154	0.090330919773042	0.354817084104685
TH2_HKNPDCAD_00549	7.43635709532933	-0.0626728726049498	0.809803706374428	-0.0773926719668184	0.938311170222762	0.981629866808858
TH2_HKNPDCAD_00550	2.38163291379648	-0.392214116940981	1.25159959076217	-0.313370282185965	0.753999359381805	0.900372592203685
TH2_HKNPDCAD_00551	3.53071233225657	-0.661644279727793	1.02414398790422	-0.646046149313208	0.5182494685839	0.791345479881165
TH2_HKNPDCAD_00552	12.4890744923444	-0.275916730351019	0.583793424363537	-0.472627335006092	0.636479077008542	0.852895012489516
TH2_HKNPDCAD_00553	0.980494487161502	-0.269229357007246	2.00638549691713	-0.134186255543077	0.893255294104618	0.966608958746099
TH2_HKNPDCAD_00554	7.11953113613062	-0.778447988753908	0.683083251090071	-1.13960924603502	0.254449131575741	0.59098606636033
TH2_HKNPDCAD_00555	3.2199225202022	-0.405357383766958	1.00858456080098	-0.401907187083092	0.687752333197676	0.873330700486242
TH2_HKNPDCAD_00556	25.98334295797	-0.728964195255384	0.452786802322829	-1.60995018299064	0.107408732260374	0.391482091649477
TH2_HKNPDCAD_00557	49.1995729997153	-0.62397285267841	0.442129990578349	-1.4112882319116	0.158159643005378	0.480572809748409
TH2_HKNPDCAD_00558	76.7397325548508	-0.497271849165559	0.474426099760278	-1.04815449532988	0.294567432029478	0.62810010673174
TH2_HKNPDCAD_00559	3.42001369365296	-1.12319365824198	0.982161410381971	-1.14359375798033	0.252792151548072	0.589927529205362
TH2_HKNPDCAD_00560	60.4683844205143	-0.446388405471298	0.315035140573155	-1.41694797811815	0.156498137660677	0.477832532082798
TH2_HKNPDCAD_00561	3460.29515566142	0.813277601705563	0.303291311386265	2.68150643019836	0.00732915058734792	0.0890266016842309
TH2_HKNPDCAD_00562	362.219768079494	0.297242187838267	0.24629992630276	1.20683019398425	0.227497545349987	0.563711067246541
TH2_HKNPDCAD_00563	283.539662045605	-0.0774148728348738	0.328155156413983	-0.235909359709135	0.813503005218572	0.929549058177137
TH2_HKNPDCAD_00564	431.413587116056	0.115180714790732	0.275872581557925	0.417514180424441	0.676302354326705	0.869307804925735
TH2_HKNPDCAD_00565	296.202383372412	0.304416630237977	0.234276590165212	1.29938987938702	0.193810163129935	0.52585261355538
TH2_HKNPDCAD_00566	24.7160971699897	0.0786081476178962	0.435978637888571	0.180302750608591	0.856914896387052	0.95203941897755
TH2_HKNPDCAD_00567	418.469323681382	-0.650610715304322	0.265337105740039	-2.45201557275502	0.0142058513830933	0.128883529539356
TH2_HKNPDCAD_00568	7.87304562182103	-1.10598929381412	0.702920329207478	-1.57342055402081	0.115621470784974	0.404512499668591
TH2_HKNPDCAD_00569	703.588415153428	-0.8698890525369	0.435077937326699	-1.99938672570221	0.0455665270655478	0.253563525483335
TH2_HKNPDCAD_00570	146.598205040055	-1.15986981601276	0.639201796623209	-1.81455969326142	0.0695916014411553	0.311803936198818
TH2_HKNPDCAD_00571	37.5618461862365	-1.55454671408524	0.577152859894667	-2.69347485234492	0.00707114795564676	0.0865076477819697
TH2_HKNPDCAD_00572	89.6431191362542	-2.13728629906126	0.593632633524281	-3.60035176363639	0.000317786963087936	0.00914484433344528
TH2_HKNPDCAD_00573	93.354559172754	-2.89619620863621	0.708702633110454	-4.08661697209305	4.37708852270303e-05	0.00166199672350931
TH2_HKNPDCAD_00574	15.6994455875556	-0.346985402843596	0.478907172658586	-0.72453582375339	0.468736842251228	0.760362358664493
TH2_HKNPDCAD_00575	14.3358017172777	-0.903344098425101	0.58086681837924	-1.55516560740318	0.119906633002697	0.411406560088235
TH2_HKNPDCAD_00576	54.6477271882844	-0.0266453707456271	0.405306428469332	-0.065741298124126	0.947583792363863	0.985456384592648
TH2_HKNPDCAD_00577	37.8356489676528	0.0993953496356293	0.363313837060511	0.273579862632853	0.784407511073787	0.914060966483782
TH2_HKNPDCAD_00578	104.11949144548	-0.416461531200172	0.318709081960863	-1.30671372349318	0.191309956076445	0.524013313332614
TH2_HKNPDCAD_00579	11.1076590964	0.732354387482579	0.60055717356273	1.21945822932724	0.222670320622421	0.55893310543608
TH2_HKNPDCAD_00580	548.742786755126	0.402957278280992	0.351140323264144	1.14756765766793	0.251147087735258	0.588382071175014
TH2_HKNPDCAD_00581	40.8690434358543	0.121181527384519	0.349698352346152	0.346531593790771	0.728943244891717	0.891814936187898
TH2_HKNPDCAD_00582	151.223833749967	1.44142720442643	0.541608824313415	2.66138057527718	0.00778209418028001	0.0912573049545117
TH2_HKNPDCAD_00583	235.530200096133	1.23027356380658	0.675058187468829	1.82247039832161	0.068383641316029	0.30884100915063
TH2_HKNPDCAD_00584	714.534799095205	0.883819616207556	0.45104916097726	1.95947513635241	0.0500571689137305	0.267842429907915
TH2_HKNPDCAD_00585	30.4705307128642	0.911851727057478	0.636472731110421	1.43266424857922	0.151953811174163	0.470359442076546
TH2_HKNPDCAD_00586	99.6603973320853	1.57043235679606	0.543341823751218	2.89032113514443	0.00384848465794874	0.0559728371106888
TH2_HKNPDCAD_00587	683.189687412176	1.45983207367738	0.520503459410864	2.80465393127206	0.00503706294641234	0.0679473280613412
TH2_HKNPDCAD_00588	151.480365642967	0.931344208906767	0.418058159989834	2.22778622220749	0.0258947740532033	0.187216659797913
TH2_HKNPDCAD_00589	40.8086672860251	0.920588426741765	0.483788515536193	1.90287366727062	0.0570570317597663	0.282637597963902
TH2_HKNPDCAD_00590	61.4182670816828	0.355098098990897	0.345652145343458	1.02732791847148	0.304266080428319	0.636039633706493
TH2_HKNPDCAD_00591	12.7778593587188	0.260456023153459	0.53050343124744	0.4909601103635	0.62345466087951	0.846602186377466
TH2_HKNPDCAD_00592	35.7456623257557	0.707547749486648	0.429805311926492	1.64620522327946	0.0997215142556147	0.375925737201916
TH2_HKNPDCAD_00593	120.705844835411	-0.0913483763462576	0.508853136584055	-0.179518155197945	0.857530863098041	0.95203941897755
TH2_HKNPDCAD_00594	174.810257749095	0.413370090319472	0.279514672057648	1.47888512354807	0.139171019959426	0.44641052988209
TH2_HKNPDCAD_00595	394.113509269991	0.17461547079653	0.256492918102284	0.680780865563301	0.496010159204842	0.776824954501686
TH2_HKNPDCAD_00596	22.8018868753512	0.614281226435476	0.505876647804959	1.21429053723055	0.224636797856356	0.561081561160175
TH2_HKNPDCAD_00597	450.783880957909	0.500391386550011	0.214210716010553	2.33597737717921	0.0194924206290891	0.154652023961369
TH2_HKNPDCAD_00598	41.8998772612959	0.113085668965571	0.361452416696751	0.312864608844065	0.754383526730618	0.900372592203685
TH2_HKNPDCAD_00599	350.665658451382	-0.312325242332328	0.248399368851948	-1.25735119125235	0.20862649488043	0.544510902625806
TH2_HKNPDCAD_00600	425.040467640842	-0.462310561807112	0.307299848772672	-1.5044282112521	0.132471144874583	0.432789731438569
TH2_HKNPDCAD_00601	2032.26453841052	-0.123551875896303	0.337812562572851	-0.365740915480781	0.714558412108886	0.88497949858239
TH2_HKNPDCAD_00602	114.687945753678	0.000755034952932795	0.27979621816778	0.00269851736337636	0.997846897271851	0.998912870506935
TH2_HKNPDCAD_00603	58.9483627430762	0.223857137290235	0.444286958589815	0.503857097225556	0.614361800976472	0.842713029650896
TH2_HKNPDCAD_00604	1.60470793234488	-0.252857222574826	1.59369083857368	-0.158661401857042	0.873935649745139	0.95906532660963
TH2_HKNPDCAD_00605	0.209264015628334	-1.19700691208727	4.0804728567969	-0.293350048902641	0.76925460189368	NA
TH2_HKNPDCAD_00606	0.143997813150365	0.726546439555219	4.0804728567969	0.178054471884306	0.858680196776375	NA
TH2_HKNPDCAD_00607	12.4381047372482	-0.270273483158259	0.578439165086414	-0.467246167741568	0.640323766127759	0.853432039826025
TH2_HKNPDCAD_00608	3620.65435809041	0.160171904830271	0.253238612996543	0.632494006087679	0.527064123894466	0.796031437561294
TH2_HKNPDCAD_00609	2774.4764716836	-0.0920117894356056	0.216223606188849	-0.425539981768886	0.670443081995376	0.86660620871618
TH2_HKNPDCAD_00610	2454.02130237201	0.275692909445498	0.281964241826037	0.97775841241455	0.328193824142083	0.655084307128654
TH2_HKNPDCAD_00611	34.4902619884121	0.494069394121224	0.456305271608082	1.08276065358626	0.278914674195694	0.618122187603601
TH2_HKNPDCAD_00612	604.539208473016	0.203969446840139	0.263278495500906	0.774728853004391	0.438499897921564	0.745634042564776
TH2_HKNPDCAD_00613	618.887736364032	0.260557388787462	0.341984037621108	0.761899270503787	0.446120125430327	0.749774348510116
TH2_HKNPDCAD_00614	1418.31420462095	0.555932780690707	0.403859281530067	1.37655070990196	0.168651198963509	0.496272127374825
TH2_HKNPDCAD_00615	5316.45672067442	0.235566309333757	0.310411118773505	0.758884895181994	0.447921415379066	0.751399768825315
TH2_HKNPDCAD_00616	921.501559886967	1.02130186359807	0.472417026035372	2.16186506267367	0.0306285786587737	0.204696341857724
TH2_HKNPDCAD_00617	675.981987897864	0.945555578415505	0.424002881076944	2.23006875805618	0.0257428785282234	0.18641867504197
TH2_HKNPDCAD_00618	454.538265735519	0.155533580797975	0.268042447176536	0.580257278040513	0.561741132752699	0.816793667067903
TH2_HKNPDCAD_00619	3840.00034708528	0.884041567314811	0.425585468943214	2.07723625881778	0.0377797588563246	0.228371514030094
TH2_HKNPDCAD_00620	2290.71766165119	0.633543699318747	0.310069212332085	2.04323316898751	0.0410293617427755	0.240361723763963
TH2_HKNPDCAD_00621	1590.10444137685	1.34988281802055	0.443059645405624	3.04672933321363	0.0023134592561118	0.0388812857273085
TH2_HKNPDCAD_00622	27.7319185336588	1.97287186362344	0.521712343569544	3.78153188809967	0.000155866251479569	0.00499356503177669
TH2_HKNPDCAD_00623	487.565316367029	1.01391081613539	0.3595690008935	2.81979484776471	0.00480543609269488	0.0658946228866
TH2_HKNPDCAD_00624	397.29253732011	-0.197842095446598	0.238367631833328	-0.829987250890396	0.406545991900147	0.72210943949753
TH2_HKNPDCAD_00625	57.9074288472931	0.140156811891365	0.310079384390153	0.452002999706085	0.651266821442361	0.860611891422616
TH2_HKNPDCAD_00626	172.756884734166	-0.0950140505977696	0.266259811207544	-0.356847134259057	0.721206248113941	0.889106115399726
TH2_HKNPDCAD_00627	2365.50769607022	-0.172602833233926	0.454908925067081	-0.379422833281351	0.704373897447583	0.879449937947696
TH2_HKNPDCAD_00628	519.18408232605	0.193544859670928	0.300963027522108	0.64308516984436	0.520168836850918	0.792189966863002
TH2_HKNPDCAD_00629	372.77352628918	0.229246216754708	0.331081363468084	0.692416553904904	0.488675773000555	0.770926576310905
TH2_HKNPDCAD_00630	1916.10628173987	0.355849511009536	0.211421213223605	1.68313058838225	0.0923498141803889	0.359988705314581
TH2_HKNPDCAD_00631	1775.66509704699	0.263245263525906	0.291479001703895	0.903136287646988	0.366453567009521	0.68908326650433
TH2_HKNPDCAD_00632	2651.97896882243	0.697287681018366	0.264137629831969	2.63986498804409	0.00829390611533668	0.0932336902351224
TH2_HKNPDCAD_00633	51.3271376747065	0.267465040324945	0.378381439054833	0.706866174495906	0.479649646247132	0.766533254035573
TH2_HKNPDCAD_00634	309.643938163573	-0.102656755412869	0.2308907399281	-0.444611834345705	0.656600293666661	0.862349291109766
TH2_HKNPDCAD_00635	278.913332476087	0.165008492857677	0.257164149854573	0.641646562909293	0.521102692767744	0.792189966863002
TH2_HKNPDCAD_00636	303.52267259595	0.111779220370258	0.314329152118608	0.355612006130693	0.722131151079453	0.889177103154762
TH2_HKNPDCAD_00637	27.0572238581636	-0.282867975817948	0.406639249281009	-0.695623888540261	0.486664401853914	0.769497361529601
TH2_HKNPDCAD_00638	74.1839210612987	-0.28176446327878	0.352039417791272	-0.800377597050342	0.423492056860269	0.735013090442082
TH2_HKNPDCAD_00639	121.987486534492	0.139474687021136	0.273960908352914	0.509104338497323	0.610679090947461	0.839909047544053
TH2_HKNPDCAD_00640	873.052959126973	0.179601151852947	0.215701457175287	0.83263763817319	0.405049125074747	0.721705585591464
TH2_HKNPDCAD_00641	58.9576838891811	-0.230869624901681	0.34373800954727	-0.671644154819405	0.501810261334312	0.779242471856916
TH2_HKNPDCAD_00642	150.6991012911	0.328552414199476	0.343777388216552	0.955712695078463	0.339217406897077	0.664133170069642
TH2_HKNPDCAD_00643	151.254416827201	0.957747777690436	0.462539176343095	2.07063061179495	0.038393329173457	0.230123516294793
TH2_HKNPDCAD_00644	256.909726323297	0.947549506953631	0.428499752674474	2.2113186788079	0.0270137767599202	0.192056337963039
TH2_HKNPDCAD_00645	831.028216062203	0.548083418147559	0.427229925041593	1.28287693820652	0.199535193609767	0.533829541985212
TH2_HKNPDCAD_00646	1771.51370727831	1.32928720370058	0.622979801311951	2.13375650526902	0.032862717987036	0.212426598236503
TH2_HKNPDCAD_00647	157.479222919483	0.614608225885193	0.402401276397342	1.5273515814555	0.126673609462168	0.423819511958702
TH2_HKNPDCAD_00648	187.918949465452	0.361303342145617	0.300481235066953	1.20241565855223	0.229202525417447	0.565667860033621
TH2_HKNPDCAD_00649	235.679828607385	0.386958823858093	0.295778055500439	1.30827428425473	0.190780294147843	0.523723901507469
TH2_HKNPDCAD_00650	508.974894969155	0.377500329758207	0.295719080720146	1.27655046417331	0.20176099981286	0.535817008577116
TH2_HKNPDCAD_00651	128.068871051665	-0.0979483589013737	0.301241631905941	-0.325148812538491	0.745068447185749	0.900372592203685
TH2_HKNPDCAD_00652	1546.46722975468	0.68048221751633	0.361029133042311	1.8848401838989	0.0594514178943053	0.28894218935339
TH2_HKNPDCAD_00653	169.174239139535	0.541483969279791	0.322137388512218	1.68091003587202	0.0927803903238356	0.360843915629728
TH2_HKNPDCAD_00654	167.187761302761	-0.445307626792559	0.260241327152457	-1.71113339939157	0.0870564898115645	0.350551112941146
TH2_HKNPDCAD_00655	247.739306423309	0.110007118357512	0.261242839412441	0.421091420553108	0.673688326192648	0.868324455635784
TH2_HKNPDCAD_00656	666.279723076036	0.449669339003796	0.354912750034575	1.26698558719006	0.205160443466373	0.540695338410604
TH2_HKNPDCAD_00657	114.293275569588	-0.258032921078182	0.285497778682402	-0.903800100543787	0.366101408430424	0.688673695271322
TH2_HKNPDCAD_00658	77.6223559001348	0.0628662131714837	0.297388991784579	0.211393881105802	0.83257993103468	0.938391540563713
TH2_HKNPDCAD_00659	7757.46367887402	1.32932648796543	0.56456145778343	2.35461785362502	0.0185417629894237	0.150314967889456
TH2_HKNPDCAD_00660	577.968289685639	0.10687394085705	0.237836147606926	0.449359535682027	0.65317231640969	0.861152168149844
TH2_HKNPDCAD_00661	123.587393894728	0.0273803429666047	0.309817924837186	0.0883755934424824	0.929578158993287	0.977432011477933
TH2_HKNPDCAD_00662	185.683607627566	-0.0127249356607592	0.264506565495189	-0.0481082034275274	0.961630008387659	0.989257695973454
TH2_HKNPDCAD_00663	154.517696918828	0.537620557688843	0.331855053218296	1.62004631984673	0.105222327215941	0.388546458472869
TH2_HKNPDCAD_00664	150.377174827233	0.253425155514669	0.251023790777603	1.00956628345715	0.312703130103111	0.643741463818694
TH2_HKNPDCAD_00665	431.284709731597	0.135053047774114	0.308400457142898	0.437914551182187	0.66144822694469	0.864669950421783
TH2_HKNPDCAD_00666	208.798095430792	0.208446410110592	0.301117504982689	0.692242751289317	0.48878489524199	0.770926576310905
TH2_HKNPDCAD_00667	493.655140231336	-0.289189706580692	0.222897090461659	-1.29741355520491	0.194488930983065	0.526372893463141
TH2_HKNPDCAD_00668	483.411358769064	-0.306732351669964	0.215628144681056	-1.42250610245552	0.154879381225015	0.475111734386253
TH2_HKNPDCAD_00669	1.00345999520982	0.726543679259727	1.70680917632824	0.425673642570107	0.670345670587868	0.86660620871618
TH2_HKNPDCAD_00670	2.83748315542717	0.322931886106821	1.18087981640892	0.273467190834764	0.784494109378383	0.914060966483782
TH2_HKNPDCAD_00671	3.72516505655632	-0.665228054641177	1.07048852338018	-0.62142474217346	0.5343201968782	0.80011110423767
TH2_HKNPDCAD_00672	4.78913968706344	-1.49362853625003	1.03113779742865	-1.44852466855031	0.147470372036432	0.463194318050705
TH2_HKNPDCAD_00673	45.8221163412969	-0.723709787908632	0.534231409034505	-1.35467472647586	0.175521213570826	0.504071605450537
TH2_HKNPDCAD_00674	134.359458464416	-0.887960623867483	0.578352636201402	-1.53532735616038	0.124703437728144	0.420322510048948
TH2_HKNPDCAD_00675	27.0894371881522	-0.995310261328997	0.509104235748185	-1.95502255027652	0.0505804086864636	0.268957650339017
TH2_HKNPDCAD_00676	2146.25301114388	0.332519080445981	0.305091156037604	1.0899007521706	0.275756865249873	0.616068990972665
TH2_HKNPDCAD_00677	2055.96294092908	0.335878628281297	0.417037025842714	0.805392824779961	0.420593030989191	0.73304305614099
TH2_HKNPDCAD_00678	1163.4021565623	0.54489189980339	0.437928756457893	1.24424781832243	0.213408369540013	0.548492125550683
TH2_HKNPDCAD_00679	968.543255989384	-0.5467956130458	0.355864702033351	-1.53652669096289	0.124409256744433	0.420203263487924
TH2_HKNPDCAD_00680	1159.67910478982	1.65065583717182	0.555971156513104	2.96895948258228	0.00298809993491684	0.0469846633938151
TH2_HKNPDCAD_00681	4.80294728607102	-0.320127725694654	0.854136043276124	-0.374797116003643	0.707811359288533	0.880427330190008
TH2_HKNPDCAD_00683	0.143997813150365	0.726546439555219	4.0804728567969	0.178054471884306	0.858680196776375	NA
TH2_HKNPDCAD_00685	3.99236999471957	-0.975974574324215	1.03779801219275	-0.940428255650727	0.34699793433118	0.670299884037377
TH2_HKNPDCAD_00686	1000.70433515857	0.255043137573108	0.253350852142741	1.00667961215072	0.314088762660191	0.644704459352053
TH2_HKNPDCAD_00687	104.631453826046	0.123169708491929	0.27376949562092	0.449902967504015	0.65278040776534	0.861121020505516
TH2_HKNPDCAD_00689	65.7600415363323	0.201564623173629	0.34637808566521	0.5819208302007	0.560620009038865	0.815476210650744
TH2_HKNPDCAD_00690	37.3366006808573	-0.110942561992419	0.36411636311887	-0.304689855303758	0.760602376761883	0.902929083668692
TH2_HKNPDCAD_00691	24.3122844424732	0.127161991933122	0.480779801359109	0.264491127900235	0.79140150038889	0.917173945213451
TH2_HKNPDCAD_00692	77.7140278710949	0.0382654991330645	0.406342893617329	0.0941704647334151	0.924973746215945	0.976202475417528
TH2_HKNPDCAD_00693	14.8997184733688	-0.719284121006588	0.562262766237772	-1.2792668556367	0.20080310001145	0.534544043603382
TH2_HKNPDCAD_00694	16.9708849457614	-0.39724108075983	0.589753069496799	-0.673571874918382	0.500583539053009	0.7791262672719
TH2_HKNPDCAD_00695	2.71639237999637	-1.38792938604888	1.24130186027042	-1.11812398778369	0.263514042714698	0.604914009384479
TH2_HKNPDCAD_00696	0.970713399853911	0.75290826630193	1.71463660888541	0.439106608595833	0.660584290810361	0.864476659355096
TH2_HKNPDCAD_00697	6.81957541410887	-1.41822043693504	0.917527074901807	-1.5456987327451	0.122177343461043	0.415697240500283
TH2_HKNPDCAD_00698	2.54032428823887	-2.88640010225648	1.3690055357316	-2.10839184131858	0.0349971095769129	0.219309515514982
TH2_HKNPDCAD_00699	968.10753449373	0.38279533751532	0.25474517408445	1.50265982031291	0.1329267888943	0.433449567348718
TH2_HKNPDCAD_00700	163.032613150431	0.487884081034492	0.392292896761993	1.24367299296397	0.21361993959645	0.548566900167747
TH2_HKNPDCAD_00701	29.3040698456501	0.411489381890961	0.55846279226542	0.73682506263621	0.461228739898608	0.755611593923438
TH2_HKNPDCAD_00702	492.062968192119	0.799528213872243	0.561805426434501	1.42314078193664	0.154695348147964	0.475103959432349
TH2_HKNPDCAD_00703	76.3821547166596	0.517716678032582	0.624477836472015	0.829039315402161	0.407082160649162	0.722210562644389
TH2_HKNPDCAD_00704	80.4161322173599	-1.67913496318693	0.396298405178659	-4.23704698591947	2.26478755516457e-05	0.000928744080621886
TH2_HKNPDCAD_00705	11.4955531578074	-0.894180900683811	0.797682836482076	-1.12097297295164	0.262299366947932	0.602665421324563
TH2_HKNPDCAD_00706	12.0790351861605	-1.0177667933115	0.633196799118013	-1.60734671231623	0.107978332562392	0.391579291068792
TH2_HKNPDCAD_00707	7.79029141277891	0.555308201203669	0.700500712591179	0.792730387310475	0.427934921986104	0.739330775227761
TH2_HKNPDCAD_00708	20.8524845307275	-0.751732110271918	0.657952545103567	-1.14253241493821	0.253232780198379	0.589927529205362
TH2_HKNPDCAD_00709	20.3615584464088	-0.204122002874071	0.514920520384322	-0.39641458204408	0.691799210445957	0.873869579286834
TH2_HKNPDCAD_00710	1411.3269250354	0.155359224041296	0.26675064576734	0.582413675492281	0.560288072235285	0.815414951811121
TH2_HKNPDCAD_00711	1391.25543479115	-0.420205978072288	0.479401568617434	-0.876521908937715	0.380746371281228	0.703317441148675
TH2_HKNPDCAD_00712	836.41909229432	0.214316638828458	0.281635302279755	0.760972211557386	0.446673665194195	0.750458606288247
TH2_HKNPDCAD_00713	197.191545942826	-0.254604549809126	0.251175859494196	-1.01365055671287	0.31074952453861	0.641781653015679
TH2_HKNPDCAD_00714	186.322575962701	-0.220404429313499	0.320841214042442	-0.686957970693697	0.492109214145325	0.773575711626905
TH2_HKNPDCAD_00715	187.086330808632	-0.205783389729802	0.335737203067382	-0.612929957864995	0.539922653643466	0.803146698368081
TH2_HKNPDCAD_00716	57.3779619928569	0.250681763695364	0.491592266798351	0.509938379071762	0.610094633094799	0.839646645482236
TH2_HKNPDCAD_00718	26.8245416423212	-0.16895891400226	0.4853227117577	-0.348137249522775	0.727737110917858	0.891156337927601
TH2_HKNPDCAD_00719	14.474023460575	-0.0946387718536416	0.558041062501416	-0.169591053800636	0.86533175866365	0.955269272439586
TH2_HKNPDCAD_00720	17.4312189319655	-0.350672711178626	0.552566075756025	-0.634625842165271	0.525672469763455	0.795100938332095
TH2_HKNPDCAD_00721	2.90185292118182	-0.149702864776043	1.13829931277043	-0.131514499830182	0.895368316992328	0.967191997920307
TH2_HKNPDCAD_00722	224.698198996121	0.283823937249178	0.316939985708508	0.895513188765691	0.370512818750388	0.692071972757249
TH2_HKNPDCAD_00723	250.182070481172	0.200257669045913	0.271629685512781	0.737245152965764	0.460973279340213	0.755611593923438
TH2_HKNPDCAD_00724	105.208086091513	-0.0931680753332212	0.275322636086405	-0.338395987549611	0.735064797444669	0.89478559764934
TH2_HKNPDCAD_00725	188.769457835154	-1.48894991732989	0.371294379448736	-4.01016013100051	6.06775829878763e-05	0.00222166635997038
TH2_HKNPDCAD_00726	3265.97018552439	-0.536718181787266	0.343443541956971	-1.56275520200205	0.118110184815749	0.407870057654188
TH2_HKNPDCAD_00727	449.224142126082	0.82763408503406	0.382749404072979	2.16233931712733	0.0305920312699753	0.204696341857724
TH2_HKNPDCAD_00728	149.006724865946	0.0967211722414203	0.244276206834518	0.395950033344602	0.692141889677589	0.874087047668717
TH2_HKNPDCAD_00729	92.7977331003315	0.555076308517233	0.289723910561826	1.91588021658565	0.0553803441822663	0.279960201457887
TH2_HKNPDCAD_00732	249.434401335345	-0.313045487283245	0.263146875878122	-1.18962266315575	0.234194734195049	0.569828454116667
TH2_HKNPDCAD_00733	174.626338354619	-0.926903749135398	0.351809640795529	-2.63467410114015	0.00842181009922722	0.0943391232430963
TH2_HKNPDCAD_00734	1188.1642982378	0.558419566344227	0.259476716471048	2.15209893950748	0.0313895626662445	0.207349095653569
TH2_HKNPDCAD_00739	86.1570852944539	-0.304600891828085	0.29513848034944	-1.03206092091903	0.302043579352015	0.633500567822598
TH2_HKNPDCAD_00741	0.621421220217804	1.20552773500473	2.2641315108339	0.532445986125923	0.594417142382878	0.832414382655662
TH2_HKNPDCAD_00742	2.28518332709264	1.09611876815363	1.40730375809442	0.7788785909574	0.43605123644305	0.744569832780504
TH2_HKNPDCAD_00743	0.668187469678302	1.31258081148763	2.57422703233916	0.509893181525217	0.61012629912175	0.839646645482236
TH2_HKNPDCAD_00744	162.820913138245	0.255979340027413	0.434128868376258	0.589639064973575	0.555432655638595	0.813377312100043
TH2_HKNPDCAD_00745	4.77343270185357	-0.296842188449585	0.88791885600335	-0.334312292663447	0.738143915361351	0.897255326094922
TH2_HKNPDCAD_00746	43.1120177986694	-0.907122059088675	0.363874829849622	-2.49295082999712	0.0126686388536859	0.120481340935053
TH2_HKNPDCAD_00747	75.6449890536244	-0.85359083967066	0.299102966743007	-2.85383608516353	0.00431948119299736	0.0611264729249314
TH2_HKNPDCAD_00748	480.313954855777	0.374150096949862	0.283855834617457	1.31809901830657	0.187470503101679	0.520386180311413
TH2_HKNPDCAD_00749	8.62114745819556	0.559317164731199	0.633583420275355	0.882783776898897	0.377353107407877	0.700325776660948
TH2_HKNPDCAD_00750	184.414779726791	0.0505589617714933	0.283152372531932	0.178557436476332	0.858285218050645	0.952121365511818
TH2_HKNPDCAD_00751	70.7225088059616	0.362266997266458	0.388641041591051	0.932137778818672	0.351265326196657	0.673270762546356
TH2_HKNPDCAD_00752	1643.29127552822	-0.128688875350941	0.300245290790288	-0.428612468865753	0.668205269917613	0.86660620871618
TH2_HKNPDCAD_00753	145.313876996952	0.36153954138051	0.311559594066004	1.16041857887361	0.245878426110322	0.58188957167198
TH2_HKNPDCAD_00754	1217.11056359185	0.840596060913254	0.491582472572963	1.70997972428419	0.0872696224632883	0.350716307164758
TH2_HKNPDCAD_00755	1518.80128083996	-0.413249153784742	0.209262715020237	-1.97478635286166	0.0482923984041021	0.263022612200219
TH2_HKNPDCAD_00756	132.15224729917	0.1222838174222	0.305847825167364	0.399819149785633	0.689289725064355	0.873330700486242
TH2_HKNPDCAD_00757	5554.46239997659	0.56190408889656	0.248661112227449	2.25971839288883	0.0238387340252739	0.176924648983282
TH2_HKNPDCAD_00758	5247.07239514222	0.234024313535398	0.235849533688492	0.992261082205466	0.321070182641547	0.648412639115713
TH2_HKNPDCAD_00759	329.930553281528	-0.342643756402887	0.216221812224976	-1.58468635923914	0.11303761264154	0.399883231470346
TH2_HKNPDCAD_00760	27.4104100507592	-0.857479931629793	0.493053525764369	-1.7391213870755	0.0820134134512778	0.340957629644161
TH2_HKNPDCAD_00761	69.2662747302936	0.210615626578146	0.286379005823129	0.735443668340076	0.462069335202972	0.756247577346883
TH2_HKNPDCAD_00762	44.7692601158775	0.211709714815057	0.384034360053417	0.551278054353287	0.581443080064149	0.826074619847235
TH2_HKNPDCAD_00763	99.9604632815747	1.66460367713492	0.709614314238534	2.34578649800935	0.0189869800853322	0.152073843620957
TH2_HKNPDCAD_00764	46.0770319742669	2.52526898308186	0.807976505781731	3.12542377780975	0.00177549076188918	0.0322736370405814
TH2_HKNPDCAD_00765	98.4523703120434	3.04158632704924	0.834541292856349	3.64462052757022	0.000267786619655652	0.00798066402531902
TH2_HKNPDCAD_00766	148.540798635731	2.00591087085776	0.791817559309968	2.53329930269016	0.0112994425605657	0.113570475618549
TH2_HKNPDCAD_00767	3288.18487515343	0.926899813367355	0.454926690628336	2.03747072322167	0.0416028929023214	0.242612547232423
TH2_HKNPDCAD_00768	20.2865819431878	-0.525105056997757	0.43666340982841	-1.20253963391185	0.229154519934331	0.565667860033621
TH2_HKNPDCAD_00769	62.1566915552712	0.722059996934256	0.591735221945643	1.22024170634985	0.222373260835121	0.558493549750529
TH2_HKNPDCAD_00770	48.6409013862695	0.622627027287624	0.488690528280213	1.27407222210497	0.202637821842644	0.536944894874944
TH2_HKNPDCAD_00771	75.9385034516006	0.12994789593769	0.331818403044375	0.391623534877636	0.695336395869674	0.875286845468737
TH2_HKNPDCAD_00772	905.912452023059	0.127052877638055	0.21437657861651	0.592662120358469	0.553407296727638	0.811896337443009
TH2_HKNPDCAD_00773	364.214745908833	-0.262970208366503	0.30291537549494	-0.868130935700542	0.385322657344459	0.705368411529841
TH2_HKNPDCAD_00774	24.0758011402846	1.14190239101882	0.606900021491534	1.88153295531684	0.0598994566832506	0.289938257751032
TH2_HKNPDCAD_00775	81.7463164799961	0.984973769734558	0.54322604694525	1.81319319144104	0.0698020295962705	0.311803936198818
TH2_HKNPDCAD_00776	840.10365677225	-0.347846359305485	0.367942112648467	-0.945383383276429	0.344463182421924	0.668579429418698
TH2_HKNPDCAD_00777	572.282911382817	-0.136464236967	0.301012869887577	-0.453350174090454	0.650296608893144	0.859857693854326
TH2_HKNPDCAD_00778	109.834124084678	-0.485465948847381	0.416595087611385	-1.16531846698164	0.243890106691656	0.580399576091656
TH2_HKNPDCAD_00779	54.4137596102559	0.155402789825034	0.365701209058359	0.424944697954867	0.670876989505738	0.86660620871618
TH2_HKNPDCAD_00780	36.8993442045803	-0.527036135254139	0.401580773243974	-1.31240380608049	0.189383923369314	0.521925801715646
TH2_HKNPDCAD_00781	69.951531238934	0.204476046801231	0.310060143935253	0.659472204992362	0.509592588953603	0.784435919212063
TH2_HKNPDCAD_00782	41.6845403339709	-0.0988145282696909	0.347056757227144	-0.284721522379171	0.775857500354237	0.911957245314336
TH2_HKNPDCAD_00783	34.4219475894753	0.194083918000324	0.371998737654586	0.521732732815179	0.601856430785605	0.835169481377101
TH2_HKNPDCAD_00784	36.431634010676	0.218423170129843	0.373817433659858	0.584304396912076	0.559015534496285	0.815097461754377
TH2_HKNPDCAD_00785	27.9351158724851	-0.0462961458129551	0.393446918342352	-0.117668085972073	0.906330654770246	0.969906249760393
TH2_HKNPDCAD_00786	7.38920060021784	0.356014257850064	0.647077821124295	0.550187699574513	0.582190639391147	0.826135077569889
TH2_HKNPDCAD_00787	16.3486202930876	0.178901320630156	0.566636046192661	0.315725273448855	0.752211041755527	0.900372592203685
TH2_HKNPDCAD_00788	2.18768043618703	-1.34176958661767	1.25768543403495	-1.06685626652522	0.286036745931298	0.622072278168788
TH2_HKNPDCAD_00789	31.176372428732	-0.457165253451479	0.36744263755728	-1.2441812863381	0.21343284954156	0.548492125550683
TH2_HKNPDCAD_00790	20.3502791794085	-0.499594891424983	0.508117709556799	-0.983226685526764	0.325495883801964	0.652009339729921
TH2_HKNPDCAD_00791	12.1631998233543	-0.63656648615874	0.523861096698937	-1.21514365195279	0.224311307158595	0.561081561160175
TH2_HKNPDCAD_00792	8.23446252805739	-0.320069487568244	0.626847712132427	-0.5106016682735	0.609630007465955	0.839646645482236
TH2_HKNPDCAD_00793	3.83161145079228	-0.0973472562374473	0.878095105779186	-0.110861859491934	0.911725890826735	0.972634113710269
TH2_HKNPDCAD_00794	1.96478335519711	2.26942296025163	1.49248217346365	1.52056955895487	0.128367890752569	0.426536473782288
TH2_HKNPDCAD_00795	3597.40038302337	0.231042022433483	0.31265192590341	0.738975209463001	0.45992205099173	0.755611593923438
TH2_HKNPDCAD_00796	1400.78696397442	0.0554286530428383	0.249995477637583	0.221718622939223	0.824532931902294	0.934777705366133
TH2_HKNPDCAD_00797	1835.90537980513	0.460191740494329	0.324251908988011	1.41924142229597	0.155828643425808	0.477167040741155
TH2_HKNPDCAD_00798	2234.37676561557	0.05098530504694	0.287515940046704	0.177330359626872	0.859248905140107	0.952206657294437
TH2_HKNPDCAD_00799	143.60520944329	-0.348265529194775	0.349283049479981	-0.997086831763749	0.318722364214003	0.647711713571564
TH2_HKNPDCAD_00800	215.416363601069	0.200999901533626	0.292341405878576	0.687551942666349	0.491734980214257	0.773575711626905
TH2_HKNPDCAD_00801	172.470054343728	-0.359604166260747	0.368841849264175	-0.974954894565633	0.329582634437209	0.657114190635991
TH2_HKNPDCAD_00802	741.877698794649	-0.257791758499898	0.486305184054664	-0.530102838613624	0.596040631077272	0.832414382655662
TH2_HKNPDCAD_00803	255.189991702849	0.584289237192853	0.249995098576863	2.33720277125037	0.0194286431522186	0.154404999687244
TH2_HKNPDCAD_00804	98.7516735691595	0.101770405909424	0.316290216115226	0.321762737903813	0.747632445100944	0.900372592203685
TH2_HKNPDCAD_00805	326.856610692197	0.248222131752055	0.244196311507384	1.01648599939868	0.309398011237864	0.640538855252541
TH2_HKNPDCAD_00806	158.034753632607	-0.275742555473902	0.324837449369593	-0.848863196066316	0.395957420191017	0.714926993976454
TH2_HKNPDCAD_00807	692.721699383571	-0.109146902822486	0.249076879198811	-0.438205678397655	0.661237192650786	0.864669950421783
TH2_HKNPDCAD_00808	644.882735269263	-0.00866977965369327	0.245420083879843	-0.0353262842903191	0.971819564574735	0.991172251923725
TH2_HKNPDCAD_00809	117.217669256521	-0.243618641005138	0.332851966950272	-0.731912877779493	0.464221745546184	0.757729918982086
TH2_HKNPDCAD_00810	29.8413339746515	0.895328165208787	0.438708333394117	2.04082780530285	0.0412679457661753	0.241483436070108
TH2_HKNPDCAD_00811	1231.94516443065	-0.447672706049064	0.377828206532087	-1.18485782244276	0.236073666036092	0.571543334024765
TH2_HKNPDCAD_00812	602.338812126531	-0.310428965981452	0.424239899985039	-0.73172977363138	0.464333519943108	0.757729918982086
TH2_HKNPDCAD_00813	176.458584869252	-0.796826066121757	0.51981658746083	-1.5328984979376	0.12530086604351	0.421175238910842
TH2_HKNPDCAD_00814	458.67318132753	0.580408198664141	0.27594739610313	2.10332913758398	0.0354370080992959	0.22071701520898
TH2_HKNPDCAD_00815	1928.97016421647	0.266211512791441	0.243872190579961	1.09160258149301	0.27500782097451	0.615827371015562
TH2_HKNPDCAD_00816	1680.58471162007	0.123078940895847	0.243034025332124	0.506426788297033	0.612557072887359	0.841137839705492
TH2_HKNPDCAD_00817	284.92936418851	-0.091275962183204	0.33116611074225	-0.275619875411241	0.782840042390208	0.914060966483782
TH2_HKNPDCAD_00818	423.819299962534	0.75090651802036	0.41134633025	1.82548490845655	0.0679278865329994	0.308140129529341
TH2_HKNPDCAD_00819	2.04792639137366	-0.831570288531511	1.32511758814879	-0.627544525835799	0.530302359014935	0.796104744804923
TH2_HKNPDCAD_00820	23.1952799914361	0.166136967282257	0.442813908331365	0.375184618541687	0.707523168717791	0.880427330190008
TH2_HKNPDCAD_00821	2.39873304340789	0.402325079124303	1.13454747008868	0.354612821174294	0.722879669715112	0.889669719314248
TH2_HKNPDCAD_00823	4.35737391974026	-0.37001224995073	0.938659554456759	-0.394192173503067	0.693439163522623	0.874704740934687
TH2_HKNPDCAD_00824	3.06462920629407	-1.30563626049828	1.14933259919486	-1.13599515180629	0.25595859335669	0.593148168872692
TH2_HKNPDCAD_00825	47.3964419060316	-0.363213051169699	0.385181194378675	-0.942966729607834	0.345697920856783	0.669381924343597
TH2_HKNPDCAD_00826	48.9113514614779	0.178264832089547	0.356516177548808	0.500018914471677	0.617061759255649	0.843707276058804
TH2_HKNPDCAD_00827	6.233197468749	-0.173862953836067	0.712378683733262	-0.244059736494259	0.807184555346109	0.924707166794345
TH2_HKNPDCAD_00828	25.8886476036764	-0.0124608674479482	0.453798912631255	-0.0274590068444556	0.9780936353075	0.993060200126977
TH2_HKNPDCAD_00829	49.2859563601106	-0.405064549923822	0.424518599256008	-0.954173858657121	0.339995644707901	0.664311882434727
TH2_HKNPDCAD_00830	46.4136482897292	-0.372843579397257	0.394978484056913	-0.943959214101227	0.345190490820501	0.66875125936533
TH2_HKNPDCAD_00831	557.505116080905	0.700713277602967	0.331663329212494	2.11272460921969	0.0346243456956051	0.217995298030536
TH2_HKNPDCAD_00832	450.940381635379	0.957487281228567	0.229648574045736	4.16935870473935	3.054579154738e-05	0.00121378083311527
TH2_HKNPDCAD_00833	180.476534415177	0.923907794837027	0.243122168356601	3.80017914895312	0.00014459151947589	0.00472086706263318
TH2_HKNPDCAD_00834	652.297362119636	0.525107203009741	0.232774318215266	2.25586399322683	0.0240791501301207	0.178109269216448
TH2_HKNPDCAD_00835	64.1863587467708	0.0912675354266541	0.383983806004246	0.237685897164228	0.812124722682914	0.928390693831144
TH2_HKNPDCAD_00836	244.748611016745	0.0633276780742182	0.29520206239523	0.214523155971154	0.830139111402233	0.937206185622186
TH2_HKNPDCAD_00837	200.273299395999	-0.333372170069347	0.410553018140368	-0.81200759789657	0.416787271785603	0.730660586584474
TH2_HKNPDCAD_00838	69.9254828490305	-0.236654270082856	0.33518854419411	-0.706033288374581	0.480167436345733	0.766533254035573
TH2_HKNPDCAD_00839	1980.47905251261	0.762057387281818	0.322335531011263	2.36417432757418	0.0180703072749301	0.148442940851429
TH2_HKNPDCAD_00840	787.616007365334	0.39035914730988	0.275244553700767	1.41822659907836	0.156124618517395	0.477787937026966
TH2_HKNPDCAD_00841	57.1261479573829	0.129850790330705	0.397405004557416	0.326746741590026	0.743859444221255	0.899722395252042
TH2_HKNPDCAD_00842	0.832527024868546	-0.756043383609094	1.922912090394	-0.393176259791565	0.694189302636654	0.875104320357525
TH2_HKNPDCAD_00843	322.187792716584	-0.528476589504945	0.307840913382416	-1.71671979431936	0.0860303816706716	0.348885867439765
TH2_HKNPDCAD_00844	36.3925230784027	-0.238897226279392	0.451088343773147	-0.529601860870815	0.596388003878421	0.832414382655662
TH2_HKNPDCAD_00845	54.4712276139527	-0.706765141104776	0.391841157702404	-1.80370317719802	0.071277851213155	0.315246130559649
TH2_HKNPDCAD_00846	694.552279854091	0.763676184375446	0.481773013137218	1.58513690794452	0.11293523151318	0.399796959072211
TH2_HKNPDCAD_00847	152.948473860046	0.21722760032599	0.292541705670604	0.742552586914166	0.457752602884553	0.755611593923438
TH2_HKNPDCAD_00848	205.871028586327	-0.946731188891315	0.283814506467288	-3.33573924982031	0.000850729163124633	0.0187341337807424
TH2_HKNPDCAD_00849	11.6245730176982	0.211556978807884	0.691500365132051	0.305939070281596	0.759651037498194	0.902845716410409
TH2_HKNPDCAD_00850	986.437791741023	0.341263295936211	0.246771093063928	1.38291439122412	0.166691117077902	0.493133532669832
TH2_HKNPDCAD_00851	1004.13605229389	-0.0677524106483408	0.280902087426523	-0.241195824741115	0.809403346765439	0.925703158304248
TH2_HKNPDCAD_00852	400.697275600547	0.276209297275431	0.318530177620768	0.867136983184925	0.385866959065787	0.705907934393728
TH2_HKNPDCAD_00853	327.115001589341	0.370497809591725	0.288161423381009	1.28573007880326	0.198537279962313	0.531781306146268
TH2_HKNPDCAD_00854	1204.48361241351	0.182042604698545	0.240754209028143	0.756134671262444	0.449568456323439	0.751399768825315
TH2_HKNPDCAD_00855	2291.50592375946	0.338207185721536	0.260226290301062	1.29966570760493	0.19371556850273	0.52585261355538
TH2_HKNPDCAD_00856	1231.22625056735	0.0320000270194156	0.21953489127915	0.145762829921764	0.884108619860903	0.96260424498874
TH2_HKNPDCAD_00857	437.070700521644	0.319298849294933	0.229857873952492	1.38911425484135	0.164798009754984	0.490581843166799
TH2_HKNPDCAD_00858	410.616008893759	0.449391734927726	0.358766352978385	1.25260279063795	0.210350298769282	0.546669046953358
TH2_HKNPDCAD_00859	208.246856666477	-0.0615594906511951	0.326735375651294	-0.188407791866694	0.850556992052923	0.950322993958414
TH2_HKNPDCAD_00860	40.6623714192159	0.519904491765226	0.419554324964421	1.23918277283714	0.215277818861304	0.550115105506309
TH2_HKNPDCAD_00861	3.71946373732655	-0.223753562181946	0.908221194497806	-0.246364611988238	0.805399997653132	0.924424627848176
TH2_HKNPDCAD_00862	3162.63865002696	0.0532352176385595	0.235266161351739	0.226276559844784	0.820986328161419	0.931881292771354
TH2_HKNPDCAD_00863	1252.01386766307	1.06843213444913	0.44844860012904	2.38250745824982	0.0171951836620676	0.14408258465946
TH2_HKNPDCAD_00864	353.571530156742	0.698626196026596	0.450450163214947	1.55095114416292	0.120913392517024	0.413201366694844
TH2_HKNPDCAD_00865	769.887937716139	0.038444616253663	0.351928322326511	0.109239904306409	0.913012210618965	0.972908975946839
TH2_HKNPDCAD_00866	10.9913866410631	1.09146140974939	0.872102995779748	1.25152810508754	0.210741866349153	0.546669046953358
TH2_HKNPDCAD_00867	47.8092129584156	0.590126583475635	0.541539488155061	1.08972031843163	0.275836363003058	0.616068990972665
TH2_HKNPDCAD_00868	872.969377236054	1.09865149064286	0.532124069750061	2.06465287533205	0.0389558564312368	0.231925342702114
TH2_HKNPDCAD_00869	158.038874537915	0.263622254396851	0.495415846740289	0.532123177188253	0.594640685839126	0.832414382655662
TH2_HKNPDCAD_00870	665.926908959891	0.89495047935942	0.556202045495826	1.6090384539338	0.107607933502558	0.391482091649477
TH2_HKNPDCAD_00871	759.073755546201	1.17241147991042	0.563570226380197	2.08032899012569	0.0374953675101734	0.227726604096148
TH2_HKNPDCAD_00872	2413.00284685442	1.03659456759275	0.526794233791818	1.96774091495161	0.0490978555829778	0.264815492379992
TH2_HKNPDCAD_00873	1647.98726064528	0.835121869202668	0.499575920256542	1.67166157402826	0.0945910754535633	0.365666555637229
TH2_HKNPDCAD_00874	3599.4354463996	0.673595902108204	0.431844920206417	1.5598097154558	0.118804854878135	0.409820784727671
TH2_HKNPDCAD_00875	2218.94855504954	-0.0629182787335579	0.421510755417403	-0.149268501277631	0.881341769124634	0.961429646421127
TH2_HKNPDCAD_00876	120.916727060096	0.141780713436152	0.352607375342575	0.40209230818954	0.68761609334051	0.873330700486242
TH2_HKNPDCAD_00877	9.91745949292313	0.0625038334738801	0.569000830703702	0.109848404608794	0.912529601967126	0.972846890622571
TH2_HKNPDCAD_00878	1971.73882641493	0.517834028275822	0.431799351142089	1.19924688841281	0.230431960157179	0.567251707510836
TH2_HKNPDCAD_00879	304.862895955887	0.94271384647253	0.392300602714367	2.40303950580193	0.0162594307885553	0.139100253521156
TH2_HKNPDCAD_00880	717.633462741305	1.25034451326477	0.633926537091921	1.97238077301608	0.048566155050238	0.263439270674625
TH2_HKNPDCAD_00881	66.7717212940692	-0.31468204391569	0.315857892659802	-0.996277285540624	0.319115437061184	0.647711713571564
TH2_HKNPDCAD_00882	4.36531321802544	-0.411860133760656	1.0160510636611	-0.405353774520561	0.685217484262876	0.873330700486242
TH2_HKNPDCAD_00883	2.15778973766544	0.881384656302866	1.26120120758525	0.698845395169261	0.484648655552818	0.768184603699365
TH2_HKNPDCAD_00884	16.6509893966478	-0.740573843374463	0.475806295586723	-1.55646079138413	0.119598559184039	0.41115237501723
TH2_HKNPDCAD_00885	31.9086610660722	0.0873628076570385	0.356750304958183	0.24488502586502	0.806545456375884	0.924707166794345
TH2_HKNPDCAD_00886	604.650761669347	0.261053707066768	0.231770525240926	1.12634558167136	0.260019271139971	0.598768546210013
TH2_HKNPDCAD_00887	34.3390720261321	-0.0987991240856491	0.389548826993015	-0.253624493874861	0.799785671852119	0.921937710842792
TH2_HKNPDCAD_00888	50.2286713067654	0.360582721759022	0.389948762833452	0.924692565092269	0.355125847920108	0.677474914938025
TH2_HKNPDCAD_00889	2.33642987546602	0.570091168944018	1.14226456913925	0.499088551239587	0.617717002633801	0.844027681683587
TH2_HKNPDCAD_00890	8.65763157186818	0.343677237238266	0.657825872469183	0.522444086834493	0.601361166910513	0.834934274535019
TH2_HKNPDCAD_00891	15.7129682105126	-0.361770766998086	0.561048382358173	-0.644812066790938	0.519048981205969	0.79185865406601
TH2_HKNPDCAD_00892	6.04008320573687	0.192496615597767	0.747342245537627	0.257574915304417	0.796734991294576	0.92085663389162
TH2_HKNPDCAD_00893	0.479656184582862	2.25491580016875	2.70469260425191	0.833705019425835	0.404447228937192	NA
TH2_HKNPDCAD_00894	44.9914543598874	0.206175727834645	0.367152361939796	0.561553592479552	0.574420206618027	0.823926844693718
TH2_HKNPDCAD_00895	8.28191247525013	-0.313586290320811	0.67754306695762	-0.462828572254323	0.643487249245384	0.854759170674226
TH2_HKNPDCAD_00896	122.878854976978	-0.242853878931769	0.299927636598182	-0.809708240581792	0.41810788072089	0.731361737276818
TH2_HKNPDCAD_00897	444.270333622731	0.344712545779433	0.320904573247043	1.07419019396169	0.282737446485366	0.619310260361235
TH2_HKNPDCAD_00898	696.706780067958	0.300058953853197	0.285096773017693	1.05248105994723	0.292578895716461	0.625942996428454
TH2_HKNPDCAD_00899	134.17473522405	-0.401922394307108	0.326579556139962	-1.23070286167839	0.218434017411058	0.552116752095208
TH2_HKNPDCAD_00900	396.532972778016	0.451424497467177	0.322046177428767	1.40173841239593	0.160993375534357	0.485156991763149
TH2_HKNPDCAD_00901	173.681591622194	-0.14748257345929	0.285282047541178	-0.516971098358377	0.605176334344314	0.837735319970012
TH2_HKNPDCAD_00902	110.688552315386	-0.679871428927142	0.380168054235482	-1.78834444754797	0.0737204529938712	0.320245783237615
TH2_HKNPDCAD_00903	235.553725368549	-0.665158190000955	0.234995473648959	-2.83051490172352	0.00464731462643251	0.0645586308268104
TH2_HKNPDCAD_00904	301.177646421735	0.122019809224803	0.292575110124589	0.417054646831861	0.676638437122309	0.869307804925735
TH2_HKNPDCAD_00905	42.2484585962562	-0.42423934739966	0.36501306418725	-1.16225798203767	0.24513068872565	0.581531077886525
TH2_HKNPDCAD_00906	135.106863802984	0.0885530921903089	0.296280220241765	0.298882902537501	0.765029392963465	0.904418822524637
TH2_HKNPDCAD_00907	384.78782365	-0.0652515105266126	0.22395861485187	-0.291355215648976	0.770779662162241	0.908070914328579
TH2_HKNPDCAD_00908	63.7699616729975	-0.134433351084927	0.347466964242358	-0.38689534522528	0.698833687304267	0.875634681281269
TH2_HKNPDCAD_00909	31.3371463251688	-0.00912173023529384	0.388809676166124	-0.0234606564456911	0.9812828214481	0.993809825424043
TH2_HKNPDCAD_00910	45.3389491038784	0.468645294285099	0.504226190129504	0.929434653453312	0.352663875885175	0.67453545812963
TH2_HKNPDCAD_00911	347.876881124647	-0.179518591734835	0.270012648778366	-0.664852526528077	0.506144822529344	0.782654105666792
TH2_HKNPDCAD_00912	104.994453792363	0.569595779548163	0.272254110159801	2.09214758673005	0.0364253154151704	0.224688528060365
TH2_HKNPDCAD_00913	331.954324249572	0.45810940383067	0.308214309127754	1.48633398990176	0.137190800410254	0.441938325047885
TH2_HKNPDCAD_00914	38.8332784481127	-0.602091579381347	0.42608779622146	-1.41306928928893	0.157635352016772	0.479590795059696
TH2_HKNPDCAD_00915	614.368239067035	0.120300304051929	0.240507625164127	0.500193305596167	0.616938971634671	0.843707276058804
TH2_HKNPDCAD_00916	1112.67827841006	0.923695033288656	0.440145524098021	2.09861280580226	0.035851046577154	0.222691140899716
TH2_HKNPDCAD_00917	1581.60634507323	0.440634427451958	0.296458157340115	1.48632923919322	0.137192056384529	0.441938325047885
TH2_HKNPDCAD_00918	493.887978283305	-0.0986603380586289	0.225874799088902	-0.436792145279551	0.662262095942757	0.865346801886967
TH2_HKNPDCAD_00919	1746.37091521665	0.293721675736503	0.21108418020704	1.39149070976521	0.16407667487232	0.489555899531731
TH2_HKNPDCAD_00920	4292.90642790774	-0.433067829165632	0.255852424935951	-1.69264695956681	0.0905226868556571	0.355298080261944
TH2_HKNPDCAD_00921	5567.44260480957	0.3727755417831	0.231210401994946	1.61227842072282	0.106901366947059	0.390296586161413
TH2_HKNPDCAD_00922	518.029673725138	-0.372372927658093	0.244747368371562	-1.5214583516697	0.128144855240414	0.426536473782288
TH2_HKNPDCAD_00923	108.35191358741	0.226852767623074	0.271634182411026	0.83514072348895	0.403638480024607	0.720923640629315
TH2_HKNPDCAD_00924	754.164539467923	0.60638542043813	0.265665162175492	2.282517645417	0.0224587969201964	0.168322259051559
TH2_HKNPDCAD_00925	333.609591303658	0.242955666607922	0.235869822494836	1.03004133397879	0.302990602682246	0.634016685103885
TH2_HKNPDCAD_00926	99.1011933767271	-0.0846478590747705	0.283319069691397	-0.298772190544648	0.765113871024335	0.904418822524637
TH2_HKNPDCAD_00927	15350.3317747871	-1.26428527112353	0.424235413686547	-2.98015024284999	0.002881070378672	0.0458644930468096
TH2_HKNPDCAD_00928	308.776740432327	-0.015920155999173	0.268892549100801	-0.0592063857939214	0.952787723439268	0.987495207402243
TH2_HKNPDCAD_00929	441.190086660195	-0.599276260923934	0.285970925122876	-2.09558457967864	0.0361190583133693	0.223606633954506
TH2_HKNPDCAD_00930	1060.00646283805	-0.0772450874485204	0.280213280367426	-0.275665333731626	0.782805123948854	0.914060966483782
TH2_HKNPDCAD_00931	87.3840174270355	0.144789452123427	0.290648514633522	0.498159958966217	0.618371302201581	0.844371682228371
TH2_HKNPDCAD_00932	1821.29206952556	0.973650437052754	0.434603894414652	2.24031687144479	0.0250703587086951	0.183586655343958
TH2_HKNPDCAD_00933	1050.5990896227	0.605596452356694	0.321323000398795	1.88469686765369	0.0594707755143965	0.28894218935339
TH2_HKNPDCAD_00934	45.0794481358799	-0.260705573656887	0.356144996705149	-0.732020879329448	0.464155823925564	0.757729918982086
TH2_HKNPDCAD_00935	1046.83311416877	0.95635829398107	0.518225073549065	1.84544967581643	0.0649721526078453	0.303045727268258
TH2_HKNPDCAD_00940	2086.66010072975	-0.268381319046486	0.254180480978165	-1.05586911321307	0.291028017064465	0.62469697707948
TH2_HKNPDCAD_00941	2455.32999260767	0.696594830202105	0.245229347789843	2.84058509505589	0.00450308571750764	0.0630678070708856
TH2_HKNPDCAD_00942	5741.72032075791	0.0222194496146215	0.268133889333916	0.0828669948055349	0.933957298078648	0.979811237366219
TH2_HKNPDCAD_00943	19.7887653223179	-0.283065956788478	0.443394678918743	-0.638406300857645	0.523209230425071	0.793482400934589
TH2_HKNPDCAD_00944	100.657272785757	0.30478485301063	0.27672023570703	1.10141873879188	0.270714453527051	0.611852861013961
TH2_HKNPDCAD_00945	497.721790609126	0.0706130642025531	0.204561644902713	0.345192102048924	0.729949955927972	0.891814936187898
TH2_HKNPDCAD_00946	1580.44264479904	0.32320629228858	0.347481821116043	0.930138708409277	0.352299271305094	0.674089609820796
TH2_HKNPDCAD_00947	13892.7842795256	-0.910358428391226	0.304597021748078	-2.9887305633085	0.00280139049258594	0.0452666689721635
TH2_HKNPDCAD_00948	2840.95541284894	0.025656955433237	0.279567753937832	0.091773657983969	0.926877873601533	0.97700398164068
TH2_HKNPDCAD_00949	271.417441193953	0.339800679589306	0.231068159712356	1.47056470269337	0.14140887556525	0.449945311078506
TH2_HKNPDCAD_00950	513.782247710741	0.17263060354779	0.204806492363506	0.842896148240227	0.399286527920629	0.7169412747652
TH2_HKNPDCAD_00951	56.1744684691967	-0.151840892930721	0.328381901617782	-0.462391173760408	0.64380082762977	0.854802265346387
TH2_HKNPDCAD_00952	290.964200367581	-0.0139670924829761	0.261637247649912	-0.0533834253663493	0.957426411022552	0.988092167147834
TH2_HKNPDCAD_00953	93.4193600385776	-0.0906661088567101	0.287530741337924	-0.315326661889533	0.752513643549668	0.900372592203685
TH2_HKNPDCAD_00954	113.039140158277	-0.556198533763542	0.303040746397388	-1.83539190810393	0.0664476418227436	0.30602930097339
TH2_HKNPDCAD_00955	590.107555694077	0.591508126196112	0.314713227056973	1.87951466713864	0.0601742527288495	0.290445592738308
TH2_HKNPDCAD_00956	1189.68230613491	0.405598551074203	0.264339974872309	1.53438219576941	0.124935655068534	0.420499125332438
TH2_HKNPDCAD_00957	774.902323524818	0.290260741946712	0.263392853584478	1.10200689956691	0.270458672064011	0.611852861013961
TH2_HKNPDCAD_00958	217.792046794849	-0.0769681132326531	0.277276309409721	-0.277586330388292	0.78132992667881	0.914060966483782
TH2_HKNPDCAD_00959	2712.53269469298	0.368800853767631	0.30561591356103	1.2067462373617	0.227529886487143	0.563711067246541
TH2_HKNPDCAD_00960	175.843288759326	0.618989040651041	0.284519366880755	2.17556030521629	0.0295881542155872	0.201660455561381
TH2_HKNPDCAD_00961	122.981438685794	0.488915560472818	0.283920640233733	1.72201485622999	0.0850668273321081	0.347461763407173
TH2_HKNPDCAD_00962	50.6602909274855	0.052359657393212	0.362838673869152	0.144305613386995	0.885259145863132	0.96324312920705
TH2_HKNPDCAD_00963	1897.38716075262	0.133237539887147	0.41934748194533	0.317725861304962	0.75069289246616	0.900372592203685
TH2_HKNPDCAD_00964	296.948675146868	-0.364603361880481	0.232629267525014	-1.56731509220471	0.117041059404012	0.40629606443282
TH2_HKNPDCAD_00965	365.801515366519	0.323757640512327	0.455798142730004	0.71030925789469	0.477512380054216	0.765632924666221
TH2_HKNPDCAD_00966	706.875948695382	-0.636566941133709	0.336411109803184	-1.89222924744111	0.0584604431130315	0.287038535821264
TH2_HKNPDCAD_00967	68.2150810123664	-0.123610000225569	0.296167856853624	-0.417364671300781	0.676411691695446	0.869307804925735
TH2_HKNPDCAD_00968	406.642325904464	0.493518438584169	0.338142570895899	1.45949809654728	0.144428064149043	0.455873310854677
TH2_HKNPDCAD_00969	813.759210875536	-0.423400800434347	0.359554069555975	-1.17757198787158	0.238967282781904	0.574822286034743
TH2_HKNPDCAD_00970	689752.241382685	-0.587067532222732	0.331921749995373	-1.76869256754315	0.0769451932998887	0.327592243235241
TH2_HKNPDCAD_00972	203.172340263892	-0.00764744719639888	0.275496253325863	-0.0277588065321285	0.977854520916316	0.993060200126977
TH2_HKNPDCAD_00973	37.3484400611169	-0.0379028368547676	0.366431884773297	-0.103437605813744	0.917615667080047	0.974280352729459
TH2_HKNPDCAD_00974	1.06252377102977	-1.26875514007002	1.80008472726998	-0.704830789822997	0.480915545004884	0.767082025120955
TH2_HKNPDCAD_00975	12.6524571627049	0.618353128563858	0.589737583751431	1.04852250492566	0.294397939160365	0.627999931808586
TH2_HKNPDCAD_00976	7.29654706110742	1.33451142528095	0.837817465051044	1.59284269062074	0.111195485430803	0.397329811755286
TH2_HKNPDCAD_00977	4.90318146310417	-1.19408790035222	0.872548393562821	-1.36850621600078	0.171153677636	0.498882023914876
TH2_HKNPDCAD_00978	166.158773155046	0.808043066438373	0.43019095253651	1.87833579872834	0.0603352422153192	0.290825567517334
TH2_HKNPDCAD_00979	234.451929307442	0.905441597189204	0.371614897798164	2.43650510933224	0.0148299599487412	0.132667320588564
TH2_HKNPDCAD_00980	536.09108746687	0.202615064514786	0.254385741530701	0.796487504746148	0.425748735345793	0.737969853142667
TH2_HKNPDCAD_00981	19.2001571613033	-0.218417478024733	0.440093042299137	-0.496298411998686	0.619683886515033	0.845735719603216
TH2_HKNPDCAD_00982	129.662632144291	-1.15906714380655	0.483263289078168	-2.39841752932958	0.0164660839584588	0.139975367116186
TH2_HKNPDCAD_00983	10.925497646927	-0.718471962584141	0.579637067177161	-1.23952038830627	0.215152843068334	0.550115105506309
TH2_HKNPDCAD_00984	0.822635877573684	-0.779321630342742	1.92657920290544	-0.404510559009181	0.685837314832699	0.873330700486242
TH2_HKNPDCAD_00985	1.83799280935994	0.0745360194215202	1.36532759200072	0.0545920406635133	0.956463479934303	0.988092167147834
TH2_HKNPDCAD_00986	1.90023985758644	-0.632850788356221	1.42876329092518	-0.442936063920304	0.657811981037375	0.862995727522965
TH2_HKNPDCAD_00987	12.5033775778676	-0.621457655636241	0.641580575801373	-0.96863539682448	0.332727135980769	0.658517103875453
TH2_HKNPDCAD_00988	7.90785733752519	0.146132167875005	0.629544147506185	0.232123781078545	0.816441874635139	0.93060580783074
TH2_HKNPDCAD_00989	1.08409173492653	-3.67791836332509	1.93095278131922	-1.90471688324369	0.0568168831521221	0.282620549127277
TH2_HKNPDCAD_00990	10.0537819760132	-1.51853271551175	0.721405192975453	-2.10496504640967	0.0352943507889954	0.220095915017506
TH2_HKNPDCAD_00991	9.78960951746691	-0.56253797654894	0.61217661989564	-0.918914506478273	0.358140291629058	0.681197452649554
TH2_HKNPDCAD_00992	1.31564494185441	-0.861881566663358	1.67619077588134	-0.514190615450787	0.607118728321627	0.838521004669418
TH2_HKNPDCAD_00993	0.153888960445226	0.726546439555219	4.0804728567969	0.178054471884306	0.858680196776375	NA
TH2_HKNPDCAD_00994	0.87588821522864	-2.13923377639076	2.06378477696654	-1.03655855991685	0.299941634621049	0.632815529178896
TH2_HKNPDCAD_00995	2.46372072694145	1.2177114490224	1.15384604238513	1.05535002443242	0.291265270234092	0.62469697707948
TH2_HKNPDCAD_00996	1.65437646675823	-0.157550184154532	1.43680545520358	-0.109653108278468	0.912684490246575	0.972846890622571
TH2_HKNPDCAD_00997	270.236613848319	0.347860734646522	0.40400574022946	0.861029188468832	0.389221967356927	0.708505612454405
TH2_HKNPDCAD_00998	63.1934997605861	-0.344291307598574	0.363961132547632	-0.945956248648379	0.344170902002584	0.668497866229344
TH2_HKNPDCAD_00999	54.6289136533951	-0.381853488732566	0.437085205735124	-0.873636269821431	0.38231636758638	0.703934518767163
TH2_HKNPDCAD_01000	82.1610647612603	-1.13746967895316	0.402791717808401	-2.82396491452743	0.00474335769994441	0.0653614289513846
TH2_HKNPDCAD_01001	15.313046976718	-0.155317239366483	0.515377534554504	-0.301365948169898	0.763135457419404	0.90384296551106
TH2_HKNPDCAD_01002	1.81541828980464	0.576401729243017	1.46163641313515	0.394353701141489	0.693319921010586	0.874704740934687
TH2_HKNPDCAD_01004	1.09000883332879	1.20382525072122	1.92844396709905	0.624246942747384	0.532465422375279	0.798308790610027
TH2_HKNPDCAD_01005	9.95221187756062	0.0666968915728722	0.575990802544327	0.115795063529229	0.907814962930859	0.970326827953643
TH2_HKNPDCAD_01006	839.73313365176	1.46299344825379	0.626868780497557	2.33381130751572	0.0196056044591972	0.154851045389591
TH2_HKNPDCAD_01007	662.550329372825	1.10869034718074	0.590792611147828	1.87661512053562	0.0605708634783512	0.290892871667314
TH2_HKNPDCAD_01008	1397.63498738059	0.486828827144384	0.452741013199716	1.07529208300294	0.282243979630142	0.619222836315412
TH2_HKNPDCAD_01009	1030.27387181023	0.392470857642527	0.421114301806817	0.931981782519868	0.351345940267558	0.673270762546356
TH2_HKNPDCAD_01010	208.456336831028	1.43450215001881	0.535315779624391	2.67973073953722	0.00736814023602446	0.089078035023258
TH2_HKNPDCAD_01011	184.446608158938	0.114268032364327	0.374216047655742	0.305353105726366	0.760097233432716	0.90289249972141
TH2_HKNPDCAD_01012	4639.21819977596	-0.28514108937058	0.224260728466044	-1.27147134195524	0.20356101640282	0.538735923817397
TH2_HKNPDCAD_01013	219.944210594101	0.640682722074858	0.333372235423463	1.92182387732751	0.0546279228004892	0.277789286495447
TH2_HKNPDCAD_01014	80.1613780204384	-0.766678691810558	0.322024647890345	-2.38080748425079	0.0172747372844783	0.144285725719517
TH2_HKNPDCAD_01015	640.163851086283	0.242659347686096	0.298003214687373	0.814284328914584	0.415482085151228	0.730154838613559
TH2_HKNPDCAD_01016	42.3156713748449	-0.690684685394192	0.349982166963127	-1.97348536751863	0.0484402900475799	0.263034880067685
TH2_HKNPDCAD_01017	1284.43752114344	-1.08194824378237	0.470309107972712	-2.30050455209373	0.0214196516917217	0.165037548646813
TH2_HKNPDCAD_01018	211.259027198917	-0.165426768880372	0.227964249145313	-0.725669790331564	0.468041225688504	0.759474302905752
TH2_HKNPDCAD_01019	692.779880784306	-0.334269833456212	0.393122110932542	-0.850295173332468	0.395160999382676	0.713991992539865
TH2_HKNPDCAD_01020	115.516797474933	0.160757743726163	0.448700731239876	0.358273861693846	0.720138376914998	0.888613177439758
TH2_HKNPDCAD_01021	68.3250482815774	0.445873307794939	0.484840800637513	0.919628272225983	0.357767047194892	0.680992901567404
TH2_HKNPDCAD_01022	797.905586961267	0.509829261197685	0.521550718018883	0.977525758442588	0.32830893191836	0.655084307128654
TH2_HKNPDCAD_01023	229.44426237478	0.997962732561484	0.397813881261209	2.50861716890721	0.012120476373281	0.11834202264655
TH2_HKNPDCAD_01024	1505.12258191906	1.6348131836477	0.636195484395098	2.56967115257364	0.0101795093872451	0.107366594895099
TH2_HKNPDCAD_01025	1186.09686104144	2.02751651434023	0.707100403618897	2.86736721399609	0.00413902452273632	0.0589667659710283
TH2_HKNPDCAD_01026	735.384379182684	1.38009489680071	0.662616177885143	2.0827968631939	0.0372697436365145	0.227163740643012
TH2_HKNPDCAD_01027	88.9914317656487	0.883849924474491	0.346051801361104	2.55409716406069	0.010646354270917	0.109365154294029
TH2_HKNPDCAD_01028	614.603123978993	-0.216438583934174	0.379458803616414	-0.570387567428708	0.568414860056363	0.822337514575693
TH2_HKNPDCAD_01029	48.3931166189442	-0.102617002238433	0.371905473676819	-0.275922269236632	0.782607769245483	0.914060966483782
TH2_HKNPDCAD_01030	350.501225746691	-0.315600067701494	0.298488237108964	-1.057328324755	0.290361770539096	0.62469697707948
TH2_HKNPDCAD_01031	111.801541453638	-0.758204854415642	0.422218526976174	-1.79576405575028	0.0725320495620668	0.317017268057477
TH2_HKNPDCAD_01032	319.708030222891	0.337044389740721	0.326482205595177	1.03235148490341	0.301907490549407	0.633500567822598
TH2_HKNPDCAD_01033	1699.07826424401	-0.258435715367098	0.20081912799895	-1.28690786551194	0.198126403446297	0.531781306146268
TH2_HKNPDCAD_01034	1493.17172664933	0.681534617073076	0.240083568614738	2.83873911490684	0.00452921704486797	0.0632609443378561
TH2_HKNPDCAD_01035	151.289980391541	0.36718647974794	0.314123988596699	1.16892212335737	0.242435009143795	0.579385099711286
TH2_HKNPDCAD_01036	298.989013517654	0.377893068081745	0.262722892213586	1.4383713002616	0.150328731257622	0.468027053447955
TH2_HKNPDCAD_01043	5093.70583562893	0.170357964500633	0.452017627492135	0.37688345351885	0.706260218464875	0.87999267862201
TH2_HKNPDCAD_01044	2224.93869928114	0.467740891961135	0.378534736954905	1.23566174064722	0.216584324580446	0.550955277855921
TH2_HKNPDCAD_01045	369.232406972051	0.410649037147845	0.378445142023871	1.08509527946839	0.277879457859596	0.617881719894735
TH2_HKNPDCAD_01046	41.0821950584623	0.698259844969495	0.393738882233076	1.77340840967836	0.0761610564979421	0.325877775966988
TH2_HKNPDCAD_01047	4609.12986218149	0.45230573296102	0.207136357331428	2.1836134360387	0.0289906654174643	0.199203955670137
TH2_HKNPDCAD_01048	58.8728004975984	0.610592216206686	0.387727160742157	1.57479866780015	0.115302924034554	0.404512499668591
TH2_HKNPDCAD_01049	29.2813863588866	-0.132632433583953	0.41116343087538	-0.322578380333033	0.747014569127329	0.900372592203685
TH2_HKNPDCAD_01050	60.3317496201258	0.05476215335339	0.313382228552474	0.174745561056027	0.861279565983063	0.953712505848101
TH2_HKNPDCAD_01051	77.5828323775903	-0.417941927249216	0.465223228436627	-0.898368571693424	0.368989086018599	0.690810100413199
TH2_HKNPDCAD_01052	58.9414489223465	-0.280280555486699	0.306786766932942	-0.913600538539405	0.360926783327323	0.683706833457449
TH2_HKNPDCAD_01053	12.3278159253852	0.199546893542395	0.603599866026507	0.330594661751684	0.740950679005723	0.89874897789478
TH2_HKNPDCAD_01054	99.1509923307893	-1.07732117936913	0.397232012318595	-2.71207039201332	0.00668643919149576	0.0840065865088414
TH2_HKNPDCAD_01055	19.4319854826618	0.141776129186148	0.561146971728545	0.252654182111014	0.800535456683821	0.921937710842792
TH2_HKNPDCAD_01056	77.9786653871253	-0.116636473744553	0.288913365080254	-0.403707435660355	0.686427871086711	0.873330700486242
TH2_HKNPDCAD_01057	2.55731236767434	1.34696842375265	1.18340150598174	1.13821760150222	0.255029630658953	0.591744280588972
TH2_HKNPDCAD_01058	148.10029655584	-0.117228055880263	0.340959819094624	-0.343817802905771	0.730983310766369	0.891814936187898
TH2_HKNPDCAD_01059	240.076198670659	-0.244699158097296	0.363189428378563	-0.673750772949918	0.500469776336593	0.7791262672719
TH2_HKNPDCAD_01060	0.156681185410804	-1.19700691208727	4.0804728567969	-0.293350048902641	0.76925460189368	NA
TH2_HKNPDCAD_01061	52.0362250282714	-0.451147031644836	0.378951526024172	-1.19051382739664	0.233844498553111	0.569718108166942
TH2_HKNPDCAD_01062	47.8843653141514	0.0226597537603301	0.364075534163217	0.0622391554335306	0.950372381389511	0.986954786669901
TH2_HKNPDCAD_01063	166.402293473422	-0.158946645415951	0.452907653011192	-0.350947139795899	0.725628005427207	0.890701426202074
TH2_HKNPDCAD_01064	11.1295091182532	-0.473362064073903	0.606000976534169	-0.78112425953692	0.434729414904897	0.744544931774976
TH2_HKNPDCAD_01065	69.534186669395	0.0536460090607868	0.346141953094583	0.154982684361662	0.876834968233888	0.960239667369728
TH2_HKNPDCAD_01066	105.310553819279	-0.45223714808327	0.28918263799946	-1.5638461257972	0.117853709000959	0.407362179594683
TH2_HKNPDCAD_01067	117.772511674048	-0.183210185966503	0.266998744402978	-0.686183698639369	0.492597276015935	0.773976296244495
TH2_HKNPDCAD_01068	301.382845980641	0.436865737134958	0.332199329448163	1.31507109861017	0.18848600871973	0.521413535184748
TH2_HKNPDCAD_01069	13.8234530668656	-0.348956355605352	0.552636836327918	-0.631438826850644	0.527753635664945	0.796104744804923
TH2_HKNPDCAD_01070	21.3573208165013	-0.251071966762745	0.478460148480762	-0.524750008041351	0.599756988382491	0.833961065881145
TH2_HKNPDCAD_01071	7.7400049016387	0.172960385303757	0.689615992511435	0.250806807240464	0.801963478349251	0.922545958262626
TH2_HKNPDCAD_01072	26.3955888063125	0.311942092579804	0.444479852497374	0.70181379611947	0.482795293906558	0.767272556482272
TH2_HKNPDCAD_01073	3.60184683545693	0.551103682007311	0.908195707191698	0.606811590985628	0.543975954997138	0.807535692243072
TH2_HKNPDCAD_01074	87.6350737415314	0.0782383075452622	0.433566424877576	0.180452874244942	0.856797047903019	0.95203941897755
TH2_HKNPDCAD_01075	3.03630617760049	-0.562623048904893	1.01020426658803	-0.55693988583631	0.57756850200136	0.823926844693718
TH2_HKNPDCAD_01076	2.92063820245505	-1.9427676486178	1.18487649261514	-1.63963726238666	0.101080610583849	0.378480065633899
TH2_HKNPDCAD_01077	6.67485451367388	0.515567577765432	0.750391727079095	0.687064581285141	0.492042032554488	0.773575711626905
TH2_HKNPDCAD_01078	239.311254246451	-0.511516376573839	0.579565092063193	-0.882586587043902	0.377459678157186	0.700325776660948
TH2_HKNPDCAD_01079	3.94504391539159	1.33688283815969	0.962005737995918	1.38968281098273	0.164625216714583	0.490581843166799
TH2_HKNPDCAD_01080	470.333373736106	-0.0313772590171166	0.558423639695251	-0.0561889876908508	0.955191253853678	0.988092167147834
TH2_HKNPDCAD_01081	573.847888504238	-0.235949928894124	0.418663772480461	-0.563578566868083	0.573040976736666	0.823926844693718
TH2_HKNPDCAD_01082	373.763381656944	-0.231632277256902	0.242014529320066	-0.957100707580108	0.338516426516198	0.663823719327479
TH2_HKNPDCAD_01083	27.197429770098	-1.02386087930803	0.524265729534826	-1.95294260453851	0.0508263965707333	0.269604971542974
TH2_HKNPDCAD_01084	0.316772572514044	1.65838199674257	3.09492132427816	0.535839791381244	0.592069278854865	NA
TH2_HKNPDCAD_01085	0.482448409548439	0.723787939018353	2.79694106720404	0.258778401699356	0.795806223319302	NA
TH2_HKNPDCAD_01086	338.592985425667	0.636063341941282	0.357881055864785	1.7773037480408	0.0755182773268156	0.324567029431055
TH2_HKNPDCAD_01087	21.7201662091468	-0.450721002743564	0.518107035492363	-0.869938008688183	0.38433428268237	0.704360934225895
TH2_HKNPDCAD_01088	9.0601715591024	-0.367642799391159	0.635514015024137	-0.578496761203914	0.562928783411241	0.817450648181198
TH2_HKNPDCAD_01089	145.146858023896	-0.0324052162953259	0.403196065125492	-0.0803708644459117	0.935942298727852	0.979869463678053
TH2_HKNPDCAD_01090	36.3692533312025	-0.532919321111139	0.355410927657469	-1.49944551402411	0.13375809365896	0.434850287517179
TH2_HKNPDCAD_01091	56.3674256207191	-0.69244231901485	0.360382243320165	-1.92141075718784	0.054679943440091	0.277789286495447
TH2_HKNPDCAD_01092	13.5285297102234	-1.01932982201536	0.514610920391251	-1.98077767420944	0.0476162115733679	0.260491676120687
TH2_HKNPDCAD_01093	41.4584594089024	-0.013123677239943	0.394226507369634	-0.033289687513676	0.973443577375297	0.991627936730082
TH2_HKNPDCAD_01094	62.7131757885591	-0.327520862312131	0.374877459832481	-0.873674460071534	0.382295563445469	0.703934518767163
TH2_HKNPDCAD_01095	8752.99313711864	1.31505728583141	0.352980248910871	3.72558320157871	0.000194864162943377	0.00612805950458744
TH2_HKNPDCAD_01096	829.787511221499	0.129701428865082	0.220249930977602	0.58888294897251	0.555939796688382	0.813377312100043
TH2_HKNPDCAD_01097	843.67380972356	0.525080437236877	0.258837767956386	2.0286082722107	0.0424982053355422	0.24587562138825
TH2_HKNPDCAD_01098	463.876435979107	0.454319447976689	0.239154434152405	1.89969067304504	0.0574737250428806	0.284098664001742
TH2_HKNPDCAD_01099	501.822875097031	0.0393189303929036	0.225977249174611	0.173995083737488	0.861869325908913	0.953993125590388
TH2_HKNPDCAD_01100	111.823510100412	0.22560766226316	0.269568239498654	0.836922267559218	0.402636262850025	0.719635105777276
TH2_HKNPDCAD_01101	108.680830813167	0.204778705695375	0.310295945092212	0.65994644446456	0.50928819801569	0.784435919212063
TH2_HKNPDCAD_01102	4.63692753255621	-0.427754632048173	0.830961078867422	-0.514770959707512	0.606713080694129	0.838521004669418
TH2_HKNPDCAD_01103	346.718887844546	-0.669803591864104	0.329735111270634	-2.03133839548666	0.0422206790110603	0.244905955230286
TH2_HKNPDCAD_01104	66.0015452805697	0.370550617896001	0.355074862229573	1.04358448685794	0.29667767330922	0.630501556128965
TH2_HKNPDCAD_01105	5.27768269180869	1.89355927686229	1.15739429331951	1.63605375263377	0.101828338057408	0.379691043942194
TH2_HKNPDCAD_01106	0.748766011965138	2.91801606952113	2.07437497214394	1.40669652724611	0.159517395957194	0.48325107742122
TH2_HKNPDCAD_01107	231.267385065519	1.4031248943498	0.593824996914844	2.36285926264403	0.0181345548818938	0.14873236531934
TH2_HKNPDCAD_01108	102.397565127349	1.94812954453505	1.26355352717646	1.54178632138232	0.123125527117837	0.417773781698418
TH2_HKNPDCAD_01109	177.543097111402	-0.175565349274026	0.325887933236321	-0.538729211390326	0.590073714539315	0.830083262724363
TH2_HKNPDCAD_01110	21.259086596306	-0.873312905361106	0.512307331423302	-1.70466603110061	0.0882567286146612	0.352914562759175
TH2_HKNPDCAD_01111	16.6925577259722	-0.225344578014792	0.463811894254146	-0.485853383249621	0.627071122002241	0.849238195874105
TH2_HKNPDCAD_01112	26.2734657604968	-0.873259782107055	0.415835324001505	-2.10001347096692	0.0357276561392614	0.222257239526522
TH2_HKNPDCAD_01113	8.84984991088116	0.329958629074303	0.624095040632715	0.528699328774968	0.597014042897377	0.832506524453741
TH2_HKNPDCAD_01114	47.2009857319396	0.0167194308510543	0.390139166544244	0.0428550432379062	0.96581708610009	0.990384973702169
TH2_HKNPDCAD_01115	5.38037713909574	-2.59161220327691	0.970114620951944	-2.67144948370517	0.00755244393400059	0.0902579601145832
TH2_HKNPDCAD_01116	1.80882487465361	-0.991538634712744	1.32656853502698	-0.747446218217875	0.454794255565553	0.754077980458161
TH2_HKNPDCAD_01117	32.8592138775888	0.201386795807662	0.377550502590207	0.533403596144187	0.593754228680406	0.83239506398856
TH2_HKNPDCAD_01118	80.4418599607679	1.84914568270533	0.673852283663075	2.74414100469222	0.0060669472083645	0.0785332610860516
TH2_HKNPDCAD_01119	202.856735309085	2.41843112870345	0.791021964575429	3.05735015841376	0.00223303253951579	0.0381550826585264
TH2_HKNPDCAD_01120	309.03926617815	2.33594760748944	0.762479525330939	3.06362011029158	0.00218676402574328	0.0376152764965102
TH2_HKNPDCAD_01121	35.9345824959551	0.468639532509597	0.468250778501373	1.00083022607985	0.316908893835235	0.647711713571564
TH2_HKNPDCAD_01122	205.47907234949	0.480835076878808	0.344602762156915	1.39533146475436	0.162915907915773	0.487796112135661
TH2_HKNPDCAD_01123	2.87772486314536	1.54435133242546	1.11957103715853	1.37941343708303	0.167767318645923	0.49480740815823
TH2_HKNPDCAD_01124	65.8325664387762	0.493644978418784	0.331569433609434	1.48881328729555	0.136536542401188	0.441202974927173
TH2_HKNPDCAD_01125	20.176566737795	-0.28619039417404	0.435503215325457	-0.657148751382161	0.511085274504724	0.785083343455564
TH2_HKNPDCAD_01126	9.9115350316223	0.10739581800465	0.697226840248492	0.154032822325621	0.877583855932042	0.960573459551585
TH2_HKNPDCAD_01127	14.505558636904	-0.344624113047357	0.535875200412779	-0.643105172215279	0.520155858615442	0.792189966863002
TH2_HKNPDCAD_01128	21.6933228562115	-0.576216310100529	0.531664485616038	-1.08379687883961	0.278454869402106	0.617883812282054
TH2_HKNPDCAD_01129	1.34895098466047	-2.88152068509712	1.71522589016247	-1.67996571275179	0.0929639870022083	0.361047212503301
TH2_HKNPDCAD_01130	1.78647493377082	-2.29740831353051	1.71995108670013	-1.33574049360804	0.181634108909547	0.512696278783226
TH2_HKNPDCAD_01131	1.87392781971443	0.745564592699847	1.38384617912732	0.538762619679314	0.590050659390762	0.830083262724363
TH2_HKNPDCAD_01132	13.0146643671067	-0.214359581473296	0.541812768747765	-0.395634052642802	0.692375012188822	0.874149975449658
TH2_HKNPDCAD_01133	12.3544138451002	-0.629921997417621	0.571275030862499	-1.1026597757416	0.270174941025044	0.611852861013961
TH2_HKNPDCAD_01134	127.357911450813	0.334417310719634	0.327962914748063	1.01968026164339	0.307880125834322	0.638944746974387
TH2_HKNPDCAD_01135	31.5371434522577	1.06698308272915	0.401724610934967	2.65600626321068	0.00790721457845932	0.0912573049545117
TH2_HKNPDCAD_01137	0.209264015628334	-1.19700691208727	4.0804728567969	-0.293350048902641	0.76925460189368	NA
TH2_HKNPDCAD_01139	3.11675991601801	0.602826241626302	1.06358020248479	0.566789641456234	0.570857109071983	0.823126171899573
TH2_HKNPDCAD_01140	4.69442536421542	-0.702906546794163	0.907846196412394	-0.774257302142029	0.438778648068476	0.745634042564776
TH2_HKNPDCAD_01141	6451.3712505542	0.273364771736319	0.211249511595438	1.29403741420164	0.195652497702867	0.52757217423719
TH2_HKNPDCAD_01142	3352.25701758747	-0.395764116246934	0.336071864281156	-1.17761752264938	0.238949120984853	0.574822286034743
TH2_HKNPDCAD_01143	986.701766977741	-0.129720683076777	0.427549439219008	-0.303405106351523	0.761581154669054	0.903463318406287
TH2_HKNPDCAD_01144	97.8275820774516	-0.728908672591589	0.439711462227206	-1.65769768406663	0.0973785015179729	0.370294944734318
TH2_HKNPDCAD_01145	56.6229861714841	-0.216086819676474	0.45982764577461	-0.469930030658468	0.638405008028618	0.852915190669906
TH2_HKNPDCAD_01146	1308.42676923248	0.112566541986449	0.297228436240397	0.378720634574164	0.704895328660134	0.879449937947696
TH2_HKNPDCAD_01147	280.102957038647	0.127164694071878	0.226028295544493	0.56260519845776	0.573703751381493	0.823926844693718
TH2_HKNPDCAD_01148	305.502395732446	0.0984718442091392	0.243068094254539	0.405120402622733	0.685389010013648	0.873330700486242
TH2_HKNPDCAD_01149	398.643179121899	0.212444654425522	0.373942932261386	0.568120523473414	0.569953132780115	0.82274845357107
TH2_HKNPDCAD_01150	157.748439399116	0.614398139421845	0.484474425393307	1.26817455621742	0.204735621188807	0.540409265815565
TH2_HKNPDCAD_01151	186.665677492011	0.39540169494889	0.499910670351799	0.790944699521288	0.428976262571303	0.739917383686689
TH2_HKNPDCAD_01152	390.290541635518	-0.10218765593526	0.22133131617238	-0.461695424318865	0.644299752849437	0.854952247762416
TH2_HKNPDCAD_01153	41.0258967086781	0.204339484842742	0.444665054960482	0.459535739458774	0.645849493275811	0.856343637488827
TH2_HKNPDCAD_01154	20.9780831740055	-0.0652016360555457	0.479108123889942	-0.136089606509205	0.891750443889987	0.965796064944026
TH2_HKNPDCAD_01155	116.781420667273	-0.0584809853719286	0.351828407312896	-0.166220191878704	0.867983669665851	0.95682851605809
TH2_HKNPDCAD_01156	319.843341119329	0.716096034901134	0.342866864114302	2.08855421695812	0.0367478701073967	0.225694284615262
TH2_HKNPDCAD_01157	5617.23032437893	0.959293827985044	0.348219763398744	2.75485175976805	0.00587187330321952	0.0768743337734122
TH2_HKNPDCAD_01158	567.680385036752	0.912253429378623	0.362207432754888	2.51859389643161	0.0117824463463637	0.116457146341546
TH2_HKNPDCAD_01159	271.967015188117	0.0562538797059535	0.259954736910507	0.216398748391801	0.828676941796749	0.936777571127355
TH2_HKNPDCAD_01160	105.251265465602	0.118994475141261	0.334128256456659	0.356134127664525	0.721740120329302	0.889177103154762
TH2_HKNPDCAD_01161	1111.87651442713	-0.480567723638185	0.284988615824054	-1.68626989625044	0.0917438265466897	0.35817125276339
TH2_HKNPDCAD_01162	23.0554945315257	-0.26374325595381	0.452996237437202	-0.582219528899226	0.560418820762891	0.815414951811121
TH2_HKNPDCAD_01163	28.5328231200064	-0.106508087675855	0.435411927438922	-0.244614538472411	0.806754905927375	0.924707166794345
TH2_HKNPDCAD_01164	108.377965340077	0.427856058176825	0.288619739172673	1.48242133196874	0.138228221400382	0.444515597803237
TH2_HKNPDCAD_01165	48.1139244640708	0.700611935030832	0.410286742935611	1.70761533755134	0.087707740582009	0.352067249979153
TH2_HKNPDCAD_01166	117.173308159324	0.0846768766018101	0.265083705756579	0.319434483383777	0.749397065443601	0.900372592203685
TH2_HKNPDCAD_01167	247.25519928637	0.703660377277932	0.492326907071269	1.42925435756464	0.15293113935333	0.471675704166769
TH2_HKNPDCAD_01168	743.092221225937	0.522105974272302	0.272432021825802	1.91646330990469	0.0553061490301574	0.279861125299691
TH2_HKNPDCAD_01169	29.3141894891391	0.664151077415411	0.393089288357351	1.68956798642562	0.0911106348882483	0.356241887442533
TH2_HKNPDCAD_01170	502.134425164382	0.349114805070773	0.2689235637523	1.29819343533739	0.194220873367704	0.526315286529461
TH2_HKNPDCAD_01171	651.830666298523	-0.804113397532178	0.278324778286094	-2.88911897274779	0.00386322879191097	0.0559728371106888
TH2_HKNPDCAD_01172	835.061235649356	-0.223343126231632	0.220922443621905	-1.01095716021442	0.312036934141694	0.642902498447424
TH2_HKNPDCAD_01173	311.322700256647	-0.156054749873668	0.248991450794122	-0.62674742195346	0.530824813362536	0.796548007405257
TH2_HKNPDCAD_01174	273.998279265421	0.429555725887443	0.25284744625806	1.69887310409705	0.0893430956768893	0.353482047115214
TH2_HKNPDCAD_01175	474.661006368784	-0.138249367150641	0.225282016944653	-0.613672449428601	0.539431797568593	0.803109911495498
TH2_HKNPDCAD_01179	265.648066655667	0.149286194545937	0.301288998055725	0.495491689073645	0.620253087129745	0.84603973513227
TH2_HKNPDCAD_01180	396.766879156066	0.574310410812503	0.429350077459583	1.33762736042959	0.181017940837994	0.512084969500859
TH2_HKNPDCAD_01181	463.437012201466	0.315529016975068	0.261137255879507	1.20828801663084	0.226936496232513	0.563711067246541
TH2_HKNPDCAD_01182	412.890607353239	0.124336726100049	0.263266202493687	0.472285181015709	0.636723246369231	0.852895012489516
TH2_HKNPDCAD_01183	116.707043711041	0.269828146727591	0.275328666742072	0.980021985797671	0.327075266165254	0.654150532330509
TH2_HKNPDCAD_01184	364.806110078639	0.175460030592465	0.264803916898877	0.662603607406113	0.507584459195483	0.783800454292481
TH2_HKNPDCAD_01185	533.882392119629	0.328520188621032	0.287330617722467	1.14335252965749	0.252892253292745	0.589927529205362
TH2_HKNPDCAD_01186	5.61938042983599	-2.63628618776249	0.924149656156213	-2.85266154697012	0.00433547697363101	0.0611264729249314
TH2_HKNPDCAD_01187	8.11175708214487	0.502452696826011	0.640066616256967	0.785000629722411	0.432453199381674	0.741389665562027
TH2_HKNPDCAD_01188	12.1042531650357	0.284533809079382	0.542602784286748	0.524386931507184	0.60000944420009	0.833961065881145
TH2_HKNPDCAD_01189	4.8236756168539	0.561599402824774	0.799830140997504	0.702148336300979	0.482586660863744	0.767272556482272
TH2_HKNPDCAD_01190	1.32397522863261	0.446277599045193	1.52768764671433	0.292126207870453	0.770190129227191	0.908002438458735
TH2_HKNPDCAD_01191	220.013566978363	0.761072952711866	0.238202346909489	3.19506907713657	0.00139797376246274	0.0278833210365136
TH2_HKNPDCAD_01192	406.828310396405	0.825380588283912	0.241013283533278	3.42462695907774	0.000615644117985886	0.0150275797561698
TH2_HKNPDCAD_01193	1400.54451925678	0.14807381422795	0.224525034316563	0.659498014012893	0.509576020965495	0.784435919212063
TH2_HKNPDCAD_01194	1.16857638479406	2.29085610892189	1.96032055541758	1.16861301208664	0.242559583297	0.579385099711286
TH2_HKNPDCAD_01195	780.708944653531	-0.6383022274316	0.381980442355609	-1.67103379297458	0.0947150031871775	0.365869710879783
TH2_HKNPDCAD_01196	4.81781239977559	-0.307601289152115	0.870721742625236	-0.353271629837442	0.723884812201171	0.889983498736397
TH2_HKNPDCAD_01197	136.739807881035	-0.193455019260135	0.240891484035003	-0.803079527842606	0.4219287696029	0.733652263563252
TH2_HKNPDCAD_01198	129.175330262129	1.11032627813371	0.423347046909303	2.62273301831153	0.00872275964525303	0.0959439733800911
TH2_HKNPDCAD_01199	103.20267242093	-0.122786334293492	0.27635070809147	-0.444313441935711	0.65681598417714	0.862349291109766
TH2_HKNPDCAD_01200	1103.49997909896	-0.0892640338652364	0.237623079270589	-0.375653889088731	0.707174222330299	0.880427330190008
TH2_HKNPDCAD_01201	225.245570708593	0.307315175806629	0.250409820040166	1.22724889845508	0.219729055848665	0.553479675813395
TH2_HKNPDCAD_01202	387.12068095686	-0.137155824057146	0.258880904909031	-0.529802783659697	0.59624867501392	0.832414382655662
TH2_HKNPDCAD_01203	451.871268625181	0.455235868019741	0.246637600377237	1.84576831482081	0.0649258531065439	0.303045727268258
TH2_HKNPDCAD_01204	401.665168453123	-1.04560817819596	0.309272599972116	-3.38086263797775	0.000722586557902335	0.016684588719853
TH2_HKNPDCAD_01205	149.674485736291	-0.0577738987452577	0.245273028039903	-0.235549335395568	0.813782391695839	0.929549058177137
TH2_HKNPDCAD_01206	123.542047427364	-0.283550719094647	0.303752590857272	-0.933492347487112	0.350565819740899	0.673033854678595
TH2_HKNPDCAD_01207	113.412385340787	0.325202963062843	0.408792413551511	0.795521032882047	0.426310481138946	0.738016726213522
TH2_HKNPDCAD_01208	40.7206992367363	-0.721732625405981	0.405472650865394	-1.77997856049131	0.075079469458613	0.323409546592311
TH2_HKNPDCAD_01209	28.1015406827004	0.463518696828618	0.418172517193657	1.1084389283621	0.267672300615862	0.608734788357103
TH2_HKNPDCAD_01210	517.47589994059	0.105422116768295	0.385769339548617	0.273277593526867	0.784639837805948	0.914060966483782
TH2_HKNPDCAD_01211	103.015347548087	0.373185354222133	0.406624161318522	0.917764829841983	0.35874199871678	0.681421145779451
TH2_HKNPDCAD_01212	8.68288144709044	0.0949283684360492	0.659071524259858	0.144033484897795	0.885474028188926	0.963272467847291
TH2_HKNPDCAD_01214	0.767930329828002	-0.709168633956579	2.16736713687532	-0.327202817598767	0.743514489947699	0.899576008560523
TH2_HKNPDCAD_01215	3.20214607384201	-0.495718764695731	1.03874010765445	-0.477230792421312	0.633197786512511	0.851931934635839
TH2_HKNPDCAD_01216	2.80200273407555	-1.07145749409562	1.07175635183871	-0.999721151414148	0.317445473066418	0.647711713571564
TH2_HKNPDCAD_01218	1.86252678902624	2.11387297299896	1.4217038310799	1.48685888494322	0.137052085267323	0.441938325047885
TH2_HKNPDCAD_01219	6.76000934246197	0.424241547569129	0.804240210967509	0.527506013481671	0.597842241564883	0.833071125817151
TH2_HKNPDCAD_01220	25.9107853276811	-1.39015263829883	0.657340866390203	-2.11481243503523	0.034445936615105	0.217349104093199
TH2_HKNPDCAD_01221	140.728281013158	-0.0956057804616239	0.26978097416524	-0.354382961057386	0.723051902197261	0.889669719314248
TH2_HKNPDCAD_01222	2.01289542884381	0.715712955250677	1.28589837924984	0.556585937738101	0.577810363794657	0.823926844693718
TH2_HKNPDCAD_01223	14.7693354590046	-1.45350859949377	0.569944394868637	-2.55026387237089	0.0107641413389766	0.110133709588012
TH2_HKNPDCAD_01224	3.26942246535157	-2.62111698679944	1.1399242332757	-2.29937824838356	0.0214834700023107	0.165037548646813
TH2_HKNPDCAD_01225	43.3173700999816	-0.527342972683789	0.458984107720559	-1.14893514571282	0.250582724079529	0.587852494129043
TH2_HKNPDCAD_01226	17.0211124149007	-0.668405739385939	0.497117739954932	-1.34456223478674	0.178766645951459	0.508347081109198
TH2_HKNPDCAD_01227	139.402279820966	0.108457675957902	0.307219492851617	0.353029929680556	0.724066002679686	0.889983498736397
TH2_HKNPDCAD_01228	240.875672681248	-0.282932775415945	0.263221898746154	-1.07488311862988	0.282427060875593	0.619222836315412
TH2_HKNPDCAD_01230	381.603618642119	-0.800409965495101	0.327105566847686	-2.44694693890002	0.0144072047466017	0.130479384330531
TH2_HKNPDCAD_01231	100.984203477272	-1.26330262251481	0.317689444227966	-3.97653320079562	6.9927239851159e-05	0.00252427486955663
TH2_HKNPDCAD_01232	108.353306773718	-0.870368330425213	0.319950325327069	-2.72032331748836	0.00652181140446179	0.0826479929447431
TH2_HKNPDCAD_01233	114.471227235304	-0.608647665847184	0.287727340865318	-2.11536263469687	0.0343990518734528	0.217349104093199
TH2_HKNPDCAD_01234	92.2316513756528	-0.590021755509342	0.379877834547098	-1.5531881616962	0.120378188702181	0.412196790439131
TH2_HKNPDCAD_01235	748.74339398955	1.10258937908855	0.505500978526857	2.18118149306405	0.0291699951195847	0.200167864769734
TH2_HKNPDCAD_01236	49.5061603320864	-0.655645186878869	0.530898999581883	-1.23497159986218	0.216841074011526	0.550955277855921
TH2_HKNPDCAD_01237	24.3996924796401	-1.71922164219489	0.508465686210207	-3.38119501240865	0.000721713022940903	0.016684588719853
TH2_HKNPDCAD_01238	291.413871869632	-1.40369283295683	0.512356537814762	-2.73967975297764	0.00614990753067226	0.0794066146151789
TH2_HKNPDCAD_01239	1153.28176904278	-1.01380494763875	0.397968536104684	-2.54745000085151	0.0108513401938024	0.110804720783727
TH2_HKNPDCAD_01240	141.396095094793	-0.527644717449027	0.4450646927735	-1.18554611501738	0.235801592929792	0.571543334024765
TH2_HKNPDCAD_01241	349.362522570577	0.130400906755239	0.365839429138844	0.35644300851385	0.721508825439954	0.889177103154762
TH2_HKNPDCAD_01242	294.318258954427	-0.540698057757337	0.288622783715597	-1.87337274901392	0.0610169303662993	0.29231101407257
TH2_HKNPDCAD_01243	47.5929176195933	-0.576313222660014	0.387392723906016	-1.48767177878083	0.136837473617055	0.441705849975456
TH2_HKNPDCAD_01244	81.9611931624164	-0.748433673162986	0.384621286004931	-1.94589769312297	0.051667030117515	0.270802859286689
TH2_HKNPDCAD_01245	259.737491277239	-0.93342388384724	0.307789256932551	-3.03267207293005	0.00242398855058373	0.0403420951632864
TH2_HKNPDCAD_01246	172.206464763806	-1.13144082361845	0.430165198504176	-2.63024723420871	0.00853227924738696	0.0944823342035556
TH2_HKNPDCAD_01247	152.733414254635	-0.942152569602049	0.43930239215103	-2.14465613307687	0.0319803506658557	0.209630789658793
TH2_HKNPDCAD_01248	1203.2746716896	-0.727208953211646	0.366939378490029	-1.98182314529485	0.0474990380448192	0.26012827886511
TH2_HKNPDCAD_01249	69.3495420015966	-0.502065546207358	0.343904942272362	-1.45989628090235	0.144318581529047	0.455873310854677
TH2_HKNPDCAD_01250	81.778276834561	0.386681815105679	0.430410259117118	0.898402877057025	0.368970803197017	0.690810100413199
TH2_HKNPDCAD_01251	103.315391067683	0.276967367066764	0.363451030261782	0.762048650315487	0.446030968451492	0.749774348510116
TH2_HKNPDCAD_01252	27.7902219788447	0.737740810554285	0.468618349308306	1.57428920921089	0.115420603311069	0.404512499668591
TH2_HKNPDCAD_01253	9.93130734641244	-1.43841681144383	0.759415979550217	-1.89410922363758	0.058210513696284	0.286085420141085
TH2_HKNPDCAD_01254	127.711690279453	-1.03799725816565	0.464076169636345	-2.23669588330518	0.0253062232522162	0.184260938055199
TH2_HKNPDCAD_01255	17.8592292215472	-0.216482661962588	0.490518971121347	-0.441333923268451	0.658971270780849	0.863247312553701
TH2_HKNPDCAD_01257	325.021263829684	-0.407952847978577	0.336018122403205	-1.21407989861051	0.22471721518959	0.561081561160175
TH2_HKNPDCAD_01258	718.02578847333	0.586292468407196	0.31458805258711	1.86368319961817	0.0623662060542086	0.296008492809142
TH2_HKNPDCAD_01259	691.401727471735	0.813241947192403	0.263257984920539	3.08914446579035	0.0020073380387914	0.0353595009857206
TH2_HKNPDCAD_01260	836.627439445635	0.0653662053656545	0.278689123745141	0.234548820876955	0.814558936420476	0.929732600332078
TH2_HKNPDCAD_01261	277.954806965736	-0.279825984306391	0.305868583417436	-0.914856900894906	0.360266758556674	0.682961318181033
TH2_HKNPDCAD_01262	371.438015164078	-0.539321947596318	0.283521580966288	-1.90222538177948	0.0571416959322169	0.282730051494733
TH2_HKNPDCAD_01263	893.101750612872	0.509645517996023	0.332082054255959	1.53469755882443	0.124858135774066	0.420499125332438
TH2_HKNPDCAD_01264	547.679192065667	0.121627902634751	0.304769141288166	0.399082079375449	0.689832726332524	0.873330700486242
TH2_HKNPDCAD_01265	187.627888511232	-0.264067242352059	0.290351615879806	-0.909473989155865	0.36309998171347	0.685354418999511
TH2_HKNPDCAD_01266	657.491118421333	0.382008852239962	0.384032641815393	0.994730162608406	0.319867520389292	0.647711713571564
TH2_HKNPDCAD_01267	6195.64003676026	0.269337574225199	0.254070853070203	1.06008843978171	0.28910436648446	0.624460071227575
TH2_HKNPDCAD_01268	134.797879921127	-0.320340902979185	0.297618009411638	-1.07634918872171	0.281771117610344	0.619222836315412
TH2_HKNPDCAD_01269	690.38863107236	0.794799772250559	0.357504203290136	2.22319000709911	0.0262029903792398	0.18838222816828
TH2_HKNPDCAD_01270	144.089921858549	-0.224640896157431	0.32900638065985	-0.682785834447633	0.49474218206017	0.776054074011011
TH2_HKNPDCAD_01271	221.766087710932	-0.0933686070148365	0.348549171015417	-0.267877862807215	0.788793334072907	0.916444839178994
TH2_HKNPDCAD_01272	2659.31138163855	-0.0276246711729454	0.30873346022149	-0.0894774125005016	0.928702503783115	0.977298230621523
TH2_HKNPDCAD_01273	4.72823245550177	-0.516446372142136	0.822087999713226	-0.628213004352686	0.529864412397923	0.796104744804923
TH2_HKNPDCAD_01274	100.239169245968	0.398838596249537	0.399357097549396	0.998701659985409	0.31793923629766	0.647711713571564
TH2_HKNPDCAD_01275	1909.82191967098	0.424215437188869	0.383040109554101	1.10749612536061	0.268079486577846	0.609120322782819
TH2_HKNPDCAD_01276	636.769401797744	-0.0588707561128889	0.243578653924718	-0.241690949368182	0.80901964304789	0.925703158304248
TH2_HKNPDCAD_01277	1048.3499051315	0.230445615831006	0.227273620636379	1.01395672399527	0.310603402615363	0.641781653015679
TH2_HKNPDCAD_01278	1586.12087478191	0.264216039931093	0.248317287913641	1.06402595707707	0.287316940870294	0.623533716723592
TH2_HKNPDCAD_01279	469.431946497141	0.0960550034513947	0.22499784668852	0.426915212145876	0.669441085139659	0.86660620871618
TH2_HKNPDCAD_01280	3264.11267544098	-0.58629712971	0.234034245314652	-2.50517666302101	0.0122390244963051	0.118629170273562
TH2_HKNPDCAD_01281	2204.62354432924	-0.495054977488095	0.391596107034426	-1.26419790338869	0.206159003186217	0.542211929365085
TH2_HKNPDCAD_01282	626.249037057899	-0.00835203887440428	0.225053772691457	-0.0371113035543498	0.970396259304952	0.990689349770401
TH2_HKNPDCAD_01283	529.920719700222	0.101274498551609	0.284463699640265	0.356019058599328	0.721826292380393	0.889177103154762
TH2_HKNPDCAD_01284	8.89187648611641	-0.0628329004180096	0.614554959540525	-0.102241303959189	0.918565143694892	0.974280352729459
TH2_HKNPDCAD_01285	335.262180748466	0.286064959791185	0.442633700137829	0.646279213946225	0.518098546855042	0.791345479881165
TH2_HKNPDCAD_01286	26.3180482964094	-0.322591257695791	0.535856612099735	-0.602010408030105	0.547167209326505	0.808060822531739
TH2_HKNPDCAD_01287	9.74306232166957	-0.215519341963512	0.597994124503857	-0.360403778452379	0.718545201426087	0.887319369431492
TH2_HKNPDCAD_01288	7.1439010565898	-0.376791999177349	0.68531842860788	-0.549805730370836	0.582452627845801	0.826135077569889
TH2_HKNPDCAD_01289	20.9005110322767	-0.335504523652753	0.427160112567224	-0.785430366230539	0.432201282498522	0.741389665562027
TH2_HKNPDCAD_01290	53.6858362846881	-0.583900828787897	0.464543461027739	-1.25693477096007	0.20877725643536	0.544531283466172
TH2_HKNPDCAD_01291	146.835653695546	-0.771774174064791	0.263100568598067	-2.93338086716116	0.00335292302499262	0.0510002475552289
TH2_HKNPDCAD_01292	114.683755283244	-0.56880068607404	0.301413555446679	-1.88711050248257	0.0591454643896669	0.288737267611094
TH2_HKNPDCAD_01293	215.455880670541	-0.200180820419864	0.341306307960865	-0.586513685070294	0.557530367822297	0.813984809301365
TH2_HKNPDCAD_01294	2283.60329297772	0.53339599534682	0.252530525059895	2.11220404036426	0.0346689521288187	0.217995298030536
TH2_HKNPDCAD_01295	9980.16164827581	0.536672776379606	0.273534259548505	1.96199473245303	0.0497630975274337	0.267105380026833
TH2_HKNPDCAD_01296	9931.5989457932	0.759002835838975	0.23871487341163	3.17953726548988	0.00147510400979944	0.0287505062898553
TH2_HKNPDCAD_01297	1311.14986920637	-0.0212669227821293	0.317652993933464	-0.0669501726358162	0.946621370619277	0.985145895580748
TH2_HKNPDCAD_01298	350.409097572992	-0.178160599493575	0.484680168225384	-0.367583844302719	0.713183563074892	0.884533981205395
TH2_HKNPDCAD_01299	4.67615234048384	-0.204955441948128	0.815670433712794	-0.251272368688424	0.801603536570116	0.922545958262626
TH2_HKNPDCAD_01300	347.840657023853	0.201132151175176	0.372486487385232	0.539971671421093	0.589216568988747	0.830033021165535
TH2_HKNPDCAD_01301	15.0675195088516	0.157344628414968	0.539470197145323	0.291665098920344	0.77054269650123	0.908070914328579
TH2_HKNPDCAD_01302	18.4955847991684	0.0233852859449214	0.526216513637751	0.0444404258301554	0.964553338311102	0.990154751533576
TH2_HKNPDCAD_01303	11.560600978389	-0.431171736014719	0.581162778290315	-0.741912166644868	0.458140553798327	0.755611593923438
TH2_HKNPDCAD_01304	3.80199177800969	-0.847397595305996	1.1314813183947	-0.74892760625359	0.453900840235058	0.753219717398804
TH2_HKNPDCAD_01305	789.722592748488	0.407205599996975	0.412074912433337	0.988183429057577	0.32306282223797	0.650184541339551
TH2_HKNPDCAD_01306	496.099596978358	-0.0393868212606478	0.305692653035898	-0.128844513826188	0.897480682121019	0.967301508947086
TH2_HKNPDCAD_01307	976.178655283703	-0.344916684433791	0.215990387450331	-1.59690756845884	0.110286312480824	0.395887701524304
TH2_HKNPDCAD_01308	1051.31061470358	0.478317504780803	0.269481632493559	1.77495401209667	0.0759054808600125	0.325055551285233
TH2_HKNPDCAD_01309	1900.62805693704	0.0417987851247384	0.2307988642577	0.181104812881867	0.856285306933845	0.95203941897755
TH2_HKNPDCAD_01310	7445.8199281132	0.397769575676602	0.356503527877819	1.11575214428993	0.264528243483028	0.605201404161989
TH2_HKNPDCAD_01311	134.703998660514	0.49993961825013	0.283501953084727	1.76344329487112	0.077825753167807	0.329970893910818
TH2_HKNPDCAD_01312	10.1988809780117	0.0594738671838818	0.674730252082177	0.0881446578100642	0.929761702685603	0.977432011477933
TH2_HKNPDCAD_01313	51.9754628361384	-0.00297694588067774	0.497531569157977	-0.00598343113325638	0.995225941164534	0.998221846320807
TH2_HKNPDCAD_01314	5.10317905852789	-0.782712730849858	0.83627516936682	-0.935951179134595	0.349298324723773	0.672363204105919
TH2_HKNPDCAD_01315	82.5959333840159	-0.191215220341245	0.321294013031676	-0.595140938161191	0.551749265779507	0.811265728510096
TH2_HKNPDCAD_01316	598.126752175593	0.708987329832592	0.222914594301828	3.18053347764489	0.00147004152827005	0.0287505062898553
TH2_HKNPDCAD_01317	420.233795369189	0.270342589737384	0.2745415406904	0.984705589753531	0.32476870625261	0.651316270833677
TH2_HKNPDCAD_01318	211.451946059728	0.31328361427519	0.275553032099416	1.13692675376608	0.255568906863988	0.592512988052828
TH2_HKNPDCAD_01319	26.7850332907531	-0.152024516172802	0.460612026258676	-0.330048951191358	0.741362974831029	0.898823701273381
TH2_HKNPDCAD_01320	132.900011079743	-0.270067751341168	0.331351865742917	-0.815048228974521	0.415044703990988	0.730134851529385
TH2_HKNPDCAD_01321	165.497327406717	0.738493816576561	0.383025093497425	1.92805596582023	0.0538481653099353	0.276679919987402
TH2_HKNPDCAD_01322	7.53304097421764	-1.03020489961325	0.764482571787504	-1.3475845462434	0.177792043768115	0.506593672237552
TH2_HKNPDCAD_01323	95.6557033565051	0.775311421901142	0.296254722229637	2.61704325273226	0.00886951015953977	0.0967342746336188
TH2_HKNPDCAD_01324	178.30810138586	0.251960324288148	0.265493059850606	0.949027912179426	0.342606416108934	0.666996007965968
TH2_HKNPDCAD_01325	25.3010249724098	-1.04353229843256	0.475145721576717	-2.19623633560188	0.0280750318824509	0.196105316775763
TH2_HKNPDCAD_01326	2766.51386208534	-0.833955800173824	0.353144940794469	-2.36151139047235	0.0182006127861354	0.149035688724808
TH2_HKNPDCAD_01327	540.102810342483	-1.45660879136404	0.430324223141235	-3.38491005858615	0.000712015807153818	0.0165899683066839
TH2_HKNPDCAD_01328	220.355914417479	0.3256250382706	0.258115354507748	1.26154849986201	0.207111297622721	0.543033443218991
TH2_HKNPDCAD_01329	426.496078236279	-0.215288213828813	0.26908387728788	-0.800078458801477	0.423665340889378	0.735013090442082
TH2_HKNPDCAD_01330	437.982661286878	-0.123097562185847	0.281095042814692	-0.437921497843694	0.661443191087617	0.864669950421783
TH2_HKNPDCAD_01331	78.6375397820725	-0.965512141079097	0.33569824991531	-2.87613099360118	0.00402582602060932	0.057967371296751
TH2_HKNPDCAD_01332	108.101977412773	-0.507030630954861	0.309127549857462	-1.64019878263407	0.100963842364086	0.378334275573848
TH2_HKNPDCAD_01333	37.4642084316998	-1.06904188849369	0.367839549189559	-2.9062722886896	0.00365763010949577	0.0541878957840327
TH2_HKNPDCAD_01334	132.729605621313	-0.630770159215025	0.248619014300771	-2.53709540675735	0.0111776487342832	0.112567047960581
TH2_HKNPDCAD_01335	288.828146402463	1.13182109077643	0.434126157110823	2.60712484663185	0.00913060624573905	0.0983266546547445
TH2_HKNPDCAD_01336	61.0755896625495	0.23529940860757	0.333872084663875	0.704759156023651	0.480960130460154	0.767082025120955
TH2_HKNPDCAD_01337	84.6418592206048	0.242357535279123	0.367810736964142	0.658919142164005	0.50994769298078	0.784546926476588
TH2_HKNPDCAD_01338	334.694867378838	-0.363913768557998	0.508530834615784	-0.715617901189709	0.474227317021684	0.763710093324899
TH2_HKNPDCAD_01340	8.12209241536262	0.0974852135778978	0.66334999356357	0.146958942524744	0.883164427503106	0.962200159154574
TH2_HKNPDCAD_01341	5.74063018082983	-1.42800231282262	0.812782597647654	-1.7569302258138	0.0789297029093798	0.331906199436818
TH2_HKNPDCAD_01342	4.00193084415671	-1.728012011869	0.937300902456474	-1.84360434022867	0.0652408230420586	0.303746102555488
TH2_HKNPDCAD_01343	5.93793669955327	0.29498406514072	0.805243661743682	0.366328950049676	0.714119629723157	0.88497949858239
TH2_HKNPDCAD_01344	0.632648649356818	2.6578330503754	2.50570922622707	1.06071088478905	0.288821311771691	0.624442223370832
TH2_HKNPDCAD_01345	2.6565001801239	-0.221255969617404	1.02503074605143	-0.215853007794854	0.829102327886758	0.936777571127355
TH2_HKNPDCAD_01346	2.03418246423482	-0.689818540868847	1.19231853970272	-0.578552222328807	0.562891350672967	0.817450648181198
TH2_HKNPDCAD_01348	5.0238880593533	-0.753079115948473	0.818100557335812	-0.920521455700892	0.357300326132037	0.680609985787002
TH2_HKNPDCAD_01349	10.1444975453503	-0.324092831837281	0.612090735383681	-0.529484949047836	0.596469082598778	0.832414382655662
TH2_HKNPDCAD_01351	5.40614261351779	0.406958655324309	0.749029585111042	0.543314527775266	0.586913263334548	0.829727887942116
TH2_HKNPDCAD_01352	2.20690842591864	-0.0279020125354364	1.34718986432943	-0.0207112696392835	0.983475979076856	0.993869420465992
TH2_HKNPDCAD_01353	7.22078332608642	-0.670657552213249	0.69513332255853	-0.964789818656378	0.334650096497941	0.660134057053855
TH2_HKNPDCAD_01354	11.139835651971	0.0139614361255001	0.652220503043424	0.0214060061901651	0.982921782417601	0.993869420465992
TH2_HKNPDCAD_01355	0.661985043020288	-0.121354155877041	2.2696938327669	-0.0534671919732461	0.957359670256086	0.988092167147834
TH2_HKNPDCAD_01356	3.19270884406688	0.199712206142927	0.985127512332103	0.202727264889949	0.839348211352661	0.943515987510439
TH2_HKNPDCAD_01357	20.623087194503	0.0754784038522122	0.529733652800157	0.142483686760763	0.886697963982399	0.963377228353917
TH2_HKNPDCAD_01358	1196.1548236028	0.834087001735462	0.504249371764462	1.65411609501235	0.0981039264641931	0.371403786599301
TH2_HKNPDCAD_01359	708.575481878108	2.16752140120301	0.633283156514174	3.42267337905188	0.000620085381855377	0.015064254347823
TH2_HKNPDCAD_01360	311.072044271122	2.86902303827102	0.712317769172595	4.02772914341809	5.63181696968139e-05	0.00207688444507819
TH2_HKNPDCAD_01361	510.212231386472	1.05634121725674	0.47253971003657	2.23545491483665	0.0253874983513257	0.184590519927511
TH2_HKNPDCAD_01362	86.7259635107599	1.62624192012528	0.475533425089116	3.41982673419964	0.000626610327492768	0.0150798335151546
TH2_HKNPDCAD_01363	1053.31613582081	0.945576943113802	0.356257612944176	2.65419434913793	0.00794980245911823	0.0912573049545117
TH2_HKNPDCAD_01364	51.3512263714795	0.928886176394366	0.478236714011804	1.94231465125749	0.0520990204163284	0.271999417767583
TH2_HKNPDCAD_01365	15.9060419847338	1.26147132465167	0.64824694279967	1.94597342673702	0.0516579317213615	0.270802859286689
TH2_HKNPDCAD_01366	1.93047515648252	0.259624381259931	1.33926929373245	0.193855248137868	0.846289225701809	0.947234080750295
TH2_HKNPDCAD_01367	1.48088340227726	0.728964767451752	1.45410134096568	0.501316343582793	0.616148504807823	0.843528628508191
TH2_HKNPDCAD_01368	28.1075498186891	-0.244820572948299	0.539820937392215	-0.453521818051347	0.650173036287693	0.859857693854326
TH2_HKNPDCAD_01369	36.7987533573734	-0.566205857793179	0.472643794768041	-1.19795470513065	0.230934650960653	0.567755885287437
TH2_HKNPDCAD_01370	20.5892775044006	-0.59262316298875	0.496947473938592	-1.19252676402975	0.233054762833795	0.569316900905462
TH2_HKNPDCAD_01371	3.38654365058773	-0.785602253647436	0.952753333688862	-0.824559963076432	0.409621459568538	0.724613590037255
TH2_HKNPDCAD_01372	8.24257487430452	-0.209838134899463	0.649452817203502	-0.323099891694999	0.74661959228166	0.900372592203685
TH2_HKNPDCAD_01373	8.90862983590988	-0.696345594046195	0.630232830850725	-1.10490212499122	0.269202001558224	0.611399849351996
TH2_HKNPDCAD_01374	4.52701940591725	-0.478238701830111	0.889608976621887	-0.537583044233802	0.590864938724051	0.830547154455195
TH2_HKNPDCAD_01375	3.23126006827644	0.109902601440126	0.988668165767135	0.11116227390092	0.911487667236149	0.972634113710269
TH2_HKNPDCAD_01376	4.6167566590348	-0.0478004017215042	0.845434735298837	-0.056539434359304	0.954912081675788	0.988092167147834
TH2_HKNPDCAD_01377	7.14349725126406	0.225874610452864	0.899832438864671	0.251018523779664	0.801799787699674	0.922545958262626
TH2_HKNPDCAD_01378	7.6945748750744	0.342722252689587	0.647379323531421	0.529399442076794	0.596528385132554	0.832414382655662
TH2_HKNPDCAD_01379	166.544120653739	-0.0409113371119958	0.260093440005522	-0.157294767261824	0.875012544046605	0.959394827612739
TH2_HKNPDCAD_01380	563.333443588469	-0.208764533508376	0.284728291922452	-0.733206145756794	0.463432707527512	0.757520882331434
TH2_HKNPDCAD_01381	460.159667552736	0.225454300667839	0.301676355530348	0.747338319807961	0.454859367065281	0.754077980458161
TH2_HKNPDCAD_01382	121.077249220071	0.0635768508575307	0.328067321086012	0.193792087084658	0.846338683151844	0.947234080750295
TH2_HKNPDCAD_01383	61.4344059594783	1.18633679956193	0.442688549956854	2.67984523132019	0.00736562068711009	0.089078035023258
TH2_HKNPDCAD_01384	314.810210591277	0.808180675703219	0.29854525352475	2.7070625513603	0.00678814659883583	0.084868388940567
TH2_HKNPDCAD_01385	300.891835893046	0.0985928619411809	0.317928337293758	0.310110331090379	0.756477056214322	0.900743644635218
TH2_HKNPDCAD_01386	1490.39384315504	0.747545150558065	0.414808910452397	1.80214342489119	0.071522843069534	0.31551298930674
TH2_HKNPDCAD_01387	900.105640475585	1.66787456140137	0.515662088968965	3.23443316288033	0.00121884444787792	0.025217966385146
TH2_HKNPDCAD_01388	708.792531470623	1.07013794148346	0.442329445054275	2.41932331986661	0.0155494124352481	0.136393784859914
TH2_HKNPDCAD_01389	1469.0371168926	0.407027653121121	0.325156228211411	1.25179104014111	0.210646015832163	0.546669046953358
TH2_HKNPDCAD_01390	16.6431647431633	0.262244806507952	0.734868757987161	0.356859376123503	0.721197083056818	0.889106115399726
TH2_HKNPDCAD_01391	329.593088193467	0.0786787405777827	0.292643612000293	0.26885514445367	0.788041155915293	0.915986159914239
TH2_HKNPDCAD_01392	381.237014890268	0.80564106671601	0.424738703534607	1.89679221604152	0.0578553670726317	0.284963059853762
TH2_HKNPDCAD_01393	798.814797738224	0.664421302256868	0.318730401755439	2.08458715766523	0.037106791210884	0.226439775889275
TH2_HKNPDCAD_01394	337.724343652095	-0.0672101692285086	0.224208051963125	-0.299766973755084	0.764354908574566	0.904260727710276
TH2_HKNPDCAD_01395	242.226087106147	-0.0398611859955238	0.28760360299991	-0.138597658651502	0.889768093579115	0.964464209703223
TH2_HKNPDCAD_01396	235.604900159761	-0.222814334565761	0.289565239515912	-0.769478874392025	0.441609080944673	0.746814134529959
TH2_HKNPDCAD_01397	639.773629191903	0.0971407906539334	0.354420988211892	0.274083064730516	0.784020788073054	0.914060966483782
TH2_HKNPDCAD_01398	1912.01608348545	-0.209657715207453	0.380930178685115	-0.550383579298297	0.582056309006777	0.826135077569889
TH2_HKNPDCAD_01399	83.0625437831708	-0.203774879051363	0.30271115584358	-0.673166069758788	0.500841644677678	0.7791262672719
TH2_HKNPDCAD_01400	356.458422371418	-0.530832276144943	0.404239884211915	-1.31316155796904	0.189128514546574	0.521925801715646
TH2_HKNPDCAD_01401	632.490690929079	-0.716459598023454	0.3266550443377	-2.19332170264228	0.0282842090749007	0.19662647819615
TH2_HKNPDCAD_01402	25.7421166802591	-0.547176216925826	0.401361114012496	-1.36330152030819	0.172787503093965	0.501533828346356
TH2_HKNPDCAD_01403	5.13468994863282	-0.123892044309706	0.762241546967164	-0.162536462100042	0.870883417402219	0.957892583772264
TH2_HKNPDCAD_01404	315.17803562092	0.755950004472997	0.284248932969735	2.65946470431777	0.00782649299941571	0.0912573049545117
TH2_HKNPDCAD_01405	326.325752516908	0.278218709033677	0.26971522565082	1.03152763572148	0.302293455476403	0.633561922890416
TH2_HKNPDCAD_01406	140.14492314624	0.382191222738151	0.255708755126373	1.49463487297989	0.13500975973179	0.437182582681715
TH2_HKNPDCAD_01407	490.277141860366	0.395641415808472	0.318187360117833	1.24342279235088	0.21371207562134	0.548566900167747
TH2_HKNPDCAD_01408	146.322065068015	-0.369148376752253	0.258751628695502	-1.42665141322324	0.15368039687233	0.473219996792728
TH2_HKNPDCAD_01409	241.96237275026	-0.316589251239773	0.303049421330624	-1.04467861990859	0.29617152947028	0.630089770348113
TH2_HKNPDCAD_01410	99.8095688533951	-1.5248730044976	0.400252515789956	-3.80977743884519	0.00013909194511706	0.00464145796438227
TH2_HKNPDCAD_01411	412.439774047574	-0.586385560256537	0.262954215841029	-2.22999109704726	0.0257480339308847	0.18641867504197
TH2_HKNPDCAD_01412	5611.18233391345	-1.32835825680236	0.347088118366566	-3.82714989799639	0.000129635576451808	0.00440074148935079
TH2_HKNPDCAD_01413	87.373403495252	1.01533435049797	0.410192738938534	2.47526163706695	0.0133138601380191	0.124507687931574
TH2_HKNPDCAD_01414	104.943479992842	0.212009256304055	0.285639215556256	0.742227414016616	0.457949561616111	0.755611593923438
TH2_HKNPDCAD_01415	9.07832524502608	-1.03501885852103	0.783177452392554	-1.32156365758375	0.186313491864334	0.519327329688188
TH2_HKNPDCAD_01416	34.3872420162367	-0.331189744667601	0.358061072395859	-0.92495322781542	0.354990237356494	0.677468338305803
TH2_HKNPDCAD_01417	1001.73918652882	-0.304044403944052	0.28288985473715	-1.07478016214671	0.282473164129232	0.619222836315412
TH2_HKNPDCAD_01418	845.462289901869	-0.109767478895407	0.281889205830906	-0.389399369060098	0.696980738697217	0.875286845468737
TH2_HKNPDCAD_01419	21.2675317213311	-0.0741493366216136	0.437071867728228	-0.16965021566595	0.865285228525509	0.955269272439586
TH2_HKNPDCAD_01420	7.7013391587439	0.704370074287006	0.651324478071857	1.08144265723312	0.27950025525117	0.618350586282909
TH2_HKNPDCAD_01421	626.069798509112	0.0398701455275226	0.24019483583073	0.165990852341305	0.868164149080409	0.95682851605809
TH2_HKNPDCAD_01422	46.2780662904001	-0.212534308483323	0.370816249375904	-0.573152629748629	0.566541354914657	0.820596492029538
TH2_HKNPDCAD_01423	85.978770419164	-0.17958852332822	0.312468654458364	-0.574740924460152	0.565466525400413	0.819734561426052
TH2_HKNPDCAD_01424	18.8921300150916	-0.392602166414055	0.48683371502379	-0.806439969743815	0.419989208254442	0.732775883734027
TH2_HKNPDCAD_01425	2093.90217158815	0.0753674753145167	0.240215649425546	0.313749231137735	0.753711506280363	0.900372592203685
TH2_HKNPDCAD_01426	1830.13602631536	0.934043149499641	0.527372497162766	1.77112601533971	0.0765397487575221	0.326952293442549
TH2_HKNPDCAD_01427	2624.22925282692	1.42161741127301	0.59127012708042	2.40434506355443	0.0162014723421807	0.139100253521156
TH2_HKNPDCAD_01428	157.681968208504	-0.552387107882506	0.331519091344292	-1.66623015779455	0.0956675814484668	0.367610211772744
TH2_HKNPDCAD_01429	912.4981326522	-0.18710168535327	0.251020816149375	-0.745363226139506	0.456052168469235	0.754347665560922
TH2_HKNPDCAD_01430	265.085838562972	0.00255780047648112	0.447553191918839	0.00571507593435946	0.995440053971069	0.998221846320807
TH2_HKNPDCAD_01431	5485.913125725	0.900251977342358	0.299756698456619	3.0032755964339	0.00267090440993512	0.0437413929882665
TH2_HKNPDCAD_01432	4.43425699102686	0.220333797826756	0.870381325560152	0.253146283538374	0.800155174250419	0.921937710842792
TH2_HKNPDCAD_01433	16.2744699222537	-0.533968476381261	0.536388259408385	-0.995488747218678	0.31949861449757	0.647711713571564
TH2_HKNPDCAD_01434	1.85174354581012	-0.497151010313595	1.26797017661847	-0.392084151095288	0.69499603749034	0.875104320357525
TH2_HKNPDCAD_01435	12.597149629461	-0.902119798811757	0.576450543407828	-1.5649561079059	0.117593201287661	0.407285641757128
TH2_HKNPDCAD_01436	367.0030979766	-0.725211509514684	0.335757361475644	-2.15992735446633	0.0307782937695362	0.204895498522912
TH2_HKNPDCAD_01437	111.639451381204	-0.0877857561131538	0.379722714289291	-0.231183842339951	0.817171981978995	0.93060580783074
TH2_HKNPDCAD_01438	149.443308754911	-0.175125730947033	0.249554668382312	-0.701752974938319	0.482833229764691	0.767272556482272
TH2_HKNPDCAD_01439	832.199915786985	0.514285017704	0.238358601092099	2.15761048834687	0.0309581285564486	0.205292842147937
TH2_HKNPDCAD_01440	882.61368586688	0.418472440686675	0.240943843215661	1.73680487163191	0.0824216188807286	0.342099771969729
TH2_HKNPDCAD_01441	341.333015673501	0.569912977187022	0.29937757330468	1.90365955237073	0.056954537435966	0.282637597963902
TH2_HKNPDCAD_01442	398.197077857413	-0.242266150098239	0.288409212380499	-0.840008362072071	0.400903698027064	0.718291630928601
TH2_HKNPDCAD_01443	757.758057465527	0.411126753365379	0.247416512984125	1.66167871500055	0.0965772111088854	0.369093808288992
TH2_HKNPDCAD_01444	339.980177859865	0.37163240464893	0.26051076996521	1.42655293943724	0.153708797241493	0.473219996792728
TH2_HKNPDCAD_01445	33.578905537066	-0.229534546113151	0.379473337189223	-0.604876610866323	0.545260984995965	0.807687198883885
TH2_HKNPDCAD_01446	102.795158527333	0.623873332137439	0.319927638313207	1.95004512716301	0.0511707405998978	0.269863163560024
TH2_HKNPDCAD_01447	59.3165466295044	-0.448384966459939	0.476737696627758	-0.9405276101127	0.346946994092461	0.670299884037377
TH2_HKNPDCAD_01448	7.5126340828445	-0.041556876708047	0.653082996175072	-0.063631846107515	0.949263373590374	0.986202686060854
TH2_HKNPDCAD_01449	5.93692989569198	-1.48626953709718	0.789171652042828	-1.88332859302518	0.0596558508001029	0.28930547890381
TH2_HKNPDCAD_01450	16.8658357722076	0.0266417333233733	0.513433539076718	0.0518893513876826	0.958616859207918	0.988479243501499
TH2_HKNPDCAD_01451	317.771531844092	0.1339166968622	0.311264079330913	0.430234986157299	0.667024714505578	0.86660620871618
TH2_HKNPDCAD_01452	1877.50817009741	0.580874657882088	0.238059685225726	2.44003791457301	0.0146857205001418	0.13183713359672
TH2_HKNPDCAD_01453	60.935628057314	0.323390756436129	0.30832753564254	1.04885460768918	0.294245039903379	0.627935085156004
TH2_HKNPDCAD_01454	1099.71259361581	-0.508412254975029	0.326237961013551	-1.5584092464148	0.119136266133101	0.410411626477336
TH2_HKNPDCAD_01455	6332.99719595855	0.277656816933581	0.307980127588418	0.901541340045937	0.36730056398421	0.689610258957921
TH2_HKNPDCAD_01456	1371.81277558998	-0.599937416721933	0.384965693512021	-1.55841787159977	0.119134222827998	0.410411626477336
TH2_HKNPDCAD_01458	60.9941909309955	-0.0859050781825017	0.355238577934339	-0.241823618037284	0.808916837413085	0.925703158304248
TH2_HKNPDCAD_01459	144.827712770296	-1.3963389216651	0.342035088410976	-4.082443494766	4.4564649517067e-05	0.00167671278389158
TH2_HKNPDCAD_01460	523.202230556262	0.560096105082062	0.426504635112004	1.31322395812879	0.189107493190579	0.521925801715646
TH2_HKNPDCAD_01461	25.5515506003464	-0.826686457007098	0.53487906011085	-1.54555771324413	0.122211420490427	0.415697240500283
TH2_HKNPDCAD_01462	2569.12757358995	0.0108280345643669	0.245159840552474	0.0441672442760837	0.964771091843252	0.990154751533576
TH2_HKNPDCAD_01463	19.0729743796265	0.167994467753402	0.473188626080349	0.355026428139201	0.722569792443559	0.889503543723747
TH2_HKNPDCAD_01464	306.145368045006	-0.0939446086271674	0.235151232624668	-0.39950719194024	0.689519525528832	0.873330700486242
TH2_HKNPDCAD_01465	38.3543478293095	0.209901803425893	0.368959911946049	0.568901380962454	0.569423068151692	0.822678310976768
TH2_HKNPDCAD_01466	3.04043468441022	-0.536592169756636	0.972698242574685	-0.551653273615775	0.581185929437513	0.825938196367257
TH2_HKNPDCAD_01467	9.65456027497231	0.731043646847107	0.718391741524565	1.01761142924011	0.308862653641272	0.639688873763702
TH2_HKNPDCAD_01468	8.16099004088056	-1.33360474468569	0.768910478314305	-1.73440833789829	0.082845656713875	0.342573709177986
TH2_HKNPDCAD_01469	32.508574481434	-0.29332459140099	0.426823432927405	-0.687227009513507	0.491939686454439	0.773575711626905
TH2_HKNPDCAD_01470	447.560460067433	0.983545195454805	0.52034920658933	1.89016372658955	0.05873606631731	0.287666647446209
TH2_HKNPDCAD_01471	167.227492580011	-0.123790464449926	0.381494239345968	-0.324488423893771	0.745568284953403	0.900372592203685
TH2_HKNPDCAD_01472	39.1277159334228	0.19875464535879	0.347344008893107	0.57221267754745	0.567177899800874	0.821057794785272
TH2_HKNPDCAD_01473	4.69571278943175	-0.240959042393945	0.815384115946874	-0.295515987718413	0.767599740974897	0.906102516052206
TH2_HKNPDCAD_01474	131.255917936319	-0.0111666093312888	0.309252956573388	-0.0361083349210887	0.97119597635736	0.991109785264812
TH2_HKNPDCAD_01475	153.420091172814	-1.90113271874725	0.3273125934492	-5.80830911121758	6.31069252183843e-09	3.99365553912886e-07
TH2_HKNPDCAD_01476	36.6655263482079	-1.70014927962823	0.569497706587235	-2.98534877307324	0.00283255157434059	0.0455161735738867
TH2_HKNPDCAD_01477	481.383187173789	0.0324693901655739	0.287289821182794	0.113019633037798	0.910014990027935	0.972063082499604
TH2_HKNPDCAD_01478	237.672331408803	0.372467987251689	0.243417362233406	1.53016195654335	0.125976645507371	0.421981224650879
TH2_HKNPDCAD_01479	1959.55835215942	1.60001028402526	0.595522218143371	2.68673482748222	0.00721542095305371	0.0878533202027394
TH2_HKNPDCAD_01480	33.0474699589303	1.30133157860044	0.653799816856781	1.99041288334515	0.0465454718586809	0.25710354390905
TH2_HKNPDCAD_01481	8.33779098847485	0.345982683150685	0.638759486430732	0.541647819720019	0.588061142585585	0.829727887942116
TH2_HKNPDCAD_01482	1.27458001162369	-2.74400321507675	1.74915315810366	-1.56876097576936	0.116703644610925	0.405574835441086
TH2_HKNPDCAD_01483	229.558670110076	0.725243401583687	0.422932674535622	1.71479633816423	0.0863825731502184	0.349760718774107
TH2_HKNPDCAD_01484	233.092125984422	1.07597298762252	0.47229170696564	2.27819580939793	0.0227149138530918	0.169485659986824
TH2_HKNPDCAD_01485	681.923997968561	0.192818631503262	0.227553442518669	0.847355370101432	0.396797072658249	0.71515537312447
TH2_HKNPDCAD_01486	1319.42250095654	-0.465386783337194	0.375159245988895	-1.24050463453317	0.214788801066308	0.549787097007007
TH2_HKNPDCAD_01487	1352.75633714022	0.810226696241042	0.396338895707133	2.04427752364669	0.0409261383752889	0.240306283289497
TH2_HKNPDCAD_01488	257.497039428246	-0.102069460504655	0.361885343966032	-0.282049168905374	0.777905808753977	0.913036109862478
TH2_HKNPDCAD_01489	2625.18609483818	-0.0974848179837407	0.23376422168907	-0.417021977441036	0.676662332540894	0.869307804925735
TH2_HKNPDCAD_01490	893.583815261328	-0.299476998947087	0.228735242999203	-1.30927352960703	0.190441712775758	0.523723901507469
TH2_HKNPDCAD_01491	2574.74033691065	0.671541354492813	0.263885002487266	2.54482576941908	0.0109332275419827	0.111276688324426
TH2_HKNPDCAD_01492	958.142216341099	-0.464961634081477	0.232580466403337	-1.99914309774901	0.0455928731809432	0.253563525483335
TH2_HKNPDCAD_01493	144.169172273817	-0.107059725236236	0.270749238282799	-0.395420226905352	0.692532783905786	0.874149975449658
TH2_HKNPDCAD_01494	440.350619387076	0.509517395857685	0.383753916420262	1.3277190773988	0.184270928792495	0.516724716077862
TH2_HKNPDCAD_01495	2107.89390879481	-0.552647781917585	0.324421734563178	-1.70348568865679	0.088477213990895	0.352914562759175
TH2_HKNPDCAD_01496	41.7704116889351	-0.185108480542755	0.399409425692274	-0.463455463580804	0.643037930933049	0.854759170674226
TH2_HKNPDCAD_01497	216.463601279007	0.609177065490754	0.558037525621894	1.09164175798369	0.274990594179759	0.615827371015562
TH2_HKNPDCAD_01498	59.5720014818147	-0.90187957896571	0.457592647325318	-1.97092235689822	0.0487327574662495	0.263784704088696
TH2_HKNPDCAD_01499	56.5118525367741	1.54452293257561	0.613096865031648	2.51921518550887	0.011761675193002	0.116457146341546
TH2_HKNPDCAD_01500	151.359308423466	0.329153298022386	0.381295266653718	0.863250417218827	0.38799979901757	0.707968285170422
TH2_HKNPDCAD_01501	82.1903663384911	0.777172046367763	0.363792424582421	2.13630629406272	0.0326544561997143	0.211881952505995
TH2_HKNPDCAD_01502	161.447163475957	0.377807609054053	0.413821488848137	0.912972427086066	0.361257043309469	0.684029443600942
TH2_HKNPDCAD_01503	68.4531373720557	0.0791571684187224	0.433603588776639	0.182556534280666	0.855145991723309	0.951688743719861
TH2_HKNPDCAD_01504	428.839998928056	0.200312642612017	0.432502272842706	0.46314818485328	0.643258153696904	0.854759170674226
TH2_HKNPDCAD_01505	124.968327849558	0.456999825103516	0.432131445384783	1.05754818350835	0.290261476513596	0.62469697707948
TH2_HKNPDCAD_01506	1.83950728175807	1.86904918913277	1.73808448935446	1.07535001927722	0.282218049784331	0.619222836315412
TH2_HKNPDCAD_01507	516.701579028073	0.821312343060745	0.438525207333353	1.87289653895861	0.0610826732231011	0.292352738507578
TH2_HKNPDCAD_01508	239.734977302661	0.757530185896241	0.409225396755801	1.85113189919707	0.0641505799690946	0.301407766197598
TH2_HKNPDCAD_01509	88.570204810714	0.928517103654245	0.494736294848935	1.87679196639042	0.0605466119647512	0.290892871667314
TH2_HKNPDCAD_01510	2.5929071184564	-2.90904392785044	1.34364482135222	-2.16503936280038	0.0303846709505665	0.203895679590421
TH2_HKNPDCAD_01511	2.63643695702843	-0.561377100862832	1.0397321974152	-0.53992470586025	0.589248959036555	0.830033021165535
TH2_HKNPDCAD_01512	449.456987866035	-0.130041457625648	0.356125839842596	-0.365155917029567	0.714995022638995	0.88497949858239
TH2_HKNPDCAD_01513	530.175333671068	0.0874337208501193	0.385095884269965	0.227044028309649	0.820389506365155	0.931616439882097
TH2_HKNPDCAD_01514	167.501865077883	0.277208475432859	0.417640573850175	0.663748909444572	0.506851030110844	0.783509764881842
TH2_HKNPDCAD_01515	157.147907222682	0.816645470107746	0.313020082306314	2.60892356838817	0.00908275266956701	0.0980172424930536
TH2_HKNPDCAD_01516	596.547620267456	-0.47285174083212	0.329071843578214	-1.43692555306614	0.150739148291321	0.468027053447955
TH2_HKNPDCAD_01517	69.3109909018996	-1.18152534429687	0.411768590195558	-2.86939162536837	0.00411262241380199	0.0588863198132653
TH2_HKNPDCAD_01518	174.98170733651	-0.64182822264336	0.347222085778803	-1.84846600758062	0.0645349574628785	0.302114008109765
TH2_HKNPDCAD_01519	212.064958939395	0.151960457204061	0.275064722686643	0.552453457934612	0.580637713492729	0.825387942141911
TH2_HKNPDCAD_01520	6.5139794828653	-0.0462304017800411	0.707842904262244	-0.0653116694420002	0.947925851312057	0.985612152905802
TH2_HKNPDCAD_01521	1.98132111507288	0.786805214154687	1.26915820655604	0.619942580909391	0.535295590498183	0.800404043659619
TH2_HKNPDCAD_01522	6.02979902081235	1.37822603555771	0.812746211423689	1.69576433108617	0.0899305199772595	0.354330396159441
TH2_HKNPDCAD_01523	13.0515514211757	-0.208371012157489	0.536125766638539	-0.388660693299553	0.697527162852759	0.875286845468737
TH2_HKNPDCAD_01524	9.3620954998721	0.290167676450678	0.714785969492692	0.405950436683333	0.684779017995615	0.873330700486242
TH2_HKNPDCAD_01525	91.3557581434434	-0.288000584778162	0.347537134772287	-0.828690105208082	0.407279786244497	0.722210562644389
TH2_HKNPDCAD_01526	22.9139582974694	-0.508057253978753	0.477871156060753	-1.06316785923393	0.287705835172164	0.623849454776867
TH2_HKNPDCAD_01527	13.2203581939247	0.518039291706561	0.589703043477335	0.878474848377598	0.379686081179896	0.701973242450413
TH2_HKNPDCAD_01528	2.94069696685255	0.191060114992096	1.14555461933525	0.166783941828078	0.867540054267835	0.95682851605809
TH2_HKNPDCAD_01529	4.48063225199434	-0.158131868206739	0.931083464038283	-0.169836404913574	0.865138795835787	0.955269272439586
TH2_HKNPDCAD_01530	7.89658116965427	0.0762569588725323	0.723304211129912	0.105428611777895	0.916035713657012	0.974280352729459
TH2_HKNPDCAD_01531	2.80820516073357	-0.713557751134925	1.05632612842162	-0.675508947412985	0.499352468709504	0.778577383118692
TH2_HKNPDCAD_01532	12.2562792654935	-0.425029024434403	0.703228282136822	-0.604396943682235	0.54557976726323	0.807687198883885
TH2_HKNPDCAD_01533	2.00406409358532	-1.72510978681249	1.4737945533659	-1.17052256901929	0.241790737199182	0.579385099711286
TH2_HKNPDCAD_01534	39.0769309398545	-0.357149980080928	0.412210993463634	-0.866425169983819	0.386257045930258	0.706286761769014
TH2_HKNPDCAD_01535	22.5453958343487	-0.0431684575599786	0.572530936353106	-0.0753993449418682	0.939896980388413	0.982046503175985
TH2_HKNPDCAD_01536	2.55614448583937	-0.478039842117603	1.09206562071223	-0.437739118466005	0.661575408808863	0.864669950421783
TH2_HKNPDCAD_01537	8.24128459816158	-0.0373180955199898	0.727821149440115	-0.0512737168309786	0.959107411478705	0.988479243501499
TH2_HKNPDCAD_01538	22.679106939025	-1.02335889160851	0.554667783205636	-1.84499428774126	0.065038369563311	0.30307880216503
TH2_HKNPDCAD_01539	188.304144279037	0.11999552876995	0.243976763977343	0.491831790920437	0.622838260538798	0.846602186377466
TH2_HKNPDCAD_01540	286.837518043703	-0.254079238352897	0.261446463586304	-0.971821285580422	0.331139464603946	0.658155102499738
TH2_HKNPDCAD_01541	13.9559982554779	0.898563935007932	0.547844903651399	1.64017941760338	0.10096786753512	0.378334275573848
TH2_HKNPDCAD_01542	106.210904961038	-0.640624263802813	0.287045069062065	-2.23178982274834	0.0256288572851045	0.18608147654879
TH2_HKNPDCAD_01543	295.097578351887	0.706717720742083	0.344899348471298	2.04905496016295	0.0404567409890929	0.239107756382563
TH2_HKNPDCAD_01544	209.407499453953	0.262405057921688	0.39246377768795	0.668609621676546	0.503744533281596	0.780354934300835
TH2_HKNPDCAD_01545	72.4604913989151	-0.0876316901934783	0.397804886559883	-0.220288119010541	0.825646772566721	0.935307261033594
TH2_HKNPDCAD_01546	591.74962844529	-0.464366858388877	0.246235687578793	-1.88586334887092	0.0593133715947096	0.288737267611094
TH2_HKNPDCAD_01547	77.777824003296	-0.0982206841663672	0.528388935434211	-0.185887094864416	0.852533302627981	0.950322993958414
TH2_HKNPDCAD_01548	90.3464485723379	-0.247091876353006	0.818352147794643	-0.30193832449623	0.762699079647514	0.903774875396031
TH2_HKNPDCAD_01549	73.3229135401401	-0.123271716900221	0.422889341175522	-0.291498756051779	0.770669895116877	0.908070914328579
TH2_HKNPDCAD_01550	1578.62243165584	0.302073767224807	0.285825816234768	1.05684563838241	0.290582041695347	0.62469697707948
TH2_HKNPDCAD_01551	1550.79943530709	0.23214722810888	0.232369584837495	0.999043090218669	0.317773817735921	0.647711713571564
TH2_HKNPDCAD_01552	156.221322723905	-0.416970521015136	0.62889642122314	-0.663019389113664	0.50731813629524	0.783759121955817
TH2_HKNPDCAD_01553	110.387331226534	-0.149132311650878	0.576612317480931	-0.258635320699353	0.795916628264911	0.920132755184018
TH2_HKNPDCAD_01554	242.339436930916	-0.120262458745183	0.231836974858072	-0.518737180809087	0.603944029976707	0.836255293803512
TH2_HKNPDCAD_01555	720.444412551319	0.89521997176104	0.53994638035155	1.6579793926541	0.0973216258567916	0.370294944734318
TH2_HKNPDCAD_01556	10406.279157455	0.306233781150337	0.294715653018542	1.03908217298207	0.298766521117127	0.632286283492746
TH2_HKNPDCAD_01557	13098.1670621902	0.0403479972960552	0.334954246982097	0.120458234697982	0.904120162559122	0.969906249760393
TH2_HKNPDCAD_01558	8876.25701764957	0.829991057825089	0.354273893035282	2.34279486618121	0.0191399031886261	0.152583427285999
TH2_HKNPDCAD_01559	1019.50576345708	-0.615723509115634	0.338627260320407	-1.81829279938372	0.0690193927697225	0.311249876152606
TH2_HKNPDCAD_01560	561.079072241707	0.898780452435325	0.347588497674895	2.58576005376325	0.00971645449413531	0.103547912135005
TH2_HKNPDCAD_01561	189.696048408526	0.129496385517785	0.275397751219982	0.470215842156046	0.638200816819169	0.852915190669906
TH2_HKNPDCAD_01562	4003.95084929077	0.394112656642423	0.268934685187501	1.46545863493825	0.142795830099224	0.452672495416588
TH2_HKNPDCAD_01563	1779.72090094032	0.24394545081048	0.244867725499997	0.996233580037413	0.319136667166353	0.647711713571564
TH2_HKNPDCAD_01564	397.125267976243	-0.239595264244371	0.25461348762312	-0.941015601651948	0.346696864011322	0.670299884037377
TH2_HKNPDCAD_01566	869.10788380576	0.240628149226709	0.318756132620325	0.75489731679398	0.450310595872983	0.751399768825315
TH2_HKNPDCAD_01567	73.9905440756483	-0.475571534545766	0.343913222153048	-1.38282422399604	0.166718769433636	0.493133532669832
TH2_HKNPDCAD_01569	1408.47182964241	0.0931805496946909	0.227309235005588	0.409928570180619	0.681858346607683	0.872058615747665
TH2_HKNPDCAD_01570	866.158211246878	0.312086820111197	0.390232869629037	0.799745086588614	0.423858504749668	0.735013090442082
TH2_HKNPDCAD_01571	117.066132573903	-0.131948369373027	0.310661746214235	-0.424733237937941	0.671031150967601	0.86660620871618
TH2_HKNPDCAD_01572	12467.3749389421	0.751662965589189	0.370059178622468	2.03119665451139	0.0422350496339394	0.244905955230286
TH2_HKNPDCAD_01573	3428.05976049487	0.161862443259214	0.232478269636542	0.696247625691083	0.486273766550474	0.769497361529601
TH2_HKNPDCAD_01574	389.075762959765	-0.0998035371789984	0.258172481520679	-0.386576975947007	0.699069405775939	0.875715976052655
TH2_HKNPDCAD_01575	292.485721945931	0.317354358941128	0.225464117524216	1.40756038001055	0.159261286280307	0.483225521125405
TH2_HKNPDCAD_01576	186.107118143064	0.550344624104426	0.273594308400623	2.01153535437791	0.04426893987076	0.249914742045722
TH2_HKNPDCAD_01577	775.970980249484	0.647637792997122	0.252478427289785	2.56512130540875	0.0103139739503812	0.107677047799702
TH2_HKNPDCAD_01578	291.887289210604	0.631211714816366	0.261598024054958	2.4129070435324	0.0158258552214692	0.137258519682564
TH2_HKNPDCAD_01579	1004.84272176528	0.658715524520664	0.252132325760428	2.61257862328437	0.00898620202989512	0.0973853522309564
TH2_HKNPDCAD_01580	929.080558672804	0.494461076454448	0.241446848329994	2.04790859716939	0.040568956319572	0.239107756382563
TH2_HKNPDCAD_01581	811.529404328344	-0.154525301409788	0.21137459950575	-0.731049528993123	0.464748900756863	0.757729918982086
TH2_HKNPDCAD_01582	41.7297108074006	-0.570864728604116	0.416180005688816	-1.37167744918279	0.170163871593101	0.49871927146154
TH2_HKNPDCAD_01583	588.04190253729	0.540834163801779	0.246620450630351	2.19298181646912	0.0283086892135697	0.19662647819615
TH2_HKNPDCAD_01584	36.7297195107902	0.597544085996318	0.471615491521033	1.26701539016275	0.205149786948932	0.540695338410604
TH2_HKNPDCAD_01585	130.404613557966	0.636932742661373	0.39601092446356	1.60837164662608	0.107753807587483	0.391579291068792
TH2_HKNPDCAD_01586	357.203386340223	-0.211326569698683	0.217604923547197	-0.971147923741014	0.331474622018059	0.658200061877298
TH2_HKNPDCAD_01587	115.056038540913	0.360237538926053	0.33246161767184	1.08354624948504	0.278566033980458	0.617883812282054
TH2_HKNPDCAD_01588	389.832531914774	0.838670175155423	0.34489144495794	2.43169318177115	0.0150284317630629	0.133555638932557
TH2_HKNPDCAD_01589	562.184556582834	0.430040301083204	0.345390379351507	1.24508477013932	0.213100591746251	0.548492125550683
TH2_HKNPDCAD_01590	383.408445013618	0.293867726196961	0.295547840453826	0.994315254497259	0.32006941140289	0.647711713571564
TH2_HKNPDCAD_01591	509.086636464479	0.103354235791182	0.217963747795724	0.474180852717059	0.635370946131124	0.852895012489516
TH2_HKNPDCAD_01592	0.179536633471849	-1.19700691208727	4.0804728567969	-0.293350048902641	0.76925460189368	NA
TH2_HKNPDCAD_01593	389.542647594345	0.111577084289311	0.338842115551288	0.329289303685812	0.741937028146629	0.899306977129256
TH2_HKNPDCAD_01594	244.224416261953	-0.230567894791113	0.361643134437855	-0.637556399762746	0.523762485145794	0.794086512528052
TH2_HKNPDCAD_01595	223.202905109577	-0.622626338200828	0.359748154905641	-1.73072837125221	0.0835002225647617	0.343792884230497
TH2_HKNPDCAD_01596	355.49420629391	-0.261128461865512	0.296951753688443	-0.879363258920111	0.379204346624578	0.701973242450413
TH2_HKNPDCAD_01597	1547.6320414675	0.443154033918637	0.346061394169375	1.2805647823916	0.200346576634991	0.534544043603382
TH2_HKNPDCAD_01598	1188.42597599041	-0.840343263610638	0.373763880577717	-2.24832657000388	0.0245553736685832	0.18033072410481
TH2_HKNPDCAD_01599	411.554166141458	-0.0486163993814082	0.253555610524286	-0.191738606299747	0.847946963555398	0.948619846177427
TH2_HKNPDCAD_01600	267.68241126093	0.930347264731411	0.292186477045046	3.1840873477111	0.00145211187198995	0.0287394805244033
TH2_HKNPDCAD_01601	113.559631353145	0.635151389826796	0.290818842679218	2.18401044435552	0.028961480600512	0.199203955670137
TH2_HKNPDCAD_01602	62.3732277652961	0.318204182598249	0.34064079252698	0.934134107185784	0.350234720217245	0.673033854678595
TH2_HKNPDCAD_01603	3294.20028922436	0.426325466017415	0.280737824441332	1.51858933460713	0.128865897406339	0.426722603426935
TH2_HKNPDCAD_01604	131.521586004094	0.340406516965892	0.288742657069023	1.17892700864258	0.23842724192408	0.574062020715281
TH2_HKNPDCAD_01605	35.6700492475435	-0.0468951879756599	0.447055813689016	-0.104897837226833	0.916456875144417	0.974280352729459
TH2_HKNPDCAD_01606	112.263567103768	-0.0351584469899755	0.338898238812614	-0.103743374746233	0.917373004275814	0.974280352729459
TH2_HKNPDCAD_01607	1119.98962777638	0.6365489042726	0.328363260502483	1.93855093075428	0.0525560434602674	0.273727198993267
TH2_HKNPDCAD_01608	2.17147674329893	-2.55051649672551	1.44600270886344	-1.76383936288074	0.0777590281988094	0.329970893910818
TH2_HKNPDCAD_01609	19.7031105294457	-0.149673584319602	0.60054713679722	-0.249228703541618	0.803183877583863	0.923742552500534
TH2_HKNPDCAD_01610	1163.50021671769	0.368085126993381	0.263201753265719	1.39849040679366	0.161965851455674	0.486236892365282
TH2_HKNPDCAD_01611	255.881460761483	0.261035677582833	0.344489371376885	0.757746680367824	0.448602647818687	0.751399768825315
TH2_HKNPDCAD_01612	11.7541719508995	-0.718249287178505	0.528455695087361	-1.35914759525823	0.174099823397682	0.502676267739982
TH2_HKNPDCAD_01613	3.31787405572867	-1.34747498994917	1.05272968805282	-1.27998194146261	0.200551487077076	0.534544043603382
TH2_HKNPDCAD_01614	0.333425593917075	-0.23522305224084	3.08916346662995	-0.0761445791981514	0.939304073993694	NA
TH2_HKNPDCAD_01615	68.329824619947	-0.518501548856957	0.370885894722971	-1.39800827217828	0.162110583115932	0.486236892365282
TH2_HKNPDCAD_01616	11.2877001870574	-0.697963210514007	0.567796592934785	-1.22924867672493	0.218978583521163	0.552658182652743
TH2_HKNPDCAD_01617	67.1547851367533	-0.66348972004002	0.392324961112114	-1.69117386301204	0.0908036013577169	0.355926763233453
TH2_HKNPDCAD_01618	82.8159764565055	-0.749873263061876	0.275334384029399	-2.72350024754557	0.00645941672009877	0.0826479929447431
TH2_HKNPDCAD_01619	161.922090446263	-0.173227477794951	0.408685120780145	-0.423865389237257	0.671663986812253	0.866805034340284
TH2_HKNPDCAD_01620	90.6464107150124	-0.429418627827058	0.431554352652871	-0.995051087278613	0.319711418115628	0.647711713571564
TH2_HKNPDCAD_01621	140.333842168563	0.118373507202836	0.342166890342707	0.345952546969919	0.72937837722042	0.891814936187898
TH2_HKNPDCAD_01622	231.35123298061	-0.00540565929416044	0.269559289421218	-0.0200536932181679	0.98400054016676	0.993869420465992
TH2_HKNPDCAD_01623	49.7980723038333	-0.423779611682224	0.330844354076054	-1.28090325998069	0.200227647630097	0.534544043603382
TH2_HKNPDCAD_01624	504.167705359073	0.13441519618522	0.213929665868609	0.628314897980418	0.529797674014257	0.796104744804923
TH2_HKNPDCAD_01625	15.6932869462923	0.104345457456163	0.574163727439907	0.18173467335079	0.855790953662035	0.951916250058615
TH2_HKNPDCAD_01626	4.68425563902819	-0.0425862619169925	0.827318427191071	-0.0514750554530524	0.958946978358466	0.988479243501499
TH2_HKNPDCAD_01627	1012.27537979498	0.497908964250685	0.300340119012133	1.65781703053321	0.0973544027753126	0.370294944734318
TH2_HKNPDCAD_01628	2698.17912826509	0.546112932838655	0.287542733943984	1.89924094185264	0.0575328039256239	0.284116717651973
TH2_HKNPDCAD_01629	1097.35967634265	0.790534184640098	0.328282587447759	2.40809051368251	0.0160362046547917	0.138571170354439
TH2_HKNPDCAD_01630	1121.9168725862	0.103788234363249	0.233805031995992	0.443909326831891	0.657108141060231	0.862349291109766
TH2_HKNPDCAD_01631	241.188433587828	0.000621644910717447	0.239522607996592	0.00259534962447591	0.997929212929494	0.998912870506935
TH2_HKNPDCAD_01632	1450.96128642834	0.13255442980452	0.385787042647552	0.343594820849437	0.731151020202382	0.891814936187898
TH2_HKNPDCAD_01633	537.888722462517	0.0876309666421296	0.231682173796147	0.378237847160544	0.70525391224714	0.879449937947696
TH2_HKNPDCAD_01634	212.196737120298	0.0671075475810841	0.234181444315793	0.286562190173316	0.774447568574501	0.910740163386049
TH2_HKNPDCAD_01635	7262.05536407189	0.617218504562207	0.461602607377249	1.33712092327455	0.181183168467712	0.512098520646558
TH2_HKNPDCAD_01636	417.004816432869	0.0872638744735739	0.302964929595082	0.288032923778351	0.773321536574052	0.910019787988657
TH2_HKNPDCAD_01637	1477.827170587	-0.910370845387139	0.549074163420428	-1.65801071337255	0.0973153039892638	0.370294944734318
TH2_HKNPDCAD_01638	683.163055650262	0.344234517350109	0.250955136537718	1.371697436041	0.17015764692331	0.49871927146154
TH2_HKNPDCAD_01639	125.931558235962	-0.110781400032815	0.396959400080893	-0.279074887785098	0.78018735445303	0.914060966483782
TH2_HKNPDCAD_01640	96.5591534675421	-0.544649178679841	0.683965724543094	-0.796310632442407	0.425851507139292	0.737969853142667
TH2_HKNPDCAD_01641	23.9275520959672	-0.840551565162926	0.556148761969037	-1.51137900979401	0.130691914115081	0.429440225483274
TH2_HKNPDCAD_01642	454.976643100509	-0.321705098357028	0.358065979740189	-0.898452007617299	0.368944620364128	0.690810100413199
TH2_HKNPDCAD_01643	1793.35118014329	0.387287189251871	0.262200763089671	1.47706354736817	0.139658603763357	0.447151781943141
TH2_HKNPDCAD_01644	674.069343817423	-0.0272691101304692	0.245685006466999	-0.110992162373295	0.911622561850449	0.972634113710269
TH2_HKNPDCAD_01645	214.610421821964	0.0836000171332546	0.25728182202529	0.324935576385326	0.74522983055072	0.900372592203685
TH2_HKNPDCAD_01646	109.010134379875	0.0172912030796324	0.28247828917691	0.0612125028440796	0.951189972576481	0.987495207402243
TH2_HKNPDCAD_01647	80.684831356221	-0.205265386500051	0.288277771726046	-0.712040284171191	0.476439830833503	0.765425596739962
TH2_HKNPDCAD_01648	35.062975070896	0.31078895449134	0.38621797427716	0.804698318541512	0.420993790129348	0.73304305614099
TH2_HKNPDCAD_01649	231.194232755131	0.175354686455766	0.22886151827498	0.766204330800057	0.443554731892833	0.747914985421928
TH2_HKNPDCAD_01650	1419.23052967845	0.528859795593164	0.26932941807631	1.96361689476981	0.0495745366464441	0.266372195859196
TH2_HKNPDCAD_01651	350.071317712129	-0.552216505996854	0.388496367449166	-1.42141999839705	0.155194696040258	0.475794265491844
TH2_HKNPDCAD_01652	176.65437102365	-0.189451128316808	0.405098640825072	-0.467666659979283	0.640022986786091	0.853275979019836
TH2_HKNPDCAD_01653	242.465212731364	-0.102534989146622	0.25464575522754	-0.402657366328377	0.687200301601375	0.873330700486242
TH2_HKNPDCAD_01654	699.933646904949	-0.249783076918443	0.232841007357498	-1.07276239590792	0.283377736804003	0.619310260361235
TH2_HKNPDCAD_01655	1182.67258380659	0.255247200615528	0.292607047598091	0.872320754782781	0.383033418194337	0.70399538526238
TH2_HKNPDCAD_01656	1.96238651847456	1.28204182696559	1.36871422257515	0.936676046628277	0.348925221200047	0.671897326773644
TH2_HKNPDCAD_01657	142.126625082995	0.55875528268458	0.286535929474805	1.95003566815767	0.0511718679243744	0.269863163560024
TH2_HKNPDCAD_01658	344.082355042825	0.110075435179068	0.289202353090307	0.380617356680689	0.703487200276494	0.879101752466433
TH2_HKNPDCAD_01659	422.843238795908	0.321009909134988	0.226941888982412	1.41450267543982	0.157214362390505	0.479120583599124
TH2_HKNPDCAD_01660	60.322520026166	0.754306397171078	0.364235364611167	2.07093124517529	0.038365221760448	0.230123516294793
TH2_HKNPDCAD_01661	7.30119122997264	-0.12005726361583	0.739311868303184	-0.162390553652786	0.870998309200648	0.957892583772264
TH2_HKNPDCAD_01662	10.1485795926826	-0.857543632920787	0.670402387979803	-1.27914764072502	0.200845069836152	0.534544043603382
TH2_HKNPDCAD_01663	1.28089255721693	-0.907263926245635	1.62276169849815	-0.559086356971142	0.576102785277159	0.823926844693718
TH2_HKNPDCAD_01664	2.37710381720373	0.427964497711379	1.16005868785767	0.368916247247561	0.712190152694671	0.883943516395372
TH2_HKNPDCAD_01665	163.524389158199	-0.313281031578592	0.384272793496142	-0.815256861482016	0.414925295993699	0.730134851529385
TH2_HKNPDCAD_01666	1.48210721457281	-1.94326570243133	1.64701351183512	-1.17987234984254	0.238050988551116	0.57396489525542
TH2_HKNPDCAD_01667	26.0575292382921	-0.432541374290652	0.461704787770265	-0.936835366987523	0.348843249830594	0.671897326773644
TH2_HKNPDCAD_01668	90.7347325789552	-0.233635531379888	0.370493226364507	-0.630606755412114	0.52829768071133	0.796104744804923
TH2_HKNPDCAD_01669	21.1292240183492	0.0687395728980488	0.45673209519774	0.150503048988244	0.880367745393223	0.961250947332621
TH2_HKNPDCAD_01670	21.9734878665608	-0.313527451434723	0.407229332248406	-0.769903900840509	0.441356899807674	0.746814134529959
TH2_HKNPDCAD_01671	25.740509313728	-0.284626521597425	0.425378349729295	-0.669113794292912	0.503422891208992	0.780328315795977
TH2_HKNPDCAD_01679	458.517226808136	0.161694683525984	0.365572969107575	0.442304812417361	0.658268649000609	0.862995727522965
TH2_HKNPDCAD_01680	194.479281889172	-0.032596860492828	0.328676520618789	-0.0991761152620788	0.920998438608356	0.974867839483399
TH2_HKNPDCAD_01681	964.654797481568	0.399640067828855	0.281987716359812	1.4172250940141	0.156417127276931	0.477832532082798
TH2_HKNPDCAD_01682	464.470434709776	0.220256836889709	0.3445803919922	0.639203048137152	0.522690849439953	0.793030932333349
TH2_HKNPDCAD_01683	699.454039623515	-0.0119090871345655	0.302451196659084	-0.0393752356284745	0.968591223699556	0.990384973702169
TH2_HKNPDCAD_01684	1259.66186609889	0.682288752540162	0.232319256220729	2.93685837170515	0.00331555486051984	0.050581947068526
TH2_HKNPDCAD_01685	124.881003654574	-0.716135339272232	0.48434031682995	-1.47857883060283	0.139252914022915	0.44641052988209
TH2_HKNPDCAD_01686	11.964777390964	-0.604178473619948	0.532626551140774	-1.13433788144043	0.256652844893734	0.593683430922961
TH2_HKNPDCAD_01687	1468.05726291628	-0.336423262721923	0.272940433151616	-1.23258858659114	0.217729297295968	0.55147463775751
TH2_HKNPDCAD_01688	1657.72188098082	0.0542624777049594	0.282756665027441	0.191905211853073	0.847816454856037	0.948619846177427
TH2_HKNPDCAD_01689	426.81767146952	0.155670848304276	0.337406464844891	0.461374823911092	0.644529710880968	0.854974038359031
TH2_HKNPDCAD_01690	263.493080771925	0.00253561937698797	0.425519848387868	0.00595887450748646	0.995245534167807	0.998221846320807
TH2_HKNPDCAD_01691	1519.87109530601	-0.583062923660334	0.233078575122024	-2.50157237041235	0.0123643169104073	0.119358735372407
TH2_HKNPDCAD_01692	29.3281363909083	-0.516978211615165	0.436618861700113	-1.18404919476485	0.236393589626517	0.571581858691285
TH2_HKNPDCAD_01693	84.5394790853075	-0.111375250877263	0.277449149832253	-0.401425814224339	0.688106646938564	0.873330700486242
TH2_HKNPDCAD_01694	128.771509991261	-0.408744313273222	0.256075866306011	-1.59618444006266	0.110447620532892	0.395933018207199
TH2_HKNPDCAD_01695	1136.74156202862	0.585838240982817	0.313902961945764	1.8663036415822	0.0619988956061302	0.294859853757002
TH2_HKNPDCAD_01696	5720.33751364377	0.936148560863234	0.346260165344906	2.70359878079174	0.00685930567172291	0.0849294707083373
TH2_HKNPDCAD_01697	2287.06620980906	0.359367167084196	0.265605824909587	1.35300935966493	0.176052640277801	0.504441494725551
TH2_HKNPDCAD_01698	911.385569605583	0.31490432611455	0.231518243128129	1.36017067968278	0.173775918648585	0.50212816177714
TH2_HKNPDCAD_01699	1609.08691038515	0.101490100021744	0.202436271114232	0.501343457193373	0.616129425991051	0.843528628508191
TH2_HKNPDCAD_01700	315.55119630873	0.653402144972349	0.26467002411481	2.46874253009065	0.01355887361706	0.125273669793952
TH2_HKNPDCAD_01701	9308.43643770782	0.561782882486244	0.287036525199666	1.95718256446792	0.0503260079668655	0.268440288072999
TH2_HKNPDCAD_01702	1827.47156653524	1.17514555538644	0.350350790324189	3.35419695870828	0.00079595684883573	0.0178169205551614
TH2_HKNPDCAD_01703	11.9711589992208	0.805074643281425	0.576620183683069	1.39619573865614	0.162655559603915	0.487354901959315
TH2_HKNPDCAD_01704	1835.38471692007	0.643898915208057	0.270106938684405	2.38386662091785	0.0171318103467641	0.143963376782808
TH2_HKNPDCAD_01705	492.049275484908	0.412062178940407	0.241589188216594	1.70563170472255	0.0880766725446876	0.352719549581304
TH2_HKNPDCAD_01706	2134.82900773057	0.860526230990234	0.289742143305191	2.96997261487026	0.00297826297452111	0.0469740800227545
TH2_HKNPDCAD_01707	1413.22229395988	0.614576674119209	0.250493645926055	2.45346213013574	0.014148843649239	0.128883529539356
TH2_HKNPDCAD_01708	858.254198232282	0.548111958228202	0.230480063817605	2.37813175313055	0.0174006073492486	0.144797911156247
TH2_HKNPDCAD_01709	3496.19870242061	0.843466657479221	0.236295298030741	3.56954482170649	0.000357602031982895	0.00983724427498054
TH2_HKNPDCAD_01710	591.256422922288	-0.218505508722938	0.255709976839924	-0.854505214944052	0.392825121163086	0.711275722741779
TH2_HKNPDCAD_01711	3580.81457583664	-0.00359074724452209	0.236926345243773	-0.0151555422881637	0.987908089698862	0.995286334079474
TH2_HKNPDCAD_01712	180.675078796887	0.634157255153519	0.304018589602545	2.08591604869484	0.0369862282841093	0.225973070541531
TH2_HKNPDCAD_01713	5.27729530127571	-0.37499397811753	0.807499561199199	-0.464389079742205	0.642369012537162	0.854759170674226
TH2_HKNPDCAD_01714	663.450737605462	0.796185824026779	0.274290742219558	2.90270760720559	0.00369951862260129	0.0545863381424214
TH2_HKNPDCAD_01715	2281.34100900678	0.941347554318159	0.306014022265735	3.07615823401947	0.00209686534722751	0.0364357009148753
TH2_HKNPDCAD_01716	243.230671663286	0.628774217328804	0.294011302719548	2.13860559615485	0.0324676239054208	0.211204365658867
TH2_HKNPDCAD_01717	132.186093105349	0.665561028155963	0.327209834660621	2.03404958425616	0.041946596373912	0.243784867361307
TH2_HKNPDCAD_01718	1879.76361149227	0.558946500654808	0.275910628231981	2.02582446438002	0.0427827759824387	0.247017198187523
TH2_HKNPDCAD_01719	181.487165805786	0.802227901098106	0.34187482703973	2.34655446276797	0.0189478968097349	0.152073843620957
TH2_HKNPDCAD_01720	1044.25293576669	0.81998015357563	0.319589198360102	2.56573175120801	0.0102958417097032	0.107677047799702
TH2_HKNPDCAD_01721	2525.3151153959	0.950604585367934	0.323553644735018	2.93801229204651	0.00330323926580252	0.050581947068526
TH2_HKNPDCAD_01722	1197.30229870928	0.284938462932537	0.2804674918124	1.01594113845867	0.309657417197183	0.640817085406847
TH2_HKNPDCAD_01723	27.8907618203558	-0.6601133941081	0.407705293799197	-1.61909448846455	0.105426934501395	0.388546458472869
TH2_HKNPDCAD_01724	25.6396456494299	-0.511827856119373	0.408833731000916	-1.25192178949204	0.210598364120795	0.546669046953358
TH2_HKNPDCAD_01725	34.8977126941351	-1.82561275744532	0.507209117911679	-3.5993295328796	0.000319038691538093	0.00914484433344528
TH2_HKNPDCAD_01726	2.49417161575522	0.520949915141776	1.17906817594702	0.441831885355868	0.658610863454904	0.862995727522965
TH2_HKNPDCAD_01727	35.1540270486362	-0.371869437274369	0.482494058875318	-0.770723349715824	0.44087092873234	0.746814134529959
TH2_HKNPDCAD_01728	9.0569912679293	0.21391959935082	0.607778570826175	0.351969631078029	0.724861037892628	0.890399635810595
TH2_HKNPDCAD_01729	7.40278245833823	-0.858311366029692	0.785174087937889	-1.09314784990407	0.274328889797059	0.615827371015562
TH2_HKNPDCAD_01730	2.84726424273476	-0.029510890904221	1.03625563187664	-0.0284783889191293	0.977280604181955	0.993060200126977
TH2_HKNPDCAD_01731	3.24355480265724	0.518609883504586	1.07369544809986	0.483013953744875	0.629085828556305	0.850087486416688
TH2_HKNPDCAD_01732	0.372147627697152	-0.235222779427242	2.98885699174521	-0.0786999110619524	0.937271316224521	NA
TH2_HKNPDCAD_01733	3.33155958389764	0.078988030801985	0.944124626879482	0.0836627162910219	0.933324601268124	0.979540976588434
TH2_HKNPDCAD_01734	6.60880193445986	0.768018399426031	0.770375666444593	0.996940107117555	0.318793582413262	0.647711713571564
TH2_HKNPDCAD_01735	11.0671484710274	0.339613191239717	0.574285749666813	0.591366216969083	0.554275070927893	0.812704237293014
TH2_HKNPDCAD_01736	1.97065313338402	-0.741702669314583	1.33043796349423	-0.557487601576398	0.577194327791568	0.823926844693718
TH2_HKNPDCAD_01738	43.0203999756045	-0.134234999429403	0.357707696838657	-0.375264498403984	0.707463766254375	0.880427330190008
TH2_HKNPDCAD_01739	3376.60410855924	-0.155681041660764	0.239983281169315	-0.648716197654312	0.516521832825084	0.79032057979006
TH2_HKNPDCAD_01740	47.5746949574216	-1.6091299229051	0.429451943593717	-3.74693827076357	0.000179006114456986	0.0056641070537439
TH2_HKNPDCAD_01741	183.809881661918	-0.287406163299708	0.288228038464439	-0.997148524588	0.318692422445701	0.647711713571564
TH2_HKNPDCAD_01742	8008.16240221174	0.43115715818651	0.236390861061678	1.8239163572149	0.0681647183799398	0.30853783702557
TH2_HKNPDCAD_01743	6646.15072509193	0.710012195421635	0.304602494862143	2.33094674993707	0.0197561677289682	0.155560853730708
TH2_HKNPDCAD_01744	1737.4214601892	1.01580954810588	0.321737556358468	3.15726133934486	0.00159258543968341	0.030347929233521
TH2_HKNPDCAD_01745	1325.68745159654	0.597263573020267	0.313150594084329	1.90727268063055	0.0564852859942465	0.281931427464954
TH2_HKNPDCAD_01746	38.7781970481591	0.185788479818365	0.377550246070726	0.492089415255106	0.622656134588121	0.846602186377466
TH2_HKNPDCAD_01747	29.5189280692741	0.0276318691568374	0.539710913824169	0.0511975364015697	0.959168114938833	0.988479243501499
TH2_HKNPDCAD_01748	68.4970052147045	0.428763916311688	0.396909598870856	1.08025585052982	0.280028263886853	0.618546824418721
TH2_HKNPDCAD_01749	571.969549897238	0.344852235687918	0.278645615398879	1.23760151472064	0.215863852526747	0.550955277855921
TH2_HKNPDCAD_01750	2603.22240842258	0.00487879000103315	0.26516754744181	0.018398895521345	0.985320633540647	0.994438583880559
TH2_HKNPDCAD_01751	107.512597675108	-0.875525586793928	0.30030521246876	-2.91545251444814	0.00355173151246726	0.0529249294561255
TH2_HKNPDCAD_01752	3329.22028054393	0.112692718789977	0.273995195733801	0.411294506417053	0.680856597333434	0.872058615747665
TH2_HKNPDCAD_01753	28.2472466143364	0.114407464971918	0.411972798998346	0.277706356463542	0.781237780712163	0.914060966483782
TH2_HKNPDCAD_01754	420.040283923783	0.303880296548515	0.257708890247538	1.17916109241179	0.23833403563013	0.574062020715281
TH2_HKNPDCAD_01755	295.711994559861	0.118936422222614	0.253936527328413	0.468370673072939	0.639519536560703	0.853247564916753
TH2_HKNPDCAD_01756	143.463337878886	-0.293386423233491	0.288972724449441	-1.01527375565448	0.309975351003631	0.641196504686695
TH2_HKNPDCAD_01757	237.641136573719	-0.0727176757457169	0.221659542048056	-0.328060209246267	0.742866138940046	0.899576008560523
TH2_HKNPDCAD_01758	175.757090469841	0.243595271652846	0.243993405677252	0.998368259079375	0.318100819194243	0.647711713571564
TH2_HKNPDCAD_01759	17.5664416293838	-0.946871832680926	0.473671534486129	-1.99900514120646	0.0456077975996167	0.253563525483335
TH2_HKNPDCAD_01760	463.2705306677	0.020024634760085	0.269787890437969	0.074223623334529	0.940832448991004	0.982421497968606
TH2_HKNPDCAD_01761	370.935173231885	0.00589203004064083	0.29392532365907	0.0200460102154216	0.984006669084006	0.993869420465992
TH2_HKNPDCAD_01762	2877.64551398021	-0.237337485877496	0.283403600888441	-0.837454023637905	0.402337409933687	0.719351783508923
TH2_HKNPDCAD_01763	139.027936801435	0.872518641800983	0.482104930531463	1.8098106585202	0.0703251544782416	0.312329847229804
TH2_HKNPDCAD_01764	125.461656720675	0.100176008462879	0.395832636369935	0.253076677510888	0.800208960997594	0.921937710842792
TH2_HKNPDCAD_01765	31.1308979798201	1.14767747967416	0.432157401977156	2.65569321368426	0.00791455797268895	0.0912573049545117
TH2_HKNPDCAD_01766	164.67410167753	0.839517384727317	0.333362093083775	2.51833487413443	0.0117911156752365	0.116457146341546
TH2_HKNPDCAD_01767	152.942747214051	0.175294895536546	0.42833991041221	0.409242499415598	0.682361708437107	0.872058615747665
TH2_HKNPDCAD_01768	617.690257276727	0.0319463671016261	0.306135107722919	0.104353817303896	0.916888570965565	0.974280352729459
TH2_HKNPDCAD_01769	7.86807530245395	-0.443023870295327	0.71855737136675	-0.616546274450796	0.53753404073909	0.801374244360623
TH2_HKNPDCAD_01770	443.985384063512	0.0956171904484618	0.277463903441879	0.344611278304498	0.730386625766794	0.891814936187898
TH2_HKNPDCAD_01771	138.031022227477	1.10151812613992	0.330149795183945	3.3364192321434	0.000848650836019329	0.0187341337807424
TH2_HKNPDCAD_01772	80.0887312862596	-0.198373849356153	0.387445304092407	-0.512004784316188	0.608647661180303	0.839171382281399
TH2_HKNPDCAD_01773	2.70975251777885	-0.607202957952019	1.08937625333312	-0.557385894996502	0.57726380041607	0.823926844693718
TH2_HKNPDCAD_01774	9.83381492994569	-0.81793923299691	0.64862684848382	-1.26103203237557	0.207297306504304	0.543033443218991
TH2_HKNPDCAD_01775	186.201947240579	0.84440757437236	0.40022868790032	2.10981271433163	0.0348744908833568	0.218808617219201
TH2_HKNPDCAD_01776	7.83090737882714	-0.589804560417767	0.77960243383592	-0.75654530414396	0.449322320591689	0.751399768825315
TH2_HKNPDCAD_01777	3.17644687010482	0.995276398193047	1.10421608868078	0.901342054689783	0.367406480143208	0.689610258957921
TH2_HKNPDCAD_01778	30.2722140931739	-0.586241588114789	0.442338349435455	-1.32532390389166	0.18506374398756	0.517814820786153
TH2_HKNPDCAD_01779	13.8479584947724	-0.429301130043351	0.603212685884755	-0.711691149886343	0.476656049202341	0.765425596739962
TH2_HKNPDCAD_01780	40.5107109798282	-0.278542555971807	0.411558685220107	-0.676799119967154	0.498533416587874	0.778398505461298
TH2_HKNPDCAD_01781	97.2546251255907	-0.218267273341252	0.338200414036521	-0.645378492403862	0.518681937679562	0.791769985868206
TH2_HKNPDCAD_01782	70.2708973468504	0.280953159694177	0.282344911895274	0.995070737447489	0.319701861616403	0.647711713571564
TH2_HKNPDCAD_01783	45.0094037566666	0.67463385754971	0.359546095579025	1.87634872369635	0.0606074106400099	0.290892871667314
TH2_HKNPDCAD_01784	2.82401581599202	2.77416837179442	1.47022861223926	1.88689592128749	0.0591743258251025	0.288737267611094
TH2_HKNPDCAD_01785	13.1869814096085	-0.00167708802005721	0.716869944116199	-0.00233945924755546	0.998133383288435	0.998912870506935
TH2_HKNPDCAD_01786	19.3922500839118	0.130061601788625	0.499319551787144	0.260477686730098	0.794495324836402	0.919318969551105
TH2_HKNPDCAD_01787	22.7810394549631	0.664189335804792	0.4518895171074	1.46980469929099	0.141614656063431	0.450069850238228
TH2_HKNPDCAD_01788	15.5167656798571	0.150865382335988	0.547217845526844	0.27569528948885	0.782782113915257	0.914060966483782
TH2_HKNPDCAD_01789	2.38241489078251	1.20016423417959	1.26904640081216	0.945721317527493	0.344290746555886	0.668497866229344
TH2_HKNPDCAD_01790	67.7377921717261	1.64165300802984	0.585713907791125	2.80282401731064	0.00506573026405392	0.0681546806654603
TH2_HKNPDCAD_01791	416.699479550018	0.626009903094819	0.281867944868675	2.2209332933778	0.0263554798306513	0.188421463893889
TH2_HKNPDCAD_01792	176.934298603223	1.04931071426758	0.320518774397859	3.27378861422037	0.00106115961569256	0.0226188494254855
TH2_HKNPDCAD_01793	193.28911365526	0.759846509995774	0.316449631074312	2.40116099177041	0.0163431445083721	0.139161061046371
TH2_HKNPDCAD_01794	208.273426924056	0.391912235547647	0.235887616845464	1.661436241498	0.0966258641570429	0.369093808288992
TH2_HKNPDCAD_01795	1050.0473991468	0.151724060745109	0.245922002572028	0.616960089614881	0.537261050562943	0.801374244360623
TH2_HKNPDCAD_01796	1077.29336574507	0.385892025356741	0.220766394890215	1.74796542539294	0.0804700145140597	0.337244475579532
TH2_HKNPDCAD_01797	899.903479882882	0.403634443417275	0.279131613598565	1.44603629167481	0.148167022957981	0.46507173467844
TH2_HKNPDCAD_01798	31.1022381616325	-0.81664487675683	0.516003945650706	-1.58263300821664	0.113505135525893	0.400431744463679
TH2_HKNPDCAD_01799	4.19096564624172	-0.133598452192705	0.860166844485353	-0.155316905143721	0.876571488958889	0.960239667369728
TH2_HKNPDCAD_01800	2.33017350853611	0.187543620265657	1.13798094245667	0.16480383218087	0.869098387645538	0.957446450692248
TH2_HKNPDCAD_01801	3.26142482704447	-0.676686027354171	1.35472243485111	-0.499501602650097	0.617426058019278	0.843980259575152
TH2_HKNPDCAD_01802	39.3007655039741	-0.524244810706177	0.337993038751403	-1.55105209457217	0.120889200201677	0.413201366694844
TH2_HKNPDCAD_01803	207.907192936059	-0.256003595979125	0.343322776136137	-0.74566447021159	0.455870127092916	0.754289952058841
TH2_HKNPDCAD_01804	1214.8491281055	0.408538880283615	0.229397712068859	1.78091959418053	0.0749255871301604	0.32301813257292
TH2_HKNPDCAD_01805	169.193497584224	0.0652122459742164	0.416780906686836	0.156466490973916	0.875665330226781	0.959525541415665
TH2_HKNPDCAD_01806	145.068359525633	0.651746833965666	0.394101066487421	1.65375557030234	0.0981771866494105	0.37140683303681
TH2_HKNPDCAD_01807	276.523965954721	-0.377992622995317	0.325905665368252	-1.15982219139459	0.246121207057994	0.582195342583884
TH2_HKNPDCAD_01808	143.771119170357	-0.135613586443502	0.338486536322763	-0.40064691469497	0.688680099724519	0.873330700486242
TH2_HKNPDCAD_01809	831.701184636911	0.410584908792875	0.271137094459178	1.51430740088089	0.129947892371284	0.428575088704415
TH2_HKNPDCAD_01810	274.106417335413	0.176451021931038	0.29748257107279	0.593147428081971	0.55308249212576	0.811896337443009
TH2_HKNPDCAD_01811	5695.69498323421	1.84805214317043	0.588024245162377	3.14281623313016	0.00167330855828011	0.0311904715263413
TH2_HKNPDCAD_01812	218.646590878835	-0.460661798633422	0.253682986139136	-1.81589552237754	0.069386400310618	0.311803936198818
TH2_HKNPDCAD_01813	304.901914816732	0.0249936681060825	0.270662510766276	0.0923425561793637	0.926425877847479	0.97700398164068
TH2_HKNPDCAD_01814	719.267838482312	0.0966048939453923	0.224276795569377	0.430739585431205	0.666657732217929	0.86660620871618
TH2_HKNPDCAD_01815	1548.32700272047	0.352508671610291	0.246322375588763	1.43108668373192	0.152405373218739	0.470904124845843
TH2_HKNPDCAD_01816	141.256723221398	0.0279547064395032	0.249492990824506	0.112046059278541	0.910786886453042	0.972634113710269
TH2_HKNPDCAD_01817	69.1533695285194	0.441955909560847	0.396095800174794	1.11578034749628	0.264516168000481	0.605201404161989
TH2_HKNPDCAD_01818	118.874690585211	-0.167812201949254	0.331330051320305	-0.506480475527483	0.612519392633549	0.841137839705492
TH2_HKNPDCAD_01819	67.7112062583691	-0.14970578941867	0.459334940257281	-0.325918575527516	0.744485961160996	0.900267760535802
TH2_HKNPDCAD_01820	296.340397383227	-0.0822686616099303	0.462185624737391	-0.177999178699412	0.858723620743826	0.952121365511818
TH2_HKNPDCAD_01821	842.324677186856	0.0770896248548279	0.464110608164144	0.166101837576536	0.86807680806892	0.95682851605809
TH2_HKNPDCAD_01822	34.3401571278483	0.267887346249567	0.43575554117618	0.614765208783101	0.538709788625353	0.802740225724872
TH2_HKNPDCAD_01823	63.0275144663482	-0.403418383967329	0.467162319928937	-0.863550776159977	0.387834714663314	0.707968285170422
TH2_HKNPDCAD_01824	107.297385261187	0.413501214929048	0.295609593157896	1.39880851129274	0.161870413301352	0.486236892365282
TH2_HKNPDCAD_01825	168.883682354074	-0.364481344346067	0.281822029604737	-1.29330324125925	0.195906200076152	0.527978539216802
TH2_HKNPDCAD_01826	1484.55470791154	0.504645907533808	0.329412040011154	1.53195951039531	0.125532426637093	0.421677076632855
TH2_HKNPDCAD_01827	86.926422303777	0.837847206706795	0.341544516885329	2.45311274309842	0.0141625942064364	0.128883529539356
TH2_HKNPDCAD_01828	522.118002735599	0.00666496509772723	0.245448451373315	0.0271542356875178	0.978336716863291	0.993060200126977
TH2_HKNPDCAD_01829	94.6798275027515	0.0563556042526579	0.260824814379932	0.216066881468445	0.828935614710714	0.936777571127355
TH2_HKNPDCAD_01830	795.435974406416	0.20681085634184	0.198592426547584	1.04138339984625	0.297697643715433	0.631621739108157
TH2_HKNPDCAD_01831	1418.13852496586	0.426651187371468	0.403515162593314	1.05733619680971	0.290358179103527	0.62469697707948
TH2_HKNPDCAD_01832	354.963615361844	0.184628095573099	0.37493009390599	0.492433385780423	0.622413002717916	0.846602186377466
TH2_HKNPDCAD_01833	121.011616104774	0.0949309015251951	0.264873483925276	0.358400924540926	0.720043299863994	0.888613177439758
TH2_HKNPDCAD_01834	62.1746270832835	-0.60898556772749	0.510964628784411	-1.19183507707035	0.233325918878142	0.569316900905462
TH2_HKNPDCAD_01835	149.37718750062	-0.285077288684566	0.24426883642999	-1.16706368626877	0.243184651418328	0.580052329129661
TH2_HKNPDCAD_01836	150.539901617816	0.86766186020857	0.355298567458954	2.44206405450483	0.0146035552642611	0.131329516288776
TH2_HKNPDCAD_01837	29.5536675696277	-0.966304892490545	0.42245055549182	-2.28737986003016	0.0221736607949282	0.167373964909845
TH2_HKNPDCAD_01838	1321.91727580625	-0.323955584870071	0.302295457254616	-1.07165217701969	0.283876288303976	0.620004198485804
TH2_HKNPDCAD_01839	79.0984206751674	-0.134405150950106	0.324225814169343	-0.414541794873577	0.678477364943638	0.870774905533573
TH2_HKNPDCAD_01840	3982.26673395873	0.115860335759447	0.228453278010714	0.507151119775193	0.612048788941731	0.840890402603943
TH2_HKNPDCAD_01841	3217.71805597402	0.00136894507022194	0.242482231478898	0.00564554797220707	0.995495528363629	0.998221846320807
TH2_HKNPDCAD_01842	2812.36918419498	0.189592577461307	0.218100651025428	0.86928936970116	0.384688875791422	0.704758819623598
TH2_HKNPDCAD_01843	2114.0198094177	0.0315762365753058	0.221280120966974	0.142698026543553	0.886528675357956	0.963377228353917
TH2_HKNPDCAD_01844	3613.07044333521	0.381315848131174	0.222945398367043	1.71035531984114	0.0872001878773407	0.350716307164758
TH2_HKNPDCAD_01845	2009.43132780357	0.454073099038472	0.235860522099212	1.92517634997633	0.0542072997671789	0.277310578345845
TH2_HKNPDCAD_01846	118.553814985607	0.080635161284055	0.256625258163406	0.314213658706621	0.753358769512744	0.900372592203685
TH2_HKNPDCAD_01847	162.477994740233	-0.0740041088128986	0.34521891965391	-0.214368635667737	0.830259598253239	0.937206185622186
TH2_HKNPDCAD_01848	107.925598630835	-0.0641605149688333	0.420282915791789	-0.152660297523535	0.878666171674906	0.960573459551585
TH2_HKNPDCAD_01849	1010.01020302602	0.150363154824714	0.319561965028412	0.470528946745416	0.637977158207219	0.852915190669906
TH2_HKNPDCAD_01850	474.324044682281	-0.899785836624041	0.333401226195775	-2.69880782050778	0.00695883488288964	0.0857475663694526
TH2_HKNPDCAD_01851	826.369008298219	0.0206389270026899	0.23608817812712	0.0874204170933836	0.930337341011733	0.977578564251108
TH2_HKNPDCAD_01852	84.1959337240478	-0.322134284233192	0.420418952523923	-0.766222079902217	0.443544172642955	0.747914985421928
TH2_HKNPDCAD_01853	2.8275972096723	0.432689691777155	1.08331652784293	0.399412065316419	0.689589605254777	0.873330700486242
TH2_HKNPDCAD_01854	1.50720058274131	-0.58067235884569	1.40277845479591	-0.413944452069711	0.678914788128007	0.871118198734459
TH2_HKNPDCAD_01855	7.41423909601763	-1.42407062472872	0.720755983617096	-1.97580132124892	0.0481772837474555	0.262999740670348
TH2_HKNPDCAD_01856	300.603529011663	-0.0738388581277339	0.316576553942716	-0.233241714233502	0.815573715676767	0.930001249693087
TH2_HKNPDCAD_01857	816.857223375327	-0.936371827466467	0.323175958963441	-2.89740558199254	0.00376262976539582	0.0551064005069113
TH2_HKNPDCAD_01858	496.671431855771	0.0787877769191529	0.281346285587338	0.280038447121047	0.779448007932085	0.914041013160381
TH2_HKNPDCAD_01859	324.889648600084	-0.0257977731253543	0.279706595055537	-0.0922315511374768	0.926514070690903	0.97700398164068
TH2_HKNPDCAD_01860	101.140031665948	1.00746598757901	0.415653723609856	2.42381080777866	0.0153586044622488	0.135504658302044
TH2_HKNPDCAD_01861	4.53428313029568	1.01982045190037	0.947511158341414	1.07631497837507	0.281786412081518	0.619222836315412
TH2_HKNPDCAD_01862	66.5305244337898	1.34999591655138	0.511267627410428	2.64048776839072	0.00827867809806426	0.0932336902351224
TH2_HKNPDCAD_01863	485.986730255561	-0.0495898442619567	0.383797910668319	-0.129208218397032	0.897192893383724	0.967194694318606
TH2_HKNPDCAD_01864	19.5602269288394	-0.167707465641542	0.480018582492542	-0.349377027803185	0.726806277198757	0.891156337927601
TH2_HKNPDCAD_01865	15.2302447578925	-0.0762897147417091	0.520008630217274	-0.146708555028852	0.883362065739646	0.962200159154574
TH2_HKNPDCAD_01866	56.7161723154705	0.535891227024906	0.372853672150203	1.43726954312796	0.150641419448067	0.468027053447955
TH2_HKNPDCAD_01867	11.3016669917459	-0.067624895618296	0.704446734000389	-0.0959971738874705	0.923522817108814	0.97561032805531
TH2_HKNPDCAD_01868	42.8866351850286	0.201717923869642	0.470931327885913	0.428338298866602	0.668404839192055	0.86660620871618
TH2_HKNPDCAD_01869	98.6759137566667	0.519905622737342	0.329229299294847	1.57915964299317	0.114299444095808	0.402126939214214
TH2_HKNPDCAD_01870	99.6050656361515	0.764020804938253	0.485773128440334	1.57279347128831	0.115766647876282	0.404512499668591
TH2_HKNPDCAD_01871	10907.5614661709	-0.0615350061970273	0.383204910553371	-0.160579899950048	0.872424286947939	0.958227318383359
TH2_HKNPDCAD_01872	376.67726974022	0.590566690420449	0.343007767589446	1.7217297863858	0.0851184789090352	0.347461763407173
TH2_HKNPDCAD_01873	262.863698129656	0.944456103671107	0.304648142276081	3.10015382537673	0.00193420162668942	0.0344261025639234
TH2_HKNPDCAD_01874	380.854526443115	0.494230310832021	0.247379412278774	1.99786355008018	0.0457314552899096	0.253975557763897
TH2_HKNPDCAD_01875	184.884493275653	-0.0279807712241843	0.291196678026552	-0.0960889094402133	0.923449959532553	0.97561032805531
TH2_HKNPDCAD_01876	48.0264192803139	0.715143130770561	0.437140375246736	1.63595762657913	0.101848455993078	0.379691043942194
TH2_HKNPDCAD_01877	106.025834092662	-0.169584188970295	0.285968749525606	-0.593016507054068	0.553170105165097	0.811896337443009
TH2_HKNPDCAD_01878	1593.96129561187	0.628981376009945	0.357324645385876	1.76025187216154	0.0783651104288704	0.331321435130226
TH2_HKNPDCAD_01879	998.862826352773	-0.120035041525539	0.335370507336903	-0.357917702658796	0.720404902357183	0.888613177439758
TH2_HKNPDCAD_01880	102.857137794597	0.538460510094625	0.327842992220678	1.64243410068737	0.100500072720187	0.377409064295736
TH2_HKNPDCAD_01881	85.8492363841638	0.237653230918096	0.301878139292828	0.787248892797656	0.431136180909902	0.740369870467055
TH2_HKNPDCAD_01882	1484.24230315989	-0.680686801470528	0.228226464167218	-2.98250601197501	0.00285899033243975	0.0457974513877692
TH2_HKNPDCAD_01883	505.842786828007	0.527347403462912	0.30181560280038	1.74725030306567	0.0805939294937431	0.337244475579532
TH2_HKNPDCAD_01884	81.5037671519173	0.669251935849988	0.319797401296217	2.09273725532899	0.0363726156111892	0.224633768220429
TH2_HKNPDCAD_01885	84.6733515713208	0.640296863613453	0.305653650843778	2.09484448115005	0.0361848195190123	0.223743528171842
TH2_HKNPDCAD_01886	31.4546676260588	-0.642553739496898	0.477468595975164	-1.34575078845672	0.178382901009543	0.507994861430509
TH2_HKNPDCAD_01887	26.9846977593851	-0.754703750795119	0.565613129427093	-1.33431087704692	0.182101994345955	0.512887265394158
TH2_HKNPDCAD_01888	25.7409455831651	-0.0582646909248277	0.611022468972708	-0.095356052982448	0.924032021597451	0.97561032805531
TH2_HKNPDCAD_01889	27.5224024949362	-0.120694405793747	0.544671762771512	-0.2215910830031	0.824632224671411	0.934777705366133
TH2_HKNPDCAD_01890	18.8004113302754	-0.350267249161523	0.583761448116079	-0.60001778173586	0.548494384939624	0.80872124577572
TH2_HKNPDCAD_01892	18.3187734851658	-0.525951182871007	0.532523825259108	-0.987657561828519	0.323320385137181	0.650192347670926
TH2_HKNPDCAD_01893	242.872956351177	-0.309785846324383	0.435556987720092	-0.711240675866425	0.476935106513351	0.765425596739962
TH2_HKNPDCAD_01894	2.19388286284505	-0.853600149199926	1.24580425650985	-0.685179990949228	0.493230348510875	0.774126995243951
TH2_HKNPDCAD_01895	2.98852377119144	0.40120439086095	1.03615237945857	0.387205973575619	0.69860372814608	0.875560564908754
TH2_HKNPDCAD_01896	13.113060890346	-0.323215945162484	0.53966613922775	-0.598918334259397	0.549227344607696	0.809005565649152
TH2_HKNPDCAD_01897	1178.02574542722	-0.0651478409459358	0.437574547067082	-0.148883981901142	0.881645180925055	0.961555999451453
TH2_HKNPDCAD_01898	226.632768973939	-0.00636959548224405	0.436173806072349	-0.0146033425060548	0.988348632603573	0.995521694979711
TH2_HKNPDCAD_01899	89.6323136776625	-0.416212702206872	0.29638700624496	-1.40428795270086	0.160233120260321	0.484004109872955
TH2_HKNPDCAD_01900	32.7769510524772	-0.598750121737009	0.353082336319657	-1.69578044593808	0.0899274669672982	0.354330396159441
TH2_HKNPDCAD_01901	3.56664047435176	-0.00459253084114157	1.06153808607473	-0.00432629869939332	0.996548123830383	0.998767299694722
TH2_HKNPDCAD_01902	0.179536633471849	-1.19700691208727	4.0804728567969	-0.293350048902641	0.76925460189368	NA
TH2_HKNPDCAD_01903	0.372147627697152	-0.235222779427242	2.98885699174521	-0.0786999110619524	0.937271316224521	NA
TH2_HKNPDCAD_01905	21.1714075200108	0.269861203263553	0.426158708311829	0.633241086008947	0.526576219176337	0.795531544348716
TH2_HKNPDCAD_01906	5.00617727505052	-1.39335995902612	0.862957360395028	-1.61463361108397	0.106390062246079	0.390096894902289
TH2_HKNPDCAD_01907	2.16840898062239	3.35812445322653	1.57789221666699	2.12823437352392	0.0333176562007584	0.213927102065108
TH2_HKNPDCAD_01908	0.781231678815301	1.67935552453951	2.16119425173236	0.777049783097182	0.437129399550078	0.744772777784933
TH2_HKNPDCAD_01909	0.640307019136258	1.246079487255	2.06488855038443	0.60346089236778	0.546202124244675	0.807687198883885
TH2_HKNPDCAD_01910	258.116541437282	0.979434438134344	0.437450890550982	2.23895861064706	0.0251586093255493	0.183899883682727
TH2_HKNPDCAD_01912	230.520184236029	0.316200095777385	0.28931464494506	1.09292806742442	0.274425383812146	0.615827371015562
TH2_HKNPDCAD_01914	0.323534446622213	-0.235223131319767	3.117635462158	-0.0754492095611934	0.939857307186056	NA
TH2_HKNPDCAD_01915	18.1259587636028	2.087440900404	0.84932303453848	2.45777026586629	0.0139802573760657	0.12796928448163
TH2_HKNPDCAD_01916	42.3558645249869	0.465677340392817	0.344521349551874	1.35166468202488	0.176482608193526	0.50507236224293
TH2_HKNPDCAD_01917	8.92835761855559	-0.96512896152079	0.842424357709617	-1.14565652415937	0.251937299413512	0.589427564289623
TH2_HKNPDCAD_01919	0.179536633471849	-1.19700691208727	4.0804728567969	-0.293350048902641	0.76925460189368	NA
TH2_HKNPDCAD_01920	3.74980674559652	-0.550040282675736	0.943054705061065	-0.583253844897704	0.559722428421099	0.815327413494332
TH2_HKNPDCAD_01922	76.3734404436869	-0.714984610745053	0.430284621887079	-1.66165504035301	0.0965819606356902	0.369093808288992
TH2_HKNPDCAD_01923	40.3905156785281	-1.20492885560042	0.386877277185955	-3.11449890354057	0.00184257641514289	0.0330246388252534
TH2_HKNPDCAD_01924	32.341647625736	-1.77840196606097	0.427395279270144	-4.1610238865949	3.16823941970471e-05	0.00123972482942033
TH2_HKNPDCAD_01925	2.96908292457285	-0.427778042602242	1.06766705189051	-0.400666145728464	0.688665939016027	0.873330700486242
TH2_HKNPDCAD_01926	13.1815926271441	-0.203372003284712	0.590501230471739	-0.344405723121428	0.730541185419104	0.891814936187898
TH2_HKNPDCAD_01927	0.336217818882653	-2.01482419778104	3.02365619067879	-0.666353603294007	0.505185110904478	NA
TH2_HKNPDCAD_01929	1.93287633400713	-1.04365527000292	1.31652732669135	-0.792733465416022	0.427933128231406	0.739330775227761
TH2_HKNPDCAD_01930	297.386732487572	-1.04529838688059	0.291361541508968	-3.58763336254663	0.000333693065261454	0.00934705274606675
TH2_HKNPDCAD_01931	470.250066472317	-0.380371217702733	0.429730829619211	-0.885138303993186	0.376082042658665	0.698797569942702
TH2_HKNPDCAD_01932	1007.14275719523	-0.436057478451282	0.330200308828467	-1.3205847081076	0.186639874431553	0.519652767555681
TH2_HKNPDCAD_01933	13147.9189592542	-1.46501996453722	0.352002755982159	-4.16195594960476	3.15533227934701e-05	0.00123972482942033
TH2_HKNPDCAD_01934	37.823223867438	-0.193683033118942	0.381737094026212	-0.507372838924694	0.611893239633417	0.840890402603943
TH2_HKNPDCAD_01935	8.77637710023495	0.214046045308404	0.699637570195033	0.305938466467339	0.759651497245044	0.902845716410409
TH2_HKNPDCAD_01936	147.340214403313	-0.382456646371733	0.524831786816844	-0.728722337287096	0.466171526200522	0.758337140627374
TH2_HKNPDCAD_01937	1164.49348101854	-0.243983986411042	0.355783375247524	-0.685765562377103	0.492860955795924	0.773976296244495
TH2_HKNPDCAD_01938	38.1345869469473	-0.187319933629712	0.350332193334928	-0.534692321155391	0.592862632219601	0.8323784861018
TH2_HKNPDCAD_01939	28.1012079220074	0.129853718900043	0.488596845951134	0.265768639269993	0.790417397081631	0.917173945213451
TH2_HKNPDCAD_01940	658.38932707518	0.500955773151924	0.321892029286606	1.55628511293731	0.119640309857561	0.41115237501723
TH2_HKNPDCAD_01941	205.598485966808	0.778736845180146	0.358096674662518	2.17465533829392	0.0296559540769205	0.201660455561381
TH2_HKNPDCAD_01942	735.276403505036	0.668800982243777	0.311443081633541	2.14742603603801	0.0317593797261901	0.208716128815962
TH2_HKNPDCAD_01943	86.1573985566733	-0.345830876866754	0.412687829961655	-0.837996305582567	0.40203277839474	0.719057928140767
TH2_HKNPDCAD_01944	130.587714800362	0.0878124761782549	0.272102709644124	0.32271812468572	0.746908724482915	0.900372592203685
TH2_HKNPDCAD_01945	522.114438004627	-0.169043402662566	0.244470912881373	-0.691466320758548	0.489272538670151	0.771458330736141
TH2_HKNPDCAD_01946	4298.31510316726	0.648894985393815	0.378929323510205	1.7124433110185	0.0868150031952896	0.350404493211854
TH2_HKNPDCAD_01947	397.315009743919	0.287738408606607	0.255371478339818	1.12674449972725	0.259850522071954	0.598768546210013
TH2_HKNPDCAD_01948	570.923789409127	-0.520701096314499	0.287168409141285	-1.81322554897853	0.0697970408155799	0.311803936198818
TH2_HKNPDCAD_01949	72.0446988558983	-0.0928741837367413	0.305794073491869	-0.30371479301809	0.761345186868942	0.903411420787842
TH2_HKNPDCAD_01950	242.335626413818	0.40757501723179	0.329779924604792	1.23590002551013	0.216495727552356	0.550955277855921
TH2_HKNPDCAD_01951	107.873960646326	0.693902067683965	0.362328871946365	1.91511668379185	0.055477624592137	0.280175668629846
TH2_HKNPDCAD_01952	35.0026546092822	1.09803580488706	0.447729265099649	2.45245484376071	0.0141885186555999	0.128883529539356
TH2_HKNPDCAD_01953	13.8187495627423	0.439621275742676	0.495727403778438	0.88682060421086	0.375175492701549	0.698296054457774
TH2_HKNPDCAD_01954	72.1988252737261	-0.768380016288757	0.327915579144515	-2.34322510169645	0.0191178447869399	0.152583427285999
TH2_HKNPDCAD_01955	50.2530082711196	-0.798155483869469	0.396113189900448	-2.01496820661302	0.0439079804548438	0.249355242904759
TH2_HKNPDCAD_01956	408.850324915282	0.321884505641365	0.254046399440043	1.26703037850899	0.20514442778417	0.540695338410604
TH2_HKNPDCAD_01957	0.372147627697152	-0.235222779427242	2.98885699174521	-0.0786999110619524	0.937271316224521	NA
TH2_HKNPDCAD_01958	213.816489205506	0.101039740355341	0.224618659007686	0.449827902996623	0.652834536600142	0.861121020505516
TH2_HKNPDCAD_01959	85.6774187468685	-0.470433524566917	0.342814364710465	-1.37226899743317	0.169979713120609	0.49871927146154
TH2_HKNPDCAD_01960	117.728986175733	0.663063454823985	0.289884902060375	2.28733352482734	0.0221763631140029	0.167373964909845
TH2_HKNPDCAD_01961	100.085278627844	1.25943599652708	0.51714660060654	2.43535584503492	0.0148771511541533	0.132857625115314
TH2_HKNPDCAD_01962	98.8640910732988	1.25672438545107	0.558549098187532	2.24998015309501	0.0244502052059283	0.180074356157455
TH2_HKNPDCAD_01963	145.670249367673	2.44254794797174	0.678931299785651	3.59763638639563	0.000321122118614934	0.00914484433344528
TH2_HKNPDCAD_01964	144.0634133546	2.71248221548156	0.705714524917997	3.84359697824944	0.0001212440561212	0.00419930426808968
TH2_HKNPDCAD_01965	1.7609397302928	1.21512292277009	1.34879124230061	0.90089769614568	0.367642716283492	0.689801084798382
TH2_HKNPDCAD_01966	2977.00695030436	1.96813799562303	0.636093801312612	3.0941002593669	0.00197410762351331	0.0349777585762714
TH2_HKNPDCAD_01968	153.554347960302	0.0902942772265729	0.336800106004209	0.268094562967402	0.788626530820573	0.916444839178994
TH2_HKNPDCAD_01969	397.612407241783	0.470991953546984	0.322243925026635	1.46160072221084	0.143850656377792	0.454891094751735
TH2_HKNPDCAD_01970	81.8555702677519	-0.0124110627749751	0.332602863650024	-0.0373149606674296	0.970233876912907	0.990689349770401
TH2_HKNPDCAD_01971	400.479838429699	-0.841363624425303	0.354957935533619	-2.37031924123757	0.0177727320072501	0.147125794181861
TH2_HKNPDCAD_01972	23.9123054853833	-0.174690985637132	0.495037273485143	-0.352884509902212	0.724175024040092	0.889983498736397
TH2_HKNPDCAD_01973	12.8792260492749	-0.479330708576474	0.520416468005188	-0.921052153506595	0.357023198759014	0.680417709278932
TH2_HKNPDCAD_01974	43.5930873763188	0.0249624734288181	0.340381515757592	0.0733367479525402	0.941538149779613	0.982678549699151
TH2_HKNPDCAD_01975	601.284549447374	-0.197606640624065	0.260698960565162	-0.757987834687485	0.448458265565951	0.751399768825315
TH2_HKNPDCAD_01976	55.2175639100231	-0.246558024347967	0.318186201908832	-0.774885972015253	0.438407042011932	0.745634042564776
TH2_HKNPDCAD_01977	358.994295171274	0.537095700926751	0.399375372445047	1.34483931154431	0.178677132121662	0.508347081109198
TH2_HKNPDCAD_01978	1707.37238849476	-0.442971564763988	0.206374671653199	-2.14644346234686	0.0318376149304457	0.208962374050531
TH2_HKNPDCAD_01979	2346.89733089118	-0.621810869265321	0.25945449198279	-2.39660860952281	0.016547588601622	0.140117928135486
TH2_HKNPDCAD_01980	17227.374000024	-0.82231025817396	0.240071449013086	-3.42527302415347	0.000614181880413159	0.0150275797561698
TH2_HKNPDCAD_01981	1.24256151192986	0.55304963409491	1.63954773389659	0.337318409620511	0.73587688324867	0.895136427036707
TH2_HKNPDCAD_01982	8.4480235094526	-0.824823654939482	0.702559328159433	-1.17402704921783	0.240384191371137	0.576877043524555
TH2_HKNPDCAD_01983	2.52876000013353	0.180545057179216	1.11738822616265	0.161577733639852	0.871638392861496	0.958227318383359
TH2_HKNPDCAD_01984	1461.29582649917	0.871800907960178	0.327539422340092	2.66166711088281	0.0077754733757624	0.0912573049545117
TH2_HKNPDCAD_01985	584.090574433834	0.267492934250829	0.224233942840331	1.19291901512565	0.232901091382558	0.569316900905462
TH2_HKNPDCAD_01986	34.2684578673436	-0.635872776313017	0.449291104970032	-1.41528013637268	0.156986376618619	0.478995337230382
TH2_HKNPDCAD_01987	71.5172792228099	0.25765988224226	0.349789420996973	0.736614279265152	0.461356948884957	0.755611593923438
TH2_HKNPDCAD_01988	12.5847383862063	-0.061172582372803	0.60088286480635	-0.10180450459761	0.918911850078786	0.974280352729459
TH2_HKNPDCAD_01989	3.53847395271193	-0.453330108746387	0.958304784896695	-0.473054205604594	0.636174507185821	0.852895012489516
TH2_HKNPDCAD_01990	6.49006055764036	-1.13602668746537	0.813693294329961	-1.3961362289471	0.162673475858835	0.487354901959315
TH2_HKNPDCAD_01991	93.8519752860464	-0.382916794116602	0.296932626845462	-1.2895746694616	0.197198375290184	0.531181750781653
TH2_HKNPDCAD_01992	122.118319452638	-0.526577716638645	0.27531509677551	-1.91263654919735	0.0557945972723689	0.280511758423239
TH2_HKNPDCAD_01993	32.6157502373858	1.15541565115289	0.67521659877573	1.71117779575893	0.0870482963246681	0.350551112941146
TH2_HKNPDCAD_01994	21.5076403981457	1.529019948131	0.614839574547728	2.4868600061337	0.0128876101867788	0.121767311997428
TH2_HKNPDCAD_01995	33.7377622099631	0.320622455746793	0.364842719471497	0.878796365215235	0.379511697435912	0.701973242450413
TH2_HKNPDCAD_01996	63.5555126937614	-0.542582778125001	0.30848078105664	-1.75888681384458	0.0785967352942558	0.331321435130226
TH2_HKNPDCAD_01997	680.736295778652	0.953146912424888	0.601218260585219	1.58535921962368	0.112884741109302	0.399796959072211
TH2_HKNPDCAD_01998	44.374214581813	-0.513684853487336	0.559368472230497	-0.918330007837237	0.358446121715714	0.681421145779451
TH2_HKNPDCAD_01999	18.1151766802128	-1.39450771754822	0.576825362193269	-2.41755617722125	0.0156251218911959	0.136679820502167
TH2_HKNPDCAD_02000	752.331809933001	-0.24212093940334	0.290817081672075	-0.832554050853021	0.405096282551161	0.721705585591464
TH2_HKNPDCAD_02001	125.585115180684	-0.37259152501504	0.503656013037734	-0.739773804680308	0.459437256287916	0.755611593923438
TH2_HKNPDCAD_02002	157.963593034029	-0.27886670502576	0.369068827550021	-0.755595390911102	0.449891820198591	0.751399768825315
TH2_HKNPDCAD_02003	25.4008845045042	0.00606204060718707	0.431979053345631	0.0140331818411963	0.988803508359052	0.9956014110879
TH2_HKNPDCAD_02004	2.05553317149457	0.70238263218488	1.33379238135847	0.526605671168628	0.598467452901603	0.833071125817151
TH2_HKNPDCAD_02005	3.15252386859924	-2.12714131975311	1.25276981546649	-1.69795064782993	0.089517076874182	0.353789156559026
TH2_HKNPDCAD_02006	2.17605755985703	-0.444528660009651	1.22042782007893	-0.364240025256801	0.715678780956132	0.885058970128138
TH2_HKNPDCAD_02007	1.24284244043561	1.30989627588328	1.87190645873447	0.699765882943132	0.484073524369636	0.767747798861
TH2_HKNPDCAD_02008	4.23226029773699	-0.211915271399555	0.856463899464338	-0.247430477258988	0.804575089860808	0.924352728481381
TH2_HKNPDCAD_02009	11.2160044944209	0.602726498447374	0.569835663569475	1.05771986026966	0.290183178111184	0.62469697707948
TH2_HKNPDCAD_02010	7.11612112369297	0.263685088857685	0.679262516653582	0.388193198348028	0.697873066217466	0.875286845468737
TH2_HKNPDCAD_02011	5.39535422770964	-0.530181451826226	0.907553937633073	-0.584187264074855	0.559094329193736	0.815097461754377
TH2_HKNPDCAD_02012	11.1606267814737	-0.423876094420289	0.560213840832916	-0.756632670463974	0.449269962575458	0.751399768825315
TH2_HKNPDCAD_02013	56.7361973369103	0.73508618922921	0.42106743290257	1.74576833017456	0.080851216174376	0.337769628451387
TH2_HKNPDCAD_02014	27.9817988707535	0.166747876267165	0.515024864688094	0.32376665225309	0.746114705056332	0.900372592203685
TH2_HKNPDCAD_02015	10.2957461988789	-1.05226492219461	0.604008234327757	-1.742136716672	0.0814845241813688	0.339309237167909
TH2_HKNPDCAD_02016	2.44254603079221	0.239117683446269	1.48810906254829	0.160685590501543	0.872341039064321	0.958227318383359
TH2_HKNPDCAD_02017	6.62328325140009	-0.656513007609953	0.69468617021111	-0.945049773209742	0.344633465855137	0.668656754721208
TH2_HKNPDCAD_02018	1652.61753065694	1.59116279452793	0.58807581395645	2.7057103127961	0.00681584742015315	0.0848975219300614
TH2_HKNPDCAD_02019	7.56522651435203	-0.581819666104958	0.69885134090374	-0.832537096305146	0.405105848202439	0.721705585591464
TH2_HKNPDCAD_02020	419.308780712938	0.173189520361447	0.286622700183632	0.604242163131144	0.545682652678897	0.807687198883885
TH2_HKNPDCAD_02022	140.60284218709	-0.0961026958542412	0.303610525097276	-0.316532820538584	0.751598117598161	0.900372592203685
TH2_HKNPDCAD_02023	108.772395847219	0.316054772438552	0.353494282019459	0.894087368635721	0.371275147062009	0.692812669763326
TH2_HKNPDCAD_02024	383.326650917362	0.324005787380479	0.242786577881767	1.33452924048489	0.182030470491447	0.512887265394158
TH2_HKNPDCAD_02025	6.43860102207316	-3.24002018524263	0.972929449893823	-3.33016971127374	0.000867930660059332	0.0189319683551665
TH2_HKNPDCAD_02026	9.64566490174643	-1.20585120551645	0.604550918643838	-1.99462306371394	0.0460840061845439	0.255155758983585
TH2_HKNPDCAD_02027	72.7061961929103	-0.137525891294843	0.353303342746626	-0.389257260420179	0.697085849200949	0.875286845468737
TH2_HKNPDCAD_02028	45.5330731826444	0.218250153280918	0.443741858280447	0.49184035539641	0.622832205563887	0.846602186377466
TH2_HKNPDCAD_02029	5.67910441895407	-0.364360641140015	0.767114767765339	-0.47497539670814	0.634804509744233	0.852611764002606
TH2_HKNPDCAD_02030	108.767555301631	-0.214186141271894	0.622547399096421	-0.34404792564031	0.730810244159211	0.891814936187898
TH2_HKNPDCAD_02031	25.4140784185044	-0.615902091086583	0.613296771623551	-1.0042480567053	0.315259063732485	0.646407184277088
TH2_HKNPDCAD_02032	1126.01290172506	0.211816614323379	0.257665186367461	0.822061440699651	0.411041929586607	0.725896041521198
TH2_HKNPDCAD_02033	687.287820857724	-0.270032492828187	0.37681620712919	-0.71661591969585	0.473611118780544	0.762957446533334
TH2_HKNPDCAD_02034	226.164289181856	-0.137440039777623	0.31355527704746	-0.438327943550508	0.661148572273914	0.864669950421783
TH2_HKNPDCAD_02035	264.811806416921	0.0577694682140633	0.308456103269899	0.187285865319757	0.851436504748445	0.950322993958414
TH2_HKNPDCAD_02036	1488.23700890085	0.906940016449377	0.557753003666079	1.62606029996811	0.103936828349387	0.385793035567675
TH2_HKNPDCAD_02037	242.272547661	0.00497638544534256	0.564777177414458	0.00881123679275495	0.992969741170682	0.998004026286597
TH2_HKNPDCAD_02038	1113.51017512004	0.713528829103437	0.57716856851199	1.23625725313317	0.216362955120104	0.550955277855921
TH2_HKNPDCAD_02039	56.0618102362675	0.0280807962300638	0.332539359413527	0.0844435265635549	0.932703801652347	0.979319886782042
TH2_HKNPDCAD_02040	828.429515392797	0.0003839756028977	0.238695718692446	0.00160864051102837	0.99871649112593	0.999301333888643
TH2_HKNPDCAD_02041	1577.7929704319	0.331061167651478	0.248418250901194	1.3326765100812	0.18263798506731	0.513832223630643
TH2_HKNPDCAD_02042	890.768098542927	0.420693251986771	0.352158698712875	1.19461269457318	0.232238387094789	0.568778773171472
TH2_HKNPDCAD_02043	228.087412329327	0.080230299998792	0.254639332671144	0.315074262711826	0.752705269414822	0.900372592203685
TH2_HKNPDCAD_02044	458.485783945742	0.175065662482035	0.210637318491461	0.831123676164402	0.405903765858308	0.721723484630679
TH2_HKNPDCAD_02045	774.363134878325	0.273534694354389	0.222560490990196	1.22903527547681	0.219058580417426	0.552658182652743
TH2_HKNPDCAD_02046	145.370560044159	-0.240343157936586	0.273444944396908	-0.878945333828241	0.379430916798981	0.701973242450413
TH2_HKNPDCAD_02047	121.596200541464	0.220395628606809	0.350954176265162	0.627989759096899	0.53001064871775	0.796104744804923
TH2_HKNPDCAD_02048	85.9353523206512	1.28079695764816	0.407067514590722	3.14639933608044	0.00165294150026253	0.0309232778479772
TH2_HKNPDCAD_02049	1036.86214236818	0.927907181508629	0.386399848933839	2.40141704006595	0.0163317117786225	0.139161061046371
TH2_HKNPDCAD_02050	1830.34260902307	0.883208697076329	0.368932270249845	2.39395891413405	0.016667615737329	0.14052335241702
TH2_HKNPDCAD_02051	1439.98396016069	0.570054987759238	0.208851224405415	2.72947879229411	0.00634345291212858	0.0816998483104802
TH2_HKNPDCAD_02052	724.284207099961	0.269263111218341	0.225882410715483	1.1920499270636	0.233241669156703	0.569316900905462
TH2_HKNPDCAD_02053	283.304366946779	0.0719706071589444	0.227870021259934	0.315840612823952	0.752123490177442	0.900372592203685
TH2_HKNPDCAD_02054	309.441645525254	0.737429322657215	0.432920606411915	1.70338235633803	0.0884965373581862	0.352914562759175
TH2_HKNPDCAD_02055	102.259474645172	0.105367321123525	0.383149286183576	0.27500330790918	0.783313696915077	0.914060966483782
TH2_HKNPDCAD_02056	79.1474870699803	0.746765538614416	0.407777936804365	1.83130442138826	0.0670551180909046	0.307132659550351
TH2_HKNPDCAD_02057	65.616183393141	0.811782511117681	0.404495138311904	2.00690301125874	0.0447599911657295	0.251225120757341
TH2_HKNPDCAD_02058	86.3789304374201	0.665259648312037	0.437793489646495	1.5195741006775	0.128618051256847	0.426536473782288
TH2_HKNPDCAD_02059	71.8895237776302	0.670161806999286	0.428529525009859	1.5638637897444	0.117849559810837	0.407362179594683
TH2_HKNPDCAD_02060	79.7682496373487	0.655311006316931	0.321289706356004	2.03962652196151	0.0413875383837134	0.241631573752751
TH2_HKNPDCAD_02061	59.825370501406	0.392571895859814	0.372097252904415	1.05502497746378	0.291413901424831	0.624754353284685
TH2_HKNPDCAD_02062	45.7703637410724	-0.118860546698619	0.402382940861746	-0.295391614873301	0.767694738044231	0.906102516052206
TH2_HKNPDCAD_02063	121.573414581525	0.283115202172678	0.328600822771109	0.861577885852969	0.388919844474755	0.708491154780663
TH2_HKNPDCAD_02064	155.677827446281	-0.00945372536266525	0.280854532071126	-0.0336605761457718	0.973147816822435	0.991627936730082
TH2_HKNPDCAD_02065	157.567054408441	0.595142158269949	0.327330667115012	1.8181680424732	0.0690384528258901	0.311249876152606
TH2_HKNPDCAD_02066	120.621496826415	-0.153360946302272	0.287051158905248	-0.534263463304444	0.593159266751124	0.83239506398856
TH2_HKNPDCAD_02067	141.785308942658	0.404736713033525	0.335344745143199	1.20692725589212	0.227460159977438	0.563711067246541
TH2_HKNPDCAD_02068	30.13517494295	-0.00508729887102151	0.499159766162128	-0.0101917246058032	0.991868321063929	0.997689659722118
TH2_HKNPDCAD_02069	39.273402385733	0.222236784599891	0.522206361999137	0.425572725213675	0.670419218203516	0.86660620871618
TH2_HKNPDCAD_02070	30.6616689808147	0.903385940171138	0.446115424795878	2.02500494257621	0.0428668567098294	0.247171549487723
TH2_HKNPDCAD_02071	2352.72883539422	0.60246059174298	0.217684267478876	2.76758903489175	0.0056472617661923	0.0746078964265509
TH2_HKNPDCAD_02072	1156.99969446861	0.293240078048369	0.234051843330976	1.25288514661982	0.210247508206643	0.546669046953358
TH2_HKNPDCAD_02073	265.219870896654	1.01207834507367	0.31320126179491	3.23139932219175	0.00123185711408015	0.025359436011144
TH2_HKNPDCAD_02074	128.313951880255	0.21991872490586	0.291987115730589	0.753179551623691	0.451342025410561	0.751894449871477
TH2_HKNPDCAD_02075	79.0613109024281	0.389835060599092	0.281313342118632	1.38576811772652	0.165817720635506	0.491603028327127
TH2_HKNPDCAD_02076	89.1394913766512	-0.16157611492784	0.293226100271336	-0.551029102724234	0.581613724510162	0.826088099706037
TH2_HKNPDCAD_02077	116.254440221305	0.487426296970606	0.280905922842188	1.73519408931951	0.082706433074289	0.342573709177986
TH2_HKNPDCAD_02078	436.640702116374	0.165018654807476	0.251640273767868	0.655772036552868	0.51197081116731	0.786208022182034
TH2_HKNPDCAD_02079	269.804249099802	-0.223412580412393	0.26397147266706	-0.846351229377644	0.397356836975672	0.71515537312447
TH2_HKNPDCAD_02080	31.6379360004438	-0.453539988865321	0.362792156208322	-1.25013725105151	0.211249414076464	0.547454244972676
TH2_HKNPDCAD_02081	89.3456952389014	0.883233329699447	0.422570395335473	2.09014483610065	0.0366047911113901	0.225524229852146
TH2_HKNPDCAD_02082	1494.52261076992	-0.362793768129484	0.335977940473963	-1.07981425095258	0.280224903824932	0.618546824418721
TH2_HKNPDCAD_02083	266.708429449124	-0.0214679156922067	0.253770299251863	-0.0845958559984996	0.932582693693701	0.979319886782042
TH2_HKNPDCAD_02084	839.812205252016	0.122225286071018	0.203710018949225	0.599996439554028	0.548508608359072	0.80872124577572
TH2_HKNPDCAD_02085	69.6433324042086	-0.821501447041926	0.318149132152861	-2.58212694619962	0.00981934582622785	0.104427316815859
TH2_HKNPDCAD_02086	347.571016633374	-0.0548583413323363	0.251827091128118	-0.217841301690718	0.827552763147105	0.936243491843155
TH2_HKNPDCAD_02087	1587.2945060474	0.340501694230559	0.292402976075638	1.16449462587713	0.244223619977935	0.580923561952156
TH2_HKNPDCAD_02088	18.9927356775394	0.0312012622463906	0.447306341060808	0.0697536774739104	0.944389717341656	0.984131264706918
TH2_HKNPDCAD_02089	79.0331846778993	0.318123784153917	0.312067354971789	1.01940744228974	0.308009574407292	0.638954705953776
TH2_HKNPDCAD_02090	245.627870740626	0.34841326079743	0.398631618886841	0.874023143900017	0.38210565001147	0.703934518767163
TH2_HKNPDCAD_02091	194.041768536649	0.0687290112671909	0.281649930872134	0.244022823134983	0.807213143833548	0.924707166794345
TH2_HKNPDCAD_02092	135.42083370971	-0.0953834777903479	0.309302046042763	-0.308382951262988	0.757790953177233	0.901608689680575
TH2_HKNPDCAD_02093	24.8296944284186	-0.319682181381977	0.461606236176228	-0.692543029812819	0.488596373160431	0.770926576310905
TH2_HKNPDCAD_02095	398.281180789564	-0.194483923124074	0.346830955723756	-0.56074557335354	0.574970994590728	0.823926844693718
TH2_HKNPDCAD_02096	42.9258254068691	-0.151755364278296	0.417477154003685	-0.363505793845083	0.716227085645242	0.885523405937653
TH2_HKNPDCAD_02097	19.2073048813125	-0.212077873745277	0.434271999416101	-0.48835263160053	0.625300087560994	0.847959854189856
TH2_HKNPDCAD_02098	0.153888960445226	0.726546439555219	4.0804728567969	0.178054471884306	0.858680196776375	NA
TH2_HKNPDCAD_02099	0.73122089464085	-1.76173749426363	2.19555444680119	-0.802411207260375	0.42231513229692	0.734075065498138
TH2_HKNPDCAD_02100	904.764649490839	-1.61217437231726	0.425546288575685	-3.78848180702798	0.000151570689798366	0.00489800081450507
TH2_HKNPDCAD_02101	9.66885007599308	-1.20476115052811	0.658710992523403	-1.82896773274254	0.0674044422274001	0.307132659550351
TH2_HKNPDCAD_02102	3.65945466815546	0.549416453665878	0.910405329435808	0.603485541990796	0.546185730820454	0.807687198883885
TH2_HKNPDCAD_02103	10.6603567258453	-1.37410575629853	0.686030829566008	-2.00297959957253	0.045179478212435	0.252551805143884
TH2_HKNPDCAD_02104	252.822727241318	0.723149365008729	0.382616844334692	1.89000922389125	0.0587567264682366	0.287666647446209
TH2_HKNPDCAD_02105	81.2640335133026	-0.173126272267368	0.282927468714549	-0.611910441407292	0.540597012975635	0.803916532785932
TH2_HKNPDCAD_02106	47.7171441776126	-0.521350070198624	0.384896658756021	-1.35451960503793	0.175570662983862	0.504071605450537
TH2_HKNPDCAD_02107	140.546348824652	0.70684015539957	0.298308786433814	2.36949157230538	0.0178125610432757	0.147125794181861
TH2_HKNPDCAD_02108	153.093423417034	0.529833293423209	0.274188998190532	1.93236525506042	0.0533144393540151	0.275216330441774
TH2_HKNPDCAD_02109	115.788308021709	0.573982670119973	0.277728496451642	2.06670427217005	0.0387620283746779	0.231804697119282
TH2_HKNPDCAD_02110	102.0749694571	-0.109022930125302	0.291860331834471	-0.373544871411764	0.708742955543876	0.881372244084888
TH2_HKNPDCAD_02111	155.988565605985	-0.0933985161956417	0.298263855092199	-0.313140578722723	0.754173860883942	0.900372592203685
TH2_HKNPDCAD_02112	18.9751874078118	-0.607585291289688	0.448484323380019	-1.35475257353612	0.175496401500367	0.504071605450537
TH2_HKNPDCAD_02113	7.22815877717143	0.182413215464771	0.657636860992802	0.277376811253236	0.781490785276936	0.914060966483782
TH2_HKNPDCAD_02114	52.0641466939645	0.215409594600195	0.346747379788637	0.621229192074931	0.534448834800162	0.80011110423767
TH2_HKNPDCAD_02115	69.0061669355184	0.223577062956985	0.29980019235716	0.745753567398086	0.455816293620698	0.754289952058841
TH2_HKNPDCAD_02116	20.3586606102885	0.252609114832929	0.477113457427759	0.529452923409055	0.596491293356731	0.832414382655662
TH2_HKNPDCAD_02117	458.766114636153	-0.284282584850318	0.303848644328292	-0.935605901677701	0.349476134841239	0.672452953151724
TH2_HKNPDCAD_02118	709.461738977661	-1.25012695131378	0.388599651879963	-3.21700481527951	0.00129536424633168	0.0262452060343723
TH2_HKNPDCAD_02119	469.43444236536	0.0508822291827441	0.245096264020261	0.207600998677556	0.835540524522201	0.940952758599506
TH2_HKNPDCAD_02120	147.221247486832	-0.224533695449974	0.294501472526007	-0.762419601926254	0.445809610775126	0.749744115758955
TH2_HKNPDCAD_02121	30.6419186466898	0.435897671250056	0.427418043489384	1.01983918996832	0.307804733393762	0.638944746974387
TH2_HKNPDCAD_02122	274.895579096252	0.400406194531383	0.252053230882007	1.58857790923864	0.112155718828968	0.39819477949691
TH2_HKNPDCAD_02123	6.53554224522206	-0.381965447817414	0.85784691500213	-0.445260618342919	0.656131424227757	0.862349291109766
TH2_HKNPDCAD_02124	57.8405219623217	-0.468774815703481	0.39903441625591	-1.17477289328058	0.240085587587258	0.576430314741117
TH2_HKNPDCAD_02125	10.1043220369581	0.197717899489451	0.609786769358754	0.324241045271234	0.745755549527616	0.900372592203685
TH2_HKNPDCAD_02126	21.9405778876723	-1.08446717574953	0.525077982964897	-2.06534497909432	0.038890370566247	0.231804697119282
TH2_HKNPDCAD_02127	9.4121697666605	0.153645377147783	0.684366902285832	0.224507317105192	0.822362573999421	0.933030224506647
TH2_HKNPDCAD_02128	16.9966489753625	-0.60677685640709	0.465376782891241	-1.30383998238454	0.192288147167118	0.524013313332614
TH2_HKNPDCAD_02129	209.775453064577	0.186321146849581	0.319728582780071	0.582747858291243	0.560063050586399	0.815414951811121
TH2_HKNPDCAD_02130	386.67938428136	-0.246868138487003	0.565904718054561	-0.436236226012878	0.662665347024547	0.86539681741818
TH2_HKNPDCAD_02131	1829.49089425821	-0.329577268277318	0.611546428404954	-0.538924361208235	0.589939047002071	0.830083262724363
TH2_HKNPDCAD_02132	382.723612986734	-0.480421010911518	0.249689144509265	-1.92407648260292	0.0543449974040844	0.277310578345845
TH2_HKNPDCAD_02133	215.795614582	0.0108679406363275	0.284410228968819	0.0382122002986009	0.969518493569544	0.990384973702169
TH2_HKNPDCAD_02134	20.4570130632588	-0.846914466625513	0.471204091168992	-1.79734107257948	0.0722814895204631	0.316771527913711
TH2_HKNPDCAD_02135	53.0275993548649	0.0181502922804526	0.322044614706325	0.0563595584326227	0.955055373415549	0.988092167147834
TH2_HKNPDCAD_02136	77.2116941546182	0.303958498480607	0.320461120425958	0.948503512927197	0.342873185287162	0.667261939173118
TH2_HKNPDCAD_02137	23.3247902319221	0.440104348791072	0.407677576455442	1.07954024015146	0.280346965285908	0.618546824418721
TH2_HKNPDCAD_02138	57.4975763118166	0.667793185385718	0.313396522049436	2.13082513174916	0.0331035511009251	0.213176888119777
TH2_HKNPDCAD_02139	95.648890246729	0.574846949241788	0.40401535291897	1.4228344172779	0.154784161578623	0.475103959432349
TH2_HKNPDCAD_02140	19.409029828014	-0.977890598937439	0.548820527403011	-1.78180397800491	0.0747812033389988	0.322667044036791
TH2_HKNPDCAD_02141	453.096854793948	-0.0579072571411873	0.222089225585086	-0.260738705304738	0.794294015663325	0.919293548044752
TH2_HKNPDCAD_02142	45.4250247481503	-1.15803780887501	0.399169501158732	-2.90111795994783	0.00371833876964175	0.0546137665707266
TH2_HKNPDCAD_02143	4096.68135332583	0.364590110449219	0.247590992400732	1.47254997814751	0.140872421313374	0.449074646549971
TH2_HKNPDCAD_02144	129.693310668995	-0.16114193520576	0.344583543940993	-0.467642573301046	0.640040214461816	0.853275979019836
TH2_HKNPDCAD_02145	616.459649415514	0.439569740757011	0.323462252204683	1.35895220465743	0.174161734589584	0.502676267739982
TH2_HKNPDCAD_02146	794.677141698394	-0.252120434278127	0.285677416727171	-0.882535403625931	0.377487343135817	0.700325776660948
TH2_HKNPDCAD_02147	739.289982007993	0.362217718984393	0.258525454304878	1.40109112256788	0.161186825932628	0.485169506594627
TH2_HKNPDCAD_02148	421.636825390403	0.867299088274178	0.257426849174879	3.36910889852438	0.000754116281563407	0.017104425041124
TH2_HKNPDCAD_02149	851.590426629372	0.273618996787519	0.314357344912226	0.870407519391406	0.384077738879631	0.704360934225895
TH2_HKNPDCAD_02150	406.192217748414	0.0999816569794981	0.273907445604718	0.365019858291052	0.715096582740589	0.88497949858239
TH2_HKNPDCAD_02151	3748.18457676666	-0.885282457026359	0.56318528339488	-1.5719204374267	0.115969004143069	0.404667879671459
TH2_HKNPDCAD_02152	552.355777342745	0.210184464763026	0.700534397251615	0.300034467383239	0.76415086487803	0.904260727710276
TH2_HKNPDCAD_02153	32.1506049199518	0.260147871856956	0.379199222630405	0.686045372277873	0.492684497257791	0.773976296244495
TH2_HKNPDCAD_02154	41.4229513859729	0.288932006311929	0.336543645493337	0.858527594209618	0.390601200112814	0.709153347759136
TH2_HKNPDCAD_02155	1636.06863468342	-0.273731549708532	0.225353746935035	-1.21467494297951	0.224490092951394	0.561081561160175
TH2_HKNPDCAD_02156	2117.20330214095	-0.164693401271562	0.203619766170249	-0.808828162261315	0.418613994765935	0.731361737276818
TH2_HKNPDCAD_02157	444.707857462502	0.446998338362049	0.343776682766512	1.30025787311946	0.193512601278217	0.525673340833142
TH2_HKNPDCAD_02158	76.7996867698585	0.106352864082377	0.380269712726569	0.279677451353718	0.779724979439587	0.914041013160381
TH2_HKNPDCAD_02159	7.86008472166094	1.24354784746955	0.666721004041474	1.86516974856276	0.062157614426809	0.295291873542005
TH2_HKNPDCAD_02160	97.9772647661461	-0.0942226851005473	0.349325955718341	-0.269727123215884	0.787370192354991	0.915621507715899
TH2_HKNPDCAD_02161	16.3490208647857	-0.348516418037055	0.483848421973421	-0.720300826063662	0.471339796252859	0.762203896079147
TH2_HKNPDCAD_02162	14.2808633630316	0.0831643877174491	0.490798200724751	0.169447213935671	0.865444889038127	0.955269272439586
TH2_HKNPDCAD_02163	16.1722907644702	-0.356715275087998	0.659630997316121	-0.540780036928808	0.588659204216198	0.829886435866951
TH2_HKNPDCAD_02164	1.40734085329299	0.165105233697447	1.57442469506583	0.104867024897969	0.916481324977348	0.974280352729459
TH2_HKNPDCAD_02165	10.9942207463666	-0.249485377522294	0.635476711501092	-0.392595626255087	0.694618170459006	0.875104320357525
TH2_HKNPDCAD_02166	23.9497315877042	-0.257915419603497	0.474657597661602	-0.543371518488519	0.586874031592861	0.829727887942116
TH2_HKNPDCAD_02168	10.4310874994826	-0.127875604510732	0.903494088872417	-0.141534522567075	0.887447689466927	0.96346292374746
TH2_HKNPDCAD_02169	173.044668805169	0.801099258616165	0.435979542069604	1.8374698381794	0.0661405651639143	0.305188541893283
TH2_HKNPDCAD_02170	218.112183977165	0.77446202614295	0.472450382539723	1.63924520915767	0.101162201872063	0.378509085252697
TH2_HKNPDCAD_02171	279.666039883393	1.62673038215562	0.481706942360893	3.37701253418282	0.000732777108335133	0.0168440155037036
TH2_HKNPDCAD_02172	364.12869418353	1.46964197127212	0.491849807187722	2.98798932071394	0.00280819366624034	0.0452666689721635
TH2_HKNPDCAD_02173	1905.62336264897	0.257414018711928	0.514044790134665	0.500761847317805	0.616538739612458	0.843626222446442
TH2_HKNPDCAD_02174	2325.44445657224	0.207542212596001	0.234762755426744	0.884050846220208	0.376668765641513	0.699566700245795
TH2_HKNPDCAD_02175	1837.00258669798	0.263758447531032	0.201641292461566	1.3080577113505	0.190853735469363	0.523723901507469
TH2_HKNPDCAD_02176	434.909155695693	-0.163244242450855	0.225845486694658	-0.722813835423511	0.469794266067431	0.761595638159915
TH2_HKNPDCAD_02177	2730.89514749633	0.929445810064816	0.372758330644996	2.49342733254698	0.0126516478183205	0.120481340935053
TH2_HKNPDCAD_02178	892.807911831768	0.700487718935267	0.430617191940588	1.62670634625269	0.103799480264616	0.385562417272769
TH2_HKNPDCAD_02179	3484.22447197421	1.17226647230529	0.447208714389911	2.62129612993905	0.00875961364453426	0.0959439733800911
TH2_HKNPDCAD_02180	406.375956367709	0.968053349399232	0.397033247186237	2.43821734391212	0.0147598966609668	0.132271381615587
TH2_HKNPDCAD_02181	544.831909995593	0.363929460068407	0.30961043158842	1.17544314705842	0.239817470001125	0.576382841996543
TH2_HKNPDCAD_02182	479.865584174964	1.52638329267685	0.439005108218436	3.4769146511101	0.000507219251474367	0.0128079107539784
TH2_HKNPDCAD_02183	775.215029235059	0.621936616095559	0.379176349064395	1.64023050918172	0.100957248032687	0.378334275573848
TH2_HKNPDCAD_02184	544.380440587589	0.14399824445903	0.25572856418871	0.563090184766256	0.573373474763619	0.823926844693718
TH2_HKNPDCAD_02185	56.2041645127849	-0.106477424553871	0.337930364992121	-0.315086880565924	0.752695689357582	0.900372592203685
TH2_HKNPDCAD_02186	504.789619716561	0.519902789429606	0.261533393876596	1.98790212493829	0.0468225157030148	0.258178875228999
TH2_HKNPDCAD_02187	411.551314787986	0.0523201854310109	0.343080643520993	0.152501128871788	0.878791700140733	0.960573459551585
TH2_HKNPDCAD_02188	78.6299898184761	-0.869509735040412	0.355817431754348	-2.44369628197617	0.0145376592242799	0.130966680463373
TH2_HKNPDCAD_02189	6035.49863107045	0.327278298631167	0.35987966790151	0.909410360800753	0.363133554819093	0.685354418999511
TH2_HKNPDCAD_02190	252.940540564891	-0.255811258418136	0.541011173490392	-0.472839140766246	0.636327947080448	0.852895012489516
TH2_HKNPDCAD_02191	291.600294942878	-0.0816491254373827	0.355420577637833	-0.229725374878496	0.818305175872905	0.931032437872058
TH2_HKNPDCAD_02192	57.633695242308	0.197890355316208	0.471357155628554	0.419831019754695	0.674608902428584	0.868808508462522
TH2_HKNPDCAD_02193	192.514595494842	0.336596303300672	0.271216121165094	1.24106303804773	0.21458246252267	0.549787097007007
TH2_HKNPDCAD_02194	23.4565559734308	-0.239091996967257	0.506124908227779	-0.472397214759591	0.636643292034654	0.852895012489516
TH2_HKNPDCAD_02195	254.708479857739	1.10725782099499	0.41054636787321	2.69703475086387	0.00699599690852003	0.0859987533646851
TH2_HKNPDCAD_02196	369.745526379742	0.479499634550211	0.247936503984157	1.93396142498182	0.0531178708625403	0.275032531354931
TH2_HKNPDCAD_02197	1219.08879507306	0.187154303333552	0.262343162954308	0.713395009902159	0.475601360091172	0.76511007457286
TH2_HKNPDCAD_02198	184.342822112599	0.0385005487973179	0.263345268958449	0.146197989238958	0.883765092861277	0.962434643298684
TH2_HKNPDCAD_02199	139.969369367621	0.302797848071717	0.276179710205108	1.09637977332527	0.27291261183261	0.614652921025465
TH2_HKNPDCAD_02200	802.616218371247	-0.115135394184191	0.330657555442061	-0.348201310658892	0.727689003537524	0.891156337927601
TH2_HKNPDCAD_02201	794.164567134531	-0.36754996611246	0.319893008094416	-1.14897780449136	0.25056513301217	0.587852494129043
TH2_HKNPDCAD_02208	420.405198861418	-0.353320845255875	0.275751339485053	-1.28130237160653	0.200087480207886	0.534470257188964
TH2_HKNPDCAD_02209	131.188144001313	-0.522064505106172	0.245795114285201	-2.12398243400563	0.0336716124592708	0.214677469485351
TH2_HKNPDCAD_02210	21.1242368977439	-0.133528311315867	0.486586132222941	-0.274418653704435	0.783762909456601	0.914060966483782
TH2_HKNPDCAD_02211	36.6903230587382	-0.349847609613822	0.347587767627326	-1.00650150033162	0.314174390282674	0.644704459352053
TH2_HKNPDCAD_02212	4.23075263465021	-1.07254890187099	0.868079246461286	-1.23554261462098	0.216628626776745	0.550955277855921
TH2_HKNPDCAD_02213	3.23974921272178	0.693454784044506	0.981892076374369	0.706243385327117	0.480036794173785	0.766533254035573
TH2_HKNPDCAD_02214	412.601238547454	0.0303599633375283	0.291513839919781	0.104145872957122	0.917053587406469	0.974280352729459
TH2_HKNPDCAD_02215	3.91856081974631	-0.401521618123508	1.03101851977618	-0.389441712657764	0.696949420425084	0.875286845468737
TH2_HKNPDCAD_02216	548.00831652991	0.129957317945806	0.269059941375541	0.483005077907221	0.629092130715257	0.850087486416688
TH2_HKNPDCAD_02217	908.573433940533	0.609430282887621	0.307282655854323	1.98328890771024	0.0473351677029593	0.259824532192597
TH2_HKNPDCAD_02218	539.312827008132	0.464115314985986	0.346646690925005	1.33887132673191	0.180612565568141	0.51204577681545
TH2_HKNPDCAD_02219	642.379854857857	0.122801760178413	0.232024183617679	0.529262761595412	0.596623184135174	0.832414382655662
TH2_HKNPDCAD_02220	267.930549626968	-1.36616201333341	0.308845902202519	-4.42344225256252	9.71406054939208e-06	0.000425592088685332
TH2_HKNPDCAD_02221	74.9826599771359	0.00759103772778327	0.338579846127944	0.0224202291264399	0.982112743897493	0.993869420465992
TH2_HKNPDCAD_02222	26.3888218334047	-1.54573788221476	0.5211883939328	-2.96579490297334	0.00301901747623314	0.0473256378690247
TH2_HKNPDCAD_02223	373.554791271333	0.438965562449892	0.264917908265726	1.65698712225067	0.0975220786951481	0.370294944734318
TH2_HKNPDCAD_02224	888.642092746652	0.227218475007551	0.28786546982603	0.789321745136261	0.429923980404256	0.739917383686689
TH2_HKNPDCAD_02225	1458.04423588002	0.242337939195315	0.331314880034994	0.731442967999863	0.464508628145284	0.757729918982086
TH2_HKNPDCAD_02226	4475.05421932816	-0.26462989552487	0.242538632376682	-1.0910834819662	0.275236150409023	0.615827371015562
TH2_HKNPDCAD_02227	7581.37031745236	-0.0938061414810538	0.343201447514786	-0.273326765257924	0.78460204266708	0.914060966483782
TH2_HKNPDCAD_02228	1.50071963713888	0.686789547792607	1.45163589768309	0.473114194054289	0.636131710684442	0.852895012489516
TH2_HKNPDCAD_02229	8.02519851242906	-0.25697176692681	0.639398074703681	-0.401896372687546	0.687760292364265	0.873330700486242
TH2_HKNPDCAD_02230	149.410619425479	0.480772585010283	0.259024299919878	1.85609066469438	0.0634406361436367	0.298619560029644
TH2_HKNPDCAD_02231	187.480919207897	0.118538165442204	0.290662845823196	0.407820150203539	0.68340571892448	0.872905628483619
TH2_HKNPDCAD_02232	195.366303833147	-0.0185177641482283	0.248811034423977	-0.0744250117005415	0.940672207530367	0.982421497968606
TH2_HKNPDCAD_02233	204.762137369705	0.242751235340826	0.249996842675983	0.97101720462707	0.33153971123043	0.658200061877298
TH2_HKNPDCAD_02234	194.442649241133	0.556935036069902	0.285218686212271	1.95265970636794	0.0508599312294295	0.269604971542974
TH2_HKNPDCAD_02235	144.422330880173	-0.067436634145429	0.278327083421592	-0.24229274893554	0.808553331927859	0.925703158304248
TH2_HKNPDCAD_02236	61.6404846387641	-0.0287293595977302	0.314935052863063	-0.0912231246936555	0.927315300710667	0.97700398164068
TH2_HKNPDCAD_02237	228.949749176222	-0.259192857107404	0.311995778296912	-0.830757577946269	0.406110592122148	0.721817924832917
TH2_HKNPDCAD_02238	302.862463244415	0.334053573846496	0.304677353747263	1.09641747159062	0.272896121443069	0.614652921025465
TH2_HKNPDCAD_02239	141.516492644049	0.221091749547456	0.279750478605497	0.790317681133403	0.429342263425997	0.739917383686689
TH2_HKNPDCAD_02240	73.216924238635	0.502625697953911	0.403584692145497	1.24540327652643	0.212983549512795	0.548492125550683
TH2_HKNPDCAD_02241	88.0408598045853	-0.319547665243188	0.293048217113414	-1.09042692151755	0.275525128236128	0.616011928696507
TH2_HKNPDCAD_02242	460.25641189028	0.154111026711007	0.289256420317324	0.5327834263521	0.5941835079086	0.832414382655662
TH2_HKNPDCAD_02247	50.0503263997036	0.169252100231539	0.348248600194967	0.486009420100421	0.626960487036458	0.849238195874105
TH2_HKNPDCAD_02248	72.7141979241003	-0.180156405779353	0.340706826145883	-0.528772516292978	0.596963265430196	0.832506524453741
TH2_HKNPDCAD_02249	1032.63932772213	-0.190455015362766	0.246383952389022	-0.77300089358925	0.439521851797808	0.745805736266077
TH2_HKNPDCAD_02250	783.139835322578	0.0241470184611906	0.254883321818143	0.0947375382937738	0.924523300809082	0.975928014816177
TH2_HKNPDCAD_02252	325.595476777943	0.0500435943097725	0.265867959551979	0.188227247819189	0.850698513557367	0.950322993958414
TH2_HKNPDCAD_02253	1685.47207313179	0.256001283926471	0.293546214306373	0.872098741015556	0.383154512922801	0.70399538526238
TH2_HKNPDCAD_02254	1580.10675847701	-0.0258581667811709	0.217123629844777	-0.119094208215186	0.905200719262157	0.969906249760393
TH2_HKNPDCAD_02255	2394.38943605683	0.319959762387952	0.270021883957132	1.18494011558985	0.236041124942764	0.571543334024765
TH2_HKNPDCAD_02256	67.713827253915	-0.694334205769556	0.326320441513185	-2.12776803852633	0.0333563205654836	0.213927102065108
TH2_HKNPDCAD_02257	46.4878026737044	0.15986227224088	0.389909434542889	0.409998471640715	0.681807068693315	0.872058615747665
TH2_HKNPDCAD_02258	423.210181564538	0.524218683111938	0.235478549637377	2.22618443981077	0.0260018297815464	0.187725886563672
TH2_HKNPDCAD_02259	210.029513603463	0.187623269385774	0.335473643423986	0.559278718503223	0.575971517062254	0.823926844693718
TH2_HKNPDCAD_02260	283.630858008384	0.386501911366774	0.228743037759114	1.68967726910138	0.0910897142903921	0.356241887442533
TH2_HKNPDCAD_02261	235.786561438716	0.0438487208941915	0.223773928791364	0.195950981113058	0.844648533511146	0.946413093882282
TH2_HKNPDCAD_02262	445.016331151995	0.506381764971484	0.36382457731296	1.39182945998697	0.163974046668834	0.489534632046852
TH2_HKNPDCAD_02263	12.0171283385584	-0.00979900665929594	0.526636337351741	-0.018606780361134	0.985154793827312	0.994438583880559
TH2_HKNPDCAD_02264	276.301533774474	0.461275468578031	0.285493656937549	1.61571179383132	0.106156639876513	0.389524627928129
TH2_HKNPDCAD_02265	7.20194924713332	0.0845215001987388	0.714420451135156	0.118307783692979	0.905823790220388	0.969906249760393
TH2_HKNPDCAD_02267	0.575209216667472	-2.74123309491548	2.56672809731777	-1.06798733289282	0.285526225754513	0.622072278168788
TH2_HKNPDCAD_02268	50.6733495058325	0.854209053327675	0.365758223506283	2.33544729394991	0.0195200662315658	0.154652023961369
TH2_HKNPDCAD_02269	0.517041936518787	0.664209646993773	2.7347980313962	0.242873382007911	0.808103486344998	NA
TH2_HKNPDCAD_02270	219.000237695944	0.550642799269414	0.368176785119779	1.49559347988297	0.134759623278459	0.43664843800593
TH2_HKNPDCAD_02271	162.360269754701	0.0917928543407182	0.30099810137167	0.304961572589367	0.760395419683443	0.90289249972141
TH2_HKNPDCAD_02272	208.374743031723	-0.00878762639272293	0.283113842056191	-0.0310391972674328	0.9752382798224	0.992509720547671
TH2_HKNPDCAD_02273	429.244817627915	0.135139360854547	0.217101553854738	0.622470721443882	0.533632390098296	0.799824453697036
TH2_HKNPDCAD_02274	34.134617170673	0.0608755788206085	0.356519876679489	0.170749466727028	0.864420765115817	0.955269272439586
TH2_HKNPDCAD_02275	458.337350983736	0.0211925738757079	0.302642887753166	0.0700250187045282	0.944173746465454	0.984131264706918
TH2_HKNPDCAD_02276	260.58678832069	-0.112635970334367	0.260133534455846	-0.432992887941117	0.665019936645769	0.865534678727702
TH2_HKNPDCAD_02277	127.501010473069	0.226381266326464	0.31725284577377	0.713567330733716	0.475494764836486	0.76511007457286
TH2_HKNPDCAD_02278	1892.55755510767	0.209186817406641	0.581326250511863	0.359844093093079	0.718963727327411	0.887622366637839
TH2_HKNPDCAD_02279	24443.7467908327	-0.349426632154611	0.501087190904472	-0.697336987449008	0.485591925802501	0.768941170478092
TH2_HKNPDCAD_02280	646.509082550104	0.331988087518543	0.328945405574954	1.0092498083026	0.312854844696959	0.643755786272268
TH2_HKNPDCAD_02281	995.601429032475	0.408812027735825	0.232626963086884	1.75737164046258	0.0788544839255434	0.331862138425563
TH2_HKNPDCAD_02282	206.14037360637	0.567048722880279	0.447909598656851	1.26598921876355	0.205516942167597	0.541078503107911
TH2_HKNPDCAD_02283	704.533649999096	0.465827908046087	0.287716263657748	1.61905309809045	0.105435839003625	0.388546458472869
TH2_HKNPDCAD_02284	441.397903585065	0.761167592941374	0.319732821901876	2.38063639639403	0.0172827615278548	0.144285725719517
TH2_HKNPDCAD_02285	1039.71118769598	0.932761830294378	0.385607700800272	2.41893984056482	0.0155658143080471	0.136393784859914
TH2_HKNPDCAD_02286	299.511205497668	0.182738111049859	0.265111913178018	0.689286682213912	0.490642877108592	0.773143371674959
TH2_HKNPDCAD_02287	272.457177191285	0.43320178940426	0.272023660625459	1.59251510845861	0.111269011094855	0.397329811755286
TH2_HKNPDCAD_02288	561.94739041706	0.717945819533488	0.319671579135671	2.24588567264776	0.0247113318201327	0.18121643334764
TH2_HKNPDCAD_02289	284.813901345363	-0.106802367009201	0.28996980387336	-0.368322375580341	0.712632870156925	0.884278889475768
TH2_HKNPDCAD_02290	98.4959932747666	-0.495332712998709	0.323610378651603	-1.5306453243639	0.12585707348277	0.421938102467414
TH2_HKNPDCAD_02291	3790.69329461176	0.425449723600099	0.258293572728605	1.64715567292543	0.0995260523221239	0.375677867601773
TH2_HKNPDCAD_02292	1277.72990032121	0.353421737742629	0.370445921032654	0.954044079517548	0.340061330376263	0.664311882434727
TH2_HKNPDCAD_02293	905.644278103612	1.68333813668013	0.618549933700165	2.72142642811454	0.00650008521880759	0.0826479929447431
TH2_HKNPDCAD_02294	2522.7968952044	1.6453207040567	0.663096077446718	2.48127045237861	0.0130915000742047	0.123132164000685
TH2_HKNPDCAD_02295	1035.62215882458	0.655894398769687	0.355005815763005	1.84755958817179	0.0646660803826424	0.302443729964804
TH2_HKNPDCAD_02296	136.197429045062	0.0706198699084946	0.332707481304877	0.212258136280927	0.831905653664018	0.938044078460571
TH2_HKNPDCAD_02297	342.042377095259	0.548218102107921	0.250592334829795	2.18768903079289	0.0286922616268497	0.198483850336345
TH2_HKNPDCAD_02298	67.4116060591059	0.813725276617452	0.329579565317017	2.46897976163888	0.013549888157724	0.125273669793952
TH2_HKNPDCAD_02299	179.39107970011	0.222869566723564	0.344947406503929	0.646097238365598	0.518216383763936	0.791345479881165
TH2_HKNPDCAD_02305	24.93978387993	-0.157838771491488	0.471656698869018	-0.334647577083011	0.737890950797518	0.897160582018045
TH2_HKNPDCAD_02306	97.2743636922512	-0.378368263257962	0.313525396661004	-1.20681854576224	0.227502032194478	0.563711067246541
TH2_HKNPDCAD_02307	174.435758559596	0.13838781083932	0.325881918940978	0.42465630277691	0.67108724272225	0.86660620871618
TH2_HKNPDCAD_02308	861.229478296416	0.442916858882181	0.407609770147263	1.08661982935827	0.27720485791415	0.617268506371821
TH2_HKNPDCAD_02309	8.79644167870763	0.373813931674506	0.690999661962525	0.540975563740259	0.588524425841331	0.829886435866951
TH2_HKNPDCAD_02310	300.463350734509	-0.121074426985433	0.454873263296316	-0.266171781801477	0.790106914208711	0.917173945213451
TH2_HKNPDCAD_02311	36.7200280145524	-0.642927055697091	0.370938196591895	-1.73324575792996	0.0830519971834401	0.342573709177986
TH2_HKNPDCAD_02312	34.1601727161675	0.541216505350643	0.430650152810501	1.25674286150502	0.208846762250194	0.544531283466172
TH2_HKNPDCAD_02313	2.60090494601829	-0.475013375804187	1.18057550204504	-0.402357473097952	0.687420962923166	0.873330700486242
TH2_HKNPDCAD_02314	1772.84668384985	0.627458835527663	0.369369770175378	1.69872817483072	0.0893704122242134	0.353482047115214
TH2_HKNPDCAD_02315	529.605754962696	0.265129490587462	0.343510028211905	0.771824601358969	0.440218318852309	0.746695113702517
TH2_HKNPDCAD_02316	255.386008338403	-0.138399248053909	0.337346833508998	-0.410258032109904	0.681616674666345	0.872058615747665
TH2_HKNPDCAD_02317	1276.09282054941	0.548694468834009	0.241291576498668	2.2739893236059	0.0229666284498911	0.171114734642648
TH2_HKNPDCAD_02318	118.050280557589	-0.000788548026070343	0.326080627007393	-0.00241826088629443	0.998070508855438	0.998912870506935
TH2_HKNPDCAD_02319	249.438591184726	0.0933410121730388	0.331640122246088	0.281452713082094	0.778363192166509	0.913227219740336
TH2_HKNPDCAD_02320	129.704036831029	-0.06786537272529	0.345370210548262	-0.196500365846714	0.84421854634427	0.946307515539192
TH2_HKNPDCAD_02321	2082.19627235373	0.147550624534899	0.456520053986317	0.32320732297846	0.746538235358005	0.900372592203685
TH2_HKNPDCAD_02322	2157.90637374136	0.520558216320541	0.247172231874996	2.10605460156951	0.0351996097002463	0.220040486979832
TH2_HKNPDCAD_02323	20.9251066713468	0.645624217301939	0.675539486113765	0.955716476347042	0.339215495999593	0.664133170069642
TH2_HKNPDCAD_02324	0.621421220217804	1.20552773500473	2.2641315108339	0.532445986125923	0.594417142382878	0.832414382655662
TH2_HKNPDCAD_02325	58.2910604496832	1.7432977925573	0.56613123986067	3.07931742644398	0.00207475493128963	0.0361741284958866
TH2_HKNPDCAD_02326	12.3893967183886	0.284043387995092	0.793762068607469	0.357844496768914	0.720459688926967	0.888613177439758
TH2_HKNPDCAD_02327	2.76299977178973	-1.41107819693002	1.2286502255915	-1.14847836067478	0.250771141147369	0.587852494129043
TH2_HKNPDCAD_02328	15.1463540506382	-0.886761545363843	0.50489639957761	-1.756323764847	0.0790331416797644	0.332068757582354
TH2_HKNPDCAD_02329	12.4423231170728	0.214287282655323	0.568030178925024	0.377246298886538	0.705990576117538	0.879870579425845
TH2_HKNPDCAD_02330	17.8405014071471	-1.04693787066604	0.547675594380223	-1.91160219920117	0.0559272370480979	0.280511758423239
TH2_HKNPDCAD_02331	5.47778708259438	-0.00332038225133333	0.950983226725758	-0.00349152556850601	0.997214171315466	0.998779500294314
TH2_HKNPDCAD_02332	4.54947705617393	-0.742973239497639	0.822992607020459	-0.902770247460035	0.366647844883128	0.689195765629231
TH2_HKNPDCAD_02333	35.6727141468565	-0.187576607759749	0.364536733821774	-0.514561607531869	0.606859399206788	0.838521004669418
TH2_HKNPDCAD_02334	7.67680276951627	-0.21506594984801	0.666009978549522	-0.32291700841539	0.746758094944221	0.900372592203685
TH2_HKNPDCAD_02335	8.97926329062995	-0.526268233995707	0.597979195117888	-0.880077832627533	0.378817146888143	0.701973242450413
TH2_HKNPDCAD_02336	49.0348982561858	-1.01896294967156	0.420065272965263	-2.42572527473802	0.0152778305634844	0.135257615662213
TH2_HKNPDCAD_02337	2.01289542884381	0.715712955250677	1.28589837924984	0.556585937738101	0.577810363794657	0.823926844693718
TH2_HKNPDCAD_02338	59.358834634388	0.351092579328201	0.456904526372805	0.768415629662054	0.44224029767041	0.747419639254375
TH2_HKNPDCAD_02339	304.963920087877	0.304993076647782	0.31921153087335	0.955457579534589	0.33934634774108	0.664133170069642
TH2_HKNPDCAD_02340	389.109497152745	0.503592071593666	0.303856129411684	1.65733721603281	0.0974513170940339	0.370294944734318
TH2_HKNPDCAD_02341	160.043090347765	-0.181419650355347	0.327120189670748	-0.55459631072588	0.579170813042897	0.824904025467599
TH2_HKNPDCAD_02342	509.04573152037	-0.180255845768235	0.332564379262625	-0.542017897911693	0.587806176246709	0.829727887942116
TH2_HKNPDCAD_02343	4.83813945688138	-0.101187146421943	0.851341160220376	-0.118856166188124	0.905389309826663	0.969906249760393
TH2_HKNPDCAD_02344	2.8323480929589	-0.0640192718727682	0.995418609031418	-0.0643139190807991	0.948720270576581	0.985838253998693
TH2_HKNPDCAD_02345	3.0190351794706	-1.21280477110848	1.01319834106296	-1.19700627404908	0.231304109315934	0.568279987096491
TH2_HKNPDCAD_02346	9.07241093469473	0.918521021002238	0.622838777668372	1.4747331957088	0.140284287715201	0.448314999269403
TH2_HKNPDCAD_02347	842.661904176529	-0.401448950220376	0.241630445867026	-1.66141708169218	0.0966297094662167	0.369093808288992
TH2_HKNPDCAD_02348	98.013643586936	0.181316280294738	0.275688348108104	0.657685685807946	0.510740122154019	0.785050966050567
TH2_HKNPDCAD_02349	2293.10950711238	0.173557066916237	0.329803771583503	0.52624342675928	0.598719084570891	0.833071125817151
TH2_HKNPDCAD_02350	4526.94231146036	0.0442598893306976	0.290621069835668	0.152294151816744	0.878954937293299	0.960573459551585
TH2_HKNPDCAD_02351	17641.5470887885	0.401468591800534	0.321849676059924	1.24737920110811	0.212258489166462	0.548405753763752
TH2_HKNPDCAD_02352	5603.18212506264	0.02572702807676	0.200430469374543	0.128358867576586	0.897864980745259	0.967512274816102
TH2_HKNPDCAD_02353	299.148059242885	-0.21119282796891	0.284729864005173	-0.741730512557237	0.458250628964139	0.755611593923438
TH2_HKNPDCAD_02354	7.80973887945406	-0.400970092503691	0.638655220496609	-0.627834987697905	0.530112043421192	0.796104744804923
TH2_HKNPDCAD_02355	10.1867870896666	-0.0536302368708559	0.596029263989269	-0.0899792008733005	0.928303743072141	0.977298230621523
TH2_HKNPDCAD_02356	20.4910315929156	-0.289872906278748	0.437195509762693	-0.663028095682155	0.507312560214543	0.783759121955817
TH2_HKNPDCAD_02357	8.47603354212355	0.584519122488128	0.646392825647704	0.904278480972345	0.365847754358401	0.68844918826768
TH2_HKNPDCAD_02358	3.59261491041543	-0.114472329653149	1.16173543783315	-0.0985356268951046	0.921506983425492	0.974952486488972
TH2_HKNPDCAD_02359	2.95683692892396	-1.04717408709751	1.32230792890924	-0.791929069018978	0.428402036142542	0.739639217671495
TH2_HKNPDCAD_02360	2.7454578068688	0.588234643925223	1.14813660143142	0.512338552043243	0.608414088321362	0.839171382281399
TH2_HKNPDCAD_02361	8.9611543261055	-0.197706728034972	0.626868209784191	-0.315388027258609	0.752467056193647	0.900372592203685
TH2_HKNPDCAD_02362	6.86399677693004	-0.413174588332897	0.704321309664536	-0.586627981666052	0.557453585628422	0.813984809301365
TH2_HKNPDCAD_02363	16.7407761355307	-1.01460089556281	0.672775132694258	-1.50808323057311	0.13153322655716	0.43064624508553
TH2_HKNPDCAD_02364	50.3422948537343	-0.222729991585256	0.324237998193785	-0.686933650053375	0.492124540697491	0.773575711626905
TH2_HKNPDCAD_02365	53.3459877862593	-0.412498631664123	0.346119118884957	-1.19178227713341	0.233346626765973	0.569316900905462
TH2_HKNPDCAD_02366	219.609281241316	-0.749650204683804	0.24567485559372	-3.05139165696111	0.00227783237388546	0.0385385235503779
TH2_HKNPDCAD_02367	75.1331928443104	0.469792600020218	0.394300995227131	1.19145679495331	0.233474308128336	0.569357423152164
TH2_HKNPDCAD_02368	49.0152383027504	-0.0201134417625071	0.345595300307841	-0.0581994076441172	0.953589792555814	0.987495207402243
TH2_HKNPDCAD_02369	899.415906416955	-0.222737414315934	0.354771850201008	-0.627832828872232	0.530113457792805	0.796104744804923
TH2_HKNPDCAD_02370	519.684468520539	0.214899738666539	0.290961491062419	0.73858481368738	0.460159148557315	0.755611593923438
TH2_HKNPDCAD_02371	453.112120919884	0.443595443288963	0.328618280367684	1.34988060552393	0.17705428372802	0.505897579927443
TH2_HKNPDCAD_02372	807.255372346483	-0.025909334172377	0.256235892292759	-0.101115163611719	0.919459040919157	0.974280352729459
TH2_HKNPDCAD_02373	3112.90583578289	-0.223955783579885	0.457767278254888	-0.489235020103786	0.624675318949564	0.84756106006762
TH2_HKNPDCAD_02374	486.240135457843	0.131513810434466	0.223363624879848	0.588787948374361	0.556003531330189	0.813377312100043
TH2_HKNPDCAD_02375	6.29840973095507	-0.318107575173006	0.713178444349858	-0.446042049774788	0.655566871673475	0.862349291109766
TH2_HKNPDCAD_02376	2049.8022038038	0.40505066501175	0.221562340046623	1.82815664849232	0.0675260451254869	0.307132659550351
TH2_HKNPDCAD_02377	38.9403634769641	0.598619879757676	0.530672435576865	1.12804027423612	0.259302910765272	0.598463179010709
TH2_HKNPDCAD_02378	1.47523602331939	1.807167853541	1.90812476833275	0.947091030698186	0.343592394782986	0.667912197473719
TH2_HKNPDCAD_02379	44.3894308503841	0.379331265055289	0.348593052700299	1.08817792585619	0.276516567633939	0.616796614681514
TH2_HKNPDCAD_02380	1637.11194985726	-0.279529120830681	0.23474296145963	-1.19078808196238	0.23373678875588	0.569718108166942
TH2_HKNPDCAD_02381	37.1863571683784	-0.2893372892722	0.417935294207516	-0.692301639230632	0.488747920886062	0.770926576310905
TH2_HKNPDCAD_02382	64.588406507803	-0.39352387984933	0.302363071827159	-1.3014945160839	0.193089240400071	0.525637517945175
TH2_HKNPDCAD_02383	631.844039380405	-0.303802118574363	0.326985669199792	-0.929099184431646	0.35283768710396	0.674616182057031
TH2_HKNPDCAD_02384	2165.32039120988	-0.480565620339018	0.398056817265235	-1.20727895992497	0.227324730681994	0.563711067246541
TH2_HKNPDCAD_02385	250.667817040187	0.0911703119917825	0.327141277972002	0.2786878884773	0.780484358014934	0.914060966483782
TH2_HKNPDCAD_02386	170.416013520485	-0.524443564324682	0.344315321195782	-1.52314907888307	0.127721412405442	0.425870067610472
TH2_HKNPDCAD_02387	463.933399224613	-1.21856185022425	0.458614265024557	-2.65705178219652	0.00788273340535827	0.0912573049545117
TH2_HKNPDCAD_02388	138.386187210325	-0.493479316096014	0.509027633123973	-0.969454866462678	0.332318288671084	0.658517103875453
TH2_HKNPDCAD_02389	642.831156450391	-1.01291128306243	0.308353669834174	-3.28490101514652	0.00102018205605088	0.0218805574029991
TH2_HKNPDCAD_02390	4508.7709281315	0.208993999941656	0.201134063627736	1.03907809633115	0.298768416916691	0.632286283492746
TH2_HKNPDCAD_02391	75.2563343474342	0.394499729513296	0.291087668903852	1.35526087724314	0.17533445497979	0.504071605450537
TH2_HKNPDCAD_02392	1459.08378226226	0.439993517320303	0.306552589422529	1.43529538650822	0.151202941877388	0.468808334329323
TH2_HKNPDCAD_02393	420.681918851978	-0.20382245093648	0.299846063645805	-0.67975696748598	0.496658358362549	0.777015660584863
TH2_HKNPDCAD_02394	150.660026682245	-0.296704364959511	0.274607685156778	-1.08046635617688	0.279934560805833	0.618546824418721
TH2_HKNPDCAD_02395	207.080385093151	0.309044418651491	0.335564434594676	0.920968931122818	0.35706664806093	0.680417709278932
TH2_HKNPDCAD_02396	92.8272061365673	0.318923047835784	0.292148130818359	1.09164842829021	0.27498766116754	0.615827371015562
TH2_HKNPDCAD_02397	43.1804154238786	0.619166183834354	0.390957212285975	1.58371853588277	0.11325778475984	0.400109858496858
TH2_HKNPDCAD_02398	647.207216174849	-0.0356163948482505	0.216529732901104	-0.164487317150655	0.869347530212315	0.957515135339133
TH2_HKNPDCAD_02399	225.193863690393	-0.487451075268943	0.286327870890993	-1.7024227287134	0.0886761523280954	0.352914562759175
TH2_HKNPDCAD_02400	4.83876555743373	2.15180494896618	0.931509507455129	2.3100193092445	0.0208870851274469	0.162963772242455
TH2_HKNPDCAD_02401	3.64358808243643	0.546106082544217	0.925266569082404	0.590214864334498	0.555046607916259	0.813370186443323
TH2_HKNPDCAD_02402	49.7730505604728	0.027518531469914	0.543992856987887	0.0505862000142527	0.959655259539572	0.988579213552579
TH2_HKNPDCAD_02403	540.813958088058	0.0654159886186049	0.662417173317269	0.0987534611927603	0.921334020383144	0.974952486488972
TH2_HKNPDCAD_02404	2030.06100503077	-0.345879944055099	0.469352135207918	-0.736930586034039	0.461164562770203	0.755611593923438
TH2_HKNPDCAD_02405	1125.52003397514	0.49293132489151	0.383105796877042	1.2866715380183	0.198208797503139	0.531781306146268
TH2_HKNPDCAD_02406	3146.59030398284	0.139901514828687	0.499795182124455	0.279917693952179	0.779540651851617	0.914041013160381
TH2_HKNPDCAD_02407	4611.93740273007	0.281489267191863	0.442722131964224	0.635814762507987	0.524897164302221	0.794737458759859
TH2_HKNPDCAD_02408	4279.80114656051	-0.0934898159032341	0.297742484202623	-0.313995552746216	0.75352441647587	0.900372592203685
TH2_HKNPDCAD_02409	65.1952187701781	0.117278803912587	0.297562886827548	0.394131153797265	0.693484211306783	0.874704740934687
TH2_HKNPDCAD_02410	47.2973744306542	0.522499293733778	0.317427606673603	1.64604238178641	0.0997550336482172	0.375925737201916
TH2_HKNPDCAD_02411	8.31162052451977	-0.507157903495683	0.754625661447689	-0.672065541109138	0.501541972499841	0.779177833337835
TH2_HKNPDCAD_02412	1043.3256215081	-0.383809937979909	0.379754605265397	-1.01067882432045	0.312170175309332	0.642902498447424
TH2_HKNPDCAD_02413	0.767930329828002	-0.709168633956579	2.16736713687532	-0.327202817598767	0.743514489947699	0.899576008560523
TH2_HKNPDCAD_02414	13.8884923400577	-0.513573643000454	0.515963537458509	-0.995368094284673	0.31955727038116	0.647711713571564
TH2_HKNPDCAD_02415	38.9952246261345	-0.230290288889734	0.366568962405234	-0.628231826771938	0.529852083750435	0.796104744804923
TH2_HKNPDCAD_02416	7.17183818043444	-0.804787255802996	0.672855955872765	-1.19607658783239	0.231666672983207	0.568279987096491
TH2_HKNPDCAD_02417	3.2919993944682	-1.34698854184088	0.983836413784894	-1.36911840522238	0.17096226595422	0.498777789004741
TH2_HKNPDCAD_02418	70.1587166746341	0.185350407504316	0.305341498881603	0.607026585587654	0.5438332690306	0.807535692243072
TH2_HKNPDCAD_02419	3.86430410587629	-0.0739090125293042	1.02195445211333	-0.0723212393433635	0.942346262401404	0.982811259260395
TH2_HKNPDCAD_02420	9.78775471022974	-0.321400409919316	0.669586865883248	-0.479998079853849	0.631228758381907	0.851303414274875
TH2_HKNPDCAD_02421	28.2544472551205	0.22391943707126	0.712554221903841	0.314248979499384	0.753331945169453	0.900372592203685
TH2_HKNPDCAD_02422	102.437902474002	0.124181186116971	0.256797892352155	0.483575565903309	0.628687118998326	0.850087486416688
TH2_HKNPDCAD_02423	286.807236476446	0.14053515566601	0.25046089361262	0.561106181643557	0.574725154318876	0.823926844693718
TH2_HKNPDCAD_02424	1981.34806386427	0.780413357579719	0.364519038863548	2.14093990813977	0.0322788843184992	0.210820746123201
TH2_HKNPDCAD_02425	483.373963775569	0.238020791409809	0.285888058630016	0.832566398717075	0.405089316047442	0.721705585591464
TH2_HKNPDCAD_02426	55.8729765865811	-0.04610966045484	0.321096310262264	-0.143600717233962	0.885815774257351	0.963357245620711
TH2_HKNPDCAD_02427	288.070873859751	-0.157652201624397	0.244852903433074	-0.643864946724997	0.51966301406348	0.792088198064049
TH2_HKNPDCAD_02428	369.895786124282	0.962886343923415	0.344017861326095	2.79894288108109	0.00512702059688404	0.0687987109414334
TH2_HKNPDCAD_02429	0.959871816615879	0.821539550778448	1.72225926453312	0.477012705169656	0.633353074485575	0.851931934635839
TH2_HKNPDCAD_02430	108.530262386221	0.534377049271004	0.294974173759777	1.81160622457135	0.0700470624701316	0.311955901148475
TH2_HKNPDCAD_02431	405.843630395029	0.269773537036991	0.261017911426953	1.03354415626948	0.301349317540048	0.633500567822598
TH2_HKNPDCAD_02432	2035.61603854106	0.602143987421199	0.336545895002629	1.7891883287315	0.0735844906690716	0.319927140941188
TH2_HKNPDCAD_02433	7573.97255383652	-0.0763577961498308	0.191122768395628	-0.399522237935402	0.689508441397261	0.873330700486242
TH2_HKNPDCAD_02434	592.471689405975	-0.0169092010057807	0.233846796103437	-0.0723088846524169	0.942356094277184	0.982811259260395
TH2_HKNPDCAD_02435	703.770939847678	0.62392650102828	0.385595675284157	1.61808479975428	0.105644323822566	0.388752910204216
TH2_HKNPDCAD_02436	336.560874591461	-0.0878275512416444	0.332518366539143	-0.264128421403471	0.791680964190262	0.917173945213451
TH2_HKNPDCAD_02437	229.68605278047	0.312255232055975	0.229341367464633	1.36153034887667	0.17334614943104	0.502018283606504
TH2_HKNPDCAD_02438	332.505944357002	-0.129205965565017	0.280147161488272	-0.461207477093876	0.644649757756077	0.854974038359031
TH2_HKNPDCAD_02439	1142.65661081515	0.380681629437159	0.284567379305618	1.33775568501939	0.180976092074317	0.512084969500859
TH2_HKNPDCAD_02444	359.197465653562	0.126586257329502	0.239921453227097	0.527615415907314	0.597766291084414	0.833071125817151
TH2_HKNPDCAD_02445	228.318901651379	0.0234985059305111	0.243838037654921	0.0963693202115009	0.923227257613538	0.97561032805531
TH2_HKNPDCAD_02446	85.8400125800461	0.386824099631684	0.371862013261657	1.04023558695548	0.298230461782129	0.631706341774874
TH2_HKNPDCAD_02451	4267.47805231042	0.831958385088496	0.336228177503799	2.47438626728153	0.0133465308305401	0.124507687931574
TH2_HKNPDCAD_02452	969.43857278728	0.28163171116748	0.200783882020813	1.40266095232827	0.160717966505831	0.485138894711535
TH2_HKNPDCAD_02453	1168.42793452397	0.56036550401291	0.263999020183009	2.12260448400321	0.0337870089029878	0.215145599548715
TH2_HKNPDCAD_02454	891.538729907585	-0.322139026181715	0.311435869275726	-1.03436712967867	0.30096456498864	0.633500567822598
TH2_HKNPDCAD_02455	3597.60858361721	0.538693406827204	0.244535764021038	2.20292278711779	0.0276001912343192	0.194159716524467
TH2_HKNPDCAD_02456	4619.66155397152	0.638293031039221	0.234444987737495	2.72257060045962	0.00647761911102127	0.0826479929447431
TH2_HKNPDCAD_02457	3233.01504358887	0.661153624226341	0.249068261827798	2.65450772159583	0.00794242218038192	0.0912573049545117
TH2_HKNPDCAD_02458	2045.14681093736	1.22513341531745	0.363253893843543	3.37266423314688	0.000744446744348242	0.0170358661228977
TH2_HKNPDCAD_02459	2152.51620037717	1.17370248023832	0.374197950774584	3.13658179530052	0.00170929750057841	0.0314045125016664
TH2_HKNPDCAD_02460	4976.3893243917	0.937967709457991	0.350411348515509	2.67676179276619	0.00743374654927086	0.0896597289683822
TH2_HKNPDCAD_02461	27.6518827209497	-0.567971708710312	0.428985085702622	-1.32398940578563	0.185506563216799	0.518483086231632
TH2_HKNPDCAD_02462	55.9216898496099	0.0997921051919897	0.299999021576031	0.332641435521145	0.739404961806303	0.897626417134133
TH2_HKNPDCAD_02463	40.3315728884853	0.057760507897534	0.404609216088023	0.142756283349137	0.8864826641947	0.963377228353917
TH2_HKNPDCAD_02464	18.1757477914588	-0.261074182743499	0.541911456843771	-0.481765387032157	0.629972620367021	0.850919539394295
TH2_HKNPDCAD_02465	7.70748745587523	-0.36777509617833	0.635751550155899	-0.57848871322161	0.562934215388145	0.817450648181198
TH2_HKNPDCAD_02466	151.851368103872	-0.149703175472317	0.304851725599275	-0.49106881444752	0.623377777447043	0.846602186377466
TH2_HKNPDCAD_02467	681.970514518386	0.28488692019519	0.394959720199167	0.721306263969221	0.470721103861681	0.762136651042626
TH2_HKNPDCAD_02468	102.649540025095	-0.317844796727283	0.262778194680939	-1.20955544699287	0.226449522787365	0.563587214394034
TH2_HKNPDCAD_02469	661.030045125363	0.980303584194233	0.368628549887312	2.65932626350809	0.00782971003191184	0.0912573049545117
TH2_HKNPDCAD_02470	426.578046099866	1.24477127085798	0.324303040615006	3.83829663914777	0.000123890758900967	0.0042621746988346
TH2_HKNPDCAD_02471	372.545079336435	0.663708031436302	0.266385436034459	2.49153272534932	0.0127193249201064	0.120739369519381
TH2_HKNPDCAD_02472	1930.53574660114	-0.246448194475923	0.250931018101745	-0.982135235174456	0.326033228830777	0.652575685664414
TH2_HKNPDCAD_02473	152.610469287337	-0.184061313435981	0.289799498861738	-0.635133304781166	0.52534147728564	0.795069504743487
TH2_HKNPDCAD_02474	6046.72417229255	-0.789643454848907	0.472834863012688	-1.67001952820835	0.0949154999944887	0.366123355367459
TH2_HKNPDCAD_02475	239.850674784803	-0.706915061629863	0.426966233527539	-1.65566971371348	0.0977887238365084	0.37084540999457
TH2_HKNPDCAD_02476	739.980718808166	-0.147439776695985	0.442310093551535	-0.333340294163571	0.738877426568458	0.897328819754844
TH2_HKNPDCAD_02477	136.950089198843	0.383960545257804	0.283462567402085	1.35453703385521	0.175565106529693	0.504071605450537
TH2_HKNPDCAD_02478	146.723433940165	0.239310080339568	0.37305996294936	0.641478861595375	0.521211610385224	0.792189966863002
TH2_HKNPDCAD_02483	224.722628328751	0.0706340420174496	0.266923709908612	0.264622584639008	0.791300220152101	0.917173945213451
TH2_HKNPDCAD_02484	661.509511597655	0.445383198613099	0.386104631664832	1.1535298001805	0.248692993278394	0.586584604440225
TH2_HKNPDCAD_02485	10474.4642668834	0.682715614213033	0.534118483251563	1.27821005192865	0.201175372812725	0.535145283361718
TH2_HKNPDCAD_02486	318.806845058496	0.191982622947919	0.575183404759698	0.333776359608507	0.738548323691849	0.897321333786304
TH2_HKNPDCAD_02487	7832.63013611479	1.03250409639766	0.636484877678891	1.62219737280005	0.104761094054706	0.387729507671064
TH2_HKNPDCAD_02488	1594.65351378135	2.11633532111958	0.733338042438435	2.88589326974299	0.00390304492642495	0.0563577698390262
TH2_HKNPDCAD_02489	1005.21839109549	1.81624026517424	1.10358690467593	1.64576097947408	NA	NA
TH2_HKNPDCAD_02490	10.6001210836216	0.970554063616588	0.895958704234261	1.08325758657156	0.278694105442839	0.617900512326987
TH2_HKNPDCAD_02491	2755.02874462976	0.935856119744883	0.464281444684355	2.01570864065251	0.0438304515532599	0.249355242904759
TH2_HKNPDCAD_02492	1228.70246551113	0.703548701503841	0.367964912924504	1.91199942383689	0.0558762679541993	0.280511758423239
TH2_HKNPDCAD_02493	566.946292405389	0.19417338721218	0.2096279268405	0.926276332255676	0.354302392454488	0.676659487228652
TH2_HKNPDCAD_02494	155.507304639986	-0.0325364624568023	0.37310831694994	-0.0872037984110865	0.930509520165553	0.977578564251108
TH2_HKNPDCAD_02495	18.1767471471692	-0.956863848784327	0.499796773437371	-1.91450585445652	0.0555555518025018	0.280293069428764
TH2_HKNPDCAD_02496	5.1274225673464	0.436339538345214	0.783308324914448	0.557046981969546	0.577495329866522	0.823926844693718
TH2_HKNPDCAD_02497	5.73236876746036	-0.599848941397188	0.762263001651299	-0.786931728416215	0.431321832781177	0.740440627875523
TH2_HKNPDCAD_02498	1.43058728984705	1.5628836465713	1.67616584603859	0.932415876546455	0.351121642950694	0.673270762546356
TH2_HKNPDCAD_02499	0.162883612068818	0.726546439555219	4.0804728567969	0.178054471884306	0.858680196776375	NA
TH2_HKNPDCAD_02500	4.7942730828124	-0.873959566496863	0.898019304699754	-0.973207994441795	0.330449938349866	0.658155102499738
TH2_HKNPDCAD_02501	29.0734066118798	0.0237813303021071	0.380334106061407	0.0625274723541819	0.950142784963303	0.986916294979107
TH2_HKNPDCAD_02502	150.345198324375	0.591607091421766	0.505440507422051	1.17047819225887	0.241808585155246	0.579385099711286
TH2_HKNPDCAD_02503	967.635251483233	0.167130297611732	0.201018324624305	0.831418219826936	0.405737409836118	0.721723484630679
TH2_HKNPDCAD_02504	3345.18817680661	0.115129125687707	0.364148823188722	0.31615954345139	0.751881413571599	0.900372592203685
TH2_HKNPDCAD_02505	2072.61459709516	0.324949682730215	0.273816409475301	1.18674291052497	0.235329043609727	0.571163199594442
TH2_HKNPDCAD_02506	36.6793720322394	-0.803049302309002	0.41968142758082	-1.91347352904807	0.0556874591429989	0.280511758423239
TH2_HKNPDCAD_02507	1.16505612311435	-0.600388916038271	1.71882712548979	-0.349301513302094	0.726862962468802	0.891156337927601
TH2_HKNPDCAD_02508	1.44182426132811	-0.386140020344386	1.67335219871741	-0.230758366732572	0.817502526855603	0.93060580783074
TH2_HKNPDCAD_02509	105.034015002304	-0.244337019792964	0.405293678317647	-0.602864127580756	0.546599081726141	0.807687198883885
TH2_HKNPDCAD_02510	222.665602297451	0.290414943113587	0.306268266956627	0.948237132104564	0.343008747742849	0.667272425400321
TH2_HKNPDCAD_02511	50.7417279178791	-0.139432727144707	0.328501221586696	-0.424451167856339	0.671236811093433	0.86660620871618
TH2_HKNPDCAD_02512	35.2358697847942	0.00183883642833983	0.363208180879363	0.00506276159278082	0.99596051794647	0.998492786034345
TH2_HKNPDCAD_02513	35.1183117782999	0.447958888796227	0.442069297456047	1.01332277851928	0.310906010793094	0.641846238955054
TH2_HKNPDCAD_02514	98.2127952831607	0.496994953619665	0.276205415875981	1.79936715593883	0.0719606214323877	0.316484869665952
TH2_HKNPDCAD_02515	0.62024379604079	-0.115050265066052	2.29605845998075	-0.0501077246382551	0.960036544101588	0.988579213552579
TH2_HKNPDCAD_02516	4.22857838641149	-0.157862575505272	0.91151780374008	-0.173186497134275	0.862504836991006	0.954284436524044
TH2_HKNPDCAD_02517	10.6409724141233	0.659979011647012	0.744194023779015	0.886837290489972	0.375166507646669	0.698296054457774
TH2_HKNPDCAD_02518	164.340283266754	0.0174512282643166	0.29571165358915	0.0590143406676918	0.952940685818711	0.987495207402243
TH2_HKNPDCAD_02519	62.9973362561289	0.016024225896937	0.335063705320567	0.0478244156036119	0.961856177978687	0.989257695973454
TH2_HKNPDCAD_02521	5.23058083072853	0.572290853741093	0.84697107778225	0.675691140764343	0.499236761906621	0.778577383118692
TH2_HKNPDCAD_02522	514.376223930851	0.462079098861505	0.284762428835991	1.6226828123019	0.104657227452325	0.387624962370389
TH2_HKNPDCAD_02523	1277.07137304005	0.615119958240028	0.23168109602448	2.65502869588909	0.00793016622105889	0.0912573049545117
TH2_HKNPDCAD_02524	1423.57525355481	0.318799757967532	0.217967364043419	1.46260317165659	0.143575994893522	0.454738496124442
TH2_HKNPDCAD_02525	183.329971658542	0.101073299969746	0.294010886270924	0.343774005281592	0.731016250854784	0.891814936187898
TH2_HKNPDCAD_02526	2323.23649861505	0.204026282214716	0.282256006967397	0.722841240499384	0.469777427076777	0.761595638159915
TH2_HKNPDCAD_02527	192.727270625417	0.197700038523794	0.268041884848666	0.73757143826762	0.460774917010621	0.755611593923438
TH2_HKNPDCAD_02528	928.854038098309	-0.558724782921353	0.276723866196339	-2.01906973403201	0.0434799720814899	0.248706138259378
TH2_HKNPDCAD_02529	432.475942930301	-0.198813008337302	0.332640832686218	-0.597680707842755	0.550053000500474	0.809608522835443
TH2_HKNPDCAD_02530	6.32331574864487	-0.845185477113418	0.826656807236807	-1.02241398088591	0.306585006176687	0.638065262550425
TH2_HKNPDCAD_02531	263.205376071859	0.310181675314894	0.228936459267785	1.35488107183521	0.175455451164835	0.504071605450537
TH2_HKNPDCAD_02532	2212.9066132141	-1.48614854744931	0.575915890106624	-2.5804958206209	0.00986585504939828	0.10470470596939
TH2_HKNPDCAD_02533	860.757222646865	-0.266066420620084	0.23607415423001	-1.12704595506399	0.259723051683534	0.598768546210013
TH2_HKNPDCAD_02534	479.988190093572	0.627000971936673	0.24646515222327	2.54397413297877	0.0109599200513888	0.111276688324426
TH2_HKNPDCAD_02535	62.8461646014078	0.530483203756707	0.319869134975725	1.65843823536449	0.097229044489919	0.370294944734318
TH2_HKNPDCAD_02536	208.542590409581	0.508127457309112	0.280157864327962	1.81371834243526	0.069721099676383	0.311803936198818
TH2_HKNPDCAD_02537	527.576577021915	0.598326756367168	0.326095821938587	1.8348188357956	0.0665325367819264	0.306145227597985
TH2_HKNPDCAD_02538	0.297886773595591	1.58928487781452	3.14713930450493	0.504993495375168	0.613563404597881	NA
TH2_HKNPDCAD_02539	462.685574318668	0.969480532777615	0.521112372746833	1.86040589991635	0.0628281205960102	0.296826678502441
TH2_HKNPDCAD_02540	597.742359859597	-0.653384053002088	0.285484965360118	-2.28868112959256	0.0220978862189653	0.167373964909845
TH2_HKNPDCAD_02541	1021.14391309926	-0.432708638224798	0.410986276728509	-1.05285422586175	0.29240780786145	0.625838172483422
TH2_HKNPDCAD_02542	8852.99650030982	0.0953130497794442	0.315234774156626	0.302355760193155	0.762380875631696	0.903774875396031
TH2_HKNPDCAD_02543	845.983019018297	-0.4335403814482	0.340219500599452	-1.27429609615063	0.202558499517989	0.536944894874944
TH2_HKNPDCAD_02547	62.1402620654201	-0.488529371118818	0.46008529035324	-1.06182349525615	0.288315821428428	0.624372676514707
TH2_HKNPDCAD_02548	0.545481834510987	-2.68179219112227	2.28503331154816	-1.17363373985358	0.240541760809693	NA
TH2_HKNPDCAD_02551	237.182682621859	0.152381337965881	0.253736256771814	0.60055011414044	0.548139672885362	0.80872124577572
TH2_HKNPDCAD_02552	165.42410047556	-1.865841672269	0.489645977741982	-3.81059327980879	0.000138633689335418	0.00464145796438227
TH2_HKNPDCAD_02553	149.476133692772	-0.762406936074337	0.242968698105941	-3.13788130741807	0.00170173771713351	0.0314045125016664
TH2_HKNPDCAD_02554	399.959748112806	-0.379895636240567	0.337538825123749	-1.12548722684358	0.260382626877319	0.5987982706923
TH2_HKNPDCAD_02555	96.1194924488573	-0.43661142307441	0.302870241590708	-1.44157914221377	0.149421136034456	0.467488855300867
TH2_HKNPDCAD_02556	142.414516317986	0.411634203621178	0.448562632768518	0.917673862132878	0.358789635672793	0.681421145779451
TH2_HKNPDCAD_02557	392.682039258563	0.488640907108739	0.309759220944588	1.57748623469114	0.114683686992744	0.403202043569825
TH2_HKNPDCAD_02558	918.787799886746	0.584749572828105	0.296965090312415	1.96908522888307	0.0489433047703282	0.264366048738359
TH2_HKNPDCAD_02559	9.52508314632194	0.323210292677249	0.745350511300069	0.433635300140189	0.66455329657522	0.865534678727702
TH2_HKNPDCAD_02560	1179.04792373392	1.97795136673926	0.68415904666823	2.89106952012348	0.00383933179607127	0.0559728371106888
TH2_HKNPDCAD_02561	287.441966911135	2.4061063923556	0.735153168139686	3.27293208630833	0.00106438048681763	0.0226188494254855
TH2_HKNPDCAD_02562	1366.18156404103	2.16098163176582	0.671280292436026	3.21919421159198	0.00128551387251643	0.0262272276220546
TH2_HKNPDCAD_02563	2616.99266566178	2.27414462309337	0.677187229983637	3.35822136390304	0.000784457642624551	0.0176393519847175
TH2_HKNPDCAD_02564	448.959361288706	-0.594333153766848	0.509492950142386	-1.16651889609219	0.243404713218475	0.580052329129661
TH2_HKNPDCAD_02565	83.0385841924743	-0.451897703425588	0.522121685950489	-0.865502651174001	0.386762961429111	0.706286761769014
TH2_HKNPDCAD_02566	99.8701489313054	-0.219672609441084	0.536038341978511	-0.409807642920233	0.681947059207183	0.872058615747665
TH2_HKNPDCAD_02567	308.420879034421	-0.0117942628109647	0.405954831308966	-0.0290531406485179	0.976822208350547	0.993060200126977
TH2_HKNPDCAD_02568	37.8431878163272	0.0312891244214529	0.522233965383526	0.0599139973564804	0.952224131644653	0.987495207402243
TH2_HKNPDCAD_02569	40.2869106850656	0.873752228554184	0.489920869062439	1.78345582670582	0.0745121325301075	0.322216947579561
TH2_HKNPDCAD_02570	3.86637064474111	-0.272565464047503	1.02164826407946	-0.266789925291062	0.789630911652593	0.917002277555775
TH2_HKNPDCAD_02571	8.72279706744614	-1.47432797466547	0.665060170695358	-2.21683396424714	0.0266344396425375	0.190064617197415
TH2_HKNPDCAD_02572	4380.05518852838	1.58316353200399	0.558077226766564	2.83681801742145	0.00455655751550377	0.0634698745230226
TH2_HKNPDCAD_02573	697.707476790551	-0.297176798801123	0.312335584316611	-0.951466351332797	0.341367691931247	0.665848854200751
TH2_HKNPDCAD_02574	793.228462960739	-0.372722533607567	0.372785245327756	-0.999831775208448	0.317391925659972	0.647711713571564
TH2_HKNPDCAD_02575	126.787355150749	0.122055956484572	0.387330838595265	0.315120678041627	0.752670028941665	0.900372592203685
TH2_HKNPDCAD_02576	13.9207190078227	-0.619755401851163	0.618928120082625	-1.00133663626146	0.316664086477627	0.647711713571564
TH2_HKNPDCAD_02577	17.2724586841144	-0.413999335718318	0.617907699430864	-0.670001904976488	0.502856575817886	0.779990884928049
TH2_HKNPDCAD_02578	2.38856777691864	-0.236220570215914	1.26232659045661	-0.187131105374615	0.851557840354893	0.950322993958414
TH2_HKNPDCAD_02579	0.656960040539289	-0.256593694559424	2.27130502767927	-0.1129719220591	0.910052815629262	0.972063082499604
TH2_HKNPDCAD_02580	11.7413757856211	-0.470027260069038	0.574998297292732	-0.817441133794779	0.413676376873363	0.728946410399745
TH2_HKNPDCAD_02581	7.07343024256028	0.955581906041543	0.731792470110051	1.30580997355417	0.191617187525398	0.524013313332614
TH2_HKNPDCAD_02582	6.98285043404336	0.681167923512908	0.699233603705472	0.974163598407131	0.329975315639087	0.657641317249595
TH2_HKNPDCAD_02584	9.25843308468893	0.468479412698355	0.676141107771404	0.692872253016072	0.488389723963081	0.770926576310905
TH2_HKNPDCAD_02585	11.014791381697	1.79596876432554	0.672912044549309	2.6689502422689	0.00760887213932526	0.0907048339213518
TH2_HKNPDCAD_02586	0.886561398457488	1.92864827648558	2.10284144300657	0.917162957245155	0.359057254536941	0.681676846946799
TH2_HKNPDCAD_02587	5.2302393827574	1.04535435322744	0.979610362140297	1.06711238838216	0.285921088319376	0.622072278168788
TH2_HKNPDCAD_02588	1.53530362176718	3.94475939880126	1.67320020018052	2.35761351114808	0.0183928311390221	0.149891339298295
TH2_HKNPDCAD_02589	32.9417159490099	0.853327060783458	0.432756308614588	1.97184199004578	0.0486276472214305	0.263493995409147
TH2_HKNPDCAD_02590	288.051194312725	0.873595804719278	0.446149812736836	1.95807726413767	0.0502209471491754	0.268158932381951
TH2_HKNPDCAD_02591	75.5497640898112	1.55959842709028	0.655297477673243	2.3799853962935	0.0173133241738679	0.144305853195523
TH2_HKNPDCAD_02592	48.6416872136097	0.480245043568833	0.38886688883155	1.23498569140678	0.216835829419459	0.550955277855921
TH2_HKNPDCAD_02593	3.53540320880194	0.588696146724868	0.906645650840424	0.649312271204489	0.516136555667034	0.790311079736099
TH2_HKNPDCAD_02594	25.7259706698032	0.0663578480106126	0.450962403269057	0.147147184620226	0.883015847252487	0.962200159154574
TH2_HKNPDCAD_02595	19.1323144721692	0.550609631533549	0.510657853877978	1.0782359016946	0.280928493904465	0.618783270667725
TH2_HKNPDCAD_02596	3.97365221339297	-0.126302411434425	1.00614071777998	-0.125531557566924	0.900102743304405	0.968304633518057
TH2_HKNPDCAD_02597	9.50883209235542	-0.154835351407023	0.612409646980094	-0.25282970666864	0.800399810709252	0.921937710842792
TH2_HKNPDCAD_02598	8.0180008694807	0.060927530818073	0.751858892572796	0.0810358584834772	0.935413435321573	0.979869463678053
TH2_HKNPDCAD_02599	3.96365398734429	1.14739682257762	0.892300592473337	1.28588598086346	0.198482857036578	0.531781306146268
TH2_HKNPDCAD_02600	4.41224352669307	-0.250617337064009	0.886785638694846	-0.282613211274894	0.77747335190223	0.91291985491759
TH2_HKNPDCAD_02601	4.61262375247506	0.886180141717753	0.894490616554445	0.990709265493803	0.321827565449381	0.649368092004836
TH2_HKNPDCAD_02602	1.92136797636237	-2.39327913049506	1.4894470242893	-1.60682393631088	0.108092995876383	0.391579291068792
TH2_HKNPDCAD_02603	0.783127408109607	0.483750859356942	2.13041545631323	0.227068789762769	0.820370252352759	0.931616439882097
TH2_HKNPDCAD_02604	2.49708071001941	0.299172001650667	1.10334121489196	0.271150934645328	0.786274948194579	0.914970575356506
TH2_HKNPDCAD_02605	2.57765410971422	0.508774825594753	1.06643107423692	0.477081771045357	0.63330389471445	0.851931934635839
TH2_HKNPDCAD_02606	9.16550884898284	0.85246918255761	0.675606639941454	1.26178331022839	0.20702676931697	0.543033443218991
TH2_HKNPDCAD_02607	7.62618701051106	0.883169588769248	0.747287816969815	1.18183324913608	0.23727187210694	0.573434991240062
TH2_HKNPDCAD_02608	381.114503837797	-0.375403066448662	0.253061907703867	-1.4834435962917	0.137956591705369	0.443920583227699
TH2_HKNPDCAD_02609	775.252738515252	1.35858595627215	0.353434114753176	3.84395817936516	0.000121065645835457	0.00419930426808968
TH2_HKNPDCAD_02610	83.9602322903127	-0.0455917782670431	0.313841779317217	-0.145269945786794	0.884497742769437	0.962823408247215
TH2_HKNPDCAD_02611	412.392844778825	0.600453880709874	0.319353902860428	1.88021463126536	0.0600788323437786	0.290258336092563
TH2_HKNPDCAD_02612	228.747550898516	0.374830176590437	0.23831075143067	1.57286305523435	0.115750531302738	0.404512499668591
TH2_HKNPDCAD_02613	5181.49588084734	0.487293519988038	0.256094136849314	1.90279061435429	0.0570678723941941	0.282637597963902
TH2_HKNPDCAD_02614	85.9026591470487	0.569794849320675	0.382640980488617	1.48911088559587	0.136458171774617	0.441202974927173
TH2_HKNPDCAD_02615	216.835151349126	0.422950625614545	0.345257800739003	1.22502844167241	0.220564504546604	0.554965025019627
TH2_HKNPDCAD_02616	210.006388395524	0.687106896471529	0.437914501372676	1.56904348752494	0.116637806312734	0.405574835441086
TH2_HKNPDCAD_02617	311.677666202013	1.41604133968598	0.472516929395623	2.99680551445464	0.00272824707815207	0.0442563117804034
TH2_HKNPDCAD_02618	79.2385625660562	0.300745206327296	0.34650989602347	0.867926745465663	0.385434436343169	0.705368411529841
TH2_HKNPDCAD_02619	131.925645671381	0.064049976969206	0.510433288512018	0.12548158282529	0.900142304566444	0.968304633518057
TH2_HKNPDCAD_02620	49.7297988255006	0.278534975212936	0.357989355559408	0.778053790950533	0.436537302615524	0.744772777784933
TH2_HKNPDCAD_02621	4.93728088121241	0.0331647604632266	0.893437304327973	0.03712041158632	0.970388997150711	0.990689349770401
TH2_HKNPDCAD_02622	3.81669015842438	-0.318788387786336	0.906553528348438	-0.351648719924024	0.725101722670481	0.890481895162647
TH2_HKNPDCAD_02623	57.9516401778495	-0.274123643844575	0.314520461810924	-0.871560604566854	0.383448130248257	0.70399538526238
TH2_HKNPDCAD_02624	176.382004088071	0.225083332263508	0.271635373908472	0.828623050911441	0.407317740266276	0.722210562644389
TH2_HKNPDCAD_02625	27.1565138877416	0.775917421257855	0.45326900787387	1.71182544532974	0.0869288413467211	0.350551112941146
TH2_HKNPDCAD_02626	91.5036562704523	0.0112583126838726	0.318882015313123	0.0353055742978092	0.971836078456621	0.991172251923725
TH2_HKNPDCAD_02627	69.9236001568214	-0.0814247412492307	0.318163395567859	-0.255921147383732	0.798011725017838	0.921343175954236
TH2_HKNPDCAD_02628	364.408206569097	0.150479112363778	0.330889344165896	0.454771708478872	0.649273485851781	0.859500389325838
TH2_HKNPDCAD_02629	361.751025822994	-0.522229233570933	0.280684456867511	-1.86055629655844	0.0628068613953062	0.296826678502441
TH2_HKNPDCAD_02630	117.455889414357	-0.0512741373390167	0.292845686213217	-0.175089269717583	0.861009489557674	0.953712505848101
TH2_HKNPDCAD_02631	61.5048485712813	-0.590273257216562	0.309161786719467	-1.90926978227156	0.0562272983304829	0.281191347553225
TH2_HKNPDCAD_02632	17.7935912864302	-0.524117103618963	0.484370014257266	-1.08205935171822	0.279226156136989	0.618277873156891
TH2_HKNPDCAD_02633	130.339085460981	-0.0123494487609344	0.29341575094462	-0.0420885679149011	0.966428093578791	0.990384973702169
TH2_HKNPDCAD_02634	115.800613681785	-1.18836820901415	0.482774869712481	-2.46153700941784	0.0138343123886886	0.127315413472923
TH2_HKNPDCAD_02635	2373.31304639531	0.0708533769445592	0.312053629818233	0.227055128266992	0.820380875246186	0.931616439882097
TH2_HKNPDCAD_02636	41.7010515201486	-0.337575289613472	0.560646629645163	-0.602117754327936	0.547095757168642	0.808060822531739
TH2_HKNPDCAD_02637	2340.54818250978	0.305799565151671	0.247343559073555	1.23633526701511	0.216333967141574	0.550955277855921
TH2_HKNPDCAD_02638	96.4137615988647	-0.0871451649540271	0.291800162458899	-0.298646732132309	0.765209604621411	0.904418822524637
TH2_HKNPDCAD_02639	229.781042576187	0.0309072890452258	0.339283273872078	0.0910958229461055	0.927416451650509	0.97700398164068
TH2_HKNPDCAD_02640	159.466130320911	0.159799261349294	0.338896011358475	0.471528893800588	0.637263091185547	0.852915190669906
TH2_HKNPDCAD_02641	65.8513017549851	0.124283491624306	0.341113897734774	0.364346021811578	0.715599637624349	0.885058970128138
TH2_HKNPDCAD_02643	1543.00527850634	-0.042395342906667	0.19618090707841	-0.21610330759518	0.828907221542855	0.936777571127355
TH2_HKNPDCAD_02644	487.831227833309	0.759876418115123	0.323099790224114	2.35183197608405	0.0186812113786394	0.150565864036015
TH2_HKNPDCAD_02645	77.2906778594601	0.950933918536261	0.38667615461413	2.45925151367353	0.0139227040840931	0.127670449257712
TH2_HKNPDCAD_02646	4015.14308578023	0.0653884052108755	0.223345313360324	0.292768199283341	0.769699336999727	0.907632574525097
TH2_HKNPDCAD_02647	13881.8524666037	0.161981635361824	0.252572649367321	0.64132690442761	0.521310312710751	0.792189966863002
TH2_HKNPDCAD_02648	1370.14913370937	0.847259739053981	0.303815661317504	2.78872963750394	0.00529152186033838	0.070820733827923
TH2_HKNPDCAD_02649	104.300154350263	0.292087849599396	0.267464634104154	1.0920615750853	0.274806037289916	0.615827371015562
TH2_HKNPDCAD_02650	586.297848890756	0.359488217226694	0.35548349562052	1.01126556269282	0.311889343688065	0.642902498447424
TH2_HKNPDCAD_02651	5097.65407998992	0.555092027851272	0.358234105400127	1.54952311765868	0.121256018659358	0.413270180616933
TH2_HKNPDCAD_02652	456.82470298123	-0.67209724873269	0.255408093066197	-2.63146418214123	0.00850178282302436	0.0944823342035556
TH2_HKNPDCAD_02653	22.743591026111	-0.0393748021288204	0.441103333496485	-0.0892643495044777	0.928871825904811	0.977298230621523
TH2_HKNPDCAD_02654	306.870078223891	-0.137459518347743	0.255269586721231	-0.538487644036721	0.590240433155376	0.830083262724363
TH2_HKNPDCAD_02655	60.2062556715632	0.0497780538108965	0.338918061514018	0.146873417098302	0.883231934427897	0.962200159154574
TH2_HKNPDCAD_02656	252.167956446241	0.555015843125522	0.308230063344508	1.80065447576145	0.0717573571506954	0.316003619204867
TH2_HKNPDCAD_02657	1.45791789422894	0.0531831991132188	1.7851445143904	0.029792097325734	0.976232861391349	0.993060200126977
TH2_HKNPDCAD_02658	415.671656786168	-0.208196428860551	0.336483382586194	-0.618742082477785	0.536086282297526	0.800926343065322
TH2_HKNPDCAD_02659	426.63636417064	0.833630920006047	0.27265580808609	3.05744787121069	0.00223230464794627	0.0381550826585264
TH2_HKNPDCAD_02660	947.758119762988	0.524496582885472	0.384936273684598	1.36255432065419	0.173023013437234	0.501649302533519
TH2_HKNPDCAD_02661	24.6957431564848	-0.604212367405312	0.403278187536156	-1.4982520405995	0.134067779408287	0.435270387410727
TH2_HKNPDCAD_02662	747.750534334912	0.32391109855886	0.263314225925928	1.23013140448393	0.21864790168093	0.55238498965818
TH2_HKNPDCAD_02663	394.26573245895	0.250804411935676	0.298844385832093	0.839247527563029	0.401330421827465	0.718481745700073
TH2_HKNPDCAD_02664	1175.58598995008	-0.260821598520841	0.387753936141509	-0.672647197643547	0.501171767382814	0.7791262672719
TH2_HKNPDCAD_02665	3941.14819184832	-0.252141883727752	0.39447227536208	-0.639187845321488	0.522700738250692	0.793030932333349
TH2_HKNPDCAD_02666	143.45473832556	0.200185554886483	0.385540293025605	0.519233809041038	0.60359770506354	0.836227523285325
TH2_HKNPDCAD_02667	136.735970329849	-0.120465718963145	0.318326628545227	-0.378434312937253	0.70510798213793	0.879449937947696
TH2_HKNPDCAD_02668	383.171536227215	-0.0981992681804656	0.257440173329953	-0.381445004912294	0.70287307160699	0.878548491845265
TH2_HKNPDCAD_02669	461.742498992822	0.347137563119829	0.339371865750251	1.02288256085227	0.306363375876799	0.637862983243084
TH2_HKNPDCAD_02670	844.230497462829	0.492703157511266	0.244711980946759	2.01340022505257	0.0440725419570254	0.249355242904759
TH2_HKNPDCAD_02671	176.889973448543	-0.172866406810952	0.269367028230344	-0.641750432287983	0.521035238199934	0.792189966863002
TH2_HKNPDCAD_02675	645.230214917784	-0.060937222460881	0.406862152590839	-0.14977363235396	0.880943213005227	0.961404068525611
TH2_HKNPDCAD_02676	424.377148072894	0.0168860654503132	0.3061620747813	0.0551540077665574	0.956015769611446	0.988092167147834
TH2_HKNPDCAD_02677	51.1642905665763	-0.0426178494111027	0.353609706399474	-0.120522283862189	0.904069428337018	0.969906249760393
TH2_HKNPDCAD_02678	363.231716762515	-0.372566184889045	0.264097592359763	-1.41071405293813	0.15832894561398	0.480802236503118
TH2_HKNPDCAD_02679	206.483556252768	-0.0500645340231952	0.274174353744929	-0.182601083359429	0.855111034238215	0.951688743719861
TH2_HKNPDCAD_02680	208.400269057974	-0.0751374959493284	0.283296554410719	-0.265225590567527	0.790835682192863	0.917173945213451
TH2_HKNPDCAD_02681	3751.45128854108	0.153925948986095	0.364198639946429	0.422642844049984	0.672555862497255	0.867412653476314
TH2_HKNPDCAD_02682	1251.56855058422	-0.625256233685265	0.219170767552419	-2.85282677369702	0.00433322354550924	0.0611264729249314
TH2_HKNPDCAD_02683	2494.83641315557	0.74217128639596	0.362618353969983	2.04670083097172	0.0406874676249414	0.239453454702009
TH2_HKNPDCAD_02684	2085.1076546479	0.412607513809726	0.437115379634911	0.943932730425421	0.345204025025491	0.66875125936533
TH2_HKNPDCAD_02685	1278.92394783877	0.467930309729405	0.51344322378416	0.911357455028198	0.362107062667292	0.684677537156967
TH2_HKNPDCAD_02686	10.4688112359279	0.31325980965884	0.637532788236854	0.491362664695543	0.623169965728525	0.846602186377466
TH2_HKNPDCAD_02687	9143.04305845955	1.11758432150332	0.319756941164638	3.49510574323355	0.000473873973535531	0.0122812189331366
TH2_HKNPDCAD_02688	136.961142738436	0.547833695060296	0.273649917036891	2.00195089036494	0.0452900135592199	0.252618726337934
TH2_HKNPDCAD_02689	3932.13369405061	0.657295348612721	0.220807230472951	2.97678362798559	0.0029128950796675	0.046227554731813
TH2_HKNPDCAD_02690	4568.70088866209	0.232537561693249	0.233880139670711	0.994259546880069	0.320096524633448	0.647711713571564
TH2_HKNPDCAD_02691	917.000443540118	0.146163907428316	0.275368785226336	0.530793304361561	0.595562020430109	0.832414382655662
TH2_HKNPDCAD_02692	3.55394954993795	-0.980038358469292	1.00215032711832	-0.977935477292507	0.328106237146817	0.655084307128654
TH2_HKNPDCAD_02693	6.30891204566544	0.240408890307438	0.741785557665377	0.324094865184592	0.745866214298188	0.900372592203685
TH2_HKNPDCAD_02694	5.7072753403439	-0.864426780731333	0.750317536166274	-1.15208127101506	0.24928767855968	0.58724661778351
TH2_HKNPDCAD_02695	3.89536763957009	-2.9312803983931	1.17362370735346	-2.49763223086485	0.0125025826705369	0.120240598065989
TH2_HKNPDCAD_02696	12.6677151428692	-0.107646471661095	0.562186679311828	-0.191478161298423	0.84815098874605	0.94864105789052
TH2_HKNPDCAD_02697	21.1113481085279	-0.0186601812310034	0.431034543282765	-0.043291614377092	0.96546907571485	0.990384973702169
TH2_HKNPDCAD_02698	4334.52688392526	-0.702062336309952	0.387320247670199	-1.81261460130985	0.0698912841772223	0.311803936198818
TH2_HKNPDCAD_02699	854.576413810492	1.08285826411684	0.592296300316821	1.82823742700674	0.0675139262103907	0.307132659550351
TH2_HKNPDCAD_02700	1506.91902239093	0.643164997893073	0.492862058443444	1.30495944428004	0.19190665787736	0.524013313332614
TH2_HKNPDCAD_02701	110.04128825047	0.153734314927998	0.44130233936878	0.348365057724129	0.727566040843308	0.891156337927601
TH2_HKNPDCAD_02702	116.282101484351	0.0242489447974364	0.263776583391754	0.0919298615731274	0.92675376580826	0.97700398164068
TH2_HKNPDCAD_02703	0.316772572514044	1.65838199674257	3.09492132427816	0.535839791381244	0.592069278854865	NA
TH2_HKNPDCAD_02704	16.1955732613294	-1.67381878182294	0.550935368105014	-3.03814000466184	0.00238043332519083	0.039876147793883
TH2_HKNPDCAD_02705	58.2140414935476	-0.0632251299000175	0.469735648458553	-0.134597257217952	0.892930310297133	0.966603736624168
TH2_HKNPDCAD_02706	1.29050518556738	1.36545079440681	1.67596557958215	0.814724843422644	0.415229829474221	0.730154838613559
TH2_HKNPDCAD_02707	9.24397062231494	0.440607503965823	0.701098026327928	0.628453493548611	0.529706903417504	0.796104744804923
TH2_HKNPDCAD_02708	51.7996035069023	-0.219473918375871	0.38970918985807	-0.563173576829949	0.573316693691386	0.823926844693718
TH2_HKNPDCAD_02709	52.021930805508	0.341578833886934	0.384994275617167	0.887230942172751	0.374954576731729	0.698296054457774
TH2_HKNPDCAD_02710	41.1037014087045	-0.210982087771763	0.419028706935805	-0.503502705851812	0.614610878403445	0.842829149998945
TH2_HKNPDCAD_02711	69.4733102023411	-0.966680517828114	0.382470570889831	-2.52746378781274	0.011488967137816	0.115249404204393
TH2_HKNPDCAD_02712	982.287508439169	-0.0433750559419744	0.276406336834717	-0.156924969371854	0.875303980941855	0.959394827612739
TH2_HKNPDCAD_02713	79.73867448603	-0.0614421915572207	0.331155444995896	-0.185538823189159	0.852806432346606	0.950322993958414
TH2_HKNPDCAD_02714	46.6119676238634	0.599546901223658	0.346946517024668	1.72806721440882	0.0839761745998977	0.345475016853191
TH2_HKNPDCAD_02715	1271.03917218575	0.631129653146393	0.26124475302567	2.4158558050901	0.0156982766889649	0.136852663788493
TH2_HKNPDCAD_02716	8.10672972905049	0.0106738199378538	0.780356636812281	0.0136781305294664	0.989086771125901	0.995691042574896
TH2_HKNPDCAD_02717	3.40213177631031	-0.0400312640808082	1.04561644935201	-0.0382848453709929	0.969460573570393	0.990384973702169
TH2_HKNPDCAD_02718	32.2853386552915	-0.169328217487464	0.413771118164431	-0.409231601854274	0.682369704987102	0.872058615747665
TH2_HKNPDCAD_02719	34.8568310835609	-0.0787342587308223	0.51743102732031	-0.152163775602275	0.879057764096076	0.960573459551585
TH2_HKNPDCAD_02720	6.76157460272865	-0.443182682025667	0.781550342499976	-0.56705583495497	0.570676247592239	0.823126171899573
TH2_HKNPDCAD_02721	8.24754096509149	0.0629719655551046	0.749376583517428	0.084032470376278	0.933030615434134	0.979462407273268
TH2_HKNPDCAD_02722	9.90115145431191	0.100269848224495	0.636690912986385	0.157485910634692	0.874861911022301	0.959394827612739
TH2_HKNPDCAD_02723	205.512532342222	-0.092160709116137	0.277626904167076	-0.331958854609692	0.739920328157077	0.897924148232286
TH2_HKNPDCAD_02724	1203.37349077194	-0.422712999261377	0.275335846678688	-1.53526322257151	0.124719184117138	0.420322510048948
TH2_HKNPDCAD_02725	267.40852499489	0.452496486145657	0.40977704346964	1.10425045364744	0.26948450892368	0.611401954490426
TH2_HKNPDCAD_02726	1643.49807469335	1.76357907586449	0.503417786410475	3.50321169309364	0.00045968397787993	0.0120837952339104
TH2_HKNPDCAD_02727	26.3208810361867	-0.931336457793632	0.518651579011877	-1.79568807940003	0.0725441387888062	0.317017268057477
TH2_HKNPDCAD_02728	282.270270886112	0.444558285996568	0.304028481147133	1.46222578989706	0.143679346610287	0.454738496124442
TH2_HKNPDCAD_02729	1.15734895565504	1.05055410110881	1.65493897702951	0.634799298155678	0.525559321103054	0.795100938332095
TH2_HKNPDCAD_02730	61.0952292247225	-0.440327607546841	0.307632860033495	-1.43134126666085	0.152332432388916	0.470904124845843
TH2_HKNPDCAD_02731	0.365945201039138	-2.1030060335915	2.9560840764405	-0.711416177351687	0.476826377128504	NA
TH2_HKNPDCAD_02732	103.193025413328	-0.0875005548373506	0.375414451047473	-0.233077215310195	0.815701447253242	0.930001249693087
TH2_HKNPDCAD_02733	158.517451455952	-0.212448052637535	0.35741458904977	-0.594402296790274	0.552243072658554	0.811349381039767
TH2_HKNPDCAD_02734	119.271836129896	0.265236133538818	0.307564731759098	0.8623749934585	0.388481196754147	0.708195259215425
TH2_HKNPDCAD_02735	2911.27679783999	-0.166220354919451	0.197666333752708	-0.840913835774392	0.400396206790628	0.718046617016181
TH2_HKNPDCAD_02736	156.510229502447	-0.383667573155929	0.30931190970289	-1.24039056085639	0.214830970601841	0.549787097007007
TH2_HKNPDCAD_02737	131.159842421454	-0.152018646243797	0.364728977281598	-0.416798926635401	0.676825487604098	0.869307804925735
TH2_HKNPDCAD_02738	1190.05705198739	-0.487001279658347	0.324806310190112	-1.49935904685257	0.133780511785913	0.434850287517179
TH2_HKNPDCAD_02739	194.775135815736	-0.275338939291518	0.258841498231217	-1.06373568833837	0.28744845241292	0.623555127832682
TH2_HKNPDCAD_02740	392.423664164902	0.262277510896252	0.365515965296544	0.717554185857424	0.473032214696337	0.762957446533334
TH2_HKNPDCAD_02741	498.267979701049	0.443075613984377	0.359651586343744	1.2319579026155	0.217964810007162	0.55147463775751
TH2_HKNPDCAD_02742	447.719651368886	-0.157878413550919	0.281882767580172	-0.560085367779767	0.575421210446392	0.823926844693718
TH2_HKNPDCAD_02743	4.32546089102891	-0.452085430682297	0.871453257374122	-0.518771863960356	0.60391984069731	0.836255293803512
TH2_HKNPDCAD_02744	106.811935241942	0.00152242284559049	0.359811035771088	0.00423117329441517	0.996624022227566	0.998767299694722
TH2_HKNPDCAD_02745	832.348711922593	0.516732563358993	0.309962512350222	1.66708083323039	0.095498332771465	0.367610211772744
TH2_HKNPDCAD_02746	222.677791333837	0.296478957507867	0.569741040949659	0.520374935626348	0.602802276056067	0.835916283692553
TH2_HKNPDCAD_02747	7.43145175412561	-0.481098487699389	0.736987845779851	-0.652790260320114	0.513891503477159	0.788213000246535
TH2_HKNPDCAD_02748	60.3132870144601	0.421743124773342	0.377040413534408	1.11856212128532	0.263326990702604	0.604755445493526
TH2_HKNPDCAD_02749	22.433166372672	0.617776341118903	0.546811087884908	1.12978020162044	0.258568852667683	0.597090200264335
TH2_HKNPDCAD_02750	42.8219270929922	0.681056655585708	0.388290700216112	1.75398652403122	0.0794328162751356	0.333474706164083
TH2_HKNPDCAD_02751	89.9713790524439	0.528108073254294	0.392807101134591	1.34444634969403	0.178804094272315	0.508347081109198
TH2_HKNPDCAD_02752	3005.90975145772	0.135807473713572	0.238285310602406	0.569936406781598	0.568720830887387	0.822337514575693
TH2_HKNPDCAD_02753	74.6934900158018	-0.510163601005439	0.333124197034584	-1.53145164940533	0.125657807428567	0.421821821138725
TH2_HKNPDCAD_02754	467.11275257347	0.19701186963884	0.270938052350228	0.727147286731703	0.46713573387648	0.758966013264925
TH2_HKNPDCAD_02755	1064.88480211131	0.300850482298366	0.205197645508242	1.46614977746556	0.142607487291138	0.452355185553448
TH2_HKNPDCAD_02756	490.412237623384	0.484837671944889	0.363541792753153	1.33365044022352	0.182318443990668	0.51321490603853
TH2_HKNPDCAD_02757	312.211980662876	0.205866644381897	0.425943052503796	0.483319643721769	0.628868794342669	0.850087486416688
TH2_HKNPDCAD_02758	252.340492120336	0.385499752611375	0.552304583214101	0.697983982620575	0.485187211094625	0.768562930800695
TH2_HKNPDCAD_02759	131.053615809089	0.276940033912221	0.665320582661571	0.416250513105037	0.677226700354276	0.869605226957921
TH2_HKNPDCAD_02760	8024.64890807749	-0.234023223948852	0.540441546690014	-0.433022267407363	0.66499859294032	0.865534678727702
TH2_HKNPDCAD_02761	122.043636226684	-0.717699787194436	0.453056507113403	-1.58412863721388	0.113164448751757	0.400055837449315
TH2_HKNPDCAD_02762	4.06256087128811	-0.0580393643147391	1.02486446991989	-0.0566312581011571	0.95483893412928	0.988092167147834
TH2_HKNPDCAD_02763	319.973934092568	-0.397780942729556	0.571850949831755	-0.695602486708447	0.486677808443029	0.769497361529601
TH2_HKNPDCAD_02764	41.0088427437198	0.255701588233702	0.528896566904468	0.48346237097033	0.628767471622716	0.850087486416688
TH2_HKNPDCAD_02765	38.6584351777804	-0.212436342862438	0.439094810482532	-0.48380517781339	0.62852414005767	0.850087486416688
TH2_HKNPDCAD_02766	89.940377136192	0.105363852281387	0.388410527515347	0.271269300951746	0.786183915812467	0.914970575356506
TH2_HKNPDCAD_02767	102.497491231506	-0.391639062409356	0.390577241753408	-1.00271859325746	0.315996656245314	0.647401622667257
TH2_HKNPDCAD_02768	923.128886153979	0.0961210204421042	0.248072373002261	0.387471685294147	0.698407042860417	0.875560564908754
TH2_HKNPDCAD_02769	25.0130327016607	0.346141804872849	0.425657855885274	0.813192567896933	0.416107659873863	0.730247525071357
TH2_HKNPDCAD_02770	24.1044016069321	0.0306846796108984	0.453933540853816	0.0675972953071121	0.946106208508664	0.985118916273697
TH2_HKNPDCAD_02771	15.596339715622	-0.358649157288842	0.488485943790938	-0.734205685644737	0.462823388793347	0.756998305984268
TH2_HKNPDCAD_02772	65.5079638523583	-0.0181906066976445	0.342187402292756	-0.0531597790443543	0.957604601949342	0.988092167147834
TH2_HKNPDCAD_02773	111.904354720455	-0.387247100535667	0.336503535213908	-1.15079652963973	0.249815952836184	0.587411272586366
TH2_HKNPDCAD_02774	54.0327689061402	0.0365222520420212	0.455506646437868	0.0801794053448634	0.936094569573044	0.979869463678053
TH2_HKNPDCAD_02775	26.5102200441556	-1.21604911573049	0.786738593985572	-1.54568382055602	0.122180946605136	0.415697240500283
TH2_HKNPDCAD_02776	135.68655453772	-0.820795554805649	0.409053359340847	-2.00657331387839	0.0447951151721049	0.251225120757341
TH2_HKNPDCAD_02777	2.79228017604467	1.04808383175751	1.08170328671669	0.968919892014724	0.332585159710564	0.658517103875453
TH2_HKNPDCAD_02778	0.363152976073561	-0.235222838104723	3.01071328977145	-0.0781286078962967	0.937725750930759	NA
TH2_HKNPDCAD_02779	18.9091377878386	0.812173784664023	0.529557287302498	1.53368446462354	0.125107297494911	0.420800529500598
TH2_HKNPDCAD_02780	190.161453157488	1.03055497388116	0.409530169474513	2.51643236737238	0.0118549650601602	0.116862597881502
TH2_HKNPDCAD_02781	2173.41352639848	-0.203199888846366	0.264022156615535	-0.769631956087167	0.441518243406838	0.746814134529959
TH2_HKNPDCAD_02782	103.151245192361	-0.359255372691431	0.371947523916424	-0.965876500288666	0.334105982626607	0.659717745355928
TH2_HKNPDCAD_02783	6.97162740465436	-0.0940694509825679	0.661740544580819	-0.14215458271815	0.886957905120793	0.963455440061281
TH2_HKNPDCAD_02786	51.8934692587305	0.506126860302589	0.346164220982659	1.46210044142009	0.14371368781147	0.454738496124442
TH2_HKNPDCAD_02787	1832.54710367009	0.344208795164262	0.218444502314218	1.57572651871614	0.115088843205272	0.404349150288022
TH2_HKNPDCAD_02788	187.351252683965	0.0136044285350269	0.351358202796636	0.03871954155828	0.969113993180531	0.990384973702169
TH2_HKNPDCAD_02789	1931.81412762549	-0.0128911226510136	0.211410869931862	-0.0609766312165899	0.951377820004021	0.987495207402243
TH2_HKNPDCAD_02790	351.284296110388	0.904932965942559	0.289830943002581	3.12227865171215	0.00179456995383353	0.0325051787397551
TH2_HKNPDCAD_02791	867.355437182511	0.0432523432822917	0.268851448117366	0.160878223216451	0.872189314230063	0.958227318383359
TH2_HKNPDCAD_02792	865.19328664264	-0.468030866275891	0.261198315143515	-1.79186020407035	0.0731553620831085	0.318872777243209
TH2_HKNPDCAD_02793	757.176130288314	-0.193454864480517	0.208287401286036	-0.928788122978449	0.352998900831081	0.674672768702507
TH2_HKNPDCAD_02795	187.138598393625	0.127921374822461	0.312439155705591	0.409428115799289	0.682225509983503	0.872058615747665
TH2_HKNPDCAD_02796	19.1370094658583	0.54480688604671	0.441479688099601	1.23404745616246	0.217185221171786	0.551134503871141
TH2_HKNPDCAD_02797	322.791113478896	-0.490630739869307	0.274408373322505	-1.78795834080719	0.073782729224273	0.320245783237615
TH2_HKNPDCAD_02798	6.90562796392227	-0.559072473714029	0.726605872196874	-0.769430161668922	0.441637988956146	0.746814134529959
TH2_HKNPDCAD_02799	220.789596186614	-0.648606951746031	0.368698812107826	-1.75917830610299	0.0785472277865487	0.331321435130226
TH2_HKNPDCAD_02800	411.736818789036	0.16860592547326	0.212404390135209	0.793796801308727	0.4273137351126	0.739254203910627
TH2_HKNPDCAD_02801	47.4885233914096	-0.572755182746414	0.44512377157188	-1.28673240865979	0.198187572950722	0.531781306146268
TH2_HKNPDCAD_02802	173.579162466771	0.389405319460431	0.321397350948822	1.21160089935663	0.225665190143813	0.562626344687348
TH2_HKNPDCAD_02803	262.633392034867	0.549342993739987	0.341817572512351	1.60712332517702	0.108027317495559	0.391579291068792
TH2_HKNPDCAD_02804	85.7548675162777	0.159067425532722	0.392171731224301	0.405606556689175	0.685031710484718	0.873330700486242
TH2_HKNPDCAD_02805	257.495832074196	0.194687032713285	0.321848436908718	0.604902837444886	0.545243557726263	0.807687198883885
TH2_HKNPDCAD_02806	1302.93403418513	0.45256008646067	0.346618347324343	1.30564377204532	0.191673727521078	0.524013313332614
TH2_HKNPDCAD_02807	90.4793095937223	-0.607580688271439	0.445870828729137	-1.36268320132811	0.172982374336638	0.501649302533519
TH2_HKNPDCAD_02808	7.48000869758926	-0.560943806737953	0.871185212449453	-0.64388582212132	0.519649476177172	0.792088198064049
TH2_HKNPDCAD_02809	35.0065915411042	-0.806672856682495	0.404461006807159	-1.99443912541884	0.0461040863363848	0.255155758983585
TH2_HKNPDCAD_02810	169.481439434835	0.252034501938858	0.254567837554643	0.990048485149889	0.322150420984842	0.649368092004836
TH2_HKNPDCAD_02811	48.713883821874	-0.449980291898632	0.39791979962373	-1.13083162065353	0.258125968207142	0.596821701862793
TH2_HKNPDCAD_02812	146.611734556259	-0.145276944098413	0.302021105228561	-0.481015868041643	0.630505220975597	0.851125613321815
TH2_HKNPDCAD_02813	117.460164864242	-0.168353660973656	0.333942411216397	-0.504139801711383	0.614163139240588	0.842666020274962
TH2_HKNPDCAD_02814	145.841089612213	0.0121792101354065	0.277902606187151	0.0438254621016561	0.965043530757266	0.990154751533576
TH2_HKNPDCAD_02815	34.529286755307	-0.0644539356360496	0.394421172679975	-0.16341398510152	0.870192492372959	0.957882263385255
TH2_HKNPDCAD_02816	50.1903990958558	-0.0623278104351082	0.361774336218192	-0.172283670220094	0.863214521676346	0.95486353865191
TH2_HKNPDCAD_02817	102.155259325402	0.415919600638897	0.395744363632968	1.05098047846018	0.293267555813871	0.626740476324586
TH2_HKNPDCAD_02818	147.729604074808	-0.503472504497252	0.441533814463794	-1.14028073955939	0.254169359366944	0.590603869499072
TH2_HKNPDCAD_02819	23.6376371969901	-0.318738369789888	0.57257331423511	-0.556676956235177	0.577748163974172	0.823926844693718
TH2_HKNPDCAD_02820	3.57099522655331	-1.18126269816858	1.02862233962806	-1.14839300359325	0.250806360643819	0.587852494129043
TH2_HKNPDCAD_02821	8.19935359114205	-1.08053176452151	1.0194986672299	-1.05986579409411	0.28920565920684	0.624460071227575
TH2_HKNPDCAD_02822	304.989867183427	0.330971156270687	0.283525423310963	1.16734207608496	0.243072253017074	0.580052329129661
TH2_HKNPDCAD_02823	98.1573946075812	0.305152490333437	0.305260911362777	0.999644825048657	0.317482422267953	0.647711713571564
TH2_HKNPDCAD_02824	1906.65091091407	0.201127874697586	0.194352128901173	1.03486324453826	0.300732781933495	0.633500567822598
TH2_HKNPDCAD_02825	14.0135436047064	-0.419490353377953	0.494400062119239	-0.848483617861643	0.396168692109789	0.715056590054499
TH2_HKNPDCAD_02826	1049.9967778413	-0.0359845542065593	0.349506858006201	-0.102958077594921	0.917996243304273	0.974280352729459
TH2_HKNPDCAD_02827	2672.69498593554	0.00167241292273739	0.27192040394662	0.00615037672224736	0.995092740308145	0.998221846320807
TH2_HKNPDCAD_02828	6.49755561105469	-0.551825839155081	0.710127921080192	-0.777079484940806	0.437111876747391	0.744772777784933
TH2_HKNPDCAD_02829	3.34531032034782	-0.233712764423495	0.956443323237017	-0.244356104272347	0.806955035140766	0.924707166794345
TH2_HKNPDCAD_02830	2.86843955141919	-0.824809458197687	1.10821247267748	-0.744270145421588	0.456713058866648	0.754710232027865
TH2_HKNPDCAD_02831	67.1542367596749	-0.531218509035653	0.345904312178257	-1.53573832511778	0.124602571437297	0.420322510048948
TH2_HKNPDCAD_02832	4.91604023393993	-0.3215914894482	0.805997695340401	-0.398998026058102	0.6898946587341	0.873330700486242
TH2_HKNPDCAD_02833	2.18399171555018	-0.866697585337538	1.18947726242194	-0.728637370984983	0.466223512292167	0.758337140627374
TH2_HKNPDCAD_02834	2.40398719548132	-1.46938961490765	1.3429508280989	-1.09414997493821	0.273889207355697	0.615827371015562
TH2_HKNPDCAD_02835	1.75412613621928	-1.47528121556643	1.35606103504197	-1.08791652989334	0.276631958086773	0.616796614681514
TH2_HKNPDCAD_02836	1.11035057536867	-0.563262397456603	1.6125127558763	-0.349307250689317	0.726858655623056	0.891156337927601
TH2_HKNPDCAD_02837	211.986425104201	0.30526753925846	0.310791957973828	0.982224705068356	0.325989159147669	0.652575685664414
TH2_HKNPDCAD_02838	40.8235312226431	-0.271061200460764	0.410808242082294	-0.659824153203005	0.509366681635049	0.784435919212063
TH2_HKNPDCAD_02839	3.67224815935112	0.443751438003638	0.900896985585947	0.492566236876706	0.622319109370241	0.846602186377466
TH2_HKNPDCAD_02840	65.1805279949071	-0.0239290168219802	0.368480002668531	-0.0649397976788058	0.948221933486832	0.985635432799033
TH2_HKNPDCAD_02841	11.3568044844452	-0.543075731514641	0.633678986925934	-0.85702026218224	0.391433686661644	0.709759136125783
TH2_HKNPDCAD_02842	112.045593309069	0.114551354993689	0.331530536892793	0.345522786731202	0.729701382556106	0.891814936187898
TH2_HKNPDCAD_02843	3.94208069160071	-0.928583396861029	0.896412772298043	-1.03588818182556	0.300254311737151	0.632855099492039
TH2_HKNPDCAD_02844	26.053248809242	0.289451760690214	0.450679265560377	0.642256661908572	0.520706548308898	0.792189966863002
TH2_HKNPDCAD_02845	6176.63746765125	0.557442694364667	0.216481769682482	2.5750098734978	0.0100237225201776	0.106160333963699
TH2_HKNPDCAD_02846	205.47620991377	-0.0274322559166305	0.259097125372057	-0.105876342229728	0.915680464711929	0.974280352729459
TH2_HKNPDCAD_02847	102.532962680668	0.620619317051441	0.270002263220271	2.29857079584971	0.0215293234829234	0.165037548646813
TH2_HKNPDCAD_02848	218.973148630751	0.213821342246509	0.293710424073573	0.728000522694925	0.466613266326628	0.758598034630603
TH2_HKNPDCAD_02849	41.0407053527303	0.691624700619525	0.435393138615974	1.58850620112678	0.112171919936313	0.39819477949691
TH2_HKNPDCAD_02850	36.2388248953466	1.15777359377805	0.398117141040385	2.90812294781501	0.00363605354273497	0.0540243781450999
TH2_HKNPDCAD_02851	157.50556042666	0.283051642674235	0.275925668650106	1.02582570175146	0.304973748945822	0.636264874344524
TH2_HKNPDCAD_02852	2.1292861678045	-0.846318262609264	1.18588701168256	-0.713658429742384	0.475438417560509	0.76511007457286
TH2_HKNPDCAD_02853	152.257754988025	0.588973768602214	0.429189174085041	1.37229409352602	0.169971903608449	0.49871927146154
TH2_HKNPDCAD_02854	143.74978805385	0.800329913121185	0.389737606449376	2.05350959178003	0.0400231804412846	0.236903952588944
TH2_HKNPDCAD_02855	6.51867665599786	0.123826828839149	0.778148091315558	0.159130158155119	0.873566328179157	0.958865310116994
TH2_HKNPDCAD_02856	452.183578680974	-0.605409546342028	0.244704093354589	-2.47404748340175	0.0133591939840745	0.124507687931574
TH2_HKNPDCAD_02857	8.95400901565768	0.196519835778258	0.597779233056097	0.328749854312546	0.742344768521214	0.899576008560523
TH2_HKNPDCAD_02858	60.7785032884094	-1.40261277191874	0.422541338190771	-3.31946875996657	0.000901888952132104	0.0195066783486463
TH2_HKNPDCAD_02859	386.475616954474	0.0548987618922228	0.276223478101997	0.19874763097419	0.842460163055837	0.945163229552248
TH2_HKNPDCAD_02860	1303.32488477033	0.390992493055426	0.239448060977886	1.63289062128399	0.102492003007322	0.381812505389196
TH2_HKNPDCAD_02861	221.155377899666	0.593392448361506	0.242728079470247	2.44467986421918	0.0144980769089224	0.130840039146367
TH2_HKNPDCAD_02862	224.080782184108	0.0282113469339652	0.243526980423029	0.115844851707845	0.907775503262557	0.970326827953643
TH2_HKNPDCAD_02863	114.041661330034	-0.986982251409971	0.313064674138787	-3.15264650706782	0.00161797607117386	0.0304917108119015
TH2_HKNPDCAD_02864	79.5390089967155	-0.791185145580068	0.295717994716218	-2.6754717660632	0.00746241584638595	0.0897942338698929
TH2_HKNPDCAD_02865	20.7370628891137	-0.315082770613581	0.447580220658051	-0.703969380394722	0.481451842379	0.767272556482272
TH2_HKNPDCAD_02866	158.989975104155	-0.243947808083542	0.309060006723626	-0.789321823517883	0.429923934604274	0.739917383686689
TH2_HKNPDCAD_02867	29.17724142632	-0.285664942509208	0.414172908353205	-0.689723873164574	0.490367849926462	0.772947601083348
TH2_HKNPDCAD_02868	0.835319249834123	-2.05977710717547	2.06977594683827	-0.995169119788994	0.319654017978834	0.647711713571564
TH2_HKNPDCAD_02869	97.6903227224049	-0.113962349991446	0.461064689066701	-0.24717214892802	0.804774998618621	0.924352728481381
TH2_HKNPDCAD_02870	138.981660226352	-0.412851074426056	0.375131031652293	-1.10055164620112	0.271091840163372	0.612253489195375
TH2_HKNPDCAD_02871	59.7871115341062	-0.463741533531939	0.340118218616292	-1.36347160531002	0.172733927399093	0.501533828346356
TH2_HKNPDCAD_02872	837.698035239755	0.521937458203608	0.23315820103424	2.23855500637938	0.0251848845776969	0.183899883682727
TH2_HKNPDCAD_02873	2554.37453626313	0.564352821653384	0.393821643468559	1.4330162676761	0.151853188413948	0.470331990217461
TH2_HKNPDCAD_02874	104.769060377041	-0.514649684834732	0.291933008617204	-1.76290337044265	0.0779167885052749	0.330083849485983
TH2_HKNPDCAD_02875	11.9143218083315	-0.157860025599698	0.614310479957623	-0.256971076922842	0.797201100763252	0.920994555445668
TH2_HKNPDCAD_02876	376.521631081675	-0.337432860184324	0.229820578730238	-1.46824475879682	0.142037750281608	0.451106262666371
TH2_HKNPDCAD_02877	3.66744475430919	-2.29478079266875	1.06010706296109	-2.16466890264741	0.0304130501893778	0.203895679590421
TH2_HKNPDCAD_02878	256.73846706782	-0.360959157588748	0.323517637441285	-1.11573254689788	0.264536634524586	0.605201404161989
TH2_HKNPDCAD_02879	207.444642600399	-0.515283277621298	0.291276441142614	-1.7690523668854	0.0768851359312354	0.327592243235241
TH2_HKNPDCAD_02880	287.054674425319	0.647856349221865	0.355318647377196	1.82331086196588	0.068256322119976	0.30853783702557
TH2_HKNPDCAD_02881	0.497259641929063	0.596301160532392	2.75727202710621	0.216264900477817	0.828781267013344	NA
TH2_HKNPDCAD_02882	120.486058622097	0.498882279483013	0.317885534225951	1.56937710518281	0.116560095548984	0.405574835441086
TH2_HKNPDCAD_02883	52.7513070843402	-0.810968095655738	0.358916557142238	-2.2594892309032	0.0238529694431708	0.176924648983282
TH2_HKNPDCAD_02884	0.143997813150365	0.726546439555219	4.0804728567969	0.178054471884306	0.858680196776375	NA
TH2_HKNPDCAD_02885	15.5880711694718	0.364178681797283	0.505609157042186	0.72027706920446	0.471354420367598	0.762203896079147
TH2_HKNPDCAD_02886	24.6422797547776	0.202853313697436	0.423322389352144	0.479193444050726	0.63180101775365	0.851370141168563
TH2_HKNPDCAD_02887	28.6832355379776	-0.119271176936543	0.482901766965198	-0.246988487298574	0.804917133915438	0.924352728481381
TH2_HKNPDCAD_02888	5.78086966824149	0.191028314680996	0.760880158427397	0.251062289593433	0.801765950830585	0.922545958262626
TH2_HKNPDCAD_02889	3.32592341400113	-1.04583398483511	1.03802095700026	-1.00752684980218	0.313681661614397	0.644704459352053
TH2_HKNPDCAD_02890	16.1286468609891	-0.220434119679964	0.481423084561588	-0.45788024452692	0.647038480726128	0.857534067528878
TH2_HKNPDCAD_02891	12.936605534171	0.214160991870352	0.534096915024926	0.400977773594437	0.688436488070666	0.873330700486242
TH2_HKNPDCAD_02892	11.7508313654578	0.0483202897681651	0.731896209140422	0.0660206859452312	0.947361356379835	0.985424982305811
TH2_HKNPDCAD_02893	20.8900220756958	1.27118898723069	0.610822952829865	2.08110874246201	0.0374239538204954	0.227562499743606
TH2_HKNPDCAD_02894	17.3787442852511	0.741147253733503	0.637424291920194	1.16272200970071	0.244942308702113	0.581531077886525
TH2_HKNPDCAD_02895	591.701942280009	-0.456448152550298	0.613645640525896	-0.743830188639685	0.456979214125224	0.754906687594553
TH2_HKNPDCAD_02896	190.519714876697	-0.305782927656453	0.267753951607171	-1.14202956042671	0.253441732626593	0.589927529205362
TH2_HKNPDCAD_02897	23.720133477809	0.158238617937699	0.641477077940083	0.246678522708616	0.805157029393165	0.924352728481381
TH2_HKNPDCAD_02898	7.52727524849662	0.579148196743252	0.745410606836374	0.776951912719939	0.43718714170013	0.744772777784933
TH2_HKNPDCAD_02899	19.8903614146973	1.05717914674263	0.718217736902397	1.47194797959479	0.141034925729617	0.449313256239911
TH2_HKNPDCAD_02900	21.791547646003	-0.346109355386004	0.422945391834204	-0.818331070791476	0.413168169048357	0.728651082096965
TH2_HKNPDCAD_02901	15.2325043481108	-1.27948266043285	0.607758044629424	-2.10525006084125	0.0352695466739443	0.220095915017506
TH2_HKNPDCAD_02902	6.18005519108131	0.154804067407016	0.710611783401957	0.217846186937561	0.827548956683715	0.936243491843155
TH2_HKNPDCAD_02903	229.130698605218	-0.0840572288243171	0.298183772142028	-0.281897395758612	0.77802218647665	0.913036109862478
TH2_HKNPDCAD_02904	144.180396802821	-0.582622119197384	0.478365054733084	-1.21794456646185	0.223245038846834	0.559586341872308
TH2_HKNPDCAD_02905	400.712475286283	-0.0823060112964748	0.54770005879643	-0.150275702867993	0.880547101594196	0.961250947332621
TH2_HKNPDCAD_02906	384.051127001381	-0.392855617607568	0.506380244693357	-0.775811500793175	0.437860292357461	0.74525106542307
TH2_HKNPDCAD_02907	19.6186145182174	0.3055550215325	0.46256623821389	0.660564901390863	0.508891384114212	0.784435919212063
TH2_HKNPDCAD_02908	58.7801958093214	-0.198560424978522	0.427348487676725	-0.464633503345229	0.642193935502797	0.854759170674226
TH2_HKNPDCAD_02909	8.6325476157349	-1.47356735628775	0.696471649165043	-2.1157607176894	0.0343651636157175	0.217349104093199
TH2_HKNPDCAD_02910	17.5126067422619	-0.469106473839697	0.575064571150479	-0.815745739476175	0.414645572829128	0.730134851529385
TH2_HKNPDCAD_02911	217.096094176808	-0.390819614764459	0.279456995283564	-1.39849644618091	0.161964039114868	0.486236892365282
TH2_HKNPDCAD_02912	53.5844057050582	-0.544153591043371	0.340236707536655	-1.59933828123101	0.109745457922743	0.394775591096126
TH2_HKNPDCAD_02916	296.196347373065	0.0809161688308903	0.260255335525984	0.310910701090359	0.755868509089508	0.900389984632114
TH2_HKNPDCAD_02917	57.0802920867378	-0.00689705621736534	0.419913834076492	-0.0164249321114507	0.986895389482153	0.995244101216902
TH2_HKNPDCAD_02918	27.4548946523034	0.597799628344888	0.433272608775644	1.37973095053059	0.167669499619323	0.49480740815823
TH2_HKNPDCAD_02919	193.675573713257	0.1869174820809	0.358191771724283	0.521836336946286	0.601784287349804	0.835169481377101
TH2_HKNPDCAD_02920	241.573555594521	0.382796530131012	0.271189772274114	1.41154486366133	0.158084016827511	0.480572809748409
TH2_HKNPDCAD_02921	7868.20792100507	-0.565312439722744	0.246331920466512	-2.29492157838146	0.0217376189375498	0.165567659247965
TH2_HKNPDCAD_02922	1350.40738288044	0.107071199634561	0.304851996185373	0.351223547735778	0.725420645512303	0.890660174585884
TH2_HKNPDCAD_02923	551.388573951621	0.046260496711186	0.356118398268906	0.129902012746487	0.896643951842359	0.967194694318606
TH2_HKNPDCAD_02924	750.940968826316	-0.27236273257967	0.439442385125646	-0.619791676448771	0.535394949338203	0.800404043659619
TH2_HKNPDCAD_02925	162.626970600903	-0.256250203026749	0.591354865390987	-0.433327293007597	0.66477701283855	0.865534678727702
TH2_HKNPDCAD_02926	30.4643740619528	-0.500384451640113	0.574016209387709	-0.87172529879228	0.383358255366098	0.70399538526238
TH2_HKNPDCAD_02927	53.831539449862	-0.337454809115313	0.403482406829451	-0.836355695820842	0.40295482894	0.719953451776382
TH2_HKNPDCAD_02928	1111.21912953833	0.0528063568987099	0.296994513173666	0.177802466228835	0.858878110442186	0.952121365511818
TH2_HKNPDCAD_02929	1489.23766765849	0.353159203258624	0.218184218114258	1.61862854385592	0.105527209772897	0.388600917597608
TH2_HKNPDCAD_02930	3230.88048365169	0.239081038755778	0.226397565537597	1.05602301061879	0.290957702160015	0.62469697707948
TH2_HKNPDCAD_02931	1730.69701049805	0.323864600756711	0.281256960517269	1.15149008280926	0.249530672850668	0.587411272586366
TH2_HKNPDCAD_02932	54.7556938058543	0.183596069679091	0.32862157789813	0.558685375602462	0.576376461817974	0.823926844693718
TH2_HKNPDCAD_02933	240.174183769134	0.252744878729182	0.320958194966976	0.787469778595893	0.431006912995989	0.740369870467055
TH2_HKNPDCAD_02934	114.865223437061	0.322918129195694	0.359679312040837	0.897794558612343	0.369295086165269	0.690878325431813
TH2_HKNPDCAD_02935	114.794148876841	-0.0731880337931989	0.287531557245081	-0.254539134745534	0.799079074259639	0.921928263936555
TH2_HKNPDCAD_02936	170.712691810471	0.34848496959477	0.241701130736529	1.44180115555456	0.149358476811744	0.467488855300867
TH2_HKNPDCAD_02937	1269.28867049187	-0.119807246404474	0.343298954206403	-0.348988090224249	0.727098250766676	0.891156337927601
TH2_HKNPDCAD_02938	1266.97995344066	0.63901033068583	0.337129753573211	1.89544329420056	0.0580336975582313	0.285490147488958
TH2_HKNPDCAD_02939	820.275435459246	0.60963049941201	0.378254565948039	1.61169369597446	0.107028610166014	0.39048302897579
TH2_HKNPDCAD_02940	198.679624734706	1.42793923841208	0.50902359915775	2.80525154585131	0.00502773257477451	0.0679473280613412
TH2_HKNPDCAD_02941	165.354678601953	0.446894465253274	0.262320535129325	1.70361982920229	0.0884521344917605	0.352914562759175
TH2_HKNPDCAD_02942	45.6835962168356	-1.08439235400252	0.341020265450766	-3.17984725209557	0.00147352702236076	0.0287505062898553
TH2_HKNPDCAD_02943	94.2314623429551	0.137910774904299	0.295617605383992	0.466517461722755	0.640845151632201	0.853851787736807
TH2_HKNPDCAD_02944	6493.40071550113	0.331353773518714	0.214613808125208	1.54395365523452	0.122599560330539	0.416740945792004
TH2_HKNPDCAD_02945	145.126787728509	0.307223887301498	0.268710863254029	1.14332514726456	0.252903617821714	0.589927529205362
TH2_HKNPDCAD_02946	199.476682282363	1.09737862010116	0.261394620779356	4.19816833578781	2.69082584250825e-05	0.00108607663533049
TH2_HKNPDCAD_02947	133.662368004081	-0.264444867880737	0.340720006957017	-0.776135426394545	0.437669028275428	0.74525106542307
TH2_HKNPDCAD_02948	4.80506313533987	-0.102505010328351	0.804043223273415	-0.127486940205818	0.89855500904548	0.967645583270405
TH2_HKNPDCAD_02949	27.8993631879132	0.0376986888539367	0.464228287601945	0.0812072203714171	0.935277157457705	0.979869463678053
TH2_HKNPDCAD_02950	8070.9669856983	-0.270012424302011	0.231047904767755	-1.16864260064778	0.242547656937775	0.579385099711286
TH2_HKNPDCAD_02951	156.346308326621	-1.14716388657051	0.280300601034474	-4.09262014543244	4.26526119487343e-05	0.00163162155857621
TH2_HKNPDCAD_02952	15003.5200145178	1.18253775810067	0.3717966323217	3.18060373682318	0.00146968509517626	0.0287505062898553
TH2_HKNPDCAD_02953	3697.69704433784	0.617979448912113	0.210373603139969	2.93753322512116	0.0033083471978572	0.050581947068526
TH2_HKNPDCAD_02954	6356.8115724052	0.887374001239358	0.188106456095636	4.71740321761315	2.38873971222584e-06	0.000116615997760663
TH2_HKNPDCAD_02955	744.777307282719	-0.21859941306678	0.292923233283901	-0.746268606337937	0.455505171694577	0.754289952058841
TH2_HKNPDCAD_02956	87.9482304791984	-0.124965666261773	0.358802657633461	-0.348285230343619	0.727625984796002	0.891156337927601
TH2_HKNPDCAD_02957	38.4731481530121	0.387595886759553	0.382357450101014	1.01370036508287	0.310725749821268	0.641781653015679
TH2_HKNPDCAD_02958	41.5924968328253	0.434404861923187	0.358442830596121	1.21192230627332	0.225542122576547	0.562593148577801
TH2_HKNPDCAD_02959	3651.66533628345	0.222269577391803	0.290529633307705	0.765049591882399	0.444242014694298	0.74808954248455
TH2_HKNPDCAD_02960	290.422145231279	-0.114515154188163	0.231732708216381	-0.494169144569932	0.621186728913956	0.846128289366314
TH2_HKNPDCAD_02961	218.984291593613	0.483840699310771	0.273862075950273	1.76673129213636	0.0772732401758895	0.328715874806315
TH2_HKNPDCAD_02962	22.4917503450759	-0.826051332346051	0.525121507205373	-1.57306703498432	0.115703297024758	0.404512499668591
TH2_HKNPDCAD_02963	3.06775847948076	-0.941713086648058	1.07211847799207	-0.878366622699909	0.379744791516776	0.701973242450413
TH2_HKNPDCAD_02964	10976.730448079	-0.308304133196053	0.439890843125126	-0.700865085087385	0.483387215615537	0.767272556482272
TH2_HKNPDCAD_02965	1488.99503200259	-0.701283153596722	0.221935813139114	-3.15984673080745	0.00157852153501051	0.0301921693599398
TH2_HKNPDCAD_02966	748.719541012541	-0.855446519288113	0.361061088606305	-2.36925702127065	0.0178238623072446	0.147125794181861
TH2_HKNPDCAD_02967	3023.0946313388	-0.0313127937468752	0.23583894588945	-0.132771937343857	0.894373748589215	0.967001047812336
TH2_HKNPDCAD_02968	539.430131922922	0.210895342732976	0.378940165436883	0.556539955298307	0.57784178827037	0.823926844693718
TH2_HKNPDCAD_02969	6.87220778484829	-0.737692568569944	0.74573069415023	-0.989221141568479	0.322554956761318	0.649752083339877
TH2_HKNPDCAD_02970	2.463381269159	-1.17108789628024	1.19284376660336	-0.981761341315403	0.326217437536412	0.652689533494008
TH2_HKNPDCAD_02971	0.847724103150151	0.419367366260061	2.41644692810504	0.173547103965956	0.86222140594369	0.954176797682935
TH2_HKNPDCAD_02972	3.1990160578133	-3.25478367281976	1.49564154155244	-2.17617897229665	0.0295418806131	0.201660455561381
TH2_HKNPDCAD_02973	423.734463019339	-0.801582291118193	0.290863507402357	-2.75587095224479	0.00585360866715353	0.0768743337734122
TH2_HKNPDCAD_02974	656.441297756443	0.109261600482771	0.234565121223337	0.465804975236451	0.641355103546388	0.853918509293191
TH2_HKNPDCAD_02975	2705.45417195557	0.259290674861257	0.223896546779892	1.15808250993777	0.246830366737947	0.583334467449845
TH2_HKNPDCAD_02976	574.903620718804	0.716104983413355	0.211392119934808	3.38756706557557	0.000705154750213492	0.0165051289935816
TH2_HKNPDCAD_02977	189.534861504275	0.191885058713182	0.28688260816135	0.668862640168348	0.503583103991323	0.780340686535526
TH2_HKNPDCAD_02978	73.7744821182891	0.372966596393324	0.330854974027675	1.12728121283172	0.259623603019422	0.598768546210013
TH2_HKNPDCAD_02979	119.506558684721	0.493896144081314	0.275295299661915	1.79405948698673	0.0728036745015953	0.317609902549087
TH2_HKNPDCAD_02980	176.024791508143	0.961543192617594	0.437310413174788	2.19876582777204	0.027894577502267	0.195605477806594
TH2_HKNPDCAD_02981	446.84361607331	0.605062507603031	0.257170410161772	2.35276876224764	0.0186342180643685	0.150423624878666
TH2_HKNPDCAD_02982	107.620347539001	0.307723164961228	0.373417776571641	0.824072082980201	0.409898601527596	0.724613590037255
TH2_HKNPDCAD_02983	22.826731841981	-0.036635550574382	0.480576443228739	-0.0762325142868992	0.939234115283465	0.981752462264079
TH2_HKNPDCAD_02984	365.580155487963	0.881754458292833	0.386050061772573	2.28404174900064	0.0223690774621158	0.168322259051559
TH2_HKNPDCAD_02985	0.949980669321017	0.813410552369212	1.8317591980337	0.444059761371672	0.656999377587786	0.862349291109766
TH2_HKNPDCAD_02986	438.089037931439	0.360384006476946	0.22283293253053	1.61728341670309	0.105817117246997	0.388830496780004
TH2_HKNPDCAD_02987	50.3091528815679	-0.254832354824409	0.411453856769459	-0.61934613233482	0.535688359673731	0.800565169588206
TH2_HKNPDCAD_02988	24.5333044692732	0.480335836859844	0.459699054234395	1.04489194057582	0.29607291509744	0.630089770348113
TH2_HKNPDCAD_02989	6.75218450391407	-0.0394444410851043	0.724758185570198	-0.0544242781529562	0.956597136347724	0.988092167147834
TH2_HKNPDCAD_02990	168.844039794475	0.562571887685094	0.253177791629887	2.22204279476258	0.0262804136393723	0.188410697605231
TH2_HKNPDCAD_02991	146.939272606204	-0.0175708359308827	0.326110483218548	-0.0538800094908552	0.957030763642265	0.988092167147834
TH2_HKNPDCAD_02992	692.256680726371	0.220574937966538	0.418736599778515	0.526762977210991	0.598358195816918	0.833071125817151
TH2_HKNPDCAD_02993	8.63533997100731	-0.382342940929798	0.68382724721935	-0.559122121097866	0.576078378637402	0.823926844693718
TH2_HKNPDCAD_02994	1.6872383236414	0.625264318624753	1.49537185364954	0.41813299956045	0.67584987892508	0.869307804925735
TH2_HKNPDCAD_02995	3.60542029456652	-0.0980910435786626	0.978041261613742	-0.100293359215556	0.920111429489526	0.974280352729459
TH2_HKNPDCAD_02996	7.1878148850887	-0.700110813106384	0.677705531042535	-1.03306049757242	0.301575588062445	0.633500567822598
TH2_HKNPDCAD_02997	0.488650836206453	2.28229784336402	3.25041007740226	0.702156893750477	0.482581324728307	NA
TH2_HKNPDCAD_02998	0.307777920890453	1.62660255108345	3.77298739652067	0.431117939217993	0.666382617395898	NA
TH2_HKNPDCAD_02999	3.36699348682389	-0.278789814304958	0.972962057900368	-0.286537190264727	0.774466713265663	0.910740163386049
TH2_HKNPDCAD_03000	2.32240501982144	0.331717190678305	1.67676758529996	0.197831347401055	0.843177019173259	0.945553576959555
TH2_HKNPDCAD_03001	42.2901737247963	-0.361526784968238	0.46951022704097	-0.77000832813955	0.44129495253612	0.746814134529959
TH2_HKNPDCAD_03002	166.476109766763	0.12569114245314	0.254557566662291	0.4937631361785	0.621473470437802	0.846128289366314
TH2_HKNPDCAD_03003	281.34343816907	-0.463930971185883	0.260221697923931	-1.78282969824254	0.0746140298043188	0.322216947579561
TH2_HKNPDCAD_03004	568.634825086277	0.000754242151461346	0.216530894030079	0.00348330040773106	0.99722073400435	0.998779500294314
TH2_HKNPDCAD_03005	156.444862243979	-0.0504942871195109	0.272109603426254	-0.185565986954208	0.852785128711558	0.950322993958414
TH2_HKNPDCAD_03006	1158.52427426181	-0.129040590656024	0.208845873655663	-0.617874743691519	0.536657908701761	0.801209308767739
TH2_HKNPDCAD_03007	514.859807963991	0.0219487152718024	0.245651873643378	0.0893488616482777	0.928804663338068	0.977298230621523
TH2_HKNPDCAD_03008	2001.77808219051	-0.0884164776877833	0.238292530008858	-0.371041751432564	0.710606434622722	0.882832909325272
TH2_HKNPDCAD_03009	2182.2561893892	0.0275362451028326	0.248139345457272	0.110970894406483	0.911639427048853	0.972634113710269
TH2_HKNPDCAD_03010	290.281453978723	-0.24521095715222	0.252339101403068	-0.971751725312432	0.331174077200685	0.658155102499738
TH2_HKNPDCAD_03011	451.973991579371	-0.0344951246530935	0.334072518780933	-0.103256397080999	0.917759480667742	0.974280352729459
TH2_HKNPDCAD_03012	869.758901847574	0.137591794407586	0.316807725790373	0.434306941424239	0.664065563850891	0.865534678727702
TH2_HKNPDCAD_03013	1251.8294174708	0.207314803494147	0.228836339620043	0.905952279425416	0.364961111247666	0.687537911156022
TH2_HKNPDCAD_03014	20.4814985058589	0.302570408080414	0.666421967252546	0.454022260592368	0.649812804781961	0.859819421092497
TH2_HKNPDCAD_03015	105.192881246273	-0.151481822357286	0.44068218962836	-0.343743917776744	0.731038879882623	0.891814936187898
TH2_HKNPDCAD_03016	77.2103979108203	-0.556963060272213	0.605834976775435	-0.919331305756984	0.357922308003498	0.681035542251645
TH2_HKNPDCAD_03017	524.891791467892	0.0811708306855708	0.280071159835137	0.289822167813893	0.771952287914284	0.909034557282017
TH2_HKNPDCAD_03018	1171.13720275021	0.149752210247131	0.254193789975244	0.589126155527698	0.555776648883543	0.813377312100043
TH2_HKNPDCAD_03019	32.1323081907459	-0.0345288467060008	0.422148230365536	-0.0817931812152866	0.93481117850847	0.979869463678053
TH2_HKNPDCAD_03020	39.0315471573288	0.324678133669691	0.362710717495345	0.895143479386869	0.370710393989175	0.692071972757249
TH2_HKNPDCAD_03021	57.0073444132492	0.203066617027927	0.329282892159308	0.616693493234028	0.537436913835503	0.801374244360623
TH2_HKNPDCAD_03022	141.254787186773	-0.0819037242783362	0.256683809528205	-0.31908410752076	0.749662734627838	0.900372592203685
TH2_HKNPDCAD_03023	32.6895715071435	0.368991763938217	0.518398747839334	0.711791387375374	0.476593966767811	0.765425596739962
TH2_HKNPDCAD_03024	135.450670159957	0.140944447259361	0.28413848714708	0.496041379943025	0.619865216260102	0.845735719603216
TH2_HKNPDCAD_03025	90.1441814324763	0.234450855961582	0.31127517035007	0.753194852316396	0.451332832236407	0.751894449871477
TH2_HKNPDCAD_03026	86.7486904282041	0.430203902055499	0.394555775355517	1.09035003141916	0.275558984100876	0.616011928696507
TH2_HKNPDCAD_03027	63.3269215443387	0.350658304701319	0.355449629016394	0.986520384538497	0.323877817255456	0.650652389279879
TH2_HKNPDCAD_03028	58.9208951210182	0.0129942553505202	0.336343807791676	0.0386338474189141	0.96918231609048	0.990384973702169
TH2_HKNPDCAD_03029	31.7531801534826	-0.423470315448806	0.4227373083925	-1.0017339540224	0.316472103148728	0.647711713571564
TH2_HKNPDCAD_03030	126.233736205857	-0.0248177377574387	0.254387047447589	-0.0975589677479623	0.922282508011761	0.975286968828266
TH2_HKNPDCAD_03031	16.7591255439613	-0.10377541939888	0.531815612193144	-0.195134210090078	0.845287881543208	0.946567313410674
TH2_HKNPDCAD_03032	1214.89593037383	0.64961540644256	0.35816108541287	1.81375205989706	0.069715906181725	0.311803936198818
TH2_HKNPDCAD_03033	68.4527702452443	-0.268309452296294	0.321566954433002	-0.834381296328743	0.404066153536047	0.72143612087279
TH2_HKNPDCAD_03034	17.1735679583778	-0.322766069931155	0.587642916047943	-0.549255442577006	0.5828301608936	0.826213330957022
TH2_HKNPDCAD_03035	460.176919791252	0.361607060088569	0.346900425122856	1.04239439879759	0.297228862300527	0.631261927223493
TH2_HKNPDCAD_03036	143.249016715523	0.819280862483187	0.339104585188951	2.41601234034237	0.0156915295323816	0.136852663788493
TH2_HKNPDCAD_03037	356.020383619639	0.405364188794273	0.312439060905288	1.29741840735193	0.194487262381607	0.526372893463141
TH2_HKNPDCAD_03038	14.8745715744357	0.926448551358899	0.676016427016351	1.37045272028055	0.170545624578074	0.498777789004741
TH2_HKNPDCAD_03039	822.784631339532	0.272961412632401	0.292256767801865	0.933978072382755	0.350315204131095	0.673033854678595
TH2_HKNPDCAD_03040	467.022438558758	-0.00748236491726275	0.295850147205003	-0.0252910636954255	0.979822801790857	0.99338838646755
TH2_HKNPDCAD_03041	578.603835859946	0.170045694864809	0.226199002014076	0.751752630872472	0.452199833225095	0.752280113763691
TH2_HKNPDCAD_03042	685.165859313781	0.00554193402362956	0.288267202685391	0.0192249897733872	0.984661622328698	0.994164954905832
TH2_HKNPDCAD_03043	558.081268417582	0.266333501734723	0.302483536242661	0.880489249243181	0.378594326624462	0.701973242450413
TH2_HKNPDCAD_03044	404.400355690736	-0.301695160303346	0.296188832487408	-1.01859059900975	0.308397369232632	0.6395003700188
TH2_HKNPDCAD_03045	922.567928322052	-0.105266621136577	0.283169011075959	-0.371744848550322	0.71008282984025	0.882396263214817
TH2_HKNPDCAD_03046	674.167835232999	-0.339406995727803	0.260911225317822	-1.30085240799572	0.193308979101851	0.525673340833142
TH2_HKNPDCAD_03047	812.722153629772	-0.231606396008722	0.288091499752757	-0.803933459360962	0.421435405081447	0.73304305614099
TH2_HKNPDCAD_03048	1542.08391420543	0.178545054095989	0.277927015729595	0.64241705192741	0.520602430941589	0.792189966863002
TH2_HKNPDCAD_03049	3999.05926831485	0.51972694366934	0.240854358532789	2.15784736815791	0.0309397006811872	0.205292842147937
TH2_HKNPDCAD_03050	16991.5613811366	0.469184973484418	0.211681374350298	2.21646791043596	0.0266594732276514	0.190064617197415
TH2_HKNPDCAD_03051	389.235046519061	0.310474157245695	0.278434365614643	1.1150712540829	0.264819888711537	0.605201404161989
TH2_HKNPDCAD_03052	823.657592361077	0.246434987687745	0.225325261236534	1.09368557406909	0.274092903362913	0.615827371015562
TH2_HKNPDCAD_03053	55.1481765392162	0.604465313138029	0.336335649900501	1.79720857220116	0.0723025141746082	0.316771527913711
TH2_HKNPDCAD_03054	58.4830909641312	-0.556042933760488	0.306906184404238	-1.81176842310907	0.0700219861420568	0.311955901148475
TH2_HKNPDCAD_03055	153.567852597502	0.146818012648052	0.254078248389015	0.577845658095301	0.563368326466449	0.817806189099173
TH2_HKNPDCAD_03056	94.7404312201389	-0.32832664590557	0.415588533285379	-0.790028163939047	0.429511320556958	0.739917383686689
TH2_HKNPDCAD_03057	517.484349002088	0.12267905572291	0.226785752881241	0.540946925299811	0.588544165682746	0.829886435866951
TH2_HKNPDCAD_03058	41.2637197871704	-0.362301384695599	0.446509139496185	-0.811408664791048	0.417131024832268	0.730763374330213
TH2_HKNPDCAD_03059	119.292491796348	-0.742036779474355	0.561098599418357	-1.32247127375396	0.186011268865252	0.518767009903852
TH2_HKNPDCAD_03060	3.37067025555735	-0.55731203368425	1.02750003319479	-0.542396122315839	0.587545650392812	0.829727887942116
TH2_HKNPDCAD_03061	235.721182075512	0.392948149083552	0.275036721315667	1.42871158150753	0.153087147669335	0.471872951865913
TH2_HKNPDCAD_03062	284.93864132742	0.161157704151593	0.255454658454957	0.630866178469043	0.528128027816632	0.796104744804923
TH2_HKNPDCAD_03063	818.729334065369	0.492396067696285	0.25866421656532	1.90361107630031	0.0569608551991909	0.282637597963902
TH2_HKNPDCAD_03064	684.193839679888	-0.0658716257916689	0.238558429261308	-0.276123656563464	0.782453091427388	0.914060966483782
TH2_HKNPDCAD_03065	528.320737814965	0.273295985876127	0.282032572011428	0.969022776082234	0.332533825432348	0.658517103875453
TH2_HKNPDCAD_03066	6293.97574966068	0.329428355086184	0.243354277682238	1.35369864143641	0.175832541753689	0.504092622499671
TH2_HKNPDCAD_03067	5157.19239232664	0.143596473586396	0.241417752657824	0.594804947049291	0.551973860368449	0.811265728510096
TH2_HKNPDCAD_03068	15625.1856309645	0.287791247594132	0.306323938019218	0.939499699093306	0.347474246661604	0.670299884037377
TH2_HKNPDCAD_03069	28.6459929307746	-1.14275101330705	0.565296806823653	-2.02150622383321	0.043227388722938	0.248081334576703
TH2_HKNPDCAD_03070	2.42141984325701	-2.12239976134423	1.26222946230861	-1.68146903928416	0.0926718452929969	0.360695428224679
TH2_HKNPDCAD_03071	17628.6829935016	0.603461691389198	0.50428362086686	1.19667121123595	0.231434732298423	0.568279987096491
TH2_HKNPDCAD_03072	1156.64691892598	-0.36810426078819	0.220913007321436	-1.6662860428702	0.0956564553008357	0.367610211772744
TH2_HKNPDCAD_03073	383.133359922151	0.916076269425812	0.376641198071022	2.43222534899932	0.0150063676256334	0.133555638932557
TH2_HKNPDCAD_03074	296.438977403918	0.602351100644303	0.262139035008215	2.2978306173494	0.021571431446228	0.165037548646813
TH2_HKNPDCAD_03075	242.185453908338	0.732398746600168	0.53482299685255	1.36942268920812	0.170867185904637	0.498777789004741
TH2_HKNPDCAD_03076	483.334428641391	0.56102556191033	0.312098158859949	1.79759330833504	0.0722414795497456	0.316771527913711
TH2_HKNPDCAD_03077	7918.56666652612	-0.00662736946995494	0.425661105072677	-0.0155695913743949	0.987577765309878	0.995246251217045
TH2_HKNPDCAD_03078	1031.41085690992	0.633263947155467	0.276223190854162	2.29258066709472	0.0218721584710353	0.166345228965174
TH2_HKNPDCAD_03079	524.128537389412	-0.180506053193259	0.2286338451027	-0.789498392559412	0.429820768901788	0.739917383686689
TH2_HKNPDCAD_03080	166.396760555044	-0.0195449156306212	0.243603006810542	-0.0802326534738625	0.936052220149408	0.979869463678053
TH2_HKNPDCAD_03082	430.470986861626	0.541816500685708	0.230205261752441	2.35362344266644	0.018591433796706	0.150314967889456
TH2_HKNPDCAD_03083	1.49764648366756	0.73274126002601	1.49948882418756	0.488660701037914	0.625081930674572	0.847888324064
TH2_HKNPDCAD_03084	35.7491648538167	-0.286354222515768	0.362952705089643	-0.788957399959433	0.43013690534635	0.739917383686689
TH2_HKNPDCAD_03085	316.97573408431	-0.52908439223323	0.427607076828267	-1.23731439656626	0.215970385161942	0.550955277855921
TH2_HKNPDCAD_03086	825.900904775037	0.176860862753688	0.442807999336409	0.399407560429646	0.689592924068162	0.873330700486242
TH2_HKNPDCAD_03087	120.782829081751	-0.862864673874375	0.342001911006205	-2.52298202467857	0.0116364348997732	0.116047403300073
TH2_HKNPDCAD_03088	690.003478821873	0.762414851677263	0.394418638721372	1.93300918574453	0.053235066228959	0.275216330441774
TH2_HKNPDCAD_03089	165.572325853521	0.130686237297843	0.370999542598201	0.352254443179674	0.724647450331405	0.890350630488682
TH2_HKNPDCAD_03090	0.512962227388924	-1.12655319655209	2.74090931986464	-0.411014398903108	0.681061976560948	NA
TH2_HKNPDCAD_03091	63.0567048181357	-1.40202503832174	0.639267642762432	-2.19317378909286	0.0282948602347367	0.19662647819615
TH2_HKNPDCAD_03092	1.27999606154566	-0.909650396723029	1.62275943079259	-0.560557763191514	0.575099051552143	0.823926844693718
TH2_HKNPDCAD_03093	8.80492960199034	-1.35550648078031	0.676904240886313	-2.00250847742579	0.0452300722749912	0.252559205317653
TH2_HKNPDCAD_03094	4.84060195566135	-0.298010387091052	0.814300230051398	-0.365971144417142	0.714386607554766	0.88497949858239
TH2_HKNPDCAD_03095	24.7496428273454	-1.98658351531815	0.553292845604876	-3.59047388936749	0.00033007729650279	0.00929657264765551
TH2_HKNPDCAD_03096	3.48421259088915	-1.49023664270363	1.03806647868708	-1.43558883106258	0.151119374741043	0.468808334329323
TH2_HKNPDCAD_03097	4.01472234516369	0.370381478566456	0.895516336996321	0.413595445738895	0.679170409138487	0.871228107418389
TH2_HKNPDCAD_03098	10.1336611047043	-0.244154747211283	0.608083340300488	-0.401515271065694	0.688040797188132	0.873330700486242
TH2_HKNPDCAD_03099	606.530788712325	0.120302713982689	0.281984356778438	0.426629034876619	0.669649546325161	0.86660620871618
TH2_HKNPDCAD_03100	102.579050124779	-0.786993189098451	0.365645293871954	-2.15234053955594	0.0313705431158324	0.207349095653569
TH2_HKNPDCAD_03101	3261.25346800626	-0.0154891583577355	0.322798950951791	-0.0479839178908881	0.96172905950642	0.989257695973454
TH2_HKNPDCAD_03102	1201.90223245539	-0.18550010083787	0.411011638383308	-0.451325664566398	0.651754850273624	0.860611891422616
TH2_HKNPDCAD_03103	43.1668515386	0.533597194120187	0.53410517576457	0.999048910837354	0.317770998210019	0.647711713571564
TH2_HKNPDCAD_03104	574.56217739518	0.28060845722674	0.215005600492173	1.30512161815504	0.19185143858916	0.524013313332614
TH2_HKNPDCAD_03105	750.070939324143	0.105013675637913	0.21402934931067	0.490650819507386	0.623673436306952	0.846649903206948
TH2_HKNPDCAD_03106	870.376905409325	-0.030020491135646	0.22551608192268	-0.133119070177615	0.894099213549551	0.966944629322666
TH2_HKNPDCAD_03107	83.3360707023376	0.441011014575551	0.300450525474696	1.46783239562912	0.142149755387606	0.451182443416019
TH2_HKNPDCAD_03108	37.0550117320477	0.0852403894984031	0.473894838459599	0.179871951708691	0.857253095327826	0.95203941897755
TH2_HKNPDCAD_03109	114.16459416376	0.515228969672195	0.296113204345419	1.73997296341833	0.081863765480551	0.340611738517292
TH2_HKNPDCAD_03110	1687.20685041	-0.0454330167712074	0.205462526190863	-0.221125562960336	0.824994666517702	0.93495230137529
TH2_HKNPDCAD_03111	807.598669454473	0.337392548804735	0.26062515195897	1.29455099121765	0.195475168144364	0.527371427320006
TH2_HKNPDCAD_03112	2779.58976387953	-0.134989650025627	0.269671524490826	-0.500570648979365	0.616673323352872	0.843626222446442
TH2_HKNPDCAD_03113	88.6083540510122	-0.0993839978676325	0.269366975718506	-0.368953906107223	0.712162082162614	0.883943516395372
TH2_HKNPDCAD_03114	107.558744717344	0.306085542290769	0.282287107537243	1.08430577988896	0.27822924343792	0.617883812282054
TH2_HKNPDCAD_03115	682.653541033482	0.591061516780873	0.326727351266988	1.80903592701635	0.0704454220350268	0.312373039231442
TH2_HKNPDCAD_03116	270.89009677465	0.846339814290001	0.366606450203676	2.30857862380708	0.0209669752674709	0.163338472980328
TH2_HKNPDCAD_03117	3136.64481074823	-0.412093060781875	0.379691382175216	-1.08533688181447	0.277772476473932	0.617881719894735
TH2_HKNPDCAD_03118	389.915271636568	0.118195944010582	0.302895214262077	0.390220572809429	0.696373450196509	0.875286845468737
TH2_HKNPDCAD_03119	1210.7810590227	-0.248269693369155	0.239288597557175	-1.0375324854743	0.299487764167252	0.632815529178896
TH2_HKNPDCAD_03120	8.77027821331868	0.535910694177452	0.659689098390225	0.812368577084543	0.416580171280693	0.730660586584474
TH2_HKNPDCAD_03121	18.0025726905149	0.318137570078951	0.472737324290955	0.672969012032456	0.50096700540527	0.7791262672719
TH2_HKNPDCAD_03122	1542.15069617265	0.0230522686620951	0.334559546962216	0.0689033353596051	0.945066563598527	0.984550822065089
TH2_HKNPDCAD_03123	604.098246219018	0.0821574782994275	0.243374689133244	0.337576099601909	0.73568265566951	0.895136427036707
TH2_HKNPDCAD_03124	1220.71584864553	0.434318509520401	0.297541430082197	1.4596908719583	0.144375051716746	0.455873310854677
TH2_HKNPDCAD_03125	5437.49841840616	0.541425473676883	0.322293054958558	1.67991666387754	0.0929735311167299	0.361047212503301
TH2_HKNPDCAD_03126	1420.47116230158	0.389698247720934	0.286466374487436	1.36036296901585	0.173715090849106	0.50212816177714
TH2_HKNPDCAD_03127	257.893622051066	0.254561145996433	0.298234816763696	0.853559449425827	0.393349134793812	0.711973045534279
TH2_HKNPDCAD_03128	2781.49080243271	0.443597049965958	0.340187882565644	1.30397663379547	0.192241549361633	0.524013313332614
TH2_HKNPDCAD_03129	406.34518643596	-0.0136049509013008	0.269862224226858	-0.0504144325508259	0.95979213549905	0.988579213552579
TH2_HKNPDCAD_03130	479.482416386465	0.443428204435269	0.233792510135073	1.89667412432965	0.0578709608481792	0.284963059853762
TH2_HKNPDCAD_03131	432.76179313587	0.296994936558093	0.218063487830304	1.36196545103972	0.173208788658103	0.501904042205448
TH2_HKNPDCAD_03132	986.789219066629	0.22630519205258	0.223687554124136	1.01170220640435	0.311680460250723	0.642902498447424
TH2_HKNPDCAD_03133	3240.3710303009	0.543363789251952	0.315018968664044	1.72486054270411	0.0845526078568146	0.347010943053668
TH2_HKNPDCAD_03134	2208.27635649112	-0.484933100849729	0.210389926699505	-2.3049254708014	0.0211707478248686	0.164426141439813
TH2_HKNPDCAD_03135	1517.03015309072	-0.00937192531185697	0.261294066473588	-0.0358673483800839	0.9713881313247	0.991109785264812
TH2_HKNPDCAD_03136	429.11626072023	0.245227140393739	0.304781107527345	0.80460085726192	0.421050047290047	0.73304305614099
TH2_HKNPDCAD_03137	907.327990523175	0.274047760310343	0.274005364080193	1.00015472773788	0.317235634490181	0.647711713571564
TH2_HKNPDCAD_03138	359.324048382954	0.426419461585846	0.326720342842897	1.30515124303383	0.191841352747705	0.524013313332614
TH2_HKNPDCAD_03139	142.060475874855	1.00245591541255	0.270273018079559	3.70904917751526	0.000208039022376624	0.0064630789618338
TH2_HKNPDCAD_03140	704.225839608338	0.455820642247275	0.286809656132423	1.58927927460301	0.111997355712883	0.39819477949691
TH2_HKNPDCAD_03141	621.726085306973	0.630901422726763	0.335068100266713	1.88290506384991	0.0597132348606634	0.289310058502609
TH2_HKNPDCAD_03142	1274.17437339238	-0.02812771294046	0.280043910557166	-0.100440366242915	0.919994724151032	0.974280352729459
TH2_HKNPDCAD_03143	87.1373542995389	0.664063211302462	0.375036538435142	1.7706627041549	0.0766168079749282	0.327008957268511
TH2_HKNPDCAD_03144	132.211735351184	0.0278644494880042	0.345242781365763	0.0807097236842256	0.935672803665664	0.979869463678053
TH2_HKNPDCAD_03145	214.151788021278	-0.376110460111185	0.34124510752854	-1.10217099619437	0.270387338706221	0.611852861013961
TH2_HKNPDCAD_03146	254.592420152226	-0.0235048325404692	0.285209293733711	-0.0824125758062246	0.934318636021474	0.979811237366219
TH2_HKNPDCAD_03147	125.174899908499	-0.446839031118191	0.287273667138288	-1.55544723458099	0.119839592044283	0.411406560088235
TH2_HKNPDCAD_03148	151.761899833718	0.383335051002973	0.2369665504297	1.6176757871854	0.105732486721098	0.388798225919906
TH2_HKNPDCAD_03149	21.393802195377	-1.28653462186541	0.506334777573153	-2.54087745667349	0.0110574667306537	0.111796004854696
TH2_HKNPDCAD_03150	457.556872690727	-0.252093275963664	0.294248891517445	-0.856734836497142	0.391591446012645	0.709794113246399
TH2_HKNPDCAD_03151	33.3910902064745	-0.386042722913931	0.373880930211014	-1.03252851836025	0.301824595014011	0.633500567822598
TH2_HKNPDCAD_03152	938.605781354664	0.305440278938317	0.215868681717065	1.41493558263654	0.157087383998931	0.479018399987223
TH2_HKNPDCAD_03153	25.8357138420936	0.21093954331325	0.395460886714015	0.533401786118471	0.593755481366956	0.83239506398856
TH2_HKNPDCAD_03154	179.28798451673	0.775273454020575	0.308570028275509	2.51247166924575	0.0119888730918176	0.117729815074055
TH2_HKNPDCAD_03155	172.024086368785	0.0322240602816474	0.319419436807783	0.100883216762538	0.91964316621361	0.974280352729459
TH2_HKNPDCAD_03156	3794.26284831121	-0.184504881907622	0.453298378358329	-0.407027447518844	0.683987829124074	0.873038250022411
TH2_HKNPDCAD_03157	576.570057531139	0.254816571719018	0.392175123633259	0.64975200200946	0.515852427514626	0.790274818720853
TH2_HKNPDCAD_03158	853.148132844353	0.540747507233809	0.389755346362861	1.38740241097392	0.165319090241628	0.491261250190484
TH2_HKNPDCAD_03159	3.04977158579491	0.233730083375718	1.02601159721968	0.227804523856345	0.819798209630941	0.93156409278834
TH2_HKNPDCAD_03160	499.604616316736	-0.081248672396433	0.236117090357194	-0.344103310241209	0.730768593540446	0.891814936187898
TH2_HKNPDCAD_03167	44.084572768392	0.360646460580532	0.375295381094439	0.960966957623649	0.336568781989101	0.661486082990233
TH2_HKNPDCAD_03168	251.052828967764	0.21643768494298	0.362445170474683	0.597159798431079	0.550400696771181	0.809701006126813
TH2_HKNPDCAD_03169	3267.21581180192	-0.260449306990558	0.237530172016503	-1.09648936292802	0.272864675833425	0.614652921025465
TH2_HKNPDCAD_03170	307.806478348131	-0.0463006675173346	0.435598416538621	-0.106292093266206	0.915350604712361	0.974280352729459
TH2_HKNPDCAD_03171	527.14861401481	-0.185365914085338	0.341361923728925	-0.543018717672029	0.587116915070875	0.829727887942116
TH2_HKNPDCAD_03172	189.684517302369	-0.278988006305542	0.28830962268721	-0.967668035860942	0.333210186614367	0.658710149088024
TH2_HKNPDCAD_03173	553.411863559143	0.0739177726153643	0.236963154260607	0.311937832048232	0.755087770182824	0.900372592203685
TH2_HKNPDCAD_03174	148.848925643345	-0.180966082642083	0.300884767656098	-0.60144647418284	0.547542652465773	0.808382383795954
TH2_HKNPDCAD_03175	497.683491466447	0.492388147075741	0.26849591016263	1.83387578148769	0.0666724353410354	0.306406413407518
TH2_HKNPDCAD_03177	12.3053508227862	-0.630708220483822	0.603103078255841	-1.04577184767124	0.295666381899084	0.629919315716834
TH2_HKNPDCAD_03178	1.63202893543677	1.00912723621714	1.55489651992843	0.648999610767403	0.516338627787007	0.790311079736099
TH2_HKNPDCAD_03179	10.0569865495027	-0.134966599474771	0.575376397161172	-0.234570969787217	0.814541743670666	0.929732600332078
TH2_HKNPDCAD_03180	8.04761354369715	-0.653428769227385	0.778129075108469	-0.839743418065054	0.401052264338543	0.718306745981611
TH2_HKNPDCAD_03181	28.460480295426	-0.442708477580425	0.411807539972099	-1.07503732838505	0.282358016278627	0.619222836315412
TH2_HKNPDCAD_03182	4.65788451829224	0.394472172136499	0.838667607744854	0.470355798284877	0.638100838507578	0.852915190669906
TH2_HKNPDCAD_03183	3.00595641896713	-0.0399250382381305	1.0429345478574	-0.0382814418413429	0.969463287204874	0.990384973702169
TH2_HKNPDCAD_03184	12.0562621122349	-0.588620439941685	0.597046424354782	-0.985887220709507	0.324188458558142	0.650916583849994
TH2_HKNPDCAD_03185	9.10571325342533	-0.518491203855279	0.685786669014602	-0.756053197418218	0.449617301306263	0.751399768825315
TH2_HKNPDCAD_03186	0.162883612068818	0.726546439555219	4.0804728567969	0.178054471884306	0.858680196776375	NA
TH2_HKNPDCAD_03187	22.1209639530224	-0.158465613285832	0.433460240562787	-0.365582811194141	0.714676403209681	0.88497949858239
TH2_HKNPDCAD_03188	1.8978430208639	-1.62464118367348	1.32879313753497	-1.22264417070014	0.221464122158784	0.556482887346042
TH2_HKNPDCAD_03189	19.6577761670004	0.214235227444477	0.482071037167231	0.444405929680772	0.656749127108832	0.862349291109766
TH2_HKNPDCAD_03190	0.156681185410804	-1.19700691208727	4.0804728567969	-0.293350048902641	0.76925460189368	NA
TH2_HKNPDCAD_03191	9.09073908709692	-0.767734284318238	0.643829958884974	-1.19244883485672	0.233085301555659	0.569316900905462
TH2_HKNPDCAD_03192	104.197951611043	-0.412622557452532	0.342427884375581	-1.20499111281475	0.228206732759425	0.564742719647316
TH2_HKNPDCAD_03193	0.78033518314403	1.67526136127153	1.95101640785262	0.858660826494742	0.390527668843566	0.709153347759136
TH2_HKNPDCAD_03194	14.1542547055195	-1.26665312682247	0.526994075129872	-2.40354339184993	0.0162370399036726	0.139100253521156
TH2_HKNPDCAD_03195	76.2761919953869	-0.19351808650784	0.456894741177839	-0.423550697933106	0.671893517460093	0.866883002894648
TH2_HKNPDCAD_03196	14.1041791505213	0.294439266923389	0.52992545465093	0.555623936044627	0.578467964871539	0.82436107532152
TH2_HKNPDCAD_03197	405.343558116506	-0.627155185809006	0.498311914684358	-1.25855948318286	0.208189489336567	0.543647133132574
TH2_HKNPDCAD_03198	74.7526147364174	-0.27002390967011	0.421160173618643	-0.641143029622298	0.521429759694844	0.792189966863002
TH2_HKNPDCAD_03199	612.989893638496	-0.425892011983897	0.271445241195339	-1.56897947485995	0.116652721665773	0.405574835441086
TH2_HKNPDCAD_03200	968.292061228715	-0.992558681843023	0.311201435457578	-3.18944120673353	0.00142548131820595	0.0283217722369136
TH2_HKNPDCAD_03201	4821.16029348994	0.644598379985908	0.473680473953382	1.36082953685219	0.173567565355542	0.50212816177714
TH2_HKNPDCAD_03202	895.912051826479	0.677902452518229	0.343326065023474	1.97451496282952	0.0483232177641393	0.263022612200219
TH2_HKNPDCAD_03203	282.467577741174	-0.143234363654972	0.33213427664172	-0.431254386338094	0.666283412731406	0.86660620871618
TH2_HKNPDCAD_03204	451.458788640465	-0.532311697631905	0.314138320353772	-1.69451373214332	0.0901677045132445	0.35444758691326
TH2_HKNPDCAD_03205	51.0832595556617	-1.13969150239923	0.454952591301414	-2.50507750519475	0.012242456315785	0.118629170273562
TH2_HKNPDCAD_03206	61.3590092173113	-0.43689371910559	0.299710370210911	-1.45771972720911	0.144917812131994	0.456856522133212
TH2_HKNPDCAD_03207	43.4805350457516	-0.992585054935722	0.372123869245813	-2.66735121546329	0.00764517315133566	0.090926119660665
TH2_HKNPDCAD_03208	20.9533806092666	-1.04231240738669	0.479874619019254	-2.17205154445743	0.0298517752649715	0.202140290631762
TH2_HKNPDCAD_03209	6.41770275486861	-0.803685742775903	0.787256912872982	-1.02086844794156	0.307316769654397	0.638810122160761
TH2_HKNPDCAD_03210	38.6688598304258	-0.0372732391524623	0.563530295028415	-0.0661423875189938	0.947264464356848	0.985424982305811
TH2_HKNPDCAD_03211	1.06386005287393	-0.230390808043576	1.99060737066092	-0.115738950553108	0.907859435596112	0.970326827953643
TH2_HKNPDCAD_03212	368.282425229149	0.29972182613025	0.240874152285456	1.24430879480607	0.213385935427713	0.548492125550683
TH2_HKNPDCAD_03213	27.8834854683994	-0.332811393432465	0.393035032592989	-0.846772846778548	0.39712174583468	0.71515537312447
TH2_HKNPDCAD_03214	17.6228218217089	-0.332862201652153	0.441801688961095	-0.753419939237637	0.451197604637811	0.751894449871477
TH2_HKNPDCAD_03215	26.183498989263	0.14796782925436	0.426233950778695	0.347151673356931	0.72847737477481	0.891814936187898
TH2_HKNPDCAD_03216	2.20996962748658	-0.0368207022845264	1.66253616427237	-0.0221473090786217	0.982330448530195	0.993869420465992
TH2_HKNPDCAD_03217	3.16582521758654	-1.32724262644717	1.00542840175573	-1.32007671966445	0.186809404576271	0.519652767555681
TH2_HKNPDCAD_03218	1436.80532316766	0.535991691292403	0.257787929812326	2.07919622801042	0.0375993182206472	0.227899274030068
TH2_HKNPDCAD_03219	931.999917625274	0.050270871199311	0.203739836850927	0.24674050974181	0.80510905338406	0.924352728481381
TH2_HKNPDCAD_03220	95.8104029156723	0.0663517085128681	0.350546081362053	0.189280987695134	0.849872595597925	0.950152001098138
TH2_HKNPDCAD_03221	851.887450779109	0.125015466808632	0.228332399628504	0.547515232231745	0.584024808574221	0.827449189815218
TH2_HKNPDCAD_03222	2538.97108307159	0.934093595224981	0.452163662372721	2.06583074438875	0.0388444640236959	0.231804697119282
TH2_HKNPDCAD_03223	25.202254207002	0.696538646393569	0.658321108290894	1.05805303463821	0.290031264385995	0.62469697707948
TH2_HKNPDCAD_03224	389.115362347183	0.00297333805737718	0.298231299606001	0.0099699061141648	0.992045297620686	0.997689659722118
TH2_HKNPDCAD_03225	460.566251080564	0.144148830457941	0.266055990217713	0.541798853466839	0.587957081315542	0.829727887942116
TH2_HKNPDCAD_03227	44.0797436347302	-0.810693174998098	0.402634060023892	-2.01347390965879	0.0440647970292965	0.249355242904759
TH2_HKNPDCAD_03228	205.134263373418	-0.452061479089044	0.3532561850091	-1.27969869537429	0.200651123632441	0.534544043603382
TH2_HKNPDCAD_03229	305.952636920098	-0.831858101592562	0.355725241419533	-2.33848488871075	0.0193621086713512	0.154115169331283
TH2_HKNPDCAD_03230	0.79067565895382	-1.87822276678195	2.47861049051931	-0.757772459192825	0.448587212438593	0.751399768825315
TH2_HKNPDCAD_03231	3.86793156420573	-0.79042864168348	1.11245378420913	-0.710527172367361	0.47737728693876	0.765632924666221
TH2_HKNPDCAD_03232	1.59983937796969	-3.17658782039251	1.84684700454916	-1.72000594124361	0.0854313616248094	0.347832533509748
TH2_HKNPDCAD_03233	0.365945201039138	-2.1030060335915	2.9560840764405	-0.711416177351687	0.476826377128504	NA
TH2_HKNPDCAD_03235	4.31730879480468	-0.431648487214273	0.905191634804643	-0.476858678999426	0.633462757809881	0.851931934635839
TH2_HKNPDCAD_03236	0.179536633471849	-1.19700691208727	4.0804728567969	-0.293350048902641	0.76925460189368	NA
TH2_HKNPDCAD_03237	0.336217818882653	-2.01482419778104	3.02365619067879	-0.666353603294007	0.505185110904478	NA
TH2_HKNPDCAD_03238	3.10357822830799	-0.972084479857701	1.02667927091775	-0.946823908296852	0.343728516764664	0.667912197473719
TH2_HKNPDCAD_03239	1.64896047578422	-1.40021617086212	1.44051856770327	-0.972022299646295	0.331039454867385	0.658155102499738
TH2_HKNPDCAD_03240	1.99244121725532	-0.69071966681648	1.20352345229512	-0.573914588452163	0.566025600562654	0.820141900700826
TH2_HKNPDCAD_03241	28.8564341100866	0.213377669503261	0.456280424653919	0.467645899262728	0.640037835600484	0.853275979019836
TH2_HKNPDCAD_03243	13.5628800152025	-0.788554615292637	0.58475795872939	-1.34851454951733	0.177492943760369	0.506556892221397
TH2_HKNPDCAD_03244	17.269147261989	-0.744281289685319	0.522416585542832	-1.4246892428041	0.154247050010441	0.474307365539005
TH2_HKNPDCAD_03245	63.8964848128555	-0.541309471028193	0.314842387383927	-1.71930303135488	0.0855592082895453	0.34787647847234
TH2_HKNPDCAD_03246	27.6140852291173	-0.274144302035879	0.405885695603153	-0.675422428052056	0.499407420151045	0.778577383118692
TH2_HKNPDCAD_03247	40.1294013282147	0.243521413154178	0.429169757971365	0.567424448323841	0.570425843428292	0.823126171899573
TH2_HKNPDCAD_03248	62.0193104306219	0.0437390030544274	0.431057522885411	0.10146906325088	0.919178114729712	0.974280352729459
TH2_HKNPDCAD_03249	34.3924337847715	0.447147847996219	0.476039603467201	0.939308084326282	0.34757258910873	0.670299884037377
TH2_HKNPDCAD_03250	37.4405258070533	0.154182132244552	0.387958475421208	0.397419162133668	0.69105838722981	0.873604502253251
TH2_HKNPDCAD_03251	29.2384661978546	-0.145155994994439	0.384253082890507	-0.377761432393769	0.705607826835784	0.879607422266592
TH2_HKNPDCAD_03252	251.053318898876	-0.104833047482912	0.231949946597915	-0.451964094066553	0.651294849422425	0.860611891422616
TH2_HKNPDCAD_03253	31.6882846977687	-0.510044798075742	0.438866556611642	-1.16218652433588	0.245159707240105	0.581531077886525
TH2_HKNPDCAD_03254	42.2558145901051	-0.272455360104724	0.513532241618731	-0.530551614920816	0.595729532534757	0.832414382655662
TH2_HKNPDCAD_03255	71.0243573858777	-0.611957765113463	0.313749022397924	-1.95046907377236	0.0511202359799937	0.269863163560024
TH2_HKNPDCAD_03256	62.3847703516959	-0.9005852925628	0.456233667049644	-1.97395623691402	0.0483867193337508	0.263022612200219
TH2_HKNPDCAD_03257	2.78479026522237	-0.00736557523346034	1.04406169065679	-0.00705473182224209	0.994371185088775	0.998208406703946
TH2_HKNPDCAD_03258	26.0676294775355	-0.591714266177111	0.629348834631213	-0.940200781532938	0.347114580996865	0.670299884037377
TH2_HKNPDCAD_03259	3.8155178768394	-0.348487931295001	0.896847604619341	-0.388569841186022	0.697594380162019	0.875286845468737
TH2_HKNPDCAD_03260	3.16621861564089	0.477820124849024	1.07571887462976	0.444186800211608	0.656907534755769	0.862349291109766
TH2_HKNPDCAD_03261	10.1909902292037	-0.899372018844882	0.591851558516951	-1.51959052215476	0.128613921438121	0.426536473782288
TH2_HKNPDCAD_03262	12.2199597155327	-1.90979116940627	0.746566097748138	-2.55810058234196	0.0105245646103035	0.108767980226645
TH2_HKNPDCAD_03263	179.667016493029	-0.459106139653154	0.347716377624415	-1.32034660774321	0.186719321115631	0.519652767555681
TH2_HKNPDCAD_03264	0.931431918623679	3.22003327016879	1.93512056912494	1.66399619824458	0.0961131891362236	0.368493797690562
TH2_HKNPDCAD_03265	44.2709369050727	-0.594967107421873	0.365629339473686	-1.62724115159443	0.103685890919304	0.385427470321337
TH2_HKNPDCAD_03266	21.4725398111456	0.1062749838018	0.508889775885592	0.208836940409847	0.834575532811288	0.940433981356488
TH2_HKNPDCAD_03267	158.221660412379	2.86700179835332	0.699994637251726	4.09574823260012	4.20807056102249e-05	0.00162184734554897
TH2_HKNPDCAD_03268	203.425113829259	1.78243168418858	0.578322248984559	3.08207351060459	0.00205564066048409	0.0359631878008241
TH2_HKNPDCAD_03269	68.8482151456221	1.23325352276212	0.547587773158949	2.25215679241278	0.0243123653999407	0.179316813007333
TH2_HKNPDCAD_03270	27.0136984298292	0.602390955430268	0.68522226307029	0.879117605915375	0.37933751266424	0.701973242450413
TH2_HKNPDCAD_03271	2868.29981805083	0.446884537681891	0.4604562946673	0.970525417629018	0.331784661661884	0.658365340451275
TH2_HKNPDCAD_03272	4314.5924909204	0.618899146433242	0.444555913093844	1.39217391604596	0.163869739422604	0.489508324172651
TH2_HKNPDCAD_03273	1141.44007605641	-0.689747398127943	0.300124997239221	-2.29820043139613	0.0215503841669878	0.165037548646813
TH2_HKNPDCAD_03274	6064.9629795618	1.07825397381801	0.563708456334276	1.91278658622536	0.0557753790675726	0.280511758423239
TH2_HKNPDCAD_03275	122.573770151265	-0.177438010262927	0.299391086144073	-0.592662969857225	0.553406728097229	0.811896337443009
TH2_HKNPDCAD_03276	102.467747270945	0.434036765263295	0.27175546587703	1.597159283853	0.110230206084061	0.395887701524304
TH2_HKNPDCAD_03277	0.842809160656422	1.69317097281302	2.08514248233113	0.81201691834512	0.416781923706507	0.730660586584474
TH2_HKNPDCAD_03278	6.39356737479665	-0.391001590963283	0.683319185381072	-0.57220929739479	0.567180189491738	0.821057794785272
TH2_HKNPDCAD_03279	41.8095285943263	0.288633166578447	0.370262363600774	0.779536876963434	0.435663523282052	0.744569832780504
TH2_HKNPDCAD_03280	6.26812512165497	-0.922011711940177	0.811894065818521	-1.13563055915508	0.256111213778235	0.593233656496717
TH2_HKNPDCAD_03281	27.6301297980507	-0.793748542987579	0.409528608891746	-1.93820047184395	0.0525987692173953	0.273727198993267
TH2_HKNPDCAD_03282	1.20523410001585	-2.69441243326997	1.75370674542235	-1.53640991591275	0.124437876311875	0.420203263487924
TH2_HKNPDCAD_03283	18.6770623027064	0.401733928704566	0.45303238746694	0.886766464867554	0.375204646010338	0.698296054457774
TH2_HKNPDCAD_03284	1.94757528609394	1.36633665537694	1.31775874332177	1.0368640407824	0.299799224562706	0.632815529178896
TH2_HKNPDCAD_03285	9.34867722263823	0.0915635420422893	0.612999712118107	0.149369633023005	0.881261972226635	0.961429646421127
TH2_HKNPDCAD_03286	158.539680106453	-0.4043181568806	0.38128129904757	-1.06041958493788	0.288953756113073	0.624442223370832
TH2_HKNPDCAD_03287	261.864449778447	-0.283032949006419	0.226758439594557	-1.24816941549113	0.211969021796436	0.548210497340329
TH2_HKNPDCAD_03288	5.01700491619649	0.263979530924861	0.803735745482063	0.328440700079268	0.742578473957923	0.899576008560523
TH2_HKNPDCAD_03290	219.278765147742	-0.388938494160928	0.29593724626561	-1.3142600300195	0.188758713145806	0.521802366143954
TH2_HKNPDCAD_03291	0.179536633471849	-1.19700691208727	4.0804728567969	-0.293350048902641	0.76925460189368	NA
TH2_HKNPDCAD_03292	2.46332973844844	0.381145049580027	1.12548111138051	0.338650774078756	0.734872828107077	0.89478559764934
TH2_HKNPDCAD_03293	89.1917244597108	-0.120943014277393	0.300311127915038	-0.402725716882558	0.68715001301806	0.873330700486242
TH2_HKNPDCAD_03294	269.742402105808	0.728307115071303	0.457381439775681	1.59234077235075	0.111308156394965	0.397329811755286
TH2_HKNPDCAD_03295	16.5467700919675	0.664338530481408	0.478956587866309	1.38705374831768	0.165425374015952	0.491292275321999
TH2_HKNPDCAD_03296	37.6217307092226	0.0917569740915174	0.446376074261505	0.205559794492396	0.837134786105056	0.9419152956965
TH2_HKNPDCAD_03297	12.7331086890846	0.679783270845518	0.545911350726685	1.24522648217633	0.213048510784145	0.548492125550683
TH2_HKNPDCAD_03298	15.8226527676087	1.15225350406839	0.543961811123242	2.11826176122377	0.0341529051737	0.216668059307409
TH2_HKNPDCAD_03299	81.7183838997274	0.225289848586338	0.375791487186194	0.599507589363548	0.548834450647069	0.80872124577572
TH2_HKNPDCAD_03300	16.4685344280465	0.292649032744888	0.54348782888927	0.538464740494698	0.590256241246645	0.830083262724363
TH2_HKNPDCAD_03301	164.357482914921	0.293233542003572	0.335044737508543	0.87520712661871	0.381461216253982	0.703934518767163
TH2_HKNPDCAD_03302	105.21660521786	-0.0851439574552538	0.276234885593959	-0.308230284788895	0.757907109604681	0.901608689680575
TH2_HKNPDCAD_03303	8.54526920448932	-0.628508133645754	0.631455752896246	-0.995332025661383	0.319574806647571	0.647711713571564
TH2_HKNPDCAD_03304	5.75041443862566	1.19011006534112	0.914928000499399	1.30076909296853	0.193337504169707	0.525673340833142
TH2_HKNPDCAD_03305	26.2627847279496	0.140454254434471	0.436148567680956	0.322033052134688	0.747427655192339	0.900372592203685
TH2_HKNPDCAD_03306	2.92918860920779	-0.45853002500407	1.05035413925242	-0.436548024964634	0.662439163167524	0.865357581650543
TH2_HKNPDCAD_03307	20.2851935728544	0.330169741485878	0.490974788194419	0.672477995662652	0.501279443906111	0.7791262672719
TH2_HKNPDCAD_03308	54.0798465701563	0.306695537372047	0.31890522497943	0.961713742356619	0.33619341732933	0.661486082990233
TH2_HKNPDCAD_03309	279.61773847311	0.499021184094551	0.275175693867285	1.81346388949318	0.0697603032615536	0.311803936198818
TH2_HKNPDCAD_03310	352.207549818012	0.0144459824451616	0.372381394791942	0.0387935129069296	0.969055016893361	0.990384973702169
TH2_HKNPDCAD_03311	18.8219691351036	0.544702963707133	0.449899011829996	1.2107227386242	0.226001684652453	0.562950657072024
TH2_HKNPDCAD_03312	8.34545010109631	0.853147479447762	0.705568768525012	1.20916275989832	0.226600321667207	0.563587214394034
TH2_HKNPDCAD_03313	10.2692173826905	0.785687032734004	0.604203743043878	1.30036770175544	0.193474974225777	0.525673340833142
TH2_HKNPDCAD_03314	7.37037092101476	0.503154903314089	0.656259538616125	0.766701089594991	0.443259255675486	0.747914985421928
TH2_HKNPDCAD_03315	6.86713366121806	0.321634001523576	0.684837162790858	0.469650332953382	0.638604857938178	0.852915190669906
TH2_HKNPDCAD_03316	0.77441368499176	1.6278122549263	2.15565129302938	0.755137094849282	0.450166727776711	0.751399768825315
TH2_HKNPDCAD_03317	95.8842825755129	0.0519800396807638	0.386667533237675	0.134430835828187	0.893061899463921	0.966603736624168
TH2_HKNPDCAD_03318	261.366739739234	0.312615302664029	0.357443337206654	0.87458701876234	0.381798653523348	0.703934518767163
TH2_HKNPDCAD_03319	242.159993908072	0.154254623551072	0.295990285664714	0.521147588356347	0.602263961976308	0.835508814368214
TH2_HKNPDCAD_03320	131.959916290703	0.086436574980369	0.28652444445565	0.301672602994081	0.762901655450376	0.903774875396031
TH2_HKNPDCAD_03321	348.079508266945	0.301898374415681	0.22583086169766	1.33683400110238	0.181276827913338	0.512098520646558
TH2_HKNPDCAD_03322	55.2634296574438	0.746143422651069	0.339957983233174	2.1948107102968	0.0281771788881449	0.196511862558682
TH2_HKNPDCAD_03323	58.7589745848815	-0.0863537282947977	0.31271322551008	-0.276143511851609	0.782437841814076	0.914060966483782
TH2_HKNPDCAD_03324	60.4841639717341	-0.774927441980142	0.342682272377097	-2.26135841987003	0.0237370713591827	0.176598298675139
TH2_HKNPDCAD_03325	10.7737437933708	0.952574654628832	0.594721905739753	1.60171442389356	0.109218774088247	0.393709870588154
TH2_HKNPDCAD_03326	1.09437387071441	-1.28011706032463	1.79566828368052	-0.712891725024414	0.475912760096969	0.76511007457286
TH2_HKNPDCAD_03327	1.11314280033425	-1.44858141041042	1.80152001882369	-0.804088433808404	0.421345903875988	0.73304305614099
TH2_HKNPDCAD_03328	5.48270196614015	-0.109408125151613	0.867516838630803	-0.126116428269324	0.899639763425064	0.968304633518057
TH2_HKNPDCAD_03329	4.0769102515783	-0.0298450055531844	0.959832961033147	-0.0310939577664219	0.975194608345181	0.992509720547671
TH2_HKNPDCAD_03330	7.71513920559811	0.788492129100674	0.653352796390022	1.20683975557668	0.227493862313279	0.563711067246541
TH2_HKNPDCAD_03331	30.3727474063403	-0.583755341789203	0.469114473846867	-1.24437717089019	0.213360780922	0.548492125550683
TH2_HKNPDCAD_03332	1145.1372700419	0.0460942145971735	0.226726064396417	0.203303553651337	0.838897778118225	0.943437913697678
TH2_HKNPDCAD_03333	111.892374159631	-0.33634793742524	0.483844528446954	-0.69515705490119	0.486956882252059	0.769701195937112
TH2_HKNPDCAD_03334	9.29966846406547	-0.628711846370371	0.592060031665942	-1.06190557163823	0.288278555449917	0.624372676514707
TH2_HKNPDCAD_03335	229.914430655412	0.61675582896683	0.397478766049684	1.55166987936593	0.120741233334183	0.41316392661617
TH2_HKNPDCAD_03336	0.989208210279349	-1.15045148379214	1.80821052419363	-0.636237577648863	0.524621584000416	0.794737458759859
TH2_HKNPDCAD_03337	319.240999566801	-0.46576615374355	0.328721881846142	-1.41690036309037	0.15651206035252	0.477832532082798
TH2_HKNPDCAD_03338	324.585140419723	-0.245169363608299	0.405618842272769	-0.604432876526552	0.545555883431909	0.807687198883885
TH2_HKNPDCAD_03339	60.657415730118	-0.421281955615133	0.419877497490879	-1.00334492353757	0.315694468006886	0.647041120753018
TH2_HKNPDCAD_03340	386.778389315817	1.17993190181213	0.435016445810322	2.71238458494189	0.00668010395643421	0.0840065865088414
TH2_HKNPDCAD_03341	249.362285342687	0.0506775152443323	0.311205440904307	0.162842638923897	0.870642335314263	0.957892583772264
TH2_HKNPDCAD_03342	64.6188957827135	-1.01375473325244	0.34281988994943	-2.95710594097088	0.00310541400970024	0.0482374309506771
TH2_HKNPDCAD_03343	139.888367633095	0.622802986386632	0.451928573096726	1.37810048636454	0.168172265434562	0.495716522494287
TH2_HKNPDCAD_03344	135.909649583538	-1.175056096316	0.308904672453451	-3.80394406786798	0.000142410348318414	0.00470964803535606
TH2_HKNPDCAD_03345	29.8026506284449	0.0425420259019344	0.411040206259239	0.10349845405416	0.917567376392732	0.974280352729459
TH2_HKNPDCAD_03346	361.283329013869	0.381672435754493	0.370027327201564	1.03147094200041	0.30232002797307	0.633561922890416
TH2_HKNPDCAD_03347	688.210342397673	0.638926591529155	0.308051164978182	2.07409243712618	0.0380707268300405	0.229319090165438
TH2_HKNPDCAD_03348	711.902438003851	0.0889088832275977	0.351586085154016	0.252879414123145	0.800361397713062	0.921937710842792
TH2_HKNPDCAD_03349	247.801755362021	-0.211067534432738	0.309255796822408	-0.682501465134846	0.494921916649635	0.776054074011011
TH2_HKNPDCAD_03350	214.986549403805	-0.0118864196147747	0.302654593099313	-0.0392738781627353	0.968672032749998	0.990384973702169
TH2_HKNPDCAD_03351	731.9507825126	0.0138988194361972	0.339061296880501	0.0409920553129238	0.967302229482064	0.990384973702169
TH2_HKNPDCAD_03352	93.1336694084559	-0.788919187960694	0.38249675555481	-2.06255131972654	0.0391552769096716	0.23257236319696
TH2_HKNPDCAD_03353	69.7439048950148	-0.116860950369191	0.314272275792269	-0.371846196342291	0.710007366213279	0.882396263214817
TH2_HKNPDCAD_03354	262.390291013366	-0.304454928856119	0.261642228718309	-1.16363069657193	0.244573705915951	0.581216882950933
TH2_HKNPDCAD_03355	352.609434105995	0.0228125543566379	0.217954355136573	0.104666659871712	0.916640318177406	0.974280352729459
TH2_HKNPDCAD_03356	122.784847813664	-0.0182612719636234	0.347371953483596	-0.0525697937916157	0.958074684740833	0.988147049090847
TH2_HKNPDCAD_03357	40.515447137034	-0.430650209797948	0.363325270924551	-1.18530210877453	0.235898020031124	0.571543334024765
TH2_HKNPDCAD_03358	587.055393010619	0.121201796578279	0.401208530444386	0.302091773681964	0.762582103321077	0.903774875396031
TH2_HKNPDCAD_03359	213.728889273507	0.960166136226574	0.449976877257219	2.13381216848108	0.0328581594109509	0.212426598236503
TH2_HKNPDCAD_03360	120.433175714266	0.691070292891925	0.352331000179021	1.96142346980762	0.0498296443943908	0.267182800382476
TH2_HKNPDCAD_03361	2346.32863027448	0.619620203533504	0.247097913278321	2.50758978622207	0.0121557694605879	0.118427637944191
TH2_HKNPDCAD_03362	208.844114521045	0.339819783533128	0.279727238334973	1.21482550485911	0.224432651065629	0.561081561160175
TH2_HKNPDCAD_03363	120.608654621025	-0.103318159680852	0.311548956782482	-0.331627365239382	0.740170653402263	0.898015330021302
TH2_HKNPDCAD_03364	35.2397604809174	-0.371997514079468	0.40533605235384	-0.917750868493512	0.3587493095818	0.681421145779451
TH2_HKNPDCAD_03365	284.732411091349	-0.0632017063553987	0.440556428288981	-0.143458822291754	0.885927829858766	0.963357245620711
TH2_HKNPDCAD_03366	5.89133611707126	0.196010577411583	0.838176986049317	0.233853447033262	0.815098755015662	0.929934613445423
TH2_HKNPDCAD_03367	149.505172922868	0.879194469396276	0.252655276289465	3.47981836084432	0.000501753835751396	0.0127326245646617
TH2_HKNPDCAD_03368	545.281576276002	0.598535355136984	0.2794648906588	2.14171931839459	0.0322160752144482	0.210820746123201
TH2_HKNPDCAD_03369	441.416030632513	0.45240068257226	0.396515779719656	1.14093992146319	0.253894924976875	0.590501536039683
TH2_HKNPDCAD_03370	782.166829847583	0.43362082761797	0.330347198174642	1.31262147829307	0.189310528484059	0.521925801715646
TH2_HKNPDCAD_03371	950.280370129207	0.757459502867879	0.363040980238134	2.0864297533877	0.036939712180327	0.225958191690163
TH2_HKNPDCAD_03372	156.313544762063	-0.356287832962485	0.33720169969507	-1.05660153339878	0.290693480396326	0.62469697707948
TH2_HKNPDCAD_03373	535.47743425252	0.421343095474515	0.241254465783361	1.7464675487204	0.0807297412195742	0.337537237758187
TH2_HKNPDCAD_03374	38.2677468927156	-0.425815169955558	0.352847433878362	-1.20679684495694	0.227510391418574	0.563711067246541
TH2_HKNPDCAD_03375	624.805584558123	0.450494006213677	0.245738078767214	1.83322832372441	0.0667686234444396	0.306406413407518
TH2_HKNPDCAD_03376	997.761597973426	0.0218196547178055	0.245263903932673	0.0889639868237405	0.929110530946941	0.977305901730016
TH2_HKNPDCAD_03377	820.823388934212	0.204550530612743	0.20225025963648	1.01137338948487	0.311837752480164	0.642902498447424
TH2_HKNPDCAD_03378	936.015857740071	0.610287242653101	0.219533094381672	2.7799327676404	0.00543701537848483	0.0723899761821123
TH2_HKNPDCAD_03379	288.14710170422	0.240871913251435	0.326089197116956	0.73866879179393	0.460108140684031	0.755611593923438
TH2_HKNPDCAD_03380	265.820080550257	-0.0414659645386768	0.35118755233534	-0.11807356001924	0.906009372930099	0.969906249760393
TH2_HKNPDCAD_03381	1067.67000697789	-0.4543653380126	0.217657414401612	-2.08752520221629	0.0368406853560135	0.225694284615262
TH2_HKNPDCAD_03382	510.477884193787	0.393639834157465	0.261079042763958	1.50774198491817	0.131620575510216	0.43064624508553
TH2_HKNPDCAD_03383	315.34426729471	0.248583006985432	0.218202835898046	1.1392290387169	0.254607636765558	0.591086388614243
TH2_HKNPDCAD_03384	157.142624450801	0.0693401367169769	0.270984988763486	0.255881836973253	0.798042079835507	0.921343175954236
TH2_HKNPDCAD_03385	520.022798234198	0.741591120272109	0.279331949223989	2.65487396745098	0.00793380444973119	0.0912573049545117
TH2_HKNPDCAD_03386	640.216785002295	0.788715272208676	0.235392275103539	3.35064212222663	0.000806244250376568	0.0179687305540447
TH2_HKNPDCAD_03387	517.380507195201	-0.386800223496022	0.265658484165929	-1.45600553549206	0.145391089381505	0.457785457106632
TH2_HKNPDCAD_03388	811.175913445485	-0.397375641648521	0.244442049976888	-1.62564354899696	0.10402550532423	0.385842793264836
TH2_HKNPDCAD_03389	132.347517768078	-0.370234517304043	0.264828849023133	-1.39801429742159	0.162108773800188	0.486236892365282
TH2_HKNPDCAD_03390	1197.37464812605	1.17923272359988	0.542415712079691	2.17403865215953	0.0297022325300122	0.201660455561381
TH2_HKNPDCAD_03391	152.628771148947	0.512904070474428	0.533536292900956	0.961329299054155	0.336386620657802	0.661486082990233
TH2_HKNPDCAD_03392	31.489772435808	1.72091350073148	0.649034109831431	2.65149931977911	0.00801352744241026	0.0916048401800968
TH2_HKNPDCAD_03393	182.788779281664	0.789456848229862	0.525114019821973	1.50340082044945	0.132735715156805	0.433377882734895
TH2_HKNPDCAD_03394	7148.7250116772	1.6355774887624	0.542425193161249	3.01530516905063	0.0025672081344797	0.0423135334319709
TH2_HKNPDCAD_03395	3191.3446127846	0.834136286466257	0.375391760100855	2.2220420774344	0.0262804621123176	0.188410697605231
TH2_HKNPDCAD_03396	131.024621611832	0.505861476291548	0.463199512740567	1.09210278158232	0.274787926953577	0.615827371015562
TH2_HKNPDCAD_03397	139.734834888915	-0.360270826256952	0.445818813238534	-0.808110415170366	0.419027022445106	0.731833907002935
TH2_HKNPDCAD_03398	6527.26235334504	-0.034872418879332	0.291753726618794	-0.119526901278956	0.904857928666509	0.969906249760393
TH2_HKNPDCAD_03399	2575.83677272468	0.635079309762977	0.302672946857928	2.0982361203926	0.0358842923104108	0.222691140899716
TH2_HKNPDCAD_03400	4227.49082467706	0.172075480060278	0.196947695164305	0.873711570560511	0.382275348169469	0.703934518767163
TH2_HKNPDCAD_03401	11825.427641531	0.165522973716221	0.189164538891893	0.875021157167397	0.381562393985294	0.703934518767163
TH2_HKNPDCAD_03402	2384.42555280958	0.475307397930746	0.264883755818994	1.79439994899326	0.0727493550680237	0.317609902549087
TH2_HKNPDCAD_03403	2776.85969562031	0.960110508776716	0.319940596120353	3.00090241882136	0.00269180811509536	0.0439433388470663
TH2_HKNPDCAD_03404	645.745041117465	0.36312131284374	0.283230251160339	1.28207107593946	0.199817714280529	0.534306522379755
TH2_HKNPDCAD_03405	1411.88267710985	0.0498416384402535	0.247826640690507	0.20111493381576	0.840608705068623	0.944533148220465
TH2_HKNPDCAD_03406	56.5040319021119	-0.79893330564051	0.373930906169923	-2.13658002710655	0.0326321655497119	0.211881952505995
TH2_HKNPDCAD_03407	332.869361914371	-0.521444720011714	0.366948620783416	-1.42102924081976	0.155308258876265	0.475857821278981
TH2_HKNPDCAD_03408	179.211323137456	0.402370026498276	0.344659883386682	1.16744084790062	0.24303238320164	0.580052329129661
TH2_HKNPDCAD_03409	113.761031486674	-0.481816460592697	0.261887376807413	-1.8397849734736	0.0657998123878388	0.305188541893283
TH2_HKNPDCAD_03410	6221.68377670286	0.660357134117204	0.327275381240415	2.0177415472388	0.0436181853872767	0.248706138259378
TH2_HKNPDCAD_03411	281.868185331414	-0.235073351021068	0.446163970674721	-0.526876589038718	0.598279292227253	0.833071125817151
TH2_HKNPDCAD_03412	388.487763321496	0.0446408579979742	0.377051570227363	0.118394568602527	0.905755029139506	0.969906249760393
TH2_HKNPDCAD_03413	245.438886892683	0.209624937993079	0.281598054781876	0.744411882232116	0.456627332643595	0.754710232027865
TH2_HKNPDCAD_03414	1.70656830848274	-1.37694190470145	1.51230446380427	-0.910492521616769	0.362562823871714	0.685033923762036
TH2_HKNPDCAD_03415	0.143997813150365	0.726546439555219	4.0804728567969	0.178054471884306	0.858680196776375	NA
TH2_HKNPDCAD_03416	12.3192680993637	0.422171865811071	0.561627696517174	0.751693458903627	0.452235424937378	0.752280113763691
TH2_HKNPDCAD_03417	42.1028086066399	0.939815574892301	0.365108869747103	2.57406941535897	0.0100510105681376	0.106229856025306
TH2_HKNPDCAD_03418	312.726926753081	0.305970352566108	0.278359025975924	1.09919321456662	0.271683797807515	0.612747558850969
TH2_HKNPDCAD_03419	3084.16689385285	-0.185699736607046	0.314870364059441	-0.589765687100325	0.555347749917947	0.813377312100043
TH2_HKNPDCAD_03420	253.961691305602	-0.122107381986989	0.296901975012924	-0.411271706702773	0.6808733135576	0.872058615747665
TH2_HKNPDCAD_03421	250.523256560546	0.502726845798839	0.30366040766218	1.65555611832715	0.0978117429404327	0.37084540999457
TH2_HKNPDCAD_03422	382.22687907116	-0.248280637206776	0.301428158322448	-0.823680967924642	0.41012085625774	0.724674081067623
TH2_HKNPDCAD_03423	948.267191345473	0.274662518488963	0.264793877305477	1.03726914415057	0.299610441723817	0.632815529178896
TH2_HKNPDCAD_03424	153.898799135676	-0.554961385728129	0.306139337792087	-1.81277384909295	0.0698667089270436	0.311803936198818
TH2_HKNPDCAD_03425	289.540930669863	0.175944422297359	0.256639045264775	0.685571527574211	0.4929833412482	0.773976296244495
TH2_HKNPDCAD_03426	738.597533760893	-0.588648856928005	0.273982076328564	-2.14849403587295	0.0316745296808496	0.208693623578451
TH2_HKNPDCAD_03427	2108.18869440492	0.818046642290874	0.394815658117472	2.07197112240031	0.0382681343487219	0.230123516294793
TH2_HKNPDCAD_03428	768.791967907631	-0.0925280705670267	0.210113096391615	-0.440372695258224	0.659667197551715	0.863938184632114
TH2_HKNPDCAD_03429	131.23141114381	1.44269329842656	0.653164853908709	2.20877361939043	0.0271903908341584	0.192777238472885
TH2_HKNPDCAD_03430	417.279463622603	0.0109196266841039	0.243142970180156	0.0449103121345152	0.964178797244647	0.990060199254019
TH2_HKNPDCAD_03431	62.8426573579429	0.458000059713289	0.302208220894831	1.51551158455307	0.129642898858778	0.428189110534857
TH2_HKNPDCAD_03432	101.733713133406	-0.725865159648771	0.276839811715419	-2.62196811633051	0.00874236093245959	0.0959439733800911
TH2_HKNPDCAD_03433	100.240072040846	0.16232568557112	0.336146499563267	0.482901609215088	0.629165599142783	0.850087486416688
TH2_HKNPDCAD_03434	197.923147448144	0.492071741421211	0.319313709728021	1.54102917109428	0.12330968648801	0.418045934482498
TH2_HKNPDCAD_03435	1205.14344241131	0.21536641970512	0.261352096096017	0.82404703433485	0.409912833504358	0.724613590037255
TH2_HKNPDCAD_03436	80.0624434617916	-0.904284506960855	0.39260546998208	-2.30329064697476	0.0212624955305031	0.164639806781509
TH2_HKNPDCAD_03437	113.491289247557	0.65127575408186	0.379687688959651	1.71529331347657	0.0862914638723692	0.349668018821948
TH2_HKNPDCAD_03438	6.79164514865816	1.05205391893934	0.9703999421254	1.08414466373019	0.278300662304309	0.617883812282054
TH2_HKNPDCAD_03439	1893.44314564718	0.688429564559811	0.360872786593629	1.90767935442867	0.0564326717086533	0.281931427464954
TH2_HKNPDCAD_03440	774.705001189351	0.0115129364940549	0.342423829425308	0.0336218904898562	0.973178666048536	0.991627936730082
TH2_HKNPDCAD_03441	367.450096502695	0.215295866088306	0.304796424191864	0.706359553459791	0.479964567001282	0.766533254035573
TH2_HKNPDCAD_03442	80.8520177506774	0.000188586103850559	0.33287580006029	0.000566535938678636	0.999547969745569	0.999743003495763
TH2_HKNPDCAD_03443	222.952592175478	0.496446785374675	0.24672810041721	2.01212097258155	0.0442071863828159	0.249841276073114
TH2_HKNPDCAD_03444	1708.66919072249	0.767226697534325	0.30855079842259	2.48654905920397	0.0128988783485376	0.121767311997428
TH2_HKNPDCAD_03445	327.321871234332	0.00215603383847142	0.235647528442836	0.00914940145020207	0.992699935692384	0.997956436626625
TH2_HKNPDCAD_03446	680.244544264778	-0.259648496198728	0.243236417368015	-1.06747377308177	0.285757950652101	0.622072278168788
TH2_HKNPDCAD_03447	203.592253884788	-0.228919405613347	0.326537884364392	-0.701050066698815	0.483271770606137	0.767272556482272
TH2_HKNPDCAD_03448	269.760848265068	-0.0601761808472494	0.317299341803144	-0.189651136700382	0.849582513033044	0.950034895682239
TH2_HKNPDCAD_03449	390.240821922981	-0.284971913748621	0.221654364072942	-1.28565893543536	0.198562118603971	0.531781306146268
TH2_HKNPDCAD_03450	1029.05146218542	-0.18208571231554	0.241089983383577	-0.755260379382247	0.450092766546427	0.751399768825315
TH2_HKNPDCAD_03451	4194.94634531701	-0.434126511307053	0.218402485273116	-1.98773613205075	0.0468408806014375	0.258178875228999
TH2_HKNPDCAD_03452	2008.88850804484	-0.438341998786101	0.318252619808423	-1.37733979707682	0.168407216498601	0.495838823533502
TH2_HKNPDCAD_03453	2010.29805900036	-0.0132062312278752	0.245677930055427	-0.053754243309099	0.957130965325555	0.988092167147834
TH2_HKNPDCAD_03454	1870.16898308942	-0.422428988947445	0.354396900116214	-1.19196581236721	0.233274650715055	0.569316900905462
TH2_HKNPDCAD_03455	1622.81573026138	-0.546032410192791	0.508746712681735	-1.07328931387981	0.283141328291959	0.619310260361235
TH2_HKNPDCAD_03456	670.899011547971	0.194453956962799	0.229416439932731	0.847602538945409	0.396659359902002	0.71515537312447
TH2_HKNPDCAD_03457	1212.20130483195	-0.260814892247012	0.198482060699647	-1.31404768434811	0.188830157861302	0.521802366143954
TH2_HKNPDCAD_03458	117.209783082576	-0.0974115214994185	0.281987544379257	-0.34544618526982	0.729758960814429	0.891814936187898
TH2_HKNPDCAD_03459	150.973216127978	-0.351740944351686	0.242142471152133	-1.45261978486498	0.146329349699392	0.460174384392077
TH2_HKNPDCAD_03460	549.7679418301	0.230961019217666	0.299872130322236	0.770198347440559	0.44118224404932	0.746814134529959
TH2_HKNPDCAD_03461	129.994163823157	0.479431659445409	0.366382233555617	1.308555971158	0.190684803362092	0.523723901507469
TH2_HKNPDCAD_03462	117.24241524903	0.34021643261728	0.452671936648195	0.751573943674107	0.452307317717459	0.752280113763691
TH2_HKNPDCAD_03463	151.106855539473	0.261347833729684	0.348399079763086	0.750139276795456	0.453170826221874	0.752512018929678
TH2_HKNPDCAD_03464	15.6050650671739	0.00619837093921626	0.503068207640409	0.012321134281749	0.990169405916631	0.99638955137979
TH2_HKNPDCAD_03465	341.991206086693	1.03289021206616	0.435569426596824	2.37135608928364	0.0177229469988739	0.147002955204252
TH2_HKNPDCAD_03466	21.2476847599201	0.20291172992715	0.473110022220688	0.428889096398173	0.668003935563172	0.86660620871618
TH2_HKNPDCAD_03467	192.692776276259	-0.675549571927343	0.46975398599033	-1.43809226121447	0.15040787811249	0.468027053447955
TH2_HKNPDCAD_03468	2.08475950517077	-0.756984432674474	1.34784366987307	-0.561626284705378	0.574370668052813	0.823926844693718
TH2_HKNPDCAD_03469	14.9042506634169	-0.247671696586437	0.519936377608351	-0.476350005986691	0.633825045343522	0.851931934635839
TH2_HKNPDCAD_03470	0.934673472104185	-0.965822114802011	2.11345950163855	-0.456986336408726	0.647680866493659	0.85810600197635
TH2_HKNPDCAD_03471	4.34636666952374	-0.222402487630384	0.869154811925314	-0.255883629221044	0.798040695886181	0.921343175954236
TH2_HKNPDCAD_03472	5.88669510451713	-0.977522834169107	0.722935629914406	-1.35215750022563	0.176324936150077	0.504939454025303
TH2_HKNPDCAD_03473	55.0402259700567	-0.302831368441248	0.371113678299101	-0.816007024664771	0.414496118030262	0.730134851529385
TH2_HKNPDCAD_03474	69.5806488697462	0.158575954494711	0.365345363181134	0.434043977221877	0.664256506361374	0.865534678727702
TH2_HKNPDCAD_03475	25.8575767699397	-0.477970595993303	0.531966684990313	-0.898497235784619	0.368920518230039	0.690810100413199
TH2_HKNPDCAD_03476	36.0794683662758	-0.526256453030953	0.429660684700858	-1.22481872735772	0.220643527309793	0.554965025019627
TH2_HKNPDCAD_03477	1548.34694675233	-0.353110354148944	0.254201417608092	-1.38909671500472	0.164803342554278	0.490581843166799
TH2_HKNPDCAD_03478	27.4373506701038	-0.11136755443356	0.421496056447514	-0.264219683031429	0.791610644974836	0.917173945213451
TH2_HKNPDCAD_03479	0.519834161484364	-1.13685039509705	2.41222846900257	-0.471286368478655	0.637436248790899	NA
TH2_HKNPDCAD_03480	3.23611883210684	-0.398049755998727	1.06036019545397	-0.375391077206844	0.707369639885012	0.880427330190008
TH2_HKNPDCAD_03481	5.36825854613228	-0.461511400186629	0.77301580075631	-0.597027123811818	0.550489271625428	0.809701006126813
TH2_HKNPDCAD_03482	12.5186871256978	-0.178959958911454	0.582691053745897	-0.307126663024925	0.758746963668162	0.902398360965893
TH2_HKNPDCAD_03483	42.2115155321482	-0.98196200134276	0.378666667013017	-2.59320950821637	0.00950848275411428	0.101672918753335
TH2_HKNPDCAD_03484	42.3934027627361	0.907180401884239	0.347456727459275	2.61091620967555	0.00903000154910988	0.0976535610564077
TH2_HKNPDCAD_03485	35.9671533702447	0.935917611540866	0.37391341649775	2.50303297567419	0.0123134070832427	0.119091556054155
TH2_HKNPDCAD_03486	19.3591164542562	0.740390377873057	0.460778629166682	1.606824472767	0.108092878163154	0.391579291068792
TH2_HKNPDCAD_03487	88.2042788523874	0.152721754789339	0.293814358640778	0.519789963621413	0.603209975298235	0.835916283692553
TH2_HKNPDCAD_03488	69.6504111151414	-0.0317301116976354	0.329730969847039	-0.0962303047006924	0.923337662824676	0.97561032805531
TH2_HKNPDCAD_03489	9.20686406080657	-0.270482263663072	0.735061862443711	-0.367972108856055	0.712894031236637	0.884388868373427
TH2_HKNPDCAD_03490	10.1047638722676	-0.518367066531986	0.691042967029239	-0.750122772771165	0.453180765204041	0.752512018929678
TH2_HKNPDCAD_03491	6.27326316535669	0.233547955735808	0.692098256781801	0.337449131604212	0.735778352610367	0.895136427036707
TH2_HKNPDCAD_03492	8.68216295271836	-0.767442574659725	0.615785482844753	-1.24628234351086	0.212660757687552	0.548492125550683
TH2_HKNPDCAD_03493	9.55616517024954	-0.183896836156149	0.673984723800916	-0.272850154702421	0.784968403854272	0.914072702898001
TH2_HKNPDCAD_03494	7.18725784719988	0.0859148991198195	0.67937142173533	0.12646233911395	0.899365958690271	0.968304633518057
TH2_HKNPDCAD_03495	115.264484367394	0.347683092364201	0.359657734943765	0.966705449609096	0.333691302044911	0.659274519638062
TH2_HKNPDCAD_03496	41.9012695672358	0.0852094310254748	0.472463510188579	0.180351348173882	0.856876746486245	0.95203941897755
TH2_HKNPDCAD_03497	60.111518964996	0.131458558394443	0.335233494362202	0.392140286114754	0.694954562421249	0.875104320357525
TH2_HKNPDCAD_03498	710.231674489686	-0.330242952678566	0.283679994297256	-1.16413902748644	0.244367674779095	0.580996614525808
TH2_HKNPDCAD_03499	417.09337167836	0.844027419171392	0.299846067539671	2.81486906297253	0.00487971112654049	0.0667023979590575
TH2_HKNPDCAD_03500	41.5754532439415	-0.206515833412754	0.469335668084273	-0.440017342503942	0.65992454671786	0.863987785113403
TH2_HKNPDCAD_03501	51.5696950931521	0.316966668718594	0.316341643044214	1.00197579322269	0.316355284222472	0.647711713571564
TH2_HKNPDCAD_03502	708.242771712963	-0.0774664460329909	0.304354500065278	-0.25452702692543	0.799088426974271	0.921928263936555
TH2_HKNPDCAD_03503	10.081574180375	-0.0239324261002801	0.68405903635004	-0.0349859073976674	0.972090978262071	0.991235001903993
TH2_HKNPDCAD_03504	1.82899815773635	0.0647779868991446	1.31819433840566	0.0491414543454137	0.960806567506161	0.9891734213771
TH2_HKNPDCAD_03505	40.4301380081093	-1.10918107484908	0.436018389636723	-2.54388599474719	0.0109626858376581	0.111276688324426
TH2_HKNPDCAD_03506	0.515754452354501	-2.62343384202092	2.62861421938466	-0.998029236346078	0.318265181873063	NA
TH2_HKNPDCAD_03507	2.65493176745387	-1.29263412866002	1.18647579877021	-1.08947365803823	0.275945065016238	0.616068990972665
TH2_HKNPDCAD_03508	0.975347413841895	-1.08110777908746	2.01129760029436	-0.537517560270163	0.590910158466269	0.830547154455195
TH2_HKNPDCAD_03509	5.45995663701433	0.0237199318252816	0.936618562341985	0.0253250712498914	0.979795676376481	0.99338838646755
TH2_HKNPDCAD_03511	294.08977097976	-0.635243646218663	0.378449424733349	-1.67854303561499	0.0932411364428086	0.361552806087795
TH2_HKNPDCAD_03512	1.40985895906417	-1.78351690598688	1.69804179931833	-1.05033745735992	0.293562989398231	0.626740476324586
TH2_HKNPDCAD_03513	0.463562610629986	0.659903004576806	2.47591693428784	0.266528733431284	0.78983203336878	NA
TH2_HKNPDCAD_03517	2.39326087377055	-0.717545868827361	1.1992468312228	-0.598330427186304	0.549619477957482	0.809350601554166
TH2_HKNPDCAD_03518	4.86631335950467	0.559211529068478	0.823762716407101	0.678850253756954	0.497232748419633	0.777077764755804
TH2_HKNPDCAD_03519	0.179536633471849	-1.19700691208727	4.0804728567969	-0.293350048902641	0.76925460189368	NA
TH2_HKNPDCAD_03520	5.67066921478063	-0.718520971997349	0.736657628983337	-0.975379801589758	0.329371899031151	0.656949554254351
TH2_HKNPDCAD_03521	62.4299541601931	-0.63384043360675	0.365545196007415	-1.73395913974449	0.0829253333310395	0.342573709177986
TH2_HKNPDCAD_03522	170.387960546327	0.0188498023560937	0.396729634083391	0.0475129678670072	0.962104395145502	0.989257695973454
TH2_HKNPDCAD_03523	8.33800143580051	-0.129542428501937	0.647229058422404	-0.200149277626212	0.841363835014786	0.944760354498531
TH2_HKNPDCAD_03525	0.482448409548439	0.723787939018353	2.79694106720404	0.258778401699356	0.795806223319302	NA
TH2_HKNPDCAD_03526	1.40985895906417	-1.78351690598688	1.69804179931833	-1.05033745735992	0.293562989398231	0.626740476324586
TH2_HKNPDCAD_03528	13.2507971939744	-0.401438714966256	0.571081016514511	-0.702945297352668	0.482089840545516	0.767272556482272
TH2_HKNPDCAD_03529	1614.70149111683	0.27251876226502	0.342475995597182	0.795730987772804	0.426188411587727	0.738016726213522
TH2_HKNPDCAD_03530	3.25456484485241	-0.705414348271934	0.954158678325378	-0.739305069791945	0.459721771491613	0.755611593923438
TH2_HKNPDCAD_03531	29.2023120627618	-0.137531462871662	0.501130513385962	-0.274442404120258	0.783744659683842	0.914060966483782
TH2_HKNPDCAD_03532	394.431328638043	-0.886249585820919	0.375873781209752	-2.35783826945449	0.0183816994200177	0.149891339298295
TH2_HKNPDCAD_03533	6.79526643248773	-0.527177482327588	0.733118368982559	-0.719089173906826	0.472085977327009	0.762898083158338
TH2_HKNPDCAD_03534	3.86771430756872	0.41543490292131	1.08043124306997	0.384508413271057	0.700601661405672	0.876914648311785
TH2_HKNPDCAD_03535	15.8470141267849	-0.277647429220849	0.519923400398838	-0.534016028145421	0.593330444858061	0.83239506398856
TH2_HKNPDCAD_03536	10.1162111731784	-1.14817222989205	0.726338748027571	-1.58076687084366	0.113931352060174	0.401107218860202
TH2_HKNPDCAD_03537	0.336217818882653	-2.01482419778104	3.02365619067879	-0.666353603294007	0.505185110904478	NA
TH2_HKNPDCAD_03538	19.6057036080436	-0.787321893430031	0.43478749367445	-1.81082000950916	0.0701687178873528	0.312201171372399
TH2_HKNPDCAD_03539	8.48598010715483	-0.690034895178011	0.64445125346661	-1.07073248979841	0.284289729701068	0.620469577170743
TH2_HKNPDCAD_03540	6.74519730829137	-0.237103701506846	0.751121565232159	-0.315666215006836	0.752255872951783	0.900372592203685
TH2_HKNPDCAD_03541	17.3338706168729	-0.422564953576882	0.486615787555419	-0.868374936414814	0.385189111046503	0.705368411529841
TH2_HKNPDCAD_03542	50.9731741132206	0.394382435594238	0.378981930439641	1.04063651566905	0.29804427717381	0.631706341774874
TH2_HKNPDCAD_03543	2.77914728601451	-1.06034429904039	1.07615940521042	-0.985304123075579	0.324474708076763	0.651236238685
TH2_HKNPDCAD_03544	127.884662129927	-0.326373238838203	0.279085239673745	-1.16943926959282	0.242226695970265	0.579385099711286
TH2_HKNPDCAD_03545	23.539286355699	-0.505230936272072	0.435083128328598	-1.16122851789945	0.245548980270477	0.581646983764539
TH2_HKNPDCAD_03546	26.5714456888391	-0.446224230084992	0.498426350125834	-0.895266131038893	0.370644840852178	0.692071972757249
TH2_HKNPDCAD_03547	223.946605725678	-0.346643354636087	0.372668754566431	-0.930164792160743	0.352285768059387	0.674089609820796
TH2_HKNPDCAD_03548	66.7146882588693	-0.40481910284701	0.470895702337691	-0.859678907319278	0.389966064944581	0.708650715681333
TH2_HKNPDCAD_03549	2.09923146902374	0.932127461716744	1.25870111908313	0.740547098580267	0.458968093843296	0.755611593923438
TH2_HKNPDCAD_03550	1.19701628278626	0.235101002486507	1.77772463972126	0.132248266820091	0.894787924955105	0.96704256869489
TH2_HKNPDCAD_03551	0.473453757924848	0.690161591335865	2.46633740458998	0.279832593079697	0.779605944593976	NA
TH2_HKNPDCAD_03552	1.67941589465483	0.977838806082123	1.55372537137534	0.629351122210582	0.52911920963354	0.796104744804923
TH2_HKNPDCAD_03553	3.98907907188708	-0.463312194898775	0.841896679037601	-0.550319542094408	0.58210022284326	0.826135077569889
TH2_HKNPDCAD_03554	39.8481063132128	0.396628337554289	0.451997462457219	0.877501248343468	0.380214441094802	0.70258804075413
TH2_HKNPDCAD_03555	57.5232712477565	0.216329015433983	0.374496213712672	0.577653411470693	0.563498138879883	0.817806189099173
TH2_HKNPDCAD_03556	5.59047931037343	-1.40211355143192	0.904294790087463	-1.55050495347464	0.121020365502581	0.413227995116834
TH2_HKNPDCAD_03557	0.517041936518787	0.664209646993773	2.7347980313962	0.242873382007911	0.808103486344998	NA
TH2_HKNPDCAD_03558	12.2227017775758	-0.614324571811425	0.598112569455821	-1.02710526944845	0.304370897674996	0.636039633706493
TH2_HKNPDCAD_03559	162.86178808563	-0.0655963379404198	0.471239015217583	-0.139199717812271	0.889292331486465	0.964464209703223
TH2_HKNPDCAD_03560	83.9740189108274	0.703859807346027	0.292529004380798	2.40611972421641	0.016122979899523	0.138901504142782
TH2_HKNPDCAD_03561	91.2307573628818	0.439774189158495	0.276927230709984	1.58804964044527	0.112275114575173	0.398285285337258
TH2_HKNPDCAD_03562	686.60869095975	0.989967232274216	0.418175767920822	2.36734719755846	0.0179161165364173	0.147649539173111
TH2_HKNPDCAD_03563	262.514510297985	0.439020044677007	0.368086700034041	1.19270825225798	0.232983652605746	0.569316900905462
TH2_HKNPDCAD_03564	61.1053805191005	-0.165604687248638	0.374709236089016	-0.441955178306031	0.658521640626348	0.862995727522965
TH2_HKNPDCAD_03565	139.535687999869	0.156191768412863	0.262907760913456	0.59409341082281	0.552449637746864	0.811420298879778
TH2_HKNPDCAD_03566	717.032140033929	-0.170856506432915	0.237940367722551	-0.718064396000858	0.472717581897829	0.762957446533334
TH2_HKNPDCAD_03567	3.70874181536579	-1.02993788707597	0.943811722943153	-1.09125354351845	0.275161333439121	0.615827371015562
TH2_HKNPDCAD_03568	12.214000213701	0.738123252492501	0.594342238366239	1.24191619717538	0.214267483352836	0.549442280973805
TH2_HKNPDCAD_03569	17.9966360880559	-0.16092416424623	0.50920670796863	-0.316029152263532	0.751980380911704	0.900372592203685
TH2_HKNPDCAD_03571	0.450879238369547	2.18340900223239	2.74311663972608	0.795959227767441	0.426055734055803	NA
TH2_HKNPDCAD_03572	12.8832415329488	-0.511290279521539	0.592908308081833	-0.862342916353553	0.388498842940651	0.708195259215425
TH2_HKNPDCAD_03573	132.029082163952	-0.644800030931989	0.333072238774629	-1.93591646456097	0.0528779328901255	0.274487380239311
TH2_HKNPDCAD_03574	58.21197240212	-0.7017063667291	0.394401435574168	-1.77916788185002	0.0752122423397087	0.323709449398276
TH2_HKNPDCAD_03576	248.549357764337	0.194100040148308	0.363982838925973	0.533267009843241	0.593848761023442	0.83239506398856
TH2_HKNPDCAD_03577	7.55738098334868	0.112320261679672	0.878181834977597	0.12790091665075	0.898227385623018	0.967545717027344
TH2_HKNPDCAD_03578	31.8246704252558	-0.0409682517346341	0.405316208563274	-0.101077259850659	0.919489129591561	0.974280352729459
TH2_HKNPDCAD_03579	85.7929839006964	0.174491644211149	0.310402602119126	0.562146203092019	0.574016411132108	0.823926844693718
TH2_HKNPDCAD_03580	87.3227061918882	-0.153206660731736	0.325703642996082	-0.470386696698932	0.638078766968598	0.852915190669906
TH2_HKNPDCAD_03581	64.6304403519201	0.402053721773064	0.348159559429238	1.15479730739601	0.248173440009896	0.585968242050082
TH2_HKNPDCAD_03582	103.11140382301	-0.26059134556441	0.30097707539757	-0.86581792058477	0.386590020112499	0.706286761769014
TH2_HKNPDCAD_03583	44.9670527990995	-0.389464638615393	0.405376672378686	-0.960747534706614	0.336679124175091	0.661486082990233
TH2_HKNPDCAD_03584	51.4852221865586	-0.0581462497049463	0.505117972949296	-0.115114196720106	0.908354607354642	0.970653682989347
TH2_HKNPDCAD_03585	33.7205398556402	0.145645314925647	0.43019045943321	0.338560076663578	0.73494116232859	0.89478559764934
TH2_HKNPDCAD_03586	19.8881677297326	-0.0641928195654957	0.54797500987202	-0.117145523808628	0.906744735273439	0.969972955517569
TH2_HKNPDCAD_03587	3.2364588615614	2.42634241742306	1.26181340804273	1.92290112147936	0.0544924689039011	0.277645777343475
TH2_HKNPDCAD_03588	19.0672183183349	0.0105017672643862	0.443927182258951	0.023656508734039	0.981126597290031	0.993809825424043
TH2_HKNPDCAD_03589	9541.41453445215	2.09918856106035	0.643473356816142	3.26227735589082	0.001105209517219	0.0232184589560025
TH2_HKNPDCAD_03590	1119.9815072504	0.539643291834817	0.348243523535642	1.54961472464997	0.121234016638199	0.413270180616933
TH2_HKNPDCAD_03591	1002.08616606447	-0.0980641866152145	0.388774467076469	-0.252239267029658	0.800856128378684	0.922099845927478
TH2_HKNPDCAD_03592	576.065661064496	-0.115646641378629	0.370262823550976	-0.312336626911472	0.754784707101259	0.900372592203685
TH2_HKNPDCAD_03593	18.9843511433386	-0.505242003762717	0.478652017933419	-1.05555180973455	0.29117302740008	0.62469697707948
TH2_HKNPDCAD_03594	6.43017109079859	-1.13044407026509	0.732935919989777	-1.54235048308297	0.122988447473733	0.417773781698418
TH2_HKNPDCAD_03595	5.02835200661278	-0.11485618593153	0.77370056067736	-0.148450436472446	0.881987298428723	0.961724503668503
TH2_HKNPDCAD_03596	107.278440413495	-0.278088118511947	0.304131774203462	-0.91436719902179	0.360523931252774	0.683196181738159
TH2_HKNPDCAD_03597	9060.77130902987	-0.39134224009565	0.199166645327732	-1.96489848715226	0.0494259878741569	0.265852690286389
TH2_HKNPDCAD_03598	1566.05223292037	-0.241425012979971	0.347943613477622	-0.693862463998059	0.487768465305684	0.770746348075505
TH2_HKNPDCAD_03599	5451.69742541074	-0.677112666000263	0.237393103767895	-2.85228448195484	0.00434062351632365	0.0611264729249314
TH2_HKNPDCAD_03600	41.5805636483285	-0.194392021965578	0.427594466204041	-0.454617721532478	0.649384283199868	0.859500389325838
TH2_HKNPDCAD_03601	85.499653313994	-0.631649234763459	0.396784596854676	-1.5919197463071	0.111402738091113	0.397390699690357
TH2_HKNPDCAD_03602	3.98582531830045	-2.03641405681245	1.18296716004682	-1.721445975501	0.0851699275658753	0.347461763407173
TH2_HKNPDCAD_03603	138.90228428897	-0.341410207966358	0.346112454413894	-0.986414107936397	0.323929944877536	0.650652389279879
TH2_HKNPDCAD_03604	351.507764407692	0.0787388105926003	0.232196608243401	0.339104051468582	0.734531346449241	0.894773688664166
TH2_HKNPDCAD_03605	43.2044915656385	-1.94761920488925	0.42559637587087	-4.57621191182364	4.73470952683699e-06	0.000224723342912652
TH2_HKNPDCAD_03606	14.8656748678252	-1.78069613999564	0.556612749173375	-3.19916520532481	0.00137826164494853	0.0275975359062742
TH2_HKNPDCAD_03607	13.5489708485569	-3.76500922661784	0.761411075919435	-4.94477864282633	7.62304338619427e-07	3.98731840792162e-05
TH2_HKNPDCAD_03608	165.732407407841	-1.3544789317438	0.388263215929444	-3.48855847315174	0.000485632590887677	0.0124467633044512
TH2_HKNPDCAD_03609	154.570910554315	-2.11978885425019	0.319877873068379	-6.62686929207213	3.42880985299857e-11	2.78985385816995e-09
TH2_HKNPDCAD_03610	43.7987964070076	-3.26172868722014	0.493263830816254	-6.61254380201083	3.77771282903483e-11	3.02571186900508e-09
TH2_HKNPDCAD_03611	4.85396145541577	-4.82981877358386	1.35767841152079	-3.55741001153121	0.000374529341201868	0.0102119010797914
TH2_HKNPDCAD_03612	24.6636527579524	-2.31108529873636	0.791977501686264	-2.91811988827415	0.00352148927066045	0.0526272711411239
TH2_HKNPDCAD_03613	94.02984640749	-0.992594350958575	0.289198862893772	-3.43222079446133	0.000598659953473454	0.0147535140456968
TH2_HKNPDCAD_03614	17.7680006569963	-0.786632632257864	0.520259155836664	-1.51200151584613	0.130533476916184	0.429440225483274
TH2_HKNPDCAD_03615	55.7534755428677	-0.768929906935383	0.400332417022404	-1.92072856016642	0.054765937041101	0.277950686408598
TH2_HKNPDCAD_03616	62.8925825574886	-0.38266533962314	0.383502277964367	-0.997817644407043	0.318367792618118	0.647711713571564
TH2_HKNPDCAD_03617	34.1767600065794	-0.647093772991198	0.353504810955751	-1.83050909898988	0.0671738474360419	0.307132659550351
TH2_HKNPDCAD_03618	10663.3831942193	0.0158770400715513	0.376885695794545	0.0421269372881864	0.96639750637678	0.990384973702169
TH2_HKNPDCAD_03619	120.821005736004	-0.868118654733428	0.278689695714438	-3.11500090632327	0.00183944344677191	0.0330246388252534
TH2_HKNPDCAD_03620	649.464451545521	-0.568429524934942	0.42846086092335	-1.32667782935868	0.184615277946661	0.51717785016251
TH2_HKNPDCAD_03621	557.373255004932	0.13326358294017	0.235919525344054	0.564868815948254	0.572162995715673	0.823926844693718
TH2_HKNPDCAD_03622	797.724599493216	1.481298964275	0.435182846733694	3.40385420839315	0.000664422060123563	0.0158410580474111
TH2_HKNPDCAD_03623	10.0283240630266	-0.47856495179968	0.578539210881374	-0.827195361694865	0.408126340201793	0.723394059430979
TH2_HKNPDCAD_03624	236.47832462331	0.0781805642871145	0.248820568843822	0.314204587869848	0.75336565839936	0.900372592203685
TH2_HKNPDCAD_03625	721.097555569171	-0.137488659115741	0.393155211376374	-0.349705803553806	0.726559497766202	0.891156337927601
TH2_HKNPDCAD_03626	477.466869185528	0.508123982717159	0.260841248278571	1.94802005461382	0.0514125635654321	0.270298257268107
TH2_HKNPDCAD_03627	357.217792104402	0.0982630667993106	0.25928209662204	0.378981302910978	0.704701748154498	0.879449937947696
TH2_HKNPDCAD_03628	232.477508308052	0.303303856898451	0.241398535938589	1.256444475602	0.208954865031238	0.544536165810944
TH2_HKNPDCAD_03629	52.2251861896523	0.364018979199435	0.383402324138367	0.949443851227317	0.342394916532222	0.666936911761144
TH2_HKNPDCAD_03630	153.880958219898	0.512592022285975	0.257056616138603	1.99408219864526	0.046143072293754	0.255155758983585
TH2_HKNPDCAD_03631	66.9806224346485	0.0714615684307607	0.28755967723963	0.248510393100803	0.803739529720865	0.924174255125427
TH2_HKNPDCAD_03632	96.4979072305488	-0.387857207224947	0.292618387039098	-1.32547107223691	0.185014957833971	0.517814820786153
TH2_HKNPDCAD_03633	51.9456287967422	-0.596933858917435	0.339338935424063	-1.75910806748852	0.0785591549029315	0.331321435130226
TH2_HKNPDCAD_03634	162.922858940357	0.151953351830998	0.30718933488904	0.494656990243119	0.620842266282887	0.846128289366314
TH2_HKNPDCAD_03635	299.696182217263	0.00392123817937703	0.238210101457972	0.0164612590120108	0.986866408727162	0.995244101216902
TH2_HKNPDCAD_03636	490.339407329446	0.587841119949863	0.222083874292918	2.64693292937842	0.00812254611372429	0.0921154234047582
TH2_HKNPDCAD_03637	2565.92244166415	0.632551551836898	0.254263178227401	2.48778276212363	0.0128542224112558	0.121767311997428
TH2_HKNPDCAD_03638	1359.66446160683	-0.298925594314512	0.251875040766643	-1.18680117491856	0.235306055298736	0.571163199594442
TH2_HKNPDCAD_03639	22.0208574830807	-0.760138809199765	0.447195336079753	-1.69979145100968	0.0891701601516377	0.353482047115214
TH2_HKNPDCAD_03640	1.93550015896352	0.309271720262461	1.41372285642699	0.218764037701213	0.8268338620681	0.93603144367515
TH2_HKNPDCAD_03641	0.692498860860773	-1.71114419410957	2.53787942080734	-0.674241723259343	0.500157647484348	0.7791262672719
TH2_HKNPDCAD_03642	6.43340614211845	-0.189194845776769	0.74301676825693	-0.254630654191841	0.79900838077664	0.921928263936555
TH2_HKNPDCAD_03643	3.31971417803177	-1.10373776447164	0.972837097908963	-1.13455558679252	0.25656157084511	0.593683430922961
TH2_HKNPDCAD_03644	10.0111530879027	0.203906245255478	0.858681530796432	0.237464342649077	0.812296578586165	0.928390693831144
TH2_HKNPDCAD_03645	38.1367667670161	-0.333618886810297	0.365586594222812	-0.912557769027407	0.361475173657228	0.684029443600942
TH2_HKNPDCAD_03646	37.0912386438938	-0.361055251072328	0.341000966111782	-1.05881005320663	0.289686294279397	0.62469697707948
TH2_HKNPDCAD_03647	577.648606143769	1.09867385850305	0.539497025971504	2.03647806310815	0.0417023737122423	0.242916326873812
TH2_HKNPDCAD_03648	1032.7218119469	2.59604884160435	1.15006089607648	2.25731424349872	NA	NA
TH2_HKNPDCAD_03649	864.24939452161	3.58166717823318	1.26767146352303	2.8253907114697	0.00472229943622205	0.0652466493532998
TH2_HKNPDCAD_03650	1288.12187951002	2.98543868046542	1.17414176087476	2.54265607437488	0.0110013456230543	0.111448414355289
TH2_HKNPDCAD_03651	6556.03216264136	1.79241941077247	0.711025202447876	2.52089434326889	0.011705699425071	0.116457146341546
TH2_HKNPDCAD_03652	55.0975012984844	0.0668489912168408	0.313049658146727	0.213541173028557	0.830904878185913	0.937327994185958
TH2_HKNPDCAD_03653	116.545899565261	-0.407923194019406	0.397654693448856	-1.02582265654025	0.304975184600955	0.636264874344524
TH2_HKNPDCAD_03654	827.72103343007	0.239721775237631	0.417740981952872	0.573852663717526	0.566067507740836	0.820141900700826
TH2_HKNPDCAD_03655	2339.37452979266	-0.174147756537113	0.363345158388554	-0.479290152948408	0.631732226424457	0.851370141168563
TH2_HKNPDCAD_03656	651.512745782659	0.0581964906267613	0.292349659839775	0.199064677067374	0.842212151837108	0.945091832381133
TH2_HKNPDCAD_03657	1662.70262876616	0.13913544273834	0.226750479456427	0.613605947259205	0.53947575258181	0.803109911495498
TH2_HKNPDCAD_03658	726.936390655576	0.523097870976264	0.281158638688807	1.86050790904292	0.0628137005259967	0.296826678502441
TH2_HKNPDCAD_03659	1897.41905423462	-0.383435973479403	0.317955767175866	-1.20594124423388	0.227840146218469	0.5642070480753
TH2_HKNPDCAD_03667	3824.48527624049	0.0137620460809919	0.50138366620504	0.0274481340510281	0.978102307272869	0.993060200126977
TH2_HKNPDCAD_03668	407.894819276044	0.629434895810881	0.268649856718713	2.34295638009562	0.0191316196780949	0.152583427285999
TH2_HKNPDCAD_03669	627.630912394916	0.177811269097151	0.252242308911523	0.704922460726129	0.480858491577995	0.767082025120955
TH2_HKNPDCAD_03670	320.45488763063	0.704430943743151	0.323983432093196	2.17428076242034	0.0296840562638579	0.201660455561381
TH2_HKNPDCAD_03671	53.6284136503076	0.25107666932046	0.453301345948986	0.553884676417254	0.579657772825801	0.825139056791185
TH2_HKNPDCAD_03672	865.306955316119	0.306698749020047	0.333404904219	0.919898733158973	0.357625680970517	0.68097668672172
TH2_HKNPDCAD_03673	1910.00793250559	0.77180178740914	0.39257264119375	1.96601012506173	0.0492974410432391	0.265439792844164
TH2_HKNPDCAD_03674	942.22060404732	0.755095535847975	0.411126004580212	1.83665233392127	0.0662612361969666	0.305445230886377
TH2_HKNPDCAD_03675	108.3213988802	-0.498852830181505	0.368404828248221	-1.35408874132722	0.175708067683147	0.504071605450537
TH2_HKNPDCAD_03676	3.84831600290588	-1.40271382285338	1.03593099367216	-1.35406106335427	0.175716897074857	0.504071605450537
TH2_HKNPDCAD_03677	2769.1554814279	0.160056418554325	0.39873569069437	0.401409811786846	0.688118426684034	0.873330700486242
TH2_HKNPDCAD_03678	576.536259984573	0.249174407040605	0.304650544465302	0.817902385429625	0.413412928128894	0.728732692430781
TH2_HKNPDCAD_03679	56.1889750567534	-0.387238996386518	0.367472619401741	-1.05379006745307	0.291979041953388	0.625442778542862
TH2_HKNPDCAD_03680	221.072918181366	-0.306046047003273	0.25001490181551	-1.22411122209471	0.220910273201554	0.555363443075608
TH2_HKNPDCAD_03681	375.08542029217	0.30283411745	0.352128405716028	0.860010474969233	0.389783268344307	0.708650715681333
TH2_HKNPDCAD_03682	1831.45682605487	0.562284460525407	0.294998964598136	1.90605570867472	0.0566429782970123	0.282443489056892
TH2_HKNPDCAD_03683	0.528828813107955	-1.13674888932617	2.40273513430817	-0.473106200136154	0.636137413574291	NA
TH2_HKNPDCAD_03684	89.9612846180778	0.141138779364115	0.297220084943396	0.474862859254597	0.634884725555589	0.852611764002606
TH2_HKNPDCAD_03685	11.5143915736548	0.471352328352665	0.594291745496978	0.793132887885723	0.427700403391379	0.739330775227761
TH2_HKNPDCAD_03687	64.9796820082091	0.437613026119493	0.360430673300174	1.21413924656473	0.224694555325199	0.561081561160175
TH2_HKNPDCAD_03688	209.324764506346	-0.126441041304103	0.316067777362541	-0.400044073961614	0.689124054817454	0.873330700486242
TH2_HKNPDCAD_03689	103.555145203558	0.0357453571878478	0.339343005636715	0.105336949912311	0.916108444265021	0.974280352729459
TH2_HKNPDCAD_03690	39.9309906715513	-0.970368230038707	0.524466437380592	-1.85020081529933	0.0642846115085017	0.301760914462069
TH2_HKNPDCAD_03691	47.7318052300224	-0.170057791366691	0.448611497389963	-0.379075864876609	0.70463152819079	0.879449937947696
TH2_HKNPDCAD_03692	3.65560194725944	0.549947588540243	1.03866639921686	0.529474708101558	0.596476184966627	0.832414382655662
TH2_HKNPDCAD_03693	10.5074284112607	0.246100367051043	0.618325237180273	0.398011195812298	0.690621933015895	0.873604502253251
TH2_HKNPDCAD_03694	295.46837563697	-0.767851781368082	0.494027268086952	-1.5542700392662	0.120120016978568	0.411587705235387
TH2_HKNPDCAD_03695	53.4750169227087	-0.666136642747463	0.414807847390122	-1.60589209422783	0.108297620875109	0.39204350607755
TH2_HKNPDCAD_03696	40.0915287376249	-0.78553051991806	0.406913399037732	-1.93046117865787	0.0535497209069559	0.275915428147652
TH2_HKNPDCAD_03697	22.0332992411212	-0.710090909820889	0.542758365410128	-1.3083002585954	0.190771487472385	0.523723901507469
TH2_HKNPDCAD_03698	23.0513005600125	-1.39908811773494	0.487037833085914	-2.87264771377245	0.00407047738430991	0.0584461262520241
TH2_HKNPDCAD_03699	9.22121556159228	-0.0946692871431932	0.602702787507417	-0.157074579884912	0.875186071189729	0.959394827612739
TH2_HKNPDCAD_03700	3.00372605101304	0.840913902738964	1.18635293063313	0.70882271289218	0.478434501167228	0.766378509907376
TH2_HKNPDCAD_03701	5.78885336445652	0.778017052733073	0.750709785406338	1.03637526492605	0.300027105322471	0.632815529178896
TH2_HKNPDCAD_03702	515.664681096541	-0.433510915849979	0.244059818586342	-1.7762486195433	0.0756919478190099	0.324683618845393
TH2_HKNPDCAD_03703	2184.35219207043	0.424853131961001	0.26511458389725	1.60252644617114	0.109039244232487	0.393339314521975
TH2_HKNPDCAD_03704	121.351738189156	0.19638245700013	0.300543199656891	0.653425055780088	0.51348229012316	0.787821077273666
TH2_HKNPDCAD_03705	621.009095128637	0.303366437775659	0.31224078367336	0.971578517728213	0.331260273985432	0.658155102499738
TH2_HKNPDCAD_03706	649.115335142572	0.0798775307631825	0.288557940708946	0.276816262851526	0.781921193013146	0.914060966483782
TH2_HKNPDCAD_03707	871.263323259657	-0.234202697634978	0.263983225617595	-0.88718780175163	0.374977798701771	0.698296054457774
TH2_HKNPDCAD_03708	572.183931309379	-0.919662216823511	0.444227160716372	-2.07025211007008	0.0384287416988573	0.230123516294793
TH2_HKNPDCAD_03709	567.200789437835	-0.251094635366448	0.404156997065994	-0.62127994118446	0.53441544921915	0.80011110423767
TH2_HKNPDCAD_03710	151.676321717079	-0.331787128620814	0.442819872381015	-0.749259799107063	0.453700632872572	0.753131296666063
TH2_HKNPDCAD_03711	11.7551199772813	-1.05965540626671	0.565561324246977	-1.87363484884261	0.0609807713667086	0.29231101407257
TH2_HKNPDCAD_03712	6.59471854953858	-0.0295334472458628	0.758165553700425	-0.0389538236097869	0.968927204068198	0.990384973702169
TH2_HKNPDCAD_03713	15.5251626704659	-0.360339920623938	0.552345234439798	-0.652381695642588	0.514154969560868	0.788352625601506
TH2_HKNPDCAD_03714	27.1891324309216	-0.136929762177687	0.436474130755325	-0.313717933158439	0.75373527921666	0.900372592203685
TH2_HKNPDCAD_03715	0.287995626300729	1.54484194962479	3.85459666539101	0.400779143378437	0.688582735771002	NA
TH2_HKNPDCAD_03716	0.714567873237818	-0.245678377097814	2.23989285667928	-0.109683093262792	0.912660709130228	0.972846890622571
TH2_HKNPDCAD_03717	13.7479574435176	-0.843376091663959	0.674785809659789	-1.24984266057576	0.211357028789716	0.547456356531624
TH2_HKNPDCAD_03718	16021.2019387694	1.32557008946734	0.571981543589632	2.31750500400477	0.0204762383806598	0.160001826126924
TH2_HKNPDCAD_03719	71.1840611994894	-0.261081797726382	0.469319896268928	-0.556298166350862	0.57800704046969	0.823933284051066
TH2_HKNPDCAD_03720	4550.4424316279	0.134367818658536	0.35395970482612	0.379613319896238	0.704232471875003	0.879449937947696
TH2_HKNPDCAD_03721	755.67195550378	1.54414049171194	0.489719825135954	3.15311002833765	0.00161540906497821	0.0304917108119015
TH2_HKNPDCAD_03722	17319.1210467623	1.03644747404478	0.533769936634333	1.94174943718273	0.0521674406781776	0.272034894116316
TH2_HKNPDCAD_03723	5205.96567490962	0.753564544809173	0.53774001236634	1.40135479503021	0.16110800304397	0.485169506594627
TH2_HKNPDCAD_03724	22498.1576447875	0.691825989078284	0.54480679882246	1.26985564529222	0.204136055118485	0.539382174503792
TH2_HKNPDCAD_03725	16436.4258882664	0.303874406807692	0.455500948916737	0.667121347453524	0.504694625385691	0.781260408676413
TH2_HKNPDCAD_03726	8505.09719941733	-0.300777477794292	0.400948870033483	-0.75016417372413	0.453155833133927	0.752512018929678
TH2_HKNPDCAD_03727	5327.23634289371	-0.456615247459032	0.366654272707461	-1.24535640642417	0.213000770058114	0.548492125550683
TH2_HKNPDCAD_03728	71.8850334240287	-0.216378531699737	0.449992007245736	-0.480849722252011	0.630623308504926	0.851125613321815
TH2_HKNPDCAD_03729	2.54401541843705	-1.23238136453618	1.16074897977521	-1.06171220996881	0.288366354612021	0.624372676514707
TH2_HKNPDCAD_03730	2.04457471895793	0.534903796824037	1.25335552624267	0.426777387280989	0.669541478246614	0.86660620871618
TH2_HKNPDCAD_03731	5.0580278580587	0.626737155592713	0.772946076577362	0.810842016778106	0.417456401928578	0.730979236286956
TH2_HKNPDCAD_03732	140.239990452683	-0.315735383003531	0.332131348684114	-0.950634091766576	0.34179015614982	0.666419300275381
TH2_HKNPDCAD_03733	11664.943026103	0.505043768421371	0.200041254798716	2.52469806255491	0.0115797732066792	0.115933432534058
TH2_HKNPDCAD_03734	8925.03940636999	0.118167612948024	0.22987515110012	0.514051268188429	0.607216146963105	0.838521004669418
TH2_HKNPDCAD_03735	6.63245108129246	0.989826244437377	0.918682190679909	1.07744142041636	0.281283107943294	0.619088540711604
TH2_HKNPDCAD_03736	246.558941569139	0.830550129599211	0.238487768664997	3.48256908204748	0.000496627066416125	0.0126652255843237
TH2_HKNPDCAD_03737	68.3842059553676	-0.334646653818998	0.376513623953496	-0.888803571847193	0.374108655921543	0.697592204530313
TH2_HKNPDCAD_03738	213.429807009826	0.00910457367901131	0.348363603073434	0.0261352609706821	0.979149452473522	0.993282031666239
TH2_HKNPDCAD_03739	125.719588373881	0.744651830281819	0.315686385866253	2.35883415826904	0.0183324464531665	0.149875790301326
TH2_HKNPDCAD_03740	329.261879150481	-0.569552562149294	0.291082306159806	-1.95667187629263	0.0503860584614456	0.26848122211369
TH2_HKNPDCAD_03741	1394.63850214967	0.0635806433469752	0.278081857201417	0.228640027029607	0.819148711432498	0.931032437872058
TH2_HKNPDCAD_03742	901.535722431778	-0.0136184218983957	0.285312317831555	-0.0477316296818137	0.961930125982924	0.989257695973454
TH2_HKNPDCAD_03743	675.214164036485	-0.173485247270181	0.229813829357683	-0.754894723938341	0.450312151742366	0.751399768825315
TH2_HKNPDCAD_03751	395.28060275535	-0.853685358188903	0.373298379913601	-2.28687131829098	0.0222033351811734	0.167373964909845
TH2_HKNPDCAD_03752	429.085844398319	0.107450089172687	0.31539432736129	0.340684913617997	0.73334079716023	0.893921704372957
TH2_HKNPDCAD_03753	306.836860965968	0.17667209042322	0.376002252667432	0.469869765858779	0.638448066279484	0.852915190669906
TH2_HKNPDCAD_03754	1940.02697350176	-0.314421896167642	0.290566246478914	-1.08210055358394	0.279207849866052	0.618277873156891
TH2_HKNPDCAD_03755	1120.39090086095	0.0106419037986733	0.226869949192186	0.0469075073034831	0.96258694471938	0.98941661893554
TH2_HKNPDCAD_03756	541.415757500861	-0.191301332469823	0.235255654774946	-0.813163588576986	0.416124272480186	0.730247525071357
TH2_HKNPDCAD_03757	3386.14995068092	0.42735513374535	0.417636473004376	1.0232706225849	0.306179909719229	0.6377400313778
TH2_HKNPDCAD_03758	989.531023369985	-0.0678973282894528	0.217162970850741	-0.312656103494363	0.754541948962841	0.900372592203685
TH2_HKNPDCAD_03759	267.677213582424	0.189489641069119	0.243224118606095	0.779074222388282	0.435935993902014	0.744569832780504
TH2_HKNPDCAD_03760	196.398284508017	0.367904306010319	0.254984489362124	1.44284974717748	0.149062801901581	0.467336955686546
TH2_HKNPDCAD_03761	271.643738094646	0.0267062450558725	0.224849916582213	0.118773648937992	0.905454685977114	0.969906249760393
TH2_HKNPDCAD_03762	246.46687769706	0.435180887188942	0.315930862206752	1.377456080578	0.168371284533502	0.495838823533502
TH2_HKNPDCAD_03763	1.59436739758714	1.76837481444238	1.47855342548733	1.19601685266091	0.231689982593926	0.568279987096491
TH2_HKNPDCAD_03764	170.497361421943	-0.0510449477281437	0.272305278594283	-0.187454859456461	0.851304013202378	0.950322993958414
TH2_HKNPDCAD_03765	112.715554339035	-0.157278282780304	0.313507037948775	-0.501673850160908	0.615896961860525	0.843528628508191
TH2_HKNPDCAD_03766	267.370893601049	0.289733278331949	0.245659173758493	1.17941159655933	0.238234319646171	0.574062020715281
TH2_HKNPDCAD_03767	178.983942536933	0.951359920795629	0.355886139679054	2.67321430852459	0.00751282380588623	0.0901890745409199
TH2_HKNPDCAD_03768	218.208307836791	0.0939894891678781	0.293747821622301	0.319966591237327	0.748993656570521	0.900372592203685
TH2_HKNPDCAD_03769	56.9766576897605	-0.710441975391798	0.340240444301467	-2.08805856943426	0.0367925517135979	0.225694284615262
TH2_HKNPDCAD_03770	980.570905893698	-0.00873412675913367	0.198308903366295	-0.044043038970373	0.964870096996584	0.990154751533576
TH2_HKNPDCAD_03771	19.2491890167231	-0.329404057689974	0.492199817792294	-0.669248638017539	0.503336884663007	0.780328315795977
TH2_HKNPDCAD_03772	5.43396459373109	-0.499239356653919	0.977613908143621	-0.510671291084553	0.60958124669583	0.839646645482236
TH2_HKNPDCAD_03773	7.59874307584263	-0.0510840940925191	0.697951218682327	-0.0731914963755799	0.941653733149089	0.982678549699151
TH2_HKNPDCAD_03774	2.57011100146204	1.49928330353268	1.28996406425766	1.16226749649454	0.245126825147531	0.581531077886525
TH2_HKNPDCAD_03775	41.7463835097042	-0.515175314678065	0.360143024373422	-1.43047422777206	0.152580957532003	0.471162643559667
TH2_HKNPDCAD_03776	205.436625420535	-0.0789463755746424	0.228918236294669	-0.344867131830513	0.730194261422195	0.891814936187898
TH2_HKNPDCAD_03777	224.861994552917	-0.0162322039624483	0.307315598364589	-0.052819329864249	0.957875859993353	0.988140804654041
TH2_HKNPDCAD_03778	284.421373211435	-0.0239595670992502	0.610929668349128	-0.0392182084788818	0.968716416536972	0.990384973702169
TH2_HKNPDCAD_03779	47.0001182080894	0.166743974577339	0.398046431408038	0.418905839671779	0.675284949077437	0.868853074540899
TH2_HKNPDCAD_03780	15.7212510141251	0.268580903623095	0.516315185038047	0.520187884079572	0.602932629101505	0.835916283692553
TH2_HKNPDCAD_03781	0.316772572514044	1.65838199674257	3.09492132427816	0.535839791381244	0.592069278854865	NA
TH2_HKNPDCAD_03782	7.62612105938782	0.938888126253256	0.677080178987092	1.38667200043845	0.165541802210304	0.491353374713386
TH2_HKNPDCAD_03783	16.6977050474946	0.348424940325952	0.461922693531708	0.754292753322013	0.450673452747339	0.751757929965135
TH2_HKNPDCAD_03784	18.8974046253112	-0.630808827976309	0.490640380758525	-1.28568469436023	0.198553124998666	0.531781306146268
TH2_HKNPDCAD_03785	3309.88986509568	0.169218735517077	0.321545343969812	0.526267099463781	0.598702638953496	0.833071125817151
TH2_HKNPDCAD_03786	173.604996974435	0.0924033194802871	0.32075688631534	0.288078988862126	0.773286275635612	0.910019787988657
TH2_HKNPDCAD_03787	526.684908853514	-0.390302826122729	0.23386451417446	-1.66892710294461	0.095131827540686	0.366650938325982
TH2_HKNPDCAD_03788	198.770301374965	0.268856148609377	0.260497008848504	1.03208919671602	0.302030334282216	0.633500567822598
TH2_HKNPDCAD_03789	123.768170344709	-0.516483424570808	0.26350528790024	-1.96004956365939	0.0499899974836993	0.267762515257516
TH2_HKNPDCAD_03790	7.50268979706771	0.59272123887365	0.689507216763041	0.859630217731785	0.389992912395053	0.708650715681333
TH2_HKNPDCAD_03791	95.8427145126586	-0.695219901943553	0.316080101224389	-2.19950543944558	0.0278420027899208	0.195504255207033
TH2_HKNPDCAD_03792	3198.43647065425	0.76531673437857	0.217750257977282	3.51465362883021	0.000440327897449651	0.0117001885138943
TH2_HKNPDCAD_03793	8.48250035637912	0.213294526057899	0.680987395742301	0.313213618036793	0.754118372897059	0.900372592203685
TH2_HKNPDCAD_03794	9.42930202273677	-1.30497112796916	0.65764513869191	-1.98430893987115	0.0472214101874921	0.259717756031207
TH2_HKNPDCAD_03795	245.757343077389	-0.179284670750153	0.279137021712757	-0.642281950456017	0.520690131506619	0.792189966863002
TH2_HKNPDCAD_03796	231.275891053769	-0.178170569234521	0.247366501419747	-0.720269592737579	0.471359022741103	0.762203896079147
TH2_HKNPDCAD_03797	247.953507328976	0.00511835132928647	0.25804690009068	0.0198349653783395	0.984175025026409	0.993869420465992
TH2_HKNPDCAD_03798	1326.21418309907	0.488506606265893	0.50539578735373	0.966582267778152	0.333752902547946	0.659274519638062
TH2_HKNPDCAD_03799	611.028889223443	0.164613553176861	0.370153185170949	0.444717375863826	0.656524010693748	0.862349291109766
TH2_HKNPDCAD_03800	711.042377852245	0.661583253749456	0.437589857771456	1.51187977052016	0.130564451214213	0.429440225483274
TH2_HKNPDCAD_03801	2429.96639056967	0.538391296144217	0.403259838000895	1.33509773453567	0.181844360847609	0.512725079045569
TH2_HKNPDCAD_03802	1762.03213430751	0.335045218573304	0.332669360705969	1.0071417994801	0.31386663675836	0.644704459352053
TH2_HKNPDCAD_03803	577.788156726063	0.117829027535571	0.228689723499624	0.515235340409884	0.606388576255785	0.838521004669418
TH2_HKNPDCAD_03804	915.810102449595	-0.0237500134131396	0.32819379607931	-0.0723658207341625	0.942310784557743	0.982811259260395
TH2_HKNPDCAD_03805	108.298648645294	0.549007010776747	0.469458668340428	1.16944695625182	0.242223600634835	0.579385099711286
TH2_HKNPDCAD_03806	723.060798505306	0.68829609427294	0.379107623561656	1.81556911941392	0.0694364942199136	0.311803936198818
TH2_HKNPDCAD_03807	69.5690713305972	0.452699630887786	0.405724731947604	1.11578022053201	0.264516222360641	0.605201404161989
TH2_HKNPDCAD_03808	1198.68157455377	0.0160107376397	0.31817222577076	0.0503209782089391	0.959866606752343	0.988579213552579
TH2_HKNPDCAD_03809	2026.98226127222	-0.406640434227195	0.338465396619467	-1.20142395142501	0.229586789828388	0.566343544109874
TH2_HKNPDCAD_03810	1099.80249893442	-2.44815263812978	0.560204407718079	-4.37010599060086	1.24186243426779e-05	0.000526098085789807
TH2_HKNPDCAD_03811	118.963491667129	-0.781947795836552	0.295836752359073	-2.64317326904488	0.00821329925848827	0.0927342995572927
TH2_HKNPDCAD_03812	12.963480806708	-0.123283359889242	0.561144547732601	-0.219699826697754	0.826104939643727	0.93561951405518
TH2_HKNPDCAD_03813	40.6126561083815	-0.658993699317632	0.492447900142676	-1.33819983621964	0.180831302503088	0.512084969500859
TH2_HKNPDCAD_03814	211.725835987953	-1.05699256530649	0.402763490296766	-2.62435049544256	0.0086814396511546	0.0957012035522978
TH2_HKNPDCAD_03815	52.5065284118324	-0.69352824821644	0.397756719781981	-1.74359907381722	0.0812290249312642	0.338795754107128
TH2_HKNPDCAD_03816	283.175945628305	0.424011581022343	0.280529191869156	1.51147043983968	0.13066863444502	0.429440225483274
TH2_HKNPDCAD_03817	2.75227580069234	0.627134984020037	1.02685063797019	0.610736324086738	0.541374154441045	0.804469923883542
TH2_HKNPDCAD_03818	439.551907291802	0.902953112236806	0.497575945597856	1.81470410743404	0.0695693935084875	0.311803936198818
TH2_HKNPDCAD_03819	374.542109293932	0.878540781608134	0.516848479404672	1.69980335942958	0.0891679194282763	0.353482047115214
TH2_HKNPDCAD_03820	1954.46291477178	0.756334506783062	0.472852657995672	1.5995141276968	0.109706412025035	0.394775591096126
TH2_HKNPDCAD_03821	9100.46646565252	-0.785662708259279	0.296357731676032	-2.65106195750661	0.00802391206415596	0.0916048401800968
TH2_HKNPDCAD_03822	71.9326904084858	0.709115468433711	0.399983458829048	1.77286198411716	0.0762515793700333	0.325992990701243
TH2_HKNPDCAD_03823	6142.67541178925	-0.328912754060375	0.229197797366278	-1.43506071105362	0.151269798084413	0.468808334329323
TH2_HKNPDCAD_03824	125.67193700486	-0.222831675802038	0.359552676897585	-0.619746952587728	0.535424398304494	0.800404043659619
TH2_HKNPDCAD_03825	809.670090507279	-0.302038929817142	0.244929584323634	-1.23316638392709	0.217513694375414	0.55147463775751
TH2_HKNPDCAD_03826	120.202470587739	-0.0808578481389575	0.318978723744449	-0.253489785117258	0.799889753756579	0.921937710842792
TH2_HKNPDCAD_03827	130.029348707982	0.142949469182804	0.318447128430859	0.448895456797443	0.653507073589932	0.861152168149844
TH2_HKNPDCAD_03828	1.53189781982476	-1.20125901213662	1.44179611802196	-0.833168432846567	0.404749743126281	0.721705585591464
TH2_HKNPDCAD_03829	1.26899556169253	-0.761086703154691	1.91304322716312	-0.397840828867897	0.69074751900524	0.873604502253251
TH2_HKNPDCAD_03831	3.03385100085603	0.391271478584421	1.25239032345719	0.312419755451581	0.754721538543991	0.900372592203685
TH2_HKNPDCAD_03832	8.80682774084597	-0.997476540889354	0.640989455264628	-1.55615124819417	0.119672131003845	0.41115237501723
TH2_HKNPDCAD_03833	563.484123915869	0.466642884871919	0.331800617636841	1.40639546784287	0.159606725336349	0.48325107742122
TH2_HKNPDCAD_03834	333.757984989809	-0.552370271744754	0.259098460128336	-2.13189330214914	0.0330156189664965	0.21314617483912
TH2_HKNPDCAD_03835	27.9482045905119	0.487833836120154	0.464105488155127	1.05112705746995	0.293200238582992	0.626740476324586
TH2_HKNPDCAD_03836	98.8893300073574	0.497944458011398	0.401835811773107	1.23917391985102	0.215281096692481	0.550115105506309
TH2_HKNPDCAD_03837	3.16605220582038	-0.987887973200602	0.997656123686776	-0.990208900387364	0.322072023102122	0.649368092004836
TH2_HKNPDCAD_03838	12.4852903377065	-0.494498742432625	0.554790948040275	-0.891324460464568	0.372755129864869	0.695321250250116
TH2_HKNPDCAD_03839	180.490016479686	0.0440785299293871	0.245008892801843	0.179905836989503	0.857226492716904	0.95203941897755
TH2_HKNPDCAD_03840	257.034060885023	1.39480705953458	0.310050515097361	4.49864454860394	6.83880902108472e-06	0.000310227743735224
TH2_HKNPDCAD_03841	842.696493231507	-0.123516360697073	0.235292456601973	-0.524948238804001	0.599619174077226	0.833961065881145
TH2_HKNPDCAD_03842	514.585572108557	0.371246160746555	0.275392326637461	1.34806283558975	0.177638173446431	0.506556892221397
TH2_HKNPDCAD_03843	109.193550488856	-0.539015446612152	0.268542167594421	-2.00719109196373	0.0447293197728953	0.251225120757341
TH2_HKNPDCAD_03844	189.745267985376	-0.133556669216602	0.260630881105368	-0.512436088349053	0.608345839310569	0.839171382281399
TH2_HKNPDCAD_03845	135.708320448459	-0.482475254641633	0.28010878567039	-1.72245670012426	0.0849868200813663	0.347461763407173
TH2_HKNPDCAD_03846	104.598491749443	0.107868838919553	0.506316510842107	0.213046259819071	0.83129088072435	0.937557107721237
TH2_HKNPDCAD_03847	17.632613941234	-0.640849569903291	0.602016005602933	-1.06450586685227	0.287099598076758	0.623325938052293
TH2_HKNPDCAD_03848	257.735019590995	-0.235523590002142	0.49874299783456	-0.472234379278981	0.636759503081814	0.852895012489516
TH2_HKNPDCAD_03849	267.758798389599	0.18278777608371	0.288202021752721	0.634234884863309	0.5259275443637	0.795252092155848
TH2_HKNPDCAD_03850	162.779532656043	-0.0304073490657444	0.331704021443319	-0.0916701248704649	0.926960134319682	0.97700398164068
TH2_HKNPDCAD_03851	263.286085974896	0.69934216467681	0.300157653850335	2.32991614808369	0.0198105833741858	0.155750077263921
TH2_HKNPDCAD_03852	453.398048231188	0.233728357623535	0.329360142131361	0.709643723466438	0.477925098527986	0.765995015412723
TH2_HKNPDCAD_03853	166.093187017915	0.0260407934263787	0.267308035100677	0.0974186706230919	0.922393918236332	0.975286968828266
TH2_HKNPDCAD_03854	220.28672881132	0.441056597334279	0.299795710821892	1.47119048543129	0.141239609561394	0.449685862491743
TH2_HKNPDCAD_03855	404.546419153086	0.0594202660657152	0.239973512119118	0.247611769903256	0.804434803209657	0.924352728481381
TH2_HKNPDCAD_03856	176.515563982974	0.46471932759569	0.256330549807727	1.81296894944545	0.0698366105470276	0.311803936198818
TH2_HKNPDCAD_03857	144.16950789835	-0.0669489337275825	0.284551929027154	-0.23527843918146	0.813992628507313	0.929549058177137
TH2_HKNPDCAD_03858	6.32997530417392	0.994956298293666	0.751826434328693	1.32338562846898	0.185707168615153	0.518483086231632
TH2_HKNPDCAD_03860	1.04274147644005	-1.31160631109803	1.80615948974083	-0.726185211520954	0.467725236599757	0.759474302905752
TH2_HKNPDCAD_03861	72.8208762154202	0.386902252958855	0.55342025862764	0.699111112987239	0.484482594043623	0.768158916507149
TH2_HKNPDCAD_03862	150.174188372845	0.449075073923222	0.337951578184852	1.3288148448225	0.183909063375682	0.51627484056065
TH2_HKNPDCAD_03863	57187.3427222455	-0.394120983099971	0.348663952268752	-1.13037490837648	0.258318282385606	0.596997076424082
TH2_HKNPDCAD_03864	1328.89092580481	0.00929854167054826	0.464485505339414	0.0200190136476993	0.984028204906973	0.993869420465992
TH2_HKNPDCAD_03865	510.024281993715	0.551251369270996	0.397784160505814	1.38580522806649	0.165806385560147	0.491603028327127
TH2_HKNPDCAD_03866	1830.63189020976	0.215886638059874	0.281926835751648	0.765754127251834	0.443822613833645	0.74808954248455
TH2_HKNPDCAD_03867	313.265096126744	0.310334384496097	0.315337891917145	0.984132869695332	0.325050187289194	0.651371094622522
TH2_HKNPDCAD_03868	170.44590806409	1.24368393076125	0.403467162942932	3.08249107979367	0.00205275882650905	0.0359631878008241
TH2_HKNPDCAD_03869	235.576335515081	-0.29904817985641	0.278710811498647	-1.07296942751667	0.283284833473439	0.619310260361235
TH2_HKNPDCAD_03870	40.8001289012725	0.340247268741918	0.668197214548816	0.509201866355672	0.610610735020788	0.839909047544053
TH2_HKNPDCAD_03871	187.608636645148	1.18687562154465	0.546318551011687	2.1724973815126	0.0298181669318767	0.202140290631762
TH2_HKNPDCAD_03872	46.5623140878311	1.82240602169747	0.623392794175926	2.9233671590743	0.00346267942440486	0.0522049844985274
TH2_HKNPDCAD_03873	275.736839500211	2.11537398931061	0.556421284944456	3.80174886645786	0.000143678321624456	0.00472086706263318
TH2_HKNPDCAD_03874	179.11799310716	1.62795214135867	0.635208748095375	2.56286165176403	0.0103813406286582	0.108160065167687
TH2_HKNPDCAD_03875	42.9368878234063	-0.0507613001569822	0.424079786732644	-0.119697523308236	0.904722762368092	0.969906249760393
TH2_HKNPDCAD_03876	86.984751822852	0.599259587446299	0.494974322927197	1.21068823106293	0.226014914602853	0.562950657072024
TH2_HKNPDCAD_03877	106.136880681361	0.684476127433729	0.36828375818043	1.85855637733117	0.0630900452200593	0.297515705425965
TH2_HKNPDCAD_03878	29.4701590870321	-0.29945611411154	0.489839288225832	-0.611335434518026	0.540977537014241	0.804249087800174
TH2_HKNPDCAD_03879	108.614117755509	-0.285321042657529	0.467432937171285	-0.610399952524049	0.541596899594636	0.804469923883542
TH2_HKNPDCAD_03880	27.6353989727047	-0.128591632781608	0.484065260680308	-0.265649372567831	0.790509257495921	0.917173945213451
TH2_HKNPDCAD_03881	16.7592297593776	-0.815274496921789	0.520325959192488	-1.56685339741081	0.11714896278418	0.40629606443282
TH2_HKNPDCAD_03882	25.2738662456761	-0.120600242996695	0.446387317120851	-0.270169510582319	0.787029847805339	0.915433401372854
TH2_HKNPDCAD_03883	4.15341583509867	-0.0153869841910586	0.981668052917696	-0.0156743250891436	0.987494210092185	0.995246251217045
TH2_HKNPDCAD_03884	213.279867105779	0.374628775900871	0.349911148858086	1.07063972417984	0.284331454696464	0.620469577170743
TH2_HKNPDCAD_03885	105.406568457301	-0.221144704167264	0.402411404665513	-0.549548799073131	0.582628885139374	0.826156477240507
TH2_HKNPDCAD_03886	7.77677502746115	0.196008020378468	0.626042338475569	0.313090678269065	0.75421177100197	0.900372592203685
TH2_HKNPDCAD_03887	33.9960012357508	0.0418543076039779	0.383648747635012	0.10909538441605	0.91312683574233	0.972908975946839
TH2_HKNPDCAD_03888	2279.19162442277	0.0909790055848195	0.278105232175548	0.327138777192768	0.743562923970139	0.899576008560523
TH2_HKNPDCAD_03889	87.8520823110677	-0.0423937330870876	0.444335253676841	-0.0954093395387437	0.923989698042312	0.97561032805531
TH2_HKNPDCAD_03890	235.26073450585	0.420448201032648	0.396065430405361	1.06156248123531	0.288434353879599	0.624372676514707
TH2_HKNPDCAD_03891	975.615830565182	0.269000204007798	0.380711191063399	0.706572883388136	0.479831945221741	0.766533254035573
TH2_HKNPDCAD_03892	940.88038094943	0.245993204704125	0.360729419785975	0.681932748512931	0.495281476566874	0.776158009441087
TH2_HKNPDCAD_03893	371.421495581947	0.247440360815668	0.397990810792854	0.62172380393088	0.534123496537942	0.80011110423767
TH2_HKNPDCAD_03894	190.169847526884	0.2691279635126	0.499295438179095	0.539015466462292	0.589876182613797	0.830083262724363
TH2_HKNPDCAD_03895	157.062056333936	0.290370609309142	0.39801524596729	0.729546448914184	0.465667465779935	0.758337140627374
TH2_HKNPDCAD_03896	5.9948216381297	-0.220596884572111	0.699768654007377	-0.315242592403668	0.752577468878716	0.900372592203685
TH2_HKNPDCAD_03897	396.453045676035	0.0429794157400463	0.324286418490344	0.132535355443281	0.89456086007142	0.967001047812336
TH2_HKNPDCAD_03898	387.249882113741	0.249079354927422	0.424231426663563	0.587130842442172	0.557115834856253	0.813843194492207
TH2_HKNPDCAD_03899	95.4471752236309	-0.33599448516946	0.543980074411543	-0.617659544851759	0.536799784634235	0.801209308767739
TH2_HKNPDCAD_03900	270.640258415829	0.135035527988578	0.430471946896016	0.313691818856657	0.753755114977227	0.900372592203685
TH2_HKNPDCAD_03901	43.808201160283	0.252772919290933	0.443371169878536	0.570115822731961	0.56859914407702	0.822337514575693
TH2_HKNPDCAD_03902	647.830756853932	0.375670054970126	0.371626932880691	1.01087951849478	0.312074097958071	0.642902498447424
TH2_HKNPDCAD_03903	189.095350823257	0.0969231664527347	0.421902931766649	0.229728591946221	0.818302675870474	0.931032437872058
TH2_HKNPDCAD_03904	676.61483879534	0.115665131317421	0.456834715503536	0.253188138712119	0.800122831909243	0.921937710842792
TH2_HKNPDCAD_03905	374.364475264285	-0.010316808054702	0.398202298007095	-0.0259084593593132	0.979330352719698	0.993282031666239
TH2_HKNPDCAD_03906	299.138398920933	0.912355070493422	0.268913451220256	3.39274612836733	0.000691957362767365	0.016270520374062
TH2_HKNPDCAD_03907	6.86964929847995	-0.524870004311001	0.714377259999273	-0.734723840889805	0.462507697664184	0.756723414690906
TH2_HKNPDCAD_03908	856.116665259111	0.181060603168404	0.405449365718732	0.446567730713898	0.655187199165637	0.862349291109766
TH2_HKNPDCAD_03909	1265.92911149609	0.637760062781856	0.369227533955134	1.72728197149932	0.0841170353842402	0.345777003512121
TH2_HKNPDCAD_03910	3.46997294711685	0.761510840224327	0.944223224870421	0.806494502747305	0.419957776457163	0.732775883734027
TH2_HKNPDCAD_03911	187.310758049439	0.256242683062616	0.386781289095909	0.662500204344365	0.507650703911634	0.783800454292481
TH2_HKNPDCAD_03912	609.467978188962	-1.07087749123705	0.496157086305549	-2.15834363913039	0.0309011242045756	0.205292842147937
TH2_HKNPDCAD_03913	298.53049610566	-0.200784499605574	0.348993682798702	-0.575324166315598	0.565072080535758	0.819394479441667
TH2_HKNPDCAD_03914	154.022774927084	0.140410369556662	0.360770320505321	0.389196010802642	0.697131154208366	0.875286845468737
TH2_HKNPDCAD_03915	51.9485374372302	-0.670424359070805	0.331255122655618	-2.02389129471002	0.0429813378376488	0.247411777418784
TH2_HKNPDCAD_03916	52.1023487325822	-1.72001600779662	0.381211186406093	-4.51197674447135	6.42262315108959e-06	0.000293949698861475
TH2_HKNPDCAD_03917	71.6805035278806	0.226028095614864	0.343392287790078	0.658221234581246	0.510395981921027	0.78496543754191
TH2_HKNPDCAD_03919	185.754261291414	-0.354051326311385	0.319581847131966	-1.10785806355636	0.267923119259688	0.609034993048851
TH2_HKNPDCAD_03920	422.364337238092	0.28113015434563	0.310840543444634	0.904419195868845	0.365773163267948	0.68844918826768
TH2_HKNPDCAD_03921	244.440287371139	0.492894674368688	0.324228194718676	1.52020916871946	0.128458413772048	0.426536473782288
TH2_HKNPDCAD_03922	569.706229484605	0.862631113212885	0.394519320699077	2.1865370539631	0.0287763368451827	0.19852961328184
TH2_HKNPDCAD_03923	145.016318573489	0.808362619137562	0.448291059124447	1.80320932725352	0.0713553461930231	0.31531681429779
TH2_HKNPDCAD_03924	31.4774262420755	2.35167870979474	0.610312229693077	3.85323871189242	0.000116565645716918	0.00409257191743097
TH2_HKNPDCAD_03925	104.23921495591	0.784647986599847	0.383171053617226	2.04777469277124	0.0405820811652029	0.239107756382563
TH2_HKNPDCAD_03926	48.1109026906502	0.0330666114604396	0.32325504404795	0.102292638798034	0.918524398047479	0.974280352729459
TH2_HKNPDCAD_03927	59.140803319128	1.1672072035595	0.354022275660526	3.29698802534885	0.000977276677733786	0.021048404412031
TH2_HKNPDCAD_03928	22.2735159559489	0.503410857654602	0.471761565150151	1.06708747562845	0.285932336848599	0.622072278168788
TH2_HKNPDCAD_03929	314.463139388158	0.879910283657478	0.421092736521608	2.08958789203035	0.0366548351206528	0.225561446372708
TH2_HKNPDCAD_03930	0.618348066746483	1.2494813468625	2.61883364703745	0.477113675500531	0.633281177040964	0.851931934635839
TH2_HKNPDCAD_03931	400.985666983575	0.652038528258766	0.383247515643419	1.70135095895947	0.0888771042852355	0.353165919818696
TH2_HKNPDCAD_03932	659.086789736383	0.936902535945178	0.40297646505045	2.32495596443302	0.0200743149750895	0.157340884651848
TH2_HKNPDCAD_03933	848.281641694595	0.325935328865417	0.301937405773087	1.0794797949293	0.280373896210635	0.618546824418721
TH2_HKNPDCAD_03934	822.573512321433	0.487603343962686	0.266989701192725	1.82630019729005	0.067805055542186	0.307855371753096
TH2_HKNPDCAD_03935	524.685783357136	-0.0733896124041134	0.33848265824628	-0.216819416345741	0.828349079823171	0.936777571127355
TH2_HKNPDCAD_03936	6.26912293676144	0.602589440455491	0.778948476720436	0.773593451254363	0.43917124597643	0.745805736266077
TH2_HKNPDCAD_03937	588.712039961038	0.412924707874506	0.211418567649975	1.9531146789252	0.0508060079879401	0.269604971542974
TH2_HKNPDCAD_03938	1104.86920417052	-0.482972845031042	0.391129987680686	-1.23481415448344	0.216899678250731	0.550955277855921
TH2_HKNPDCAD_03939	168.105963154986	0.0101232535482959	0.260423820592475	0.0388722257636228	0.968992260456223	0.990384973702169
TH2_HKNPDCAD_03940	487.187342160883	-0.0151545444563388	0.285286538870704	-0.0531204329385026	0.957635951305197	0.988092167147834
TH2_HKNPDCAD_03941	890.398455464309	-0.107163991551307	0.226653392543621	-0.472810004512429	0.636348735796531	0.852895012489516
TH2_HKNPDCAD_03942	2652.35152347064	-0.339868777690787	0.211182880656712	-1.60935761759619	0.107538167033077	0.391482091649477
TH2_HKNPDCAD_03943	109.360319102414	-0.223368114282503	0.455672725820462	-0.490194171442492	0.623996504855153	0.846864200129075
TH2_HKNPDCAD_03944	57.5871292711188	-0.278564860266865	0.408229234839691	-0.682373618773911	0.495002732845188	0.776054074011011
TH2_HKNPDCAD_03945	82.0522801489856	0.34589643172447	0.379722496383871	0.910918986940385	0.362338060713033	0.684861688501109
TH2_HKNPDCAD_03946	456.55962850222	-0.220881228278284	0.330634120519107	-0.668053339236414	0.504099545180678	0.780668963322102
TH2_HKNPDCAD_03947	185.650108812326	0.107468283147116	0.240400966283966	0.447037650506666	0.654847875524938	0.862252815294332
TH2_HKNPDCAD_03948	194.001590100937	-0.0118072788475918	0.325521627094476	-0.0362718721732274	0.971065577929823	0.991109785264812
TH2_HKNPDCAD_03949	435.372772385194	-0.228180871955665	0.353773559118733	-0.644991311742105	0.518932816058371	0.79185865406601
TH2_HKNPDCAD_03950	342.049095344905	-0.181048406732106	0.252566292965952	-0.716835190499918	0.473475795254603	0.762957446533334
TH2_HKNPDCAD_03951	614.234704340574	-0.5304692732875	0.226092027983575	-2.34625377116807	0.0189631912239645	0.152073843620957
TH2_HKNPDCAD_03952	2980.84020687797	-1.43202345729216	0.298878030955074	-4.79133060638846	1.65678864836391e-06	8.24533845778001e-05
TH2_HKNPDCAD_03953	249.639094753438	-0.472495028597324	0.246408074120778	-1.91753062590688	0.055170554036649	0.279450849794331
TH2_HKNPDCAD_03954	9683.1506265666	0.0633462618146861	0.273766103680353	0.231388257943901	0.817013186477088	0.93060580783074
TH2_HKNPDCAD_03956	857.832806755606	-0.496701965086076	0.335189357252772	-1.48185482127795	0.138378928463945	0.44472124595999
TH2_HKNPDCAD_03957	138.382820916186	0.330252851689817	0.306667771891565	1.07690759173283	0.281521551151472	0.619222836315412
TH2_HKNPDCAD_03958	380.788738620823	0.258258242367372	0.266872153954241	0.967722703701988	0.333182876227409	0.658710149088024
TH2_HKNPDCAD_03959	15.2289070575318	0.535715541066367	0.524592280050939	1.02120363077846	0.30715797251807	0.638739053601471
TH2_HKNPDCAD_03960	227.616788588729	0.549720577384672	0.287883221587391	1.90952628066862	0.0561942348075449	0.281191347553225
TH2_HKNPDCAD_03961	465.0742680506	-0.156324436386685	0.313562854796673	-0.498542585626262	0.618101661218118	0.844228381402631
TH2_HKNPDCAD_03962	1169.2112673757	0.0982426238729401	0.425200771965301	0.231049965922821	0.817275984823435	0.93060580783074
TH2_HKNPDCAD_03963	1584.20629043849	0.734857694682335	0.431756863262704	1.70201740194506	0.0887521061585858	0.352942820922351
TH2_HKNPDCAD_03964	398.650248570325	0.168190102744477	0.372385913827661	0.451655383566187	0.651517264770221	0.860611891422616
TH2_HKNPDCAD_03965	202.69374112847	-0.403898205826769	0.36746824171335	-1.09913772124514	0.271707998686745	0.612747558850969
TH2_HKNPDCAD_03966	602.610718907477	0.327971815525252	0.301124132720884	1.08915819055012	0.276084132552091	0.616111129064875
TH2_HKNPDCAD_03967	7124.07898356369	-0.159012212825146	0.311884003537427	-0.509844079919488	0.610160701213681	0.839646645482236
TH2_HKNPDCAD_03968	2839.73707001666	-0.189910303612565	0.447460630538409	-0.424417905512837	0.671261064625055	0.86660620871618
TH2_HKNPDCAD_03969	918.862938543999	0.0376702335741852	0.374569387858483	0.100569439989627	0.919892257032752	0.974280352729459
TH2_HKNPDCAD_03970	3003.17708325122	0.108189705796438	0.347715775462299	0.311144082124534	0.75569109045906	0.900389984632114
TH2_HKNPDCAD_03971	1534.85603089168	-0.474979958239223	0.254167930224283	-1.86876431586035	0.0616556115067848	0.293745197081724
TH2_HKNPDCAD_03972	367.639503110595	0.297189810667063	0.29746404097441	0.999078106024348	0.317756856217458	0.647711713571564
TH2_HKNPDCAD_03973	100.145613980203	-0.00494315984501889	0.394700377192968	-0.0125238285308306	0.990007691783188	0.99638955137979
TH2_HKNPDCAD_03974	93.7783453346135	-0.970904941450896	0.386243018043907	-2.51371518990286	0.0119466869585224	0.117540724279051
TH2_HKNPDCAD_03975	22.8078247870341	-1.42270643881005	0.546793003374602	-2.60191046708651	0.0092706051327168	0.0996249935226547
TH2_HKNPDCAD_03976	2956.58054741678	-0.0265672095291285	0.346666066514068	-0.0766363140075334	0.938912869489052	0.981677908301743
TH2_HKNPDCAD_03977	601.477121527129	0.13842105355141	0.225694043238682	0.613312835221897	0.539669508138709	0.803109911495498
TH2_HKNPDCAD_03978	5632.34423783564	0.202363654383036	0.196301824675523	1.03088014957341	0.302597026413936	0.633624329002384
TH2_HKNPDCAD_03979	261.632064685986	0.382982134989479	0.256540447447148	1.49287232793331	0.135470609906707	0.438397945948095
TH2_HKNPDCAD_03980	234.625904522472	0.820811175308341	0.276240737473304	2.97136180136236	0.00296482276340291	0.0469064243370473
TH2_HKNPDCAD_03981	244.364847127795	0.404737802003326	0.295547239854684	1.36945214647354	0.170857983454115	0.498777789004741
TH2_HKNPDCAD_03982	1397.17645799999	0.539536103160569	0.299554004270664	1.80113133347757	0.0716821821153531	0.31594399443104
TH2_HKNPDCAD_03983	120.670607648243	0.134895748963122	0.262058602511293	0.514754133886174	0.606724839861032	0.838521004669418
TH2_HKNPDCAD_03984	30.9267702984245	-0.92450390727564	0.437776972303997	-2.11181484126501	0.0347023338261641	0.217995298030536
TH2_HKNPDCAD_03985	298.595244377988	-0.506312788117755	0.247758458708038	-2.04357417606638	0.0409956325871806	0.240361723763963
TH2_HKNPDCAD_03986	10174.4574768474	0.445166483767701	0.294021664397463	1.51406014478551	0.130010585824301	0.428575088704415
TH2_HKNPDCAD_03987	783.052411217135	-0.142972508449054	0.356362209179325	-0.401199972293102	0.688272901141775	0.873330700486242
TH2_HKNPDCAD_03988	19.3765472967863	-0.832742029453642	0.501755183584438	-1.65965804977778	0.0969832631220597	0.370168433926789
TH2_HKNPDCAD_03989	80.6852158599412	-0.0117330718649298	0.359646169757529	-0.0326239311066212	0.973974485722247	0.991774575648041
TH2_HKNPDCAD_03990	596.117994368683	0.797351926295474	0.2827850559898	2.8196395439094	0.00480776218485923	0.0658946228866
TH2_HKNPDCAD_03991	286.301046805918	-0.0139489414619886	0.232235202794225	-0.0600638546359754	0.952104777786107	0.987495207402243
TH2_HKNPDCAD_03992	85.1935119321489	-0.477043822751134	0.301353657028109	-1.58300326419015	0.113420720398796	0.400409512923021
TH2_HKNPDCAD_03993	10.0586170262701	0.799605370727934	0.629201994583622	1.2708245962524	0.203791056413948	0.539026292661454
TH2_HKNPDCAD_03994	924.271587422214	0.380546505736945	0.224310323074115	1.69651802253973	0.0897878200068079	0.354330396159441
TH2_HKNPDCAD_03995	1605.16575889694	-0.50730785340652	0.365409751126178	-1.38832598704062	0.16503780244657	0.490709846485569
TH2_HKNPDCAD_03996	40.5091251672783	-0.0314128708375508	0.484762417446678	-0.0648005491081745	0.948332804245968	0.985635432799033
TH2_HKNPDCAD_03997	1.62728245190018	-0.797633679578035	1.49434140004441	-0.53376937797101	0.593501102417307	0.83239506398856
TH2_HKNPDCAD_03998	163.069336355598	-0.273491502924132	0.286141754764232	-0.955790262590218	0.339178208851836	0.664133170069642
TH2_HKNPDCAD_03999	170.505838262817	0.266536958202188	0.327608873260319	0.813582842093526	0.415883970486461	0.730247525071357
TH2_HKNPDCAD_04000	97.2638321324617	0.929687833905064	0.398562895043189	2.33260006254301	0.0196691456612925	0.155113908707362
TH2_HKNPDCAD_04001	1011.47048915871	0.423672971311823	0.334558348063245	1.26636496672243	0.205382447435417	0.541002274179829
TH2_HKNPDCAD_04002	941.016349433583	-0.107184177236124	0.33423879220852	-0.320681440140124	0.748451813681731	0.900372592203685
TH2_HKNPDCAD_04003	0.469765037288	2.23048850801436	2.71736721553184	0.82082704732191	0.411744789948235	NA
TH2_HKNPDCAD_04004	1383.20910456701	-0.350400846541722	0.328363889962555	-1.06711138847112	0.285921539790342	0.622072278168788
TH2_HKNPDCAD_04005	1041.09714457762	-0.321683801633495	0.241647125654195	-1.33121302710563	0.183118926141888	0.514902696326558
TH2_HKNPDCAD_04006	1080.41489553781	-0.179175177218497	0.280275805023507	-0.639281643320832	0.522639728015215	0.793030932333349
TH2_HKNPDCAD_04007	2005.55535948498	0.598679048495146	0.233695006867495	2.56179649073374	0.0104132316671288	0.108272262729619
TH2_HKNPDCAD_04008	289.04110810371	1.42357558169002	0.294831979643922	4.8284300210897	1.37613675733433e-06	7.05407701809576e-05
TH2_HKNPDCAD_04009	566.398187075701	0.895679631834147	0.39002893718022	2.29644404927904	0.0216505048027241	0.165395659640482
TH2_HKNPDCAD_04010	1840.86313634448	0.545194691193732	0.248989680661862	2.18962765743745	0.0285512515078944	0.198042916413351
TH2_HKNPDCAD_04011	607.993000003578	0.0690292844965002	0.259853921928371	0.265646498556709	0.790511471124129	0.917173945213451
TH2_HKNPDCAD_04012	2898.79799375539	0.549917036933962	0.386228293653617	1.42381344393983	0.154500482935666	0.474801843841861
TH2_HKNPDCAD_04013	33.4235811466858	0.558050224730707	0.387403380428722	1.44048878487621	0.14972916074622	0.467576265084189
TH2_HKNPDCAD_04014	21.5741850920051	-0.00654537137578106	0.423682096239873	-0.0154487797192056	0.987674147471929	0.995246251217045
TH2_HKNPDCAD_04015	6.64853720290299	-0.636837831354565	0.787234334096933	-0.808955864564909	0.41854053357117	0.731361737276818
TH2_HKNPDCAD_04016	2.1266648113574	-0.463428231586616	1.38372871462384	-0.334912636190104	0.737690989740714	0.897130252292028
TH2_HKNPDCAD_04017	26.8539238826433	-0.417590217688893	0.394357720383128	-1.05891224161452	0.289639748635128	0.62469697707948
TH2_HKNPDCAD_04018	5.6745872742647	0.000183985285317372	0.813824117389865	0.000226074997515996	0.999819618251435	0.999819618251435
TH2_HKNPDCAD_04019	3.92659995178266	-0.623137369368759	1.06807846166116	-0.583419094885227	0.559611206518162	0.815327413494332
TH2_HKNPDCAD_04020	8.77587586249988	-1.22448598999789	0.66243730954254	-1.84845565362779	0.0645364540290866	0.302114008109765
TH2_HKNPDCAD_04021	8.44506722527989	-0.789467790231642	0.640676170047605	-1.23224153970481	0.217858870382401	0.55147463775751
TH2_HKNPDCAD_04022	10.0547461608859	-0.645269733299452	0.666148714775997	-0.968657176673281	0.332716265444787	0.658517103875453
TH2_HKNPDCAD_04023	13.3968808199285	-0.28064859077912	0.529781060918444	-0.529744476506162	0.59628910627948	0.832414382655662
TH2_HKNPDCAD_04024	4.88642513207725	-1.33035913809932	0.847427773875194	-1.56987908481656	0.116443244266889	0.405574835441086
TH2_HKNPDCAD_04025	17.2040757320252	-0.281320790825281	0.517968006938268	-0.543123874557776	0.587044515612692	0.829727887942116
TH2_HKNPDCAD_04026	36.4033900449556	0.383858155088764	0.497760992565458	0.771169619198885	0.440606399333276	0.746814134529959
TH2_HKNPDCAD_04027	126.10168656907	0.417228045072253	0.36491145809201	1.14336789327961	0.252885877076375	0.589927529205362
TH2_HKNPDCAD_04028	543.918762160533	1.18459314661081	0.205243132652073	5.77165789327005	7.84953578557737e-09	4.90691712644751e-07
TH2_HKNPDCAD_04029	167.883844750144	0.507246865098042	0.281953882129847	1.79904196128231	0.0720120433287749	0.316484869665952
TH2_HKNPDCAD_04030	300.442922336775	0.27091820147699	0.249096966774914	1.08760136658667	0.276771127198079	0.616838607833631
TH2_HKNPDCAD_04031	372.386196879517	-0.439870287585447	0.256717162206961	-1.71344324549222	0.0866310261232744	0.350327724623116
TH2_HKNPDCAD_04032	518.522137635005	0.280752143610556	0.316955159171274	0.885778746572936	0.375736764720045	0.698625018129601
TH2_HKNPDCAD_04033	722.54380941717	0.360826102175951	0.393881390395015	0.916078065567114	0.359625951368906	0.682251157186163
TH2_HKNPDCAD_04034	358.373452504742	-0.147700165209234	0.375103078867167	-0.393758871975397	0.693759071741578	0.874836162791471
TH2_HKNPDCAD_04035	5138.10504416974	-0.375102471444067	0.29195682932083	-1.28478745407894	0.198866567672349	0.532318551377786
TH2_HKNPDCAD_04036	1247.63024981892	0.651235020040349	0.272604822147708	2.38893433692631	0.0168973220798883	0.142226064009044
TH2_HKNPDCAD_04037	1050.69855488996	-0.0532228030802754	0.220493757757544	-0.241380089947034	0.809260542522311	0.925703158304248
TH2_HKNPDCAD_04038	352.016545094319	-0.0831399780200854	0.260394775737888	-0.319284355012458	0.749510895222402	0.900372592203685
TH2_HKNPDCAD_04039	22661.5554906597	-0.0935762593545316	0.212743452597999	-0.439854943650621	0.660042170601656	0.863987785113403
TH2_HKNPDCAD_04040	505.152890820649	0.244741314513464	0.216637692985275	1.12972637005555	0.258591542057515	0.597090200264335
TH2_HKNPDCAD_04041	182.935432564651	-0.130931484977709	0.272971922329399	-0.479651840601072	0.631474977697458	0.851370141168563
TH2_HKNPDCAD_04042	213.659834697922	0.331144792416574	0.262297098725033	1.26247981402079	0.206776185401223	0.543033443218991
TH2_HKNPDCAD_04043	69.4116750328336	0.655135162652733	0.304033750721854	2.1548106455197	0.0311766548614395	0.206474848604314
TH2_HKNPDCAD_04044	699.263030268342	-0.370178113000477	0.249094741934944	-1.48609364503229	0.137254352999655	0.441938325047885
TH2_HKNPDCAD_04045	85.6375504951496	0.557406801313754	0.345563044326243	1.61303938735854	0.106735950894671	0.390174053372646
TH2_HKNPDCAD_04046	26.2341406241788	-0.731242893805537	0.397298699867511	-1.84053684054186	0.065689460729662	0.305188541893283
TH2_HKNPDCAD_04047	112.801765809346	-0.0376869672523428	0.371495089939982	-0.101446743908328	0.919195831567516	0.974280352729459
TH2_HKNPDCAD_04048	717.324496633492	-0.726364977340153	0.203542382011157	-3.56861784834737	0.000358869426340492	0.00983724427498054
TH2_HKNPDCAD_04049	2298.29396753534	-0.0531364377242975	0.298527394313826	-0.1779951814688	0.858726759946756	0.952121365511818
TH2_HKNPDCAD_04050	154.657447895173	0.352108695643657	0.285606292344206	1.23284642209249	0.217633067964131	0.55147463775751
TH2_HKNPDCAD_04051	363.714756498259	-0.368178470464661	0.279478231516731	-1.31737798849861	0.187711955358827	0.520395610151081
TH2_HKNPDCAD_04052	268.471996038431	0.698796229241262	0.39024571218084	1.79065703332427	0.0733483486723146	0.319383238494997
TH2_HKNPDCAD_04053	6251.09844800699	1.86778437049926	0.577519898079596	3.23414721589702	0.00122006548254315	0.025217966385146
TH2_HKNPDCAD_04055	6391.7909433426	-0.145168195040617	0.229641929073141	-0.632150215888408	0.527288724694391	0.796104744804923
TH2_HKNPDCAD_04056	12839.5720074838	-0.46979920618187	0.272439414297059	-1.72441717874792	0.0846325585466711	0.347061196088189
TH2_HKNPDCAD_04057	4183.83107841985	0.194399451021709	0.251415256187365	0.773220583228388	0.439391846609624	0.745805736266077
TH2_HKNPDCAD_04058	3629.14351461107	-0.334615647882956	0.265461640047944	-1.26050471104798	0.207487349493052	0.543033443218991
TH2_HKNPDCAD_04059	1128.49750546541	0.119328929310582	0.257516478495093	0.463383663864663	0.643089386071177	0.854759170674226
TH2_HKNPDCAD_04060	4372.43805116132	-0.649822992292683	0.354834937004602	-1.83133881285274	0.0670499878756271	0.307132659550351
TH2_HKNPDCAD_04061	4528.59979320638	0.232758458325784	0.196478168329191	1.18465303450817	0.23615465888889	0.571543334024765
TH2_HKNPDCAD_04062	6060.85784736411	0.0968342830033185	0.222818136743165	0.43458887332379	0.663860872814362	0.865534678727702
TH2_HKNPDCAD_04063	8.61567528855822	0.239307678478685	0.672913288316137	0.355629295235819	0.722118201644355	0.889177103154762
TH2_HKNPDCAD_04064	3887.61719524454	-0.523681692501349	0.301425685914189	-1.73734926044237	0.0823255414897943	0.341977897631025
TH2_HKNPDCAD_04065	377.730399686675	-0.012486470064378	0.228557132912713	-0.0546317233912214	0.956431864878988	0.988092167147834
TH2_HKNPDCAD_04066	26.1355690464701	0.175261250913606	0.425263255054687	0.412124134475405	0.68024843987924	0.872058615747665
TH2_HKNPDCAD_04067	118.619677343189	0.395484548919917	0.259687588828231	1.52292433652464	0.127777636360692	0.425870067610472
TH2_HKNPDCAD_04068	241.644977245305	0.263008470112849	0.228810457616734	1.14946000655878	0.25036634880361	0.587852494129043
TH2_HKNPDCAD_04069	67.5281974278483	0.221523601658625	0.408244283884343	0.542625115411006	0.587387942962279	0.829727887942116
TH2_HKNPDCAD_04070	96.8767358715958	0.86321179282161	0.279050481117594	3.09338937300683	0.00197884315004267	0.0349777585762714
TH2_HKNPDCAD_04071	3704.7397826503	-0.158887333048723	0.240787221580587	-0.659866134115204	0.509339738571445	0.784435919212063
TH2_HKNPDCAD_04072	14.1296521678146	0.221187507119154	0.507422809510869	0.435903753188328	0.662906561928016	0.86539681741818
TH2_HKNPDCAD_04073	3398.97308912166	-1.51275502212729	0.43122452951264	-3.50804492461729	0.000451412813528823	0.0119275365059214
TH2_HKNPDCAD_04074	149.795688102988	-0.802062113027134	0.439718260787856	-1.82403639910259	0.0681465695792539	0.30853783702557
TH2_HKNPDCAD_04075	10.7210874417918	-0.0338465800743576	0.632282704897151	-0.0535307700372148	0.957309014843808	0.988092167147834
TH2_HKNPDCAD_04076	9.95713873109466	0.673448505640737	0.741167631279037	0.908631836064621	0.363544495850841	0.685877469904825
TH2_HKNPDCAD_04077	111.01391986974	-0.013942297680682	0.288155281154153	-0.0483846682415073	0.961409677964573	0.989257695973454
TH2_HKNPDCAD_04078	130.392708369846	-0.0574618712014868	0.294638953096192	-0.19502469241644	0.845373617010157	0.946567313410674
TH2_HKNPDCAD_04079	80.2338552656174	0.0404996788279386	0.325674229635338	0.124356412459428	0.901033083206701	0.968889361132274
TH2_HKNPDCAD_04080	22.3536771111223	-0.901348284208886	0.4138968607912	-2.1777122988705	0.0294274626886483	0.201395425556758
TH2_HKNPDCAD_04082	31.7985083783834	-0.317135986009002	0.451910987276837	-0.701766487068674	0.482824801734197	0.767272556482272
TH2_HKNPDCAD_04083	40.0052763576487	0.0104357944694773	0.521161124736538	0.0200241230094683	0.984024129043116	0.993869420465992
TH2_HKNPDCAD_04084	56.9066732053502	0.136599229307528	0.454378792217719	0.300628532068625	0.763697771906086	0.904260727710276
TH2_HKNPDCAD_04085	1835.67697532532	-0.485537041515949	0.210415837636868	-2.30751186302753	0.0210263016707862	0.163552082495372
TH2_HKNPDCAD_04086	3685.23269662416	-0.787740117500876	0.221737018681323	-3.55258730448164	0.000381462412296851	0.010345906483776
TH2_HKNPDCAD_04087	6.38461930054638	0.341884592731964	0.759845425734833	0.449939660295163	0.652753949347507	0.861121020505516
TH2_HKNPDCAD_04088	10.7243319051469	-0.724868295424938	0.671623844791709	-1.07927718922746	0.280464178509721	0.618546824418721
TH2_HKNPDCAD_04089	3295.69834740663	-0.643824449773179	0.267412973220244	-2.40760364772176	0.0160576034316302	0.138571170354439
TH2_HKNPDCAD_04090	3324.72271479869	0.380135323752782	0.344302190393829	1.10407465987354	0.269560752467492	0.611401954490426
TH2_HKNPDCAD_04091	10767.8802709808	-0.574295839805925	0.498849298948409	-1.15124114841208	0.249633041105631	0.587411272586366
TH2_HKNPDCAD_04092	746.188564391896	-1.33080239468521	0.236922629313238	-5.6170337065006	1.94263537915395e-08	1.17152340629919e-06
TH2_HKNPDCAD_04093	95.4485605651603	-0.112917796569211	0.298596015447113	-0.378162435959267	0.705309928775454	0.879449937947696
TH2_HKNPDCAD_04094	8.46955401503769	-0.418892872717255	0.75735697031889	-0.553098326329363	0.580196082666327	0.825387942141911
TH2_HKNPDCAD_04095	4.3142919911666	0.416359575265504	0.848096840656199	0.49093400105506	0.623473127892106	0.846602186377466
TH2_HKNPDCAD_04096	9.44897754004941	0.582479945223465	0.58606347653692	0.993885421192546	0.320278652754162	0.647711713571564
TH2_HKNPDCAD_04097	0.156681185410804	-1.19700691208727	4.0804728567969	-0.293350048902641	0.76925460189368	NA
TH2_HKNPDCAD_04098	2.83816027396592	1.52300332431431	1.15379231163198	1.31999780979655	0.186835749240172	0.519652767555681
TH2_HKNPDCAD_04099	15.1588846399204	0.0408542371870169	0.533603635132799	0.0765628914369173	0.938971280609334	0.981677908301743
TH2_HKNPDCAD_04100	167.219365834805	0.402503663203476	0.380813441218876	1.05695760610543	0.290530935855657	0.62469697707948
TH2_HKNPDCAD_04101	3697.13300069526	1.17671712106827	0.630531575368925	1.86623028415313	0.0620091537943911	0.294859853757002
TH2_HKNPDCAD_04102	4.96498667602115	0.042430763809467	0.91529928235712	0.0463572567217549	0.963025504057286	0.989597841224745
TH2_HKNPDCAD_04103	2681.85249374467	2.91374677021826	1.11202807569555	2.62020971763304	0.00878757076924466	0.0960449632476506
TH2_HKNPDCAD_04104	60.0871989726458	0.106813595586255	0.319877985281753	0.333919808492515	0.738440071876391	0.897321333786304
TH2_HKNPDCAD_04105	61.1167603324756	-0.0747200632729013	0.401323292510367	-0.186184217730077	0.852300299995094	0.950322993958414
TH2_HKNPDCAD_04106	0.686687422695774	-0.310270239378797	2.06404821525925	-0.150321216861606	0.880511194543862	0.961250947332621
TH2_HKNPDCAD_04107	88.0039032346735	0.387413137666193	0.347662039568431	1.11433833313268	0.2651340677835	0.605649390132897
TH2_HKNPDCAD_04108	823.149236443671	0.153358512680784	0.414475495105862	0.370006223508133	0.711377853289255	0.883577144647618
TH2_HKNPDCAD_04109	7891.98014953998	0.0180432668950956	0.392589367013019	0.0459596423417582	0.963342416642895	0.989597841224745
TH2_HKNPDCAD_04110	37.7807701294164	-0.256278422609524	0.346925555574803	-0.738713013473193	0.460081281933494	0.755611593923438
TH2_HKNPDCAD_04112	364.644086305674	0.903730057896732	0.416963524681638	2.16740794914076	0.0302037616828983	0.20323767436904
TH2_HKNPDCAD_04113	0.630415871841396	1.2246460898387	2.25946042045978	0.542008206361719	0.587812852613474	0.829727887942116
TH2_HKNPDCAD_04114	211.345638193845	-0.0884974267349399	0.313275040058623	-0.282491151284761	0.777566930661373	0.91291985491759
TH2_HKNPDCAD_04115	235.468611461237	0.23317453389064	0.299309397348615	0.779041807427964	0.435955087689248	0.744569832780504
TH2_HKNPDCAD_04116	146.837103503203	-0.104921370911278	0.281376459298789	-0.372886101320452	0.709233216753874	0.881768001232199
TH2_HKNPDCAD_04117	43.8997046702423	-0.475527984784517	0.37770359317485	-1.25899777862156	0.208031134228302	0.543647133132574
TH2_HKNPDCAD_04118	0.964510973195897	-0.233015803911377	1.79542401995897	-0.129783160591057	0.896737986125258	0.967194694318606
TH2_HKNPDCAD_04119	2.47987562214969	2.60941352962932	1.51831950926502	1.71861950907321	0.0856836769568716	0.34787647847234
TH2_HKNPDCAD_04120	30.2124860579935	-0.825646808589675	0.511860982689128	-1.61302938983947	0.106738122801809	0.390174053372646
TH2_HKNPDCAD_04121	10.6383392769427	1.0112417926093	0.829975864062209	1.21839903591884	0.223072371292771	0.559427091607997
TH2_HKNPDCAD_04122	20.206558566497	-0.502005691364396	0.466649274420681	-1.0757665743456	0.282031664771933	0.619222836315412
TH2_HKNPDCAD_04123	1.56877806458243	-0.613794849507162	1.36512412727205	-0.449625669376833	0.652980375869087	0.861121020505516
TH2_HKNPDCAD_04124	7.91021442427065	0.47363039288378	0.785056774055405	0.603307185590062	0.546304353638182	0.807687198883885
TH2_HKNPDCAD_04125	189.746966454622	-0.416626943073608	0.320958053636391	-1.29807287386407	0.194262294598857	0.526315286529461
TH2_HKNPDCAD_04126	995.048863242362	-0.0760567144089648	0.292969420056614	-0.259606324763408	0.795167457113451	0.919616323589193
TH2_HKNPDCAD_04127	25.6250130859238	0.00285987284233222	0.415516904622412	0.00688268710735376	0.994508453577263	0.998208406703946
TH2_HKNPDCAD_04128	798.172916558065	-0.0893254382912721	0.223700719221568	-0.39930778319402	0.689666432890392	0.873330700486242
TH2_HKNPDCAD_04129	50.8320954191885	0.317186782875658	0.311616418739646	1.01787570808541	0.30873702723919	0.639688873763702
TH2_HKNPDCAD_04130	1048.17079319973	0.728969519617471	0.333299136954962	2.18713293492858	0.0287328209628909	0.198496550209944
TH2_HKNPDCAD_04131	60.7594812265913	-1.92794956126743	0.508976245784737	-3.78789693474777	0.000151927844226747	0.00489800081450507
TH2_HKNPDCAD_04132	1507.22744674483	-1.61261409883385	0.40353668858843	-3.99620194256629	6.43668323488742e-05	0.00234003108241368
TH2_HKNPDCAD_04133	979.578018042258	-0.127401084236444	0.441902113975722	-0.288301594871853	0.773115886430919	0.910019787988657
TH2_HKNPDCAD_04134	542.676885947901	0.0476175792453888	0.234671900354783	0.202911295188726	0.839204365648368	0.943515987510439
TH2_HKNPDCAD_04135	412.918476616569	-0.324836696206022	0.445253178373887	-0.729555030673472	0.465662218418093	0.758337140627374
TH2_HKNPDCAD_04136	47.570471590955	0.229801847456182	0.480401634752139	0.478353591729028	0.63239855860556	0.85172753846876
TH2_HKNPDCAD_04137	25.9031591077416	0.717694912134479	0.485710273942179	1.47761937648434	0.139509685041383	0.44695415345133
TH2_HKNPDCAD_04138	0.940986017697426	0.796175975180437	1.72419282600412	0.461767363355528	0.644248157592187	0.854952247762416
TH2_HKNPDCAD_04139	291.421690698061	0.870572565398229	0.389030434910706	2.23780066358574	0.0252340571320787	0.183996837637319
TH2_HKNPDCAD_04140	6200.56392306671	-0.953383605994833	0.322326128442258	-2.95782290626689	0.00309820062459484	0.0482374309506771
TH2_HKNPDCAD_04141	53.6449791423731	-0.27384703089016	0.354278445382916	-0.772971188225062	0.439539432161494	0.745805736266077
TH2_HKNPDCAD_04142	281.955149010347	-0.276694061638402	0.390802105956775	-0.708015789630894	0.478935452165503	0.766533254035573
TH2_HKNPDCAD_04143	1796.90822184973	0.375706871346992	0.199782150503882	1.88058277678662	0.0600286964438549	0.290258336092563
TH2_HKNPDCAD_04144	6884.44110549602	-0.212883093092321	0.268337608619287	-0.793340501868883	0.427579465523523	0.739330775227761
TH2_HKNPDCAD_04145	345.649874994452	0.0374145615896381	0.372513522710124	0.100438129916569	0.919996499503758	0.974280352729459
TH2_HKNPDCAD_04146	261.154434057034	-0.12264701167961	0.307507761088447	-0.39884200400501	0.690009624847694	0.873330700486242
TH2_HKNPDCAD_04147	271.513244045311	0.328723703099494	0.273723353939344	1.20093407584191	0.22977677472685	0.566539560966731
TH2_HKNPDCAD_04148	402.586923806322	-0.0564073686309255	0.328735822684075	-0.171588749197968	0.863760853102721	0.955094470196687
TH2_HKNPDCAD_04149	295.677053947445	0.336146561747486	0.339416496865247	0.990366010055607	0.321995252781849	0.649368092004836
TH2_HKNPDCAD_04150	93.114574746061	-0.338952351500254	0.373341466840292	-0.907888304958235	0.363937237128409	0.686365812185514
TH2_HKNPDCAD_04151	91.65634913829	-0.394003106279075	0.386111230531725	-1.02043938410308	0.307520123421018	0.638937187542901
TH2_HKNPDCAD_04152	15.8190211477463	-0.558662344192813	0.548865305413902	-1.01784962299908	0.308749425425428	0.639688873763702
TH2_HKNPDCAD_04153	3.42325308577488	-0.584340481896255	0.973363655179404	-0.600331108303559	0.548285590556181	0.80872124577572
TH2_HKNPDCAD_04154	2.7528300466025	-0.228024759523295	1.10788339096055	-0.205820180520619	0.836931376905189	0.9419152956965
TH2_HKNPDCAD_04155	13.1214395554314	-1.19261448675824	0.557289997784887	-2.14002492687584	0.0323527523299014	0.210883163476244
TH2_HKNPDCAD_04156	35.2704924913995	-0.859832972237813	0.373250427356449	-2.30363560017222	0.0212431076871926	0.164639806781509
TH2_HKNPDCAD_04157	24.6517946616529	-0.428447146936733	0.469557350055072	-0.912449026485227	0.361532391198202	0.684029443600942
TH2_HKNPDCAD_04158	26.0421178174395	-0.860185969432296	0.57493283305108	-1.4961503674567	0.134614475028387	0.436454015809937
TH2_HKNPDCAD_04159	12.749519046275	-0.343379983862771	0.60280362974237	-0.5696382153663	0.568923103320683	0.822337514575693
TH2_HKNPDCAD_04160	11.3459912637119	-0.980623210237582	0.588278279536303	-1.66693764558252	0.0955268043042843	0.367610211772744
TH2_HKNPDCAD_04161	9.30559745542315	-0.110354010169682	0.644187999258716	-0.171307149926216	0.863982258740155	0.955094470196687
TH2_HKNPDCAD_04162	725.861549979395	0.861082066422103	0.533771779543312	1.61320268216284	0.106700480936294	0.390174053372646
TH2_HKNPDCAD_04163	456.833281983297	0.901822368276895	0.555606521719675	1.62313135829586	0.104561327432926	0.387549793507722
TH2_HKNPDCAD_04164	3377.67152874359	0.40603754261525	0.347414391677144	1.16874128516986	0.242507882822328	0.579385099711286
TH2_HKNPDCAD_04165	103.212709012849	-0.1351529394142	0.310657854501407	-0.435053990928749	0.663523238267369	0.865453459877276
TH2_HKNPDCAD_04166	721.326110532767	0.448771847823858	0.263267756604693	1.70462138475129	0.088265060386204	0.352914562759175
TH2_HKNPDCAD_04167	2329.20691752382	0.164520603197123	0.226243177302559	0.72718481573085	0.467112746680624	0.758966013264925
TH2_HKNPDCAD_04168	541.677891046394	0.274585720096547	0.294128348342754	0.933557481431766	0.350532206498748	0.673033854678595
TH2_HKNPDCAD_04169	665.269294420173	0.351830197399959	0.28552960325968	1.232202172326	0.217873572048399	0.55147463775751
TH2_HKNPDCAD_04170	970.975490549738	0.62996179250419	0.255013243882738	2.47031010198773	0.0134995971610443	0.125273669793952
TH2_HKNPDCAD_04171	3667.50931898185	0.316812923021665	0.229533913626003	1.38024450512299	0.167511375240538	0.49480740815823
TH2_HKNPDCAD_04172	5268.46547071829	0.421488714010626	0.304350823279597	1.38487785072761	0.166089820788729	0.492125099053772
TH2_HKNPDCAD_04173	1138.8560441034	0.536745619319401	0.266440002165711	2.01450838821708	0.0439561850856314	0.249355242904759
TH2_HKNPDCAD_04174	418.51510326782	-0.116615076329096	0.276271048340064	-0.422103861514847	0.672949209499981	0.867589951684332
TH2_HKNPDCAD_04175	154.492764558219	0.190616292104983	0.248627114757225	0.766675397778364	0.443274534620502	0.747914985421928
TH2_HKNPDCAD_04176	96.1482609561157	0.362788541250507	0.264775052954272	1.37017644677107	0.170631828784304	0.498777789004741
TH2_HKNPDCAD_04177	166.600499843394	-0.0931144759120071	0.25486100627324	-0.365353952232997	0.714847209652157	0.88497949858239
TH2_HKNPDCAD_04178	0.803190631205075	1.67513975544985	1.94090474580387	0.863071595384268	0.388098104043872	0.707968285170422
TH2_HKNPDCAD_04179	16.5514212004509	0.606808641912839	0.47420913189458	1.2796224304844	0.200677957256845	0.534544043603382
TH2_HKNPDCAD_04180	39.8448695590039	-0.0447563147017399	0.405758101784383	-0.110302947753643	0.912169119561925	0.972846890622571
TH2_HKNPDCAD_04181	1363.7903609529	-0.448207416755663	0.207476127138136	-2.1602842839709	0.0307506688461142	0.204895498522912
TH2_HKNPDCAD_04182	1248.84521897375	0.611837135359384	0.282304005650736	2.16729880948392	0.0302120772277036	0.20323767436904
TH2_HKNPDCAD_04183	103.244783213738	-0.715732421106261	0.291002445557034	-2.45954091463463	0.0139114839827653	0.127670449257712
TH2_HKNPDCAD_04184	685.460854331116	0.164041532780535	0.217065289490316	0.75572438673044	0.449814459590714	0.751399768825315
TH2_HKNPDCAD_04185	274.749761295475	0.419232803843529	0.259943735413741	1.61278287078646	0.106791688818147	0.390174053372646
TH2_HKNPDCAD_04186	1405.47609654377	0.173182393175339	0.257467851554312	0.672636960808318	0.501178281537649	0.7791262672719
TH2_HKNPDCAD_04187	299.036191279164	0.142004612782931	0.271371077966212	0.523285730547201	0.60077542951994	0.834573130547212
TH2_HKNPDCAD_04188	576.172352345992	0.297475106619618	0.221964101044818	1.34019467661373	0.180182061848493	0.511130741026771
TH2_HKNPDCAD_04189	1540.21233238216	0.146042228687976	0.300096018109439	0.486651671048556	0.626505199555045	0.848920341770859
TH2_HKNPDCAD_04190	247.376811955943	0.179059468288374	0.293246863323295	0.610610003664275	0.541457798424927	0.804469923883542
TH2_HKNPDCAD_04191	152.383895046633	-1.08112715760582	0.416977873254322	-2.59276865021185	0.00952067908731966	0.101672918753335
TH2_HKNPDCAD_04192	409.069163595338	-0.285909815187902	0.256964166568212	-1.11264468897069	0.265861059293052	0.606229443921791
TH2_HKNPDCAD_04193	4525.11660274392	-1.77962053348536	0.580216549264377	-3.06716610503723	0.002160987361418	0.0372970411266959
TH2_HKNPDCAD_04194	427.035844151697	1.5512617355581	0.590522374127914	2.6269313467572	0.0086158715214478	0.0951830978856496
TH2_HKNPDCAD_04195	914.960611250988	0.344715734965119	0.354702129542446	0.971845687562663	0.331127322939836	0.658155102499738
TH2_HKNPDCAD_04196	7.14496161146819	-0.296379080287759	0.657914975864869	-0.450482343707331	0.652362682508613	0.861121020505516
TH2_HKNPDCAD_04197	330.771366575867	0.485655642912982	0.349766192325971	1.38851510971754	0.164980247002503	0.490709846485569
TH2_HKNPDCAD_04198	170.174123020444	0.441584443842627	0.418247116544745	1.05579793948295	0.291060539826711	0.62469697707948
TH2_HKNPDCAD_04199	493.135798688753	0.399290667680098	0.343668358728394	1.16184879270676	0.245296890502425	0.581587354632483
TH2_HKNPDCAD_04200	554.10876591004	0.314548087282179	0.295476515004651	1.06454513746119	0.287081818014185	0.623325938052293
TH2_HKNPDCAD_04201	374.742517788107	-0.114827516184959	0.273994300825783	-0.419087243197699	0.675152373408316	0.868853074540899
TH2_HKNPDCAD_04202	4.51450009286393	-0.145339491408604	0.848044201709137	-0.171381976453219	0.863923425816245	0.955094470196687
TH2_HKNPDCAD_04203	1.5263673101655	0.0120401373902671	1.43639990108079	0.00838216250307992	0.993312080269006	0.998004026286597
TH2_HKNPDCAD_04204	351.465269526177	0.820701609893811	0.373698781947089	2.19615810792236	0.0280806286604389	0.196105316775763
TH2_HKNPDCAD_04205	99.7871693528199	0.625534750007369	0.362352316318181	1.72631641040232	0.0842905046396504	0.34621244133241
TH2_HKNPDCAD_04206	97.005554421242	0.79142770408567	0.4018786794705	1.96931995777538	0.0489163607760534	0.264366048738359
TH2_HKNPDCAD_04207	116.183594187451	1.04928297212851	0.279856246403356	3.74936413109814	0.000177283514673034	0.00564444283362716
TH2_HKNPDCAD_04208	61.1706594661942	0.242460089575962	0.314232725620043	0.771594012359917	0.440354921717266	0.746695113702517
TH2_HKNPDCAD_04209	1508.68609865913	-0.0625750935950927	0.276202878269889	-0.226554820815256	0.820769926542533	0.931842002980515
TH2_HKNPDCAD_04210	1625.96573740939	0.17672798069349	0.218024507057975	0.810587686119597	0.41760249071847	0.730979236286956
TH2_HKNPDCAD_04211	513.159820718422	0.114922811561722	0.223419689655989	0.514380857563068	0.60698574000586	0.838521004669418
TH2_HKNPDCAD_04212	418.738429253154	-0.256879601661379	0.213267244069978	-1.20449627781138	0.228397819859751	0.564768008611028
TH2_HKNPDCAD_04213	246.199723373522	0.397896645047139	0.294523899626601	1.35098253673673	0.17670102683225	0.505169806771954
TH2_HKNPDCAD_04214	161.179708726368	-0.116499442765059	0.246938248598793	-0.47177560959517	0.637086961994282	0.852915190669906
TH2_HKNPDCAD_04215	84.5931103009135	0.657689307861859	0.31883677504353	2.06277744395096	0.0391337780264184	0.23257236319696
TH2_HKNPDCAD_04216	284.912610832537	0.57450845072455	0.264057612386384	2.17569357509715	0.0295781809446279	0.201660455561381
TH2_HKNPDCAD_04217	74.4585267127869	0.0507998916189269	0.388726090193851	0.130682999933433	0.896026081089686	0.967194694318606
TH2_HKNPDCAD_04218	73.6157658685604	0.404312140451085	0.316481121694269	1.27752372175192	0.201417411018466	0.53551122867254
TH2_HKNPDCAD_04219	10729.6952100692	1.14079517586598	0.480625292882163	2.37356458921456	0.0176173115128083	0.146363596133963
TH2_HKNPDCAD_04220	7.19172786092869	-0.28470397314791	0.669193005045251	-0.425443737459058	0.670513227858888	0.86660620871618
TH2_HKNPDCAD_04221	585.852230865713	-0.462766221867924	0.252992094656424	-1.82917265654638	0.0673737472823566	0.307132659550351
TH2_HKNPDCAD_04222	938.530650988331	-0.19457512834969	0.434556488738227	-0.447755662134181	0.654329545315376	0.862013171237887
TH2_HKNPDCAD_04223	346.223208607084	-0.984485629015154	0.295399112129543	-3.33273049440793	0.000859982027448415	0.0188387515927375
TH2_HKNPDCAD_04224	676.520156247302	-1.31165214207887	0.289035446500611	-4.53803212705987	5.67816113624333e-06	0.000262218504363814
TH2_HKNPDCAD_04225	356.492809063927	-1.04492908807602	0.235933028558288	-4.42892245507653	9.47050637251983e-06	0.000418498410909799
TH2_HKNPDCAD_04226	92.5422219212295	-0.646534288258564	0.342803195384913	-1.88602176689926	0.0592920214979371	0.288737267611094
TH2_HKNPDCAD_04227	15.2135721021259	-0.944053280382216	0.501010395001431	-1.88429878861001	0.0595245711972649	0.28894218935339
TH2_HKNPDCAD_04228	34.7462903883289	-0.763291649251619	0.397031576956668	-1.92249607727026	0.0545433667157392	0.277645777343475
TH2_HKNPDCAD_04229	24.1856759100981	-0.390226372609722	0.476913844477563	-0.818232427362635	0.413224482180234	0.728651082096965
TH2_HKNPDCAD_04230	55.8434461370096	-1.53413459057523	0.429533621036116	-3.57162865825173	0.000354768194183287	0.0098299554777488
TH2_HKNPDCAD_04231	11.2559227888594	-0.785253986102935	0.628463809677861	-1.24948163125804	0.211488967840372	0.547521438964519
TH2_HKNPDCAD_04232	2.80255537221436	-1.53032226742662	1.63007119154548	-0.938807013683687	0.347829837263112	0.670543717867888
TH2_HKNPDCAD_04233	16.480777271292	-0.129541484289742	0.478434841874903	-0.270760975062124	0.786574876414078	0.915111851225275
TH2_HKNPDCAD_04234	81.1694483756329	0.0990843372333557	0.477047313763682	0.207703375272415	0.835460582068091	0.940952758599506
TH2_HKNPDCAD_04235	915.836345698868	0.804739273444481	0.421468532661819	1.90936976566693	0.0562144082021263	0.281191347553225
TH2_HKNPDCAD_04236	410.960157458544	-0.170731372274396	0.333476799803142	-0.511973763617686	0.608669371697667	0.839171382281399
TH2_HKNPDCAD_04237	198.775095869901	-0.0832615682232758	0.265578170554919	-0.313510587294516	0.753892778346402	0.900372592203685
TH2_HKNPDCAD_04238	235.76029455635	0.254646220434443	0.390458594394353	0.652172148571679	0.514290124855918	0.788352625601506
TH2_HKNPDCAD_04239	177.876832720446	-0.109583798554272	0.292265969541305	-0.374945460555185	0.707701028610066	0.880427330190008
TH2_HKNPDCAD_04240	482.299140885001	0.322353096048454	0.409375786301978	0.787425897756123	0.431032591375444	0.740369870467055
TH2_HKNPDCAD_04241	194.534648642804	0.237390841148463	0.32578593085885	0.728671249008955	0.46620278385281	0.758337140627374
TH2_HKNPDCAD_04242	110.355102881497	-0.787705121947038	0.302976002785614	-2.59989277931169	0.00932528920408987	0.100002996778587
TH2_HKNPDCAD_04243	28.3055907417891	-0.072886685460251	0.386751234908797	-0.18845883059026	0.85051698564173	0.950322993958414
TH2_HKNPDCAD_04244	71.3100839033769	-0.253129340729359	0.319922900462418	-0.791219823162033	0.428815725695268	0.739917383686689
TH2_HKNPDCAD_04245	403.767504919755	1.44040747976619	0.458711394307005	3.1401170706524	0.00168880331650303	0.0313652384072266
TH2_HKNPDCAD_04246	352.30291472574	0.821984220722452	0.470147493145236	1.74835393723673	0.0804027588539679	0.337244475579532
TH2_HKNPDCAD_04247	69.1401996302643	0.487967072147373	0.370317497443334	1.31769920545556	0.187604360652757	0.520386180311413
TH2_HKNPDCAD_04248	271.700667148404	0.0574215622717907	0.336804157080021	0.170489470111107	0.864625214770614	0.955269272439586
TH2_HKNPDCAD_04249	2228.7678921626	0.416632101208656	0.314902029288605	1.32305308463674	0.185817724992793	0.51850934039905
TH2_HKNPDCAD_04250	3489.94613263503	0.279668319449453	0.321177079317249	0.870760516422796	0.383884927958158	0.704292820584652
TH2_HKNPDCAD_04251	7089.39031638152	0.776654094901129	0.511859347824441	1.51731935384622	0.129186074118818	0.427506659737289
TH2_HKNPDCAD_04252	3512.75443076046	0.599022339702252	0.455414467385917	1.31533445377931	0.188397523719178	0.521413535184748
TH2_HKNPDCAD_04253	76.0581149246831	-0.212257619728072	0.430121623588799	-0.493482792046262	0.621671495722245	0.846173151107867
TH2_HKNPDCAD_04254	1407.6746605666	-0.00274535368292268	0.298826351343636	-0.00918712044830896	0.992669841550986	0.997956436626625
TH2_HKNPDCAD_04255	150.291381390189	0.256808746701402	0.361039479287969	0.71130378098227	0.476896009096592	0.765425596739962
TH2_HKNPDCAD_04256	197.818824298908	-0.0586331244296736	0.240349162306891	-0.243949776512254	0.807269717402399	0.924707166794345
TH2_HKNPDCAD_04257	155.395974490707	0.366723980140507	0.498640074000232	0.735448270730716	0.462066533173032	0.756247577346883
TH2_HKNPDCAD_04258	375.641185224805	-0.214509654613625	0.263196779735844	-0.815016258287492	0.415063003776166	0.730134851529385
TH2_HKNPDCAD_04259	91.8950136627453	-0.659795840980968	0.38896960773867	-1.69626579520386	0.0898355550938745	0.354330396159441
TH2_HKNPDCAD_04260	556.80988779993	1.04944939572337	0.545396660611375	1.92419475863121	0.0543301758745624	0.277310578345845
TH2_HKNPDCAD_04261	229.101627073535	-0.154853953579397	0.232319217865724	-0.666556796299565	0.505055273403851	0.78144078824876
TH2_HKNPDCAD_04262	57.6583533996332	-0.430161903812352	0.421639079289122	-1.02021355453484	0.307627190568841	0.638937187542901
TH2_HKNPDCAD_04263	83.5446113369476	0.400732841356433	0.350962829559591	1.14180992288926	0.253533036839526	0.589927529205362
TH2_HKNPDCAD_04264	78.6940222601761	-0.0465332794434529	0.349668227431576	-0.133078374850511	0.894131397383816	0.966944629322666
TH2_HKNPDCAD_04265	31.3869631799547	0.484453579552625	0.430334121342521	1.12576148514848	0.260266490643238	0.5987982706923
TH2_HKNPDCAD_04266	120.77825856122	-0.882713080506548	0.343635157066148	-2.56875078802437	0.0102065829086644	0.107431096488324
TH2_HKNPDCAD_04267	1.98255006996046	-0.698601967691017	1.28436338030768	-0.543928594042958	0.586490611275253	0.829727887942116
TH2_HKNPDCAD_04268	571.823217241029	0.508382520120232	0.275273274746618	1.84682846741365	0.0647720046579411	0.302662986213861
TH2_HKNPDCAD_04269	112.579203427374	0.486679582002957	0.259151914181061	1.87797023819368	0.0603852366237623	0.290825567517334
TH2_HKNPDCAD_04270	6055.43999417161	-0.926455570269819	0.265142412638499	-3.49418096128201	0.000475518579711471	0.0122812189331366
TH2_HKNPDCAD_04271	319.410566759998	0.487819313879998	0.277007633185346	1.76103202742286	0.0782329823672889	0.331149684240068
TH2_HKNPDCAD_04272	2088.8374067149	1.18328518428597	0.426039740704255	2.77740565312046	0.00547947453413585	0.0725782595916806
TH2_HKNPDCAD_04273	331.858292241712	0.486755605270582	0.360960170771035	1.34850225782761	0.177496894467531	0.506556892221397
TH2_HKNPDCAD_04274	123.517180200926	0.0965161909060244	0.392309411771942	0.246020584798336	0.805666297772118	0.924523268945574
TH2_HKNPDCAD_04275	1173.82388900324	0.162791038616059	0.210290159565501	0.774125802902123	0.438856400003497	0.745634042564776
TH2_HKNPDCAD_04276	424.584686772553	0.0836731809762648	0.243599695045969	0.343486394596985	0.731232574482586	0.891814936187898
TH2_HKNPDCAD_04277	153.275432502116	0.781310381772323	0.30962289088957	2.5234257697406	0.0116217593922277	0.116047403300073
TH2_HKNPDCAD_04278	11.5921818532685	-1.36106470390509	0.562010872413538	-2.42177646503534	0.0154448478211127	0.135798095936576
TH2_HKNPDCAD_04279	312.461555674158	0.541802152388109	0.237501123532415	2.28126142870293	0.0225329816899338	0.168619071741023
TH2_HKNPDCAD_04280	804.189708825413	0.133840985717749	0.209420510592729	0.639101611102634	0.522756831906825	0.793030932333349
TH2_HKNPDCAD_04281	16.377233792629	-0.126575940733433	0.51021638527653	-0.248082861284102	0.804070295908271	0.924347238579456
TH2_HKNPDCAD_04282	9.76171679155212	0.0975226177245483	0.612289382254043	0.15927536970433	0.873451925153606	0.958865310116994
TH2_HKNPDCAD_04283	15.5535010679876	-0.344015300975053	0.510736663186046	-0.673566880491873	0.500586715246253	0.7791262672719
TH2_HKNPDCAD_04284	705.18356962241	1.9021115031536	0.514364459764354	3.69798392374353	0.00021731864875885	0.00663080591391586
TH2_HKNPDCAD_04285	182.889607747896	-0.208001441960986	0.291690878776049	-0.713088605422878	0.475790929980217	0.76511007457286
TH2_HKNPDCAD_04286	812.056583617232	0.0577236880978922	0.235601859658118	0.245005231205115	0.806452380871705	0.924707166794345
TH2_HKNPDCAD_04287	687.358913321878	-0.941584282727501	0.357595855275326	-2.63309618620311	0.00846103820142221	0.0943391232430963
TH2_HKNPDCAD_04288	251.041023345222	-0.457538170451968	0.439781051299452	-1.04037718109966	0.298164698952013	0.631706341774874
TH2_HKNPDCAD_04289	33.2686053080083	-0.874478564723337	0.486922014906786	-1.79593145914904	0.072505418440194	0.317017268057477
TH2_HKNPDCAD_04290	580.773221475681	-0.361638706987512	0.221628280802444	-1.63173537997108	0.102735243443625	0.382440710161234
TH2_HKNPDCAD_04291	0.454567959006395	0.633300536996829	2.48508101917324	0.254841002007863	0.798845905490979	NA
TH2_HKNPDCAD_04292	85.0123057094824	-0.274774532910111	0.425219804331394	-0.646194109754978	0.518153653704654	0.791345479881165
TH2_HKNPDCAD_04293	2344.73055613824	-1.25132789799203	0.501391825690919	-2.49570861325411	0.0125705815155882	0.120442618409168
TH2_HKNPDCAD_04294	1932.83050681696	-1.01243493618618	0.448181869912614	-2.25898235549684	0.0238844824612625	0.176924648983282
TH2_HKNPDCAD_04295	483.955033217337	-1.23326421859898	0.471882022589383	-2.6135011709741	0.008961977659373	0.0973285963600551
TH2_HKNPDCAD_04296	900.875223338242	-0.734627140146495	0.364000378189536	-2.01820433209543	0.0435699851687049	0.248706138259378
TH2_HKNPDCAD_04299	804.99849697127	0.494672973489258	0.246236061621173	2.00893796884348	0.0445437126334983	0.251189296984942
TH2_HKNPDCAD_04300	362.562796831537	0.224058661936489	0.235410129082202	0.951780039414748	0.341208547141278	0.665840264404135
TH2_HKNPDCAD_04301	698.228798440405	0.305530529741167	0.198459160199798	1.53951336604254	0.123679017374079	0.419020914117334
TH2_HKNPDCAD_04302	645.604866293585	-0.0417626738163191	0.226023231478924	-0.18477159866734	0.853408185239071	0.950580260220661
TH2_HKNPDCAD_04303	900.825743579054	0.291592691592311	0.233875042938602	1.24678840430555	0.212475093380234	0.548492125550683
TH2_HKNPDCAD_04304	11037.9601808945	0.545392785612764	0.505907713234665	1.07804797465063	0.281012347087755	0.618783270667725
TH2_HKNPDCAD_04305	74.8807666764939	0.423522774183522	0.405568688270281	1.04426891530955	0.296360990306145	0.630089770348113
TH2_HKNPDCAD_04306	4.62519632190621	-0.636349749148921	0.935135775298947	-0.680489150300651	0.496194789392176	0.776876753336681
TH2_HKNPDCAD_04308	0.153888960445226	0.726546439555219	4.0804728567969	0.178054471884306	0.858680196776375	NA
TH2_HKNPDCAD_04309	6699.79394339295	0.322857072576907	0.273293743547602	1.18135552020302	0.237461520063291	0.573441417421236
TH2_HKNPDCAD_04310	195.852060623378	-0.162708404968747	0.240677487598184	-0.67604330838118	0.499013148736842	0.778577383118692
TH2_HKNPDCAD_04311	0.803750078655231	-0.824558522625662	2.11045092082832	-0.390702533988346	0.696017125602645	0.875286845468737
TH2_HKNPDCAD_04312	8.6931609840622	-1.21217819159399	0.69368106444034	-1.7474575186393	0.0805580076534208	0.337244475579532
TH2_HKNPDCAD_04313	3129.27334136467	0.615376136901067	0.444893289654952	1.38319941255652	0.166603729819992	0.493133532669832
TH2_HKNPDCAD_04314	368.756103002849	1.33921357573169	0.594455484615154	2.25284081044132	0.024269187984132	0.179256278972134
TH2_HKNPDCAD_04315	457.185000452339	1.65768462746384	0.571187128540747	2.90217433943032	0.00370582240998101	0.0545863381424214
TH2_HKNPDCAD_04316	389.390026556635	0.772425757236905	0.481595316995144	1.6038896766197	0.108738372746476	0.392746957057685
TH2_HKNPDCAD_04317	513.506646654248	0.544244765400535	0.446393115524	1.2192051052617	0.222766354741691	0.55893310543608
TH2_HKNPDCAD_04318	33.8774776021085	0.484825494030259	0.504101543641878	0.961761573923462	0.336169384403457	0.661486082990233
TH2_HKNPDCAD_04319	187.760400198307	0.33438015320662	0.26638228388374	1.25526423278418	0.209382854707963	0.545374244528972
TH2_HKNPDCAD_04320	127.020538172477	-0.281769666294827	0.3348072979941	-0.841587587794435	0.400018839340245	0.717960984053955
TH2_HKNPDCAD_04321	106.231431017687	-0.231193869164488	0.287284073932702	-0.804756998881346	0.42095992045373	0.73304305614099
TH2_HKNPDCAD_04322	157.267483563146	-0.00491684831345439	0.304827604133684	-0.0161299313014253	0.987130734893031	0.995246251217045
TH2_HKNPDCAD_04323	309.341043265712	-0.0712503893652152	0.546760051050462	-0.130313817237242	0.89631814871167	0.967194694318606
TH2_HKNPDCAD_04324	196.304399151676	-0.750824785384786	0.25386580106404	-2.95756569903397	0.0031007866264261	0.0482374309506771
TH2_HKNPDCAD_04325	42.5990613488044	0.254436334129936	0.4068045116713	0.625451111848833	0.531675025239406	0.797356986359624
TH2_HKNPDCAD_04326	702.849676282714	0.215331442493356	0.216136299274041	0.996276160999389	0.319115983299543	0.647711713571564
TH2_HKNPDCAD_04327	407.215580989365	-0.127047821142606	0.227038402570839	-0.559587363653007	0.575760925988213	0.823926844693718
TH2_HKNPDCAD_04328	1117.72789797667	-0.939876073272567	0.359524491509904	-2.61421988061327	0.00894314612575035	0.0973285963600551
TH2_HKNPDCAD_04329	1.49238935036068	-0.488110068299471	1.43312181746595	-0.34059216903316	0.733410625549798	0.893921704372957
TH2_HKNPDCAD_04330	13.9726384642396	0.498242140422872	0.516482281822283	0.964683897122173	0.334703163145331	0.660134057053855
TH2_HKNPDCAD_04331	14.2237527957899	-0.4690015906247	0.618965409359573	-0.757718579314413	0.448619474004323	0.751399768825315
TH2_HKNPDCAD_04332	34.503081904099	-1.49586096208568	0.440785273356769	-3.39362735668108	0.000689734785179361	0.016270520374062
TH2_HKNPDCAD_04333	247.107388993231	0.840964900524113	0.476862433904578	1.76353774324021	0.0778098373639469	0.329970893910818
TH2_HKNPDCAD_04334	404.344832859558	0.617252136757563	0.388544498919221	1.5886266270003	0.112144713014252	0.39819477949691
TH2_HKNPDCAD_04335	358.32120535741	0.37442045871339	0.378867225113183	0.988262995305374	0.323023863383755	0.650184541339551
TH2_HKNPDCAD_04336	75.3595991087274	0.479460722180324	0.500356339580379	0.958238527730898	0.33794249352062	0.663205674497204
TH2_HKNPDCAD_04337	29.0043066657817	0.973194256629785	0.709879122451048	1.37092953694647	0.170396922676781	0.498777789004741
TH2_HKNPDCAD_04338	2.20584867283021	2.22204057671651	1.66995175018446	1.33060166347385	0.183320114867849	0.515185805270062
TH2_HKNPDCAD_04339	9.80636825805516	-0.148188161812609	0.668405323890945	-0.221704041718236	0.824544283575555	0.934777705366133
TH2_HKNPDCAD_04340	153.38337683116	-0.924741418786096	0.368589465107082	-2.5088655708525	0.0121119568088896	0.11834202264655
TH2_HKNPDCAD_04341	1085.34777660892	0.167572641538699	0.213846297190968	0.783612546674374	0.433267491505799	0.742537332483693
TH2_HKNPDCAD_04342	433.91867568316	0.23922468981517	0.230447642472517	1.03808694785714	0.299229577430482	0.632776738411159
TH2_HKNPDCAD_04343	801.829851647778	0.661915009522603	0.260715236252448	2.53884283495299	0.0111219773596768	0.112226881782881
TH2_HKNPDCAD_04344	244.527482200283	0.440917507981455	0.31961262697352	1.37953719837854	0.167729185371482	0.49480740815823
TH2_HKNPDCAD_04345	214.003412972734	0.552573554840937	0.378923795484081	1.45827092789202	0.144765880226139	0.456658401254884
TH2_HKNPDCAD_04346	583.199722683829	0.0326242335529482	0.2929587175823	0.111361197311984	0.911329928682229	0.972634113710269
TH2_HKNPDCAD_04347	719.064428146659	-0.762227596753967	0.240418534700986	-3.1704194425025	0.00152219033739146	0.0294443308281836
TH2_HKNPDCAD_04348	817.372150100538	0.681343552537199	0.251093995204976	2.71349998625414	0.00665765709964509	0.0840065865088414
TH2_HKNPDCAD_04349	909.075439182538	0.918364090936836	0.367561258961237	2.49853342414873	0.0124708381644334	0.120160745170838
TH2_HKNPDCAD_04350	227.434449360748	-0.558216293098113	0.308780180720103	-1.807811277901	0.0706358778969472	0.3129468540188
TH2_HKNPDCAD_04351	630.222243892171	0.0436344446408807	0.234759203638511	0.18586894130068	0.852547539001701	0.950322993958414
TH2_HKNPDCAD_04352	7.33164429822988	-0.151615403724819	0.662778813237468	-0.228757167092027	0.819057659734397	0.931032437872058
TH2_HKNPDCAD_04353	12.0740228784249	-0.589873880405431	0.572141525161521	-1.03099295272949	0.302544124586718	0.633624329002384
TH2_HKNPDCAD_04354	14.2437144307374	0.114340186881209	0.570713864354063	0.200345907157205	0.841210061551524	0.944760354498531
TH2_HKNPDCAD_04355	14164.5523441486	-0.174701692714222	0.266689570137031	-0.655075084580386	0.512419412734804	0.786661248780655
TH2_HKNPDCAD_04356	3669.09357878661	-0.309690350043358	0.283018168892419	-1.09424193950275	0.273848882034633	0.615827371015562
TH2_HKNPDCAD_04357	476.400962815863	0.122505947108258	0.33511641284877	0.365562361051954	0.714691665373686	0.88497949858239
TH2_HKNPDCAD_04358	530.357608437973	0.225640788085389	0.242065742940336	0.932146719087816	0.351260706496715	0.673270762546356
TH2_HKNPDCAD_04359	276.373858802392	0.093122426499147	0.25702558731266	0.362308000043077	0.717121880547798	0.886415905398604
TH2_HKNPDCAD_04360	259.683417002154	-0.218822315887822	0.309389931253831	-0.707270320663068	0.479398505757293	0.766533254035573
TH2_HKNPDCAD_04361	182.475756326264	0.187009960129251	0.26458680505316	0.706800023877521	0.479690759740399	0.766533254035573
TH2_HKNPDCAD_04362	227.242862771904	0.340649055656308	0.242511668024355	1.40467078731279	0.160119196372335	0.484004109872955
TH2_HKNPDCAD_04363	18.9791481985064	-0.131466028853111	0.44158913747175	-0.297711192820093	0.765923599960769	0.905054027984993
TH2_HKNPDCAD_04364	821.001608652512	-1.19674098487383	0.379847153989868	-3.15058562978138	0.00162943484082347	0.0305951758024215
TH2_HKNPDCAD_04365	46.3618698790016	0.563336604821433	0.469722170566475	1.19929745735029	0.230412303436896	0.567251707510836
TH2_HKNPDCAD_04366	93.5499347004578	0.180271039868269	0.364091863487828	0.495125153694339	0.620511779210375	0.846128289366314
TH2_HKNPDCAD_04367	23.6032136736089	-0.0658597019233618	0.41378671425906	-0.159163403883791	0.87354013573191	0.958865310116994
TH2_HKNPDCAD_04368	843.955364700843	-1.37263860008573	0.246505041979506	-5.56839969301661	2.57089556767359e-08	1.53237333487149e-06
TH2_HKNPDCAD_04369	400.935828738088	0.374904406013012	0.312752385853872	1.19872596651646	0.230634517808755	0.567290085550708
TH2_HKNPDCAD_04370	60.5722787228139	1.53272363597924	0.755187821420234	2.02959262915117	0.0423979647622875	0.245572844487555
TH2_HKNPDCAD_04371	2022.7789679784	1.13405165673572	0.462144594465785	2.45388925958688	0.0141320494488934	0.128883529539356
TH2_HKNPDCAD_04372	133.911240948184	0.248080227854849	0.306566914520393	0.809220486962712	0.41838833277079	0.731361737276818
TH2_HKNPDCAD_04373	160.528513623432	0.0202845223124525	0.303476499716155	0.0668405043930084	0.946708677649389	0.985145895580748
TH2_HKNPDCAD_04374	343.089611362434	-0.0404720145250172	0.295042953851326	-0.137173296283535	0.890893817838331	0.965145917129784
TH2_HKNPDCAD_04375	165.651965780745	0.286158796963961	0.284385838864186	1.00623434031334	0.314302856792973	0.644704459352053
TH2_HKNPDCAD_04376	148.295699298313	0.232291335534727	0.266368134653334	0.872068784943229	0.383170853896137	0.70399538526238
TH2_HKNPDCAD_04378	329.589516306134	-0.286709625494521	0.260142300216192	-1.10212612580211	0.270406842735699	0.611852861013961
TH2_HKNPDCAD_04379	176.029532748691	0.155604952641814	0.24800169860332	0.627435027736261	0.530374113052831	0.796104744804923
TH2_HKNPDCAD_04380	65.0126484317353	-0.0727091802846963	0.314995935748786	-0.230825772757535	0.817450158078207	0.93060580783074
TH2_HKNPDCAD_04381	409.742197136418	1.3169582797364	0.738124966971816	1.7841941929417	0.074392115599625	0.322216947579561
TH2_HKNPDCAD_04382	1293.56673067886	0.862670570779381	0.53238788924544	1.620379779867	0.105150720671662	0.388546458472869
TH2_HKNPDCAD_04383	112.680275823753	0.456222040106588	0.636274483585073	0.717020801362356	0.473361261667664	0.762957446533334
TH2_HKNPDCAD_04384	451.991692776079	0.539821830069678	0.41932785053467	1.28735029018791	0.197972222290514	0.531781306146268
TH2_HKNPDCAD_04385	98.0463573464714	0.256097859399785	0.552007095962865	0.463939433519553	0.642691139419953	0.854759170674226
TH2_HKNPDCAD_04386	0.784304832286622	1.64660733457782	1.94456594443749	0.846773717953874	0.397121260159814	0.71515537312447
TH2_HKNPDCAD_04387	31.5026283596249	1.0292056487937	0.696015326329874	1.47871118617567	0.139217521338195	0.44641052988209
TH2_HKNPDCAD_04388	37.176130108893	0.900809433701354	0.465117094684095	1.93673688625265	0.0527775143659746	0.274378842434063
TH2_HKNPDCAD_04389	280.393439870345	-0.156484388758259	0.285341327057707	-0.548411232161305	0.583409565700549	0.826806036433789
TH2_HKNPDCAD_04390	6579.39919830006	-1.34218879608068	0.450265562995338	-2.98088263102319	0.00287418926594257	0.0458644930468096
TH2_HKNPDCAD_04391	76.9653849590408	-0.426958088875659	0.418036173215801	-1.0213424488872	0.307092221586294	0.638739053601471
TH2_HKNPDCAD_04392	441.125388152732	-0.160827882833644	0.421155584943915	-0.381872848379921	0.702555680664363	0.878548491845265
TH2_HKNPDCAD_04393	135.014066270349	0.199121147647218	0.43070158777814	0.462318118385456	0.643853208447601	0.854802265346387
TH2_HKNPDCAD_04394	641.615150549091	-1.23765110654497	0.288276224003064	-4.29328194104489	1.76051214297032e-05	0.000733689857306167
TH2_HKNPDCAD_04395	5.50571929396485	-0.236388383521605	0.851547773078533	-0.277598498868724	0.781320584598951	0.914060966483782
TH2_HKNPDCAD_04396	6.76604530035153	-0.0492532607767513	0.705159318420533	-0.0698469969695251	0.94431544031954	0.984131264706918
TH2_HKNPDCAD_04397	3.15671090468567	-0.331905577342577	1.15693459661862	-0.286883613224672	0.774201438093802	0.910740163386049
TH2_HKNPDCAD_04398	7.2723527323861	-0.674627431386063	0.721530632805303	-0.934994857755547	0.349790949502128	0.672806156528296
TH2_HKNPDCAD_04399	8.40757953718218	0.01693672504775	0.634777703393962	0.026681348379432	0.978713889673559	0.993246366752458
TH2_HKNPDCAD_04400	14.8411530843573	0.469412224058506	0.576536462926584	0.814193471260604	0.415534125023221	0.730154838613559
TH2_HKNPDCAD_04401	14.6839758038035	-0.270470090073792	0.50391833465575	-0.536733973489102	0.591451385258802	0.8308522337179
TH2_HKNPDCAD_04402	15.6190235523226	-0.67826097734936	0.534331429834666	-1.26936380582971	0.204311338956837	0.539567193968442
TH2_HKNPDCAD_04403	39.5205766025327	-0.410146851920258	0.426080662484511	-0.962603769738478	0.335746405017548	0.661486082990233
TH2_HKNPDCAD_04404	6.206103394943	-0.293045449491976	0.768101260481875	-0.381519292531992	0.70281795844048	0.878548491845265
TH2_HKNPDCAD_04405	12.6673237130109	0.318717055264613	0.57590726102862	0.553417323989554	0.579977678940844	0.825365236604876
TH2_HKNPDCAD_04406	13.1845317578734	-0.256892691856646	0.565108178513843	-0.454590291954787	0.649404020261212	0.859500389325838
TH2_HKNPDCAD_04407	51.5453348728155	-0.219656549679186	0.428738164296882	-0.512332626229848	0.608418234896514	0.839171382281399
TH2_HKNPDCAD_04408	948.313150590914	0.493169096600817	0.248670154089323	1.98322592595358	0.0473421991938911	0.259824532192597
TH2_HKNPDCAD_04409	431.941946903992	0.0204308589748799	0.24974035881699	0.0818083992177319	0.934799076855394	0.979869463678053
TH2_HKNPDCAD_04410	1478.73470169434	0.260039624844982	0.206095849542892	1.26174120159011	0.207041925969657	0.543033443218991
TH2_HKNPDCAD_04411	4333.07594771061	0.0383135698027907	0.272088644330958	0.140812821854438	0.888017813620698	0.963585798607048
TH2_HKNPDCAD_04412	802.109525304463	-0.137430950944586	0.246169906327797	-0.558276813744994	0.5766553752362	0.823926844693718
TH2_HKNPDCAD_04413	144.264865762809	0.310950913052266	0.293218641869439	1.06047456965823	0.288928753259023	0.624442223370832
TH2_HKNPDCAD_04414	4.48259165315738	0.858334667961885	0.823726138678895	1.042014606139	0.297404907187814	0.631261927223493
TH2_HKNPDCAD_04415	73.1758369122446	-0.327386462705813	0.329599165359614	-0.993286686113457	0.320570263908756	0.647966550787179
TH2_HKNPDCAD_04416	111.14084552643	-0.23798420388276	0.249574064583768	-0.95356143788283	0.340305683208949	0.664535974144408
TH2_HKNPDCAD_04417	382.416139717965	0.227671579577133	0.404715027242981	0.56254787752283	0.573742793006321	0.823926844693718
TH2_HKNPDCAD_04418	251.785261981371	0.21657182554438	0.267224429168176	0.810449202636645	0.417682048982539	0.730979236286956
TH2_HKNPDCAD_04419	1059.97308922562	0.133941873689076	0.221246550090208	0.60539643955788	0.544915616189212	0.807687198883885
TH2_HKNPDCAD_04420	9832.11270791035	-0.5980867638627	0.314037203616091	-1.90450926506739	0.0568438911724976	0.282620549127277
TH2_HKNPDCAD_04421	4000.63450632289	0.523052014964089	0.306631804699518	1.7057983123331	0.0880456374635374	0.352719549581304
TH2_HKNPDCAD_04422	110.577595182682	-0.0101584430320311	0.305118694692731	-0.0332934140343684	0.973440605689228	0.991627936730082
TH2_HKNPDCAD_04423	155.325656033144	-0.175270971430744	0.270265925101547	-0.648513020518179	0.516653192133533	0.79032057979006
TH2_HKNPDCAD_04424	377.48622703403	0.124610234995478	0.399511439154077	0.311906550809475	0.755111543871175	0.900372592203685
TH2_HKNPDCAD_04425	219.065375696446	0.127690297755654	0.318979622821477	0.400308636100929	0.688929207894011	0.873330700486242
TH2_HKNPDCAD_04426	3.92554968208833	-0.404725591754243	0.896356043307915	-0.451523247682519	0.651612473630403	0.860611891422616
TH2_HKNPDCAD_04427	319.411716867681	0.240040220268717	0.262023537805281	0.916101745206948	0.359613532538645	0.682251157186163
TH2_HKNPDCAD_04428	14.9091649933755	-0.00872942734941422	0.520240026515383	-0.0167796149940341	0.986612432486823	0.995244101216902
TH2_HKNPDCAD_04429	529.803284421724	0.219451424202777	0.299617056900183	0.732439689760009	0.463900241124009	0.757729918982086
TH2_HKNPDCAD_04430	7412.72128165001	-0.312413148649805	0.335634796274181	-0.930812752783216	0.351950431764415	0.67392525708793
TH2_HKNPDCAD_04431	16.2262493963911	-0.510505657489127	0.531237944552319	-0.960973632859257	0.336565425548076	0.661486082990233
TH2_HKNPDCAD_04432	2649.31576290592	0.317641453499148	0.30651819207101	1.03628907424053	0.30006730176831	0.632815529178896
TH2_HKNPDCAD_04433	717.846267059796	0.231698119031755	0.289222193555762	0.801107674978904	0.423069313392999	0.734868190595539
TH2_HKNPDCAD_04434	444.855916118223	-0.865313761582757	0.399783129320552	-2.16445792260767	0.0304292225686056	0.203895679590421
TH2_HKNPDCAD_04435	273.349535095391	-0.713842303268226	0.421151113686692	-1.69497902313343	0.0900794001944378	0.354372222100298
TH2_HKNPDCAD_04436	267.97539034067	0.498476265089493	0.257950497922346	1.9324493230463	0.0533040712361264	0.275216330441774
TH2_HKNPDCAD_04437	482.361516142384	0.0952326470244693	0.237720178932709	0.400608174922444	0.688708625960331	0.873330700486242
TH2_HKNPDCAD_04438	0.162883612068818	0.726546439555219	4.0804728567969	0.178054471884306	0.858680196776375	NA
TH2_HKNPDCAD_04439	73.1933162496155	-0.239059879639511	0.361080125407398	-0.662068784233932	0.507927140267525	0.783991123460202
TH2_HKNPDCAD_04440	356.584911310272	1.04586916188671	0.651591110773759	1.60510041434535	0.108471708140481	0.392396595573821
TH2_HKNPDCAD_04441	163.621477010397	-0.404621607950872	0.257580565123915	-1.5708545703214	0.116216433051848	0.405255398519573
TH2_HKNPDCAD_04442	18.7088046969249	-0.801678989151409	0.485241873000561	-1.65212244399708	0.0985095924770013	0.372389506664534
TH2_HKNPDCAD_04443	16.8706412083013	-0.330919506896379	0.458576374097946	-0.721623541001916	0.470525961733608	0.762136651042626
TH2_HKNPDCAD_04444	69.3596075433437	-0.0766111886326897	0.438400764829003	-0.174751494018428	0.861274903893399	0.953712505848101
TH2_HKNPDCAD_04445	50.7957682641756	-1.61984376064123	0.471610219377148	-3.43470877874645	0.000593190933988782	0.0146893561721087
TH2_HKNPDCAD_04446	4.65319197502756	-0.249053036902595	0.804691594374877	-0.309501228350808	0.75694027791673	0.9010858951698
TH2_HKNPDCAD_04447	17.7711302945154	-1.59589819340836	0.497268971169219	-3.20932590999185	0.00133046589176664	0.0268482183907654
TH2_HKNPDCAD_04448	48.3815900763298	-1.86755600356145	0.352644615640701	-5.29585855201103	1.18458509475524e-07	6.74687021746153e-06
TH2_HKNPDCAD_04449	11.4037186397918	-1.22574938512416	0.634972307735511	-1.93039817672605	0.0535575206802406	0.275915428147652
TH2_HKNPDCAD_04450	1.62152929480914	-4.23356179091074	2.08988874804964	-2.0257354822651	0.04279189855453	0.247017198187523
TH2_HKNPDCAD_04451	4.14783119591272	-2.11294978316697	1.04543149459443	-2.02112696440878	0.0432666237049498	0.248081334576703
TH2_HKNPDCAD_04452	5.86053678172022	-0.603171227116004	0.795764100950114	-0.757977428732761	0.448464495202699	0.751399768825315
TH2_HKNPDCAD_04453	0.454567959006395	0.633300536996829	2.48508101917324	0.254841002007863	0.798845905490979	NA
TH2_HKNPDCAD_04454	5.46884333106128	-1.11701837275685	0.824958492735352	-1.35402978767223	0.175726874549378	0.504071605450537
TH2_HKNPDCAD_04455	4.14246252515405	0.108763048467234	0.839658049199027	0.129532550269703	0.896936270511275	0.967194694318606
TH2_HKNPDCAD_04456	245.217497391701	-0.174534135436352	0.287876963986834	-0.606280311627623	0.544328630234233	0.807687198883885
TH2_HKNPDCAD_04457	120.803141351877	-0.429978221900106	0.268102353825622	-1.60378383764497	0.108761708374889	0.392746957057685
TH2_HKNPDCAD_04458	41.1326841362059	-0.578280350427626	0.380629252763174	-1.51927458604299	0.128693393936126	0.426536473782288
TH2_HKNPDCAD_04459	375.756486307986	0.760450450136411	0.404991907800236	1.87769295013052	0.0604231817022944	0.290825567517334
TH2_HKNPDCAD_04460	228.569153192095	0.110895908841677	0.365156948501797	0.303693820689081	0.761361166173133	0.903411420787842
TH2_HKNPDCAD_04461	0.842191183929563	-2.06493574925785	2.11034211537619	-0.978483883827412	0.327835058336172	0.655084307128654
TH2_HKNPDCAD_04462	2.0958752076032	-0.0347608164707519	1.27416999918283	-0.0272811449751957	0.978235495401607	0.993060200126977
TH2_HKNPDCAD_04463	51.3794804556891	0.869280418424307	0.397146371735387	2.18881621560802	0.0286102006520855	0.198183633165663
TH2_HKNPDCAD_04464	60.2420947424334	0.0687853218503958	0.365825172817362	0.188027853088002	0.850854816973271	0.950322993958414
TH2_HKNPDCAD_04465	2.73428135485312	0.336033880275664	1.11034646333433	0.302638763099733	0.762165170247226	0.903774875396031
TH2_HKNPDCAD_04466	3.27305525552784	0.0768314618483041	0.920604118119959	0.083457656050038	0.933487645461276	0.979540976588434
TH2_HKNPDCAD_04467	3.79166319515532	-0.0942587152114979	0.96259901046179	-0.0979210597424974	0.921994977093886	0.975267489183504
TH2_HKNPDCAD_04468	30.3296583449859	-0.228154912620541	0.407930866442651	-0.559297987451058	0.575958368639666	0.823926844693718
TH2_HKNPDCAD_04469	55.7434573125694	0.406468988050807	0.339861077810482	1.1959856970661	0.231702140661659	0.568279987096491
TH2_HKNPDCAD_04470	162.503070035427	-0.458479716626068	0.461337720897776	-0.993804962953936	0.320317829477939	0.647711713571564
TH2_HKNPDCAD_04471	1190.56005589492	-0.205645759810712	0.25712960868996	-0.799774716176986	0.423841334569524	0.735013090442082
TH2_HKNPDCAD_04472	197.881634840966	0.253851337422623	0.227924857246164	1.11375012137644	0.265386400467997	0.605903025628495
TH2_HKNPDCAD_04473	460.214412632341	0.273591970988666	0.241096833416035	1.13478044117053	0.256467323196195	0.593683430922961
TH2_HKNPDCAD_04474	127.264103303406	0.017022880228142	0.291626343742338	0.0583722307446351	0.953452133700896	0.987495207402243
TH2_HKNPDCAD_04475	255.68123380727	1.22025910724024	0.630541832352576	1.93525479933252	0.0529590361015761	0.274487380239311
TH2_HKNPDCAD_04476	56.6117565386591	2.30090456168024	0.796453744525027	2.88893683719499	0.00386546709660238	0.0559728371106888
TH2_HKNPDCAD_04477	615.415528381504	1.894016792241	0.70265043588342	2.69553208183769	0.00702763099620254	0.0861809485323786
TH2_HKNPDCAD_04478	7.01666687841696	-1.07287537978276	0.771558208228875	-1.3905307057073	0.164367781844085	0.49013917960022
TH2_HKNPDCAD_04479	32.2800403573987	-0.656943069981836	0.460630310855351	-1.42618289439518	0.153815555890459	0.473264429468483
TH2_HKNPDCAD_04480	30.4585154516805	-0.753834160369775	0.410036092636939	-1.83845806236683	0.0659949361211747	0.305188541893283
TH2_HKNPDCAD_04481	242.60993966807	0.299847961627246	0.348104772476943	0.861372739861263	0.389032784922638	0.708491154780663
TH2_HKNPDCAD_04482	287.194025834231	-0.67268055855688	0.368177446061721	-1.82705531192183	0.0676914533888899	0.307612047935682
TH2_HKNPDCAD_04483	265.028554444367	-0.330520959461742	0.255081732137361	-1.29574531540251	0.195063243641613	0.526814640098476
TH2_HKNPDCAD_04484	249.09755691126	0.360842959878585	0.430051327482007	0.839069517565163	0.401430300367735	0.718481745700073
TH2_HKNPDCAD_04485	1738.63799941605	0.859314706092365	0.499091816164427	1.72175675549298	0.0851135913122177	0.347461763407173
TH2_HKNPDCAD_04486	325.132846063523	0.232803800049023	0.404182754742417	0.57598647472574	0.564624323643055	0.818976876908403
TH2_HKNPDCAD_04487	57.4111807978522	0.144031871964963	0.36976301782665	0.389524817304706	0.696887955870499	0.875286845468737
TH2_HKNPDCAD_04488	411.993105553564	1.04284443378485	0.469441632701252	2.22145706971947	0.026320019329288	0.188421463893889
TH2_HKNPDCAD_04489	656.219795009521	-1.12205024483583	0.367901691959146	-3.04986432343027	0.00228944766687605	0.0386043050671271
TH2_HKNPDCAD_04490	138.842276211481	-0.376395886310727	0.306564205623929	-1.22778810900207	0.219526520600819	0.553241369026448
TH2_HKNPDCAD_04491	398.520589071411	-0.404449690404151	0.267828398645276	-1.51010756308864	0.131015979974251	0.429953849774656
TH2_HKNPDCAD_04492	223.073745047053	0.0613999564548578	0.219584591884811	0.279618692403822	0.779770064485046	0.914041013160381
TH2_HKNPDCAD_04493	157.52006311378	0.303695440872589	0.260417688124774	1.1661859187041	0.2435392845311	0.580103332949079
TH2_HKNPDCAD_04494	514.65166232227	-0.624232322576048	0.391084187232712	-1.59615843072837	0.110453425897988	0.395933018207199
TH2_HKNPDCAD_04495	93.9597555215675	-0.460018275084407	0.400270184713124	-1.14926940015306	0.250444911708182	0.587852494129043
TH2_HKNPDCAD_04496	10.942998042852	-0.121612159721688	0.558314114517559	-0.217820321140858	0.827569110718169	0.936243491843155
TH2_HKNPDCAD_04497	75.0307636387127	0.642640745524479	0.373596795772671	1.72014522821421	0.0854060461722615	0.347832533509748
TH2_HKNPDCAD_04498	35.7924191997323	-0.408589989578006	0.366932665935541	-1.11352852310452	0.26548150518174	0.605903025628495
TH2_HKNPDCAD_04499	4.29316312954865	-0.173610370780957	0.925551746049703	-0.187575002177819	0.851209823759602	0.950322993958414
TH2_HKNPDCAD_04500	205.97340127265	0.392217600878004	0.302884775461194	1.29493996613328	0.195340940045701	0.527286813414568
TH2_HKNPDCAD_04501	70.2749924513373	0.40267460113008	0.554599243331349	0.726064101190091	0.467799475041161	0.759474302905752
TH2_HKNPDCAD_04502	1.6268330644373	1.04869145702465	1.55591609050898	0.6740025785591	0.500309674329479	0.7791262672719
TH2_HKNPDCAD_04503	71.9889181637416	0.325839131032914	0.367522443501754	0.886582946957795	0.375303478351769	0.698296054457774
TH2_HKNPDCAD_04504	98.8667445016564	-0.472320312872977	0.336872259209545	-1.40207541571174	0.160892727469686	0.485138894711535
TH2_HKNPDCAD_04505	33.606356050928	-0.111963176102617	0.37646758517455	-0.297404558883085	0.766157663578154	0.905121959783733
TH2_HKNPDCAD_04506	337.086763197041	0.553878963822988	0.502856277524281	1.10146574394956	0.270694005662066	0.611852861013961
TH2_HKNPDCAD_04507	119.754765487331	0.90828299027283	0.496084014884319	1.83090557853317	0.0671146375554895	0.307132659550351
TH2_HKNPDCAD_04508	52.68345346292	0.497979781382583	0.454547263746256	1.09555115848321	0.273275245789974	0.61519934559482
TH2_HKNPDCAD_04509	113.172430172512	1.00813909035688	0.50997930373471	1.97682353572785	0.0480615803524335	0.26264782610509
TH2_HKNPDCAD_04510	234.3659543709	0.468768865461178	0.464574737197845	1.00902788707072	0.312961260122999	0.643755786272268
TH2_HKNPDCAD_04511	86.2958976010898	-0.0700591894494632	0.337566349390755	-0.207541982712161	0.835586608885086	0.940952758599506
TH2_HKNPDCAD_04512	16.596621086378	-0.0609461637627108	0.485910642932806	-0.125426690378417	0.900185759093503	0.968304633518057
TH2_HKNPDCAD_04513	155.2417473038	-0.514252975343914	0.349886315054262	-1.46977161785868	0.141623618500636	0.450069850238228
TH2_HKNPDCAD_04514	106.710187793674	-0.345487473717744	0.367464156417242	-0.940193669734296	0.347118228264963	0.670299884037377
TH2_HKNPDCAD_04515	114.790208971067	-0.384858839396596	0.292252989314119	-1.31686878652571	0.187882610770594	0.52058716908652
TH2_HKNPDCAD_04516	386.432117310538	0.73522335043746	0.400976460636102	1.83358232368832	0.0667160180889283	0.306406413407518
TH2_HKNPDCAD_04517	174.649602843127	-0.425048949284881	0.276438737650505	-1.53758822984592	0.124149327149979	0.420059043545079
TH2_HKNPDCAD_04518	171.156752191919	-0.244707019026204	0.294331289889704	-0.831399947718453	0.405747728599089	0.721723484630679
TH2_HKNPDCAD_04519	313.775432174038	-0.307867521326107	0.36987056136017	-0.832365571874519	0.405202628820178	0.721705585591464
TH2_HKNPDCAD_04520	120.340538046695	0.0295427610414941	0.384828247152487	0.0767686916438541	0.938807557662167	0.981677908301743
TH2_HKNPDCAD_04521	143.273470367611	0.777766111907982	0.351823226629864	2.21067301143887	0.0270584887573226	0.192107774750742
TH2_HKNPDCAD_04522	2.64565859688586	-0.19313602819082	1.07715218926641	-0.17930245151556	0.857700222016718	0.95203941897755
TH2_HKNPDCAD_04523	1.01893559243583	-1.1902668739322	1.69957801325541	-0.700330826033891	0.483720724909813	0.767425699748593
TH2_HKNPDCAD_04524	17.2222388850243	0.0562620469654613	0.480413037715489	0.117111823677818	0.906771440273155	0.969972955517569
TH2_HKNPDCAD_04525	10.4885793991707	0.195401251428735	0.626394141128138	0.31194616711583	0.75508143558474	0.900372592203685
TH2_HKNPDCAD_04526	12.7488517001961	-0.696614858296507	0.61214142069956	-1.1379966046088	0.255121900136876	0.591744280588972
TH2_HKNPDCAD_04527	116.326537588756	-0.492610226007978	0.49439483451998	-0.996390317237569	0.319060535795162	0.647711713571564
TH2_HKNPDCAD_04528	16.2535342376006	-0.00951585871706502	0.470651654483454	-0.0202184750152611	0.983869089966831	0.993869420465992
TH2_HKNPDCAD_04529	13.3598310620296	-0.283309667244647	0.560893871935567	-0.505103873335227	0.613485881026501	0.842187634210457
TH2_HKNPDCAD_04530	5.29617869063283	-1.0977078382659	0.76767588156028	-1.4299105451051	0.152742695084625	0.471378118605531
TH2_HKNPDCAD_04531	31.4281454247571	-0.486639842055569	0.402413503565528	-1.20930296260877	0.226546473094486	0.563587214394034
TH2_HKNPDCAD_04532	51.3813316403015	-0.272350179396608	0.330354690358755	-0.824417474142244	0.409702389372841	0.724613590037255
TH2_HKNPDCAD_04533	40.620852098031	-0.121736210298591	0.358578525992648	-0.339496655472021	0.734235616189031	0.894626044351075
TH2_HKNPDCAD_04534	414.2080980136	0.448156888334845	0.293555400119716	1.52665182841835	0.126847611853048	0.423872789021334
TH2_HKNPDCAD_04535	42.473693866639	0.405358354915808	0.544288763901335	0.744748710243978	0.456423646318991	0.754710232027865
TH2_HKNPDCAD_04536	0.342420245540667	-0.235222983918446	3.06435129520502	-0.0767611025167099	0.938813595094473	NA
TH2_HKNPDCAD_04537	34.8947667771133	1.29825942626896	0.720204215190906	1.80262680901531	0.0714468437611564	0.315449199930825
TH2_HKNPDCAD_04538	380.792267911575	0.997969756477836	0.58711243451915	1.6997932556056	0.0891698205906384	0.353482047115214
TH2_HKNPDCAD_04539	296.931686908461	0.945555261568626	0.388865894700167	2.43157158921765	0.0150334771096537	0.133555638932557
TH2_HKNPDCAD_04540	31.2124710930982	0.247358157704364	0.423586766481122	0.583961014078063	0.559246541746029	0.815097461754377
TH2_HKNPDCAD_04541	1.18394706462484	0.0588618231547829	1.72027474066606	0.034216524699998	0.972704489451478	0.991627936730082
TH2_HKNPDCAD_04544	0.300678998561168	-0.235223331904331	3.18871490201497	-0.0737674389628536	0.941195436354032	NA
TH2_HKNPDCAD_04545	0.372147627697152	-0.235222779427242	2.98885699174521	-0.0786999110619524	0.937271316224521	NA
TH2_HKNPDCAD_04546	0.342420245540667	-0.235222983918446	3.06435129520502	-0.0767611025167099	0.938813595094473	NA
TH2_HKNPDCAD_04547	10.4532771094251	0.0329838204724545	0.583910505716879	0.0564878010406057	0.954953213368151	0.988092167147834
TH2_HKNPDCAD_04549	0.643099244101835	-0.18149764179725	2.08595160416896	-0.0870095171117637	0.930663947238667	0.977578564251108
TH2_HKNPDCAD_04550	0.672435637765305	-3.01267392907613	2.38741727807426	-1.26189667669081	0.206985968007946	0.543033443218991
TH2_HKNPDCAD_04551	2.14236052855796	-0.389852295908823	1.27401042442871	-0.306004007842903	0.759601594247128	0.902845716410409
TH2_HKNPDCAD_04552	62.887253253148	0.270083686666904	0.397677698729866	0.679152206748124	0.49704142626956	0.777015660584863
TH2_HKNPDCAD_04553	31.2183140870343	0.121725227827955	0.45222238868749	0.269171166383965	0.787797967572719	0.915911177540884
TH2_HKNPDCAD_04554	5.8839096888629	-0.946415086667859	0.762932814675434	-1.24049597613714	0.214792001600187	0.549787097007007
TH2_HKNPDCAD_04555	6.68280304715041	-1.50585188913199	0.97848256114973	-1.53896650683544	0.123812473162713	0.419195995661866
TH2_HKNPDCAD_04556	1796.33179109402	-0.434387003101782	0.236409723778824	-1.83743289471536	0.0661460144446815	0.305188541893283
TH2_HKNPDCAD_04557	9.24491597461403	0.307946415470833	0.648349857206993	0.474969512289902	0.634808704005022	0.852611764002606
TH2_HKNPDCAD_04558	10.4104177693353	0.887701388718362	0.581899066967769	1.52552468135772	0.127128282254116	0.424392656977401
TH2_HKNPDCAD_04562	0.162883612068818	0.726546439555219	4.0804728567969	0.178054471884306	0.858680196776375	NA
TH2_HKNPDCAD_04564	0.313362370821607	-1.92249558668961	3.72685729395596	-0.515848994220255	0.605959880396376	NA
TH2_HKNPDCAD_04565	27.0056315391019	0.235390900858973	0.448723117707192	0.524579393327745	0.599875614894143	0.833961065881145
TH2_HKNPDCAD_04566	17.8011842014919	0.439046642248978	0.482720111492789	0.909526310994682	0.363072375876412	0.685354418999511
TH2_HKNPDCAD_04567	94.6916693858036	-0.567242335592561	0.281239805801124	-2.01693474356074	0.043702323739908	0.248909012767521
TH2_HKNPDCAD_04568	43739.3247761137	-0.591826644031561	0.235843942739312	-2.50939938146188	0.0120936663979386	0.11834202264655
TH2_HKNPDCAD_04569	21833.8111014149	-0.348370263477459	0.229982582138183	-1.51476803259885	0.129831158672905	0.428534783874635
TH2_HKNPDCAD_04570	37693.9894959749	-0.842419694084958	0.266428133181136	-3.16190217611975	0.00156742209813302	0.0300921560862542
TH2_HKNPDCAD_04571	85.390391670787	-0.341455704501879	0.346950015535317	-0.984163969484304	0.32503489825847	0.651371094622522
TH2_HKNPDCAD_04573	6.98285544632856	-0.584793244225391	0.926465253306217	-0.631209041179339	0.527903851130701	0.796104744804923
TH2_HKNPDCAD_04574	18.725964900445	0.0847959266938467	0.520242276491997	0.162993148626111	0.870523829138539	0.957892583772264
TH2_HKNPDCAD_04575	132.831883822619	0.340350782340709	0.295066999288826	1.15346949391503	0.248717731857514	0.586584604440225
TH2_HKNPDCAD_04576	5.51962865796431	-0.832838617567498	0.902217944776593	-0.9231013663486	0.355954382661	0.67880288895844
TH2_HKNPDCAD_04577	0.787097057252199	0.383651782430301	1.94448569355517	0.19730244542394	0.843590865789541	0.945810756351091
TH2_HKNPDCAD_04578	15.0775799168935	0.216873586639597	0.503924081050589	0.430369563183913	0.666926832243734	0.86660620871618
TH2_HKNPDCAD_04579	39.3478733112024	0.310108475405786	0.353041475560018	0.878391058483626	0.379731535088903	0.701973242450413
TH2_HKNPDCAD_04580	2.0747514885773	-0.883408787983373	1.42325639413949	-0.620695464022482	0.534800014471903	0.800170716340624
TH2_HKNPDCAD_04581	4.36278836189087	0.242629879269359	1.00402567288506	0.241657047047575	0.809045914659588	0.925703158304248
TH2_HKNPDCAD_04582	6.66059578912523	-1.09623014949638	0.874904186114975	-1.25297165894726	0.210216021017357	0.546669046953358
TH2_HKNPDCAD_04583	6.79013353137805	-1.59778114140991	0.820435860871012	-1.9474784289824	0.0514774034017769	0.270361854341709
TH2_HKNPDCAD_04584	118.512820115047	-1.03600754735384	0.553501755836869	-1.87173308201605	0.0612435402958918	0.292668485264327
TH2_HKNPDCAD_04585	439.880150511796	-0.324720320092899	0.584712806305236	-0.555350107935529	0.578655211440676	0.824398725359896
TH2_HKNPDCAD_04586	16.5673928665156	-0.477455165916197	0.654447289155317	-0.729554807282401	0.465662355011322	0.758337140627374
TH2_HKNPDCAD_04587	95.3677104805026	0.182669370817348	0.374957603621336	0.487173400547501	0.626135453666395	0.84866355555121
TH2_HKNPDCAD_04588	174.342105597439	-0.274293106139025	0.382720304578497	-0.716693373352934	0.473563315632766	0.762957446533334
TH2_HKNPDCAD_04589	1.90063524582947	-2.36679471493229	1.43028772024511	-1.6547682549681	0.0979715156808093	0.371176636644367
TH2_HKNPDCAD_04590	194.316215555143	-0.245344267103217	0.25652920321361	-0.956398975359234	0.33887070220627	0.664133170069642
TH2_HKNPDCAD_04591	183.291129755385	-0.176485910706102	0.343139846483143	-0.514326483837172	0.607023748507244	0.838521004669418
TH2_HKNPDCAD_04592	105.389575521971	0.971027106479791	0.578625101219236	1.67816277661255	0.0933153262688554	0.361552806087795
TH2_HKNPDCAD_04593	68.8227508437142	0.275373241268834	0.327622035244064	0.840521123872799	0.400616262771665	0.718046617016181
TH2_HKNPDCAD_04594	54.2344304233384	0.677500069935131	0.381339951328487	1.77663018934916	0.0756291051683912	0.324683618845393
TH2_HKNPDCAD_04595	39.6296171539041	0.530240797022098	0.38635566305663	1.37241626750629	0.169933888815437	0.49871927146154
TH2_HKNPDCAD_04597	74.6004398834197	0.195791330455963	0.390170152749631	0.501810118165551	0.615801095062594	0.843528628508191
TH2_HKNPDCAD_04598	8.48167359904591	0.183269966575608	0.662740243801618	0.276533631825846	0.78213823186576	0.914060966483782
TH2_HKNPDCAD_04599	767.592754824524	0.0872892725259973	0.223956504548842	0.389759934420483	0.696714073018191	0.875286845468737
TH2_HKNPDCAD_04600	62.7030617023414	0.0751201880691949	0.36652845025889	0.204950497065467	0.837610801563465	0.942197272068098
TH2_HKNPDCAD_04601	83.6519448560388	0.112962045561223	0.30025756804588	0.376217146819633	0.706755468938084	0.88039575547427
TH2_HKNPDCAD_04602	12.9691256401237	-1.01822962276348	0.780751829813991	-1.30416552850867	0.192177150384956	0.524013313332614
TH2_HKNPDCAD_04603	240.370060725561	0.116768083951118	0.271580296263331	0.429957863503826	0.667226292702049	0.86660620871618
TH2_HKNPDCAD_04604	7.26940411826268	-0.107110336719936	0.699740038194747	-0.15307161356133	0.878341801133806	0.960573459551585
TH2_HKNPDCAD_04605	135.999305885881	0.67645664672684	0.293858448896423	2.30198127454648	0.0213362282023652	0.164961547157351
TH2_HKNPDCAD_04606	136.516929554927	0.266550694098678	0.255778544457172	1.04211514169168	0.29735829926847	0.631261927223493
TH2_HKNPDCAD_04607	121.268703310336	-0.190123175223948	0.31715024456084	-0.599473525512215	0.548857159411015	0.80872124577572
TH2_HKNPDCAD_04608	6.78643584007127	-0.441565425520583	0.746663042306639	-0.591385136937367	0.554262396784827	0.812704237293014
TH2_HKNPDCAD_04609	211.810938496439	-0.487304023623309	0.475442513664987	-1.02494835782961	0.305387555432579	0.636348215100568
TH2_HKNPDCAD_04610	488.674165986908	0.110075399882452	0.271292880597646	0.405743783765946	0.684930868022086	0.873330700486242
TH2_HKNPDCAD_04611	221.958491954536	-0.939849430177064	0.311882352816665	-3.01347422093336	0.00258274982880291	0.0424332552001402
TH2_HKNPDCAD_04612	149.923653813524	-0.234913810013133	0.316810512436853	-0.741496259723884	0.458392598777855	0.755611593923438
TH2_HKNPDCAD_04613	63.465112254836	-0.633764954018157	0.407710689614283	-1.55444772521842	0.120077656722722	0.411587705235387
TH2_HKNPDCAD_04614	34.4183766607522	-0.79894673123564	0.531548167637676	-1.50305612901714	0.132824570558435	0.433391946965332
TH2_HKNPDCAD_04615	15.7528352172734	-0.784857287496417	0.639705961647657	-1.22690319389068	0.219858977993939	0.553534931825606
TH2_HKNPDCAD_04616	300.660234262632	0.00722783166146281	0.233229111499021	0.0309902636725225	0.975277304408627	0.992509720547671
TH2_HKNPDCAD_04617	107.091549172367	0.461939731647212	0.313149773402283	1.47513991988041	0.140174929926116	0.448244972427492
TH2_HKNPDCAD_04618	83.9137023986186	0.331260923190302	0.382733259841555	0.865513813268902	0.386756837646056	0.706286761769014
TH2_HKNPDCAD_04619	626.916232248686	1.42811613909534	0.542265795247352	2.63360911127339	0.00844826862628923	0.0943391232430963
TH2_HKNPDCAD_04620	141.1043855847	-0.642899620166558	0.375305226994901	-1.71300470636742	0.0867116737598157	0.350327724623116
TH2_HKNPDCAD_04621	129.745865642792	-0.842773865165799	0.297983419246171	-2.82825758325017	0.00468021321485252	0.0648399268630649
TH2_HKNPDCAD_04622	283.168424821664	0.107568247388561	0.280235231700418	0.383849834782929	0.701089749318399	0.877175019527975
TH2_HKNPDCAD_04623	4.85010725705523	-0.5243703080346	0.834934264807589	-0.628037834997036	0.5299791549714	0.796104744804923
TH2_HKNPDCAD_04624	1162.87689840363	0.546995385539078	0.352844182623393	1.55024629135777	0.121082412927328	0.413227995116834
TH2_HKNPDCAD_04625	454.595369690403	-0.368640150261159	0.231004673614749	-1.59581251968931	0.110530657248245	0.395933018207199
TH2_HKNPDCAD_04626	213.230844122926	-0.403694048414798	0.456114854104625	-0.885071040291526	0.376118317493545	0.698797569942702
TH2_HKNPDCAD_04627	50.5301164514825	-0.136140650657543	0.451115929074109	-0.301786396541051	0.762814901659526	0.903774875396031
TH2_HKNPDCAD_04628	34.2208673647524	-0.867992073477512	0.509813665245463	-1.70256729595428	0.0886490746757857	0.352914562759175
TH2_HKNPDCAD_04629	1079.17649546671	-0.817658477171915	0.665314970581281	-1.2289795259793	0.219079482471786	0.552658182652743
TH2_HKNPDCAD_04630	265.510414166943	-0.630479609221636	0.568269911477503	-1.10947209501624	0.267226576012312	0.608531065588233
TH2_HKNPDCAD_04631	7.39222694619798	-0.627112808212707	0.697245714601722	-0.8994143600738	0.368431993116676	0.690810100413199
TH2_HKNPDCAD_04632	1.61292054803449	-3.13255109766934	1.63808118436655	-1.91232957655924	0.0558339345079992	0.280511758423239
TH2_HKNPDCAD_04633	4.52081022889584	-0.593966793903995	0.872365846621817	-0.680868922372528	0.495954434167763	0.776824954501686
TH2_HKNPDCAD_04634	34.709382218524	-0.103206351116409	0.557009923899857	-0.185286377653415	0.853004422095089	0.95033702839805
TH2_HKNPDCAD_04635	363.200663694074	-0.602994660184103	0.566310598067687	-1.06477728342289	0.286976727373725	0.623325938052293
TH2_HKNPDCAD_04636	6319.80323841814	-0.265937993017137	0.623509934599495	-0.426517651539842	0.669730688590361	0.86660620871618
TH2_HKNPDCAD_04637	4.65402714944346	-0.58176722722602	0.88460445797408	-0.657658032335019	0.510757895391853	0.785050966050567
TH2_HKNPDCAD_04638	4.85238883225052	-0.487001495941996	0.828780972371867	-0.587611820464771	0.556792875113979	0.813727680720732
TH2_HKNPDCAD_04639	1.08749512730762	-0.519203211463272	1.78365444615179	-0.291089573198131	0.770982814196909	0.908101540802701
TH2_HKNPDCAD_04640	4.64810857357669	0.789503477031029	0.891340080711561	0.885748878700445	0.375752862852772	0.698625018129601
TH2_HKNPDCAD_04641	145.152111738486	0.0436813846806355	0.266079709995224	0.164166537468865	0.869600042904008	0.957587501595262
TH2_HKNPDCAD_04642	377.21580106858	-0.0397613254171757	0.323216988561053	-0.123017436658238	0.902093290385145	0.969216140539562
TH2_HKNPDCAD_04643	97.506789244607	-0.220207814558658	0.282375864105192	-0.77983936501253	0.435485432464273	0.744569832780504
TH2_HKNPDCAD_04644	3.48947213375736	0.15838613542099	0.936120824052259	0.169194116134894	0.865643957715841	0.955283299731195
TH2_HKNPDCAD_04645	11.7340528562914	-0.124907216144071	0.561827287577856	-0.222323156788219	0.824062326639858	0.934751822605866
TH2_HKNPDCAD_04646	27.5995592660445	-0.383546910035905	0.449845161564198	-0.852619840796417	0.393870156187117	0.712412992454186
TH2_HKNPDCAD_04647	7508.76845155165	-0.241676774793967	0.282325656346754	-0.85602129796216	0.391985998977131	0.710007148677304
TH2_HKNPDCAD_04648	134.404737643573	0.389632061115265	0.447347086921256	0.870983789783457	0.383763004147526	0.704292820584652
TH2_HKNPDCAD_04649	215.24458362097	0.287466895488651	0.383015204096339	0.750536512426136	0.452931641822673	0.752512018929678
TH2_HKNPDCAD_04650	7.33361708789776	-0.0599311509396167	0.846780445793859	-0.0707753128184617	0.943576580058053	0.983883960410411
TH2_HKNPDCAD_04651	5.42872134356832	-2.96650335720742	0.981213122921774	-3.02330175566142	0.00250032788968574	0.0414779312703207
TH2_HKNPDCAD_04652	7.5538726146244	-0.229549594749336	0.658610360609509	-0.348536264350443	0.727437484036528	0.891156337927601
TH2_HKNPDCAD_04653	5.15418691496679	0.553608802943031	0.792533412296394	0.698530553227946	0.484845457315617	0.768258984296708
TH2_HKNPDCAD_04654	1.73535039728809	-0.840870659622912	1.29879654961029	-0.647422923840702	0.517358263508213	0.791163024684696
TH2_HKNPDCAD_04655	116.027810556029	-0.698718323890972	0.346991878547901	-2.013644604061	0.0440468598960569	0.249355242904759
TH2_HKNPDCAD_04656	3.10776526439442	0.595876321801956	1.02718859471963	0.580104106358971	0.561844414764227	0.816793667067903
TH2_HKNPDCAD_04657	33.017656539434	0.0678159386792752	0.388508815922607	0.174554439693293	0.861429750697758	0.953712505848101
TH2_HKNPDCAD_04658	66.7780085990653	-0.33776514592519	0.310683580292022	-1.08716767589621	0.276962713368882	0.616997335388478
TH2_HKNPDCAD_04660	0.156681185410804	-1.19700691208727	4.0804728567969	-0.293350048902641	0.76925460189368	NA
TH2_HKNPDCAD_04661	90.2333815496827	-0.49952985910468	0.298322785957702	-1.67446096181036	0.0940400404939495	0.364085534419928
TH2_HKNPDCAD_04662	2.85643249590752	-1.12839437299787	1.08619521558736	-1.03885043572733	0.298874300605331	0.632286283492746
TH2_HKNPDCAD_04663	27.5053460506247	-0.172780237973525	0.405762552852879	-0.425816125117322	0.670241836033388	0.86660620871618
TH2_HKNPDCAD_04664	0.754745850139321	-3.13467070609612	2.08760613773012	-1.50156231553548	0.133210181823818	0.4340975155937
TH2_HKNPDCAD_04665	6.61496070603005	1.20367486379828	0.715583205419117	1.68208931495714	0.0925515220167329	0.360500837277943
TH2_HKNPDCAD_04666	8.03347925868537	-0.577380809509305	0.644925781877658	-0.895267061317194	0.370644343677565	0.692071972757249
TH2_HKNPDCAD_04667	25.5069859340332	0.363670931297181	0.401158637606238	0.906551416834122	0.364644063176256	0.687445924178553
TH2_HKNPDCAD_04668	195.678395076437	-0.0684150122347445	0.295167851001395	-0.231783414090111	0.816706239924961	0.93060580783074
TH2_HKNPDCAD_04669	371.287675625147	0.474692911325667	0.223004760426447	2.12862232365768	0.0332855200412022	0.213927102065108
TH2_HKNPDCAD_04670	260.799321450827	0.083455613325514	0.25098246334001	0.332515715301015	0.739499875059978	0.897626417134133
TH2_HKNPDCAD_04671	436.829252059565	0.0289107027858782	0.276612514250599	0.104516973370505	0.91675909924582	0.974280352729459
TH2_HKNPDCAD_04672	22.2116705915742	-0.350878261159732	0.496425614536504	-0.70680934038292	0.479684969291496	0.766533254035573
TH2_HKNPDCAD_04673	40.9786933879906	-0.0549092307195779	0.385239261211224	-0.14253280038732	0.886659172881175	0.963377228353917
TH2_HKNPDCAD_04674	102.502342552192	-0.182671254092243	0.285051983068282	-0.640834882557142	0.521629966804175	0.792259321433541
TH2_HKNPDCAD_04675	15.943065592215	-0.142574106412798	0.548873298100109	-0.259757774528857	0.795050624150014	0.919616323589193
TH2_HKNPDCAD_04676	152.139933753704	0.262803107901359	0.316818243745444	0.829507495510627	0.406817297169266	0.722210562644389
TH2_HKNPDCAD_04677	239.345212044421	0.647256762471338	0.358357295039764	1.80617716293321	0.0708906709033081	0.313804472409635
TH2_HKNPDCAD_04678	67.6498766151182	0.249588117319898	0.326478387881705	0.764485878956044	0.444577748608221	0.748332229956196
TH2_HKNPDCAD_04679	501.384043058682	-0.810124006422682	0.407745972796439	-1.98683508966776	0.0469406746945187	0.258451018779917
TH2_HKNPDCAD_04680	244.886761694137	0.0987378356842123	0.313432062896289	0.315021490691855	0.752745336780937	0.900372592203685
TH2_HKNPDCAD_04681	116.586728068755	-0.162381432701532	0.258698579051754	-0.627685831506043	0.53020976878215	0.796104744804923
TH2_HKNPDCAD_04682	335.575186636104	-0.416142896635526	0.361102168419113	-1.15242425282955	0.249146779624436	0.587184548209131
TH2_HKNPDCAD_04683	29.9325434895871	-0.550740923061642	0.753182290677848	-0.731218630440695	0.464645622285879	0.757729918982086
TH2_HKNPDCAD_04684	1927.5831019953	-0.313429535911916	0.286861727093263	-1.0926153833342	0.274562705603097	0.615827371015562
TH2_HKNPDCAD_04685	102.275412720727	0.149575463176348	0.359615721967105	0.415931379079222	0.67746021714054	0.869687220902181
TH2_HKNPDCAD_04686	300.16345843504	0.411914137909451	0.471292024161322	0.874010415606893	0.382112581560423	0.703934518767163
TH2_HKNPDCAD_04687	249.711957328555	0.00894154425947726	0.328379833235053	0.0272292734038784	0.978276867558068	0.993060200126977
TH2_HKNPDCAD_04688	108.978774579002	-0.0993414157871886	0.490554862567883	-0.202508268427248	0.839519395051719	0.943515987510439
TH2_HKNPDCAD_04689	824.86733838175	0.385637322733912	0.356542453252841	1.08160281956785	0.279429051121078	0.618350586282909
TH2_HKNPDCAD_04690	587.284451774693	0.0410359737265106	0.333296339480478	0.123121585404973	0.902010818641862	0.969216140539562
TH2_HKNPDCAD_04691	443.38887450548	0.752168206926824	0.32297916618638	2.32884435181424	0.0198673128516964	0.155956884652061
TH2_HKNPDCAD_04692	151.306698061921	1.05749241242611	0.259333814538239	4.07772667173792	4.54781848491776e-05	0.00168928388070206
TH2_HKNPDCAD_04693	240.791058634099	0.164387552674919	0.282317809193636	0.582278366159213	0.560379195096231	0.815414951811121
TH2_HKNPDCAD_04694	548.266798616825	0.184560334011589	0.205331163107051	0.898842295630337	0.368736667746036	0.690810100413199
TH2_HKNPDCAD_04695	168.731111912493	0.0480729620171321	0.354935112828775	0.135441550524541	0.892262774209713	0.966146806210179
TH2_HKNPDCAD_04696	0.307777920890453	1.62660255108345	3.77298739652067	0.431117939217993	0.666382617395898	NA
TH2_HKNPDCAD_04697	99.8698673647752	0.099274615553848	0.330808199832385	0.300097203165305	0.764103012497515	0.904260727710276
TH2_HKNPDCAD_04698	244.048937364675	-0.338926410903828	0.270182063215395	-1.25443712610052	0.209683165297448	0.545879078372128
TH2_HKNPDCAD_04699	112.512044162469	0.120289347050033	0.455335428986004	0.264177437977774	0.791643195564408	0.917173945213451
TH2_HKNPDCAD_04700	616.924428575643	0.23774757005266	0.451710892333942	0.526326847741581	0.598661132257563	0.833071125817151
TH2_HKNPDCAD_04701	3560.92254000614	1.03541744661374	0.512998409646692	2.01836385287597	0.0435533811042701	0.248706138259378
TH2_HKNPDCAD_04702	486.482222426935	0.454198005031523	0.368947889502101	1.23106275426719	0.218299394444732	0.552048690638231
TH2_HKNPDCAD_04703	3779.86351898791	-0.00751768559087348	0.273324865017389	-0.0275045799085831	0.978057286991854	0.993060200126977
TH2_HKNPDCAD_04704	7.02633449703204	1.35090513789504	0.858285887867205	1.57395706604471	0.115497375536548	0.404512499668591
TH2_HKNPDCAD_04705	30.9569780955538	-0.545913958725686	0.428432247587538	-1.27421304488557	0.202587923332409	0.536944894874944
TH2_HKNPDCAD_04706	8.63086580573123	1.58631389248709	0.657592121741556	2.41230671724886	0.0158519398462891	0.137258519682564
TH2_HKNPDCAD_04707	39.0766815196044	-0.564077857264219	0.441762407435267	-1.27688062128029	0.201644396698352	0.535817008577116
TH2_HKNPDCAD_04708	727.706621358011	-0.349255283346669	0.255571093200746	-1.36656802212109	0.171760746191453	0.499401920009864
TH2_HKNPDCAD_04709	1681.81414817175	0.0424801946561044	0.239687637386027	0.177231479768347	0.859326569770594	0.952206657294437
TH2_HKNPDCAD_04710	15.4622276000238	-1.02149949017344	0.548595393730114	-1.86202710020561	0.0625992704144775	0.296565489967293
TH2_HKNPDCAD_04711	76.5082482119705	-0.357082538361039	0.330286546016773	-1.08112953030459	0.279639499206704	0.618391748461417
TH2_HKNPDCAD_04712	57.5034733276264	-0.639505821388324	0.401844997346449	-1.59142412027336	0.111514159620358	0.397511531442249
TH2_HKNPDCAD_04713	158.192996431857	0.926857785849978	0.385392824908414	2.40496897177636	0.0161738389662239	0.139100253521156
TH2_HKNPDCAD_04714	336.909724510666	1.29654702925239	0.610207698100811	2.1247634752687	0.0336063539470272	0.214624955434075
TH2_HKNPDCAD_04715	569.972128490979	-0.057172913654129	0.307908038860177	-0.185681782995252	0.852694314943005	0.950322993958414
TH2_HKNPDCAD_04716	34.0861481129648	-0.670937146210319	0.559030680050711	-1.20017947163375	0.230069646171868	0.566988945325479
TH2_HKNPDCAD_04717	117.336983971212	0.286210912204024	0.275022704773218	1.0406810319171	0.298023609361011	0.631706341774874
TH2_HKNPDCAD_04718	63.0811244668247	0.911067141874023	0.34392702277936	2.64901296359752	0.00807272349896967	0.0917915389971746
TH2_HKNPDCAD_04719	35.3512564039621	0.76720114044485	0.35855150803473	2.13972364709881	0.0323771068388225	0.210883163476244
TH2_HKNPDCAD_04721	66.3714278248971	0.228910951526737	0.321159818879127	0.712763359767901	0.475992202070396	0.76511007457286
TH2_HKNPDCAD_04722	0.663831974634729	-0.259949980655438	2.07492101680871	-0.125281867863698	0.90030040642744	0.968304633518057
TH2_HKNPDCAD_04723	26.979103028298	0.436212888712584	0.396489255684205	1.10018842240713	0.271250033937319	0.612253489195375
TH2_HKNPDCAD_04724	15.8599766305249	-0.803104857507437	0.478556531265051	-1.678181792618	0.0933116150566775	0.361552806087795
TH2_HKNPDCAD_04725	20.8716442910598	0.371920501895644	0.454047682074977	0.819122124346025	0.412716740237314	0.728318391219084
TH2_HKNPDCAD_04726	21.4141578894947	0.305944262272055	0.445003633143481	0.68750958303617	0.491761663974844	0.773575711626905
TH2_HKNPDCAD_04727	6.34004606053933	-0.365330107280423	0.783397890372893	-0.466340427731466	0.640971845339686	0.853851787736807
TH2_HKNPDCAD_04728	1245.42981512681	0.794680869912538	0.282945990468265	2.80859562136708	0.0049758103248007	0.0674762003304984
TH2_HKNPDCAD_04729	1733.77177019333	-0.0961010200776758	0.225884020925865	-0.425444082692402	0.670512976236895	0.86660620871618
TH2_HKNPDCAD_04730	151.9617418838	-0.00185544801733165	0.263313046122866	-0.00704654799544522	0.994377714675524	0.998208406703946
TH2_HKNPDCAD_04731	1181.15206505989	0.511999690390952	0.265574086284935	1.92789777629745	0.0538678424009808	0.276679919987402
TH2_HKNPDCAD_04732	225.161212620242	-0.309760264793869	0.332766770611086	-0.930862971158544	0.351924450905097	0.67392525708793
TH2_HKNPDCAD_04733	34.7253176686445	-0.767073222950078	0.362514769558882	-2.11597785073274	0.0343466914044548	0.217349104093199
TH2_HKNPDCAD_04734	394.064496562719	0.158366831305088	0.342091210784483	0.46293744566521	0.643409205918427	0.854759170674226
TH2_HKNPDCAD_04735	5331.25106454151	-0.902116312023401	0.280006426868637	-3.22177002189533	0.00127401351468705	0.0261223731051433
TH2_HKNPDCAD_04736	1570.75869424331	-0.442350020271496	0.305967449728346	-1.44574209009566	0.148249554128867	0.46507173467844
TH2_HKNPDCAD_04737	41.9931962783838	-0.00997079219614289	0.348604753919034	-0.0286019972018473	0.977182019200661	0.993060200126977
TH2_HKNPDCAD_04738	65.882156911	-0.460785286298102	0.319682392188569	-1.4413846291112	0.149476050300062	0.467488855300867
TH2_HKNPDCAD_04739	156.98736955052	-0.164115248438324	0.27935223123852	-0.587485010270769	0.556878014820197	0.813727680720732
TH2_HKNPDCAD_04740	768.703426730486	-0.453866281595525	0.257026279131292	-1.76583609710852	0.0774233506137996	0.329081339341904
TH2_HKNPDCAD_04741	389.286247965746	-0.0404383313992886	0.327217854317027	-0.123582288881185	0.901646016399188	0.969141849457378
TH2_HKNPDCAD_04742	58.1243116898706	0.244331181980923	0.347307240845101	0.703501549194289	0.481743241648988	0.767272556482272
TH2_HKNPDCAD_04743	141.227384460362	-0.771184522240416	0.3089250792444	-2.49634805994598	0.0125479411756907	0.120442618409168
TH2_HKNPDCAD_04744	851.007262452339	-0.367063519325515	0.301729484179916	-1.21653182261314	0.223782396213619	0.560659121696486
TH2_HKNPDCAD_04745	423.83684090423	0.144410469823817	0.338469732255722	0.426656968294913	0.669629197558935	0.86660620871618
TH2_HKNPDCAD_04746	207.277255841398	-0.185287439638759	0.252711764313244	-0.733196731629358	0.463438448496172	0.757520882331434
TH2_HKNPDCAD_04747	174.795649902269	0.181205971050275	0.348530677441544	0.519913978248492	0.603123532307501	0.835916283692553
TH2_HKNPDCAD_04748	12.1831973254444	-0.324858653885326	0.606769147392184	-0.535390857101958	0.592379611030876	0.831928187984732
TH2_HKNPDCAD_04749	186.304967405851	0.332730536028529	0.300168107041718	1.10848064208995	0.267654294753721	0.608734788357103
TH2_HKNPDCAD_04750	320.639234779926	0.238899602881154	0.302556348755872	0.789603668419195	0.429759265199467	0.739917383686689
TH2_HKNPDCAD_04751	171.30133181472	-0.0386218393658044	0.29292022258068	-0.131851051544134	0.895102105710745	0.96717820275575
TH2_HKNPDCAD_04752	921.297062383237	0.107737218047406	0.282188044344854	0.381792284281695	0.702615442288111	0.878548491845265
TH2_HKNPDCAD_04753	64.8564332269911	-0.205681872229199	0.361171441654194	-0.569485425777741	0.569026758525163	0.822337514575693
TH2_HKNPDCAD_04754	14093.3533153854	-0.0126685098663425	0.213511725490176	-0.0593340241022287	0.95268606152766	0.987495207402243
TH2_HKNPDCAD_04755	298.062652741438	0.102213685735942	0.328622191484714	0.311037076571552	0.755772435567559	0.900389984632114
TH2_HKNPDCAD_04756	78.7853329158747	0.998600065672448	0.305427034224	3.26952087987102	0.00107729786176959	0.0227252215614441
TH2_HKNPDCAD_04757	65.3501162133312	0.182531245233822	0.312025791762848	0.58498768387888	0.558555998137283	0.815097461754377
TH2_HKNPDCAD_04758	118.495949443174	0.258569931954116	0.360308236201781	0.717635363209712	0.472982147110343	0.762957446533334
TH2_HKNPDCAD_04759	443.708373292747	0.342640702171569	0.235435818577002	1.45534653241178	0.145573350525974	0.458077958745329
TH2_HKNPDCAD_04760	177.346364183321	0.112216656740079	0.367530946178456	0.305325736259477	0.760118076483798	0.90289249972141
TH2_HKNPDCAD_04761	56.4122917012506	-0.21391326671712	0.398363122773873	-0.536980595060116	0.591281018105361	0.830840597260987
TH2_HKNPDCAD_04762	4818.34445796474	0.126691030088562	0.226110699545773	0.560305329836524	0.575271192595382	0.823926844693718
TH2_HKNPDCAD_04763	583.097458772526	0.205535224426437	0.323232386089784	0.635874476913789	0.524858239456603	0.794737458759859
TH2_HKNPDCAD_04764	325.815224131751	0.305118030588481	0.266286016216236	1.14582821480461	0.251866238308394	0.589427564289623
TH2_HKNPDCAD_04765	1137.4639933337	0.118052110807548	0.209453681856106	0.563619172322066	0.573013336040195	0.823926844693718
TH2_HKNPDCAD_04768	1332.77111110085	-0.469466339383295	0.273143089544781	-1.71875605626965	0.0856588001699118	0.34787647847234
TH2_HKNPDCAD_04769	319.819615811699	-0.0947899597823357	0.232572050006416	-0.407572448106815	0.683587595319895	0.872905628483619
TH2_HKNPDCAD_04770	215.280659929362	0.151104669285253	0.354024176136012	0.426820198932403	0.66951029314909	0.86660620871618
TH2_HKNPDCAD_04771	38.6879065123892	-0.330244649307453	0.558967219865897	-0.590812193578511	0.554646263994288	0.813015942017363
TH2_HKNPDCAD_04772	39.1282829985908	-0.872230482363637	0.544790403721558	-1.60103863138058	0.109368363065441	0.393972051351686
TH2_HKNPDCAD_04773	77.0177707095141	0.0591006823843939	0.452454686162987	0.1306223234985	0.896074082432655	0.967194694318606
TH2_HKNPDCAD_04774	36.9412701566854	-0.46433275318137	0.517069182989782	-0.898008948234972	0.369180778927234	0.690878325431813
TH2_HKNPDCAD_04775	104.347819785675	0.43715158899682	0.59241906608188	0.737909385476126	0.460569515247158	0.755611593923438
TH2_HKNPDCAD_04776	164.603043762281	0.190060686966923	0.447486668853144	0.424729271721157	0.671034042605294	0.86660620871618
TH2_HKNPDCAD_04777	46.0275539167538	-0.0541901235209906	0.44694672280813	-0.121245152398743	0.903496861448535	0.969906249760393
TH2_HKNPDCAD_04778	47.1505964513734	-0.689277331248808	0.374783202749219	-1.8391361357516	0.065895165194357	0.305188541893283
TH2_HKNPDCAD_04779	3051.45074819097	-0.00566892289069445	0.245742851260984	-0.0230685159775978	0.981595619610208	0.993809825424043
TH2_HKNPDCAD_04780	32695.4447482554	-0.259923616250201	0.27866500668507	-0.932745805948828	0.350951228428756	0.673270762546356
TH2_HKNPDCAD_04781	5370.11847929895	-0.0536380140061151	0.224622160962018	-0.238792173383039	0.811266739433085	0.927627326864598
TH2_HKNPDCAD_04782	327.197257948164	-0.897259167573903	0.325747062096421	-2.75446587852361	0.00587880195848178	0.0768743337734122
TH2_HKNPDCAD_04783	1771.12455771323	-1.19398685811889	0.393317943752488	-3.03567858289794	0.00239995052481054	0.0400721380787585
TH2_HKNPDCAD_04784	1558.75281145285	-1.27131234222944	0.373921896641704	-3.39994087975979	0.000674004244184433	0.0159951192393028
TH2_HKNPDCAD_04785	765.366829148228	-0.788606144491238	0.292125594062042	-2.69954485509323	0.00694343950762563	0.0857475663694526
TH2_HKNPDCAD_04786	1100.10190251214	-0.904475735225721	0.251837429324038	-3.59150638431087	0.000328772120993429	0.00929657264765551
TH2_HKNPDCAD_04787	226.057263654453	-1.12415292517654	0.246748217507364	-4.55587050043426	5.21690713601329e-06	0.000245338219992698
TH2_HKNPDCAD_04788	849.263917411339	-0.160554811931895	0.370252787713903	-0.433635659904758	0.664553035283201	0.865534678727702
TH2_HKNPDCAD_04789	154.089501109763	-0.298955368709674	0.268570334470456	-1.11313622667644	0.265649927042603	0.606017590574269
TH2_HKNPDCAD_04790	835.777304314637	0.775969934990458	0.466967703755417	1.66172077586952	0.0965687734620766	0.369093808288992
TH2_HKNPDCAD_04791	160.914606025841	0.16935108012966	0.400808038526702	0.42252416082313	0.672642469287621	0.867412653476314
TH2_HKNPDCAD_04792	1303.39204366566	0.370920711487402	0.202817447309155	1.82884025219984	0.0674235429752509	0.307132659550351
TH2_HKNPDCAD_04793	4.82584231293925	-1.11198902009639	1.0358688916711	-1.0734843270585	0.283053867014358	0.619310260361235
TH2_HKNPDCAD_04794	10.3335890796859	-0.0973744340837448	0.576903955720087	-0.16878794662138	0.865963439497176	0.955430174529171
TH2_HKNPDCAD_04795	6.9703892308941	-0.100594152846637	0.725486891215528	-0.138657436908468	0.889720853538662	0.964464209703223
TH2_HKNPDCAD_04796	7.91899403956378	0.356528323908888	0.721231218335856	0.494332905793414	0.621071089595776	0.846128289366314
TH2_HKNPDCAD_04797	117.293975987087	0.208118351428697	0.307346359781544	0.677145978161652	0.498313339306514	0.778291949203287
TH2_HKNPDCAD_04798	6.34227208769136	-0.143046162987439	0.713263443230885	-0.200551653593067	0.841049164729005	0.944760354498531
TH2_HKNPDCAD_04799	12.0388064213904	-0.107351496507255	0.582177660142937	-0.184396454650798	0.853702450911379	0.950701447614975
TH2_HKNPDCAD_04800	32.7499545289765	-0.134892176174594	0.408317561205083	-0.330360946946492	0.741127246365711	0.898750476666816
TH2_HKNPDCAD_04801	2.03787118487167	-1.18658138671767	1.25893213499615	-0.942530064753097	0.34592132609953	0.669381924343597
TH2_HKNPDCAD_04802	5.32037506849079	-0.0182828995659358	0.865625382142236	-0.021121029885572	0.983149109213202	0.993869420465992
TH2_HKNPDCAD_04803	41.556907047671	-0.680859851668098	0.481616257881497	-1.41369781548285	0.157450647039496	0.479555565492843
TH2_HKNPDCAD_04804	19.7507149164707	-0.251782203728458	0.480416474316348	-0.524091527224903	0.600214881345718	0.834020461311507
TH2_HKNPDCAD_04805	0.69529108582635	-3.05006722164096	2.42340297622496	-1.2585885432856	0.208178987285607	0.543647133132574
TH2_HKNPDCAD_04806	18.5567034691005	0.343615837618666	0.615823413263408	0.557977871932079	0.576859494516067	0.823926844693718
TH2_HKNPDCAD_04807	6877.21455640077	0.708532113894619	0.282619477904956	2.50701798455978	0.0121754516575475	0.118427637944191
TH2_HKNPDCAD_04808	235.356782101474	0.574234896438381	0.354674091741224	1.61904945923525	0.10543662187588	0.388546458472869
TH2_HKNPDCAD_04809	126.748987947203	-0.130179012427538	0.273285256614243	-0.476348464751952	0.633826143176508	0.851931934635839
TH2_HKNPDCAD_04810	11.0579844283498	-0.599504875967331	0.558573398582283	-1.07327860132426	0.283146133286424	0.619310260361235
TH2_HKNPDCAD_04811	499.303354707015	-0.137687747348075	0.246329720286226	-0.558957105086982	0.576190995167307	0.823926844693718
TH2_HKNPDCAD_04812	268.855589890249	0.00292523075736167	0.257077569814087	0.0113787864086203	0.990921237919125	0.996950395598319
TH2_HKNPDCAD_04813	208.280649400645	-0.412388823334455	0.294651527757903	-1.39958148689217	0.161638681000342	0.486236892365282
TH2_HKNPDCAD_04814	144.110811696538	-0.269239877468719	0.333866593003255	-0.806429523381795	0.419995229498746	0.732775883734027
TH2_HKNPDCAD_04815	21.8535682556752	0.515025983966584	0.423635815757396	1.21572814386762	0.224088499386454	0.561081561160175
TH2_HKNPDCAD_04816	61.1474476491525	0.111733751315003	0.341180268388767	0.327491832522053	0.74329591940046	0.899576008560523
TH2_HKNPDCAD_04817	220.792098611211	0.136026471550576	0.265494673960874	0.51235103710827	0.608405351965221	0.839171382281399
TH2_HKNPDCAD_04818	4423.74141997011	-0.438156449630434	0.279719906826065	-1.56641139560685	0.117252336847233	0.406379633995211
TH2_HKNPDCAD_04819	3704.82002568468	-0.223987728028305	0.260059366854545	-0.861294598758233	0.389075809736162	0.708491154780663
TH2_HKNPDCAD_04820	382.299922800229	0.408469039432009	0.385023396587503	1.06089407306752	0.288738043118514	0.624442223370832
TH2_HKNPDCAD_04821	3984.96008618222	-0.734879149039379	0.244996083905198	-2.99955467583613	0.00270374591936861	0.0439981002624873
TH2_HKNPDCAD_04822	1107.63529269762	0.0920129811720803	0.206236128996141	0.446153550398543	0.655486333022268	0.862349291109766
TH2_HKNPDCAD_04823	8346.33512042769	-0.192585798538924	0.199633221604217	-0.9646981448846	0.334696024706252	0.660134057053855
TH2_HKNPDCAD_04824	19076.7787983623	0.234517140674709	0.277553624907391	0.844943533895325	0.398142366554757	0.715846289358009
TH2_HKNPDCAD_04825	7.3622630334656	-0.256516189918645	0.66006154026395	-0.388624657355536	0.697553823909936	0.875286845468737
TH2_HKNPDCAD_04826	14.5573413194634	0.42506952226351	0.554126475354332	0.767098381270634	0.443023024294454	0.747914985421928
TH2_HKNPDCAD_04827	11.9719863732806	-0.439112001185279	0.564921086229654	-0.777297948136368	0.436983005341323	0.744772777784933
TH2_HKNPDCAD_04828	96.7607564142802	0.736779344834322	0.379344389064361	1.94224395054731	0.0521075747654636	0.271999417767583
TH2_HKNPDCAD_04829	2030.54328293533	-0.151845170393345	0.198731388184024	-0.764072408394476	0.444824093772245	0.748332229956196
TH2_HKNPDCAD_04830	411.171715813997	0.263235845071615	0.230786242340602	1.1406045802467	0.254034510370513	0.59055823136474
TH2_HKNPDCAD_04831	2586.4688796756	0.00781189102035366	0.195323544775729	0.0399946203583561	0.968097415195317	0.990384973702169
TH2_HKNPDCAD_04832	888.096999307027	0.416955619557234	0.335150910428051	1.24408320724746	0.213468940786893	0.548492125550683
TH2_HKNPDCAD_04833	180.146807269898	0.484975978579396	0.365260855337664	1.32775240350095	0.184259915439035	0.516724716077862
TH2_HKNPDCAD_04834	122.70191623849	-0.185292430083239	0.28054362310995	-0.660476356686315	0.50894818616651	0.784435919212063
TH2_HKNPDCAD_04835	365.798439889211	1.26151967578217	0.54950826923397	2.29572464403632	0.0216916304478067	0.165463240588478
TH2_HKNPDCAD_04836	32.7094366038447	-0.442592370002054	0.51683862840095	-0.85634537683724	0.39180676884753	0.709933367660813
TH2_HKNPDCAD_04837	58.3628033177124	0.240431481614901	0.335341238993165	0.71697558682844	0.473389160477345	0.762957446533334
TH2_HKNPDCAD_04838	1457.25363182201	0.354024832483513	0.392714888476196	0.901480547012599	0.367332872241972	0.689610258957921
TH2_HKNPDCAD_04839	194.236447411985	0.193722272692663	0.26693553529363	0.725726803213247	0.468006267005622	0.759474302905752
TH2_HKNPDCAD_04840	35.5255284091554	-0.0501649187931246	0.425554392830498	-0.117881332300348	0.906161684772216	0.969906249760393
TH2_HKNPDCAD_04841	67.0783058077735	0.236425323600971	0.311026491037828	0.760145294415506	0.447167740687408	0.751042542189925
TH2_HKNPDCAD_04842	9.71053577492933	-1.04385548389176	0.637525324079372	-1.63735532451068	0.101556247255349	0.379153185310211
TH2_HKNPDCAD_04843	63.0454066989301	0.294548029052884	0.398359819232532	0.739401954796422	0.459662955628846	0.755611593923438
TH2_HKNPDCAD_04844	210.891799940186	0.147204865602681	0.441653064817775	0.333304299979028	0.738904593871478	0.897328819754844
TH2_HKNPDCAD_04845	5411.26130571071	-0.631519568682362	0.306735970023675	-2.05883766626268	0.039509792047985	0.234165543962658
TH2_HKNPDCAD_04846	493.038049031957	0.0924148209182838	0.422034285468032	0.218974675992962	0.826669774677854	0.93603144367515
TH2_HKNPDCAD_04847	1375.55062632043	0.0895763314981816	0.380814083954213	0.235223263194624	0.814035451064605	0.929549058177137
TH2_HKNPDCAD_04848	51.170249850701	-0.475037190807772	0.347368046083775	-1.36753278306205	0.171458368877797	0.499088926103117
TH2_HKNPDCAD_04849	997.449966105168	-2.22390949338165	0.38988327259819	-5.70403925913894	1.17001110629756e-08	7.13985348914438e-07
TH2_HKNPDCAD_04850	29.3169759670766	-0.466015560270136	0.451042647636141	-1.0331962237107	0.301512079755904	0.633500567822598
TH2_HKNPDCAD_04851	237.946946410355	1.37830709541558	0.743460170554477	1.85390845401662	0.0637522582210998	0.299811078570053
TH2_HKNPDCAD_04852	416.212643616503	1.01666259675414	0.674737659133194	1.50675241405705	0.131874131081368	0.431114028012175
TH2_HKNPDCAD_04853	1010.6072154147	1.35784194495303	0.712703646705187	1.90519853690984	0.0567542683281333	0.282620549127277
TH2_HKNPDCAD_04854	497.11263084057	0.97063777497283	0.696454928600627	1.39368354664833	0.163413186886936	0.488429152176347
TH2_HKNPDCAD_04855	1138.51878058177	0.464438650955829	0.558823460119589	0.83110084686931	0.405916661371488	0.721723484630679
TH2_HKNPDCAD_04856	143.755232435748	0.296775900371139	0.31344178730083	0.946829403082446	0.343725716348999	0.667912197473719
TH2_HKNPDCAD_04857	13.8641174073133	-0.0708903508754559	0.610773881346801	-0.116066441346735	0.907599884945465	0.970326827953643
TH2_HKNPDCAD_04858	8.887511259476	-0.821682544495212	0.605988066531663	-1.35593849099713	0.175118739384242	0.504071605450537
TH2_HKNPDCAD_04859	49.0117402784418	0.244763821640934	0.416343503016763	0.587889134494503	0.556606710020613	0.813727680720732
TH2_HKNPDCAD_04860	55.1047295243644	0.87400166793722	0.37129739897671	2.35391271349047	0.0185769727306695	0.150314967889456
TH2_HKNPDCAD_04861	70.9670622628806	-0.323409192446099	0.309664210229972	-1.04438673169857	0.296306499841086	0.630089770348113
TH2_HKNPDCAD_04862	36.9460973796165	0.432645953719987	0.463285180707073	0.933865298820213	0.350373380877398	0.673033854678595
TH2_HKNPDCAD_04863	120.789876886025	0.286384301770993	0.334126612749928	0.857113114738134	0.391382373883511	0.709759136125783
TH2_HKNPDCAD_04864	37.5715538025273	-0.624359441487029	0.35996827519548	-1.73448463242482	0.0828321301216488	0.342573709177986
TH2_HKNPDCAD_04865	26.501348291465	0.0755634898400961	0.421955815769045	0.179079152404562	0.857875551357258	0.95203941897755
TH2_HKNPDCAD_04866	51.5688736700909	-0.123957941605742	0.421669246100563	-0.293969604736551	0.768781129593777	0.906967104786582
TH2_HKNPDCAD_04867	273.265090185536	0.18141271219376	0.245869669624067	0.737840956434922	0.46061110176718	0.755611593923438
TH2_HKNPDCAD_04868	12.444710427772	-0.578160941754002	0.667916166964129	-0.865619025785691	0.38669911853643	0.706286761769014
TH2_HKNPDCAD_04869	56.3738815820262	-1.32396421778672	0.385184430984858	-3.43722152632582	0.000587714712728907	0.0146243962012057
TH2_HKNPDCAD_04870	738.559917432257	0.391174828659787	0.406897325146483	0.961360039707717	0.336371169207655	0.661486082990233
TH2_HKNPDCAD_04871	82.5475852373202	0.140360614205667	0.385318004490997	0.364272140335312	0.715654801605833	0.885058970128138
TH2_HKNPDCAD_04872	1144.18827264283	0.198736171435236	0.268508096564881	0.740149641585256	0.459209200050313	0.755611593923438
TH2_HKNPDCAD_04873	1735.04432621448	0.146956122192503	0.330438487176111	0.444730646990832	0.6565144188829	0.862349291109766
TH2_HKNPDCAD_04874	1365.65432949035	-0.0934074242958258	0.318523099000684	-0.293251649845417	0.76932980760495	0.907405566908186
TH2_HKNPDCAD_04875	512.016892451399	0.154524286847868	0.35477470398403	0.435556101132915	0.663158827022644	0.865415516119673
TH2_HKNPDCAD_04876	101.45026257239	0.335724094680657	0.279178897060304	1.20254108822609	0.229153956840239	0.565667860033621
TH2_HKNPDCAD_04877	76.620743182787	-0.206983799947978	0.305279953925399	-0.678013073857312	0.497763403822428	0.777669981101422
TH2_HKNPDCAD_04878	29.1178550175218	-0.302233527548922	0.533188255586891	-0.56684205696963	0.57082149392058	0.823126171899573
TH2_HKNPDCAD_04879	56.4002915070622	-0.705869915614956	0.31739219009401	-2.22396750029004	0.0261506309313687	0.18838222816828
TH2_HKNPDCAD_04880	30.5438125752349	-0.29185813991409	0.460671725348857	-0.633549062932117	0.526375152044769	0.795531544348716
TH2_HKNPDCAD_04881	7.50308592815276	0.962160677519582	0.757511937424402	1.27015909583023	0.204027964718456	0.53937459883796
TH2_HKNPDCAD_04882	8.5409613187269	0.635017731412254	0.753137627570335	0.843162933527644	0.399137325574704	0.7169412747652
TH2_HKNPDCAD_04883	7.6604822662775	-0.505565833560049	0.682584100861979	-0.740664531918648	0.458896869760698	0.755611593923438
TH2_HKNPDCAD_04884	12.2910955702025	0.731294578883849	0.639454460532681	1.14362260961424	0.252780180926638	0.589927529205362
TH2_HKNPDCAD_04885	25.1945021445126	-0.0636686709253581	0.484696397893336	-0.131357838024142	0.895492239978497	0.967191997920307
TH2_HKNPDCAD_04886	567.768370225374	-0.593112011800634	0.33246508758259	-1.78398284196771	0.0744264532650075	0.322216947579561
TH2_HKNPDCAD_04887	1540.18862818326	-0.160695698769424	0.30728846911506	-0.522947376555331	0.601010874166706	0.83467400189069
TH2_HKNPDCAD_04888	10284.3034553932	0.372864412938088	0.22277500793782	1.67372640400561	0.0941843820705321	0.364369164146074
TH2_HKNPDCAD_04889	144.052556568311	-0.168366750375834	0.335967751228065	-0.501139617598423	0.616272866516421	0.843528628508191
TH2_HKNPDCAD_04890	556.544876748444	0.307650213749639	0.34018814037533	0.904353142382356	0.365808176158356	0.68844918826768
TH2_HKNPDCAD_04891	853.129779436815	0.775862805109414	0.265770503568819	2.91929613968057	0.0035082277225022	0.0525823839343458
TH2_HKNPDCAD_04892	10818.460284858	-0.0408579301012022	0.267330268520728	-0.152836902185785	0.878526895857265	0.960573459551585
TH2_HKNPDCAD_04893	1779.54562057075	0.146853717129037	0.29598310144494	0.496155748122516	0.619784529488329	0.845735719603216
TH2_HKNPDCAD_04894	162.949070375403	-1.49939782537222	0.284083767266942	-5.27801303044289	1.30592180985698e-07	7.356214502557e-06
TH2_HKNPDCAD_04895	134.030831996582	0.288801890762193	0.273957831366761	1.05418373813727	0.291798803775747	0.625318005081304
TH2_HKNPDCAD_04896	232.998728508679	0.289801308346571	0.376725204906209	0.769264452105671	0.441736335523768	0.746814134529959
TH2_HKNPDCAD_04897	54.4336629368403	-0.424144869480746	0.396562622458694	-1.06955332010627	0.284820416256738	0.621007849311799
TH2_HKNPDCAD_04898	38.372676958863	-0.263237366194773	0.418007454274705	-0.629743234248112	0.528862590907348	0.796104744804923
TH2_HKNPDCAD_04899	61.7758965809464	-0.536658893807962	0.313872230036732	-1.70980049348475	0.0873027717405835	0.350716307164758
TH2_HKNPDCAD_04900	39.5330923847934	0.292266080748203	0.355569081779061	0.821967082418621	0.411095631786195	0.725896041521198
TH2_HKNPDCAD_04901	207.29039094377	-0.912259408084444	0.270649848103944	-3.37062597476163	0.000749976071181025	0.0170861215149953
TH2_HKNPDCAD_04902	208.168063560798	-0.459862012493339	0.513765172550747	-0.89508210572198	0.37074319882782	0.692071972757249
TH2_HKNPDCAD_04903	558.180118492065	0.186985426971786	0.236731329139268	0.789863461045258	0.429607512409453	0.739917383686689
TH2_HKNPDCAD_04904	3138.55911487439	-0.48783481215991	0.295725115664769	-1.64962252551087	0.0990201649136113	0.374043747492389
TH2_HKNPDCAD_04905	2.46282423127018	1.21757992135063	1.14174085269868	1.06642406503427	0.286231987951946	0.622232896624969
TH2_HKNPDCAD_04906	1.0616272753585	-1.26777219170616	1.69718198878845	-0.746986593117906	0.455071653655455	0.754185999559607
TH2_HKNPDCAD_04907	2.96260037119907	0.551835045662339	1.17588331017152	0.469294054000857	0.638859464783295	0.853032981630417
TH2_HKNPDCAD_04908	153.116477062245	1.30399337325339	0.467864507786636	2.78711753413888	0.00531791873089996	0.0709886755588364
TH2_HKNPDCAD_04909	107.080256119947	1.04120243878926	0.60461312006869	1.72209699761554	0.0850519489050289	0.347461763407173
TH2_HKNPDCAD_04910	192.665388138047	-0.00647799809728512	0.314160353262677	-0.0206200369652268	0.983548756676705	0.993869420465992
TH2_HKNPDCAD_04911	15.9383834602498	1.0305406376017	0.649688608125869	1.58620703012549	0.11269235356855	0.399488938030696
TH2_HKNPDCAD_04912	19.0019622298711	-0.00818389118243888	0.494915512895285	-0.0165359358702713	0.986806833323795	0.995244101216902
TH2_HKNPDCAD_04913	27.8689652622201	0.196081796551604	0.420903150568805	0.465859655093152	0.641315961229093	0.853918509293191
TH2_HKNPDCAD_04914	258.896725109549	-0.127059870611642	0.226215660355892	-0.561675838055357	0.574336899412972	0.823926844693718
TH2_HKNPDCAD_04915	2.9165008961453	1.25230958346318	1.2217671383266	1.02499858129956	0.305363857074009	0.636348215100568
TH2_HKNPDCAD_04916	1914.25842057145	0.819891985058028	0.611276324154389	1.34127881722268	0.179829944653402	0.51066597922721
TH2_HKNPDCAD_04917	1028.48261096808	-0.870690396524496	0.297723044645653	-2.92449782501983	0.00345012490753333	0.052169145356979
TH2_HKNPDCAD_04918	139.980084872292	1.09682518232959	0.263012605713168	4.17023807416193	3.04281596499451e-05	0.00121378083311527
TH2_HKNPDCAD_04919	293.358470277324	0.25874317910841	0.331841258364095	0.77971973823857	0.43555585809372	0.744569832780504
TH2_HKNPDCAD_04920	56.3689169059684	-0.0250950733555908	0.332837698664329	-0.0753973286568703	0.939898584584741	0.982046503175985
TH2_HKNPDCAD_04921	92.2708598626411	-0.612238870220149	0.373644054862248	-1.63856178695487	0.101304556193356	0.378765248028552
TH2_HKNPDCAD_04922	564.293822127764	-0.630674875737531	0.206686089960857	-3.05136584594044	0.002278028216107	0.0385385235503779
TH2_HKNPDCAD_04923	92.3855992960869	-0.543747653715359	0.290811706342817	-1.86975847896018	0.0615173646448485	0.293610811144779
TH2_HKNPDCAD_04924	80.4942181758435	-0.0916492953234898	0.321661177954177	-0.284924950864123	0.775701639908926	0.911957245314336
TH2_HKNPDCAD_04925	100.920586139109	0.450060471696842	0.286115232812904	1.57300423075043	0.115717838582281	0.404512499668591
TH2_HKNPDCAD_04926	1770.76595216949	0.376244440103293	0.329196302012777	1.14291818529811	0.253072561401209	0.589927529205362
TH2_HKNPDCAD_04927	295.969562825647	-0.225493982661947	0.223675424451685	-1.00813034429115	0.31339189195895	0.644383007694175
TH2_HKNPDCAD_04928	3249.31900832624	1.3090328393914	0.425704531007832	3.07497981356302	0.002105168015579	0.0364563893508715
TH2_HKNPDCAD_04929	10.858226133488	0.405702654629568	0.636861662912939	0.637034191654632	0.524102572387049	0.794367175060915
TH2_HKNPDCAD_04930	2029.02257567796	-0.538994948789551	0.21603434399273	-2.49495028812496	0.0125974777545908	0.120475132406777
TH2_HKNPDCAD_04931	1551.82053274557	0.00725992778885561	0.240551199053435	0.0301803849551502	0.975923191943392	0.992969885252447
TH2_HKNPDCAD_04932	1696.62111181552	-0.232933067331766	0.226158791308249	-1.02995362676078	0.303031774971619	0.634016685103885
TH2_HKNPDCAD_04933	32.4635804276437	0.67222417503144	0.448058407976986	1.50030478853544	0.133535469627104	0.434604963370497
TH2_HKNPDCAD_04934	56.7113111767659	0.618319097938027	0.330370364490075	1.87159371541209	0.0612628335327005	0.292668485264327
TH2_HKNPDCAD_04935	230.211280127098	0.132795311856741	0.249593374863448	0.53204662154752	0.594693705843503	0.832414382655662
TH2_HKNPDCAD_04936	8808.7371359498	0.427568876058098	0.537215204547833	0.795898687227173	0.426090924353898	0.738016726213522
TH2_HKNPDCAD_04937	664.310499887808	0.0165602873235038	0.400282456642781	0.041371504168324	0.966999729719896	0.990384973702169
TH2_HKNPDCAD_04938	46.5538782357772	-0.596483111811301	0.377217196392852	-1.58127232139781	0.113815785412508	0.400975749845028
TH2_HKNPDCAD_04939	297.04774581349	-0.15206817682754	0.232439425634895	-0.654227123527665	0.51296548935862	0.787263801931822
TH2_HKNPDCAD_04940	64.2695968647433	0.200743936025056	0.397762535852722	0.504682864600864	0.613781598218452	0.842367997983343
TH2_HKNPDCAD_04941	6038.72609181833	0.235418028782327	0.527944928290792	0.445913988689099	0.655659377148481	0.862349291109766
TH2_HKNPDCAD_04942	1676.74586281676	0.170107358620812	0.205216768414553	0.828915492310949	0.407152228266813	0.722210562644389
TH2_HKNPDCAD_04943	1112.53453827538	-0.0844719822527566	0.222698649373872	-0.37931070749757	0.704457149300366	0.879449937947696
TH2_HKNPDCAD_04944	663.748592433394	-0.211303143434112	0.217474714681639	-0.971621660676454	0.331238802532966	0.658155102499738
TH2_HKNPDCAD_04945	653.139289997026	0.0594191706351314	0.21581999505482	0.275318191069546	0.783071789861791	0.914060966483782
TH2_HKNPDCAD_04946	138.497421279321	-0.184195092542668	0.255440239130876	-0.72108878839678	0.470854888622252	0.762136651042626
TH2_HKNPDCAD_04947	408.655126601517	0.0890067501808508	0.296939679799192	0.299746905637679	0.764370217161261	0.904260727710276
TH2_HKNPDCAD_04948	203.366197908946	0.227989422398641	0.305616291791103	0.745998916034484	0.455668069839486	0.754289952058841
TH2_HKNPDCAD_04949	507.525534211413	-0.129329670535434	0.257492929442464	-0.502264939140132	0.615481168435271	0.843528628508191
TH2_HKNPDCAD_04950	868.864743954147	-0.745251930118125	0.34485694586125	-2.16104659935709	0.0306917399525366	0.204851378901956
TH2_HKNPDCAD_04951	839.251777116703	-0.149682629524172	0.319538056874232	-0.468434436224559	0.639473946777753	0.853247564916753
TH2_HKNPDCAD_04952	141.953180318156	-0.373245278845229	0.573218958658008	-0.651139103492062	0.514956696216803	0.789138422961834
TH2_HKNPDCAD_04953	206.842820854231	-0.781282952451683	0.527477412642358	-1.48116854622818	0.138561665604677	0.445029509955875
TH2_HKNPDCAD_04954	119.626659786981	0.280951908975856	0.37008096535048	0.759163359590204	0.447754841307287	0.751399768825315
TH2_HKNPDCAD_04955	0.143997813150365	0.726546439555219	4.0804728567969	0.178054471884306	0.858680196776375	NA
TH2_HKNPDCAD_04956	197.267333997605	0.287033304654046	0.436620231341225	0.657398086598799	0.51092498161303	0.78507237882146
TH2_HKNPDCAD_04957	180.341690840024	-0.744722235426172	0.325167352539578	-2.29027369940384	0.0220054554515521	0.167111058732824
TH2_HKNPDCAD_04958	22.8772521325815	-0.182743504748732	0.407097057065197	-0.448894192618704	0.653507985583865	0.861152168149844
TH2_HKNPDCAD_04959	367.353899509327	0.603019130664315	0.506817318983678	1.18981555696153	0.234118893677969	0.569828454116667
TH2_HKNPDCAD_04960	166.98399984766	0.162620963425403	0.356705284735561	0.455897264168542	0.648463856949499	0.858921377447838
TH2_HKNPDCAD_04961	821.152176866668	0.293155296232279	0.212392041344589	1.38025556125551	0.167507972269708	0.49480740815823
TH2_HKNPDCAD_04962	962.833844046523	1.25659165471736	0.576256327669732	2.18061233236045	0.0292121021976657	0.20018881800165
TH2_HKNPDCAD_04963	1.43467139872693	-1.00994561700608	1.5185026960162	-0.665093068096407	0.505990968060004	0.782652293987804
TH2_HKNPDCAD_04964	13.4394548907105	-0.697125233883573	0.551324911893229	-1.26445444209962	0.206066962760872	0.542211929365085
TH2_HKNPDCAD_04965	477.945498550459	-0.16131321122811	0.250401988222149	-0.644216974367625	0.519434745243917	0.792088198064049
TH2_HKNPDCAD_04966	366.340267433903	-0.455160564734222	0.301902950335197	-1.50763867735929	0.131647028101644	0.43064624508553
TH2_HKNPDCAD_04967	29.7915008313516	0.141643451523282	0.476875918126743	0.297023703943122	0.766448412211084	0.905182424385471
TH2_HKNPDCAD_04968	654.605464796689	0.774566816058667	0.278790998991657	2.7783063974811	0.00546430652853699	0.0725648582002088
TH2_HKNPDCAD_04969	245.16602503243	-0.125140986278683	0.25079115794231	-0.498984841831903	0.617790062753964	0.844027681683587
TH2_HKNPDCAD_04970	709.604181033583	0.22985712007919	0.271502854127298	0.846610326871251	0.397212355947392	0.71515537312447
TH2_HKNPDCAD_04971	21.8802060818581	-0.930808929647505	0.584383060510096	-1.59280614471443	0.111203686241477	0.397329811755286
TH2_HKNPDCAD_04972	34.2308475367351	-0.525937163011388	0.400605011744402	-1.31285717250825	0.189231080569251	0.521925801715646
TH2_HKNPDCAD_04973	55.6491208784918	0.333771553189395	0.465623193873825	0.716827592741956	0.473480483874266	0.762957446533334
TH2_HKNPDCAD_04974	38.4924994672252	1.32292899414329	0.640482202123111	2.06552030604123	0.0388737962356336	0.231804697119282
TH2_HKNPDCAD_04975	1568.89217564301	0.45047264237353	0.296259270296734	1.52053517826576	0.128376524373036	0.426536473782288
TH2_HKNPDCAD_04976	350.667075147557	0.425312293492915	0.267514865508991	1.58986414711455	0.111865430729725	0.39819477949691
TH2_HKNPDCAD_04977	302.681317758526	-0.324939411682108	0.423406208581784	-0.767441301275449	0.442819180428358	0.74790481676302
TH2_HKNPDCAD_04978	245.375352871459	0.315941957017162	0.375794485041682	0.840730690824583	0.40049882296061	0.718046617016181
TH2_HKNPDCAD_04979	1057.16975580224	0.0661910749277685	0.321118268672534	0.206126780645009	0.836691880003929	0.9419152956965
TH2_HKNPDCAD_04980	2409.92631934286	-0.325103732435361	0.415775062856643	-0.781922153295315	0.434260324819523	0.7439901153158
TH2_HKNPDCAD_04981	1833.40517145641	0.305600818056942	0.402953567417629	0.758402066062889	0.448210321408701	0.751399768825315
TH2_HKNPDCAD_04982	456.774167550982	0.583016540915377	0.31198512632529	1.86873184559285	0.0616601311080638	0.293745197081724
TH2_HKNPDCAD_04983	411.891946584092	0.466443978481489	0.323888872017188	1.4401358576368	0.149828965995167	0.467576265084189
TH2_HKNPDCAD_04984	27.0208718350138	-0.448520618855907	0.452076108538843	-0.992135196672022	0.321131579158273	0.648412639115713
TH2_HKNPDCAD_04985	162.067507090619	-0.114625698796149	0.278954120371372	-0.41091237026199	0.681136791438608	0.872058615747665
TH2_HKNPDCAD_04986	433.076432922661	-0.00761479724696556	0.309598621320682	-0.0245957078700236	0.98037744288898	0.993670558722182
TH2_HKNPDCAD_04987	161.325915180654	0.248256807188205	0.34517967527439	0.719210385115696	0.472011301607732	0.762898083158338
TH2_HKNPDCAD_04988	1146.05457937379	0.902808637632461	0.306555111858319	2.94501250414546	0.00322941611304487	0.0498614066128554
TH2_HKNPDCAD_04989	131.953784985071	0.160337016805146	0.334806116030763	0.478895125053253	0.63201323920398	0.851432290186492
TH2_HKNPDCAD_04990	37.2478740456221	0.584508809159215	0.41687744486815	1.40211185890396	0.160881846340362	0.485138894711535
TH2_HKNPDCAD_04991	1.50630408707004	-0.583719295893805	1.43278876515569	-0.407400804702971	0.683713636044036	0.872905628483619
TH2_HKNPDCAD_04992	650.702698763569	0.00763278849436129	0.232373135604179	0.0328471209656648	0.973796501370831	0.991774575648041
TH2_HKNPDCAD_04993	110.381767246713	0.200253407141213	0.29070535311996	0.688853524684074	0.490915448703065	0.77333515367299
TH2_HKNPDCAD_04994	341.282146771507	0.299636158962367	0.323938748629623	0.924977824449638	0.354977442571721	0.677468338305803
TH2_HKNPDCAD_04995	118.650326800303	-0.350718527006839	0.402137050864921	-0.87213681567642	0.383133743892914	0.70399538526238
TH2_HKNPDCAD_04996	26.0065255980224	-1.44010044181543	0.511943407574599	-2.81300710294934	0.00490805669966412	0.0669114325597827
TH2_HKNPDCAD_04997	897.04942571888	-0.547780642738752	0.273105742926492	-2.00574560193774	0.0448833971551709	0.251267401823376
TH2_HKNPDCAD_04998	99.9300447154923	-0.248465102236548	0.3149380097752	-0.788933359977415	0.430150956571661	0.739917383686689
TH2_HKNPDCAD_04999	401.739124619305	0.0197264302932713	0.293778831327546	0.0671472148082634	0.946464506701891	0.985145895580748
TH2_HKNPDCAD_05000	4.99124477362127	-0.456589693891237	0.826363383200634	-0.552528951758238	0.580586004266217	0.825387942141911
TH2_HKNPDCAD_05001	8.36601344057526	-0.436705694396054	0.651819921494392	-0.66997905402284	0.502871142805958	0.779990884928049
TH2_HKNPDCAD_05002	98.1161278310721	-0.208376655222162	0.335553832437087	-0.620993220994521	0.534604083498638	0.80011110423767
TH2_HKNPDCAD_05003	24.6803304882855	-0.513764652841969	0.404084517005582	-1.27142870172101	0.203576177220893	0.538735923817397
TH2_HKNPDCAD_05004	161.966511458765	-0.65313242800703	0.296323761335431	-2.20411763492601	0.027516072246715	0.194159716524467
TH2_HKNPDCAD_05005	77.081549395737	-0.371715654233571	0.451116275252299	-0.823990786024467	0.409944793374832	0.724613590037255
TH2_HKNPDCAD_05006	76.5142808583751	0.675131452257552	0.56465297129645	1.19565730913882	0.231830317355203	0.568322432693816
TH2_HKNPDCAD_05007	217.810162156221	0.966630390512067	0.530061359567217	1.82361979998183	0.0682095710841995	0.30853783702557
TH2_HKNPDCAD_05008	311.258718919483	0.00835817142703959	0.5814036335708	0.0143758500023577	0.988530126306424	0.995521694979711
TH2_HKNPDCAD_05009	481.188289464024	0.406872414566989	0.580644741862689	0.700725220143656	0.483474513741268	0.767272556482272
TH2_HKNPDCAD_05010	140.785774162516	0.0423582143131401	0.54766835610139	0.0773428185894644	0.938350828592158	0.981629866808858
TH2_HKNPDCAD_05011	166.748338847069	0.398538092552234	0.562433707952302	0.708595674329734	0.478575421422847	0.766378509907376
TH2_HKNPDCAD_05012	84.3459047977818	0.416828894331749	0.572170697875795	0.728504440858718	0.466304851201226	0.758337140627374
TH2_HKNPDCAD_05013	0.902654972410364	3.18622236111793	1.93963368066863	1.6426928408562	0.100446500769482	0.377409064295736
TH2_HKNPDCAD_05014	74.0697347525655	0.733063476712781	0.568939464173769	1.28847359494979	0.197581154705827	0.531781306146268
TH2_HKNPDCAD_05015	7.60259986882789	1.76031751726523	0.946517146390423	1.85978407678959	0.0629160810823094	0.296968537410606
TH2_HKNPDCAD_05016	306.379098220164	0.807427075696701	0.58829118062862	1.37249563189767	0.169909197766741	0.49871927146154
TH2_HKNPDCAD_05017	72.6339402712601	-0.530851266029836	0.359673328146852	-1.47592613765648	0.139963721881524	0.447848962774463
TH2_HKNPDCAD_05018	48.4255540810702	-0.466886025907195	0.393335015686577	-1.18699329397926	0.235230265673498	0.571163199594442
TH2_HKNPDCAD_05019	306.307090518397	-0.735581595770156	0.306168523870794	-2.40253827033042	0.0162817308062219	0.139100253521156
TH2_HKNPDCAD_05020	2466.9377242249	0.449957468730934	0.222348251447855	2.02366092740089	0.0430050514397457	0.247411777418784
TH2_HKNPDCAD_05021	58.7708349970093	0.620842819470854	0.346771062002688	1.79035360068782	0.073397084461004	0.319383238494997
TH2_HKNPDCAD_05022	1029.16100941715	-0.671902230899287	0.274812107361996	-2.44495134275225	0.0144871685424237	0.130840039146367
TH2_HKNPDCAD_05023	183.337897134766	0.354930370574552	0.299682301824538	1.18435546047815	0.236272383315688	0.571558393995384
TH2_HKNPDCAD_05024	82.2767313231794	-0.195544857709222	0.316252585769116	-0.618318605154367	0.536365340038315	0.801109770698253
TH2_HKNPDCAD_05025	112.953194399323	-0.457601334260849	0.379812153484853	-1.20480961460097	0.228276807473515	0.564742719647316
TH2_HKNPDCAD_05026	546.226527127414	1.06936771857506	0.555838387113759	1.92388245102654	0.0543693193986684	0.277310578345845
TH2_HKNPDCAD_05027	224.833955374643	-0.336328859319183	0.476238710591985	-0.706219070056509	0.480051912867113	0.766533254035573
TH2_HKNPDCAD_05028	455.101653623939	0.0328149532109103	0.264660588059598	0.123988816965528	0.901324129504923	0.968999053658187
TH2_HKNPDCAD_05029	110.527615359007	-0.493913252363146	0.364129794446164	-1.35642086941658	0.174965296884614	0.504071605450537
TH2_HKNPDCAD_05030	169.841353408298	0.0885105971524371	0.335685967374026	0.26367082855691	0.792033575710129	0.917173945213451
TH2_HKNPDCAD_05031	1680.38324848344	0.209607255625182	0.225906881966798	0.927848031013009	0.353486405136623	0.675352706943843
TH2_HKNPDCAD_05035	1095.39127261029	0.152444165270682	0.23739161192475	0.642163234137375	0.520767201998974	0.792189966863002
TH2_HKNPDCAD_05036	424.8438226783	-0.0578381724821023	0.292086763835676	-0.198017095066455	0.84303168862919	0.945553576959555
TH2_HKNPDCAD_05037	592.219979330047	0.483757358010592	0.236204622230202	2.04804357104887	0.0405557302889613	0.239107756382563
TH2_HKNPDCAD_05038	399.815319645601	0.0418203701470639	0.277373886085182	0.150772557349616	0.880155134822492	0.961250947332621
TH2_HKNPDCAD_05039	63.1575009291131	-0.035252777595133	0.397100868612701	-0.0887753726610849	0.929260430166231	0.977305901730016
TH2_HKNPDCAD_05040	172.511965348981	-0.0367845787204461	0.23743199143768	-0.154926800292205	0.876879025157569	0.960239667369728
TH2_HKNPDCAD_05041	168.991988354159	-0.171596260866269	0.244851899218982	-0.700816540176406	0.483417514445419	0.767272556482272
TH2_HKNPDCAD_05042	132.818851596389	0.13279577171536	0.276678836806587	0.479963604184847	0.631253273050878	0.851303414274875
TH2_HKNPDCAD_05043	381.176721969263	0.174318369734129	0.248078453884665	0.702674363712261	0.482258707598805	0.767272556482272
TH2_HKNPDCAD_05044	387.032409568483	0.23417208305578	0.400645411140309	0.584487121390669	0.558892627384462	0.815097461754377
TH2_HKNPDCAD_05045	378.723353774036	-0.331989886755348	0.342914277197893	-0.96814250333403	0.332973205273589	0.658710149088024
TH2_HKNPDCAD_05046	26.9600293661766	0.151272732356172	0.47801523882878	0.316460062500971	0.751653334164937	0.900372592203685
TH2_HKNPDCAD_05047	194.148221656107	-0.37653371411457	0.318755197567351	-1.18126297857468	0.237498269446993	0.573441417421236
TH2_HKNPDCAD_05048	10457.8562154221	-0.29054327242532	0.261996968866838	-1.10895661763549	0.267448897356139	0.608734788357103
TH2_HKNPDCAD_05049	59.7870600907528	0.968048375895857	0.646279101624268	1.49787974493203	0.134164497094996	0.435270387410727
TH2_HKNPDCAD_05050	210.472142164759	0.725461770989035	0.504708266173197	1.43738832829039	0.150607683367081	0.468027053447955
TH2_HKNPDCAD_05051	53.1156644054446	0.188464935305757	0.489630551215718	0.384912532189447	0.700302220599834	0.876831749583476
TH2_HKNPDCAD_05052	44.1306890953399	1.16500454592361	0.468961241863276	2.48422351769372	0.012983428554481	0.122340174210054
TH2_HKNPDCAD_05053	1419.98374219326	0.0155367492572226	0.265008432491358	0.0586273769146165	0.953248904557494	0.987495207402243
TH2_HKNPDCAD_05054	451.727923643232	0.272640846160161	0.265880372537767	1.02542674947333	0.305161871921778	0.636348215100568
TH2_HKNPDCAD_05055	88.6513173710397	0.423713159972907	0.325307231470546	1.30250150928868	0.192745002355215	0.52497921470395
TH2_HKNPDCAD_05056	7.12657412799932	0.512704527885993	0.714848080452404	0.717221661365473	0.473237335572673	0.762957446533334
TH2_HKNPDCAD_05057	172.963646782663	-0.182649748257766	0.241589424386237	-0.756033707691432	0.449628986181509	0.751399768825315
TH2_HKNPDCAD_05058	1.07151842265336	-1.24896113681526	1.69426473205945	-0.737170002527936	0.461018973161316	0.755611593923438
TH2_HKNPDCAD_05059	1.16533464205876	-3.80635593349621	2.04858604731992	-1.85804054385507	0.0631632569814573	0.297587183168153
TH2_HKNPDCAD_05060	3.17738969494667	-0.317852590590826	1.14286879831611	-0.278118180371314	0.780921640167586	0.914060966483782
TH2_HKNPDCAD_05061	12.4004614822927	-1.2328945938145	0.637026659723172	-1.93538932004866	0.0529425388941019	0.274487380239311
TH2_HKNPDCAD_05062	17.4564660741571	-0.29897105863495	0.543773170581074	-0.549808403227158	0.582450794371987	0.826135077569889
TH2_HKNPDCAD_05063	4.43799885014563	-1.11410071728754	0.882523723239936	-1.26240313767139	0.206803760763869	0.543033443218991
TH2_HKNPDCAD_05064	12.7987082746562	-0.143935804552177	0.627429692535334	-0.229405471664175	0.8185537837828	0.931032437872058
TH2_HKNPDCAD_05065	0.793578002854625	-2.02285884206969	2.13079766159544	-0.949343468189784	0.342445952351801	0.666936911761144
TH2_HKNPDCAD_05066	7.64310789957578	-0.917132590924139	0.776837720927464	-1.18059739662124	0.237762698339188	0.573809600605781
TH2_HKNPDCAD_05067	3.37760293923604	-0.818410445818632	0.951236618895029	-0.860364739500158	0.389588016314863	0.708650715681333
TH2_HKNPDCAD_05068	13.4548653975513	-0.455044756212635	0.584114207243093	-0.779033878255349	0.435959758381812	0.744569832780504
TH2_HKNPDCAD_05069	5.11048861743762	0.462803862521267	0.824734338379403	0.561155078653174	0.574691823212151	0.823926844693718
TH2_HKNPDCAD_05070	1.10845484607436	0.27187196003914	1.96038451087576	0.138682977003163	0.889700670481613	0.964464209703223
TH2_HKNPDCAD_05071	8.15456049177412	0.44326133551571	0.682968904252217	0.649021255222501	0.516324637676573	0.790311079736099
TH2_HKNPDCAD_05072	1.34235997907078	-1.8381249632126	1.91277422370881	-0.960973302770949	0.336565591522527	0.661486082990233
TH2_HKNPDCAD_05073	2.77870550965295	1.56581357624678	1.22182922744856	1.2815322641418	0.200006774811781	0.534470257188964
TH2_HKNPDCAD_05074	5.93480742636658	0.11919373786984	0.738572823328182	0.161383866431377	0.871791072834909	0.958227318383359
TH2_HKNPDCAD_05075	8.26782710014016	0.0140258303185842	0.607939581633617	0.02307109249392	0.981593564394596	0.993809825424043
TH2_HKNPDCAD_05076	55.0746067102368	-0.654192224542432	0.351114730934884	-1.86318649405728	0.0624360323993628	0.296065774356275
TH2_HKNPDCAD_05077	1565.07062052168	-0.706636032158558	0.276198567424265	-2.55843482009486	0.0105144528975309	0.108767980226645
TH2_HKNPDCAD_05078	1307.28959792195	0.077942398026067	0.321391985699951	0.24251506413988	0.808381085696167	0.925703158304248
TH2_HKNPDCAD_05079	473.11694726239	0.106588058549408	0.241035383406045	0.442209177105963	0.658337845836696	0.862995727522965
TH2_HKNPDCAD_05080	91.0253103057886	0.324970706459932	0.345846983452983	0.939637244238424	0.347403665280771	0.670299884037377
TH2_HKNPDCAD_05081	404.720093162207	0.607005226200211	0.307450567988153	1.97431811615193	0.0483455822322792	0.263022612200219
TH2_HKNPDCAD_05082	51.4951301765496	-0.0411913797362203	0.336473407620722	-0.122420906981903	0.902565681665635	0.969520470288777
TH2_HKNPDCAD_05083	26.6368389663417	0.548681592551431	0.416396181664814	1.31769121983232	0.187607034962054	0.520386180311413
TH2_HKNPDCAD_05084	173.584050451295	0.239927849555207	0.24732874707168	0.970076678897628	0.332008272545171	0.658365340451275
TH2_HKNPDCAD_05085	48.7207763338624	0.0323049941846715	0.350630661771343	0.09213396803768	0.926591600627232	0.97700398164068
TH2_HKNPDCAD_05086	90.919733698242	0.176031288341701	0.305339939420162	0.576509213553862	0.564271044040888	0.818696114280666
TH2_HKNPDCAD_05087	78.135139959246	-0.0166652762445078	0.392529311128971	-0.0424561319932418	0.966135081793151	0.990384973702169
TH2_HKNPDCAD_05088	1.63549066783978	-0.181149870734825	1.38782808104777	-0.130527601515357	0.896149018090085	0.967194694318606
TH2_HKNPDCAD_05089	2.84536392443565	-1.49315880467681	1.143291652179	-1.30601741194472	0.191546636391902	0.524013313332614
TH2_HKNPDCAD_05090	34.0372733308807	-0.121794447368233	0.496089686900151	-0.245508928293337	0.806062395904874	0.924707166794345
TH2_HKNPDCAD_05091	45.5815318809803	-0.322827471402218	0.388158604625978	-0.83168959171545	0.40558417710872	0.721723484630679
TH2_HKNPDCAD_05092	114.809963576565	-0.559356732049146	0.389083933694371	-1.43762485060235	0.150540526001979	0.468027053447955
TH2_HKNPDCAD_05093	12.9630336395516	-0.326750464158576	0.5396246163856	-0.605514378397241	0.544837273966502	0.807687198883885
TH2_HKNPDCAD_05094	3641.28740228928	-0.301907636482679	0.264318867908804	-1.14220993329483	0.253366768020189	0.589927529205362
TH2_HKNPDCAD_05095	275.99926178228	-0.147391863881932	0.278435248986386	-0.529357774988966	0.596557283911643	0.832414382655662
TH2_HKNPDCAD_05096	168.113929576904	-0.569632321865909	0.249566284698725	-2.28248908923562	0.0224604809190921	0.168322259051559
TH2_HKNPDCAD_05097	31.6302128516212	-0.326232319799592	0.467969724487862	-0.697122704159152	0.485726006634425	0.768941170478092
TH2_HKNPDCAD_05098	131.871200338892	0.219501367634593	0.308764368607519	0.71090251969329	0.477144644506796	0.76552220586599
TH2_HKNPDCAD_05099	49.5687597091805	-0.352797680628183	0.34167625691612	-1.03254959479023	0.301814727030288	0.633500567822598
TH2_HKNPDCAD_05100	312.318864587286	-0.224647120771641	0.330368625947877	-0.679989269946849	0.496511255049381	0.777015660584863
TH2_HKNPDCAD_05101	78.0942833456964	-0.115701861883187	0.313495988252751	-0.369069673038062	0.712075793108956	0.883943516395372
TH2_HKNPDCAD_05103	1265.53952473344	1.2789136067688	0.54049995482969	2.36616783283874	0.0179732945556584	0.147882998221998
TH2_HKNPDCAD_05105	6.3004695194565	-0.376403828999593	0.740738351482517	-0.508146808176271	0.611350390872687	0.840381363264519
TH2_HKNPDCAD_05106	6.24755182046133	-0.484335759811817	0.73210549255694	-0.661565532202516	0.508249703364642	0.784016846056922
TH2_HKNPDCAD_05107	3.21997131788207	-0.674959168542379	0.951365994346405	-0.709463206119829	0.478037076532443	0.765995015412723
TH2_HKNPDCAD_05108	34.9849765051948	-0.777462335706603	0.420601320870382	-1.84845433699006	0.0645366443387032	0.302114008109765
TH2_HKNPDCAD_05109	21.2526460905324	-0.0473195037353673	0.495520178868764	-0.0954946049692553	0.923921975289226	0.97561032805531
TH2_HKNPDCAD_05110	136.366983359123	-0.592328951319084	0.284903601381343	-2.07905041721903	0.0376127167049234	0.227899274030068
TH2_HKNPDCAD_05111	26.2330934526354	-1.06247419867009	0.516068620475384	-2.05878473620693	0.0395148645196448	0.234165543962658
TH2_HKNPDCAD_05112	185.096411700957	0.165960404838958	0.270644546643898	0.613204318715947	0.539741249532187	0.803109911495498
TH2_HKNPDCAD_05113	77.7057204334628	-0.331564514543836	0.326654491985799	-1.01503124150593	0.310090935450316	0.641196504686695
TH2_HKNPDCAD_05114	893.221990405715	0.294955370147892	0.244936275411734	1.2042126861449	0.228507383897634	0.564768008611028
TH2_HKNPDCAD_05115	201.507853436275	0.150172922359003	0.349719316420466	0.429409859015197	0.667624980242987	0.86660620871618
TH2_HKNPDCAD_05117	197.696037719653	0.284995582859367	0.289329233437275	0.985021732762971	0.324613395944359	0.65125959593377
TH2_HKNPDCAD_05118	43.431948876116	-0.0316206694187235	0.361287472342354	-0.0875221861796523	0.930256451075445	0.977578564251108
TH2_HKNPDCAD_05120	70.6719375112386	0.0301445324204381	0.36472341962693	0.0826503887556015	0.934129533868701	0.979811237366219
TH2_HKNPDCAD_05121	94.7808879712144	0.0352369740242355	0.296152758711675	0.118982427101215	0.905289278015015	0.969906249760393
TH2_HKNPDCAD_05123	1624.73857890792	0.188958225199089	0.216434668503583	0.873049712901984	0.382635981697837	0.70399538526238
TH2_HKNPDCAD_05124	194.390348939101	-0.0413050126891809	0.296653676228887	-0.139236476736973	0.889263284961512	0.964464209703223
TH2_HKNPDCAD_05125	32.4189953169575	0.396660996788891	0.359264403547572	1.10409211954216	0.269553179370083	0.611401954490426
TH2_HKNPDCAD_05126	12.0468005330963	1.12604084358673	0.576844817692224	1.95206892573234	0.0509300219387424	0.269697616175613
TH2_HKNPDCAD_05127	80.883386793146	-0.191334281978863	0.319186018082876	-0.599444434089164	0.54887655365855	0.80872124577572
TH2_HKNPDCAD_05128	2.9975160132537	-0.830631953270141	1.08192490007285	-0.76773531435889	0.442644451287465	0.747856116446785
TH2_HKNPDCAD_05129	3.39889511721909	-1.48992937164718	1.08907301229307	-1.36807115301672	0.171289805211844	0.498882023914876
TH2_HKNPDCAD_05130	10.1931518416449	-2.00284593645478	0.808647754456749	-2.47678414416707	0.0132572052579196	0.124462333611897
TH2_HKNPDCAD_05131	25.768920643642	0.0566568059360289	0.47183955905272	0.120076421845118	0.904422609875277	0.969906249760393
TH2_HKNPDCAD_05132	28.8520736289419	-0.523478227043768	0.482509317636214	-1.08490801713065	0.277962396815696	0.617881719894735
TH2_HKNPDCAD_05133	23.5879060857552	-0.729097382199406	0.679729512261318	-1.072628698692	0.28343774303696	0.619310260361235
TH2_HKNPDCAD_05134	64.8483155579747	-0.716155650977307	0.314317192466291	-2.27844886675778	0.0226998477332739	0.169485659986824
TH2_HKNPDCAD_05135	61.3802031670239	-9.5018992119661	1.21800661916156	-7.80118848492544	6.13268333643241e-15	6.31376431229323e-13
TH2_HKNPDCAD_05138	13.1738742406377	-7.27554888752654	1.27384059839913	-5.71150652339854	1.11980404046365e-08	6.91580182098392e-07
TH2_HKNPDCAD_05139	15.152342191907	-7.48174742914815	1.2601385658231	-5.93724184947961	2.89856932803532e-09	1.92961900980637e-07
TH2_HKNPDCAD_05140	8.59388361482603	-6.65892720461758	1.30522266264746	-5.101755735003	3.36516903157086e-07	1.79686004748252e-05
TH2_HKNPDCAD_05141	94.5227728453756	-10.126601978212	1.2198279325279	-8.30166428245845	1.02662965442358e-16	1.28353746550616e-14
TH2_HKNPDCAD_05142	192.263461225054	-11.1502375249424	1.21564181728048	-9.17230500501097	4.63010812030533e-20	1.07881519203114e-17
TH2_HKNPDCAD_05143	115.713654976333	-10.4185209695481	1.22455495634337	-8.50800604381098	1.76949972882159e-17	2.40506666328386e-15
TH2_HKNPDCAD_05144	469.919313998221	-12.4390555820055	1.22439083255334	-10.1593831408107	3.00974612531547e-24	1.28566321986392e-21
TH2_HKNPDCAD_05145	64.5096887542252	-9.57120434859683	1.22697412812658	-7.80065702217433	6.15856838889312e-15	6.31376431229323e-13
TH2_HKNPDCAD_05146	23.7611420154568	-8.13185614347852	1.23912181286743	-6.56259623471622	5.28788911126133e-11	4.17011070528086e-09
TH2_HKNPDCAD_05147	16.4196405786754	-7.60675242642044	1.26914533475701	-5.99360232283942	2.05242922028081e-09	1.40276695775459e-07
TH2_HKNPDCAD_05148	119.436857036666	-10.4615267876199	1.21543445538282	-8.60723236970016	7.48456299816565e-18	1.1626021190484e-15
TH2_HKNPDCAD_05149	108.022217917139	-10.317833924657	1.21284549907073	-8.50712966537155	1.78292105354636e-17	2.40506666328386e-15
TH2_HKNPDCAD_05150	57.4356857953721	-9.40470781964784	1.22459831788233	-7.67983075128767	1.59298910267336e-14	1.57031964236609e-12
TH2_HKNPDCAD_05151	5.41821902885794	-5.99804049147017	1.3601311860757	-4.40989851043409	1.03419076241302e-05	0.000449259478655011
TH2_HKNPDCAD_05152	1.89443281917146	-3.41430157543357	1.57373910068808	-2.16954740079899	0.0300411497665436	0.202619649609609
TH2_HKNPDCAD_05153	130.116797914892	-10.5874464986079	1.21970113032827	-8.6803613076577	3.9451353903975e-18	6.86541616432793e-16
TH2_HKNPDCAD_05154	277.232950981337	-11.6777441992049	1.20954764412063	-9.65463762917327	4.69817332669867e-22	1.50517727954109e-19
TH2_HKNPDCAD_05155	361.46740054914	-12.0597451929409	1.20992349053014	-9.96736181033796	2.11779418157569e-23	7.7541521248264e-21
TH2_HKNPDCAD_05156	2.49528970886555	-4.88385797828389	1.50720616455602	-3.2403383778108	0.00119387931327689	0.0248773388612088
TH2_HKNPDCAD_05157	171.623285610214	-10.022787933099	1.20924835163331	-8.28844456935702	1.14739012566624e-16	1.40036232956313e-14
TH2_HKNPDCAD_05158	305.660588253159	-11.817447989943	1.22383438683738	-9.65608428480392	4.63232555679351e-22	1.50517727954109e-19
TH2_HKNPDCAD_05159	129.341125324435	-10.5757109743257	1.23686679496357	-8.55040414811777	1.22658258428266e-17	1.79641780772368e-15
TH2_HKNPDCAD_05160	135.621753541705	-10.6441909692648	1.23173141964595	-8.64164930722023	5.54072791778272e-18	9.16186171179168e-16
TH2_HKNPDCAD_05161	142.945005754084	-10.7208074944821	1.2135867733007	-8.83398511778744	1.01011096053335e-18	1.9177143643311e-16
TH2_HKNPDCAD_05162	194.887576371106	-11.1677856583803	1.22122161161863	-9.14476582475344	5.97591938767086e-20	1.33185055570438e-17
TH2_HKNPDCAD_05163	702.049066807028	-11.1624765556994	1.0591375476652	-10.5392133253196	5.69734710793838e-26	2.65496375229928e-23
TH2_HKNPDCAD_05164	5.81495891729535	-6.08816335867408	1.38408753974546	-4.39868374206572	1.08909397557314e-05	0.000469134094015792
TH2_HKNPDCAD_05165	9.51548953548811	-6.8031291798001	1.34227569912102	-5.06835457444031	4.01269387481619e-07	2.12052255693895e-05
TH2_HKNPDCAD_05167	205.451962633203	-11.2446710351406	1.2097698068737	-9.29488483780163	1.47365644224861e-20	3.59712520141257e-18
TH2_HKNPDCAD_05168	826.565746461248	-13.2532609745665	1.20627212069799	-10.9869578738981	4.41559023423698e-28	2.82928944258734e-25
TH2_HKNPDCAD_05169	1286.76984696507	-13.8918858145486	1.20547693403124	-11.5239748039746	9.98941470514062e-31	1.06603139871819e-27
TH2_HKNPDCAD_05170	54.3180674979405	-9.328998433266	1.23402404127119	-7.55981903209601	4.03630527589743e-14	3.90379261212268e-12
TH2_HKNPDCAD_05171	2.31575307539371	-4.77597465006096	1.53807412254167	-3.1051654663877	0.00190172606288446	0.0339660202032952
TH2_HKNPDCAD_05172	0.93428248361117	-3.44753383529675	1.94745934204569	-1.77027256018363	0.0766817468647268	0.327013838958893
TH2_HKNPDCAD_05173	0.522626386449942	-2.63426655330945	2.62029024575437	-1.00533387764112	0.31473610748344	NA
TH2_HKNPDCAD_05174	26.4783723028998	-8.28959801335942	1.23659933301916	-6.70354397905128	2.03424433024473e-11	1.68186071561847e-09
TH2_HKNPDCAD_05175	1.06123628686549	-3.65488544462302	1.8741510952336	-1.95015516834168	0.0511576274176474	0.269863163560024
TH2_HKNPDCAD_05176	11.0503343616649	-7.02463210563935	1.28274343654185	-5.47625651827699	4.34417816318298e-08	2.53048378005409e-06
TH2_HKNPDCAD_05177	7.59434173804824	-6.47839816290445	1.35203711561802	-4.79158307717251	1.65470477118556e-06	8.24533845778001e-05
TH2_HKNPDCAD_05178	30.19962375867	-8.48117438991647	1.23376589882818	-6.87421689801269	6.23313096428767e-12	5.41060514675504e-10
TH2_HKNPDCAD_05179	23.3312627585553	-8.10601559281514	1.24905992725492	-6.48969310113876	8.60114009140311e-11	6.38977450848295e-09
TH2_HKNPDCAD_05180	22.8268595318456	-8.07438430194347	1.24023944174308	-6.51034310809805	7.49793444832152e-11	5.73647940031285e-09
TH2_HKNPDCAD_05181	3.0179160953155	-5.15943194594412	1.46802726076611	-3.51453415330422	0.000440526020909404	0.0117001885138943
TH2_HKNPDCAD_05182	58.319988161894	-9.42880847916136	1.22057426909048	-7.7248953365102	1.11945285284256e-14	1.12515986738646e-12
TH2_HKNPDCAD_05183	82.5606744454682	-9.927430913407	1.22934702529336	-8.07536904482933	6.72728710441609e-16	7.66312748827486e-14
TH2_HKNPDCAD_05184	59.1550407138761	-9.44559313009228	1.25206318256765	-7.54402274709638	4.55691602795202e-14	4.32569473320038e-12
TH2_HKNPDCAD_05185	22.6881914355929	-8.05888467205626	1.26894744314616	-6.35084196401036	2.14139614916567e-10	1.54602769867933e-08
TH2_HKNPDCAD_05186	80.3613332208633	-9.88825868983433	1.24015997655716	-7.97337349757518	1.54400647664923e-15	1.72056026071825e-13
TH2_HKNPDCAD_05187	3.37805666750098	-5.30174740847724	1.46671285042903	-3.61471395503653	0.000300679416739944	0.00880732965833688
TH2_HKNPDCAD_05188	273.916929117812	-11.6590927640781	1.24868836302794	-9.33707169001395	9.903520928447e-21	2.53827241396097e-18
TH2_HKNPDCAD_05189	0.545481834510987	-2.68179219112227	2.28503331154816	-1.17363373985358	0.240541760809693	NA
TH2_HKNPDCAD_05190	1.61359005547192	-4.25202448944432	1.66326573344695	-2.55643124483328	0.0105751967698963	0.10907134535712
TH2_HKNPDCAD_05191	30.02115443044	-8.47117588515406	1.23197587831324	-6.8760890811859	6.15180401611825e-12	5.41060514675504e-10
TH2_HKNPDCAD_05192	15.8728334068602	-7.55525812356769	1.29134714215057	-5.85067940057188	4.89569086185116e-09	3.17662169086697e-07
TH2_HKNPDCAD_05193	22.2825500378676	-8.04207420340452	1.24692885211503	-6.44950527029961	1.12215858320748e-10	8.21740699645933e-09
TH2_HKNPDCAD_05194	589.436622116855	-12.7655754287278	1.20711313141902	-10.575293314655	3.87961625446985e-26	1.98869129204124e-23
TH2_HKNPDCAD_05195	0.807328680356851	-3.2194619348156	2.36148019608717	-1.36332370694874	0.172780513738551	0.501533828346356
TH2_HKNPDCAD_05196	134.554523114148	-9.66938136968688	1.22612872619251	-7.88610621636209	3.117612826692e-15	3.32935069783816e-13
TH2_HKNPDCAD_05197	1.42718148790463	-4.07803321584909	1.70228578629727	-2.39562196234949	0.0165921932068357	0.140117928135486
TH2_HKNPDCAD_05198	982.246021079056	-13.5022012426352	1.20871676792779	-11.1706907696691	5.67379084900605e-29	4.8473086486675e-26
TH2_HKNPDCAD_05199	1.27737223658926	-3.90741949102592	1.80022938738746	-2.17051200163801	0.0299680804365412	0.202393122948235
TH2_HKNPDCAD_05200	2.41404680173333	-4.82017319710436	1.53844980581713	-3.13313647210231	0.00172949007865367	0.031662021939924
TH2_HKNPDCAD_05201	646.548574810373	-12.8990538816213	1.20596724840636	-10.6960233776389	1.06240303593382e-26	6.05097551355198e-24
TH2_HKNPDCAD_05202	184.557790298205	-11.0894586820257	1.21836230298807	-9.10193844214357	8.8733726697714e-20	1.89520451271867e-17
TH2_HKNPDCAD_05203	163.332312361527	-10.9133243563056	1.21616567124788	-8.97355073762907	2.87106432175101e-19	5.66041373588295e-17
TH2_HKNPDCAD_05204	52.3809142897161	-9.27099929513518	1.23553443064238	-7.50363491717103	6.20720316695152e-14	5.78511335159881e-12
TH2_HKNPDCAD_05205	864.190428235748	-13.317428701171	1.20808823824637	-11.0235562929594	2.94201210586829e-28	2.15439343638298e-25
TH2_HKNPDCAD_05206	9.72251390534172	-6.83166446898841	1.31992162463746	-5.17581070077917	2.2692344918233e-07	1.23745702181768e-05
TH2_HKNPDCAD_05207	97.0189549658927	-10.1616929499636	1.22769084599375	-8.27707804706993	1.26234492306436e-16	1.50483257572742e-14
TH2_HKNPDCAD_05208	121.059274575284	-10.4829783270337	1.21454635512538	-8.63118833035522	6.07178136526892e-18	9.72623477449016e-16
TH2_HKNPDCAD_05209	48.296941445451	-9.15838260582827	1.23027389946022	-7.44418182800307	9.75470691847959e-14	8.92904065430828e-12
TH2_HKNPDCAD_05210	217.906909397578	-2.17744627907728	0.334695230977463	-6.50575830649915	7.7302428297099e-11	5.8272389331019e-09
TH2_HKNPDCAD_05211	3356.54387331877	-15.275172285562	1.2070253812213	-12.6552204478966	1.04681321396099e-36	2.68298226738202e-33
TH2_HKNPDCAD_05212	49.8283893303037	-1.45884269101918	0.527467887554805	-2.76574693064628	0.00567925893850388	0.0748377411793596
TH2_HKNPDCAD_05213	40.2856529160387	-0.195516816404926	0.44941149209	-0.435050771611714	0.663525574974189	0.865453459877276
TH2_HKNPDCAD_05214	15.2289528107185	-7.49167229831977	1.26133955444835	-5.93945720000534	2.85967320449159e-09	1.92877432187157e-07
TH2_HKNPDCAD_05215	97.8619637467267	-6.97781242220874	0.746335851805992	-9.34942681009328	8.81239904498817e-21	2.3774925002426e-18
TH2_HKNPDCAD_05216	2778.95073555915	-0.490304113448225	0.324813419591154	-1.50949463253512	0.131172425931602	0.430191846017524
TH2_HKNPDCAD_05217	2267.07914503372	-0.125063888631405	0.290255436515957	-0.430875266739505	0.666559068237284	0.86660620871618
TH2_HKNPDCAD_05218	12.7532047895861	-6.2640132481974	1.28006634565027	-4.89350670727563	9.90549368522678e-07	5.12884450812853e-05
TH2_HKNPDCAD_05219	20.3189033683712	-6.01989747119726	1.14323004563591	-5.26569214496873	1.39662157187331e-07	7.78161106241585e-06
TH2_HKNPDCAD_05220	17.8510912875472	-7.71563319686083	1.25543179915684	-6.1458003549398	7.95613049115234e-10	5.51123309427661e-08
TH2_HKNPDCAD_05221	2.06184546888507	-4.59027952826921	1.67154825437472	-2.74612444854983	0.0060303883759419	0.0782576476331093
TH2_HKNPDCAD_05222	7.10724736260843	-6.38625626369785	1.3272310061026	-4.81171418866339	1.49641248142253e-06	7.59466374234839e-05
TH2_HKNPDCAD_05223	1.42718148790463	-4.07803321584909	1.70228578629727	-2.39562196234949	0.0165921932068357	0.140117928135486
TH2_HKNPDCAD_05224	168.416260008223	-10.9579747836502	1.2096673156198	-9.05866814962721	1.32053030005924e-19	2.70761532724146e-17
TH2_HKNPDCAD_05225	255.491875756918	-11.5591059414326	1.20980149763516	-9.5545475551382	1.24125086868144e-21	3.74273644285945e-19
TH2_HKNPDCAD_05226	92.3526909002824	-10.0911989148464	1.21345479663812	-8.31608968278348	9.0913037669229e-17	1.16505057773117e-14
TH2_HKNPDCAD_05227	7.64692456826577	-6.48711183875332	1.36425468638082	-4.75505923015207	1.98388244748578e-06	9.77825137097316e-05
TH2_HKNPDCAD_05228	99.383155033575	-5.04663227517697	0.430454120765953	-11.7239725018707	9.60595144765324e-32	1.64133690402235e-28
TH2_HKNPDCAD_05229	4.35698274199245	-5.68132156978358	1.39208703741479	-4.08115399187554	4.48126514617921e-05	0.00167671278389158
TH2_HKNPDCAD_05231	67.1549977849884	-9.63084193789375	1.21946137223762	-7.89761952051167	2.84280364621676e-15	3.10047052989513e-13
TH2_HKNPDCAD_05232	641.291153340989	-5.83539588927757	0.307818899388355	-18.9572371965226	3.84835489747726e-80	1.97266672044684e-76
TH2_HKNPDCAD_05233	131.774121420616	-10.6028588298941	1.22176964704336	-8.67827978502546	4.01799619449547e-18	6.86541616432793e-16
TH2_HKNPDCAD_05234	403.815058228151	-12.2194154809383	1.21620585175297	-10.0471605718111	9.45525643829783e-24	3.72828034636267e-21
TH2_HKNPDCAD_05235	32.6864010902625	-8.58768583131154	1.24967281363702	-6.871947391028	6.3331312681487e-12	5.41060514675504e-10
TH2_HKNPDCAD_05236	9.77306716036682	-6.8597373332475	1.31351877524201	-5.22241285206115	1.76606678552213e-07	9.73425628235099e-06
TH2_HKNPDCAD_05237	4.05049230526629	-5.57028836241173	1.40841865747062	-3.95499472608195	7.65363400913891e-05	0.00272448110630876
TH2_HKNPDCAD_05238	0.627792046885003	-2.85827259840183	3.01028482777723	-0.949502376661268	0.342365163814542	0.666936911761144
TH2_HKNPDCAD_05239	11.087038713208	-7.03950868167098	1.28397289578658	-5.48259913022424	4.19122005778384e-08	2.46944758806896e-06
TH2_HKNPDCAD_05240	41.0886446466034	-8.92395531195235	1.22617946884571	-7.27785413040157	3.39171773265164e-13	3.05016580659164e-11
TH2_HKNPDCAD_05241	243.672837438498	-11.4917432194699	1.21145695307294	-9.48588655199042	2.40331353607373e-21	6.8441028810633e-19
TH2_HKNPDCAD_05242	2.38431941957684	-4.80770695222837	1.54316217202519	-3.11549041272759	0.0018363931816259	0.0330246388252534
TH2_HKNPDCAD_05243	3.78070622008319	-5.49554305671184	1.47904222653314	-3.71560930318626	0.000202714609697584	0.00633606761774277
TH2_HKNPDCAD_05244	12.0632775980251	-6.18375603823114	1.38624750650022	-4.46078785298804	8.16588955123914e-06	0.000367178507365367
TH2_HKNPDCAD_05245	8.65651949018696	-2.83689503131503	0.812055352655152	-3.4934749485233	0.000476777715117867	0.0122812189331366
TH2_HKNPDCAD_05246	2.88409035796574	-5.0881419156486	1.46750190597545	-3.46721315654203	0.000525884685338634	0.0132141416521855
TH2_HKNPDCAD_05247	15.0896855118686	-7.48648066473718	1.2821010015155	-5.83922846631256	5.24431129436646e-09	3.36029246186531e-07
TH2_HKNPDCAD_05248	23.6892687202572	-8.12994578674569	1.24691206510099	-6.52006345458468	7.02776544785823e-11	5.45823116450323e-09
TH2_HKNPDCAD_05249	0.156681185410804	-1.19700691208727	4.0804728567969	-0.293350048902641	0.76925460189368	NA
TH2_HKNPDCAD_05250	20.6109355906781	-7.93516717106944	1.27329513354008	-6.2319936376476	4.6053618563349e-10	3.27876178827399e-08
TH2_HKNPDCAD_05251	1515.09863046063	-14.1274139568968	1.22628277013519	-11.5205190034101	1.0398277396783e-30	1.06603139871819e-27
TH2_HKNPDCAD_05252	18.6207533464103	-7.77876667406565	1.24944529668776	-6.22577610615442	4.79177959252147e-10	3.36474824537877e-08
TH2_HKNPDCAD_05253	3.22718011094383	-5.25204304047464	1.45511662800443	-3.60936225962683	0.000306950706693953	0.00893993933246137
TH2_HKNPDCAD_05254	3.46617150872865	-5.34857659227574	1.47048021089742	-3.63729926634754	0.000275511755636153	0.0081165129850053
TH2_HKNPDCAD_05255	126.991270610627	-10.549244239855	1.2327310727302	-8.55762012755218	1.15221293558964e-17	1.73713044348014e-15
TH2_HKNPDCAD_05256	125.758773932319	-10.5366911343575	1.21104475561788	-8.70049689367728	3.30434099001227e-18	6.04930425528674e-16
TH2_HKNPDCAD_05257	101.413263158844	-10.2268662665033	1.21598728500597	-8.41033980585834	4.08824574653653e-17	5.3734224863452e-15
TH2_HKNPDCAD_05258	31.347098308342	-8.53764600200793	1.26839669524702	-6.73105348981157	1.6843902532261e-11	1.41544007180934e-09
TH2_HKNPDCAD_05260	67.5390406235948	-7.18593587648027	0.887987107401308	-8.09238762205669	5.85063726773419e-16	6.81599241691033e-14
TH2_HKNPDCAD_05261	16.7224541877202	-6.65356183922766	1.25289925658468	-5.31053219503443	1.09305572209508e-07	6.29550969826898e-06
TH2_HKNPDCAD_05262	110.795806088461	-10.3553020822449	1.21632697173708	-8.51358419476313	1.68637947428511e-17	2.40121699588486e-15
TH2_HKNPDCAD_05264	6142.48007949168	-0.894280845416762	0.277870442606722	-3.21833742742644	0.0012893603903156	0.0262272276220546
TH2_HKNPDCAD_05265	28696.0109652275	-0.549911222264113	0.286637219749732	-1.91849203234755	0.0550486514475385	0.2791091862711
TH2_HKNPDCAD_05266	253.870806020883	-0.689810764087277	0.284330189596097	-2.42609047272532	0.015262464924126	0.135257615662213
TH2_HKNPDCAD_05267	139.547853970713	0.196338185212277	0.272290311721882	0.721061957624175	0.470871395601248	0.762136651042626
TH2_HKNPDCAD_05268	501.630379026375	-0.131217898421089	0.237410098761704	-0.55270563091251	0.580464996937576	0.825387942141911
TH2_HKNPDCAD_05269	167.178434476953	-0.62464890246074	0.273567028524029	-2.28334863974981	0.0224098400418503	0.168322259051559
TH2_HKNPDCAD_05270	1.02329623007144	0.653651413045266	1.80803578189181	0.361525706289578	0.717706491761753	0.886710888592612
TH2_HKNPDCAD_05271	106.333299045167	-0.723991225882903	0.407792986180998	-1.77538910775077	0.0758336612519089	0.32501952138569
TH2_HKNPDCAD_05272	115.950164762159	0.384651418913996	0.572442013186047	0.671948267341764	0.501616630904186	0.779177833337835
TH2_HKNPDCAD_05273	199.458250891698	0.883282331361507	0.52339326344259	1.68760737490538	0.0914866226032235	0.357439350201314
TH2_HKNPDCAD_05274	8285.20524661763	0.707813330391942	0.21632343830398	3.27201405423908	0.00106784267673966	0.0226188494254855
TH2_HKNPDCAD_05275	9.09276363759323	-0.852523583426521	0.611340233376766	-1.39451574897593	0.163161917063869	0.488247511307293
TH2_HKNPDCAD_05276	47.301315365945	-0.0825076463178762	0.384114911812741	-0.214799383675319	0.829923733438704	0.937206185622186
TH2_HKNPDCAD_05277	78.4365094890757	-0.810656021292302	0.504418237913664	-1.60711084643822	0.108030054385681	0.391579291068792
TH2_HKNPDCAD_05278	7.31667128589663	-1.0326195363995	0.772517338400402	-1.33669431748636	0.181322437567987	0.512098520646558
TH2_HKNPDCAD_05279	72.8729567999719	-0.166122746221898	0.326471328876599	-0.508843293509213	0.610862070467325	0.839935346892572
TH2_HKNPDCAD_05280	0.624213445183382	-0.227170022961933	2.2919741604004	-0.0991154380738074	0.921046614634822	0.974867839483399
TH2_HKNPDCAD_05281	19.3378750641417	0.377265691143738	0.449807417404071	0.838727145321466	0.401622441855806	0.718574742391923
TH2_HKNPDCAD_05284	1.15326924652518	0.185017854563493	1.72618515399201	0.107183087593829	0.914643732276669	0.974125030469604
TH2_HKNPDCAD_05285	0.678638064423319	-1.66867910240344	2.21841432563181	-0.752194521610925	0.451934087702848	0.752280113763691
TH2_HKNPDCAD_05286	0.480215632033017	-1.06589951104543	2.45087557987021	-0.434905598554243	0.663630950685487	NA
TH2_HKNPDCAD_05288	217.818169754817	0.180498314321682	0.231675785341014	0.779098748088838	0.435921547544009	0.744569832780504
TH2_HKNPDCAD_05289	937.140137210532	-0.829454909674605	0.237182796043984	-3.49711245296555	0.000470323528960621	0.0122812189331366
TH2_HKNPDCAD_05292	1.7161836698639	-1.44237557702087	1.70466950664937	-0.846132092698685	0.397479059311669	0.71515537312447
TH2_HKNPDCAD_05293	1.70444559095459	-1.39980459502305	1.41101437102295	-0.992055519610495	0.321170442979866	0.648412639115713
TH2_HKNPDCAD_05294	0.336217818882653	-2.01482419778104	3.02365619067879	-0.666353603294007	0.505185110904478	NA
TH2_HKNPDCAD_05296	18.4897148317267	-0.184882030666013	0.477284396160647	-0.387362403114859	0.698487933329151	0.875560564908754
TH2_HKNPDCAD_05299	1.16282334559893	-1.57222707277668	1.95367593008751	-0.804753259516409	0.420962078728171	0.73304305614099
TH2_HKNPDCAD_05300	0.353261828778699	-0.23522290575225	3.0357154868501	-0.0774851618246745	0.93823759493187	NA
TH2_HKNPDCAD_05301	1.03810231986003	-0.257482810590098	1.78322612968352	-0.144391564425873	0.885191277621109	0.96324312920705
TH2_HKNPDCAD_05303	15964.2049974569	-0.153604994702226	0.354850560031467	-0.432872346851037	0.665107510633714	0.865534678727702
TH2_HKNPDCAD_05304	13.9493418523522	0.677146605622885	0.579165601258832	1.16917614608169	0.242332669774811	0.579385099711286
TH2_HKNPDCAD_05306	0.651534448275271	2.69833348846954	2.99142524442138	0.90202270422822	0.367044807091056	0.689610258957921
TH2_HKNPDCAD_05307	0.31057014585603	-0.235223241827379	3.15699308257002	-0.0745086339042247	0.940605671402766	NA
TH2_HKNPDCAD_05309	2.70684069048396	0.697143418783571	1.10780937657875	0.629299077551196	0.529153275155648	0.796104744804923
TH2_HKNPDCAD_05311	3.21422361053376	1.2946967963566	1.10454345482614	1.17215560030673	0.241134590549478	0.578407071201041
TH2_HKNPDCAD_05312	0.336217818882653	-2.01482419778104	3.02365619067879	-0.666353603294007	0.505185110904478	NA
TH2_HKNPDCAD_05313	0.668187469678302	1.31258081148763	2.57422703233916	0.509893181525217	0.61012629912175	0.839646645482236
TH2_HKNPDCAD_05314	245.06157654435	-0.345286435146596	0.275792847516329	-1.25197748330348	0.210578068832873	0.546669046953358
TH2_HKNPDCAD_05315	2749.65354539084	-1.36078936044711	0.368208583183043	-3.69570244311943	0.000219279672278391	0.00665105088815996
TH2_HKNPDCAD_05316	25697.9701715133	-0.689746638777221	0.289522789657012	-2.38235697989212	0.01720221260468	0.14408258465946
TH2_HKNPDCAD_05317	3284.91081631283	0.729766968306025	0.357701268782941	2.04015761752542	0.0413346295226285	0.241597845989731
TH2_HKNPDCAD_05318	6730.77189951809	0.21892893617087	0.271876378009544	0.80525177572869	0.420674404056893	0.73304305614099
TH2_HKNPDCAD_05319	47.2637781469979	-0.522335608057167	0.393083255550079	-1.32881673457755	0.183908439759278	0.51627484056065
TH2_HKNPDCAD_05320	29.6754268756283	-0.214196768893555	0.53014873561142	-0.404031462315046	0.686189583293638	0.873330700486242
TH2_HKNPDCAD_05321	144.085327928412	-1.18694995945911	0.479733350596982	-2.47418687481715	0.0133539824896234	0.124507687931574
TH2_HKNPDCAD_05322	57.8848113382184	-2.07409248429844	0.493679434125383	-4.20129408058685	2.65393577412082e-05	0.00107968847445582
TH2_HKNPDCAD_05323	117.886810747599	-0.47387751738709	0.361302079078959	-1.31158259203797	0.189661009770567	0.522408563183196
TH2_HKNPDCAD_05324	3652.40899874644	-0.261409841904893	0.29894960009157	-0.874427802629011	0.381885321950004	0.703934518767163
TH2_HKNPDCAD_05325	0.980604547148773	0.766496173806235	1.71370976907301	0.447273037499724	0.654677932092157	0.862250534405035
TH2_HKNPDCAD_05326	854.592540801911	-0.929950672080828	0.293474685708485	-3.16875941049501	0.00153091063426579	0.0295016838768664
TH2_HKNPDCAD_05327	47.0750944574337	0.190332926944255	0.378653277389493	0.502657545331303	0.615205063210022	0.843418334852788
TH2_HKNPDCAD_05328	320.082384543439	-0.0958008906651664	0.344396411920051	-0.278170408719025	0.780881549165188	0.914060966483782
TH2_HKNPDCAD_05329	222.574037747683	-0.770998718146397	0.371473373234496	-2.07551543044162	0.0379387902774373	0.228961731282361
TH2_HKNPDCAD_05330	65.5880853516917	-0.534291742296543	0.409052591137122	-1.30616882492119	0.191495151928624	0.524013313332614
TH2_HKNPDCAD_05331	1122.16607171033	-0.200558846894979	0.285444389259635	-0.702619685099342	0.482292791489912	0.767272556482272
TH2_HKNPDCAD_05332	118.708331768208	-0.568674598759949	0.455420877164187	-1.24867924874452	0.211782413692857	0.548004367788785
TH2_HKNPDCAD_05333	401.365877208047	0.171376387890699	0.213985277701657	0.800879339604085	0.423201501880225	0.734868190595539
TH2_HKNPDCAD_05334	498.300347804801	0.523710127481918	0.339697788299962	1.5416942515371	0.123147909509619	0.417773781698418
TH2_HKNPDCAD_05335	144.593308450832	-0.116503953101505	0.374366659324776	-0.311202801316861	0.755646453561284	0.900389984632114
TH2_HKNPDCAD_05336	224.257110491122	0.129251651517627	0.324713069444947	0.398048811951318	0.690594205427378	0.873604502253251
TH2_HKNPDCAD_05337	75.4324669706996	-0.376898328813429	0.388441033502858	-0.970284538208179	0.331904682120468	0.658365340451275
TH2_HKNPDCAD_05338	470.219621828959	-0.105005681663371	0.256064225706199	-0.410075563557447	0.681750517748899	0.872058615747665
TH2_HKNPDCAD_05339	4197.87830653817	-1.09442467093965	0.305282521802341	-3.58495686054456	0.000337133926747933	0.00939211145929295
TH2_HKNPDCAD_05340	3175.83285610911	-0.165905325879159	0.1907081302077	-0.869943644764758	0.384331202470735	0.704360934225895
TH2_HKNPDCAD_05341	787.436722515888	0.115662563296899	0.205274370256174	0.563453504461161	0.573126112428128	0.823926844693718
TH2_HKNPDCAD_05342	118.629286206481	-0.0885288125002005	0.33863355254361	-0.261429535954797	0.793761282384463	0.918884447493848
TH2_HKNPDCAD_05343	288.334711958379	-0.433328404956007	0.371672964060358	-1.16588626792245	0.243660431726683	0.580122328393394
TH2_HKNPDCAD_05344	216.712234405784	-0.535196694652781	0.304503784377063	-1.75760276919926	0.078815121847312	0.331862138425563
TH2_HKNPDCAD_05345	88.2289187769246	-0.903805969773223	0.36251943459339	-2.49312418460255	0.0126624550727488	0.120481340935053
TH2_HKNPDCAD_05346	87.7736294218911	-0.709751865325891	0.323037741551407	-2.19711746967171	0.0280120577618856	0.196105316775763
TH2_HKNPDCAD_05347	81.8659749771168	-0.469192926710022	0.353675363970898	-1.32662032617185	0.184634308583182	0.51717785016251
TH2_HKNPDCAD_05348	254.448909156838	-0.106978302670215	0.233669003965449	-0.457819825713955	0.647081890987456	0.857534067528878
TH2_HKNPDCAD_05349	413.491691322641	-0.447034690794023	0.344891575459133	-1.29616007639187	0.194920340883992	0.526706203147782
TH2_HKNPDCAD_05350	743.449726546624	-0.449411749646029	0.243853294272373	-1.84295951788151	0.065334921287619	0.303908172885966
TH2_HKNPDCAD_05351	344.147679064831	-0.356468871502324	0.323205987551852	-1.10291543236072	0.270063891795696	0.611852861013961
TH2_HKNPDCAD_05352	394.922586861993	0.241759926620382	0.250864654790242	0.963706612326585	0.335193038269306	0.660845966987871
TH2_HKNPDCAD_05353	3277.57648812359	0.0936536884275719	0.201874852964867	0.463919537535816	0.642705394470278	0.854759170674226
TH2_HKNPDCAD_05354	3483.12608044885	0.303747061248375	0.227492030724179	1.33519868929673	0.181811325742739	0.512725079045569
TH2_HKNPDCAD_05355	3024.30359415565	0.253799911911626	0.245772222634169	1.03266312682294	0.301761575030851	0.633500567822598
TH2_HKNPDCAD_05356	2392.77640903989	0.100475541720759	0.23983279564275	0.418939959614304	0.675260012330715	0.868853074540899
TH2_HKNPDCAD_05357	1155.15767639674	0.258399037002588	0.210359324486305	1.22836977934587	0.21930818713023	0.55296299421031
TH2_HKNPDCAD_05358	1227.60590320967	-0.528125075638742	0.229645843665552	-2.29973713962742	0.021463116657205	0.165037548646813
TH2_HKNPDCAD_05359	2037.27088797445	0.248736248406716	0.331233965982467	0.750938230833135	0.452689830755542	0.752512018929678
TH2_HKNPDCAD_05360	138.015169351249	-0.157830899663989	0.335282232199584	-0.470740422564463	0.637826114264795	0.852915190669906
TH2_HKNPDCAD_05361	9.42277222050652	-0.95685896871644	0.601813620986868	-1.58995897624809	0.111844052439345	0.39819477949691
TH2_HKNPDCAD_05362	724.327766500804	0.297985264500653	0.202318050385465	1.47285555556174	0.14078998837617	0.449074646549971
TH2_HKNPDCAD_05363	1943.45736914162	0.160774908778106	0.239542690460032	0.671174346707655	0.502109468977073	0.779470968496813
TH2_HKNPDCAD_05364	49.9387807304004	0.237489772901193	0.501599745524479	0.473464699733592	0.635881679886288	0.852895012489516
TH2_HKNPDCAD_05365	187.783154680428	0.226145894892727	0.292068559675991	0.774290444488802	0.438759053146392	0.745634042564776
TH2_HKNPDCAD_05366	246.758216039064	-0.00766951132429184	0.330302752339558	-0.0232196409807915	0.981475071593522	0.993809825424043
TH2_HKNPDCAD_05367	38.3971820373092	0.895522279137236	0.369689053749667	2.42236622927882	0.0154198017547882	0.135798095936576
TH2_HKNPDCAD_05368	233.136399808382	0.474680233829538	0.223179795529511	2.12689608709123	0.0334287180558236	0.213927102065108
TH2_HKNPDCAD_05369	400.158997032715	0.70984145957324	0.242406962155697	2.92830475354628	0.00340815810273403	0.0516870367888006
TH2_HKNPDCAD_05370	29.9487829359491	0.830933466788091	0.486797921962473	1.70693716899668	0.087833731326053	0.352297110154419
TH2_HKNPDCAD_05371	43.5426980093309	-0.00673323616714534	0.321059546793882	-0.020971923228522	0.983268052766476	0.993869420465992
TH2_HKNPDCAD_05372	44.5502315939273	0.0853976161507795	0.397163081831657	0.215019018779234	0.829752490504904	0.937206185622186
TH2_HKNPDCAD_05373	44.8961250467434	-0.243795222602487	0.596339582744609	-0.408819453976939	0.682672162226688	0.872227692815055
TH2_HKNPDCAD_05374	42.234084719977	0.125740964176337	0.347672846825324	0.361664608911811	0.717602677200179	0.886710888592612
TH2_HKNPDCAD_05375	7.45597748787911	0.567236985360043	0.785936856710021	0.721733534338281	0.470458320451636	0.762136651042626
TH2_HKNPDCAD_05376	10.1657734306279	-0.125506618043041	0.628330988555382	-0.199746026105759	0.841679215436016	0.944807069466986
TH2_HKNPDCAD_05377	29.9551391935283	-0.400546917587199	0.523309412435386	-0.765411261615049	0.444026689095251	0.74808954248455
TH2_HKNPDCAD_05378	21.6625107285722	-0.113439360391796	0.637068526965131	-0.178064612502831	0.858672232986178	0.952121365511818
TH2_HKNPDCAD_05379	108.466410885436	-0.323586115855931	0.380765557614874	-0.849830320480884	0.395419429731836	0.714207187035021
TH2_HKNPDCAD_05380	6.66759214467265	-0.386210544089918	0.70705263107017	-0.546226019278598	0.584910582765918	0.828293131160539
TH2_HKNPDCAD_05381	16.3233166526711	-1.10723320799356	0.47703358306863	-2.32108020754226	0.0202825153869747	0.158730036448294
TH2_HKNPDCAD_05382	245.163095148388	-0.0943467401675822	0.287380547950862	-0.328298977924261	0.742685616890015	0.899576008560523
TH2_HKNPDCAD_05383	28.7937080356959	-0.795994179245585	0.694963010482489	-1.14537632541472	0.252053300999386	0.589427564289623
TH2_HKNPDCAD_05384	1.9691432499907	0.292968816395896	1.3261023676366	0.220924736691353	0.825151036172807	0.93495230137529
TH2_HKNPDCAD_05385	39.507342317517	-0.779021095991215	0.433080557079496	-1.79879027875227	0.0720518616660488	0.316484869665952
TH2_HKNPDCAD_05386	14.6933522126365	-1.04800007726209	0.692365678836949	-1.51365110850461	0.130114351276583	0.428641493986994
TH2_HKNPDCAD_05387	21.2517434200776	-1.13024782206668	0.570226993169178	-1.98210157640038	0.0474678731620459	0.26012827886511
TH2_HKNPDCAD_05388	67.9533317633628	-0.0277703856882198	0.475932949390039	-0.058349365648692	0.953470346365494	0.987495207402243
TH2_HKNPDCAD_05389	1780.40000205091	-0.295723957309121	0.287863315229563	-1.0273068559406	0.304275995081821	0.636039633706493
TH2_HKNPDCAD_05390	1867.45974063993	-0.0306067419228709	0.216803677777163	-0.141172614028851	0.887733580218242	0.96348133224618
TH2_HKNPDCAD_05391	846.600330896771	-0.502445718098766	0.25160826734381	-1.99693644172749	0.045832087846218	0.254258963527828
TH2_HKNPDCAD_05392	155.399647116378	-0.081769929428925	0.356970225501411	-0.229066525966048	0.818817210175214	0.931032437872058
TH2_HKNPDCAD_05394	8.60794867599012	-0.0890731511956396	0.751608692632632	-0.118510006694636	0.905663566775824	0.969906249760393
TH2_HKNPDCAD_05395	32.0580579606442	-1.02733942856806	0.493491079448297	-2.0817791270241	0.0373626491639047	0.227459548235363
TH2_HKNPDCAD_05396	0.972555188876318	-0.123501552987544	1.79598761004182	-0.0687652589010164	0.945176471982502	0.984550822065089
TH2_HKNPDCAD_05397	1.73707531701188	-1.52388529623518	1.51438824170313	-1.0062712151815	0.314285123096946	0.644704459352053
TH2_HKNPDCAD_05398	1.64404553329049	-0.789914228540023	1.38536735202917	-0.570183949681668	0.568552941015019	0.822337514575693
TH2_HKNPDCAD_05399	1091.70703555741	-0.0427966441362925	0.232425038349155	-0.184130954394002	0.853910723531674	0.950726839449036
TH2_HKNPDCAD_05400	232.465385375331	-0.128114618801666	0.297553839337982	-0.430559454674503	0.666788727610973	0.86660620871618
TH2_HKNPDCAD_05401	240.325166936912	0.131789929187353	0.512087044922101	0.257358452033093	0.796902073340466	0.92085663389162
TH2_HKNPDCAD_05402	146.673457790629	0.145364017664592	0.45592065172792	0.318836220982025	0.749850710194204	0.900372592203685
TH2_HKNPDCAD_05403	2320.67828050903	0.1773545269941	0.324719331896182	0.546177912963935	0.584943647054458	0.828293131160539
TH2_HKNPDCAD_05404	167.434305750621	0.016121906440281	0.299308977917366	0.0538637582890415	0.957043711423254	0.988092167147834
TH2_HKNPDCAD_05405	782.918330442905	0.646476752611809	0.332615770205889	1.94361425560682	0.0519419854400376	0.271688385066972
TH2_HKNPDCAD_05406	25.9699702465546	-0.146938037148227	0.494949340915202	-0.296874902139534	0.766562017997919	0.905182424385471
TH2_HKNPDCAD_05407	11.6799069271658	-0.0548037336359711	0.688863002713188	-0.0795567963733261	0.936589757748238	0.98018764765567
TH2_HKNPDCAD_05408	25.75543989781	0.505459799272033	0.452285352920541	1.11756835813525	0.263751389093891	0.604951580077686
TH2_HKNPDCAD_05409	21.0687631177503	0.580053342379948	0.450979530775755	1.2862076941323	0.198370586541356	0.531781306146268
TH2_HKNPDCAD_05410	332.786972615693	0.0339567320358176	0.281297306316799	0.120714742990021	0.903916981177479	0.969906249760393
TH2_HKNPDCAD_05411	229.229200278643	-0.0550962328869358	0.332685512060264	-0.165610556786	0.868463438909574	0.956952619916267
TH2_HKNPDCAD_05412	66.6925476184736	-0.361674868183719	0.44431723926797	-0.814001430103394	0.41564413169613	0.730154838613559
TH2_HKNPDCAD_05413	77.9025806058832	0.0813070212023227	0.299678997389223	0.271313712040758	0.786149761177612	0.914970575356506
TH2_HKNPDCAD_05414	17.3344863552084	-0.313750806407244	0.468332025690321	-0.669932418020689	0.502900872939368	0.779990884928049
TH2_HKNPDCAD_05415	46.5517331355145	-0.189950007950127	0.34926365992025	-0.543858493590487	0.586538853168708	0.829727887942116
TH2_HKNPDCAD_05416	399.718033101698	-0.223218205379547	0.246373477764666	-0.906015563869921	0.364927614619878	0.687537911156022
TH2_HKNPDCAD_05417	100.072652065571	-0.248203005719056	0.32435509752617	-0.765219993803333	0.444140555883755	0.74808954248455
TH2_HKNPDCAD_05418	69.0473989018779	-0.31289220202854	0.389117364193973	-0.804107528525932	0.421334877021737	0.73304305614099
TH2_HKNPDCAD_05419	5.12944235766799	-1.23360259860108	0.80631421168289	-1.52992788757423	0.126034579582617	0.421981224650879
TH2_HKNPDCAD_05421	45.8643333855086	-0.528697332634842	0.41108267139869	-1.2861095089121	0.198404845989003	0.531781306146268
TH2_HKNPDCAD_05422	2.87704321454977	-1.52836285283025	1.23849614531425	-1.23404732312869	0.217185270741261	0.551134503871141
TH2_HKNPDCAD_05423	19.7937316243522	-0.658482083590495	0.467886305380011	-1.40735489801456	0.159322178083164	0.483225521125405
TH2_HKNPDCAD_05425	4.44079113405916	-1.41650404438018	0.939137403550379	-1.50830329941618	0.131476919177269	0.43064624508553
TH2_HKNPDCAD_05426	1.64125330832491	-0.220263262676374	1.40424482255682	-0.156855314072174	0.875358878022782	0.959394827612739
TH2_HKNPDCAD_05427	1.70523202663859	-2.19950719110387	1.5655129267687	-1.40497542594156	0.160028585797968	0.484004109872955
TH2_HKNPDCAD_05428	0.636337369993665	1.28691622769482	2.26421897966413	0.568370921387522	0.569783131094224	0.82274845357107
TH2_HKNPDCAD_05429	19.9326997870688	-0.878359523842496	0.437957068286159	-2.00558362325273	0.044900690610654	0.251267401823376
TH2_HKNPDCAD_05430	71.2528349448042	-0.815952195328474	0.605336402693965	-1.34793181394212	0.177680314516986	0.506556892221397
TH2_HKNPDCAD_05431	372.1875472147	-0.282255971783609	0.294856919768297	-0.957264194462217	0.338433922887189	0.663823719327479
TH2_HKNPDCAD_05432	704.678460841964	-0.498514271658393	0.311954676715428	-1.59803429429958	0.11003534502794	0.395540798466493
TH2_HKNPDCAD_05433	1.40175640336183	1.60140726255028	1.52451808322283	1.05043507202283	0.29351812786477	0.626740476324586
TH2_HKNPDCAD_05434	141.606977498806	-0.444307335687658	0.398392140857899	-1.11525125654057	0.264742766846042	0.605201404161989
TH2_HKNPDCAD_05435	27.6208640622442	-0.761107553638934	0.658180455508577	-1.15638127396357	0.247525237706734	0.584707082251022
TH2_HKNPDCAD_05436	204.575308043411	-0.605608964703755	0.269353917638069	-2.2483762999041	0.0245522051222063	0.18033072410481
TH2_HKNPDCAD_05437	126.642713612273	0.290183950355716	0.269181707626409	1.078022548094	0.281023693740629	0.618783270667725
TH2_HKNPDCAD_05438	30.4838854075527	-0.530201254711131	0.39608956543909	-1.33858930144592	0.18070441089722	0.51204577681545
TH2_HKNPDCAD_05439	196.626852291094	0.183108395957747	0.234581135926526	0.780575962489578	0.435051934015387	0.744569832780504
TH2_HKNPDCAD_05440	0.640307019136258	1.246079487255	2.06488855038443	0.60346089236778	0.546202124244675	0.807687198883885
TH2_HKNPDCAD_05441	89.863075991189	-0.140017339799768	0.340050640355635	-0.411754377681319	0.680519463815729	0.872058615747665
TH2_HKNPDCAD_05442	112.492651409285	-0.0891541576795977	0.338245254397757	-0.263578443512344	0.792104770866162	0.917173945213451
TH2_HKNPDCAD_05443	373.17849084869	0.306277320599493	0.321810786423107	0.951731059122453	0.341233393404148	0.665840264404135
TH2_HKNPDCAD_05444	636.347105200993	-0.420529644138499	0.31973955037844	-1.31522560671886	0.188434091650049	0.521413535184748
TH2_HKNPDCAD_05445	8768.0586854834	-0.163794875486549	0.556831572965251	-0.294155151106654	0.768639349513108	0.906967104786582
TH2_HKNPDCAD_05446	199.626941649354	-0.295900130693527	0.60740736425338	-0.487152688800941	0.626150130139422	0.84866355555121
TH2_HKNPDCAD_05447	675.993896286971	-1.22893345755069	0.359191650236665	-3.42138648473863	0.00062302727130408	0.0150643292108713
TH2_HKNPDCAD_05448	563.434871729668	-0.20184943335864	0.207468155660512	-0.97291766399531	0.330594225116936	0.658155102499738
TH2_HKNPDCAD_05449	150.393286631912	-0.381727114342573	0.425982742658013	-0.89610933992467	0.370194369223507	0.692071972757249
TH2_HKNPDCAD_05450	753.155644619055	-0.711227504714495	0.319838608357207	-2.22370747661637	0.0261681318741099	0.18838222816828
TH2_HKNPDCAD_05451	135.675795687497	-1.03653828089715	0.265911511577784	-3.89805719484221	9.69675170070411e-05	0.00342796891157305
TH2_HKNPDCAD_05452	252.925116729273	-0.293259081652576	0.230201158857887	-1.27392530562202	0.202689889111006	0.536944894874944
TH2_HKNPDCAD_05453	322.870254865082	-0.61331824827119	0.29554462061761	-2.07521370881161	0.0379667326550931	0.228961731282361
TH2_HKNPDCAD_05454	284.646912487623	0.450718597392371	0.23411318861123	1.92521660170473	0.0542022659888711	0.277310578345845
TH2_HKNPDCAD_05455	725.481150876616	-0.0582870422251513	0.283626187140128	-0.205506560634875	0.837176372843007	0.9419152956965
TH2_HKNPDCAD_05456	3.29535125613873	0.671921025942823	0.958086671953066	0.701315492233189	0.483106147571732	0.767272556482272
TH2_HKNPDCAD_05457	237.233442193775	-0.282624114803564	0.247522112136627	-1.1418136034956	0.253531506607919	0.589927529205362
TH2_HKNPDCAD_05458	130.000629866823	-0.599726048241699	0.371185247002483	-1.61570550846189	0.106157999456808	0.389524627928129
TH2_HKNPDCAD_05459	151.466831127824	0.185359419426886	0.381896182910009	0.485365991391865	0.627416751951243	0.849481846408365
TH2_HKNPDCAD_05460	26.4706563420185	0.0359089132934785	0.396767183670461	0.0905037381400548	0.927886923539848	0.977264920909238
TH2_HKNPDCAD_05461	17.8581098139228	-0.148554300300005	0.475660257070749	-0.31231177734891	0.75480359035706	0.900372592203685
TH2_HKNPDCAD_05462	2.25562199433196	-2.70278835297436	1.57788549735554	-1.71291792560621	0.0867276399818054	0.350327724623116
TH2_HKNPDCAD_05463	5.73124014096321	-0.910967054061656	0.78986282503206	-1.1533231153456	0.248777785808242	0.586584604440225
TH2_HKNPDCAD_05464	154.515208975865	-0.433476327838462	0.2860076529843	-1.51561094018088	0.129617759082815	0.428189110534857
TH2_HKNPDCAD_05465	25.4898948503584	-0.55812233972924	0.426281095557051	-1.30928240906368	0.190438706071301	0.523723901507469
TH2_HKNPDCAD_05466	17.387690629806	-1.30965359260891	0.557822754762469	-2.34779521170051	0.0188849012317978	0.151968608656508
TH2_HKNPDCAD_05467	125.839850517606	0.128863481350989	0.334304589660835	0.385467281444524	0.699891242789624	0.876531275479994
TH2_HKNPDCAD_05468	43.7742529605129	-0.0673392457016427	0.520263641576199	-0.129432926540149	0.89701509519097	0.967194694318606
TH2_HKNPDCAD_05469	166.16925014974	0.367279120555654	0.338913688304754	1.08369515080015	0.27849998639273	0.617883812282054
TH2_HKNPDCAD_05470	10590.1314553061	-0.649592249094932	0.24166113039923	-2.68802950653169	0.00718750451392727	0.0877217812818838
TH2_HKNPDCAD_05471	213.286765593701	-0.349736720251331	0.283124308833147	-1.23527619967609	0.216727728366566	0.550955277855921
TH2_HKNPDCAD_05472	240.262463427778	-0.455270815259335	0.348273520196505	-1.30722202193971	0.191137318422339	0.524013313332614
TH2_HKNPDCAD_05473	1101.34393606328	-0.79201584029182	0.475855936835679	-1.66440256174699	0.0960320084831187	0.368458140332685
TH2_HKNPDCAD_05474	10774.5105439336	-0.181331585209846	0.580833862771237	-0.312191827702139	0.754894742507869	0.900372592203685
TH2_HKNPDCAD_05475	749.479634332302	-0.309270730702225	0.723872428680955	-0.427244799564724	0.669201034090803	0.86660620871618
TH2_HKNPDCAD_05476	806.079940777291	0.38504090345695	0.282968244619866	1.36072124974379	0.173601796638187	0.50212816177714
TH2_HKNPDCAD_05477	52.390570541419	-1.18102717625019	0.351686972334736	-3.35817721199547	0.000784582959913303	0.0176393519847175
TH2_HKNPDCAD_05478	52.3927226373185	-0.577834645214755	0.414511721455557	-1.39401279941057	0.163313739570889	0.488416703057397
TH2_HKNPDCAD_05479	41.5946695079799	0.524721138678487	0.469535196915789	1.11753313090306	0.263766441957399	0.604951580077686
TH2_HKNPDCAD_05480	217.836978226231	-0.0131016937011842	0.323935767758052	-0.040445344433128	0.96773808017409	0.990384973702169
