gene_id	seqid	start	end	length_bp	strand	gene_name	product	reference_component	source_gff_id	locus_tag	ontology_terms
C600_DK885_RS00005	C600_NZ_CP031214.1	379	2268	1890	+	mnmG	tRNA uridine-5-carboxymethylaminomethyl(34) synthesis enzyme MnmG	C600	cds-WP_000499788.1	DK885_RS00005	GO:0002098,GO:0008033
C600_DK885_RS00010	C600_NZ_CP031214.1	2332	2955	624	+	rsmG	16S rRNA (guanine(527)-N(7))-methyltransferase RsmG	C600	cds-WP_000932839.1	DK885_RS00010	GO:0031167,GO:0046118,GO:0008168
C600_DK885_RS00015	C600_NZ_CP031214.1	3572	3952	381	+	atpI	F0F1 ATP synthase subunit I	C600	cds-WP_000116695.1	DK885_RS00015	
C600_DK885_RS00020	C600_NZ_CP031214.1	3961	4776	816	+	atpB	F0F1 ATP synthase subunit A	C600	cds-WP_000135625.1	DK885_RS00020	GO:0015986,GO:0015078,GO:0045259
C600_DK885_RS00025	C600_NZ_CP031214.1	4823	5062	240	+	atpE	F0F1 ATP synthase subunit C	C600	cds-WP_000429386.1	DK885_RS00025	GO:0015986,GO:0015078
C600_DK885_RS00030	C600_NZ_CP031214.1	5124	5594	471	+	atpF	F0F1 ATP synthase subunit B	C600	cds-WP_001052219.1	DK885_RS00030	GO:0015986,GO:0015078
C600_DK885_RS00035	C600_NZ_CP031214.1	5609	6142	534	+	atpH	F0F1 ATP synthase subunit delta	C600	cds-WP_001288587.1	DK885_RS00035	GO:0015986,GO:0046933,GO:0016020
C600_DK885_RS00040	C600_NZ_CP031214.1	6155	7696	1542	+	atpA	F0F1 ATP synthase subunit alpha	C600	cds-WP_001176745.1	DK885_RS00040	GO:0015986,GO:0046933,GO:0045259
C600_DK885_RS00045	C600_NZ_CP031214.1	7747	8610	864	+	atpG	F0F1 ATP synthase subunit gamma	C600	cds-WP_000896498.1	DK885_RS00045	GO:0015986,GO:0046933,GO:0045259
C600_DK885_RS00050	C600_NZ_CP031214.1	8637	10019	1383	+	atpD	F0F1 ATP synthase subunit beta	C600	cds-WP_000190506.1	DK885_RS00050	GO:0015986,GO:0046933,GO:0045259
C600_DK885_RS00055	C600_NZ_CP031214.1	10040	10459	420	+	atpC	F0F1 ATP synthase subunit epsilon	C600	cds-WP_001251965.1	DK885_RS00055	GO:0015986,GO:0046933
C600_DK885_RS00060	C600_NZ_CP031214.1	10812	12182	1371	+	glmU	bifunctional UDP-N-acetylglucosamine diphosphorylase/glucosamine-1-phosphate N-acetyltransferase GlmU	C600	cds-WP_000933736.1	DK885_RS00060	GO:0000902,GO:0006048,GO:0009252,GO:0000287,GO:0003977,GO:0019134
C600_DK885_RS00065	C600_NZ_CP031214.1	12344	14173	1830	+	glmS	glutamine--fructose-6-phosphate transaminase (isomerizing)	C600	cds-WP_000334099.1	DK885_RS00065	GO:1901137,GO:0004360
C600_DK885_RS00070	C600_NZ_CP031214.1	14487	15527	1041	+	pstS	phosphate ABC transporter substrate-binding protein PstS	C600	cds-WP_000867146.1	DK885_RS00070	GO:0035435,GO:0042301,GO:0043190
C600_DK885_RS00075	C600_NZ_CP031214.1	15614	16573	960	+	pstC	phosphate ABC transporter permease PstC	C600	cds-WP_000741620.1	DK885_RS00075	GO:0006817,GO:0055085,GO:0016020
C600_DK885_RS00080	C600_NZ_CP031214.1	16573	17463	891	+	pstA	phosphate ABC transporter permease PstA	C600	cds-WP_001251998.1	DK885_RS00080	GO:0035435,GO:0005886
C600_DK885_RS00085	C600_NZ_CP031214.1	17646	18419	774	+	pstB	phosphate ABC transporter ATP-binding protein PstB	C600	cds-WP_000063125.1	DK885_RS00085	GO:0006817,GO:0005524,GO:0015415,GO:0009898,GO:0055052
C600_DK885_RS00090	C600_NZ_CP031214.1	18434	19159	726	+	phoU	phosphate signaling complex protein PhoU	C600	cds-WP_000377786.1	DK885_RS00090	GO:0030643
C600_DK885_RS00095	C600_NZ_CP031214.1	19445	20281	837	+	bglG	transcriptional antiterminator BglG	C600	cds-WP_001295251.1	DK885_RS00095	GO:0006355
C600_DK885_RS00100	C600_NZ_CP031214.1	20415	22292	1878	+	bglF	PTS beta-glucoside transporter subunit IIABC	C600	cds-WP_000137296.1	DK885_RS00100	
C600_DK885_RS00105	C600_NZ_CP031214.1	22311	23723	1413	+	bglB	6-phospho-beta-glucosidase BglB	C600	cds-WP_000643228.1	DK885_RS00105	
C600_DK885_RS00110	C600_NZ_CP031214.1	23792	25408	1617	+	bglH	carbohydrate-specific porin BglH	C600	cds-WP_000489881.1	DK885_RS00110	
C600_DK885_RS00115	C600_NZ_CP031214.1	25435	26604	1170	+	yieL	esterase	C600	cds-WP_001336377.1	DK885_RS00115	
C600_DK885_RS00120	C600_NZ_CP031214.1	26619	27341	723	+	yieK	glucosamine-6-phosphate deaminase	C600	cds-WP_000766900.1	DK885_RS00120	GO:0006044,GO:0004342
C600_DK885_RS00125	C600_NZ_CP031214.1	27403	27990	588	-	cbrC	PF03691 family colicin E2 tolerance protein CbrC	C600	cds-WP_000193072.1	DK885_RS00125	GO:0030153
C600_DK885_RS00130	C600_NZ_CP031214.1	28039	28506	468	-	cbrB	protein CbrB	C600	cds-WP_000116777.1	DK885_RS00130	
C600_DK885_RS00135	C600_NZ_CP031214.1	28573	29238	666	-	yieH	6-phosphogluconate phosphatase	C600	cds-WP_000086486.1	DK885_RS00135	
C600_DK885_RS00140	C600_NZ_CP031214.1	29403	30740	1338	+	adeP	adenine permease AdeP	C600	cds-WP_000019348.1	DK885_RS00140	
C600_DK885_RS00145	C600_NZ_CP031214.1	30794	31360	567	-	yieF	class I chromate reductase YieF	C600	cds-WP_001291268.1	DK885_RS00145	
C600_DK885_RS00150	C600_NZ_CP031214.1	31382	32131	750	-	yieE	4'-phosphopantetheinyl transferase family protein	C600	cds-WP_001296581.1	DK885_RS00150	GO:0008897
C600_DK885_RS00155	C600_NZ_CP031214.1	32288	33247	960	-	yidZ	HTH-type transcriptional regulator YidZ	C600	cds-WP_001311238.1	DK885_RS00155	GO:0006355,GO:0003700
C600_DK885_RS00160	C600_NZ_CP031214.1	33222	34397	1176	-	mdtL	multidrug efflux MFS transporter MdtL	C600	cds-WP_000085982.1	DK885_RS00160	
C600_DK885_RS00165	C600_NZ_CP031214.1	34529	35776	1248	-	tnaB	low affinity tryptophan permease TnaB	C600	cds-WP_000131925.1	DK885_RS00165	
C600_DK885_RS00170	C600_NZ_CP031214.1	35867	37282	1416	-	tnaA	tryptophanase	C600	cds-WP_001295247.1	DK885_RS00170	GO:0006568,GO:0009034
C600_DK885_RS00175	C600_NZ_CP031214.1	37503	37577	75	-	tnaC	tryptophanase leader peptide	C600	cds-WP_001364348.1	DK885_RS00175	GO:0006569,GO:0031554,GO:0031556
C600_DK885_RS00180	C600_NZ_CP031214.1	37820	39184	1365	-	mnmE	tRNA uridine-5-carboxymethylaminomethyl(34) synthesis GTPase MnmE	C600	cds-WP_001282346.1	DK885_RS00180	GO:0006400,GO:0003924,GO:0005515,GO:0005525
C600_DK885_RS00185	C600_NZ_CP031214.1	39290	40936	1647	-	yidC	membrane protein insertase YidC	C600	cds-WP_000378250.1	DK885_RS00185	GO:0032977,GO:0016020
C600_DK885_RS00190	C600_NZ_CP031214.1	40939	41196	258	-	yidD	membrane protein insertion efficiency factor YidD	C600	cds-WP_001307474.1	DK885_RS00190	
C600_DK885_RS00195	C600_NZ_CP031214.1	41160	41519	360	-	rnpA	ribonuclease P protein component	C600	cds-WP_000239730.1	DK885_RS00195	GO:0008033,GO:0000049,GO:0004526
C600_DK885_RS00200	C600_NZ_CP031214.1	41536	41676	141	-	rpmH	50S ribosomal protein L34	C600	cds-WP_000831330.1	DK885_RS00200	GO:0006412,GO:0003735,GO:0000315,GO:0022625
C600_DK885_RS23800	C600_NZ_CP031214.1	41906	41986	81	-	WP_120795392.1	protein YsdD	C600	cds-WP_120795392.1	DK885_RS23800	
C600_DK885_RS00210	C600_NZ_CP031214.1	42283	43686	1404	+	dnaA	chromosomal replication initiator protein DnaA	C600	cds-WP_000059111.1	DK885_RS00210	GO:0006270,GO:0006275,GO:0003677,GO:0003688,GO:0005524
C600_DK885_RS00215	C600_NZ_CP031214.1	43691	44791	1101	+	dnaN	DNA polymerase III subunit beta	C600	cds-WP_000673464.1	DK885_RS00215	GO:0006260,GO:0003677,GO:0003887,GO:0009360
C600_DK885_RS00220	C600_NZ_CP031214.1	44791	45864	1074	+	recF	DNA replication/repair protein RecF	C600	cds-WP_000060112.1	DK885_RS00220	GO:0006260,GO:0006281,GO:0006310,GO:0009432,GO:0003697,GO:0005524
C600_DK885_RS00225	C600_NZ_CP031214.1	45893	48307	2415	+	gyrB	DNA topoisomerase (ATP-hydrolyzing) subunit B	C600	cds-WP_000072067.1	DK885_RS00225	GO:0006265,GO:0003677,GO:0003918,GO:0005524,GO:0005694
C600_DK885_RS00230	C600_NZ_CP031214.1	48547	48945	399	+	yidB	YidB family protein	C600	cds-WP_000522208.1	DK885_RS00230	
C600_DK885_RS00235	C600_NZ_CP031214.1	49060	49872	813	+	yidA	sugar-phosphatase	C600	cds-WP_000985549.1	DK885_RS00235	GO:0016787
C600_DK885_RS00240	C600_NZ_CP031214.1	49918	50574	657	-	yidX	protein YidX	C600	cds-WP_000772934.1	DK885_RS00240	
C600_DK885_RS00245	C600_NZ_CP031214.1	50852	51541	690	+	dgoR	D-galactonate utilization transcriptional regulator DgoR	C600	cds-WP_000174305.1	DK885_RS00245	
C600_DK885_RS00250	C600_NZ_CP031214.1	51538	52416	879	+	dgoK	2-dehydro-3-deoxygalactonokinase	C600	cds-WP_000127091.1	DK885_RS00250	
C600_DK885_RS00255	C600_NZ_CP031214.1	52400	53017	618	+	dgoA	2-dehydro-3-deoxy-6-phosphogalactonate aldolase	C600	cds-WP_001198722.1	DK885_RS00255	
C600_DK885_RS00260	C600_NZ_CP031214.1	53014	54162	1149	+	dgoD	galactonate dehydratase	C600	cds-WP_000705001.1	DK885_RS00260	GO:0009063,GO:0008869
C600_DK885_RS00265	C600_NZ_CP031214.1	54237	55574	1338	+	dgoT	MFS transporter	C600	cds-WP_000253455.1	DK885_RS00265	GO:0055085,GO:0022857
C600_DK885_RS00270	C600_NZ_CP031214.1	55571	56635	1065	-	cbrA	colicin M resistance lipid reductase CbrA	C600	cds-WP_001340434.1	DK885_RS00270	
C600_DK885_RS00275	C600_NZ_CP031214.1	56736	57950	1215	+	yidR	DUF3748 domain-containing protein	C600	cds-WP_001336371.1	DK885_RS00275	
C600_DK885_RS00280	C600_NZ_CP031214.1	57952	58284	333	-	yidQ	YceK/YidQ family lipoprotein	C600	cds-WP_000620888.1	DK885_RS00280	
C600_DK885_RS00285	C600_NZ_CP031214.1	58590	59003	414	+	ibpA	small heat shock chaperone IbpA	C600	cds-WP_001243437.1	DK885_RS00285	GO:0006950,GO:0051082
C600_DK885_RS00290	C600_NZ_CP031214.1	59115	59543	429	+	ibpB	small heat shock chaperone IbpB	C600	cds-WP_001243431.1	DK885_RS00290	GO:0006950,GO:0051082
C600_DK885_RS00295	C600_NZ_CP031214.1	59739	61400	1662	+	yidE	putative transporter	C600	cds-WP_001279752.1	DK885_RS00295	GO:0006813,GO:0008324
C600_DK885_RS00300	C600_NZ_CP031214.1	61397	62113	717	-	yidP	GntR family transcriptional regulator	C600	cds-WP_001300779.1	DK885_RS00300	GO:0003677,GO:0003700
C600_DK885_RS00305	C600_NZ_CP031214.1	62409	64025	1617	+	PTS sugar transporter subunit IIB	PTS sugar transporter subunit IIB	C600	cds-DK885_RS00305	DK885_RS00305	
C600_DK885_RS00310	C600_NZ_CP031214.1	64025	64839	815	+	hypothetical protein	hypothetical protein	C600	cds-DK885_RS00310	DK885_RS00310	
C600_DK885_RS00315	C600_NZ_CP031214.1	64836	65729	894	-	yidL	helix-turn-helix transcriptional regulator	C600	cds-WP_001013540.1	DK885_RS00315	GO:0006355,GO:0003700,GO:0043565
C600_DK885_RS00320	C600_NZ_CP031214.1	65896	67611	1716	+	yidK	solute:sodium symporter family transporter	C600	cds-WP_001087145.1	DK885_RS00320	GO:0055085,GO:0022857,GO:0016020
C600_DK885_RS00325	C600_NZ_CP031214.1	67608	69101	1494	+	yidJ	sulfatase-like hydrolase/transferase	C600	cds-WP_000828527.1	DK885_RS00325	GO:0008484
C600_DK885_RS00330	C600_NZ_CP031214.1	69148	69597	450	-	yidI	protein YidI	C600	cds-WP_000511289.1	DK885_RS00330	
C600_DK885_RS00335	C600_NZ_CP031214.1	69705	70052	348	+	yidH	YidH family protein	C600	cds-WP_000703959.1	DK885_RS00335	GO:0005886
C600_DK885_RS00340	C600_NZ_CP031214.1	70042	70404	363	+	yidG	DUF202 domain-containing protein	C600	cds-WP_001113432.1	DK885_RS00340	
C600_DK885_RS00345	C600_NZ_CP031214.1	70401	70898	498	+	yidF	radical SAM protein	C600	cds-WP_000148061.1	DK885_RS00345	
C600_DK885_RS00350	C600_NZ_CP031214.1	70906	72090	1185	-	emrD	multidrug efflux MFS transporter EmrD	C600	cds-WP_000828746.1	DK885_RS00350	
C600_DK885_RS24175	C600_NZ_CP031214.1	72172	72246	75	+	ysdE	protein YsdE	C600	cds-WP_211180519.1	DK885_RS24175	
C600_DK885_RS00360	C600_NZ_CP031214.1	72370	72459	90	-	tisB	type I toxin-antitoxin system toxin TisB	C600	cds-WP_001054909.1	DK885_RS00360	
C600_DK885_RS00380	C600_NZ_CP031214.1	73024	73122	99	+	ivbL	ilvB operon leader peptide IvbL	C600	cds-WP_001300753.1	DK885_RS00380	
C600_DK885_RS00385	C600_NZ_CP031214.1	73228	74916	1689	+	ilvB	acetolactate synthase large subunit	C600	cds-WP_000168475.1	DK885_RS00385	GO:0009082,GO:0000287,GO:0003984,GO:0030976,GO:0050660
C600_DK885_RS00390	C600_NZ_CP031214.1	74920	75210	291	+	ilvN	acetolactate synthase small subunit	C600	cds-WP_001181706.1	DK885_RS00390	
C600_DK885_RS00395	C600_NZ_CP031214.1	75286	75876	591	+	uhpA	transcriptional regulator UhpA	C600	cds-WP_000633668.1	DK885_RS00395	GO:0006355,GO:0003677
C600_DK885_RS00400	C600_NZ_CP031214.1	75876	77378	1503	+	uhpB	signal transduction histidine-protein kinase/phosphatase UhpB	C600	cds-WP_001295243.1	DK885_RS00400	GO:0000160,GO:0000155
C600_DK885_RS00405	C600_NZ_CP031214.1	77388	78707	1320	+	uhpC	MFS transporter family glucose-6-phosphate receptor UhpC	C600	cds-WP_000936566.1	DK885_RS00405	
C600_DK885_RS00410	C600_NZ_CP031214.1	78845	80236	1392	+	uhpT	hexose-6-phosphate:phosphate antiporter	C600	cds-WP_000879194.1	DK885_RS00410	GO:0055085,GO:0022857
C600_DK885_RS00415	C600_NZ_CP031214.1	80282	82048	1767	-	adeD	adenine deaminase	C600	cds-WP_001065718.1	DK885_RS00415	
C600_DK885_RS00420	C600_NZ_CP031214.1	82223	83557	1335	+	adeQ	adenine permease AdeQ	C600	cds-WP_001403836.1	DK885_RS00420	
C600_DK885_RS00425	C600_NZ_CP031214.1	83610	84062	453	+	yicN	DUF1198 domain-containing protein	C600	cds-WP_001295241.1	DK885_RS00425	
C600_DK885_RS00435	C600_NZ_CP031214.1	84273	85463	1191	+	nepI	purine ribonucleoside efflux pump NepI	C600	cds-WP_001288549.1	DK885_RS00435	GO:0015860,GO:0015211,GO:0016020
C600_DK885_RS00440	C600_NZ_CP031214.1	85504	85797	294	-	yicS	protein YicS	C600	cds-WP_000805509.1	DK885_RS00440	
C600_DK885_RS00450	C600_NZ_CP031214.1	86019	86837	819	+	nlpA	lipoprotein NlpA	C600	cds-WP_000779426.1	DK885_RS00450	
C600_DK885_RS00455	C600_NZ_CP031214.1	86841	87764	924	-	yicL	carboxylate/amino acid/amine transporter	C600	cds-WP_000535961.1	DK885_RS00455	GO:0016020
C600_DK885_RS00460	C600_NZ_CP031214.1	87875	89059	1185	-	setC	sugar efflux transporter	C600	cds-WP_001172878.1	DK885_RS00460	GO:0008643,GO:0005351,GO:0016020
C600_DK885_RS24315	C600_NZ_CP031214.1	89456	89617	162	-	rhuM	RhuM family protein	C600	cds-DK885_RS24315	DK885_RS24315	
C600_DK885_RS00475	C600_NZ_CP031214.1	90083	91465	1383	+	yicJ	glycoside-pentoside-hexuronide family transporter	C600	cds-WP_000834439.1	DK885_RS00475	GO:0006814,GO:0008643,GO:0015293,GO:0016020
C600_DK885_RS00480	C600_NZ_CP031214.1	91475	93793	2319	+	yicI	alpha-xylosidase	C600	cds-WP_000702898.1	DK885_RS00480	GO:0005975,GO:0004553
C600_DK885_RS00485	C600_NZ_CP031214.1	93846	95555	1710	-	yicH	AsmA family protein	C600	cds-WP_001300954.1	DK885_RS00485	
C600_DK885_RS00490	C600_NZ_CP031214.1	95676	97067	1392	-	xanP	xanthine/proton symporter XanP	C600	cds-WP_001295238.1	DK885_RS00490	
C600_DK885_RS00495	C600_NZ_CP031214.1	97347	98552	1206	+	gltS	sodium/glutamate symporter	C600	cds-WP_000468833.1	DK885_RS00495	GO:0015813,GO:0015501,GO:0016020
C600_DK885_RS00500	C600_NZ_CP031214.1	98721	100802	2082	-	recG	ATP-dependent DNA helicase RecG	C600	cds-WP_000678419.1	DK885_RS00500	GO:0006281,GO:0006310,GO:0003676,GO:0003678,GO:0005524
C600_DK885_RS00505	C600_NZ_CP031214.1	100808	101497	690	-	trmH	tRNA (guanosine(18)-2'-O)-methyltransferase TrmH	C600	cds-WP_001070177.1	DK885_RS00505	GO:0030488,GO:0141100
C600_DK885_RS00510	C600_NZ_CP031214.1	101504	103612	2109	-	spoT	bifunctional GTP diphosphokinase/guanosine-3',5'-bis pyrophosphate 3'-pyrophosphohydrolase	C600	cds-WP_000280488.1	DK885_RS00510	GO:0015969,GO:0008728,GO:0008893
C600_DK885_RS00515	C600_NZ_CP031214.1	103631	103906	276	-	rpoZ	DNA-directed RNA polymerase subunit omega	C600	cds-WP_000135058.1	DK885_RS00515	GO:0006351,GO:0003899
C600_DK885_RS00520	C600_NZ_CP031214.1	103961	104584	624	-	gmk	guanylate kinase	C600	cds-WP_001295237.1	DK885_RS00520	GO:0006163,GO:0004385
C600_DK885_RS00525	C600_NZ_CP031214.1	104842	106524	1683	+	ligB	NAD-dependent DNA ligase LigB	C600	cds-WP_000870036.1	DK885_RS00525	GO:0006260,GO:0006281,GO:0003911
C600_DK885_RS00530	C600_NZ_CP031214.1	106521	107138	618	-	yicG	trimeric intracellular cation channel family protein	C600	cds-WP_000924289.1	DK885_RS00530	GO:0016020
C600_DK885_RS00535	C600_NZ_CP031214.1	107428	108252	825	-	dinD	DNA damage-inducible protein D	C600	cds-WP_001350563.1	DK885_RS00535	
C600_DK885_RS00540	C600_NZ_CP031214.1	108473	109336	864	-	yicC	YicC/YloC family endoribonuclease	C600	cds-WP_000621340.1	DK885_RS00540	GO:0016788
C600_DK885_RS00550	C600_NZ_CP031214.1	109463	110179	717	+	rph	ribonuclease PH	C600	cds-WP_001247096.1	DK885_RS00550	GO:0008033,GO:0000049,GO:0009022
C600_DK885_RS00555	C600_NZ_CP031214.1	110245	110886	642	+	pyrE	orotate phosphoribosyltransferase	C600	cds-WP_000806177.1	DK885_RS00555	GO:0009220,GO:0004588
C600_DK885_RS00560	C600_NZ_CP031214.1	110923	111519	597	-	slmA	nucleoid occlusion factor SlmA	C600	cds-WP_000818601.1	DK885_RS00560	GO:0010974,GO:0003677
C600_DK885_RS00565	C600_NZ_CP031214.1	111626	112084	459	-	dut	dUTP diphosphatase	C600	cds-WP_000976073.1	DK885_RS00565	GO:0006226,GO:0046081,GO:0000287,GO:0004170
C600_DK885_RS00570	C600_NZ_CP031214.1	112062	113282	1221	-	coaBC	bifunctional phosphopantothenoylcysteine decarboxylase/phosphopantothenate--cysteine ligase CoaBC	C600	cds-WP_000050139.1	DK885_RS00570	GO:0015937,GO:0015941,GO:0004632,GO:0004633,GO:0010181
C600_DK885_RS00575	C600_NZ_CP031214.1	113454	114122	669	+	radC	RadC family protein	C600	cds-WP_001350561.1	DK885_RS00575	
C600_DK885_RS00580	C600_NZ_CP031214.1	114339	114575	237	+	rpmB	50S ribosomal protein L28	C600	cds-WP_000091955.1	DK885_RS00580	GO:0006412,GO:0003735,GO:0005840
C600_DK885_RS00585	C600_NZ_CP031214.1	114596	114763	168	+	rpmG	50S ribosomal protein L33	C600	cds-WP_001051798.1	DK885_RS00585	GO:0006412,GO:0003735,GO:0005840
C600_DK885_RS00590	C600_NZ_CP031214.1	114861	115670	810	+	mutM	bifunctional DNA-formamidopyrimidine glycosylase/DNA-(apurinic or apyrimidinic site) lyase	C600	cds-WP_001114543.1	DK885_RS00590	GO:0006281,GO:0006284,GO:0003676,GO:0003684,GO:0003906,GO:0008270,GO:0008534,GO:0016799,GO:0019104
C600_DK885_RS00595	C600_NZ_CP031214.1	115709	116188	480	-	coaD	pantetheine-phosphate adenylyltransferase	C600	cds-WP_001171866.1	DK885_RS00595	GO:0015937,GO:0004595
C600_DK885_RS00600	C600_NZ_CP031214.1	116196	117473	1278	-	waaA	lipid IV(A) 3-deoxy-D-manno-octulosonic acid transferase	C600	cds-WP_000891564.1	DK885_RS00600	GO:0016740
C600_DK885_RS00605	C600_NZ_CP031214.1	117879	118949	1071	+	rfaQ	lipopolysaccharide core heptosyltransferase RfaQ	C600	cds-WP_001350560.1	DK885_RS00605	GO:0016757
C600_DK885_RS00610	C600_NZ_CP031214.1	118946	120070	1125	+	rfaG	lipopolysaccharide glucosyltransferase I	C600	cds-WP_000634283.1	DK885_RS00610	
C600_DK885_RS00615	C600_NZ_CP031214.1	120063	120860	798	+	rfaP	lipopolysaccharide core heptose(I) kinase RfaP	C600	cds-WP_000229840.1	DK885_RS00615	GO:0009103,GO:0016301
C600_DK885_RS00620	C600_NZ_CP031214.1	120897	121832	936	+	rfaS	LPS core biosynthesis protein RfaS	C600	cds-WP_000158225.1	DK885_RS00620	
C600_DK885_RS00625	C600_NZ_CP031214.1	121876	122955	1080	+	waaB	lipopolysaccharide 1,6-galactosyltransferase	C600	cds-WP_000683964.1	DK885_RS00625	
C600_DK885_RS00630	C600_NZ_CP031214.1	122955	123974	1020	+	waaO	lipopolysaccharide 3-alpha-galactosyltransferase	C600	cds-WP_001188013.1	DK885_RS00630	GO:0009103,GO:0008918
C600_DK885_RS00635	C600_NZ_CP031214.1	124014	125030	1017	+	rfaJ	lipopolysaccharide 1,2-glucosyltransferase RfaJ	C600	cds-WP_000376841.1	DK885_RS00635	
C600_DK885_RS00640	C600_NZ_CP031214.1	125048	125746	699	+	rfaY	lipopolysaccharide core heptose(II) kinase RfaY	C600	cds-WP_000615254.1	DK885_RS00640	
C600_DK885_RS00645	C600_NZ_CP031214.1	125817	126668	852	+	waaZ	3-deoxy-D-manno-oct-2-ulosonate III transferase WaaZ	C600	cds-WP_000790279.1	DK885_RS00645	
C600_DK885_RS00650	C600_NZ_CP031214.1	126701	127774	1074	+	waaU	glycosyltransferase family 9 protein	C600	cds-WP_001236433.1	DK885_RS00650	GO:0016757
C600_DK885_RS00655	C600_NZ_CP031214.1	127806	129065	1260	-	waaL	O-antigen ligase	C600	cds-WP_001395405.1	DK885_RS00655	
C600_DK885_RS00660	C600_NZ_CP031214.1	129075	130034	960	-	rfaC	lipopolysaccharide heptosyltransferase RfaC	C600	cds-WP_001264584.1	DK885_RS00660	GO:0009244,GO:0008920
C600_DK885_RS00665	C600_NZ_CP031214.1	130038	131084	1047	-	rfaF	ADP-heptose--LPS heptosyltransferase RfaF	C600	cds-WP_000699219.1	DK885_RS00665	GO:0009103,GO:0016757
C600_DK885_RS00670	C600_NZ_CP031214.1	131094	132026	933	-	rfaD	ADP-glyceromanno-heptose 6-epimerase	C600	cds-WP_000587764.1	DK885_RS00670	GO:0005975,GO:0008712
C600_DK885_RS00675	C600_NZ_CP031214.1	132330	133187	858	+	yibB	protein YibB	C600	cds-WP_000842820.1	DK885_RS00675	
C600_DK885_RS00680	C600_NZ_CP031214.1	133462	134658	1197	+	kbl	glycine C-acetyltransferase	C600	cds-WP_001213834.1	DK885_RS00680	GO:0006567,GO:0008890
C600_DK885_RS00685	C600_NZ_CP031214.1	134668	135693	1026	+	tdh	L-threonine 3-dehydrogenase	C600	cds-WP_000646007.1	DK885_RS00685	GO:0006567,GO:0008743
C600_DK885_RS00690	C600_NZ_CP031214.1	135932	136966	1035	+	waaH	UDP-glucuronate:LPS(HepIII) glycosyltransferase	C600	cds-WP_000982115.1	DK885_RS00690	
C600_DK885_RS00695	C600_NZ_CP031214.1	136953	137912	960	-	yibQ	divergent polysaccharide deacetylase family protein	C600	cds-WP_000483847.1	DK885_RS00695	GO:0005975,GO:0016810
C600_DK885_RS00700	C600_NZ_CP031214.1	137916	139175	1260	-	envC	murein hydrolase activator EnvC	C600	cds-WP_000196256.1	DK885_RS00700	
C600_DK885_RS00705	C600_NZ_CP031214.1	139209	140753	1545	-	gpmM	2,3-bisphosphoglycerate-independent phosphoglycerate mutase	C600	cds-WP_001350558.1	DK885_RS00705	GO:0006007,GO:0004619
C600_DK885_RS00715	C600_NZ_CP031214.1	140998	141429	432	+	yibN	rhodanese-like domain-containing protein	C600	cds-WP_001156181.1	DK885_RS00715	
C600_DK885_RS00720	C600_NZ_CP031214.1	141571	141822	252	+	grxC	glutaredoxin 3	C600	cds-WP_000024392.1	DK885_RS00720	
C600_DK885_RS00725	C600_NZ_CP031214.1	141885	142352	468	+	secB	protein-export chaperone SecB	C600	cds-WP_000003377.1	DK885_RS00725	
C600_DK885_RS00730	C600_NZ_CP031214.1	142352	143371	1020	+	gpsA	NAD(P)H-dependent glycerol-3-phosphate dehydrogenase	C600	cds-WP_001076194.1	DK885_RS00730	GO:0006072,GO:0047952
C600_DK885_RS00735	C600_NZ_CP031214.1	143451	144272	822	+	cysE	serine O-acetyltransferase	C600	cds-WP_001277561.1	DK885_RS00735	GO:0006535,GO:0009001
C600_DK885_RS00740	C600_NZ_CP031214.1	144325	144798	474	-	trmL	tRNA (uridine(34)/cytosine(34)/5-carboxymethylaminomethyluridine(34)-2'-O)-methyltransferase TrmL	C600	cds-WP_000932347.1	DK885_RS00740	GO:0001510,GO:0008173
C600_DK885_RS00745	C600_NZ_CP031214.1	144996	146186	1191	-	lldD	quinone-dependent L-lactate dehydrogenase	C600	cds-WP_000586962.1	DK885_RS00745	
C600_DK885_RS00750	C600_NZ_CP031214.1	146183	146959	777	-	lldR	transcriptional regulator LldR	C600	cds-WP_000636500.1	DK885_RS00750	GO:0006355,GO:0003700
C600_DK885_RS00755	C600_NZ_CP031214.1	146959	148614	1656	-	lldP	L-lactate permease	C600	cds-WP_001295233.1	DK885_RS00755	GO:0015727,GO:0015129,GO:0005886
C600_DK885_RS00765	C600_NZ_CP031214.1	148986	149348	363	-	yibL	YibL family ribosome-associated protein	C600	cds-WP_000665680.1	DK885_RS00765	
C600_DK885_RS00770	C600_NZ_CP031214.1	149633	149842	210	+	yibT	protein YibT	C600	cds-WP_000517100.1	DK885_RS00770	
C600_DK885_RS00775	C600_NZ_CP031214.1	149854	150441	588	-	mtlR	mannitol operon repressor MtlR	C600	cds-WP_000228269.1	DK885_RS00775	
C600_DK885_RS00780	C600_NZ_CP031214.1	150441	151589	1149	-	mtlD	mannitol-1-phosphate 5-dehydrogenase	C600	cds-WP_000645439.1	DK885_RS00780	GO:0019594,GO:0008926
C600_DK885_RS00785	C600_NZ_CP031214.1	151819	153732	1914	-	mtlA	PTS mannitol transporter subunit IICBA	C600	cds-WP_000093247.1	DK885_RS00785	
C600_DK885_RS00790	C600_NZ_CP031214.1	154269	154631	363	+	yibI	DUF3302 domain-containing protein	C600	cds-WP_000479624.1	DK885_RS00790	
C600_DK885_RS00795	C600_NZ_CP031214.1	154634	155770	1137	+	yibH	HlyD family secretion protein	C600	cds-WP_000364939.1	DK885_RS00795	
C600_DK885_RS24320	C600_NZ_CP031214.1	156230	156751	522	-	Imm57 family immunity protein	Imm57 family immunity protein	C600	cds-DK885_RS24320	DK885_RS24320	
C600_DK885_RS24600	C600_NZ_CP031214.1	157123	157341	219	-	RHS repeat-associated core domain-containing protein	RHS repeat-associated core domain-containing protein	C600	cds-DK885_RS24600	DK885_RS24600	
C600_DK885_RS00815	C600_NZ_CP031214.1	157375	157836	462	-	yibG	sel1 repeat family protein	C600	cds-WP_000642478.1	DK885_RS00815	
C600_DK885_RS23810	C600_NZ_CP031214.1	157848	158804	957	-	RHS repeat-associated core domain-containing protein	RHS repeat-associated core domain-containing protein	C600	cds-DK885_RS23810	DK885_RS23810	
C600_DK885_RS00825	C600_NZ_CP031214.1	158834	159676	843	-	yibA	HEAT repeat domain-containing protein	C600	cds-WP_000072850.1	DK885_RS00825	
C600_DK885_RS00830	C600_NZ_CP031214.1	159697	163830	4134	-	WP_000015300.1	RHS element protein RhsA	C600	cds-WP_000015300.1	DK885_RS00830	
C600_DK885_RS00835	C600_NZ_CP031214.1	164058	164666	609	+	yibF	glutathione S-transferase	C600	cds-WP_000779792.1	DK885_RS00835	GO:0006749,GO:0005515
C600_DK885_RS00840	C600_NZ_CP031214.1	164764	166155	1392	+	selA	L-seryl-tRNA(Sec) selenium transferase	C600	cds-WP_000206275.1	DK885_RS00840	GO:0001514,GO:0004125,GO:0005737
C600_DK885_RS00845	C600_NZ_CP031214.1	166152	167996	1845	+	selB	selenocysteine-specific translation elongation factor	C600	cds-WP_000582468.1	DK885_RS00845	GO:0001514,GO:0003723,GO:0003746,GO:0003924,GO:0005525,GO:0005737
C600_DK885_RS00850	C600_NZ_CP031214.1	168186	169337	1152	+	yiaY	L-threonine dehydrogenase	C600	cds-WP_000741518.1	DK885_RS00850	GO:0016491
C600_DK885_RS00855	C600_NZ_CP031214.1	169502	171040	1539	+	aldB	aldehyde dehydrogenase AldB	C600	cds-WP_000183980.1	DK885_RS00855	
C600_DK885_RS00865	C600_NZ_CP031214.1	171259	171402	144	-	WP_001066080.1	hypothetical protein	C600	cds-WP_001066080.1	DK885_RS00865	
C600_DK885_RS00870	C600_NZ_CP031214.1	171585	171908	324	+	yiaW	DUF3302 domain-containing protein	C600	cds-WP_000478195.1	DK885_RS00870	
C600_DK885_RS00875	C600_NZ_CP031214.1	171914	173050	1137	+	yiaV	HlyD family secretion protein	C600	cds-WP_000364884.1	DK885_RS00875	
C600_DK885_RS00880	C600_NZ_CP031214.1	173047	174021	975	-	yiaU	LysR family transcriptional regulator	C600	cds-WP_000164036.1	DK885_RS00880	GO:0006355,GO:0003677,GO:0003700
C600_DK885_RS00885	C600_NZ_CP031214.1	174145	174885	741	+	yiaT	MipA/OmpV family protein	C600	cds-WP_000906819.1	DK885_RS00885	GO:0009252,GO:0030674,GO:0009279
C600_DK885_RS00890	C600_NZ_CP031214.1	174907	175095	189	-	hypothetical protein	hypothetical protein	C600	cds-DK885_RS00890	DK885_RS00890	
C600_DK885_RS24095	C600_NZ_CP031214.1	175099	175200	102	+	AraC family transcriptional regulator	AraC family transcriptional regulator	C600	cds-DK885_RS24095	DK885_RS24095	
C600_DK885_RS00895	C600_NZ_CP031214.1	175232	175927	696	-	araD	L-ribulose-5-phosphate 4-epimerase	C600	cds-WP_000893142.1	DK885_RS00895	GO:0019568,GO:0008270,GO:0008742
C600_DK885_RS00900	C600_NZ_CP031214.1	175921	176781	861	-	sgbU	L-ribulose-5-phosphate 3-epimerase	C600	cds-WP_001350555.1	DK885_RS00900	GO:0005975,GO:0016861
C600_DK885_RS00905	C600_NZ_CP031214.1	176774	177436	663	-	ulaD	3-keto-L-gulonate-6-phosphate decarboxylase UlaD	C600	cds-WP_000089481.1	DK885_RS00905	
C600_DK885_RS00910	C600_NZ_CP031214.1	177433	178929	1497	-	lyxK	L-xylulokinase	C600	cds-WP_000196054.1	DK885_RS00910	
C600_DK885_RS00915	C600_NZ_CP031214.1	178933	179919	987	-	yiaO	2,3-diketo-L-gulonate TRAP transporter substrate-binding protein YiaO	C600	cds-WP_000776887.1	DK885_RS00915	
C600_DK885_RS00920	C600_NZ_CP031214.1	179932	181209	1278	-	yiaN	2,3-diketo-L-gulonate TRAP transporter large permease YiaN	C600	cds-WP_000279599.1	DK885_RS00920	GO:0031317
C600_DK885_RS00925	C600_NZ_CP031214.1	181212	181685	474	-	yiaM	2,3-diketo-L-gulonate TRAP transporter small permease YiaM	C600	cds-WP_000721664.1	DK885_RS00925	GO:0031317
C600_DK885_RS00930	C600_NZ_CP031214.1	181803	182270	468	-	yiaL	YhcH/YjgK/YiaL family protein	C600	cds-WP_000576079.1	DK885_RS00930	
C600_DK885_RS00935	C600_NZ_CP031214.1	182282	183280	999	-	yiaK	3-dehydro-L-gulonate 2-dehydrogenase	C600	cds-WP_000869037.1	DK885_RS00935	GO:0047559,GO:0070403
C600_DK885_RS00940	C600_NZ_CP031214.1	183481	184329	849	+	yiaJ	IclR family transcriptional regulator YiaJ	C600	cds-WP_000514240.1	DK885_RS00940	
C600_DK885_RS00945	C600_NZ_CP031214.1	184431	184904	474	+	ysaA	4Fe-4S dicluster domain-containing protein	C600	cds-WP_001300918.1	DK885_RS00945	
C600_DK885_RS00950	C600_NZ_CP031214.1	185055	186308	1254	-	avtA	valine--pyruvate transaminase	C600	cds-WP_000144363.1	DK885_RS00950	
C600_DK885_RS00955	C600_NZ_CP031214.1	186486	188516	2031	-	malS	alpha-amylase	C600	cds-WP_000761225.1	DK885_RS00955	GO:0004556
C600_DK885_RS00960	C600_NZ_CP031214.1	188836	189660	825	+	bax	protein bax	C600	cds-WP_001297957.1	DK885_RS00960	
C600_DK885_RS00965	C600_NZ_CP031214.1	189856	191034	1179	-	xylR	D-xylose utilization transcriptional activator XylR	C600	cds-WP_000494484.1	DK885_RS00965	
C600_DK885_RS00970	C600_NZ_CP031214.1	191112	192293	1182	-	xylH	xylose ABC transporter permease XylH	C600	cds-WP_000045978.1	DK885_RS00970	
C600_DK885_RS00975	C600_NZ_CP031214.1	192271	193812	1542	-	xylG	D-xylose ABC transporter ATP-binding protein	C600	cds-WP_001146473.1	DK885_RS00975	GO:0015753,GO:0005524,GO:0015614,GO:0016020
C600_DK885_RS00980	C600_NZ_CP031214.1	193890	194882	993	-	xylF	D-xylose ABC transporter substrate-binding protein	C600	cds-WP_000694881.1	DK885_RS00980	GO:0015753
C600_DK885_RS00985	C600_NZ_CP031214.1	195248	196570	1323	+	xylA	xylose isomerase	C600	cds-WP_001149591.1	DK885_RS00985	GO:0042732,GO:0009045
C600_DK885_RS00990	C600_NZ_CP031214.1	196642	198096	1455	+	xylB	xylulokinase	C600	cds-WP_000275334.1	DK885_RS00990	GO:0005997,GO:0004856
C600_DK885_RS00995	C600_NZ_CP031214.1	198265	198606	342	+	yiaB	inner membrane protein YiaB	C600	cds-WP_001295228.1	DK885_RS00995	
C600_DK885_RS01000	C600_NZ_CP031214.1	198652	199089	438	+	yiaA	inner membrane protein YiaA	C600	cds-WP_001296808.1	DK885_RS01000	
C600_DK885_RS01005	C600_NZ_CP031214.1	199131	200126	996	-	wecH	O-acetyltransferase WecH	C600	cds-WP_001182650.1	DK885_RS01005	
C600_DK885_RS01010	C600_NZ_CP031214.1	200301	200600	300	+	ysaB	YsaB family lipoprotein	C600	cds-WP_000980107.1	DK885_RS01010	
C600_DK885_RS01015	C600_NZ_CP031214.1	200695	201606	912	+	glyQ	glycine--tRNA ligase subunit alpha	C600	cds-WP_001168544.1	DK885_RS01015	GO:0006426,GO:0000166,GO:0004820,GO:0005524,GO:0005737
C600_DK885_RS01020	C600_NZ_CP031214.1	201616	203685	2070	+	glyS	glycine--tRNA ligase subunit beta	C600	cds-WP_001291772.1	DK885_RS01020	GO:0006426,GO:0000166,GO:0004820,GO:0005524,GO:0005737
C600_DK885_RS01025	C600_NZ_CP031214.1	203964	205333	1370	-	WP_085947770.1	IS3-like element IS150 family transposase	C600	cds-WP_085947770.1	DK885_RS01025	GO:0006313,GO:0004803
C600_DK885_RS01030	C600_NZ_CP031214.1	205413	205565	153	+	hokA	type I toxin-antitoxin system toxin HokA	C600	cds-WP_001135732.1	DK885_RS01030	
C600_DK885_RS24180	C600_NZ_CP031214.1	205542	205613	72	-	ysaE	protein YsaE	C600	cds-WP_211180513.1	DK885_RS24180	
C600_DK885_RS01035	C600_NZ_CP031214.1	205752	205964	213	-	cspE	transcription antiterminator/RNA stability regulator CspE	C600	cds-WP_000014594.1	DK885_RS01035	GO:0031564,GO:0001072,GO:0003697,GO:0003723
C600_DK885_RS01040	C600_NZ_CP031214.1	206245	206535	291	-	yiaG	HTH-type transcriptional regulator	C600	cds-WP_000455798.1	DK885_RS01040	
C600_DK885_RS01045	C600_NZ_CP031214.1	206969	207679	711	+	yiaF	DUF3053 domain-containing protein	C600	cds-WP_000190516.1	DK885_RS01045	
C600_DK885_RS01050	C600_NZ_CP031214.1	207729	208703	975	-	ghrB	glyoxylate/hydroxypyruvate reductase GhrB	C600	cds-WP_000805038.1	DK885_RS01050	GO:0016616,GO:0051287
C600_DK885_RS01055	C600_NZ_CP031214.1	208807	209466	660	-	yiaD	OmpA family lipoprotein	C600	cds-WP_000747625.1	DK885_RS01055	GO:0009279
C600_DK885_RS01060	C600_NZ_CP031214.1	209619	211952	2334	+	bisC	biotin sulfoxide reductase	C600	cds-WP_000013950.1	DK885_RS01060	
C600_DK885_RS01065	C600_NZ_CP031214.1	211921	212361	441	-	yiaC	N-acetyltransferase	C600	cds-WP_000617473.1	DK885_RS01065	GO:0008080
C600_DK885_RS01070	C600_NZ_CP031214.1	212358	212921	564	-	tag	DNA-3-methyladenine glycosylase I	C600	cds-WP_000438957.1	DK885_RS01070	
C600_DK885_RS01075	C600_NZ_CP031214.1	213079	213777	699	+	yhjY	autotransporter outer membrane beta-barrel domain-containing protein	C600	cds-WP_001299523.1	DK885_RS01075	
C600_DK885_RS01085	C600_NZ_CP031214.1	214006	215214	1209	+	yhjX	L-lactate MFS transporter	C600	cds-WP_000189019.1	DK885_RS01085	GO:0015129
C600_DK885_RS01090	C600_NZ_CP031214.1	215538	217229	1692	+	eptB	kdo(2)-lipid A phosphoethanolamine 7''-transferase	C600	cds-WP_001269197.1	DK885_RS01090	GO:0008484
C600_DK885_RS01110	C600_NZ_CP031214.1	218308	219915	1608	+	dppA	dipeptide ABC transporter substrate-binding protein DppA	C600	cds-WP_001222883.1	DK885_RS01110	
C600_DK885_RS01115	C600_NZ_CP031214.1	220223	221242	1020	+	dppB	dipeptide ABC transporter permease DppB	C600	cds-WP_000938855.1	DK885_RS01115	
C600_DK885_RS01120	C600_NZ_CP031214.1	221252	222154	903	+	dppC	dipeptide ABC transporter permease DppC	C600	cds-WP_000084677.1	DK885_RS01120	GO:0055085
C600_DK885_RS01125	C600_NZ_CP031214.1	222165	223148	984	+	dppD	dipeptide ABC transporter ATP-binding protein	C600	cds-WP_001196486.1	DK885_RS01125	GO:0015833,GO:0000166,GO:0005524
C600_DK885_RS01130	C600_NZ_CP031214.1	223145	224149	1005	+	dppF	dipeptide ABC transporter ATP-binding subunit DppF	C600	cds-WP_000107012.1	DK885_RS01130	
C600_DK885_RS01135	C600_NZ_CP031214.1	224179	225450	1272	-	yhjV	aromatic amino acid transport family protein	C600	cds-WP_001295225.1	DK885_RS01135	GO:0003333
C600_DK885_RS01150	C600_NZ_CP031214.1	225926	226033	108	+	ldrD	type I toxin-antitoxin system toxic polypeptide LdrD	C600	cds-WP_000141634.1	DK885_RS01150	
C600_DK885_RS01155	C600_NZ_CP031214.1	226120	227799	1680	-	bcsG	cellulose biosynthesis protein BcsG	C600	cds-WP_000191622.1	DK885_RS01155	GO:0030244
C600_DK885_RS01160	C600_NZ_CP031214.1	227796	227987	192	-	bcsF	cellulose biosynthesis protein BcsF	C600	cds-WP_000988308.1	DK885_RS01160	GO:0052324
C600_DK885_RS01165	C600_NZ_CP031214.1	227984	229555	1572	-	bcsE	cellulose biosynthesis c-di-GMP-binding protein BcsE	C600	cds-WP_001204931.1	DK885_RS01165	GO:0035438
C600_DK885_RS01170	C600_NZ_CP031214.1	229828	230016	189	+	bcsR	cellulose biosynthesis protein BcsR	C600	cds-WP_001063318.1	DK885_RS01170	
C600_DK885_RS01175	C600_NZ_CP031214.1	230052	230780	729	+	bcsQ	cellulose biosynthesis protein BcsQ	C600	cds-WP_011310329.1	DK885_RS01175	
C600_DK885_RS01180	C600_NZ_CP031214.1	230777	233395	2619	+	bcsA	UDP-forming cellulose synthase catalytic subunit	C600	cds-WP_000025892.1	DK885_RS01180	GO:0006011,GO:0030244,GO:0016760,GO:0035438,GO:0016020
C600_DK885_RS01185	C600_NZ_CP031214.1	233406	235745	2340	+	bcsB	cellulose biosynthesis cyclic di-GMP-binding regulatory protein BcsB	C600	cds-WP_001407405.1	DK885_RS01185	
C600_DK885_RS01190	C600_NZ_CP031214.1	235752	236858	1107	+	bcsZ	cellulose synthase complex periplasmic endoglucanase BcsZ	C600	cds-WP_001311203.1	DK885_RS01190	GO:0005975,GO:0004553
C600_DK885_RS01195	C600_NZ_CP031214.1	236840	240313	3474	+	bcsC	cellulose synthase complex outer membrane protein BcsC	C600	cds-WP_001225124.1	DK885_RS01195	GO:0030244,GO:0005515,GO:0019867
C600_DK885_RS01200	C600_NZ_CP031214.1	240395	242383	1989	+	hmsP	biofilm formation regulator HmsP	C600	cds-WP_001266293.1	DK885_RS01200	GO:0007165
C600_DK885_RS01210	C600_NZ_CP031214.1	242566	243852	1287	+	dctA	C4-dicarboxylate transporter DctC	C600	cds-WP_000858214.1	DK885_RS01210	
C600_DK885_RS01215	C600_NZ_CP031214.1	244073	245569	1497	+	yhjJ	M16 family metallopeptidase	C600	cds-WP_001163141.1	DK885_RS01215	GO:0008237,GO:0046872
C600_DK885_RS01220	C600_NZ_CP031214.1	245665	246594	930	-	kdgK	2-dehydro-3-deoxygluconokinase	C600	cds-WP_000037562.1	DK885_RS01220	
C600_DK885_RS01230	C600_NZ_CP031214.1	246826	247593	768	+	pdeH	cyclic-guanylate-specific phosphodiesterase	C600	cds-WP_001295219.1	DK885_RS01230	
C600_DK885_RS01235	C600_NZ_CP031214.1	247663	249723	2061	+	yhjG	AsmA family protein	C600	cds-WP_001296794.1	DK885_RS01235	
C600_DK885_RS01240	C600_NZ_CP031214.1	249905	251227	1323	-	yhjE	MFS transporter	C600	cds-WP_001149003.1	DK885_RS01240	GO:0055085,GO:0022857,GO:0016020
C600_DK885_RS01245	C600_NZ_CP031214.1	251638	252651	1014	-	yhjD	inner membrane protein YhjD	C600	cds-WP_000191237.1	DK885_RS01245	
C600_DK885_RS01250	C600_NZ_CP031214.1	252700	253599	900	-	rcdB	LysR family transcriptional regulator	C600	cds-WP_000357790.1	DK885_RS01250	GO:0006355,GO:0003677,GO:0003700
C600_DK885_RS01255	C600_NZ_CP031214.1	254119	254721	603	+	yhjB	helix-turn-helix transcriptional regulator	C600	cds-WP_001167676.1	DK885_RS01255	GO:0000160,GO:0006355,GO:0003677
C600_DK885_RS01260	C600_NZ_CP031214.1	254772	256421	1650	-	treF	alpha,alpha-trehalase	C600	cds-WP_000934216.1	DK885_RS01260	GO:0005993,GO:0004555
C600_DK885_RS01265	C600_NZ_CP031214.1	256825	258222	1398	+	ccp	cytochrome c peroxidase	C600	cds-WP_000784827.1	DK885_RS01265	
C600_DK885_RS01270	C600_NZ_CP031214.1	258433	259833	1401	+	gadA	glutamate decarboxylase	C600	cds-WP_000372240.1	DK885_RS01270	GO:0006540,GO:0004351,GO:0030170
C600_DK885_RS01275	C600_NZ_CP031214.1	260203	261027	825	+	gadX	acid resistance transcriptional activator GadX	C600	cds-WP_001191059.1	DK885_RS01275	
C600_DK885_RS01280	C600_NZ_CP031214.1	261395	262123	729	+	gadW	acid resistance transcriptional activator GadW	C600	cds-WP_000149999.1	DK885_RS01280	
C600_DK885_RS01290	C600_NZ_CP031214.1	262486	265599	3114	-	mdtF	multidrug efflux pump RND permease MdtF	C600	cds-WP_000024872.1	DK885_RS01290	
C600_DK885_RS01295	C600_NZ_CP031214.1	265624	266733	1110	-	mdtE	multidrug transporter subunit MdtE	C600	cds-WP_001340474.1	DK885_RS01295	
C600_DK885_RS01300	C600_NZ_CP031214.1	266841	267119	279	+	WP_001205329.1	hypothetical protein	C600	cds-WP_001205329.1	DK885_RS01300	
C600_DK885_RS01305	C600_NZ_CP031214.1	267120	267647	528	-	gadE	acid resistance transcriptional activator GadE	C600	cds-WP_000576690.1	DK885_RS01305	
C600_DK885_RS01310	C600_NZ_CP031214.1	268446	269018	573	-	hdeD	acid-resistance protein HdeD	C600	cds-WP_000965672.1	DK885_RS01310	
C600_DK885_RS01315	C600_NZ_CP031214.1	269273	269605	333	+	hdeA	acid-activated periplasmic chaperone HdeA	C600	cds-WP_000756550.1	DK885_RS01315	
C600_DK885_RS01320	C600_NZ_CP031214.1	269721	270047	327	+	hdeB	acid-activated periplasmic chaperone HdeB	C600	cds-WP_001298717.1	DK885_RS01320	
C600_DK885_RS01325	C600_NZ_CP031214.1	270111	270758	648	+	yhiD	MgtC/SapB family protein	C600	cds-WP_001296814.1	DK885_RS01325	
C600_DK885_RS01330	C600_NZ_CP031214.1	270800	271330	531	-	dctR	helix-turn-helix transcriptional regulator	C600	cds-WP_000478619.1	DK885_RS01330	GO:0006355,GO:0003677,GO:0003700
C600_DK885_RS01340	C600_NZ_CP031214.1	271486	272052	567	-	slp	outer membrane lipoprotein Slp	C600	cds-WP_001350553.1	DK885_RS01340	
C600_DK885_RS01345	C600_NZ_CP031214.1	272407	272785	379	-	hypothetical protein	hypothetical protein	C600	cds-DK885_RS01345	DK885_RS01345	
C600_DK885_RS01350	C600_NZ_CP031214.1	272851	273831	981	+	WP_000019403.1	IS5-like element IS5 family transposase	C600	cds-WP_000019403.1	DK885_RS01350	GO:0006313,GO:0004803
C600_DK885_RS01355	C600_NZ_CP031214.1	273976	274722	747	-	hypothetical protein	hypothetical protein	C600	cds-DK885_RS01355	DK885_RS01355	
C600_DK885_RS01360	C600_NZ_CP031214.1	275351	275776	426	-	arsC	glutaredoxin-dependent arsenate reductase	C600	cds-WP_000065769.1	DK885_RS01360	GO:0008794
C600_DK885_RS01365	C600_NZ_CP031214.1	275789	277078	1290	-	arsB	arsenite/antimonite:H(+) antiporter ArsB	C600	cds-WP_000922639.1	DK885_RS01365	
C600_DK885_RS01370	C600_NZ_CP031214.1	277132	277485	354	-	arsR	As(III)-sensing metalloregulatory transcriptional repressor ArsR	C600	cds-WP_000008957.1	DK885_RS01370	
C600_DK885_RS01380	C600_NZ_CP031214.1	278225	278308	84	+	dinQ	damage-inducible type I toxin DinQ	C600	cds-WP_001295215.1	DK885_RS01380	
C600_DK885_RS01385	C600_NZ_CP031214.1	278362	279714	1353	-	gorA	glutathione-disulfide reductase	C600	cds-WP_000160816.1	DK885_RS01385	GO:0006749,GO:0045454,GO:0004362,GO:0050660,GO:0050661
C600_DK885_RS01390	C600_NZ_CP031214.1	279786	280628	843	-	rlmJ	23S rRNA (adenine(2030)-N(6))-methyltransferase	C600	cds-WP_001300574.1	DK885_RS01390	
C600_DK885_RS01395	C600_NZ_CP031214.1	280831	282873	2043	+	prlC	oligopeptidase A	C600	cds-WP_001298719.1	DK885_RS01395	GO:0006508,GO:0004222
C600_DK885_RS01400	C600_NZ_CP031214.1	282881	283633	753	+	rsmJ	16S rRNA (guanine(1516)-N(2))-methyltransferase RsmJ	C600	cds-WP_000686620.1	DK885_RS01400	GO:0031167,GO:0008990
C600_DK885_RS01405	C600_NZ_CP031214.1	283682	285151	1470	-	dtpB	dipeptide/tripeptide permease DtpB	C600	cds-WP_001098652.1	DK885_RS01405	
C600_DK885_RS24325	C600_NZ_CP031214.1	285317	285370	54	+	WP_211180512.1	protein YriB	C600	cds-WP_211180512.1	DK885_RS24325	
C600_DK885_RS24185	C600_NZ_CP031214.1	285348	285401	54	+	WP_223200729.1	hypothetical protein	C600	cds-WP_223200729.1	DK885_RS24185	
C600_DK885_RS01415	C600_NZ_CP031214.1	285468	285902	435	-	uspA	universal stress protein UspA	C600	cds-WP_000323571.1	DK885_RS01415	
C600_DK885_RS01420	C600_NZ_CP031214.1	286293	286628	336	+	uspB	universal stress protein UspB	C600	cds-WP_000626187.1	DK885_RS01420	
C600_DK885_RS01425	C600_NZ_CP031214.1	286872	288371	1500	-	pitA	inorganic phosphate transporter PitA	C600	cds-WP_000902780.1	DK885_RS01425	GO:0006817,GO:0016020
C600_DK885_RS01430	C600_NZ_CP031214.1	288603	289805	1203	+	yhiN	NAD(P)/FAD-dependent oxidoreductase	C600	cds-WP_000439170.1	DK885_RS01430	GO:0050660,GO:0050661
C600_DK885_RS01435	C600_NZ_CP031214.1	290120	291172	1053	-	yhiM	DUF2776 domain-containing protein	C600	cds-WP_001028905.1	DK885_RS01435	
C600_DK885_RS01445	C600_NZ_CP031214.1	291555	293161	1607	+	YhiJ/YhiL family protein	YhiJ/YhiL family protein	C600	cds-DK885_RS01445	DK885_RS01445	
C600_DK885_RS01450	C600_NZ_CP031214.1	293423	295045	1623	+	WP_001393583.1	YhiJ/YhiL family protein	C600	cds-WP_001393583.1	DK885_RS01450	
C600_DK885_RS24190	C600_NZ_CP031214.1	295235	295348	114	+	yhiY	protein YhiY	C600	cds-WP_001296785.1	DK885_RS24190	
C600_DK885_RS01455	C600_NZ_CP031214.1	295411	296478	1068	+	yhiI	HlyD family secretion protein	C600	cds-WP_000361477.1	DK885_RS01455	GO:0055085,GO:0022857,GO:0016020
C600_DK885_RS01460	C600_NZ_CP031214.1	296475	299210	2736	+	rbbA	ribosome-associated ATPase/putative transporter RbbA	C600	cds-WP_000149156.1	DK885_RS01460	
C600_DK885_RS01465	C600_NZ_CP031214.1	299210	300334	1125	+	yhhJ	ABC transporter permease	C600	cds-WP_001216257.1	DK885_RS01465	GO:0140359,GO:0016020
C600_DK885_RS01470	C600_NZ_CP031214.1	300499	301635	1137	-	yhhI	ISAs1-like element ISEc1 family transposase	C600	cds-WP_000420980.1	DK885_RS01470	GO:0006313,GO:0004803
C600_DK885_RS01475	C600_NZ_CP031214.1	301776	302126	351	-	HEAT repeat domain-containing protein	HEAT repeat domain-containing protein	C600	cds-DK885_RS01475	DK885_RS01475	
C600_DK885_RS01480	C600_NZ_CP031214.1	302231	302614	384	-	yhhH	protein YhhH	C600	cds-WP_001271686.1	DK885_RS01480	
C600_DK885_RS01485	C600_NZ_CP031214.1	302586	306821	4236	-	rhsB	rhs element protein RhsB	C600	cds-WP_000015298.1	DK885_RS01485	
C600_DK885_RS01490	C600_NZ_CP031214.1	307024	307425	402	-	nikR	nickel-responsive transcriptional regulator NikR	C600	cds-WP_001190062.1	DK885_RS01490	GO:0006355,GO:0010045,GO:0003677,GO:0016151
C600_DK885_RS01495	C600_NZ_CP031214.1	307431	308237	807	-	nikE	nickel import ATP-binding protein NikE	C600	cds-WP_000173631.1	DK885_RS01495	GO:0015675,GO:0005524,GO:0015413,GO:0005886,GO:0043190
C600_DK885_RS01500	C600_NZ_CP031214.1	308234	308998	765	-	nikD	nickel import ATP-binding protein NikD	C600	cds-WP_001136229.1	DK885_RS01500	GO:0015675,GO:0015413,GO:0016151,GO:0005886,GO:0043190
C600_DK885_RS01505	C600_NZ_CP031214.1	308998	309831	834	-	nikC	nickel ABC transporter permease subunit NikC	C600	cds-WP_001008963.1	DK885_RS01505	GO:0055085,GO:0015099,GO:0016020
C600_DK885_RS01510	C600_NZ_CP031214.1	309828	310772	945	-	nikB	nickel ABC transporter permease subunit NikB	C600	cds-WP_000947068.1	DK885_RS01510	
C600_DK885_RS01515	C600_NZ_CP031214.1	310772	312346	1575	-	nikA	nickel ABC transporter substrate-binding protein	C600	cds-WP_000953361.1	DK885_RS01515	GO:0015675,GO:0015413,GO:0016151,GO:0009897,GO:0030288,GO:0055052
C600_DK885_RS01520	C600_NZ_CP031214.1	312457	313044	588	-	acpT	4'-phosphopantetheinyl transferase AcpT	C600	cds-WP_000285774.1	DK885_RS01520	
C600_DK885_RS01525	C600_NZ_CP031214.1	313099	314148	1050	-	yhhT	AI-2E family transporter	C600	cds-WP_001300885.1	DK885_RS01525	
C600_DK885_RS01530	C600_NZ_CP031214.1	314280	315497	1218	+	yhhS	MFS transporter	C600	cds-WP_001300943.1	DK885_RS01530	GO:0055085,GO:0022857
C600_DK885_RS01535	C600_NZ_CP031214.1	315501	316058	558	-	dcrB	phage sensitivity protein DcrB	C600	cds-WP_001245295.1	DK885_RS01535	
C600_DK885_RS01540	C600_NZ_CP031214.1	316131	316796	666	-	yhhQ	7-cyano-7-deazaguanine/7-aminomethyl-7-deazaguanine transporter	C600	cds-WP_001100469.1	DK885_RS01540	GO:1990397
C600_DK885_RS01545	C600_NZ_CP031214.1	317017	317262	246	+	tusA	sulfurtransferase TusA	C600	cds-WP_000130621.1	DK885_RS01545	GO:0002143,GO:0097163
C600_DK885_RS01550	C600_NZ_CP031214.1	317364	319562	2199	-	zntA	Zn(II)/Cd(II)/Pb(II) translocating P-type ATPase ZntA	C600	cds-WP_000106551.1	DK885_RS01550	GO:0006812,GO:0005215,GO:0005524,GO:0016887,GO:0019829,GO:0046872,GO:0016020
C600_DK885_RS01555	C600_NZ_CP031214.1	319636	320262	627	-	yhhN	lysoplasmalogenase	C600	cds-WP_000964718.1	DK885_RS01555	
C600_DK885_RS01560	C600_NZ_CP031214.1	320403	320762	360	+	yhhM	DUF2500 domain-containing protein	C600	cds-WP_000042895.1	DK885_RS01560	
C600_DK885_RS01565	C600_NZ_CP031214.1	320765	321034	270	-	yhhL	DUF1145 family protein	C600	cds-WP_001311191.1	DK885_RS01565	
C600_DK885_RS01570	C600_NZ_CP031214.1	321024	321620	597	-	rsmD	16S rRNA (guanine(966)-N(2))-methyltransferase	C600	cds-WP_000743193.1	DK885_RS01570	GO:0031167,GO:0003676,GO:0008168
C600_DK885_RS01575	C600_NZ_CP031214.1	321770	323263	1494	+	ftsY	signal recognition particle-docking protein FtsY	C600	cds-WP_001040654.1	DK885_RS01575	GO:0006614,GO:0009306,GO:0003924,GO:0005047
C600_DK885_RS01580	C600_NZ_CP031214.1	323266	323934	669	+	ftsE	cell division ATP-binding protein FtsE	C600	cds-WP_000617723.1	DK885_RS01580	GO:0000910,GO:0005524
C600_DK885_RS01585	C600_NZ_CP031214.1	323927	324985	1059	+	ftsX	permease-like cell division protein FtsX	C600	cds-WP_001042003.1	DK885_RS01585	GO:0000910
C600_DK885_RS01590	C600_NZ_CP031214.1	325230	326084	855	+	rpoH	RNA polymerase sigma factor RpoH	C600	cds-WP_000130217.1	DK885_RS01590	GO:0006352,GO:0006355,GO:0003700,GO:0016987
C600_DK885_RS01595	C600_NZ_CP031214.1	326355	327458	1104	+	livJ	branched chain amino acid ABC transporter substrate-binding protein LivJ	C600	cds-WP_001021996.1	DK885_RS01595	
C600_DK885_RS01600	C600_NZ_CP031214.1	327646	328029	384	-	panM	aspartate 1-decarboxylase autocleavage activator PanM	C600	cds-WP_000778768.1	DK885_RS01600	GO:0015940,GO:0031638,GO:0008080
C600_DK885_RS01605	C600_NZ_CP031214.1	328453	329562	1110	+	livK	high-affinity branched-chain amino acid ABC transporter substrate-binding protein LivK	C600	cds-WP_000827696.1	DK885_RS01605	
C600_DK885_RS01610	C600_NZ_CP031214.1	329610	330536	927	+	livH	high-affinity branched-chain amino acid ABC transporter permease LivH	C600	cds-WP_001295111.1	DK885_RS01610	GO:0055085,GO:0022857,GO:0016020
C600_DK885_RS01615	C600_NZ_CP031214.1	330533	331810	1278	+	livM	branched chain amino acid ABC transporter permease LivM	C600	cds-WP_000803813.1	DK885_RS01615	
C600_DK885_RS01620	C600_NZ_CP031214.1	331807	332574	768	+	livG	high-affinity branched-chain amino acid ABC transporter ATP-binding protein LivG	C600	cds-WP_000082101.1	DK885_RS01620	
C600_DK885_RS01625	C600_NZ_CP031214.1	332576	333289	714	+	livF	high-affinity branched-chain amino acid ABC transporter ATP-binding protein LivF	C600	cds-WP_000416891.1	DK885_RS01625	
C600_DK885_RS01630	C600_NZ_CP031214.1	333688	335004	1317	+	ugpB	sn-glycerol-3-phosphate ABC transporter substrate-binding protein UgpB	C600	cds-WP_000803190.1	DK885_RS01630	GO:0055085
C600_DK885_RS01635	C600_NZ_CP031214.1	335102	335989	888	+	ugpA	sn-glycerol-3-phosphate ABC transporter permease UgpA	C600	cds-WP_000099289.1	DK885_RS01635	
C600_DK885_RS01640	C600_NZ_CP031214.1	335986	336831	846	+	ugpE	sn-glycerol-3-phosphate ABC transporter permease UgpE	C600	cds-WP_000572177.1	DK885_RS01640	GO:0015794,GO:0005886,GO:0055052
C600_DK885_RS01645	C600_NZ_CP031214.1	336833	337903	1071	+	ugpC	sn-glycerol 3-phosphate ABC transporter ATP binding protein UgpC	C600	cds-WP_000907792.1	DK885_RS01645	
C600_DK885_RS01650	C600_NZ_CP031214.1	337900	338643	744	+	ugpQ	glycerophosphodiester phosphodiesterase	C600	cds-WP_000073623.1	DK885_RS01650	GO:0006629,GO:0008081
C600_DK885_RS01655	C600_NZ_CP031214.1	338630	339070	441	-	yhhA	DUF2756 family protein	C600	cds-WP_000825996.1	DK885_RS01655	
C600_DK885_RS01660	C600_NZ_CP031214.1	339190	340932	1743	+	ggt	gamma-glutamyltransferase	C600	cds-WP_000595082.1	DK885_RS01660	GO:0006751,GO:0036374
C600_DK885_RS01665	C600_NZ_CP031214.1	340970	341254	285	-	yrhB	YrhB family protein	C600	cds-WP_000634159.1	DK885_RS01665	
C600_DK885_RS23815	C600_NZ_CP031214.1	341454	341609	156	-	yrhD	protein YrhD	C600	cds-WP_001307436.1	DK885_RS23815	
C600_DK885_RS01675	C600_NZ_CP031214.1	341833	342530	698	-	WP_094096600.1	IS1-like element IS1A family transposase	C600	cds-WP_094096600.1	DK885_RS01675	GO:0006313,GO:0004803
C600_DK885_RS01680	C600_NZ_CP031214.1	342559	342975	417	-	WP_000988497.1	YrhA family protein	C600	cds-WP_000988497.1	DK885_RS01680	
C600_DK885_RS01685	C600_NZ_CP031214.1	342972	344150	1179	-	tssD	Hcp1 family type VI secretion system effector	C600	cds-WP_000065894.1	DK885_RS01685	
C600_DK885_RS01690	C600_NZ_CP031214.1	344387	344875	489	-	yhhY	N-acetyltransferase	C600	cds-WP_001295206.1	DK885_RS01690	GO:0008080
C600_DK885_RS01700	C600_NZ_CP031214.1	345208	346245	1038	+	yhhX	oxidoreductase	C600	cds-WP_000236293.1	DK885_RS01700	GO:0000166
C600_DK885_RS01705	C600_NZ_CP031214.1	346368	347063	696	+	yhhW	quercetin 2,3-dioxygenase	C600	cds-WP_000639811.1	DK885_RS01705	
C600_DK885_RS01710	C600_NZ_CP031214.1	347287	348282	996	+	gntR	gluconate operon transcriptional repressor GntR	C600	cds-WP_000730252.1	DK885_RS01710	GO:0006355,GO:0003677,GO:0003700
C600_DK885_RS01715	C600_NZ_CP031214.1	348421	348948	528	+	gntK	gluconokinase	C600	cds-WP_000108330.1	DK885_RS01715	
C600_DK885_RS01720	C600_NZ_CP031214.1	348952	350292	1341	+	gntU	gluconate transporter	C600	cds-WP_000210111.1	DK885_RS01720	GO:0035429,GO:0015128,GO:0016020
C600_DK885_RS01725	C600_NZ_CP031214.1	350349	350942	594	-	yhgN	NAAT family transporter YhgN	C600	cds-WP_001002544.1	DK885_RS01725	
C600_DK885_RS01730	C600_NZ_CP031214.1	351135	352238	1104	+	asd	aspartate-semialdehyde dehydrogenase	C600	cds-WP_000799956.1	DK885_RS01730	GO:0009086,GO:0009088,GO:0009089,GO:0009097,GO:0004073,GO:0050661
C600_DK885_RS01735	C600_NZ_CP031214.1	352511	354697	2187	+	glgB	1,4-alpha-glucan branching enzyme	C600	cds-WP_001283723.1	DK885_RS01735	GO:0005978,GO:0003844
C600_DK885_RS01740	C600_NZ_CP031214.1	354694	356667	1974	+	glgX	glycogen debranching protein GlgX	C600	cds-WP_000192523.1	DK885_RS01740	GO:0005980,GO:0120549
C600_DK885_RS01745	C600_NZ_CP031214.1	356685	357980	1296	+	glgC	glucose-1-phosphate adenylyltransferase	C600	cds-WP_000253975.1	DK885_RS01745	GO:0005978,GO:0008878
C600_DK885_RS01750	C600_NZ_CP031214.1	357980	359413	1434	+	glgA	glycogen synthase GlgA	C600	cds-WP_001197646.1	DK885_RS01750	GO:0004373
C600_DK885_RS01755	C600_NZ_CP031214.1	359432	361879	2448	+	glgP	glycogen phosphorylase	C600	cds-WP_000993449.1	DK885_RS01755	GO:0005975,GO:0008184
C600_DK885_RS01760	C600_NZ_CP031214.1	362005	362226	222	+	yzgL	protein YzgL	C600	cds-DK885_RS01760	DK885_RS01760	
C600_DK885_RS01765	C600_NZ_CP031214.1	362495	364000	1506	-	glpD	glycerol-3-phosphate dehydrogenase	C600	cds-WP_000448136.1	DK885_RS01765	GO:0006072,GO:0004368,GO:0009331
C600_DK885_RS01770	C600_NZ_CP031214.1	364190	364516	327	+	glpE	thiosulfate sulfurtransferase GlpE	C600	cds-WP_000371928.1	DK885_RS01770	GO:0004792
C600_DK885_RS01775	C600_NZ_CP031214.1	364561	365391	831	+	glpG	rhomboid family intramembrane serine protease GlpG	C600	cds-WP_000928723.1	DK885_RS01775	GO:0006508,GO:0004252,GO:0016020
C600_DK885_RS01780	C600_NZ_CP031214.1	365408	366166	759	+	WP_045152757.1	DeoR/GlpR family transcriptional regulator	C600	cds-WP_045152757.1	DK885_RS01780	
C600_DK885_RS01785	C600_NZ_CP031214.1	366148	367746	1599	-	rtcR	DNA-binding transcriptional regulator RtcR	C600	cds-WP_001232948.1	DK885_RS01785	
C600_DK885_RS01790	C600_NZ_CP031214.1	367935	369161	1227	+	rtcB	RNA-splicing ligase RtcB	C600	cds-WP_001105504.1	DK885_RS01790	
C600_DK885_RS01795	C600_NZ_CP031214.1	369165	370181	1017	+	rtcA	RNA 3'-terminal phosphate cyclase	C600	cds-WP_001335950.1	DK885_RS01795	GO:0006396,GO:0003963
C600_DK885_RS01800	C600_NZ_CP031214.1	370224	372929	2706	-	malT	HTH-type transcriptional regulator MalT	C600	cds-WP_115784720.1	DK885_RS01800	GO:0006355,GO:0003677,GO:0005515
C600_DK885_RS01805	C600_NZ_CP031214.1	373541	375934	2394	+	malP	maltodextrin phosphorylase	C600	cds-WP_000081909.1	DK885_RS01805	GO:0005975,GO:0008184,GO:0030170
C600_DK885_RS01810	C600_NZ_CP031214.1	375944	378028	2085	+	malQ	4-alpha-glucanotransferase	C600	cds-WP_000444342.1	DK885_RS01810	GO:0005975,GO:0004134
C600_DK885_RS01815	C600_NZ_CP031214.1	378139	379455	1317	-	gntT	gluconate transporter	C600	cds-WP_001131758.1	DK885_RS01815	
C600_DK885_RS01820	C600_NZ_CP031214.1	379815	380390	576	-	nfuA	Fe-S biogenesis protein NfuA	C600	cds-WP_000619389.1	DK885_RS01820	GO:0016226,GO:0051604,GO:0051539
C600_DK885_RS01825	C600_NZ_CP031214.1	380449	381132	684	-	gntX	DNA utilization protein GntX	C600	cds-WP_001333371.1	DK885_RS01825	GO:0009116
C600_DK885_RS01830	C600_NZ_CP031214.1	381170	381940	771	+	bioH	pimeloyl-ACP methyl ester esterase BioH	C600	cds-WP_001060070.1	DK885_RS01830	GO:0052689
C600_DK885_RS01835	C600_NZ_CP031214.1	381969	382847	879	-	rpnA	recombination-promoting nuclease RpnA	C600	cds-WP_000039062.1	DK885_RS01835	
C600_DK885_RS01845	C600_NZ_CP031214.1	383050	383286	237	-	feoC	[Fe-S]-dependent transcriptional repressor FeoC	C600	cds-WP_000157586.1	DK885_RS01845	
C600_DK885_RS01850	C600_NZ_CP031214.1	383286	385607	2322	-	feoB	Fe(2+) transporter permease subunit FeoB	C600	cds-WP_000737039.1	DK885_RS01850	GO:0006826,GO:0005525,GO:0015093,GO:0016020
C600_DK885_RS01855	C600_NZ_CP031214.1	385624	385851	228	-	feoA	ferrous iron transporter A	C600	cds-WP_001200455.1	DK885_RS01855	
C600_DK885_RS01865	C600_NZ_CP031214.1	386308	388629	2322	-	yhgF	Tex family protein	C600	cds-WP_000980727.1	DK885_RS01865	GO:0003676,GO:0003729,GO:0005829
C600_DK885_RS01870	C600_NZ_CP031214.1	388726	389202	477	-	greB	transcription elongation factor GreB	C600	cds-WP_000856737.1	DK885_RS01870	GO:0032784,GO:0003677
C600_DK885_RS01880	C600_NZ_CP031214.1	389430	390149	720	+	ompR	osmolarity response regulator transcription factor OmpR	C600	cds-WP_001157751.1	DK885_RS01880	GO:0000160,GO:0006355,GO:0003677
C600_DK885_RS01885	C600_NZ_CP031214.1	390146	391498	1353	+	envZ	two-component system sensor histidine kinase EnvZ	C600	cds-WP_001253696.1	DK885_RS01885	GO:0007165,GO:0016310,GO:0000155,GO:0016020
C600_DK885_RS01890	C600_NZ_CP031214.1	391574	393196	1623	-	pckA	phosphoenolpyruvate carboxykinase (ATP)	C600	cds-WP_001265681.1	DK885_RS01890	GO:0006094,GO:0004612
C600_DK885_RS01900	C600_NZ_CP031214.1	393575	395299	1725	+	yhgE	DUF4153 domain-containing protein	C600	cds-WP_000370879.1	DK885_RS01900	GO:0005886
C600_DK885_RS01905	C600_NZ_CP031214.1	395362	396240	879	-	hslO	Hsp33 family molecular chaperone HslO	C600	cds-WP_001135574.1	DK885_RS01905	GO:0006457,GO:0051082
C600_DK885_RS01910	C600_NZ_CP031214.1	396265	396666	402	-	hslR	ribosome-associated heat shock protein Hsp15	C600	cds-WP_000660483.1	DK885_RS01910	
C600_DK885_RS01915	C600_NZ_CP031214.1	396677	397345	669	-	yrfG	GMP/IMP nucleotidase	C600	cds-WP_001295168.1	DK885_RS01915	
C600_DK885_RS01920	C600_NZ_CP031214.1	397410	399545	2136	-	igaA	intracellular growth attenuator protein IgaA	C600	cds-WP_000104533.1	DK885_RS01920	
C600_DK885_RS01925	C600_NZ_CP031214.1	399865	400425	561	+	nudE	ADP compounds hydrolase NudE	C600	cds-WP_000045744.1	DK885_RS01925	GO:0016787
C600_DK885_RS01930	C600_NZ_CP031214.1	400591	403143	2553	-	mrcA	peptidoglycan glycosyltransferase/peptidoglycan DD-transpeptidase MrcA	C600	cds-WP_001336003.1	DK885_RS01930	GO:0008658
C600_DK885_RS01935	C600_NZ_CP031214.1	403263	404042	780	+	hofM	DNA utilization protein HofM	C600	cds-WP_001295166.1	DK885_RS01935	
C600_DK885_RS01940	C600_NZ_CP031214.1	404042	404581	540	+	hofN	DNA utilization protein HofN	C600	cds-WP_001069315.1	DK885_RS01940	
C600_DK885_RS01945	C600_NZ_CP031214.1	404565	405005	441	+	hofO	DNA utilization protein HofO	C600	cds-WP_001055759.1	DK885_RS01945	
C600_DK885_RS01950	C600_NZ_CP031214.1	404995	405399	405	+	hofP	DNA utilization protein HofP	C600	cds-WP_001264141.1	DK885_RS01950	
C600_DK885_RS01955	C600_NZ_CP031214.1	405311	406549	1239	+	hofQ	DNA uptake porin HofQ	C600	cds-WP_000815987.1	DK885_RS01955	GO:0009306,GO:0019867
C600_DK885_RS01960	C600_NZ_CP031214.1	406950	407471	522	+	aroK	shikimate kinase AroK	C600	cds-WP_000818618.1	DK885_RS01960	
C600_DK885_RS01965	C600_NZ_CP031214.1	407528	408616	1089	+	aroB	3-dehydroquinate synthase	C600	cds-WP_000439848.1	DK885_RS01965	GO:0009073,GO:0009423,GO:0003856,GO:0005737
C600_DK885_RS01970	C600_NZ_CP031214.1	408708	409994	1287	+	damX	cell division protein DamX	C600	cds-WP_000343215.1	DK885_RS01970	GO:0032506,GO:0042834
C600_DK885_RS01975	C600_NZ_CP031214.1	410101	410937	837	+	dam	adenine-specific DNA-methyltransferase	C600	cds-WP_000742143.1	DK885_RS01975	GO:0003676,GO:0009007
C600_DK885_RS01980	C600_NZ_CP031214.1	410955	411632	678	+	rpe	ribulose-phosphate 3-epimerase	C600	cds-WP_000816280.1	DK885_RS01980	GO:0006098,GO:0004750
C600_DK885_RS01985	C600_NZ_CP031214.1	411625	412383	759	+	gph	phosphoglycolate phosphatase	C600	cds-WP_001031729.1	DK885_RS01985	GO:0005975,GO:0008967
C600_DK885_RS01990	C600_NZ_CP031214.1	412376	413380	1005	+	trpS	tryptophan--tRNA ligase	C600	cds-WP_000165552.1	DK885_RS01990	GO:0006436,GO:0000166,GO:0004830,GO:0005524
C600_DK885_RS02000	C600_NZ_CP031214.1	413670	414575	906	+	yhfZ	GntR family transcriptional regulator YhfZ	C600	cds-WP_001254790.1	DK885_RS02000	
C600_DK885_RS02005	C600_NZ_CP031214.1	414592	414954	363	+	yhfY	PRD domain protein	C600	cds-WP_001295165.1	DK885_RS02005	
C600_DK885_RS02010	C600_NZ_CP031214.1	415038	416201	1164	+	yhfX	YhfX family PLP-dependent enzyme	C600	cds-WP_000497334.1	DK885_RS02010	
C600_DK885_RS02015	C600_NZ_CP031214.1	416201	417427	1227	+	yhfW	phosphopentomutase	C600	cds-WP_000090644.1	DK885_RS02015	GO:0008973
C600_DK885_RS02020	C600_NZ_CP031214.1	417424	418302	879	+	php	phosphotriesterase-related protein	C600	cds-WP_000007010.1	DK885_RS02020	
C600_DK885_RS02025	C600_NZ_CP031214.1	418313	418666	354	+	yhfU	DUF2620 domain-containing protein	C600	cds-WP_000719728.1	DK885_RS02025	
C600_DK885_RS02030	C600_NZ_CP031214.1	418678	419982	1305	+	yhfT	YhfT family protein	C600	cds-WP_000366857.1	DK885_RS02030	
C600_DK885_RS02035	C600_NZ_CP031214.1	419994	421079	1086	+	yhfS	aminotransferase class I/II-fold pyridoxal phosphate-dependent enzyme	C600	cds-WP_000847144.1	DK885_RS02035	GO:0009058,GO:0030170
C600_DK885_RS02040	C600_NZ_CP031214.1	421231	421962	732	-	frlR	DNA-binding transcriptional regulator FrlR	C600	cds-WP_001276847.1	DK885_RS02040	
C600_DK885_RS02045	C600_NZ_CP031214.1	422062	422847	786	-	frlD	fructoselysine 6-kinase	C600	cds-WP_000853353.1	DK885_RS02045	
C600_DK885_RS02050	C600_NZ_CP031214.1	422844	423674	831	-	frlC	fructoselysine 3-epimerase	C600	cds-WP_000847837.1	DK885_RS02050	
C600_DK885_RS02060	C600_NZ_CP031214.1	423724	424746	1023	-	frlB	fructoselysine 6-phosphate deglycase	C600	cds-WP_001295163.1	DK885_RS02060	
C600_DK885_RS02065	C600_NZ_CP031214.1	424767	426104	1338	-	frlA	fructoselysine/psicoselysine transporter	C600	cds-WP_000535505.1	DK885_RS02065	
C600_DK885_RS02070	C600_NZ_CP031214.1	426399	426566	168	-	yhfL	YhfL family protein	C600	cds-WP_001031834.1	DK885_RS02070	
C600_DK885_RS02075	C600_NZ_CP031214.1	426813	428186	1374	-	cysG	siroheme synthase CysG	C600	cds-WP_000349855.1	DK885_RS02075	GO:0019354,GO:0004851,GO:0043115,GO:0051266,GO:0051287
C600_DK885_RS02080	C600_NZ_CP031214.1	428205	429011	807	-	nirC	nitrite transporter NirC	C600	cds-WP_000493556.1	DK885_RS02080	GO:0055085,GO:0022857
C600_DK885_RS02085	C600_NZ_CP031214.1	429137	429463	327	-	nirD	nitrite reductase small subunit NirD	C600	cds-WP_000084764.1	DK885_RS02085	
C600_DK885_RS02090	C600_NZ_CP031214.1	429460	432003	2544	-	nirB	NADPH-nitrite reductase large subunit	C600	cds-WP_000049208.1	DK885_RS02090	
C600_DK885_RS02095	C600_NZ_CP031214.1	432265	433446	1182	-	tsgA	MFS transporter TsgA	C600	cds-WP_000185247.1	DK885_RS02095	GO:0055085,GO:0022857
C600_DK885_RS02100	C600_NZ_CP031214.1	433717	434289	573	+	ppiA	peptidylprolyl isomerase A	C600	cds-WP_000477225.1	DK885_RS02100	
C600_DK885_RS02105	C600_NZ_CP031214.1	434394	434561	168	+	yhfG	YhfG family protein	C600	cds-WP_000736862.1	DK885_RS02105	
C600_DK885_RS02110	C600_NZ_CP031214.1	434551	435153	603	+	fic	putative adenosine monophosphate-protein transferase Fic	C600	cds-WP_001280641.1	DK885_RS02110	
C600_DK885_RS02115	C600_NZ_CP031214.1	435185	435748	564	+	pabA	aminodeoxychorismate synthase component 2	C600	cds-WP_000601847.1	DK885_RS02115	
C600_DK885_RS02120	C600_NZ_CP031214.1	435834	437054	1221	+	argD	bifunctional acetylornithine/succinyldiaminopimelate transaminase	C600	cds-WP_000963792.1	DK885_RS02120	
C600_DK885_RS02125	C600_NZ_CP031214.1	437121	439211	2091	-	yhfK	YccS/YhfK family putative transporter	C600	cds-WP_001295162.1	DK885_RS02125	
C600_DK885_RS02130	C600_NZ_CP031214.1	439262	439894	633	-	crp	cAMP-activated global transcriptional regulator CRP	C600	cds-WP_000242755.1	DK885_RS02130	GO:0006355,GO:0003700
C600_DK885_RS02140	C600_NZ_CP031214.1	440196	440600	405	+	yhfA	OsmC family protein	C600	cds-WP_001148908.1	DK885_RS02140	
C600_DK885_RS02145	C600_NZ_CP031214.1	440655	441524	870	-	prkB	phosphoribulokinase	C600	cds-WP_001274680.1	DK885_RS02145	GO:0005975,GO:0005524,GO:0008974
C600_DK885_RS02150	C600_NZ_CP031214.1	441578	441796	219	-	yheU	YheU family protein	C600	cds-WP_000907085.1	DK885_RS02150	
C600_DK885_RS02155	C600_NZ_CP031214.1	441790	442812	1023	-	yheT	hydrolase	C600	cds-WP_000057356.1	DK885_RS02155	GO:0016787
C600_DK885_RS02160	C600_NZ_CP031214.1	442812	444725	1914	-	yheS	ABC transporter ATP-binding protein	C600	cds-WP_000634798.1	DK885_RS02160	GO:0005524
C600_DK885_RS02170	C600_NZ_CP031214.1	444856	445407	552	+	kefG	glutathione-regulated potassium-efflux system ancillary protein KefG	C600	cds-WP_001297514.1	DK885_RS02170	GO:0006813
C600_DK885_RS02175	C600_NZ_CP031214.1	445407	447212	1806	+	kefB	glutathione-regulated potassium-efflux system protein KefB	C600	cds-WP_000399147.1	DK885_RS02175	GO:0006813,GO:0015503
C600_DK885_RS02180	C600_NZ_CP031214.1	447222	447422	201	+	yheV	YheV family putative zinc ribbon protein	C600	cds-WP_001007730.1	DK885_RS02180	
C600_DK885_RS02185	C600_NZ_CP031214.1	447517	448107	591	+	slyD	peptidylprolyl isomerase	C600	cds-WP_000861334.1	DK885_RS02185	GO:0003755
C600_DK885_RS02190	C600_NZ_CP031214.1	448156	448374	219	-	slyX	protein SlyX	C600	cds-WP_001153615.1	DK885_RS02190	
C600_DK885_RS02195	C600_NZ_CP031214.1	448595	449407	813	+	fkpA	FKBP-type peptidyl-prolyl cis-trans isomerase	C600	cds-WP_000838250.1	DK885_RS02195	GO:0006457,GO:0003755
C600_DK885_RS02200	C600_NZ_CP031214.1	449574	450296	723	+	yheO	helix-turn-helix transcriptional regulator	C600	cds-WP_000091466.1	DK885_RS02200	GO:0006355,GO:0007165,GO:0003677,GO:0003700,GO:0005515,GO:0140110
C600_DK885_RS02205	C600_NZ_CP031214.1	450296	450682	387	+	tusD	sulfurtransferase complex subunit TusD	C600	cds-WP_001209680.1	DK885_RS02205	GO:0008033,GO:0016783
C600_DK885_RS02210	C600_NZ_CP031214.1	450682	451041	360	+	tusC	sulfurtransferase complex subunit TusC	C600	cds-WP_000820714.1	DK885_RS02210	
C600_DK885_RS02215	C600_NZ_CP031214.1	451049	451336	288	+	tusB	sulfurtransferase complex subunit TusB	C600	cds-WP_000903373.1	DK885_RS02215	GO:0002143
C600_DK885_RS02220	C600_NZ_CP031214.1	451462	451836	375	+	rpsL	30S ribosomal protein S12	C600	cds-WP_001376535.1	DK885_RS02220	GO:0006412,GO:0003735,GO:0015935
C600_DK885_RS02225	C600_NZ_CP031214.1	451933	452400	468	+	rpsG	30S ribosomal protein S7	C600	cds-DK885_RS02225	DK885_RS02225	GO:0006412,GO:0003735,GO:0015935
C600_DK885_RS02230	C600_NZ_CP031214.1	452500	454614	2115	+	fusA	elongation factor G	C600	cds-WP_000124700.1	DK885_RS02230	GO:0006414,GO:0003746,GO:0005525
C600_DK885_RS02235	C600_NZ_CP031214.1	454685	455869	1185	+	tuf	elongation factor Tu	C600	cds-WP_000031783.1	DK885_RS02235	GO:0006414,GO:0003746,GO:0005525
C600_DK885_RS02245	C600_NZ_CP031214.1	456161	458854	2694	+	chiA	bifunctional chitinase/lysozyme	C600	cds-WP_000773156.1	DK885_RS02245	
C600_DK885_RS02250	C600_NZ_CP031214.1	459023	459217	195	+	bfd	bacterioferritin-associated ferredoxin	C600	cds-WP_000289085.1	DK885_RS02250	
C600_DK885_RS02255	C600_NZ_CP031214.1	459289	459765	477	+	bfr	bacterioferritin	C600	cds-WP_000675504.1	DK885_RS02255	GO:0006879,GO:0004322,GO:0008199
C600_DK885_RS02260	C600_NZ_CP031214.1	459794	460471	678	-	gspO	prepilin peptidase GspO	C600	cds-WP_000178154.1	DK885_RS02260	
C600_DK885_RS02265	C600_NZ_CP031214.1	460471	460932	462	-	gspM	type II secretion system protein GspM	C600	cds-WP_001295161.1	DK885_RS02265	
C600_DK885_RS02270	C600_NZ_CP031214.1	460929	462092	1164	-	gspL	type II secretion system protein GspL	C600	cds-WP_001115238.1	DK885_RS02270	GO:0015628,GO:0009276,GO:0015627
C600_DK885_RS02275	C600_NZ_CP031214.1	462107	463090	984	-	gspK	type II secretion system minor pseudopilin GspK	C600	cds-WP_001058522.1	DK885_RS02275	GO:0009306,GO:0016020
C600_DK885_RS02280	C600_NZ_CP031214.1	463083	463670	588	-	gspJ	type II secretion system minor pseudopilin GspJ	C600	cds-WP_000610634.1	DK885_RS02280	
C600_DK885_RS02285	C600_NZ_CP031214.1	463663	464040	378	-	gspI	type II secretion system minor pseudopilin GspI	C600	cds-WP_001041743.1	DK885_RS02285	GO:0015628,GO:0015627
C600_DK885_RS02290	C600_NZ_CP031214.1	464037	464546	510	-	gspH	type II secretion system minor pseudopilin GspH	C600	cds-WP_001076046.1	DK885_RS02290	GO:0015628,GO:0015627
C600_DK885_RS02295	C600_NZ_CP031214.1	464554	464991	438	-	gspG	type II secretion system major pseudopilin GspG	C600	cds-WP_001202874.1	DK885_RS02295	GO:0015628,GO:0015627
C600_DK885_RS02300	C600_NZ_CP031214.1	465001	466197	1197	-	gspF	type II secretion system inner membrane protein GspF	C600	cds-WP_001109573.1	DK885_RS02300	GO:0015628,GO:0015627
C600_DK885_RS02305	C600_NZ_CP031214.1	466194	467675	1482	-	gspE	type II secretion system ATPase GspE	C600	cds-WP_001219894.1	DK885_RS02305	GO:0015628,GO:0005524,GO:0015627
C600_DK885_RS02310	C600_NZ_CP031214.1	467685	469637	1953	-	gspD	type II secretion system secretin GspD	C600	cds-WP_001326512.1	DK885_RS02310	GO:0015628,GO:0015627,GO:0019867
C600_DK885_RS02315	C600_NZ_CP031214.1	469621	470436	816	-	gspC	type II secretion system protein GspC	C600	cds-WP_001142708.1	DK885_RS02315	GO:0015628,GO:0015627
C600_DK885_RS02320	C600_NZ_CP031214.1	470616	472085	1470	+	gspA	type II secretion system protein GspA	C600	cds-WP_000107576.1	DK885_RS02320	
C600_DK885_RS02325	C600_NZ_CP031214.1	472087	472506	420	+	gspB	putative general secretion pathway protein GspB	C600	cds-WP_000461450.1	DK885_RS02325	
C600_DK885_RS02330	C600_NZ_CP031214.1	472744	473055	312	+	rpsJ	30S ribosomal protein S10	C600	cds-WP_001181004.1	DK885_RS02330	GO:0006412,GO:0003723,GO:0003735,GO:0005840
C600_DK885_RS02335	C600_NZ_CP031214.1	473088	473717	630	+	rplC	50S ribosomal protein L3	C600	cds-WP_000579833.1	DK885_RS02335	GO:0006412,GO:0003735,GO:0005840
C600_DK885_RS02340	C600_NZ_CP031214.1	473728	474333	606	+	rplD	50S ribosomal protein L4	C600	cds-WP_000424395.1	DK885_RS02340	GO:0006412,GO:0003735,GO:0022625
C600_DK885_RS02345	C600_NZ_CP031214.1	474330	474632	303	+	rplW	50S ribosomal protein L23	C600	cds-WP_000617544.1	DK885_RS02345	
C600_DK885_RS02350	C600_NZ_CP031214.1	474650	475471	822	+	rplB	50S ribosomal protein L2	C600	cds-WP_000301864.1	DK885_RS02350	GO:0006412,GO:0003723,GO:0003735,GO:0016740,GO:0015934
C600_DK885_RS02355	C600_NZ_CP031214.1	475488	475766	279	+	rpsS	30S ribosomal protein S19	C600	cds-WP_001138117.1	DK885_RS02355	GO:0006412,GO:0003735,GO:0015935
C600_DK885_RS02360	C600_NZ_CP031214.1	475781	476113	333	+	rplV	50S ribosomal protein L22	C600	cds-WP_000447529.1	DK885_RS02360	GO:0006412,GO:0003735,GO:0015934
C600_DK885_RS02365	C600_NZ_CP031214.1	476131	476832	702	+	rpsC	30S ribosomal protein S3	C600	cds-WP_000529945.1	DK885_RS02365	GO:0006412,GO:0003735
C600_DK885_RS02370	C600_NZ_CP031214.1	476845	477255	411	+	rplP	50S ribosomal protein L16	C600	cds-WP_000941212.1	DK885_RS02370	GO:0006412,GO:0003735,GO:0019843
C600_DK885_RS02375	C600_NZ_CP031214.1	477255	477446	192	+	rpmC	50S ribosomal protein L29	C600	cds-WP_000644741.1	DK885_RS02375	GO:0006412,GO:0003735,GO:0005840
C600_DK885_RS02380	C600_NZ_CP031214.1	477446	477700	255	+	rpsQ	30S ribosomal protein S17	C600	cds-WP_000130100.1	DK885_RS02380	GO:0006412,GO:0003735,GO:0005840
C600_DK885_RS02385	C600_NZ_CP031214.1	477865	478236	372	+	rplN	50S ribosomal protein L14	C600	cds-WP_000613955.1	DK885_RS02385	GO:0006412,GO:0003735,GO:0015934
C600_DK885_RS02390	C600_NZ_CP031214.1	478247	478561	315	+	rplX	50S ribosomal protein L24	C600	cds-WP_000729185.1	DK885_RS02390	GO:0006412,GO:0003735,GO:0005840
C600_DK885_RS02395	C600_NZ_CP031214.1	478576	479115	540	+	rplE	50S ribosomal protein L5	C600	cds-WP_001096200.1	DK885_RS02395	GO:0006412,GO:0003735,GO:0005840
C600_DK885_RS02400	C600_NZ_CP031214.1	479130	479435	306	+	rpsN	30S ribosomal protein S14	C600	cds-WP_001118930.1	DK885_RS02400	GO:0006412,GO:0003735,GO:0005840
C600_DK885_RS02405	C600_NZ_CP031214.1	479469	479861	393	+	rpsH	30S ribosomal protein S8	C600	cds-WP_000062611.1	DK885_RS02405	GO:0006412,GO:0003735,GO:0005840
C600_DK885_RS02410	C600_NZ_CP031214.1	479874	480407	534	+	rplF	50S ribosomal protein L6	C600	cds-WP_000091945.1	DK885_RS02410	GO:0006412,GO:0003735,GO:0019843,GO:0005840
C600_DK885_RS02415	C600_NZ_CP031214.1	480417	480770	354	+	rplR	50S ribosomal protein L18	C600	cds-WP_000358960.1	DK885_RS02415	GO:0006412,GO:0003735,GO:0005840
C600_DK885_RS02420	C600_NZ_CP031214.1	480785	481288	504	+	rpsE	30S ribosomal protein S5	C600	cds-WP_000940121.1	DK885_RS02420	GO:0006412,GO:0003735,GO:0015935
C600_DK885_RS02425	C600_NZ_CP031214.1	481292	481471	180	+	rpmD	50S ribosomal protein L30	C600	cds-WP_001140433.1	DK885_RS02425	GO:0006412,GO:0003735,GO:0015934
C600_DK885_RS02430	C600_NZ_CP031214.1	481475	481909	435	+	rplO	50S ribosomal protein L15	C600	cds-WP_001238914.1	DK885_RS02430	GO:0006412,GO:0003735,GO:0015934
C600_DK885_RS02435	C600_NZ_CP031214.1	481917	483248	1332	+	secY	preprotein translocase subunit SecY	C600	cds-WP_001118861.1	DK885_RS02435	GO:0015031,GO:0043952,GO:0016020
C600_DK885_RS02440	C600_NZ_CP031214.1	483280	483396	117	+	rpmJ	50S ribosomal protein L36	C600	cds-WP_000868187.1	DK885_RS02440	GO:0006412,GO:0003735,GO:0005840
C600_DK885_RS02445	C600_NZ_CP031214.1	483543	483899	357	+	rpsM	30S ribosomal protein S13	C600	cds-WP_000090775.1	DK885_RS02445	GO:0006412,GO:0003723,GO:0003735,GO:0005840
C600_DK885_RS02450	C600_NZ_CP031214.1	483916	484305	390	+	rpsK	30S ribosomal protein S11	C600	cds-WP_001029684.1	DK885_RS02450	GO:0006412,GO:0003735,GO:0005840
C600_DK885_RS02455	C600_NZ_CP031214.1	484339	484959	621	+	rpsD	30S ribosomal protein S4	C600	cds-WP_115784721.1	DK885_RS02455	GO:0006412,GO:0003735,GO:0019843,GO:0015935
C600_DK885_RS02460	C600_NZ_CP031214.1	484985	485974	990	+	rpoA	DNA-directed RNA polymerase subunit alpha	C600	cds-WP_001162094.1	DK885_RS02460	GO:0006351,GO:0003899
C600_DK885_RS02465	C600_NZ_CP031214.1	486015	486398	384	+	rplQ	50S ribosomal protein L17	C600	cds-WP_001216368.1	DK885_RS02465	GO:0006412,GO:0003735,GO:0005840
C600_DK885_RS02470	C600_NZ_CP031214.1	486505	486873	369	+	yhdN	DUF1992 domain-containing protein	C600	cds-WP_000266486.1	DK885_RS02470	
C600_DK885_RS02475	C600_NZ_CP031214.1	486884	487309	426	+	zntR	Zn(2+)-responsive transcriptional regulator	C600	cds-WP_000285607.1	DK885_RS02475	GO:0006355,GO:0003677,GO:0008270
C600_DK885_RS02480	C600_NZ_CP031214.1	487365	487583	219	+	arfA	alternative ribosome-rescue factor ArfA	C600	cds-WP_000092696.1	DK885_RS02480	
C600_DK885_RS02485	C600_NZ_CP031214.1	487580	487990	411	-	mscL	large-conductance mechanosensitive channel protein MscL	C600	cds-WP_000022442.1	DK885_RS02485	
C600_DK885_RS02490	C600_NZ_CP031214.1	488120	489496	1377	-	trkA	Trk system potassium transporter TrkA	C600	cds-WP_000691382.1	DK885_RS02490	GO:0006813,GO:0015079,GO:0016020
C600_DK885_RS02495	C600_NZ_CP031214.1	489518	490807	1290	-	rsmB	16S rRNA (cytosine(967)-C(5))-methyltransferase RsmB	C600	cds-WP_000744778.1	DK885_RS02495	GO:0001510,GO:0006355,GO:0006364,GO:0003723,GO:0008649
C600_DK885_RS02500	C600_NZ_CP031214.1	490853	491800	948	-	fmt	methionyl-tRNA formyltransferase	C600	cds-WP_000004473.1	DK885_RS02500	GO:0071951,GO:0004479,GO:0005737
C600_DK885_RS02505	C600_NZ_CP031214.1	491815	492324	510	-	def	peptide deformylase	C600	cds-WP_000114984.1	DK885_RS02505	GO:0036211,GO:0042586
C600_DK885_RS02510	C600_NZ_CP031214.1	492454	493578	1125	+	dprA	DNA-protecting protein DprA	C600	cds-WP_000228551.1	DK885_RS02510	GO:0009294
C600_DK885_RS02515	C600_NZ_CP031214.1	493550	494023	474	+	smg	DUF494 family protein Smg	C600	cds-WP_000460680.1	DK885_RS02515	
C600_DK885_RS02520	C600_NZ_CP031214.1	494052	494594	543	+	yrdD	DNA topoisomerase family protein	C600	cds-WP_001129722.1	DK885_RS02520	GO:0006265,GO:0003677,GO:0003916,GO:0005694
C600_DK885_RS02525	C600_NZ_CP031214.1	494599	495171	573	+	tsaC	L-threonylcarbamoyladenylate synthase type 1 TsaC	C600	cds-WP_001301412.1	DK885_RS02525	GO:0002949,GO:0003725,GO:0005524
C600_DK885_RS02530	C600_NZ_CP031214.1	495176	495994	819	+	aroE	shikimate dehydrogenase	C600	cds-WP_000451243.1	DK885_RS02530	GO:0019632,GO:0004764
C600_DK885_RS02535	C600_NZ_CP031214.1	496092	497254	1163	+	WP_085947771.1	IS3-like element IS3 family transposase	C600	cds-WP_085947771.1	DK885_RS02535	GO:0006313,GO:0004803
C600_DK885_RS02540	C600_NZ_CP031214.1	497267	497509	243	+	WP_047281862.1	DUF1488 domain-containing protein	C600	cds-WP_047281862.1	DK885_RS02540	
C600_DK885_RS02545	C600_NZ_CP031214.1	497485	498039	555	-	yrdA	gamma carbonic anhydrase family protein	C600	cds-WP_001286216.1	DK885_RS02545	GO:0046872
C600_DK885_RS02585	C600_NZ_CP031214.1	504081	504839	759	-	yhdZ	amino acid ABC transporter ATP-binding protein	C600	cds-WP_000078349.1	DK885_RS02585	GO:0005524,GO:0015424,GO:0016887,GO:0042626,GO:0140359
C600_DK885_RS02590	C600_NZ_CP031214.1	504847	505950	1104	-	yhdY	amino acid ABC transporter permease	C600	cds-WP_001300681.1	DK885_RS02590	GO:0006865,GO:0042626,GO:0140359
C600_DK885_RS02595	C600_NZ_CP031214.1	505960	507141	1182	-	yhdX	amino acid ABC transporter permease	C600	cds-WP_000019655.1	DK885_RS02595	GO:0006865,GO:0042626,GO:0140359,GO:0016020,GO:0043190
C600_DK885_RS02600	C600_NZ_CP031214.1	507209	508233	1025	-	amino acid ABC transporter substrate-binding protein	amino acid ABC transporter substrate-binding protein	C600	cds-DK885_RS02600	DK885_RS02600	GO:0042626,GO:0140359,GO:0055052
C600_DK885_RS02615	C600_NZ_CP031214.1	508664	508885	222	-	WP_000825639.1	membrane protein	C600	cds-WP_000825639.1	DK885_RS02615	
C600_DK885_RS02620	C600_NZ_CP031214.1	509138	512242	3105	-	acrF	multidrug efflux RND transporter permease subunit AcrF	C600	cds-WP_001273238.1	DK885_RS02620	
C600_DK885_RS02625	C600_NZ_CP031214.1	512254	513411	1158	-	acrE	multidrug efflux RND transporter periplasmic adaptor subunit AcrE	C600	cds-WP_000160334.1	DK885_RS02625	
C600_DK885_RS02635	C600_NZ_CP031214.1	513810	514472	663	+	acrS	multidrug efflux transporter transcriptional repressor AcrS	C600	cds-WP_001129518.1	DK885_RS02635	
C600_DK885_RS02640	C600_NZ_CP031214.1	514475	514654	180	-	yhdU	DUF2556 family protein	C600	cds-WP_001295275.1	DK885_RS02640	
C600_DK885_RS02645	C600_NZ_CP031214.1	514738	515622	885	-	yhdJ	adenine-specific DNA-methyltransferase	C600	cds-WP_001258895.1	DK885_RS02645	GO:0003677,GO:0008170
C600_DK885_RS02650	C600_NZ_CP031214.1	515708	516004	297	-	fis	DNA-binding transcriptional regulator Fis	C600	cds-WP_000462905.1	DK885_RS02650	
C600_DK885_RS02655	C600_NZ_CP031214.1	516030	516995	966	-	dusB	tRNA dihydrouridine synthase DusB	C600	cds-WP_001219652.1	DK885_RS02655	GO:0008033,GO:0017150,GO:0050660
C600_DK885_RS02660	C600_NZ_CP031214.1	517324	518205	882	-	prmA	50S ribosomal protein L11 methyltransferase	C600	cds-WP_001145827.1	DK885_RS02660	GO:0036211,GO:0008757
C600_DK885_RS02665	C600_NZ_CP031214.1	518217	519668	1452	-	panF	sodium/pantothenate symporter	C600	cds-WP_001175728.1	DK885_RS02665	GO:0015887,GO:0036376,GO:0015081,GO:0015233,GO:0016020
C600_DK885_RS02670	C600_NZ_CP031214.1	519658	519900	243	-	yhdT	YhdT family protein	C600	cds-WP_000381173.1	DK885_RS02670	
C600_DK885_RS02675	C600_NZ_CP031214.1	520009	521358	1350	-	accC	acetyl-CoA carboxylase biotin carboxylase subunit	C600	cds-WP_000884639.1	DK885_RS02675	GO:0004075,GO:0016874,GO:0009317
C600_DK885_RS02680	C600_NZ_CP031214.1	521369	521839	471	-	accB	acetyl-CoA carboxylase biotin carboxyl carrier protein	C600	cds-WP_000354622.1	DK885_RS02680	GO:0006633,GO:0003989,GO:0009317
C600_DK885_RS02690	C600_NZ_CP031214.1	522817	523791	975	-	acuI	acrylyl-CoA reductase (NADPH)	C600	cds-WP_001148481.1	DK885_RS02690	
C600_DK885_RS02695	C600_NZ_CP031214.1	523943	525883	1941	+	csrD	RNase E specificity factor CsrD	C600	cds-WP_001241469.1	DK885_RS02695	
C600_DK885_RS02710	C600_NZ_CP031214.1	526188	527231	1044	+	mreB	rod shape-determining protein MreB	C600	cds-WP_000913396.1	DK885_RS02710	
C600_DK885_RS02715	C600_NZ_CP031214.1	527297	528400	1104	+	mreC	rod shape-determining protein MreC	C600	cds-WP_000802511.1	DK885_RS02715	GO:0008360
C600_DK885_RS02720	C600_NZ_CP031214.1	528400	528888	489	+	mreD	rod shape-determining protein MreD	C600	cds-WP_000179409.1	DK885_RS02720	
C600_DK885_RS02725	C600_NZ_CP031214.1	528897	529490	594	+	yhdE	nucleoside triphosphate pyrophosphatase YhdE	C600	cds-WP_000203105.1	DK885_RS02725	
C600_DK885_RS02730	C600_NZ_CP031214.1	529480	530949	1470	+	rng	ribonuclease G	C600	cds-WP_000123197.1	DK885_RS02730	GO:0006396,GO:0003723,GO:0004540
C600_DK885_RS02735	C600_NZ_CP031214.1	531017	534817	3801	+	yhdP	AsmA2 domain-containing protein YhdP	C600	cds-WP_001253618.1	DK885_RS02735	
C600_DK885_RS02740	C600_NZ_CP031214.1	535247	536692	1446	+	tldD	metalloprotease TldD	C600	cds-WP_000055909.1	DK885_RS02740	GO:0006508,GO:0008237
C600_DK885_RS02745	C600_NZ_CP031214.1	536826	537755	930	-	aaeR	HTH-type transcriptional activator AaeR	C600	cds-WP_000440317.1	DK885_RS02745	GO:0006355,GO:0003700
C600_DK885_RS02750	C600_NZ_CP031214.1	537938	538141	204	+	aaeX	p-hydroxybenzoic acid efflux pump operon protein AaeX	C600	cds-WP_000051841.1	DK885_RS02750	
C600_DK885_RS02755	C600_NZ_CP031214.1	538149	539081	933	+	aaeA	p-hydroxybenzoic acid efflux pump subunit AaeA	C600	cds-WP_000854021.1	DK885_RS02755	GO:0055085,GO:0022857
C600_DK885_RS02760	C600_NZ_CP031214.1	539087	541054	1968	+	aaeB	p-hydroxybenzoic acid efflux pump subunit AaeB	C600	cds-WP_000510965.1	DK885_RS02760	GO:0055085,GO:0022857
C600_DK885_RS02765	C600_NZ_CP031214.1	541146	541418	273	+	yhcO	barstar family protein	C600	cds-WP_001029013.1	DK885_RS02765	
C600_DK885_RS02770	C600_NZ_CP031214.1	541474	541737	264	-	yhcN	peroxide/acid stress response protein YhcN	C600	cds-WP_000695690.1	DK885_RS02770	
C600_DK885_RS02775	C600_NZ_CP031214.1	542102	542572	471	-	argR	transcriptional regulator ArgR	C600	cds-WP_001257846.1	DK885_RS02775	
C600_DK885_RS02780	C600_NZ_CP031214.1	543007	543945	939	+	mdh	malate dehydrogenase	C600	cds-WP_001295272.1	DK885_RS02780	GO:0006099,GO:0030060
C600_DK885_RS02785	C600_NZ_CP031214.1	544008	545075	1068	-	degS	outer membrane-stress sensor serine endopeptidase DegS	C600	cds-WP_000497723.1	DK885_RS02785	GO:0006508,GO:0004252
C600_DK885_RS02790	C600_NZ_CP031214.1	545165	546532	1368	-	degQ	serine endoprotease DegQ	C600	cds-WP_001295271.1	DK885_RS02790	GO:0006508,GO:0004252,GO:0005515
C600_DK885_RS02795	C600_NZ_CP031214.1	546686	547084	399	-	zapG	Z-ring associated protein ZapG	C600	cds-WP_001295270.1	DK885_RS02795	
C600_DK885_RS02800	C600_NZ_CP031214.1	547278	548405	1128	+	zapE	cell division protein ZapE	C600	cds-WP_001192332.1	DK885_RS02800	GO:0051301,GO:0005524,GO:0016887
C600_DK885_RS02805	C600_NZ_CP031214.1	548624	549052	429	+	rplM	50S ribosomal protein L13	C600	cds-WP_000847559.1	DK885_RS02805	GO:0006412,GO:0003735,GO:0005840
C600_DK885_RS02810	C600_NZ_CP031214.1	549068	549460	393	+	rpsI	30S ribosomal protein S9	C600	cds-WP_000829818.1	DK885_RS02810	GO:0006412,GO:0003735,GO:0005840
C600_DK885_RS02820	C600_NZ_CP031214.1	549855	550493	639	+	sspA	stringent starvation protein SspA	C600	cds-WP_000257293.1	DK885_RS02820	GO:0006749,GO:0005515
C600_DK885_RS02825	C600_NZ_CP031214.1	550499	550996	498	+	sspB	ClpXP protease specificity-enhancing factor	C600	cds-WP_000366129.1	DK885_RS02825	
C600_DK885_RS02830	C600_NZ_CP031214.1	551039	552406	1368	-	dcuC	anaerobic C4-dicarboxylate transporter DcuC	C600	cds-WP_000467018.1	DK885_RS02830	
C600_DK885_RS02840	C600_NZ_CP031214.1	552786	553577	792	+	nanR	transcriptional regulator NanR	C600	cds-WP_000523845.1	DK885_RS02840	
C600_DK885_RS02845	C600_NZ_CP031214.1	553699	554592	894	+	nanA	N-acetylneuraminate lyase	C600	cds-WP_000224714.1	DK885_RS02845	GO:0005975,GO:0008747
C600_DK885_RS02850	C600_NZ_CP031214.1	554701	556191	1491	+	nanT	sialic acid transporter NanT	C600	cds-WP_000108454.1	DK885_RS02850	
C600_DK885_RS02855	C600_NZ_CP031214.1	556239	556928	690	+	nanE	N-acetylmannosamine-6-phosphate 2-epimerase	C600	cds-WP_000054239.1	DK885_RS02855	GO:0005975,GO:0006051,GO:0019262,GO:0047465
C600_DK885_RS02860	C600_NZ_CP031214.1	556925	557800	876	+	nanK	N-acetylmannosamine kinase	C600	cds-WP_000209011.1	DK885_RS02860	GO:0019262,GO:0005524,GO:0009384
C600_DK885_RS02865	C600_NZ_CP031214.1	557797	558261	465	+	nanQ	N-acetylneuraminate anomerase	C600	cds-WP_000979882.1	DK885_RS02865	GO:0006974
C600_DK885_RS02870	C600_NZ_CP031214.1	558321	559448	1128	-	yhcG	PDDEXK nuclease domain-containing protein	C600	cds-WP_000445111.1	DK885_RS02870	GO:0003677,GO:0004518
C600_DK885_RS02875	C600_NZ_CP031214.1	559633	560349	717	-	yhcF	DUF1120 domain-containing protein	C600	cds-WP_001067008.1	DK885_RS02875	
C600_DK885_RS02880	C600_NZ_CP031214.1	560346	560525	180	-	YhcE family protein	YhcE family protein	C600	cds-DK885_RS02880	DK885_RS02880	
C600_DK885_RS02885	C600_NZ_CP031214.1	560593	561573	981	+	WP_000019403.1	IS5-like element IS5 family transposase	C600	cds-WP_000019403.1-2	DK885_RS02885	GO:0006313,GO:0004803
C600_DK885_RS02890	C600_NZ_CP031214.1	561707	562090	384	-	YhcE family protein	YhcE family protein	C600	cds-DK885_RS02890	DK885_RS02890	
C600_DK885_RS02895	C600_NZ_CP031214.1	562087	564468	2382	-	yhcD	fimbrial biogenesis outer membrane usher protein	C600	cds-WP_000914994.1	DK885_RS02895	
C600_DK885_RS02900	C600_NZ_CP031214.1	564489	565163	675	-	yhcA	fimbria/pilus chaperone family protein	C600	cds-WP_001311157.1	DK885_RS02900	GO:0061077
C600_DK885_RS02905	C600_NZ_CP031214.1	565335	566099	765	-	gltF	DUF1120 domain-containing protein	C600	cds-WP_000465371.1	DK885_RS02905	
C600_DK885_RS02915	C600_NZ_CP031214.1	566659	568077	1419	-	gltD	glutamate synthase subunit GltD	C600	cds-WP_000081674.1	DK885_RS02915	
C600_DK885_RS02920	C600_NZ_CP031214.1	568090	572550	4461	-	gltB	glutamate synthase large subunit	C600	cds-WP_001300352.1	DK885_RS02920	GO:0006537,GO:0008152,GO:0003824,GO:0015930,GO:0016491
C600_DK885_RS02935	C600_NZ_CP031214.1	573225	574154	930	+	yhcC	TIGR01212 family radical SAM protein	C600	cds-WP_001299745.1	DK885_RS02935	GO:0051536,GO:1904047
C600_DK885_RS02940	C600_NZ_CP031214.1	574250	576586	2337	+	arcB	aerobic respiration two-component sensor histidine kinase ArcB	C600	cds-WP_000809774.1	DK885_RS02940	GO:0000160,GO:0006355,GO:0016310,GO:0000155,GO:0016020
C600_DK885_RS02950	C600_NZ_CP031214.1	576775	577472	698	+	WP_094096600.1	IS1-like element IS1A family transposase	C600	cds-WP_094096600.1-2	DK885_RS02950	GO:0006313,GO:0004803
C600_DK885_RS02955	C600_NZ_CP031214.1	577592	578245	654	+	elbB	isoprenoid biosynthesis glyoxalase ElbB	C600	cds-WP_001300411.1	DK885_RS02955	
C600_DK885_RS02960	C600_NZ_CP031214.1	578242	578970	729	+	mtgA	monofunctional biosynthetic peptidoglycan transglycosylase	C600	cds-WP_000047091.1	DK885_RS02960	GO:0009252,GO:0016763,GO:0009274,GO:0016020
C600_DK885_RS02965	C600_NZ_CP031214.1	578967	579599	633	-	yrbL	PhoP regulatory network protein YrbL	C600	cds-WP_000620405.1	DK885_RS02965	
C600_DK885_RS02970	C600_NZ_CP031214.1	579813	580085	273	-	npr	PTS phosphocarrier protein NPr	C600	cds-WP_000216791.1	DK885_RS02970	
C600_DK885_RS02975	C600_NZ_CP031214.1	580082	580936	855	-	rapZ	RNase adapter RapZ	C600	cds-WP_000243741.1	DK885_RS02975	GO:0005524
C600_DK885_RS02980	C600_NZ_CP031214.1	580982	581473	492	-	ptsN	PTS IIA-like nitrogen regulatory protein PtsN	C600	cds-WP_000183676.1	DK885_RS02980	
C600_DK885_RS02985	C600_NZ_CP031214.1	581591	581878	288	-	hpf	ribosome hibernation promoting factor	C600	cds-WP_001176599.1	DK885_RS02985	GO:0044238
C600_DK885_RS02990	C600_NZ_CP031214.1	581901	583334	1434	-	rpoN	RNA polymerase factor sigma-54	C600	cds-WP_000809057.1	DK885_RS02990	GO:0006352,GO:0001216,GO:0003677,GO:0016987
C600_DK885_RS02995	C600_NZ_CP031214.1	583382	584107	726	-	lptB	LPS export ABC transporter ATP-binding protein	C600	cds-WP_000224099.1	DK885_RS02995	GO:0055085,GO:0005524,GO:0043190
C600_DK885_RS03000	C600_NZ_CP031214.1	584114	584671	558	-	lptA	lipopolysaccharide ABC transporter substrate-binding protein LptA	C600	cds-WP_000669785.1	DK885_RS03000	
C600_DK885_RS03005	C600_NZ_CP031214.1	584640	585215	576	-	lptC	LPS export ABC transporter periplasmic protein LptC	C600	cds-WP_000030537.1	DK885_RS03005	
C600_DK885_RS03010	C600_NZ_CP031214.1	585212	585778	567	-	kdsC	3-deoxy-manno-octulosonate-8-phosphatase KdsC	C600	cds-WP_000030005.1	DK885_RS03010	GO:0016788
C600_DK885_RS03015	C600_NZ_CP031214.1	585799	586785	987	-	kdsD	arabinose-5-phosphate isomerase KdsD	C600	cds-WP_001295557.1	DK885_RS03015	GO:1901135,GO:0016853,GO:0097367
C600_DK885_RS03020	C600_NZ_CP031214.1	586799	587776	978	-	yrbG	calcium/sodium antiporter	C600	cds-WP_000922901.1	DK885_RS03020	
C600_DK885_RS03025	C600_NZ_CP031214.1	587986	588795	810	+	mlaF	phospholipid ABC transporter ATP-binding protein MlaF	C600	cds-WP_000438245.1	DK885_RS03025	GO:0005524
C600_DK885_RS03030	C600_NZ_CP031214.1	588803	589585	783	+	mlaE	lipid asymmetry maintenance ABC transporter permease subunit MlaE	C600	cds-WP_000925795.1	DK885_RS03030	GO:0043190
C600_DK885_RS03035	C600_NZ_CP031214.1	589590	590141	552	+	mlaD	outer membrane lipid asymmetry maintenance protein MlaD	C600	cds-WP_001296448.1	DK885_RS03035	GO:0015914
C600_DK885_RS03040	C600_NZ_CP031214.1	590160	590795	636	+	mlaC	phospholipid-binding protein MlaC	C600	cds-WP_000476487.1	DK885_RS03040	
C600_DK885_RS03045	C600_NZ_CP031214.1	590795	591088	294	+	mlaB	lipid asymmetry maintenance protein MlaB	C600	cds-WP_000004488.1	DK885_RS03045	
C600_DK885_RS03050	C600_NZ_CP031214.1	591248	591502	255	+	ibaG	BolA family iron metabolism protein IbaG	C600	cds-WP_000429656.1	DK885_RS03050	
C600_DK885_RS03055	C600_NZ_CP031214.1	591557	592816	1260	+	murA	UDP-N-acetylglucosamine 1-carboxyvinyltransferase	C600	cds-WP_000357259.1	DK885_RS03055	GO:0019277,GO:0008760
C600_DK885_RS03060	C600_NZ_CP031214.1	592864	593142	279	-	sfsB	DNA-binding transcriptional regulator SfsB	C600	cds-WP_000445413.1	DK885_RS03060	
C600_DK885_RS03065	C600_NZ_CP031214.1	593370	594341	972	-	ispB	octaprenyl diphosphate synthase	C600	cds-WP_001047336.1	DK885_RS03065	GO:0008299
C600_DK885_RS03070	C600_NZ_CP031214.1	594600	594911	312	+	rplU	50S ribosomal protein L21	C600	cds-WP_000271401.1	DK885_RS03070	GO:0006412,GO:0003723,GO:0003735,GO:0005840
C600_DK885_RS03075	C600_NZ_CP031214.1	594932	595189	258	+	rpmA	50S ribosomal protein L27	C600	cds-WP_000940595.1	DK885_RS03075	GO:0006412,GO:0003735,GO:0000315,GO:0022625
C600_DK885_RS03080	C600_NZ_CP031214.1	595316	596281	966	+	yhbE	DMT family transporter	C600	cds-WP_000813037.1	DK885_RS03080	GO:0055085,GO:0022857,GO:0016020
C600_DK885_RS03085	C600_NZ_CP031214.1	596297	597469	1173	+	cgtA	Obg family GTPase CgtA	C600	cds-WP_000673575.1	DK885_RS03085	GO:0000287,GO:0003924,GO:0005525
C600_DK885_RS03090	C600_NZ_CP031214.1	597655	599088	1434	-	dacB	serine-type D-Ala-D-Ala carboxypeptidase	C600	cds-WP_001212622.1	DK885_RS03090	GO:0006508,GO:0004185
C600_DK885_RS03095	C600_NZ_CP031214.1	599336	599812	477	+	greA	transcription elongation factor GreA	C600	cds-WP_001148001.1	DK885_RS03095	GO:0032784,GO:0003677,GO:0070063
C600_DK885_RS03100	C600_NZ_CP031214.1	599968	600261	294	-	yhbY	ribosome assembly RNA-binding protein YhbY	C600	cds-WP_001054420.1	DK885_RS03100	
C600_DK885_RS03105	C600_NZ_CP031214.1	600387	601016	630	+	rlmE	23S rRNA (uridine(2552)-2'-O)-methyltransferase RlmE	C600	cds-WP_000145975.1	DK885_RS03105	GO:0001510,GO:0006364,GO:0016436
C600_DK885_RS03110	C600_NZ_CP031214.1	601116	603050	1935	+	ftsH	ATP-dependent zinc metalloprotease FtsH	C600	cds-WP_001107467.1	DK885_RS03110	GO:0006508,GO:0004176,GO:0004222
C600_DK885_RS03115	C600_NZ_CP031214.1	603140	603988	849	+	folP	dihydropteroate synthase	C600	cds-WP_000764731.1	DK885_RS03115	GO:0004156
C600_DK885_RS03120	C600_NZ_CP031214.1	603981	605318	1338	+	glmM	phosphoglucosamine mutase	C600	cds-WP_000071134.1	DK885_RS03120	GO:0005975,GO:0000287,GO:0008966,GO:0016868
C600_DK885_RS03125	C600_NZ_CP031214.1	605546	605878	333	+	secG	preprotein translocase subunit SecG	C600	cds-WP_001295556.1	DK885_RS03125	GO:0015739,GO:0015136,GO:0016020
C600_DK885_RS03135	C600_NZ_CP031214.1	606438	608063	1626	+	yhbX	phosphoethanolamine transferase	C600	cds-WP_001333576.1	DK885_RS03135	GO:0008484
C600_DK885_RS03140	C600_NZ_CP031214.1	608071	609414	1344	-	argG	argininosuccinate synthase	C600	cds-WP_000207680.1	DK885_RS03140	GO:0006526,GO:0004055,GO:0005524,GO:0042803
C600_DK885_RS03150	C600_NZ_CP031214.1	610045	610497	453	+	rimP	ribosome maturation factor RimP	C600	cds-WP_001300397.1	DK885_RS03150	GO:0042274
C600_DK885_RS03155	C600_NZ_CP031214.1	610525	612012	1488	+	nusA	transcription termination factor NusA	C600	cds-WP_001031057.1	DK885_RS03155	GO:0006353,GO:0003723
C600_DK885_RS03160	C600_NZ_CP031214.1	612037	614709	2673	+	infB	translation initiation factor IF-2	C600	cds-WP_000133044.1	DK885_RS03160	GO:0006413,GO:0003743,GO:0003924,GO:0005525,GO:0005737
C600_DK885_RS03165	C600_NZ_CP031214.1	614873	615274	402	+	rbfA	30S ribosome-binding factor RbfA	C600	cds-WP_001040205.1	DK885_RS03165	GO:0006364
C600_DK885_RS03170	C600_NZ_CP031214.1	615274	616218	945	+	truB	tRNA pseudouridine(55) synthase TruB	C600	cds-WP_000089698.1	DK885_RS03170	GO:0001522,GO:0009451,GO:0003723,GO:0009982
C600_DK885_RS03175	C600_NZ_CP031214.1	616367	616636	270	+	rpsO	30S ribosomal protein S15	C600	cds-WP_000059466.1	DK885_RS03175	GO:0006412,GO:0003735,GO:0005840
C600_DK885_RS03180	C600_NZ_CP031214.1	616883	619018	2136	+	pnp	polyribonucleotide nucleotidyltransferase	C600	cds-WP_001295554.1	DK885_RS03180	GO:0006402,GO:0003723,GO:0004654
C600_DK885_RS03185	C600_NZ_CP031214.1	619127	620011	885	+	nlpI	lipoprotein NlpI	C600	cds-WP_000802080.1	DK885_RS03185	GO:0005515
C600_DK885_RS03190	C600_NZ_CP031214.1	620118	620198	81	+	yrbN	protein YrbN	C600	cds-WP_010723222.1	DK885_RS03190	
C600_DK885_RS03195	C600_NZ_CP031214.1	620191	622080	1890	+	deaD	ATP-dependent RNA helicase DeaD	C600	cds-WP_001295553.1	DK885_RS03195	
C600_DK885_RS03200	C600_NZ_CP031214.1	622234	623478	1245	+	mtr	tryptophan permease	C600	cds-WP_000224351.1	DK885_RS03200	GO:0015801,GO:0015173,GO:0005886
C600_DK885_RS03205	C600_NZ_CP031214.1	623596	624603	1008	-	yhbW	luciferase-like monooxygenase	C600	cds-WP_000130380.1	DK885_RS03205	GO:0016705
C600_DK885_RS03210	C600_NZ_CP031214.1	624684	625562	879	-	ubiV	U32 family peptidase	C600	cds-WP_001301318.1	DK885_RS03210	GO:0006744
C600_DK885_RS03215	C600_NZ_CP031214.1	625571	626566	996	-	ubiU	ubiquinone anaerobic biosynthesis protein UbiU	C600	cds-WP_001311152.1	DK885_RS03215	GO:0006744
C600_DK885_RS03220	C600_NZ_CP031214.1	626775	627299	525	+	ubiT	ubiquinone anaerobic biosynthesis accessory factor UbiT	C600	cds-WP_001295552.1	DK885_RS03220	GO:0006744,GO:0110142
C600_DK885_RS03225	C600_NZ_CP031214.1	627293	627796	504	+	yhbS	GNAT family N-acetyltransferase	C600	cds-WP_000908554.1	DK885_RS03225	GO:0008080,GO:0016746
C600_DK885_RS03230	C600_NZ_CP031214.1	627783	628085	303	-	yhbQ	DNA damage response exodeoxyribonuclease YhbQ	C600	cds-WP_000189333.1	DK885_RS03230	
C600_DK885_RS03235	C600_NZ_CP031214.1	628136	628579	444	+	yhbP	YhbP family protein	C600	cds-WP_000449030.1	DK885_RS03235	
C600_DK885_RS03240	C600_NZ_CP031214.1	628559	629077	519	-	yhbO	protein/nucleic acid deglycase	C600	cds-WP_000037608.1	DK885_RS03240	
C600_DK885_RS03245	C600_NZ_CP031214.1	629205	629840	636	+	yraR	NAD(P)H-binding protein	C600	cds-WP_001300423.1	DK885_RS03245	
C600_DK885_RS03250	C600_NZ_CP031214.1	629913	630953	1041	+	yraQ	permease	C600	cds-WP_000147574.1	DK885_RS03250	GO:0005886
C600_DK885_RS03255	C600_NZ_CP031214.1	631067	631642	576	-	dolP	division/outer membrane stress-associated lipid-binding lipoprotein	C600	cds-WP_000646033.1	DK885_RS03255	GO:0006970
C600_DK885_RS03260	C600_NZ_CP031214.1	631652	632242	591	-	diaA	DnaA initiator-associating protein DiaA	C600	cds-WP_001158034.1	DK885_RS03260	
C600_DK885_RS03265	C600_NZ_CP031214.1	632262	632657	396	-	yraN	YraN family protein	C600	cds-WP_000246830.1	DK885_RS03265	
C600_DK885_RS03270	C600_NZ_CP031214.1	632615	634651	2037	-	lpoA	penicillin-binding protein activator LpoA	C600	cds-WP_000249104.1	DK885_RS03270	
C600_DK885_RS03275	C600_NZ_CP031214.1	634716	635576	861	+	rsmI	16S rRNA (cytidine(1402)-2'-O)-methyltransferase	C600	cds-WP_000809262.1	DK885_RS03275	GO:0008168
C600_DK885_RS03280	C600_NZ_CP031214.1	635619	636710	1092	-	yraK	fimbrial protein	C600	cds-WP_000816992.1	DK885_RS03280	GO:0007155,GO:0009289
C600_DK885_RS03285	C600_NZ_CP031214.1	636721	639237	2517	-	yraJ	fimbria/pilus outer membrane usher protein	C600	cds-WP_001355538.1	DK885_RS03285	GO:0009297,GO:0015473,GO:0016020
C600_DK885_RS03290	C600_NZ_CP031214.1	639266	639961	696	-	yraI	fimbrial biogenesis chaperone	C600	cds-WP_000044775.1	DK885_RS03290	GO:0043711,GO:0061077,GO:0030288
C600_DK885_RS03295	C600_NZ_CP031214.1	640041	640625	585	-	yraH	fimbrial protein	C600	cds-WP_001045432.1	DK885_RS03295	GO:0007155,GO:0009289
C600_DK885_RS03300	C600_NZ_CP031214.1	641026	641781	756	-	agaI	galactosamine-6-phosphate isomerase	C600	cds-WP_001311150.1	DK885_RS03300	
C600_DK885_RS03305	C600_NZ_CP031214.1	641782	642573	792	-	agaD	PTS galactosamine transporter subunit IID	C600	cds-WP_000534347.1	DK885_RS03305	
C600_DK885_RS03310	C600_NZ_CP031214.1	642563	643366	804	-	agaC	PTS galactosamine transporter subunit IIC	C600	cds-WP_000544489.1	DK885_RS03310	
C600_DK885_RS03315	C600_NZ_CP031214.1	643405	643881	477	-	agaB	PTS galactosamine transporter subunit IIB	C600	cds-WP_000203711.1	DK885_RS03315	
C600_DK885_RS03320	C600_NZ_CP031214.1	644048	644908	861	-	kbaY	tagatose-bisphosphate aldolase subunit KbaY	C600	cds-WP_000022766.1	DK885_RS03320	
C600_DK885_RS03325	C600_NZ_CP031214.1	644921	646075	1155	-	agaS	AgaS family sugar isomerase	C600	cds-WP_001114869.1	DK885_RS03325	
C600_DK885_RS03330	C600_NZ_CP031214.1	646426	646983	558	-	N-acetylglucosamine-6-phosphate deacetylase	N-acetylglucosamine-6-phosphate deacetylase	C600	cds-DK885_RS03330	DK885_RS03330	GO:0005975,GO:0046349,GO:0008448,GO:0046872
C600_DK885_RS03335	C600_NZ_CP031214.1	646976	647350	375	-	PTS sugar transporter subunit IIC	PTS sugar transporter subunit IIC	C600	cds-DK885_RS03335	DK885_RS03335	GO:0009401,GO:0016020
C600_DK885_RS03340	C600_NZ_CP031214.1	647361	647834	474	-	agaV	PTS N-acetylgalactosamine transporter subunit IIB	C600	cds-WP_001336162.1	DK885_RS03340	
C600_DK885_RS03345	C600_NZ_CP031214.1	647857	649137	1281	-	kbaZ	tagatose-bisphosphate aldolase subunit KbaZ	C600	cds-WP_000681920.1	DK885_RS03345	
C600_DK885_RS03355	C600_NZ_CP031214.1	649386	650195	810	+	agaR	aga operon transcriptional regulator AgaR	C600	cds-WP_000072187.1	DK885_RS03355	
C600_DK885_RS03360	C600_NZ_CP031214.1	650250	650714	465	-	yhaV	type II toxin-antitoxin system ribonuclease toxin YhaV	C600	cds-WP_000347273.1	DK885_RS03360	
C600_DK885_RS03365	C600_NZ_CP031214.1	650714	651049	336	-	prlF	type II toxin-antitoxin system antitoxin PrlF	C600	cds-WP_001307405.1	DK885_RS03365	
C600_DK885_RS03370	C600_NZ_CP031214.1	651198	652769	1572	-	garD	galactarate dehydratase	C600	cds-WP_001273753.1	DK885_RS03370	GO:0046392,GO:0008867
C600_DK885_RS03375	C600_NZ_CP031214.1	653144	654478	1335	+	garP	galactarate/glucarate/glycerate transporter GarP	C600	cds-WP_000599636.1	DK885_RS03375	
C600_DK885_RS03380	C600_NZ_CP031214.1	654494	655264	771	+	garL	2-dehydro-3-deoxyglucarate aldolase	C600	cds-WP_001058209.1	DK885_RS03380	GO:0019394,GO:0008672
C600_DK885_RS03385	C600_NZ_CP031214.1	655294	656184	891	+	garR	2-hydroxy-3-oxopropionate reductase	C600	cds-WP_001303675.1	DK885_RS03385	GO:0046487,GO:0008679
C600_DK885_RS03390	C600_NZ_CP031214.1	656281	657426	1146	+	garK	glycerate 2-kinase	C600	cds-WP_001300387.1	DK885_RS03390	GO:0031388,GO:0008887
C600_DK885_RS03400	C600_NZ_CP031214.1	658449	659636	1188	-	yhaC	YhaC family protein	C600	cds-WP_000484600.1	DK885_RS03400	
C600_DK885_RS03405	C600_NZ_CP031214.1	659658	660197	540	-	yhaB	protein YhaB	C600	cds-WP_000675733.1	DK885_RS03405	
C600_DK885_RS24200	C600_NZ_CP031214.1	660453	660671	219	-	tdcR	transcriptional activator TdcR	C600	cds-WP_001301311.1	DK885_RS24200	
C600_DK885_RS03415	C600_NZ_CP031214.1	660986	661924	939	+	tdcA	transcriptional regulator TdcA	C600	cds-WP_000104211.1	DK885_RS03415	GO:0006355,GO:0003700
C600_DK885_RS03425	C600_NZ_CP031214.1	662023	663012	990	+	tdcB	bifunctional threonine ammonia-lyase/L-serine ammonia-lyase TdcB	C600	cds-WP_000548347.1	DK885_RS03425	GO:0006567,GO:0004794,GO:0030170
C600_DK885_RS03430	C600_NZ_CP031214.1	663034	664365	1332	+	tdcC	threonine/serine transporter TdcC	C600	cds-WP_000107723.1	DK885_RS03430	
C600_DK885_RS03435	C600_NZ_CP031214.1	664391	665599	1209	+	tdcD	propionate kinase	C600	cds-WP_001295545.1	DK885_RS03435	GO:0006082,GO:0016310,GO:0016301
C600_DK885_RS03440	C600_NZ_CP031214.1	665633	667927	2295	+	tdcE	2-ketobutyrate formate-lyase/pyruvate formate-lyase	C600	cds-WP_000861734.1	DK885_RS03440	
C600_DK885_RS03445	C600_NZ_CP031214.1	667941	668330	390	+	tdcF	enamine/imine deaminase	C600	cds-WP_000719990.1	DK885_RS03445	
C600_DK885_RS03450	C600_NZ_CP031214.1	668402	669766	1365	+	tdcG	L-serine ammonia-lyase	C600	cds-WP_000622126.1	DK885_RS03450	
C600_DK885_RS03460	C600_NZ_CP031214.1	670041	671372	1332	+	cyuP	amino acid permease	C600	cds-WP_000401598.1	DK885_RS03460	
C600_DK885_RS03465	C600_NZ_CP031214.1	671400	672710	1311	+	cyuA	cysteine desulfidase	C600	cds-WP_000460499.1	DK885_RS03465	
C600_DK885_RS03470	C600_NZ_CP031214.1	672844	673008	165	-	yhaL	protein YhaL	C600	cds-WP_001345966.1	DK885_RS03470	
C600_DK885_RS03475	C600_NZ_CP031214.1	673031	673732	702	-	yhaK	pirin family protein	C600	cds-WP_000633576.1	DK885_RS03475	
C600_DK885_RS03480	C600_NZ_CP031214.1	673837	674733	897	+	yhaJ	DNA-binding transcriptional regulator YhaJ	C600	cds-WP_001041009.1	DK885_RS03480	
C600_DK885_RS03490	C600_NZ_CP031214.1	674784	675140	357	-	yhaI	DUF805 domain-containing protein	C600	cds-WP_001198807.1	DK885_RS03490	GO:0016020
C600_DK885_RS03495	C600_NZ_CP031214.1	675382	675747	366	-	yhaH	DUF805 domain-containing protein	C600	cds-WP_000384145.1	DK885_RS03495	GO:0016020
C600_DK885_RS03500	C600_NZ_CP031214.1	676041	677027	987	-	yqjG	glutathionyl-hydroquinone reductase YqjG	C600	cds-WP_000531213.1	DK885_RS03500	
C600_DK885_RS03505	C600_NZ_CP031214.1	677097	677489	393	-	yqjF	DoxX family protein	C600	cds-WP_000732240.1	DK885_RS03505	GO:0005886
C600_DK885_RS03510	C600_NZ_CP031214.1	677675	677974	300	-	yqjK	YqjK-like family protein	C600	cds-WP_000096091.1	DK885_RS03510	
C600_DK885_RS03515	C600_NZ_CP031214.1	677964	678368	405	-	yqjE	phage holin family protein	C600	cds-WP_000785722.1	DK885_RS03515	GO:0016020
C600_DK885_RS03520	C600_NZ_CP031214.1	678371	678676	306	-	yqjD	DUF883 family protein	C600	cds-WP_000031415.1	DK885_RS03520	GO:0043022,GO:0005886
C600_DK885_RS03525	C600_NZ_CP031214.1	678714	679082	369	-	yqjC	DUF1090 family protein YqjC	C600	cds-WP_001295543.1	DK885_RS03525	
C600_DK885_RS03530	C600_NZ_CP031214.1	679229	679612	384	-	mzrA	EnvZ/OmpR regulon moderator MzrA	C600	cds-WP_001166760.1	DK885_RS03530	
C600_DK885_RS03535	C600_NZ_CP031214.1	679616	680278	663	-	yqjA	DedA family general envelope maintenance protein YqjA	C600	cds-WP_000422149.1	DK885_RS03535	
C600_DK885_RS24205	C600_NZ_CP031214.1	680300	680383	84	-	yqiM	protein YqiM	C600	cds-WP_211180508.1	DK885_RS24205	
C600_DK885_RS03540	C600_NZ_CP031214.1	680623	681399	777	-	exuR	transcriptional regulator ExuR	C600	cds-WP_000406488.1	DK885_RS03540	
C600_DK885_RS03545	C600_NZ_CP031214.1	681529	682827	1299	-	exuT	hexuronate transporter ExuT	C600	cds-WP_001226465.1	DK885_RS03545	
C600_DK885_RS03550	C600_NZ_CP031214.1	683310	684722	1413	+	uxaC	glucuronate isomerase	C600	cds-WP_000187442.1	DK885_RS03550	GO:0006064,GO:0008880
C600_DK885_RS03555	C600_NZ_CP031214.1	684737	686224	1488	+	uxaA	altronate dehydratase	C600	cds-WP_001199390.1	DK885_RS03555	
C600_DK885_RS03560	C600_NZ_CP031214.1	686307	686858	552	+	ygjV	YgjV family protein	C600	cds-WP_000128135.1	DK885_RS03560	
C600_DK885_RS03565	C600_NZ_CP031214.1	686863	688107	1245	-	sstT	serine/threonine transporter SstT	C600	cds-WP_000211655.1	DK885_RS03565	GO:0015826,GO:0032329,GO:0015293,GO:0016020
C600_DK885_RS03570	C600_NZ_CP031214.1	688506	689471	966	-	alx	TerC family membrane protein Alx	C600	cds-WP_001098806.1	DK885_RS03570	
C600_DK885_RS03575	C600_NZ_CP031214.1	689754	690740	987	-	ygjR	Gfo/Idh/MocA family protein	C600	cds-WP_000617698.1	DK885_RS03575	GO:0000166,GO:0003824
C600_DK885_RS03580	C600_NZ_CP031214.1	690819	691511	693	-	ygjQ	SanA/YdcF family protein	C600	cds-WP_000942548.1	DK885_RS03580	GO:0016020
C600_DK885_RS03585	C600_NZ_CP031214.1	691588	692091	504	-	ygjP	M48 metallopeptidase family protein	C600	cds-WP_001333820.1	DK885_RS03585	GO:0008270,GO:0016787,GO:0046872
C600_DK885_RS03590	C600_NZ_CP031214.1	692176	693312	1137	+	rlmG	23S rRNA (guanine(1835)-N(2))-methyltransferase RlmG	C600	cds-WP_000018695.1	DK885_RS03590	GO:0031167,GO:0003676,GO:0008990
C600_DK885_RS03600	C600_NZ_CP031214.1	693596	693910	315	+	higB	type II toxin-antitoxin system toxin HigB	C600	cds-WP_000550189.1	DK885_RS03600	
C600_DK885_RS03605	C600_NZ_CP031214.1	693907	694323	417	+	higA	type II toxin-antitoxin system antitoxin HigA	C600	cds-WP_000560266.1	DK885_RS03605	
C600_DK885_RS03610	C600_NZ_CP031214.1	694368	696386	2019	-	fadH	NADPH-dependent 2,4-dienoyl-CoA reductase	C600	cds-WP_000121433.1	DK885_RS03610	
C600_DK885_RS03615	C600_NZ_CP031214.1	696812	699163	2352	-	ygjK	alpha-glucosidase	C600	cds-WP_000695487.1	DK885_RS03615	GO:0005991,GO:0004555
C600_DK885_RS03620	C600_NZ_CP031214.1	699180	700250	1071	-	ygjJ	protein YgjJ	C600	cds-WP_000767652.1	DK885_RS03620	
C600_DK885_RS03625	C600_NZ_CP031214.1	700384	701817	1434	-	ygjI	amino acid permease	C600	cds-WP_001285432.1	DK885_RS03625	GO:0055085,GO:0022857,GO:0016020
C600_DK885_RS03630	C600_NZ_CP031214.1	701880	702329	450	-	ebgC	beta-galactosidase subunit beta	C600	cds-WP_001219954.1	DK885_RS03630	
C600_DK885_RS03635	C600_NZ_CP031214.1	702326	705418	3093	-	ebgA	beta-galactosidase subunit alpha	C600	cds-WP_001082856.1	DK885_RS03635	GO:0004565
C600_DK885_RS03640	C600_NZ_CP031214.1	705602	706585	984	-	ebgR	transcriptional regulator EbgR	C600	cds-WP_000212475.1	DK885_RS03640	
C600_DK885_RS03650	C600_NZ_CP031214.1	706804	707136	333	+	ygjH	tRNA-binding protein	C600	cds-WP_000450594.1	DK885_RS03650	
C600_DK885_RS03655	C600_NZ_CP031214.1	707178	708557	1380	-	ygjG	putrescine aminotransferase	C600	cds-WP_001301395.1	DK885_RS03655	GO:0009447,GO:0030170,GO:0033094
C600_DK885_RS03665	C600_NZ_CP031214.1	708975	710495	1521	+	aer	aerotaxis sensor receptor Aer	C600	cds-WP_000094721.1	DK885_RS03665	
C600_DK885_RS03670	C600_NZ_CP031214.1	710649	711272	624	-	nfeR	DNA-binding transcriptional regulator NfeR	C600	cds-WP_000018003.1	DK885_RS03670	
C600_DK885_RS03675	C600_NZ_CP031214.1	711560	712324	765	+	nfeF	NADPH-dependent ferric chelate reductase NfeF	C600	cds-WP_001066494.1	DK885_RS03675	
C600_DK885_RS03685	C600_NZ_CP031214.1	712578	713084	507	+	mug	G/U mismatch-specific DNA glycosylase	C600	cds-WP_000228937.1	DK885_RS03685	GO:0006285,GO:0000700
C600_DK885_RS03690	C600_NZ_CP031214.1	713163	715004	1842	-	rpoD	RNA polymerase sigma factor RpoD	C600	cds-WP_000437376.1	DK885_RS03690	GO:0006355,GO:0003700,GO:0016987
C600_DK885_RS03700	C600_NZ_CP031214.1	715199	716944	1746	-	dnaG	DNA primase	C600	cds-WP_000918827.1	DK885_RS03700	GO:0006269,GO:0003899
C600_DK885_RS03705	C600_NZ_CP031214.1	717055	717270	216	-	rpsU	30S ribosomal protein S21	C600	cds-WP_001144069.1	DK885_RS03705	GO:0006412,GO:0003735,GO:0005840
C600_DK885_RS03715	C600_NZ_CP031214.1	717508	718521	1014	+	tsaD	tRNA (adenosine(37)-N6)-threonylcarbamoyltransferase complex transferase subunit TsaD	C600	cds-WP_001264352.1	DK885_RS03715	GO:0002949
C600_DK885_RS03720	C600_NZ_CP031214.1	718564	720027	1464	-	ttdT	L-tartrate/succinate antiporter	C600	cds-WP_000804973.1	DK885_RS03720	
C600_DK885_RS03725	C600_NZ_CP031214.1	720075	720679	605	-	ttdB	L(+)-tartrate dehydratase subunit beta	C600	cds-DK885_RS03725	DK885_RS03725	GO:0016836
C600_DK885_RS03730	C600_NZ_CP031214.1	720676	721587	912	-	ttdA	L(+)-tartrate dehydratase subunit alpha	C600	cds-WP_000986797.1	DK885_RS03730	GO:0008730
C600_DK885_RS03740	C600_NZ_CP031214.1	721794	722726	933	+	ttdR	L-tartrate utilization transcriptional activator TtdR	C600	cds-WP_000935206.1	DK885_RS03740	GO:0045893,GO:0003700,GO:0043565
C600_DK885_RS03745	C600_NZ_CP031214.1	722739	723356	618	-	plsY	glycerol-3-phosphate 1-O-acyltransferase PlsY	C600	cds-WP_001272796.1	DK885_RS03745	GO:0006654,GO:0008374,GO:0005886
C600_DK885_RS03750	C600_NZ_CP031214.1	723461	723829	369	+	folB	bifunctional dihydroneopterin aldolase/7,8-dihydroneopterin epimerase	C600	cds-WP_001295541.1	DK885_RS03750	GO:0006760,GO:0004150
C600_DK885_RS03755	C600_NZ_CP031214.1	723919	724740	822	+	bacA	undecaprenyl-diphosphate phosphatase	C600	cds-WP_001281927.1	DK885_RS03755	GO:0016311,GO:0050380,GO:0016020
C600_DK885_RS03760	C600_NZ_CP031214.1	724921	726159	1239	-	cca	fused tRNA nucleotidyltransferase/2',3'-cyclic phosphodiesterase/2' nucleotidase/phosphatase Cca	C600	cds-WP_000708487.1	DK885_RS03760	
C600_DK885_RS03765	C600_NZ_CP031214.1	726223	726843	621	-	ygiM	TIGR04211 family SH3 domain-containing protein	C600	cds-WP_001125331.1	DK885_RS03765	
C600_DK885_RS03775	C600_NZ_CP031214.1	727085	728386	1302	+	ygiF	inorganic triphosphatase	C600	cds-WP_000046281.1	DK885_RS03775	
C600_DK885_RS03780	C600_NZ_CP031214.1	728409	731249	2841	+	glnE	bifunctional [glutamate--ammonia ligase]-adenylyl-L-tyrosine phosphorylase/[glutamate--ammonia-ligase] adenylyltransferase	C600	cds-WP_001301081.1	DK885_RS03780	GO:0008882
C600_DK885_RS03785	C600_NZ_CP031214.1	731297	732730	1434	+	hldE	bifunctional D-glycero-beta-D-manno-heptose-7-phosphate kinase/D-glycero-beta-D-manno-heptose 1-phosphate adenylyltransferase HldE	C600	cds-WP_000869178.1	DK885_RS03785	GO:0005975,GO:0009058,GO:0016779
C600_DK885_RS03790	C600_NZ_CP031214.1	732850	732909	60	-	ibsE	type I toxin-antitoxin system toxin IbsE	C600	cds-WP_010723221.1	DK885_RS03790	
C600_DK885_RS03800	C600_NZ_CP031214.1	733225	733284	60	-	WP_001387081.1	type I toxin-antitoxin system Ibs family toxin	C600	cds-WP_001387081.1	DK885_RS03800	
C600_DK885_RS03805	C600_NZ_CP031214.1	733525	735186	1662	-	yqiK	flotillin family protein	C600	cds-WP_001311137.1	DK885_RS03805	GO:0016020,GO:0016600
C600_DK885_RS03810	C600_NZ_CP031214.1	735213	735842	630	-	yqiJ	OB-fold-containig protein	C600	cds-WP_000599926.1	DK885_RS03810	
C600_DK885_RS03815	C600_NZ_CP031214.1	736111	736311	201	+	glgS	cell surface composition regulator GlgS	C600	cds-WP_000350095.1	DK885_RS03815	
C600_DK885_RS03820	C600_NZ_CP031214.1	736354	737418	1065	-	yqiI	fimbrial protein	C600	cds-WP_001269802.1	DK885_RS03820	
C600_DK885_RS03825	C600_NZ_CP031214.1	737420	738169	750	-	yqiH	fimbrial biogenesis chaperone	C600	cds-WP_001269824.1	DK885_RS03825	GO:0043711,GO:0061077,GO:0030288
C600_DK885_RS03830	C600_NZ_CP031214.1	738185	740650	2466	-	WP_000016375.1	fimbria/pilus outer membrane usher protein	C600	cds-WP_000016375.1	DK885_RS03830	GO:0009297,GO:0015473,GO:0016020
C600_DK885_RS03835	C600_NZ_CP031214.1	740635	741863	1229	-	WP_088895425.1	IS3-like element IS2 family transposase	C600	cds-WP_088895425.1	DK885_RS03835	GO:0006313,GO:0004803
C600_DK885_RS03850	C600_NZ_CP031214.1	742085	742636	552	-	ygiL	fimbrial-like protein	C600	cds-WP_001272145.1	DK885_RS03850	
C600_DK885_RS03855	C600_NZ_CP031214.1	742920	743210	291	-	ubiK	ubiquinone biosynthesis accessory factor UbiK	C600	cds-WP_001295626.1	DK885_RS03855	GO:0006744,GO:0042802
C600_DK885_RS03860	C600_NZ_CP031214.1	743584	744237	654	+	ribB	3,4-dihydroxy-2-butanone-4-phosphate synthase	C600	cds-WP_001076997.1	DK885_RS03860	GO:0008686
C600_DK885_RS03865	C600_NZ_CP031214.1	744499	744669	171	+	yqiD	protein YqiD	C600	cds-WP_000469266.1	DK885_RS03865	
C600_DK885_RS03870	C600_NZ_CP031214.1	744727	745500	774	-	zupT	zinc transporter ZupT	C600	cds-WP_001295627.1	DK885_RS03870	
C600_DK885_RS03875	C600_NZ_CP031214.1	745643	746431	789	+	ygiD	4,5-DOPA dioxygenase extradiol	C600	cds-WP_001320780.1	DK885_RS03875	
C600_DK885_RS03880	C600_NZ_CP031214.1	746469	747629	1161	-	ygiC	glutathionylspermidine synthase family protein	C600	cds-WP_000442860.1	DK885_RS03880	GO:0005524,GO:0016874,GO:0046872
C600_DK885_RS03885	C600_NZ_CP031214.1	747635	748306	672	-	ygiB	DUF1190 family protein	C600	cds-WP_000831543.1	DK885_RS03885	
C600_DK885_RS03895	C600_NZ_CP031214.1	748454	749935	1482	-	tolC	outer membrane channel protein TolC	C600	cds-WP_000735278.1	DK885_RS03895	GO:0055085,GO:0015562
C600_DK885_RS03900	C600_NZ_CP031214.1	750140	750769	630	+	nudF	ADP-ribose diphosphatase	C600	cds-WP_000917117.1	DK885_RS03900	GO:0016787,GO:0046872
C600_DK885_RS03905	C600_NZ_CP031214.1	750770	751192	423	+	yqiB	DUF1249 family protein	C600	cds-WP_000833393.1	DK885_RS03905	
C600_DK885_RS03910	C600_NZ_CP031214.1	751217	752044	828	+	cpdA	3',5'-cyclic-AMP phosphodiesterase	C600	cds-WP_000444747.1	DK885_RS03910	GO:0004115
C600_DK885_RS03915	C600_NZ_CP031214.1	752044	752625	582	+	yqiA	esterase YqiA	C600	cds-WP_000105733.1	DK885_RS03915	
C600_DK885_RS03920	C600_NZ_CP031214.1	752654	754546	1893	+	parE	DNA topoisomerase IV subunit B	C600	cds-WP_000195296.1	DK885_RS03920	GO:0006265,GO:0003677,GO:0003918,GO:0005524,GO:0005694
C600_DK885_RS03925	C600_NZ_CP031214.1	754594	754908	315	-	ygiN	putative quinol monooxygenase	C600	cds-WP_000958598.1	DK885_RS03925	GO:0017000,GO:0004497,GO:0016491
C600_DK885_RS03930	C600_NZ_CP031214.1	754939	755520	582	-	mdaB	NADPH:quinone oxidoreductase MdaB	C600	cds-WP_000065430.1	DK885_RS03930	
C600_DK885_RS03940	C600_NZ_CP031214.1	755839	756171	333	+	ygiZ	DUF2645 family protein	C600	cds-WP_000917684.1	DK885_RS03940	
C600_DK885_RS03945	C600_NZ_CP031214.1	756217	757566	1350	-	qseC	quorum sensing histidine kinase QseC	C600	cds-WP_000673402.1	DK885_RS03945	GO:0007165,GO:0000155
C600_DK885_RS03950	C600_NZ_CP031214.1	757563	758222	660	-	qseB	quorum sensing response regulator transcription factor QseB	C600	cds-WP_001221495.1	DK885_RS03950	
C600_DK885_RS03955	C600_NZ_CP031214.1	758374	758766	393	+	ygiW	OB fold stress tolerance protein YgiW	C600	cds-WP_000712658.1	DK885_RS03955	
C600_DK885_RS03960	C600_NZ_CP031214.1	758819	759301	483	+	ygiV	AraC family transcriptional regulator	C600	cds-WP_000183505.1	DK885_RS03960	GO:0006355,GO:0003677,GO:0003700,GO:0043565
C600_DK885_RS03965	C600_NZ_CP031214.1	759506	759802	297	+	mqsR	type II toxin-antitoxin system toxin MqsR	C600	cds-WP_000415584.1	DK885_RS03965	
C600_DK885_RS03970	C600_NZ_CP031214.1	759804	760199	396	+	mqsA	type II toxin-antitoxin system antitoxin MqsA	C600	cds-WP_000650107.1	DK885_RS03970	
C600_DK885_RS03980	C600_NZ_CP031214.1	760332	761939	1608	+	ygiS	ABC transporter substrate-binding protein	C600	cds-WP_001295629.1	DK885_RS03980	
C600_DK885_RS03985	C600_NZ_CP031214.1	762077	764335	2259	+	parC	DNA topoisomerase IV subunit A	C600	cds-WP_001281881.1	DK885_RS03985	GO:0006265,GO:0003918,GO:0009340
C600_DK885_RS03990	C600_NZ_CP031214.1	764569	765306	738	+	plsC	1-acylglycerol-3-phosphate O-acyltransferase	C600	cds-WP_000965722.1	DK885_RS03990	
C600_DK885_RS03995	C600_NZ_CP031214.1	765381	766793	1413	+	ftsP	cell division protein FtsP	C600	cds-WP_000059388.1	DK885_RS03995	GO:0043093,GO:0016491
C600_DK885_RS04000	C600_NZ_CP031214.1	766904	769123	2220	+	ygiQ	YgiQ family radical SAM protein	C600	cds-WP_000095187.1	DK885_RS04000	GO:1904047
C600_DK885_RS04005	C600_NZ_CP031214.1	769166	769423	258	-	yqhH	lipoprotein YqhH	C600	cds-WP_000848528.1	DK885_RS04005	
C600_DK885_RS04010	C600_NZ_CP031214.1	769474	770400	927	-	yqhG	YbjP/YqhG family protein	C600	cds-WP_000691619.1	DK885_RS04010	
C600_DK885_RS04015	C600_NZ_CP031214.1	770600	771427	828	-	dkgA	2,5-didehydrogluconate reductase DkgA	C600	cds-WP_000013149.1	DK885_RS04015	GO:0050580
C600_DK885_RS04020	C600_NZ_CP031214.1	771532	772695	1164	-	yqhD	alcohol dehydrogenase	C600	cds-WP_001058802.1	DK885_RS04020	GO:0046872,GO:1990362
C600_DK885_RS04025	C600_NZ_CP031214.1	772889	773788	900	+	yqhC	DNA-binding transcriptional regulator YqhC	C600	cds-WP_001407451.1	DK885_RS04025	
C600_DK885_RS04030	C600_NZ_CP031214.1	773828	774487	660	-	yghB	DedA family general envelope maintenance protein YghB	C600	cds-WP_000268419.1	DK885_RS04030	
C600_DK885_RS04035	C600_NZ_CP031214.1	774627	775814	1188	-	metC	cystathionine beta-lyase	C600	cds-WP_045152743.1	DK885_RS04035	GO:0006520,GO:0019346,GO:0030170,GO:0047804
C600_DK885_RS04045	C600_NZ_CP031214.1	776066	776800	735	+	exbB	tol-pal system-associated acyl-CoA thioesterase	C600	cds-WP_000527844.1	DK885_RS04045	GO:0055085,GO:0022857
C600_DK885_RS04050	C600_NZ_CP031214.1	776807	777232	426	+	exbD	TonB system transport protein ExbD	C600	cds-WP_001240712.1	DK885_RS04050	GO:0055085,GO:0022857
C600_DK885_RS04055	C600_NZ_CP031214.1	777504	778388	885	-	yghA	NADP(+)-dependent aldehyde reductase	C600	cds-WP_000018760.1	DK885_RS04055	
C600_DK885_RS04060	C600_NZ_CP031214.1	778579	779073	495	+	yqhA	TIGR00645 family protein	C600	cds-WP_000439331.1	DK885_RS04060	
C600_DK885_RS04065	C600_NZ_CP031214.1	779113	780153	1041	-	gpr	L-glyceraldehyde 3-phosphate reductase	C600	cds-WP_000262172.1	DK885_RS04065	
C600_DK885_RS04075	C600_NZ_CP031214.1	780310	781194	885	+	yghX	YghX family hydrolase	C600	cds-DK885_RS04075	DK885_RS04075	
C600_DK885_RS04080	C600_NZ_CP031214.1	781313	781600	288	+	yghW	DUF2623 family protein YghW	C600	cds-WP_001059136.1	DK885_RS04080	
C600_DK885_RS04090	C600_NZ_CP031214.1	781789	782907	1119	+	hybO	hydrogenase 2 small subunit	C600	cds-WP_000145410.1	DK885_RS04090	
C600_DK885_RS04095	C600_NZ_CP031214.1	782910	783896	987	+	hybA	hydrogenase 2 operon protein HybA	C600	cds-WP_001081870.1	DK885_RS04095	
C600_DK885_RS04100	C600_NZ_CP031214.1	783886	785064	1179	+	hybB	Ni/Fe-hydrogenase cytochrome b subunit	C600	cds-WP_000017703.1	DK885_RS04100	
C600_DK885_RS04105	C600_NZ_CP031214.1	785061	786764	1704	+	hybC	hydrogenase 2 large subunit	C600	cds-WP_000083065.1	DK885_RS04105	GO:0008901
C600_DK885_RS04110	C600_NZ_CP031214.1	786764	787258	495	+	hybD	HyaD/HybD family hydrogenase maturation endopeptidase	C600	cds-WP_001221939.1	DK885_RS04110	
C600_DK885_RS04115	C600_NZ_CP031214.1	787251	787739	489	+	hybE	hydrogenase-2 assembly chaperone	C600	cds-WP_000134014.1	DK885_RS04115	
C600_DK885_RS04120	C600_NZ_CP031214.1	787732	788073	342	+	hypA	hydrogenase maturation nickel metallochaperone HypA	C600	cds-WP_000544953.1	DK885_RS04120	GO:0036211,GO:0008901,GO:0016151
C600_DK885_RS04125	C600_NZ_CP031214.1	788086	788334	249	+	hybG	hydrogenase maturation factor HybG	C600	cds-WP_000334896.1	DK885_RS04125	
C600_DK885_RS04130	C600_NZ_CP031214.1	788457	789323	867	-	yghU	glutathione-dependent disulfide-bond oxidoreductase	C600	cds-WP_001295515.1	DK885_RS04130	GO:0006749,GO:0005515
C600_DK885_RS04135	C600_NZ_CP031214.1	789528	791387	1860	+	gss	bifunctional glutathionylspermidine amidase/synthase	C600	cds-WP_001297309.1	DK885_RS04135	
C600_DK885_RS04140	C600_NZ_CP031214.1	791679	793178	1500	+	pitB	inorganic phosphate transporter PitB	C600	cds-WP_000933250.1	DK885_RS04140	
C600_DK885_RS04145	C600_NZ_CP031214.1	793227	793919	693	-	yghT	dTMP kinase	C600	cds-WP_001190781.1	DK885_RS04145	GO:0006233,GO:0006235,GO:0016310,GO:0004798,GO:0005524
C600_DK885_RS04150	C600_NZ_CP031214.1	794093	794806	714	+	yghS	dTMP kinase	C600	cds-WP_001076243.1	DK885_RS04150	GO:0006233,GO:0006235,GO:0016310,GO:0004798,GO:0005524
C600_DK885_RS04155	C600_NZ_CP031214.1	794838	795596	759	+	WP_000339531.1	ATP-binding protein	C600	cds-WP_000339531.1	DK885_RS04155	
C600_DK885_RS04160	C600_NZ_CP031214.1	795642	796706	1065	+	yghQ	lipopolysaccharide biosynthesis protein	C600	cds-DK885_RS04160	DK885_RS04160	GO:0140327,GO:0016020
C600_DK885_RS04165	C600_NZ_CP031214.1	796856	797836	981	-	WP_000019403.1	IS5-like element IS5 family transposase	C600	cds-WP_000019403.1-3	DK885_RS04165	GO:0006313,GO:0004803
C600_DK885_RS04170	C600_NZ_CP031214.1	797871	799007	1137	+	yghO	protein YghO	C600	cds-WP_000626849.1	DK885_RS04170	
C600_DK885_RS04175	C600_NZ_CP031214.1	799014	799778	765	-	glcC	transcriptional regulator GlcC	C600	cds-WP_001297764.1	DK885_RS04175	GO:0006355,GO:0003700
C600_DK885_RS04180	C600_NZ_CP031214.1	800029	801528	1500	+	glcD	glycolate oxidase subunit GlcD	C600	cds-WP_000026117.1	DK885_RS04180	GO:0003973,GO:0071949,GO:0009339
C600_DK885_RS04185	C600_NZ_CP031214.1	801528	802580	1053	+	glcE	glycolate oxidase subunit GlcE	C600	cds-WP_000943100.1	DK885_RS04185	GO:0016491,GO:0071949
C600_DK885_RS04190	C600_NZ_CP031214.1	802591	803814	1224	+	glcF	glycolate oxidase subunit GlcF	C600	cds-WP_001194661.1	DK885_RS04190	GO:0051536
C600_DK885_RS04195	C600_NZ_CP031214.1	803819	804223	405	+	glcG	GlcG family protein	C600	cds-WP_000853256.1	DK885_RS04195	
C600_DK885_RS04200	C600_NZ_CP031214.1	804245	806416	2172	+	glcB	malate synthase G	C600	cds-WP_000084131.1	DK885_RS04200	GO:0006097,GO:0004474
C600_DK885_RS04205	C600_NZ_CP031214.1	806771	808453	1683	+	glcA	glycolate permease GlcA	C600	cds-WP_000259302.1	DK885_RS04205	
C600_DK885_RS04215	C600_NZ_CP031214.1	808938	813500	4563	+	sslE	lipoprotein metalloprotease SslE	C600	cds-WP_001034469.1	DK885_RS04215	
C600_DK885_RS04220	C600_NZ_CP031214.1	813698	814507	810	+	pppA	prepilin peptidase PppA	C600	cds-WP_001333829.1	DK885_RS04220	
C600_DK885_RS04225	C600_NZ_CP031214.1	814573	814983	411	+	gspS2	type II secretion system pilot lipoprotein GspS-beta	C600	cds-WP_001324279.1	DK885_RS04225	
C600_DK885_RS04230	C600_NZ_CP031214.1	815001	815996	996	+	gspC	type II secretion system protein GspC	C600	cds-WP_000135077.1	DK885_RS04230	
C600_DK885_RS04235	C600_NZ_CP031214.1	815948	816922	975	+	gspL	type II secretion system protein GspL	C600	cds-DK885_RS04235	DK885_RS04235	GO:0015628,GO:0009276,GO:0015627
C600_DK885_RS04240	C600_NZ_CP031214.1	816924	817460	537	+	yghD	GspM family type II secretion system protein YghD	C600	cds-WP_000942785.1	DK885_RS04240	
C600_DK885_RS04250	C600_NZ_CP031214.1	817790	818497	708	-	yqgA	DUF554 domain-containing protein	C600	cds-WP_000234514.1	DK885_RS04250	
C600_DK885_RS24210	C600_NZ_CP031214.1	818650	818733	84	+	yqgH	protein YqgH	C600	cds-WP_211180506.1	DK885_RS24210	
C600_DK885_RS04260	C600_NZ_CP031214.1	818895	821030	2136	+	speC	ornithine decarboxylase	C600	cds-WP_001326492.1	DK885_RS04260	
C600_DK885_RS04265	C600_NZ_CP031214.1	821080	822336	1257	-	nupG	nucleoside permease NupG	C600	cds-WP_001049791.1	DK885_RS04265	
C600_DK885_RS04270	C600_NZ_CP031214.1	822538	823617	1080	-	mltC	membrane-bound lytic murein transglycosylase MltC	C600	cds-WP_000760323.1	DK885_RS04270	GO:0000270,GO:0008933,GO:0016020
C600_DK885_RS04275	C600_NZ_CP031214.1	823682	823957	276	-	yggX	oxidative damage protection protein	C600	cds-WP_000091700.1	DK885_RS04275	GO:0005506
C600_DK885_RS04280	C600_NZ_CP031214.1	823985	825037	1053	-	mutY	A/G-specific adenine glycosylase	C600	cds-WP_001321419.1	DK885_RS04280	GO:0006281,GO:0019104
C600_DK885_RS04290	C600_NZ_CP031214.1	825198	825917	720	+	trmB	tRNA (guanosine(46)-N7)-methyltransferase TrmB	C600	cds-WP_000786911.1	DK885_RS04290	GO:0006400,GO:0008176
C600_DK885_RS04295	C600_NZ_CP031214.1	825917	826243	327	+	yggL	YggL family protein	C600	cds-WP_001107564.1	DK885_RS04295	
C600_DK885_RS04300	C600_NZ_CP031214.1	826427	827146	720	+	yggN	DUF2884 domain-containing protein	C600	cds-WP_000984796.1	DK885_RS04300	
C600_DK885_RS04305	C600_NZ_CP031214.1	827322	828368	1047	+	ansB	L-asparaginase 2	C600	cds-WP_000394140.1	DK885_RS04305	GO:0006528,GO:0004067
C600_DK885_RS04310	C600_NZ_CP031214.1	828485	829492	1008	+	yggM	DUF1202 family protein	C600	cds-WP_000745210.1	DK885_RS04310	
C600_DK885_RS04315	C600_NZ_CP031214.1	829647	830783	1137	-	hemW	radical SAM family heme chaperone HemW	C600	cds-WP_000239943.1	DK885_RS04315	GO:0006779,GO:0051539,GO:0051989,GO:0005737
C600_DK885_RS04320	C600_NZ_CP031214.1	830776	831369	594	-	rdgB	RdgB/HAM1 family non-canonical purine NTP pyrophosphatase	C600	cds-WP_001174777.1	DK885_RS04320	GO:0006281,GO:0035870,GO:0036222
C600_DK885_RS04325	C600_NZ_CP031214.1	831377	831667	291	-	yggU	DUF167 family protein YggU	C600	cds-WP_000994920.1	DK885_RS04325	
C600_DK885_RS04330	C600_NZ_CP031214.1	831664	832230	567	-	yggT	osmotic shock tolerance protein YggT	C600	cds-WP_001094831.1	DK885_RS04330	
C600_DK885_RS04335	C600_NZ_CP031214.1	832248	832952	705	-	yggS	pyridoxal phosphate homeostasis protein	C600	cds-WP_000997795.1	DK885_RS04335	
C600_DK885_RS04340	C600_NZ_CP031214.1	832970	833950	981	+	yggR	PilT/PilU family type 4a pilus ATPase	C600	cds-WP_001326494.1	DK885_RS04340	GO:0043107,GO:0005524
C600_DK885_RS04345	C600_NZ_CP031214.1	834134	834550	417	-	ruvX	Holliday junction resolvase RuvX	C600	cds-WP_000017106.1	DK885_RS04345	GO:0006364
C600_DK885_RS04350	C600_NZ_CP031214.1	834550	835113	564	-	yqgE	YqgE/AlgH family protein	C600	cds-WP_001053178.1	DK885_RS04350	
C600_DK885_RS04355	C600_NZ_CP031214.1	835222	836172	951	-	gshB	glutathione synthase	C600	cds-WP_000593273.1	DK885_RS04355	GO:0006750,GO:0004363,GO:0005524,GO:0046872
C600_DK885_RS04360	C600_NZ_CP031214.1	836185	836916	732	-	rsmE	16S rRNA (uracil(1498)-N(3))-methyltransferase	C600	cds-WP_001222509.1	DK885_RS04360	GO:0006364,GO:0008168
C600_DK885_RS04365	C600_NZ_CP031214.1	836996	837703	708	-	endA	deoxyribonuclease I	C600	cds-WP_000286500.1	DK885_RS04365	GO:0004518
C600_DK885_RS04370	C600_NZ_CP031214.1	837798	838295	498	-	yggI	SprT family zinc-dependent metalloprotease	C600	cds-WP_001300769.1	DK885_RS04370	
C600_DK885_RS04375	C600_NZ_CP031214.1	838372	839766	1395	-	galP	galactose/proton symporter	C600	cds-WP_001112301.1	DK885_RS04375	
C600_DK885_RS04380	C600_NZ_CP031214.1	840190	841344	1155	-	metK	methionine adenosyltransferase	C600	cds-WP_001062128.1	DK885_RS04380	GO:0006556,GO:0004478,GO:0005524
C600_DK885_RS24440	C600_NZ_CP031214.1	841400	841651	252	+	yqgD	protein YqgD	C600	cds-WP_001326496.1	DK885_RS24440	
C600_DK885_RS24445	C600_NZ_CP031214.1	841762	841905	144	+	yqgG	protein YqgG	C600	cds-WP_001297404.1	DK885_RS24445	
C600_DK885_RS04395	C600_NZ_CP031214.1	841999	842130	132	+	yqgB	acid stress response protein YqgB	C600	cds-WP_001297406.1	DK885_RS04395	
C600_DK885_RS04400	C600_NZ_CP031214.1	842139	844115	1977	+	speA	biosynthetic arginine decarboxylase	C600	cds-WP_001300904.1	DK885_RS04400	GO:0006527,GO:0008792
C600_DK885_RS04405	C600_NZ_CP031214.1	844253	845173	921	+	speB	agmatinase	C600	cds-WP_000105566.1	DK885_RS04405	GO:0008295,GO:0008783
C600_DK885_RS04410	C600_NZ_CP031214.1	845379	846137	759	-	loiP	metalloprotease LoiP	C600	cds-WP_001326497.1	DK885_RS04410	
C600_DK885_RS04415	C600_NZ_CP031214.1	846415	848406	1992	+	tkt	transketolase	C600	cds-WP_000098614.1	DK885_RS04415	GO:0004802
C600_DK885_RS04420	C600_NZ_CP031214.1	848720	849163	444	+	cmtB	PTS mannitol transporter subunit IIA	C600	cds-WP_001239650.1	DK885_RS04420	
C600_DK885_RS04425	C600_NZ_CP031214.1	849191	850579	1389	+	cmtA	PTS mannitol transporter subunit IICB	C600	cds-WP_000428805.1	DK885_RS04425	
C600_DK885_RS04430	C600_NZ_CP031214.1	850594	851871	1278	+	yggP	zinc-binding dehydrogenase	C600	cds-WP_000853247.1	DK885_RS04430	
C600_DK885_RS04435	C600_NZ_CP031214.1	851868	852833	966	+	glpX	class II fructose-bisphosphatase	C600	cds-WP_000987283.1	DK885_RS04435	GO:0006071,GO:0006094,GO:0042132
C600_DK885_RS04440	C600_NZ_CP031214.1	852855	853364	510	+	fumE	fumarase E	C600	cds-WP_000224147.1	DK885_RS04440	
C600_DK885_RS04445	C600_NZ_CP031214.1	853361	854074	714	+	yggC	nucleoside/nucleotide kinase family protein	C600	cds-WP_000687705.1	DK885_RS04445	
C600_DK885_RS04455	C600_NZ_CP031214.1	854359	855378	1020	+	epd	erythrose-4-phosphate dehydrogenase	C600	cds-WP_000218480.1	DK885_RS04455	GO:0042823,GO:0048001,GO:0051287
C600_DK885_RS04460	C600_NZ_CP031214.1	855428	856591	1164	+	pgk	phosphoglycerate kinase	C600	cds-WP_000111269.1	DK885_RS04460	
C600_DK885_RS04465	C600_NZ_CP031214.1	856806	857885	1080	+	fbaA	class II fructose-bisphosphate aldolase	C600	cds-WP_000034372.1	DK885_RS04465	GO:0005975,GO:0006096,GO:0004332,GO:0008270
C600_DK885_RS04475	C600_NZ_CP031214.1	858243	859103	861	+	mscS	small-conductance mechanosensitive channel MscS	C600	cds-WP_000389818.1	DK885_RS04475	
C600_DK885_RS04480	C600_NZ_CP031214.1	859242	859877	636	+	argO	arginine exporter ArgO	C600	cds-WP_000493352.1	DK885_RS04480	GO:1903826,GO:0061459,GO:0016020
C600_DK885_RS04485	C600_NZ_CP031214.1	859970	860710	741	+	yggE	oxidative stress defense protein	C600	cds-WP_000669834.1	DK885_RS04485	
C600_DK885_RS04490	C600_NZ_CP031214.1	860877	861773	897	+	srsR	LysR family transcriptional regulator SrsR	C600	cds-WP_000350807.1	DK885_RS04490	GO:0003700
C600_DK885_RS04495	C600_NZ_CP031214.1	861770	863248	1479	-	scpC	propionyl-CoA:succinate CoA transferase	C600	cds-WP_000449965.1	DK885_RS04495	
C600_DK885_RS04500	C600_NZ_CP031214.1	863272	864057	786	-	scpB	methylmalonyl-CoA decarboxylase	C600	cds-WP_000122080.1	DK885_RS04500	
C600_DK885_RS04505	C600_NZ_CP031214.1	864068	865063	996	-	meaB	methylmalonyl Co-A mutase-associated GTPase MeaB	C600	cds-WP_000606525.1	DK885_RS04505	GO:0003924,GO:0005525
C600_DK885_RS04510	C600_NZ_CP031214.1	865056	867200	2145	-	scpA	methylmalonyl-CoA mutase	C600	cds-WP_000073223.1	DK885_RS04510	GO:0004494,GO:0031419,GO:0046872
C600_DK885_RS04515	C600_NZ_CP031214.1	867404	868297	894	-	argP	DNA-binding transcriptional regulator ArgP	C600	cds-WP_000828351.1	DK885_RS04515	
C600_DK885_RS04520	C600_NZ_CP031214.1	868439	868669	231	+	WP_000545308.1	LysR substrate-binding domain-containing protein	C600	cds-WP_000545308.1	DK885_RS04520	
C600_DK885_RS04525	C600_NZ_CP031214.1	868725	869384	660	+	rpiA	ribose-5-phosphate isomerase RpiA	C600	cds-WP_000189743.1	DK885_RS04525	GO:0009052,GO:0004751
C600_DK885_RS04530	C600_NZ_CP031214.1	869640	870872	1233	+	serA	phosphoglycerate dehydrogenase	C600	cds-WP_001151604.1	DK885_RS04530	GO:0016616,GO:0051287
C600_DK885_RS04535	C600_NZ_CP031214.1	871101	871160	60	+	ibsC	type I toxin-antitoxin system toxin IbsC	C600	cds-WP_010723220.1	DK885_RS04535	
C600_DK885_RS04540	C600_NZ_CP031214.1	871261	871863	603	-	fau	5-formyltetrahydrofolate cyclo-ligase	C600	cds-WP_000192748.1	DK885_RS04540	
C600_DK885_RS04550	C600_NZ_CP031214.1	872109	872438	330	-	zapA	cell division protein ZapA	C600	cds-WP_001276008.1	DK885_RS04550	
C600_DK885_RS04560	C600_NZ_CP031214.1	872606	873184	579	+	ygfB	UPF0149 family protein YgfB	C600	cds-WP_001295378.1	DK885_RS04560	
C600_DK885_RS04565	C600_NZ_CP031214.1	873210	874535	1326	+	pepP	Xaa-Pro aminopeptidase	C600	cds-WP_001290136.1	DK885_RS04565	GO:0070006
C600_DK885_RS04570	C600_NZ_CP031214.1	874532	875710	1179	+	ubiH	2-octaprenyl-6-methoxyphenyl hydroxylase	C600	cds-WP_000111195.1	DK885_RS04570	GO:0006744,GO:0008681,GO:0016709,GO:0071949
C600_DK885_RS04575	C600_NZ_CP031214.1	875733	876935	1203	+	ubiI	FAD-dependent 2-octaprenylphenol hydroxylase	C600	cds-WP_001192229.1	DK885_RS04575	GO:0006744,GO:0016709,GO:0071949
C600_DK885_RS23825	C600_NZ_CP031214.1	877009	877092	84	-	WP_120795391.1	protein YqfI	C600	cds-WP_120795391.1	DK885_RS23825	
C600_DK885_RS04580	C600_NZ_CP031214.1	877383	878477	1095	+	gcvT	glycine cleavage system aminomethyltransferase GcvT	C600	cds-WP_000068701.1	DK885_RS04580	GO:0019464,GO:0004047,GO:0005737
C600_DK885_RS04585	C600_NZ_CP031214.1	878501	878890	390	+	gcvH	glycine cleavage system protein GcvH	C600	cds-WP_001295377.1	DK885_RS04585	GO:0019464,GO:0005960
C600_DK885_RS04590	C600_NZ_CP031214.1	879009	881882	2874	+	gcvP	aminomethyl-transferring glycine dehydrogenase	C600	cds-WP_000195062.1	DK885_RS04590	GO:0019464,GO:0004375
C600_DK885_RS04595	C600_NZ_CP031214.1	882149	882892	744	+	ygfF	SDR family oxidoreductase	C600	cds-WP_000951964.1	DK885_RS04595	GO:0016491
C600_DK885_RS04600	C600_NZ_CP031214.1	882949	884382	1434	-	bglA	6-phospho-beta-glucosidase BglA	C600	cds-WP_001336277.1	DK885_RS04600	
C600_DK885_RS04605	C600_NZ_CP031214.1	884427	884738	312	+	yqfB	N(4)-acetylcytidine aminohydrolase	C600	cds-WP_001182957.1	DK885_RS04605	
C600_DK885_RS04610	C600_NZ_CP031214.1	884902	885561	660	+	trhA	PAQR family membrane homeostasis protein TrhA	C600	cds-WP_000250274.1	DK885_RS04610	GO:0019835
C600_DK885_RS04615	C600_NZ_CP031214.1	885757	886737	981	-	ygfZ	tRNA-modifying protein YgfZ	C600	cds-WP_000886062.1	DK885_RS04615	GO:0009451,GO:0005542
C600_DK885_RS04620	C600_NZ_CP031214.1	886980	887246	267	+	sdhE	FAD assembly factor SdhE	C600	cds-WP_000354046.1	DK885_RS04620	
C600_DK885_RS04625	C600_NZ_CP031214.1	887227	887634	408	+	ygfX	protein YgfX	C600	cds-WP_000244777.1	DK885_RS04625	
C600_DK885_RS04630	C600_NZ_CP031214.1	887674	888195	522	-	fldB	flavodoxin FldB	C600	cds-WP_001055874.1	DK885_RS04630	GO:0009055,GO:0010181
C600_DK885_RS04635	C600_NZ_CP031214.1	888307	889203	897	+	xerD	site-specific tyrosine recombinase XerD	C600	cds-WP_000806638.1	DK885_RS04635	GO:0006310,GO:0009009
C600_DK885_RS04640	C600_NZ_CP031214.1	889228	889938	711	+	dsbC	bifunctional protein-disulfide isomerase/oxidoreductase DsbC	C600	cds-WP_000715214.1	DK885_RS04640	GO:0042597
C600_DK885_RS04645	C600_NZ_CP031214.1	889944	891677	1734	+	recJ	single-stranded-DNA-specific exonuclease RecJ	C600	cds-WP_000813200.1	DK885_RS04645	GO:0006281,GO:0006310,GO:0008409
C600_DK885_RS04650	C600_NZ_CP031214.1	891768	892866	1098	+	prfB	peptide chain release factor 2	C600	cds-WP_010723217.1	DK885_RS04650	GO:0006415,GO:0016149,GO:0005737
C600_DK885_RS04655	C600_NZ_CP031214.1	892876	894393	1518	+	lysS	lysine--tRNA ligase	C600	cds-WP_000003071.1	DK885_RS04655	GO:0006430,GO:0004824,GO:0005524,GO:0005737
C600_DK885_RS04660	C600_NZ_CP031214.1	894437	894985	549	-	idi	isopentenyl-diphosphate Delta-isomerase	C600	cds-WP_001192820.1	DK885_RS04660	GO:0008299,GO:0004452
C600_DK885_RS23830	C600_NZ_CP031214.1	895040	895111	72	+	WP_120795390.1	protein YqfH	C600	cds-WP_120795390.1	DK885_RS23830	
C600_DK885_RS04665	C600_NZ_CP031214.1	895108	895233	126	-	yqfG	protein YqfG	C600	cds-WP_001010156.1	DK885_RS04665	
C600_DK885_RS04670	C600_NZ_CP031214.1	895235	896683	1449	-	uacT	urate/proton symporter UacT	C600	cds-WP_001295374.1	DK885_RS04670	
C600_DK885_RS04680	C600_NZ_CP031214.1	897119	899038	1920	+	ygfT	formate-dependent uric acid utilization protein YgfT	C600	cds-WP_001350545.1	DK885_RS04680	GO:0016491,GO:0051536
C600_DK885_RS04685	C600_NZ_CP031214.1	899038	899526	489	+	ygfS	4Fe-4S dicluster domain-containing protein	C600	cds-WP_000838428.1	DK885_RS04685	GO:0009061,GO:0019645,GO:0046872,GO:0051539
C600_DK885_RS04690	C600_NZ_CP031214.1	899562	900929	1368	-	ghxQ	guanine/hypoxanthine transporter GhxQ	C600	cds-WP_000012163.1	DK885_RS04690	
C600_DK885_RS04695	C600_NZ_CP031214.1	900965	902281	1317	-	guaD	guanine deaminase	C600	cds-WP_001336279.1	DK885_RS04695	GO:0006147,GO:0008270,GO:0008892
C600_DK885_RS04700	C600_NZ_CP031214.1	902299	903699	1401	-	xanQ	xanthine/proton symporter XanQ	C600	cds-WP_001280192.1	DK885_RS04700	
C600_DK885_RS04705	C600_NZ_CP031214.1	903864	906734	2871	-	xdhD	molybdopterin-dependent oxidoreductase Mo/Fe-S-binding subunit	C600	cds-WP_000583615.1	DK885_RS04705	
C600_DK885_RS04710	C600_NZ_CP031214.1	906731	907510	780	-	ygfM	molybdopterin-dependent oxidoreductase FAD-binding subunit	C600	cds-WP_000572462.1	DK885_RS04710	
C600_DK885_RS04715	C600_NZ_CP031214.1	907561	908889	1329	-	ssnA	putative aminohydrolase SsnA	C600	cds-WP_000906252.1	DK885_RS04715	GO:0016810
C600_DK885_RS04720	C600_NZ_CP031214.1	908892	911990	3099	-	ygfK	putative selenate reductase subunit YgfK	C600	cds-WP_000502395.1	DK885_RS04720	GO:0016491,GO:0051536
C600_DK885_RS04725	C600_NZ_CP031214.1	912312	912890	579	-	mocA	molybdenum cofactor cytidylyltransferase	C600	cds-WP_001272828.1	DK885_RS04725	GO:0032324,GO:0070567
C600_DK885_RS04730	C600_NZ_CP031214.1	912993	913763	771	+	yqeC	selenium cofactor biosynthesis protein YqeC	C600	cds-WP_001298920.1	DK885_RS04730	
C600_DK885_RS04735	C600_NZ_CP031214.1	913811	915436	1626	+	yqeB	selenium-dependent molybdenum cofactor biosynthesis protein YqeB	C600	cds-WP_001020381.1	DK885_RS04735	
C600_DK885_RS04740	C600_NZ_CP031214.1	915657	916589	933	-	arcC	carbamate kinase	C600	cds-WP_000037992.1	DK885_RS04740	GO:0006520,GO:0008804
C600_DK885_RS04745	C600_NZ_CP031214.1	916637	918022	1386	-	hyuA	D-phenylhydantoinase	C600	cds-WP_001264442.1	DK885_RS04745	
C600_DK885_RS04750	C600_NZ_CP031214.1	918075	919286	1212	-	ygeY	YgeY family selenium metabolism-linked hydrolase	C600	cds-WP_001107125.1	DK885_RS04750	GO:0016787
C600_DK885_RS04755	C600_NZ_CP031214.1	919344	920540	1197	-	dpaL	diaminopropionate ammonia-lyase	C600	cds-WP_000110493.1	DK885_RS04755	GO:0008838,GO:0030170
C600_DK885_RS04760	C600_NZ_CP031214.1	920598	921785	1188	-	ygeW	knotted carbamoyltransferase YgeW	C600	cds-WP_000859787.1	DK885_RS04760	
C600_DK885_RS04765	C600_NZ_CP031214.1	922264	924042	1779	+	ygeV	sigma-54 interaction domain-containing protein	C600	cds-WP_000417791.1	DK885_RS04765	GO:0006355,GO:0005524,GO:0008134
C600_DK885_RS04770	C600_NZ_CP031214.1	924082	924561	480	-	xdhC	xanthine dehydrogenase iron sulfur-binding subunit XdhC	C600	cds-WP_001016605.1	DK885_RS04770	
C600_DK885_RS04775	C600_NZ_CP031214.1	924558	925436	879	-	xdhB	xanthine dehydrogenase FAD-binding subunit XdhB	C600	cds-WP_000459182.1	DK885_RS04775	GO:0016491,GO:0071949
C600_DK885_RS04780	C600_NZ_CP031214.1	925447	927744	2298	-	xdhA	xanthine dehydrogenase molybdenum-binding subunit XdhA	C600	cds-WP_000388150.1	DK885_RS04780	GO:0005506,GO:0016491
C600_DK885_RS04790	C600_NZ_CP031214.1	928159	928914	756	+	actS	amidase activator ActS	C600	cds-WP_001301085.1	DK885_RS04790	
C600_DK885_RS04800	C600_NZ_CP031214.1	929222	930016	795	+	ygeQ	protein YgeQ	C600	cds-WP_000676919.1	DK885_RS04800	
C600_DK885_RS24455	C600_NZ_CP031214.1	930083	930361	279	+	WP_000067507.1	hypothetical protein	C600	cds-WP_000067507.1	DK885_RS24455	
C600_DK885_RS04810	C600_NZ_CP031214.1	930450	931678	1229	+	WP_088895425.1	IS3-like element IS2 family transposase	C600	cds-WP_088895425.1-2	DK885_RS04810	GO:0006313,GO:0004803
C600_DK885_RS04815	C600_NZ_CP031214.1	931690	932088	399	+	type III secretion apparatus protein OrgA/MxiK	type III secretion apparatus protein OrgA/MxiK	C600	cds-DK885_RS04815	DK885_RS04815	GO:0030254,GO:0030257
C600_DK885_RS24605	C600_NZ_CP031214.1	932030	932736	707	+	hypothetical protein	hypothetical protein	C600	cds-DK885_RS24605	DK885_RS24605	
C600_DK885_RS04835	C600_NZ_CP031214.1	932958	933590	633	+	LuxR C-terminal-related transcriptional regulator	LuxR C-terminal-related transcriptional regulator	C600	cds-DK885_RS04835	DK885_RS04835	GO:0006355
C600_DK885_RS04840	C600_NZ_CP031214.1	933609	934111	503	-	lytic transglycosylase domain-containing protein	lytic transglycosylase domain-containing protein	C600	cds-DK885_RS04840	DK885_RS04840	
C600_DK885_RS04845	C600_NZ_CP031214.1	934194	934412	219	-	ygeI	protein YgeI	C600	cds-WP_000184091.1	DK885_RS04845	
C600_DK885_RS04850	C600_NZ_CP031214.1	934580	935956	1377	-	ygeH	HilA family transcriptional regulator YgeH	C600	cds-WP_000362702.1	DK885_RS04850	
C600_DK885_RS04855	C600_NZ_CP031214.1	936291	936782	492	-	ygeG	tetratricopeptide repeat protein	C600	cds-WP_000102780.1	DK885_RS04855	
C600_DK885_RS04860	C600_NZ_CP031214.1	937007	937496	490	-	hypothetical protein	hypothetical protein	C600	cds-DK885_RS04860	DK885_RS04860	
C600_DK885_RS04865	C600_NZ_CP031214.1	937690	938115	426	+	yqeK	protein YqeK	C600	cds-WP_000350612.1	DK885_RS04865	
C600_DK885_RS04870	C600_NZ_CP031214.1	938151	938231	81	+	WP_000655820.1	hypothetical protein	C600	cds-WP_000655820.1	DK885_RS04870	
C600_DK885_RS04875	C600_NZ_CP031214.1	938264	938746	483	-	yqeJ	protein YqeJ	C600	cds-WP_000568339.1	DK885_RS04875	
C600_DK885_RS04880	C600_NZ_CP031214.1	938739	939548	810	-	yqeI	winged helix-turn-helix domain-containing protein	C600	cds-WP_001300710.1	DK885_RS04880	GO:0003677
C600_DK885_RS04885	C600_NZ_CP031214.1	939882	940514	633	-	yqeH	helix-turn-helix transcriptional regulator	C600	cds-WP_001336169.1	DK885_RS04885	GO:0006355,GO:0003677,GO:0003700
C600_DK885_RS04890	C600_NZ_CP031214.1	940974	942203	1230	-	yqeG	amino acid permease	C600	cds-WP_000065950.1	DK885_RS04890	GO:0003333,GO:0006865,GO:0055085,GO:0015171,GO:0022857,GO:0016020
C600_DK885_RS04895	C600_NZ_CP031214.1	942458	943639	1182	+	yqeF	acetyl-CoA C-acetyltransferase	C600	cds-WP_000656030.1	DK885_RS04895	GO:0003985
C600_DK885_RS04900	C600_NZ_CP031214.1	943926	944762	837	+	kduI	5-dehydro-4-deoxy-D-glucuronate isomerase	C600	cds-WP_000383237.1	DK885_RS04900	GO:0045490,GO:0008697
C600_DK885_RS04905	C600_NZ_CP031214.1	944792	945553	762	+	kduD	2-dehydro-3-deoxy-D-gluconate 5-dehydrogenase KduD	C600	cds-WP_000603502.1	DK885_RS04905	GO:0000272,GO:0016491,GO:0051287
C600_DK885_RS04910	C600_NZ_CP031214.1	945868	947286	1419	+	araE	arabinose-proton symporter AraE	C600	cds-WP_000256438.1	DK885_RS04910	
C600_DK885_RS04915	C600_NZ_CP031214.1	947415	948107	693	+	ygeA	amino acid racemase	C600	cds-WP_000848659.1	DK885_RS04915	
C600_DK885_RS04920	C600_NZ_CP031214.1	948094	949029	936	-	lysR	DNA-binding transcriptional regulator LysR	C600	cds-WP_000741825.1	DK885_RS04920	
C600_DK885_RS04925	C600_NZ_CP031214.1	949151	950413	1263	+	lysA	diaminopimelate decarboxylase	C600	cds-WP_001120711.1	DK885_RS04925	GO:0009089,GO:0008836
C600_DK885_RS04930	C600_NZ_CP031214.1	950420	951451	1032	-	galR	HTH-type transcriptional regulator GalR	C600	cds-WP_000201063.1	DK885_RS04930	GO:0006355,GO:0003677
C600_DK885_RS04935	C600_NZ_CP031214.1	952036	954195	2160	+	aas	bifunctional acyl-ACP--phospholipid O-acyltransferase/long-chain-fatty-acid--ACP ligase	C600	cds-WP_000899054.1	DK885_RS04935	GO:0006631,GO:0008654,GO:0008779,GO:0008922
C600_DK885_RS04940	C600_NZ_CP031214.1	954188	955381	1194	+	lplT	lysophospholipid transporter LplT	C600	cds-WP_000004616.1	DK885_RS04940	GO:0055085,GO:0022857
C600_DK885_RS04945	C600_NZ_CP031214.1	955413	956453	1041	-	tas	NADP(H)-dependent aldo-keto reductase	C600	cds-WP_001199295.1	DK885_RS04945	GO:0047834
C600_DK885_RS04950	C600_NZ_CP031214.1	956561	956779	219	-	ygdR	lipoprotein YgdR	C600	cds-WP_000758655.1	DK885_RS04950	
C600_DK885_RS04955	C600_NZ_CP031214.1	956917	957630	714	-	ygdQ	TerC family protein	C600	cds-WP_000895624.1	DK885_RS04955	GO:0005886,GO:0016020
C600_DK885_RS04960	C600_NZ_CP031214.1	957699	958388	690	-	mutH	DNA mismatch repair endonuclease MutH	C600	cds-WP_000082201.1	DK885_RS04960	GO:0006304,GO:0004519
C600_DK885_RS24460	C600_NZ_CP031214.1	958574	958720	147	+	ygdT	protein YgdT	C600	cds-WP_000953278.1	DK885_RS24460	
C600_DK885_RS04965	C600_NZ_CP031214.1	959073	959603	531	+	rppH	RNA pyrophosphohydrolase	C600	cds-WP_000564489.1	DK885_RS04965	GO:0016787
C600_DK885_RS04970	C600_NZ_CP031214.1	959616	961862	2247	+	ptsP	phosphoenolpyruvate--protein phosphotransferase	C600	cds-WP_000957910.1	DK885_RS04970	
C600_DK885_RS04975	C600_NZ_CP031214.1	962013	962888	876	+	lgt	prolipoprotein diacylglyceryl transferase	C600	cds-WP_000204658.1	DK885_RS04975	GO:0009249,GO:0008961,GO:0016020
C600_DK885_RS04980	C600_NZ_CP031214.1	962895	963689	795	+	thyA	thymidylate synthase	C600	cds-WP_000816232.1	DK885_RS04980	GO:0006231,GO:0004799
C600_DK885_RS04985	C600_NZ_CP031214.1	963873	964343	471	+	ppdA	prepilin peptidase-dependent protein	C600	cds-WP_000857051.1	DK885_RS04985	
C600_DK885_RS04990	C600_NZ_CP031214.1	964334	964897	564	+	ppdB	prepilin peptidase-dependent protein	C600	cds-WP_001144315.1	DK885_RS04990	
C600_DK885_RS04995	C600_NZ_CP031214.1	964894	965301	408	+	ygdB	DUF2509 family protein	C600	cds-WP_001078376.1	DK885_RS04995	
C600_DK885_RS05000	C600_NZ_CP031214.1	965286	965609	324	+	ppdC	prepilin-type N-terminal cleavage/methylation domain-containing protein	C600	cds-WP_001276460.1	DK885_RS05000	
C600_DK885_RS05005	C600_NZ_CP031214.1	965622	968990	3369	+	recC	exodeoxyribonuclease V subunit gamma	C600	cds-WP_000946938.1	DK885_RS05005	GO:0008854,GO:0009338
C600_DK885_RS05010	C600_NZ_CP031214.1	969166	972054	2889	+	ptrA	pitrilysin	C600	cds-WP_001138201.1	DK885_RS05010	GO:0006508,GO:0004222,GO:0046872
C600_DK885_RS05015	C600_NZ_CP031214.1	972047	975589	3543	+	recB	exodeoxyribonuclease V subunit beta	C600	cds-WP_001285993.1	DK885_RS05015	GO:0006281,GO:0003677,GO:0003678,GO:0005524,GO:0008854
C600_DK885_RS05020	C600_NZ_CP031214.1	975589	977415	1827	+	recD	exodeoxyribonuclease V subunit alpha	C600	cds-WP_000775955.1	DK885_RS05020	GO:0006302,GO:0006310,GO:0004386,GO:0008854,GO:0009338
C600_DK885_RS05025	C600_NZ_CP031214.1	977477	978808	1332	-	argA	amino-acid N-acetyltransferase	C600	cds-WP_000237947.1	DK885_RS05025	GO:0006526,GO:0004042
C600_DK885_RS05035	C600_NZ_CP031214.1	979040	980293	1254	+	amiC	N-acetylmuramoyl-L-alanine amidase AmiC	C600	cds-WP_000016907.1	DK885_RS05035	
C600_DK885_RS05060	C600_NZ_CP031214.1	980872	981969	1098	+	mltA	murein transglycosylase A	C600	cds-WP_000678646.1	DK885_RS05060	GO:0009254,GO:0004553,GO:0019867
C600_DK885_RS05065	C600_NZ_CP031214.1	982208	983014	807	+	tcdA	tRNA cyclic N6-threonylcarbamoyladenosine(37) synthase TcdA	C600	cds-WP_000117728.1	DK885_RS05065	GO:0008641
C600_DK885_RS05070	C600_NZ_CP031214.1	983065	983508	444	-	csdE	cysteine desulfurase sulfur acceptor subunit CsdE	C600	cds-WP_000184261.1	DK885_RS05070	
C600_DK885_RS05075	C600_NZ_CP031214.1	983508	984713	1206	-	csdA	cysteine desulfurase CsdA	C600	cds-WP_001300698.1	DK885_RS05075	GO:0006534,GO:0016226,GO:0030170,GO:0031071
C600_DK885_RS05080	C600_NZ_CP031214.1	984905	985132	228	+	ygdI	YgdI/YgdR family lipoprotein	C600	cds-WP_000750398.1	DK885_RS05080	
C600_DK885_RS05085	C600_NZ_CP031214.1	985483	986400	918	+	gcvA	glycine cleavage system transcriptional regulator GcvA	C600	cds-WP_000044401.1	DK885_RS05085	
C600_DK885_RS05090	C600_NZ_CP031214.1	986419	986814	396	+	ygdD	DUF423 domain-containing protein	C600	cds-WP_000203905.1	DK885_RS05090	
C600_DK885_RS05095	C600_NZ_CP031214.1	986807	987907	1101	+	rlmM	23S rRNA (cytidine(2498)-2'-O)-methyltransferase RlmM	C600	cds-WP_001045520.1	DK885_RS05095	GO:0008168
C600_DK885_RS05100	C600_NZ_CP031214.1	987951	988682	732	-	fucR	L-fucose operon activator	C600	cds-WP_000642344.1	DK885_RS05100	
C600_DK885_RS05105	C600_NZ_CP031214.1	988740	989162	423	-	fucU	L-fucose mutarotase	C600	cds-WP_000920840.1	DK885_RS05105	GO:0042354,GO:0016854,GO:0042806
C600_DK885_RS05110	C600_NZ_CP031214.1	989164	990582	1419	-	fucK	L-fuculokinase	C600	cds-WP_000808392.1	DK885_RS05110	GO:0042355,GO:0008737
C600_DK885_RS05115	C600_NZ_CP031214.1	990691	992466	1776	-	fucI	L-fucose isomerase	C600	cds-WP_000724153.1	DK885_RS05115	GO:0019317,GO:0008736,GO:0030145,GO:0005737
C600_DK885_RS05120	C600_NZ_CP031214.1	992499	993815	1317	-	fucP	L-fucose:H+ symporter permease	C600	cds-WP_000528603.1	DK885_RS05120	GO:0015756,GO:0015150
C600_DK885_RS05125	C600_NZ_CP031214.1	994362	995009	648	+	fucA	L-fuculose-phosphate aldolase	C600	cds-WP_000440781.1	DK885_RS05125	GO:0006004,GO:0008270,GO:0008738
C600_DK885_RS05130	C600_NZ_CP031214.1	995037	996185	1149	+	fucO	lactaldehyde reductase	C600	cds-WP_000013588.1	DK885_RS05130	GO:0016491
C600_DK885_RS05135	C600_NZ_CP031214.1	996240	996995	756	-	xni	flap endonuclease Xni	C600	cds-WP_000268232.1	DK885_RS05135	GO:0033567,GO:0003677,GO:0017108
C600_DK885_RS05140	C600_NZ_CP031214.1	997107	998474	1368	-	sdaB	L-serine ammonia-lyase II	C600	cds-WP_000626422.1	DK885_RS05140	
C600_DK885_RS05145	C600_NZ_CP031214.1	998532	999821	1290	-	sdaC	HAAAP family serine/threonine permease SdaC	C600	cds-WP_000450476.1	DK885_RS05145	
C600_DK885_RS05150	C600_NZ_CP031214.1	1000378	1001742	1365	-	ppnN	nucleotide 5'-monophosphate nucleosidase PpnN	C600	cds-WP_000627995.1	DK885_RS05150	
C600_DK885_RS05155	C600_NZ_CP031214.1	1001854	1002702	849	-	queF	NADPH-dependent 7-cyano-7-deazaguanine reductase QueF	C600	cds-WP_000100421.1	DK885_RS05155	GO:0008616,GO:0033739,GO:0043867
C600_DK885_RS05160	C600_NZ_CP031214.1	1002770	1003315	546	+	syd	SecY-interacting protein	C600	cds-WP_000342431.1	DK885_RS05160	GO:0009898
C600_DK885_RS05165	C600_NZ_CP031214.1	1003937	1004266	330	+	yqcC	YqcC family protein	C600	cds-WP_000206990.1	DK885_RS05165	GO:0044010
C600_DK885_RS05170	C600_NZ_CP031214.1	1004266	1005048	783	+	truC	tRNA pseudouridine(65) synthase TruC	C600	cds-WP_000890001.1	DK885_RS05170	GO:0001522,GO:0009982
C600_DK885_RS05175	C600_NZ_CP031214.1	1005066	1005515	450	+	yqcA	flavodoxin	C600	cds-WP_000807753.1	DK885_RS05175	GO:0010181
C600_DK885_RS05180	C600_NZ_CP031214.1	1005950	1007302	1353	+	gudP	galactarate/glucarate/glycerate transporter GudP	C600	cds-WP_000097072.1	DK885_RS05180	
C600_DK885_RS05185	C600_NZ_CP031214.1	1007304	1008644	1341	+	gudX	enolase C-terminal domain-like protein	C600	cds-WP_000235391.1	DK885_RS05185	
C600_DK885_RS05190	C600_NZ_CP031214.1	1008665	1010005	1341	+	gudD	glucarate dehydratase	C600	cds-WP_000098255.1	DK885_RS05190	GO:0019394,GO:0000287,GO:0008872
C600_DK885_RS05195	C600_NZ_CP031214.1	1010237	1012993	2757	-	barA	two-component sensor histidine kinase BarA	C600	cds-WP_000186450.1	DK885_RS05195	GO:0000160,GO:0016310,GO:0000155,GO:0016020
C600_DK885_RS05200	C600_NZ_CP031214.1	1013050	1014351	1302	+	rlmD	23S rRNA (uracil(1939)-C(5))-methyltransferase RlmD	C600	cds-WP_000046812.1	DK885_RS05200	GO:0006396,GO:0008173
C600_DK885_RS05205	C600_NZ_CP031214.1	1014399	1016633	2235	+	relA	GTP diphosphokinase	C600	cds-WP_000226815.1	DK885_RS05205	GO:0015969
C600_DK885_RS05210	C600_NZ_CP031214.1	1016711	1016959	249	+	mazE	type II toxin-antitoxin system antitoxin MazE	C600	cds-WP_000581937.1	DK885_RS05210	
C600_DK885_RS05215	C600_NZ_CP031214.1	1016959	1017294	336	+	mazF	endoribonuclease MazF	C600	cds-WP_000254738.1	DK885_RS05215	
C600_DK885_RS05220	C600_NZ_CP031214.1	1017365	1018156	792	+	mazG	nucleoside triphosphate pyrophosphohydrolase	C600	cds-WP_001071648.1	DK885_RS05220	
C600_DK885_RS05225	C600_NZ_CP031214.1	1018384	1020021	1638	+	pyrG	glutamine hydrolyzing CTP synthase	C600	cds-WP_000210878.1	DK885_RS05225	GO:0006221,GO:0003883
C600_DK885_RS05230	C600_NZ_CP031214.1	1020109	1021407	1299	+	eno	phosphopyruvate hydratase	C600	cds-WP_000036723.1	DK885_RS05230	GO:0006096,GO:0000287,GO:0004634,GO:0000015
C600_DK885_RS05235	C600_NZ_CP031214.1	1021467	1022339	873	-	ygcG	TPM domain-containing protein	C600	cds-WP_001268460.1	DK885_RS05235	GO:0016791
C600_DK885_RS05240	C600_NZ_CP031214.1	1022353	1022493	141	-	yqcG	cell envelope stress response protein YqcG	C600	cds-WP_001288228.1	DK885_RS05240	
C600_DK885_RS05245	C600_NZ_CP031214.1	1022632	1023303	672	+	queE	7-carboxy-7-deazaguanine synthase QueE	C600	cds-WP_001199973.1	DK885_RS05245	GO:0006400,GO:0051539,GO:1904047
C600_DK885_RS05250	C600_NZ_CP031214.1	1024676	1026154	1479	-	ygcE	FGGY-family carbohydrate kinase	C600	cds-WP_000039688.1	DK885_RS05250	GO:0005975,GO:0016310,GO:0005524,GO:0019200
C600_DK885_RS05255	C600_NZ_CP031214.1	1026181	1027458	1278	-	yqcE	MFS transporter	C600	cds-WP_001164544.1	DK885_RS05255	GO:0055085,GO:0015112,GO:0022857
C600_DK885_RS05260	C600_NZ_CP031214.1	1027777	1028562	786	+	ygcW	SDR family oxidoreductase	C600	cds-WP_000021334.1	DK885_RS05260	
C600_DK885_RS05265	C600_NZ_CP031214.1	1028632	1030086	1455	+	ygcU	FAD-binding oxidoreductase	C600	cds-WP_000059307.1	DK885_RS05265	GO:0016491,GO:0071949
C600_DK885_RS05270	C600_NZ_CP031214.1	1030108	1031517	1410	+	ygcS	MFS transporter	C600	cds-WP_000147666.1	DK885_RS05270	GO:0055085,GO:0022857,GO:0016020
C600_DK885_RS05275	C600_NZ_CP031214.1	1031495	1032274	780	+	ygcR	electron transfer flavoprotein subunit beta/FixA family protein	C600	cds-WP_001299652.1	DK885_RS05275	
C600_DK885_RS05280	C600_NZ_CP031214.1	1032271	1033131	861	+	ygcQ	electron transfer flavoprotein subunit alpha/FixB family protein	C600	cds-WP_001299097.1	DK885_RS05280	GO:0009055,GO:0050660
C600_DK885_RS05285	C600_NZ_CP031214.1	1033279	1033854	576	-	ygcP	glycerol-3-phosphate responsive antiterminator	C600	cds-WP_001130266.1	DK885_RS05285	
C600_DK885_RS05290	C600_NZ_CP031214.1	1033871	1034131	261	-	ygcO	ferredoxin family protein	C600	cds-WP_000109529.1	DK885_RS05290	
C600_DK885_RS05295	C600_NZ_CP031214.1	1034122	1035393	1272	-	ygcN	FAD-dependent oxidoreductase	C600	cds-WP_001301334.1	DK885_RS05295	GO:0016491
C600_DK885_RS05300	C600_NZ_CP031214.1	1035471	1035833	363	-	queD	6-carboxytetrahydropterin synthase QueD	C600	cds-WP_000108294.1	DK885_RS05300	GO:0008616,GO:0003824
C600_DK885_RS05305	C600_NZ_CP031214.1	1036152	1037951	1800	+	cysJ	NADPH-dependent assimilatory sulfite reductase flavoprotein subunit	C600	cds-WP_000211913.1	DK885_RS05305	GO:0000103,GO:0019344,GO:0004783,GO:0010181,GO:0050660
C600_DK885_RS05310	C600_NZ_CP031214.1	1037951	1039663	1713	+	cysI	assimilatory sulfite reductase (NADPH) hemoprotein subunit	C600	cds-WP_001290679.1	DK885_RS05310	GO:0000103,GO:0008652,GO:0004783,GO:0050661,GO:0051539,GO:0009337
C600_DK885_RS05315	C600_NZ_CP031214.1	1039738	1040472	735	+	cysH	phosphoadenosine phosphosulfate reductase	C600	cds-WP_000039850.1	DK885_RS05315	GO:0019379,GO:0004604
C600_DK885_RS05325	C600_NZ_CP031214.1	1040831	1043497	2667	+	cas3	CRISPR-associated helicase/endonuclease Cas3	C600	cds-WP_000433152.1	DK885_RS05325	
C600_DK885_RS05330	C600_NZ_CP031214.1	1043912	1045420	1509	+	casA	type I-E CRISPR-associated protein Cse1/CasA	C600	cds-WP_001050401.1	DK885_RS05330	
C600_DK885_RS05335	C600_NZ_CP031214.1	1045413	1045895	483	+	casB	type I-E CRISPR-associated protein Cse2/CasB	C600	cds-WP_000752800.1	DK885_RS05335	GO:0043571
C600_DK885_RS05340	C600_NZ_CP031214.1	1045908	1046999	1092	+	cas7e	type I-E CRISPR-associated protein Cas7/Cse4/CasC	C600	cds-WP_000064450.1	DK885_RS05340	GO:0043571
C600_DK885_RS05345	C600_NZ_CP031214.1	1047002	1047676	675	+	cas5e	type I-E CRISPR-associated protein Cas5/CasD	C600	cds-WP_001334996.1	DK885_RS05345	GO:0043571,GO:0051607,GO:0003723
C600_DK885_RS05350	C600_NZ_CP031214.1	1047663	1048262	600	+	cas6e	type I-E CRISPR-associated protein Cas6/Cse3/CasE	C600	cds-WP_000281400.1	DK885_RS05350	GO:0043571
C600_DK885_RS05355	C600_NZ_CP031214.1	1048278	1049195	918	+	cas1e	type I-E CRISPR-associated endonuclease Cas1e	C600	cds-WP_000220066.1	DK885_RS05355	GO:0043571,GO:0051607,GO:0003676,GO:0004520,GO:0046872
C600_DK885_RS05360	C600_NZ_CP031214.1	1049197	1049481	285	+	cas2e	type I-E CRISPR-associated endoribonuclease Cas2e	C600	cds-WP_001381369.1	DK885_RS05360	GO:0043571,GO:0004521
C600_DK885_RS05365	C600_NZ_CP031214.1	1050432	1051469	1038	-	iap	alkaline phosphatase isozyme conversion aminopeptidase	C600	cds-WP_000490428.1	DK885_RS05365	
C600_DK885_RS05370	C600_NZ_CP031214.1	1051721	1052629	909	+	cysD	sulfate adenylyltransferase subunit CysD	C600	cds-WP_000372108.1	DK885_RS05370	GO:0000103,GO:0004781
C600_DK885_RS05375	C600_NZ_CP031214.1	1052631	1054058	1428	+	cysN	sulfate adenylyltransferase subunit CysN	C600	cds-WP_001090361.1	DK885_RS05375	GO:0006790,GO:0003924,GO:0005525
C600_DK885_RS05380	C600_NZ_CP031214.1	1054058	1054663	606	+	cysC	adenylyl-sulfate kinase	C600	cds-WP_001173673.1	DK885_RS05380	GO:0000103,GO:0004020,GO:0005524
C600_DK885_RS05385	C600_NZ_CP031214.1	1054713	1055036	324	+	ygbE	DUF3561 family protein	C600	cds-WP_001246104.1	DK885_RS05385	
C600_DK885_RS05390	C600_NZ_CP031214.1	1055230	1055541	312	+	ftsB	cell division protein FtsB	C600	cds-WP_000517476.1	DK885_RS05390	
C600_DK885_RS05395	C600_NZ_CP031214.1	1055560	1056270	711	+	ispD	2-C-methyl-D-erythritol 4-phosphate cytidylyltransferase	C600	cds-WP_000246138.1	DK885_RS05395	GO:0008299,GO:0019288,GO:0050518
C600_DK885_RS05400	C600_NZ_CP031214.1	1056270	1056749	480	+	ispF	2-C-methyl-D-erythritol 2,4-cyclodiphosphate synthase	C600	cds-WP_001219242.1	DK885_RS05400	GO:0019288,GO:0008685
C600_DK885_RS05405	C600_NZ_CP031214.1	1056746	1057795	1050	+	truD	tRNA pseudouridine(13) synthase TruD	C600	cds-WP_000568943.1	DK885_RS05405	GO:0001522,GO:0003723,GO:0009982
C600_DK885_RS05410	C600_NZ_CP031214.1	1057776	1058537	762	+	surE	5'/3'-nucleotidase SurE	C600	cds-WP_001295182.1	DK885_RS05410	GO:0008252
C600_DK885_RS05415	C600_NZ_CP031214.1	1058531	1059157	627	+	pcm	protein-L-isoaspartate O-methyltransferase	C600	cds-WP_000254708.1	DK885_RS05415	GO:0036211,GO:0004719
C600_DK885_RS05420	C600_NZ_CP031214.1	1059342	1060436	1095	+	nlpD	murein hydrolase activator NlpD	C600	cds-WP_306174120.1	DK885_RS05420	
C600_DK885_RS05425	C600_NZ_CP031214.1	1060499	1061491	993	+	rpoS	RNA polymerase sigma factor RpoS	C600	cds-WP_115784722.1	DK885_RS05425	GO:0006352,GO:0006355,GO:0003677,GO:0003700,GO:0016987
C600_DK885_RS05430	C600_NZ_CP031214.1	1061585	1062949	1365	-	ygbN	GntP family transporter	C600	cds-WP_000104441.1	DK885_RS05430	GO:0035429,GO:0015128,GO:0016020
C600_DK885_RS05435	C600_NZ_CP031214.1	1063038	1063814	777	-	ygbM	HPr family phosphocarrier protein	C600	cds-WP_001136934.1	DK885_RS05435	
C600_DK885_RS05440	C600_NZ_CP031214.1	1063819	1064457	639	-	ygbL	aldolase	C600	cds-WP_001278994.1	DK885_RS05440	
C600_DK885_RS05445	C600_NZ_CP031214.1	1064549	1065715	1167	-	otnK	3-oxo-tetronate kinase	C600	cds-WP_001393459.1	DK885_RS05445	GO:0005975,GO:0005524,GO:0016301
C600_DK885_RS05450	C600_NZ_CP031214.1	1065712	1066620	909	-	ltnD	L-threonate dehydrogenase	C600	cds-WP_000848004.1	DK885_RS05450	GO:0005975,GO:0016616
C600_DK885_RS05455	C600_NZ_CP031214.1	1066816	1067583	768	+	ygbI	DNA-binding transcriptional repressor YgbI	C600	cds-WP_001300386.1	DK885_RS05455	GO:0006355,GO:0003700
C600_DK885_RS05460	C600_NZ_CP031214.1	1067634	1068290	657	-	pphB	protein-serine/threonine phosphatase	C600	cds-WP_001141337.1	DK885_RS05460	
C600_DK885_RS05465	C600_NZ_CP031214.1	1068396	1070957	2562	-	mutS	DNA mismatch repair protein MutS	C600	cds-WP_001272928.1	DK885_RS05465	GO:0006298,GO:0005524,GO:0030983
C600_DK885_RS23840	C600_NZ_CP031214.1	1071033	1071167	135	+	WP_000611932.1	hypothetical protein	C600	cds-WP_000611932.1	DK885_RS23840	
C600_DK885_RS05470	C600_NZ_CP031214.1	1071244	1071597	354	+	ygbA	nitrous oxide-stimulated promoter family protein	C600	cds-WP_000015497.1	DK885_RS05470	
C600_DK885_RS05475	C600_NZ_CP031214.1	1071634	1073712	2079	-	flhA	formate hydrogenlyase transcriptional activator FlhA	C600	cds-WP_001301332.1	DK885_RS05475	GO:0006355,GO:0005515,GO:0005524,GO:0008134,GO:0043565
C600_DK885_RS05480	C600_NZ_CP031214.1	1073786	1074796	1011	-	hypE	hydrogenase maturation carbamoyl dehydratase HypE	C600	cds-WP_001059922.1	DK885_RS05480	
C600_DK885_RS05485	C600_NZ_CP031214.1	1074793	1075914	1122	-	hypD	hydrogenase formation protein HypD	C600	cds-WP_001212985.1	DK885_RS05485	GO:0036211,GO:0016530
C600_DK885_RS05490	C600_NZ_CP031214.1	1075914	1076186	273	-	hypC	hydrogenase 3 maturation protein HypC	C600	cds-WP_000334881.1	DK885_RS05490	
C600_DK885_RS05495	C600_NZ_CP031214.1	1076177	1077049	873	-	hypB	hydrogenase nickel incorporation protein HypB	C600	cds-WP_000337665.1	DK885_RS05495	GO:0051604,GO:0003924,GO:0016151
C600_DK885_RS05500	C600_NZ_CP031214.1	1077053	1077403	351	-	hypA	hydrogenase maturation nickel metallochaperone HypA	C600	cds-WP_001299100.1	DK885_RS05500	GO:0036211,GO:0008901,GO:0016151
C600_DK885_RS05505	C600_NZ_CP031214.1	1077615	1078076	462	+	hycA	formate hydrogenlyase regulator HycA	C600	cds-WP_000158056.1	DK885_RS05505	
C600_DK885_RS05510	C600_NZ_CP031214.1	1078201	1078812	612	+	hycB	formate hydrogenlyase subunit HycB	C600	cds-WP_001079186.1	DK885_RS05510	
C600_DK885_RS05515	C600_NZ_CP031214.1	1078809	1080635	1827	+	hycC	formate hydrogenlyase subunit 3	C600	cds-WP_001274396.1	DK885_RS05515	GO:0042773,GO:0008137
C600_DK885_RS05520	C600_NZ_CP031214.1	1080638	1081561	924	+	hycD	formate hydrogenlyase subunit HycD	C600	cds-WP_000115224.1	DK885_RS05520	
C600_DK885_RS05525	C600_NZ_CP031214.1	1081579	1083288	1710	+	hycE	formate hydrogenlyase subunit HycE	C600	cds-WP_001288122.1	DK885_RS05525	
C600_DK885_RS05530	C600_NZ_CP031214.1	1083298	1083840	543	+	hycF	formate hydrogenlyase subunit HycF	C600	cds-WP_000493781.1	DK885_RS05530	
C600_DK885_RS05535	C600_NZ_CP031214.1	1083840	1084607	768	+	hycG	formate hydrogenlyase subunit HycG	C600	cds-WP_000067392.1	DK885_RS05535	
C600_DK885_RS05540	C600_NZ_CP031214.1	1084604	1085014	411	+	hycH	formate hydrogenlyase assembly protein HycH	C600	cds-WP_001291921.1	DK885_RS05540	
C600_DK885_RS05545	C600_NZ_CP031214.1	1085007	1085477	471	+	hycI	hydrogenase maturation peptidase HycI	C600	cds-WP_000132961.1	DK885_RS05545	GO:0036211,GO:0004190
C600_DK885_RS05550	C600_NZ_CP031214.1	1085636	1087060	1425	-	ascB	6-phospho-beta-glucosidase AscB	C600	cds-WP_000110363.1	DK885_RS05550	
C600_DK885_RS05555	C600_NZ_CP031214.1	1087069	1088526	1458	-	ascF	PTS cellobiose/arbutin/salicin transporter subunit IIBC	C600	cds-WP_001107828.1	DK885_RS05555	GO:0009401,GO:0008982,GO:0016020
C600_DK885_RS05560	C600_NZ_CP031214.1	1088786	1089796	1011	+	ascG	DNA-binding transcriptional regulator AscG	C600	cds-WP_001394680.1	DK885_RS05560	
C600_DK885_RS05565	C600_NZ_CP031214.1	1089945	1090472	528	+	hydN	electron transport protein HydN	C600	cds-WP_001078777.1	DK885_RS05565	
C600_DK885_RS05570	C600_NZ_CP031214.1	1090625	1092877	2253	+	hypF	carbamoyltransferase HypF	C600	cds-WP_001107704.1	DK885_RS05570	GO:0036211,GO:0003998,GO:0016743,GO:0046872
C600_DK885_RS05575	C600_NZ_CP031214.1	1093005	1094138	1134	-	norW	NADH:flavorubredoxin reductase NorW	C600	cds-WP_000064752.1	DK885_RS05575	GO:0016731
C600_DK885_RS05580	C600_NZ_CP031214.1	1094135	1095574	1440	-	norV	anaerobic nitric oxide reductase flavorubredoxin	C600	cds-WP_000029634.1	DK885_RS05580	GO:0009055,GO:0010181,GO:0016966,GO:0046872
C600_DK885_RS05585	C600_NZ_CP031214.1	1095761	1097275	1515	+	norR	nitric oxide reductase transcriptional regulator NorR	C600	cds-WP_000010749.1	DK885_RS05585	GO:0006355,GO:0003700
C600_DK885_RS05590	C600_NZ_CP031214.1	1097272	1098237	966	-	gutQ	arabinose-5-phosphate isomerase GutQ	C600	cds-WP_001287420.1	DK885_RS05590	
C600_DK885_RS05595	C600_NZ_CP031214.1	1098230	1099003	774	-	srlR	glucitol operon DNA-binding transcriptional repressor SrlR	C600	cds-WP_000804550.1	DK885_RS05595	GO:0045892,GO:0003700
C600_DK885_RS05600	C600_NZ_CP031214.1	1099070	1099429	360	-	gutM	transcriptional regulator GutM	C600	cds-WP_000252908.1	DK885_RS05600	
C600_DK885_RS05605	C600_NZ_CP031214.1	1099534	1100313	780	-	srlD	sorbitol-6-phosphate dehydrogenase	C600	cds-WP_001077358.1	DK885_RS05605	GO:0016491
C600_DK885_RS05610	C600_NZ_CP031214.1	1100317	1100688	372	-	srlB	PTS glucitol/sorbitol transporter subunit IIA	C600	cds-WP_000216194.1	DK885_RS05610	
C600_DK885_RS05615	C600_NZ_CP031214.1	1100699	1101658	960	-	srlE	PTS glucitol/sorbitol transporter subunit IIB	C600	cds-WP_000148878.1	DK885_RS05615	GO:0009401,GO:0015795,GO:0008982,GO:0016301
C600_DK885_RS05620	C600_NZ_CP031214.1	1101655	1102218	564	-	srlA	PTS glucitol/sorbitol transporter subunit IIC	C600	cds-WP_000573321.1	DK885_RS05620	GO:0009401,GO:0015795
C600_DK885_RS05625	C600_NZ_CP031214.1	1102474	1103559	1086	+	mltB	lytic murein transglycosylase B	C600	cds-WP_001295177.1	DK885_RS05625	
C600_DK885_RS05630	C600_NZ_CP031214.1	1103704	1104201	498	+	pncC	nicotinamide-nucleotide amidase	C600	cds-WP_000132231.1	DK885_RS05630	
C600_DK885_RS05635	C600_NZ_CP031214.1	1104281	1105342	1062	+	recA	recombinase RecA	C600	cds-WP_000963143.1	DK885_RS05635	GO:0006281,GO:0003677,GO:0003697,GO:0005524,GO:0008094
C600_DK885_RS05640	C600_NZ_CP031214.1	1105411	1105911	501	+	recX	recombination regulator RecX	C600	cds-WP_000140508.1	DK885_RS05640	
C600_DK885_RS05645	C600_NZ_CP031214.1	1106039	1108669	2631	+	alaS	alanine--tRNA ligase	C600	cds-WP_000047184.1	DK885_RS05645	GO:0006419,GO:0000166,GO:0004813,GO:0005737
C600_DK885_RS05650	C600_NZ_CP031214.1	1108904	1109089	186	+	csrA	carbon storage regulator CsrA	C600	cds-WP_000906486.1	DK885_RS05650	
C600_DK885_RS05680	C600_NZ_CP031214.1	1110547	1111113	567	+	yqaB	fructose-1-phosphate/6-phosphogluconate phosphatase	C600	cds-WP_000273290.1	DK885_RS05680	
C600_DK885_RS05685	C600_NZ_CP031214.1	1111110	1111538	429	+	yqaA	YqaA family protein	C600	cds-WP_001287454.1	DK885_RS05685	GO:0005886
C600_DK885_RS05690	C600_NZ_CP031214.1	1111611	1113167	1557	+	gshA	glutamate--cysteine ligase	C600	cds-WP_000611804.1	DK885_RS05690	GO:0006750,GO:0004357
C600_DK885_RS05695	C600_NZ_CP031214.1	1113317	1113832	516	+	luxS	S-ribosylhomocysteine lyase	C600	cds-WP_001130211.1	DK885_RS05695	
C600_DK885_RS05700	C600_NZ_CP031214.1	1113896	1115434	1539	-	emrB	multidrug efflux MFS transporter permease subunit EmrB	C600	cds-WP_115784723.1	DK885_RS05700	
C600_DK885_RS05705	C600_NZ_CP031214.1	1115451	1116623	1173	-	emrA	multidrug efflux MFS transporter periplasmic adaptor subunit EmrA	C600	cds-WP_001326681.1	DK885_RS05705	
C600_DK885_RS05710	C600_NZ_CP031214.1	1116750	1117280	531	-	emrR	multidrug efflux transporter EmrAB transcriptional repressor EmrR	C600	cds-WP_000378442.1	DK885_RS05710	
C600_DK885_RS05715	C600_NZ_CP031214.1	1117371	1117706	336	-	ygaH	L-valine transporter subunit YgaH	C600	cds-WP_000119763.1	DK885_RS05715	
C600_DK885_RS05720	C600_NZ_CP031214.1	1117696	1118433	738	-	ygaZ	L-valine exporter subunit YgaZ	C600	cds-WP_000445651.1	DK885_RS05720	
C600_DK885_RS05725	C600_NZ_CP031214.1	1118557	1119734	1178	-	MFS transporter	MFS transporter	C600	cds-DK885_RS05725	DK885_RS05725	GO:0055085,GO:0022857,GO:0005886,GO:0016020
C600_DK885_RS05730	C600_NZ_CP031214.1	1119926	1120918	993	-	proX	glycine betaine/L-proline ABC transporter substrate-binding protein ProX	C600	cds-WP_001216525.1	DK885_RS05730	GO:0055085,GO:0022857,GO:0043190
C600_DK885_RS05735	C600_NZ_CP031214.1	1120976	1122040	1065	-	proW	glycine betaine/L-proline ABC transporter permease ProW	C600	cds-WP_000774988.1	DK885_RS05735	GO:0055085,GO:0016020
C600_DK885_RS05740	C600_NZ_CP031214.1	1122033	1123235	1203	-	proV	glycine betaine/L-proline ABC transporter ATP-binding protein ProV	C600	cds-WP_000985494.1	DK885_RS05740	GO:0031460,GO:0005524
C600_DK885_RS05750	C600_NZ_CP031214.1	1123589	1124548	960	-	nrdF	class 1b ribonucleoside-diphosphate reductase subunit beta	C600	cds-WP_000777969.1	DK885_RS05750	GO:0009263,GO:0004748,GO:0005971
C600_DK885_RS05755	C600_NZ_CP031214.1	1124558	1126702	2145	-	nrdE	class 1b ribonucleoside-diphosphate reductase subunit alpha	C600	cds-WP_000246534.1	DK885_RS05755	GO:0006260,GO:0004748,GO:0005524
C600_DK885_RS05760	C600_NZ_CP031214.1	1126675	1127085	411	-	nrdI	class Ib ribonucleoside-diphosphate reductase assembly flavoprotein NrdI	C600	cds-WP_000080947.1	DK885_RS05760	GO:0009263,GO:0036211,GO:0010181
C600_DK885_RS05765	C600_NZ_CP031214.1	1127082	1127327	246	-	nrdH	glutaredoxin-like protein NrdH	C600	cds-WP_001223227.1	DK885_RS05765	
C600_DK885_RS05770	C600_NZ_CP031214.1	1127575	1127904	330	-	ygaM	DUF883 domain-containing protein	C600	cds-WP_001295174.1	DK885_RS05770	
C600_DK885_RS05775	C600_NZ_CP031214.1	1128056	1128400	345	+	ygaC	DUF2002 family protein	C600	cds-WP_000281320.1	DK885_RS05775	
C600_DK885_RS05780	C600_NZ_CP031214.1	1128437	1128886	450	-	alaE	L-alanine exporter AlaE	C600	cds-WP_000492656.1	DK885_RS05780	
C600_DK885_RS05785	C600_NZ_CP031214.1	1129555	1129959	405	+	stpA	DNA-binding protein StpA	C600	cds-WP_000115383.1	DK885_RS05785	
C600_DK885_RS05790	C600_NZ_CP031214.1	1130006	1130530	525	-	ygaP	thiosulfate sulfurtransferase YgaP	C600	cds-WP_001229442.1	DK885_RS05790	
C600_DK885_RS05795	C600_NZ_CP031214.1	1130540	1130839	300	-	ygaV	ArsR/SmtB family transcription factor	C600	cds-WP_000137280.1	DK885_RS05795	GO:0006355,GO:0003677,GO:0003700
C600_DK885_RS05800	C600_NZ_CP031214.1	1131022	1131180	159	+	yqaE	YqaE/Pmp3 family membrane protein	C600	cds-WP_000508177.1	DK885_RS05800	GO:0016020
C600_DK885_RS05805	C600_NZ_CP031214.1	1131264	1131713	450	+	kbp	potassium binding protein Kbp	C600	cds-WP_000522415.1	DK885_RS05805	
C600_DK885_RS05810	C600_NZ_CP031214.1	1131714	1132376	663	-	csiR	DNA-binding transcriptional regulator CsiR	C600	cds-WP_000156811.1	DK885_RS05810	GO:0006355,GO:0003700
C600_DK885_RS05815	C600_NZ_CP031214.1	1132397	1133797	1401	-	gabP	GABA permease	C600	cds-WP_001295173.1	DK885_RS05815	GO:0006865,GO:0015185,GO:0016020
C600_DK885_RS05820	C600_NZ_CP031214.1	1134035	1135315	1281	-	gabT	4-aminobutyrate--2-oxoglutarate transaminase	C600	cds-WP_001087611.1	DK885_RS05820	GO:0009448,GO:0030170
C600_DK885_RS05825	C600_NZ_CP031214.1	1135329	1136777	1449	-	gabD	NADP-dependent succinate-semialdehyde dehydrogenase	C600	cds-WP_000772831.1	DK885_RS05825	GO:0009450,GO:0009013
C600_DK885_RS05830	C600_NZ_CP031214.1	1136800	1138068	1269	-	lhgO	L-2-hydroxyglutarate oxidase	C600	cds-WP_000271909.1	DK885_RS05830	GO:0016491
C600_DK885_RS05835	C600_NZ_CP031214.1	1138088	1139065	978	-	glaH	glutarate dioxygenase GlaH	C600	cds-WP_000993126.1	DK885_RS05835	GO:0050498
C600_DK885_RS05840	C600_NZ_CP031214.1	1139401	1141653	2253	-	alpha amylase C-terminal domain-containing protein	alpha amylase C-terminal domain-containing protein	C600	cds-DK885_RS05840	DK885_RS05840	GO:0005975,GO:0003824,GO:0043169
C600_DK885_RS23855	C600_NZ_CP031214.1	1143039	1144412	1374	+	ypjCB	YpjCB family protein	C600	cds-DK885_RS23855	DK885_RS23855	
C600_DK885_RS05865	C600_NZ_CP031214.1	1144749	1144916	168	+	recombinase family protein	recombinase family protein	C600	cds-DK885_RS05865	DK885_RS05865	GO:0006310,GO:0000150,GO:0003677
C600_DK885_RS23860	C600_NZ_CP031214.1	1145140	1145259	120	+	WP_001120794.1	hypothetical protein	C600	cds-WP_001120794.1	DK885_RS23860	
C600_DK885_RS05875	C600_NZ_CP031214.1	1145324	1149904	4581	+	ypjA	adhesin-like autotransporter YpjA/EhaD	C600	cds-WP_010723187.1	DK885_RS05875	
C600_DK885_RS05880	C600_NZ_CP031214.1	1150268	1150597	330	-	ypjF	type IV toxin-antitoxin system toxin YpjF	C600	cds-WP_001094400.1	DK885_RS05880	
C600_DK885_RS05885	C600_NZ_CP031214.1	1150618	1150935	318	-	yfjZ	type IV toxin-antitoxin system YeeU family antitoxin	C600	cds-WP_000072690.1	DK885_RS05885	
C600_DK885_RS05890	C600_NZ_CP031214.1	1150973	1151173	201	-	ypjJ	DUF987 domain-containing protein	C600	cds-WP_001395452.1	DK885_RS05890	
C600_DK885_RS05895	C600_NZ_CP031214.1	1151182	1151664	483	-	lfgB	JAB domain-containing protein	C600	cds-WP_001407480.1	DK885_RS05895	GO:0006508,GO:0008237,GO:0046872
C600_DK885_RS05900	C600_NZ_CP031214.1	1151673	1152131	459	-	lfgA	antirestriction protein	C600	cds-WP_000211841.1	DK885_RS05900	
C600_DK885_RS05905	C600_NZ_CP031214.1	1152234	1152394	161	-	DUF905 family protein	DUF905 family protein	C600	cds-DK885_RS05905	DK885_RS05905	
C600_DK885_RS05910	C600_NZ_CP031214.1	1153029	1154732	1704	-	yfjW	protein YfjW	C600	cds-WP_000896263.1	DK885_RS05910	
C600_DK885_RS05915	C600_NZ_CP031214.1	1154868	1155883	1016	+	arsenic transporter	arsenic transporter	C600	cds-DK885_RS05915	DK885_RS05915	GO:0046685,GO:0015105,GO:0005886
C600_DK885_RS24330	C600_NZ_CP031214.1	1155896	1156048	153	+	glutaredoxin domain-containing protein	glutaredoxin domain-containing protein	C600	cds-DK885_RS24330	DK885_RS24330	GO:0015035
C600_DK885_RS05925	C600_NZ_CP031214.1	1156435	1156902	468	-	yfjT	protein YfjT	C600	cds-WP_000702495.1	DK885_RS05925	
C600_DK885_RS05930	C600_NZ_CP031214.1	1156926	1157369	444	-	yfjS	YfjS/YafY family lipoprotein	C600	cds-WP_000824222.1	DK885_RS05930	
C600_DK885_RS05935	C600_NZ_CP031214.1	1157369	1157605	237	-	ypjK	protein YpjK	C600	cds-WP_001144029.1	DK885_RS05935	
C600_DK885_RS05940	C600_NZ_CP031214.1	1157646	1158347	702	-	yfjR	WYL domain-containing protein	C600	cds-WP_000189409.1	DK885_RS05940	
C600_DK885_RS05945	C600_NZ_CP031214.1	1158564	1159385	822	-	yfjQ	DUF932 domain-containing protein	C600	cds-WP_000197391.1	DK885_RS05945	
C600_DK885_RS05950	C600_NZ_CP031214.1	1159477	1160340	864	-	yfjP	GTPase family protein	C600	cds-WP_000787597.1	DK885_RS05950	GO:0003924,GO:0005525
C600_DK885_RS05955	C600_NZ_CP031214.1	1160695	1161066	372	-	rnlB	type II toxin-antitoxin system antitoxin RnlB	C600	cds-WP_000461704.1	DK885_RS05955	
C600_DK885_RS05960	C600_NZ_CP031214.1	1161059	1162132	1074	-	rnlA	type II toxin-antitoxin system toxin mRNA endoribonuclease RnlA	C600	cds-WP_000155570.1	DK885_RS05960	
C600_DK885_RS05965	C600_NZ_CP031214.1	1162274	1162537	264	+	yfjM	GmrSD restriction endonuclease domain-containing protein	C600	cds-WP_000502050.1	DK885_RS05965	
C600_DK885_RS05970	C600_NZ_CP031214.1	1162897	1164513	1617	+	abpA	anti-bacteriophage protein AbpA	C600	cds-WP_000445380.1	DK885_RS05970	
C600_DK885_RS05975	C600_NZ_CP031214.1	1164510	1166699	2190	+	abpB	DEAD/DEAH box helicase	C600	cds-WP_000136402.1	DK885_RS05975	GO:0003676,GO:0005524
C600_DK885_RS05980	C600_NZ_CP031214.1	1166877	1167503	627	-	yfjJ	inovirus Gp2 family protein	C600	cds-WP_000220524.1	DK885_RS05980	
C600_DK885_RS05985	C600_NZ_CP031214.1	1167656	1169065	1410	-	yfjI	YfjI family protein	C600	cds-WP_000481742.1	DK885_RS05985	
C600_DK885_RS05990	C600_NZ_CP031214.1	1169194	1169406	213	-	alpA	DNA-binding transcriptional activator AlpA	C600	cds-WP_001065343.1	DK885_RS05990	
C600_DK885_RS05995	C600_NZ_CP031214.1	1169450	1170406	957	+	yfjH	protein YfjH	C600	cds-WP_000510827.1	DK885_RS05995	
C600_DK885_RS06000	C600_NZ_CP031214.1	1170650	1171891	1242	-	intA	integrase	C600	cds-WP_000101723.1	DK885_RS06000	
C600_DK885_RS06010	C600_NZ_CP031214.1	1172672	1173154	483	-	smpB	SsrA-binding protein SmpB	C600	cds-WP_000162574.1	DK885_RS06010	GO:0003723
C600_DK885_RS06015	C600_NZ_CP031214.1	1173325	1173762	438	+	ratA	type II toxin-antitoxin system toxin RatA	C600	cds-WP_001300750.1	DK885_RS06015	
C600_DK885_RS06020	C600_NZ_CP031214.1	1173752	1174042	291	+	yfjF	RnfH family protein	C600	cds-WP_001117838.1	DK885_RS06020	
C600_DK885_RS06025	C600_NZ_CP031214.1	1174104	1174445	342	-	bamE	outer membrane protein assembly factor BamE	C600	cds-WP_001203437.1	DK885_RS06025	
C600_DK885_RS06030	C600_NZ_CP031214.1	1174594	1176255	1662	-	recN	DNA repair protein RecN	C600	cds-WP_000880910.1	DK885_RS06030	GO:0006281,GO:0006310,GO:0005524
C600_DK885_RS06035	C600_NZ_CP031214.1	1176341	1177219	879	-	nadK	NAD(+) kinase	C600	cds-WP_001059169.1	DK885_RS06035	GO:0003951
C600_DK885_RS06045	C600_NZ_CP031214.1	1177342	1177935	594	+	grpE	nucleotide exchange factor GrpE	C600	cds-WP_001393454.1	DK885_RS06045	
C600_DK885_RS06050	C600_NZ_CP031214.1	1177990	1179276	1287	-	yfjD	HlyC/CorC family transporter	C600	cds-WP_010723175.1	DK885_RS06050	
C600_DK885_RS06055	C600_NZ_CP031214.1	1179297	1180088	792	-	ypjD	cytochrome C assembly family protein	C600	cds-WP_001338897.1	DK885_RS06055	GO:0005886
C600_DK885_RS06060	C600_NZ_CP031214.1	1180255	1181616	1362	+	ffh	signal recognition particle protein	C600	cds-WP_000460035.1	DK885_RS06060	GO:0009306,GO:0003924,GO:0005048,GO:0005525,GO:0048501
C600_DK885_RS06065	C600_NZ_CP031214.1	1181865	1182113	249	+	rpsP	30S ribosomal protein S16	C600	cds-WP_000256450.1	DK885_RS06065	GO:0006412,GO:0003735,GO:0000314,GO:0022627
C600_DK885_RS06070	C600_NZ_CP031214.1	1182132	1182680	549	+	rimM	ribosome maturation factor RimM	C600	cds-WP_000043335.1	DK885_RS06070	GO:0006364,GO:0043022,GO:0005840
C600_DK885_RS06075	C600_NZ_CP031214.1	1182711	1183478	768	+	trmD	tRNA (guanosine(37)-N1)-methyltransferase TrmD	C600	cds-WP_000264777.1	DK885_RS06075	GO:0030488,GO:0052906
C600_DK885_RS06080	C600_NZ_CP031214.1	1183520	1183867	348	+	rplS	50S ribosomal protein L19	C600	cds-WP_000065253.1	DK885_RS06080	GO:0006412,GO:0003735,GO:0000311,GO:0022625
C600_DK885_RS06085	C600_NZ_CP031214.1	1183943	1184425	483	-	yfiB	OmpA family protein	C600	cds-WP_000589847.1	DK885_RS06085	
C600_DK885_RS06090	C600_NZ_CP031214.1	1184441	1185667	1227	-	dgcN	diguanylate cyclase DgcN	C600	cds-WP_000969032.1	DK885_RS06090	GO:0007165,GO:0016020
C600_DK885_RS06095	C600_NZ_CP031214.1	1185657	1186175	519	-	yfiR	YfiR family protein	C600	cds-WP_001212391.1	DK885_RS06095	
C600_DK885_RS06100	C600_NZ_CP031214.1	1186325	1186690	366	-	yfiL	DUF2799 domain-containing protein	C600	cds-WP_000976004.1	DK885_RS06100	
C600_DK885_RS06105	C600_NZ_CP031214.1	1186900	1187970	1071	+	aroF	3-deoxy-7-phosphoheptulonate synthase AroF	C600	cds-WP_001168037.1	DK885_RS06105	
C600_DK885_RS06110	C600_NZ_CP031214.1	1187981	1189102	1122	+	tyrA	bifunctional chorismate mutase/prephenate dehydrogenase	C600	cds-WP_000225229.1	DK885_RS06110	GO:0006571,GO:0046417,GO:0004106,GO:0004665,GO:0008977
C600_DK885_RS06115	C600_NZ_CP031214.1	1189145	1190305	1161	-	pheA	bifunctional chorismate mutase/prephenate dehydratase	C600	cds-WP_000200120.1	DK885_RS06115	GO:0009094,GO:0046417,GO:0004106,GO:0004664
C600_DK885_RS06120	C600_NZ_CP031214.1	1190404	1190451	48	-	pheL	phe operon leader peptide	C600	cds-WP_010723158.1	DK885_RS06120	
C600_DK885_RS06125	C600_NZ_CP031214.1	1190555	1190896	342	-	raiA	ribosome-associated translation inhibitor RaiA	C600	cds-WP_000178456.1	DK885_RS06125	
C600_DK885_RS06135	C600_NZ_CP031214.1	1191167	1191904	738	-	bamD	outer membrane protein assembly factor BamD	C600	cds-WP_000197686.1	DK885_RS06135	
C600_DK885_RS06140	C600_NZ_CP031214.1	1192039	1193019	981	+	rluD	23S rRNA pseudouridine(1911/1915/1917) synthase RluD	C600	cds-WP_000079100.1	DK885_RS06140	GO:0001522,GO:0009451,GO:0003723,GO:0009982
C600_DK885_RS06145	C600_NZ_CP031214.1	1193016	1193747	732	+	yfiH	purine nucleoside phosphorylase YfiH	C600	cds-WP_000040169.1	DK885_RS06145	GO:0004000,GO:0004731,GO:0042803
C600_DK885_RS06150	C600_NZ_CP031214.1	1193877	1196450	2574	+	clpB	ATP-dependent chaperone ClpB	C600	cds-WP_001235102.1	DK885_RS06150	GO:0009408,GO:0042026,GO:0005524,GO:0016887
C600_DK885_RS06180	C600_NZ_CP031214.1	1202304	1203602	1299	+	kgtP	alpha-ketoglutarate permease	C600	cds-WP_000841103.1	DK885_RS06180	
C600_DK885_RS06185	C600_NZ_CP031214.1	1203599	1203922	324	-	yfiM	YfiM family lipoprotein	C600	cds-WP_001300818.1	DK885_RS06185	
C600_DK885_RS06190	C600_NZ_CP031214.1	1203968	1205323	1356	-	pssA	CDP-diacylglycerol--serine O-phosphatidyltransferase	C600	cds-WP_000949265.1	DK885_RS06190	GO:0032049,GO:0008444
C600_DK885_RS06195	C600_NZ_CP031214.1	1205437	1208097	2661	-	patZ	peptidyl-lysine N-acetyltransferase PatZ	C600	cds-WP_000083005.1	DK885_RS06195	
C600_DK885_RS06200	C600_NZ_CP031214.1	1208129	1208827	699	-	tapT	tRNA-uridine aminocarboxypropyltransferase	C600	cds-WP_001300438.1	DK885_RS06200	
C600_DK885_RS06205	C600_NZ_CP031214.1	1208896	1209315	420	-	trxC	thioredoxin TrxC	C600	cds-WP_001098726.1	DK885_RS06205	GO:0006662,GO:0015035
C600_DK885_RS06215	C600_NZ_CP031214.1	1209522	1210559	1038	+	yfiF	tRNA/rRNA methyltransferase	C600	cds-WP_000997403.1	DK885_RS06215	GO:0006396,GO:0003723,GO:0008173
C600_DK885_RS06220	C600_NZ_CP031214.1	1210607	1211296	690	-	ung	uracil-DNA glycosylase	C600	cds-WP_001262716.1	DK885_RS06220	GO:0006284,GO:0004844,GO:0016799
C600_DK885_RS06225	C600_NZ_CP031214.1	1211601	1211984	384	+	grcA	autonomous glycyl radical cofactor GrcA	C600	cds-WP_000627807.1	DK885_RS06225	GO:0003824
C600_DK885_RS06230	C600_NZ_CP031214.1	1212040	1212627	588	-	eamB	cysteine/O-acetylserine transporter	C600	cds-WP_000189207.1	DK885_RS06230	
C600_DK885_RS06235	C600_NZ_CP031214.1	1212730	1213611	882	+	yfiE	LysR family transcriptional regulator	C600	cds-WP_001300638.1	DK885_RS06235	GO:0006355,GO:0003677,GO:0003700
C600_DK885_RS06240	C600_NZ_CP031214.1	1213820	1215154	1335	-	srmB	ATP-dependent RNA helicase SrmB	C600	cds-WP_000219203.1	DK885_RS06240	GO:0000027,GO:0003724
C600_DK885_RS06245	C600_NZ_CP031214.1	1215286	1216023	738	+	trmN	tRNA(1)(Val) (adenine(37)-N(6))-methyltransferase TrmN	C600	cds-WP_001295363.1	DK885_RS06245	GO:0030488,GO:0003676,GO:0016430
C600_DK885_RS06250	C600_NZ_CP031214.1	1216008	1217630	1623	-	nadB	L-aspartate oxidase	C600	cds-WP_001094491.1	DK885_RS06250	GO:0009435,GO:0008734
C600_DK885_RS23865	C600_NZ_CP031214.1	1217886	1218041	156	+	rseD	rpoE leader peptide RseD	C600	cds-WP_001303621.1	DK885_RS23865	
C600_DK885_RS06255	C600_NZ_CP031214.1	1218038	1218613	576	+	rpoE	RNA polymerase sigma factor RpoE	C600	cds-WP_001295364.1	DK885_RS06255	GO:0006352,GO:0006355,GO:0003677,GO:0003700,GO:0016987
C600_DK885_RS06260	C600_NZ_CP031214.1	1218646	1219296	651	+	rseA	anti-sigma-E factor RseA	C600	cds-WP_001168459.1	DK885_RS06260	GO:0016989
C600_DK885_RS06265	C600_NZ_CP031214.1	1219296	1220252	957	+	rseB	sigma-E factor regulatory protein RseB	C600	cds-WP_000812053.1	DK885_RS06265	
C600_DK885_RS06270	C600_NZ_CP031214.1	1220249	1220728	480	+	rseC	SoxR-reducing system protein RseC	C600	cds-WP_000589068.1	DK885_RS06270	
C600_DK885_RS06275	C600_NZ_CP031214.1	1220926	1222725	1800	+	lepA	translation elongation factor 4	C600	cds-WP_000790168.1	DK885_RS06275	GO:0003924,GO:0005525
C600_DK885_RS06280	C600_NZ_CP031214.1	1222741	1223715	975	+	lepB	signal peptidase I	C600	cds-WP_000002541.1	DK885_RS06280	GO:0006465,GO:0004252
C600_DK885_RS06290	C600_NZ_CP031214.1	1223987	1224667	681	+	rnc	ribonuclease III	C600	cds-WP_001068343.1	DK885_RS06290	GO:0006364,GO:0006396,GO:0003723,GO:0004525
C600_DK885_RS06295	C600_NZ_CP031214.1	1224664	1225569	906	+	era	GTPase Era	C600	cds-WP_000020749.1	DK885_RS06295	GO:0003723,GO:0005525
C600_DK885_RS06300	C600_NZ_CP031214.1	1225581	1226309	729	+	recO	DNA repair protein RecO	C600	cds-WP_000399404.1	DK885_RS06300	GO:0006281,GO:0006310,GO:0003677
C600_DK885_RS06305	C600_NZ_CP031214.1	1226321	1227052	732	+	pdxJ	pyridoxine 5'-phosphate synthase	C600	cds-WP_001297412.1	DK885_RS06305	GO:0008615,GO:0033856
C600_DK885_RS06310	C600_NZ_CP031214.1	1227052	1227432	381	+	acpS	holo-ACP synthase	C600	cds-WP_000986023.1	DK885_RS06310	GO:0008610,GO:0008897
C600_DK885_RS06325	C600_NZ_CP031214.1	1227853	1227933	81	+	shoB	type I toxin-antitoxin system toxin ShoB	C600	cds-WP_000128776.1	DK885_RS06325	
C600_DK885_RS06330	C600_NZ_CP031214.1	1228127	1228387	261	-	yfhL	4Fe-4S dicluster ferredoxin YfhL	C600	cds-WP_001196283.1	DK885_RS06330	
C600_DK885_RS06335	C600_NZ_CP031214.1	1228443	1229291	849	-	yfhH	MurR/RpiR family transcriptional regulator	C600	cds-WP_001013779.1	DK885_RS06335	GO:0006355,GO:0003700
C600_DK885_RS06340	C600_NZ_CP031214.1	1229500	1230135	636	+	yfhb	phosphatidylglycerophosphatase C	C600	cds-WP_000190655.1	DK885_RS06340	GO:0016787
C600_DK885_RS06345	C600_NZ_CP031214.1	1230193	1230696	504	+	tadA	tRNA adenosine(34) deaminase TadA	C600	cds-WP_001297409.1	DK885_RS06345	GO:0002100,GO:0008251,GO:0008270
C600_DK885_RS06350	C600_NZ_CP031214.1	1230693	1232249	1557	-	mltF	membrane-bound lytic murein transglycosylase MltF	C600	cds-WP_000734212.1	DK885_RS06350	GO:0000270,GO:0008933,GO:0016020
C600_DK885_RS06360	C600_NZ_CP031214.1	1232507	1236394	3888	+	purL	phosphoribosylformylglycinamidine synthase	C600	cds-WP_000970102.1	DK885_RS06360	GO:0004642
C600_DK885_RS06365	C600_NZ_CP031214.1	1236952	1238379	1428	+	qseE	two component system sensor histidine kinase QseE/GlrK	C600	cds-WP_001311037.1	DK885_RS06365	
C600_DK885_RS06370	C600_NZ_CP031214.1	1238544	1239257	714	+	qseG	two-component system QseEF-associated lipoprotein QseG	C600	cds-WP_001215861.1	DK885_RS06370	
C600_DK885_RS06375	C600_NZ_CP031214.1	1239247	1240581	1335	+	glrR	two-component system response regulator GlrR	C600	cds-WP_001295369.1	DK885_RS06375	GO:0000160,GO:0006355,GO:0005524,GO:0008134
C600_DK885_RS06380	C600_NZ_CP031214.1	1240642	1240980	339	+	glnB	nitrogen regulatory protein P-II	C600	cds-WP_000717694.1	DK885_RS06380	
C600_DK885_RS06385	C600_NZ_CP031214.1	1241025	1242215	1191	-	hmpA	NO-inducible flavohemoprotein	C600	cds-WP_000883122.1	DK885_RS06385	GO:0051409,GO:0008941,GO:0019825,GO:0020037,GO:0071949
C600_DK885_RS06390	C600_NZ_CP031214.1	1242543	1243796	1254	+	glyA	serine hydroxymethyltransferase	C600	cds-WP_000919159.1	DK885_RS06390	
C600_DK885_RS06395	C600_NZ_CP031214.1	1243994	1245187	1194	-	yphH	ROK family protein	C600	cds-WP_001200769.1	DK885_RS06395	
C600_DK885_RS06400	C600_NZ_CP031214.1	1245305	1248586	3282	+	yphG	DUF5107 domain-containing protein	C600	cds-WP_001333903.1	DK885_RS06400	
C600_DK885_RS06405	C600_NZ_CP031214.1	1248683	1249666	984	+	yphF	substrate-binding domain-containing protein	C600	cds-WP_001142427.1	DK885_RS06405	
C600_DK885_RS06410	C600_NZ_CP031214.1	1249689	1251200	1512	+	yphE	sugar ABC transporter ATP-binding protein	C600	cds-WP_000493470.1	DK885_RS06410	GO:0005524,GO:0016887,GO:0042626,GO:0140359
C600_DK885_RS06415	C600_NZ_CP031214.1	1251225	1252223	999	+	yphD	ABC transporter permease	C600	cds-WP_001276670.1	DK885_RS06415	GO:0042626,GO:0140359
C600_DK885_RS06420	C600_NZ_CP031214.1	1252256	1253350	1095	+	yphC	zinc-dependent alcohol dehydrogenase family protein	C600	cds-WP_000700787.1	DK885_RS06420	GO:0008270,GO:0016491,GO:0030554
C600_DK885_RS06425	C600_NZ_CP031214.1	1253362	1254234	873	+	yphB	aldose 1-epimerase	C600	cds-WP_000158547.1	DK885_RS06425	
C600_DK885_RS06430	C600_NZ_CP031214.1	1254282	1254704	423	-	yphA	DoxX family protein	C600	cds-WP_001094726.1	DK885_RS06430	GO:0005886
C600_DK885_RS06435	C600_NZ_CP031214.1	1254801	1256003	1203	-	hcaD	phenylpropionate dioxygenase ferredoxin reductase subunit	C600	cds-WP_000660788.1	DK885_RS06435	
C600_DK885_RS06440	C600_NZ_CP031214.1	1256013	1256825	813	-	hcaB	3-phenylpropionate-dihydrodiol/cinnamic acid-dihydrodiol dehydrogenase	C600	cds-WP_001281379.1	DK885_RS06440	
C600_DK885_RS06445	C600_NZ_CP031214.1	1256822	1257142	321	-	hcaC	bifunctional 3-phenylpropionate/cinnamic acid dioxygenase ferredoxin subunit	C600	cds-WP_001080102.1	DK885_RS06445	GO:0051537
C600_DK885_RS06450	C600_NZ_CP031214.1	1257142	1257660	519	-	hcaF	3-phenylpropionate/cinnamic acid dioxygenase subunit beta	C600	cds-WP_001276072.1	DK885_RS06450	GO:0019380,GO:0008695
C600_DK885_RS06455	C600_NZ_CP031214.1	1257657	1259018	1362	-	hcaE	3-phenylpropionate/cinnamic acid dioxygenase subunit alpha	C600	cds-WP_000211172.1	DK885_RS06455	GO:0019380,GO:0008695
C600_DK885_RS06460	C600_NZ_CP031214.1	1259154	1260044	891	+	hcaR	DNA-binding transcriptional regulator HcaR	C600	cds-WP_000423261.1	DK885_RS06460	
C600_DK885_RS06465	C600_NZ_CP031214.1	1260204	1261343	1140	+	hcaT	3-phenylpropionate MFS transporter	C600	cds-WP_000244193.1	DK885_RS06465	
C600_DK885_RS06470	C600_NZ_CP031214.1	1261335	1262615	1281	-	csiE	stationary phase inducible protein CsiE	C600	cds-WP_000982994.1	DK885_RS06470	
C600_DK885_RS06475	C600_NZ_CP031214.1	1262806	1263660	855	-	yfhR	alpha/beta hydrolase	C600	cds-WP_001297705.1	DK885_RS06475	GO:0016787
C600_DK885_RS06480	C600_NZ_CP031214.1	1263805	1264608	804	-	suhB	inositol-1-monophosphatase	C600	cds-WP_000553451.1	DK885_RS06480	GO:0046854,GO:0008934
C600_DK885_RS06485	C600_NZ_CP031214.1	1264727	1265467	741	+	trmJ	tRNA (cytosine(32)/uridine(32)-2'-O)-methyltransferase TrmJ	C600	cds-WP_000940019.1	DK885_RS06485	GO:0006396,GO:0003723,GO:0008173
C600_DK885_RS06490	C600_NZ_CP031214.1	1265919	1266407	489	+	iscR	Fe-S cluster assembly transcriptional regulator IscR	C600	cds-WP_001241357.1	DK885_RS06490	
C600_DK885_RS06495	C600_NZ_CP031214.1	1266519	1267733	1215	+	iscS	cysteine desulfurase	C600	cds-WP_001295373.1	DK885_RS06495	
C600_DK885_RS06500	C600_NZ_CP031214.1	1267761	1268147	387	+	iscU	Fe-S cluster assembly scaffold IscU	C600	cds-WP_000331707.1	DK885_RS06500	GO:0016226,GO:0005198,GO:0005506,GO:0051536
C600_DK885_RS06505	C600_NZ_CP031214.1	1268164	1268487	324	+	iscA	iron-sulfur cluster assembly protein IscA	C600	cds-WP_000028953.1	DK885_RS06505	
C600_DK885_RS06510	C600_NZ_CP031214.1	1268583	1269098	516	+	hscB	co-chaperone HscB	C600	cds-WP_000384413.1	DK885_RS06510	GO:0051604,GO:0051087
C600_DK885_RS06515	C600_NZ_CP031214.1	1269115	1270965	1851	+	hscA	Fe-S protein assembly chaperone HscA	C600	cds-WP_001196613.1	DK885_RS06515	GO:0006457,GO:0016226,GO:0005515,GO:0005524,GO:0016887
C600_DK885_RS06520	C600_NZ_CP031214.1	1270967	1271302	336	+	fdx	ISC system 2Fe-2S type ferredoxin	C600	cds-WP_001124469.1	DK885_RS06520	GO:0016226,GO:0009055,GO:0051537
C600_DK885_RS06525	C600_NZ_CP031214.1	1271314	1271514	201	+	iscX	Fe-S cluster assembly protein IscX	C600	cds-WP_000523616.1	DK885_RS06525	GO:0016226,GO:0005506
C600_DK885_RS06530	C600_NZ_CP031214.1	1271692	1272975	1284	+	pepB	aminopeptidase PepB	C600	cds-WP_000133592.1	DK885_RS06530	GO:0006508,GO:0019538,GO:0030145,GO:0070006
C600_DK885_RS06535	C600_NZ_CP031214.1	1273117	1273893	777	+	sseB	enhanced serine sensitivity protein SseB	C600	cds-WP_001295479.1	DK885_RS06535	
C600_DK885_RS24335	C600_NZ_CP031214.1	1273924	1274049	126	-	timP	small toxic inner membrane protein TimP	C600	cds-WP_001380605.1	DK885_RS24335	
C600_DK885_RS06540	C600_NZ_CP031214.1	1274711	1275556	846	-	sseA	3-mercaptopyruvate sulfurtransferase	C600	cds-WP_000108626.1	DK885_RS06540	GO:0004792
C600_DK885_RS06545	C600_NZ_CP031214.1	1275763	1280724	4962	+	yfhM	alpha2-macroglobulin	C600	cds-WP_000736312.1	DK885_RS06545	
C600_DK885_RS06550	C600_NZ_CP031214.1	1280725	1283037	2313	+	pbpC	peptidoglycan glycosyltransferase PbpC	C600	cds-WP_001137675.1	DK885_RS06550	GO:0009252,GO:0008658,GO:0008955
C600_DK885_RS06555	C600_NZ_CP031214.1	1283186	1283617	432	+	ndk	nucleoside-diphosphate kinase	C600	cds-WP_000963837.1	DK885_RS06555	GO:0004550
C600_DK885_RS06560	C600_NZ_CP031214.1	1283767	1284921	1155	+	rlmN	bifunctional tRNA (adenosine(37)-C2)-methyltransferase TrmG/ribosomal RNA large subunit methyltransferase RlmN	C600	cds-WP_000003317.1	DK885_RS06560	
C600_DK885_RS06570	C600_NZ_CP031214.1	1285206	1286219	1014	+	rodZ	cytoskeleton protein RodZ	C600	cds-WP_001090866.1	DK885_RS06570	GO:0008360,GO:0003677,GO:0016020
C600_DK885_RS06575	C600_NZ_CP031214.1	1286246	1287364	1119	+	ispG	flavodoxin-dependent (E)-4-hydroxy-3-methylbut-2-enyl-diphosphate synthase	C600	cds-WP_000551807.1	DK885_RS06575	GO:0008152,GO:0046429
C600_DK885_RS06580	C600_NZ_CP031214.1	1287475	1288749	1275	+	hisS	histidine--tRNA ligase	C600	cds-WP_001107167.1	DK885_RS06580	GO:0006427,GO:0004821,GO:0005524,GO:0005737
C600_DK885_RS06585	C600_NZ_CP031214.1	1288767	1289387	621	+	yfgM	ancillary SecYEG translocon subunit YfgM	C600	cds-WP_000409205.1	DK885_RS06585	
C600_DK885_RS06590	C600_NZ_CP031214.1	1289398	1290576	1179	+	bamB	outer membrane protein assembly factor BamB	C600	cds-WP_001177052.1	DK885_RS06590	GO:0005515
C600_DK885_RS06595	C600_NZ_CP031214.1	1290694	1292166	1473	+	der	ribosome biogenesis GTPase Der	C600	cds-WP_000249410.1	DK885_RS06595	GO:0042254,GO:0003924,GO:0005525,GO:0043022,GO:0005737
C600_DK885_RS06600	C600_NZ_CP031214.1	1292236	1292451	216	+	yfgJ	zinc ribbon domain-containing protein	C600	cds-WP_001301158.1	DK885_RS06600	
C600_DK885_RS06605	C600_NZ_CP031214.1	1292448	1293818	1371	-	xseA	exodeoxyribonuclease VII large subunit	C600	cds-WP_000937912.1	DK885_RS06605	GO:0006308,GO:0008855,GO:0009318
C600_DK885_RS06610	C600_NZ_CP031214.1	1293980	1295446	1467	+	guaB	IMP dehydrogenase	C600	cds-WP_001299507.1	DK885_RS06610	GO:0006164,GO:0003938
C600_DK885_RS06615	C600_NZ_CP031214.1	1295515	1297092	1578	+	guaA	glutamine-hydrolyzing GMP synthase	C600	cds-WP_000138270.1	DK885_RS06615	GO:0006177,GO:0003922,GO:0005524,GO:0016462
C600_DK885_RS06620	C600_NZ_CP031214.1	1297185	1297724	540	-	yfgI	DUF5384 family protein	C600	cds-WP_000755173.1	DK885_RS06620	
C600_DK885_RS06625	C600_NZ_CP031214.1	1297740	1298258	519	-	yfgH	glycine zipper 2TM domain-containing protein	C600	cds-WP_001295476.1	DK885_RS06625	GO:0019867
C600_DK885_RS06635	C600_NZ_CP031214.1	1298569	1298760	192	-	yfgG	YfgG family protein	C600	cds-WP_000076001.1	DK885_RS06635	
C600_DK885_RS06640	C600_NZ_CP031214.1	1298778	1298930	153	+	WP_000017552.1	hypothetical protein	C600	cds-WP_000017552.1	DK885_RS06640	
C600_DK885_RS06645	C600_NZ_CP031214.1	1299112	1301355	2244	+	pdeF	cyclic-guanylate-specific phosphodiesterase PdeF	C600	cds-WP_000772731.1	DK885_RS06645	
C600_DK885_RS06650	C600_NZ_CP031214.1	1301394	1302935	1542	-	ppx	exopolyphosphatase	C600	cds-WP_001121363.1	DK885_RS06650	GO:0006798,GO:0000287,GO:0004309
C600_DK885_RS06655	C600_NZ_CP031214.1	1302940	1305006	2067	-	ppk1	polyphosphate kinase 1	C600	cds-WP_000529576.1	DK885_RS06655	GO:0006799,GO:0008976,GO:0009358
C600_DK885_RS06660	C600_NZ_CP031214.1	1305178	1305816	639	-	purN	phosphoribosylglycinamide formyltransferase	C600	cds-WP_001028612.1	DK885_RS06660	GO:0006189,GO:0004644
C600_DK885_RS06665	C600_NZ_CP031214.1	1305816	1306853	1038	-	purM	phosphoribosylformylglycinamidine cyclo-ligase	C600	cds-WP_001336050.1	DK885_RS06665	GO:0006189,GO:0004641
C600_DK885_RS06675	C600_NZ_CP031214.1	1307178	1307804	627	+	upp	uracil phosphoribosyltransferase	C600	cds-WP_001295473.1	DK885_RS06675	GO:0009116,GO:0004845
C600_DK885_RS06680	C600_NZ_CP031214.1	1307890	1309179	1290	+	uraA	uracil permease	C600	cds-WP_000198328.1	DK885_RS06680	GO:0022857
C600_DK885_RS06685	C600_NZ_CP031214.1	1309274	1309975	702	+	hda	DnaA inactivator Hda	C600	cds-WP_001307333.1	DK885_RS06685	
C600_DK885_RS06690	C600_NZ_CP031214.1	1310113	1310472	360	-	arsC	arsenate reductase (glutaredoxin)	C600	cds-WP_000166446.1	DK885_RS06690	GO:0046685,GO:0008794
C600_DK885_RS06695	C600_NZ_CP031214.1	1310493	1311956	1464	-	bepA	beta-barrel assembly-enhancing protease	C600	cds-WP_000489667.1	DK885_RS06695	
C600_DK885_RS06700	C600_NZ_CP031214.1	1312169	1313230	1062	+	yfgO	AI-2E family transporter	C600	cds-WP_000892044.1	DK885_RS06700	GO:0055085,GO:0016020
C600_DK885_RS06710	C600_NZ_CP031214.1	1313268	1314116	849	-	focB	formate transporter FocB	C600	cds-WP_001244734.1	DK885_RS06710	
C600_DK885_RS06715	C600_NZ_CP031214.1	1314138	1316150	2013	-	hyfR	DNA-binding transcriptional regulator HyfR	C600	cds-WP_001251544.1	DK885_RS06715	
C600_DK885_RS06720	C600_NZ_CP031214.1	1316180	1316593	414	-	hyfJ	hydrogenase 4 assembly chaperone HyfJ	C600	cds-WP_001326580.1	DK885_RS06720	
C600_DK885_RS06725	C600_NZ_CP031214.1	1316586	1317344	759	-	hyfI	hydrogenase 4 catalytic subunit HyfI	C600	cds-WP_000075558.1	DK885_RS06725	
C600_DK885_RS06730	C600_NZ_CP031214.1	1317341	1317886	546	-	hyfH	hydrogenase 4 subunit H	C600	cds-WP_000916055.1	DK885_RS06730	
C600_DK885_RS06735	C600_NZ_CP031214.1	1317896	1319563	1668	-	hyfG	hydrogenase 4 catalytic subunit HyfG	C600	cds-WP_001102321.1	DK885_RS06735	
C600_DK885_RS06740	C600_NZ_CP031214.1	1319553	1321133	1581	-	hyfF	hydrogenase 4 subunit F	C600	cds-WP_000122577.1	DK885_RS06740	
C600_DK885_RS06745	C600_NZ_CP031214.1	1321138	1321788	651	-	hyfE	hydrogenase 4 membrane subunit	C600	cds-WP_000147987.1	DK885_RS06745	
C600_DK885_RS06750	C600_NZ_CP031214.1	1321800	1323239	1440	-	hyfD	hydrogenase 4 subunit HyfD	C600	cds-WP_000429104.1	DK885_RS06750	
C600_DK885_RS06755	C600_NZ_CP031214.1	1323256	1324203	948	-	hyfC	hydrogenase 4 subunit HyfC	C600	cds-WP_001311024.1	DK885_RS06755	
C600_DK885_RS06760	C600_NZ_CP031214.1	1324214	1326232	2019	-	hyfB	hydrogenase 4 subunit B	C600	cds-WP_000339455.1	DK885_RS06760	GO:0042773,GO:0008137
C600_DK885_RS06765	C600_NZ_CP031214.1	1326232	1326849	618	-	hyfA	hydrogenase 4 subunit HyfA	C600	cds-WP_001336048.1	DK885_RS06765	
C600_DK885_RS06770	C600_NZ_CP031214.1	1327102	1327572	471	-	bcp	thioredoxin-dependent thiol peroxidase	C600	cds-WP_001068682.1	DK885_RS06770	GO:0016209,GO:0016491
C600_DK885_RS06775	C600_NZ_CP031214.1	1327572	1328144	573	-	gcvR	glycine cleavage system transcriptional repressor	C600	cds-WP_000176187.1	DK885_RS06775	
C600_DK885_RS06780	C600_NZ_CP031214.1	1328290	1329168	879	+	dapA	4-hydroxy-tetrahydrodipicolinate synthase	C600	cds-WP_001311023.1	DK885_RS06780	GO:0009089,GO:0008840
C600_DK885_RS06785	C600_NZ_CP031214.1	1329185	1330219	1035	+	bamC	outer membrane protein assembly factor BamC	C600	cds-WP_115784724.1	DK885_RS06785	
C600_DK885_RS06790	C600_NZ_CP031214.1	1330432	1331145	714	+	purC	phosphoribosylaminoimidazolesuccinocarboxamide synthase	C600	cds-WP_001295467.1	DK885_RS06790	GO:0006164,GO:0004639
C600_DK885_RS06795	C600_NZ_CP031214.1	1331313	1332176	864	+	ypfJ	KPN_02809 family neutral zinc metallopeptidase	C600	cds-WP_001267498.1	DK885_RS06795	
C600_DK885_RS06800	C600_NZ_CP031214.1	1332191	1334206	2016	+	tmcA	tRNA cytosine(34) acetyltransferase TmcA	C600	cds-WP_000829360.1	DK885_RS06800	
C600_DK885_RS06805	C600_NZ_CP031214.1	1334280	1334978	699	+	ypfH	esterase	C600	cds-WP_000679799.1	DK885_RS06805	GO:0016787
C600_DK885_RS06810	C600_NZ_CP031214.1	1335088	1335288	201	-	ypfN	YpfN family protein	C600	cds-WP_000383836.1	DK885_RS06810	
C600_DK885_RS06815	C600_NZ_CP031214.1	1335316	1336443	1128	-	dapE	succinyl-diaminopimelate desuccinylase	C600	cds-WP_001277801.1	DK885_RS06815	GO:0009089,GO:0009014
C600_DK885_RS06820	C600_NZ_CP031214.1	1336447	1336803	357	-	yffB	ArsC family reductase	C600	cds-WP_000258236.1	DK885_RS06820	
C600_DK885_RS06825	C600_NZ_CP031214.1	1337184	1337243	60	+	ypfM	protein YpfM	C600	cds-WP_001386977.1	DK885_RS06825	
C600_DK885_RS06830	C600_NZ_CP031214.1	1337342	1340455	3114	-	acrD	multidrug efflux RND transporter permease AcrD	C600	cds-WP_001273151.1	DK885_RS06830	GO:0042908,GO:0015562
C600_DK885_RS06835	C600_NZ_CP031214.1	1340619	1342319	1701	-	narQ	nitrate/nitrite two-component system sensor histidine kinase NarQ	C600	cds-WP_001698424.1	DK885_RS06835	GO:0000160,GO:0000155,GO:0046983,GO:0016020
C600_DK885_RS06840	C600_NZ_CP031214.1	1342525	1344504	1980	+	aegA	formate-dependent uric acid utilization protein AegA	C600	cds-WP_001078880.1	DK885_RS06840	GO:0016491
C600_DK885_RS06845	C600_NZ_CP031214.1	1344572	1345147	576	+	nudK	GDP-mannose pyrophosphatase NudK	C600	cds-WP_001300814.1	DK885_RS06845	GO:0016818,GO:0046872
C600_DK885_RS06850	C600_NZ_CP031214.1	1345273	1346316	1044	+	ypfG	DUF1176 domain-containing protein	C600	cds-WP_001270542.1	DK885_RS06850	
C600_DK885_RS06855	C600_NZ_CP031214.1	1346411	1348414	2004	-	tkt	transketolase	C600	cds-WP_000087280.1	DK885_RS06855	GO:0004802
C600_DK885_RS06860	C600_NZ_CP031214.1	1348434	1349384	951	-	tal	transaldolase	C600	cds-WP_001003709.1	DK885_RS06860	GO:0006098,GO:0004801,GO:0005737
C600_DK885_RS06865	C600_NZ_CP031214.1	1349673	1351952	2280	+	maeB	NADP-dependent oxaloacetate-decarboxylating malate dehydrogenase	C600	cds-WP_000342644.1	DK885_RS06865	
C600_DK885_RS06870	C600_NZ_CP031214.1	1352245	1352580	336	+	eutS	ethanolamine utilization microcompartment protein EutS	C600	cds-WP_000356956.1	DK885_RS06870	
C600_DK885_RS06875	C600_NZ_CP031214.1	1352593	1353072	480	+	eutP	ethanolamine utilization acetate kinase EutP	C600	cds-WP_000820763.1	DK885_RS06875	
C600_DK885_RS06880	C600_NZ_CP031214.1	1353047	1353748	702	+	eutQ	ethanolamine utilization acetate kinase EutQ	C600	cds-WP_000733906.1	DK885_RS06880	
C600_DK885_RS06885	C600_NZ_CP031214.1	1353745	1354548	804	+	eutT	ethanolamine utilization cob(I)yrinic acid a,c-diamide adenosyltransferase EutT	C600	cds-WP_000651298.1	DK885_RS06885	GO:0006580,GO:0008817
C600_DK885_RS06890	C600_NZ_CP031214.1	1354545	1355561	1017	+	pta	phosphate acetyltransferase	C600	cds-WP_000582977.1	DK885_RS06890	GO:0006086,GO:0008959
C600_DK885_RS06895	C600_NZ_CP031214.1	1355600	1355893	294	+	eutM	ethanolamine utilization microcompartment protein EutM	C600	cds-WP_000387713.1	DK885_RS06895	
C600_DK885_RS06900	C600_NZ_CP031214.1	1356000	1356287	288	+	eutN	ethanolamine utilization microcompartment protein EutN	C600	cds-WP_000762196.1	DK885_RS06900	
C600_DK885_RS06905	C600_NZ_CP031214.1	1356299	1357702	1404	+	eutE	aldehyde dehydrogenase family protein	C600	cds-WP_001075716.1	DK885_RS06905	GO:0004029,GO:0008774
C600_DK885_RS06910	C600_NZ_CP031214.1	1357713	1358549	837	+	eutJ	ethanolamine utilization protein EutJ	C600	cds-WP_000929729.1	DK885_RS06910	GO:0051301,GO:0005515
C600_DK885_RS06915	C600_NZ_CP031214.1	1358539	1359726	1188	+	eutG	ethanolamine utilization ethanol dehydrogenase EutG	C600	cds-WP_001326575.1	DK885_RS06915	GO:0016491
C600_DK885_RS06920	C600_NZ_CP031214.1	1359943	1361169	1227	+	eutH	ethanolamine utilization protein EutH	C600	cds-WP_000512372.1	DK885_RS06920	GO:0034229,GO:0034228,GO:0016020
C600_DK885_RS06925	C600_NZ_CP031214.1	1361166	1362569	1404	+	eutA	ethanolamine ammonia-lyase reactivating factor EutA	C600	cds-WP_001097542.1	DK885_RS06925	
C600_DK885_RS06930	C600_NZ_CP031214.1	1362581	1363942	1362	+	eutB	ethanolamine ammonia-lyase subunit alpha	C600	cds-WP_000769961.1	DK885_RS06930	
C600_DK885_RS06935	C600_NZ_CP031214.1	1363963	1364850	888	+	eutC	ethanolamine ammonia-lyase subunit beta	C600	cds-WP_000372316.1	DK885_RS06935	
C600_DK885_RS06940	C600_NZ_CP031214.1	1364860	1365519	660	+	eutL	ethanolamine utilization microcompartment protein EutL	C600	cds-WP_001111023.1	DK885_RS06940	GO:0005198,GO:0031469
C600_DK885_RS06945	C600_NZ_CP031214.1	1365532	1366032	501	+	eutK	ethanolamine utilization microcompartment protein EutK	C600	cds-WP_000606257.1	DK885_RS06945	
C600_DK885_RS06950	C600_NZ_CP031214.1	1366078	1367130	1053	+	eutR	HTH-type transcriptional regulator EutR	C600	cds-DK885_RS06950	DK885_RS06950	GO:0006355,GO:0003700
C600_DK885_RS06955	C600_NZ_CP031214.1	1367136	1368035	900	-	hemF	oxygen-dependent coproporphyrinogen oxidase	C600	cds-WP_000801365.1	DK885_RS06955	GO:0006779,GO:0004109
C600_DK885_RS06960	C600_NZ_CP031214.1	1368039	1368908	870	-	amiA	N-acetylmuramoyl-L-alanine amidase AmiA	C600	cds-WP_000102886.1	DK885_RS06960	GO:0009253,GO:0008745
C600_DK885_RS06965	C600_NZ_CP031214.1	1369122	1369547	426	+	ypeA	GNAT family acetyltransferase	C600	cds-WP_000405996.1	DK885_RS06965	GO:0008080
C600_DK885_RS06970	C600_NZ_CP031214.1	1369534	1369983	450	+	yfeZ	DUF2919 domain-containing protein	C600	cds-WP_001350539.1	DK885_RS06970	
C600_DK885_RS06975	C600_NZ_CP031214.1	1370044	1370619	576	+	yfeY	RpoE-regulated lipoprotein	C600	cds-WP_000838944.1	DK885_RS06975	
C600_DK885_RS06980	C600_NZ_CP031214.1	1370715	1371614	900	+	yfeX	porphyrinogen peroxidase	C600	cds-WP_001350538.1	DK885_RS06980	
C600_DK885_RS06985	C600_NZ_CP031214.1	1371854	1373158	1305	-	pbp4b	penicillin binding protein PBP4B	C600	cds-WP_001327042.1	DK885_RS06985	
C600_DK885_RS06990	C600_NZ_CP031214.1	1373163	1374587	1425	-	murP	PTS N-acetylmuramic acid transporter subunit IIBC	C600	cds-WP_001040483.1	DK885_RS06990	GO:0009401,GO:0008982,GO:0016020
C600_DK885_RS06995	C600_NZ_CP031214.1	1374591	1375487	897	-	murQ	N-acetylmuramic acid 6-phosphate etherase	C600	cds-WP_001159160.1	DK885_RS06995	GO:0009254,GO:0046348,GO:0016835
C600_DK885_RS07000	C600_NZ_CP031214.1	1375651	1376508	858	+	murR	HTH-type transcriptional regulator MurR	C600	cds-WP_000966470.1	DK885_RS07000	
C600_DK885_RS07005	C600_NZ_CP031214.1	1376637	1377428	792	+	ucpA	SDR family oxidoreductase UcpA	C600	cds-WP_000517431.1	DK885_RS07005	
C600_DK885_RS07015	C600_NZ_CP031214.1	1377732	1378748	1017	+	cysP	thiosulfate/sulfate ABC transporter substrate-binding protein CysP	C600	cds-WP_000290230.1	DK885_RS07015	
C600_DK885_RS07020	C600_NZ_CP031214.1	1378748	1379581	834	+	cysT	sulfate/thiosulfate ABC transporter permease CysT	C600	cds-WP_000458406.1	DK885_RS07020	GO:0055085,GO:1902358,GO:0015419,GO:0016020
C600_DK885_RS07025	C600_NZ_CP031214.1	1379581	1380456	876	+	cysW	sulfate/thiosulfate ABC transporter permease CysW	C600	cds-WP_000852686.1	DK885_RS07025	GO:0055085,GO:1902358,GO:0015419,GO:0016020
C600_DK885_RS07030	C600_NZ_CP031214.1	1380446	1381543	1098	+	cysA	sulfate/thiosulfate ABC transporter ATP-binding protein CysA	C600	cds-WP_000021036.1	DK885_RS07030	GO:1902358,GO:0005524,GO:0015419,GO:0016020,GO:0043190
C600_DK885_RS07035	C600_NZ_CP031214.1	1381677	1382588	912	+	cysM	cysteine synthase B	C600	cds-WP_001336044.1	DK885_RS07035	GO:0006535,GO:0004124
C600_DK885_RS07040	C600_NZ_CP031214.1	1382777	1383511	735	-	yfeS	WGR domain-containing protein	C600	cds-WP_000745534.1	DK885_RS07040	
C600_DK885_RS07045	C600_NZ_CP031214.1	1383544	1383918	375	-	yfeK	YfeK family protein	C600	cds-WP_000719962.1	DK885_RS07045	
C600_DK885_RS07050	C600_NZ_CP031214.1	1384023	1384874	852	+	pdxK	pyridoxine/pyridoxal/pyridoxamine kinase	C600	cds-WP_000096674.1	DK885_RS07050	GO:0009443,GO:0008478
C600_DK885_RS07055	C600_NZ_CP031214.1	1384917	1385426	510	-	crr	PTS glucose transporter subunit IIA	C600	cds-WP_000522247.1	DK885_RS07055	GO:0009401
C600_DK885_RS07060	C600_NZ_CP031214.1	1385467	1387194	1728	-	ptsI	phosphoenolpyruvate-protein phosphotransferase PtsI	C600	cds-WP_000623140.1	DK885_RS07060	
C600_DK885_RS07065	C600_NZ_CP031214.1	1387239	1387496	258	-	ptsH	phosphocarrier protein Hpr	C600	cds-WP_000487600.1	DK885_RS07065	
C600_DK885_RS07070	C600_NZ_CP031214.1	1387880	1388851	972	-	cysK	cysteine synthase A	C600	cds-WP_000034402.1	DK885_RS07070	GO:0006535,GO:0004124
C600_DK885_RS07075	C600_NZ_CP031214.1	1389036	1389797	762	-	cysZ	sulfate transporter CysZ	C600	cds-WP_000254839.1	DK885_RS07075	GO:0000103,GO:0015116,GO:0005886
C600_DK885_RS07080	C600_NZ_CP031214.1	1390027	1391013	987	+	zipA	cell division protein ZipA	C600	cds-WP_001300494.1	DK885_RS07080	GO:0000917,GO:0005515,GO:0016020
C600_DK885_RS07085	C600_NZ_CP031214.1	1391084	1393099	2016	+	ligA	NAD-dependent DNA ligase LigA	C600	cds-WP_000443661.1	DK885_RS07085	GO:0006260,GO:0006281,GO:0003677,GO:0003911
C600_DK885_RS07090	C600_NZ_CP031214.1	1393101	1393319	219	+	ypeB	DUF3820 family protein	C600	cds-WP_000410201.1	DK885_RS07090	
C600_DK885_RS07095	C600_NZ_CP031214.1	1393316	1394314	999	-	yfeH	bile acid:sodium symporter family protein	C600	cds-WP_000765610.1	DK885_RS07095	GO:0006810,GO:0015293,GO:0016020
C600_DK885_RS07100	C600_NZ_CP031214.1	1394404	1395330	927	+	yfeR	LysR family transcriptional regulator	C600	cds-WP_001109794.1	DK885_RS07100	GO:0003677,GO:0003700,GO:0005829
C600_DK885_RS07105	C600_NZ_CP031214.1	1395369	1396133	765	-	yfeN	outer membrane protein OmpK	C600	cds-WP_000716421.1	DK885_RS07105	GO:0009279
C600_DK885_RS07110	C600_NZ_CP031214.1	1396382	1397215	834	+	xapA	xanthosine phosphorylase	C600	cds-WP_000084573.1	DK885_RS07110	GO:0055086,GO:0004731,GO:0005737
C600_DK885_RS07115	C600_NZ_CP031214.1	1397275	1398531	1257	+	xapB	xanthosine/proton symporter XapB	C600	cds-WP_000020402.1	DK885_RS07115	
C600_DK885_RS07120	C600_NZ_CP031214.1	1398584	1398742	159	+	WP_000651752.1	DUF1427 family protein	C600	cds-WP_000651752.1	DK885_RS07120	
C600_DK885_RS07125	C600_NZ_CP031214.1	1398783	1399667	885	+	xapR	DNA-binding transcriptional regulator XapR	C600	cds-WP_000442949.1	DK885_RS07125	
C600_DK885_RS07155	C600_NZ_CP031214.1	1400588	1402003	1416	+	gltX	glutamate--tRNA ligase	C600	cds-WP_000695655.1	DK885_RS07155	GO:0006424,GO:0000166,GO:0004818,GO:0005524
C600_DK885_RS07160	C600_NZ_CP031214.1	1402055	1402447	393	-	yfeD	MerR family transcriptional regulator	C600	cds-WP_000826503.1	DK885_RS07160	GO:0006355,GO:0003677,GO:0003700
C600_DK885_RS07165	C600_NZ_CP031214.1	1402449	1402808	360	-	yfeC	YfeC-like transcriptional regulator	C600	cds-WP_000472021.1	DK885_RS07165	
C600_DK885_RS07180	C600_NZ_CP031214.1	1403428	1405617	2190	+	pdeA	bifunctional diguanylate cyclase/phosphodiesterase	C600	cds-WP_000497400.1	DK885_RS07180	GO:0007165,GO:0005525,GO:0046872,GO:0052621,GO:0071111
C600_DK885_RS07185	C600_NZ_CP031214.1	1405817	1406929	1113	-	WP_001300563.1	IS4-like element IS421 family transposase	C600	cds-WP_001300563.1	DK885_RS07185	GO:0006313,GO:0004803
C600_DK885_RS07190	C600_NZ_CP031214.1	1407016	1408218	1203	-	nupC	nucleoside permease NupC	C600	cds-WP_000376337.1	DK885_RS07190	
C600_DK885_RS24610	C600_NZ_CP031214.1	1408517	1408573	57	+	WP_418134935.1	hypothetical protein	C600	cds-WP_418134935.1	DK885_RS24610	
C600_DK885_RS07195	C600_NZ_CP031214.1	1408554	1409792	1239	+	mntH	Nramp family divalent metal transporter	C600	cds-WP_000186369.1	DK885_RS07195	GO:0055085,GO:0022857,GO:0016020
C600_DK885_RS07200	C600_NZ_CP031214.1	1409933	1410259	327	-	ypeC	DUF2502 domain-containing protein YpeC	C600	cds-WP_000490072.1	DK885_RS07200	
C600_DK885_RS07205	C600_NZ_CP031214.1	1410374	1411630	1257	-	yfeO	ion channel protein	C600	cds-WP_000903148.1	DK885_RS07205	GO:0005247
C600_DK885_RS07210	C600_NZ_CP031214.1	1411834	1412799	966	+	glk	glucokinase	C600	cds-WP_000170346.1	DK885_RS07210	GO:0006096,GO:0051156,GO:0004340,GO:0005524,GO:0005536
C600_DK885_RS07215	C600_NZ_CP031214.1	1413018	1413344	327	+	fryB	PTS fructose transporter subunit IIB	C600	cds-WP_000038456.1	DK885_RS07215	GO:0009401,GO:0016310,GO:0016301,GO:0022877,GO:0090563,GO:0090582
C600_DK885_RS07220	C600_NZ_CP031214.1	1413366	1414613	1248	+	fryC	PTS fructose transporter subunit IIC	C600	cds-WP_000985359.1	DK885_RS07220	GO:0009401,GO:0008982,GO:0016020
C600_DK885_RS07225	C600_NZ_CP031214.1	1414628	1415713	1086	+	ypdF	aminopeptidase	C600	cds-WP_000173288.1	DK885_RS07225	GO:0016787
C600_DK885_RS07230	C600_NZ_CP031214.1	1415713	1416750	1038	+	ypdE	aminopeptidase	C600	cds-WP_000366028.1	DK885_RS07230	
C600_DK885_RS07235	C600_NZ_CP031214.1	1416775	1419270	2496	+	ptsP	phosphoenolpyruvate--protein phosphotransferase	C600	cds-WP_000955906.1	DK885_RS07235	GO:0009401,GO:0008965
C600_DK885_RS07240	C600_NZ_CP031214.1	1419273	1420130	858	-	ypdC	AraC family transcriptional regulator	C600	cds-WP_000646835.1	DK885_RS07240	GO:0006355,GO:0003700,GO:0043565
C600_DK885_RS07245	C600_NZ_CP031214.1	1420143	1420877	735	-	ypdB	two-component system response regulator YpdB	C600	cds-WP_001295458.1	DK885_RS07245	
C600_DK885_RS07250	C600_NZ_CP031214.1	1420892	1422589	1698	-	ypdA	two-component system sensor histidine kinase YpdA	C600	cds-WP_000544359.1	DK885_RS07250	
C600_DK885_RS07255	C600_NZ_CP031214.1	1422965	1424203	1239	+	alaC	alanine transaminase	C600	cds-WP_000785931.1	DK885_RS07255	GO:0009058,GO:0003824,GO:0030170
C600_DK885_RS07260	C600_NZ_CP031214.1	1424268	1424339	72	-	ypdK	membrane protein YpdK	C600	cds-WP_010723117.1	DK885_RS07260	GO:0016020
C600_DK885_RS07265	C600_NZ_CP031214.1	1424695	1425615	921	-	lpxP	kdo(2)-lipid IV(A) palmitoleoyltransferase	C600	cds-WP_000484404.1	DK885_RS07265	GO:0009409,GO:0036104,GO:0008951,GO:0016020
C600_DK885_RS07275	C600_NZ_CP031214.1	1425968	1426210	243	+	yfdY	YfdY family protein	C600	cds-WP_000609275.1	DK885_RS07275	
C600_DK885_RS07280	C600_NZ_CP031214.1	1426287	1426562	276	-	ypdI	colanic acid biosynthesis lipoprotein YpdI	C600	cds-WP_000867631.1	DK885_RS07280	
C600_DK885_RS07285	C600_NZ_CP031214.1	1426858	1427493	636	+	yfdX	YfdX family protein	C600	cds-WP_000825600.1	DK885_RS07285	
C600_DK885_RS07290	C600_NZ_CP031214.1	1428006	1429256	1251	+	frc	formyl-CoA transferase	C600	cds-WP_000106759.1	DK885_RS07290	GO:0033611,GO:0033608
C600_DK885_RS07295	C600_NZ_CP031214.1	1429310	1431004	1695	+	oxc	oxalyl-CoA decarboxylase	C600	cds-WP_001283490.1	DK885_RS07295	GO:0033611,GO:0000287,GO:0008949,GO:0030976
C600_DK885_RS07300	C600_NZ_CP031214.1	1431074	1432018	945	+	yfdV	transporter YfdV	C600	cds-WP_000955028.1	DK885_RS07300	
C600_DK885_RS07305	C600_NZ_CP031214.1	1432092	1433237	1146	+	yfdE	CoA:oxalate CoA-transferase	C600	cds-WP_001296867.1	DK885_RS07305	
C600_DK885_RS07310	C600_NZ_CP031214.1	1433293	1436886	3594	-	evgS	acid-sensing system histidine kinase EvgS	C600	cds-WP_001326970.1	DK885_RS07310	GO:0010447,GO:0004673
C600_DK885_RS07315	C600_NZ_CP031214.1	1436891	1437505	615	-	evgA	acid-sensing system DNA-binding response regulator EvgA	C600	cds-WP_000991370.1	DK885_RS07315	
C600_DK885_RS07320	C600_NZ_CP031214.1	1437921	1439084	1164	+	emrK	multidrug efflux MFS transporter periplasmic adaptor subunit EmrK	C600	cds-WP_000435167.1	DK885_RS07320	
C600_DK885_RS07325	C600_NZ_CP031214.1	1439084	1440622	1539	+	emrY	multidrug efflux MFS transporter permease subunit EmrY	C600	cds-WP_001018714.1	DK885_RS07325	
C600_DK885_RS07330	C600_NZ_CP031214.1	1440730	1442058	1329	-	dsdA	D-serine ammonia-lyase	C600	cds-WP_000426427.1	DK885_RS07330	GO:0046416,GO:0008721,GO:0030170
C600_DK885_RS07335	C600_NZ_CP031214.1	1442076	1443413	1338	-	dsdX	D-serine transporter DsdX	C600	cds-WP_000556048.1	DK885_RS07335	GO:0035429,GO:0015128,GO:0016020
C600_DK885_RS07340	C600_NZ_CP031214.1	1443631	1444566	936	+	dsdC	DNA-binding transcriptional regulator DsdC	C600	cds-WP_001326971.1	DK885_RS07340	GO:0006355,GO:0009063,GO:0003677,GO:0003700,GO:0005737
C600_DK885_RS07345	C600_NZ_CP031214.1	1444750	1444950	201	-	torI	response regulator inhibitor TorI	C600	cds-WP_001163428.1	DK885_RS07345	
C600_DK885_RS07350	C600_NZ_CP031214.1	1445082	1445387	306	-	yfdT	protein YfdT	C600	cds-WP_000206809.1	DK885_RS07350	
C600_DK885_RS07355	C600_NZ_CP031214.1	1445387	1445749	363	-	WP_001242717.1	phage protein	C600	cds-WP_001242717.1	DK885_RS07355	
C600_DK885_RS07360	C600_NZ_CP031214.1	1445740	1446276	537	-	yfdR	5'-deoxynucleotidase	C600	cds-WP_000008183.1	DK885_RS07360	
C600_DK885_RS07365	C600_NZ_CP031214.1	1446404	1447228	825	-	yfdQ	YfdQ family protein	C600	cds-WP_000081278.1	DK885_RS07365	
C600_DK885_RS07370	C600_NZ_CP031214.1	1447294	1447656	363	-	yfdP	protein YfdP	C600	cds-WP_000135673.1	DK885_RS07370	
C600_DK885_RS24105	C600_NZ_CP031214.1	1447675	1448382	708	+	helix-turn-helix domain-containing protein	helix-turn-helix domain-containing protein	C600	cds-DK885_RS24105	DK885_RS24105	
C600_DK885_RS07380	C600_NZ_CP031214.1	1448379	1448873	495	+	yfdN	PerC family transcriptional regulator	C600	cds-WP_001393497.1	DK885_RS07380	
C600_DK885_RS07385	C600_NZ_CP031214.1	1448873	1449139	267	+	yfdM	phage N-6-adenine-methyltransferase	C600	cds-DK885_RS07385	DK885_RS07385	GO:0009307,GO:0003677,GO:0009007
C600_DK885_RS07390	C600_NZ_CP031214.1	1449081	1449716	636	+	WP_042405267.1	gp53-like domain-containing protein	C600	cds-WP_042405267.1	DK885_RS07390	
C600_DK885_RS07395	C600_NZ_CP031214.1	1449743	1450183	441	+	yfdK	tail fiber assembly protein	C600	cds-WP_001106835.1	DK885_RS07395	GO:0098004
C600_DK885_RS07400	C600_NZ_CP031214.1	1450155	1450445	291	-	tail fiber assembly protein	tail fiber assembly protein	C600	cds-DK885_RS07400	DK885_RS07400	
C600_DK885_RS24220	C600_NZ_CP031214.1	1450617	1450763	147	+	WP_211180502.1	protein YodE	C600	cds-WP_211180502.1	DK885_RS24220	
C600_DK885_RS07405	C600_NZ_CP031214.1	1450798	1452129	1332	-	WP_001030215.1	hypothetical protein	C600	cds-WP_001030215.1	DK885_RS07405	
C600_DK885_RS07410	C600_NZ_CP031214.1	1452126	1452962	837	-	yfdH	glycosyltransferase family 2 protein	C600	cds-DK885_RS07410	DK885_RS07410	GO:0016757
C600_DK885_RS07415	C600_NZ_CP031214.1	1452993	1454155	1163	-	WP_085947771.1	IS3-like element IS3 family transposase	C600	cds-WP_085947771.1-2	DK885_RS07415	GO:0006313,GO:0004803
C600_DK885_RS24340	C600_NZ_CP031214.1	1454221	1454307	87	-	hypothetical protein	hypothetical protein	C600	cds-DK885_RS24340	DK885_RS24340	
C600_DK885_RS07420	C600_NZ_CP031214.1	1454304	1454666	363	-	yfdG	bactoprenol glucosyl transferase	C600	cds-WP_000915541.1	DK885_RS07420	
C600_DK885_RS07425	C600_NZ_CP031214.1	1454819	1455976	1158	-	intS	prophage integrase IntS	C600	cds-WP_000958671.1	DK885_RS07425	
C600_DK885_RS07435	C600_NZ_CP031214.1	1456288	1457220	933	-	yfdC	formate/nitrite transporter family protein	C600	cds-WP_000368140.1	DK885_RS07435	GO:0055085,GO:0022857,GO:0016020
C600_DK885_RS07445	C600_NZ_CP031214.1	1457514	1458269	756	+	mlaA	phospholipid-binding lipoprotein MlaA	C600	cds-WP_000776765.1	DK885_RS07445	GO:0016020
C600_DK885_RS07455	C600_NZ_CP031214.1	1458451	1459509	1059	-	yfdF	protein YfdF	C600	cds-WP_000937788.1	DK885_RS07455	
C600_DK885_RS07460	C600_NZ_CP031214.1	1459875	1461215	1341	-	fadL	long-chain fatty acid transporter FadL	C600	cds-WP_001295701.1	DK885_RS07460	
C600_DK885_RS07470	C600_NZ_CP031214.1	1461587	1461871	285	+	yfcZ	YfcZ/YiiS family protein	C600	cds-WP_001296261.1	DK885_RS07470	
C600_DK885_RS07475	C600_NZ_CP031214.1	1462052	1463362	1311	+	fadI	acetyl-CoA C-acyltransferase FadI	C600	cds-WP_000531952.1	DK885_RS07475	GO:0006631,GO:0016042,GO:0003988,GO:0005737
C600_DK885_RS07480	C600_NZ_CP031214.1	1463362	1465506	2145	+	fadJ	fatty acid oxidation complex subunit alpha FadJ	C600	cds-WP_000426176.1	DK885_RS07480	GO:0009062,GO:0003857,GO:0004300,GO:0008692,GO:0051287
C600_DK885_RS07485	C600_NZ_CP031214.1	1465709	1466194	486	+	sixA	phosphohistidine phosphatase SixA	C600	cds-WP_001195819.1	DK885_RS07485	GO:0036211,GO:0101006,GO:0005737
C600_DK885_RS07490	C600_NZ_CP031214.1	1466875	1467438	564	+	yfcV	fimbrial protein	C600	cds-WP_000033316.1	DK885_RS07490	GO:0007155,GO:0009289
C600_DK885_RS07495	C600_NZ_CP031214.1	1467520	1470165	2646	+	yfcU	fimbrial usher protein YfcU	C600	cds-DK885_RS07495	DK885_RS07495	
C600_DK885_RS07500	C600_NZ_CP031214.1	1470185	1470937	753	+	yfcS	fimbria/pilus periplasmic chaperone	C600	cds-WP_001281606.1	DK885_RS07500	GO:0071555,GO:0030288
C600_DK885_RS07505	C600_NZ_CP031214.1	1470937	1471449	513	+	yfcR	fimbrial protein	C600	cds-WP_001311011.1	DK885_RS07505	GO:0007155,GO:0009289
C600_DK885_RS07510	C600_NZ_CP031214.1	1471446	1471934	489	+	yfcQ	fimbrial protein	C600	cds-WP_001232541.1	DK885_RS07510	GO:0007155,GO:0009289
C600_DK885_RS07515	C600_NZ_CP031214.1	1471931	1472470	540	+	yfcP	fimbrial protein	C600	cds-WP_001043398.1	DK885_RS07515	GO:0007155,GO:0009289
C600_DK885_RS07520	C600_NZ_CP031214.1	1472472	1473293	822	+	yfcO	fimbrial adhesin YfcO	C600	cds-WP_000698745.1	DK885_RS07520	
C600_DK885_RS07525	C600_NZ_CP031214.1	1473364	1473915	552	-	smrB	endonuclease SmrB	C600	cds-WP_000730806.1	DK885_RS07525	
C600_DK885_RS07530	C600_NZ_CP031214.1	1474081	1475013	933	+	prmB	50S ribosomal protein L3 N(5)-glutamine methyltransferase	C600	cds-WP_001300582.1	DK885_RS07530	GO:0018364,GO:0042273,GO:0008276,GO:0008757
C600_DK885_RS07535	C600_NZ_CP031214.1	1475048	1476133	1086	+	aroC	chorismate synthase	C600	cds-WP_001333535.1	DK885_RS07535	GO:0009073,GO:0004107
C600_DK885_RS07540	C600_NZ_CP031214.1	1476137	1476961	825	+	mepA	penicillin-insensitive murein endopeptidase	C600	cds-WP_001043825.1	DK885_RS07540	GO:0006508,GO:0004252,GO:0030288
C600_DK885_RS07545	C600_NZ_CP031214.1	1476961	1477770	810	+	yfcA	sulfite exporter TauE/SafE family protein	C600	cds-WP_000447361.1	DK885_RS07545	
C600_DK885_RS07550	C600_NZ_CP031214.1	1477770	1478318	549	+	epmC	elongation factor P hydroxylase	C600	cds-WP_001089222.1	DK885_RS07550	
C600_DK885_RS07555	C600_NZ_CP031214.1	1478352	1478630	279	+	yfcL	YfcL family protein	C600	cds-WP_000559764.1	DK885_RS07555	
C600_DK885_RS07560	C600_NZ_CP031214.1	1478751	1480757	2007	-	mnmC	bifunctional tRNA (5-methylaminomethyl-2-thiouridine)(34)-methyltransferase MnmD/FAD-dependent 5-carboxymethylaminomethyl-2-thiouridine(34) oxidoreductase MnmC	C600	cds-WP_000683799.1	DK885_RS07560	GO:0008033,GO:0004808,GO:0016491
C600_DK885_RS07565	C600_NZ_CP031214.1	1480916	1482136	1221	+	fabB	beta-ketoacyl-ACP synthase I	C600	cds-WP_000817178.1	DK885_RS07565	GO:0006633,GO:0004315
C600_DK885_RS07575	C600_NZ_CP031214.1	1482401	1483579	1179	+	yfcJ	MFS transporter	C600	cds-WP_000127781.1	DK885_RS07575	
C600_DK885_RS07580	C600_NZ_CP031214.1	1483576	1484571	996	-	flk	flagella biosynthesis regulator Flk	C600	cds-WP_000615834.1	DK885_RS07580	GO:0010468,GO:0016020
C600_DK885_RS07585	C600_NZ_CP031214.1	1484670	1485806	1137	+	pdxB	4-phosphoerythronate dehydrogenase PdxB	C600	cds-WP_000699148.1	DK885_RS07585	GO:0008615,GO:0033711,GO:0046983,GO:0051287
C600_DK885_RS07590	C600_NZ_CP031214.1	1485872	1486885	1014	+	usg	aspartate-semialdehyde dehydrogenase	C600	cds-WP_001289167.1	DK885_RS07590	GO:0008652,GO:0016620,GO:0046983,GO:0051287
C600_DK885_RS07595	C600_NZ_CP031214.1	1486885	1487697	813	+	truA	tRNA pseudouridine(38-40) synthase TruA	C600	cds-WP_001283586.1	DK885_RS07595	GO:0001522,GO:0009451,GO:0003723,GO:0009982
C600_DK885_RS07600	C600_NZ_CP031214.1	1487780	1488439	660	+	dedA	DedA family protein	C600	cds-WP_000364335.1	DK885_RS07600	
C600_DK885_RS07605	C600_NZ_CP031214.1	1488595	1489509	915	+	accD	acetyl-CoA carboxylase, carboxyltransferase subunit beta	C600	cds-WP_000118404.1	DK885_RS07605	GO:0006633,GO:0003989,GO:0009317
C600_DK885_RS07610	C600_NZ_CP031214.1	1489579	1490847	1269	+	folC	bifunctional tetrahydrofolate synthase/dihydrofolate synthase	C600	cds-WP_000584546.1	DK885_RS07610	GO:0009396,GO:0004326,GO:0005524,GO:0016874
C600_DK885_RS07615	C600_NZ_CP031214.1	1490837	1491499	663	+	dedD	cell division protein DedD	C600	cds-WP_000146992.1	DK885_RS07615	GO:0032506,GO:0042834,GO:0030428
C600_DK885_RS07620	C600_NZ_CP031214.1	1491758	1492246	489	+	cvpA	colicin V production protein	C600	cds-WP_000262111.1	DK885_RS07620	
C600_DK885_RS07625	C600_NZ_CP031214.1	1492283	1493800	1518	+	purF	amidophosphoribosyltransferase	C600	cds-WP_000334220.1	DK885_RS07625	GO:0009113,GO:0004044
C600_DK885_RS07630	C600_NZ_CP031214.1	1493895	1494464	570	+	ubiX	flavin prenyltransferase UbiX	C600	cds-WP_000825700.1	DK885_RS07630	
C600_DK885_RS07635	C600_NZ_CP031214.1	1494730	1495512	783	+	argT	lysine/arginine/ornithine ABC transporter substrate-binding protein ArgT	C600	cds-WP_000748271.1	DK885_RS07635	
C600_DK885_RS07640	C600_NZ_CP031214.1	1495733	1496515	783	+	hisJ	histidine ABC transporter substrate-binding protein HisJ	C600	cds-WP_000737621.1	DK885_RS07640	
C600_DK885_RS07645	C600_NZ_CP031214.1	1496605	1497291	687	+	hisQ	histidine ABC transporter permease HisQ	C600	cds-WP_000965522.1	DK885_RS07645	
C600_DK885_RS07650	C600_NZ_CP031214.1	1497288	1498004	717	+	hisM	ABC transporter permease	C600	cds-WP_000569958.1	DK885_RS07650	GO:0022857,GO:0055052
C600_DK885_RS07655	C600_NZ_CP031214.1	1498012	1498785	774	+	hisP	histidine ABC transporter ATP-binding protein HisP	C600	cds-WP_001293613.1	DK885_RS07655	
C600_DK885_RS07660	C600_NZ_CP031214.1	1498982	1499872	891	+	rpnB	recombination-promoting nuclease RpnB	C600	cds-WP_000156149.1	DK885_RS07660	
C600_DK885_RS07665	C600_NZ_CP031214.1	1499920	1500813	894	-	yfcH	TIGR01777 family oxidoreductase	C600	cds-WP_001028341.1	DK885_RS07665	GO:0003824
C600_DK885_RS07670	C600_NZ_CP031214.1	1500834	1501196	363	-	folX	dihydroneopterin triphosphate 2'-epimerase	C600	cds-WP_000068457.1	DK885_RS07670	GO:0006760,GO:0004150
C600_DK885_RS07675	C600_NZ_CP031214.1	1501253	1501900	648	-	yfcG	GSH-dependent disulfide bond oxidoreductase	C600	cds-WP_000566471.1	DK885_RS07675	
C600_DK885_RS07680	C600_NZ_CP031214.1	1502036	1502680	645	+	yfcF	glutathione transferase	C600	cds-WP_000042442.1	DK885_RS07680	GO:0006749
C600_DK885_RS07685	C600_NZ_CP031214.1	1502736	1503287	552	+	yfcE	phosphodiesterase	C600	cds-WP_000772452.1	DK885_RS07685	
C600_DK885_RS07690	C600_NZ_CP031214.1	1503345	1503887	543	+	yfcD	NUDIX hydrolase YfcD	C600	cds-WP_000437935.1	DK885_RS07690	GO:0016817
C600_DK885_RS07695	C600_NZ_CP031214.1	1503920	1505440	1521	-	yfcC	putative basic amino acid antiporter YfcC	C600	cds-WP_001274493.1	DK885_RS07695	GO:0016020
C600_DK885_RS07700	C600_NZ_CP031214.1	1505630	1507774	2145	-	pta	phosphate acetyltransferase	C600	cds-WP_000086722.1	DK885_RS07700	GO:0016407
C600_DK885_RS07705	C600_NZ_CP031214.1	1507849	1509051	1203	-	ackA	acetate kinase	C600	cds-WP_000095707.1	DK885_RS07705	
C600_DK885_RS07710	C600_NZ_CP031214.1	1509389	1509844	456	+	yfbV	terminus macrodomain insulation protein YfbV	C600	cds-WP_000106627.1	DK885_RS07710	
C600_DK885_RS07715	C600_NZ_CP031214.1	1509927	1510421	495	+	yfbU	YfbU family protein	C600	cds-WP_000426124.1	DK885_RS07715	
C600_DK885_RS07720	C600_NZ_CP031214.1	1510432	1511082	651	+	hxpA	hexitol phosphatase HxpA	C600	cds-WP_001203392.1	DK885_RS07720	
C600_DK885_RS07725	C600_NZ_CP031214.1	1511169	1513001	1833	+	yfbS	SLC13 family permease	C600	cds-WP_001012899.1	DK885_RS07725	GO:0008324
C600_DK885_RS07730	C600_NZ_CP031214.1	1513060	1513659	600	-	yfbR	5'-deoxynucleotidase	C600	cds-WP_000813859.1	DK885_RS07730	GO:0002953
C600_DK885_RS07735	C600_NZ_CP031214.1	1513743	1514960	1218	-	alaA	alanine transaminase AlaA	C600	cds-WP_000074527.1	DK885_RS07735	
C600_DK885_RS07745	C600_NZ_CP031214.1	1515880	1516817	938	+	lrhA	transcriptional regulator LrhA	C600	cds-DK885_RS07745	DK885_RS07745	GO:0006355,GO:0003700
C600_DK885_RS07750	C600_NZ_CP031214.1	1517448	1517891	444	+	nuoA	NADH-quinone oxidoreductase subunit NuoA	C600	cds-WP_000062997.1	DK885_RS07750	
C600_DK885_RS07755	C600_NZ_CP031214.1	1517907	1518569	663	+	nuoB	NADH-quinone oxidoreductase subunit NuoB	C600	cds-WP_000386733.1	DK885_RS07755	
C600_DK885_RS07760	C600_NZ_CP031214.1	1518663	1520465	1803	+	nuoC	NADH-quinone oxidoreductase subunit C/D	C600	cds-WP_000247879.1	DK885_RS07760	GO:0048038,GO:0050136,GO:0051287,GO:0030964
C600_DK885_RS07765	C600_NZ_CP031214.1	1520468	1520968	501	+	nuoE	NADH-quinone oxidoreductase subunit NuoE	C600	cds-WP_000545042.1	DK885_RS07765	GO:0016491
C600_DK885_RS07770	C600_NZ_CP031214.1	1520965	1522302	1338	+	nuoF	NADH-quinone oxidoreductase subunit NuoF	C600	cds-WP_000789500.1	DK885_RS07770	GO:0008137,GO:0051539
C600_DK885_RS07775	C600_NZ_CP031214.1	1522355	1525081	2727	+	nuoG	NADH-quinone oxidoreductase subunit NuoG	C600	cds-WP_000190939.1	DK885_RS07775	GO:0006120,GO:0050136,GO:0051536
C600_DK885_RS07780	C600_NZ_CP031214.1	1525078	1526055	978	+	nuoH	NADH-quinone oxidoreductase subunit NuoH	C600	cds-WP_000118507.1	DK885_RS07780	
C600_DK885_RS07785	C600_NZ_CP031214.1	1526070	1526612	543	+	nuoI	NADH-quinone oxidoreductase subunit NuoI	C600	cds-WP_000172749.1	DK885_RS07785	GO:0016651,GO:0051539,GO:0016020
C600_DK885_RS07790	C600_NZ_CP031214.1	1526624	1527178	555	+	nuoJ	NADH-quinone oxidoreductase subunit J	C600	cds-WP_000393511.1	DK885_RS07790	GO:0008137
C600_DK885_RS07795	C600_NZ_CP031214.1	1527175	1527477	303	+	nuoK	NADH-quinone oxidoreductase subunit NuoK	C600	cds-WP_000612644.1	DK885_RS07795	GO:0042773,GO:0016651
C600_DK885_RS07800	C600_NZ_CP031214.1	1527474	1529315	1842	+	nuoL	NADH-quinone oxidoreductase subunit L	C600	cds-WP_001056643.1	DK885_RS07800	GO:0042773,GO:0008137
C600_DK885_RS07805	C600_NZ_CP031214.1	1529479	1531008	1530	+	nuoM	NADH-quinone oxidoreductase subunit M	C600	cds-WP_000926441.1	DK885_RS07805	GO:0042773,GO:0008137
C600_DK885_RS07810	C600_NZ_CP031214.1	1531015	1532472	1458	+	nuoN	NADH-quinone oxidoreductase subunit NuoN	C600	cds-WP_000156701.1	DK885_RS07810	GO:0008137
C600_DK885_RS07815	C600_NZ_CP031214.1	1532556	1533404	849	-	yfbP	tetratricopeptide repeat protein YfbP	C600	cds-WP_000767280.1	DK885_RS07815	
C600_DK885_RS07820	C600_NZ_CP031214.1	1533463	1533885	423	-	yfbO	protein YfbO	C600	cds-WP_000188051.1	DK885_RS07820	
C600_DK885_RS07825	C600_NZ_CP031214.1	1534094	1534810	717	+	yfbN	protein YfbN	C600	cds-WP_000455114.1	DK885_RS07825	
C600_DK885_RS07830	C600_NZ_CP031214.1	1535083	1535586	504	-	yfbM	YfbM family protein	C600	cds-WP_000525360.1	DK885_RS07830	
C600_DK885_RS07835	C600_NZ_CP031214.1	1535689	1536660	972	-	yfbL	M28 family metallopeptidase	C600	cds-WP_000719999.1	DK885_RS07835	
C600_DK885_RS07840	C600_NZ_CP031214.1	1536798	1538525	1728	+	yfbK	vWA domain-containing protein	C600	cds-WP_001244806.1	DK885_RS07840	
C600_DK885_RS07845	C600_NZ_CP031214.1	1538596	1539807	1212	-	elaD	deubiquitinase ElaD	C600	cds-WP_001393504.1	DK885_RS07845	
C600_DK885_RS07850	C600_NZ_CP031214.1	1539995	1540912	918	-	rbn	ribonuclease BN	C600	cds-WP_001300687.1	DK885_RS07850	GO:0042780,GO:0016891
C600_DK885_RS07855	C600_NZ_CP031214.1	1540977	1541438	462	+	elaA	GNAT family N-acetyltransferase	C600	cds-WP_000574091.1	DK885_RS07855	
C600_DK885_RS07860	C600_NZ_CP031214.1	1541493	1541798	306	+	elaB	stress response protein ElaB	C600	cds-WP_000070621.1	DK885_RS07860	
C600_DK885_RS07865	C600_NZ_CP031214.1	1541877	1543172	1296	+	menF	isochorismate synthase MenF	C600	cds-WP_001191419.1	DK885_RS07865	GO:0008909
C600_DK885_RS07870	C600_NZ_CP031214.1	1543261	1544931	1671	+	menD	2-succinyl-5-enolpyruvyl-6-hydroxy-3-cyclohexene-1-carboxylic-acid synthase	C600	cds-WP_001295284.1	DK885_RS07870	GO:0009234,GO:0030976,GO:0070204
C600_DK885_RS07875	C600_NZ_CP031214.1	1544928	1545686	759	+	menH	2-succinyl-6-hydroxy-2,4-cyclohexadiene-1-carboxylate synthase	C600	cds-WP_000600499.1	DK885_RS07875	GO:0009234,GO:0070205
C600_DK885_RS07880	C600_NZ_CP031214.1	1545701	1546558	858	+	menB	1,4-dihydroxy-2-naphthoyl-CoA synthase	C600	cds-WP_000639996.1	DK885_RS07880	GO:0009234,GO:0008935
C600_DK885_RS07885	C600_NZ_CP031214.1	1546558	1547520	963	+	menC	o-succinylbenzoate synthase	C600	cds-WP_001255628.1	DK885_RS07885	GO:0009234,GO:0000287,GO:0016836
C600_DK885_RS07890	C600_NZ_CP031214.1	1547517	1548872	1356	+	menE	o-succinylbenzoate--CoA ligase	C600	cds-WP_000577625.1	DK885_RS07890	GO:0009234,GO:0005524,GO:0008756
C600_DK885_RS07895	C600_NZ_CP031214.1	1548982	1549248	267	+	pmrD	signal transduction protein PmrD	C600	cds-WP_001295285.1	DK885_RS07895	
C600_DK885_RS07900	C600_NZ_CP031214.1	1549242	1549628	387	-	arnF	4-amino-4-deoxy-L-arabinose-phosphoundecaprenol flippase subunit ArnF	C600	cds-WP_000523880.1	DK885_RS07900	
C600_DK885_RS07905	C600_NZ_CP031214.1	1549628	1549963	336	-	arnE	4-amino-4-deoxy-L-arabinose-phosphoundecaprenol flippase subunit ArnE	C600	cds-WP_000638031.1	DK885_RS07905	
C600_DK885_RS07910	C600_NZ_CP031214.1	1549960	1551612	1653	-	arnT	lipid IV(A) 4-amino-4-deoxy-L-arabinosyltransferase	C600	cds-WP_000844057.1	DK885_RS07910	GO:0006493,GO:0000030,GO:0016763,GO:0016020
C600_DK885_RS07915	C600_NZ_CP031214.1	1551612	1552502	891	-	arnD	4-deoxy-4-formamido-L-arabinose-phosphoundecaprenol deformylase	C600	cds-WP_000169728.1	DK885_RS07915	GO:0016810
C600_DK885_RS07920	C600_NZ_CP031214.1	1552499	1554481	1983	-	arnA	bifunctional UDP-4-amino-4-deoxy-L-arabinose formyltransferase/UDP-glucuronic acid oxidase ArnA	C600	cds-WP_000860273.1	DK885_RS07920	GO:0009058,GO:0016742
C600_DK885_RS07925	C600_NZ_CP031214.1	1554481	1555449	969	-	arnC	undecaprenyl-phosphate 4-deoxy-4-formamido-L-arabinose transferase	C600	cds-WP_000461657.1	DK885_RS07925	GO:0016780
C600_DK885_RS07930	C600_NZ_CP031214.1	1555453	1556592	1140	-	arnB	UDP-4-amino-4-deoxy-L-arabinose aminotransferase	C600	cds-WP_001295286.1	DK885_RS07930	GO:0008483
C600_DK885_RS07935	C600_NZ_CP031214.1	1556900	1557502	603	+	ais	lipopolysaccharide core heptose(II)-phosphate phosphatase Ais	C600	cds-WP_000879112.1	DK885_RS07935	
C600_DK885_RS07940	C600_NZ_CP031214.1	1557541	1557966	426	-	nudI	nucleoside triphosphatase NudI	C600	cds-WP_001300564.1	DK885_RS07940	GO:0016818
C600_DK885_RS07945	C600_NZ_CP031214.1	1558245	1558787	543	+	yfaZ	YfaZ family protein	C600	cds-WP_001300392.1	DK885_RS07945	
C600_DK885_RS07950	C600_NZ_CP031214.1	1558887	1560089	1203	+	yfaY	nicotinamide mononucleotide deamidase-related protein YfaY	C600	cds-WP_000921621.1	DK885_RS07950	
C600_DK885_RS07955	C600_NZ_CP031214.1	1560309	1561091	783	+	yfaX	IclR family transcriptional regulator	C600	cds-WP_000894185.1	DK885_RS07955	GO:0006355,GO:0003677,GO:0003700
C600_DK885_RS07960	C600_NZ_CP031214.1	1561106	1562311	1206	+	rhmD	L-rhamnonate dehydratase	C600	cds-WP_001319848.1	DK885_RS07960	GO:0050032
C600_DK885_RS07965	C600_NZ_CP031214.1	1562368	1563657	1290	+	yfaV	MFS transporter	C600	cds-WP_000100890.1	DK885_RS07965	GO:0055085,GO:0022857
C600_DK885_RS07970	C600_NZ_CP031214.1	1563675	1564478	804	+	yfaU	2-keto-3-deoxy-L-rhamnonate aldolase	C600	cds-WP_000992954.1	DK885_RS07970	
C600_DK885_RS07975	C600_NZ_CP031214.1	1564519	1564716	198	-	hypothetical protein	hypothetical protein	C600	cds-DK885_RS07975	DK885_RS07975	
C600_DK885_RS07980	C600_NZ_CP031214.1	1564717	1565616	900	-	WP_000140592.1	ISNCY family transposase	C600	cds-WP_000140592.1	DK885_RS07980	
C600_DK885_RS07985	C600_NZ_CP031214.1	1565809	1566999	1191	-	glpC	anaerobic glycerol-3-phosphate dehydrogenase subunit GlpC	C600	cds-WP_001000379.1	DK885_RS07985	GO:0006071,GO:0009061,GO:0004368,GO:0051536,GO:0009331,GO:0016020
C600_DK885_RS07990	C600_NZ_CP031214.1	1566996	1568255	1260	-	glpB	glycerol-3-phosphate dehydrogenase subunit GlpB	C600	cds-WP_001209927.1	DK885_RS07990	GO:0004368
C600_DK885_RS07995	C600_NZ_CP031214.1	1568245	1569873	1629	-	glpA	anaerobic glycerol-3-phosphate dehydrogenase subunit A	C600	cds-WP_000857257.1	DK885_RS07995	GO:0006072,GO:0046174,GO:0004368,GO:0010181,GO:0050660,GO:0009331
C600_DK885_RS08000	C600_NZ_CP031214.1	1570146	1571504	1359	+	glpT	glycerol-3-phosphate transporter	C600	cds-WP_000948731.1	DK885_RS08000	GO:0015794,GO:0015169,GO:0016020
C600_DK885_RS08005	C600_NZ_CP031214.1	1571509	1572585	1077	+	glpQ	glycerophosphodiester phosphodiesterase	C600	cds-WP_000779105.1	DK885_RS08005	GO:0006629,GO:0008081
C600_DK885_RS08010	C600_NZ_CP031214.1	1572627	1572869	243	-	LysR family transcriptional regulator	LysR family transcriptional regulator	C600	cds-DK885_RS08010	DK885_RS08010	
C600_DK885_RS24345	C600_NZ_CP031214.1	1572864	1572968	105	+	hypothetical protein	hypothetical protein	C600	cds-DK885_RS24345	DK885_RS24345	
C600_DK885_RS08015	C600_NZ_CP031214.1	1573048	1573698	651	+	inaA	lipopolysaccharide kinase InaA	C600	cds-WP_000301050.1	DK885_RS08015	
C600_DK885_RS08020	C600_NZ_CP031214.1	1573752	1574006	255	-	yfaE	ferredoxin-like diferric-tyrosyl radical cofactor maintenance protein YfaE	C600	cds-WP_000135040.1	DK885_RS08020	
C600_DK885_RS08025	C600_NZ_CP031214.1	1574006	1575136	1131	-	nrdB	class Ia ribonucleoside-diphosphate reductase subunit beta	C600	cds-WP_000332037.1	DK885_RS08025	GO:0009263,GO:0016491
C600_DK885_RS08030	C600_NZ_CP031214.1	1575370	1577655	2286	-	nrdA	class 1a ribonucleoside-diphosphate reductase subunit alpha	C600	cds-WP_001075164.1	DK885_RS08030	GO:0006260,GO:0004748,GO:0005524
C600_DK885_RS24470	C600_NZ_CP031214.1	1577783	1577926	144	+	ypaB	protein YpaB	C600	cds-WP_001753443.1	DK885_RS24470	
C600_DK885_RS08040	C600_NZ_CP031214.1	1578351	1582103	3753	+	yfaL	AIDA-I family autotransporter adhesin YfaL/EhaC	C600	cds-WP_001220077.1	DK885_RS08040	GO:0019867
C600_DK885_RS08045	C600_NZ_CP031214.1	1582231	1582953	723	-	ubiG	bifunctional 2-polyprenyl-6-hydroxyphenol methylase/3-demethylubiquinol 3-O-methyltransferase UbiG	C600	cds-WP_000990765.1	DK885_RS08045	GO:0006744,GO:0061542
C600_DK885_RS08050	C600_NZ_CP031214.1	1583100	1585727	2628	+	gyrA	DNA topoisomerase (ATP-hydrolyzing) subunit A	C600	cds-WP_001281242.1	DK885_RS08050	GO:0006265,GO:0003916,GO:0003918,GO:0009330
C600_DK885_RS08055	C600_NZ_CP031214.1	1585876	1587564	1689	+	yfaA	DUF2138 domain-containing protein	C600	cds-WP_000012305.1	DK885_RS08055	
C600_DK885_RS08060	C600_NZ_CP031214.1	1587561	1588184	624	+	yfaT	DUF1175 domain-containing protein	C600	cds-WP_001295211.1	DK885_RS08060	
C600_DK885_RS08065	C600_NZ_CP031214.1	1588208	1592722	4515	+	alpha-2-macroglobulin family protein	alpha-2-macroglobulin family protein	C600	cds-DK885_RS08065	DK885_RS08065	GO:0010951,GO:0004866
C600_DK885_RS08075	C600_NZ_CP031214.1	1592723	1594372	1650	+	yfaQ	YfaQ family protein	C600	cds-WP_001104549.1	DK885_RS08075	
C600_DK885_RS08080	C600_NZ_CP031214.1	1594377	1595153	777	+	yfaP	YfaP family protein	C600	cds-WP_001225852.1	DK885_RS08080	
C600_DK885_RS08085	C600_NZ_CP031214.1	1595227	1596411	1185	-	atoB	acetyl-CoA acetyltransferase	C600	cds-WP_000786547.1	DK885_RS08085	
C600_DK885_RS08090	C600_NZ_CP031214.1	1596442	1597764	1323	-	atoE	TIGR00366 family protein	C600	cds-WP_000580275.1	DK885_RS08090	
C600_DK885_RS08095	C600_NZ_CP031214.1	1597761	1598411	651	-	atoA	acetate CoA-transferase subunit beta	C600	cds-WP_000339065.1	DK885_RS08095	
C600_DK885_RS08100	C600_NZ_CP031214.1	1598411	1599073	663	-	atoD	acetate CoA-transferase subunit alpha	C600	cds-WP_000850540.1	DK885_RS08100	
C600_DK885_RS08105	C600_NZ_CP031214.1	1599269	1600654	1386	-	atoC	acetoacetate metabolism transcriptional regulator AtoC	C600	cds-WP_000125282.1	DK885_RS08105	
C600_DK885_RS08110	C600_NZ_CP031214.1	1600651	1602477	1827	-	atoS	two-component system sensor histidine kinase AtoS	C600	cds-WP_000559125.1	DK885_RS08110	
C600_DK885_RS08115	C600_NZ_CP031214.1	1602644	1605493	2850	+	rcsC	two-component system sensor histidine kinase RcsC	C600	cds-WP_000876011.1	DK885_RS08115	GO:0000160,GO:0006355,GO:0018106,GO:0000155,GO:0005524,GO:0016020
C600_DK885_RS08120	C600_NZ_CP031214.1	1605693	1606343	651	-	rcsB	response regulator transcription factor RcsB	C600	cds-WP_001061917.1	DK885_RS08120	
C600_DK885_RS08125	C600_NZ_CP031214.1	1606360	1609032	2673	-	rcsD	phosphotransferase RcsD	C600	cds-WP_001249081.1	DK885_RS08125	GO:0000160,GO:0009927,GO:0005886
C600_DK885_RS08140	C600_NZ_CP031214.1	1609771	1610874	1104	+	ompC	porin OmpC	C600	cds-WP_000865568.1	DK885_RS08140	
C600_DK885_RS08145	C600_NZ_CP031214.1	1610986	1612041	1056	+	apbE	FAD:protein FMN transferase ApbE	C600	cds-WP_000406064.1	DK885_RS08145	GO:0017013
C600_DK885_RS08150	C600_NZ_CP031214.1	1612115	1613179	1065	+	ada	bifunctional DNA-binding transcriptional regulator/O6-methylguanine-DNA methyltransferase Ada	C600	cds-WP_000710375.1	DK885_RS08150	GO:0006281,GO:0006355,GO:0003700
C600_DK885_RS08155	C600_NZ_CP031214.1	1613179	1613829	651	+	alkB	DNA oxidative demethylase AlkB	C600	cds-WP_000884971.1	DK885_RS08155	
C600_DK885_RS08160	C600_NZ_CP031214.1	1613905	1615548	1644	+	yojI	microcin J25 efflux ABC transporter YojI	C600	cds-WP_000422182.1	DK885_RS08160	
C600_DK885_RS08165	C600_NZ_CP031214.1	1615766	1617412	1647	+	mqo	malate dehydrogenase (quinone)	C600	cds-WP_000758077.1	DK885_RS08165	GO:0006099,GO:0008924
C600_DK885_RS08170	C600_NZ_CP031214.1	1618127	1618636	510	-	eco	serine protease inhibitor ecotin	C600	cds-WP_000712249.1	DK885_RS08170	GO:0004867
C600_DK885_RS08175	C600_NZ_CP031214.1	1618750	1618914	165	-	yojO	protein YojO	C600	cds-WP_001310984.1	DK885_RS08175	
C600_DK885_RS08180	C600_NZ_CP031214.1	1619023	1619517	495	+	napF	ferredoxin-type protein NapF	C600	cds-WP_000686723.1	DK885_RS08180	GO:0051539
C600_DK885_RS08185	C600_NZ_CP031214.1	1619507	1619770	264	+	napD	chaperone NapD	C600	cds-WP_000557378.1	DK885_RS08185	
C600_DK885_RS08190	C600_NZ_CP031214.1	1619767	1622253	2487	+	napA	periplasmic nitrate reductase subunit alpha	C600	cds-WP_000778061.1	DK885_RS08190	GO:0042126,GO:0008940,GO:0030151,GO:0009325
C600_DK885_RS08195	C600_NZ_CP031214.1	1622260	1622955	696	+	napG	ferredoxin-type protein NapG	C600	cds-WP_000091291.1	DK885_RS08195	
C600_DK885_RS08200	C600_NZ_CP031214.1	1622942	1623805	864	+	napH	quinol dehydrogenase ferredoxin subunit NapH	C600	cds-WP_000013515.1	DK885_RS08200	
C600_DK885_RS08205	C600_NZ_CP031214.1	1623802	1624251	450	+	napB	nitrate reductase cytochrome c-type subunit	C600	cds-WP_000835174.1	DK885_RS08205	
C600_DK885_RS08210	C600_NZ_CP031214.1	1624261	1624863	603	+	napC	cytochrome c-type protein NapC	C600	cds-WP_000528376.1	DK885_RS08210	
C600_DK885_RS08215	C600_NZ_CP031214.1	1624876	1625499	624	+	ccmA	cytochrome c biogenesis heme-transporting ATPase CcmA	C600	cds-WP_000525587.1	DK885_RS08215	GO:0017004,GO:0005524,GO:0022857
C600_DK885_RS08220	C600_NZ_CP031214.1	1625496	1626158	663	+	ccmB	heme exporter protein CcmB	C600	cds-WP_000971730.1	DK885_RS08220	GO:0015886,GO:0015232
C600_DK885_RS08225	C600_NZ_CP031214.1	1626200	1626937	738	+	ccmC	heme exporter protein CcmC	C600	cds-WP_001295447.1	DK885_RS08225	
C600_DK885_RS08230	C600_NZ_CP031214.1	1626934	1627143	210	+	ccmD	heme exporter protein CcmD	C600	cds-WP_000186540.1	DK885_RS08230	GO:0015886,GO:0017004,GO:0016020
C600_DK885_RS08235	C600_NZ_CP031214.1	1627140	1627619	480	+	ccmE	cytochrome c maturation protein CcmE	C600	cds-WP_001026418.1	DK885_RS08235	
C600_DK885_RS08240	C600_NZ_CP031214.1	1627616	1629559	1944	+	ccmF	cytochrome c-type biogenesis heme lyase CcmF	C600	cds-WP_000982447.1	DK885_RS08240	
C600_DK885_RS08245	C600_NZ_CP031214.1	1629556	1630113	558	+	dsbE	thiol:disulfide interchange protein DsbE	C600	cds-WP_000824439.1	DK885_RS08245	
C600_DK885_RS08250	C600_NZ_CP031214.1	1630110	1631162	1053	+	ccmH	cytochrome c-type biogenesis thiol:disulfide oxidoreductase CcmH	C600	cds-WP_001211575.1	DK885_RS08250	
C600_DK885_RS08255	C600_NZ_CP031214.1	1631373	1632020	648	-	narP	nitrate/nitrite response regulator protein NarP	C600	cds-WP_001113639.1	DK885_RS08255	
C600_DK885_RS24615	C600_NZ_CP031214.1	1632340	1632408	69	+	hypothetical protein	hypothetical protein	C600	cds-DK885_RS24615	DK885_RS24615	
C600_DK885_RS08270	C600_NZ_CP031214.1	1632475	1633455	981	+	WP_000019403.1	IS5-like element IS5 family transposase	C600	cds-WP_000019403.1-4	DK885_RS08270	GO:0006313,GO:0004803
C600_DK885_RS08280	C600_NZ_CP031214.1	1633587	1636130	2544	+	yejO	autotransporter YejO	C600	cds-DK885_RS08280	DK885_RS08280	
C600_DK885_RS08295	C600_NZ_CP031214.1	1636384	1638144	1761	-	yejM	LPS biosynthesis-modulating metalloenzyme YejM	C600	cds-WP_000256203.1	DK885_RS08295	GO:0008484
C600_DK885_RS08300	C600_NZ_CP031214.1	1638164	1638391	228	-	yejL	YejL family protein	C600	cds-WP_001135667.1	DK885_RS08300	
C600_DK885_RS08305	C600_NZ_CP031214.1	1638573	1639580	1008	+	yejK	nucleoid-associated protein YejK	C600	cds-WP_000050793.1	DK885_RS08305	GO:0009295
C600_DK885_RS08310	C600_NZ_CP031214.1	1639719	1640003	285	-	rplY	50S ribosomal protein L25	C600	cds-WP_000494183.1	DK885_RS08310	GO:0006412,GO:0003735,GO:0005840
C600_DK885_RS08315	C600_NZ_CP031214.1	1640128	1641888	1761	-	radD	DEAD/DEAH box helicase	C600	cds-WP_000578061.1	DK885_RS08315	GO:0003676,GO:0004386,GO:0005524,GO:0016887
C600_DK885_RS08325	C600_NZ_CP031214.1	1642037	1642732	696	+	rsuA	16S rRNA pseudouridine(516) synthase RsuA	C600	cds-WP_001234850.1	DK885_RS08325	
C600_DK885_RS08330	C600_NZ_CP031214.1	1642760	1643950	1191	+	bcr	multidrug efflux MFS transporter Bcr	C600	cds-WP_000213361.1	DK885_RS08330	
C600_DK885_RS08340	C600_NZ_CP031214.1	1644283	1644627	345	+	yejG	YejG family protein	C600	cds-WP_000202798.1	DK885_RS08340	
C600_DK885_RS08345	C600_NZ_CP031214.1	1644631	1646220	1590	-	yejF	microcin C ABC transporter ATP-binding protein YejF	C600	cds-WP_000194927.1	DK885_RS08345	GO:0006810,GO:0000166,GO:0005524
C600_DK885_RS08350	C600_NZ_CP031214.1	1646222	1647247	1026	-	yejE	ABC transporter permease	C600	cds-WP_000088923.1	DK885_RS08350	
C600_DK885_RS08355	C600_NZ_CP031214.1	1647247	1648341	1095	-	yejB	microcin C ABC transporter permease YejB	C600	cds-WP_000501604.1	DK885_RS08355	
C600_DK885_RS08360	C600_NZ_CP031214.1	1648342	1650156	1815	-	yejA	extracellular solute-binding protein	C600	cds-WP_000637046.1	DK885_RS08360	
C600_DK885_RS08365	C600_NZ_CP031214.1	1650238	1651794	1557	-	pdeN	cyclic di-GMP phosphodiesterase	C600	cds-WP_000470560.1	DK885_RS08365	
C600_DK885_RS08370	C600_NZ_CP031214.1	1651975	1652541	567	-	mepS	bifunctional murein DD-endopeptidase/murein LD-carboxypeptidase	C600	cds-WP_000241011.1	DK885_RS08370	
C600_DK885_RS08375	C600_NZ_CP031214.1	1652953	1653666	714	-	lpxT	Kdo(2)-lipid A phosphotransferase	C600	cds-WP_000594599.1	DK885_RS08375	
C600_DK885_RS08380	C600_NZ_CP031214.1	1653705	1654691	987	-	yeiR	zinc-binding GTPase YeiR	C600	cds-WP_000198828.1	DK885_RS08380	
C600_DK885_RS08385	C600_NZ_CP031214.1	1654809	1656275	1467	-	yeiQ	mannitol dehydrogenase family protein	C600	cds-WP_001091940.1	DK885_RS08385	GO:0016616
C600_DK885_RS08390	C600_NZ_CP031214.1	1656498	1657070	573	-	yeiP	elongation factor P-like protein YeiP	C600	cds-WP_001136827.1	DK885_RS08390	GO:0006414,GO:0003746
C600_DK885_RS08395	C600_NZ_CP031214.1	1657225	1657479	255	+	yeiW	YkgJ family cysteine cluster protein	C600	cds-WP_000389030.1	DK885_RS08395	GO:0051536
C600_DK885_RS08400	C600_NZ_CP031214.1	1657476	1658657	1182	-	setB	sugar efflux transporter SetB	C600	cds-WP_000551980.1	DK885_RS08400	GO:0008643,GO:0055085,GO:0005351,GO:0022857,GO:0016020
C600_DK885_RS08405	C600_NZ_CP031214.1	1659025	1660155	1131	+	fruB	fused PTS fructose transporter subunit IIA/HPr protein	C600	cds-WP_000487246.1	DK885_RS08405	
C600_DK885_RS08410	C600_NZ_CP031214.1	1660155	1661093	939	+	fruK	1-phosphofructokinase	C600	cds-WP_000091263.1	DK885_RS08410	GO:0008662,GO:0016773
C600_DK885_RS08415	C600_NZ_CP031214.1	1661110	1662801	1692	+	fruA	PTS fructose transporter subunit IIBC	C600	cds-WP_000854447.1	DK885_RS08415	GO:0009401,GO:0008982,GO:0022877
C600_DK885_RS08420	C600_NZ_CP031214.1	1663224	1664165	942	+	psuK	pseudouridine kinase	C600	cds-WP_001208118.1	DK885_RS08420	
C600_DK885_RS08425	C600_NZ_CP031214.1	1664153	1665091	939	+	psuG	pseudouridine-5'-phosphate glycosidase	C600	cds-WP_001292460.1	DK885_RS08425	
C600_DK885_RS08430	C600_NZ_CP031214.1	1665185	1666435	1251	+	psuT	NupC/NupG family nucleoside CNT transporter	C600	cds-WP_000353878.1	DK885_RS08430	GO:1901642,GO:0005337,GO:0015293,GO:0005886,GO:0016020
C600_DK885_RS08435	C600_NZ_CP031214.1	1666506	1667204	699	-	yeiL	transcriptional regulator YeiL	C600	cds-WP_000658575.1	DK885_RS08435	
C600_DK885_RS08440	C600_NZ_CP031214.1	1667334	1668275	942	+	rihB	ribosylpyrimidine nucleosidase	C600	cds-WP_000415429.1	DK885_RS08440	
C600_DK885_RS08445	C600_NZ_CP031214.1	1668375	1669625	1251	+	nupX	NupC/NupG family nucleoside CNT transporter	C600	cds-WP_000382966.1	DK885_RS08445	GO:1901642,GO:0005337,GO:0015293,GO:0005886,GO:0016020
C600_DK885_RS08450	C600_NZ_CP031214.1	1669732	1670820	1089	-	yeiI	sugar kinase	C600	cds-WP_001065016.1	DK885_RS08450	
C600_DK885_RS08455	C600_NZ_CP031214.1	1670823	1671680	858	-	nfo	deoxyribonuclease IV	C600	cds-WP_000873894.1	DK885_RS08455	GO:0006281,GO:0003677,GO:0008270
C600_DK885_RS08460	C600_NZ_CP031214.1	1671754	1672803	1050	-	yeiH	YeiH family protein	C600	cds-WP_000182053.1	DK885_RS08460	
C600_DK885_RS08465	C600_NZ_CP031214.1	1672902	1673783	882	+	yieE	DNA-binding transcriptional regulator YeiE	C600	cds-WP_000548294.1	DK885_RS08465	GO:0006355,GO:0003700
C600_DK885_RS08475	C600_NZ_CP031214.1	1673988	1675457	1470	+	lysP	lysine-specific permease	C600	cds-WP_000253273.1	DK885_RS08475	
C600_DK885_RS08485	C600_NZ_CP031214.1	1675751	1677742	1992	+	cirA	catecholate siderophore receptor CirA	C600	cds-WP_000489247.1	DK885_RS08485	
C600_DK885_RS08490	C600_NZ_CP031214.1	1677774	1678610	837	-	yeiG	S-formylglutathione hydrolase	C600	cds-WP_000425438.1	DK885_RS08490	
C600_DK885_RS08505	C600_NZ_CP031214.1	1678868	1679536	669	+	folE	GTP cyclohydrolase I FolE	C600	cds-WP_001139613.1	DK885_RS08505	GO:0046654,GO:0003934
C600_DK885_RS08510	C600_NZ_CP031214.1	1679553	1680710	1158	+	yeiB	DUF418 domain-containing protein YeiB	C600	cds-WP_000440926.1	DK885_RS08510	
C600_DK885_RS08520	C600_NZ_CP031214.1	1680852	1681892	1041	+	galS	HTH-type transcriptional regulator GalS	C600	cds-WP_000628648.1	DK885_RS08520	GO:0006355,GO:0003677
C600_DK885_RS08525	C600_NZ_CP031214.1	1682172	1683170	999	+	mglB	galactose/glucose ABC transporter substrate-binding protein MglB	C600	cds-WP_001036964.1	DK885_RS08525	GO:0030246
C600_DK885_RS08530	C600_NZ_CP031214.1	1683231	1684751	1521	+	mglA	galactose/methyl galactoside ABC transporter ATP-binding protein MglA	C600	cds-WP_000255039.1	DK885_RS08530	GO:0008643,GO:0005524,GO:0043211,GO:0016020
C600_DK885_RS08535	C600_NZ_CP031214.1	1684767	1685777	1011	+	mglC	galactose/methyl galactoside ABC transporter permease MglC	C600	cds-WP_001275118.1	DK885_RS08535	GO:0008643,GO:0055085,GO:0022857,GO:0016020
C600_DK885_RS08540	C600_NZ_CP031214.1	1686020	1687255	1236	-	preA	NAD-dependent dihydropyrimidine dehydrogenase subunit PreA	C600	cds-WP_000956071.1	DK885_RS08540	GO:0006210,GO:0006212,GO:0017113
C600_DK885_RS08545	C600_NZ_CP031214.1	1687249	1688487	1239	-	preT	NAD-dependent dihydropyrimidine dehydrogenase subunit PreT	C600	cds-WP_001136389.1	DK885_RS08545	
C600_DK885_RS08550	C600_NZ_CP031214.1	1688681	1688920	240	-	yeiS	DUF2542 family protein	C600	cds-WP_000383096.1	DK885_RS08550	GO:0016020
C600_DK885_RS08555	C600_NZ_CP031214.1	1688923	1689642	720	-	sanA	outer membrane permeability protein SanA	C600	cds-WP_000920064.1	DK885_RS08555	
C600_DK885_RS08560	C600_NZ_CP031214.1	1689792	1690676	885	-	cdd	cytidine deaminase	C600	cds-WP_000553555.1	DK885_RS08560	GO:0009972,GO:0004126,GO:0008270
C600_DK885_RS08565	C600_NZ_CP031214.1	1690806	1691501	696	-	yohK	CidB/LrgB family autolysis modulator	C600	cds-WP_000968208.1	DK885_RS08565	
C600_DK885_RS08570	C600_NZ_CP031214.1	1691498	1691896	399	-	yohJ	CidA/LrgA family protein	C600	cds-WP_001295452.1	DK885_RS08570	
C600_DK885_RS08575	C600_NZ_CP031214.1	1692135	1693082	948	+	dusC	tRNA dihydrouridine(16) synthase DusC	C600	cds-WP_001264861.1	DK885_RS08575	GO:0002943,GO:0017150,GO:0050660
C600_DK885_RS24560	C600_NZ_CP031214.1	1693455	1693538	84	-	yohP	small membrane protein YohP	C600	cds-WP_000691708.1	DK885_RS24560	
C600_DK885_RS08595	C600_NZ_CP031214.1	1693762	1695197	1436	+	mdtQ	multidrug resistance outer membrane protein MdtQ	C600	cds-DK885_RS08595	DK885_RS08595	GO:0055085,GO:0015562,GO:0016020
C600_DK885_RS08600	C600_NZ_CP031214.1	1695250	1696011	762	+	yohF	SDR family oxidoreductase	C600	cds-WP_000079538.1	DK885_RS08600	GO:0016491
C600_DK885_RS08605	C600_NZ_CP031214.1	1696141	1696719	579	-	yohD	DedA family protein	C600	cds-WP_001296821.1	DK885_RS08605	GO:0016020
C600_DK885_RS08610	C600_NZ_CP031214.1	1696889	1697476	588	+	yohC	Yip1 family protein	C600	cds-WP_001295454.1	DK885_RS08610	GO:0016192,GO:0031267
C600_DK885_RS08615	C600_NZ_CP031214.1	1697650	1698582	933	+	pbpG	D-alanyl-D-alanine endopeptidase	C600	cds-WP_001319943.1	DK885_RS08615	GO:0006508,GO:0009002
C600_DK885_RS08620	C600_NZ_CP031214.1	1698620	1700335	1716	-	dld	D-lactate dehydrogenase	C600	cds-WP_000097403.1	DK885_RS08620	GO:0006089,GO:0016901
C600_DK885_RS08625	C600_NZ_CP031214.1	1700531	1702828	2298	+	bglX	beta-glucosidase BglX	C600	cds-WP_000871504.1	DK885_RS08625	GO:0005975,GO:0004553
C600_DK885_RS08630	C600_NZ_CP031214.1	1703039	1703956	918	+	osmF	glycine betaine ABC transporter substrate-binding protein OsmF	C600	cds-WP_001130308.1	DK885_RS08630	GO:0031460,GO:0022857
C600_DK885_RS08635	C600_NZ_CP031214.1	1703963	1705120	1158	+	yehY	glycine betaine ABC transporter permease YehY	C600	cds-WP_000220837.1	DK885_RS08635	
C600_DK885_RS08640	C600_NZ_CP031214.1	1705113	1706039	927	+	yehX	glycine betaine ABC transporter ATP binding protein YehX	C600	cds-WP_000569315.1	DK885_RS08640	
C600_DK885_RS08645	C600_NZ_CP031214.1	1706044	1706775	732	+	yehW	glycine betaine ABC transporter permease YehW	C600	cds-WP_000783123.1	DK885_RS08645	
C600_DK885_RS08650	C600_NZ_CP031214.1	1706756	1706863	108	-	yohO	protein YohO	C600	cds-WP_001216963.1	DK885_RS08650	
C600_DK885_RS08655	C600_NZ_CP031214.1	1706923	1707654	732	-	mlrA	HTH-type transcriptional regulator MlrA	C600	cds-WP_001240401.1	DK885_RS08655	
C600_DK885_RS08660	C600_NZ_CP031214.1	1707876	1709561	1686	+	btsS	two-component regulatory system sensor histidine kinase BtsS	C600	cds-WP_001295431.1	DK885_RS08660	
C600_DK885_RS08665	C600_NZ_CP031214.1	1709558	1710277	720	+	btsR	two-component system response regulator BtsR	C600	cds-WP_000598641.1	DK885_RS08665	
C600_DK885_RS08670	C600_NZ_CP031214.1	1710324	1710794	471	+	yehS	DUF1456 family protein	C600	cds-WP_000950409.1	DK885_RS08670	
C600_DK885_RS08675	C600_NZ_CP031214.1	1710834	1711295	462	-	yehR	YehR family lipoprotein	C600	cds-WP_001295429.1	DK885_RS08675	
C600_DK885_RS08680	C600_NZ_CP031214.1	1711420	1713420	2001	-	yehQ	SWIM zinc finger family protein	C600	cds-DK885_RS08680	DK885_RS08680	GO:0008270
C600_DK885_RS08685	C600_NZ_CP031214.1	1713417	1714553	1137	-	yehP	vWA domain-containing protein	C600	cds-WP_001333512.1	DK885_RS08685	
C600_DK885_RS08690	C600_NZ_CP031214.1	1714546	1716825	2280	-	yehM	DUF5682 family protein	C600	cds-WP_001294387.1	DK885_RS08690	
C600_DK885_RS08695	C600_NZ_CP031214.1	1716836	1717924	1089	-	yehL	ATP-binding protein	C600	cds-WP_001350535.1	DK885_RS08695	GO:0005524,GO:0016887
C600_DK885_RS08700	C600_NZ_CP031214.1	1718231	1718548	318	-	yehK	protein YehK	C600	cds-WP_000636925.1	DK885_RS08700	
C600_DK885_RS08705	C600_NZ_CP031214.1	1718609	1722241	3633	-	yehI	DUF4132 domain-containing protein YehI	C600	cds-WP_000356817.1	DK885_RS08705	
C600_DK885_RS23885	C600_NZ_CP031214.1	1722251	1726046	3796	-	DUF4132 domain-containing protein	DUF4132 domain-containing protein	C600	cds-DK885_RS23885	DK885_RS23885	
C600_DK885_RS08725	C600_NZ_CP031214.1	1726187	1728220	2034	-	metG	methionine--tRNA ligase	C600	cds-WP_001350533.1	DK885_RS08725	GO:0006431,GO:0000166,GO:0004825,GO:0005524
C600_DK885_RS08730	C600_NZ_CP031214.1	1728352	1729461	1110	+	apbC	iron-sulfur cluster carrier protein ApbC	C600	cds-WP_001005448.1	DK885_RS08730	GO:0016226,GO:0005524,GO:0016887,GO:0051536
C600_DK885_RS08735	C600_NZ_CP031214.1	1729724	1730005	282	+	yehE	YehE family protein	C600	cds-WP_001324851.1	DK885_RS08735	
C600_DK885_RS08745	C600_NZ_CP031214.1	1730298	1730840	543	+	yehD	fimbrial protein	C600	cds-WP_000830456.1	DK885_RS08745	GO:0007155,GO:0009289
C600_DK885_RS08750	C600_NZ_CP031214.1	1730920	1731594	675	+	yehC	fimbria/pilus periplasmic chaperone	C600	cds-WP_000677393.1	DK885_RS08750	GO:0071555,GO:0030288
C600_DK885_RS08755	C600_NZ_CP031214.1	1731610	1734090	2481	+	yehB	fimbrial biogenesis outer membrane usher protein	C600	cds-WP_000945454.1	DK885_RS08755	
C600_DK885_RS08760	C600_NZ_CP031214.1	1734106	1735140	1035	+	yehA	putative fimbrial-like adhesin protein	C600	cds-WP_000405713.1	DK885_RS08760	
C600_DK885_RS08765	C600_NZ_CP031214.1	1735222	1735560	339	-	rcnB	Ni(II)/Co(II) efflux transporter accessory subunit RcnB	C600	cds-WP_000153067.1	DK885_RS08765	
C600_DK885_RS08770	C600_NZ_CP031214.1	1735779	1736603	825	-	rcnA	nickel/cobalt efflux protein RcnA	C600	cds-WP_000134636.1	DK885_RS08770	
C600_DK885_RS08775	C600_NZ_CP031214.1	1736724	1736996	273	+	rcnR	Ni(II)/Co(II)-binding transcriptional repressor RcnR	C600	cds-WP_000019944.1	DK885_RS08775	
C600_DK885_RS08780	C600_NZ_CP031214.1	1737219	1738007	789	+	thiM	hydroxyethylthiazole kinase	C600	cds-WP_001195564.1	DK885_RS08780	GO:0009228,GO:0004417
C600_DK885_RS08785	C600_NZ_CP031214.1	1738004	1738804	801	+	thiD	bifunctional hydroxymethylpyrimidine kinase/phosphomethylpyrimidine kinase	C600	cds-WP_000822274.1	DK885_RS08785	GO:0009228,GO:0008902,GO:0008972
C600_DK885_RS08790	C600_NZ_CP031214.1	1738869	1739687	819	+	yegX	glycoside hydrolase family 25 protein	C600	cds-WP_001351783.1	DK885_RS08790	
C600_DK885_RS08795	C600_NZ_CP031214.1	1739739	1740485	747	+	yegW	GntR family transcriptional regulator	C600	cds-WP_000434038.1	DK885_RS08795	GO:0003677,GO:0003700
C600_DK885_RS08800	C600_NZ_CP031214.1	1740459	1741424	966	-	yegV	carbohydrate kinase family protein	C600	cds-WP_000012001.1	DK885_RS08800	GO:0005975,GO:0016301
C600_DK885_RS08805	C600_NZ_CP031214.1	1741421	1742425	1005	-	yegU	ADP-ribosylglycohydrolase family protein	C600	cds-WP_000846217.1	DK885_RS08805	
C600_DK885_RS08810	C600_NZ_CP031214.1	1742422	1743699	1278	-	yegT	nucleoside permease	C600	cds-WP_000858484.1	DK885_RS08810	GO:0015858,GO:0055085,GO:0015506,GO:0022857
C600_DK885_RS08815	C600_NZ_CP031214.1	1743956	1745008	1053	+	fbaB	class I fructose-bisphosphate aldolase	C600	cds-WP_000129551.1	DK885_RS08815	GO:0004332
C600_DK885_RS08820	C600_NZ_CP031214.1	1745316	1746170	855	+	gatY	tagatose-bisphosphate aldolase subunit GatY	C600	cds-WP_001307281.1	DK885_RS08820	
C600_DK885_RS08825	C600_NZ_CP031214.1	1746199	1747290	1092	+	gatZ	tagatose-bisphosphate aldolase subunit GatZ	C600	cds-DK885_RS08825	DK885_RS08825	
C600_DK885_RS08830	C600_NZ_CP031214.1	1747306	1748003	698	-	WP_223293343.1	IS1-like element IS1D family transposase	C600	cds-WP_223293343.1	DK885_RS08830	GO:0006313,GO:0004803
C600_DK885_RS08840	C600_NZ_CP031214.1	1747983	1748237	255	+	class II D-tagatose-bisphosphate aldolase non-catalytic subunit	class II D-tagatose-bisphosphate aldolase non-catalytic subunit	C600	cds-DK885_RS08840	DK885_RS08840	GO:0005975
C600_DK885_RS08845	C600_NZ_CP031214.1	1748247	1748699	453	+	gatA	PTS galactitol transporter subunit IIA	C600	cds-WP_000182899.1	DK885_RS08845	
C600_DK885_RS08850	C600_NZ_CP031214.1	1748730	1749014	285	+	gatB	PTS galactitol transporter subunit IIB	C600	cds-WP_000823270.1	DK885_RS08850	
C600_DK885_RS08855	C600_NZ_CP031214.1	1749018	1750373	1356	+	WP_000490679.1	PTS galactitol transporter subunit IIC	C600	cds-WP_000490679.1	DK885_RS08855	GO:0009401,GO:0015796,GO:0015577,GO:0016020
C600_DK885_RS08860	C600_NZ_CP031214.1	1750421	1751461	1041	+	gatD	galactitol-1-phosphate 5-dehydrogenase	C600	cds-WP_000844219.1	DK885_RS08860	GO:0008270,GO:0016491
C600_DK885_RS08865	C600_NZ_CP031214.1	1751567	1751866	300	+	DeoR family transcriptional regulator	DeoR family transcriptional regulator	C600	cds-DK885_RS08865	DK885_RS08865	GO:0006355,GO:0003700
C600_DK885_RS08870	C600_NZ_CP031214.1	1751896	1753058	1163	-	WP_085947771.1	IS3-like element IS3 family transposase	C600	cds-WP_085947771.1-3	DK885_RS08870	GO:0006313,GO:0004803
C600_DK885_RS08875	C600_NZ_CP031214.1	1753125	1753601	477	+	DeoR/GlpR family DNA-binding transcription regulator	DeoR/GlpR family DNA-binding transcription regulator	C600	cds-DK885_RS08875	DK885_RS08875	GO:0003677,GO:0003700
C600_DK885_RS08880	C600_NZ_CP031214.1	1753683	1754582	900	-	yegS	lipid kinase YegS	C600	cds-WP_000807348.1	DK885_RS08880	GO:0001727,GO:0046872
C600_DK885_RS08885	C600_NZ_CP031214.1	1754988	1755305	318	+	yegR	protein YegR	C600	cds-WP_001318299.1	DK885_RS08885	
C600_DK885_RS08895	C600_NZ_CP031214.1	1755480	1755692	213	+	phage late control D family protein	phage late control D family protein	C600	cds-DK885_RS08895	DK885_RS08895	
C600_DK885_RS08900	C600_NZ_CP031214.1	1755774	1755992	219	+	ogrK	prophage transcriptional regulator OgrK	C600	cds-WP_000468310.1	DK885_RS08900	
C600_DK885_RS08905	C600_NZ_CP031214.1	1756265	1757626	1362	-	yegQ	tRNA 5-hydroxyuridine modification protein YegQ	C600	cds-WP_000476011.1	DK885_RS08905	
C600_DK885_RS08910	C600_NZ_CP031214.1	1757773	1758105	333	-	yegP	YegP family protein	C600	cds-WP_001350529.1	DK885_RS08910	
C600_DK885_RS08915	C600_NZ_CP031214.1	1758296	1759018	723	-	baeR	two-component system response regulator BaeR	C600	cds-WP_000137877.1	DK885_RS08915	GO:0000160,GO:0003677
C600_DK885_RS08920	C600_NZ_CP031214.1	1759015	1760418	1404	-	baeS	two-component system sensor histidine kinase BaeS	C600	cds-WP_000675150.1	DK885_RS08920	GO:0007165,GO:0016310,GO:0000155,GO:0016020
C600_DK885_RS08925	C600_NZ_CP031214.1	1760415	1761830	1416	-	mdtD	MFS transporter	C600	cds-WP_000130850.1	DK885_RS08925	
C600_DK885_RS08930	C600_NZ_CP031214.1	1761831	1764908	3078	-	mdtC	multidrug efflux RND transporter permease subunit MdtC	C600	cds-WP_000667481.1	DK885_RS08930	
C600_DK885_RS08935	C600_NZ_CP031214.1	1764909	1768031	3123	-	mdtB	multidrug efflux RND transporter permease subunit MdtB	C600	cds-WP_001197875.1	DK885_RS08935	
C600_DK885_RS08940	C600_NZ_CP031214.1	1768031	1769278	1248	-	mdtA	multidrug efflux RND transporter subunit MdtA	C600	cds-WP_000678989.1	DK885_RS08940	
C600_DK885_RS08945	C600_NZ_CP031214.1	1769557	1769613	57	+	WP_001386899.1	type I toxin-antitoxin system Ibs family toxin	C600	cds-WP_001386899.1	DK885_RS08945	
C600_DK885_RS08950	C600_NZ_CP031214.1	1769886	1769945	60	+	ibsA	type I toxin-antitoxin system toxin IbsA	C600	cds-WP_010723109.1	DK885_RS08950	
C600_DK885_RS08955	C600_NZ_CP031214.1	1770166	1770825	660	+	yegL	vWA domain-containing protein	C600	cds-WP_000003154.1	DK885_RS08955	
C600_DK885_RS08960	C600_NZ_CP031214.1	1770822	1771583	762	+	pphC	protein-serine/threonine phosphatase PphC	C600	cds-WP_000119090.1	DK885_RS08960	
C600_DK885_RS08965	C600_NZ_CP031214.1	1771648	1772109	462	-	yegJ	YegJ family protein	C600	cds-WP_000722348.1	DK885_RS08965	
C600_DK885_RS08970	C600_NZ_CP031214.1	1772309	1774255	1947	+	yegI	protein kinase YegI	C600	cds-WP_000856081.1	DK885_RS08970	
C600_DK885_RS08975	C600_NZ_CP031214.1	1774268	1775620	1353	-	yegD	molecular chaperone	C600	cds-WP_000469708.1	DK885_RS08975	GO:0005524,GO:0016887
C600_DK885_RS08985	C600_NZ_CP031214.1	1775754	1776602	849	+	alkA	DNA-3-methyladenine glycosylase 2	C600	cds-WP_000288420.1	DK885_RS08985	GO:0006281,GO:0003824
C600_DK885_RS08990	C600_NZ_CP031214.1	1776711	1780028	3318	-	dgcE	diguanylate cyclase	C600	cds-WP_000043761.1	DK885_RS08990	GO:0005515
C600_DK885_RS08995	C600_NZ_CP031214.1	1780346	1780987	642	+	udk	uridine kinase	C600	cds-WP_001295424.1	DK885_RS08995	GO:0004849
C600_DK885_RS09000	C600_NZ_CP031214.1	1781079	1781660	582	+	dcd	dCTP deaminase	C600	cds-WP_001234768.1	DK885_RS09000	GO:0006229,GO:0008829
C600_DK885_RS09005	C600_NZ_CP031214.1	1781682	1783535	1854	+	asmA	outer membrane assembly protein AsmA	C600	cds-WP_001252331.1	DK885_RS09005	
C600_DK885_RS09010	C600_NZ_CP031214.1	1783809	1785392	1584	-	yegH	TerC family protein	C600	cds-WP_000454701.1	DK885_RS09010	GO:0005886
C600_DK885_RS09015	C600_NZ_CP031214.1	1786051	1787190	1140	+	wza	polysaccharide export protein Wza	C600	cds-WP_000978094.1	DK885_RS09015	
C600_DK885_RS09020	C600_NZ_CP031214.1	1787196	1787639	444	+	wzb	low molecular weight protein-tyrosine-phosphatase Wzb	C600	cds-WP_000482901.1	DK885_RS09020	
C600_DK885_RS09025	C600_NZ_CP031214.1	1787642	1789804	2163	+	wzc	tyrosine-protein kinase Wzc	C600	cds-WP_000137196.1	DK885_RS09025	GO:0009103,GO:0016020
C600_DK885_RS09030	C600_NZ_CP031214.1	1789897	1790736	840	+	wcaA	colanic acid biosynthesis glycosyltransferase WcaA	C600	cds-WP_000794699.1	DK885_RS09030	
C600_DK885_RS09035	C600_NZ_CP031214.1	1790739	1791227	489	+	wcaB	colanic acid biosynthesis acetyltransferase WcaB	C600	cds-WP_000888740.1	DK885_RS09035	
C600_DK885_RS09040	C600_NZ_CP031214.1	1791224	1792441	1218	+	wcaC	colanic acid biosynthesis glycosyltransferase WcaC	C600	cds-WP_001023871.1	DK885_RS09040	GO:0016757
C600_DK885_RS09045	C600_NZ_CP031214.1	1792416	1793633	1218	+	wcaD	colanic acid polymerase WcaD	C600	cds-WP_000107816.1	DK885_RS09045	
C600_DK885_RS09050	C600_NZ_CP031214.1	1793644	1794390	747	+	wcaE	colanic acid biosynthesis glycosyltransferase WcaE	C600	cds-WP_000927089.1	DK885_RS09050	
C600_DK885_RS09055	C600_NZ_CP031214.1	1794406	1794954	549	+	wcaF	colanic acid biosynthesis acetyltransferase WcaF	C600	cds-WP_001153547.1	DK885_RS09055	
C600_DK885_RS09060	C600_NZ_CP031214.1	1794980	1796101	1122	+	gmd	GDP-mannose 4,6-dehydratase	C600	cds-WP_000048190.1	DK885_RS09060	GO:0000271,GO:0019673,GO:0008446
C600_DK885_RS09065	C600_NZ_CP031214.1	1796104	1797069	966	+	fcl	GDP-L-fucose synthase	C600	cds-WP_000043654.1	DK885_RS09065	GO:0042351,GO:0016853,GO:0050577
C600_DK885_RS09070	C600_NZ_CP031214.1	1797072	1797551	480	+	gmm	GDP-mannose mannosyl hydrolase	C600	cds-WP_001393539.1	DK885_RS09070	
C600_DK885_RS09075	C600_NZ_CP031214.1	1797548	1798771	1224	+	wcaI	colanic acid biosynthesis fucosyltransferase WcaI	C600	cds-WP_000699693.1	DK885_RS09075	
C600_DK885_RS09080	C600_NZ_CP031214.1	1798774	1800210	1437	+	cpsB	mannose-1-phosphate guanyltransferase	C600	cds-WP_000079274.1	DK885_RS09080	GO:0000271,GO:0016779
C600_DK885_RS09085	C600_NZ_CP031214.1	1800315	1801685	1371	+	cpsG	colanic acid biosynthesis phosphomannomutase CpsG	C600	cds-WP_001350528.1	DK885_RS09085	
C600_DK885_RS09090	C600_NZ_CP031214.1	1801740	1803134	1395	+	wcaJ	undecaprenyl-phosphate glucose phosphotransferase	C600	cds-WP_000183107.1	DK885_RS09090	
C600_DK885_RS09095	C600_NZ_CP031214.1	1803136	1804614	1479	+	wzxC	colanic acid undecaprenyl disphosphate flippase WzxC	C600	cds-WP_000058424.1	DK885_RS09095	
C600_DK885_RS09100	C600_NZ_CP031214.1	1804890	1806170	1281	+	wcaK	colanic acid biosynthesis pyruvyl transferase WcaK	C600	cds-WP_000770780.1	DK885_RS09100	
C600_DK885_RS09105	C600_NZ_CP031214.1	1806167	1807387	1221	+	wcaL	colanic acid biosynthesis glycosyltransferase WcaL	C600	cds-WP_000862592.1	DK885_RS09105	GO:0016757
C600_DK885_RS09110	C600_NZ_CP031214.1	1807398	1808792	1395	+	wcaM	colanic acid biosynthesis protein WcaM	C600	cds-WP_001116026.1	DK885_RS09110	
C600_DK885_RS09115	C600_NZ_CP031214.1	1808967	1809860	894	+	galF	UTP--glucose-1-phosphate uridylyltransferase GalF	C600	cds-WP_000183060.1	DK885_RS09115	
C600_DK885_RS09125	C600_NZ_CP031214.1	1810233	1811318	1086	+	rfbB	dTDP-glucose 4,6-dehydratase	C600	cds-WP_000699460.1	DK885_RS09125	GO:0009225,GO:0019305,GO:0008460
C600_DK885_RS09130	C600_NZ_CP031214.1	1811318	1812216	899	+	rfbD	dTDP-4-dehydrorhamnose reductase	C600	cds-DK885_RS09130	DK885_RS09130	
C600_DK885_RS09135	C600_NZ_CP031214.1	1812274	1813155	882	+	rfbA	glucose-1-phosphate thymidylyltransferase RfbA	C600	cds-WP_000783975.1	DK885_RS09135	GO:0000271,GO:0008879
C600_DK885_RS09140	C600_NZ_CP031214.1	1813155	1813712	558	+	rfbC	dTDP-4-dehydrorhamnose 3,5-epimerase	C600	cds-WP_001100981.1	DK885_RS09140	GO:0019305,GO:0008830
C600_DK885_RS09145	C600_NZ_CP031214.1	1813709	1814956	1248	+	wzx	O16 family O-antigen flippase	C600	cds-WP_001393538.1	DK885_RS09145	
C600_DK885_RS09150	C600_NZ_CP031214.1	1814964	1816067	1104	+	glf	UDP-galactopyranose mutase	C600	cds-WP_000272486.1	DK885_RS09150	GO:0009273,GO:0008767
C600_DK885_RS09155	C600_NZ_CP031214.1	1816067	1817233	1167	+	wzy	O16 family O-antigen polymerase	C600	cds-WP_000639866.1	DK885_RS09155	
C600_DK885_RS09160	C600_NZ_CP031214.1	1817236	1818228	993	+	wbbI	beta-1,6-galactofuranosyltransferase	C600	cds-WP_001407542.1	DK885_RS09160	
C600_DK885_RS09165	C600_NZ_CP031214.1	1818209	1818799	591	+	wbbJ	DapH/DapD/GlmU-related protein	C600	cds-WP_000601187.1	DK885_RS09165	
C600_DK885_RS09170	C600_NZ_CP031214.1	1818784	1819902	1119	+	wbbK	glycosyltransferase family 4 protein	C600	cds-WP_000520320.1	DK885_RS09170	GO:0006486,GO:0016757
C600_DK885_RS09175	C600_NZ_CP031214.1	1819904	1820353	450	+	wbbL	N-acetylglucosaminyl-diphospho-decaprenol L-rhamnosyltransferase WbbL	C600	cds-DK885_RS09175	DK885_RS09175	
C600_DK885_RS09185	C600_NZ_CP031214.1	1820418	1821398	981	+	WP_000019403.1	IS5-like element IS5 family transposase	C600	cds-WP_000019403.1-5	DK885_RS09185	GO:0006313,GO:0004803
C600_DK885_RS09190	C600_NZ_CP031214.1	1821544	1821897	354	+	wbbL	N-acetylglucosaminyl-diphospho-decaprenol L-rhamnosyltransferase WbbL	C600	cds-DK885_RS09190	DK885_RS09190	
C600_DK885_RS09195	C600_NZ_CP031214.1	1822025	1823431	1407	+	gndA	NADP-dependent phosphogluconate dehydrogenase	C600	cds-WP_000043484.1	DK885_RS09195	GO:0006098,GO:0004616,GO:0050661
C600_DK885_RS09200	C600_NZ_CP031214.1	1823680	1824846	1167	+	ugd	UDP-glucose 6-dehydrogenase	C600	cds-WP_000704857.1	DK885_RS09200	GO:0000271,GO:0003979
C600_DK885_RS09205	C600_NZ_CP031214.1	1824992	1825972	981	+	wzzB	LPS O-antigen chain length determinant protein WzzB	C600	cds-WP_001393575.1	DK885_RS09205	GO:0009103
C600_DK885_RS09210	C600_NZ_CP031214.1	1826068	1826679	612	-	hisIE	bifunctional phosphoribosyl-AMP cyclohydrolase/phosphoribosyl-ATP diphosphatase HisIE	C600	cds-WP_000954911.1	DK885_RS09210	GO:0000105,GO:0004635,GO:0004636
C600_DK885_RS09215	C600_NZ_CP031214.1	1826673	1827449	777	-	hisF	imidazole glycerol phosphate synthase subunit HisF	C600	cds-WP_000880182.1	DK885_RS09215	GO:0000105,GO:0000107
C600_DK885_RS09220	C600_NZ_CP031214.1	1827431	1828168	738	-	hisA	1-(5-phosphoribosyl)-5-[(5-phosphoribosylamino)methylideneamino]imidazole-4-carboxamide isomerase	C600	cds-WP_000586462.1	DK885_RS09220	GO:0000105,GO:0003949
C600_DK885_RS09225	C600_NZ_CP031214.1	1828168	1828758	591	-	hisH	imidazole glycerol phosphate synthase subunit HisH	C600	cds-WP_001103560.1	DK885_RS09225	GO:0000105,GO:0000107
C600_DK885_RS09230	C600_NZ_CP031214.1	1828758	1829825	1068	-	hisB	bifunctional histidinol-phosphatase/imidazoleglycerol-phosphate dehydratase HisB	C600	cds-WP_000080105.1	DK885_RS09230	GO:0000105,GO:0004401,GO:0004424
C600_DK885_RS09235	C600_NZ_CP031214.1	1829825	1830895	1071	-	hisC	histidinol-phosphate transaminase	C600	cds-WP_000108941.1	DK885_RS09235	GO:0000105,GO:0004400
C600_DK885_RS09240	C600_NZ_CP031214.1	1830892	1832196	1305	-	hisD	histidinol dehydrogenase	C600	cds-WP_000009594.1	DK885_RS09240	GO:0000105,GO:0004399,GO:0046872,GO:0051287
C600_DK885_RS09245	C600_NZ_CP031214.1	1832202	1833101	900	-	hisG	ATP phosphoribosyltransferase	C600	cds-WP_000131782.1	DK885_RS09245	GO:0000105,GO:0003879,GO:0005737
C600_DK885_RS09255	C600_NZ_CP031214.1	1833247	1833297	51	-	hisL	his operon leader peptide	C600	cds-WP_001364200.1	DK885_RS09255	GO:0000105
C600_DK885_RS09260	C600_NZ_CP031214.1	1833580	1833831	252	+	yefM	YoeB-YefM toxin-antitoxin system antitoxin YefM	C600	cds-WP_001259255.1	DK885_RS09260	
C600_DK885_RS09265	C600_NZ_CP031214.1	1833828	1834082	255	+	yoeB	type II toxin-antitoxin system mRNA interferase toxin YoeB	C600	cds-WP_000767829.1	DK885_RS09265	
C600_DK885_RS09270	C600_NZ_CP031214.1	1834165	1834989	825	+	yeeZ	SDR family oxidoreductase	C600	cds-WP_000754737.1	DK885_RS09270	GO:0016491,GO:0051287
C600_DK885_RS09275	C600_NZ_CP031214.1	1835035	1835964	930	+	yeeY	LysR substrate-binding domain-containing protein	C600	cds-WP_000803351.1	DK885_RS09275	
C600_DK885_RS09280	C600_NZ_CP031214.1	1836179	1836241	63	+	yoeI	membrane protein YoeI	C600	cds-WP_010723108.1	DK885_RS09280	
C600_DK885_RS09285	C600_NZ_CP031214.1	1836231	1837589	1359	+	plaP	putrescine/proton symporter PlaP	C600	cds-WP_000019197.1	DK885_RS09285	
C600_DK885_RS09290	C600_NZ_CP031214.1	1837768	1838826	1059	+	tsuA	thiosulfate utilization transporter TsuA/YeeE	C600	cds-WP_000492339.1	DK885_RS09290	
C600_DK885_RS09295	C600_NZ_CP031214.1	1838840	1839067	228	+	tsuB	thiosulfate utilization sulfurtransferase TsuB/YeeD	C600	cds-WP_000234896.1	DK885_RS09295	
C600_DK885_RS09300	C600_NZ_CP031214.1	1839110	1840537	1428	-	sbcB	exodeoxyribonuclease I	C600	cds-WP_000980589.1	DK885_RS09300	GO:0006281,GO:0000175,GO:0003676,GO:0008310
C600_DK885_RS09305	C600_NZ_CP031214.1	1840746	1841912	1167	+	dacD	serine-type D-Ala-D-Ala carboxypeptidase DacD	C600	cds-WP_000830156.1	DK885_RS09305	GO:0006508,GO:0009002
C600_DK885_RS09310	C600_NZ_CP031214.1	1842031	1842504	474	+	sbmC	DNA gyrase inhibitor SbmC	C600	cds-WP_001105415.1	DK885_RS09310	
C600_DK885_RS09315	C600_NZ_CP031214.1	1842702	1843760	1059	+	yeeA	FUSC family protein	C600	cds-WP_001200891.1	DK885_RS09315	GO:0055085,GO:0022857,GO:0005886
C600_DK885_RS09320	C600_NZ_CP031214.1	1843932	1844261	330	+	tmaR	DUF496 family protein	C600	cds-WP_000450409.1	DK885_RS09320	
C600_DK885_RS09325	C600_NZ_CP031214.1	1844362	1844544	183	-	WP_001016348.1	EutP/PduV family microcompartment system protein	C600	cds-WP_001016348.1	DK885_RS09325	GO:0006576,GO:0005524
C600_DK885_RS09330	C600_NZ_CP031214.1	1844616	1844744	129	+	transposase domain-containing protein	transposase domain-containing protein	C600	cds-DK885_RS09330	DK885_RS09330	
C600_DK885_RS09335	C600_NZ_CP031214.1	1845033	1845125	93	-	DUF957 domain-containing protein	DUF957 domain-containing protein	C600	cds-DK885_RS09335	DK885_RS09335	
C600_DK885_RS09340	C600_NZ_CP031214.1	1845159	1845353	195	-	yeeW	DUF5983 family protein	C600	cds-WP_000988600.1	DK885_RS09340	
C600_DK885_RS09345	C600_NZ_CP031214.1	1845350	1845724	375	-	cbtA	type IV toxin-antitoxin system cytoskeleton-binding toxin CbtA	C600	cds-WP_000854814.1	DK885_RS09345	
C600_DK885_RS09350	C600_NZ_CP031214.1	1845813	1846181	369	-	cbeA	type IV toxin-antitoxin system cytoskeleton bundling-enhancing antitoxin CbeA	C600	cds-WP_001285584.1	DK885_RS09350	
C600_DK885_RS09355	C600_NZ_CP031214.1	1846255	1846476	222	-	yeeT	DUF987 domain-containing protein	C600	cds-WP_000692323.1	DK885_RS09355	
C600_DK885_RS09360	C600_NZ_CP031214.1	1846539	1846985	447	-	yeeS	JAB domain-containing protein	C600	cds-WP_000187523.1	DK885_RS09360	GO:0006508,GO:0008237,GO:0046872
C600_DK885_RS09365	C600_NZ_CP031214.1	1846982	1848514	1533	-	yeeR	protein YeeR	C600	cds-WP_001350525.1	DK885_RS09365	
C600_DK885_RS09370	C600_NZ_CP031214.1	1848635	1851754	3120	-	agn43	autotransporter adhesin Ag43	C600	cds-WP_000820410.1	DK885_RS09370	
C600_DK885_RS09375	C600_NZ_CP031214.1	1852082	1852633	552	-	GTPase family protein	GTPase family protein	C600	cds-DK885_RS09375	DK885_RS09375	GO:0003924,GO:0005525
C600_DK885_RS09380	C600_NZ_CP031214.1	1852822	1853022	201	-	TonB-dependent receptor plug domain-containing protein	TonB-dependent receptor plug domain-containing protein	C600	cds-DK885_RS09380	DK885_RS09380	
C600_DK885_RS09385	C600_NZ_CP031214.1	1853113	1854341	1229	+	WP_088895425.1	IS3-like element IS2 family transposase	C600	cds-WP_088895425.1-3	DK885_RS09385	GO:0006313,GO:0004803
C600_DK885_RS09390	C600_NZ_CP031214.1	1854353	1854658	306	-	TonB-dependent receptor plug domain-containing protein	TonB-dependent receptor plug domain-containing protein	C600	cds-DK885_RS09390	DK885_RS09390	
C600_DK885_RS09410	C600_NZ_CP031214.1	1856008	1856988	981	+	WP_000019402.1	IS5-like element IS5 family transposase	C600	cds-WP_000019402.1	DK885_RS09410	GO:0006313,GO:0004803
C600_DK885_RS24350	C600_NZ_CP031214.1	1857234	1857377	144	+	cobalamin biosynthesis protein	cobalamin biosynthesis protein	C600	cds-DK885_RS24350	DK885_RS24350	
C600_DK885_RS09420	C600_NZ_CP031214.1	1857529	1858074	546	+	cobU	bifunctional adenosylcobinamide kinase/adenosylcobinamide-phosphate guanylyltransferase	C600	cds-WP_000973176.1	DK885_RS09420	GO:0009236,GO:0000166,GO:0043752
C600_DK885_RS09425	C600_NZ_CP031214.1	1858071	1858814	744	+	cobS	adenosylcobinamide-GDP ribazoletransferase	C600	cds-WP_001326708.1	DK885_RS09425	GO:0009236,GO:0008818,GO:0051073
C600_DK885_RS09430	C600_NZ_CP031214.1	1858826	1859905	1080	+	cobT	nicotinate-nucleotide--dimethylbenzimidazole phosphoribosyltransferase	C600	cds-WP_001166160.1	DK885_RS09430	GO:0009236,GO:0008939
C600_DK885_RS09435	C600_NZ_CP031214.1	1859967	1860902	936	+	ldtA	L,D-transpeptidase	C600	cds-WP_000986321.1	DK885_RS09435	GO:0016740
C600_DK885_RS09445	C600_NZ_CP031214.1	1861360	1862277	918	+	nac	nitrogen assimilation transcriptional regulator NAC	C600	cds-WP_001011462.1	DK885_RS09445	GO:0006355,GO:0003700
C600_DK885_RS09450	C600_NZ_CP031214.1	1862379	1863329	951	+	cbl	HTH-type transcriptional regulator Cbl	C600	cds-WP_001011008.1	DK885_RS09450	GO:0006355,GO:0003700
C600_DK885_RS09460	C600_NZ_CP031214.1	1863603	1865090	1488	+	yeeO	toxic metabolite efflux MATE transporter YeeO	C600	cds-WP_001323172.1	DK885_RS09460	
C600_DK885_RS09480	C600_NZ_CP031214.1	1865719	1866435	717	-	yeeN	YebC/PmpR family DNA-binding transcriptional regulator	C600	cds-WP_000532923.1	DK885_RS09480	GO:0006355,GO:0003677
C600_DK885_RS09485	C600_NZ_CP031214.1	1866778	1868232	1455	-	amn	AMP nucleosidase	C600	cds-WP_001060244.1	DK885_RS09485	GO:0009116,GO:0044209,GO:0008714
C600_DK885_RS09490	C600_NZ_CP031214.1	1868334	1869650	1317	-	shiA	shikimate transporter	C600	cds-WP_000378575.1	DK885_RS09490	GO:0055085,GO:0022857,GO:0016020
C600_DK885_RS09495	C600_NZ_CP031214.1	1869965	1871017	1053	+	glycosyltransferase family 9 protein	glycosyltransferase family 9 protein	C600	cds-DK885_RS09495	DK885_RS09495	GO:0016757
C600_DK885_RS09500	C600_NZ_CP031214.1	1871279	1878355	7077	-	yeeJ	inverse autotransporter adhesin YeeJ	C600	cds-WP_010723107.1	DK885_RS09500	
C600_DK885_RS09510	C600_NZ_CP031214.1	1878845	1879642	798	-	mtfA	DgsA anti-repressor MtfA	C600	cds-WP_001302302.1	DK885_RS09510	GO:0008237
C600_DK885_RS09525	C600_NZ_CP031214.1	1880395	1880925	531	-	yodB	cytochrome b	C600	cds-WP_001079074.1	DK885_RS09525	GO:0022904,GO:0009055,GO:0020037,GO:0046872,GO:0016020
C600_DK885_RS09530	C600_NZ_CP031214.1	1881268	1881918	651	-	zinT	metal-binding protein ZinT	C600	cds-WP_001007805.1	DK885_RS09530	GO:0008270
C600_DK885_RS09535	C600_NZ_CP031214.1	1882175	1882810	636	-	msrQ	protein-methionine-sulfoxide reductase heme-binding subunit MsrQ	C600	cds-WP_001240091.1	DK885_RS09535	
C600_DK885_RS09540	C600_NZ_CP031214.1	1882811	1883815	1005	-	msrP	protein-methionine-sulfoxide reductase catalytic subunit MsrP	C600	cds-WP_000740107.1	DK885_RS09540	GO:0030091,GO:0016667,GO:0043546
C600_DK885_RS09545	C600_NZ_CP031214.1	1883924	1884337	414	-	hiuH	hydroxyisourate hydrolase	C600	cds-WP_000920120.1	DK885_RS09545	
C600_DK885_RS09550	C600_NZ_CP031214.1	1884470	1885141	672	+	hprR	response regulator transcription factor HprR	C600	cds-WP_001395354.1	DK885_RS09550	
C600_DK885_RS09555	C600_NZ_CP031214.1	1885141	1886499	1359	+	hprS	two-component system sensor histidine kinase HprS	C600	cds-WP_000826792.1	DK885_RS09555	
C600_DK885_RS09560	C600_NZ_CP031214.1	1886607	1887458	852	-	hchA	glyoxalase III HchA	C600	cds-WP_000218212.1	DK885_RS09560	GO:0036524
C600_DK885_RS09570	C600_NZ_CP031214.1	1888050	1889242	1193	-	ompC	porin OmpC	C600	cds-DK885_RS09570	DK885_RS09570	GO:0034220,GO:0015288
C600_DK885_RS09575	C600_NZ_CP031214.1	1889893	1890174	282	+	drpB	cell division protein DrpB	C600	cds-WP_001297704.1	DK885_RS09575	GO:0051301
C600_DK885_RS09580	C600_NZ_CP031214.1	1890214	1890909	696	+	yedJ	phosphohydrolase	C600	cds-WP_000365562.1	DK885_RS09580	
C600_DK885_RS09585	C600_NZ_CP031214.1	1890976	1892394	1419	+	dcm	DNA-cytosine methyltransferase	C600	cds-WP_001157239.1	DK885_RS09585	
C600_DK885_RS09590	C600_NZ_CP031214.1	1892375	1892845	471	+	vsr	VSPR family DNA mismatch endonuclease	C600	cds-WP_000786005.1	DK885_RS09590	
C600_DK885_RS09595	C600_NZ_CP031214.1	1892834	1893754	921	-	yedA	drug/metabolite exporter YedA	C600	cds-WP_001212226.1	DK885_RS09595	GO:0016020
C600_DK885_RS09600	C600_NZ_CP031214.1	1893927	1894844	918	+	yedI	DUF808 domain-containing protein	C600	cds-WP_000922686.1	DK885_RS09600	
C600_DK885_RS09605	C600_NZ_CP031214.1	1894923	1895105	183	+	yodC	YodC family protein	C600	cds-WP_000009307.1	DK885_RS09605	
C600_DK885_RS09615	C600_NZ_CP031214.1	1895276	1896970	1695	+	dgcQ	cellulose biosynthesis regulator diguanylate cyclase DgcQ	C600	cds-WP_001350521.1	DK885_RS09615	
C600_DK885_RS09620	C600_NZ_CP031214.1	1896967	1897782	816	-	yedP	mannosyl-3-phosphoglycerate phosphatase-related protein	C600	cds-WP_000491520.1	DK885_RS09620	GO:0051479,GO:0050531
C600_DK885_RS09625	C600_NZ_CP031214.1	1898080	1898307	228	-	yodD	peroxide/acid resistance protein YodD	C600	cds-WP_000844800.1	DK885_RS09625	
C600_DK885_RS09630	C600_NZ_CP031214.1	1898470	1898658	189	+	dsrB	protein DsrB	C600	cds-WP_000867217.1	DK885_RS09630	
C600_DK885_RS09635	C600_NZ_CP031214.1	1898702	1899325	624	-	rcsA	transcriptional regulator RcsA	C600	cds-WP_000104001.1	DK885_RS09635	GO:0006355,GO:0003677
C600_DK885_RS09640	C600_NZ_CP031214.1	1899615	1900400	786	-	fliR	flagellar biosynthetic protein FliR	C600	cds-WP_000942319.1	DK885_RS09640	GO:0006605,GO:0044780,GO:0016020
C600_DK885_RS09645	C600_NZ_CP031214.1	1900408	1900677	270	-	fliQ	flagellar biosynthesis protein FliQ	C600	cds-WP_000187358.1	DK885_RS09645	GO:0044780,GO:0016020
C600_DK885_RS09650	C600_NZ_CP031214.1	1900687	1901424	738	-	fliP	flagellar type III secretion system pore protein FliP	C600	cds-WP_001253441.1	DK885_RS09650	GO:0009306,GO:0016020
C600_DK885_RS09655	C600_NZ_CP031214.1	1901424	1901789	366	-	fliO	flagellar biosynthetic protein FliO	C600	cds-WP_001302429.1	DK885_RS09655	GO:0044781,GO:0016020
C600_DK885_RS09660	C600_NZ_CP031214.1	1901792	1902205	414	-	fliN	flagellar motor switch protein FliN	C600	cds-WP_001282101.1	DK885_RS09660	GO:0001539,GO:0003774,GO:0009288,GO:0016020
C600_DK885_RS09665	C600_NZ_CP031214.1	1902202	1903206	1005	-	fliM	flagellar motor switch protein FliM	C600	cds-WP_001350520.1	DK885_RS09665	GO:0001539,GO:0009288
C600_DK885_RS09670	C600_NZ_CP031214.1	1903211	1903675	465	-	fliL	flagellar basal body-associated protein FliL	C600	cds-WP_000133106.1	DK885_RS09670	GO:0006935,GO:0071973,GO:0009425
C600_DK885_RS09675	C600_NZ_CP031214.1	1903780	1904907	1128	-	fliK	flagellar hook-length control protein FliK	C600	cds-WP_000620071.1	DK885_RS09675	
C600_DK885_RS09680	C600_NZ_CP031214.1	1904904	1905347	444	-	fliJ	flagellar export protein FliJ	C600	cds-WP_000807579.1	DK885_RS09680	GO:0071973,GO:0003774,GO:0009288
C600_DK885_RS09685	C600_NZ_CP031214.1	1905366	1906739	1374	-	fliI	flagellar protein export ATPase FliI	C600	cds-WP_000213294.1	DK885_RS09685	GO:0044780,GO:0071973,GO:0016887
C600_DK885_RS09690	C600_NZ_CP031214.1	1906739	1907425	687	-	fliH	flagellar assembly protein FliH	C600	cds-WP_001282683.1	DK885_RS09690	GO:0071973,GO:0003774,GO:0009288
C600_DK885_RS09695	C600_NZ_CP031214.1	1907418	1908413	996	-	fliG	flagellar motor switch protein FliG	C600	cds-WP_000067950.1	DK885_RS09695	GO:0006935,GO:0071973,GO:0003774,GO:0009288
C600_DK885_RS09700	C600_NZ_CP031214.1	1908406	1910064	1659	-	fliF	flagellar basal-body MS-ring/collar protein FliF	C600	cds-WP_000994427.1	DK885_RS09700	GO:0001539,GO:0005198,GO:0009431
C600_DK885_RS09705	C600_NZ_CP031214.1	1910279	1910593	315	+	fliE	flagellar hook-basal body complex protein FliE	C600	cds-WP_001274299.1	DK885_RS09705	GO:0071973,GO:0003774,GO:0009431
C600_DK885_RS09715	C600_NZ_CP031214.1	1910942	1912070	1129	+	DUF5503 domain-containing protein	DUF5503 domain-containing protein	C600	cds-DK885_RS09715	DK885_RS09715	
C600_DK885_RS09730	C600_NZ_CP031214.1	1912214	1912693	480	-	yedL	GNAT family N-acetyltransferase	C600	cds-WP_000494172.1	DK885_RS09730	GO:0008080,GO:0016746
C600_DK885_RS09735	C600_NZ_CP031214.1	1912804	1913472	669	-	yedK	SOS response-associated peptidase	C600	cds-WP_000334583.1	DK885_RS09735	
C600_DK885_RS09740	C600_NZ_CP031214.1	1913581	1913814	234	-	yedF	sulfurtransferase-like selenium metabolism protein YedF	C600	cds-WP_000790504.1	DK885_RS09740	
C600_DK885_RS09745	C600_NZ_CP031214.1	1913811	1915016	1206	-	yedE	selenium metabolism membrane protein YedE/FdhT	C600	cds-WP_000118897.1	DK885_RS09745	
C600_DK885_RS09755	C600_NZ_CP031214.1	1915203	1915616	414	+	yedD	lipoprotein YedD	C600	cds-WP_001350519.1	DK885_RS09755	
C600_DK885_RS09760	C600_NZ_CP031214.1	1915650	1917137	1488	-	amyA	alpha-amylase	C600	cds-WP_001245695.1	DK885_RS09760	GO:0005975,GO:0004553,GO:0005509
C600_DK885_RS09765	C600_NZ_CP031214.1	1917215	1917580	366	-	fliT	flagella biosynthesis regulatory protein FliT	C600	cds-WP_001015033.1	DK885_RS09765	GO:0006605,GO:0044780,GO:1902209
C600_DK885_RS09770	C600_NZ_CP031214.1	1917580	1917990	411	-	fliS	flagellar export chaperone FliS	C600	cds-WP_000270671.1	DK885_RS09770	GO:0044780
C600_DK885_RS09775	C600_NZ_CP031214.1	1918015	1919421	1407	-	fliD	flagellar filament capping protein FliD	C600	cds-WP_000146784.1	DK885_RS09775	GO:0007155,GO:0009288,GO:0009421
C600_DK885_RS09785	C600_NZ_CP031214.1	1919687	1921183	1497	+	fliC	H48 family flagellin FliC	C600	cds-WP_000079739.1	DK885_RS09785	
C600_DK885_RS09790	C600_NZ_CP031214.1	1921504	1922223	720	+	fliA	RNA polymerase sigma factor FliA	C600	cds-WP_001087467.1	DK885_RS09790	
C600_DK885_RS09795	C600_NZ_CP031214.1	1922269	1922820	552	+	fliZ	flagella biosynthesis regulatory protein FliZ	C600	cds-WP_001350518.1	DK885_RS09795	
C600_DK885_RS09800	C600_NZ_CP031214.1	1922908	1923708	801	+	tcyJ	cystine ABC transporter substrate-binding protein	C600	cds-WP_001296168.1	DK885_RS09800	GO:0015276,GO:0016020
C600_DK885_RS09805	C600_NZ_CP031214.1	1923813	1924799	987	+	dcyD	D-cysteine desulfhydrase	C600	cds-WP_001128215.1	DK885_RS09805	GO:0019148
C600_DK885_RS09810	C600_NZ_CP031214.1	1924814	1925482	669	+	tcyL	cystine ABC transporter permease	C600	cds-WP_001158220.1	DK885_RS09810	
C600_DK885_RS09815	C600_NZ_CP031214.1	1925479	1926231	753	+	tcyN	L-cystine ABC transporter ATP-binding protein TcyN	C600	cds-WP_001272991.1	DK885_RS09815	GO:0003333,GO:0005524,GO:0015424
C600_DK885_RS09820	C600_NZ_CP031214.1	1926461	1927183	723	+	sdiA	transcriptional regulator SdiA	C600	cds-WP_001152715.1	DK885_RS09820	GO:0006355,GO:0003677
C600_DK885_RS09825	C600_NZ_CP031214.1	1927251	1927475	225	-	yecF	DUF2594 family protein YecF	C600	cds-WP_000106474.1	DK885_RS09825	
C600_DK885_RS23895	C600_NZ_CP031214.1	1927462	1927638	177	-	yecU	protein YecU	C600	cds-WP_000590347.1	DK885_RS23895	
C600_DK885_RS24565	C600_NZ_CP031214.1	1927721	1927792	72	-	transcriptional regulator	transcriptional regulator	C600	cds-DK885_RS24565	DK885_RS24565	
C600_DK885_RS09830	C600_NZ_CP031214.1	1927934	1928590	657	+	uvrY	UvrY/SirA/GacA family response regulator transcription factor	C600	cds-WP_000611335.1	DK885_RS09830	GO:0000160,GO:0006355,GO:0003677
C600_DK885_RS09835	C600_NZ_CP031214.1	1928587	1930419	1833	+	uvrC	excinuclease ABC subunit UvrC	C600	cds-WP_001283421.1	DK885_RS09835	GO:0006289,GO:0009381,GO:0009380
C600_DK885_RS09840	C600_NZ_CP031214.1	1930476	1931024	549	+	pgsA	CDP-diacylglycerol--glycerol-3-phosphate 3-phosphatidyltransferase	C600	cds-WP_001160187.1	DK885_RS09840	
C600_DK885_RS09860	C600_NZ_CP031214.1	1931674	1932339	666	+	yecA	UPF0149 family protein YecA	C600	cds-WP_000847902.1	DK885_RS09860	
C600_DK885_RS09865	C600_NZ_CP031214.1	1932401	1933612	1212	-	tyrP	tyrosine transporter TyrP	C600	cds-WP_000797560.1	DK885_RS09865	GO:0015801,GO:0015173,GO:0005886
C600_DK885_RS09870	C600_NZ_CP031214.1	1933803	1934042	240	+	yecH	YecH family metal-binding protein	C600	cds-WP_000377225.1	DK885_RS09870	
C600_DK885_RS09875	C600_NZ_CP031214.1	1934080	1934577	498	-	ftnA	non-heme ferritin	C600	cds-WP_000917208.1	DK885_RS09875	GO:0006879,GO:0008199
C600_DK885_RS09880	C600_NZ_CP031214.1	1934748	1935071	324	-	yecR	YecR-like lipofamily protein	C600	cds-WP_001237869.1	DK885_RS09880	
C600_DK885_RS09885	C600_NZ_CP031214.1	1935334	1935420	87	+	azuC	stress response protein AzuC	C600	cds-WP_010723106.1	DK885_RS09885	
C600_DK885_RS09890	C600_NZ_CP031214.1	1935535	1935786	252	+	yecJ	DUF2766 family protein YecJ	C600	cds-WP_000082127.1	DK885_RS09890	
C600_DK885_RS09895	C600_NZ_CP031214.1	1935865	1936368	504	-	ftnB	non-heme ferritin-like protein	C600	cds-WP_000179469.1	DK885_RS09895	
C600_DK885_RS09905	C600_NZ_CP031214.1	1937165	1938154	990	+	araF	arabinose ABC transporter substrate-binding protein AraF	C600	cds-WP_000548675.1	DK885_RS09905	
C600_DK885_RS09910	C600_NZ_CP031214.1	1938224	1939738	1515	+	araG	arabinose ABC transporter ATP-binding protein AraG	C600	cds-WP_001187819.1	DK885_RS09910	
C600_DK885_RS09915	C600_NZ_CP031214.1	1939753	1940739	987	+	araH	arabinose ABC transporter permease AraH	C600	cds-WP_000100205.1	DK885_RS09915	
C600_DK885_RS09920	C600_NZ_CP031214.1	1940906	1941706	801	+	otsB	trehalose-phosphatase	C600	cds-WP_001295645.1	DK885_RS09920	GO:0005992,GO:0004805
C600_DK885_RS09925	C600_NZ_CP031214.1	1941681	1943105	1425	+	otsA	alpha,alpha-trehalose-phosphate synthase	C600	cds-WP_001295646.1	DK885_RS09925	GO:0005992,GO:0003825
C600_DK885_RS09930	C600_NZ_CP031214.1	1943112	1943540	429	-	uspC	universal stress protein UspC	C600	cds-WP_000122416.1	DK885_RS09930	
C600_DK885_RS09935	C600_NZ_CP031214.1	1944320	1944670	351	+	flhD	flagellar transcriptional regulator FlhD	C600	cds-WP_001295647.1	DK885_RS09935	GO:0045893,GO:1902208,GO:0003677
C600_DK885_RS09940	C600_NZ_CP031214.1	1944673	1945251	579	+	flhC	flagellar transcriptional regulator FlhC	C600	cds-WP_001291603.1	DK885_RS09940	GO:0045893,GO:1902208,GO:0003677
C600_DK885_RS09945	C600_NZ_CP031214.1	1945378	1946265	888	+	motA	flagellar motor stator protein MotA	C600	cds-WP_000906340.1	DK885_RS09945	
C600_DK885_RS09950	C600_NZ_CP031214.1	1946262	1947188	927	+	motB	flagellar motor protein MotB	C600	cds-WP_000795630.1	DK885_RS09950	
C600_DK885_RS09955	C600_NZ_CP031214.1	1947193	1949157	1965	+	cheA	chemotaxis protein CheA	C600	cds-WP_001350517.1	DK885_RS09955	GO:0000160,GO:0006935,GO:0016310,GO:0000155
C600_DK885_RS09960	C600_NZ_CP031214.1	1949178	1949681	504	+	cheW	chemotaxis protein CheW	C600	cds-WP_000147302.1	DK885_RS09960	
C600_DK885_RS09965	C600_NZ_CP031214.1	1949826	1951487	1662	+	tar	methyl-accepting chemotaxis protein II	C600	cds-WP_001297437.1	DK885_RS09965	GO:0006935,GO:0007165,GO:0004888,GO:0016020
C600_DK885_RS09970	C600_NZ_CP031214.1	1951533	1953134	1602	+	tap	methyl-accepting chemotaxis protein IV	C600	cds-WP_000483239.1	DK885_RS09970	
C600_DK885_RS09975	C600_NZ_CP031214.1	1953153	1954013	861	+	cheR	protein-glutamate O-methyltransferase CheR	C600	cds-WP_000204337.1	DK885_RS09975	GO:0008757
C600_DK885_RS09980	C600_NZ_CP031214.1	1954016	1955065	1050	+	cheB	protein-glutamate methylesterase/protein glutamine deamidase	C600	cds-WP_000036361.1	DK885_RS09980	
C600_DK885_RS09985	C600_NZ_CP031214.1	1955080	1955469	390	+	cheY	chemotaxis response regulator CheY	C600	cds-WP_000763867.1	DK885_RS09985	GO:0000160
C600_DK885_RS09990	C600_NZ_CP031214.1	1955480	1956124	645	+	cheZ	protein phosphatase CheZ	C600	cds-WP_000983609.1	DK885_RS09990	GO:0050920,GO:0003824
C600_DK885_RS09995	C600_NZ_CP031214.1	1956326	1957474	1149	+	flhB	flagellar biosynthesis protein FlhB	C600	cds-WP_001278954.1	DK885_RS09995	GO:0015031,GO:0044780,GO:0016020
C600_DK885_RS10000	C600_NZ_CP031214.1	1957467	1959545	2079	+	flhA	flagellar biosynthesis protein FlhA	C600	cds-WP_000066951.1	DK885_RS10000	GO:0044780,GO:0016020
C600_DK885_RS10005	C600_NZ_CP031214.1	1959545	1959937	393	+	flhE	flagellar protein FlhE	C600	cds-WP_001259583.1	DK885_RS10005	GO:0044781
C600_DK885_RS10010	C600_NZ_CP031214.1	1960057	1960545	489	-	yecT	lysozyme inhibitor LprI family protein	C600	cds-WP_001299676.1	DK885_RS10010	
C600_DK885_RS24230	C600_NZ_CP031214.1	1960636	1960680	45	+	yecV	protein YecV	C600	cds-WP_211180499.1	DK885_RS24230	
C600_DK885_RS10015	C600_NZ_CP031214.1	1960722	1962455	1734	-	argS	arginine--tRNA ligase	C600	cds-WP_001025322.1	DK885_RS10015	GO:0006420,GO:0004814,GO:0005524,GO:0005737
C600_DK885_RS10025	C600_NZ_CP031214.1	1962671	1963237	567	+	yecM	VOC family protein	C600	cds-WP_001326725.1	DK885_RS10025	
C600_DK885_RS10030	C600_NZ_CP031214.1	1963251	1963997	747	+	cutC	copper homeostasis protein CutC	C600	cds-WP_001185741.1	DK885_RS10030	GO:0055070,GO:0005507
C600_DK885_RS10035	C600_NZ_CP031214.1	1964385	1965485	1101	+	torY	NapC/NirT family cytochrome c	C600	cds-WP_001214331.1	DK885_RS10035	
C600_DK885_RS10040	C600_NZ_CP031214.1	1965510	1967939	2430	+	torZ	trimethylamine N-oxide reductase TorZ	C600	cds-WP_000176781.1	DK885_RS10040	
C600_DK885_RS10045	C600_NZ_CP031214.1	1968104	1969075	972	-	cmoB	tRNA 5-methoxyuridine(34)/uridine 5-oxyacetic acid(34) synthase CmoB	C600	cds-WP_000564725.1	DK885_RS10045	GO:0002098,GO:0016765
C600_DK885_RS10050	C600_NZ_CP031214.1	1969072	1969815	744	-	cmoA	carboxy-S-adenosyl-L-methionine synthase CmoA	C600	cds-WP_000019590.1	DK885_RS10050	
C600_DK885_RS10055	C600_NZ_CP031214.1	1969856	1970251	396	-	yecN	MAPEG family protein	C600	cds-WP_000252980.1	DK885_RS10055	GO:0016020
C600_DK885_RS10060	C600_NZ_CP031214.1	1970304	1971122	819	-	yecE	DUF72 domain-containing protein	C600	cds-WP_000639274.1	DK885_RS10060	
C600_DK885_RS10065	C600_NZ_CP031214.1	1971119	1971685	567	-	yecD	hydrolase	C600	cds-WP_000891621.1	DK885_RS10065	
C600_DK885_RS10070	C600_NZ_CP031214.1	1971995	1973767	1773	+	aspS	aspartate--tRNA ligase	C600	cds-WP_001258678.1	DK885_RS10070	GO:0006422,GO:0004815,GO:0005524,GO:0005737
C600_DK885_RS10075	C600_NZ_CP031214.1	1973885	1974337	453	+	nudB	dihydroneopterin triphosphate diphosphatase	C600	cds-WP_001300367.1	DK885_RS10075	GO:0046656,GO:0008828,GO:0019177
C600_DK885_RS10080	C600_NZ_CP031214.1	1974366	1975106	741	+	yebC	YebC/PmpR family DNA-binding transcriptional regulator	C600	cds-WP_000907248.1	DK885_RS10080	
C600_DK885_RS10085	C600_NZ_CP031214.1	1975141	1975662	522	+	ruvC	crossover junction endodeoxyribonuclease RuvC	C600	cds-WP_001295503.1	DK885_RS10085	GO:0006310,GO:0008821
C600_DK885_RS10090	C600_NZ_CP031214.1	1975664	1976266	603	-	yebB	YebB family permuted papain-like enzyme	C600	cds-WP_001024932.1	DK885_RS10090	
C600_DK885_RS10095	C600_NZ_CP031214.1	1976337	1976402	66	+	yobI	stress response small protein YobI	C600	cds-WP_010723105.1	DK885_RS10095	
C600_DK885_RS10100	C600_NZ_CP031214.1	1976541	1977152	612	+	ruvA	Holliday junction branch migration protein RuvA	C600	cds-WP_000580323.1	DK885_RS10100	GO:0006281,GO:0006310,GO:0003678,GO:0009378,GO:0009379
C600_DK885_RS10105	C600_NZ_CP031214.1	1977161	1978171	1011	+	ruvB	Holliday junction branch migration DNA helicase RuvB	C600	cds-WP_000568519.1	DK885_RS10105	GO:0006281,GO:0006310,GO:0003677,GO:0005524,GO:0009378
C600_DK885_RS10110	C600_NZ_CP031214.1	1978318	1979103	786	-	znuB	zinc ABC transporter permease subunit ZnuB	C600	cds-WP_000571480.1	DK885_RS10110	GO:0055085,GO:0042626
C600_DK885_RS10115	C600_NZ_CP031214.1	1979100	1979855	756	-	znuC	zinc ABC transporter ATP-binding protein ZnuC	C600	cds-WP_000202996.1	DK885_RS10115	GO:0006829,GO:0005524,GO:0015633
C600_DK885_RS10120	C600_NZ_CP031214.1	1979934	1980866	933	+	znuA	zinc ABC transporter substrate-binding protein ZnuA	C600	cds-WP_001300644.1	DK885_RS10120	GO:0006829,GO:0046872
C600_DK885_RS10125	C600_NZ_CP031214.1	1980882	1982204	1323	+	mepM	murein DD-endopeptidase MepM	C600	cds-WP_001184045.1	DK885_RS10125	GO:0042834
C600_DK885_RS10130	C600_NZ_CP031214.1	1982324	1983295	972	+	lpxM	lauroyl-Kdo(2)-lipid IV(A) myristoyltransferase	C600	cds-WP_000448381.1	DK885_RS10130	GO:0009103,GO:0016747,GO:0009276,GO:0016020
C600_DK885_RS10135	C600_NZ_CP031214.1	1983426	1984868	1443	-	pyk	pyruvate kinase	C600	cds-WP_000091148.1	DK885_RS10135	GO:0006096,GO:0000287,GO:0004743,GO:0030955
C600_DK885_RS10140	C600_NZ_CP031214.1	1984996	1985865	870	-	hexR	DNA-binding transcriptional regulator HexR	C600	cds-WP_001056706.1	DK885_RS10140	
C600_DK885_RS10145	C600_NZ_CP031214.1	1986203	1987678	1476	+	zwf	glucose-6-phosphate dehydrogenase	C600	cds-WP_000301727.1	DK885_RS10145	GO:0006006,GO:0006098,GO:0004345,GO:0016614,GO:0050661
C600_DK885_RS10150	C600_NZ_CP031214.1	1987913	1989724	1812	+	edd	phosphogluconate dehydratase	C600	cds-WP_001069467.1	DK885_RS10150	GO:0009255,GO:0004456
C600_DK885_RS10155	C600_NZ_CP031214.1	1989761	1990402	642	+	kdgA	bifunctional 4-hydroxy-2-oxoglutarate aldolase/2-dehydro-3-deoxy-phosphogluconate aldolase	C600	cds-WP_000800512.1	DK885_RS10155	
C600_DK885_RS10160	C600_NZ_CP031214.1	1990458	1991636	1179	-	purT	formate-dependent phosphoribosylglycinamide formyltransferase	C600	cds-WP_000173484.1	DK885_RS10160	GO:0009152,GO:0000287,GO:0004644,GO:0005524
C600_DK885_RS10165	C600_NZ_CP031214.1	1991770	1992060	291	+	yebG	DNA damage-inducible protein YebG	C600	cds-WP_000257738.1	DK885_RS10165	
C600_DK885_RS10170	C600_NZ_CP031214.1	1992127	1992483	357	+	yebF	protein YebF	C600	cds-WP_001350516.1	DK885_RS10170	
C600_DK885_RS10175	C600_NZ_CP031214.1	1992810	1993469	660	+	yebE	tellurite resistance TerB family protein	C600	cds-WP_000024757.1	DK885_RS10175	
C600_DK885_RS10180	C600_NZ_CP031214.1	1993678	1995738	2061	+	ptrB	oligopeptidase B	C600	cds-WP_000936927.1	DK885_RS10180	
C600_DK885_RS10185	C600_NZ_CP031214.1	1995735	1996397	663	-	exoX	exodeoxyribonuclease X	C600	cds-WP_000944256.1	DK885_RS10185	
C600_DK885_RS10190	C600_NZ_CP031214.1	1996421	1997077	657	-	yobB	carbon-nitrogen hydrolase family protein YobB	C600	cds-WP_000011658.1	DK885_RS10190	
C600_DK885_RS10195	C600_NZ_CP031214.1	1997179	1997409	231	-	holE	DNA polymerase III subunit theta	C600	cds-WP_000916763.1	DK885_RS10195	
C600_DK885_RS10200	C600_NZ_CP031214.1	1997548	1997922	375	+	yobA	CopC domain-containing protein YobA	C600	cds-WP_000168747.1	DK885_RS10200	GO:0006825,GO:0046688,GO:0005507
C600_DK885_RS10205	C600_NZ_CP031214.1	1997926	1998798	873	+	copD	copper homeostasis membrane protein CopD	C600	cds-WP_000879289.1	DK885_RS10205	GO:0006825,GO:0016020
C600_DK885_RS10210	C600_NZ_CP031214.1	1998811	1999152	342	+	yebY	YebY family protein	C600	cds-WP_000976476.1	DK885_RS10210	
C600_DK885_RS10215	C600_NZ_CP031214.1	1999548	2000204	657	+	pphA	protein-serine/threonine phosphatase	C600	cds-WP_000812724.1	DK885_RS10215	GO:0016787
C600_DK885_RS10220	C600_NZ_CP031214.1	2000205	2000396	192	-	yebW	YebW family protein	C600	cds-WP_000457842.1	DK885_RS10220	
C600_DK885_RS10225	C600_NZ_CP031214.1	2000501	2000737	237	-	yebV	YebV family protein	C600	cds-WP_001295499.1	DK885_RS10225	
C600_DK885_RS10230	C600_NZ_CP031214.1	2000855	2002294	1440	-	rsmF	16S rRNA (cytosine(1407)-C(5))-methyltransferase RsmF	C600	cds-WP_001352260.1	DK885_RS10230	GO:0001510,GO:0003723,GO:0008649
C600_DK885_RS10235	C600_NZ_CP031214.1	2002374	2005007	2634	-	yebT	lipid-binding membrane homeostasis protein YebT	C600	cds-WP_001326728.1	DK885_RS10235	
C600_DK885_RS10240	C600_NZ_CP031214.1	2004976	2006259	1284	-	yebS	membrane integrity lipid transport subunit YebS	C600	cds-WP_001207282.1	DK885_RS10240	
C600_DK885_RS10245	C600_NZ_CP031214.1	2006389	2006886	498	+	msrC	L-methionine (R)-S-oxide reductase	C600	cds-WP_001043877.1	DK885_RS10245	
C600_DK885_RS10250	C600_NZ_CP031214.1	2006983	2007681	699	+	proQ	RNA chaperone ProQ	C600	cds-WP_000431381.1	DK885_RS10250	GO:0010608,GO:0003723,GO:0033592,GO:0034057
C600_DK885_RS10255	C600_NZ_CP031214.1	2007701	2009749	2049	+	prc	carboxy terminal-processing peptidase	C600	cds-WP_001055791.1	DK885_RS10255	GO:0006508,GO:0005515,GO:0008236
C600_DK885_RS10260	C600_NZ_CP031214.1	2009941	2010822	882	+	htpX	protease HtpX	C600	cds-WP_000984520.1	DK885_RS10260	GO:0006508,GO:0004222
C600_DK885_RS10265	C600_NZ_CP031214.1	2010868	2012241	1374	-	yebQ	MFS transporter	C600	cds-WP_001127216.1	DK885_RS10265	GO:0055085,GO:0022857,GO:0016020
C600_DK885_RS10270	C600_NZ_CP031214.1	2012418	2013209	792	+	kdgR	DNA-binding transcriptional regulator KdgR	C600	cds-WP_001262203.1	DK885_RS10270	GO:0006355,GO:0003700
C600_DK885_RS10275	C600_NZ_CP031214.1	2013353	2013592	240	-	yobH	YobH family protein	C600	cds-WP_001211011.1	DK885_RS10275	
C600_DK885_RS10280	C600_NZ_CP031214.1	2013751	2013894	144	+	mgrB	PhoP/PhoQ regulator MgrB	C600	cds-WP_000714550.1	DK885_RS10280	
C600_DK885_RS10285	C600_NZ_CP031214.1	2013969	2014256	288	+	yebO	YebO family protein	C600	cds-WP_001006866.1	DK885_RS10285	
C600_DK885_RS10295	C600_NZ_CP031214.1	2014926	2015069	144	+	yobF	DUF2627 domain-containing protein	C600	cds-WP_001295496.1	DK885_RS10295	
C600_DK885_RS10300	C600_NZ_CP031214.1	2015082	2015291	210	+	cspE	transcription antiterminator/RNA stability regulator CspE	C600	cds-WP_001062678.1	DK885_RS10300	GO:0031564,GO:0001072,GO:0003697,GO:0003723
C600_DK885_RS10305	C600_NZ_CP031214.1	2015457	2016266	810	+	rlmA	23S rRNA (guanine(745)-N(1))-methyltransferase	C600	cds-WP_000010115.1	DK885_RS10305	GO:0008168
C600_DK885_RS10310	C600_NZ_CP031214.1	2016263	2016829	567	-	mntP	manganese efflux pump MntP	C600	cds-WP_001296134.1	DK885_RS10310	
C600_DK885_RS10320	C600_NZ_CP031214.1	2017258	2017716	459	-	yobD	DUF986 family protein	C600	cds-WP_000156255.1	DK885_RS10320	
C600_DK885_RS10325	C600_NZ_CP031214.1	2017771	2018622	852	-	manZ	PTS mannose transporter subunit IID	C600	cds-WP_000228655.1	DK885_RS10325	
C600_DK885_RS10330	C600_NZ_CP031214.1	2018635	2019435	801	-	manY	PTS mannose transporter subunit IIC	C600	cds-WP_000406926.1	DK885_RS10330	
C600_DK885_RS10335	C600_NZ_CP031214.1	2019498	2020469	972	-	manX	PTS mannose transporter subunit IIAB	C600	cds-WP_000150543.1	DK885_RS10335	GO:0009401,GO:0008982
C600_DK885_RS24475	C600_NZ_CP031214.1	2020786	2020944	159	+	yoaL	protein YoaL	C600	cds-WP_001327808.1	DK885_RS24475	
C600_DK885_RS10350	C600_NZ_CP031214.1	2020932	2022488	1557	+	yoaE	CNNM family cation transport protein YoaE	C600	cds-WP_000394983.1	DK885_RS10350	
C600_DK885_RS10355	C600_NZ_CP031214.1	2022492	2024090	1599	-	pdeD	EAL domain-containing protein	C600	cds-WP_001295494.1	DK885_RS10355	GO:0007165,GO:0071111,GO:0005886
C600_DK885_RS10360	C600_NZ_CP031214.1	2024221	2025585	1365	-	sdaA	L-serine ammonia-lyase	C600	cds-WP_000624298.1	DK885_RS10360	
C600_DK885_RS10365	C600_NZ_CP031214.1	2025769	2026347	579	-	nudL	CoA pyrophosphatase	C600	cds-WP_000456715.1	DK885_RS10365	GO:0000287,GO:0010945
C600_DK885_RS10370	C600_NZ_CP031214.1	2026351	2027712	1362	-	pabB	aminodeoxychorismate synthase component 1	C600	cds-WP_000855022.1	DK885_RS10370	GO:0009396
C600_DK885_RS10375	C600_NZ_CP031214.1	2027786	2027965	180	+	yoaH	YoaH family protein	C600	cds-WP_000457334.1	DK885_RS10375	
C600_DK885_RS10380	C600_NZ_CP031214.1	2028085	2028384	300	-	yoaC	DUF1889 family protein	C600	cds-WP_001111995.1	DK885_RS10380	
C600_DK885_RS10385	C600_NZ_CP031214.1	2028806	2029150	345	-	yoaB	RidA family protein	C600	cds-WP_001295493.1	DK885_RS10385	
C600_DK885_RS10390	C600_NZ_CP031214.1	2029282	2031192	1911	+	yoaA	ATP-dependent DNA helicase	C600	cds-WP_000128841.1	DK885_RS10390	GO:0003676,GO:0003677,GO:0004386,GO:0005524
C600_DK885_RS10395	C600_NZ_CP031214.1	2031250	2031945	696	+	tsaB	tRNA (adenosine(37)-N6)-threonylcarbamoyltransferase complex dimerization subunit type 1 TsaB	C600	cds-WP_001220966.1	DK885_RS10395	GO:0002949
C600_DK885_RS10400	C600_NZ_CP031214.1	2031985	2032566	582	+	yeaY	Slp family lipoprotein YeaY	C600	cds-WP_000290576.1	DK885_RS10400	
C600_DK885_RS10405	C600_NZ_CP031214.1	2032771	2034456	1686	+	fadD	long-chain-fatty-acid--CoA ligase FadD	C600	cds-WP_000758422.1	DK885_RS10405	
C600_DK885_RS10410	C600_NZ_CP031214.1	2034538	2035653	1116	+	rnd	ribonuclease D	C600	cds-WP_001307844.1	DK885_RS10410	GO:0008033,GO:0003676,GO:0008408,GO:0033890
C600_DK885_RS10415	C600_NZ_CP031214.1	2035707	2036672	966	-	yeaX	carnitine monooxygenase reductase subunit YeaX	C600	cds-WP_001287026.1	DK885_RS10415	
C600_DK885_RS10420	C600_NZ_CP031214.1	2036728	2037852	1125	-	yeaW	carnitine monooxygenase, oxygenase subunit YeaW	C600	cds-WP_000067822.1	DK885_RS10420	
C600_DK885_RS10425	C600_NZ_CP031214.1	2037884	2039365	1482	-	yeaV	BCCT family transporter YeaV	C600	cds-DK885_RS10425	DK885_RS10425	
C600_DK885_RS10430	C600_NZ_CP031214.1	2039520	2040605	1086	-	dmlA	multifunctional D-malate/3-isopropylmalate/tartarate dehydrogenase	C600	cds-WP_000978494.1	DK885_RS10430	
C600_DK885_RS10435	C600_NZ_CP031214.1	2040708	2041631	924	+	dmlR	DNA-binding transcriptional regulator DmlR	C600	cds-WP_001061575.1	DK885_RS10435	
C600_DK885_RS10440	C600_NZ_CP031214.1	2041758	2042396	639	+	leuE	leucine efflux protein LeuE	C600	cds-WP_000457206.1	DK885_RS10440	GO:0006865
C600_DK885_RS10445	C600_NZ_CP031214.1	2042569	2042928	360	+	yeaR	DUF1971 domain-containing protein YeaR	C600	cds-WP_000939317.1	DK885_RS10445	
C600_DK885_RS10450	C600_NZ_CP031214.1	2042932	2043114	183	+	yoaG	DUF1869 domain-containing protein	C600	cds-WP_000513737.1	DK885_RS10450	
C600_DK885_RS10455	C600_NZ_CP031214.1	2043262	2043510	249	+	yeaQ	GlsB/YeaQ/YmgE family stress response membrane protein	C600	cds-WP_000512153.1	DK885_RS10455	GO:0016020
C600_DK885_RS10460	C600_NZ_CP031214.1	2043569	2043643	75	-	yoaJ	protein YoaJ	C600	cds-WP_001386836.1	DK885_RS10460	
C600_DK885_RS10465	C600_NZ_CP031214.1	2043646	2043744	99	-	yoaK	YoaK family small membrane protein	C600	cds-WP_001219350.1	DK885_RS10465	
C600_DK885_RS10470	C600_NZ_CP031214.1	2043777	2044802	1026	-	dgcP	diguanylate cyclase DgcP	C600	cds-WP_001310896.1	DK885_RS10470	
C600_DK885_RS10475	C600_NZ_CP031214.1	2044985	2045239	255	+	yoaF	DUF333 domain-containing lipoprotein YoaF	C600	cds-WP_000691930.1	DK885_RS10475	
C600_DK885_RS10480	C600_NZ_CP031214.1	2045261	2045608	348	-	yeaO	DUF488 domain-containing protein	C600	cds-WP_001326526.1	DK885_RS10480	
C600_DK885_RS10485	C600_NZ_CP031214.1	2045663	2046844	1182	-	nimT	2-nitroimidazole transporter	C600	cds-WP_000128491.1	DK885_RS10485	
C600_DK885_RS10490	C600_NZ_CP031214.1	2046941	2047762	822	+	nimR	DNA-binding transcriptional regulator NimR	C600	cds-WP_000972248.1	DK885_RS10490	
C600_DK885_RS10495	C600_NZ_CP031214.1	2047719	2048165	447	-	yeaL	DUF441 domain-containing protein	C600	cds-WP_000460707.1	DK885_RS10495	
C600_DK885_RS10500	C600_NZ_CP031214.1	2048335	2048439	105	+	yoaI	small membrane protein YoaI	C600	cds-WP_000999630.1	DK885_RS10500	
C600_DK885_RS10505	C600_NZ_CP031214.1	2048440	2048943	504	-	yeaK	mischarged aminoacyl-tRNA deacylase	C600	cds-WP_000138043.1	DK885_RS10505	
C600_DK885_RS10510	C600_NZ_CP031214.1	2048986	2050476	1491	-	dgcJ	diguanylate cyclase DgcJ	C600	cds-WP_000766132.1	DK885_RS10510	GO:0043709,GO:1902201,GO:0052621
C600_DK885_RS10515	C600_NZ_CP031214.1	2050657	2052132	1476	-	cdgI	sensor domain-containing diguanylate cyclase	C600	cds-WP_000616433.1	DK885_RS10515	GO:0007165,GO:0005525,GO:0046872,GO:0052621
C600_DK885_RS10520	C600_NZ_CP031214.1	2052279	2053562	1284	-	yeaH	YeaH/YhbH family protein	C600	cds-WP_000219687.1	DK885_RS10520	
C600_DK885_RS10525	C600_NZ_CP031214.1	2053675	2055609	1935	-	yeaG	protein kinase YeaG	C600	cds-WP_001019882.1	DK885_RS10525	
C600_DK885_RS10530	C600_NZ_CP031214.1	2056045	2056791	747	+	mipA	scaffolding protein MipA	C600	cds-WP_000163771.1	DK885_RS10530	
C600_DK885_RS10535	C600_NZ_CP031214.1	2056881	2057735	855	+	yeaE	methylglyoxal reductase YeaE	C600	cds-WP_001186371.1	DK885_RS10535	
C600_DK885_RS10540	C600_NZ_CP031214.1	2057783	2058667	885	-	yeaD	D-hexose-6-phosphate mutarotase	C600	cds-WP_001335909.1	DK885_RS10540	GO:0005975,GO:0016857
C600_DK885_RS10545	C600_NZ_CP031214.1	2058751	2059746	996	-	gapA	glyceraldehyde-3-phosphate dehydrogenase	C600	cds-WP_000153502.1	DK885_RS10545	
C600_DK885_RS10550	C600_NZ_CP031214.1	2060088	2060501	414	+	msrB	peptide-methionine (R)-S-oxide reductase MsrB	C600	cds-WP_001284618.1	DK885_RS10550	GO:0006979,GO:0030091,GO:0033743
C600_DK885_RS10555	C600_NZ_CP031214.1	2060543	2060815	273	+	yeaC	YeaC family protein	C600	cds-WP_001300415.1	DK885_RS10555	
C600_DK885_RS10560	C600_NZ_CP031214.1	2061185	2062261	1077	+	ydjL	zinc-binding dehydrogenase	C600	cds-WP_000645221.1	DK885_RS10560	
C600_DK885_RS10565	C600_NZ_CP031214.1	2062288	2063667	1380	+	ydjK	MFS transporter	C600	cds-WP_000435292.1	DK885_RS10565	GO:0055085,GO:0022857,GO:0016020
C600_DK885_RS10570	C600_NZ_CP031214.1	2063684	2064727	1044	+	ydjJ	NAD(P)-dependent alcohol dehydrogenase	C600	cds-WP_000798110.1	DK885_RS10570	
C600_DK885_RS10575	C600_NZ_CP031214.1	2064748	2065584	837	+	ydjI	ketose-bisphosphate aldolase	C600	cds-WP_000878893.1	DK885_RS10575	GO:0005975,GO:0016832
C600_DK885_RS10580	C600_NZ_CP031214.1	2065589	2066536	948	+	ydjH	sugar kinase	C600	cds-WP_000369231.1	DK885_RS10580	GO:0005975,GO:0019200,GO:0005829
C600_DK885_RS10585	C600_NZ_CP031214.1	2066546	2067526	981	+	ydjG	NADH-dependent methylglyoxal reductase	C600	cds-WP_000723710.1	DK885_RS10585	GO:0019170
C600_DK885_RS10590	C600_NZ_CP031214.1	2067663	2068421	759	+	ydjF	DeoR/GlpR family DNA-binding transcription regulator	C600	cds-WP_000719096.1	DK885_RS10590	GO:0003677,GO:0003700
C600_DK885_RS10595	C600_NZ_CP031214.1	2068538	2069896	1359	+	ydjE	MFS transporter	C600	cds-WP_000438807.1	DK885_RS10595	GO:0055085,GO:0022857,GO:0016020
C600_DK885_RS10600	C600_NZ_CP031214.1	2069989	2070630	642	-	pncA	bifunctional nicotinamidase/pyrazinamidase	C600	cds-WP_001135066.1	DK885_RS10600	
C600_DK885_RS10605	C600_NZ_CP031214.1	2070641	2071657	1017	-	ansA	asparaginase	C600	cds-WP_001170162.1	DK885_RS10605	GO:0006520,GO:0004067
C600_DK885_RS10610	C600_NZ_CP031214.1	2071824	2073680	1857	-	sppA	signal peptide peptidase SppA	C600	cds-WP_001259810.1	DK885_RS10610	GO:0006465,GO:0008233
C600_DK885_RS10620	C600_NZ_CP031214.1	2073841	2074392	552	+	ydjA	NAD(P)H nitroreductase	C600	cds-WP_000339283.1	DK885_RS10620	GO:0016491
C600_DK885_RS10630	C600_NZ_CP031214.1	2074509	2075552	1044	+	selD	selenide, water dikinase SelD	C600	cds-WP_001295485.1	DK885_RS10630	GO:0016260,GO:0004756
C600_DK885_RS10635	C600_NZ_CP031214.1	2075557	2077518	1962	+	topB	DNA topoisomerase III	C600	cds-WP_001235800.1	DK885_RS10635	
C600_DK885_RS10640	C600_NZ_CP031214.1	2077646	2078686	1041	+	ynjI	DUF1266 domain-containing protein	C600	cds-WP_000756910.1	DK885_RS10640	
C600_DK885_RS10645	C600_NZ_CP031214.1	2078803	2080146	1344	-	gdhA	NADP-specific glutamate dehydrogenase	C600	cds-WP_000373021.1	DK885_RS10645	GO:0006520,GO:0016639
C600_DK885_RS10650	C600_NZ_CP031214.1	2080382	2080654	273	+	ynjH	YnjH family protein	C600	cds-WP_000085240.1	DK885_RS10650	
C600_DK885_RS10655	C600_NZ_CP031214.1	2080620	2081027	408	-	nudG	CTP pyrophosphohydrolase	C600	cds-WP_000781888.1	DK885_RS10655	
C600_DK885_RS10660	C600_NZ_CP031214.1	2081114	2081734	621	+	ynjF	CDP-alcohol phosphatidyltransferase family protein	C600	cds-WP_001295484.1	DK885_RS10660	GO:0008654,GO:0000287,GO:0016780,GO:0016020
C600_DK885_RS10665	C600_NZ_CP031214.1	2081743	2083050	1308	-	ynjE	thiosulfate sulfurtransferase YnjE	C600	cds-WP_001350515.1	DK885_RS10665	
C600_DK885_RS10670	C600_NZ_CP031214.1	2083117	2083770	654	-	ynjD	ATP-binding cassette domain-containing protein	C600	cds-WP_001300558.1	DK885_RS10670	GO:0005524
C600_DK885_RS10675	C600_NZ_CP031214.1	2083770	2085305	1536	-	ynjC	ABC transporter permease subunit	C600	cds-WP_000224958.1	DK885_RS10675	GO:0055085,GO:0016020
C600_DK885_RS10680	C600_NZ_CP031214.1	2085278	2086444	1167	-	ynjB	ABC transporter substrate-binding protein	C600	cds-WP_001215339.1	DK885_RS10680	
C600_DK885_RS10685	C600_NZ_CP031214.1	2086454	2087002	549	-	ynjA	carboxymuconolactone decarboxylase family protein	C600	cds-WP_000524097.1	DK885_RS10685	GO:0051920
C600_DK885_RS10690	C600_NZ_CP031214.1	2087002	2087709	708	-	ydjZ	TVP38/TMEM64 family protein	C600	cds-WP_000980098.1	DK885_RS10690	GO:0016020
C600_DK885_RS10695	C600_NZ_CP031214.1	2087724	2088401	678	-	ydjY	lipoprotein YdjY	C600	cds-WP_000939212.1	DK885_RS10695	
C600_DK885_RS10700	C600_NZ_CP031214.1	2088406	2089116	711	-	ydjX	TVP38/TMEM64 family protein	C600	cds-WP_001300395.1	DK885_RS10700	GO:0016020
C600_DK885_RS10705	C600_NZ_CP031214.1	2089283	2090089	807	-	xthA	exodeoxyribonuclease III	C600	cds-WP_000673918.1	DK885_RS10705	GO:0006281,GO:0003677,GO:0004519,GO:0008311
C600_DK885_RS10715	C600_NZ_CP031214.1	2090535	2091755	1221	+	astC	succinylornithine/acetylornithine transaminase	C600	cds-WP_000081983.1	DK885_RS10715	
C600_DK885_RS10720	C600_NZ_CP031214.1	2091752	2092786	1035	+	astA	arginine N-succinyltransferase	C600	cds-WP_000989419.1	DK885_RS10720	GO:0006527,GO:0008791
C600_DK885_RS10725	C600_NZ_CP031214.1	2092783	2094261	1479	+	astD	succinylglutamate-semialdehyde dehydrogenase	C600	cds-WP_000177206.1	DK885_RS10725	GO:0006527,GO:0043824
C600_DK885_RS10730	C600_NZ_CP031214.1	2094258	2095601	1344	+	astB	N-succinylarginine dihydrolase	C600	cds-WP_000994973.1	DK885_RS10730	GO:0006527,GO:0009015
C600_DK885_RS10735	C600_NZ_CP031214.1	2095594	2096562	969	+	astE	succinylglutamate desuccinylase	C600	cds-WP_000368506.1	DK885_RS10735	GO:0006527,GO:0008270,GO:0009017
C600_DK885_RS10740	C600_NZ_CP031214.1	2096892	2097377	486	+	spy	ATP-independent periplasmic protein-refolding chaperone Spy	C600	cds-WP_001228984.1	DK885_RS10740	GO:0042597
C600_DK885_RS10745	C600_NZ_CP031214.1	2097580	2098155	576	+	ves	environmental stress-induced protein Ves	C600	cds-WP_001300480.1	DK885_RS10745	
C600_DK885_RS10750	C600_NZ_CP031214.1	2098115	2099002	888	-	cho	excinuclease Cho	C600	cds-WP_000252397.1	DK885_RS10750	
C600_DK885_RS10755	C600_NZ_CP031214.1	2099232	2100059	828	-	nadE	ammonia-dependent NAD(+) synthetase	C600	cds-WP_000175026.1	DK885_RS10755	GO:0009435,GO:0003952,GO:0004359,GO:0008795
C600_DK885_RS10760	C600_NZ_CP031214.1	2100261	2100599	339	+	osmE	osmotically-inducible lipoprotein OsmE	C600	cds-WP_001039044.1	DK885_RS10760	GO:0019867
C600_DK885_RS10770	C600_NZ_CP031214.1	2100898	2101218	321	+	chbB	PTS N,N'-diacetylchitobiose transporter subunit IIB	C600	cds-WP_000412169.1	DK885_RS10770	
C600_DK885_RS10775	C600_NZ_CP031214.1	2101303	2102661	1359	+	chbC	PTS N,N'-diacetylchitobiose transporter subunit IIC	C600	cds-WP_000073041.1	DK885_RS10775	GO:0009401,GO:0008982,GO:0016020
C600_DK885_RS10780	C600_NZ_CP031214.1	2102712	2103062	351	+	chbA	PTS N,N'-diacetylchitobiose transporter subunit IIA	C600	cds-WP_000968919.1	DK885_RS10780	
C600_DK885_RS10785	C600_NZ_CP031214.1	2103070	2103912	843	+	chbR	transcriptional regulator ChbR	C600	cds-WP_000983647.1	DK885_RS10785	GO:0006355,GO:0003700
C600_DK885_RS10790	C600_NZ_CP031214.1	2104017	2105369	1353	+	celF	6-phospho-beta-glucosidase	C600	cds-WP_000078765.1	DK885_RS10790	
C600_DK885_RS10795	C600_NZ_CP031214.1	2105382	2106131	750	+	chbG	chitin disaccharide deacetylase	C600	cds-WP_000440471.1	DK885_RS10795	GO:0000272,GO:0016811
C600_DK885_RS10800	C600_NZ_CP031214.1	2106389	2108650	2262	-	katE	catalase HPII	C600	cds-WP_000077872.1	DK885_RS10800	GO:0006979,GO:0004096,GO:0020037
C600_DK885_RS10805	C600_NZ_CP031214.1	2108833	2109096	264	+	cedA	cell division activator CedA	C600	cds-WP_001241561.1	DK885_RS10805	
C600_DK885_RS10810	C600_NZ_CP031214.1	2109385	2110188	804	+	ydjO	protein YdjO	C600	cds-WP_001310874.1	DK885_RS10810	
C600_DK885_RS10815	C600_NZ_CP031214.1	2110192	2111583	1392	-	tcyP	cystine/sulfocysteine:cation symporter	C600	cds-WP_001010696.1	DK885_RS10815	
C600_DK885_RS10820	C600_NZ_CP031214.1	2111716	2112306	591	-	ydjM	metal-dependent hydrolase	C600	cds-WP_001297653.1	DK885_RS10820	
C600_DK885_RS10825	C600_NZ_CP031214.1	2112469	2113137	669	-	hxpB	hexitol phosphatase HxpB	C600	cds-WP_000106833.1	DK885_RS10825	
C600_DK885_RS10830	C600_NZ_CP031214.1	2113284	2113820	537	+	yniB	YniB family protein	C600	cds-WP_000222163.1	DK885_RS10830	
C600_DK885_RS10835	C600_NZ_CP031214.1	2113861	2114721	861	-	yniA	fructosamine kinase family protein	C600	cds-WP_000267650.1	DK885_RS10835	
C600_DK885_RS10840	C600_NZ_CP031214.1	2114827	2115117	291	-	ghoS	type V toxin-antitoxin system endoribonuclease antitoxin GhoS	C600	cds-WP_000146159.1	DK885_RS10840	GO:0004521
C600_DK885_RS10845	C600_NZ_CP031214.1	2115218	2116147	930	-	pfkB	6-phosphofructokinase II	C600	cds-WP_000251727.1	DK885_RS10845	GO:0005975,GO:0016773
C600_DK885_RS10850	C600_NZ_CP031214.1	2116434	2117192	759	+	ydiY	DUF481 domain-containing protein	C600	cds-WP_000771391.1	DK885_RS10850	
C600_DK885_RS10855	C600_NZ_CP031214.1	2117245	2117352	108	-	yniD	small membrane protein YniD	C600	cds-WP_001142445.1	DK885_RS10855	
C600_DK885_RS10860	C600_NZ_CP031214.1	2117524	2119423	1900	-	espL1	type III secretion system effector EspL1	C600	cds-DK885_RS10860	DK885_RS10860	
C600_DK885_RS10870	C600_NZ_CP031214.1	2119947	2121875	1929	+	thrS	threonine--tRNA ligase	C600	cds-WP_001144202.1	DK885_RS10870	GO:0006435,GO:0004829,GO:0005524,GO:0005737
C600_DK885_RS10875	C600_NZ_CP031214.1	2121879	2122421	543	+	infC	translation initiation factor IF-3	C600	cds-WP_001700733.1	DK885_RS10875	GO:0006413,GO:0003743
C600_DK885_RS10880	C600_NZ_CP031214.1	2122518	2122715	198	+	rpmI	50S ribosomal protein L35	C600	cds-WP_001124225.1	DK885_RS10880	GO:0006412,GO:0003735,GO:0005840
C600_DK885_RS10885	C600_NZ_CP031214.1	2122768	2123124	357	+	rplT	50S ribosomal protein L20	C600	cds-WP_000124850.1	DK885_RS10885	GO:0006412,GO:0003735,GO:0000315,GO:0022625
C600_DK885_RS10890	C600_NZ_CP031214.1	2123247	2123291	45	+	pheM	pheST operon leader peptide PheM	C600	cds-WP_001386830.1	DK885_RS10890	GO:0031556
C600_DK885_RS10895	C600_NZ_CP031214.1	2123575	2124558	984	+	pheS	phenylalanine--tRNA ligase subunit alpha	C600	cds-WP_000018596.1	DK885_RS10895	GO:0006432,GO:0000166,GO:0004826,GO:0005524,GO:0005737
C600_DK885_RS10900	C600_NZ_CP031214.1	2124573	2126960	2388	+	pheT	phenylalanine--tRNA ligase subunit beta	C600	cds-WP_000672380.1	DK885_RS10900	GO:0006432,GO:0000287,GO:0004826,GO:0005524
C600_DK885_RS10905	C600_NZ_CP031214.1	2126965	2127264	300	+	ihfA	integration host factor subunit alpha	C600	cds-WP_001229265.1	DK885_RS10905	GO:0006310,GO:0006355,GO:0003677
C600_DK885_RS10910	C600_NZ_CP031214.1	2127365	2128345	981	+	btuC	vitamin B12 ABC transporter permease BtuC	C600	cds-WP_000956528.1	DK885_RS10910	GO:0005524,GO:0022857
C600_DK885_RS10915	C600_NZ_CP031214.1	2128408	2128959	552	+	btuE	bifunctional thioredoxin/glutathione peroxidase	C600	cds-WP_001154168.1	DK885_RS10915	
C600_DK885_RS10920	C600_NZ_CP031214.1	2128959	2129708	750	+	btuD	vitamin B12 ABC transporter ATP-binding protein BtuD	C600	cds-WP_000029474.1	DK885_RS10920	GO:0015889,GO:0005524
C600_DK885_RS10925	C600_NZ_CP031214.1	2129786	2130250	465	+	nlpC	C40 family peptidase	C600	cds-WP_001209795.1	DK885_RS10925	GO:0000270,GO:0006508,GO:0008233,GO:0008234,GO:0016787
C600_DK885_RS10930	C600_NZ_CP031214.1	2130497	2131210	714	+	ydiV	anti-FlhDC factor	C600	cds-WP_001300634.1	DK885_RS10930	
C600_DK885_RS10935	C600_NZ_CP031214.1	2131273	2132709	1437	+	selO	protein adenylyltransferase SelO	C600	cds-WP_000175703.1	DK885_RS10935	GO:0018117,GO:0005524,GO:0070733
C600_DK885_RS10940	C600_NZ_CP031214.1	2132713	2132904	192	-	hemP	hemin uptake protein HemP	C600	cds-WP_001270809.1	DK885_RS10940	
C600_DK885_RS10945	C600_NZ_CP031214.1	2133036	2134082	1047	-	aroH	3-deoxy-7-phosphoheptulonate synthase AroH	C600	cds-WP_001082229.1	DK885_RS10945	
C600_DK885_RS10950	C600_NZ_CP031214.1	2134239	2135072	834	-	ppsR	posphoenolpyruvate synthetase regulatory kinase/phosphorylase PpsR	C600	cds-WP_000368046.1	DK885_RS10950	GO:0004674,GO:0005524,GO:0016776,GO:0043531
C600_DK885_RS10960	C600_NZ_CP031214.1	2135405	2137783	2379	+	ppsA	phosphoenolpyruvate synthase	C600	cds-WP_000069375.1	DK885_RS10960	GO:0006090,GO:0016310,GO:0005524,GO:0008986,GO:0016772
C600_DK885_RS10965	C600_NZ_CP031214.1	2137840	2139486	1647	-	fadK	medium-chain fatty-acid--CoA ligase	C600	cds-WP_001336282.1	DK885_RS10965	
C600_DK885_RS10970	C600_NZ_CP031214.1	2139543	2139836	294	-	ydiT	ferredoxin family protein	C600	cds-WP_000081081.1	DK885_RS10970	
C600_DK885_RS10975	C600_NZ_CP031214.1	2139833	2141122	1290	-	ydiS	FAD-dependent oxidoreductase	C600	cds-WP_001278525.1	DK885_RS10975	
C600_DK885_RS10980	C600_NZ_CP031214.1	2141178	2142116	939	-	ydiR	electron transfer flavoprotein subunit alpha	C600	cds-WP_000080722.1	DK885_RS10980	
C600_DK885_RS10985	C600_NZ_CP031214.1	2142136	2142900	765	-	ydiQ	electron transfer flavoprotein	C600	cds-WP_000692135.1	DK885_RS10985	
C600_DK885_RS10995	C600_NZ_CP031214.1	2143216	2144127	912	+	ydiP	AraC family transcriptional regulator	C600	cds-WP_000284799.1	DK885_RS10995	GO:0006355,GO:0003700,GO:0043565
C600_DK885_RS11000	C600_NZ_CP031214.1	2144170	2145321	1152	-	ydiO	acyl-CoA dehydrogenase	C600	cds-WP_000347850.1	DK885_RS11000	
C600_DK885_RS11005	C600_NZ_CP031214.1	2145335	2146930	1596	-	ydiF	acyl CoA:acetate/3-ketoacid CoA transferase	C600	cds-WP_000805700.1	DK885_RS11005	
C600_DK885_RS11010	C600_NZ_CP031214.1	2147073	2147831	759	-	aroD	type I 3-dehydroquinate dehydratase	C600	cds-WP_000860201.1	DK885_RS11010	GO:0009423,GO:0003855
C600_DK885_RS11015	C600_NZ_CP031214.1	2147862	2148728	867	-	ydiB	quinate/shikimate dehydrogenase	C600	cds-WP_000383469.1	DK885_RS11015	
C600_DK885_RS11020	C600_NZ_CP031214.1	2148740	2150005	1266	-	ydiN	MFS transporter	C600	cds-WP_000081197.1	DK885_RS11020	GO:0055085,GO:0022857
C600_DK885_RS11025	C600_NZ_CP031214.1	2150232	2151446	1215	-	ydiM	MFS transporter	C600	cds-WP_000795537.1	DK885_RS11025	GO:0055085,GO:0022857
C600_DK885_RS11030	C600_NZ_CP031214.1	2151546	2151902	357	-	ydiL	YdiL family protein	C600	cds-WP_001310864.1	DK885_RS11030	
C600_DK885_RS11040	C600_NZ_CP031214.1	2152331	2153443	1113	-	ydiK	AI-2E family transporter YdiK	C600	cds-WP_000248636.1	DK885_RS11040	
C600_DK885_RS11050	C600_NZ_CP031214.1	2153832	2156888	3057	+	ydiJ	D-2-hydroxyglutarate dehydrogenase YdiJ	C600	cds-WP_000613008.1	DK885_RS11050	GO:1903457,GO:0008720,GO:0046872
C600_DK885_RS11055	C600_NZ_CP031214.1	2156885	2157295	411	+	menI	1,4-dihydroxy-2-naphthoyl-CoA hydrolase	C600	cds-WP_000637982.1	DK885_RS11055	
C600_DK885_RS11060	C600_NZ_CP031214.1	2157395	2157583	189	+	ydiH	YdiH family protein	C600	cds-WP_001296104.1	DK885_RS11060	
C600_DK885_RS11065	C600_NZ_CP031214.1	2158131	2158499	369	+	sufA	Fe-S cluster assembly scaffold SufA	C600	cds-WP_000367160.1	DK885_RS11065	
C600_DK885_RS11070	C600_NZ_CP031214.1	2158508	2159995	1488	+	sufB	Fe-S cluster assembly protein SufB	C600	cds-WP_000089364.1	DK885_RS11070	GO:0016226
C600_DK885_RS11075	C600_NZ_CP031214.1	2160005	2160751	747	+	sufC	Fe-S cluster assembly ATPase SufC	C600	cds-WP_000948863.1	DK885_RS11075	GO:0005524
C600_DK885_RS11080	C600_NZ_CP031214.1	2160726	2161997	1272	+	sufD	Fe-S cluster assembly protein SufD	C600	cds-WP_000907979.1	DK885_RS11080	GO:0016226
C600_DK885_RS11085	C600_NZ_CP031214.1	2161994	2163214	1221	+	sufS	cysteine desulfurase SufS	C600	cds-WP_000577988.1	DK885_RS11085	GO:0006534,GO:0030170,GO:0031071
C600_DK885_RS11090	C600_NZ_CP031214.1	2163227	2163643	417	+	sufE	cysteine desulfuration protein SufE	C600	cds-WP_001196530.1	DK885_RS11090	
C600_DK885_RS11095	C600_NZ_CP031214.1	2163792	2164796	1005	+	ldtE	L,D-transpeptidase LdtE	C600	cds-WP_000817105.1	DK885_RS11095	GO:0009252,GO:0018104,GO:0016757,GO:0071972
C600_DK885_RS11100	C600_NZ_CP031214.1	2164860	2165096	237	-	lpp	murein lipoprotein Lpp	C600	cds-WP_000648420.1	DK885_RS11100	
C600_DK885_RS11105	C600_NZ_CP031214.1	2165407	2166819	1413	-	pykF	pyruvate kinase PykF	C600	cds-WP_001295403.1	DK885_RS11105	GO:0006096,GO:0004743
C600_DK885_RS24355	C600_NZ_CP031214.1	2166827	2167021	195	-	ynhH	protein YnhH	C600	cds-WP_240806354.1	DK885_RS24355	
C600_DK885_RS11110	C600_NZ_CP031214.1	2167376	2167585	210	+	fumD	fumarate hydratase FumD	C600	cds-WP_000528342.1	DK885_RS11110	
C600_DK885_RS11115	C600_NZ_CP031214.1	2168040	2168666	627	+	ydhY	ferredoxin-like protein	C600	cds-WP_001070230.1	DK885_RS11115	
C600_DK885_RS11120	C600_NZ_CP031214.1	2168687	2170789	2103	+	ydhV	aldehyde ferredoxin oxidoreductase	C600	cds-WP_001273527.1	DK885_RS11120	GO:0009055,GO:0016491,GO:0051536
C600_DK885_RS11125	C600_NZ_CP031214.1	2170802	2171440	639	+	ydhW	YdhW family putative oxidoreductase system protein	C600	cds-WP_001301419.1	DK885_RS11125	
C600_DK885_RS11130	C600_NZ_CP031214.1	2171504	2172172	669	+	ydhX	4Fe-4S dicluster domain-containing protein	C600	cds-WP_001310861.1	DK885_RS11130	
C600_DK885_RS11135	C600_NZ_CP031214.1	2172169	2172954	786	+	phsC	thiosulfate reductase cytochrome B subunit	C600	cds-WP_001069979.1	DK885_RS11135	
C600_DK885_RS11140	C600_NZ_CP031214.1	2172958	2173770	813	+	ydhT	protein YdhT	C600	cds-WP_000587525.1	DK885_RS11140	
C600_DK885_RS11145	C600_NZ_CP031214.1	2173782	2175386	1605	-	ydhS	FAD-NAD(P)-binding protein	C600	cds-WP_000716950.1	DK885_RS11145	
C600_DK885_RS11150	C600_NZ_CP031214.1	2175512	2175817	306	-	ydhR	monooxygenase	C600	cds-WP_000212657.1	DK885_RS11150	
C600_DK885_RS11165	C600_NZ_CP031214.1	2176390	2177646	1257	+	ydhQ	AIDA repeat-containing protein	C600	cds-WP_000534271.1	DK885_RS11165	
C600_DK885_RS11170	C600_NZ_CP031214.1	2177687	2179060	1374	-	mdtK	multidrug efflux MATE transporter MdtK	C600	cds-WP_001174940.1	DK885_RS11170	
C600_DK885_RS11175	C600_NZ_CP031214.1	2179275	2179916	642	+	ribE	riboflavin synthase	C600	cds-WP_000493947.1	DK885_RS11175	GO:0004746
C600_DK885_RS11180	C600_NZ_CP031214.1	2179956	2181104	1149	-	cfa	cyclopropane fatty acyl phospholipid synthase	C600	cds-WP_000098896.1	DK885_RS11180	
C600_DK885_RS11185	C600_NZ_CP031214.1	2181395	2182606	1212	-	punC	purine nucleoside transporter PunC	C600	cds-WP_001182347.1	DK885_RS11185	GO:1990961,GO:0042910,GO:0016020
C600_DK885_RS11190	C600_NZ_CP031214.1	2182719	2183651	933	+	punR	DNA-binding transcriptional activator PunR	C600	cds-WP_000269501.1	DK885_RS11190	GO:0006355,GO:0003700
C600_DK885_RS11195	C600_NZ_CP031214.1	2183648	2184673	1026	-	purR	HTH-type transcriptional repressor PurR	C600	cds-WP_000190982.1	DK885_RS11195	GO:0006355,GO:0003677
C600_DK885_RS11205	C600_NZ_CP031214.1	2184972	2185061	90	+	cydH	cytochrome bd-I accessory subunit CydH	C600	cds-WP_000102278.1	DK885_RS11205	
C600_DK885_RS11210	C600_NZ_CP031214.1	2185227	2186396	1170	+	ydhP	MFS transporter	C600	cds-WP_000701040.1	DK885_RS11210	GO:0055085,GO:0022857,GO:0005886,GO:0016020
C600_DK885_RS11215	C600_NZ_CP031214.1	2186558	2187139	582	-	sodB	superoxide dismutase [Fe]	C600	cds-WP_000007283.1	DK885_RS11215	GO:0006801,GO:0004784,GO:0046872
C600_DK885_RS11220	C600_NZ_CP031214.1	2187267	2188082	816	-	mepH	peptidoglycan DD-endopeptidase MepH	C600	cds-WP_000101193.1	DK885_RS11220	
C600_DK885_RS11225	C600_NZ_CP031214.1	2188416	2188763	348	+	grxD	monothiol glutaredoxin 4	C600	cds-WP_000108172.1	DK885_RS11225	
C600_DK885_RS11230	C600_NZ_CP031214.1	2188814	2193430	4617	-	lhr	ATP-dependent helicase	C600	cds-WP_001310858.1	DK885_RS11230	GO:0003676,GO:0005524,GO:0016818
C600_DK885_RS11235	C600_NZ_CP031214.1	2193523	2194170	648	-	rnt	ribonuclease T	C600	cds-WP_001282283.1	DK885_RS11235	GO:0006364,GO:0042780,GO:0016896
C600_DK885_RS11240	C600_NZ_CP031214.1	2194273	2194680	408	-	gloA	lactoylglutathione lyase	C600	cds-WP_001237796.1	DK885_RS11240	
C600_DK885_RS11245	C600_NZ_CP031214.1	2194761	2195858	1098	-	nemA	N-ethylmaleimide reductase	C600	cds-WP_000093589.1	DK885_RS11245	
C600_DK885_RS11250	C600_NZ_CP031214.1	2195895	2196494	600	-	nemR	DNA-binding transcriptional regulator NemR	C600	cds-WP_001032936.1	DK885_RS11250	
C600_DK885_RS11255	C600_NZ_CP031214.1	2196597	2196836	240	+	ydhL	DUF1289 domain-containing protein	C600	cds-WP_000840481.1	DK885_RS11255	
C600_DK885_RS11260	C600_NZ_CP031214.1	2196885	2197781	897	+	ydhF	aldo/keto reductase	C600	cds-WP_000250656.1	DK885_RS11260	GO:0016491,GO:0050661
C600_DK885_RS11265	C600_NZ_CP031214.1	2197862	2198383	522	+	sodC	superoxide dismutase [Cu-Zn] SodC	C600	cds-WP_001296937.1	DK885_RS11265	GO:0004784
C600_DK885_RS11270	C600_NZ_CP031214.1	2198384	2200396	2013	-	ydhK	FUSC family protein	C600	cds-WP_000994333.1	DK885_RS11270	GO:0055085,GO:0022857,GO:0005886
C600_DK885_RS11275	C600_NZ_CP031214.1	2200396	2201253	858	-	ydhJ	efflux RND transporter periplasmic adaptor subunit	C600	cds-WP_001300356.1	DK885_RS11275	GO:0006810,GO:0005215,GO:0016020
C600_DK885_RS11280	C600_NZ_CP031214.1	2201256	2201492	237	-	ydhI	DUF1656 domain-containing protein	C600	cds-WP_000670998.1	DK885_RS11280	GO:0016020
C600_DK885_RS11285	C600_NZ_CP031214.1	2201693	2202127	435	+	slyA	transcriptional regulator SlyA	C600	cds-WP_001296943.1	DK885_RS11285	GO:0006355,GO:0003700
C600_DK885_RS11290	C600_NZ_CP031214.1	2202174	2202641	468	-	slyB	outer membrane lipoprotein SlyB	C600	cds-WP_000597196.1	DK885_RS11290	
C600_DK885_RS11295	C600_NZ_CP031214.1	2202915	2204024	1110	+	anmK	anhydro-N-acetylmuramic acid kinase	C600	cds-WP_000835039.1	DK885_RS11295	
C600_DK885_RS11300	C600_NZ_CP031214.1	2204122	2204451	330	+	mliC	C-type lysozyme inhibitor	C600	cds-WP_000178044.1	DK885_RS11300	
C600_DK885_RS11305	C600_NZ_CP031214.1	2204510	2205166	657	+	pdxH	pyridoxamine 5'-phosphate oxidase	C600	cds-WP_001282319.1	DK885_RS11305	GO:0008615,GO:0004733,GO:0010181
C600_DK885_RS11310	C600_NZ_CP031214.1	2205295	2206569	1275	+	tyrS	tyrosine--tRNA ligase	C600	cds-WP_001295400.1	DK885_RS11310	GO:0006437,GO:0000166,GO:0004831,GO:0005524
C600_DK885_RS11315	C600_NZ_CP031214.1	2206628	2207491	864	+	pdxY	pyridoxal kinase	C600	cds-WP_001307229.1	DK885_RS11315	GO:0009443,GO:0008478
C600_DK885_RS11320	C600_NZ_CP031214.1	2207535	2208140	606	-	gstA	glutathione transferase GstA	C600	cds-WP_000765749.1	DK885_RS11320	GO:0006749,GO:0005515
C600_DK885_RS11325	C600_NZ_CP031214.1	2208246	2209748	1503	-	dtpA	dipeptide/tripeptide permease DtpA	C600	cds-WP_000100932.1	DK885_RS11325	GO:0015833,GO:0055085,GO:1904680,GO:0016020
C600_DK885_RS11335	C600_NZ_CP031214.1	2210359	2210994	636	-	nth	endonuclease III	C600	cds-WP_001030339.1	DK885_RS11335	GO:0006284,GO:0003906
C600_DK885_RS11340	C600_NZ_CP031214.1	2210994	2211689	696	-	rsxE	electron transport complex subunit RsxE	C600	cds-WP_001289652.1	DK885_RS11340	
C600_DK885_RS11345	C600_NZ_CP031214.1	2211693	2212313	621	-	rsxG	electron transport complex subunit RsxG	C600	cds-WP_000920784.1	DK885_RS11345	GO:0022900,GO:0009055,GO:0010181,GO:0016020
C600_DK885_RS11350	C600_NZ_CP031214.1	2212317	2213375	1059	-	rsxD	electron transport complex subunit RsxD	C600	cds-WP_000231927.1	DK885_RS11350	GO:0022900,GO:0055085,GO:0016020
C600_DK885_RS11355	C600_NZ_CP031214.1	2213376	2215598	2223	-	rsxC	electron transport complex subunit RsxC	C600	cds-WP_000915778.1	DK885_RS11355	GO:0009055,GO:0051539,GO:0016020
C600_DK885_RS11360	C600_NZ_CP031214.1	2215591	2216169	579	-	rsxB	electron transport complex subunit RsxB	C600	cds-WP_000991805.1	DK885_RS11360	GO:0022900,GO:0009055,GO:0051536
C600_DK885_RS11365	C600_NZ_CP031214.1	2216169	2216750	582	-	rsxA	electron transport complex subunit RsxA	C600	cds-WP_000133193.1	DK885_RS11365	GO:0022900,GO:0016020
C600_DK885_RS11370	C600_NZ_CP031214.1	2216827	2217267	441	-	ydgK	DUF2569 domain-containing protein	C600	cds-WP_001310854.1	DK885_RS11370	
C600_DK885_RS11375	C600_NZ_CP031214.1	2217353	2217568	216	-	ydgT	transcription modulator YdgT	C600	cds-WP_000217950.1	DK885_RS11375	
C600_DK885_RS11385	C600_NZ_CP031214.1	2217841	2217966	126	-	blr	division septum protein Blr	C600	cds-WP_001300888.1	DK885_RS11385	
C600_DK885_RS11390	C600_NZ_CP031214.1	2218209	2219249	1041	+	ydgJ	oxidoreductase	C600	cds-WP_001282550.1	DK885_RS11390	
C600_DK885_RS11395	C600_NZ_CP031214.1	2219283	2220284	1002	-	add	adenosine deaminase	C600	cds-WP_000567490.1	DK885_RS11395	GO:0009168,GO:0004000
C600_DK885_RS11400	C600_NZ_CP031214.1	2220388	2221560	1173	-	malY	bifunctional maltose regulon transcriptional repressor/cystathionine beta-lyase MalY	C600	cds-WP_000459379.1	DK885_RS11400	
C600_DK885_RS11405	C600_NZ_CP031214.1	2221570	2223162	1593	-	malX	PTS maltose transporter subunit IICB	C600	cds-WP_000125583.1	DK885_RS11405	
C600_DK885_RS11410	C600_NZ_CP031214.1	2223337	2224365	1029	+	malI	mal regulon transcriptional regulator MalI	C600	cds-WP_000179510.1	DK885_RS11410	
C600_DK885_RS11415	C600_NZ_CP031214.1	2224477	2225244	768	+	hdhA	7-alpha-hydroxysteroid dehydrogenase	C600	cds-WP_000483353.1	DK885_RS11415	
C600_DK885_RS11420	C600_NZ_CP031214.1	2225465	2226055	591	+	uidR	DNA-binding transcriptional regulator UidR	C600	cds-WP_000969092.1	DK885_RS11420	
C600_DK885_RS11425	C600_NZ_CP031214.1	2226446	2228257	1812	+	uidA	beta-glucuronidase	C600	cds-WP_000945878.1	DK885_RS11425	GO:0005975,GO:0004553
C600_DK885_RS11430	C600_NZ_CP031214.1	2228254	2229627	1374	+	uidB	glucuronide transporter	C600	cds-WP_001075849.1	DK885_RS11430	GO:0006810,GO:0022857,GO:0016020
C600_DK885_RS11435	C600_NZ_CP031214.1	2229666	2230931	1266	+	uidC	glucuronide uptake porin UidC	C600	cds-WP_001227023.1	DK885_RS11435	
C600_DK885_RS11440	C600_NZ_CP031214.1	2231157	2232665	1509	-	ydgA	YdgA family protein	C600	cds-WP_001043339.1	DK885_RS11440	
C600_DK885_RS11445	C600_NZ_CP031214.1	2232766	2233941	1176	-	manA	mannose-6-phosphate isomerase	C600	cds-WP_001170664.1	DK885_RS11445	GO:0009298,GO:0004476,GO:0008270
C600_DK885_RS11450	C600_NZ_CP031214.1	2234140	2235786	1647	+	fumB	class I fumarate hydratase	C600	cds-WP_000066639.1	DK885_RS11450	
C600_DK885_RS11455	C600_NZ_CP031214.1	2235929	2237332	1404	+	fumC	class II fumarate hydratase	C600	cds-WP_001099085.1	DK885_RS11455	GO:0006106,GO:0004333,GO:0045239
C600_DK885_RS11460	C600_NZ_CP031214.1	2237329	2238258	930	-	tus	DNA replication terminus site-binding protein	C600	cds-WP_000135181.1	DK885_RS11460	GO:0006274,GO:0003677,GO:0005737
C600_DK885_RS11465	C600_NZ_CP031214.1	2238334	2239635	1302	-	rstB	two-component system sensor histidine kinase RstB	C600	cds-WP_000732512.1	DK885_RS11465	GO:0007165,GO:0016310,GO:0000155,GO:0016020
C600_DK885_RS11470	C600_NZ_CP031214.1	2239639	2240358	720	-	rstA	two-component system response regulator RstA	C600	cds-WP_001092508.1	DK885_RS11470	GO:0000160,GO:0006355,GO:0003677
C600_DK885_RS11475	C600_NZ_CP031214.1	2240487	2240822	336	+	ydgC	GlpM family protein	C600	cds-WP_000524868.1	DK885_RS11475	
C600_DK885_RS11480	C600_NZ_CP031214.1	2240819	2241541	723	-	folM	dihydromonapterin reductase	C600	cds-WP_000520804.1	DK885_RS11480	GO:0016491
C600_DK885_RS11485	C600_NZ_CP031214.1	2241578	2242960	1383	-	ydgI	amino acid permease	C600	cds-WP_000412379.1	DK885_RS11485	
C600_DK885_RS11495	C600_NZ_CP031214.1	2243146	2244090	945	-	ydgH	DUF1471 family protein YdgH	C600	cds-WP_000769303.1	DK885_RS11495	
C600_DK885_RS11500	C600_NZ_CP031214.1	2244614	2246146	1533	+	pntA	Re/Si-specific NAD(P)(+) transhydrogenase subunit alpha	C600	cds-WP_001300486.1	DK885_RS11500	GO:1902600,GO:0008750
C600_DK885_RS11505	C600_NZ_CP031214.1	2246157	2247545	1389	+	pntB	Re/Si-specific NAD(P)(+) transhydrogenase subunit beta	C600	cds-WP_000014036.1	DK885_RS11505	GO:0008750,GO:0050661,GO:0016020
C600_DK885_RS11510	C600_NZ_CP031214.1	2247570	2248604	1035	-	tqsA	AI-2 transporter TqsA	C600	cds-WP_001118241.1	DK885_RS11510	
C600_DK885_RS24620	C600_NZ_CP031214.1	2248739	2248909	171	+	WP_001303517.1	protein YdgV	C600	cds-WP_001303517.1	DK885_RS24620	
C600_DK885_RS11520	C600_NZ_CP031214.1	2249016	2249381	366	+	mdtJ	multidrug/spermidine efflux SMR transporter subunit MdtJ	C600	cds-WP_000276149.1	DK885_RS11520	GO:0015848,GO:0015606,GO:0016020
C600_DK885_RS11525	C600_NZ_CP031214.1	2249368	2249697	330	+	mdtI	multidrug/spermidine efflux SMR transporter subunit MdtI	C600	cds-WP_000046661.1	DK885_RS11525	
C600_DK885_RS11530	C600_NZ_CP031214.1	2249736	2250557	822	-	ydgD	trypsin-like serine peptidase	C600	cds-WP_001260865.1	DK885_RS11530	GO:0006508,GO:0004252,GO:0008233,GO:0008236
C600_DK885_RS11535	C600_NZ_CP031214.1	2250657	2250740	84	-	WP_000233093.1	stationary phase-induced protein	C600	cds-WP_000233093.1	DK885_RS11535	
C600_DK885_RS11540	C600_NZ_CP031214.1	2250833	2251141	309	-	asr	acid resistance repetitive basic protein Asr	C600	cds-WP_001340364.1	DK885_RS11540	
C600_DK885_RS24625	C600_NZ_CP031214.1	2251412	2251516	105	+	WP_001351109.1	KPN_01571 family protein	C600	cds-WP_001351109.1	DK885_RS24625	
C600_DK885_RS11550	C600_NZ_CP031214.1	2251565	2252818	1254	-	ynfM	MFS transporter	C600	cds-WP_000091840.1	DK885_RS11550	GO:0055085,GO:0022857,GO:0005886,GO:0016020
C600_DK885_RS11555	C600_NZ_CP031214.1	2252925	2253818	894	+	ynfL	LysR family transcriptional regulator	C600	cds-WP_001019525.1	DK885_RS11555	GO:0003677,GO:0003700
C600_DK885_RS11560	C600_NZ_CP031214.1	2253953	2255173	1221	+	mlc	sugar metabolism global transcriptional regulator Mlc	C600	cds-WP_000225262.1	DK885_RS11560	GO:0006355,GO:0003677,GO:0046872
C600_DK885_RS11565	C600_NZ_CP031214.1	2255298	2255993	696	+	bioD	dethiobiotin synthase	C600	cds-WP_000919231.1	DK885_RS11565	GO:0009102,GO:0000287,GO:0004141,GO:0005524
C600_DK885_RS11570	C600_NZ_CP031214.1	2255946	2257238	1293	-	clcB	voltage-gated ClC-type chloride channel ClcB	C600	cds-WP_071592181.1	DK885_RS11570	GO:0006821,GO:0010447,GO:0005247,GO:0016020
C600_DK885_RS11575	C600_NZ_CP031214.1	2257397	2258011	615	-	dmsD	Tat proofreading chaperone DmsD	C600	cds-WP_000148710.1	DK885_RS11575	
C600_DK885_RS11580	C600_NZ_CP031214.1	2258054	2258908	855	-	ynfH	selenate reductase membrane anchor subunit YnfH	C600	cds-WP_000526503.1	DK885_RS11580	
C600_DK885_RS11585	C600_NZ_CP031214.1	2258910	2259527	618	-	ynfG	DMSO reductase like molybdoenzyme iron-sulfur subunit YnfG	C600	cds-WP_000213028.1	DK885_RS11585	
C600_DK885_RS11590	C600_NZ_CP031214.1	2259538	2261961	2424	-	ynfF	selenate/tellurate reductase subunit YnfF	C600	cds-WP_001340362.1	DK885_RS11590	
C600_DK885_RS11595	C600_NZ_CP031214.1	2262022	2264448	2427	-	ynfE	selenate/tellurate reductase subunit YnfE	C600	cds-WP_000041675.1	DK885_RS11595	
C600_DK885_RS11600	C600_NZ_CP031214.1	2264647	2264952	306	-	ynfD	DUF1161 domain-containing protein	C600	cds-WP_001300836.1	DK885_RS11600	
C600_DK885_RS11605	C600_NZ_CP031214.1	2265060	2265770	711	+	ynfC	YnfC family lipoprotein	C600	cds-WP_001321287.1	DK885_RS11605	GO:0005886
C600_DK885_RS11610	C600_NZ_CP031214.1	2265773	2266333	561	-	speG	spermidine N1-acetyltransferase	C600	cds-WP_001138581.1	DK885_RS11610	GO:0008080
C600_DK885_RS11615	C600_NZ_CP031214.1	2266368	2266709	342	-	ynfB	DUF1283 family protein	C600	cds-WP_000705211.1	DK885_RS11615	
C600_DK885_RS11620	C600_NZ_CP031214.1	2266844	2267170	327	+	ynfA	YnfA family protein	C600	cds-WP_000598292.1	DK885_RS11620	GO:0016020
C600_DK885_RS11630	C600_NZ_CP031214.1	2267376	2268590	1215	+	rspA	starvation-sensing protein RspA	C600	cds-WP_001295394.1	DK885_RS11630	
C600_DK885_RS11635	C600_NZ_CP031214.1	2268602	2269621	1020	+	rspB	Zn-dependent oxidoreductase	C600	cds-WP_000836066.1	DK885_RS11635	GO:0008270,GO:0016491
C600_DK885_RS11645	C600_NZ_CP031214.1	2269809	2270972	1164	-	tyrosine-type recombinase/integrase	tyrosine-type recombinase/integrase	C600	cds-DK885_RS11645	DK885_RS11645	GO:0006310,GO:0015074,GO:0003677
C600_DK885_RS11650	C600_NZ_CP031214.1	2270980	2271675	696	-	IS3-like element IS2 family transposase	IS3-like element IS2 family transposase	C600	cds-DK885_RS11650	DK885_RS11650	GO:0006313,GO:0004803
C600_DK885_RS11655	C600_NZ_CP031214.1	2271672	2272439	768	-	exonuclease	exonuclease	C600	cds-DK885_RS11655	DK885_RS11655	
C600_DK885_RS11660	C600_NZ_CP031214.1	2272532	2272723	192	-	ydfD	lysis protein YdfD	C600	cds-WP_001083297.1	DK885_RS11660	
C600_DK885_RS11665	C600_NZ_CP031214.1	2272720	2272908	189	-	dicB	cell division inhibition protein DicB	C600	cds-WP_000854559.1	DK885_RS11665	
C600_DK885_RS11675	C600_NZ_CP031214.1	2273476	2273694	219	-	ydfC	protein YdfC	C600	cds-WP_001171942.1	DK885_RS11675	
C600_DK885_RS24480	C600_NZ_CP031214.1	2273724	2273852	129	-	ydfB	protein YdfB	C600	cds-WP_000344964.1	DK885_RS24480	
C600_DK885_RS11685	C600_NZ_CP031214.1	2273854	2274009	156	-	ydfA	DUF1391 family protein	C600	cds-WP_000379575.1	DK885_RS11685	
C600_DK885_RS11690	C600_NZ_CP031214.1	2274176	2274583	408	-	dicA	DNA-binding transcriptional dual regulator DicA	C600	cds-WP_000448564.1	DK885_RS11690	
C600_DK885_RS11695	C600_NZ_CP031214.1	2274667	2274897	231	+	dicC	dicB transcriptional regulator DicC	C600	cds-WP_000920568.1	DK885_RS11695	
C600_DK885_RS11700	C600_NZ_CP031214.1	2274881	2275159	279	+	ydfX	protein YdfX	C600	cds-DK885_RS11700	DK885_RS11700	
C600_DK885_RS23905	C600_NZ_CP031214.1	2275194	2275343	150	+	ydfW	protein YdfW	C600	cds-WP_011443592.1	DK885_RS23905	
C600_DK885_RS11710	C600_NZ_CP031214.1	2275780	2276112	333	-	flxA	FlxA-like family protein	C600	cds-WP_001301033.1	DK885_RS11710	
C600_DK885_RS11715	C600_NZ_CP031214.1	2276315	2276620	306	-	ydfV	protein YdfV	C600	cds-WP_001326990.1	DK885_RS11715	
C600_DK885_RS11720	C600_NZ_CP031214.1	2276645	2276884	240	+	relB	type II toxin-antitoxin system antitoxin RelB	C600	cds-WP_000534858.1	DK885_RS11720	
C600_DK885_RS11725	C600_NZ_CP031214.1	2276884	2277171	288	+	relE	type II toxin-antitoxin system mRNA interferase RelE	C600	cds-WP_000323025.1	DK885_RS11725	
C600_DK885_RS11730	C600_NZ_CP031214.1	2277243	2277398	156	+	hokD	type I toxin-antitoxin system toxin HokD	C600	cds-WP_000813254.1	DK885_RS11730	
C600_DK885_RS11735	C600_NZ_CP031214.1	2277615	2277866	252	+	rem	protein Rem	C600	cds-WP_000980994.1	DK885_RS11735	
C600_DK885_RS11740	C600_NZ_CP031214.1	2277933	2278211	279	+	WP_012304870.1	hypothetical protein	C600	cds-WP_012304870.1	DK885_RS11740	
C600_DK885_RS11745	C600_NZ_CP031214.1	2278213	2279262	1050	+	ydfU	DUF968 domain-containing protein	C600	cds-WP_001265198.1	DK885_RS11745	
C600_DK885_RS11750	C600_NZ_CP031214.1	2279276	2280028	753	+	ydfT	antitermination protein	C600	cds-WP_001047135.1	DK885_RS11750	GO:0006355,GO:0003677
C600_DK885_RS23910	C600_NZ_CP031214.1	2280306	2280395	90	-	WP_120795389.1	hypothetical protein	C600	cds-WP_120795389.1	DK885_RS23910	
C600_DK885_RS11755	C600_NZ_CP031214.1	2280450	2280662	213	-	cspF	cold shock-like protein CspF	C600	cds-WP_000087756.1	DK885_RS11755	
C600_DK885_RS11760	C600_NZ_CP031214.1	2280963	2281178	216	+	cspB	cold shock-like protein CspB	C600	cds-WP_000066484.1	DK885_RS11760	
C600_DK885_RS24245	C600_NZ_CP031214.1	2281542	2281712	171	-	ynfU	putative zinc-binding protein YnfU	C600	cds-WP_211180497.1	DK885_RS24245	
C600_DK885_RS11765	C600_NZ_CP031214.1	2281932	2282147	216	+	essD	phage lysis protein EssD	C600	cds-WP_000839590.1	DK885_RS11765	
C600_DK885_RS11770	C600_NZ_CP031214.1	2282152	2282463	312	+	ydfR	YdfR family protein	C600	cds-WP_000189916.1	DK885_RS11770	
C600_DK885_RS11775	C600_NZ_CP031214.1	2282460	2282993	534	+	rrrQ	lysozyme	C600	cds-WP_001092971.1	DK885_RS11775	
C600_DK885_RS11780	C600_NZ_CP031214.1	2282990	2283487	498	+	rzpQ	DUF2514 domain-containing protein	C600	cds-WP_001071769.1	DK885_RS11780	
C600_DK885_RS11785	C600_NZ_CP031214.1	2283850	2284062	213	+	cspI	cold shock protein CspI	C600	cds-WP_000066495.1	DK885_RS11785	
C600_DK885_RS11790	C600_NZ_CP031214.1	2284073	2284261	189	+	ynfQ	cold shock small protein YmcF	C600	cds-WP_071524604.1	DK885_RS11790	
C600_DK885_RS23915	C600_NZ_CP031214.1	2284264	2284329	66	+	ynfR	small protein YnfR	C600	cds-WP_120795388.1	DK885_RS23915	
C600_DK885_RS24630	C600_NZ_CP031214.1	2284334	2284563	230	+	ynfN	protein YnfN	C600	cds-DK885_RS24630	DK885_RS24630	
C600_DK885_RS11800	C600_NZ_CP031214.1	2284735	2284908	174	+	gnsB	GnsA/GnsB family addiction module toxin	C600	cds-WP_001019606.1	DK885_RS11800	
C600_DK885_RS11805	C600_NZ_CP031214.1	2285060	2285470	411	-	ydfO	DUF1398 domain-containing protein	C600	cds-WP_000373090.1	DK885_RS11805	
C600_DK885_RS11810	C600_NZ_CP031214.1	2285528	2285761	234	-	ynfO	YlcI/YnfO family protein	C600	cds-WP_001368374.1	DK885_RS11810	
C600_DK885_RS11820	C600_NZ_CP031214.1	2286150	2286719	570	+	nohA	DNA-packaging protein	C600	cds-WP_000453612.1	DK885_RS11820	
C600_DK885_RS11825	C600_NZ_CP031214.1	2286931	2287632	702	+	phage tail protein	phage tail protein	C600	cds-DK885_RS11825	DK885_RS11825	
C600_DK885_RS11830	C600_NZ_CP031214.1	2287632	2288207	576	+	tfaQ	tail fiber assembly protein	C600	cds-WP_000885611.1	DK885_RS11830	GO:0098004
C600_DK885_RS11835	C600_NZ_CP031214.1	2288305	2288895	591	-	pinQ	recombinase family protein	C600	cds-WP_000078177.1	DK885_RS11835	GO:0015074,GO:0000150,GO:0003677
C600_DK885_RS11840	C600_NZ_CP031214.1	2289212	2289445	234	-	ydfK	cold shock protein YdfK	C600	cds-WP_000836768.1	DK885_RS11840	
C600_DK885_RS23920	C600_NZ_CP031214.1	2289514	2289627	114	-	ynfT	YnaM/YnfT family protein	C600	cds-WP_120795384.1	DK885_RS23920	
C600_DK885_RS11845	C600_NZ_CP031214.1	2290232	2291515	1284	+	ydfJ	MHS family MFS transporter YdfJ	C600	cds-DK885_RS11845	DK885_RS11845	
C600_DK885_RS11850	C600_NZ_CP031214.1	2291604	2293064	1461	+	ydfI	mannitol dehydrogenase family protein	C600	cds-WP_000527743.1	DK885_RS11850	GO:0016616
C600_DK885_RS11855	C600_NZ_CP031214.1	2293099	2293302	204	-	ydfZ	putative selenium delivery protein YdfZ	C600	cds-WP_000214712.1	DK885_RS11855	
C600_DK885_RS11860	C600_NZ_CP031214.1	2293479	2294165	687	-	rspR	DNA-binding transcriptional regulator rspR	C600	cds-WP_000215549.1	DK885_RS11860	
C600_DK885_RS11865	C600_NZ_CP031214.1	2294254	2295000	747	-	ydfG	bifunctional NADP-dependent 3-hydroxy acid dehydrogenase/3-hydroxypropionate dehydrogenase YdfG	C600	cds-WP_000636571.1	DK885_RS11865	GO:0016491
C600_DK885_RS11870	C600_NZ_CP031214.1	2295137	2297182	2046	+	dcp	peptidyl-dipeptidase Dcp	C600	cds-WP_000210373.1	DK885_RS11870	GO:0006508,GO:0008237
C600_DK885_RS11875	C600_NZ_CP031214.1	2297226	2297744	519	-	ydeJ	2-oxo-tetronate isomerase	C600	cds-WP_001024746.1	DK885_RS11875	
C600_DK885_RS11880	C600_NZ_CP031214.1	2298020	2298412	393	+	ydeI	YdeI family stress tolerance OB fold protein	C600	cds-WP_000671737.1	DK885_RS11880	
C600_DK885_RS11885	C600_NZ_CP031214.1	2298667	2299557	891	+	dgcZ	diguanylate cyclase DgcZ	C600	cds-WP_000592814.1	DK885_RS11885	
C600_DK885_RS24250	C600_NZ_CP031214.1	2299672	2299776	105	-	mgtT	protein MgtT	C600	cds-WP_211180496.1	DK885_RS24250	
C600_DK885_RS11890	C600_NZ_CP031214.1	2299776	2299871	96	-	mgtS	protein MgtS	C600	cds-WP_000901367.1	DK885_RS11890	
C600_DK885_RS11895	C600_NZ_CP031214.1	2299998	2301185	1188	-	ydeE	efflux MFS transporter YdeE	C600	cds-WP_001054204.1	DK885_RS11895	GO:0055085,GO:0022857
C600_DK885_RS11900	C600_NZ_CP031214.1	2301380	2302279	900	+	eamA	O-acetylserine/cysteine exporter	C600	cds-WP_000087187.1	DK885_RS11900	GO:0016020
C600_DK885_RS11905	C600_NZ_CP031214.1	2302310	2302528	219	-	marB	multiple antibiotic resistance protein MarB	C600	cds-WP_000803657.1	DK885_RS11905	
C600_DK885_RS11910	C600_NZ_CP031214.1	2302560	2302943	384	-	marA	MDR efflux pump AcrAB transcriptional activator MarA	C600	cds-WP_000091199.1	DK885_RS11910	
C600_DK885_RS11915	C600_NZ_CP031214.1	2302963	2303397	435	-	marR	multiple antibiotic resistance transcriptional regulator MarR	C600	cds-WP_000843414.1	DK885_RS11915	
C600_DK885_RS11920	C600_NZ_CP031214.1	2303609	2304274	666	+	marC	NAAT family transporter MarC	C600	cds-WP_000885033.1	DK885_RS11920	
C600_DK885_RS11925	C600_NZ_CP031214.1	2304299	2305489	1191	-	ydeA	L-arabinose MFS transporter	C600	cds-WP_000210799.1	DK885_RS11925	
C600_DK885_RS11930	C600_NZ_CP031214.1	2305639	2306754	1116	-	yneK	putative protein YneK	C600	cds-WP_000258599.1	DK885_RS11930	
C600_DK885_RS11935	C600_NZ_CP031214.1	2306832	2307713	882	-	ptrR	putrescine utilization regulator PtrR	C600	cds-WP_000366501.1	DK885_RS11935	GO:0006355,GO:0003700
C600_DK885_RS11940	C600_NZ_CP031214.1	2307814	2309202	1389	+	sad	succinate-semialdehyde dehydrogenase	C600	cds-WP_000156615.1	DK885_RS11940	GO:0004030
C600_DK885_RS11945	C600_NZ_CP031214.1	2309266	2310192	927	+	glsB	glutaminase B	C600	cds-WP_000257409.1	DK885_RS11945	GO:0006541,GO:0004359
C600_DK885_RS11950	C600_NZ_CP031214.1	2310192	2310551	360	+	yneG	DUF4186 domain-containing protein	C600	cds-WP_001191027.1	DK885_RS11950	
C600_DK885_RS11955	C600_NZ_CP031214.1	2310624	2311610	987	+	dgcF	diguanylate cyclase	C600	cds-DK885_RS11955	DK885_RS11955	GO:0046872,GO:0052621
C600_DK885_RS11965	C600_NZ_CP031214.1	2311837	2313288	1452	+	uxaB	tagaturonate reductase	C600	cds-WP_000854633.1	DK885_RS11965	
C600_DK885_RS11975	C600_NZ_CP031214.1	2313495	2314409	915	+	yneE	bestrophin family protein	C600	cds-WP_001313828.1	DK885_RS11975	GO:0005254
C600_DK885_RS11980	C600_NZ_CP031214.1	2314413	2315171	759	-	tam	trans-aconitate 2-methyltransferase	C600	cds-WP_001286597.1	DK885_RS11980	GO:0030798
C600_DK885_RS11985	C600_NZ_CP031214.1	2315228	2315518	291	-	lsrG	(4S)-4-hydroxy-5-phosphonooxypentane-2,3-dione isomerase	C600	cds-WP_000558527.1	DK885_RS11985	
C600_DK885_RS11990	C600_NZ_CP031214.1	2315542	2316417	876	-	lsrF	3-hydroxy-5-phosphonooxypentane-2,4-dione thiolase	C600	cds-WP_000774165.1	DK885_RS11990	GO:0016829
C600_DK885_RS11995	C600_NZ_CP031214.1	2316444	2317466	1023	-	lsrB	autoinducer 2 ABC transporter substrate-binding protein LsrB	C600	cds-WP_000172465.1	DK885_RS11995	
C600_DK885_RS12000	C600_NZ_CP031214.1	2317478	2318470	993	-	lsrD	autoinducer 2 ABC transporter permease LsrD	C600	cds-WP_001222721.1	DK885_RS12000	
C600_DK885_RS12005	C600_NZ_CP031214.1	2318470	2319498	1029	-	lsrC	autoinducer 2 ABC transporter permease LsrC	C600	cds-WP_000911184.1	DK885_RS12005	GO:0055085,GO:0022857
C600_DK885_RS12010	C600_NZ_CP031214.1	2319492	2321027	1536	-	lsrA	autoinducer 2 ABC transporter ATP-binding protein LsrA	C600	cds-WP_001194860.1	DK885_RS12010	GO:1905887,GO:0005524,GO:0042626,GO:0016020
C600_DK885_RS12015	C600_NZ_CP031214.1	2321276	2322229	954	+	lsrR	transcriptional regulator LsrR	C600	cds-WP_000154342.1	DK885_RS12015	
C600_DK885_RS12020	C600_NZ_CP031214.1	2322308	2323900	1593	+	lsrK	autoinducer-2 kinase	C600	cds-WP_000113108.1	DK885_RS12020	GO:0005975,GO:0009372,GO:0071518
C600_DK885_RS12025	C600_NZ_CP031214.1	2324431	2329852	5422	+	ECSE_1600 family autotransporter	ECSE_1600 family autotransporter	C600	cds-DK885_RS12025	DK885_RS12025	GO:0019867
C600_DK885_RS12035	C600_NZ_CP031214.1	2330075	2330341	267	+	hipB	type II toxin-antitoxin system antitoxin HipB	C600	cds-WP_001301023.1	DK885_RS12035	
C600_DK885_RS12040	C600_NZ_CP031214.1	2330341	2331663	1323	+	hipA	type II toxin-antitoxin system serine/threonine protein kinase toxin HipA	C600	cds-WP_001125439.1	DK885_RS12040	
C600_DK885_RS12050	C600_NZ_CP031214.1	2331975	2332183	209	+	helix-turn-helix domain-containing protein	helix-turn-helix domain-containing protein	C600	cds-DK885_RS12050	DK885_RS12050	GO:0003677,GO:0003700
C600_DK885_RS12055	C600_NZ_CP031214.1	2332438	2333664	1227	+	ydeT	fimbria/pilus outer membrane usher protein	C600	cds-DK885_RS12055	DK885_RS12055	GO:0009297,GO:0015473,GO:0016020
C600_DK885_RS12060	C600_NZ_CP031214.1	2333678	2334208	531	+	ydeS	fimbrial protein	C600	cds-WP_000876763.1	DK885_RS12060	GO:0007155,GO:0009289
C600_DK885_RS12065	C600_NZ_CP031214.1	2334221	2334724	504	+	ydeR	fimbrial protein	C600	cds-WP_000825452.1	DK885_RS12065	GO:0007155,GO:0009289
C600_DK885_RS12070	C600_NZ_CP031214.1	2334783	2335697	915	+	ydeQ	fimbrial protein	C600	cds-WP_000520676.1	DK885_RS12070	
C600_DK885_RS12075	C600_NZ_CP031214.1	2336031	2338310	2280	+	ydeP	acid resistance putative oxidoreductase YdeP	C600	cds-WP_000726691.1	DK885_RS12075	
C600_DK885_RS12080	C600_NZ_CP031214.1	2338558	2338755	198	+	safA	two-component system connector SafA	C600	cds-WP_000543384.1	DK885_RS12080	
C600_DK885_RS12085	C600_NZ_CP031214.1	2338830	2339591	762	+	ydeO	acid stress response transcriptional regulator YdeO	C600	cds-WP_000060495.1	DK885_RS12085	
C600_DK885_RS12090	C600_NZ_CP031214.1	2339993	2341675	1683	+	ydeN	sulfatase-like hydrolase/transferase	C600	cds-WP_001295684.1	DK885_RS12090	GO:0008484
C600_DK885_RS12095	C600_NZ_CP031214.1	2341727	2342884	1158	+	ydeM	anaerobic sulfatase maturase	C600	cds-WP_001301030.1	DK885_RS12095	GO:0018209,GO:0046500,GO:0016491,GO:0051539
C600_DK885_RS23930	C600_NZ_CP031214.1	2342850	2342972	123	-	WP_120795387.1	protein YneP	C600	cds-WP_120795387.1	DK885_RS23930	
C600_DK885_RS12100	C600_NZ_CP031214.1	2343175	2344860	1686	+	yddA	ABC transporter ATP-binding protein/permease	C600	cds-WP_000628576.1	DK885_RS12100	GO:0005524,GO:0016887,GO:0042626,GO:0140359
C600_DK885_RS12105	C600_NZ_CP031214.1	2344898	2347270	2373	+	yddB	TonB-dependent receptor plug domain-containing protein	C600	cds-WP_000832437.1	DK885_RS12105	GO:0015891,GO:0055085,GO:0015267,GO:0009279,GO:0016020
C600_DK885_RS12110	C600_NZ_CP031214.1	2347327	2350110	2784	+	pqqL	M16 family metallopeptidase	C600	cds-WP_001244968.1	DK885_RS12110	GO:0008237,GO:0046872
C600_DK885_RS12115	C600_NZ_CP031214.1	2350472	2351872	1401	+	gadB	glutamate decarboxylase	C600	cds-WP_000358930.1	DK885_RS12115	GO:0006540,GO:0004351,GO:0030170
C600_DK885_RS12120	C600_NZ_CP031214.1	2352028	2353563	1536	+	gadC	acid resistance gamma-aminobutyrate antiporter GadC	C600	cds-WP_000246019.1	DK885_RS12120	
C600_DK885_RS12125	C600_NZ_CP031214.1	2353694	2355013	1320	+	digH	family 10 glycosylhydrolase	C600	cds-WP_000350395.1	DK885_RS12125	GO:0016798
C600_DK885_RS12130	C600_NZ_CP031214.1	2355377	2356759	1383	+	dosC	diguanylate cyclase DosC	C600	cds-WP_000426292.1	DK885_RS12130	
C600_DK885_RS12135	C600_NZ_CP031214.1	2356784	2359183	2400	+	dosP	oxygen-sensing cyclic-di-GMP phosphodiesterase DosP	C600	cds-WP_001360132.1	DK885_RS12135	
C600_DK885_RS12140	C600_NZ_CP031214.1	2359441	2360022	582	+	ddpX	D-alanyl-D-alanine dipeptidase	C600	cds-WP_001285833.1	DK885_RS12140	GO:0006508,GO:0016805
C600_DK885_RS12145	C600_NZ_CP031214.1	2360036	2361586	1551	+	ddpA	ABC transporter substrate-binding protein	C600	cds-WP_000830550.1	DK885_RS12145	GO:0005524,GO:0042626,GO:0140359,GO:0055052
C600_DK885_RS12150	C600_NZ_CP031214.1	2361588	2362610	1023	+	ddpB	ABC transporter permease	C600	cds-WP_000145123.1	DK885_RS12150	GO:0055085
C600_DK885_RS12155	C600_NZ_CP031214.1	2362607	2363503	897	+	ddpC	D,D-dipeptide ABC transporter permease	C600	cds-WP_000979626.1	DK885_RS12155	GO:0055085,GO:0016020
C600_DK885_RS12160	C600_NZ_CP031214.1	2363500	2364486	987	+	ddpD	ABC transporter ATP-binding protein	C600	cds-WP_000193547.1	DK885_RS12160	GO:0016887,GO:0042626,GO:0140359
C600_DK885_RS12165	C600_NZ_CP031214.1	2364479	2365405	927	+	ddpF	oligopeptide/dipeptide ABC transporter ATP-binding protein	C600	cds-WP_001285536.1	DK885_RS12165	GO:0015833,GO:0005524,GO:0015440,GO:0009898,GO:0043190
C600_DK885_RS12170	C600_NZ_CP031214.1	2365461	2365892	432	-	osmC	peroxiredoxin OsmC	C600	cds-WP_000152305.1	DK885_RS12170	
C600_DK885_RS12180	C600_NZ_CP031214.1	2366237	2366452	216	+	bdm	biofilm-dependent modulation protein	C600	cds-WP_000495771.1	DK885_RS12180	
C600_DK885_RS12185	C600_NZ_CP031214.1	2366554	2366691	138	+	sra	stationary-phase-induced ribosome-associated protein	C600	cds-WP_000841554.1	DK885_RS12185	
C600_DK885_RS12190	C600_NZ_CP031214.1	2366848	2368545	1698	+	maeA	malate dehydrogenase	C600	cds-WP_000433476.1	DK885_RS12190	
C600_DK885_RS12195	C600_NZ_CP031214.1	2368679	2369689	1011	+	adhP	alcohol dehydrogenase AdhP	C600	cds-WP_000642433.1	DK885_RS12195	
C600_DK885_RS12200	C600_NZ_CP031214.1	2369835	2370119	285	+	yddM	HigA family addiction module antitoxin	C600	cds-WP_000781370.1	DK885_RS12200	GO:0003677
C600_DK885_RS12205	C600_NZ_CP031214.1	2370526	2371179	654	-	fdnI	formate dehydrogenase-N subunit gamma	C600	cds-WP_000045648.1	DK885_RS12205	
C600_DK885_RS12210	C600_NZ_CP031214.1	2371172	2372053	882	-	fdnH	formate dehydrogenase N subunit beta	C600	cds-WP_115784725.1	DK885_RS12210	
C600_DK885_RS12215	C600_NZ_CP031214.1	2372066	2375113	3048	-	fdnG	formate dehydrogenase-N subunit alpha	C600	cds-WP_010723100.1	DK885_RS12215	GO:0015942,GO:0008863,GO:0009055,GO:0043546,GO:0047111,GO:0009326
C600_DK885_RS12220	C600_NZ_CP031214.1	2375345	2376226	882	+	yddG	aromatic amino acid efflux DMT transporter YddG	C600	cds-WP_000198205.1	DK885_RS12220	
C600_DK885_RS12225	C600_NZ_CP031214.1	2376486	2376761	276	+	yddL	porin	C600	cds-DK885_RS12225	DK885_RS12225	GO:0034220,GO:0015288,GO:0009279,GO:0016020
C600_DK885_RS12230	C600_NZ_CP031214.1	2376800	2378130	1331	+	leucine-rich repeat domain-containing protein	leucine-rich repeat domain-containing protein	C600	cds-DK885_RS12230	DK885_RS12230	
C600_DK885_RS12235	C600_NZ_CP031214.1	2378454	2379842	1389	+	narU	nitrate/nitrite transporter NarU	C600	cds-WP_001207901.1	DK885_RS12235	
C600_DK885_RS12240	C600_NZ_CP031214.1	2379924	2383664	3741	+	narZ	nitrate reductase Z subunit alpha	C600	cds-WP_000040458.1	DK885_RS12240	
C600_DK885_RS12245	C600_NZ_CP031214.1	2383661	2385205	1545	+	narH	nitrate reductase subunit beta	C600	cds-WP_000702535.1	DK885_RS12245	GO:0042126,GO:0008940,GO:0009325
C600_DK885_RS12250	C600_NZ_CP031214.1	2385205	2385900	696	+	narW	nitrate reductase molybdenum cofactor assembly chaperone	C600	cds-WP_001166353.1	DK885_RS12250	GO:0051131,GO:0051082
C600_DK885_RS12255	C600_NZ_CP031214.1	2385897	2386577	681	+	narI	respiratory nitrate reductase subunit gamma	C600	cds-WP_000617115.1	DK885_RS12255	GO:0019645,GO:0008940,GO:0009325
C600_DK885_RS12260	C600_NZ_CP031214.1	2386656	2387549	894	+	yddE	PhzF family isomerase	C600	cds-WP_000804385.1	DK885_RS12260	GO:0009058,GO:0003824
C600_DK885_RS12265	C600_NZ_CP031214.1	2387645	2388490	846	-	nhoA	N-hydroxyarylamine O-acetyltransferase	C600	cds-WP_000187925.1	DK885_RS12265	GO:0016407
C600_DK885_RS12270	C600_NZ_CP031214.1	2388663	2389232	570	+	yddH	flavin reductase family protein	C600	cds-WP_000085899.1	DK885_RS12270	GO:0010181,GO:0016491
C600_DK885_RS12275	C600_NZ_CP031214.1	2389229	2389462	234	-	pptA	tautomerase PptA	C600	cds-WP_001120143.1	DK885_RS12275	
C600_DK885_RS12280	C600_NZ_CP031214.1	2389562	2390698	1137	-	ydcC	ISAs1-like element ISEc5 family transposase	C600	cds-WP_000421020.1	DK885_RS12280	GO:0006313,GO:0004803
C600_DK885_RS12285	C600_NZ_CP031214.1	2390784	2391928	1145	-	ISAs1 family transposase	ISAs1 family transposase	C600	cds-DK885_RS12285	DK885_RS12285	GO:0004803
C600_DK885_RS23935	C600_NZ_CP031214.1	2392010	2392195	186	+	WP_120795385.1	protein YncO	C600	cds-WP_120795385.1	DK885_RS23935	
C600_DK885_RS24485	C600_NZ_CP031214.1	2392110	2392592	483	-	ydcD	YdcD family protein	C600	cds-WP_000939263.1	DK885_RS24485	
C600_DK885_RS12295	C600_NZ_CP031214.1	2392576	2394612	2037	-	RHS repeat-associated core domain-containing protein	RHS repeat-associated core domain-containing protein	C600	cds-DK885_RS12295	DK885_RS12295	
C600_DK885_RS12305	C600_NZ_CP031214.1	2395362	2395574	213	-	yncH	YncH family protein	C600	cds-WP_000226995.1	DK885_RS12305	
C600_DK885_RS12310	C600_NZ_CP031214.1	2395650	2396267	618	-	yncG	glutathione S-transferase family protein	C600	cds-WP_000598857.1	DK885_RS12310	GO:0006749,GO:0005515
C600_DK885_RS12315	C600_NZ_CP031214.1	2396534	2398033	1500	+	ansP	L-asparagine permease	C600	cds-WP_001300590.1	DK885_RS12315	GO:0006865,GO:0016020
C600_DK885_RS12320	C600_NZ_CP031214.1	2398146	2399207	1062	-	yncE	YncE family protein	C600	cds-WP_000550695.1	DK885_RS12320	
C600_DK885_RS12335	C600_NZ_CP031214.1	2399449	2401551	2103	+	pqqU	TonB-dependent receptor PqqU	C600	cds-WP_000689363.1	DK885_RS12335	
C600_DK885_RS12340	C600_NZ_CP031214.1	2401587	2402252	666	-	mcbR	colanic acid/biofilm transcriptional regulator McbR	C600	cds-WP_001300742.1	DK885_RS12340	
C600_DK885_RS12345	C600_NZ_CP031214.1	2402450	2403487	1038	-	curA	NADPH-dependent curcumin/dihydrocurcumin reductase	C600	cds-WP_000531462.1	DK885_RS12345	
C600_DK885_RS12355	C600_NZ_CP031214.1	2403668	2404186	519	+	mnaT	GNAT family N-acetyltransferase	C600	cds-WP_001310799.1	DK885_RS12355	
C600_DK885_RS12360	C600_NZ_CP031214.1	2404183	2404632	450	+	ydcZ	DMT family transporter	C600	cds-WP_001076535.1	DK885_RS12360	GO:0055085,GO:0005215,GO:0016020
C600_DK885_RS12365	C600_NZ_CP031214.1	2404633	2404866	234	-	ydcY	DUF2526 family protein YdcY	C600	cds-WP_000018633.1	DK885_RS12365	
C600_DK885_RS12370	C600_NZ_CP031214.1	2404952	2405125	174	-	ortT	orphan toxin OrtT	C600	cds-WP_000061178.1	DK885_RS12370	
C600_DK885_RS12380	C600_NZ_CP031214.1	2405320	2405415	96	+	yncL	stress response membrane protein YncL	C600	cds-WP_001310798.1	DK885_RS12380	
C600_DK885_RS12385	C600_NZ_CP031214.1	2405512	2406936	1425	-	patD	aminobutyraldehyde dehydrogenase	C600	cds-WP_001163872.1	DK885_RS12385	GO:0009447,GO:0019145,GO:0051287
C600_DK885_RS12390	C600_NZ_CP031214.1	2406958	2407752	795	-	ydcV	ABC transporter permease	C600	cds-WP_000555458.1	DK885_RS12390	GO:0042626,GO:0140359,GO:0016020
C600_DK885_RS12395	C600_NZ_CP031214.1	2407742	2408683	942	-	ydcU	ABC transporter permease	C600	cds-WP_001251304.1	DK885_RS12395	GO:0055085,GO:0042626,GO:0140359,GO:0016020
C600_DK885_RS12400	C600_NZ_CP031214.1	2408684	2409697	1014	-	ydcT	ABC transporter ATP-binding protein	C600	cds-WP_000220396.1	DK885_RS12400	GO:0005524,GO:0016887,GO:0042626,GO:0140359
C600_DK885_RS12405	C600_NZ_CP031214.1	2409715	2410860	1146	-	ydcS	putative ABC transporter substrate-binding protein YdcS	C600	cds-WP_000047424.1	DK885_RS12405	
C600_DK885_RS12410	C600_NZ_CP031214.1	2411105	2412511	1407	-	ydcR	PLP-dependent aminotransferase family protein	C600	cds-WP_000760626.1	DK885_RS12410	GO:0030170
C600_DK885_RS12415	C600_NZ_CP031214.1	2412590	2413006	417	-	hicB	type II toxin-antitoxin system antitoxin HicB	C600	cds-WP_001270286.1	DK885_RS12415	
C600_DK885_RS12420	C600_NZ_CP031214.1	2413052	2413228	177	-	hicA	type II toxin-antitoxin system mRNA interferase toxin HicA	C600	cds-WP_000813794.1	DK885_RS12420	
C600_DK885_RS12425	C600_NZ_CP031214.1	2413450	2413680	231	+	yncJ	YncJ family protein	C600	cds-WP_000494244.1	DK885_RS12425	
C600_DK885_RS12430	C600_NZ_CP031214.1	2413772	2415733	1962	-	rlhA	23S rRNA 5-hydroxycytidine C2501 synthase	C600	cds-WP_001303492.1	DK885_RS12430	
C600_DK885_RS12435	C600_NZ_CP031214.1	2415806	2416342	537	-	sutR	DNA-binding transcriptional regulator SutR	C600	cds-WP_000429155.1	DK885_RS12435	
C600_DK885_RS12440	C600_NZ_CP031214.1	2416395	2417609	1215	+	ydcO	BenE family transporter YdcO	C600	cds-WP_001326689.1	DK885_RS12440	
C600_DK885_RS12445	C600_NZ_CP031214.1	2417649	2418857	1209	-	insQ	RNA-guided endonuclease InsQ/TnpB family protein	C600	cds-WP_000826416.1	DK885_RS12445	GO:0006310,GO:0032196,GO:0003677,GO:0004519,GO:0046872
C600_DK885_RS12450	C600_NZ_CP031214.1	2418865	2419290	426	+	tnpA	IS200/IS605 family transposase	C600	cds-DK885_RS12450	DK885_RS12450	GO:0004803
C600_DK885_RS12455	C600_NZ_CP031214.1	2419389	2420057	669	-	ydcL	DUF3313 domain-containing protein	C600	cds-WP_001261013.1	DK885_RS12455	
C600_DK885_RS12460	C600_NZ_CP031214.1	2420359	2420952	594	-	tehB	tellurite resistance methyltransferase TehB	C600	cds-WP_000586732.1	DK885_RS12460	GO:0046690,GO:0008757
C600_DK885_RS12465	C600_NZ_CP031214.1	2420949	2421941	993	-	tehA	dicarboxylate transporter/tellurite-resistance protein TehA	C600	cds-WP_001301046.1	DK885_RS12465	GO:0055085,GO:0016020
C600_DK885_RS12470	C600_NZ_CP031214.1	2422065	2423045	981	+	ydcK	YdcK family protein	C600	cds-WP_001234042.1	DK885_RS12470	
C600_DK885_RS12475	C600_NZ_CP031214.1	2423037	2423576	540	-	rimL	50S ribosomal protein L7/L12-serine acetyltransferase	C600	cds-WP_000140873.1	DK885_RS12475	
C600_DK885_RS12480	C600_NZ_CP031214.1	2423639	2423863	225	-	ydcH	YdcH family protein	C600	cds-WP_001296778.1	DK885_RS12480	
C600_DK885_RS12490	C600_NZ_CP031214.1	2424003	2425658	1656	-	opgD	glucan biosynthesis protein OpgD	C600	cds-WP_000375961.1	DK885_RS12490	
C600_DK885_RS12500	C600_NZ_CP031214.1	2425883	2427226	1344	-	hglS	2-oxoadipate dioxygenase/decarboxylase HglS	C600	cds-WP_000013789.1	DK885_RS12500	GO:0051213
C600_DK885_RS12505	C600_NZ_CP031214.1	2427443	2428366	924	+	ydcI	LysR substrate-binding domain-containing protein	C600	cds-WP_000414567.1	DK885_RS12505	
C600_DK885_RS12510	C600_NZ_CP031214.1	2428404	2430044	1641	-	trg	methyl-accepting chemotaxis protein Trg	C600	cds-WP_001098559.1	DK885_RS12510	
C600_DK885_RS12515	C600_NZ_CP031214.1	2430443	2430592	150	+	hokB	type I toxin-antitoxin system toxin HokB	C600	cds-WP_001320773.1	DK885_RS12515	
C600_DK885_RS24255	C600_NZ_CP031214.1	2430570	2430638	69	-	yncP	protein YncP	C600	cds-WP_211180495.1	DK885_RS24255	
C600_DK885_RS12520	C600_NZ_CP031214.1	2430664	2430837	174	-	WP_000731833.1	periplasmic protein	C600	cds-WP_000731833.1	DK885_RS12520	
C600_DK885_RS12525	C600_NZ_CP031214.1	2431082	2431612	531	-	cybB	cytochrome b561	C600	cds-WP_000428998.1	DK885_RS12525	GO:0022904,GO:0009055,GO:0016020
C600_DK885_RS23940	C600_NZ_CP031214.1	2431801	2432801	1001	+	gap	type I glyceraldehyde-3-phosphate dehydrogenase	C600	cds-DK885_RS23940	DK885_RS23940	GO:0006006,GO:0016620,GO:0050661,GO:0051287
C600_DK885_RS12545	C600_NZ_CP031214.1	2432843	2434282	1440	-	aldA	aldehyde dehydrogenase	C600	cds-WP_000115943.1	DK885_RS12545	GO:0016620
C600_DK885_RS12550	C600_NZ_CP031214.1	2434479	2435279	801	-	ydcF	DUF218 domain-containing protein YdcF	C600	cds-WP_001027942.1	DK885_RS12550	
C600_DK885_RS12555	C600_NZ_CP031214.1	2435551	2439453	3903	-	hrpA	ATP-dependent RNA helicase HrpA	C600	cds-WP_000139543.1	DK885_RS12555	GO:0003676,GO:0003724,GO:0005524
C600_DK885_RS12560	C600_NZ_CP031214.1	2439654	2440259	606	+	azoR	FMN-dependent NADH-azoreductase	C600	cds-WP_000048950.1	DK885_RS12560	
C600_DK885_RS12565	C600_NZ_CP031214.1	2440313	2441629	1317	-	ynbD	phosphatase PAP2/dual specificity phosphatase family protein	C600	cds-WP_000627368.1	DK885_RS12565	
C600_DK885_RS12570	C600_NZ_CP031214.1	2441619	2443376	1758	-	ynbC	bifunctional alpha/beta hydrolase/class I SAM-dependent methyltransferase	C600	cds-WP_000431845.1	DK885_RS12570	GO:0008168,GO:0016787,GO:1904047
C600_DK885_RS12575	C600_NZ_CP031214.1	2443392	2444288	897	-	ynbB	phosphatidate cytidylyltransferase	C600	cds-WP_000890941.1	DK885_RS12575	GO:0016024,GO:0004605
C600_DK885_RS12580	C600_NZ_CP031214.1	2444288	2444893	606	-	ynbA	CDP-alcohol phosphatidyltransferase family protein	C600	cds-WP_000177515.1	DK885_RS12580	GO:0008654,GO:0000287,GO:0016780,GO:0016020
C600_DK885_RS12585	C600_NZ_CP031214.1	2445064	2447370	2307	-	ydbD	DUF2773 domain-containing bactofilin	C600	cds-WP_000910026.1	DK885_RS12585	
C600_DK885_RS12590	C600_NZ_CP031214.1	2447433	2448293	861	-	pdxI	pyridoxine 4-dehydrogenase	C600	cds-WP_000097801.1	DK885_RS12590	
C600_DK885_RS12595	C600_NZ_CP031214.1	2448501	2451998	3498	-	autotransporter domain-containing protein	autotransporter domain-containing protein	C600	cds-DK885_RS12595	DK885_RS12595	
C600_DK885_RS12605	C600_NZ_CP031214.1	2452005	2453156	1152	-	WP_001254932.1	IS30-like element IS30 family transposase	C600	cds-WP_001254932.1	DK885_RS12605	GO:0006313,GO:0004803
C600_DK885_RS12610	C600_NZ_CP031214.1	2453365	2454593	1229	+	WP_088895425.1	IS3-like element IS2 family transposase	C600	cds-WP_088895425.1-4	DK885_RS12610	GO:0006313,GO:0004803
C600_DK885_RS12615	C600_NZ_CP031214.1	2454597	2457122	2526	-	beta strand repeat-containing protein	beta strand repeat-containing protein	C600	cds-DK885_RS12615	DK885_RS12615	
C600_DK885_RS12620	C600_NZ_CP031214.1	2457284	2457349	66	+	WP_010723099.1	hypothetical protein	C600	cds-WP_010723099.1	DK885_RS12620	
C600_DK885_RS12625	C600_NZ_CP031214.1	2457453	2458043	591	-	paaY	phenylacetic acid degradation protein PaaY	C600	cds-WP_001123464.1	DK885_RS12625	GO:0010124
C600_DK885_RS12630	C600_NZ_CP031214.1	2458025	2458975	951	-	paaX	phenylacetic acid degradation operon negative regulatory protein PaaX	C600	cds-WP_000039887.1	DK885_RS12630	GO:0006351
C600_DK885_RS12635	C600_NZ_CP031214.1	2459076	2460389	1314	-	paaK	phenylacetate--CoA ligase PaaK	C600	cds-WP_000632280.1	DK885_RS12635	GO:0010124,GO:0047475
C600_DK885_RS12640	C600_NZ_CP031214.1	2460416	2461621	1206	-	paaJ	bifunctional 3-oxoadipyl-CoA/3-oxo-5,6-dehydrosuberyl-CoA thiolase	C600	cds-WP_001206197.1	DK885_RS12640	
C600_DK885_RS12645	C600_NZ_CP031214.1	2461621	2462043	423	-	paaI	hydroxyphenylacetyl-CoA thioesterase PaaI	C600	cds-WP_000018413.1	DK885_RS12645	GO:0010124,GO:0016790
C600_DK885_RS12650	C600_NZ_CP031214.1	2462033	2463460	1428	-	paaH	3-hydroxyacyl-CoA dehydrogenase PaaH	C600	cds-WP_000973360.1	DK885_RS12650	GO:0010124,GO:0008691
C600_DK885_RS12655	C600_NZ_CP031214.1	2463462	2464250	789	-	paaG	2-(1,2-epoxy-1,2-dihydrophenyl)acetyl-CoA isomerase PaaG	C600	cds-WP_000969784.1	DK885_RS12655	GO:0010124,GO:0016853
C600_DK885_RS12660	C600_NZ_CP031214.1	2464250	2465017	768	-	paaF	2,3-dehydroadipyl-CoA hydratase PaaF	C600	cds-WP_001292353.1	DK885_RS12660	
C600_DK885_RS12665	C600_NZ_CP031214.1	2465014	2466084	1071	-	paaE	1,2-phenylacetyl-CoA epoxidase subunit PaaE	C600	cds-WP_000206388.1	DK885_RS12665	GO:0010124
C600_DK885_RS12670	C600_NZ_CP031214.1	2466092	2466589	498	-	paaD	1,2-phenylacetyl-CoA epoxidase subunit PaaD	C600	cds-WP_001189201.1	DK885_RS12670	GO:0010124
C600_DK885_RS12675	C600_NZ_CP031214.1	2466604	2467350	747	-	paaC	1,2-phenylacetyl-CoA epoxidase subunit PaaC	C600	cds-WP_001072837.1	DK885_RS12675	GO:0010124
C600_DK885_RS12680	C600_NZ_CP031214.1	2467359	2467646	288	-	paaB	1,2-phenylacetyl-CoA epoxidase subunit PaaB	C600	cds-WP_000073393.1	DK885_RS12680	GO:0010124
C600_DK885_RS12685	C600_NZ_CP031214.1	2467658	2468587	930	-	paaA	1,2-phenylacetyl-CoA epoxidase subunit PaaA	C600	cds-WP_000191077.1	DK885_RS12685	GO:0010124,GO:0097266
C600_DK885_RS12690	C600_NZ_CP031214.1	2468872	2470917	2046	+	paaZ	phenylacetic acid degradation bifunctional protein PaaZ	C600	cds-WP_001186469.1	DK885_RS12690	
C600_DK885_RS12695	C600_NZ_CP031214.1	2471165	2473438	2274	+	tynA	primary-amine oxidase	C600	cds-WP_000535469.1	DK885_RS12695	GO:0009308,GO:0005507,GO:0008131,GO:0048038
C600_DK885_RS12700	C600_NZ_CP031214.1	2473496	2474995	1500	-	feaB	phenylacetaldehyde dehydrogenase	C600	cds-WP_000138615.1	DK885_RS12700	
C600_DK885_RS12705	C600_NZ_CP031214.1	2475231	2476136	906	+	feaR	transcriptional regulator FeaR	C600	cds-WP_001067514.1	DK885_RS12705	GO:0006355,GO:0003700,GO:0043565
C600_DK885_RS12710	C600_NZ_CP031214.1	2476308	2476634	327	-	ydbL	YdbL family protein	C600	cds-WP_001300734.1	DK885_RS12710	
C600_DK885_RS12715	C600_NZ_CP031214.1	2476642	2476827	186	-	ynbE	YnbE family lipoprotein	C600	cds-WP_000698145.1	DK885_RS12715	
C600_DK885_RS12720	C600_NZ_CP031214.1	2476824	2479463	2640	-	ydbH	YdbH family protein	C600	cds-WP_000900941.1	DK885_RS12720	
C600_DK885_RS12725	C600_NZ_CP031214.1	2479671	2480660	990	+	ldhA	D-lactate dehydrogenase	C600	cds-WP_000762236.1	DK885_RS12725	
C600_DK885_RS12730	C600_NZ_CP031214.1	2480771	2481193	423	+	hslJ	heat shock protein HslJ	C600	cds-WP_001298828.1	DK885_RS12730	
C600_DK885_RS12735	C600_NZ_CP031214.1	2481190	2481456	267	-	ydbJ	putative hemolysin	C600	cds-WP_001295715.1	DK885_RS12735	
C600_DK885_RS12740	C600_NZ_CP031214.1	2481730	2485254	3525	+	nifJ	pyruvate:ferredoxin (flavodoxin) oxidoreductase	C600	cds-WP_000628244.1	DK885_RS12740	GO:0022900,GO:0005506,GO:0016903,GO:0030976
C600_DK885_RS12750	C600_NZ_CP031214.1	2485621	2486754	1134	+	ompN	porin OmpN	C600	cds-WP_000837921.1	DK885_RS12750	
C600_DK885_RS12755	C600_NZ_CP031214.1	2486895	2487329	435	+	uspF	universal stress protein UspF	C600	cds-WP_001300461.1	DK885_RS12755	
C600_DK885_RS23945	C600_NZ_CP031214.1	2488108	2488221	114	+	ynaM	YnaM/YnfT family protein	C600	cds-WP_120795384.1-2	DK885_RS23945	
C600_DK885_RS12760	C600_NZ_CP031214.1	2488290	2488523	234	+	ydfK	cold shock protein YdfK	C600	cds-WP_000836770.1	DK885_RS12760	
C600_DK885_RS12765	C600_NZ_CP031214.1	2488840	2489430	591	+	pinR	recombinase family protein	C600	cds-WP_000086527.1	DK885_RS12765	GO:0015074,GO:0000150,GO:0003677
C600_DK885_RS12770	C600_NZ_CP031214.1	2489528	2490103	576	-	tfaR	tail fiber assembly protein	C600	cds-WP_001698950.1	DK885_RS12770	GO:0098004
C600_DK885_RS12775	C600_NZ_CP031214.1	2490103	2493465	3363	-	stfR	prophage tail fiber N-terminal domain-containing protein	C600	cds-WP_000279097.1	DK885_RS12775	
C600_DK885_RS12780	C600_NZ_CP031214.1	2493530	2493718	189	-	Ail/Lom family outer membrane beta-barrel protein	Ail/Lom family outer membrane beta-barrel protein	C600	cds-DK885_RS12780	DK885_RS12780	GO:0044384
C600_DK885_RS12785	C600_NZ_CP031214.1	2493788	2494768	981	+	WP_000019448.1	IS5-like element ISKpn26 family transposase	C600	cds-WP_000019448.1	DK885_RS12785	GO:0006313,GO:0004803
C600_DK885_RS24570	C600_NZ_CP031214.1	2494750	2494998	249	+	WP_306304598.1	hypothetical protein	C600	cds-WP_306304598.1	DK885_RS24570	
C600_DK885_RS12795	C600_NZ_CP031214.1	2494910	2495125	216	-	Ail/Lom family outer membrane beta-barrel protein	Ail/Lom family outer membrane beta-barrel protein	C600	cds-DK885_RS12795	DK885_RS12795	GO:0044384
C600_DK885_RS12800	C600_NZ_CP031214.1	2495128	2496060	933	-	ynaA	phage tail length tape measure family protein	C600	cds-DK885_RS12800	DK885_RS12800	
C600_DK885_RS12810	C600_NZ_CP031214.1	2496534	2496893	360	-	ydaY	protein YdaY	C600	cds-WP_000091628.1	DK885_RS12810	
C600_DK885_RS12815	C600_NZ_CP031214.1	2496874	2497137	264	-	ynaK	ParB/Srx family N-terminal domain-containing protein	C600	cds-WP_001350510.1	DK885_RS12815	
C600_DK885_RS12825	C600_NZ_CP031214.1	2497275	2498732	1458	-	trkG	Trk system potassium transporter TrkG	C600	cds-WP_001097895.1	DK885_RS12825	
C600_DK885_RS24635	C600_NZ_CP031214.1	2498870	2499319	450	-	WP_024262039.1	lysis protein	C600	cds-WP_024262039.1	DK885_RS24635	
C600_DK885_RS12835	C600_NZ_CP031214.1	2499310	2499762	453	-	DUF1627 domain-containing protein	DUF1627 domain-containing protein	C600	cds-DK885_RS12835	DK885_RS12835	
C600_DK885_RS12840	C600_NZ_CP031214.1	2499785	2500531	747	-	ydaV	ATP-binding protein	C600	cds-WP_000788970.1	DK885_RS12840	
C600_DK885_RS12845	C600_NZ_CP031214.1	2500538	2501395	858	-	ydaU	YdaU family protein	C600	cds-WP_000899748.1	DK885_RS12845	
C600_DK885_RS12850	C600_NZ_CP031214.1	2501408	2501830	423	-	ydaT	toxin YdaT family protein	C600	cds-WP_000693797.1	DK885_RS12850	
C600_DK885_RS12855	C600_NZ_CP031214.1	2501853	2502149	297	-	ydaS	toxin YdaS	C600	cds-WP_000712069.1	DK885_RS12855	
C600_DK885_RS12860	C600_NZ_CP031214.1	2502273	2502749	477	+	racR	DNA-binding transcriptional repressor RacR	C600	cds-WP_000948459.1	DK885_RS12860	GO:2000143,GO:0001217
C600_DK885_RS24490	C600_NZ_CP031214.1	2503058	2503192	135	+	WP_000233809.1	phage protein	C600	cds-WP_000233809.1	DK885_RS24490	
C600_DK885_RS12870	C600_NZ_CP031214.1	2503203	2503358	156	+	ydaF	YdaF family protein	C600	cds-WP_001169151.1	DK885_RS12870	
C600_DK885_RS12875	C600_NZ_CP031214.1	2503355	2503843	489	-	sieB	superinfection exclusion B family protein	C600	cds-WP_001312793.1	DK885_RS12875	
C600_DK885_RS12885	C600_NZ_CP031214.1	2504285	2504506	222	+	kilR	killing protein KilR	C600	cds-WP_000560225.1	DK885_RS12885	
C600_DK885_RS12890	C600_NZ_CP031214.1	2504506	2504676	171	+	ydaE	YdaE family protein	C600	cds-WP_001352098.1	DK885_RS12890	
C600_DK885_RS12895	C600_NZ_CP031214.1	2504751	2505026	276	+	racC	protein RacC	C600	cds-WP_000632297.1	DK885_RS12895	
C600_DK885_RS12900	C600_NZ_CP031214.1	2505128	2507728	2601	+	recE	exodeoxyribonuclease VIII	C600	cds-WP_000105143.1	DK885_RS12900	GO:0090304,GO:0051908
C600_DK885_RS12905	C600_NZ_CP031214.1	2507721	2508530	810	+	recT	recombination protein RecT	C600	cds-WP_000166319.1	DK885_RS12905	GO:0006259,GO:0003677
C600_DK885_RS12910	C600_NZ_CP031214.1	2508587	2508781	195	+	ralR	type I toxin-antitoxin system endodeoxyribonuclease toxin RalR	C600	cds-WP_001317028.1	DK885_RS12910	
C600_DK885_RS12915	C600_NZ_CP031214.1	2508774	2508983	210	+	rcbA	double-strand break reduction protein RcbA	C600	cds-WP_000276809.1	DK885_RS12915	
C600_DK885_RS12920	C600_NZ_CP031214.1	2509062	2509277	216	+	xisR	excisionase XisR	C600	cds-WP_000079604.1	DK885_RS12920	
C600_DK885_RS12925	C600_NZ_CP031214.1	2509279	2510514	1236	+	intR	tyrosine-type recombinase/integrase	C600	cds-WP_000040852.1	DK885_RS12925	GO:0006310,GO:0015074,GO:0003677
C600_DK885_RS12930	C600_NZ_CP031214.1	2510566	2511501	936	+	ttcA	tRNA 2-thiocytidine(32) synthetase TtcA	C600	cds-WP_001157406.1	DK885_RS12930	GO:0008033
C600_DK885_RS12935	C600_NZ_CP031214.1	2511630	2513003	1374	-	dbpA	ATP-dependent RNA helicase DbpA	C600	cds-WP_000123737.1	DK885_RS12935	GO:0003676,GO:0003724,GO:0005524
C600_DK885_RS24495	C600_NZ_CP031214.1	2513033	2513206	174	-	ynaL	proline-rich small protein YnaL	C600	cds-WP_001296046.1	DK885_RS24495	
C600_DK885_RS12945	C600_NZ_CP031214.1	2513481	2514464	984	-	zntB	zinc transporter ZntB	C600	cds-WP_000387388.1	DK885_RS12945	GO:0071577,GO:0005385,GO:0005886
C600_DK885_RS24260	C600_NZ_CP031214.1	2514478	2514525	48	-	ydaN	protein YnaN	C600	cds-WP_211180494.1	DK885_RS24260	
C600_DK885_RS12950	C600_NZ_CP031214.1	2514719	2515951	1233	+	dgcM	diguanylate cyclase DgcM	C600	cds-WP_000628058.1	DK885_RS12950	
C600_DK885_RS12955	C600_NZ_CP031214.1	2515972	2516535	564	-	smrA	DNA endonuclease SmrA	C600	cds-WP_001046829.1	DK885_RS12955	
C600_DK885_RS12965	C600_NZ_CP031214.1	2516865	2517773	909	-	abgR	LysR family transcriptional regulator	C600	cds-WP_000885458.1	DK885_RS12965	GO:0006355,GO:0003700
C600_DK885_RS12970	C600_NZ_CP031214.1	2517949	2519259	1311	+	abgA	p-aminobenzoyl-glutamate hydrolase subunit AbgA	C600	cds-WP_000444929.1	DK885_RS12970	
C600_DK885_RS12975	C600_NZ_CP031214.1	2519259	2520704	1446	+	abgB	p-aminobenzoyl-glutamate hydrolase subunit AbgB	C600	cds-WP_001156451.1	DK885_RS12975	
C600_DK885_RS12985	C600_NZ_CP031214.1	2520741	2522267	1527	+	abgT	p-aminobenzoyl-glutamate transporter	C600	cds-WP_000062973.1	DK885_RS12985	
C600_DK885_RS12990	C600_NZ_CP031214.1	2522278	2522793	516	+	ogt	methylated-DNA--[protein]-cysteine S-methyltransferase	C600	cds-WP_000945011.1	DK885_RS12990	GO:0006281,GO:0003908
C600_DK885_RS12995	C600_NZ_CP031214.1	2522988	2523740	753	+	fnr	fumarate/nitrate reduction transcriptional regulator Fnr	C600	cds-WP_000611911.1	DK885_RS12995	
C600_DK885_RS13000	C600_NZ_CP031214.1	2523892	2524842	951	+	uspE	universal stress protein UspE	C600	cds-WP_001262123.1	DK885_RS13000	
C600_DK885_RS13005	C600_NZ_CP031214.1	2524892	2525149	258	-	ynaJ	DUF2534 family protein	C600	cds-WP_000605090.1	DK885_RS13005	
C600_DK885_RS13010	C600_NZ_CP031214.1	2525422	2526402	981	-	WP_000019403.1	IS5-like element IS5 family transposase	C600	cds-WP_000019403.1-6	DK885_RS13010	GO:0006313,GO:0004803
C600_DK885_RS13015	C600_NZ_CP031214.1	2526592	2527623	1032	+	ynaI	low conductance mechanosensitive channel YnaI	C600	cds-WP_000559900.1	DK885_RS13015	
C600_DK885_RS13020	C600_NZ_CP031214.1	2527674	2529287	1614	-	mppA	murein tripeptide ABC transporter substrate-binding protein MppA	C600	cds-WP_000683020.1	DK885_RS13020	
C600_DK885_RS13025	C600_NZ_CP031214.1	2529624	2530523	900	-	pgrR	DNA-binding transcriptional regulator PgrR	C600	cds-WP_000817708.1	DK885_RS13025	
C600_DK885_RS13030	C600_NZ_CP031214.1	2530661	2531581	921	+	ycjY	alpha/beta hydrolase	C600	cds-WP_001300523.1	DK885_RS13030	GO:0016787
C600_DK885_RS13035	C600_NZ_CP031214.1	2531652	2531789	138	+	NAD-dependent dehydratase	NAD-dependent dehydratase	C600	cds-DK885_RS13035	DK885_RS13035	
C600_DK885_RS13040	C600_NZ_CP031214.1	2531916	2532644	729	+	mpaA	murein tripeptide amidase MpaA	C600	cds-WP_000219122.1	DK885_RS13040	GO:0006508,GO:0004181,GO:0008270
C600_DK885_RS13045	C600_NZ_CP031214.1	2532619	2533584	966	-	ycjG	L-Ala-D/L-Glu epimerase	C600	cds-WP_001261211.1	DK885_RS13045	GO:0009063,GO:0016855
C600_DK885_RS13050	C600_NZ_CP031214.1	2533703	2534209	507	+	tpx	thiol peroxidase	C600	cds-WP_000084387.1	DK885_RS13050	GO:0008379,GO:0016684
C600_DK885_RS13055	C600_NZ_CP031214.1	2534253	2535794	1542	-	tyrR	transcriptional regulator TyrR	C600	cds-WP_001300658.1	DK885_RS13055	GO:0006355,GO:0008134
C600_DK885_RS13060	C600_NZ_CP031214.1	2535942	2537003	1062	-	ycjF	YcjF family protein	C600	cds-WP_000138728.1	DK885_RS13060	
C600_DK885_RS13065	C600_NZ_CP031214.1	2537000	2538397	1398	-	ycjX	YcjX family protein	C600	cds-WP_000825775.1	DK885_RS13065	
C600_DK885_RS13070	C600_NZ_CP031214.1	2538553	2539551	999	+	ycjW	LacI family DNA-binding transcriptional regulator	C600	cds-WP_000075375.1	DK885_RS13070	GO:0006355,GO:0003677,GO:0003700
C600_DK885_RS13075	C600_NZ_CP031214.1	2539662	2540567	906	-	ompG	monomeric porin OmpG	C600	cds-WP_000735257.1	DK885_RS13075	
C600_DK885_RS13080	C600_NZ_CP031214.1	2540612	2541693	1082	-	ABC transporter ATP-binding protein	ABC transporter ATP-binding protein	C600	cds-DK885_RS13080	DK885_RS13080	GO:0005524,GO:0016887,GO:0042626,GO:0140359
C600_DK885_RS13085	C600_NZ_CP031214.1	2541707	2542366	660	-	pgmB	beta-phosphoglucomutase	C600	cds-WP_000775794.1	DK885_RS13085	GO:0005975,GO:0000287,GO:0008801
C600_DK885_RS13090	C600_NZ_CP031214.1	2542363	2544630	2268	-	ycjT	kojibiose phosphorylase	C600	cds-WP_000198036.1	DK885_RS13090	
C600_DK885_RS13095	C600_NZ_CP031214.1	2544627	2545682	1056	-	ycjS	Gfo/Idh/MocA family protein	C600	cds-WP_001395397.1	DK885_RS13095	GO:0000166,GO:0003824
C600_DK885_RS13100	C600_NZ_CP031214.1	2545692	2546480	789	-	ycjR	sugar phosphate isomerase/epimerase family protein	C600	cds-WP_000690229.1	DK885_RS13100	GO:0003824,GO:0016853
C600_DK885_RS13105	C600_NZ_CP031214.1	2546499	2547551	1053	-	ycjQ	zinc-dependent alcohol dehydrogenase	C600	cds-WP_000737347.1	DK885_RS13105	GO:0008270,GO:0016616,GO:0030554
C600_DK885_RS13110	C600_NZ_CP031214.1	2547582	2548424	843	-	ycjP	carbohydrate ABC transporter permease	C600	cds-WP_000224659.1	DK885_RS13110	GO:0008643,GO:0055085
C600_DK885_RS13115	C600_NZ_CP031214.1	2548411	2549292	882	-	ycjO	carbohydrate ABC transporter permease	C600	cds-WP_001080790.1	DK885_RS13115	GO:0008643,GO:0055085,GO:0042626,GO:0140359
C600_DK885_RS13120	C600_NZ_CP031214.1	2549313	2550605	1293	-	ycjN	ABC transporter substrate-binding protein	C600	cds-WP_000597466.1	DK885_RS13120	GO:0042626,GO:0140359,GO:0055052
C600_DK885_RS13125	C600_NZ_CP031214.1	2550619	2552298	1680	-	ycjM	glucosylglycerate phosphorylase	C600	cds-WP_000810499.1	DK885_RS13125	
C600_DK885_RS13130	C600_NZ_CP031214.1	2552511	2552825	315	-	pspE	thiosulfate sulfurtransferase PspE	C600	cds-WP_000473109.1	DK885_RS13130	
C600_DK885_RS13135	C600_NZ_CP031214.1	2552900	2553121	222	-	pspD	phage shock protein PspD	C600	cds-WP_001295585.1	DK885_RS13135	
C600_DK885_RS13140	C600_NZ_CP031214.1	2553130	2553489	360	-	pspC	envelope stress response membrane protein PspC	C600	cds-WP_000907387.1	DK885_RS13140	
C600_DK885_RS13145	C600_NZ_CP031214.1	2553489	2553713	225	-	pspB	envelope stress response membrane protein PspB	C600	cds-WP_001274963.1	DK885_RS13145	GO:0009271
C600_DK885_RS13150	C600_NZ_CP031214.1	2553767	2554435	669	-	pspA	phage shock protein PspA	C600	cds-WP_000511025.1	DK885_RS13150	
C600_DK885_RS13155	C600_NZ_CP031214.1	2554602	2555579	978	+	pspF	phage shock protein operon transcriptional activator	C600	cds-WP_001301108.1	DK885_RS13155	
C600_DK885_RS13160	C600_NZ_CP031214.1	2555699	2556964	1266	-	puuE	4-aminobutyrate transaminase	C600	cds-WP_000069229.1	DK885_RS13160	GO:0009448
C600_DK885_RS13165	C600_NZ_CP031214.1	2557002	2558282	1281	-	puuB	gamma-glutamylputrescine oxidase	C600	cds-WP_000134870.1	DK885_RS13165	
C600_DK885_RS13170	C600_NZ_CP031214.1	2558284	2559771	1488	-	puuC	aldehyde dehydrogenase PuuC	C600	cds-WP_001009090.1	DK885_RS13170	GO:0016620
C600_DK885_RS13180	C600_NZ_CP031214.1	2560046	2560603	558	-	puuR	HTH-type transcriptional regulator PuuR	C600	cds-WP_001278727.1	DK885_RS13180	
C600_DK885_RS13185	C600_NZ_CP031214.1	2560630	2561394	765	-	puuD	gamma-glutamyl-gamma-aminobutyrate hydrolase	C600	cds-WP_001300506.1	DK885_RS13185	GO:0016787
C600_DK885_RS13190	C600_NZ_CP031214.1	2561606	2563024	1419	+	puuA	glutamate-putrescine ligase	C600	cds-WP_001296746.1	DK885_RS13190	
C600_DK885_RS23955	C600_NZ_CP031214.1	2563173	2563337	165	+	WP_120795382.1	YmjE family protein	C600	cds-WP_120795382.1	DK885_RS23955	
C600_DK885_RS13195	C600_NZ_CP031214.1	2563327	2564712	1386	+	puuP	putrescine/proton symporter PuuP	C600	cds-WP_001395398.1	DK885_RS13195	
C600_DK885_RS13200	C600_NZ_CP031214.1	2564846	2565091	246	+	ymjA	YmjA family protein	C600	cds-WP_001015110.1	DK885_RS13200	
C600_DK885_RS13210	C600_NZ_CP031214.1	2565404	2567047	1644	+	sapA	ABC transporter substrate-binding protein SapA	C600	cds-WP_001250216.1	DK885_RS13210	GO:0055085,GO:0043190
C600_DK885_RS13215	C600_NZ_CP031214.1	2567044	2568009	966	+	sapB	putrescine export ABC transporter permease SapB	C600	cds-WP_000583277.1	DK885_RS13215	GO:0055085,GO:0016020
C600_DK885_RS13220	C600_NZ_CP031214.1	2567996	2568886	891	+	sapC	peptide ABC transporter permease SapC	C600	cds-WP_001146163.1	DK885_RS13220	
C600_DK885_RS13225	C600_NZ_CP031214.1	2568886	2569878	993	+	sapD	peptide ABC transporter ATP-binding protein SapD	C600	cds-WP_001128858.1	DK885_RS13225	
C600_DK885_RS13230	C600_NZ_CP031214.1	2569880	2570686	807	+	sapF	peptide ABC transporter ATP-binding protein SapF	C600	cds-WP_000573407.1	DK885_RS13230	
C600_DK885_RS13235	C600_NZ_CP031214.1	2570754	2571107	354	+	ycjD	DUF559 domain-containing protein	C600	cds-WP_000565727.1	DK885_RS13235	
C600_DK885_RS13240	C600_NZ_CP031214.1	2571475	2572263	789	+	fabI	enoyl-ACP reductase FabI	C600	cds-WP_000506490.1	DK885_RS13240	
C600_DK885_RS13245	C600_NZ_CP031214.1	2572407	2573534	1128	+	yciW	carboxymuconolactone decarboxylase family protein	C600	cds-WP_001335988.1	DK885_RS13245	
C600_DK885_RS13250	C600_NZ_CP031214.1	2573602	2575536	1935	+	rnb	exoribonuclease II	C600	cds-WP_000484984.1	DK885_RS13250	GO:0006401,GO:0003723,GO:0008859
C600_DK885_RS13255	C600_NZ_CP031214.1	2575614	2575718	105	-	WP_000221855.1	hypothetical protein	C600	cds-WP_000221855.1	DK885_RS13255	
C600_DK885_RS13260	C600_NZ_CP031214.1	2575772	2577757	1986	+	pdeR	cyclic di-GMP phosphodiesterase	C600	cds-WP_000859945.1	DK885_RS13260	
C600_DK885_RS24265	C600_NZ_CP031214.1	2577739	2577867	129	-	ymiD	protein YmiD	C600	cds-WP_211180493.1	DK885_RS24265	
C600_DK885_RS13265	C600_NZ_CP031214.1	2577905	2578078	174	+	yciZ	YciZ family protein	C600	cds-WP_001288368.1	DK885_RS13265	
C600_DK885_RS13270	C600_NZ_CP031214.1	2578168	2578917	750	+	yciT	DNA-binding transcriptional regulator YciT	C600	cds-WP_001088620.1	DK885_RS13270	GO:0006355,GO:0003700
C600_DK885_RS13275	C600_NZ_CP031214.1	2579186	2579404	219	+	osmB	osmotically-inducible lipoprotein OsmB	C600	cds-WP_000498253.1	DK885_RS13275	
C600_DK885_RS13280	C600_NZ_CP031214.1	2579530	2579856	327	-	yciH	stress response translation initiation inhibitor YciH	C600	cds-WP_001295580.1	DK885_RS13280	
C600_DK885_RS13285	C600_NZ_CP031214.1	2579856	2580593	738	-	pyrF	orotidine-5'-phosphate decarboxylase	C600	cds-WP_000176270.1	DK885_RS13285	GO:0006207,GO:0044205,GO:0004590
C600_DK885_RS13290	C600_NZ_CP031214.1	2580787	2581956	1170	-	lapB	lipopolysaccharide assembly protein LapB	C600	cds-WP_000891353.1	DK885_RS13290	GO:0008653,GO:0005515
C600_DK885_RS13295	C600_NZ_CP031214.1	2581963	2582271	309	-	lapA	lipopolysaccharide assembly protein LapA	C600	cds-WP_000876286.1	DK885_RS13295	
C600_DK885_RS13300	C600_NZ_CP031214.1	2582420	2583184	765	-	pgpB	phosphatidylglycerophosphatase B	C600	cds-WP_001256538.1	DK885_RS13300	GO:0008654,GO:0004609
C600_DK885_RS13305	C600_NZ_CP031214.1	2583354	2583944	591	+	ribA	GTP cyclohydrolase II	C600	cds-WP_001176295.1	DK885_RS13305	GO:0003935
C600_DK885_RS13310	C600_NZ_CP031214.1	2584008	2586683	2676	-	acnA	aconitate hydratase AcnA	C600	cds-WP_072338360.1	DK885_RS13310	GO:0006099,GO:0003994
C600_DK885_RS23960	C600_NZ_CP031214.1	2586847	2586942	96	-	ymiC	small membrane protein YmiC	C600	cds-WP_001310756.1	DK885_RS23960	
C600_DK885_RS13320	C600_NZ_CP031214.1	2587056	2587223	168	-	yciX	protein YciX	C600	cds-WP_001297116.1	DK885_RS13320	
C600_DK885_RS13325	C600_NZ_CP031214.1	2587226	2587366	141	-	ymiA	YmiA family putative membrane protein	C600	cds-WP_001300896.1	DK885_RS13325	
C600_DK885_RS13330	C600_NZ_CP031214.1	2587685	2588659	975	-	cysB	HTH-type transcriptional regulator CysB	C600	cds-WP_000776253.1	DK885_RS13330	GO:0006355,GO:0003700
C600_DK885_RS13340	C600_NZ_CP031214.1	2588869	2591466	2598	-	topA	type I DNA topoisomerase	C600	cds-WP_001297122.1	DK885_RS13340	GO:0006260,GO:0006265,GO:0003677,GO:0003917,GO:0005737
C600_DK885_RS13350	C600_NZ_CP031214.1	2591846	2592097	252	+	yciN	YciN family protein	C600	cds-WP_001031530.1	DK885_RS13350	
C600_DK885_RS13355	C600_NZ_CP031214.1	2592133	2593182	1050	-	sohB	protease SohB	C600	cds-WP_000422045.1	DK885_RS13355	GO:0006508,GO:0008233
C600_DK885_RS13360	C600_NZ_CP031214.1	2593402	2594160	759	+	yciK	YciK family oxidoreductase	C600	cds-WP_000559286.1	DK885_RS13360	GO:0016491
C600_DK885_RS13365	C600_NZ_CP031214.1	2594157	2594747	591	+	cobO	cob(I)yrinic acid a,c-diamide adenosyltransferase	C600	cds-WP_001278906.1	DK885_RS13365	GO:0009236,GO:0008817
C600_DK885_RS13370	C600_NZ_CP031214.1	2594787	2595662	876	-	rluB	23S rRNA pseudouridine(2605) synthase RluB	C600	cds-WP_001291217.1	DK885_RS13370	GO:0001522,GO:0003723,GO:0009982
C600_DK885_RS13375	C600_NZ_CP031214.1	2595873	2597768	1896	-	yciQ	DUF2207 domain-containing protein	C600	cds-WP_001326916.1	DK885_RS13375	GO:0005886
C600_DK885_RS13380	C600_NZ_CP031214.1	2597796	2598416	621	-	yciO	L-threonylcarbamoyladenylate synthase	C600	cds-WP_001295575.1	DK885_RS13380	GO:0006400,GO:0003725,GO:0061710
C600_DK885_RS13385	C600_NZ_CP031214.1	2598413	2599294	882	-	rnm	RNase RNM	C600	cds-WP_001285661.1	DK885_RS13385	GO:0006364,GO:0004534,GO:0035312,GO:0097657
C600_DK885_RS13390	C600_NZ_CP031214.1	2599432	2599476	45	+	trpL	trp operon leader peptide	C600	cds-WP_001700591.1	DK885_RS13390	
C600_DK885_RS13395	C600_NZ_CP031214.1	2599568	2601130	1563	+	trpE	anthranilate synthase component I	C600	cds-WP_001194582.1	DK885_RS13395	GO:0000162,GO:0004049
C600_DK885_RS13400	C600_NZ_CP031214.1	2601130	2602725	1596	+	trpD	bifunctional anthranilate synthase glutamate amidotransferase component TrpG/anthranilate phosphoribosyltransferase TrpD	C600	cds-WP_000763511.1	DK885_RS13400	GO:0000162,GO:0004048
C600_DK885_RS13405	C600_NZ_CP031214.1	2602726	2604087	1362	+	trpCF	bifunctional indole-3-glycerol-phosphate synthase TrpC/phosphoribosylanthranilate isomerase TrpF	C600	cds-WP_000983871.1	DK885_RS13405	GO:0006568,GO:0004425,GO:0004640
C600_DK885_RS13410	C600_NZ_CP031214.1	2604099	2605292	1194	+	trpB	tryptophan synthase subunit beta	C600	cds-WP_000209520.1	DK885_RS13410	GO:0000162,GO:0004834
C600_DK885_RS13415	C600_NZ_CP031214.1	2605292	2606098	807	+	trpA	tryptophan synthase subunit alpha	C600	cds-WP_000443067.1	DK885_RS13415	GO:0000162,GO:0004834
C600_DK885_RS13420	C600_NZ_CP031214.1	2606479	2606658	180	+	yciG	general stress protein	C600	cds-WP_000807651.1	DK885_RS13420	GO:0006950
C600_DK885_RS13425	C600_NZ_CP031214.1	2606744	2607244	501	+	yciF	ferritin-like domain-containing protein	C600	cds-WP_001056490.1	DK885_RS13425	GO:0046872
C600_DK885_RS13430	C600_NZ_CP031214.1	2607290	2607796	507	+	yciE	ferritin-like domain-containing protein	C600	cds-WP_001079505.1	DK885_RS13430	GO:0046872
C600_DK885_RS13435	C600_NZ_CP031214.1	2607856	2608494	639	-	ompW	outer membrane protein OmpW	C600	cds-WP_000737226.1	DK885_RS13435	GO:0019867
C600_DK885_RS13440	C600_NZ_CP031214.1	2608734	2608823	90	+	YkgJ family cysteine cluster protein	YkgJ family cysteine cluster protein	C600	cds-DK885_RS13440	DK885_RS13440	
C600_DK885_RS13445	C600_NZ_CP031214.1	2608851	2609594	744	+	yciC	YciC family protein	C600	cds-WP_000028545.1	DK885_RS13445	
C600_DK885_RS13450	C600_NZ_CP031214.1	2609624	2610163	540	+	yciB	septation protein A	C600	cds-WP_000808667.1	DK885_RS13450	
C600_DK885_RS13455	C600_NZ_CP031214.1	2610268	2610666	399	+	yciA	acyl-CoA thioester hydrolase YciA	C600	cds-WP_000108160.1	DK885_RS13455	GO:0016790
C600_DK885_RS13460	C600_NZ_CP031214.1	2610706	2611425	720	-	tonB	TonB system transport protein TonB	C600	cds-WP_001360141.1	DK885_RS13460	
C600_DK885_RS13465	C600_NZ_CP031214.1	2611649	2611945	297	+	yciI	YciI family protein	C600	cds-WP_000967595.1	DK885_RS13465	
C600_DK885_RS13470	C600_NZ_CP031214.1	2612245	2613498	1254	+	kch	voltage-gated potassium channel protein	C600	cds-WP_001295624.1	DK885_RS13470	
C600_DK885_RS23965	C600_NZ_CP031214.1	2613553	2613726	174	-	yciY	YciY family protein	C600	cds-WP_001309467.1	DK885_RS23965	
C600_DK885_RS13480	C600_NZ_CP031214.1	2613869	2615329	1461	+	cls	cardiolipin synthase	C600	cds-WP_000214516.1	DK885_RS13480	GO:0032049,GO:0008808,GO:0016780
C600_DK885_RS13485	C600_NZ_CP031214.1	2615364	2615693	330	+	yciU	HI1450 family dsDNA-mimic protein	C600	cds-WP_000366959.1	DK885_RS13485	
C600_DK885_RS13490	C600_NZ_CP031214.1	2615746	2616750	1005	-	oppF	murein tripeptide/oligopeptide ABC transporter ATP-binding protein OppF	C600	cds-WP_000994905.1	DK885_RS13490	
C600_DK885_RS13495	C600_NZ_CP031214.1	2616747	2617760	1014	-	oppD	murein tripeptide/oligopeptide ABC transporter ATP-binding protein OppD	C600	cds-WP_000110948.1	DK885_RS13495	
C600_DK885_RS13500	C600_NZ_CP031214.1	2617772	2618680	909	-	oppC	oligopeptide ABC transporter permease OppC	C600	cds-WP_000979661.1	DK885_RS13500	GO:0055085
C600_DK885_RS13505	C600_NZ_CP031214.1	2618695	2619615	921	-	oppB	oligopeptide ABC transporter permease OppB	C600	cds-WP_000911112.1	DK885_RS13505	GO:0055085,GO:0016020
C600_DK885_RS13510	C600_NZ_CP031214.1	2619701	2621332	1632	-	oppA	oligopeptide ABC transporter substrate-binding protein OppA	C600	cds-WP_001407612.1	DK885_RS13510	GO:0055085,GO:0043190
C600_DK885_RS23970	C600_NZ_CP031214.1	2621616	2621912	297	+	WP_001211520.1	hypothetical protein	C600	cds-WP_001211520.1	DK885_RS23970	
C600_DK885_RS13520	C600_NZ_CP031214.1	2622070	2622717	648	-	ychE	NAAT family transporter YchE	C600	cds-WP_000616554.1	DK885_RS13520	
C600_DK885_RS24270	C600_NZ_CP031214.1	2622748	2622801	54	-	ychE	protein YchT	C600	cds-WP_211180492.1	DK885_RS24270	
C600_DK885_RS13525	C600_NZ_CP031214.1	2623194	2625869	2676	+	adhE	bifunctional acetaldehyde-CoA/alcohol dehydrogenase	C600	cds-WP_000301651.1	DK885_RS13525	GO:0006066,GO:0015976,GO:0004022,GO:0016620,GO:0046872
C600_DK885_RS13530	C600_NZ_CP031214.1	2625993	2626889	897	+	IS4 family transposase	IS4 family transposase	C600	cds-DK885_RS13530	DK885_RS13530	GO:0004803
C600_DK885_RS13535	C600_NZ_CP031214.1	2627171	2627788	618	-	tdk	thymidine kinase	C600	cds-WP_000068077.1	DK885_RS13535	
C600_DK885_RS13540	C600_NZ_CP031214.1	2628393	2628806	414	+	hns	histone-like nucleoid-structuring protein H-NS	C600	cds-WP_001287378.1	DK885_RS13540	GO:0071824,GO:0003677
C600_DK885_RS13545	C600_NZ_CP031214.1	2628950	2629858	909	-	galU	UTP--glucose-1-phosphate uridylyltransferase GalU	C600	cds-WP_000718995.1	DK885_RS13545	
C600_DK885_RS13550	C600_NZ_CP031214.1	2630060	2631073	1014	-	rssB	two-component system response regulator RssB	C600	cds-WP_115784726.1	DK885_RS13550	GO:0000160
C600_DK885_RS13555	C600_NZ_CP031214.1	2631165	2632070	906	-	rssA	patatin-like phospholipase RssA	C600	cds-WP_001295622.1	DK885_RS13555	GO:0006629,GO:0004622
C600_DK885_RS13560	C600_NZ_CP031214.1	2632183	2632641	459	+	ychJ	YchJ family protein	C600	cds-WP_001307143.1	DK885_RS13560	
C600_DK885_RS13565	C600_NZ_CP031214.1	2632691	2633533	843	+	purU	formyltetrahydrofolate deformylase	C600	cds-WP_000555857.1	DK885_RS13565	GO:0006189,GO:0008864
C600_DK885_RS13600	C600_NZ_CP031214.1	2634789	2635466	678	-	narI	respiratory nitrate reductase subunit gamma	C600	cds-WP_001160108.1	DK885_RS13600	GO:0019645,GO:0008940,GO:0009325
C600_DK885_RS13605	C600_NZ_CP031214.1	2635466	2636176	711	-	narJ	nitrate reductase molybdenum cofactor assembly chaperone	C600	cds-WP_000571681.1	DK885_RS13605	GO:0051131,GO:0051082
C600_DK885_RS13610	C600_NZ_CP031214.1	2636173	2637711	1539	-	narH	nitrate reductase subunit beta	C600	cds-WP_000702650.1	DK885_RS13610	GO:0042126,GO:0008940,GO:0009325
C600_DK885_RS13615	C600_NZ_CP031214.1	2637708	2641451	3744	-	narG	nitrate reductase subunit alpha	C600	cds-WP_000032939.1	DK885_RS13615	GO:0042126,GO:0008940,GO:0009325
C600_DK885_RS13620	C600_NZ_CP031214.1	2641967	2643358	1392	-	narK	nitrate transporter NarK	C600	cds-WP_000019827.1	DK885_RS13620	
C600_DK885_RS13630	C600_NZ_CP031214.1	2643697	2645493	1797	+	narX	nitrate/nitrite two-component system sensor histidine kinase NarX	C600	cds-WP_000918073.1	DK885_RS13630	GO:0000160,GO:0000155,GO:0046983,GO:0016020
C600_DK885_RS13635	C600_NZ_CP031214.1	2645486	2646136	651	+	narL	two-component system response regulator NarL	C600	cds-WP_000070491.1	DK885_RS13635	GO:0000160,GO:0006355,GO:0003677
C600_DK885_RS13640	C600_NZ_CP031214.1	2646137	2647531	1395	-	ychO	inverse autotransporter invasin YchO	C600	cds-WP_000086217.1	DK885_RS13640	
C600_DK885_RS13645	C600_NZ_CP031214.1	2647716	2648069	354	+	ychN	DsrE/F sulfur relay family protein YchN	C600	cds-WP_001169669.1	DK885_RS13645	
C600_DK885_RS13650	C600_NZ_CP031214.1	2648113	2648808	696	-	chaC	glutathione-specific gamma-glutamylcyclotransferase	C600	cds-WP_001336325.1	DK885_RS13650	
C600_DK885_RS13655	C600_NZ_CP031214.1	2648966	2649196	231	-	chaB	putative cation transport regulator ChaB	C600	cds-WP_001146444.1	DK885_RS13655	
C600_DK885_RS13660	C600_NZ_CP031214.1	2649466	2650566	1101	+	chaA	sodium-potassium/proton antiporter ChaA	C600	cds-WP_000063607.1	DK885_RS13660	
C600_DK885_RS13665	C600_NZ_CP031214.1	2650970	2651077	108	+	WP_000170955.1	type I toxin-antitoxin system toxin Ldr family protein	C600	cds-WP_000170955.1	DK885_RS13665	
C600_DK885_RS13670	C600_NZ_CP031214.1	2651505	2651612	108	+	WP_000170963.1	type I toxin-antitoxin system toxin Ldr family protein	C600	cds-WP_000170963.1	DK885_RS13670	
C600_DK885_RS13680	C600_NZ_CP031214.1	2652040	2652147	108	+	WP_000170955.1	type I toxin-antitoxin system toxin Ldr family protein	C600	cds-WP_000170955.1-2	DK885_RS13680	
C600_DK885_RS13685	C600_NZ_CP031214.1	2652296	2653150	855	-	kdsA	3-deoxy-8-phosphooctulonate synthase	C600	cds-WP_000811065.1	DK885_RS13685	GO:0008676
C600_DK885_RS13690	C600_NZ_CP031214.1	2653186	2653995	810	-	sirB1	invasion regulator SirB1	C600	cds-WP_001257044.1	DK885_RS13690	
C600_DK885_RS13695	C600_NZ_CP031214.1	2653999	2654391	393	-	sirB2	invasion regulator SirB2	C600	cds-WP_000200374.1	DK885_RS13695	
C600_DK885_RS13700	C600_NZ_CP031214.1	2654388	2655221	834	-	prmC	peptide chain release factor N(5)-glutamine methyltransferase	C600	cds-WP_000456467.1	DK885_RS13700	GO:0006412,GO:0018364,GO:0008757
C600_DK885_RS13705	C600_NZ_CP031214.1	2655221	2656303	1083	-	prfA	peptide chain release factor 1	C600	cds-WP_000804726.1	DK885_RS13705	GO:0006415,GO:0003747
C600_DK885_RS13710	C600_NZ_CP031214.1	2656345	2657601	1257	-	hemA	glutamyl-tRNA reductase	C600	cds-WP_001299679.1	DK885_RS13710	GO:0008883,GO:0050661
C600_DK885_RS13715	C600_NZ_CP031214.1	2657815	2658438	624	+	lolB	lipoprotein insertase outer membrane protein LolB	C600	cds-WP_001130692.1	DK885_RS13715	GO:0015031,GO:0009279
C600_DK885_RS13720	C600_NZ_CP031214.1	2658438	2659289	852	+	ispE	4-(cytidine 5'-diphospho)-2-C-methyl-D-erythritol kinase	C600	cds-WP_001260332.1	DK885_RS13720	GO:0016114,GO:0050515
C600_DK885_RS13730	C600_NZ_CP031214.1	2659440	2660387	948	+	prs	ribose-phosphate diphosphokinase	C600	cds-WP_001298109.1	DK885_RS13730	
C600_DK885_RS13740	C600_NZ_CP031214.1	2660512	2662191	1680	+	dauA	C4-dicarboxylic acid transporter DauA	C600	cds-WP_001033352.1	DK885_RS13740	
C600_DK885_RS13745	C600_NZ_CP031214.1	2662246	2662524	279	-	ychH	stress-induced protein YchH	C600	cds-WP_000823885.1	DK885_RS13745	
C600_DK885_RS13750	C600_NZ_CP031214.1	2662802	2663386	585	+	pth	aminoacyl-tRNA hydrolase	C600	cds-WP_000152933.1	DK885_RS13750	GO:0004045
C600_DK885_RS13755	C600_NZ_CP031214.1	2663503	2664594	1092	+	ychF	redox-regulated ATPase YchF	C600	cds-WP_000505866.1	DK885_RS13755	GO:0005524,GO:0005525,GO:0016887
C600_DK885_RS13770	C600_NZ_CP031214.1	2665363	2668230	2868	+	ycgV	autotransporter outer membrane beta-barrel domain-containing protein	C600	cds-WP_001334788.1	DK885_RS13770	GO:0019867
C600_DK885_RS13775	C600_NZ_CP031214.1	2668330	2670249	1920	-	dhaR	dihydroxyacetone kinase operon transcriptional regulator DhaR	C600	cds-WP_001350505.1	DK885_RS13775	GO:0006355,GO:0005524,GO:0008134,GO:0043565
C600_DK885_RS13780	C600_NZ_CP031214.1	2670477	2671547	1071	+	dhaK	dihydroxyacetone kinase subunit DhaK	C600	cds-WP_000733715.1	DK885_RS13780	GO:0006071,GO:0004371
C600_DK885_RS13785	C600_NZ_CP031214.1	2671558	2672190	633	+	dhaL	dihydroxyacetone kinase subunit DhaL	C600	cds-WP_000059411.1	DK885_RS13785	GO:0006071,GO:0047324
C600_DK885_RS13790	C600_NZ_CP031214.1	2672201	2673619	1419	+	dhaM	dihydroxyacetone kinase phosphoryl donor subunit DhaM	C600	cds-WP_001301101.1	DK885_RS13790	GO:0009401,GO:0016310,GO:0019563,GO:0047324,GO:0016020
C600_DK885_RS13800	C600_NZ_CP031214.1	2673939	2675636	1698	+	treA	alpha,alpha-trehalase	C600	cds-WP_000841714.1	DK885_RS13800	
C600_DK885_RS13805	C600_NZ_CP031214.1	2675715	2676155	441	-	ycgY	protein YcgY	C600	cds-WP_000615067.1	DK885_RS13805	
C600_DK885_RS13810	C600_NZ_CP031214.1	2676333	2676587	255	-	ymgE	GlsB/YeaQ/YmgE family stress response membrane protein	C600	cds-WP_001310727.1	DK885_RS13810	GO:0016020
C600_DK885_RS13815	C600_NZ_CP031214.1	2676788	2677522	735	+	ycgR	flagellar brake protein YcgR	C600	cds-WP_000020169.1	DK885_RS13815	GO:0071945,GO:0035438
C600_DK885_RS13820	C600_NZ_CP031214.1	2677524	2678135	612	-	emtA	membrane-bound lytic murein transglycosylase EmtA	C600	cds-WP_001301104.1	DK885_RS13820	
C600_DK885_RS13830	C600_NZ_CP031214.1	2678235	2679149	915	+	ldcA	muramoyltetrapeptide carboxypeptidase	C600	cds-WP_000051560.1	DK885_RS13830	
C600_DK885_RS13835	C600_NZ_CP031214.1	2679244	2680980	1737	+	cvrA	potassium/proton antiporter	C600	cds-WP_000340194.1	DK885_RS13835	GO:0006813,GO:0006884,GO:0055085,GO:0051139,GO:0016020
C600_DK885_RS24640	C600_NZ_CP031214.1	2680915	2681055	141	-	hypothetical protein	hypothetical protein	C600	cds-DK885_RS24640	DK885_RS24640	
C600_DK885_RS13845	C600_NZ_CP031214.1	2681366	2682436	1071	-	dadX	catabolic alanine racemase DadX	C600	cds-WP_000197881.1	DK885_RS13845	GO:0006522,GO:0008784
C600_DK885_RS13850	C600_NZ_CP031214.1	2682446	2683744	1299	-	dadA	D-amino acid dehydrogenase	C600	cds-WP_001266908.1	DK885_RS13850	
C600_DK885_RS13855	C600_NZ_CP031214.1	2684074	2685606	1533	+	ycgB	SpoVR family protein	C600	cds-WP_000190854.1	DK885_RS13855	
C600_DK885_RS13860	C600_NZ_CP031214.1	2685658	2686377	720	-	fadR	fatty acid metabolism transcriptional regulator FadR	C600	cds-WP_000234823.1	DK885_RS13860	GO:0006355,GO:0019217,GO:0000062,GO:0003677,GO:0003700
C600_DK885_RS13865	C600_NZ_CP031214.1	2686598	2688139	1542	+	nhaB	Na(+)/H(+) antiporter NhaB	C600	cds-WP_000406391.1	DK885_RS13865	GO:0006814,GO:0015385,GO:0016020
C600_DK885_RS13870	C600_NZ_CP031214.1	2688285	2688815	531	+	dsbB	disulfide bond formation protein DsbB	C600	cds-WP_000943459.1	DK885_RS13870	GO:0006457,GO:0015035,GO:0016020
C600_DK885_RS13875	C600_NZ_CP031214.1	2688861	2690129	1269	-	umuC	DNA polymerase V catalytic protein	C600	cds-WP_000457616.1	DK885_RS13875	
C600_DK885_RS13880	C600_NZ_CP031214.1	2690129	2690548	420	-	umuD	translesion error-prone DNA polymerase V autoproteolytic subunit	C600	cds-WP_000897378.1	DK885_RS13880	
C600_DK885_RS13885	C600_NZ_CP031214.1	2690921	2691832	912	+	hlyE	hemolysin HlyE	C600	cds-WP_001336523.1	DK885_RS13885	GO:0044179,GO:0090729
C600_DK885_RS13890	C600_NZ_CP031214.1	2692039	2692485	447	-	ycgN	YcgN family cysteine cluster protein	C600	cds-WP_001306825.1	DK885_RS13890	
C600_DK885_RS13895	C600_NZ_CP031214.1	2692577	2693236	660	-	ycgM	fumarylacetoacetate hydrolase family protein	C600	cds-WP_000284280.1	DK885_RS13895	GO:0003824
C600_DK885_RS13900	C600_NZ_CP031214.1	2693308	2693601	294	-	WP_001295992.1	YcgL domain-containing protein	C600	cds-WP_001295992.1	DK885_RS13900	
C600_DK885_RS13905	C600_NZ_CP031214.1	2693843	2694244	402	+	pliG	g-type lysoyme inhibitor PliG	C600	cds-WP_000695215.1	DK885_RS13905	
C600_DK885_RS13910	C600_NZ_CP031214.1	2694347	2694715	369	-	ycgJ	YcgJ family protein	C600	cds-WP_001056840.1	DK885_RS13910	
C600_DK885_RS13920	C600_NZ_CP031214.1	2695235	2695930	696	+	minC	septum site-determining protein MinC	C600	cds-WP_001301105.1	DK885_RS13920	GO:0000918,GO:1901891,GO:0004857
C600_DK885_RS13925	C600_NZ_CP031214.1	2695954	2696766	813	+	minD	septum site-determining protein MinD	C600	cds-WP_000101055.1	DK885_RS13925	
C600_DK885_RS13930	C600_NZ_CP031214.1	2696770	2697036	267	+	minE	cell division topological specificity factor MinE	C600	cds-WP_001185665.1	DK885_RS13930	GO:0032955
C600_DK885_RS13940	C600_NZ_CP031214.1	2697408	2697751	344	-	autotransporter outer membrane beta-barrel domain-containing protein	autotransporter outer membrane beta-barrel domain-containing protein	C600	cds-DK885_RS13940	DK885_RS13940	GO:0019867
C600_DK885_RS23975	C600_NZ_CP031214.1	2697786	2697905	120	-	WP_001131446.1	hypothetical protein	C600	cds-WP_001131446.1	DK885_RS23975	
C600_DK885_RS13945	C600_NZ_CP031214.1	2697866	2698051	186	-	ymgJ	protein YmgJ	C600	cds-WP_001325005.1	DK885_RS13945	
C600_DK885_RS13950	C600_NZ_CP031214.1	2698152	2698325	174	+	ymgI	protein YmgI	C600	cds-WP_000122462.1	DK885_RS13950	
C600_DK885_RS13955	C600_NZ_CP031214.1	2698327	2698671	345	+	ymgG	YMGG-like glycine zipper-containing protein	C600	cds-WP_000726974.1	DK885_RS13955	
C600_DK885_RS13960	C600_NZ_CP031214.1	2698675	2699010	336	+	ymgD	YmgD family protein	C600	cds-WP_000979977.1	DK885_RS13960	
C600_DK885_RS24115	C600_NZ_CP031214.1	2699067	2701714	2648	-	ycgH	autotransporter YcgH	C600	cds-DK885_RS24115	DK885_RS24115	
C600_DK885_RS13980	C600_NZ_CP031214.1	2702114	2702332	219	-	ymgF	cell division-associated protein YmgF	C600	cds-WP_001065861.1	DK885_RS13980	GO:0051301
C600_DK885_RS13985	C600_NZ_CP031214.1	2702464	2703987	1524	-	pdeG	EAL domain-containing protein	C600	cds-WP_001246499.1	DK885_RS13985	
C600_DK885_RS13990	C600_NZ_CP031214.1	2704319	2704567	249	-	ymgC	protein YmgC	C600	cds-WP_001065752.1	DK885_RS13990	
C600_DK885_RS13995	C600_NZ_CP031214.1	2704680	2704946	267	-	ariR	biofilm/acid-resistance regulator AriR	C600	cds-WP_000888772.1	DK885_RS13995	
C600_DK885_RS14000	C600_NZ_CP031214.1	2704975	2705247	273	-	ymgA	two-component-system connector protein YmgA	C600	cds-WP_000858002.1	DK885_RS14000	
C600_DK885_RS14005	C600_NZ_CP031214.1	2705290	2705526	237	-	ycgZ	regulatory protein YcgZ	C600	cds-WP_000554140.1	DK885_RS14005	
C600_DK885_RS14010	C600_NZ_CP031214.1	2705840	2707051	1212	+	bluF	blue light-responsive regulator BluF	C600	cds-WP_001299269.1	DK885_RS14010	
C600_DK885_RS14015	C600_NZ_CP031214.1	2707256	2707987	732	+	bluR	DNA-binding transcriptional repressor BluR	C600	cds-WP_000332303.1	DK885_RS14015	
C600_DK885_RS14020	C600_NZ_CP031214.1	2708208	2708612	405	+	ycgX	DUF1398 domain-containing protein	C600	cds-WP_000373101.1	DK885_RS14020	
C600_DK885_RS23980	C600_NZ_CP031214.1	2708665	2708775	111	+	ymgL	protein YmgL	C600	cds-WP_032082692.1	DK885_RS23980	
C600_DK885_RS24120	C600_NZ_CP031214.1	2709011	2709055	45	+	WP_120795380.1	protein YmgK	C600	cds-WP_120795380.1	DK885_RS24120	
C600_DK885_RS14025	C600_NZ_CP031214.1	2709312	2709635	324	+	iraM	anti-adapter protein IraM	C600	cds-WP_001295666.1	DK885_RS14025	GO:0043856,GO:0005737
C600_DK885_RS14030	C600_NZ_CP031214.1	2709738	2709905	168	-	isocitrate/isopropylmalate family dehydrogenase	isocitrate/isopropylmalate family dehydrogenase	C600	cds-DK885_RS14030	DK885_RS14030	GO:0016616
C600_DK885_RS14035	C600_NZ_CP031214.1	2710136	2710969	834	-	mcrA	5-methylcytosine-specific endonuclease McrA	C600	cds-WP_000557907.1	DK885_RS14035	
C600_DK885_RS14040	C600_NZ_CP031214.1	2711076	2711630	555	-	pinE	site-specific DNA recombinase	C600	cds-WP_000905001.1	DK885_RS14040	
C600_DK885_RS14045	C600_NZ_CP031214.1	2711660	2712196	537	+	WP_001115524.1	phage tail protein	C600	cds-WP_001115524.1	DK885_RS14045	
C600_DK885_RS14050	C600_NZ_CP031214.1	2712196	2712798	603	+	tfaE	tail fiber assembly protein	C600	cds-WP_000548498.1	DK885_RS14050	GO:0098004
C600_DK885_RS14055	C600_NZ_CP031214.1	2712770	2713183	414	-	tfaP	tail fiber assembly protein	C600	cds-WP_010723096.1	DK885_RS14055	
C600_DK885_RS14060	C600_NZ_CP031214.1	2713185	2713814	630	-	ycfK	gp53-like domain-containing protein	C600	cds-WP_000554703.1	DK885_RS14060	
C600_DK885_RS14065	C600_NZ_CP031214.1	2713818	2714402	585	-	ymfQ	YmfQ family protein	C600	cds-WP_000383574.1	DK885_RS14065	
C600_DK885_RS14070	C600_NZ_CP031214.1	2714393	2715187	795	-	baseplate J/gp47 family protein	baseplate J/gp47 family protein	C600	cds-DK885_RS14070	DK885_RS14070	
C600_DK885_RS14075	C600_NZ_CP031214.1	2715177	2715584	408	-	phage portal protein	phage portal protein	C600	cds-DK885_RS14075	DK885_RS14075	
C600_DK885_RS14080	C600_NZ_CP031214.1	2715584	2715766	183	-	ymfR	protein YmfR	C600	cds-WP_000605606.1	DK885_RS14080	
C600_DK885_RS14085	C600_NZ_CP031214.1	2715778	2716914	1137	-	terminase large subunit	terminase large subunit	C600	cds-DK885_RS14085	DK885_RS14085	GO:0004519,GO:0005524,GO:0140657
C600_DK885_RS24365	C600_NZ_CP031214.1	2716930	2717145	216	-	helix-turn-helix domain-containing protein	helix-turn-helix domain-containing protein	C600	cds-DK885_RS24365	DK885_RS24365	GO:0003677
C600_DK885_RS14090	C600_NZ_CP031214.1	2717135	2717314	180	-	WP_001250269.1	DUF4222 domain-containing protein	C600	cds-WP_001250269.1	DK885_RS14090	
C600_DK885_RS14095	C600_NZ_CP031214.1	2717490	2718047	558	-	ymfL	protein YmfL	C600	cds-WP_000515837.1	DK885_RS14095	
C600_DK885_RS14100	C600_NZ_CP031214.1	2718091	2718291	201	-	ymfT	YdaS family helix-turn-helix protein	C600	cds-WP_000649480.1	DK885_RS14100	
C600_DK885_RS14105	C600_NZ_CP031214.1	2718382	2719056	675	+	ymfK	LexA family protein	C600	cds-WP_000848748.1	DK885_RS14105	GO:0045892,GO:0003677
C600_DK885_RS14110	C600_NZ_CP031214.1	2719231	2719539	309	+	ymfJ	protein YmfJ	C600	cds-WP_001005353.1	DK885_RS14110	
C600_DK885_RS14115	C600_NZ_CP031214.1	2719477	2719818	342	-	ymfI	protein YmfI	C600	cds-WP_010723095.1	DK885_RS14115	
C600_DK885_RS23985	C600_NZ_CP031214.1	2719935	2720246	312	+	ymfH	protein YmfH	C600	cds-WP_011443584.1	DK885_RS23985	
C600_DK885_RS14130	C600_NZ_CP031214.1	2720283	2720528	246	+	xisE	excisionase-like protein from lambdoid prophage 14	C600	cds-WP_000939945.1	DK885_RS14130	
C600_DK885_RS14135	C600_NZ_CP031214.1	2720509	2721636	1128	+	intE	site-specific integrase	C600	cds-WP_000741310.1	DK885_RS14135	GO:0006310,GO:0015074,GO:0003677
C600_DK885_RS14140	C600_NZ_CP031214.1	2721727	2722620	894	-	lit	cell death peptidase Lit	C600	cds-WP_001257372.1	DK885_RS14140	
C600_DK885_RS14145	C600_NZ_CP031214.1	2723078	2723782	705	+	ymfE	protein YmfE	C600	cds-WP_010723094.1	DK885_RS14145	
C600_DK885_RS14150	C600_NZ_CP031214.1	2723783	2724448	666	+	ymfD	class I SAM-dependent methyltransferase	C600	cds-WP_000241967.1	DK885_RS14150	GO:0032259,GO:0008168,GO:1904047
C600_DK885_RS14155	C600_NZ_CP031214.1	2724942	2726192	1251	-	icd	NADP-dependent isocitrate dehydrogenase	C600	cds-WP_000444484.1	DK885_RS14155	GO:0006099,GO:0000287,GO:0004450,GO:0051287
C600_DK885_RS14160	C600_NZ_CP031214.1	2726364	2727017	654	+	rluE	23S rRNA pseudouridine(2457) synthase RluE	C600	cds-WP_001248691.1	DK885_RS14160	GO:0001522,GO:0009982
C600_DK885_RS14165	C600_NZ_CP031214.1	2727027	2727488	462	+	nudJ	phosphatase NudJ	C600	cds-WP_000476093.1	DK885_RS14165	
C600_DK885_RS14170	C600_NZ_CP031214.1	2727542	2728648	1107	+	mnmA	tRNA 2-thiouridine(34) synthase MnmA	C600	cds-WP_001297484.1	DK885_RS14170	GO:0002143,GO:0006396,GO:0004808,GO:0016783,GO:0005737
C600_DK885_RS14175	C600_NZ_CP031214.1	2728684	2729325	642	+	hflD	high frequency lysogenization protein HflD	C600	cds-WP_001297479.1	DK885_RS14175	
C600_DK885_RS14180	C600_NZ_CP031214.1	2729329	2730699	1371	+	purB	adenylosuccinate lyase	C600	cds-WP_000423742.1	DK885_RS14180	GO:0006188,GO:0009152,GO:0004018
C600_DK885_RS14185	C600_NZ_CP031214.1	2730868	2731539	672	+	phoP	two-component system response regulator PhoP	C600	cds-WP_001265471.1	DK885_RS14185	
C600_DK885_RS14190	C600_NZ_CP031214.1	2731539	2732999	1461	+	phoQ	two-component system sensor histidine kinase PhoQ	C600	cds-WP_000735412.1	DK885_RS14190	GO:0000160,GO:0000155,GO:0004673,GO:0016772
C600_DK885_RS14195	C600_NZ_CP031214.1	2733075	2734196	1122	+	roxA	[50S ribosomal protein L16]-arginine 3-hydroxylase	C600	cds-WP_000456506.1	DK885_RS14195	
C600_DK885_RS14200	C600_NZ_CP031214.1	2734245	2735471	1227	-	pepT	peptidase T	C600	cds-WP_000359434.1	DK885_RS14200	GO:0006508,GO:0008270,GO:0045148
C600_DK885_RS14210	C600_NZ_CP031214.1	2735721	2736857	1137	+	potA	spermidine/putrescine ABC transporter ATP-binding protein PotA	C600	cds-WP_000531594.1	DK885_RS14210	GO:0015846,GO:0005524,GO:0022857,GO:0016020,GO:0043190
C600_DK885_RS14215	C600_NZ_CP031214.1	2736841	2737698	858	+	potB	spermidine/putrescine ABC transporter permease PotB	C600	cds-WP_000799401.1	DK885_RS14215	GO:0055085,GO:0016020
C600_DK885_RS14220	C600_NZ_CP031214.1	2737695	2738489	795	+	potC	spermidine/putrescine ABC transporter permease PotC	C600	cds-WP_000580316.1	DK885_RS14220	GO:0055085
C600_DK885_RS14225	C600_NZ_CP031214.1	2738486	2739532	1047	+	potD	spermidine/putrescine ABC transporter substrate-binding protein PotD	C600	cds-WP_000759317.1	DK885_RS14225	GO:0015846,GO:0019808,GO:0042597
C600_DK885_RS14230	C600_NZ_CP031214.1	2739590	2740051	462	+	ymfA	DUF3592 domain-containing protein	C600	cds-WP_000076376.1	DK885_RS14230	
C600_DK885_RS14235	C600_NZ_CP031214.1	2740048	2740836	789	+	ycfZ	TPM domain-containing protein	C600	cds-WP_000713462.1	DK885_RS14235	GO:0016791
C600_DK885_RS14240	C600_NZ_CP031214.1	2740956	2741795	840	-	cobB	Sir2 family NAD+-dependent deacetylase	C600	cds-WP_000952737.1	DK885_RS14240	GO:0070403
C600_DK885_RS14245	C600_NZ_CP031214.1	2741811	2742722	912	-	nagK	N-acetylglucosamine kinase	C600	cds-WP_000291270.1	DK885_RS14245	GO:0045127
C600_DK885_RS14250	C600_NZ_CP031214.1	2742751	2743995	1245	-	lolE	lipoprotein-releasing ABC transporter permease subunit LolE	C600	cds-WP_001251348.1	DK885_RS14250	GO:0042953
C600_DK885_RS14255	C600_NZ_CP031214.1	2743995	2744696	702	-	lolD	lipoprotein-releasing ABC transporter ATP-binding protein LolD	C600	cds-WP_001033694.1	DK885_RS14255	GO:0042953,GO:0005524,GO:0016020
C600_DK885_RS14260	C600_NZ_CP031214.1	2744689	2745888	1200	-	lolC	lipoprotein-releasing ABC transporter permease subunit LolC	C600	cds-WP_000284714.1	DK885_RS14260	GO:0042953,GO:0016020
C600_DK885_RS14265	C600_NZ_CP031214.1	2746150	2747223	1074	+	ycfT	acyltransferase family protein	C600	cds-WP_000810253.1	DK885_RS14265	
C600_DK885_RS14270	C600_NZ_CP031214.1	2747351	2750797	3447	+	mfd	transcription-repair coupling factor	C600	cds-WP_001115094.1	DK885_RS14270	GO:0006281,GO:0003676,GO:0003684,GO:0005524
C600_DK885_RS14275	C600_NZ_CP031214.1	2750941	2751903	963	+	ldtC	L,D-transpeptidase LdtC	C600	cds-WP_001300895.1	DK885_RS14275	
C600_DK885_RS14280	C600_NZ_CP031214.1	2751985	2752242	258	-	bhsA	multiple stress resistance protein BhsA	C600	cds-WP_000800153.1	DK885_RS14280	GO:0006950,GO:0046688
C600_DK885_RS14285	C600_NZ_CP031214.1	2752483	2753115	633	+	comR	TetR family copper-responsive transcriptional repressor ComR	C600	cds-WP_001336528.1	DK885_RS14285	
C600_DK885_RS14290	C600_NZ_CP031214.1	2753177	2753716	540	-	ycfJ	glycine zipper 2TM domain-containing protein	C600	cds-WP_001043459.1	DK885_RS14290	
C600_DK885_RS14295	C600_NZ_CP031214.1	2753926	2755230	1305	-	ndh	NADH-quinone dehydrogenase	C600	cds-WP_000211045.1	DK885_RS14295	
C600_DK885_RS14300	C600_NZ_CP031214.1	2755630	2756172	543	-	ycfP	alpha/beta hydrolase YcfP	C600	cds-WP_000587933.1	DK885_RS14300	
C600_DK885_RS14305	C600_NZ_CP031214.1	2756195	2757220	1026	-	nagZ	beta-N-acetylhexosaminidase	C600	cds-WP_000529320.1	DK885_RS14305	GO:0005975,GO:0004553
C600_DK885_RS14310	C600_NZ_CP031214.1	2757231	2758055	825	-	thiK	thiamine kinase	C600	cds-WP_001116592.1	DK885_RS14310	GO:0006772,GO:0016310,GO:0019165
C600_DK885_RS14315	C600_NZ_CP031214.1	2758036	2758677	642	-	lpoB	penicillin-binding protein activator LpoB	C600	cds-WP_000164439.1	DK885_RS14315	
C600_DK885_RS14320	C600_NZ_CP031214.1	2758691	2759068	378	-	ycfL	YcfL family protein	C600	cds-WP_001225295.1	DK885_RS14320	
C600_DK885_RS14325	C600_NZ_CP031214.1	2759071	2759430	360	-	hinT	purine nucleoside phosphoramidase	C600	cds-WP_000807125.1	DK885_RS14325	
C600_DK885_RS14330	C600_NZ_CP031214.1	2759764	2761953	2190	+	fhuE	ferric-rhodotorulic acid/ferric-coprogen receptor FhuE	C600	cds-WP_000953441.1	DK885_RS14330	GO:0015891,GO:0015344,GO:0038023,GO:0009279
C600_DK885_RS14335	C600_NZ_CP031214.1	2762013	2763446	1434	-	ptsG	PTS glucose transporter subunit IIBC	C600	cds-WP_000475719.1	DK885_RS14335	GO:0009401,GO:1904659,GO:0008982,GO:0055056
C600_DK885_RS14340	C600_NZ_CP031214.1	2763741	2764538	798	-	ycfH	metal-dependent hydrolase	C600	cds-WP_000480245.1	DK885_RS14340	GO:0016788
C600_DK885_RS14345	C600_NZ_CP031214.1	2764549	2765553	1005	-	holB	DNA polymerase III subunit delta'	C600	cds-WP_001267956.1	DK885_RS14345	GO:0006260,GO:0003887,GO:0008408
C600_DK885_RS14350	C600_NZ_CP031214.1	2765550	2766191	642	-	tmk	dTMP kinase	C600	cds-WP_001257000.1	DK885_RS14350	GO:0006233,GO:0004798,GO:0005524
C600_DK885_RS14355	C600_NZ_CP031214.1	2766181	2767203	1023	-	yceG	cell division protein YceG	C600	cds-WP_000756827.1	DK885_RS14355	
C600_DK885_RS14360	C600_NZ_CP031214.1	2767206	2768015	810	-	pabC	aminodeoxychorismate lyase	C600	cds-WP_000478681.1	DK885_RS14360	GO:0046656,GO:0008696,GO:0030170
C600_DK885_RS14365	C600_NZ_CP031214.1	2768135	2769376	1242	-	fabF	beta-ketoacyl-ACP synthase II	C600	cds-WP_000044679.1	DK885_RS14365	GO:0006633,GO:0004315
C600_DK885_RS14370	C600_NZ_CP031214.1	2769464	2769700	237	-	acpP	acyl carrier protein	C600	cds-WP_000103754.1	DK885_RS14370	GO:0006633
C600_DK885_RS14375	C600_NZ_CP031214.1	2769911	2770645	735	-	fabG	3-oxoacyl-ACP reductase FabG	C600	cds-WP_001008535.1	DK885_RS14375	GO:0006633,GO:0004316,GO:0051287
C600_DK885_RS14380	C600_NZ_CP031214.1	2770658	2771587	930	-	fabD	ACP S-malonyltransferase	C600	cds-WP_000191372.1	DK885_RS14380	GO:0006633,GO:0004314
C600_DK885_RS14385	C600_NZ_CP031214.1	2771603	2772556	954	-	fabH	beta-ketoacyl-ACP synthase III	C600	cds-DK885_RS14385	DK885_RS14385	
C600_DK885_RS14390	C600_NZ_CP031214.1	2772624	2773694	1071	-	plsX	phosphate acyltransferase PlsX	C600	cds-WP_000197597.1	DK885_RS14390	GO:0008610,GO:0043811
C600_DK885_RS14395	C600_NZ_CP031214.1	2773775	2773948	174	-	rpmF	50S ribosomal protein L32	C600	cds-WP_000290727.1	DK885_RS14395	GO:0006412,GO:0003735,GO:0015934
C600_DK885_RS14400	C600_NZ_CP031214.1	2774000	2774521	522	-	yceD	23S rRNA accumulation protein YceD	C600	cds-WP_001174481.1	DK885_RS14400	
C600_DK885_RS14405	C600_NZ_CP031214.1	2774720	2775304	585	+	yceF	7-methyl-GTP pyrophosphatase	C600	cds-WP_001125202.1	DK885_RS14405	
C600_DK885_RS14410	C600_NZ_CP031214.1	2775416	2776375	960	-	rluC	23S rRNA pseudouridine(955/2504/2580) synthase RluC	C600	cds-WP_000846343.1	DK885_RS14410	GO:0001522,GO:0003723,GO:0009982
C600_DK885_RS14420	C600_NZ_CP031214.1	2776948	2780133	3186	+	rne	ribonuclease E	C600	cds-WP_000827360.1	DK885_RS14420	GO:0006396,GO:0003723,GO:0008995
C600_DK885_RS14425	C600_NZ_CP031214.1	2780329	2781282	954	-	flgL	flagellar hook-associated protein FlgL	C600	cds-WP_001212782.1	DK885_RS14425	GO:0001539,GO:0005198,GO:0009424
C600_DK885_RS14430	C600_NZ_CP031214.1	2781294	2782937	1644	-	flgK	flagellar hook-associated protein FlgK	C600	cds-WP_000096479.1	DK885_RS14430	GO:0044780,GO:0005198,GO:0009424
C600_DK885_RS14435	C600_NZ_CP031214.1	2783003	2783944	942	-	flgJ	flagellar assembly peptidoglycan hydrolase FlgJ	C600	cds-WP_001295441.1	DK885_RS14435	GO:0044780,GO:0016798
C600_DK885_RS14440	C600_NZ_CP031214.1	2783944	2785041	1098	-	flgI	flagellar basal body P-ring protein FlgI	C600	cds-WP_000589326.1	DK885_RS14440	
C600_DK885_RS14445	C600_NZ_CP031214.1	2785053	2785751	699	-	flgH	flagellar basal body L-ring protein FlgH	C600	cds-WP_001295442.1	DK885_RS14445	GO:0071973,GO:0003774,GO:0009427
C600_DK885_RS14450	C600_NZ_CP031214.1	2785804	2786586	783	-	flgG	flagellar basal-body rod protein FlgG	C600	cds-WP_000625837.1	DK885_RS14450	GO:0071973,GO:0009426
C600_DK885_RS14455	C600_NZ_CP031214.1	2786758	2787513	756	-	flgF	flagellar basal-body rod protein FlgF	C600	cds-WP_000349316.1	DK885_RS14455	
C600_DK885_RS24125	C600_NZ_CP031214.1	2787533	2788741	1209	-	flgE	flagellar hook protein FlgE	C600	cds-WP_000885873.1	DK885_RS24125	
C600_DK885_RS24130	C600_NZ_CP031214.1	2788766	2789461	696	-	flgD	flagellar hook assembly protein FlgD	C600	cds-WP_000020486.1	DK885_RS24130	
C600_DK885_RS14470	C600_NZ_CP031214.1	2789473	2789877	405	-	flgC	flagellar basal body rod protein FlgC	C600	cds-WP_001196460.1	DK885_RS14470	GO:0071973,GO:0030694
C600_DK885_RS14475	C600_NZ_CP031214.1	2789881	2790297	417	-	flgB	flagellar basal body rod protein FlgB	C600	cds-WP_000884702.1	DK885_RS14475	GO:0071973,GO:0030694
C600_DK885_RS14480	C600_NZ_CP031214.1	2790452	2791111	660	+	flgA	flagellar basal body P-ring formation chaperone FlgA	C600	cds-WP_000905458.1	DK885_RS14480	GO:0001539,GO:0005198,GO:0009428
C600_DK885_RS14485	C600_NZ_CP031214.1	2791187	2791480	294	+	flgM	flagellar biosynthesis anti-sigma factor FlgM	C600	cds-WP_000020880.1	DK885_RS14485	GO:0045892
C600_DK885_RS14490	C600_NZ_CP031214.1	2791485	2791901	417	+	flgN	flagella biosynthesis chaperone FlgN	C600	cds-WP_000197363.1	DK885_RS14490	
C600_DK885_RS14495	C600_NZ_CP031214.1	2791941	2793476	1536	-	murJ	murein biosynthesis integral membrane protein MurJ	C600	cds-WP_001050683.1	DK885_RS14495	GO:0009252,GO:0034204
C600_DK885_RS14500	C600_NZ_CP031214.1	2793586	2794509	924	-	yceM	Gfo/Idh/MocA family protein	C600	cds-WP_000736158.1	DK885_RS14500	GO:0000166,GO:0003824
C600_DK885_RS14505	C600_NZ_CP031214.1	2794511	2795158	648	-	yceH	YceH family protein	C600	cds-WP_000877107.1	DK885_RS14505	
C600_DK885_RS14510	C600_NZ_CP031214.1	2795169	2795753	585	-	rimJ	ribosomal protein S5-alanine N-acetyltransferase	C600	cds-WP_000468186.1	DK885_RS14510	GO:0008080
C600_DK885_RS14515	C600_NZ_CP031214.1	2795989	2797197	1209	+	mdtH	multidrug efflux MFS transporter MdtH	C600	cds-WP_000092206.1	DK885_RS14515	GO:0055085,GO:0022857
C600_DK885_RS14520	C600_NZ_CP031214.1	2797261	2797908	648	+	grxB	glutaredoxin 2	C600	cds-WP_000780912.1	DK885_RS14520	GO:0006749,GO:0004362,GO:0005515
C600_DK885_RS14525	C600_NZ_CP031214.1	2798042	2798602	561	+	yceB	lipoprotein	C600	cds-WP_001295443.1	DK885_RS14525	
C600_DK885_RS14530	C600_NZ_CP031214.1	2798708	2799754	1047	+	pyrC	dihydroorotase	C600	cds-WP_000126534.1	DK885_RS14530	GO:0019856,GO:0004151
C600_DK885_RS14535	C600_NZ_CP031214.1	2799828	2800073	246	+	dinI	DNA damage-inducible protein I	C600	cds-WP_001217754.1	DK885_RS14535	
C600_DK885_RS14545	C600_NZ_CP031214.1	2800360	2800614	255	+	bssS	biofilm formation regulator BssS	C600	cds-WP_000414438.1	DK885_RS14545	
C600_DK885_RS14550	C600_NZ_CP031214.1	2800729	2801847	1119	+	solA	N-methyl-L-tryptophan oxidase	C600	cds-WP_000872833.1	DK885_RS14550	GO:0050131
C600_DK885_RS14555	C600_NZ_CP031214.1	2801895	2802008	114	+	WP_001253418.1	YceO family protein	C600	cds-WP_001253418.1	DK885_RS14555	
C600_DK885_RS14560	C600_NZ_CP031214.1	2802269	2802835	567	+	yceJ	cytochrome b	C600	cds-WP_000011114.1	DK885_RS14560	GO:0022904,GO:0009055,GO:0020037,GO:0046872,GO:0016020
C600_DK885_RS14565	C600_NZ_CP031214.1	2802839	2803414	576	+	yceI	YceI family protein	C600	cds-WP_000749261.1	DK885_RS14565	
C600_DK885_RS14570	C600_NZ_CP031214.1	2803456	2804508	1053	-	trhO	rhodanese-related sulfurtransferase	C600	cds-WP_001144615.1	DK885_RS14570	
C600_DK885_RS14575	C600_NZ_CP031214.1	2804733	2805653	921	+	lpxL	kdo(2)-lipid IV(A) lauroyltransferase	C600	cds-WP_000183364.1	DK885_RS14575	
C600_DK885_RS14580	C600_NZ_CP031214.1	2805825	2807051	1227	+	mdtG	multidrug efflux MFS transporter MdtG	C600	cds-WP_000074172.1	DK885_RS14580	GO:0055085,GO:0022857
C600_DK885_RS14585	C600_NZ_CP031214.1	2807134	2807508	375	+	msyB	MysB family protein	C600	cds-WP_000180056.1	DK885_RS14585	
C600_DK885_RS14590	C600_NZ_CP031214.1	2807509	2807736	228	-	yceK	YceK/YidQ family lipoprotein	C600	cds-WP_001237205.1	DK885_RS14590	
C600_DK885_RS14595	C600_NZ_CP031214.1	2807909	2810452	2544	-	mdoH	glucans biosynthesis glucosyltransferase MdoH	C600	cds-WP_001295445.1	DK885_RS14595	GO:0016758
C600_DK885_RS14600	C600_NZ_CP031214.1	2810445	2811980	1536	-	mdoG	glucans biosynthesis protein MdoG	C600	cds-WP_001343212.1	DK885_RS14600	
C600_DK885_RS14615	C600_NZ_CP031214.1	2812374	2813531	1158	+	mdoC	glucans biosynthesis protein MdoC	C600	cds-WP_001070375.1	DK885_RS14615	GO:0016740
C600_DK885_RS14620	C600_NZ_CP031214.1	2813539	2815020	1482	-	clsC	cardiolipin synthase ClsC	C600	cds-WP_001307714.1	DK885_RS14620	
C600_DK885_RS14625	C600_NZ_CP031214.1	2814962	2815495	534	-	ymdB	O-acetyl-ADP-ribose deacetylase	C600	cds-WP_000857405.1	DK885_RS14625	GO:0003824
C600_DK885_RS14630	C600_NZ_CP031214.1	2815590	2815901	312	-	ymdA	protein YmdA	C600	cds-WP_000489587.1	DK885_RS14630	
C600_DK885_RS14635	C600_NZ_CP031214.1	2816022	2816354	333	-	csgC	curli assembly chaperone CsgC	C600	cds-WP_001094300.1	DK885_RS14635	
C600_DK885_RS14640	C600_NZ_CP031214.1	2816413	2816868	456	-	csgA	curli major subunit CsgA	C600	cds-WP_000771437.1	DK885_RS14640	
C600_DK885_RS14645	C600_NZ_CP031214.1	2816909	2817364	456	-	csgB	curli minor subunit CsgB	C600	cds-WP_000791650.1	DK885_RS14645	
C600_DK885_RS14660	C600_NZ_CP031214.1	2818119	2818769	651	+	csgD	biofilm master transcriptional regulator CsgD	C600	cds-WP_000481509.1	DK885_RS14660	GO:0006355,GO:0003677
C600_DK885_RS14665	C600_NZ_CP031214.1	2818774	2819163	390	+	csgE	curli production assembly/transport protein CsgE	C600	cds-WP_000833288.1	DK885_RS14665	
C600_DK885_RS14670	C600_NZ_CP031214.1	2819188	2819604	417	+	csgF	curli production assembly/transport protein CsgF	C600	cds-WP_001264088.1	DK885_RS14670	
C600_DK885_RS14675	C600_NZ_CP031214.1	2819631	2820464	834	+	csgG	curli production assembly/transport protein CsgG	C600	cds-WP_001189321.1	DK885_RS14675	
C600_DK885_RS14680	C600_NZ_CP031214.1	2820528	2821019	492	-	ycdZ	DUF1097 domain-containing protein	C600	cds-WP_001300785.1	DK885_RS14680	GO:0005886
C600_DK885_RS14685	C600_NZ_CP031214.1	2821121	2821675	555	-	ycdY	molecular chaperone YcdY	C600	cds-WP_001001921.1	DK885_RS14685	
C600_DK885_RS14690	C600_NZ_CP031214.1	2821699	2822436	738	-	ycdX	zinc-binding phosphatase	C600	cds-WP_000283667.1	DK885_RS14690	
C600_DK885_RS14695	C600_NZ_CP031214.1	2822491	2823429	939	-	ghrA	glyoxylate/hydroxypyruvate reductase GhrA	C600	cds-WP_000351317.1	DK885_RS14695	GO:0016618,GO:0030267,GO:0051287
C600_DK885_RS14725	C600_NZ_CP031214.1	2824667	2825653	987	-	ycdU	protein YcdU	C600	cds-WP_000611859.1	DK885_RS14725	
C600_DK885_RS14730	C600_NZ_CP031214.1	2825650	2826006	357	-	ACP S-malonyltransferase	ACP S-malonyltransferase	C600	cds-DK885_RS14730	DK885_RS14730	
C600_DK885_RS14735	C600_NZ_CP031214.1	2826059	2827221	1163	+	WP_085947771.1	IS3-like element IS3 family transposase	C600	cds-WP_085947771.1-4	DK885_RS14735	GO:0006313,GO:0004803
C600_DK885_RS14740	C600_NZ_CP031214.1	2827262	2828620	1359	-	dgcT	GGDEF domain-containing protein	C600	cds-WP_000409873.1	DK885_RS14740	GO:0005525,GO:0046872,GO:0052621,GO:0005886
C600_DK885_RS14745	C600_NZ_CP031214.1	2829207	2831630	2424	+	pgaA	poly-beta-1,6 N-acetyl-D-glucosamine export porin PgaA	C600	cds-WP_000287458.1	DK885_RS14745	GO:1901515
C600_DK885_RS14750	C600_NZ_CP031214.1	2831639	2833657	2019	+	pgaB	poly-beta-1,6-N-acetyl-D-glucosamine N-deacetylase PgaB	C600	cds-WP_000945561.1	DK885_RS14750	
C600_DK885_RS14755	C600_NZ_CP031214.1	2833650	2834975	1326	+	pgaC	poly-beta-1,6-N-acetyl-D-glucosamine synthase	C600	cds-WP_000610451.1	DK885_RS14755	GO:0042710,GO:0008375
C600_DK885_RS14760	C600_NZ_CP031214.1	2834977	2835390	414	+	pgaD	poly-beta-1,6-N-acetyl-D-glucosamine biosynthesis protein PgaD	C600	cds-WP_001061095.1	DK885_RS14760	
C600_DK885_RS14765	C600_NZ_CP031214.1	2835440	2836228	789	-	phoH	phosphate starvation-inducible protein PhoH	C600	cds-WP_000533522.1	DK885_RS14765	
C600_DK885_RS14770	C600_NZ_CP031214.1	2836849	2838120	1272	-	efeB	iron uptake transporter deferrochelatase/peroxidase subunit	C600	cds-WP_001199471.1	DK885_RS14770	GO:0033212,GO:0004601,GO:0020037
C600_DK885_RS14775	C600_NZ_CP031214.1	2838126	2839253	1128	-	efeO	iron uptake system protein EfeO	C600	cds-WP_000154398.1	DK885_RS14775	
C600_DK885_RS14780	C600_NZ_CP031214.1	2839311	2840140	830	-	efeU	iron uptake transporter permease EfeU	C600	cds-DK885_RS14780	DK885_RS14780	GO:0034755,GO:0005381,GO:0033573
C600_DK885_RS14800	C600_NZ_CP031214.1	2840683	2842191	1509	-	putP	sodium/proline symporter PutP	C600	cds-WP_001018479.1	DK885_RS14800	GO:0006814,GO:0015824,GO:0055085,GO:0005298,GO:0031402,GO:0016020
C600_DK885_RS14810	C600_NZ_CP031214.1	2842350	2842559	210	-	WP_000979516.1	hypothetical protein	C600	cds-WP_000979516.1	DK885_RS14810	
C600_DK885_RS14815	C600_NZ_CP031214.1	2842614	2846576	3963	+	putA	trifunctional transcriptional regulator/proline dehydrogenase/L-glutamate gamma-semialdehyde dehydrogenase	C600	cds-WP_001326840.1	DK885_RS14815	GO:0006355,GO:0006561,GO:0003700,GO:0003842,GO:0004657,GO:0016620
C600_DK885_RS14820	C600_NZ_CP031214.1	2846616	2847254	639	-	rutR	HTH-type transcriptional regulator RutR	C600	cds-WP_000191701.1	DK885_RS14820	GO:0045892,GO:0003677
C600_DK885_RS14825	C600_NZ_CP031214.1	2847542	2848633	1092	+	rutA	pyrimidine utilization protein A	C600	cds-WP_001340618.1	DK885_RS14825	GO:0010181,GO:0016491
C600_DK885_RS14830	C600_NZ_CP031214.1	2848633	2849325	693	+	rutB	peroxyureidoacrylate/ureidoacrylate amidohydrolase RutB	C600	cds-WP_001393558.1	DK885_RS14830	
C600_DK885_RS14835	C600_NZ_CP031214.1	2849337	2849723	387	+	rutC	3-aminoacrylate deaminase	C600	cds-WP_001126780.1	DK885_RS14835	
C600_DK885_RS14840	C600_NZ_CP031214.1	2849731	2850531	801	+	rutD	pyrimidine utilization protein D	C600	cds-WP_000777653.1	DK885_RS14840	GO:0006212,GO:0016811
C600_DK885_RS14845	C600_NZ_CP031214.1	2850541	2851131	591	+	rutE	malonic semialdehyde reductase	C600	cds-WP_001001176.1	DK885_RS14845	GO:0016491
C600_DK885_RS14850	C600_NZ_CP031214.1	2851142	2851636	495	+	rutF	NADH-dependent FMN reductase RutF	C600	cds-WP_001028083.1	DK885_RS14850	GO:0008752
C600_DK885_RS14855	C600_NZ_CP031214.1	2851657	2852985	1329	+	rutG	pyrimidine utilization transport protein G	C600	cds-WP_001326838.1	DK885_RS14855	GO:0006864,GO:0015218,GO:0016020
C600_DK885_RS14860	C600_NZ_CP031214.1	2853242	2853415	174	-	ymdF	general stress protein	C600	cds-WP_001273658.1	DK885_RS14860	GO:0006950
C600_DK885_RS14870	C600_NZ_CP031214.1	2853788	2854384	597	+	wrbA	NAD(P)H:quinone oxidoreductase	C600	cds-WP_001151437.1	DK885_RS14870	GO:0003955,GO:0010181
C600_DK885_RS14875	C600_NZ_CP031214.1	2854405	2854632	228	+	yccJ	YccJ family protein	C600	cds-WP_001143120.1	DK885_RS14875	
C600_DK885_RS14880	C600_NZ_CP031214.1	2854670	2855911	1242	-	agp	bifunctional glucose-1-phosphatase/inositol phosphatase	C600	cds-WP_001044279.1	DK885_RS14880	
C600_DK885_RS14885	C600_NZ_CP031214.1	2856204	2857460	1257	-	yccE	YccE family protein	C600	cds-WP_000535346.1	DK885_RS14885	
C600_DK885_RS14890	C600_NZ_CP031214.1	2857721	2858641	921	+	cbpA	curved DNA-binding protein	C600	cds-WP_000420621.1	DK885_RS14890	GO:0006457,GO:0051082
C600_DK885_RS14895	C600_NZ_CP031214.1	2858641	2858946	306	+	cbpM	chaperone modulator CbpM	C600	cds-WP_000024560.1	DK885_RS14895	
C600_DK885_RS14900	C600_NZ_CP031214.1	2859098	2859697	600	-	torD	molecular chaperone TorD	C600	cds-WP_000209894.1	DK885_RS14900	GO:0051259
C600_DK885_RS14905	C600_NZ_CP031214.1	2859694	2862240	2547	-	torA	trimethylamine-N-oxide reductase TorA	C600	cds-WP_001062091.1	DK885_RS14905	GO:0030151,GO:0043546,GO:0050626,GO:0042597
C600_DK885_RS14910	C600_NZ_CP031214.1	2862240	2863412	1173	-	torC	pentaheme c-type cytochrome TorC	C600	cds-WP_001230242.1	DK885_RS14910	GO:0009055,GO:0020037,GO:0016020
C600_DK885_RS14915	C600_NZ_CP031214.1	2863542	2864234	693	+	torR	two-component system response regulator TorR	C600	cds-WP_001120125.1	DK885_RS14915	
C600_DK885_RS14920	C600_NZ_CP031214.1	2864207	2865235	1029	-	torT	TMAO reductase system periplasmic protein TorT	C600	cds-WP_001264933.1	DK885_RS14920	
C600_DK885_RS14925	C600_NZ_CP031214.1	2865318	2868062	2745	+	torS	TMAO reductase system sensor histidine kinase/response regulator TorS	C600	cds-WP_001300633.1	DK885_RS14925	
C600_DK885_RS14930	C600_NZ_CP031214.1	2868134	2869207	1074	+	yccM	4Fe-4S binding protein	C600	cds-WP_000829662.1	DK885_RS14930	GO:0051539
C600_DK885_RS14935	C600_NZ_CP031214.1	2869256	2869429	174	-	gnsA	GnsA/GnsB family addiction module toxin	C600	cds-WP_001019197.1	DK885_RS14935	
C600_DK885_RS14940	C600_NZ_CP031214.1	2869419	2869649	231	-	ymcE	protein YmcE	C600	cds-WP_001309400.1	DK885_RS14940	
C600_DK885_RS14945	C600_NZ_CP031214.1	2869624	2869812	189	-	ymcF	cold shock small protein YmcF	C600	cds-WP_071524879.1	DK885_RS14945	
C600_DK885_RS14950	C600_NZ_CP031214.1	2869823	2870035	213	-	cspG	cold shock protein CspG	C600	cds-WP_000066490.1	DK885_RS14950	
C600_DK885_RS14955	C600_NZ_CP031214.1	2870321	2870533	213	+	cspH	cold shock-like protein CspH	C600	cds-WP_000087763.1	DK885_RS14955	
C600_DK885_RS14960	C600_NZ_CP031214.1	2870966	2871663	698	-	WP_223293343.1	IS1-like element IS1D family transposase	C600	cds-WP_223293343.1-2	DK885_RS14960	GO:0006313,GO:0004803
C600_DK885_RS14970	C600_NZ_CP031214.1	2871752	2872057	306	+	gfcA	threonine-rich inner membrane protein GfcA	C600	cds-WP_001295358.1	DK885_RS14970	
C600_DK885_RS14975	C600_NZ_CP031214.1	2872164	2872808	645	+	gfcB	lipoprotein GfcB	C600	cds-WP_001247610.1	DK885_RS14975	
C600_DK885_RS14980	C600_NZ_CP031214.1	2872805	2873551	747	+	gfcC	capsule biosynthesis GfcC family protein	C600	cds-WP_001038079.1	DK885_RS14980	
C600_DK885_RS14985	C600_NZ_CP031214.1	2873551	2875647	2097	+	gfcD	YjbH domain-containing protein	C600	cds-WP_000742328.1	DK885_RS14985	
C600_DK885_RS14990	C600_NZ_CP031214.1	2875693	2876832	1140	+	gfcE	polysaccharide export protein	C600	cds-WP_001295357.1	DK885_RS14990	GO:0015774,GO:0016020
C600_DK885_RS14995	C600_NZ_CP031214.1	2876820	2877266	447	+	etp	protein-tyrosine-phosphatase Etp	C600	cds-WP_000057871.1	DK885_RS14995	
C600_DK885_RS15000	C600_NZ_CP031214.1	2877286	2879466	2181	+	etk	tyrosine-protein kinase	C600	cds-WP_000208650.1	DK885_RS15000	GO:0009103,GO:0016020
C600_DK885_RS15005	C600_NZ_CP031214.1	2879581	2880879	1299	-	appA	bifunctional acid phosphatase/4-phytase	C600	cds-WP_001300464.1	DK885_RS15005	
C600_DK885_RS15010	C600_NZ_CP031214.1	2880959	2881051	93	-	cbdX	cytochrome bd-II oxidase subunit CbdX	C600	cds-WP_000270305.1	DK885_RS15010	
C600_DK885_RS15015	C600_NZ_CP031214.1	2881064	2882200	1137	-	appB	cytochrome d ubiquinol oxidase subunit II	C600	cds-WP_000460803.1	DK885_RS15015	
C600_DK885_RS15020	C600_NZ_CP031214.1	2882212	2883756	1545	-	appC	cytochrome bd-II oxidase subunit 1	C600	cds-WP_000263582.1	DK885_RS15020	
C600_DK885_RS15025	C600_NZ_CP031214.1	2883890	2884747	858	-	hyaF	hydrogenase expression/formation protein	C600	cds-WP_000004899.1	DK885_RS15025	
C600_DK885_RS15030	C600_NZ_CP031214.1	2884744	2885142	399	-	hyaE	hydrogenase-1 operon protein HyaE	C600	cds-WP_000063978.1	DK885_RS15030	
C600_DK885_RS15035	C600_NZ_CP031214.1	2885139	2885726	588	-	hyaD	hydrogenase 1 maturation protease	C600	cds-WP_000003671.1	DK885_RS15035	
C600_DK885_RS15040	C600_NZ_CP031214.1	2885723	2886430	708	-	hyaC	Ni/Fe-hydrogenase b-type cytochrome subunit	C600	cds-WP_001186424.1	DK885_RS15040	
C600_DK885_RS15045	C600_NZ_CP031214.1	2886449	2888242	1794	-	hyaB	Ni/Fe-hydrogenase large subunit	C600	cds-WP_000107384.1	DK885_RS15045	
C600_DK885_RS15050	C600_NZ_CP031214.1	2888239	2889357	1119	-	hyaA	hydrogenase 1 small subunit	C600	cds-WP_001058323.1	DK885_RS15050	
C600_DK885_RS15060	C600_NZ_CP031214.1	2890078	2890737	660	+	yccA	FtsH protease modulator YccA	C600	cds-WP_000375136.1	DK885_RS15060	
C600_DK885_RS15065	C600_NZ_CP031214.1	2890828	2891157	330	+	tusE	sulfurtransferase TusE	C600	cds-WP_000904442.1	DK885_RS15065	
C600_DK885_RS15070	C600_NZ_CP031214.1	2891154	2891432	279	-	yccX	acylphosphatase	C600	cds-WP_000048252.1	DK885_RS15070	GO:0003998
C600_DK885_RS15075	C600_NZ_CP031214.1	2891527	2892717	1191	+	rlmI	23S rRNA (cytosine(1962)-C(5))-methyltransferase RlmI	C600	cds-WP_000116297.1	DK885_RS15075	GO:0003723,GO:0008649
C600_DK885_RS15080	C600_NZ_CP031214.1	2892775	2893092	318	+	hspQ	heat shock protein HspQ	C600	cds-WP_001295356.1	DK885_RS15080	
C600_DK885_RS15085	C600_NZ_CP031214.1	2893137	2893550	414	-	yccU	CoA-binding protein	C600	cds-WP_001301418.1	DK885_RS15085	GO:0120225
C600_DK885_RS15090	C600_NZ_CP031214.1	2893723	2894385	663	+	csgI	DUF2057 family protein	C600	cds-WP_000847791.1	DK885_RS15090	
C600_DK885_RS15095	C600_NZ_CP031214.1	2894481	2894939	459	+	mgsA	methylglyoxal synthase	C600	cds-WP_000424181.1	DK885_RS15095	GO:0006007,GO:0019242,GO:0008929
C600_DK885_RS15100	C600_NZ_CP031214.1	2894971	2897025	2055	-	helD	DNA helicase IV	C600	cds-WP_001295354.1	DK885_RS15100	GO:0003677,GO:0003678,GO:0005524
C600_DK885_RS15105	C600_NZ_CP031214.1	2897148	2897594	447	+	yccF	YccF domain-containing protein	C600	cds-WP_001261235.1	DK885_RS15105	
C600_DK885_RS15110	C600_NZ_CP031214.1	2897604	2899766	2163	+	yccS	YccS family putative transporter	C600	cds-WP_000875061.1	DK885_RS15110	GO:0016020
C600_DK885_RS15115	C600_NZ_CP031214.1	2899729	2900358	630	-	sxy	CRP-S regulon transcriptional coactivator Sxy	C600	cds-WP_000839153.1	DK885_RS15115	
C600_DK885_RS15120	C600_NZ_CP031214.1	2900577	2901086	510	+	sulA	SOS-induced cell division inhibitor SulA	C600	cds-WP_000288710.1	DK885_RS15120	GO:0009432,GO:0051782,GO:0005515
C600_DK885_RS15130	C600_NZ_CP031214.1	2901443	2902483	1041	+	ompA	porin OmpA	C600	cds-WP_000750416.1	DK885_RS15130	
C600_DK885_RS15135	C600_NZ_CP031214.1	2902559	2903011	453	-	matP	macrodomain Ter protein MatP	C600	cds-WP_000877161.1	DK885_RS15135	GO:0006355,GO:0043565
C600_DK885_RS15140	C600_NZ_CP031214.1	2903197	2904957	1761	+	ycbZ	AAA family ATPase	C600	cds-WP_000156518.1	DK885_RS15140	
C600_DK885_RS15145	C600_NZ_CP031214.1	2905026	2905544	519	+	fabA	bifunctional 3-hydroxydecanoyl-ACP dehydratase/trans-2-decenoyl-ACP isomerase	C600	cds-WP_000227927.1	DK885_RS15145	GO:0006633,GO:0019171
C600_DK885_RS15150	C600_NZ_CP031214.1	2905614	2905781	168	-	rmf	ribosome modulation factor	C600	cds-WP_000828648.1	DK885_RS15150	GO:0141014,GO:0043022
C600_DK885_RS15155	C600_NZ_CP031214.1	2906037	2906600	564	-	pqiC	membrane integrity-associated transporter subunit PqiC	C600	cds-WP_000759120.1	DK885_RS15155	
C600_DK885_RS15160	C600_NZ_CP031214.1	2906597	2908237	1641	-	pqiB	intermembrane transport protein PqiB	C600	cds-WP_000445533.1	DK885_RS15160	
C600_DK885_RS15165	C600_NZ_CP031214.1	2908242	2909495	1254	-	pqiA	membrane integrity-associated transporter subunit PqiA	C600	cds-WP_000333176.1	DK885_RS15165	
C600_DK885_RS15170	C600_NZ_CP031214.1	2909625	2911532	1908	-	uup	ABC transporter ATP-binding protein	C600	cds-WP_000053099.1	DK885_RS15170	GO:0005524
C600_DK885_RS15175	C600_NZ_CP031214.1	2911544	2913652	2109	-	rlmKL	bifunctional 23S rRNA (guanine(2069)-N(7))-methyltransferase RlmK/23S rRNA (guanine(2445)-N(2))-methyltransferase RlmL	C600	cds-WP_001086539.1	DK885_RS15175	GO:0031167,GO:0003723,GO:0008990
C600_DK885_RS15180	C600_NZ_CP031214.1	2913896	2915005	1110	+	ycbX	6-N-hydroxylaminopurine resistance protein YcbX	C600	cds-WP_000212426.1	DK885_RS15180	
C600_DK885_RS15185	C600_NZ_CP031214.1	2915002	2915544	543	-	zapC	cell division protein ZapC	C600	cds-WP_001295353.1	DK885_RS15185	
C600_DK885_RS15190	C600_NZ_CP031214.1	2915718	2916728	1011	-	pyrD	quinone-dependent dihydroorotate dehydrogenase	C600	cds-WP_001295352.1	DK885_RS15190	GO:0006222,GO:0004152,GO:0016020
C600_DK885_RS15195	C600_NZ_CP031214.1	2916839	2917576	738	-	ycbF	fimbrial chaperone	C600	cds-WP_001111465.1	DK885_RS15195	
C600_DK885_RS15200	C600_NZ_CP031214.1	2917542	2918057	516	-	ycbV	fimbrial protein	C600	cds-WP_000919497.1	DK885_RS15200	GO:0007155,GO:0009289
C600_DK885_RS15205	C600_NZ_CP031214.1	2918065	2918607	543	-	ycbU	fimbrial protein	C600	cds-WP_000730614.1	DK885_RS15205	GO:0007155,GO:0009289
C600_DK885_RS15210	C600_NZ_CP031214.1	2918619	2919689	1071	-	elfG	fimbrial protein	C600	cds-WP_001165668.1	DK885_RS15210	GO:0007155,GO:0009289
C600_DK885_RS15215	C600_NZ_CP031214.1	2919680	2922280	2601	-	elfC	fimbrial biogenesis usher protein	C600	cds-WP_072338357.1	DK885_RS15215	GO:0009297,GO:0005515,GO:0015473,GO:0016020
C600_DK885_RS15220	C600_NZ_CP031214.1	2922305	2923006	702	-	elfD	fimbrial biogenesis chaperone	C600	cds-WP_001295349.1	DK885_RS15220	GO:0043711,GO:0061077,GO:0030288
C600_DK885_RS15225	C600_NZ_CP031214.1	2923089	2923628	540	-	elfA	fimbrial protein	C600	cds-WP_000750293.1	DK885_RS15225	GO:0007155,GO:0009289
C600_DK885_RS15235	C600_NZ_CP031214.1	2923984	2924559	576	+	ssuE	NADPH-dependent FMN reductase	C600	cds-WP_001263933.1	DK885_RS15235	GO:0046306,GO:0008752
C600_DK885_RS15240	C600_NZ_CP031214.1	2924552	2925511	960	+	ssuA	aliphatic sulfonate ABC transporter substrate-binding protein SsuA	C600	cds-WP_001244308.1	DK885_RS15240	
C600_DK885_RS15245	C600_NZ_CP031214.1	2925508	2926653	1146	+	ssuD	FMNH2-dependent alkanesulfonate monooxygenase	C600	cds-WP_000056006.1	DK885_RS15245	GO:0006790,GO:0008726,GO:0010181
C600_DK885_RS15250	C600_NZ_CP031214.1	2926664	2927455	792	+	ssuC	aliphatic sulfonate ABC transporter permease SsuC	C600	cds-WP_000235203.1	DK885_RS15250	GO:0055085,GO:0016020
C600_DK885_RS15255	C600_NZ_CP031214.1	2927452	2928219	768	+	ssuB	aliphatic sulfonates ABC transporter ATP-binding protein	C600	cds-WP_001090506.1	DK885_RS15255	GO:0005524
C600_DK885_RS15260	C600_NZ_CP031214.1	2928262	2930874	2613	-	pepN	aminopeptidase N	C600	cds-WP_000193841.1	DK885_RS15260	GO:0006508,GO:0004177,GO:0008237,GO:0008270
C600_DK885_RS15265	C600_NZ_CP031214.1	2931140	2932342	1203	+	pncB	nicotinate phosphoribosyltransferase	C600	cds-WP_001307697.1	DK885_RS15265	GO:0009435,GO:0004516
C600_DK885_RS15270	C600_NZ_CP031214.1	2932511	2933911	1401	+	asnS	asparagine--tRNA ligase	C600	cds-WP_000117881.1	DK885_RS15270	GO:0006421,GO:0004816,GO:0005524
C600_DK885_RS15275	C600_NZ_CP031214.1	2934514	2935602	1089	+	ompF	porin OmpF	C600	cds-WP_000977920.1	DK885_RS15275	
C600_DK885_RS15285	C600_NZ_CP031214.1	2935787	2936977	1191	+	aspC	aspartate transaminase	C600	cds-WP_000462687.1	DK885_RS15285	
C600_DK885_RS15290	C600_NZ_CP031214.1	2937199	2937846	648	-	gloC	hydroxyacylglutathione hydrolase GloC	C600	cds-WP_001109486.1	DK885_RS15290	
C600_DK885_RS15295	C600_NZ_CP031214.1	2937873	2938421	549	-	mepK	YcbK family protein	C600	cds-WP_001295932.1	DK885_RS15295	
C600_DK885_RS15305	C600_NZ_CP031214.1	2938602	2940449	1848	-	ldtD	L,D-transpeptidase	C600	cds-WP_000925969.1	DK885_RS15305	GO:0016740
C600_DK885_RS15310	C600_NZ_CP031214.1	2940710	2945170	4461	-	mukB	chromosome partition protein MukB	C600	cds-WP_000572698.1	DK885_RS15310	GO:0007059,GO:0030261,GO:0003677
C600_DK885_RS15315	C600_NZ_CP031214.1	2945170	2945874	705	-	mukE	chromosome partition protein MukE	C600	cds-WP_001295347.1	DK885_RS15315	GO:0007059,GO:0030261
C600_DK885_RS15320	C600_NZ_CP031214.1	2945855	2947177	1323	-	mukF	chromosome partition protein MukF	C600	cds-WP_001288850.1	DK885_RS15320	GO:0007059,GO:0005509
C600_DK885_RS15325	C600_NZ_CP031214.1	2947174	2947959	786	-	cmoM	tRNA uridine 5-oxyacetic acid(34) methyltransferase CmoM	C600	cds-WP_001298300.1	DK885_RS15325	
C600_DK885_RS15330	C600_NZ_CP031214.1	2948095	2948874	780	+	elyC	envelope biogenesis factor ElyC	C600	cds-WP_000899600.1	DK885_RS15330	
C600_DK885_RS15335	C600_NZ_CP031214.1	2948851	2949744	894	-	ycbJ	YcbJ family phosphotransferase	C600	cds-WP_000436922.1	DK885_RS15335	
C600_DK885_RS15340	C600_NZ_CP031214.1	2949898	2950644	747	-	kdsB	3-deoxy-manno-octulosonate cytidylyltransferase	C600	cds-WP_000011603.1	DK885_RS15340	GO:0009244,GO:0008690
C600_DK885_RS15345	C600_NZ_CP031214.1	2950641	2950823	183	-	ycaR	protein YcaR	C600	cds-WP_000350058.1	DK885_RS15345	
C600_DK885_RS15350	C600_NZ_CP031214.1	2950875	2952107	1233	-	ycaQ	crosslink repair DNA glycosylase YcaQ	C600	cds-WP_000056538.1	DK885_RS15350	
C600_DK885_RS15355	C600_NZ_CP031214.1	2952144	2953130	987	-	lpxK	tetraacyldisaccharide 4'-kinase	C600	cds-WP_000570539.1	DK885_RS15355	GO:0009245,GO:0009029
C600_DK885_RS15360	C600_NZ_CP031214.1	2953127	2954875	1749	-	msbA	lipid A ABC transporter ATP-binding protein/permease MsbA	C600	cds-WP_000551270.1	DK885_RS15360	GO:0055085,GO:0005524,GO:0034040,GO:0140359,GO:0016020
C600_DK885_RS15365	C600_NZ_CP031214.1	2954912	2957176	2265	-	ycaI	ComEC family protein	C600	cds-WP_000705764.1	DK885_RS15365	GO:0030420,GO:0016020
C600_DK885_RS15370	C600_NZ_CP031214.1	2957384	2957668	285	-	ihfB	integration host factor subunit beta	C600	cds-WP_000167336.1	DK885_RS15370	GO:0006310,GO:0006355,GO:0006417,GO:0075713,GO:0003677,GO:0005694
C600_DK885_RS15375	C600_NZ_CP031214.1	2957828	2959501	1674	-	rpsA	30S ribosomal protein S1	C600	cds-WP_000140327.1	DK885_RS15375	GO:0006412,GO:0003723,GO:0003735,GO:0005840
C600_DK885_RS15380	C600_NZ_CP031214.1	2959612	2960295	684	-	cmk	(d)CMP kinase	C600	cds-WP_000125016.1	DK885_RS15380	GO:0015949,GO:0004127,GO:0005524
C600_DK885_RS15385	C600_NZ_CP031214.1	2960468	2961232	765	-	ycaL	metallopeptidase YcaL	C600	cds-WP_001350496.1	DK885_RS15385	
C600_DK885_RS15390	C600_NZ_CP031214.1	2961401	2962684	1284	-	aroA	3-phosphoshikimate 1-carboxyvinyltransferase	C600	cds-WP_000445231.1	DK885_RS15390	GO:0009073,GO:0003866
C600_DK885_RS15395	C600_NZ_CP031214.1	2962755	2963843	1089	-	serC	3-phosphoserine/phosphohydroxythreonine transaminase	C600	cds-WP_000057138.1	DK885_RS15395	GO:0006564,GO:0003824,GO:0004648
C600_DK885_RS15400	C600_NZ_CP031214.1	2964042	2964734	693	-	ycaP	DUF421 domain-containing protein	C600	cds-WP_000642849.1	DK885_RS15400	GO:0016020
C600_DK885_RS15405	C600_NZ_CP031214.1	2964864	2966624	1761	+	ycaO	30S ribosomal protein S12 methylthiotransferase accessory factor YcaO	C600	cds-WP_001295344.1	DK885_RS15405	
C600_DK885_RS15410	C600_NZ_CP031214.1	2967030	2967887	858	+	focA	formate transporter FocA	C600	cds-WP_000642546.1	DK885_RS15410	
C600_DK885_RS15415	C600_NZ_CP031214.1	2967942	2970224	2283	+	pflB	formate C-acetyltransferase	C600	cds-WP_001292822.1	DK885_RS15415	GO:0005975,GO:0008861,GO:0005737
C600_DK885_RS15420	C600_NZ_CP031214.1	2970416	2971156	741	+	pflA	pyruvate formate lyase 1-activating protein	C600	cds-WP_000111043.1	DK885_RS15420	GO:0043365,GO:0051539
C600_DK885_RS15425	C600_NZ_CP031214.1	2971238	2971828	591	-	ycaK	NAD(P)H oxidoreductase	C600	cds-WP_001190363.1	DK885_RS15425	
C600_DK885_RS15430	C600_NZ_CP031214.1	2971928	2972836	909	+	ycaN	LysR family transcriptional regulator	C600	cds-WP_001242684.1	DK885_RS15430	GO:0006355,GO:0003677,GO:0003700
C600_DK885_RS15435	C600_NZ_CP031214.1	2972837	2974267	1431	-	ycaM	APC family permease	C600	cds-WP_000918506.1	DK885_RS15435	GO:0006865,GO:0055085,GO:0015171,GO:0022857,GO:0016020
C600_DK885_RS15440	C600_NZ_CP031214.1	2974477	2975625	1149	-	ycaD	MFS transporter	C600	cds-WP_000109259.1	DK885_RS15440	
C600_DK885_RS15445	C600_NZ_CP031214.1	2975939	2976565	627	+	ycaC	isochorismate family cysteine hydrolase YcaC	C600	cds-WP_000165879.1	DK885_RS15445	GO:0016787
C600_DK885_RS15450	C600_NZ_CP031214.1	2976600	2977463	864	-	dmsC	dimethyl sulfoxide reductase anchor subunit DmsC	C600	cds-WP_000534637.1	DK885_RS15450	
C600_DK885_RS15455	C600_NZ_CP031214.1	2977465	2978082	618	-	dmsB	dimethylsulfoxide reductase iron-sulfur subunit DmsB	C600	cds-WP_000213098.1	DK885_RS15455	
C600_DK885_RS15460	C600_NZ_CP031214.1	2978093	2980537	2445	-	dmsA	dimethylsulfoxide reductase subunit A	C600	cds-WP_000850303.1	DK885_RS15460	GO:0009389,GO:0030151
C600_DK885_RS15465	C600_NZ_CP031214.1	2980776	2982068	1293	-	serS	serine--tRNA ligase	C600	cds-WP_000886683.1	DK885_RS15465	GO:0006434,GO:0000166,GO:0004828,GO:0005524
C600_DK885_RS15470	C600_NZ_CP031214.1	2982159	2983502	1344	-	rarA	replication-associated recombination protein RarA	C600	cds-WP_000067755.1	DK885_RS15470	
C600_DK885_RS15475	C600_NZ_CP031214.1	2983513	2984124	612	-	lolA	outer membrane lipoprotein chaperone LolA	C600	cds-WP_001295343.1	DK885_RS15475	GO:0042953,GO:0042597
C600_DK885_RS15480	C600_NZ_CP031214.1	2984283	2988272	3990	-	ftsK	DNA translocase FtsK	C600	cds-WP_000076967.1	DK885_RS15480	GO:0003677,GO:0005524
C600_DK885_RS15485	C600_NZ_CP031214.1	2988407	2988901	495	-	lrp	leucine-responsive transcriptional regulator Lrp	C600	cds-WP_000228473.1	DK885_RS15485	
C600_DK885_RS15495	C600_NZ_CP031214.1	2989446	2990411	966	+	trxB	thioredoxin-disulfide reductase	C600	cds-WP_000537418.1	DK885_RS15495	GO:0019430,GO:0004791
C600_DK885_RS15500	C600_NZ_CP031214.1	2990534	2992300	1767	+	cydD	heme ABC transporter permease/ATP-binding protein CydD	C600	cds-WP_001043598.1	DK885_RS15500	GO:0005524,GO:0140359,GO:0016020
C600_DK885_RS15505	C600_NZ_CP031214.1	2992301	2994022	1722	+	cydC	heme ABC transporter ATP-binding protein/permease CydC	C600	cds-WP_001202177.1	DK885_RS15505	GO:0045454,GO:0005524,GO:0042626,GO:0140359,GO:0016020
C600_DK885_RS15510	C600_NZ_CP031214.1	2994064	2994768	705	+	aat	leucyl/phenylalanyl-tRNA--protein transferase	C600	cds-WP_001241678.1	DK885_RS15510	GO:0006508,GO:0008914
C600_DK885_RS15515	C600_NZ_CP031214.1	2995053	2995271	219	+	infA	translation initiation factor IF-1	C600	cds-WP_001040187.1	DK885_RS15515	GO:0006413,GO:0003743
C600_DK885_RS15525	C600_NZ_CP031214.1	2995956	2998232	2277	-	clpA	ATP-dependent Clp protease ATP-binding subunit ClpA	C600	cds-WP_000934041.1	DK885_RS15525	GO:0043335,GO:0005524,GO:0016887
C600_DK885_RS15530	C600_NZ_CP031214.1	2998263	2998583	321	-	clpS	ATP-dependent Clp protease adapter ClpS	C600	cds-WP_000520781.1	DK885_RS15530	GO:0006508
C600_DK885_RS24275	C600_NZ_CP031214.1	2998682	2998756	75	-	yljB	protein YljB	C600	cds-WP_001406719.1	DK885_RS24275	
C600_DK885_RS15535	C600_NZ_CP031214.1	2998906	2999130	225	+	cspD	cold shock-like protein CspD	C600	cds-WP_000410785.1	DK885_RS15535	
C600_DK885_RS15540	C600_NZ_CP031214.1	2999203	3001149	1947	-	macB	macrolide ABC transporter ATP-binding protein/permease MacB	C600	cds-WP_000188144.1	DK885_RS15540	GO:0005524,GO:0022857,GO:1990195
C600_DK885_RS15545	C600_NZ_CP031214.1	3001146	3002261	1116	-	macA	macrolide transporter subunit MacA	C600	cds-WP_000746442.1	DK885_RS15545	GO:1990961,GO:0022857,GO:0019898,GO:1990195
C600_DK885_RS15550	C600_NZ_CP031214.1	3002412	3003368	957	+	ybjX	VirK/YbjX family protein	C600	cds-WP_001380339.1	DK885_RS15550	
C600_DK885_RS15555	C600_NZ_CP031214.1	3003365	3005023	1659	-	ybjD	ATP-dependent endonuclease	C600	cds-WP_000599802.1	DK885_RS15555	
C600_DK885_RS15560	C600_NZ_CP031214.1	3005449	3006144	696	+	aqpZ	aquaporin Z	C600	cds-WP_001298299.1	DK885_RS15560	GO:0006833,GO:0015250
C600_DK885_RS15570	C600_NZ_CP031214.1	3006639	3007538	900	+	lysO	L-lysine exporter LysO	C600	cds-WP_000491142.1	DK885_RS15570	
C600_DK885_RS15575	C600_NZ_CP031214.1	3007682	3009334	1653	+	hcp	hydroxylamine reductase	C600	cds-WP_000458809.1	DK885_RS15575	GO:0016661,GO:0051536
C600_DK885_RS15580	C600_NZ_CP031214.1	3009346	3010314	969	+	hcr	NADH oxidoreductase	C600	cds-WP_000178677.1	DK885_RS15580	GO:0016491,GO:0051536
C600_DK885_RS15585	C600_NZ_CP031214.1	3010447	3012165	1719	+	poxB	ubiquinone-dependent pyruvate dehydrogenase	C600	cds-WP_000815337.1	DK885_RS15585	GO:0006090,GO:0000287,GO:0030976,GO:0052737
C600_DK885_RS15590	C600_NZ_CP031214.1	3012202	3013203	1002	+	ltaE	low-specificity L-threonine aldolase	C600	cds-WP_000566376.1	DK885_RS15590	GO:0006520,GO:0016829
C600_DK885_RS15595	C600_NZ_CP031214.1	3013214	3014644	1431	+	ybjT	SDR family oxidoreductase	C600	cds-WP_001136554.1	DK885_RS15595	
C600_DK885_RS15600	C600_NZ_CP031214.1	3014743	3015756	1014	+	ybjS	NAD-dependent epimerase/dehydratase family protein	C600	cds-WP_001338420.1	DK885_RS15600	GO:0016491,GO:0051287,GO:0070403
C600_DK885_RS15605	C600_NZ_CP031214.1	3015753	3016583	831	-	amiD	N-acetylmuramoyl-L-alanine amidase AmiD	C600	cds-WP_001252135.1	DK885_RS15605	
C600_DK885_RS15610	C600_NZ_CP031214.1	3016580	3016903	324	-	ybjQ	heavy metal-binding domain-containing protein	C600	cds-WP_001160737.1	DK885_RS15610	
C600_DK885_RS15615	C600_NZ_CP031214.1	3017029	3017544	516	+	ybjP	lipoprotein	C600	cds-WP_001270734.1	DK885_RS15615	
C600_DK885_RS15620	C600_NZ_CP031214.1	3017762	3018490	729	+	artP	arginine ABC transporter ATP-binding protein ArtP	C600	cds-WP_000027205.1	DK885_RS15620	GO:0003333,GO:0005524,GO:0015424,GO:0043190
C600_DK885_RS15625	C600_NZ_CP031214.1	3018508	3019239	732	+	artI	arginine ABC transporter substrate-binding protein ArtI	C600	cds-WP_000756569.1	DK885_RS15625	GO:0015424,GO:0043190
C600_DK885_RS15630	C600_NZ_CP031214.1	3019246	3019962	717	+	artQ	arginine ABC transporter permease ArtQ	C600	cds-WP_001001691.1	DK885_RS15630	GO:0055085,GO:0071705,GO:0022857,GO:0016020,GO:0043190
C600_DK885_RS15635	C600_NZ_CP031214.1	3019962	3020630	669	+	artM	arginine ABC transporter permease ArtM	C600	cds-WP_000464491.1	DK885_RS15635	GO:0071705,GO:0022857,GO:0016020,GO:0043190
C600_DK885_RS15640	C600_NZ_CP031214.1	3020921	3021652	732	+	artJ	arginine ABC transporter substrate-binding protein ArtJ	C600	cds-WP_001295339.1	DK885_RS15640	
C600_DK885_RS15645	C600_NZ_CP031214.1	3021851	3022978	1128	-	rlmC	23S rRNA (uracil(747)-C(5))-methyltransferase RlmC	C600	cds-WP_001149682.1	DK885_RS15645	GO:0016070,GO:0008649
C600_DK885_RS15650	C600_NZ_CP031214.1	3023019	3023507	489	-	ybjO	YbjO family protein	C600	cds-WP_000389260.1	DK885_RS15650	
C600_DK885_RS15655	C600_NZ_CP031214.1	3023567	3024412	846	-	potI	putrescine ABC transporter permease PotI	C600	cds-WP_001061658.1	DK885_RS15655	GO:0055085
C600_DK885_RS15660	C600_NZ_CP031214.1	3024409	3025362	954	-	potH	putrescine ABC transporter permease PotH	C600	cds-WP_000105430.1	DK885_RS15660	GO:0055085,GO:0016020
C600_DK885_RS15665	C600_NZ_CP031214.1	3025372	3026505	1134	-	potG	putrescine ABC transporter ATP-binding subunit PotG	C600	cds-WP_000996005.1	DK885_RS15665	GO:0015846,GO:0055085,GO:0005524,GO:0015417,GO:0022857,GO:0043190
C600_DK885_RS15670	C600_NZ_CP031214.1	3026600	3027712	1113	-	potF	spermidine/putrescine ABC transporter substrate-binding protein PotF	C600	cds-WP_000126072.1	DK885_RS15670	GO:0015846,GO:0019808,GO:0042597
C600_DK885_RS15680	C600_NZ_CP031214.1	3028063	3028539	477	-	ybjN	YbjN domain-containing protein	C600	cds-WP_000203025.1	DK885_RS15680	
C600_DK885_RS15685	C600_NZ_CP031214.1	3028627	3029529	903	-	rimK	30S ribosomal protein S6--L-glutamate ligase	C600	cds-WP_000684321.1	DK885_RS15685	GO:0036211,GO:0005524,GO:0046872
C600_DK885_RS15690	C600_NZ_CP031214.1	3029590	3030312	723	-	nfsA	nitroreductase NfsA	C600	cds-WP_000189159.1	DK885_RS15690	
C600_DK885_RS15695	C600_NZ_CP031214.1	3030296	3030583	288	-	ybjC	DUF1418 family protein	C600	cds-WP_001201560.1	DK885_RS15695	
C600_DK885_RS15700	C600_NZ_CP031214.1	3030743	3031000	258	+	grxA	glutaredoxin 1	C600	cds-WP_001195240.1	DK885_RS15700	
C600_DK885_RS15705	C600_NZ_CP031214.1	3031030	3031407	378	-	ybjM	inner membrane protein YbjM	C600	cds-WP_000681108.1	DK885_RS15705	
C600_DK885_RS15710	C600_NZ_CP031214.1	3031677	3033362	1686	+	ybjL	aspartate:alanine antiporter	C600	cds-WP_001024876.1	DK885_RS15710	GO:0006813,GO:0008324
C600_DK885_RS15715	C600_NZ_CP031214.1	3033537	3034073	537	-	rcdA	DNA-binding transcriptional regulator RcdA	C600	cds-WP_001295289.1	DK885_RS15715	
C600_DK885_RS15720	C600_NZ_CP031214.1	3034157	3035365	1209	+	ybjJ	MFS transporter	C600	cds-WP_000217859.1	DK885_RS15720	GO:0055085,GO:0022857,GO:0016020
C600_DK885_RS15725	C600_NZ_CP031214.1	3035365	3036180	816	+	ybjI	5-amino-6-(5-phospho-D-ribitylamino)uracil phosphatase	C600	cds-WP_000023565.1	DK885_RS15725	
C600_DK885_RS15730	C600_NZ_CP031214.1	3036266	3036550	285	+	ybjH	protein YbjH	C600	cds-WP_000605480.1	DK885_RS15730	
C600_DK885_RS15735	C600_NZ_CP031214.1	3036591	3037823	1233	-	mdfA	multidrug efflux MFS transporter MdfA	C600	cds-WP_001180089.1	DK885_RS15735	
C600_DK885_RS15740	C600_NZ_CP031214.1	3038108	3038704	597	+	ybjG	undecaprenyl-diphosphate phosphatase	C600	cds-WP_001295291.1	DK885_RS15740	GO:0050380,GO:0005886
C600_DK885_RS15745	C600_NZ_CP031214.1	3038762	3039520	759	+	deoR	DNA-binding transcriptional repressor DeoR	C600	cds-WP_000450121.1	DK885_RS15745	GO:0006355,GO:0003700
C600_DK885_RS15750	C600_NZ_CP031214.1	3039567	3040769	1203	-	dacC	serine-type D-Ala-D-Ala carboxypeptidase	C600	cds-WP_001300708.1	DK885_RS15750	
C600_DK885_RS15755	C600_NZ_CP031214.1	3041016	3041642	627	+	gstB	glutathione S-transferase GstB	C600	cds-WP_001295292.1	DK885_RS15755	
C600_DK885_RS15760	C600_NZ_CP031214.1	3041639	3042754	1116	-	yliI	aldose sugar dehydrogenase YliI	C600	cds-WP_000555031.1	DK885_RS15760	
C600_DK885_RS15765	C600_NZ_CP031214.1	3042865	3043248	384	-	bssR	biofilm formation regulator BssR	C600	cds-WP_000497137.1	DK885_RS15765	
C600_DK885_RS15770	C600_NZ_CP031214.1	3043461	3044786	1326	+	rimO	30S ribosomal protein S12 methylthiotransferase RimO	C600	cds-WP_000049367.1	DK885_RS15770	GO:0018339,GO:0008172,GO:0016740,GO:0016782,GO:0051539,GO:1904047,GO:0005737
C600_DK885_RS15775	C600_NZ_CP031214.1	3044833	3046161	1329	-	dgcI	GGDEF domain-containing protein	C600	cds-WP_000086904.1	DK885_RS15775	GO:0009966,GO:0009975
C600_DK885_RS15780	C600_NZ_CP031214.1	3046169	3048517	2349	-	pdeI	sensor domain-containing phosphodiesterase	C600	cds-WP_001360263.1	DK885_RS15780	GO:0007165,GO:0071111
C600_DK885_RS15785	C600_NZ_CP031214.1	3048695	3049606	912	-	gsiD	glutathione ABC transporter permease GsiD	C600	cds-WP_001236051.1	DK885_RS15785	GO:0055085,GO:0016020
C600_DK885_RS15790	C600_NZ_CP031214.1	3049609	3050529	921	-	gsiC	glutathione ABC transporter permease GsiC	C600	cds-WP_000936043.1	DK885_RS15790	GO:0055085,GO:0016020
C600_DK885_RS15795	C600_NZ_CP031214.1	3050547	3052085	1539	-	gsiB	glutathione ABC transporter substrate-binding protein GsiB	C600	cds-WP_000090140.1	DK885_RS15795	GO:0034775,GO:0034634,GO:0043190
C600_DK885_RS15800	C600_NZ_CP031214.1	3052105	3053976	1872	-	gsiA	glutathione ABC transporter ATP-binding protein GsiA	C600	cds-WP_001301279.1	DK885_RS15800	GO:0006810,GO:0000166,GO:0005524
C600_DK885_RS15805	C600_NZ_CP031214.1	3053963	3054928	966	-	iaaA	beta-aspartyl-peptidase	C600	cds-WP_000513781.1	DK885_RS15805	
C600_DK885_RS15810	C600_NZ_CP031214.1	3055132	3056367	1236	+	moeA	molybdopterin molybdotransferase MoeA	C600	cds-WP_000397340.1	DK885_RS15810	GO:0006777,GO:0032324
C600_DK885_RS15815	C600_NZ_CP031214.1	3056367	3057116	750	+	moeB	molybdopterin-synthase adenylyltransferase MoeB	C600	cds-WP_000829217.1	DK885_RS15815	GO:0006777,GO:0008641
C600_DK885_RS15820	C600_NZ_CP031214.1	3057192	3057854	663	-	fsa	fructose-6-phosphate aldolase	C600	cds-WP_001336208.1	DK885_RS15820	GO:0005975,GO:0016832
C600_DK885_RS15825	C600_NZ_CP031214.1	3057985	3058884	900	+	ybiY	glycyl-radical enzyme activating protein	C600	cds-WP_001295295.1	DK885_RS15825	
C600_DK885_RS15830	C600_NZ_CP031214.1	3058890	3061322	2433	+	ybiW	glycyl radical protein	C600	cds-WP_000209309.1	DK885_RS15830	
C600_DK885_RS15835	C600_NZ_CP031214.1	3061468	3062283	816	+	ybiV	sugar-phosphatase YbiV	C600	cds-WP_000114272.1	DK885_RS15835	
C600_DK885_RS15840	C600_NZ_CP031214.1	3062435	3063700	1266	+	ybiU	DUF1479 domain-containing protein	C600	cds-WP_000168797.1	DK885_RS15840	
C600_DK885_RS15845	C600_NZ_CP031214.1	3063941	3065533	1593	-	ybiT	ABC-F family ATPase	C600	cds-WP_000961458.1	DK885_RS15845	GO:0005524,GO:0016887
C600_DK885_RS15850	C600_NZ_CP031214.1	3065752	3066672	921	+	ldtB	L,D-transpeptidase	C600	cds-WP_001056384.1	DK885_RS15850	
C600_DK885_RS15855	C600_NZ_CP031214.1	3066731	3067849	1119	-	ybiR	anion transporter	C600	cds-WP_000056457.1	DK885_RS15855	
C600_DK885_RS15860	C600_NZ_CP031214.1	3067846	3068313	468	-	mntR	manganese-binding transcriptional regulator MntR	C600	cds-WP_000091016.1	DK885_RS15860	GO:0006355,GO:0003677,GO:0003700,GO:0046914,GO:0046983
C600_DK885_RS15865	C600_NZ_CP031214.1	3068499	3068627	129	+	mntS	manganase accumulation protein MntS	C600	cds-WP_001001761.1	DK885_RS15865	
C600_DK885_RS15870	C600_NZ_CP031214.1	3068899	3070482	1584	+	opgE	phosphoethanolamine transferase	C600	cds-WP_001054678.1	DK885_RS15870	
C600_DK885_RS15875	C600_NZ_CP031214.1	3070531	3071046	516	-	ompX	outer membrane protein OmpX	C600	cds-WP_001295296.1	DK885_RS15875	
C600_DK885_RS24000	C600_NZ_CP031214.1	3071099	3071164	66	-	WP_120795379.1	protein YliM	C600	cds-WP_120795379.1	DK885_RS24000	
C600_DK885_RS15880	C600_NZ_CP031214.1	3071399	3072286	888	+	rhtA	threonine/homoserine exporter RhtA	C600	cds-WP_001295297.1	DK885_RS15880	
C600_DK885_RS15890	C600_NZ_CP031214.1	3072585	3073088	504	+	dps	DNA starvation/stationary phase protection protein Dps	C600	cds-WP_000100800.1	DK885_RS15890	GO:0016722
C600_DK885_RS15905	C600_NZ_CP031214.1	3073492	3074238	747	+	glnH	glutamine ABC transporter substrate-binding protein GlnH	C600	cds-WP_000843866.1	DK885_RS15905	GO:1903803,GO:0015599,GO:0043190
C600_DK885_RS15910	C600_NZ_CP031214.1	3074377	3075036	660	+	glnP	glutamine ABC transporter permease GlnP	C600	cds-WP_001159065.1	DK885_RS15910	GO:0055085,GO:0022857,GO:0016020,GO:0043190
C600_DK885_RS15915	C600_NZ_CP031214.1	3075033	3075755	723	+	glnQ	glutamine ABC transporter ATP-binding protein GlnQ	C600	cds-WP_000569083.1	DK885_RS15915	GO:0003333,GO:0005524,GO:0015424
C600_DK885_RS15920	C600_NZ_CP031214.1	3076016	3078241	2226	+	ybiO	mechanosensitive channel protein	C600	cds-WP_001267253.1	DK885_RS15920	GO:0055085
C600_DK885_RS15925	C600_NZ_CP031214.1	3078238	3079164	927	-	rlmF	23S rRNA (adenine(1618)-N(6))-methyltransferase RlmF	C600	cds-WP_001295299.1	DK885_RS15925	GO:0006364,GO:0008988
C600_DK885_RS24005	C600_NZ_CP031214.1	3079440	3079700	261	+	mcbA	DUF1471 family periplasmic protein McbA	C600	cds-WP_000710619.1	DK885_RS24005	
C600_DK885_RS15935	C600_NZ_CP031214.1	3079965	3082247	2283	+	fiu	catecholate siderophore receptor Fiu	C600	cds-WP_000430057.1	DK885_RS15935	GO:0015891,GO:0015344
C600_DK885_RS15940	C600_NZ_CP031214.1	3082289	3082966	678	+	ybiX	PKHD-type hydroxylase YbiX	C600	cds-WP_000990177.1	DK885_RS15940	
C600_DK885_RS15945	C600_NZ_CP031214.1	3083040	3083306	267	+	ybiI	C4-type zinc finger protein YbiI	C600	cds-WP_000146343.1	DK885_RS15945	
C600_DK885_RS15950	C600_NZ_CP031214.1	3083571	3083831	261	+	ybiJ	DUF1471 family protein YbiJ	C600	cds-WP_000849301.1	DK885_RS15950	
C600_DK885_RS24280	C600_NZ_CP031214.1	3083934	3083993	60	-	ybiE	protein YbiE	C600	cds-WP_211180490.1	DK885_RS24280	
C600_DK885_RS15955	C600_NZ_CP031214.1	3084060	3085145	1086	-	hcxB	hydroxycarboxylate dehydrogenase HcXB	C600	cds-WP_000443530.1	DK885_RS15955	
C600_DK885_RS15960	C600_NZ_CP031214.1	3085286	3086248	963	-	ybiB	DNA-binding protein YbiB	C600	cds-WP_000386551.1	DK885_RS15960	
C600_DK885_RS15965	C600_NZ_CP031214.1	3086276	3088426	2151	-	dinG	ATP-dependent DNA helicase DinG	C600	cds-WP_001340191.1	DK885_RS15965	GO:0006139,GO:0003677,GO:0003678,GO:0005524,GO:0016818
C600_DK885_RS15975	C600_NZ_CP031214.1	3088546	3089028	483	+	ybiA	N-glycosidase YbiA	C600	cds-WP_001145126.1	DK885_RS15975	
C600_DK885_RS15980	C600_NZ_CP031214.1	3089260	3090624	1365	-	rhlE	ATP-dependent RNA helicase RhlE	C600	cds-WP_000007101.1	DK885_RS15980	GO:0003724
C600_DK885_RS15985	C600_NZ_CP031214.1	3090853	3091524	672	+	cecR	DNA-binding transcriptional regulator CecR	C600	cds-WP_001296991.1	DK885_RS15985	
C600_DK885_RS15990	C600_NZ_CP031214.1	3091527	3092522	996	+	hlyD	secretion protein HlyD	C600	cds-WP_001393495.1	DK885_RS15990	
C600_DK885_RS15995	C600_NZ_CP031214.1	3092515	3094251	1737	+	ybhF	ATP-binding cassette domain-containing protein	C600	cds-WP_000996107.1	DK885_RS15995	GO:0005524
C600_DK885_RS16000	C600_NZ_CP031214.1	3094244	3095377	1134	+	ybhS	ABC transporter permease	C600	cds-WP_000070131.1	DK885_RS16000	GO:0140359,GO:0016020
C600_DK885_RS16005	C600_NZ_CP031214.1	3095388	3096494	1107	+	ybhR	ABC transporter permease	C600	cds-WP_000469031.1	DK885_RS16005	GO:0055085,GO:0042626,GO:0140359,GO:0016020,GO:0043190
C600_DK885_RS16010	C600_NZ_CP031214.1	3096456	3096866	411	-	ybhQ	YbhQ family protein	C600	cds-WP_000871982.1	DK885_RS16010	
C600_DK885_RS16015	C600_NZ_CP031214.1	3096999	3097760	762	+	ybhP	endonuclease/exonuclease/phosphatase family protein	C600	cds-WP_001113348.1	DK885_RS16015	GO:0003824
C600_DK885_RS16020	C600_NZ_CP031214.1	3097757	3098998	1242	+	clsB	cardiolipin synthase ClsB	C600	cds-WP_000650337.1	DK885_RS16020	GO:0032049,GO:0008808
C600_DK885_RS16025	C600_NZ_CP031214.1	3098998	3099954	957	+	ybhN	lysylphosphatidylglycerol synthase domain-containing protein	C600	cds-WP_000045450.1	DK885_RS16025	
C600_DK885_RS16030	C600_NZ_CP031214.1	3099990	3100703	714	-	ybhM	Bax inhibitor-1/YccA family protein	C600	cds-WP_000446911.1	DK885_RS16030	GO:0016020
C600_DK885_RS16035	C600_NZ_CP031214.1	3100908	3101612	705	-	ybhL	Bax inhibitor-1/YccA family protein	C600	cds-WP_000373624.1	DK885_RS16035	GO:0016020
C600_DK885_RS16040	C600_NZ_CP031214.1	3101749	3102201	453	-	moaE	molybdopterin synthase catalytic subunit MoaE	C600	cds-WP_000852296.1	DK885_RS16040	GO:0006777
C600_DK885_RS16045	C600_NZ_CP031214.1	3102203	3102448	246	-	moaD	molybdopterin synthase sulfur carrier subunit	C600	cds-WP_000598619.1	DK885_RS16045	GO:0006777
C600_DK885_RS16050	C600_NZ_CP031214.1	3102441	3102926	486	-	moaC	cyclic pyranopterin monophosphate synthase MoaC	C600	cds-WP_000080885.1	DK885_RS16050	GO:0006777,GO:0061799
C600_DK885_RS16055	C600_NZ_CP031214.1	3102929	3103441	513	-	moaB	molybdenum cofactor biosynthesis protein B	C600	cds-WP_000084639.1	DK885_RS16055	GO:0006777,GO:0003824
C600_DK885_RS16060	C600_NZ_CP031214.1	3103463	3104452	990	-	moaA	GTP 3',8-cyclase MoaA	C600	cds-WP_001350494.1	DK885_RS16060	GO:0006777,GO:0046872,GO:0051539
C600_DK885_RS16065	C600_NZ_CP031214.1	3104849	3105757	909	+	yvcK	uridine diphosphate-N-acetylglucosamine-binding protein YvcK	C600	cds-WP_001295302.1	DK885_RS16065	
C600_DK885_RS16070	C600_NZ_CP031214.1	3105949	3107970	2022	-	uvrB	excinuclease ABC subunit UvrB	C600	cds-WP_000042533.1	DK885_RS16070	GO:0006289,GO:0003677,GO:0005524,GO:0016887,GO:0009380
C600_DK885_RS16075	C600_NZ_CP031214.1	3108549	3109226	678	-	bioD	dethiobiotin synthase	C600	cds-WP_000044843.1	DK885_RS16075	GO:0009102,GO:0000287,GO:0004141,GO:0005524
C600_DK885_RS16080	C600_NZ_CP031214.1	3109219	3109974	756	-	bioC	malonyl-ACP O-methyltransferase BioC	C600	cds-WP_000246761.1	DK885_RS16080	GO:0009102,GO:0010340
C600_DK885_RS16085	C600_NZ_CP031214.1	3109961	3111115	1155	-	bioF	8-amino-7-oxononanoate synthase	C600	cds-WP_000118826.1	DK885_RS16085	GO:0009102,GO:0008710
C600_DK885_RS16090	C600_NZ_CP031214.1	3111112	3112152	1041	-	bioB	biotin synthase BioB	C600	cds-WP_000951213.1	DK885_RS16090	GO:0009102,GO:0004076,GO:0051536,GO:1904047
C600_DK885_RS16095	C600_NZ_CP031214.1	3112239	3113528	1290	+	bioA	adenosylmethionine--8-amino-7-oxononanoate transaminase	C600	cds-WP_001295303.1	DK885_RS16095	GO:0009102,GO:0004015,GO:0030170
C600_DK885_RS16100	C600_NZ_CP031214.1	3113587	3114063	477	+	ybhB	kinase inhibitor	C600	cds-WP_000767389.1	DK885_RS16100	
C600_DK885_RS16110	C600_NZ_CP031214.1	3114215	3115498	1284	+	ybhC	putative acyl-CoA thioester hydrolase	C600	cds-WP_001091569.1	DK885_RS16110	GO:0042545,GO:0030599
C600_DK885_RS16115	C600_NZ_CP031214.1	3115732	3117993	2262	-	ybhJ	hydratase	C600	cds-WP_000593938.1	DK885_RS16115	
C600_DK885_RS16120	C600_NZ_CP031214.1	3118176	3119609	1434	-	ybhI	anion permease	C600	cds-WP_001036475.1	DK885_RS16120	GO:0022857,GO:0005886
C600_DK885_RS16125	C600_NZ_CP031214.1	3119685	3120737	1053	-	ybhH	4-oxalomesaconate tautomerase	C600	cds-WP_000723652.1	DK885_RS16125	
C600_DK885_RS16130	C600_NZ_CP031214.1	3120921	3121874	954	+	ybhD	LysR family transcriptional regulator	C600	cds-WP_001350493.1	DK885_RS16130	GO:0003677,GO:0003700,GO:0005829
C600_DK885_RS16135	C600_NZ_CP031214.1	3121915	3122910	996	-	pgl	6-phosphogluconolactonase	C600	cds-WP_000815435.1	DK885_RS16135	GO:0017057
C600_DK885_RS16140	C600_NZ_CP031214.1	3123065	3123883	819	+	ybhA	bifunctional pyridoxal phosphate/fructose-1,6-bisphosphate phosphatase	C600	cds-WP_001300666.1	DK885_RS16140	
C600_DK885_RS16145	C600_NZ_CP031214.1	3123884	3124942	1059	-	modC	molybdenum ABC transporter ATP-binding protein ModC	C600	cds-WP_000891692.1	DK885_RS16145	GO:0015689,GO:0005524,GO:0015098,GO:0016020
C600_DK885_RS16150	C600_NZ_CP031214.1	3124945	3125634	690	-	modB	molybdate ABC transporter permease subunit	C600	cds-WP_000604034.1	DK885_RS16150	GO:0015689,GO:0015098,GO:0016020
C600_DK885_RS16155	C600_NZ_CP031214.1	3125634	3126407	774	-	modA	molybdate ABC transporter substrate-binding protein	C600	cds-WP_000101984.1	DK885_RS16155	GO:0015689
C600_DK885_RS16165	C600_NZ_CP031214.1	3126574	3126723	150	-	acrZ	multidrug efflux pump accessory protein AcrZ	C600	cds-WP_000891515.1	DK885_RS16165	
C600_DK885_RS16170	C600_NZ_CP031214.1	3126852	3127640	789	+	modE	molybdenum-dependent transcriptional regulator	C600	cds-WP_001147439.1	DK885_RS16170	GO:0006355,GO:0015689,GO:0003700,GO:0030151
C600_DK885_RS16175	C600_NZ_CP031214.1	3127708	3129180	1473	+	modF	molybdate ABC transporter ATP-binding protein ModF	C600	cds-WP_000096869.1	DK885_RS16175	GO:0005524
C600_DK885_RS16180	C600_NZ_CP031214.1	3129441	3130457	1017	+	galE	UDP-glucose 4-epimerase GalE	C600	cds-WP_001265438.1	DK885_RS16180	GO:0006012,GO:0003978
C600_DK885_RS16185	C600_NZ_CP031214.1	3130467	3131513	1047	+	galT	galactose-1-phosphate uridylyltransferase	C600	cds-WP_000191497.1	DK885_RS16185	GO:0006012,GO:0008108,GO:0008270
C600_DK885_RS16190	C600_NZ_CP031214.1	3131517	3132665	1149	+	galK	galactokinase	C600	cds-WP_000053415.1	DK885_RS16190	GO:0006012,GO:0046835,GO:0004335,GO:0005524
C600_DK885_RS16195	C600_NZ_CP031214.1	3132659	3133699	1041	+	galM	galactose-1-epimerase	C600	cds-WP_000931389.1	DK885_RS16195	GO:0006012,GO:0004034
C600_DK885_RS16200	C600_NZ_CP031214.1	3133901	3134653	753	+	gpmA	2,3-diphosphoglycerate-dependent phosphoglycerate mutase	C600	cds-WP_001295305.1	DK885_RS16200	GO:0006096,GO:0004619
C600_DK885_RS16205	C600_NZ_CP031214.1	3134811	3135863	1053	-	aroG	3-deoxy-7-phosphoheptulonate synthase AroG	C600	cds-WP_001109196.1	DK885_RS16205	
C600_DK885_RS16215	C600_NZ_CP031214.1	3136179	3136559	381	+	ybgS	YbgS-like family protein	C600	cds-WP_000784351.1	DK885_RS16215	
C600_DK885_RS16220	C600_NZ_CP031214.1	3136673	3137614	942	+	zitB	CDF family zinc transporter ZitB	C600	cds-WP_000951292.1	DK885_RS16220	GO:0006829,GO:0055085,GO:0005385,GO:0016020
C600_DK885_RS16225	C600_NZ_CP031214.1	3137611	3138330	720	-	pnuC	nicotinamide riboside transporter PnuC	C600	cds-WP_000345410.1	DK885_RS16225	
C600_DK885_RS16230	C600_NZ_CP031214.1	3138368	3139411	1044	-	nadA	quinolinate synthase NadA	C600	cds-WP_000115290.1	DK885_RS16230	GO:0009435,GO:0008987,GO:0051539
C600_DK885_RS16275	C600_NZ_CP031214.1	3141107	3141898	792	-	cpoB	cell division protein CpoB	C600	cds-WP_000097571.1	DK885_RS16275	GO:0051301,GO:0070206,GO:0005515
C600_DK885_RS16280	C600_NZ_CP031214.1	3141908	3142429	522	-	pal	peptidoglycan-associated lipoprotein Pal	C600	cds-WP_001295306.1	DK885_RS16280	
C600_DK885_RS16285	C600_NZ_CP031214.1	3142464	3143756	1293	-	tolB	Tol-Pal system beta propeller repeat protein TolB	C600	cds-WP_001295307.1	DK885_RS16285	GO:0017038,GO:0005215,GO:0042597
C600_DK885_RS16290	C600_NZ_CP031214.1	3143889	3145154	1266	-	tolA	cell envelope integrity protein TolA	C600	cds-WP_000030637.1	DK885_RS16290	GO:0043213,GO:0019534,GO:0016020
C600_DK885_RS16295	C600_NZ_CP031214.1	3145219	3145647	429	-	tolR	colicin uptake protein TolR	C600	cds-WP_000090097.1	DK885_RS16295	
C600_DK885_RS16300	C600_NZ_CP031214.1	3145651	3146343	693	-	tolQ	Tol-Pal system protein TolQ	C600	cds-WP_000131314.1	DK885_RS16300	
C600_DK885_RS16305	C600_NZ_CP031214.1	3146340	3146744	405	-	ybgC	tol-pal system-associated acyl-CoA thioesterase	C600	cds-WP_001098384.1	DK885_RS16305	
C600_DK885_RS16310	C600_NZ_CP031214.1	3146894	3147187	294	-	ybgE	cyd operon protein YbgE	C600	cds-WP_000034602.1	DK885_RS16310	
C600_DK885_RS16315	C600_NZ_CP031214.1	3147187	3147300	114	-	cydX	cytochrome bd-I oxidase subunit CydX	C600	cds-WP_000270282.1	DK885_RS16315	GO:0016682
C600_DK885_RS16320	C600_NZ_CP031214.1	3147315	3148454	1140	-	cydB	cytochrome d ubiquinol oxidase subunit II	C600	cds-WP_000568275.1	DK885_RS16320	GO:0016020
C600_DK885_RS16325	C600_NZ_CP031214.1	3148470	3150038	1569	-	cydA	cytochrome ubiquinol oxidase subunit I	C600	cds-WP_000884361.1	DK885_RS16325	GO:0019646,GO:0009055,GO:0070069
C600_DK885_RS16335	C600_NZ_CP031214.1	3150885	3153518	2634	-	mngB	mannosylglycerate hydrolase	C600	cds-WP_000648976.1	DK885_RS16335	GO:0006013,GO:0004559
C600_DK885_RS16340	C600_NZ_CP031214.1	3153536	3155452	1917	-	mngA	PTS 2-O-a-mannosyl-D-glycerate transporter subunit IIABC	C600	cds-WP_001054864.1	DK885_RS16340	GO:0009401,GO:0005351,GO:0022877,GO:0016020
C600_DK885_RS16345	C600_NZ_CP031214.1	3155621	3156343	723	+	mngR	mannosyl-D-glycerate transport/metabolism system transcriptional repressor MngR	C600	cds-WP_000509902.1	DK885_RS16345	
C600_DK885_RS16350	C600_NZ_CP031214.1	3156447	3157316	870	-	sucD	succinate--CoA ligase subunit alpha	C600	cds-WP_000025458.1	DK885_RS16350	GO:0003824
C600_DK885_RS16355	C600_NZ_CP031214.1	3157316	3158482	1167	-	sucC	ADP-forming succinate--CoA ligase subunit beta	C600	cds-WP_001048602.1	DK885_RS16355	GO:0006099,GO:0003824,GO:0005524,GO:0046872
C600_DK885_RS16360	C600_NZ_CP031214.1	3158757	3159974	1218	-	odhB	2-oxoglutarate dehydrogenase complex dihydrolipoyllysine-residue succinyltransferase	C600	cds-WP_000099823.1	DK885_RS16360	GO:0006099,GO:0004149,GO:0045252
C600_DK885_RS16365	C600_NZ_CP031214.1	3159989	3162790	2802	-	sucA	2-oxoglutarate dehydrogenase E1 component	C600	cds-WP_001181473.1	DK885_RS16365	GO:0006099,GO:0004591,GO:0030976,GO:0045252
C600_DK885_RS16370	C600_NZ_CP031214.1	3163091	3163807	717	-	sdhB	succinate dehydrogenase iron-sulfur subunit SdhB	C600	cds-WP_001235254.1	DK885_RS16370	
C600_DK885_RS16375	C600_NZ_CP031214.1	3163823	3165589	1767	-	sdhA	succinate dehydrogenase flavoprotein subunit	C600	cds-WP_000775540.1	DK885_RS16375	GO:0006099,GO:0016627,GO:0050660
C600_DK885_RS16380	C600_NZ_CP031214.1	3165589	3165936	348	-	sdhD	succinate dehydrogenase membrane anchor subunit	C600	cds-WP_000254365.1	DK885_RS16380	
C600_DK885_RS16385	C600_NZ_CP031214.1	3165930	3166334	405	-	sdhC	succinate dehydrogenase cytochrome b556 subunit	C600	cds-WP_000263347.1	DK885_RS16385	GO:0006099,GO:0000104,GO:0009055,GO:0016020,GO:0045273
C600_DK885_RS24010	C600_NZ_CP031214.1	3166715	3166822	108	+	WP_001305582.1	hypothetical protein	C600	cds-WP_001305582.1	DK885_RS24010	
C600_DK885_RS16400	C600_NZ_CP031214.1	3167028	3168311	1284	+	gltA	citrate synthase	C600	cds-WP_000785834.1	DK885_RS16400	GO:0006099,GO:0004108,GO:0005737
C600_DK885_RS16405	C600_NZ_CP031214.1	3168701	3169267	567	+	ybgD	fimbrial protein	C600	cds-WP_000472412.1	DK885_RS16405	GO:0007155,GO:0009289
C600_DK885_RS16410	C600_NZ_CP031214.1	3169318	3171774	2457	+	ybgQ	fimbria/pilus outer membrane usher protein	C600	cds-WP_001310647.1	DK885_RS16410	GO:0009297,GO:0015473,GO:0016020
C600_DK885_RS16415	C600_NZ_CP031214.1	3171789	3172517	729	+	ybgP	fimbrial biogenesis chaperone	C600	cds-WP_000142799.1	DK885_RS16415	GO:0043711,GO:0061077,GO:0030288
C600_DK885_RS16420	C600_NZ_CP031214.1	3172514	3173575	1062	+	ybgO	fimbrial protein	C600	cds-WP_001272410.1	DK885_RS16420	GO:0007155,GO:0009289
C600_DK885_RS16425	C600_NZ_CP031214.1	3173727	3174773	1047	+	abrB	AbrB family transcriptional regulator	C600	cds-WP_001336221.1	DK885_RS16425	GO:0010468,GO:0016020
C600_DK885_RS16430	C600_NZ_CP031214.1	3174770	3175561	792	-	nei	endonuclease VIII	C600	cds-WP_001113989.1	DK885_RS16430	GO:0006281,GO:0000703,GO:0003677,GO:0008270,GO:0140078
C600_DK885_RS16435	C600_NZ_CP031214.1	3175597	3176331	735	-	pxpA	5-oxoprolinase subunit PxpA	C600	cds-WP_000687112.1	DK885_RS16435	GO:0005975,GO:0003824
C600_DK885_RS16440	C600_NZ_CP031214.1	3176321	3177253	933	-	pxpC	5-oxoprolinase subunit PxpC	C600	cds-WP_000912724.1	DK885_RS16440	
C600_DK885_RS16445	C600_NZ_CP031214.1	3177247	3177903	657	-	pxpB	5-oxoprolinase subunit PxpB	C600	cds-WP_001188343.1	DK885_RS16445	GO:0005975,GO:0008152,GO:0017168
C600_DK885_RS16450	C600_NZ_CP031214.1	3177926	3178669	744	-	ybgI	radiation resistance protein YbgI	C600	cds-WP_000798871.1	DK885_RS16450	
C600_DK885_RS16455	C600_NZ_CP031214.1	3178940	3180421	1482	+	dtpD	dipeptide permease DtpD	C600	cds-WP_001032689.1	DK885_RS16455	
C600_DK885_RS16460	C600_NZ_CP031214.1	3180571	3181989	1419	-	phrB	deoxyribodipyrimidine photo-lyase	C600	cds-WP_000207142.1	DK885_RS16460	
C600_DK885_RS16465	C600_NZ_CP031214.1	3181986	3182495	510	-	ybgA	YbgA family protein	C600	cds-WP_001053305.1	DK885_RS16465	
C600_DK885_RS16470	C600_NZ_CP031214.1	3182646	3183404	759	-	ybfD	ISAs1 family transposase	C600	cds-DK885_RS16470	DK885_RS16470	GO:0004803
C600_DK885_RS16475	C600_NZ_CP031214.1	3183535	3184671	1137	-	ISAs1 family transposase	ISAs1 family transposase	C600	cds-DK885_RS16475	DK885_RS16475	GO:0004803
C600_DK885_RS16480	C600_NZ_CP031214.1	3184815	3185051	237	-	ybfQ	ISAs1 family transposase	C600	cds-DK885_RS16480	DK885_RS16480	
C600_DK885_RS16485	C600_NZ_CP031214.1	3185277	3185846	570	-	ybfC	protein YbfC	C600	cds-WP_000832338.1	DK885_RS16485	
C600_DK885_RS16490	C600_NZ_CP031214.1	3185843	3187363	1521	-	RHS repeat-associated core domain-containing protein	RHS repeat-associated core domain-containing protein	C600	cds-DK885_RS16490	DK885_RS16490	
C600_DK885_RS16495	C600_NZ_CP031214.1	3187394	3187720	327	-	ybfB	protein YbfB	C600	cds-WP_000873944.1	DK885_RS16495	
C600_DK885_RS16500	C600_NZ_CP031214.1	3187720	3191913	4194	-	rhsC	rhs element protein RhsC	C600	cds-WP_000015200.1	DK885_RS16500	
C600_DK885_RS16505	C600_NZ_CP031214.1	3192156	3192362	207	-	ybfA	YbfA family protein	C600	cds-WP_000424924.1	DK885_RS16505	
C600_DK885_RS16510	C600_NZ_CP031214.1	3192675	3192764	90	+	kdpF	K(+)-transporting ATPase subunit F	C600	cds-WP_001272653.1	DK885_RS16510	
C600_DK885_RS16515	C600_NZ_CP031214.1	3192764	3194437	1674	+	kdpA	potassium-transporting ATPase subunit KdpA	C600	cds-WP_000741129.1	DK885_RS16515	GO:0006813,GO:0008556,GO:0031004
C600_DK885_RS16520	C600_NZ_CP031214.1	3194460	3196508	2049	+	kdpB	potassium-transporting ATPase subunit KdpB	C600	cds-WP_000087939.1	DK885_RS16520	GO:0006813,GO:0005524,GO:0008556,GO:0016020,GO:0031004
C600_DK885_RS16525	C600_NZ_CP031214.1	3196517	3197089	573	+	kdpC	K(+)-transporting ATPase subunit C	C600	cds-WP_001300431.1	DK885_RS16525	GO:0006813,GO:0008556,GO:0031004
C600_DK885_RS16530	C600_NZ_CP031214.1	3197082	3199766	2685	+	kdpD	two-component system sensor histidine kinase KdpD	C600	cds-WP_001310640.1	DK885_RS16530	GO:0000160,GO:0000155
C600_DK885_RS16535	C600_NZ_CP031214.1	3199763	3200440	678	+	kdpE	two-component system response regulator KdpE	C600	cds-WP_000186076.1	DK885_RS16535	GO:0000160,GO:0006355,GO:0003677
C600_DK885_RS24285	C600_NZ_CP031214.1	3200674	3200778	105	+	speFL	leader peptide SpeFL	C600	cds-WP_211180488.1	DK885_RS24285	
C600_DK885_RS16545	C600_NZ_CP031214.1	3201036	3203234	2199	+	speF	ornithine decarboxylase SpeF	C600	cds-WP_000040195.1	DK885_RS16545	GO:0006520,GO:0004586
C600_DK885_RS16550	C600_NZ_CP031214.1	3203231	3204550	1320	+	potE	putrescine-ornithine antiporter	C600	cds-WP_000075845.1	DK885_RS16550	GO:0015822,GO:0015847,GO:0055085,GO:0015496,GO:0016020
C600_DK885_RS16555	C600_NZ_CP031214.1	3204641	3204775	135	+	winged helix-turn-helix domain-containing protein	winged helix-turn-helix domain-containing protein	C600	cds-DK885_RS16555	DK885_RS16555	GO:0000160,GO:0006355,GO:0003677
C600_DK885_RS16560	C600_NZ_CP031214.1	3204899	3205549	651	+	DUF2625 domain-containing protein	DUF2625 domain-containing protein	C600	cds-DK885_RS16560	DK885_RS16560	
C600_DK885_RS16565	C600_NZ_CP031214.1	3205590	3206084	495	-	WP_000856353.1	lipoprotein	C600	cds-WP_000856353.1	DK885_RS16565	
C600_DK885_RS16570	C600_NZ_CP031214.1	3206298	3207938	1641	-	pgm	phosphoglucomutase (alpha-D-glucose-1,6-bisphosphate-dependent)	C600	cds-WP_001297249.1	DK885_RS16570	GO:0005975,GO:0004614
C600_DK885_RS16575	C600_NZ_CP031214.1	3207964	3208509	546	-	seqA	replication initiation negative regulator SeqA	C600	cds-WP_000848387.1	DK885_RS16575	GO:0032297,GO:0003677
C600_DK885_RS16580	C600_NZ_CP031214.1	3208694	3209458	765	+	ybfF	esterase	C600	cds-WP_000773288.1	DK885_RS16580	
C600_DK885_RS16585	C600_NZ_CP031214.1	3209598	3209891	294	+	ybfE	LexA regulated protein	C600	cds-WP_001300829.1	DK885_RS16585	
C600_DK885_RS16590	C600_NZ_CP031214.1	3210031	3210561	531	+	fldA	flavodoxin FldA	C600	cds-WP_001018618.1	DK885_RS16590	
C600_DK885_RS16595	C600_NZ_CP031214.1	3210771	3210857	87	+	uof	fur leader peptide	C600	cds-WP_001406816.1	DK885_RS16595	
C600_DK885_RS16600	C600_NZ_CP031214.1	3210850	3211296	447	+	fur	ferric iron uptake transcriptional regulator	C600	cds-WP_000131702.1	DK885_RS16600	GO:0006355,GO:0003700
C600_DK885_RS16605	C600_NZ_CP031214.1	3211380	3211706	327	-	chiQ	ChiQ/YbfN family lipoprotein	C600	cds-WP_000733579.1	DK885_RS16605	
C600_DK885_RS16610	C600_NZ_CP031214.1	3211756	3213162	1407	-	chiP	chitoporin ChiP	C600	cds-WP_001258819.1	DK885_RS16610	GO:0015774,GO:0052778,GO:0015288
C600_DK885_RS16615	C600_NZ_CP031214.1	3213739	3215403	1665	-	glnS	glutamine--tRNA ligase	C600	cds-WP_001287154.1	DK885_RS16615	GO:0006425,GO:0000166,GO:0004819,GO:0005524,GO:0005737
C600_DK885_RS16620	C600_NZ_CP031214.1	3215606	3217552	1947	-	nagE	PTS N-acetyl glucosamine transporter subunit IIABC	C600	cds-WP_001023093.1	DK885_RS16620	GO:0009401,GO:0008982,GO:0015572,GO:0016020
C600_DK885_RS16625	C600_NZ_CP031214.1	3217885	3218685	801	+	nagB	glucosamine-6-phosphate deaminase	C600	cds-WP_001237072.1	DK885_RS16625	GO:0006044,GO:0004342
C600_DK885_RS16630	C600_NZ_CP031214.1	3218745	3219893	1149	+	nagA	N-acetylglucosamine-6-phosphate deacetylase	C600	cds-WP_000271153.1	DK885_RS16630	GO:0006044,GO:0008448
C600_DK885_RS16635	C600_NZ_CP031214.1	3219902	3221122	1221	+	nagC	DNA-binding transcriptional regulator NagC	C600	cds-WP_000187594.1	DK885_RS16635	GO:0006355,GO:0003677,GO:0003700
C600_DK885_RS16640	C600_NZ_CP031214.1	3221170	3221922	753	+	nagD	ribonucleotide monophosphatase NagD	C600	cds-WP_000153129.1	DK885_RS16640	
C600_DK885_RS16650	C600_NZ_CP031214.1	3222319	3223983	1665	+	asnB	asparagine synthase B	C600	cds-WP_000337077.1	DK885_RS16650	GO:0006529,GO:0004066
C600_DK885_RS16690	C600_NZ_CP031214.1	3225220	3226395	1176	-	ubiF	3-demethoxyubiquinol 3-hydroxylase	C600	cds-WP_000184541.1	DK885_RS16690	GO:0006744,GO:0016709
C600_DK885_RS16695	C600_NZ_CP031214.1	3226541	3227965	1425	+	miaB	tRNA (N6-isopentenyl adenosine(37)-C2)-methylthiotransferase MiaB	C600	cds-WP_000162740.1	DK885_RS16695	GO:0006400,GO:0016782,GO:0051539,GO:1904047
C600_DK885_RS16700	C600_NZ_CP031214.1	3228118	3229158	1041	+	ybeZ	PhoH family protein	C600	cds-WP_001018040.1	DK885_RS16700	GO:0005524
C600_DK885_RS16705	C600_NZ_CP031214.1	3229155	3229622	468	+	ybeY	rRNA maturation RNase YbeY	C600	cds-WP_000084469.1	DK885_RS16705	GO:0042254,GO:0004540,GO:0046872
C600_DK885_RS16710	C600_NZ_CP031214.1	3229712	3230590	879	+	corC	CNNM family magnesium/cobalt transport protein CorC	C600	cds-WP_001278605.1	DK885_RS16710	GO:0050660
C600_DK885_RS16715	C600_NZ_CP031214.1	3230615	3232153	1539	+	lnt	apolipoprotein N-acyltransferase	C600	cds-WP_000853021.1	DK885_RS16715	GO:0042158,GO:0016410,GO:0016020
C600_DK885_RS16725	C600_NZ_CP031214.1	3232519	3233499	981	+	WP_000019403.1	IS5-like element IS5 family transposase	C600	cds-WP_000019403.1-7	DK885_RS16725	GO:0006313,GO:0004803
C600_DK885_RS16730	C600_NZ_CP031214.1	3233749	3234657	909	+	gltI	glutamate/aspartate ABC transporter substrate-binding protein GltI	C600	cds-WP_001177086.1	DK885_RS16730	
C600_DK885_RS16735	C600_NZ_CP031214.1	3234827	3235567	741	+	gltJ	glutamate/aspartate ABC transporter permease GltJ	C600	cds-WP_000020941.1	DK885_RS16735	
C600_DK885_RS16740	C600_NZ_CP031214.1	3235567	3236241	675	+	gltK	glutamate/aspartate ABC transporter permease GltK	C600	cds-WP_000272824.1	DK885_RS16740	
C600_DK885_RS16745	C600_NZ_CP031214.1	3236241	3236966	726	+	gltL	glutamate/aspartate ABC transporter ATP-binding protein GltL	C600	cds-WP_000631384.1	DK885_RS16745	
C600_DK885_RS16750	C600_NZ_CP031214.1	3237084	3238019	936	+	rihA	pyrimidine-specific ribonucleoside hydrolase RihA	C600	cds-WP_001207520.1	DK885_RS16750	GO:0006206,GO:0050263
C600_DK885_RS16755	C600_NZ_CP031214.1	3238103	3239773	1671	+	hscC	molecular chaperone HscC	C600	cds-WP_000367875.1	DK885_RS16755	
C600_DK885_RS16760	C600_NZ_CP031214.1	3239833	3241284	1452	-	djlC	co-chaperone DjlC	C600	cds-WP_001300403.1	DK885_RS16760	
C600_DK885_RS16765	C600_NZ_CP031214.1	3241281	3241988	708	-	ybeU	DUF1266 domain-containing protein	C600	cds-WP_001030934.1	DK885_RS16765	
C600_DK885_RS16770	C600_NZ_CP031214.1	3242090	3242644	555	+	ybeT	tetratricopeptide repeat protein	C600	cds-WP_001035674.1	DK885_RS16770	GO:0005515
C600_DK885_RS16775	C600_NZ_CP031214.1	3242654	3244081	1428	-	djlB	J domain-containing protein	C600	cds-WP_000786572.1	DK885_RS16775	
C600_DK885_RS16780	C600_NZ_CP031214.1	3244078	3244785	708	-	ybeR	DUF1266 domain-containing protein	C600	cds-WP_000367023.1	DK885_RS16780	
C600_DK885_RS16785	C600_NZ_CP031214.1	3244949	3245926	978	+	ybeQ	Sel1 family TPR-like repeat protein YbeQ	C600	cds-WP_000578178.1	DK885_RS16785	
C600_DK885_RS16790	C600_NZ_CP031214.1	3245996	3246478	483	-	ybeL	zinc ribbon-containing protein	C600	cds-WP_001044880.1	DK885_RS16790	
C600_DK885_RS16795	C600_NZ_CP031214.1	3246713	3249295	2583	+	leuS	leucine--tRNA ligase	C600	cds-WP_001340834.1	DK885_RS16795	GO:0006429,GO:0000166,GO:0004823,GO:0005524
C600_DK885_RS16800	C600_NZ_CP031214.1	3249310	3249891	582	+	lptE	LPS assembly lipoprotein LptE	C600	cds-WP_001269673.1	DK885_RS16800	GO:0043165,GO:0019867
C600_DK885_RS16805	C600_NZ_CP031214.1	3249891	3250922	1032	+	holA	DNA polymerase III subunit delta	C600	cds-WP_000620535.1	DK885_RS16805	GO:0006260,GO:0003677,GO:0003887
C600_DK885_RS16810	C600_NZ_CP031214.1	3250924	3251565	642	+	nadD	nicotinate-nucleotide adenylyltransferase	C600	cds-WP_000838889.1	DK885_RS16810	GO:0009435,GO:0016779
C600_DK885_RS16815	C600_NZ_CP031214.1	3251589	3252200	612	+	cobC	adenosylcobalamin/alpha-ribazole phosphatase	C600	cds-WP_001241872.1	DK885_RS16815	GO:0009236,GO:0043755
C600_DK885_RS16820	C600_NZ_CP031214.1	3252460	3252777	318	+	rsfS	ribosome silencing factor	C600	cds-WP_001161664.1	DK885_RS16820	GO:0017148,GO:0043022
C600_DK885_RS16825	C600_NZ_CP031214.1	3252781	3253248	468	+	rlmH	23S rRNA (pseudouridine(1915)-N(3))-methyltransferase RlmH	C600	cds-WP_000776104.1	DK885_RS16825	GO:0006364,GO:0008168
C600_DK885_RS16830	C600_NZ_CP031214.1	3253279	3255180	1902	+	mrdA	peptidoglycan DD-transpeptidase MrdA	C600	cds-WP_000776191.1	DK885_RS16830	GO:0009252,GO:0008658,GO:0009002,GO:0016020
C600_DK885_RS16835	C600_NZ_CP031214.1	3255183	3256295	1113	+	mrdB	peptidoglycan glycosyltransferase MrdB	C600	cds-WP_000131719.1	DK885_RS16835	
C600_DK885_RS16840	C600_NZ_CP031214.1	3256306	3257394	1089	+	rlpA	endolytic peptidoglycan transglycosylase RlpA	C600	cds-WP_001231430.1	DK885_RS16840	GO:0042834
C600_DK885_RS16845	C600_NZ_CP031214.1	3257533	3258744	1212	+	dacA	D-alanyl-D-alanine carboxypeptidase DacA	C600	cds-WP_001092082.1	DK885_RS16845	GO:0006508,GO:0009002
C600_DK885_RS16850	C600_NZ_CP031214.1	3258854	3259117	264	+	ybeD	DUF493 family protein YbeD	C600	cds-WP_000850550.1	DK885_RS16850	
C600_DK885_RS16855	C600_NZ_CP031214.1	3259218	3259859	642	+	lipB	lipoyl(octanoyl) transferase LipB	C600	cds-WP_000284027.1	DK885_RS16855	GO:0009249,GO:0033819
C600_DK885_RS16865	C600_NZ_CP031214.1	3260118	3261071	954	+	ybeF	YbeF family transcriptional regulator	C600	cds-WP_000378026.1	DK885_RS16865	GO:0006355,GO:0003700
C600_DK885_RS16875	C600_NZ_CP031214.1	3261280	3262245	966	+	lipA	lipoyl synthase	C600	cds-WP_000042632.1	DK885_RS16875	GO:0009107,GO:0016992,GO:0051539,GO:1904047
C600_DK885_RS16880	C600_NZ_CP031214.1	3262346	3262549	204	-	tatE	twin-arginine translocase subunit TatE	C600	cds-WP_000503931.1	DK885_RS16880	
C600_DK885_RS16885	C600_NZ_CP031214.1	3262678	3263465	788	-	deaminated glutathione amidase	deaminated glutathione amidase	C600	cds-DK885_RS16885	DK885_RS16885	
C600_DK885_RS16890	C600_NZ_CP031214.1	3263558	3263941	384	+	crcB	fluoride efflux transporter CrcB	C600	cds-WP_000939747.1	DK885_RS16890	GO:0016020
C600_DK885_RS16895	C600_NZ_CP031214.1	3263995	3264204	210	-	cspE	transcription antiterminator/RNA stability regulator CspE	C600	cds-WP_000034825.1	DK885_RS16895	GO:0031564,GO:0001072,GO:0003697,GO:0003723
C600_DK885_RS16900	C600_NZ_CP031214.1	3264379	3264939	561	-	pagP	lipid IV(A) palmitoyltransferase PagP	C600	cds-WP_001103094.1	DK885_RS16900	
C600_DK885_RS16910	C600_NZ_CP031214.1	3265528	3266913	1386	+	dcuC	anaerobic C4-dicarboxylate transporter DcuC	C600	cds-WP_000955063.1	DK885_RS16910	GO:0015740,GO:0015556
C600_DK885_RS16915	C600_NZ_CP031214.1	3266954	3267634	681	-	dpiA	two-component response regulator DpiA	C600	cds-WP_000126500.1	DK885_RS16915	
C600_DK885_RS16920	C600_NZ_CP031214.1	3267603	3269261	1659	-	dpiB	sensor histidine kinase DpiB	C600	cds-WP_000939767.1	DK885_RS16920	GO:0000160,GO:0000155
C600_DK885_RS16925	C600_NZ_CP031214.1	3269640	3270698	1059	+	citC	[citrate (pro-3S)-lyase] ligase	C600	cds-WP_000467705.1	DK885_RS16925	GO:0006101,GO:0008771
C600_DK885_RS16930	C600_NZ_CP031214.1	3270713	3271009	297	+	citD	citrate lyase acyl carrier protein	C600	cds-WP_000700703.1	DK885_RS16930	GO:0006113,GO:0008815,GO:0005737,GO:0009346
C600_DK885_RS16935	C600_NZ_CP031214.1	3271006	3271914	909	+	citE	citrate (pro-3S)-lyase subunit beta	C600	cds-WP_000622357.1	DK885_RS16935	GO:0006084,GO:0006113,GO:0008815,GO:0005737,GO:0009346
C600_DK885_RS16940	C600_NZ_CP031214.1	3271925	3273457	1533	+	citF	citrate lyase subunit alpha	C600	cds-WP_000192242.1	DK885_RS16940	GO:0006113,GO:0008814,GO:0008815,GO:0009346
C600_DK885_RS16945	C600_NZ_CP031214.1	3273461	3274012	552	+	citX	citrate lyase holo-[acyl-carrier protein] synthase	C600	cds-WP_000550422.1	DK885_RS16945	GO:0051191,GO:0050519
C600_DK885_RS16950	C600_NZ_CP031214.1	3273987	3274865	879	+	citG	triphosphoribosyl-dephospho-CoA synthase CitG	C600	cds-WP_000062457.1	DK885_RS16950	
C600_DK885_RS16955	C600_NZ_CP031214.1	3274916	3276379	1464	+	citT	citrate/succinate antiporter CitT	C600	cds-WP_000050323.1	DK885_RS16955	
C600_DK885_RS16960	C600_NZ_CP031214.1	3276493	3277299	807	+	rna	ribonuclease I	C600	cds-WP_000643397.1	DK885_RS16960	
C600_DK885_RS16970	C600_NZ_CP031214.1	3277529	3277939	411	+	rnk	nucleoside diphosphate kinase regulator	C600	cds-WP_000089731.1	DK885_RS16970	GO:0032784,GO:0003677,GO:0070063
C600_DK885_RS24520	C600_NZ_CP031214.1	3278077	3278166	90	+	yldA	small membrane protein YldA	C600	cds-WP_000796528.1	DK885_RS24520	
C600_DK885_RS16980	C600_NZ_CP031214.1	3278170	3279408	1239	-	ybdR	zinc-dependent alcohol dehydrogenase	C600	cds-WP_000646173.1	DK885_RS16980	GO:0008270,GO:0016616,GO:0030554
C600_DK885_RS16985	C600_NZ_CP031214.1	3279629	3280057	429	+	uspG	universal stress protein UspG	C600	cds-WP_000278509.1	DK885_RS16985	
C600_DK885_RS16990	C600_NZ_CP031214.1	3280178	3281743	1566	-	ahpF	alkyl hydroperoxide reductase subunit F	C600	cds-WP_000887629.1	DK885_RS16990	GO:0000302,GO:0008785,GO:0050660,GO:0051287
C600_DK885_RS16995	C600_NZ_CP031214.1	3281988	3282551	564	-	ahpC	alkyl hydroperoxide reductase subunit C	C600	cds-WP_000052796.1	DK885_RS16995	GO:0006979,GO:0102039
C600_DK885_RS17000	C600_NZ_CP031214.1	3282923	3283669	747	+	dsbG	thiol:disulfide interchange protein DsbG	C600	cds-WP_000913829.1	DK885_RS17000	
C600_DK885_RS17010	C600_NZ_CP031214.1	3283878	3284780	903	+	citR	DNA-binding transcriptional repressor CitR	C600	cds-WP_000002474.1	DK885_RS17010	GO:0006355,GO:0003700
C600_DK885_RS17015	C600_NZ_CP031214.1	3284927	3286147	1221	+	ybdN	phosphoadenosine phosphosulfate reductase	C600	cds-WP_000029814.1	DK885_RS17015	
C600_DK885_RS17020	C600_NZ_CP031214.1	3286120	3286749	630	+	ybdM	IbrB-like domain-containing protein	C600	cds-WP_000502945.1	DK885_RS17020	GO:0071453,GO:0003677
C600_DK885_RS17025	C600_NZ_CP031214.1	3286750	3287910	1161	-	ybdL	methionine-oxo-acid transaminase	C600	cds-WP_000183907.1	DK885_RS17025	
C600_DK885_RS17030	C600_NZ_CP031214.1	3288019	3289107	1089	+	hcxA	hydroxycarboxylate dehydrogenase HcxA	C600	cds-WP_001120441.1	DK885_RS17030	
C600_DK885_RS17035	C600_NZ_CP031214.1	3289117	3289314	198	-	ybdD	YbdD/YjiX family protein	C600	cds-WP_000460431.1	DK885_RS17035	
C600_DK885_RS17040	C600_NZ_CP031214.1	3289497	3291602	2106	-	cstA	pyruvate/proton symporter CstA	C600	cds-WP_001043156.1	DK885_RS17040	GO:0009267
C600_DK885_RS17045	C600_NZ_CP031214.1	3291783	3292196	414	-	entH	proofreading thioesterase EntH	C600	cds-WP_000637953.1	DK885_RS17045	
C600_DK885_RS17050	C600_NZ_CP031214.1	3292199	3292945	747	-	entA	2,3-dihydro-2,3-dihydroxybenzoate dehydrogenase EntA	C600	cds-WP_000347651.1	DK885_RS17050	
C600_DK885_RS17055	C600_NZ_CP031214.1	3292945	3293802	858	-	entB	enterobactin biosynthesis bifunctional isochorismatase/aryl carrier protein EntB	C600	cds-WP_001007138.1	DK885_RS17055	
C600_DK885_RS17060	C600_NZ_CP031214.1	3293816	3295426	1611	-	entE	(2,3-dihydroxybenzoyl)adenylate synthase EntE	C600	cds-WP_000026812.1	DK885_RS17060	
C600_DK885_RS17065	C600_NZ_CP031214.1	3295436	3296611	1176	-	entC	isochorismate synthase EntC	C600	cds-WP_000381303.1	DK885_RS17065	GO:0008909
C600_DK885_RS17075	C600_NZ_CP031214.1	3296986	3297942	957	+	fepB	Fe2+-enterobactin ABC transporter substrate-binding protein	C600	cds-WP_001234311.1	DK885_RS17075	
C600_DK885_RS17080	C600_NZ_CP031214.1	3297946	3299196	1251	-	entS	enterobactin transporter EntS	C600	cds-WP_001041786.1	DK885_RS17080	GO:0042930,GO:0042931
C600_DK885_RS17085	C600_NZ_CP031214.1	3299307	3300311	1005	+	fepD	Fe(3+)-siderophore ABC transporter permease	C600	cds-WP_000016947.1	DK885_RS17085	GO:0022857,GO:0016020
C600_DK885_RS17090	C600_NZ_CP031214.1	3300308	3301300	993	+	fepG	iron-enterobactin ABC transporter permease	C600	cds-WP_000640988.1	DK885_RS17090	GO:0022857
C600_DK885_RS17095	C600_NZ_CP031214.1	3301297	3302112	816	+	fepC	iron-enterobactin ABC transporter ATP-binding protein	C600	cds-WP_000140647.1	DK885_RS17095	GO:0005524
C600_DK885_RS17100	C600_NZ_CP031214.1	3302109	3303242	1134	-	wzz(fepE)	LPS O-antigen length regulator Wzz(fepE)	C600	cds-WP_000096692.1	DK885_RS17100	GO:0009103,GO:0016020
C600_DK885_RS17105	C600_NZ_CP031214.1	3303458	3307339	3882	-	entF	enterobactin non-ribosomal peptide synthetase EntF	C600	cds-WP_000077805.1	DK885_RS17105	GO:0009058,GO:0003824,GO:0031177
C600_DK885_RS17110	C600_NZ_CP031214.1	3307336	3307554	219	-	ybdZ	enterobactin biosynthesis protein YbdZ	C600	cds-WP_000885798.1	DK885_RS17110	
C600_DK885_RS17115	C600_NZ_CP031214.1	3307557	3308759	1203	-	fes	enterochelin esterase	C600	cds-WP_000125843.1	DK885_RS17115	GO:0005506,GO:0008849
C600_DK885_RS17120	C600_NZ_CP031214.1	3309002	3311242	2241	+	fepA	siderophore enterobactin receptor FepA	C600	cds-WP_001034943.1	DK885_RS17120	
C600_DK885_RS17125	C600_NZ_CP031214.1	3311417	3312037	621	+	entD	enterobactin synthase subunit EntD	C600	cds-WP_001749708.1	DK885_RS17125	GO:0009239,GO:0000287,GO:0008897,GO:0009366
C600_DK885_RS17130	C600_NZ_CP031214.1	3312319	3313431	1113	-	WP_001300563.1	IS4-like element IS421 family transposase	C600	cds-WP_001300563.1-2	DK885_RS17130	GO:0006313,GO:0004803
C600_DK885_RS17135	C600_NZ_CP031214.1	3313508	3313660	153	-	hokE	type I toxin-antitoxin system toxin HokE	C600	cds-WP_000956455.1	DK885_RS17135	
C600_DK885_RS24580	C600_NZ_CP031214.1	3313629	3313897	269	+	hypothetical protein	hypothetical protein	C600	cds-DK885_RS24580	DK885_RS24580	
C600_DK885_RS17150	C600_NZ_CP031214.1	3314113	3315231	1119	+	ybdK	YbdK family carboxylate-amine ligase	C600	cds-WP_001130654.1	DK885_RS17150	GO:0042398,GO:0004357
C600_DK885_RS17155	C600_NZ_CP031214.1	3315297	3315545	249	+	ybdJ	DUF1158 domain-containing protein	C600	cds-WP_000682509.1	DK885_RS17155	
C600_DK885_RS17160	C600_NZ_CP031214.1	3315610	3315978	369	+	ybdF	MmcQ/YjbR family DNA-binding protein	C600	cds-WP_000360951.1	DK885_RS17160	
C600_DK885_RS17165	C600_NZ_CP031214.1	3316072	3316725	654	+	nfsB	oxygen-insensitive NAD(P)H nitroreductase	C600	cds-WP_000351487.1	DK885_RS17165	GO:0016491
C600_DK885_RS17170	C600_NZ_CP031214.1	3316833	3318080	1248	+	ybdG	mechanosensitive ion channel YbdG	C600	cds-WP_001153148.1	DK885_RS17170	
C600_DK885_RS17175	C600_NZ_CP031214.1	3318161	3319537	1377	-	pheP	phenylalanine transporter	C600	cds-WP_000786319.1	DK885_RS17175	GO:0006865
C600_DK885_RS17180	C600_NZ_CP031214.1	3319639	3322782	3144	-	cusA	Cu(+)/Ag(+) efflux RND transporter permease subunit CusA	C600	cds-WP_000573945.1	DK885_RS17180	
C600_DK885_RS17185	C600_NZ_CP031214.1	3322794	3324017	1224	-	cusB	Cu(+)/Ag(+) efflux RND transporter periplasmic adaptor subunit CusB	C600	cds-WP_000717157.1	DK885_RS17185	
C600_DK885_RS17190	C600_NZ_CP031214.1	3324033	3324365	333	-	cusF	Cu(+)/Ag(+) efflux RND transporter periplasmic metallochaperone CusF	C600	cds-WP_000709870.1	DK885_RS17190	
C600_DK885_RS17195	C600_NZ_CP031214.1	3324523	3325896	1374	-	cusC	Cu(+)/Ag(+) efflux RND transporter outer membrane channel CusC	C600	cds-WP_000074234.1	DK885_RS17195	
C600_DK885_RS17205	C600_NZ_CP031214.1	3326053	3326736	684	+	cusR	copper response regulator transcription factor CusR	C600	cds-WP_000770953.1	DK885_RS17205	
C600_DK885_RS17210	C600_NZ_CP031214.1	3326726	3328168	1443	+	cusS	Cu(+)/Ag(+) sensor histidine kinase CusS	C600	cds-WP_000253839.1	DK885_RS17210	
C600_DK885_RS17215	C600_NZ_CP031214.1	3328318	3330555	2238	+	nrfB	cyclic di-3',5'-guanylate-activated glycosyltransferase NrfB	C600	cds-WP_000383932.1	DK885_RS17215	
C600_DK885_RS17220	C600_NZ_CP031214.1	3330542	3333514	2973	+	nfrA	bacteriophage adsorption protein NfrA	C600	cds-WP_000662357.1	DK885_RS17220	
C600_DK885_RS17225	C600_NZ_CP031214.1	3333515	3334405	891	+	ybcH	DUF4434 family protein	C600	cds-WP_001224604.1	DK885_RS17225	
C600_DK885_RS17235	C600_NZ_CP031214.1	3334588	3335349	762	+	envY	DNA-binding transcriptional regulator EnvY	C600	cds-WP_001177471.1	DK885_RS17235	
C600_DK885_RS17250	C600_NZ_CP031214.1	3335863	3336816	954	+	ompT	omptin family outer membrane protease OmpT	C600	cds-WP_001201845.1	DK885_RS17250	
C600_DK885_RS17255	C600_NZ_CP031214.1	3337066	3337815	750	-	appY	DNA-binding transcriptional activator AppY	C600	cds-WP_000386784.1	DK885_RS17255	
C600_DK885_RS24370	C600_NZ_CP031214.1	3338361	3338528	168	-	tail fiber assembly protein	tail fiber assembly protein	C600	cds-DK885_RS24370	DK885_RS24370	
C600_DK885_RS17265	C600_NZ_CP031214.1	3338678	3339344	667	+	class I SAM-dependent methyltransferase	class I SAM-dependent methyltransferase	C600	cds-DK885_RS17265	DK885_RS17265	GO:0032259,GO:0008168,GO:0008757,GO:1904047
C600_DK885_RS24585	C600_NZ_CP031214.1	3339289	3339426	138	-	WP_071592174.1	nucleocapsid protein	C600	cds-WP_071592174.1	DK885_RS24585	
C600_DK885_RS24135	C600_NZ_CP031214.1	3339399	3339836	438	-	tail fiber assembly protein	tail fiber assembly protein	C600	cds-DK885_RS24135	DK885_RS24135	GO:0098004
C600_DK885_RS24140	C600_NZ_CP031214.1	3339834	3340142	309	-	phage terminase large subunit family protein	phage terminase large subunit family protein	C600	cds-DK885_RS24140	DK885_RS24140	GO:0016887
C600_DK885_RS17280	C600_NZ_CP031214.1	3340117	3340662	546	-	nohD	DNA-packaging protein	C600	cds-WP_000453566.1	DK885_RS17280	
C600_DK885_RS17290	C600_NZ_CP031214.1	3341051	3341245	195	+	ylcI	YlcI/YnfO family protein	C600	cds-WP_001421937.1	DK885_RS17290	
C600_DK885_RS17295	C600_NZ_CP031214.1	3341410	3341616	207	-	ybcW	protein YbcW	C600	cds-WP_001031427.1	DK885_RS17295	
C600_DK885_RS17305	C600_NZ_CP031214.1	3341902	3342312	411	+	ybcV	DUF1398 domain-containing protein	C600	cds-WP_000079503.1	DK885_RS17305	
C600_DK885_RS17310	C600_NZ_CP031214.1	3342603	3342896	294	+	bor	serum resistance lipoprotein Bor	C600	cds-WP_000738500.1	DK885_RS17310	
C600_DK885_RS24645	C600_NZ_CP031214.1	3342928	3343389	462	-	rzpD	prophage endopeptidase RzpD	C600	cds-WP_000092242.1	DK885_RS24645	
C600_DK885_RS17320	C600_NZ_CP031214.1	3343386	3343883	498	-	rrrD	lysozyme RrrD	C600	cds-WP_001135281.1	DK885_RS17320	
C600_DK885_RS17325	C600_NZ_CP031214.1	3343883	3344098	216	-	essD	phage lysis protein EssD	C600	cds-WP_000839596.1	DK885_RS17325	
C600_DK885_RS17330	C600_NZ_CP031214.1	3344671	3345738	1068	+	WP_000737282.1	porin	C600	cds-WP_000737282.1	DK885_RS17330	
C600_DK885_RS17340	C600_NZ_CP031214.1	3345779	3346759	981	+	WP_000019403.1	IS5-like element IS5 family transposase	C600	cds-WP_000019403.1-8	DK885_RS17340	GO:0006313,GO:0004803
C600_DK885_RS17350	C600_NZ_CP031214.1	3347157	3347540	384	-	quuD	antitermination protein QuuD	C600	cds-WP_001204791.1	DK885_RS17350	
C600_DK885_RS17355	C600_NZ_CP031214.1	3347626	3347766	141	-	ylcG	YlcG family protein	C600	cds-WP_000971055.1	DK885_RS17355	
C600_DK885_RS17360	C600_NZ_CP031214.1	3347763	3348125	363	-	rusA	crossover junction endodeoxyribonuclease RusA	C600	cds-WP_001099712.1	DK885_RS17360	GO:0006281,GO:0006310,GO:0008821
C600_DK885_RS17365	C600_NZ_CP031214.1	3348122	3348412	291	-	ybcO	DUF1364 domain-containing protein	C600	cds-WP_000774486.1	DK885_RS17365	
C600_DK885_RS17370	C600_NZ_CP031214.1	3348405	3348575	171	-	ninE	protein NinE from lambdoid prophage DLP12	C600	cds-WP_000224915.1	DK885_RS17370	
C600_DK885_RS17375	C600_NZ_CP031214.1	3348575	3349030	456	-	ybcN	DNA base-flipping protein YbcN	C600	cds-WP_001054340.1	DK885_RS17375	
C600_DK885_RS17380	C600_NZ_CP031214.1	3349027	3349128	102	-	WP_001303586.1	hypothetical protein	C600	cds-WP_001303586.1	DK885_RS17380	
C600_DK885_RS17385	C600_NZ_CP031214.1	3349245	3350042	798	-	ybcM	helix-turn-helix transcriptional regulator	C600	cds-WP_000881075.1	DK885_RS17385	GO:0006355,GO:0003700,GO:0043565
C600_DK885_RS17390	C600_NZ_CP031214.1	3350052	3350603	552	-	ybcL	Raf kinase inhibitor-like protein YbcL	C600	cds-WP_001306955.1	DK885_RS17390	
C600_DK885_RS17395	C600_NZ_CP031214.1	3351068	3352594	1527	-	ybcK	recombinase family protein	C600	cds-WP_000709082.1	DK885_RS17395	GO:0015074,GO:0000150,GO:0003677
C600_DK885_RS24020	C600_NZ_CP031214.1	3352652	3352801	150	-	ylcJ	protein YlcJ	C600	cds-WP_001372443.1	DK885_RS24020	
C600_DK885_RS17400	C600_NZ_CP031214.1	3352849	3353181	333	-	emrE	multidrug efflux SMR transporter EmrE	C600	cds-WP_001070439.1	DK885_RS17400	
C600_DK885_RS17405	C600_NZ_CP031214.1	3353249	3353467	219	-	protein ren	protein ren	C600	cds-DK885_RS17405	DK885_RS17405	
C600_DK885_RS17410	C600_NZ_CP031214.1	3353492	3354654	1163	-	WP_085947771.1	IS3-like element IS3 family transposase	C600	cds-WP_085947771.1-5	DK885_RS17410	GO:0006313,GO:0004803
C600_DK885_RS17415	C600_NZ_CP031214.1	3354723	3354812	90	-	protein ren	protein ren	C600	cds-DK885_RS17415	DK885_RS17415	
C600_DK885_RS17420	C600_NZ_CP031214.1	3354809	3355120	312	-	replication protein P	replication protein P	C600	cds-DK885_RS17420	DK885_RS17420	GO:0006270
C600_DK885_RS17425	C600_NZ_CP031214.1	3355120	3355398	279	+	exonuclease	exonuclease	C600	cds-DK885_RS17425	DK885_RS17425	
C600_DK885_RS17430	C600_NZ_CP031214.1	3355518	3356681	1164	+	intD	integrase	C600	cds-WP_001350488.1	DK885_RS17430	
C600_DK885_RS17440	C600_NZ_CP031214.1	3357016	3357648	633	+	fimZ	fimbria biosynthesis transcriptional regulator FimZ	C600	cds-WP_000805428.1	DK885_RS17440	
C600_DK885_RS17445	C600_NZ_CP031214.1	3357651	3358166	516	-	sfmF	fimbria assembly protein	C600	cds-WP_001255230.1	DK885_RS17445	
C600_DK885_RS17450	C600_NZ_CP031214.1	3358177	3359154	978	-	fimH	type 1 fimbria D-mannose specific adhesin FimH	C600	cds-WP_001301128.1	DK885_RS17450	GO:0007155
C600_DK885_RS17455	C600_NZ_CP031214.1	3359196	3361799	2604	-	sfmD	fimbrial biogenesis usher protein	C600	cds-WP_001333622.1	DK885_RS17455	GO:0009297,GO:0005515,GO:0015473,GO:0016020
C600_DK885_RS17460	C600_NZ_CP031214.1	3361830	3362522	693	-	fimC	type 1 fimbria chaperone FimC	C600	cds-WP_000988364.1	DK885_RS17460	
C600_DK885_RS17465	C600_NZ_CP031214.1	3362742	3363284	543	-	fimA	type 1 fimbrial major subunit FimA	C600	cds-WP_000776555.1	DK885_RS17465	GO:0007155,GO:0009289
C600_DK885_RS17470	C600_NZ_CP031214.1	3363755	3364621	867	+	folD	bifunctional methylenetetrahydrofolate dehydrogenase/methenyltetrahydrofolate cyclohydrolase FolD	C600	cds-WP_000729160.1	DK885_RS17470	GO:0004488
C600_DK885_RS17475	C600_NZ_CP031214.1	3364623	3364835	213	+	ybcJ	ribosome-associated protein YbcJ	C600	cds-WP_000190288.1	DK885_RS17475	
C600_DK885_RS17480	C600_NZ_CP031214.1	3364943	3365464	522	+	ybcI	metal-dependent hydrolase	C600	cds-WP_001143542.1	DK885_RS17480	GO:0016787,GO:0046872,GO:0016020
C600_DK885_RS17485	C600_NZ_CP031214.1	3365500	3366885	1386	-	cysS	cysteine--tRNA ligase	C600	cds-WP_000912385.1	DK885_RS17485	GO:0006423,GO:0004817,GO:0005524,GO:0005737
C600_DK885_RS17490	C600_NZ_CP031214.1	3367059	3367553	495	+	ppiB	peptidylprolyl isomerase B	C600	cds-WP_000255997.1	DK885_RS17490	
C600_DK885_RS17495	C600_NZ_CP031214.1	3367556	3368278	723	+	lpxH	UDP-2,3-diacylglucosamine diphosphatase	C600	cds-WP_000212247.1	DK885_RS17495	GO:0009245,GO:0008758,GO:0016462,GO:0005737
C600_DK885_RS17505	C600_NZ_CP031214.1	3368396	3368905	510	+	purE	5-(carboxyamino)imidazole ribonucleotide mutase	C600	cds-WP_001295318.1	DK885_RS17505	GO:0006189,GO:0009152,GO:0004638,GO:0009320
C600_DK885_RS17510	C600_NZ_CP031214.1	3368902	3369969	1068	+	purK	5-(carboxyamino)imidazole ribonucleotide synthase	C600	cds-WP_000815571.1	DK885_RS17510	GO:0006189,GO:0004638,GO:0005524,GO:0046872
C600_DK885_RS17515	C600_NZ_CP031214.1	3370164	3371057	894	-	ybcF	carbamate kinase	C600	cds-WP_000855379.1	DK885_RS17515	GO:0006525,GO:0008804
C600_DK885_RS17520	C600_NZ_CP031214.1	3371054	3371869	816	-	ylbF	DUF2877 domain-containing protein	C600	cds-WP_000152519.1	DK885_RS17520	
C600_DK885_RS17525	C600_NZ_CP031214.1	3371880	3373139	1260	-	ylbE	DUF1116 domain-containing protein	C600	cds-WP_000495367.1	DK885_RS17525	
C600_DK885_RS17530	C600_NZ_CP031214.1	3373149	3374816	1668	-	fdrA	acyl-CoA synthetase FdrA	C600	cds-WP_000580829.1	DK885_RS17530	
C600_DK885_RS17535	C600_NZ_CP031214.1	3375133	3376182	1050	+	allD	ureidoglycolate dehydrogenase	C600	cds-WP_000703900.1	DK885_RS17535	GO:0016491
C600_DK885_RS17540	C600_NZ_CP031214.1	3376204	3377439	1236	+	allC	allantoate deiminase	C600	cds-WP_001310618.1	DK885_RS17540	GO:0000256,GO:0009442,GO:0047652
C600_DK885_RS17545	C600_NZ_CP031214.1	3377450	3378235	786	+	allE	(S)-ureidoglycine aminohydrolase	C600	cds-WP_000540997.1	DK885_RS17545	GO:0010136,GO:0071522
C600_DK885_RS17550	C600_NZ_CP031214.1	3378463	3379608	1146	-	glxK	glycerate 3-kinase	C600	cds-WP_001333621.1	DK885_RS17550	
C600_DK885_RS17555	C600_NZ_CP031214.1	3379630	3380931	1302	-	ybbY	uracil/xanthine transporter	C600	cds-WP_001302767.1	DK885_RS17555	
C600_DK885_RS17560	C600_NZ_CP031214.1	3380988	3382349	1362	-	allB	allantoinase AllB	C600	cds-WP_000006900.1	DK885_RS17560	GO:0000256,GO:0004038
C600_DK885_RS17565	C600_NZ_CP031214.1	3382409	3383863	1455	-	allW	allantoin transporter	C600	cds-WP_000401100.1	DK885_RS17565	GO:0055085,GO:0022857
C600_DK885_RS17570	C600_NZ_CP031214.1	3384032	3384910	879	-	glxR	2-hydroxy-3-oxopropionate reductase	C600	cds-WP_000765839.1	DK885_RS17570	GO:0046487,GO:0008679,GO:0051287
C600_DK885_RS17575	C600_NZ_CP031214.1	3385010	3385786	777	-	hyi	hydroxypyruvate isomerase	C600	cds-WP_000943544.1	DK885_RS17575	
C600_DK885_RS17580	C600_NZ_CP031214.1	3385799	3387580	1782	-	gcl	glyoxylate carboligase	C600	cds-WP_001096881.1	DK885_RS17580	GO:0009436,GO:0009028
C600_DK885_RS17585	C600_NZ_CP031214.1	3387670	3388485	816	-	allR	HTH-type transcriptional repressor AllR	C600	cds-WP_000141275.1	DK885_RS17585	
C600_DK885_RS17590	C600_NZ_CP031214.1	3388563	3389045	483	-	allA	ureidoglycolate lyase	C600	cds-WP_000776377.1	DK885_RS17590	
C600_DK885_RS17595	C600_NZ_CP031214.1	3389275	3390201	927	+	allS	HTH-type transcriptional activator AllS	C600	cds-WP_000460145.1	DK885_RS17595	
C600_DK885_RS17600	C600_NZ_CP031214.1	3390270	3391364	1095	+	mnmH	tRNA 2-selenouridine(34) synthase MnmH	C600	cds-WP_001157938.1	DK885_RS17600	GO:0002098,GO:0043828
C600_DK885_RS17605	C600_NZ_CP031214.1	3391480	3391845	366	+	ylbG	helix-turn-helix domain-containing protein	C600	cds-DK885_RS17605	DK885_RS17605	
C600_DK885_RS24650	C600_NZ_CP031214.1	3391904	3391999	96	-	hypothetical protein	hypothetical protein	C600	cds-DK885_RS24650	DK885_RS24650	
C600_DK885_RS24145	C600_NZ_CP031214.1	3392366	3392539	174	-	WP_001297301.1	hypothetical protein	C600	cds-WP_001297301.1	DK885_RS24145	
C600_DK885_RS17615	C600_NZ_CP031214.1	3392596	3392856	261	-	WP_001320180.1	hypothetical protein	C600	cds-WP_001320180.1	DK885_RS17615	
C600_DK885_RS17620	C600_NZ_CP031214.1	3392837	3393523	687	-	RHS repeat-associated core domain-containing protein	RHS repeat-associated core domain-containing protein	C600	cds-DK885_RS17620	DK885_RS17620	
C600_DK885_RS17625	C600_NZ_CP031214.1	3393547	3393915	369	-	ybbC	YbbC/YhhH family protein	C600	cds-WP_000877768.1	DK885_RS17625	
C600_DK885_RS17630	C600_NZ_CP031214.1	3393955	3398235	4281	-	rhsD	rhs element protein RhsD	C600	cds-WP_000014739.1	DK885_RS17630	
C600_DK885_RS17635	C600_NZ_CP031214.1	3398666	3401080	2415	-	ybbP	putative ABC transporter permease subunit YbbP	C600	cds-WP_000561872.1	DK885_RS17635	
C600_DK885_RS17640	C600_NZ_CP031214.1	3401077	3401763	687	-	ybbA	putative ABC transporter ATP-binding protein YbbA	C600	cds-WP_001110573.1	DK885_RS17640	
C600_DK885_RS17645	C600_NZ_CP031214.1	3401734	3402357	624	+	tesA	multifunctional acyl-CoA thioesterase I/protease I/lysophospholipase L1	C600	cds-WP_001295836.1	DK885_RS17645	GO:0006629,GO:0016298
C600_DK885_RS17650	C600_NZ_CP031214.1	3402347	3403156	810	+	ybbO	NADP(+)-dependent aldehyde reductase	C600	cds-WP_000148959.1	DK885_RS17650	
C600_DK885_RS17655	C600_NZ_CP031214.1	3403217	3404071	855	+	cnoX	chaperedoxin	C600	cds-WP_001300573.1	DK885_RS17655	
C600_DK885_RS17660	C600_NZ_CP031214.1	3404134	3404913	780	-	fetB	iron efflux ABC transporter permease subunit FetB	C600	cds-WP_001295323.1	DK885_RS17660	GO:1903988,GO:0005886
C600_DK885_RS17665	C600_NZ_CP031214.1	3404900	3405577	678	-	fetA	iron efflux ABC transporter ATP-binding subunit FetA	C600	cds-WP_001157540.1	DK885_RS17665	GO:1903988,GO:0016887
C600_DK885_RS17670	C600_NZ_CP031214.1	3405723	3406640	918	+	qmcA	SPFH domain-containing protein	C600	cds-WP_000904502.1	DK885_RS17670	GO:0016020
C600_DK885_RS17675	C600_NZ_CP031214.1	3406637	3407095	459	+	ybbJ	NfeD family protein	C600	cds-WP_000970323.1	DK885_RS17675	GO:0016020
C600_DK885_RS17680	C600_NZ_CP031214.1	3407096	3407503	408	-	cueR	Cu(I)-responsive transcriptional regulator	C600	cds-WP_001026747.1	DK885_RS17680	
C600_DK885_RS24375	C600_NZ_CP031214.1	3407500	3407597	98	-	hypothetical protein	hypothetical protein	C600	cds-DK885_RS24375	DK885_RS24375	
C600_DK885_RS17685	C600_NZ_CP031214.1	3407628	3408920	1293	-	ybaT	APC family permease	C600	cds-WP_000982172.1	DK885_RS17685	GO:0006865,GO:0055085,GO:0015171,GO:0022857,GO:0016020
C600_DK885_RS17690	C600_NZ_CP031214.1	3408923	3409855	933	-	glsA	glutaminase A	C600	cds-WP_000883034.1	DK885_RS17690	GO:0006541,GO:0004359
C600_DK885_RS17695	C600_NZ_CP031214.1	3410117	3412621	2505	+	copA	copper-exporting P-type ATPase CopA	C600	cds-WP_000083955.1	DK885_RS17695	GO:0006812,GO:0019829
C600_DK885_RS17700	C600_NZ_CP031214.1	3412937	3413278	342	-	ybaQ	HigA family addiction module antitoxin	C600	cds-WP_000806442.1	DK885_RS17700	GO:0003677
C600_DK885_RS17710	C600_NZ_CP031214.1	3413416	3414210	795	+	ybaP	TraB/GumN family protein	C600	cds-WP_000365173.1	DK885_RS17710	GO:0008233
C600_DK885_RS17720	C600_NZ_CP031214.1	3414414	3414893	480	+	ybaK	Cys-tRNA(Pro)/Cys-tRNA(Cys) deacylase YbaK	C600	cds-WP_000186631.1	DK885_RS17720	GO:0002161
C600_DK885_RS17725	C600_NZ_CP031214.1	3414930	3416582	1653	-	ushA	bifunctional UDP-sugar hydrolase/5'-nucleotidase	C600	cds-WP_000771748.1	DK885_RS17725	
C600_DK885_RS17735	C600_NZ_CP031214.1	3416800	3418020	1221	+	fsr	fosmidomycin MFS transporter	C600	cds-WP_001251608.1	DK885_RS17735	
C600_DK885_RS17740	C600_NZ_CP031214.1	3418258	3419934	1677	+	ybaL	YbaL family putative K(+) efflux transporter	C600	cds-WP_000546237.1	DK885_RS17740	GO:0006813,GO:0008324,GO:0051139,GO:0016020
C600_DK885_RS17745	C600_NZ_CP031214.1	3420067	3421371	1305	-	gsk	inosine/guanosine kinase	C600	cds-WP_000671574.1	DK885_RS17745	
C600_DK885_RS17750	C600_NZ_CP031214.1	3421523	3422482	960	+	aes	acetyl esterase	C600	cds-WP_000801813.1	DK885_RS17750	GO:0016787
C600_DK885_RS17755	C600_NZ_CP031214.1	3422479	3423441	963	-	hemH	ferrochelatase	C600	cds-WP_001250103.1	DK885_RS17755	GO:0006779,GO:0004325
C600_DK885_RS17760	C600_NZ_CP031214.1	3423677	3424321	645	-	adk	adenylate kinase	C600	cds-WP_001220233.1	DK885_RS17760	GO:0006139,GO:0004017,GO:0005524
C600_DK885_RS17770	C600_NZ_CP031214.1	3424502	3426376	1875	-	htpG	molecular chaperone HtpG	C600	cds-WP_000678201.1	DK885_RS17770	GO:0006457,GO:0005524,GO:0016887,GO:0051082
C600_DK885_RS17775	C600_NZ_CP031214.1	3426486	3427091	606	-	recR	recombination mediator RecR	C600	cds-WP_001195025.1	DK885_RS17775	GO:0006281,GO:0006310,GO:0003677,GO:0046872
C600_DK885_RS17780	C600_NZ_CP031214.1	3427091	3427420	330	-	ybaB	YbaB/EbfC family nucleoid-associated protein	C600	cds-WP_000467098.1	DK885_RS17780	GO:0003677
C600_DK885_RS17785	C600_NZ_CP031214.1	3427473	3429404	1932	-	dnaX	DNA polymerase III subunit gamma/tau	C600	cds-WP_000122013.1	DK885_RS17785	GO:0006260,GO:0003677,GO:0003887,GO:0005524,GO:0009360
C600_DK885_RS17790	C600_NZ_CP031214.1	3429533	3430084	552	-	apt	adenine phosphoribosyltransferase	C600	cds-WP_000127356.1	DK885_RS17790	GO:0006168,GO:0003999
C600_DK885_RS17800	C600_NZ_CP031214.1	3430237	3430614	378	-	ybaN	DUF454 family protein	C600	cds-WP_001188905.1	DK885_RS17800	
C600_DK885_RS17805	C600_NZ_CP031214.1	3430684	3431211	528	+	priC	primosomal replication protein N''	C600	cds-WP_000844874.1	DK885_RS17805	
C600_DK885_RS17810	C600_NZ_CP031214.1	3431225	3431386	162	+	rsmS	pleiotropic regulatory protein RsmS	C600	cds-WP_000051153.1	DK885_RS17810	
C600_DK885_RS17815	C600_NZ_CP031214.1	3431598	3434960	3363	-	mscK	mechanosensitive channel MscK	C600	cds-WP_000177732.1	DK885_RS17815	GO:0055085,GO:0016020
C600_DK885_RS17825	C600_NZ_CP031214.1	3435088	3435735	648	-	acrR	multidrug efflux transporter transcriptional repressor AcrR	C600	cds-WP_000101737.1	DK885_RS17825	
C600_DK885_RS17830	C600_NZ_CP031214.1	3435877	3437070	1194	+	acrA	multidrug efflux RND transporter periplasmic adaptor subunit AcrA	C600	cds-WP_001295324.1	DK885_RS17830	
C600_DK885_RS17835	C600_NZ_CP031214.1	3437093	3440242	3150	+	acrB	efflux RND transporter permease AcrB	C600	cds-WP_001132469.1	DK885_RS17835	
C600_DK885_RS17840	C600_NZ_CP031214.1	3440788	3441162	375	+	tomB	Hha toxicity modulator TomB	C600	cds-WP_000344800.1	DK885_RS17840	
C600_DK885_RS17845	C600_NZ_CP031214.1	3441188	3441406	219	+	hha	HHA domain-containing protein	C600	cds-WP_001291435.1	DK885_RS17845	
C600_DK885_RS17850	C600_NZ_CP031214.1	3441578	3442129	552	+	maa	maltose O-acetyltransferase	C600	cds-WP_000102564.1	DK885_RS17850	GO:0016407
C600_DK885_RS17855	C600_NZ_CP031214.1	3442245	3442715	471	+	ylaC	YlaC family protein	C600	cds-WP_000136192.1	DK885_RS17855	
C600_DK885_RS17860	C600_NZ_CP031214.1	3442879	3444429	1551	+	pdeB	cyclic-guanylate-specific phosphodiesterase PdeB	C600	cds-WP_001310610.1	DK885_RS17860	
C600_DK885_RS17865	C600_NZ_CP031214.1	3444471	3444824	354	-	ybaA	DUF1428 domain-containing protein	C600	cds-WP_000878140.1	DK885_RS17865	
C600_DK885_RS17875	C600_NZ_CP031214.1	3445203	3445514	312	+	WP_000409911.1	MGMT family protein	C600	cds-WP_000409911.1	DK885_RS17875	GO:0006281,GO:0003677,GO:0003824,GO:0003908
C600_DK885_RS17880	C600_NZ_CP031214.1	3445545	3446117	573	-	ybaY	YbaY family lipoprotein	C600	cds-WP_000779842.1	DK885_RS17880	
C600_DK885_RS17885	C600_NZ_CP031214.1	3446335	3447195	861	+	tesB	acyl-CoA thioesterase II	C600	cds-WP_000075876.1	DK885_RS17885	
C600_DK885_RS17890	C600_NZ_CP031214.1	3447244	3448530	1287	-	amtB	ammonium transporter AmtB	C600	cds-WP_000685029.1	DK885_RS17890	GO:0072488,GO:0008519,GO:0005886
C600_DK885_RS17895	C600_NZ_CP031214.1	3448560	3448898	339	-	glnK	P-II family nitrogen regulator	C600	cds-WP_000780338.1	DK885_RS17895	GO:0006808,GO:0030234
C600_DK885_RS17900	C600_NZ_CP031214.1	3449079	3450860	1782	-	mdlB	SmdB family multidrug efflux ABC transporter permease/ATP-binding protein	C600	cds-WP_001256201.1	DK885_RS17900	GO:0055085,GO:0005524,GO:0140359,GO:0016020
C600_DK885_RS17905	C600_NZ_CP031214.1	3450853	3452625	1773	-	mdlA	SmdA family multidrug ABC transporter permease/ATP-binding protein	C600	cds-WP_001235649.1	DK885_RS17905	GO:0055085,GO:0005524,GO:0140359,GO:0016020
C600_DK885_RS17910	C600_NZ_CP031214.1	3452655	3453113	459	-	decR	DNA-binding transcriptional regulator DecR	C600	cds-WP_000884589.1	DK885_RS17910	
C600_DK885_RS17915	C600_NZ_CP031214.1	3453266	3454084	819	-	cof	HMP-PP phosphatase	C600	cds-WP_001336137.1	DK885_RS17915	GO:0016818
C600_DK885_RS17920	C600_NZ_CP031214.1	3454184	3455884	1701	+	ybaE	SgrR family transcriptional regulator	C600	cds-WP_001238234.1	DK885_RS17920	
C600_DK885_RS17925	C600_NZ_CP031214.1	3455949	3456644	696	+	queC	7-cyano-7-deazaguanine synthase QueC	C600	cds-WP_000817220.1	DK885_RS17925	
C600_DK885_RS17930	C600_NZ_CP031214.1	3456696	3457094	399	-	fadM	long-chain acyl-CoA thioesterase FadM	C600	cds-WP_001194534.1	DK885_RS17930	
C600_DK885_RS17935	C600_NZ_CP031214.1	3457188	3457559	372	-	ybaV	helix-hairpin-helix domain-containing protein	C600	cds-WP_000680312.1	DK885_RS17935	
C600_DK885_RS17940	C600_NZ_CP031214.1	3457710	3459581	1872	-	ppiD	peptidylprolyl isomerase	C600	cds-WP_000969372.1	DK885_RS17940	GO:0003755
C600_DK885_RS17945	C600_NZ_CP031214.1	3459773	3460063	291	-	hupB	nucleoid-associated protein HU-beta	C600	cds-WP_254892905.1	DK885_RS17945	
C600_DK885_RS17950	C600_NZ_CP031214.1	3460254	3462608	2355	-	lon	endopeptidase La	C600	cds-WP_001295325.1	DK885_RS17950	GO:0006508,GO:0004176,GO:0004252,GO:0016887,GO:0043565
C600_DK885_RS17955	C600_NZ_CP031214.1	3462796	3464070	1275	-	clpX	ATP-dependent protease ATP-binding subunit ClpX	C600	cds-WP_000130305.1	DK885_RS17955	GO:0005524,GO:0051082,GO:0140662,GO:0009368
C600_DK885_RS17960	C600_NZ_CP031214.1	3464196	3464819	624	-	clpP	ATP-dependent Clp endopeptidase proteolytic subunit ClpP	C600	cds-WP_000122253.1	DK885_RS17960	GO:0006508,GO:0004176,GO:0004252,GO:0009368
C600_DK885_RS17965	C600_NZ_CP031214.1	3465065	3466363	1299	-	tig	trigger factor	C600	cds-WP_001198386.1	DK885_RS17965	GO:0015031,GO:0051083,GO:0003755,GO:0051082,GO:0005854
C600_DK885_RS17975	C600_NZ_CP031214.1	3466707	3467024	318	-	bolA	transcriptional regulator BolA	C600	cds-WP_000973448.1	DK885_RS17975	
C600_DK885_RS17985	C600_NZ_CP031214.1	3467329	3467907	579	+	yajG	lipoprotein	C600	cds-WP_001295326.1	DK885_RS17985	
C600_DK885_RS17990	C600_NZ_CP031214.1	3467951	3469426	1476	+	ampG	muropeptide MFS transporter AmpG	C600	cds-WP_000098429.1	DK885_RS17990	GO:0055085,GO:0022857,GO:0016020
C600_DK885_RS17995	C600_NZ_CP031214.1	3469886	3470833	948	+	cyoA	cytochrome o ubiquinol oxidase subunit II	C600	cds-WP_001239436.1	DK885_RS17995	GO:0022900,GO:0004129
C600_DK885_RS18000	C600_NZ_CP031214.1	3470855	3472846	1992	+	cyoB	cytochrome o ubiquinol oxidase subunit I	C600	cds-WP_000467180.1	DK885_RS18000	GO:0004129
C600_DK885_RS18005	C600_NZ_CP031214.1	3472836	3473450	615	+	cyoC	cytochrome o ubiquinol oxidase subunit III	C600	cds-WP_000179819.1	DK885_RS18005	GO:0022904,GO:0004129
C600_DK885_RS18010	C600_NZ_CP031214.1	3473450	3473779	330	+	cyoD	cytochrome o ubiquinol oxidase subunit IV	C600	cds-WP_000019869.1	DK885_RS18010	
C600_DK885_RS18015	C600_NZ_CP031214.1	3473791	3474681	891	+	cyoE	heme o synthase	C600	cds-WP_000971336.1	DK885_RS18015	GO:0048034,GO:0008495,GO:0016020
C600_DK885_RS18020	C600_NZ_CP031214.1	3474830	3476194	1365	+	yajR	MFS transporter	C600	cds-WP_001000963.1	DK885_RS18020	GO:0055085,GO:0022857,GO:0016020
C600_DK885_RS18025	C600_NZ_CP031214.1	3476322	3476813	492	-	yajQ	nucleotide binding protein YajQ	C600	cds-WP_001138904.1	DK885_RS18025	
C600_DK885_RS18030	C600_NZ_CP031214.1	3476981	3477892	912	+	panE	2-dehydropantoate 2-reductase	C600	cds-WP_000705865.1	DK885_RS18030	GO:0015940,GO:0008677
C600_DK885_RS18035	C600_NZ_CP031214.1	3477855	3478445	591	+	yajL	protein deglycase YajL	C600	cds-WP_001276305.1	DK885_RS18035	
C600_DK885_RS18040	C600_NZ_CP031214.1	3478499	3479947	1449	-	thiI	tRNA 4-thiouridine(8) synthase ThiI	C600	cds-WP_000668662.1	DK885_RS18040	
C600_DK885_RS18045	C600_NZ_CP031214.1	3480153	3480395	243	+	xseB	exodeoxyribonuclease VII small subunit	C600	cds-WP_001124935.1	DK885_RS18045	
C600_DK885_RS18050	C600_NZ_CP031214.1	3480395	3481294	900	+	ispA	(2E,6E)-farnesyl diphosphate synthase	C600	cds-WP_000347217.1	DK885_RS18050	GO:0008299
C600_DK885_RS18055	C600_NZ_CP031214.1	3481319	3483181	1863	+	dxs	1-deoxy-D-xylulose-5-phosphate synthase	C600	cds-WP_000006797.1	DK885_RS18055	GO:0008615,GO:0009228,GO:0009240,GO:0008661,GO:0005737
C600_DK885_RS18060	C600_NZ_CP031214.1	3483361	3484335	975	+	yajO	1-deoxyxylulose-5-phosphate synthase YajO	C600	cds-WP_001199800.1	DK885_RS18060	
C600_DK885_RS18065	C600_NZ_CP031214.1	3484389	3484907	519	-	pgpA	phosphatidylglycerophosphatase A	C600	cds-WP_000154044.1	DK885_RS18065	GO:0006629,GO:0008962
C600_DK885_RS18070	C600_NZ_CP031214.1	3484885	3485862	978	-	thiL	thiamine-phosphate kinase	C600	cds-WP_000742109.1	DK885_RS18070	GO:0009228,GO:0009030
C600_DK885_RS18075	C600_NZ_CP031214.1	3485940	3486359	420	-	nusB	transcription antitermination factor NusB	C600	cds-WP_000801125.1	DK885_RS18075	GO:0006353
C600_DK885_RS18080	C600_NZ_CP031214.1	3486379	3486849	471	-	ribH	6,7-dimethyl-8-ribityllumazine synthase	C600	cds-WP_001021161.1	DK885_RS18080	GO:0000906,GO:0009349
C600_DK885_RS18085	C600_NZ_CP031214.1	3486938	3488041	1104	-	ribD	bifunctional diaminohydroxyphosphoribosylaminopyrimidine deaminase/5-amino-6-(5-phosphoribosylamino)uracil reductase RibD	C600	cds-WP_001150457.1	DK885_RS18085	GO:0008270,GO:0008703,GO:0008835,GO:0050661
C600_DK885_RS18090	C600_NZ_CP031214.1	3488045	3488494	450	-	nrdR	transcriptional regulator NrdR	C600	cds-WP_000543535.1	DK885_RS18090	GO:0006355,GO:0008270,GO:0140110
C600_DK885_RS18095	C600_NZ_CP031214.1	3488645	3489184	540	+	yajI	DUF3251 domain-containing protein	C600	cds-WP_001326929.1	DK885_RS18095	
C600_DK885_RS18105	C600_NZ_CP031214.1	3489483	3490367	885	+	tsx	nucleoside-specific channel-forming protein Tsx	C600	cds-WP_001295328.1	DK885_RS18105	
C600_DK885_RS18110	C600_NZ_CP031214.1	3490544	3490891	348	-	yajD	HNH nuclease YajD	C600	cds-WP_000974813.1	DK885_RS18110	
C600_DK885_RS18115	C600_NZ_CP031214.1	3491020	3491991	972	-	secF	protein translocase subunit SecF	C600	cds-WP_000046637.1	DK885_RS18115	GO:0006886,GO:0043952,GO:0015450,GO:0031522
C600_DK885_RS18120	C600_NZ_CP031214.1	3492002	3493849	1848	-	secD	protein translocase subunit SecD	C600	cds-WP_000934822.1	DK885_RS18120	GO:0006886,GO:0043952,GO:0015450,GO:0031522
C600_DK885_RS18125	C600_NZ_CP031214.1	3493877	3494209	333	-	yajC	preprotein translocase subunit YajC	C600	cds-WP_000007629.1	DK885_RS18125	GO:0009306,GO:0015450,GO:0005886
C600_DK885_RS18130	C600_NZ_CP031214.1	3494232	3495359	1128	-	tgt	tRNA guanosine(34) transglycosylase Tgt	C600	cds-WP_000667319.1	DK885_RS18130	GO:0006400,GO:0008479,GO:0005737
C600_DK885_RS18135	C600_NZ_CP031214.1	3495415	3496485	1071	-	queA	tRNA preQ1(34) S-adenosylmethionine ribosyltransferase-isomerase QueA	C600	cds-WP_001266503.1	DK885_RS18135	GO:0006400,GO:0008616,GO:0051075,GO:0005737
C600_DK885_RS18140	C600_NZ_CP031214.1	3496578	3497159	582	+	acpH	ACP phosphodiesterase	C600	cds-WP_001009885.1	DK885_RS18140	GO:0006633,GO:0008770
C600_DK885_RS18145	C600_NZ_CP031214.1	3497164	3498981	1818	-	malZ	maltodextrin glucosidase	C600	cds-WP_001310597.1	DK885_RS18145	GO:0005975,GO:0004558
C600_DK885_RS18150	C600_NZ_CP031214.1	3499137	3500510	1374	-	proY	proline-specific permease ProY	C600	cds-WP_001295329.1	DK885_RS18150	GO:0006865,GO:0055085,GO:0016020
C600_DK885_RS18155	C600_NZ_CP031214.1	3500586	3501905	1320	-	brnQ	branched-chain amino acid transporter carrier protein BrnQ	C600	cds-WP_000149639.1	DK885_RS18155	
C600_DK885_RS18160	C600_NZ_CP031214.1	3502312	3503607	1296	-	phoR	phosphate regulon sensor histidine kinase PhoR	C600	cds-WP_000893623.1	DK885_RS18160	GO:0000160,GO:0006355,GO:0016310,GO:0000155,GO:0004721,GO:0016020
C600_DK885_RS18165	C600_NZ_CP031214.1	3503665	3504354	690	-	phoB	phosphate response regulator transcription factor PhoB	C600	cds-WP_000113933.1	DK885_RS18165	
C600_DK885_RS18170	C600_NZ_CP031214.1	3504544	3505746	1203	+	sbcD	exonuclease subunit SbcD	C600	cds-WP_001221319.1	DK885_RS18170	GO:0006260,GO:0006310,GO:0004527
C600_DK885_RS18175	C600_NZ_CP031214.1	3505743	3508889	3147	+	sbcC	exonuclease subunit SbcC	C600	cds-WP_000698951.1	DK885_RS18175	GO:0006260,GO:0004527
C600_DK885_RS18180	C600_NZ_CP031214.1	3509015	3510199	1185	+	araJ	MFS transporter AraJ	C600	cds-WP_001326926.1	DK885_RS18180	GO:0055085,GO:0022857
C600_DK885_RS18185	C600_NZ_CP031214.1	3510444	3511352	909	-	mak	fructokinase	C600	cds-WP_001219309.1	DK885_RS18185	
C600_DK885_RS18190	C600_NZ_CP031214.1	3511477	3512388	912	+	rdgC	recombination-associated protein RdgC	C600	cds-WP_001298537.1	DK885_RS18190	GO:0006310
C600_DK885_RS24030	C600_NZ_CP031214.1	3512466	3512549	84	-	WP_120795376.1	protein YkiD	C600	cds-WP_120795376.1	DK885_RS24030	
C600_DK885_RS18195	C600_NZ_CP031214.1	3512546	3512887	342	-	DUF2773 domain-containing protein	DUF2773 domain-containing protein	C600	cds-DK885_RS18195	DK885_RS18195	
C600_DK885_RS18205	C600_NZ_CP031214.1	3513035	3513319	285	-	ppnP	pyrimidine/purine nucleoside phosphorylase	C600	cds-WP_000941942.1	DK885_RS18205	
C600_DK885_RS18210	C600_NZ_CP031214.1	3513391	3514068	678	-	aroM	AroM family protein	C600	cds-WP_001276420.1	DK885_RS18210	
C600_DK885_RS18220	C600_NZ_CP031214.1	3514326	3514517	192	-	yaiA	protein YaiA	C600	cds-WP_001142439.1	DK885_RS18220	
C600_DK885_RS18225	C600_NZ_CP031214.1	3514567	3515091	525	-	aroL	shikimate kinase AroL	C600	cds-WP_000193393.1	DK885_RS18225	GO:0009073,GO:0004765
C600_DK885_RS18230	C600_NZ_CP031214.1	3515274	3515732	459	-	yaiI	YaiI/YqxD family protein	C600	cds-WP_000158159.1	DK885_RS18230	
C600_DK885_RS18235	C600_NZ_CP031214.1	3515852	3516661	810	+	proC	pyrroline-5-carboxylate reductase	C600	cds-WP_001295331.1	DK885_RS18235	GO:0006561,GO:0004735
C600_DK885_RS18240	C600_NZ_CP031214.1	3516678	3517793	1116	-	adrA	diguanylate cyclase AdrA	C600	cds-WP_000484048.1	DK885_RS18240	
C600_DK885_RS18245	C600_NZ_CP031214.1	3517895	3518215	321	-	psiF	phosphate starvation-inducible protein PsiF	C600	cds-WP_001295332.1	DK885_RS18245	
C600_DK885_RS18250	C600_NZ_CP031214.1	3518334	3519749	1416	-	phoA	alkaline phosphatase	C600	cds-WP_000814403.1	DK885_RS18250	GO:0016791
C600_DK885_RS18255	C600_NZ_CP031214.1	3519850	3520110	261	-	iraP	anti-adapter protein IraP	C600	cds-WP_000792970.1	DK885_RS18255	
C600_DK885_RS18260	C600_NZ_CP031214.1	3520292	3520495	204	-	WP_001300163.1	hypothetical protein	C600	cds-WP_001300163.1	DK885_RS18260	
C600_DK885_RS18265	C600_NZ_CP031214.1	3520573	3521667	1095	+	ddlA	D-alanine--D-alanine ligase	C600	cds-WP_000413677.1	DK885_RS18265	GO:0008716
C600_DK885_RS18270	C600_NZ_CP031214.1	3521691	3521903	213	-	yaiZ	DUF2754 domain-containing protein	C600	cds-WP_001295334.1	DK885_RS18270	
C600_DK885_RS18280	C600_NZ_CP031214.1	3522163	3522471	309	+	yaiY	YaiY family protein	C600	cds-WP_000763151.1	DK885_RS18280	
C600_DK885_RS18285	C600_NZ_CP031214.1	3522530	3523624	1095	-	yaiW	surface-exposed outer membrane lipoprotein YaiW	C600	cds-WP_000092067.1	DK885_RS18285	
C600_DK885_RS18290	C600_NZ_CP031214.1	3523637	3524857	1221	-	sbmA	peptide antibiotic transporter SbmA	C600	cds-WP_001301663.1	DK885_RS18290	GO:0015833,GO:1904680
C600_DK885_RS18300	C600_NZ_CP031214.1	3525209	3526366	1158	+	ampH	D-alanyl-D-alanine-carboxypeptidase/endopeptidase AmpH	C600	cds-WP_000830741.1	DK885_RS18300	
C600_DK885_RS18305	C600_NZ_CP031214.1	3526367	3526990	624	-	iprA	hydrogen peroxide resistance inhibitor IprA	C600	cds-WP_001295335.1	DK885_RS18305	
C600_DK885_RS18310	C600_NZ_CP031214.1	3527078	3528523	1446	-	autotransporter outer membrane beta-barrel domain-containing protein	autotransporter outer membrane beta-barrel domain-containing protein	C600	cds-DK885_RS18310	DK885_RS18310	
C600_DK885_RS18315	C600_NZ_CP031214.1	3528595	3529757	1163	+	WP_085947771.1	IS3-like element IS3 family transposase	C600	cds-WP_085947771.1-6	DK885_RS18315	GO:0006313,GO:0004803
C600_DK885_RS18320	C600_NZ_CP031214.1	3529797	3531245	1449	-	autotransporter outer membrane beta-barrel domain-containing protein	autotransporter outer membrane beta-barrel domain-containing protein	C600	cds-DK885_RS18320	DK885_RS18320	
C600_DK885_RS18330	C600_NZ_CP031214.1	3531769	3532743	975	+	hemB	porphobilinogen synthase	C600	cds-WP_001295337.1	DK885_RS18330	GO:0033014,GO:0004655
C600_DK885_RS18335	C600_NZ_CP031214.1	3532850	3533701	852	-	tauD	taurine dioxygenase	C600	cds-WP_000004027.1	DK885_RS18335	GO:0016491
C600_DK885_RS18340	C600_NZ_CP031214.1	3533698	3534525	828	-	tauC	taurine ABC transporter permease TauC	C600	cds-WP_000114620.1	DK885_RS18340	GO:0055085,GO:0015411,GO:0016020
C600_DK885_RS18345	C600_NZ_CP031214.1	3534522	3535289	768	-	tauB	taurine ABC transporter ATP-binding subunit	C600	cds-WP_000939375.1	DK885_RS18345	GO:0005524,GO:0015411,GO:0016020
C600_DK885_RS18350	C600_NZ_CP031214.1	3535302	3536264	963	-	tauA	taurine ABC transporter substrate-binding protein	C600	cds-WP_001018417.1	DK885_RS18350	GO:0055085,GO:0015411,GO:0042597,GO:0043190
C600_DK885_RS18360	C600_NZ_CP031214.1	3536880	3537437	558	+	yaiS	PIG-L deacetylase family protein	C600	cds-WP_000362028.1	DK885_RS18360	GO:0019213
C600_DK885_RS24655	C600_NZ_CP031214.1	3537417	3537536	120	-	WP_120795375.1	protein YkiC	C600	cds-WP_120795375.1	DK885_RS24655	
C600_DK885_RS18365	C600_NZ_CP031214.1	3537561	3538757	1197	+	yaiP	glycosyltransferase	C600	cds-WP_000860444.1	DK885_RS18365	GO:0006486,GO:0016757
C600_DK885_RS18370	C600_NZ_CP031214.1	3538681	3538908	228	+	acetyltransferase	acetyltransferase	C600	cds-DK885_RS18370	DK885_RS18370	
C600_DK885_RS18375	C600_NZ_CP031214.1	3538917	3540145	1229	-	WP_088895425.1	IS3-like element IS2 family transposase	C600	cds-WP_088895425.1-5	DK885_RS18375	GO:0006313,GO:0004803
C600_DK885_RS18385	C600_NZ_CP031214.1	3540209	3540652	444	+	WP_000012218.1	transferase	C600	cds-WP_000012218.1	DK885_RS18385	
C600_DK885_RS18390	C600_NZ_CP031214.1	3540654	3541427	774	+	yaiO	YaiO family outer membrane beta-barrel protein	C600	cds-WP_000596084.1	DK885_RS18390	
C600_DK885_RS18395	C600_NZ_CP031214.1	3541615	3541890	276	+	frmR	formaldehyde-responsive transcriptional repressor FrmR	C600	cds-WP_001141271.1	DK885_RS18395	
C600_DK885_RS18400	C600_NZ_CP031214.1	3541925	3543034	1110	+	frmA	S-(hydroxymethyl)glutathione dehydrogenase	C600	cds-WP_000842106.1	DK885_RS18400	
C600_DK885_RS18405	C600_NZ_CP031214.1	3543128	3543961	834	+	fghA	S-formylglutathione hydrolase	C600	cds-WP_000419081.1	DK885_RS18405	GO:0046294,GO:0018738
C600_DK885_RS18410	C600_NZ_CP031214.1	3544185	3544724	540	-	yaiL	DUF2058 domain-containing protein	C600	cds-WP_001096705.1	DK885_RS18410	
C600_DK885_RS18415	C600_NZ_CP031214.1	3544826	3546037	1212	-	mhpT	3-(3-hydroxy-phenyl)propionate transporter	C600	cds-WP_000107627.1	DK885_RS18415	
C600_DK885_RS18420	C600_NZ_CP031214.1	3546615	3547628	1014	-	mhpE	4-hydroxy-2-oxovalerate aldolase	C600	cds-WP_001013499.1	DK885_RS18420	
C600_DK885_RS18425	C600_NZ_CP031214.1	3547625	3548575	951	-	mhpF	acetaldehyde dehydrogenase	C600	cds-WP_000044314.1	DK885_RS18425	
C600_DK885_RS18430	C600_NZ_CP031214.1	3548572	3549381	810	-	mhpD	2-keto-4-pentenoate hydratase	C600	cds-WP_000160710.1	DK885_RS18430	
C600_DK885_RS18435	C600_NZ_CP031214.1	3549391	3550257	867	-	mhpC	2-hydroxy-6-oxonona-2,4-dienedioate hydrolase	C600	cds-WP_000121907.1	DK885_RS18435	
C600_DK885_RS18440	C600_NZ_CP031214.1	3550275	3551219	945	-	mhpB	2,3-dihydroxyphenylpropionate/2,3-dihydroxicinnamic acid 1,2-dioxygenase	C600	cds-WP_000543457.1	DK885_RS18440	
C600_DK885_RS18445	C600_NZ_CP031214.1	3551221	3552885	1665	-	mhpA	bifunctional 3-(3-hydroxy-phenyl)propionate/3-hydroxycinnamic acid hydroxylase	C600	cds-WP_001007407.1	DK885_RS18445	GO:0019622,GO:0008688
C600_DK885_RS18450	C600_NZ_CP031214.1	3553076	3553909	834	+	mhpR	DNA-binding transcriptional regulator	C600	cds-WP_001301325.1	DK885_RS18450	GO:0006355,GO:0003677
C600_DK885_RS18455	C600_NZ_CP031214.1	3553986	3555068	1083	+	lacI	DNA-binding transcriptional repressor LacI	C600	cds-WP_000805902.1	DK885_RS18455	
C600_DK885_RS18465	C600_NZ_CP031214.1	3555191	3558265	3075	+	lacZ	beta-galactosidase	C600	cds-WP_000177906.1	DK885_RS18465	
C600_DK885_RS18470	C600_NZ_CP031214.1	3558317	3559291	975	+	lacY	lactose permease	C600	cds-DK885_RS18470	DK885_RS18470	
C600_DK885_RS18480	C600_NZ_CP031214.1	3559348	3560045	698	+	WP_094096600.1	IS1-like element IS1A family transposase	C600	cds-WP_094096600.1-3	DK885_RS18480	GO:0006313,GO:0004803
C600_DK885_RS24045	C600_NZ_CP031214.1	3560054	3560146	93	+	sigma factor-binding protein Crl	sigma factor-binding protein Crl	C600	cds-DK885_RS24045	DK885_RS24045	
C600_DK885_RS18485	C600_NZ_CP031214.1	3560185	3561240	1056	-	phoE	phosphoporin PhoE	C600	cds-WP_000749863.1	DK885_RS18485	GO:0034220,GO:0015288,GO:0016020
C600_DK885_RS18490	C600_NZ_CP031214.1	3561528	3562631	1104	+	proB	glutamate 5-kinase	C600	cds-WP_001285288.1	DK885_RS18490	GO:0006561,GO:0004349,GO:0005737
C600_DK885_RS18495	C600_NZ_CP031214.1	3562643	3563896	1254	+	proA	glutamate-5-semialdehyde dehydrogenase	C600	cds-WP_000893278.1	DK885_RS18495	GO:0006561,GO:0004350
C600_DK885_RS18505	C600_NZ_CP031214.1	3564468	3564809	342	-	ykfI	type IV toxin-antitoxin system toxin YkfI	C600	cds-WP_000854672.1	DK885_RS18505	
C600_DK885_RS18510	C600_NZ_CP031214.1	3564830	3565147	318	-	yafW	type IV toxin-antitoxin system antitoxin YafW	C600	cds-WP_000070395.1	DK885_RS18510	
C600_DK885_RS18515	C600_NZ_CP031214.1	3565166	3565387	222	-	ykfH	DUF987 domain-containing protein	C600	cds-WP_000691994.1	DK885_RS18515	
C600_DK885_RS18520	C600_NZ_CP031214.1	3565396	3565872	477	-	ykfG	JAB domain-containing protein	C600	cds-WP_000811693.1	DK885_RS18520	GO:0006508,GO:0008237,GO:0046872
C600_DK885_RS18525	C600_NZ_CP031214.1	3565888	3566346	459	-	yafX	antirestriction protein	C600	cds-WP_000211838.1	DK885_RS18525	
C600_DK885_RS18530	C600_NZ_CP031214.1	3566444	3566683	240	-	ykfF	DUF905 domain-containing protein	C600	cds-WP_000194654.1	DK885_RS18530	
C600_DK885_RS18535	C600_NZ_CP031214.1	3566760	3567227	468	-	ykfB	protein YkfB	C600	cds-WP_001547765.1	DK885_RS18535	
C600_DK885_RS18540	C600_NZ_CP031214.1	3567250	3567693	444	-	yafY	YfjS/YafY family lipoprotein	C600	cds-WP_000824223.1	DK885_RS18540	
C600_DK885_RS18545	C600_NZ_CP031214.1	3567693	3567932	240	-	ypjK	protein YpjK	C600	cds-WP_032243554.1	DK885_RS18545	
C600_DK885_RS18550	C600_NZ_CP031214.1	3567907	3568107	201	-	DeoR family transcriptional regulator	DeoR family transcriptional regulator	C600	cds-DK885_RS18550	DK885_RS18550	GO:0006355,GO:0003700
C600_DK885_RS18555	C600_NZ_CP031214.1	3568324	3569145	822	-	yafZ	DUF932 domain-containing protein	C600	cds-WP_000197389.1	DK885_RS18555	
C600_DK885_RS18560	C600_NZ_CP031214.1	3569237	3570100	864	-	ykfA	GTPase family protein	C600	cds-WP_001065553.1	DK885_RS18560	GO:0003924,GO:0005525
C600_DK885_RS18565	C600_NZ_CP031214.1	3570429	3571322	894	-	perR	LysR substrate-binding domain-containing protein	C600	cds-WP_000770246.1	DK885_RS18565	
C600_DK885_RS18575	C600_NZ_CP031214.1	3571418	3571675	258	+	transposase	transposase	C600	cds-DK885_RS18575	DK885_RS18575	GO:0006313,GO:0003677,GO:0004803
C600_DK885_RS18580	C600_NZ_CP031214.1	3571743	3572894	1152	+	WP_001254938.1	IS30-like element IS30 family transposase	C600	cds-WP_001254938.1	DK885_RS18580	GO:0006313,GO:0004803
C600_DK885_RS18585	C600_NZ_CP031214.1	3572904	3573329	426	+	IS3 family transposase	IS3 family transposase	C600	cds-DK885_RS18585	DK885_RS18585	
C600_DK885_RS18595	C600_NZ_CP031214.1	3574002	3575093	1092	+	ykfC	reverse transcriptase domain-containing protein	C600	cds-DK885_RS18595	DK885_RS18595	
C600_DK885_RS18605	C600_NZ_CP031214.1	3575241	3576221	981	-	WP_000019403.1	IS5-like element IS5 family transposase	C600	cds-WP_000019403.1-9	DK885_RS18605	GO:0006313,GO:0004803
C600_DK885_RS18615	C600_NZ_CP031214.1	3576465	3577868	1404	+	mmuP	S-methylmethionine permease	C600	cds-WP_001393629.1	DK885_RS18615	GO:0055085
C600_DK885_RS18620	C600_NZ_CP031214.1	3577855	3578787	933	+	mmuM	homocysteine S-methyltransferase	C600	cds-WP_000081352.1	DK885_RS18620	GO:0009086,GO:0047150
C600_DK885_RS18625	C600_NZ_CP031214.1	3578896	3579942	1047	-	fbpC	ferric ABC transporter ATP-binding protein	C600	cds-WP_000192349.1	DK885_RS18625	GO:0055085,GO:0005524,GO:0022857,GO:0016020,GO:0043190
C600_DK885_RS18630	C600_NZ_CP031214.1	3579954	3580301	348	-	ABC transporter permease subunit	ABC transporter permease subunit	C600	cds-DK885_RS18630	DK885_RS18630	GO:0055085,GO:0016020
C600_DK885_RS18635	C600_NZ_CP031214.1	3580318	3581015	698	-	WP_223293341.1	IS1-like element IS1B family transposase	C600	cds-WP_223293341.1	DK885_RS18635	GO:0006313,GO:0004803
C600_DK885_RS18645	C600_NZ_CP031214.1	3581071	3581244	174	+	IS30 family transposase	IS30 family transposase	C600	cds-DK885_RS18645	DK885_RS18645	
C600_DK885_RS18650	C600_NZ_CP031214.1	3581254	3581502	249	-	transposase	transposase	C600	cds-DK885_RS18650	DK885_RS18650	GO:0006313,GO:0003677,GO:0004803
C600_DK885_RS18655	C600_NZ_CP031214.1	3581525	3581875	351	-	yagB	type IV toxin-antitoxin system antitoxin YagB	C600	cds-WP_001030800.1	DK885_RS18655	
C600_DK885_RS24380	C600_NZ_CP031214.1	3581889	3581954	66	-	hypothetical protein	hypothetical protein	C600	cds-DK885_RS24380	DK885_RS24380	
C600_DK885_RS18660	C600_NZ_CP031214.1	3581969	3583111	1143	-	WP_001350483.1	IS481-like element ISEc19 family transposase	C600	cds-WP_001350483.1	DK885_RS18660	GO:0006313,GO:0004803
C600_DK885_RS18665	C600_NZ_CP031214.1	3583418	3584326	909	+	yagE	2-keto-3-deoxygluconate aldolase	C600	cds-WP_001136613.1	DK885_RS18665	
C600_DK885_RS18670	C600_NZ_CP031214.1	3584341	3586308	1968	+	yagF	xylonate dehydratase YagF	C600	cds-WP_000151261.1	DK885_RS18670	
C600_DK885_RS18675	C600_NZ_CP031214.1	3586535	3587917	1383	+	yagG	MFS transporter	C600	cds-WP_000192863.1	DK885_RS18675	
C600_DK885_RS18680	C600_NZ_CP031214.1	3587929	3589539	1611	+	yagH	glycoside hydrolase family 43 protein	C600	cds-WP_000406871.1	DK885_RS18680	GO:0005975,GO:0004553
C600_DK885_RS18685	C600_NZ_CP031214.1	3589544	3590302	759	-	xynR	DNA-binding transcriptional repressor XynR	C600	cds-WP_001121657.1	DK885_RS18685	
C600_DK885_RS18690	C600_NZ_CP031214.1	3590441	3591445	1005	-	argF	ornithine carbamoyltransferase	C600	cds-WP_001281825.1	DK885_RS18690	GO:0042450,GO:0004585
C600_DK885_RS24290	C600_NZ_CP031214.1	3591415	3591510	96	-	argL	putative translational regulatory protein ArgL	C600	cds-WP_211180486.1	DK885_RS24290	
C600_DK885_RS18695	C600_NZ_CP031214.1	3591569	3591772	204	+	DUF3987 domain-containing protein	DUF3987 domain-containing protein	C600	cds-DK885_RS18695	DK885_RS18695	
C600_DK885_RS18705	C600_NZ_CP031214.1	3591789	3592486	698	-	WP_223293341.1	IS1-like element IS1B family transposase	C600	cds-WP_223293341.1-2	DK885_RS18705	GO:0006313,GO:0004803
C600_DK885_RS18715	C600_NZ_CP031214.1	3592640	3593371	732	+	yagJ	protein YagJ	C600	cds-WP_000388269.1	DK885_RS18715	
C600_DK885_RS18720	C600_NZ_CP031214.1	3593462	3594088	627	-	yagK	inovirus Gp2 family protein	C600	cds-WP_000860996.1	DK885_RS18720	
C600_DK885_RS18725	C600_NZ_CP031214.1	3594360	3595058	699	-	yagL	recombinase family protein	C600	cds-WP_001214248.1	DK885_RS18725	
C600_DK885_RS18730	C600_NZ_CP031214.1	3595085	3595939	855	-	yagM	protein YagM	C600	cds-WP_000072039.1	DK885_RS18730	
C600_DK885_RS18735	C600_NZ_CP031214.1	3596058	3596282	225	-	ykgV	helix-turn-helix transcriptional regulator	C600	cds-WP_001272156.1	DK885_RS18735	GO:0006355,GO:0003677,GO:0003700
C600_DK885_RS18740	C600_NZ_CP031214.1	3596279	3596719	441	-	yagN	protein YagN	C600	cds-WP_000224818.1	DK885_RS18740	
C600_DK885_RS18745	C600_NZ_CP031214.1	3596836	3598236	1401	-	intF	tyrosine-type recombinase/integrase	C600	cds-WP_001407714.1	DK885_RS18745	GO:0006310,GO:0015074,GO:0003677
C600_DK885_RS18755	C600_NZ_CP031214.1	3598521	3598859	339	-	LysR substrate-binding domain-containing protein	LysR substrate-binding domain-containing protein	C600	cds-DK885_RS18755	DK885_RS18755	
C600_DK885_RS18760	C600_NZ_CP031214.1	3598910	3599866	957	-	paoD	molybdenum cofactor insertion chaperone PaoD	C600	cds-WP_000121359.1	DK885_RS18760	
C600_DK885_RS18765	C600_NZ_CP031214.1	3599876	3602074	2199	-	paoC	aldehyde oxidoreductase molybdenum-binding subunit PaoC	C600	cds-WP_000667026.1	DK885_RS18765	
C600_DK885_RS18770	C600_NZ_CP031214.1	3602071	3603027	957	-	paoB	aldehyde oxidoreductase FAD-binding subunit PaoB	C600	cds-WP_000643333.1	DK885_RS18770	
C600_DK885_RS18775	C600_NZ_CP031214.1	3603024	3603713	690	-	paoA	aldehyde dehydrogenase iron-sulfur subunit PaoA	C600	cds-WP_000070700.1	DK885_RS18775	GO:0046872,GO:0047770,GO:0051536
C600_DK885_RS18785	C600_NZ_CP031214.1	3604131	3604745	615	+	yagU	YagU family protein	C600	cds-WP_001019920.1	DK885_RS18785	
C600_DK885_RS18795	C600_NZ_CP031214.1	3604993	3605322	330	-	ykgJ	YkgJ family cysteine cluster protein	C600	cds-WP_001303809.1	DK885_RS18795	GO:0046872,GO:0051536
C600_DK885_RS18800	C600_NZ_CP031214.1	3605635	3606345	711	-	ecpE	fimbrial chaperone EcpE	C600	cds-WP_001350485.1	DK885_RS18800	
C600_DK885_RS18805	C600_NZ_CP031214.1	3606314	3607957	1644	-	ecpD	fimbrial adhesin EcpD	C600	cds-WP_001310578.1	DK885_RS18805	
C600_DK885_RS18810	C600_NZ_CP031214.1	3607947	3610472	2526	-	ecpC	fimbrial usher EcpC	C600	cds-WP_001131096.1	DK885_RS18810	
C600_DK885_RS18815	C600_NZ_CP031214.1	3610498	3611166	669	-	ecpB	fimbrial chaperone EcpB	C600	cds-WP_000716398.1	DK885_RS18815	
C600_DK885_RS18820	C600_NZ_CP031214.1	3611224	3611811	588	-	ecpA	common pilus major fimbrillin subunit EcpA	C600	cds-WP_000730972.1	DK885_RS18820	
C600_DK885_RS18825	C600_NZ_CP031214.1	3611886	3612428	543	-	ecpR	ECP biosynthesis operon DNA-binding transcriptional regulator EcpR	C600	cds-WP_001301257.1	DK885_RS18825	GO:0006355,GO:1902021,GO:0003677
C600_DK885_RS18835	C600_NZ_CP031214.1	3613252	3613479	228	+	ykgL	protein YkgL	C600	cds-WP_001147279.1	DK885_RS18835	
C600_DK885_RS18840	C600_NZ_CP031214.1	3613514	3613654	141	-	ykgO	type B 50S ribosomal protein L36	C600	cds-WP_000866436.1	DK885_RS18840	GO:0006412,GO:0003735,GO:0005840
C600_DK885_RS18845	C600_NZ_CP031214.1	3613654	3613917	264	-	ykgM	type B 50S ribosomal protein L31	C600	cds-WP_000803998.1	DK885_RS18845	GO:0006412,GO:0003735,GO:0005840
C600_DK885_RS24590	C600_NZ_CP031214.1	3614281	3614382	102	-	ykgR	small membrane protein YkgR	C600	cds-WP_000662258.1	DK885_RS24590	
C600_DK885_RS24385	C600_NZ_CP031214.1	3614856	3614945	90	-	hypothetical protein	hypothetical protein	C600	cds-DK885_RS24385	DK885_RS24385	
C600_DK885_RS18865	C600_NZ_CP031214.1	3615497	3616372	876	+	inverse autotransporter beta domain-containing protein	inverse autotransporter beta domain-containing protein	C600	cds-DK885_RS18865	DK885_RS18865	
C600_DK885_RS18870	C600_NZ_CP031214.1	3616431	3617593	1163	+	WP_085947771.1	IS3-like element IS3 family transposase	C600	cds-WP_085947771.1-7	DK885_RS18870	GO:0006313,GO:0004803
C600_DK885_RS18875	C600_NZ_CP031214.1	3617623	3618276	654	-	helix-turn-helix domain-containing protein	helix-turn-helix domain-containing protein	C600	cds-DK885_RS18875	DK885_RS18875	GO:0006355,GO:0003700,GO:0043565
C600_DK885_RS24055	C600_NZ_CP031214.1	3618579	3618707	129	+	aldo/keto reductase	aldo/keto reductase	C600	cds-DK885_RS24055	DK885_RS24055	
C600_DK885_RS18880	C600_NZ_CP031214.1	3618866	3619459	594	-	rclC	reactive chlorine species resistance protein RclC	C600	cds-WP_001299021.1	DK885_RS18880	
C600_DK885_RS18885	C600_NZ_CP031214.1	3619471	3619707	237	-	rclB	reactive chlorine resistance periplasmic protein RclB	C600	cds-WP_000474084.1	DK885_RS18885	
C600_DK885_RS18890	C600_NZ_CP031214.1	3619816	3621141	1326	-	rclA	reactive chlorine resistance oxidoreductase RclA	C600	cds-WP_001046307.1	DK885_RS18890	
C600_DK885_RS18895	C600_NZ_CP031214.1	3621367	3622221	855	+	rclR	reactive chlorine-specific transcriptional regulator RclR	C600	cds-WP_000339594.1	DK885_RS18895	
C600_DK885_RS18900	C600_NZ_CP031214.1	3622748	3623467	720	+	ykgE	(Fe-S)-binding protein	C600	cds-WP_001102108.1	DK885_RS18900	GO:0016491,GO:0046872,GO:0051536
C600_DK885_RS18905	C600_NZ_CP031214.1	3623478	3624590	1113	+	LutB/LldF family L-lactate oxidation iron-sulfur protein	LutB/LldF family L-lactate oxidation iron-sulfur protein	C600	cds-DK885_RS18905	DK885_RS18905	GO:0006089,GO:0051536
C600_DK885_RS18910	C600_NZ_CP031214.1	3624606	3625303	698	-	WP_094096600.1	IS1-like element IS1A family transposase	C600	cds-WP_094096600.1-4	DK885_RS18910	GO:0006313,GO:0004803
C600_DK885_RS18920	C600_NZ_CP031214.1	3625360	3625683	324	-	crl	sigma factor-binding protein Crl	C600	cds-DK885_RS18920	DK885_RS18920	GO:0045893
C600_DK885_RS18925	C600_NZ_CP031214.1	3625741	3626985	1245	-	frsA	esterase FrsA	C600	cds-WP_000189532.1	DK885_RS18925	GO:0016788
C600_DK885_RS18930	C600_NZ_CP031214.1	3627077	3627535	459	-	gpt	xanthine phosphoribosyltransferase	C600	cds-WP_001291990.1	DK885_RS18930	GO:0009116,GO:0000310
C600_DK885_RS18935	C600_NZ_CP031214.1	3627796	3629253	1458	+	pepD	cytosol nonspecific dipeptidase	C600	cds-WP_001292994.1	DK885_RS18935	GO:0006508,GO:0016787
C600_DK885_RS18940	C600_NZ_CP031214.1	3629310	3629816	507	-	prfH	peptide chain release factor H	C600	cds-DK885_RS18940	DK885_RS18940	GO:0006415,GO:0003747
C600_DK885_RS18945	C600_NZ_CP031214.1	3629827	3630033	207	-	RtcB family protein	RtcB family protein	C600	cds-DK885_RS18945	DK885_RS18945	
C600_DK885_RS18955	C600_NZ_CP031214.1	3630351	3630803	453	-	yafP	GNAT family N-acetyltransferase	C600	cds-WP_001059892.1	DK885_RS18955	
C600_DK885_RS18960	C600_NZ_CP031214.1	3630813	3631211	399	-	yafO	type II toxin-antitoxin system mRNA interferase toxin YafO	C600	cds-WP_001263489.1	DK885_RS18960	
C600_DK885_RS18965	C600_NZ_CP031214.1	3631214	3631507	294	-	yafN	type I toxin-antitoxin system antitoxin YafN	C600	cds-WP_000554758.1	DK885_RS18965	
C600_DK885_RS18970	C600_NZ_CP031214.1	3631559	3632614	1056	-	dinB	DNA polymerase IV	C600	cds-WP_001226164.1	DK885_RS18970	GO:0006281,GO:0003684,GO:0003887
C600_DK885_RS18975	C600_NZ_CP031214.1	3632685	3633470	786	-	lafU	putative lateral flagellar export/assembly protein LafU	C600	cds-WP_000207552.1	DK885_RS18975	
C600_DK885_RS18980	C600_NZ_CP031214.1	3633436	3635154	1719	+	flagellar biosynthesis protein FlhA	flagellar biosynthesis protein FlhA	C600	cds-DK885_RS18980	DK885_RS18980	GO:0009306,GO:0044780,GO:0071978
C600_DK885_RS18985	C600_NZ_CP031214.1	3635378	3635875	498	-	rayT	REP-associated tyrosine transposase RayT	C600	cds-WP_000006255.1	DK885_RS18985	
C600_DK885_RS18990	C600_NZ_CP031214.1	3636051	3636800	750	-	yafL	C40 family peptidase	C600	cds-WP_000056849.1	DK885_RS18990	GO:0000270,GO:0006508,GO:0008233,GO:0008234,GO:0016787
C600_DK885_RS18995	C600_NZ_CP031214.1	3637010	3637270	261	+	dinJ	type II toxin-antitoxin system antitoxin DinJ	C600	cds-WP_000729703.1	DK885_RS18995	
C600_DK885_RS19000	C600_NZ_CP031214.1	3637273	3637551	279	+	yafQ	type II toxin-antitoxin system mRNA interferase toxin YafQ	C600	cds-WP_000615983.1	DK885_RS19000	
C600_DK885_RS19005	C600_NZ_CP031214.1	3637707	3638447	741	+	dpaA	peptidoglycan meso-diaminopimelic acid protein amidase	C600	cds-WP_001225679.1	DK885_RS19005	
C600_DK885_RS19010	C600_NZ_CP031214.1	3638418	3639185	768	-	yafJ	class II glutamine amidotransferase	C600	cds-WP_000333380.1	DK885_RS19010	GO:0006541,GO:0016740
C600_DK885_RS19015	C600_NZ_CP031214.1	3639391	3639969	579	-	lpcA	D-sedoheptulose 7-phosphate isomerase	C600	cds-WP_000284050.1	DK885_RS19015	GO:1901135,GO:0008968
C600_DK885_RS19020	C600_NZ_CP031214.1	3640209	3642653	2445	+	fadE	acyl-CoA dehydrogenase FadE	C600	cds-WP_000973083.1	DK885_RS19020	GO:0033539,GO:0003995,GO:0050660
C600_DK885_RS19025	C600_NZ_CP031214.1	3642696	3643142	447	-	ivy	Ivy family C-type lysozyme inhibitor	C600	cds-WP_001308392.1	DK885_RS19025	
C600_DK885_RS19030	C600_NZ_CP031214.1	3643323	3644093	771	+	yafV	2-oxoglutaramate amidase	C600	cds-WP_001118036.1	DK885_RS19030	
C600_DK885_RS19035	C600_NZ_CP031214.1	3644134	3644421	288	-	ISAs1 family transposase	ISAs1 family transposase	C600	cds-DK885_RS19035	DK885_RS19035	GO:0004803
C600_DK885_RS19040	C600_NZ_CP031214.1	3644410	3644766	357	+	hypothetical protein	hypothetical protein	C600	cds-DK885_RS19040	DK885_RS19040	
C600_DK885_RS19045	C600_NZ_CP031214.1	3644776	3645255	480	+	ykfM	protein YkfM	C600	cds-WP_001236645.1	DK885_RS19045	
C600_DK885_RS19050	C600_NZ_CP031214.1	3645392	3646177	786	-	WP_001086141.1	lipoprotein	C600	cds-WP_001086141.1	DK885_RS19050	
C600_DK885_RS19065	C600_NZ_CP031214.1	3646714	3647445	732	-	dnaQ	DNA polymerase III subunit epsilon	C600	cds-WP_001340895.1	DK885_RS19065	GO:0006260,GO:0003677,GO:0003887
C600_DK885_RS19070	C600_NZ_CP031214.1	3647510	3647977	468	+	rnhA	ribonuclease HI	C600	cds-WP_000917883.1	DK885_RS19070	GO:0003676,GO:0004523
C600_DK885_RS19075	C600_NZ_CP031214.1	3647974	3648696	723	-	yafS	class I SAM-dependent methyltransferase	C600	cds-WP_001326702.1	DK885_RS19075	GO:0032259,GO:0008168,GO:0008757,GO:1904047
C600_DK885_RS19080	C600_NZ_CP031214.1	3648730	3649485	756	+	gloB	hydroxyacylglutathione hydrolase	C600	cds-WP_001052715.1	DK885_RS19080	GO:0019243,GO:0004416
C600_DK885_RS19085	C600_NZ_CP031214.1	3649557	3650915	1359	+	mltD	murein transglycosylase D	C600	cds-WP_000644685.1	DK885_RS19085	GO:0000270,GO:0008933,GO:0016020
C600_DK885_RS19090	C600_NZ_CP031214.1	3650963	3651586	624	-	yafE	class I SAM-dependent methyltransferase	C600	cds-WP_000016007.1	DK885_RS19090	GO:0008168,GO:1904047
C600_DK885_RS19095	C600_NZ_CP031214.1	3651590	3652390	801	-	yafD	endonuclease/exonuclease/phosphatase family protein	C600	cds-WP_001230983.1	DK885_RS19095	
C600_DK885_RS19100	C600_NZ_CP031214.1	3652631	3653545	915	+	yafC	DNA-binding transcriptional regulator YafC	C600	cds-WP_000648572.1	DK885_RS19100	GO:0006355,GO:0003700
C600_DK885_RS19105	C600_NZ_CP031214.1	3653542	3654345	804	-	dkgB	2,5-didehydrogluconate reductase DkgB	C600	cds-WP_072338384.1	DK885_RS19105	GO:0047834
C600_DK885_RS19140	C600_NZ_CP031214.1	3660104	3660679	576	-	gmhB	D-glycero-beta-D-manno-heptose 1,7-bisphosphate 7-phosphatase	C600	cds-WP_001140187.1	DK885_RS19140	GO:0005975,GO:0016791
C600_DK885_RS19145	C600_NZ_CP031214.1	3660867	3661898	1032	+	metN	methionine ABC transporter ATP-binding protein MetN	C600	cds-WP_000594006.1	DK885_RS19145	GO:0048473,GO:0005524,GO:0033232,GO:0009276
C600_DK885_RS19150	C600_NZ_CP031214.1	3661891	3662544	654	+	metI	methionine ABC transporter permease MetI	C600	cds-WP_001294600.1	DK885_RS19150	
C600_DK885_RS19155	C600_NZ_CP031214.1	3662584	3663399	816	+	metQ	methionine ABC transporter substrate-binding lipoprotein MetQ	C600	cds-WP_000874226.1	DK885_RS19155	
C600_DK885_RS19160	C600_NZ_CP031214.1	3663517	3663921	405	+	rcsF	Rcs stress response system protein RcsF	C600	cds-WP_001202329.1	DK885_RS19160	
C600_DK885_RS19165	C600_NZ_CP031214.1	3663918	3664625	708	+	tsaA	tRNA (N6-threonylcarbamoyladenosine(37)-N6)-methyltransferase TrmO	C600	cds-WP_000094011.1	DK885_RS19165	GO:0006400,GO:0008757,GO:0005737
C600_DK885_RS19170	C600_NZ_CP031214.1	3664737	3666455	1719	+	proS	proline--tRNA ligase	C600	cds-WP_001260717.1	DK885_RS19170	GO:0006433,GO:0004827,GO:0005524,GO:0005737
C600_DK885_RS19175	C600_NZ_CP031214.1	3666509	3667333	825	+	yaeF	YaeF family permuted papain-like enzyme	C600	cds-WP_001336393.1	DK885_RS19175	
C600_DK885_RS19180	C600_NZ_CP031214.1	3667533	3668243	711	-	nlpE	envelope stress response activation lipoprotein NlpE	C600	cds-WP_000239163.1	DK885_RS19180	
C600_DK885_RS19185	C600_NZ_CP031214.1	3668257	3668679	423	-	arfB	alternative ribosome rescue aminoacyl-tRNA hydrolase ArfB	C600	cds-WP_000635537.1	DK885_RS19185	GO:0006415,GO:0003747
C600_DK885_RS19190	C600_NZ_CP031214.1	3668676	3669221	546	-	yaeQ	YaeQ family protein	C600	cds-WP_001185290.1	DK885_RS19190	
C600_DK885_RS19195	C600_NZ_CP031214.1	3669387	3669587	201	+	yaeP	YaeP family protein	C600	cds-WP_000417058.1	DK885_RS19195	
C600_DK885_RS19200	C600_NZ_CP031214.1	3669574	3669834	261	+	rof	Rho-binding antiterminator	C600	cds-WP_000062312.1	DK885_RS19200	
C600_DK885_RS19205	C600_NZ_CP031214.1	3669883	3671181	1299	-	tilS	tRNA lysidine(34) synthetase TilS	C600	cds-WP_000176549.1	DK885_RS19205	GO:0008033,GO:0000166,GO:0005524,GO:0016879
C600_DK885_RS19210	C600_NZ_CP031214.1	3671246	3671635	390	-	yaeR	VOC family protein	C600	cds-WP_000901099.1	DK885_RS19210	
C600_DK885_RS19215	C600_NZ_CP031214.1	3671692	3673833	2142	-	ldcC	lysine decarboxylase LdcC	C600	cds-WP_001020973.1	DK885_RS19215	
C600_DK885_RS19220	C600_NZ_CP031214.1	3673932	3674891	960	-	accA	acetyl-CoA carboxylase carboxyl transferase subunit alpha	C600	cds-WP_000055741.1	DK885_RS19220	GO:0006633,GO:0003989,GO:0009317
C600_DK885_RS19225	C600_NZ_CP031214.1	3674904	3678386	3483	-	dnaE	DNA polymerase III subunit alpha	C600	cds-WP_001294757.1	DK885_RS19225	GO:0006260,GO:0003676,GO:0008408
C600_DK885_RS19230	C600_NZ_CP031214.1	3678423	3679019	597	-	rnhB	ribonuclease HII	C600	cds-WP_000569430.1	DK885_RS19230	GO:0003723,GO:0004523
C600_DK885_RS19235	C600_NZ_CP031214.1	3679016	3680164	1149	-	lpxB	lipid-A-disaccharide synthase	C600	cds-WP_000139654.1	DK885_RS19235	GO:0009245,GO:0008915
C600_DK885_RS19240	C600_NZ_CP031214.1	3680164	3680952	789	-	lpxA	acyl-ACP--UDP-N-acetylglucosamine O-acyltransferase	C600	cds-WP_000565966.1	DK885_RS19240	GO:0008610,GO:0008780
C600_DK885_RS19245	C600_NZ_CP031214.1	3680956	3681411	456	-	fabZ	3-hydroxyacyl-ACP dehydratase FabZ	C600	cds-WP_000210739.1	DK885_RS19245	
C600_DK885_RS19250	C600_NZ_CP031214.1	3681516	3682541	1026	-	lpxD	UDP-3-O-(3-hydroxymyristoyl)glucosamine N-acyltransferase	C600	cds-WP_001139279.1	DK885_RS19250	GO:0009245,GO:0016410
C600_DK885_RS19255	C600_NZ_CP031214.1	3682545	3683030	486	-	skp	molecular chaperone Skp	C600	cds-WP_000758956.1	DK885_RS19255	
C600_DK885_RS19260	C600_NZ_CP031214.1	3683152	3685584	2433	-	bamA	outer membrane protein assembly factor BamA	C600	cds-WP_001240896.1	DK885_RS19260	GO:0071709,GO:0009279
C600_DK885_RS19265	C600_NZ_CP031214.1	3685614	3686966	1353	-	rseP	sigma E protease regulator RseP	C600	cds-WP_001295561.1	DK885_RS19265	GO:0006508,GO:0004222,GO:0005515,GO:0016020
C600_DK885_RS19270	C600_NZ_CP031214.1	3686978	3687835	858	-	cdsA	phosphatidate cytidylyltransferase	C600	cds-WP_000922446.1	DK885_RS19270	GO:0016772
C600_DK885_RS19275	C600_NZ_CP031214.1	3687848	3688606	759	-	ispU	(2E,6E)-farnesyl-diphosphate-specific ditrans,polycis-undecaprenyl-diphosphate synthase	C600	cds-WP_001295562.1	DK885_RS19275	GO:0043164,GO:0004659,GO:0008834
C600_DK885_RS19280	C600_NZ_CP031214.1	3688795	3689991	1197	-	ispC	1-deoxy-D-xylulose-5-phosphate reductoisomerase	C600	cds-WP_000811923.1	DK885_RS19280	GO:0008299,GO:0005515,GO:0030604,GO:0046872,GO:0070402
C600_DK885_RS19285	C600_NZ_CP031214.1	3690083	3690640	558	-	frr	ribosome recycling factor	C600	cds-WP_000622418.1	DK885_RS19285	GO:0006412,GO:0008135
C600_DK885_RS19290	C600_NZ_CP031214.1	3690932	3691657	726	-	pyrH	UMP kinase	C600	cds-WP_000224573.1	DK885_RS19290	GO:0006221,GO:0015949,GO:0033862,GO:0005737
C600_DK885_RS19295	C600_NZ_CP031214.1	3691804	3692655	852	-	tsf	translation elongation factor Ts	C600	cds-WP_000818114.1	DK885_RS19295	GO:0006414,GO:0003746
C600_DK885_RS19305	C600_NZ_CP031214.1	3692913	3693638	726	-	rpsB	30S ribosomal protein S2	C600	cds-WP_000246882.1	DK885_RS19305	GO:0006412,GO:0003735,GO:0015935
C600_DK885_RS19315	C600_NZ_CP031214.1	3694006	3694800	795	+	map	type I methionyl aminopeptidase	C600	cds-WP_001018194.1	DK885_RS19315	GO:0006508,GO:0070006
C600_DK885_RS19320	C600_NZ_CP031214.1	3694862	3697534	2673	+	glnD	bifunctional uridylyltransferase/uridylyl-removing protein GlnD	C600	cds-WP_001094586.1	DK885_RS19320	GO:0008152,GO:0016779
C600_DK885_RS19325	C600_NZ_CP031214.1	3697565	3698389	825	+	dapD	2,3,4,5-tetrahydropyridine-2,6-dicarboxylate N-succinyltransferase	C600	cds-WP_001186650.1	DK885_RS19325	GO:0009089,GO:0008666
C600_DK885_RS19330	C600_NZ_CP031214.1	3698443	3699255	813	+	yaeI	phosphodiesterase YaeI	C600	cds-WP_000625631.1	DK885_RS19330	
C600_DK885_RS19335	C600_NZ_CP031214.1	3699417	3699803	387	+	yaeH	DUF3461 family protein	C600	cds-WP_000272188.1	DK885_RS19335	
C600_DK885_RS19340	C600_NZ_CP031214.1	3699892	3701049	1158	-	cdaR	DNA-binding transcriptional regulator CdaR	C600	cds-WP_000929443.1	DK885_RS19340	
C600_DK885_RS19345	C600_NZ_CP031214.1	3701204	3702628	1425	-	degP	serine endoprotease DegP	C600	cds-WP_000753946.1	DK885_RS19345	
C600_DK885_RS19355	C600_NZ_CP031214.1	3702758	3704275	1518	-	dgt	dGTPase	C600	cds-WP_000057073.1	DK885_RS19355	GO:0006203,GO:0000287,GO:0008832
C600_DK885_RS19360	C600_NZ_CP031214.1	3704359	3705057	699	+	mtnN	5'-methylthioadenosine/S-adenosylhomocysteine nucleosidase	C600	cds-WP_000689844.1	DK885_RS19360	GO:0009164,GO:0019509,GO:0008782,GO:0008930
C600_DK885_RS19365	C600_NZ_CP031214.1	3705050	3705850	801	+	btuF	vitamin B12 ABC transporter substrate-binding protein BtuF	C600	cds-WP_001129927.1	DK885_RS19365	GO:0005524,GO:0031419
C600_DK885_RS19370	C600_NZ_CP031214.1	3705888	3706511	624	+	yadS	TRIC cation channel family protein	C600	cds-WP_000964221.1	DK885_RS19370	
C600_DK885_RS19375	C600_NZ_CP031214.1	3706558	3706902	345	-	erpA	iron-sulfur cluster insertion protein ErpA	C600	cds-WP_001295564.1	DK885_RS19375	GO:0016226,GO:0051536
C600_DK885_RS24060	C600_NZ_CP031214.1	3706895	3706960	66	-	yadW	small protein YadW	C600	cds-WP_120795373.1	DK885_RS24060	
C600_DK885_RS19380	C600_NZ_CP031214.1	3706984	3708405	1422	-	clcA	H(+)/Cl(-) exchange transporter ClcA	C600	cds-WP_000845394.1	DK885_RS19380	GO:0006821,GO:0055085,GO:0005247,GO:0005886
C600_DK885_RS24295	C600_NZ_CP031214.1	3708417	3708464	48	-	yadX	protein YadX	C600	cds-WP_211180485.1	DK885_RS24295	
C600_DK885_RS19385	C600_NZ_CP031214.1	3708630	3709910	1281	+	hemL	glutamate-1-semialdehyde 2,1-aminomutase	C600	cds-WP_000045315.1	DK885_RS19385	GO:0033014,GO:0042286
C600_DK885_RS19390	C600_NZ_CP031214.1	3710068	3712050	1983	-	fhuB	Fe(3+)-hydroxamate ABC transporter permease FhuB	C600	cds-WP_000044072.1	DK885_RS19390	GO:0022857
C600_DK885_RS19395	C600_NZ_CP031214.1	3712047	3712937	891	-	fhuD	Fe(3+)-hydroxamate ABC transporter substrate-binding protein FhuD	C600	cds-WP_001310529.1	DK885_RS19395	
C600_DK885_RS19400	C600_NZ_CP031214.1	3712937	3713734	798	-	fhuC	Fe3+-hydroxamate ABC transporter ATP-binding protein FhuC	C600	cds-WP_001158931.1	DK885_RS19400	GO:0005524
C600_DK885_RS19405	C600_NZ_CP031214.1	3713785	3716028	2244	-	fhuA	ferrichrome porin FhuA	C600	cds-DK885_RS19405	DK885_RS19405	GO:0015891,GO:0015344,GO:0038023,GO:0009279
C600_DK885_RS19410	C600_NZ_CP031214.1	3716248	3718782	2535	-	mrcB	bifunctional glycosyl transferase/transpeptidase	C600	cds-WP_000918162.1	DK885_RS19410	GO:0009252,GO:0046677,GO:0008658,GO:0008955,GO:0009274
C600_DK885_RS19420	C600_NZ_CP031214.1	3718978	3721407	2430	-	hrpB	ATP-dependent helicase HrpB	C600	cds-WP_001350480.1	DK885_RS19420	GO:0004386,GO:0005524
C600_DK885_RS19425	C600_NZ_CP031214.1	3721481	3722011	531	+	thpR	RNA 2',3'-cyclic phosphodiesterase	C600	cds-WP_001294700.1	DK885_RS19425	GO:0004113,GO:0008664
C600_DK885_RS19430	C600_NZ_CP031214.1	3722026	3722730	705	+	sfsA	DNA/RNA nuclease SfsA	C600	cds-WP_000396036.1	DK885_RS19430	GO:0003677
C600_DK885_RS19435	C600_NZ_CP031214.1	3722908	3723363	456	+	dksA	RNA polymerase-binding protein DksA	C600	cds-WP_001155227.1	DK885_RS19435	
C600_DK885_RS19440	C600_NZ_CP031214.1	3723430	3724326	897	+	gluQRS	tRNA glutamyl-Q(34) synthetase GluQRS	C600	cds-WP_000132715.1	DK885_RS19440	GO:0006400,GO:0043039,GO:0000166,GO:0004812,GO:0005524
C600_DK885_RS19445	C600_NZ_CP031214.1	3724386	3725783	1398	+	pcnB	polynucleotide adenylyltransferase PcnB	C600	cds-WP_010723084.1	DK885_RS19445	GO:0003723,GO:1990817
C600_DK885_RS19450	C600_NZ_CP031214.1	3725780	3726259	480	+	folK	2-amino-4-hydroxy-6-hydroxymethyldihydropteridine diphosphokinase	C600	cds-WP_000215139.1	DK885_RS19450	
C600_DK885_RS19455	C600_NZ_CP031214.1	3726629	3727213	585	+	yadN	fimbrial protein	C600	cds-WP_072647333.1	DK885_RS19455	GO:0007155,GO:0009289
C600_DK885_RS19460	C600_NZ_CP031214.1	3727311	3728051	741	+	yadV	fimbrial chaperone	C600	cds-WP_000465923.1	DK885_RS19460	
C600_DK885_RS19465	C600_NZ_CP031214.1	3728086	3730683	2598	+	htrE	Yad fimbria usher protein HtrE	C600	cds-WP_000151605.1	DK885_RS19465	
C600_DK885_RS19470	C600_NZ_CP031214.1	3730700	3731269	570	+	yadM	fimbrial protein	C600	cds-WP_000598300.1	DK885_RS19470	GO:0007155,GO:0009289
C600_DK885_RS19475	C600_NZ_CP031214.1	3731281	3731886	606	+	yadL	fimbrial-like protein YadL	C600	cds-WP_001310526.1	DK885_RS19475	
C600_DK885_RS19480	C600_NZ_CP031214.1	3731913	3732509	597	+	yadK	fimbrial-like protein	C600	cds-WP_000553749.1	DK885_RS19480	
C600_DK885_RS19485	C600_NZ_CP031214.1	3732547	3733797	1251	+	yadC	fimbrial tip-adhesin YadC	C600	cds-WP_284729375.1	DK885_RS19485	
C600_DK885_RS19490	C600_NZ_CP031214.1	3733911	3734705	795	+	panB	3-methyl-2-oxobutanoate hydroxymethyltransferase	C600	cds-WP_000805497.1	DK885_RS19490	GO:0015940,GO:0003864
C600_DK885_RS19495	C600_NZ_CP031214.1	3734717	3735568	852	+	panC	pantoate--beta-alanine ligase	C600	cds-WP_000905383.1	DK885_RS19495	GO:0015940,GO:0004592
C600_DK885_RS19500	C600_NZ_CP031214.1	3735642	3736544	903	-	rpnC	recombination-promoting nuclease RpnC	C600	cds-WP_000339954.1	DK885_RS19500	
C600_DK885_RS19515	C600_NZ_CP031214.1	3736818	3737198	381	+	panD	aspartate 1-decarboxylase	C600	cds-WP_000621515.1	DK885_RS19515	GO:0006523,GO:0004068
C600_DK885_RS19520	C600_NZ_CP031214.1	3737202	3738431	1230	-	yadE	polysaccharide deacetylase family protein	C600	cds-WP_000277917.1	DK885_RS19520	GO:0005975,GO:0016787,GO:0046872
C600_DK885_RS19525	C600_NZ_CP031214.1	3738495	3738935	441	-	yadI	PTS sugar transporter subunit IIA	C600	cds-WP_000901987.1	DK885_RS19525	GO:0008643,GO:0009401,GO:0016310,GO:1902495
C600_DK885_RS19530	C600_NZ_CP031214.1	3739040	3739810	771	-	yadH	ABC transporter permease	C600	cds-WP_000972203.1	DK885_RS19530	GO:0140359,GO:0016020,GO:0043190
C600_DK885_RS19535	C600_NZ_CP031214.1	3739807	3740733	927	-	yadG	ABC transporter ATP-binding protein	C600	cds-WP_000150637.1	DK885_RS19535	GO:0005524,GO:0016887,GO:0140359
C600_DK885_RS19540	C600_NZ_CP031214.1	3740842	3741504	663	+	can	carbonate dehydratase	C600	cds-WP_000651599.1	DK885_RS19540	GO:0015976,GO:0004089,GO:0008270
C600_DK885_RS19545	C600_NZ_CP031214.1	3741545	3742081	537	-	hpt	hypoxanthine phosphoribosyltransferase	C600	cds-WP_000683335.1	DK885_RS19545	GO:0006166
C600_DK885_RS19550	C600_NZ_CP031214.1	3742287	3744677	2391	+	gcd	quinoprotein glucose dehydrogenase	C600	cds-WP_001306211.1	DK885_RS19550	
C600_DK885_RS19555	C600_NZ_CP031214.1	3744879	3746429	1551	-	cueO	multicopper oxidase CueO	C600	cds-WP_001189647.1	DK885_RS19555	GO:0005507,GO:0016491
C600_DK885_RS19560	C600_NZ_CP031214.1	3746595	3746942	348	+	yacC	YacC family pilotin-like protein	C600	cds-WP_001295568.1	DK885_RS19560	
C600_DK885_RS19565	C600_NZ_CP031214.1	3747048	3747914	867	+	speE	polyamine aminopropyltransferase	C600	cds-WP_000818411.1	DK885_RS19565	
C600_DK885_RS19570	C600_NZ_CP031214.1	3747930	3748724	795	+	speD	adenosylmethionine decarboxylase	C600	cds-WP_000734287.1	DK885_RS19570	GO:0008295,GO:0004014
C600_DK885_RS19575	C600_NZ_CP031214.1	3748762	3749124	363	-	yacL	protein YacL	C600	cds-WP_000384306.1	DK885_RS19575	
C600_DK885_RS19580	C600_NZ_CP031214.1	3749300	3751897	2598	-	acnB	bifunctional aconitate hydratase 2/2-methylisocitrate dehydratase	C600	cds-WP_001307570.1	DK885_RS19580	GO:0006099,GO:0003994,GO:0051539,GO:0005829
C600_DK885_RS19590	C600_NZ_CP031214.1	3752252	3754105	1854	+	yacH	DUF3300 domain-containing protein	C600	cds-WP_000784470.1	DK885_RS19590	
C600_DK885_RS19595	C600_NZ_CP031214.1	3754176	3755600	1425	-	lpdA	dihydrolipoyl dehydrogenase	C600	cds-WP_000102485.1	DK885_RS19595	GO:0004148,GO:0050660
C600_DK885_RS19600	C600_NZ_CP031214.1	3755925	3757817	1893	-	aceF	pyruvate dehydrogenase complex dihydrolipoyllysine-residue acetyltransferase	C600	cds-WP_000963518.1	DK885_RS19600	GO:0006096,GO:0004742,GO:0045254
C600_DK885_RS19605	C600_NZ_CP031214.1	3757832	3760495	2664	-	aceE	pyruvate dehydrogenase (acetyl-transferring), homodimeric type	C600	cds-WP_000003820.1	DK885_RS19605	GO:0006086,GO:0004738,GO:0045254
C600_DK885_RS19615	C600_NZ_CP031214.1	3760656	3761420	765	-	pdhR	pyruvate dehydrogenase complex transcriptional repressor PdhR	C600	cds-WP_000331776.1	DK885_RS19615	
C600_DK885_RS19620	C600_NZ_CP031214.1	3761961	3763334	1374	+	aroP	aromatic amino acid transporter AroP	C600	cds-WP_000969915.1	DK885_RS19620	GO:0006865
C600_DK885_RS19625	C600_NZ_CP031214.1	3763377	3764231	855	-	ampE	beta-lactamase regulator AmpE	C600	cds-WP_000172005.1	DK885_RS19625	
C600_DK885_RS19630	C600_NZ_CP031214.1	3764228	3764779	552	-	ampD	1,6-anhydro-N-acetylmuramyl-L-alanine amidase AmpD	C600	cds-WP_000923721.1	DK885_RS19630	GO:0009253,GO:0008745
C600_DK885_RS19635	C600_NZ_CP031214.1	3764867	3765760	894	+	nadC	carboxylating nicotinate-nucleotide diphosphorylase	C600	cds-WP_001135174.1	DK885_RS19635	GO:0009435,GO:0004514
C600_DK885_RS19645	C600_NZ_CP031214.1	3765963	3766403	441	+	ppdD	prepilin peptidase-dependent pilin	C600	cds-WP_000360904.1	DK885_RS19645	
C600_DK885_RS19650	C600_NZ_CP031214.1	3766413	3767798	1386	+	gspE	type II secretion system protein GspE	C600	cds-WP_001025145.1	DK885_RS19650	
C600_DK885_RS19655	C600_NZ_CP031214.1	3767788	3768990	1203	+	hofC	protein transport protein HofC	C600	cds-WP_000157266.1	DK885_RS19655	GO:0004827
C600_DK885_RS19660	C600_NZ_CP031214.1	3769025	3770068	1044	-	guaC	GMP reductase	C600	cds-WP_001217338.1	DK885_RS19660	GO:0009117,GO:0003920,GO:1902560
C600_DK885_RS24150	C600_NZ_CP031214.1	3770224	3770268	45	-	WP_120795372.1	protein YacM	C600	cds-WP_120795372.1	DK885_RS24150	
C600_DK885_RS19665	C600_NZ_CP031214.1	3770293	3770913	621	+	coaE	dephospho-CoA kinase	C600	cds-WP_001269520.1	DK885_RS19665	GO:0015937,GO:0004140,GO:0005524,GO:0005737
C600_DK885_RS19670	C600_NZ_CP031214.1	3770913	3771656	744	+	zapD	cell division protein ZapD	C600	cds-WP_001194734.1	DK885_RS19670	
C600_DK885_RS19675	C600_NZ_CP031214.1	3771666	3771863	198	+	yacG	DNA gyrase inhibitor YacG	C600	cds-WP_000005042.1	DK885_RS19675	GO:0006355,GO:0008270
C600_DK885_RS19680	C600_NZ_CP031214.1	3772079	3772468	390	-	mutT	8-oxo-dGTP diphosphatase MutT	C600	cds-WP_000736007.1	DK885_RS19680	GO:0006281,GO:0008413
C600_DK885_RS19685	C600_NZ_CP031214.1	3772528	3775233	2706	-	secA	preprotein translocase subunit SecA	C600	cds-WP_000905789.1	DK885_RS19685	GO:0006605,GO:0006886,GO:0017038,GO:0005524
C600_DK885_RS19690	C600_NZ_CP031214.1	3775295	3775807	513	-	secM	secA translation cis-regulator SecM	C600	cds-WP_000014321.1	DK885_RS19690	GO:0045182
C600_DK885_RS19695	C600_NZ_CP031214.1	3776038	3776955	918	-	lpxC	UDP-3-O-acyl-N-acetylglucosamine deacetylase	C600	cds-WP_000595482.1	DK885_RS19695	GO:0009245,GO:0103117
C600_DK885_RS19700	C600_NZ_CP031214.1	3777056	3778207	1152	-	ftsZ	cell division protein FtsZ	C600	cds-WP_000462776.1	DK885_RS19700	GO:0000910,GO:0003924,GO:0005525
C600_DK885_RS19705	C600_NZ_CP031214.1	3778268	3779530	1263	-	ftsA	cell division protein FtsA	C600	cds-WP_000588474.1	DK885_RS19705	GO:0051301,GO:0005515
C600_DK885_RS19710	C600_NZ_CP031214.1	3779527	3780357	831	-	ftsQ	cell division protein FtsQ	C600	cds-WP_000075748.1	DK885_RS19710	GO:0090529
C600_DK885_RS19715	C600_NZ_CP031214.1	3780359	3781279	921	-	ddlB	D-alanine--D-alanine ligase	C600	cds-WP_000130056.1	DK885_RS19715	
C600_DK885_RS19720	C600_NZ_CP031214.1	3781272	3782747	1476	-	murC	UDP-N-acetylmuramate--L-alanine ligase	C600	cds-WP_001096049.1	DK885_RS19720	GO:0009252,GO:0008763
C600_DK885_RS19725	C600_NZ_CP031214.1	3782801	3783868	1068	-	murG	undecaprenyldiphospho-muramoylpentapeptide beta-N-acetylglucosaminyltransferase	C600	cds-WP_000016560.1	DK885_RS19725	GO:0009252,GO:0050511
C600_DK885_RS19730	C600_NZ_CP031214.1	3783865	3785109	1245	-	ftsW	cell division protein FtsW	C600	cds-WP_001295532.1	DK885_RS19730	GO:0051301
C600_DK885_RS19735	C600_NZ_CP031214.1	3785109	3786425	1317	-	murD	UDP-N-acetylmuramoyl-L-alanine--D-glutamate ligase	C600	cds-WP_000796481.1	DK885_RS19735	GO:0008360,GO:0009252,GO:0051301,GO:0005524,GO:0008764,GO:0005737
C600_DK885_RS19740	C600_NZ_CP031214.1	3786428	3787510	1083	-	mraY	phospho-N-acetylmuramoyl-pentapeptide-transferase	C600	cds-WP_000964131.1	DK885_RS19740	GO:0009252,GO:0008963,GO:0016020
C600_DK885_RS19745	C600_NZ_CP031214.1	3787504	3788862	1359	-	murF	UDP-N-acetylmuramoyl-tripeptide--D-alanyl-D-alanine ligase	C600	cds-WP_000626685.1	DK885_RS19745	GO:0009058,GO:0071555,GO:0005524,GO:0047480
C600_DK885_RS19750	C600_NZ_CP031214.1	3788859	3790346	1488	-	murE	UDP-N-acetylmuramoyl-L-alanyl-D-glutamate--2,6-diaminopimelate ligase	C600	cds-WP_000775093.1	DK885_RS19750	GO:0008360,GO:0009058,GO:0051301,GO:0005524,GO:0016881
C600_DK885_RS19755	C600_NZ_CP031214.1	3790333	3792099	1767	-	ftsI	peptidoglycan glycosyltransferase FtsI	C600	cds-WP_000642196.1	DK885_RS19755	
C600_DK885_RS19760	C600_NZ_CP031214.1	3792115	3792480	366	-	ftsL	cell division protein FtsL	C600	cds-WP_000625658.1	DK885_RS19760	
C600_DK885_RS19765	C600_NZ_CP031214.1	3792477	3793418	942	-	rsmH	16S rRNA (cytosine(1402)-N(4))-methyltransferase RsmH	C600	cds-WP_000970479.1	DK885_RS19765	GO:0016434
C600_DK885_RS19770	C600_NZ_CP031214.1	3793420	3793878	459	-	mraZ	division/cell wall cluster transcriptional repressor MraZ	C600	cds-WP_001295533.1	DK885_RS19770	GO:0006355,GO:0003700
C600_DK885_RS19780	C600_NZ_CP031214.1	3794480	3795484	1005	-	cra	catabolite repressor/activator	C600	cds-WP_000762401.1	DK885_RS19780	GO:0006355,GO:0009750,GO:0003677
C600_DK885_RS19785	C600_NZ_CP031214.1	3795566	3795652	87	-	WP_001303787.1	fruR/shl operon leader peptide	C600	cds-WP_001303787.1	DK885_RS19785	
C600_DK885_RS19790	C600_NZ_CP031214.1	3795664	3796155	492	-	ilvN	acetolactate synthase small subunit	C600	cds-WP_001300383.1	DK885_RS19790	GO:0009082,GO:1990610
C600_DK885_RS19795	C600_NZ_CP031214.1	3796158	3797882	1725	-	ilvI	acetolactate synthase 3 large subunit	C600	cds-WP_001295534.1	DK885_RS19795	GO:0009082,GO:0000287,GO:0003984,GO:0030976,GO:0050660
C600_DK885_RS24065	C600_NZ_CP031214.1	3798001	3798045	45	+	WP_120795371.1	protein YabR	C600	cds-WP_120795371.1	DK885_RS24065	
C600_DK885_RS19800	C600_NZ_CP031214.1	3798200	3799144	945	-	leuO	transcriptional regulator LeuO	C600	cds-WP_001115472.1	DK885_RS19800	GO:0006355,GO:0003700
C600_DK885_RS19805	C600_NZ_CP031214.1	3799804	3799890	87	+	leuL	leu operon leader peptide	C600	cds-WP_001300467.1	DK885_RS19805	
C600_DK885_RS19810	C600_NZ_CP031214.1	3799983	3801554	1572	+	leuA	2-isopropylmalate synthase	C600	cds-WP_000082850.1	DK885_RS19810	GO:0019752,GO:0003852
C600_DK885_RS19815	C600_NZ_CP031214.1	3801554	3802645	1092	+	leuB	3-isopropylmalate dehydrogenase	C600	cds-WP_001698010.1	DK885_RS19815	GO:0009098,GO:0003862
C600_DK885_RS19820	C600_NZ_CP031214.1	3802648	3804048	1401	+	leuC	3-isopropylmalate dehydratase large subunit	C600	cds-WP_001140652.1	DK885_RS19820	GO:0009098,GO:0003861,GO:0051539,GO:0009316
C600_DK885_RS19825	C600_NZ_CP031214.1	3804059	3804664	606	+	leuD	3-isopropylmalate dehydratase small subunit	C600	cds-WP_000818228.1	DK885_RS19825	GO:0009098,GO:0003861,GO:0009316
C600_DK885_RS19830	C600_NZ_CP031214.1	3804713	3805891	1179	-	setA	sugar efflux transporter SetA	C600	cds-WP_000637847.1	DK885_RS19830	
C600_DK885_RS19835	C600_NZ_CP031214.1	3805993	3806124	132	-	sgrT	glucose uptake inhibitor SgrT	C600	cds-WP_001248770.1	DK885_RS19835	GO:0046325
C600_DK885_RS19840	C600_NZ_CP031214.1	3806213	3807868	1656	+	sgrR	DNA-binding transcriptional regulator SgrR	C600	cds-WP_001138624.1	DK885_RS19840	
C600_DK885_RS19845	C600_NZ_CP031214.1	3808032	3809015	984	+	thiB	thiamine ABC transporter substrate binding subunit	C600	cds-WP_001301364.1	DK885_RS19845	GO:0015888,GO:0030975,GO:0048502,GO:0030288,GO:0055052
C600_DK885_RS19850	C600_NZ_CP031214.1	3808991	3810601	1611	+	thiP	thiamine/thiamine pyrophosphate ABC transporter permease ThiP	C600	cds-WP_000235721.1	DK885_RS19850	
C600_DK885_RS19855	C600_NZ_CP031214.1	3810585	3811283	699	+	thiQ	thiamine ABC transporter ATP-binding protein ThiQ	C600	cds-WP_000916281.1	DK885_RS19855	
C600_DK885_RS19860	C600_NZ_CP031214.1	3811397	3812161	765	-	yabI	DedA family protein	C600	cds-WP_001148390.1	DK885_RS19860	GO:0016020
C600_DK885_RS19865	C600_NZ_CP031214.1	3812247	3813125	879	-	araC	arabinose operon transcriptional regulator AraC	C600	cds-WP_001300811.1	DK885_RS19865	GO:0006355,GO:0003700,GO:0043565
C600_DK885_RS19875	C600_NZ_CP031214.1	3813464	3815164	1701	+	araB	ribulokinase	C600	cds-WP_000951856.1	DK885_RS19875	GO:0019568,GO:0005524,GO:0008741
C600_DK885_RS19880	C600_NZ_CP031214.1	3815175	3816677	1503	+	araA	L-arabinose isomerase	C600	cds-WP_000151748.1	DK885_RS19880	GO:0005996,GO:0008733
C600_DK885_RS19885	C600_NZ_CP031214.1	3816962	3817657	696	+	araD	L-ribulose-5-phosphate 4-epimerase	C600	cds-WP_000888666.1	DK885_RS19885	GO:0019568,GO:0008270,GO:0008742
C600_DK885_RS19890	C600_NZ_CP031214.1	3817732	3820083	2352	+	polB	DNA polymerase II	C600	cds-WP_000035670.1	DK885_RS19890	GO:0003677,GO:0003887
C600_DK885_RS19895	C600_NZ_CP031214.1	3820248	3823154	2907	+	rapA	RNA polymerase-associated protein RapA	C600	cds-WP_001117011.1	DK885_RS19895	GO:0006355,GO:0005524,GO:0016817,GO:0140658
C600_DK885_RS19900	C600_NZ_CP031214.1	3823166	3823825	660	+	rluA	bifunctional tRNA pseudouridine(32) synthase/23S rRNA pseudouridine(746) synthase RluA	C600	cds-WP_000525176.1	DK885_RS19900	GO:0001522,GO:0009451,GO:0003723,GO:0009982
C600_DK885_RS19905	C600_NZ_CP031214.1	3824038	3824216	179	+	transposase DNA-binding-containing protein	transposase DNA-binding-containing protein	C600	cds-DK885_RS19905	DK885_RS19905	GO:0003677
C600_DK885_RS24070	C600_NZ_CP031214.1	3824233	3824391	159	-	yabQ	protein YabQ	C600	cds-WP_001393554.1	DK885_RS24070	
C600_DK885_RS19910	C600_NZ_CP031214.1	3824388	3825038	651	-	yabP	protein YabP	C600	cds-WP_001393555.1	DK885_RS19910	
C600_DK885_RS19915	C600_NZ_CP031214.1	3825333	3826148	816	-	djlA	co-chaperone DjlA	C600	cds-WP_001200579.1	DK885_RS19915	GO:0051087
C600_DK885_RS19920	C600_NZ_CP031214.1	3826403	3828757	2355	+	lptD	LPS assembly protein LptD	C600	cds-WP_000746151.1	DK885_RS19920	GO:0015920,GO:0043165,GO:0019867
C600_DK885_RS19925	C600_NZ_CP031214.1	3828810	3830096	1287	+	surA	peptidylprolyl isomerase SurA	C600	cds-WP_000800457.1	DK885_RS19925	GO:0006457,GO:0043165,GO:0050821,GO:0060274,GO:0003755,GO:0042277,GO:0051082,GO:0030288
C600_DK885_RS19930	C600_NZ_CP031214.1	3830096	3831085	990	+	pdxA	4-hydroxythreonine-4-phosphate dehydrogenase PdxA	C600	cds-WP_000241277.1	DK885_RS19930	GO:0008615,GO:0050570
C600_DK885_RS19935	C600_NZ_CP031214.1	3831082	3831903	822	+	rsmA	16S rRNA (adenine(1518)-N(6)/adenine(1519)-N(6))-dimethyltransferase RsmA	C600	cds-WP_001065381.1	DK885_RS19935	GO:0006364,GO:0000179
C600_DK885_RS19940	C600_NZ_CP031214.1	3831906	3832283	378	+	apaG	Co2+/Mg2+ efflux protein ApaG	C600	cds-WP_000610901.1	DK885_RS19940	
C600_DK885_RS19945	C600_NZ_CP031214.1	3832290	3833132	843	+	apaH	bis(5'-nucleosyl)-tetraphosphatase (symmetrical) ApaH	C600	cds-WP_000257192.1	DK885_RS19945	GO:0008803
C600_DK885_RS19950	C600_NZ_CP031214.1	3833210	3833689	480	-	folA	type 3 dihydrofolate reductase	C600	cds-WP_000624375.1	DK885_RS19950	GO:0046654,GO:0004146
C600_DK885_RS19955	C600_NZ_CP031214.1	3833881	3835743	1863	-	kefC	glutathione-regulated potassium-efflux system protein KefC	C600	cds-WP_000377098.1	DK885_RS19955	GO:0006813,GO:0015503
C600_DK885_RS19960	C600_NZ_CP031214.1	3835736	3836266	531	-	kefF	glutathione-regulated potassium-efflux system oxidoreductase KefF	C600	cds-WP_000600725.1	DK885_RS19960	GO:0006813
C600_DK885_RS19965	C600_NZ_CP031214.1	3836374	3837705	1332	-	yaaU	MFS transporter	C600	cds-WP_001183198.1	DK885_RS19965	GO:0055085,GO:0022857,GO:0016020
C600_DK885_RS19970	C600_NZ_CP031214.1	3837762	3838049	288	-	fixX	ferredoxin-like protein FixX	C600	cds-WP_000203741.1	DK885_RS19970	
C600_DK885_RS19975	C600_NZ_CP031214.1	3838046	3839332	1287	-	fixC	FAD-dependent oxidoreductase	C600	cds-WP_001287715.1	DK885_RS19975	
C600_DK885_RS19980	C600_NZ_CP031214.1	3839383	3840324	942	-	fixB	electron transfer flavoprotein subunit alpha/FixB family protein	C600	cds-WP_001091499.1	DK885_RS19980	
C600_DK885_RS19985	C600_NZ_CP031214.1	3840339	3841109	771	-	fixA	electron transfer flavoprotein FixA	C600	cds-WP_000692204.1	DK885_RS19985	
C600_DK885_RS19990	C600_NZ_CP031214.1	3841581	3843095	1515	+	caiT	L-carnitine/gamma-butyrobetaine antiporter	C600	cds-WP_000787103.1	DK885_RS19990	
C600_DK885_RS19995	C600_NZ_CP031214.1	3843126	3844268	1143	+	caiA	crotonobetainyl-CoA dehydrogenase	C600	cds-WP_000347117.1	DK885_RS19995	GO:0009437,GO:0003995,GO:0016627
C600_DK885_RS20000	C600_NZ_CP031214.1	3844397	3845614	1218	+	caiB	L-carnitine CoA-transferase	C600	cds-WP_000349936.1	DK885_RS20000	GO:0009437,GO:0016782
C600_DK885_RS20005	C600_NZ_CP031214.1	3845688	3847241	1554	+	caiC	crotonobetaine/carnitine-CoA ligase	C600	cds-WP_001350478.1	DK885_RS20005	GO:0009437,GO:0016405
C600_DK885_RS20010	C600_NZ_CP031214.1	3847350	3848135	786	+	caiD	crotonobetainyl-CoA hydratase	C600	cds-WP_001295419.1	DK885_RS20010	GO:0016836
C600_DK885_RS20015	C600_NZ_CP031214.1	3848141	3848731	591	+	caiE	carnitine operon protein CaiE	C600	cds-WP_000122871.1	DK885_RS20015	
C600_DK885_RS20020	C600_NZ_CP031214.1	3848817	3849212	396	-	caiF	carnitine metabolism transcriptional regulator CaiF	C600	cds-WP_000333125.1	DK885_RS20020	
C600_DK885_RS20030	C600_NZ_CP031214.1	3849474	3852695	3222	-	carB	carbamoyl-phosphate synthase large subunit	C600	cds-WP_001126348.1	DK885_RS20030	GO:0008152,GO:0005524,GO:0046872
C600_DK885_RS20035	C600_NZ_CP031214.1	3852713	3853861	1149	-	carA	glutamine-hydrolyzing carbamoyl-phosphate synthase small subunit	C600	cds-WP_000597260.1	DK885_RS20035	GO:0006207,GO:0006541,GO:0004088
C600_DK885_RS20040	C600_NZ_CP031214.1	3854317	3855138	822	-	dapB	4-hydroxy-tetrahydrodipicolinate reductase	C600	cds-WP_000543604.1	DK885_RS20040	GO:0009089,GO:0008839
C600_DK885_RS20045	C600_NZ_CP031214.1	3855305	3856219	915	-	rihC	ribonucleoside hydrolase RihC	C600	cds-WP_001239142.1	DK885_RS20045	GO:0016799
C600_DK885_RS20050	C600_NZ_CP031214.1	3856285	3857235	951	-	ispH	4-hydroxy-3-methylbut-2-enyl diphosphate reductase	C600	cds-WP_001166395.1	DK885_RS20050	GO:0019288,GO:0050992,GO:0046872,GO:0051745
C600_DK885_RS20055	C600_NZ_CP031214.1	3857237	3857686	450	-	fkpB	FKBP-type peptidyl-prolyl cis-trans isomerase	C600	cds-WP_000004655.1	DK885_RS20055	GO:0003755
C600_DK885_RS20060	C600_NZ_CP031214.1	3857811	3858305	495	-	lspA	signal peptidase II	C600	cds-WP_000083372.1	DK885_RS20060	GO:0006508,GO:0009306,GO:0004190,GO:0005886
C600_DK885_RS20065	C600_NZ_CP031214.1	3858305	3861121	2817	-	ileS	isoleucine--tRNA ligase	C600	cds-WP_001286857.1	DK885_RS20065	GO:0006428,GO:0000166,GO:0004822,GO:0005524
C600_DK885_RS20070	C600_NZ_CP031214.1	3861164	3862105	942	-	ribF	bifunctional riboflavin kinase/FAD synthetase	C600	cds-WP_000767329.1	DK885_RS20070	GO:0003919
C600_DK885_RS20075	C600_NZ_CP031214.1	3862113	3862331	219	-	yaaY	DUF2575 family protein	C600	cds-WP_001300728.1	DK885_RS20075	
C600_DK885_RS20080	C600_NZ_CP031214.1	3862434	3862697	264	+	rpsT	30S ribosomal protein S20	C600	cds-WP_001274021.1	DK885_RS20080	GO:0006412,GO:0003723,GO:0003735,GO:0005840
C600_DK885_RS20085	C600_NZ_CP031214.1	3863004	3863701	698	+	WP_094096600.1	IS1-like element IS1A family transposase	C600	cds-WP_094096600.1-5	DK885_RS20085	GO:0006313,GO:0004803
C600_DK885_RS24155	C600_NZ_CP031214.1	3863717	3863854	138	+	fimbrial family protein	fimbrial family protein	C600	cds-DK885_RS24155	DK885_RS24155	
C600_DK885_RS20095	C600_NZ_CP031214.1	3863892	3864791	900	-	nhaR	transcriptional activator NhaR	C600	cds-WP_001338226.1	DK885_RS20095	GO:0006355,GO:0003700
C600_DK885_RS20100	C600_NZ_CP031214.1	3864857	3866023	1167	-	nhaA	Na+/H+ antiporter NhaA	C600	cds-WP_000681354.1	DK885_RS20100	GO:0006814,GO:0006885,GO:0015385,GO:0016020
C600_DK885_RS20105	C600_NZ_CP031214.1	3866609	3866761	153	+	mokC	type I toxin-antitoxin system toxin MokC	C600	cds-WP_000809168.1	DK885_RS20105	
C600_DK885_RS20110	C600_NZ_CP031214.1	3866955	3868067	1113	-	WP_001300563.1	IS4-like element IS421 family transposase	C600	cds-WP_001300563.1-3	DK885_RS20110	GO:0006313,GO:0004803
C600_DK885_RS20115	C600_NZ_CP031214.1	3868214	3869344	1131	-	dnaJ	molecular chaperone DnaJ	C600	cds-WP_001118476.1	DK885_RS20115	GO:0006457,GO:0009408,GO:0005515,GO:0005524
C600_DK885_RS20120	C600_NZ_CP031214.1	3869433	3871349	1917	-	dnaK	molecular chaperone DnaK	C600	cds-WP_000516135.1	DK885_RS20120	GO:0006457,GO:0005524,GO:0016887
C600_DK885_RS20125	C600_NZ_CP031214.1	3871726	3872130	405	+	yaaI	DUF2541 family protein	C600	cds-WP_000843565.1	DK885_RS20125	
C600_DK885_RS20130	C600_NZ_CP031214.1	3872156	3872869	714	+	msyB	acidic protein MsyB	C600	cds-WP_001102367.1	DK885_RS20130	
C600_DK885_RS20135	C600_NZ_CP031214.1	3873018	3873584	567	+	satP	acetate uptake transporter	C600	cds-WP_000528538.1	DK885_RS20135	GO:0016020
C600_DK885_RS20140	C600_NZ_CP031214.1	3873619	3874206	588	-	mog	molybdopterin adenylyltransferase	C600	cds-WP_001295414.1	DK885_RS20140	GO:0006777
C600_DK885_RS20145	C600_NZ_CP031214.1	3874321	3875274	954	-	tal	transaldolase	C600	cds-WP_000130185.1	DK885_RS20145	GO:0006098,GO:0004801,GO:0005737
C600_DK885_RS20150	C600_NZ_CP031214.1	3875553	3876983	1431	+	yaaJ	alanine/glycine:cation symporter family protein	C600	cds-WP_001112606.1	DK885_RS20150	GO:0006814,GO:0006865,GO:0005283,GO:0015293,GO:0016020
C600_DK885_RS20155	C600_NZ_CP031214.1	3877053	3877829	777	+	yaaA	peroxide stress protein YaaA	C600	cds-WP_000906197.1	DK885_RS20155	
C600_DK885_RS20160	C600_NZ_CP031214.1	3877982	3878278	297	-	yaaX	DUF2502 domain-containing protein	C600	cds-WP_000738719.1	DK885_RS20160	
C600_DK885_RS20165	C600_NZ_CP031214.1	3878492	3879778	1287	-	thrC	threonine synthase	C600	cds-WP_000781074.1	DK885_RS20165	GO:0009088,GO:0004795
C600_DK885_RS20170	C600_NZ_CP031214.1	3879779	3880711	933	-	thrB	homoserine kinase	C600	cds-DK885_RS20170	DK885_RS20170	GO:0009088,GO:0004413,GO:0005524
C600_DK885_RS20175	C600_NZ_CP031214.1	3880713	3883175	2463	-	thrA	bifunctional aspartate kinase/homoserine dehydrogenase I	C600	cds-WP_001264707.1	DK885_RS20175	GO:0008652,GO:0009067,GO:0004072,GO:0004412,GO:0050661
C600_DK885_RS20180	C600_NZ_CP031214.1	3883257	3883322	66	-	thrL	thr operon leader peptide	C600	cds-WP_001386572.1	DK885_RS20180	
C600_DK885_RS20185	C600_NZ_CP031214.1	3883536	3884222	687	-	yjtD	tRNA/rRNA methyltransferase	C600	cds-WP_001223132.1	DK885_RS20185	
C600_DK885_RS20190	C600_NZ_CP031214.1	3884622	3884762	141	-	yjjY	protein YjjY	C600	cds-WP_001303782.1	DK885_RS20190	
C600_DK885_RS20195	C600_NZ_CP031214.1	3884858	3885574	717	+	arcA	two-component system response regulator ArcA	C600	cds-WP_001194358.1	DK885_RS20195	
C600_DK885_RS20200	C600_NZ_CP031214.1	3885634	3886986	1353	-	creD	cell envelope integrity protein CreD	C600	cds-WP_000920294.1	DK885_RS20200	
C600_DK885_RS20205	C600_NZ_CP031214.1	3887044	3888468	1425	-	creC	two-component system sensor histidine kinase CreC	C600	cds-WP_001219577.1	DK885_RS20205	GO:0007165,GO:0016310,GO:0000155,GO:0016020
C600_DK885_RS20210	C600_NZ_CP031214.1	3888468	3889157	690	-	creB	two-component system response regulator CreB	C600	cds-WP_001188654.1	DK885_RS20210	GO:0000160,GO:0006355,GO:0003677
C600_DK885_RS20215	C600_NZ_CP031214.1	3889170	3889643	474	-	creA	protein CreA	C600	cds-WP_000875487.1	DK885_RS20215	
C600_DK885_RS20220	C600_NZ_CP031214.1	3889854	3890723	870	+	robA	MDR efflux pump AcrAB transcriptional activator RobA	C600	cds-WP_000371666.1	DK885_RS20220	
C600_DK885_RS20225	C600_NZ_CP031214.1	3890720	3891367	648	-	gpmB	2,3-diphosphoglycerate-dependent phosphoglycerate mutase GpmB	C600	cds-WP_000942344.1	DK885_RS20225	GO:0006096,GO:0004619
C600_DK885_RS20230	C600_NZ_CP031214.1	3891419	3891931	513	+	yjjX	inosine/xanthosine triphosphatase	C600	cds-WP_001338221.1	DK885_RS20230	
C600_DK885_RS20235	C600_NZ_CP031214.1	3892078	3892404	327	-	trpR	trp operon repressor	C600	cds-WP_000068679.1	DK885_RS20235	GO:0006355,GO:0003700,GO:0043565
C600_DK885_RS20240	C600_NZ_CP031214.1	3892494	3894431	1938	-	sltY	murein transglycosylase	C600	cds-WP_000409451.1	DK885_RS20240	GO:0000270,GO:0004553,GO:0008933,GO:0016020,GO:0042597
C600_DK885_RS20250	C600_NZ_CP031214.1	3894642	3896309	1668	+	ettA	energy-dependent translational throttle protein EttA	C600	cds-WP_000046749.1	DK885_RS20250	GO:0045900,GO:0005524
C600_DK885_RS24160	C600_NZ_CP031214.1	3896416	3896583	168	-	nadS	NadS family protein	C600	cds-WP_000007444.1	DK885_RS24160	
C600_DK885_RS20255	C600_NZ_CP031214.1	3896617	3897849	1233	-	nadR	multifunctional transcriptional regulator/nicotinamide-nucleotide adenylyltransferase/ribosylnicotinamide kinase NadR	C600	cds-WP_000093814.1	DK885_RS20255	GO:0009058,GO:0000309,GO:0003677,GO:0050262
C600_DK885_RS20260	C600_NZ_CP031214.1	3897870	3899252	1383	-	radA	DNA repair protein RadA	C600	cds-WP_001029687.1	DK885_RS20260	GO:0006281,GO:0003684,GO:0005524
C600_DK885_RS20265	C600_NZ_CP031214.1	3899301	3900269	969	-	serB	phosphoserine phosphatase	C600	cds-WP_001132955.1	DK885_RS20265	GO:0006564,GO:0036424
C600_DK885_RS20270	C600_NZ_CP031214.1	3900375	3901019	645	+	ytjB	YtjB family periplasmic protein	C600	cds-WP_000124615.1	DK885_RS20270	
C600_DK885_RS20275	C600_NZ_CP031214.1	3901047	3902063	1017	+	lplA	lipoate--protein ligase LplA	C600	cds-WP_000105884.1	DK885_RS20275	
C600_DK885_RS20280	C600_NZ_CP031214.1	3902064	3903395	1332	-	yjjJ	type II toxin-antitoxin system HipA family toxin YjjJ	C600	cds-WP_001293115.1	DK885_RS20280	
C600_DK885_RS20285	C600_NZ_CP031214.1	3903562	3904281	720	-	deoD	purine-nucleoside phosphorylase	C600	cds-WP_000224877.1	DK885_RS20285	GO:0006139,GO:0004731
C600_DK885_RS20290	C600_NZ_CP031214.1	3904338	3905561	1224	-	deoB	phosphopentomutase	C600	cds-WP_000816471.1	DK885_RS20290	GO:0009117,GO:0043094,GO:0000287,GO:0008973,GO:0005737
C600_DK885_RS20295	C600_NZ_CP031214.1	3905613	3906935	1323	-	deoA	thymidine phosphorylase	C600	cds-WP_000477807.1	DK885_RS20295	GO:0006213,GO:0009032
C600_DK885_RS20300	C600_NZ_CP031214.1	3907062	3907841	780	-	deoC	deoxyribose-phosphate aldolase	C600	cds-WP_001298497.1	DK885_RS20300	GO:0009264,GO:0004139,GO:0005737
C600_DK885_RS20305	C600_NZ_CP031214.1	3908099	3909649	1551	+	yjjI	YjjI family glycine radical enzyme	C600	cds-WP_001143230.1	DK885_RS20305	GO:0003824
C600_DK885_RS20310	C600_NZ_CP031214.1	3909621	3910484	864	+	yjjW	YjjW family glycine radical enzyme activase	C600	cds-WP_001088415.1	DK885_RS20310	GO:0051539,GO:1904047
C600_DK885_RS20315	C600_NZ_CP031214.1	3910904	3911683	780	-	yjjV	metal-dependent hydrolase	C600	cds-WP_000563040.1	DK885_RS20315	GO:0016788
C600_DK885_RS20320	C600_NZ_CP031214.1	3911680	3912753	1074	-	yjjU	patatin-like phospholipase family protein	C600	cds-WP_001299799.1	DK885_RS20320	
C600_DK885_RS20325	C600_NZ_CP031214.1	3912875	3913036	162	-	ytjA	DUF1328 domain-containing protein	C600	cds-WP_000490275.1	DK885_RS20325	
C600_DK885_RS20330	C600_NZ_CP031214.1	3913163	3913768	606	-	osmY	molecular chaperone OsmY	C600	cds-WP_001295748.1	DK885_RS20330	
C600_DK885_RS20335	C600_NZ_CP031214.1	3914161	3915750	1590	-	prfC	peptide chain release factor 3	C600	cds-WP_000175940.1	DK885_RS20335	GO:0006415,GO:0003747,GO:0003924,GO:0005525
C600_DK885_RS20340	C600_NZ_CP031214.1	3915841	3916518	678	-	yjjG	pyrimidine 5'-nucleotidase	C600	cds-WP_000870710.1	DK885_RS20340	GO:0008253
C600_DK885_RS20345	C600_NZ_CP031214.1	3916533	3916979	447	-	rimI	ribosomal protein S18-alanine N-acetyltransferase	C600	cds-WP_001092461.1	DK885_RS20345	GO:0006474,GO:0008080
C600_DK885_RS20350	C600_NZ_CP031214.1	3916948	3917361	414	-	holD	DNA polymerase III subunit psi	C600	cds-WP_000204012.1	DK885_RS20350	
C600_DK885_RS20355	C600_NZ_CP031214.1	3917464	3918495	1032	+	rsmC	16S rRNA (guanine(1207)-N(2))-methyltransferase RsmC	C600	cds-WP_001272330.1	DK885_RS20355	GO:0006364,GO:0003676,GO:0008990
C600_DK885_RS20375	C600_NZ_CP031214.1	3919124	3919360	237	-	yjjZ	DUF1435 domain-containing protein	C600	cds-WP_001393508.1	DK885_RS20375	
C600_DK885_RS20380	C600_NZ_CP031214.1	3919501	3920289	789	+	fhuF	siderophore-iron reductase FhuF	C600	cds-WP_000331618.1	DK885_RS20380	GO:0051537
C600_DK885_RS20385	C600_NZ_CP031214.1	3920327	3921004	678	-	bglJ	DNA-binding transcriptional activator BglJ	C600	cds-WP_001301727.1	DK885_RS20385	GO:0006355,GO:0003677
C600_DK885_RS20390	C600_NZ_CP031214.1	3920962	3921687	726	-	yjjQ	helix-turn-helix domain-containing protein	C600	cds-WP_000936635.1	DK885_RS20390	
C600_DK885_RS20395	C600_NZ_CP031214.1	3922306	3923076	771	+	yjjP	threonine/serine ThrE exporter family protein	C600	cds-WP_001338213.1	DK885_RS20395	GO:0055085,GO:0022857,GO:0005886
C600_DK885_RS20400	C600_NZ_CP031214.1	3923067	3923540	474	+	yjjB	threonine/serine exporter	C600	cds-WP_000538191.1	DK885_RS20400	
C600_DK885_RS20405	C600_NZ_CP031214.1	3923647	3924186	540	+	dnaT	primosomal protein DnaT	C600	cds-WP_000098818.1	DK885_RS20405	
C600_DK885_RS20410	C600_NZ_CP031214.1	3924189	3924926	738	+	dnaC	DNA replication protein DnaC	C600	cds-WP_000799911.1	DK885_RS20410	
C600_DK885_RS20415	C600_NZ_CP031214.1	3924975	3925469	495	+	yjjA	DUF2501 domain-containing protein YjjA	C600	cds-WP_001308243.1	DK885_RS20415	
C600_DK885_RS20420	C600_NZ_CP031214.1	3925723	3928014	2292	+	opgB	phosphatidylglycerol--membrane-oligosaccharide glycerophosphotransferase	C600	cds-WP_001292679.1	DK885_RS20420	GO:0008484
C600_DK885_RS20425	C600_NZ_CP031214.1	3928152	3929174	1023	-	lgoD	L-galactonate oxidoreductase	C600	cds-WP_000106030.1	DK885_RS20425	
C600_DK885_RS20430	C600_NZ_CP031214.1	3929313	3930227	915	+	lgoR	GntR family transcriptional regulator	C600	cds-WP_000091570.1	DK885_RS20430	
C600_DK885_RS20435	C600_NZ_CP031214.1	3930442	3931803	1362	+	lgoT	MFS transporter	C600	cds-WP_000410113.1	DK885_RS20435	GO:0055085,GO:0022857
C600_DK885_RS20440	C600_NZ_CP031214.1	3931852	3933507	1656	-	tsr	methyl-accepting chemotaxis protein	C600	cds-WP_000919536.1	DK885_RS20440	GO:0006935,GO:0007165,GO:0004888,GO:0016020
C600_DK885_RS20450	C600_NZ_CP031214.1	3933885	3936035	2151	+	btsT	pyruvate/proton symporter BtsT	C600	cds-WP_001299714.1	DK885_RS20450	
C600_DK885_RS20455	C600_NZ_CP031214.1	3936085	3936288	204	+	yjiX	YbdD/YjiX family protein	C600	cds-WP_000467859.1	DK885_RS20455	
C600_DK885_RS20460	C600_NZ_CP031214.1	3936299	3937255	957	+	yjiA	GTPase	C600	cds-WP_001312515.1	DK885_RS20460	
C600_DK885_RS20465	C600_NZ_CP031214.1	3937301	3938215	915	-	mrr	adenine/cytosine-specific restriction endonuclease Mrr	C600	cds-WP_000217931.1	DK885_RS20465	GO:0009307,GO:0015666
C600_DK885_RS20470	C600_NZ_CP031214.1	3938403	3941915	3513	+	hsdR	type I restriction-modification system endonuclease	C600	cds-WP_000981388.1	DK885_RS20470	
C600_DK885_RS20475	C600_NZ_CP031214.1	3942116	3943705	1590	+	hsdM	type I restriction-modification system methyltransferase	C600	cds-WP_001063204.1	DK885_RS20475	
C600_DK885_RS20480	C600_NZ_CP031214.1	3943702	3945096	1395	+	hsdS	type I restriction-modification system specificity subunit	C600	cds-WP_001272447.1	DK885_RS20480	
C600_DK885_RS20485	C600_NZ_CP031214.1	3945324	3945665	342	+	symE	endoribonuclease SymE	C600	cds-WP_000132601.1	DK885_RS20485	
C600_DK885_RS20490	C600_NZ_CP031214.1	3945827	3947206	1380	+	mcrB	5-methylcytosine-specific restriction endonuclease subunit McrB	C600	cds-WP_000443951.1	DK885_RS20490	GO:0009307,GO:0015666
C600_DK885_RS20495	C600_NZ_CP031214.1	3947206	3948252	1047	+	mcrC	5-methylcytosine-specific restriction endonuclease system specificity protein McrC	C600	cds-WP_000437621.1	DK885_RS20495	GO:0009307
C600_DK885_RS24660	C600_NZ_CP031214.1	3948309	3949094	786	-	DEAD/DEAH box helicase	DEAD/DEAH box helicase	C600	cds-DK885_RS24660	DK885_RS24660	
C600_DK885_RS20500	C600_NZ_CP031214.1	3949098	3951245	2148	-	DEAD/DEAH box helicase	DEAD/DEAH box helicase	C600	cds-DK885_RS20500	DK885_RS20500	
C600_DK885_RS20505	C600_NZ_CP031214.1	3951242	3952750	1509	-	yjiT	protein YjiT	C600	cds-DK885_RS20505	DK885_RS20505	
C600_DK885_RS24595	C600_NZ_CP031214.1	3953249	3953413	165	-	yjiS	DUF1127 domain-containing protein	C600	cds-WP_000394280.1	DK885_RS24595	
C600_DK885_RS20520	C600_NZ_CP031214.1	3953590	3955002	1413	+	yjiR	PLP-dependent aminotransferase family protein	C600	cds-WP_000199300.1	DK885_RS20520	GO:0030170
C600_DK885_RS20525	C600_NZ_CP031214.1	3955246	3956166	921	-	Rpn family recombination-promoting nuclease/putative transposase	Rpn family recombination-promoting nuclease/putative transposase	C600	cds-DK885_RS20525	DK885_RS20525	
C600_DK885_RS20530	C600_NZ_CP031214.1	3956645	3957877	1233	+	mdtM	multidrug efflux MFS transporter MdtM	C600	cds-WP_001137036.1	DK885_RS20530	GO:0055085,GO:0022857,GO:0016020
C600_DK885_RS20535	C600_NZ_CP031214.1	3957918	3959198	1281	+	yjiN	DUF445 domain-containing protein	C600	cds-WP_001037419.1	DK885_RS20535	
C600_DK885_RS20540	C600_NZ_CP031214.1	3959314	3960465	1152	+	yjiM	double-cubane-cluster-containing anaerobic reductase	C600	cds-WP_001300012.1	DK885_RS20540	
C600_DK885_RS20545	C600_NZ_CP031214.1	3960475	3961242	768	+	yjiL	putative 2-hydroxyacyl-CoA dehydratase activator YjiL	C600	cds-WP_000331745.1	DK885_RS20545	
C600_DK885_RS20550	C600_NZ_CP031214.1	3961239	3961495	257	+	ytiA	DUF3343 domain-containing protein	C600	cds-DK885_RS20550	DK885_RS20550	
C600_DK885_RS20555	C600_NZ_CP031214.1	3961560	3962420	861	+	yjiK	SdiA-regulated domain-containing protein	C600	cds-WP_001350572.1	DK885_RS20555	
C600_DK885_RS20560	C600_NZ_CP031214.1	3962488	3963666	1179	+	yjiJ	MFS transporter	C600	cds-WP_001141220.1	DK885_RS20560	GO:0055085,GO:0022857,GO:0016020
C600_DK885_RS20565	C600_NZ_CP031214.1	3963679	3964233	555	-	kptA	RNA 2'-phosphotransferase	C600	cds-WP_001151855.1	DK885_RS20565	
C600_DK885_RS20575	C600_NZ_CP031214.1	3964483	3965166	684	+	yjiH	nucleoside recognition domain-containing protein	C600	cds-WP_001295597.1	DK885_RS20575	
C600_DK885_RS20580	C600_NZ_CP031214.1	3965163	3965624	462	+	yjiG	YjiG family protein	C600	cds-WP_000211971.1	DK885_RS20580	
C600_DK885_RS20585	C600_NZ_CP031214.1	3965637	3966809	1173	+	iadA	beta-aspartyl-peptidase	C600	cds-WP_000568432.1	DK885_RS20585	GO:0008798
C600_DK885_RS20590	C600_NZ_CP031214.1	3966874	3967785	912	+	hypT	hypochlorite stress DNA-binding transcriptional regulator HypT	C600	cds-WP_000340740.1	DK885_RS20590	
C600_DK885_RS20595	C600_NZ_CP031214.1	3967778	3968170	393	-	iraD	anti-adapter protein IraD	C600	cds-WP_001309187.1	DK885_RS20595	
C600_DK885_RS24075	C600_NZ_CP031214.1	3968167	3968250	84	-	idlP	iraD leader peptide IdlP	C600	cds-WP_120795393.1	DK885_RS24075	
C600_DK885_RS24540	C600_NZ_CP031214.1	3968366	3968509	144	-	ytiD	protein YtiD	C600	cds-WP_001301448.1	DK885_RS24540	
C600_DK885_RS24665	C600_NZ_CP031214.1	3968488	3968589	102	-	WP_001144941.1	hypothetical protein	C600	cds-WP_001144941.1	DK885_RS24665	
C600_DK885_RS20605	C600_NZ_CP031214.1	3968843	3969673	831	+	yjiC	YjfZ/YjiC family protein	C600	cds-WP_000062552.1	DK885_RS20605	
C600_DK885_RS20610	C600_NZ_CP031214.1	3969814	3970587	774	-	uxuR	Uxu operon transcriptional regulator	C600	cds-WP_000833679.1	DK885_RS20610	
C600_DK885_RS20620	C600_NZ_CP031214.1	3970802	3972262	1461	-	uxuB	fructuronate reductase	C600	cds-WP_000208205.1	DK885_RS20620	
C600_DK885_RS20625	C600_NZ_CP031214.1	3972343	3973527	1185	-	uxuA	mannonate dehydratase	C600	cds-WP_000438562.1	DK885_RS20625	GO:0006064,GO:0008927
C600_DK885_RS20635	C600_NZ_CP031214.1	3973867	3975210	1344	+	gntP	gluconate permease GntP	C600	cds-WP_000558251.1	DK885_RS20635	
C600_DK885_RS20640	C600_NZ_CP031214.1	3975453	3976355	903	-	fimH	type 1 fimbria D-mannose specific adhesin FimH	C600	cds-WP_000832247.1	DK885_RS20640	
C600_DK885_RS20645	C600_NZ_CP031214.1	3976375	3976818	444	-	WP_077897989.1	fimbrial protein	C600	cds-WP_077897989.1	DK885_RS20645	GO:0007155,GO:0009289
C600_DK885_RS20650	C600_NZ_CP031214.1	3976891	3977421	531	-	fimF	type 1 fimbria minor subunit FimF	C600	cds-WP_001244827.1	DK885_RS20650	
C600_DK885_RS20655	C600_NZ_CP031214.1	3977431	3980067	2637	-	fimD	fimbrial usher FimD	C600	cds-WP_000121005.1	DK885_RS20655	
C600_DK885_RS20660	C600_NZ_CP031214.1	3980134	3980859	726	-	fimC	type 1 fimbria chaperone FimC	C600	cds-WP_000066547.1	DK885_RS20660	
C600_DK885_RS20665	C600_NZ_CP031214.1	3980896	3981435	540	-	fimI	fimbrial protein	C600	cds-WP_000824114.1	DK885_RS20665	GO:0007155,GO:0009289
C600_DK885_RS20670	C600_NZ_CP031214.1	3981500	3982048	549	-	fimA	type 1 fimbrial major subunit FimA	C600	cds-WP_000695564.1	DK885_RS20670	GO:0007155,GO:0009289
C600_DK885_RS20680	C600_NZ_CP031214.1	3982529	3983083	555	-	fimE	type 1 fimbria switch DNA invertase FimE	C600	cds-WP_000983104.1	DK885_RS20680	
C600_DK885_RS20685	C600_NZ_CP031214.1	3983136	3983833	698	-	WP_094096600.1	IS1-like element IS1A family transposase	C600	cds-WP_094096600.1-6	DK885_RS20685	GO:0006313,GO:0004803
C600_DK885_RS20695	C600_NZ_CP031214.1	3984379	3984981	603	-	fimB	type 1 fimbria switch DNA invertase FimB	C600	cds-WP_000790583.1	DK885_RS20695	
C600_DK885_RS20710	C600_NZ_CP031214.1	3986437	3987153	717	+	nanC	N-acetylneuraminic acid outer membrane channel NanC	C600	cds-WP_001295734.1	DK885_RS20710	
C600_DK885_RS20715	C600_NZ_CP031214.1	3987173	3988279	1107	+	nanM	N-acetylneuraminate epimerase	C600	cds-WP_001309184.1	DK885_RS20715	
C600_DK885_RS24670	C600_NZ_CP031214.1	3988344	3988958	615	+	sialate O-acetylesterase	sialate O-acetylesterase	C600	cds-DK885_RS24670	DK885_RS24670	
C600_DK885_RS24675	C600_NZ_CP031214.1	3989243	3989341	99	-	WP_211180523.1	protein YthB	C600	cds-WP_211180523.1	DK885_RS24675	
C600_DK885_RS24395	C600_NZ_CP031214.1	3989434	3989639	206	+	phosphorothioated DNA-binding restriction endonuclease	phosphorothioated DNA-binding restriction endonuclease	C600	cds-DK885_RS24395	DK885_RS24395	
C600_DK885_RS20725	C600_NZ_CP031214.1	3989907	3991147	1241	-	yjhR	helicase YjhR	C600	cds-DK885_RS20725	DK885_RS20725	
C600_DK885_RS24400	C600_NZ_CP031214.1	3991263	3991394	132	+	WP_001309182.1	hypothetical protein	C600	cds-WP_001309182.1	DK885_RS24400	
C600_DK885_RS20745	C600_NZ_CP031214.1	3991885	3992142	258	+	topAI	YjhX family toxin	C600	cds-WP_001054376.1	DK885_RS20745	
C600_DK885_RS20750	C600_NZ_CP031214.1	3992154	3992699	546	+	yjhQ	GNAT family N-acetyltransferase	C600	cds-WP_001309181.1	DK885_RS20750	GO:0008080,GO:0016746
C600_DK885_RS20755	C600_NZ_CP031214.1	3992755	3993501	747	+	yjhP	SAM-dependent methyltransferase	C600	cds-WP_000354251.1	DK885_RS20755	GO:0032259,GO:0008168,GO:0008757,GO:1904047
C600_DK885_RS20760	C600_NZ_CP031214.1	3993670	3993888	219	+	hypothetical protein	hypothetical protein	C600	cds-DK885_RS20760	DK885_RS20760	
C600_DK885_RS24165	C600_NZ_CP031214.1	3993926	3994042	117	+	VOC family protein	VOC family protein	C600	cds-DK885_RS24165	DK885_RS24165	
C600_DK885_RS20765	C600_NZ_CP031214.1	3994287	3995408	1122	+	sgcX	M42 family metallopeptidase	C600	cds-WP_000010829.1	DK885_RS20765	
C600_DK885_RS20770	C600_NZ_CP031214.1	3995405	3995683	279	+	sgcB	PTS sugar transporter subunit IIB SgcB	C600	cds-WP_000722973.1	DK885_RS20770	
C600_DK885_RS20775	C600_NZ_CP031214.1	3995695	3997008	1314	+	sgcC	PTS sugar transporter subunit IIC SgcC	C600	cds-WP_000460843.1	DK885_RS20775	
C600_DK885_RS20780	C600_NZ_CP031214.1	3997021	3997827	807	+	sgcQ	BtpA family protein SgcQ	C600	cds-WP_000118626.1	DK885_RS20780	
C600_DK885_RS20785	C600_NZ_CP031214.1	3997958	3998389	432	+	sgcA	SgcA family PTS sugar transporter subunit IIA	C600	cds-WP_000606406.1	DK885_RS20785	
C600_DK885_RS20790	C600_NZ_CP031214.1	3998401	3999033	633	+	sgcE	ribulose-phosphate 3 epimerase family protein	C600	cds-WP_000600622.1	DK885_RS20790	
C600_DK885_RS20795	C600_NZ_CP031214.1	3999050	3999832	783	+	sgcR	DeoR/GlpR family DNA-binding transcription regulator	C600	cds-WP_000082780.1	DK885_RS20795	GO:0003677,GO:0003700
C600_DK885_RS20800	C600_NZ_CP031214.1	4000135	4000923	789	+	yjhI	IclR family transcriptional regulator	C600	cds-WP_000251798.1	DK885_RS20800	GO:0006355,GO:0003677,GO:0003700
C600_DK885_RS20805	C600_NZ_CP031214.1	4000928	4001833	906	+	yjhH	dihydrodipicolinate synthase family protein	C600	cds-WP_000714563.1	DK885_RS20805	
C600_DK885_RS20810	C600_NZ_CP031214.1	4001844	4003811	1968	+	yjhG	xylonate dehydratase YjhG	C600	cds-WP_000116326.1	DK885_RS20810	
C600_DK885_RS20815	C600_NZ_CP031214.1	4003918	4005267	1350	+	yjhF	GntP family permease	C600	cds-WP_001128363.1	DK885_RS20815	
C600_DK885_RS20825	C600_NZ_CP031214.1	4005614	4006600	987	+	yjhU	sugar-binding transcriptional regulator	C600	cds-WP_000373366.1	DK885_RS20825	GO:0006355,GO:0003677,GO:0030246
C600_DK885_RS20830	C600_NZ_CP031214.1	4006714	4007411	698	-	IS1-like element IS1F family transposase	IS1-like element IS1F family transposase	C600	cds-DK885_RS20830	DK885_RS20830	GO:0006313,GO:0004803
C600_DK885_RS24300	C600_NZ_CP031214.1	4007498	4007566	69	-	ykiE	protein YkiE	C600	cds-WP_211180522.1	DK885_RS24300	
C600_DK885_RS20840	C600_NZ_CP031214.1	4007703	4008224	522	+	fecI	RNA polymerase sigma factor FecI	C600	cds-WP_001283626.1	DK885_RS20840	
C600_DK885_RS20845	C600_NZ_CP031214.1	4008221	4009174	954	+	fecR	ferric citrate uptake sigma factor regulator FecR	C600	cds-WP_001068910.1	DK885_RS20845	
C600_DK885_RS20850	C600_NZ_CP031214.1	4009261	4011585	2325	+	fecA	TonB-dependent Fe(3+) dicitrate receptor FecA	C600	cds-WP_000188283.1	DK885_RS20850	
C600_DK885_RS20855	C600_NZ_CP031214.1	4011630	4012532	903	+	fecB	Fe(3+) dicitrate ABC transporter substrate-binding protein FecB	C600	cds-WP_000879155.1	DK885_RS20855	
C600_DK885_RS20860	C600_NZ_CP031214.1	4012529	4013527	999	+	fecC	iron-dicitrate ABC transporter permease FecC	C600	cds-WP_000125187.1	DK885_RS20860	
C600_DK885_RS20865	C600_NZ_CP031214.1	4013524	4014480	957	+	fecD	Fe(3+) dicitrate ABC transporter permease subunit FecD	C600	cds-WP_000684852.1	DK885_RS20865	
C600_DK885_RS20870	C600_NZ_CP031214.1	4014481	4015248	768	+	fecE	Fe(3+) dicitrate ABC transporter ATP-binding protein FecE	C600	cds-WP_000175457.1	DK885_RS20870	GO:0005524
C600_DK885_RS24080	C600_NZ_CP031214.1	4015805	4016062	258	-	WP_000177057.1	hypothetical protein	C600	cds-WP_000177057.1	DK885_RS24080	
C600_DK885_RS20880	C600_NZ_CP031214.1	4016145	4016929	785	-	IS3-like element ISEc52 family transposase	IS3-like element ISEc52 family transposase	C600	cds-DK885_RS20880	DK885_RS20880	GO:0006313,GO:0004803
C600_DK885_RS20885	C600_NZ_CP031214.1	4016996	4017301	306	+	transposase	transposase	C600	cds-DK885_RS20885	DK885_RS20885	GO:0006313,GO:0003677,GO:0004803
C600_DK885_RS20890	C600_NZ_CP031214.1	4017321	4018472	1152	+	WP_001254932.1	IS30-like element IS30 family transposase	C600	cds-WP_001254932.1-2	DK885_RS20890	GO:0006313,GO:0004803
C600_DK885_RS20895	C600_NZ_CP031214.1	4018484	4018741	258	-	transposase	transposase	C600	cds-DK885_RS20895	DK885_RS20895	GO:0006313,GO:0003677,GO:0004803
C600_DK885_RS20905	C600_NZ_CP031214.1	4018829	4019032	204	-	WP_000355616.1	MFS transporter	C600	cds-WP_000355616.1	DK885_RS20905	
C600_DK885_RS20910	C600_NZ_CP031214.1	4019055	4019312	258	+	WP_000254999.1	surface-adhesin E family protein	C600	cds-WP_000254999.1	DK885_RS20910	
C600_DK885_RS20915	C600_NZ_CP031214.1	4019365	4019490	126	-	ythA	protein YthA	C600	cds-WP_000594405.1	DK885_RS20915	
C600_DK885_RS20920	C600_NZ_CP031214.1	4019533	4020651	1119	-	nanY	2,7-anhydro-N-acetylneuraminate hydratase	C600	cds-WP_000611568.1	DK885_RS20920	
C600_DK885_RS20925	C600_NZ_CP031214.1	4020663	4021880	1218	-	nanX	MFS transporter	C600	cds-WP_000179691.1	DK885_RS20925	
C600_DK885_RS20930	C600_NZ_CP031214.1	4022489	4023835	1347	+	insG	IS4-like element IS4 family transposase	C600	cds-WP_000483767.1	DK885_RS20930	GO:0006313,GO:0004803
C600_DK885_RS20940	C600_NZ_CP031214.1	4024349	4024578	230	-	transposase domain-containing protein	transposase domain-containing protein	C600	cds-DK885_RS20940	DK885_RS20940	
C600_DK885_RS20960	C600_NZ_CP031214.1	4025162	4026345	1184	+	phosphoethanolamine transferase	phosphoethanolamine transferase	C600	cds-DK885_RS20960	DK885_RS20960	GO:0009244,GO:1900727,GO:0016776
C600_DK885_RS20965	C600_NZ_CP031214.1	4026438	4027666	1229	-	WP_088895425.1	IS3-like element IS2 family transposase	C600	cds-WP_088895425.1-6	DK885_RS20965	GO:0006313,GO:0004803
C600_DK885_RS20970	C600_NZ_CP031214.1	4027998	4029206	1209	-	WP_223293345.1	tyrosine-type recombinase/integrase	C600	cds-WP_223293345.1	DK885_RS20970	GO:0006310,GO:0015074,GO:0003677
C600_DK885_RS20985	C600_NZ_CP031214.1	4029729	4030748	1020	+	ahr	NADPH-dependent aldehyde reductase Ahr	C600	cds-WP_001309160.1	DK885_RS20985	GO:0006631,GO:0008106,GO:0016616
C600_DK885_RS20990	C600_NZ_CP031214.1	4030752	4031315	564	-	idnK	gluconokinase	C600	cds-WP_000896738.1	DK885_RS20990	
C600_DK885_RS20995	C600_NZ_CP031214.1	4031532	4032563	1032	+	idnD	L-idonate 5-dehydrogenase	C600	cds-WP_001197411.1	DK885_RS20995	
C600_DK885_RS21000	C600_NZ_CP031214.1	4032587	4033351	765	+	idnO	gluconate 5-dehydrogenase	C600	cds-WP_000998695.1	DK885_RS21000	
C600_DK885_RS21005	C600_NZ_CP031214.1	4033413	4034732	1320	+	idnT	gnt-II system L-idonate transporter	C600	cds-WP_001128335.1	DK885_RS21005	
C600_DK885_RS21010	C600_NZ_CP031214.1	4034799	4035797	999	+	idnR	DNA-binding transcriptional regulator IdnR	C600	cds-WP_001309159.1	DK885_RS21010	GO:0006355,GO:0019521,GO:0003700
C600_DK885_RS21015	C600_NZ_CP031214.1	4035875	4037377	1503	+	yjgR	helicase HerA-like C-terminal domain-containing protein	C600	cds-WP_001294573.1	DK885_RS21015	GO:0005524
C600_DK885_RS21020	C600_NZ_CP031214.1	4037538	4038620	1083	-	lptG	LPS export ABC transporter permease LptG	C600	cds-WP_001295681.1	DK885_RS21020	GO:0055085,GO:0015221,GO:0043190
C600_DK885_RS21025	C600_NZ_CP031214.1	4038620	4039720	1101	-	lptF	LPS export ABC transporter permease LptF	C600	cds-WP_000584114.1	DK885_RS21025	GO:0055085,GO:0015221,GO:0043190
C600_DK885_RS24305	C600_NZ_CP031214.1	4039783	4039833	51	-	ytgA	protein YtgA	C600	cds-WP_211180521.1	DK885_RS24305	
C600_DK885_RS21030	C600_NZ_CP031214.1	4039987	4041498	1512	+	pepA	leucyl aminopeptidase	C600	cds-WP_000397144.1	DK885_RS21030	GO:0006508,GO:0019538,GO:0030145,GO:0070006
C600_DK885_RS21035	C600_NZ_CP031214.1	4041658	4042101	444	+	holC	DNA polymerase III subunit chi	C600	cds-WP_000786400.1	DK885_RS21035	
C600_DK885_RS21040	C600_NZ_CP031214.1	4042101	4044956	2856	+	valS	valine--tRNA ligase	C600	cds-WP_000416392.1	DK885_RS21040	GO:0006438,GO:0000166,GO:0004832,GO:0005524
C600_DK885_RS21045	C600_NZ_CP031214.1	4045012	4046208	1197	-	yjgN	YjgN family protein	C600	cds-WP_000079634.1	DK885_RS21045	
C600_DK885_RS21050	C600_NZ_CP031214.1	4046401	4046904	504	+	yjgM	GNAT family N-acetyltransferase	C600	cds-WP_001059402.1	DK885_RS21050	GO:0008080,GO:0016746
C600_DK885_RS21055	C600_NZ_CP031214.1	4047049	4047465	417	-	rraB	ribonuclease E inhibitor RraB	C600	cds-WP_000002953.1	DK885_RS21055	
C600_DK885_RS21060	C600_NZ_CP031214.1	4047627	4048631	1005	+	argF	ornithine carbamoyltransferase	C600	cds-WP_000012931.1	DK885_RS21060	GO:0042450,GO:0004585
C600_DK885_RS21065	C600_NZ_CP031214.1	4048687	4050501	1815	-	yjgL	protein YjgL	C600	cds-WP_000036434.1	DK885_RS21065	
C600_DK885_RS21070	C600_NZ_CP031214.1	4050624	4051076	453	-	tabA	toxin-antitoxin biofilm protein TabA	C600	cds-WP_000583469.1	DK885_RS21070	
C600_DK885_RS21075	C600_NZ_CP031214.1	4051221	4051814	594	-	bdcR	TetR/AcrR family transcriptional regulator	C600	cds-WP_000256658.1	DK885_RS21075	GO:0006355,GO:0003677,GO:0003700
C600_DK885_RS21080	C600_NZ_CP031214.1	4051885	4052598	714	+	bdcA	SDR family oxidoreductase	C600	cds-WP_000500731.1	DK885_RS21080	GO:0016491
C600_DK885_RS21085	C600_NZ_CP031214.1	4052729	4053124	396	+	yjgH	RidA family protein	C600	cds-WP_000230281.1	DK885_RS21085	
C600_DK885_RS21095	C600_NZ_CP031214.1	4053405	4053539	135	+	pyrL	pyr operon leader peptide	C600	cds-WP_001296693.1	DK885_RS21095	
C600_DK885_RS21100	C600_NZ_CP031214.1	4053543	4054478	936	+	pyrB	aspartate carbamoyltransferase	C600	cds-WP_000013046.1	DK885_RS21100	GO:0006207,GO:0004070
C600_DK885_RS21105	C600_NZ_CP031214.1	4054491	4054952	462	+	pyrI	aspartate carbamoyltransferase regulatory subunit	C600	cds-WP_000148581.1	DK885_RS21105	GO:0006207,GO:0009347
C600_DK885_RS21110	C600_NZ_CP031214.1	4055025	4055411	387	+	ridA	2-iminobutanoate/2-iminopropanoate deaminase	C600	cds-WP_000047539.1	DK885_RS21110	
C600_DK885_RS21115	C600_NZ_CP031214.1	4055617	4058313	2697	-	mgtA	magnesium-translocating P-type ATPase	C600	cds-WP_000471889.1	DK885_RS21115	GO:0015693,GO:0015444,GO:0016020
C600_DK885_RS21120	C600_NZ_CP031214.1	4058454	4058507	54	-	mgtL	mgtA regulatory leader peptide MgtL	C600	cds-WP_001387276.1	DK885_RS21120	
C600_DK885_RS21125	C600_NZ_CP031214.1	4058692	4059639	948	+	treR	trehalose operon repressor TreR	C600	cds-WP_001181307.1	DK885_RS21125	GO:0005991,GO:0006355,GO:0045892,GO:0003677
C600_DK885_RS21130	C600_NZ_CP031214.1	4059758	4061179	1422	+	treB	PTS trehalose transporter subunit IIBC	C600	cds-WP_001407733.1	DK885_RS21130	GO:0009401,GO:0015771,GO:0008982,GO:0015574,GO:0016020
C600_DK885_RS21135	C600_NZ_CP031214.1	4061229	4062884	1656	+	treC	alpha,alpha-phosphotrehalase	C600	cds-WP_001336303.1	DK885_RS21135	GO:0005991,GO:0008788,GO:0005737
C600_DK885_RS21140	C600_NZ_CP031214.1	4063278	4065416	2139	+	nrdD	anaerobic ribonucleoside-triphosphate reductase	C600	cds-WP_000187778.1	DK885_RS21140	GO:0006260,GO:0008998
C600_DK885_RS21145	C600_NZ_CP031214.1	4065574	4066038	465	+	nrdG	anaerobic ribonucleoside-triphosphate reductase-activating protein	C600	cds-WP_001106233.1	DK885_RS21145	GO:0043365,GO:0051539
C600_DK885_RS21150	C600_NZ_CP031214.1	4066083	4066448	366	-	cybC	cytochrome b562	C600	cds-WP_023649327.1	DK885_RS21150	GO:0022900,GO:0005506,GO:0009055,GO:0042597
C600_DK885_RS21155	C600_NZ_CP031214.1	4066627	4067979	1353	-	pmbA	metalloprotease PmbA	C600	cds-WP_001162171.1	DK885_RS21155	GO:0006508,GO:0008237
C600_DK885_RS21160	C600_NZ_CP031214.1	4068073	4068624	552	+	yjgA	ribosome biogenesis factor YjgA	C600	cds-WP_000166270.1	DK885_RS21160	GO:0042254
C600_DK885_RS21165	C600_NZ_CP031214.1	4068780	4070153	1374	-	mpl	UDP-N-acetylmuramate:L-alanyl-gamma-D-glutamyl-meso-diaminopimelate ligase	C600	cds-WP_001219813.1	DK885_RS21165	GO:0009252,GO:0071555,GO:0016881
C600_DK885_RS21170	C600_NZ_CP031214.1	4070329	4071327	999	+	fbp	class 1 fructose-bisphosphatase	C600	cds-WP_000853753.1	DK885_RS21170	GO:0005975,GO:0042132
C600_DK885_RS21175	C600_NZ_CP031214.1	4071360	4072355	996	-	yjfF	galactofuranose ABC transporter, permease protein YjfF	C600	cds-WP_000596014.1	DK885_RS21175	GO:0042875,GO:0103116,GO:0016020
C600_DK885_RS21180	C600_NZ_CP031214.1	4072342	4073364	1023	-	ytfT	galactofuranose ABC transporter, ATP-binding protein YtfT	C600	cds-WP_001313531.1	DK885_RS21180	GO:0042875,GO:0103116
C600_DK885_RS21185	C600_NZ_CP031214.1	4073378	4074880	1503	-	ytfR	galactofuranose ABC transporter, ATP-binding protein YtfR	C600	cds-WP_000205805.1	DK885_RS21185	GO:0042875,GO:0103116
C600_DK885_RS21190	C600_NZ_CP031214.1	4075020	4075976	957	-	ytfQ	galactofuranose ABC transporter substrate-binding protein YtfQ	C600	cds-WP_000265913.1	DK885_RS21190	
C600_DK885_RS21195	C600_NZ_CP031214.1	4076286	4076816	531	+	ppa	inorganic diphosphatase	C600	cds-WP_000055075.1	DK885_RS21195	GO:0006796,GO:0004427
C600_DK885_RS21200	C600_NZ_CP031214.1	4076896	4077246	351	-	chpB	endoribonuclease toxin ChpB	C600	cds-WP_000239577.1	DK885_RS21200	
C600_DK885_RS21205	C600_NZ_CP031214.1	4077240	4077491	252	-	chpS	type II toxin-antitoxin system antitoxin ChpS	C600	cds-WP_001223208.1	DK885_RS21205	
C600_DK885_RS21210	C600_NZ_CP031214.1	4077703	4078044	342	-	ytfP	gamma-glutamylcyclotransferase family protein	C600	cds-WP_001219160.1	DK885_RS21210	GO:0061929
C600_DK885_RS21215	C600_NZ_CP031214.1	4078047	4081826	3780	-	tamB	autotransporter assembly complex protein TamB	C600	cds-WP_000060911.1	DK885_RS21215	GO:0009306,GO:0089705
C600_DK885_RS21220	C600_NZ_CP031214.1	4081823	4083556	1734	-	tamA	autotransporter assembly complex protein TamA	C600	cds-WP_001269327.1	DK885_RS21220	GO:0009306,GO:0089705
C600_DK885_RS21230	C600_NZ_CP031214.1	4083762	4084400	639	+	msrA	peptide-methionine (S)-S-oxide reductase MsrA	C600	cds-WP_001295196.1	DK885_RS21230	GO:0006979,GO:0030091,GO:0008113,GO:0033744
C600_DK885_RS21235	C600_NZ_CP031214.1	4084723	4086066	1344	+	paeA	hemolysin family protein	C600	cds-WP_000935036.1	DK885_RS21235	GO:0005886,GO:0016020
C600_DK885_RS21240	C600_NZ_CP031214.1	4086145	4086351	207	-	ytfK	DUF1107 domain-containing protein	C600	cds-WP_000689228.1	DK885_RS21240	
C600_DK885_RS21245	C600_NZ_CP031214.1	4086676	4087230	555	+	ytfJ	YtfJ family protein	C600	cds-WP_000175279.1	DK885_RS21245	
C600_DK885_RS21250	C600_NZ_CP031214.1	4087293	4088231	939	-	ytfI	protein YtfI	C600	cds-WP_000937655.1	DK885_RS21250	
C600_DK885_RS21260	C600_NZ_CP031214.1	4088443	4089183	741	-	cysQ	3'(2'),5'-bisphosphate nucleotidase CysQ	C600	cds-WP_000886919.1	DK885_RS21260	GO:0000287,GO:0008441
C600_DK885_RS21265	C600_NZ_CP031214.1	4089373	4091316	1944	+	cpdB	2',3'-cyclic-nucleotide 2'-phosphodiesterase	C600	cds-WP_000589431.1	DK885_RS21265	GO:0009117,GO:0008663
C600_DK885_RS21270	C600_NZ_CP031214.1	4091445	4091825	381	-	ytfH	winged helix-turn-helix transcriptional regulator	C600	cds-WP_000084622.1	DK885_RS21270	GO:0003677
C600_DK885_RS21275	C600_NZ_CP031214.1	4091914	4092774	861	+	qorB	NAD(P)H:quinone oxidoreductase	C600	cds-WP_000560561.1	DK885_RS21275	
C600_DK885_RS21280	C600_NZ_CP031214.1	4092882	4093847	966	+	ytfF	DMT family transporter	C600	cds-WP_001350569.1	DK885_RS21280	GO:0055085,GO:0022857,GO:0016020
C600_DK885_RS21285	C600_NZ_CP031214.1	4093955	4094617	663	+	ytfE	iron-sulfur cluster repair protein YtfE	C600	cds-WP_000331456.1	DK885_RS21285	
C600_DK885_RS21290	C600_NZ_CP031214.1	4094662	4096074	1413	-	cycA	D-serine/D-alanine/glycine transporter	C600	cds-WP_000228346.1	DK885_RS21290	GO:0006865,GO:0055085,GO:0016020
C600_DK885_RS21295	C600_NZ_CP031214.1	4096383	4097003	621	-	fklB	FKBP-type peptidyl-prolyl cis-trans isomerase	C600	cds-WP_000211225.1	DK885_RS21295	
C600_DK885_RS21305	C600_NZ_CP031214.1	4097221	4097859	639	+	ytfB	cell division protein YtfB	C600	cds-WP_001119478.1	DK885_RS21305	
C600_DK885_RS21310	C600_NZ_CP031214.1	4097843	4098244	402	-	TetR/AcrR family transcriptional regulator	TetR/AcrR family transcriptional regulator	C600	cds-DK885_RS21310	DK885_RS21310	
C600_DK885_RS21320	C600_NZ_CP031214.1	4098516	4099310	795	+	yjfZ	DUF2686 family protein	C600	cds-WP_000174714.1	DK885_RS21320	
C600_DK885_RS21325	C600_NZ_CP031214.1	4099381	4099830	450	-	rplI	50S ribosomal protein L9	C600	cds-WP_001196062.1	DK885_RS21325	GO:0006412,GO:0003735,GO:0005840
C600_DK885_RS21330	C600_NZ_CP031214.1	4099872	4100099	228	-	rpsR	30S ribosomal protein S18	C600	cds-WP_000135199.1	DK885_RS21330	GO:0006412,GO:0003735,GO:0000314,GO:0022627
C600_DK885_RS21335	C600_NZ_CP031214.1	4100104	4100418	315	-	priB	primosomal replication protein N	C600	cds-WP_001315977.1	DK885_RS21335	GO:0006260,GO:0003697,GO:0030894
C600_DK885_RS21340	C600_NZ_CP031214.1	4100425	4100820	396	-	rpsF	30S ribosomal protein S6	C600	cds-WP_001216676.1	DK885_RS21340	GO:0006412,GO:0003735,GO:0000314,GO:0022627
C600_DK885_RS21345	C600_NZ_CP031214.1	4101147	4101422	276	+	yjfY	DUF1471 family protein YjfY	C600	cds-WP_000492914.1	DK885_RS21345	
C600_DK885_RS21350	C600_NZ_CP031214.1	4101552	4102238	687	-	ulaF	L-ribulose-5-phosphate 4-epimerase UlaF	C600	cds-WP_001170847.1	DK885_RS21350	
C600_DK885_RS21355	C600_NZ_CP031214.1	4102238	4103092	855	-	ulaE	L-ribulose-5-phosphate 3-epimerase UlaE	C600	cds-WP_000949502.1	DK885_RS21355	
C600_DK885_RS21360	C600_NZ_CP031214.1	4103102	4103752	651	-	ulaD	3-keto-L-gulonate-6-phosphate decarboxylase UlaD	C600	cds-WP_000056749.1	DK885_RS21360	
C600_DK885_RS21365	C600_NZ_CP031214.1	4103766	4104230	465	-	ulaC	PTS ascorbate transporter subunit IIA	C600	cds-WP_000776517.1	DK885_RS21365	
C600_DK885_RS21370	C600_NZ_CP031214.1	4104240	4104545	306	-	ulaB	PTS ascorbate transporter subunit IIB	C600	cds-WP_000218362.1	DK885_RS21370	
C600_DK885_RS21375	C600_NZ_CP031214.1	4104561	4105958	1398	-	ulaA	PTS ascorbate transporter subunit IIC	C600	cds-WP_001350568.1	DK885_RS21375	
C600_DK885_RS21380	C600_NZ_CP031214.1	4106313	4107377	1065	+	ulaG	L-ascorbate 6-phosphate lactonase	C600	cds-WP_001295191.1	DK885_RS21380	GO:0019854,GO:0030145,GO:0035460
C600_DK885_RS21385	C600_NZ_CP031214.1	4107485	4108240	756	+	ulaR	HTH-type transcriptional regulator UlaR	C600	cds-WP_000133631.1	DK885_RS21385	GO:0006355,GO:0003700
C600_DK885_RS21390	C600_NZ_CP031214.1	4108237	4108986	750	-	yjfP	esterase	C600	cds-WP_000569707.1	DK885_RS21390	GO:0006508,GO:0008236
C600_DK885_RS21395	C600_NZ_CP031214.1	4109168	4109497	330	+	bsmA	biofilm peroxide resistance protein BsmA	C600	cds-WP_000254633.1	DK885_RS21395	
C600_DK885_RS21400	C600_NZ_CP031214.1	4109646	4109921	276	+	yjfN	DUF1471 family protease activator YjfN	C600	cds-WP_000811566.1	DK885_RS21400	
C600_DK885_RS21410	C600_NZ_CP031214.1	4110038	4111663	1626	-	aidB	isovaleryl-CoA dehydrogenase	C600	cds-WP_001350567.1	DK885_RS21410	GO:0003995
C600_DK885_RS21415	C600_NZ_CP031214.1	4111747	4112910	1164	-	yjfC	glutathionylspermidine synthase family protein	C600	cds-WP_000943959.1	DK885_RS21415	GO:0005524,GO:0016874,GO:0046872
C600_DK885_RS21420	C600_NZ_CP031214.1	4112913	4113551	639	-	yjfM	DUF1190 domain-containing protein	C600	cds-WP_000101658.1	DK885_RS21420	
C600_DK885_RS21425	C600_NZ_CP031214.1	4113561	4113959	399	-	yjfL	DUF350 domain-containing protein	C600	cds-WP_000547760.1	DK885_RS21425	
C600_DK885_RS21430	C600_NZ_CP031214.1	4113977	4114636	660	-	yjfK	YjfK family protein	C600	cds-WP_000012550.1	DK885_RS21430	
C600_DK885_RS21435	C600_NZ_CP031214.1	4114687	4115385	699	-	yjfJ	PspA/IM30 family protein	C600	cds-WP_000511955.1	DK885_RS21435	
C600_DK885_RS21440	C600_NZ_CP031214.1	4115404	4115805	402	-	yjfI	YjfI family protein	C600	cds-WP_000220128.1	DK885_RS21440	
C600_DK885_RS21450	C600_NZ_CP031214.1	4115932	4116663	732	-	rlmB	23S rRNA (guanosine(2251)-2'-O)-methyltransferase RlmB	C600	cds-WP_001293282.1	DK885_RS21450	GO:0006396,GO:0003723,GO:0008173
C600_DK885_RS21455	C600_NZ_CP031214.1	4116843	4119284	2442	-	rnr	ribonuclease R	C600	cds-WP_000076332.1	DK885_RS21455	GO:0016070,GO:0004540
C600_DK885_RS21460	C600_NZ_CP031214.1	4119323	4119748	426	-	nsrR	nitric oxide-sensing transcriptional repressor NsrR	C600	cds-WP_001177639.1	DK885_RS21460	
C600_DK885_RS21465	C600_NZ_CP031214.1	4119953	4121251	1299	-	purA	adenylosuccinate synthase	C600	cds-WP_000527955.1	DK885_RS21465	GO:0009152,GO:0004019
C600_DK885_RS21470	C600_NZ_CP031214.1	4121355	4121552	198	-	yjeT	DUF2065 domain-containing protein	C600	cds-WP_001089295.1	DK885_RS21470	
C600_DK885_RS21475	C600_NZ_CP031214.1	4121634	4122638	1005	-	hflC	protease modulator HflC	C600	cds-WP_001232412.1	DK885_RS21475	
C600_DK885_RS21480	C600_NZ_CP031214.1	4122641	4123900	1260	-	hflK	FtsH protease activity modulator HflK	C600	cds-WP_000312488.1	DK885_RS21480	GO:0016020
C600_DK885_RS21485	C600_NZ_CP031214.1	4123986	4125266	1281	-	hflX	ribosome rescue GTPase HflX	C600	cds-WP_000460362.1	DK885_RS21485	GO:0005525
C600_DK885_RS21490	C600_NZ_CP031214.1	4125342	4125650	309	-	hfq	RNA chaperone Hfq	C600	cds-WP_001051883.1	DK885_RS21490	GO:0006355,GO:0003723
C600_DK885_RS21495	C600_NZ_CP031214.1	4125736	4126686	951	-	miaA	tRNA (adenosine(37)-N6)-dimethylallyltransferase MiaA	C600	cds-WP_001280345.1	DK885_RS21495	GO:0006400,GO:0052381,GO:0005737
C600_DK885_RS21500	C600_NZ_CP031214.1	4126679	4128526	1848	-	mutL	DNA mismatch repair endonuclease MutL	C600	cds-WP_001122505.1	DK885_RS21500	GO:0006298,GO:0005524,GO:0016887,GO:0030983,GO:0032300
C600_DK885_RS21505	C600_NZ_CP031214.1	4128536	4129873	1338	-	amiB	N-acetylmuramoyl-L-alanine amidase AmiB	C600	cds-WP_000990333.1	DK885_RS21505	GO:0009253,GO:0008745
C600_DK885_RS21510	C600_NZ_CP031214.1	4129892	4130353	462	-	tsaE	tRNA (adenosine(37)-N6)-threonylcarbamoyltransferase complex ATPase subunit type 1 TsaE	C600	cds-WP_000981977.1	DK885_RS21510	GO:0002949
C600_DK885_RS21515	C600_NZ_CP031214.1	4130325	4131872	1548	-	nnr	bifunctional ADP-dependent NAD(P)H-hydrate dehydratase/NAD(P)H-hydrate epimerase	C600	cds-WP_001295189.1	DK885_RS21515	GO:0052855
C600_DK885_RS21520	C600_NZ_CP031214.1	4131871	4133010	1140	+	queG	tRNA epoxyqueuosine(34) reductase QueG	C600	cds-WP_001294219.1	DK885_RS21520	GO:0008033,GO:0008616,GO:0051539,GO:0052693
C600_DK885_RS21525	C600_NZ_CP031214.1	4132993	4133046	54	-	WP_010723271.1	hypothetical protein	C600	cds-WP_010723271.1	DK885_RS21525	
C600_DK885_RS21545	C600_NZ_CP031214.1	4133789	4134334	546	-	orn	oligoribonuclease	C600	cds-WP_001295188.1	DK885_RS21545	GO:0000175,GO:0003676
C600_DK885_RS21550	C600_NZ_CP031214.1	4134429	4135481	1053	+	rsgA	small ribosomal subunit biogenesis GTPase RsgA	C600	cds-WP_000041964.1	DK885_RS21550	GO:0003924,GO:0005525
C600_DK885_RS21555	C600_NZ_CP031214.1	4135578	4136546	969	+	asd	archaetidylserine decarboxylase	C600	cds-WP_000934920.1	DK885_RS21555	GO:0008654,GO:0004609
C600_DK885_RS21560	C600_NZ_CP031214.1	4136568	4139891	3324	+	mscM	miniconductance mechanosensitive channel MscM	C600	cds-WP_001236847.1	DK885_RS21560	GO:0055085,GO:0016020
C600_DK885_RS21565	C600_NZ_CP031214.1	4139920	4140234	315	-	yjeO	YjeO family protein	C600	cds-WP_001276180.1	DK885_RS21565	
C600_DK885_RS21570	C600_NZ_CP031214.1	4140231	4140545	315	-	yjeN	protein YjeN	C600	cds-WP_000342867.1	DK885_RS21570	
C600_DK885_RS21575	C600_NZ_CP031214.1	4140597	4142099	1503	-	yjeM	glutamate/gamma-aminobutyrate family transporter YjeM	C600	cds-WP_001336293.1	DK885_RS21575	GO:0022857
C600_DK885_RS21580	C600_NZ_CP031214.1	4142318	4143295	978	-	epmA	elongation factor P--(R)-beta-lysine ligase	C600	cds-WP_000004771.1	DK885_RS21580	GO:0006418,GO:0004812
C600_DK885_RS21585	C600_NZ_CP031214.1	4143620	4145428	1809	+	frdA	fumarate reductase (quinol) flavoprotein subunit	C600	cds-WP_001192973.1	DK885_RS21585	GO:0009061,GO:0022900,GO:0016491,GO:0050660
C600_DK885_RS21590	C600_NZ_CP031214.1	4145421	4146155	735	+	frdB	fumarate reductase iron-sulfur protein	C600	cds-WP_000829498.1	DK885_RS21590	
C600_DK885_RS21595	C600_NZ_CP031214.1	4146166	4146561	396	+	frdC	fumarate reductase subunit FrdC	C600	cds-WP_000208757.1	DK885_RS21595	GO:0016020
C600_DK885_RS21600	C600_NZ_CP031214.1	4146572	4146931	360	+	frdD	fumarate reductase subunit FrdD	C600	cds-WP_000609663.1	DK885_RS21600	
C600_DK885_RS21605	C600_NZ_CP031214.1	4146994	4148127	1134	+	ampC	BlaEC family class C beta-lactamase	C600	cds-WP_001336292.1	DK885_RS21605	GO:0008800
C600_DK885_RS21610	C600_NZ_CP031214.1	4148216	4148749	534	+	blc	lipocalin Blc	C600	cds-WP_001238378.1	DK885_RS21610	
C600_DK885_RS21615	C600_NZ_CP031214.1	4148746	4149063	318	-	sugE	quaternary ammonium compound efflux SMR transporter SugE	C600	cds-WP_000118482.1	DK885_RS21615	GO:0022857,GO:0016020
C600_DK885_RS21620	C600_NZ_CP031214.1	4149239	4149385	147	-	ecnB	lipoprotein toxin entericidin B	C600	cds-WP_000239596.1	DK885_RS21620	
C600_DK885_RS21625	C600_NZ_CP031214.1	4149496	4149621	126	-	ecnA	lipoprotein antitoxin entericidin A	C600	cds-WP_000977757.1	DK885_RS21625	
C600_DK885_RS21630	C600_NZ_CP031214.1	4149673	4150239	567	-	efp	elongation factor P	C600	cds-WP_000257278.1	DK885_RS21630	GO:0006414,GO:0003746,GO:0005737
C600_DK885_RS21635	C600_NZ_CP031214.1	4150281	4151309	1029	+	epmB	EF-P beta-lysylation protein EpmB	C600	cds-WP_000940549.1	DK885_RS21635	
C600_DK885_RS21640	C600_NZ_CP031214.1	4151704	4152573	870	+	yjeJ	YjeJ family protein	C600	cds-WP_001008040.1	DK885_RS21640	
C600_DK885_RS21645	C600_NZ_CP031214.1	4152776	4153129	354	-	yjeI	DUF4156 domain-containing protein	C600	cds-WP_000558209.1	DK885_RS21645	
C600_DK885_RS21650	C600_NZ_CP031214.1	4153267	4154913	1647	-	groL	chaperonin GroEL	C600	cds-WP_000729117.1	DK885_RS21650	GO:0042026,GO:0140662
C600_DK885_RS21655	C600_NZ_CP031214.1	4154957	4155250	294	-	groS	co-chaperone GroES	C600	cds-WP_001026276.1	DK885_RS21655	GO:0005524,GO:0140662
C600_DK885_RS21660	C600_NZ_CP031214.1	4155526	4156782	1257	+	yjeH	L-methionine/branched-chain amino acid transporter	C600	cds-WP_000015837.1	DK885_RS21660	GO:0055085,GO:0022857,GO:0016020
C600_DK885_RS21665	C600_NZ_CP031214.1	4156798	4157274	477	-	fxsA	FxsA family protein	C600	cds-WP_001267448.1	DK885_RS21665	GO:0005886
C600_DK885_RS21670	C600_NZ_CP031214.1	4157611	4159047	1437	+	aspA	aspartate ammonia-lyase	C600	cds-WP_000069437.1	DK885_RS21670	GO:0006520,GO:0008797
C600_DK885_RS21675	C600_NZ_CP031214.1	4159165	4160466	1302	+	dcuA	anaerobic C4-dicarboxylate transporter DcuA	C600	cds-WP_000961959.1	DK885_RS21675	
C600_DK885_RS21680	C600_NZ_CP031214.1	4160582	4160920	339	+	cutA	divalent cation tolerance protein CutA	C600	cds-WP_000883400.1	DK885_RS21680	
C600_DK885_RS21685	C600_NZ_CP031214.1	4160896	4162593	1698	+	dsbD	protein-disulfide reductase DsbD	C600	cds-WP_000068922.1	DK885_RS21685	
C600_DK885_RS21690	C600_NZ_CP031214.1	4162630	4163205	576	+	dicD	transcriptional regulator	C600	cds-WP_001188520.1	DK885_RS21690	GO:0003677
C600_DK885_RS24680	C600_NZ_CP031214.1	4163585	4163744	160	+	tyrosine-type recombinase/integrase	tyrosine-type recombinase/integrase	C600	cds-DK885_RS24680	DK885_RS24680	
C600_DK885_RS21705	C600_NZ_CP031214.1	4164004	4165542	1539	+	cadC	lysine decarboxylation/transport transcriptional activator CadC	C600	cds-WP_001187173.1	DK885_RS21705	
C600_DK885_RS21710	C600_NZ_CP031214.1	4165907	4167241	1335	+	cadB	cadaverine/lysine antiporter	C600	cds-WP_000092909.1	DK885_RS21710	GO:0043872
C600_DK885_RS21715	C600_NZ_CP031214.1	4167321	4169468	2148	+	cadA	lysine decarboxylase CadA	C600	cds-WP_001295383.1	DK885_RS21715	
C600_DK885_RS21720	C600_NZ_CP031214.1	4169527	4170984	1458	+	dtpC	dipeptide/tripeptide permease DtpC	C600	cds-WP_000856829.1	DK885_RS21720	
C600_DK885_RS21725	C600_NZ_CP031214.1	4171221	4172738	1518	+	lysS	lysine--tRNA ligase	C600	cds-WP_001295074.1	DK885_RS21725	GO:0006430,GO:0004824,GO:0005524,GO:0005737
C600_DK885_RS21730	C600_NZ_CP031214.1	4172857	4173030	174	-	ghoT	type V toxin-antitoxin system toxin GhoT	C600	cds-WP_001173343.1	DK885_RS21730	
C600_DK885_RS21735	C600_NZ_CP031214.1	4173058	4173354	297	-	ghoS	type V toxin-antitoxin system endoribonuclease antitoxin GhoS	C600	cds-WP_000398619.1	DK885_RS21735	
C600_DK885_RS21745	C600_NZ_CP031214.1	4173581	4173853	273	-	yjdJ	GNAT family N-acetyltransferase	C600	cds-WP_000405651.1	DK885_RS21745	GO:0008080,GO:0016746
C600_DK885_RS21750	C600_NZ_CP031214.1	4173865	4174095	231	-	yjdI	4Fe-4S mono-cluster protein YjdI	C600	cds-WP_000371704.1	DK885_RS21750	
C600_DK885_RS21755	C600_NZ_CP031214.1	4174276	4175907	1632	+	dcuS	sensor histidine kinase	C600	cds-WP_001216477.1	DK885_RS21755	
C600_DK885_RS21760	C600_NZ_CP031214.1	4175904	4176623	720	+	dcuR	two-component system response regulator DcuR	C600	cds-WP_000611288.1	DK885_RS21760	GO:0000160,GO:0003700
C600_DK885_RS21770	C600_NZ_CP031214.1	4177194	4178534	1341	+	dcuB	anaerobic C4-dicarboxylate transporter DcuB	C600	cds-WP_000899522.1	DK885_RS21770	
C600_DK885_RS21775	C600_NZ_CP031214.1	4178612	4180258	1647	+	fumB	class I fumarate hydratase	C600	cds-WP_000066707.1	DK885_RS21775	
C600_DK885_RS21780	C600_NZ_CP031214.1	4180380	4181009	630	+	yjdF	DUF2238 domain-containing protein	C600	cds-WP_000198773.1	DK885_RS21780	
C600_DK885_RS21785	C600_NZ_CP031214.1	4181148	4182569	1422	-	melB	melibiose:sodium transporter MelB	C600	cds-WP_000028111.1	DK885_RS21785	GO:0006814,GO:0008643,GO:0015293,GO:0022857,GO:0016020
C600_DK885_RS21790	C600_NZ_CP031214.1	4182672	4184027	1356	-	melA	alpha-galactosidase	C600	cds-WP_000986601.1	DK885_RS21790	
C600_DK885_RS21795	C600_NZ_CP031214.1	4184310	4185218	909	+	melR	transcriptional regulator MelR	C600	cds-WP_001090758.1	DK885_RS21795	GO:0006355,GO:0003677,GO:0003700
C600_DK885_RS21800	C600_NZ_CP031214.1	4185417	4187684	2268	+	adiA	arginine decarboxylase	C600	cds-WP_001381593.1	DK885_RS21800	GO:0006520,GO:0016831
C600_DK885_RS21805	C600_NZ_CP031214.1	4188009	4188770	762	+	adiY	DNA-binding transcriptional activator AdiY	C600	cds-WP_001217060.1	DK885_RS21805	
C600_DK885_RS21810	C600_NZ_CP031214.1	4188907	4190244	1338	+	adiC	arginine/agmatine antiporter	C600	cds-WP_000093154.1	DK885_RS21810	GO:0055085,GO:0022857,GO:0016020
C600_DK885_RS21815	C600_NZ_CP031214.1	4190348	4191991	1644	+	eptA	phosphoethanolamine transferase EptA	C600	cds-WP_000919792.1	DK885_RS21815	GO:0016772
C600_DK885_RS21820	C600_NZ_CP031214.1	4191988	4192656	669	+	basR	two-component system response regulator BasR	C600	cds-WP_000697926.1	DK885_RS21820	
C600_DK885_RS21825	C600_NZ_CP031214.1	4192657	4193757	1101	+	pmrB	two-component system sensor histidine kinase PmrB	C600	cds-WP_001051092.1	DK885_RS21825	
C600_DK885_RS21830	C600_NZ_CP031214.1	4193733	4193822	90	-	pmrR	LpxT activity modulator PmrR	C600	cds-WP_000797657.1	DK885_RS21830	
C600_DK885_RS21835	C600_NZ_CP031214.1	4193934	4195436	1503	-	proP	glycine betaine/L-proline transporter ProP	C600	cds-WP_001298520.1	DK885_RS21835	GO:0055085,GO:0022857,GO:0016020
C600_DK885_RS21840	C600_NZ_CP031214.1	4195700	4196578	879	-	rdcB	YjcZ-like family protein	C600	cds-WP_000169188.1	DK885_RS21840	
C600_DK885_RS21845	C600_NZ_CP031214.1	4196575	4198803	2229	-	crfC	clamp-binding protein CrfC	C600	cds-WP_000288603.1	DK885_RS21845	GO:0005525
C600_DK885_RS21855	C600_NZ_CP031214.1	4199204	4199539	336	+	yjdM	zinc ribbon domain-containing protein YjdM	C600	cds-WP_001300891.1	DK885_RS21855	
C600_DK885_RS21860	C600_NZ_CP031214.1	4200197	4200640	444	+	yjdN	VOC family metalloprotein YjdN	C600	cds-WP_001131329.1	DK885_RS21860	
C600_DK885_RS21865	C600_NZ_CP031214.1	4200773	4201561	789	+	phnC	phosphonate ABC transporter ATP-binding protein	C600	cds-WP_001193409.1	DK885_RS21865	
C600_DK885_RS21870	C600_NZ_CP031214.1	4201586	4202602	1017	+	phnD	phosphonate ABC transporter substrate-binding protein	C600	cds-WP_000992002.1	DK885_RS21870	GO:0015716,GO:0043190
C600_DK885_RS21875	C600_NZ_CP031214.1	4202708	4203495	788	+	phnE	phosphonate ABC transporter, permease protein PhnE	C600	cds-DK885_RS21875	DK885_RS21875	GO:0015716,GO:0015416,GO:0005886,GO:0055052
C600_DK885_RS21880	C600_NZ_CP031214.1	4203516	4204241	726	+	phnF	phosphonate metabolism transcriptional regulator PhnF	C600	cds-WP_001295387.1	DK885_RS21880	
C600_DK885_RS21885	C600_NZ_CP031214.1	4204242	4204694	453	+	phnG	phosphonate C-P lyase system protein PhnG	C600	cds-WP_000542790.1	DK885_RS21885	GO:0015716,GO:0019634
C600_DK885_RS21890	C600_NZ_CP031214.1	4204691	4205275	585	+	phnH	phosphonate C-P lyase system protein PhnH	C600	cds-WP_000171628.1	DK885_RS21890	GO:0019634
C600_DK885_RS21895	C600_NZ_CP031214.1	4205275	4206339	1065	+	phnI	alpha-D-ribose 1-methylphosphonate 5-triphosphate synthase subunit PhnI	C600	cds-WP_001295388.1	DK885_RS21895	
C600_DK885_RS21900	C600_NZ_CP031214.1	4206332	4207177	846	+	phnJ	alpha-D-ribose 1-methylphosphonate 5-phosphate C-P-lyase PhnJ	C600	cds-WP_000002303.1	DK885_RS21900	
C600_DK885_RS21905	C600_NZ_CP031214.1	4207174	4207932	759	+	phnK	phosphonate C-P lyase system protein PhnK	C600	cds-WP_001075514.1	DK885_RS21905	GO:0019634,GO:0018835
C600_DK885_RS21910	C600_NZ_CP031214.1	4208043	4208723	681	+	phnL	phosphonate C-P lyase system protein PhnL	C600	cds-WP_000611405.1	DK885_RS21910	GO:0019634,GO:0018835
C600_DK885_RS21915	C600_NZ_CP031214.1	4208720	4209856	1137	+	phnM	alpha-D-ribose 1-methylphosphonate 5-triphosphate diphosphatase	C600	cds-WP_000586325.1	DK885_RS21915	GO:0019700,GO:0016810
C600_DK885_RS21920	C600_NZ_CP031214.1	4209856	4210413	558	+	phnN	ribose 1,5-bisphosphokinase	C600	cds-WP_000971886.1	DK885_RS21920	GO:0006015,GO:0033863
C600_DK885_RS21925	C600_NZ_CP031214.1	4210400	4210834	435	+	phnO	aminoalkylphosphonate N-acetyltransferase	C600	cds-WP_001110490.1	DK885_RS21925	
C600_DK885_RS21930	C600_NZ_CP031214.1	4210836	4211594	759	+	phnP	phosphonate metabolism protein PhnP	C600	cds-WP_000059908.1	DK885_RS21930	GO:0019700,GO:0008081
C600_DK885_RS21935	C600_NZ_CP031214.1	4211741	4212070	330	-	yjdP	DDRRRQL repeat protein YjdP	C600	cds-WP_000819746.1	DK885_RS21935	
C600_DK885_RS21940	C600_NZ_CP031214.1	4212139	4212588	450	-	rpiB	bifunctional allose-6-phosphate isomerase/ribose-5-phosphate isomerase RpiB	C600	cds-WP_000716794.1	DK885_RS21940	
C600_DK885_RS21950	C600_NZ_CP031214.1	4212947	4213837	891	+	alsR	MurR/RpiR family transcriptional regulator	C600	cds-WP_000083216.1	DK885_RS21950	
C600_DK885_RS21955	C600_NZ_CP031214.1	4213896	4214831	936	+	alsB	D-allose transporter substrate-binding protein	C600	cds-WP_001046187.1	DK885_RS21955	
C600_DK885_RS21960	C600_NZ_CP031214.1	4214958	4216490	1533	+	alsA	D-allose ABC transporter ATP-binding protein AlsA	C600	cds-WP_000235257.1	DK885_RS21960	
C600_DK885_RS21965	C600_NZ_CP031214.1	4216469	4217449	981	+	alsC	D-allose ABC transporter permease	C600	cds-WP_000507106.1	DK885_RS21965	
C600_DK885_RS21970	C600_NZ_CP031214.1	4217460	4218155	696	+	alsE	D-allulose-6-phosphate 3-epimerase	C600	cds-WP_001311314.1	DK885_RS21970	
C600_DK885_RS21975	C600_NZ_CP031214.1	4218139	4219068	930	+	alsK	allose kinase	C600	cds-WP_001171687.1	DK885_RS21975	GO:0019316,GO:0019200
C600_DK885_RS21980	C600_NZ_CP031214.1	4219341	4221326	1986	+	yjcS	alkyl sulfatase YjcS	C600	cds-WP_001066019.1	DK885_RS21980	
C600_DK885_RS21985	C600_NZ_CP031214.1	4221535	4221810	276	+	ytcA	YtcA family lipoprotein	C600	cds-WP_001295389.1	DK885_RS21985	
C600_DK885_RS21990	C600_NZ_CP031214.1	4221829	4222860	1032	+	mdtN	multidrug efflux transporter periplasmic adaptor subunit MdtN	C600	cds-WP_000446378.1	DK885_RS21990	
C600_DK885_RS21995	C600_NZ_CP031214.1	4222860	4224911	2052	+	mdtO	multidrug efflux transporter permease subunit MdtO	C600	cds-WP_001275207.1	DK885_RS21995	
C600_DK885_RS22000	C600_NZ_CP031214.1	4224908	4226374	1467	+	mdtP	multidrug efflux transporter outer membrane subunit MdtP	C600	cds-WP_000610601.1	DK885_RS22000	
C600_DK885_RS22005	C600_NZ_CP031214.1	4226572	4228719	2148	+	fdhF	formate dehydrogenase subunit alpha	C600	cds-WP_001300547.1	DK885_RS22005	GO:0015942,GO:0008863,GO:0009326
C600_DK885_RS22010	C600_NZ_CP031214.1	4228813	4229502	690	+	yjcO	Sel1 family TPR-like repeat protein YjcO	C600	cds-WP_000719886.1	DK885_RS22010	
C600_DK885_RS22015	C600_NZ_CP031214.1	4230033	4231346	1314	-	gltP	glutamate/aspartate:proton symporter GltP	C600	cds-WP_000789592.1	DK885_RS22015	GO:0006835,GO:0015293,GO:0016020
C600_DK885_RS22025	C600_NZ_CP031214.1	4231688	4232284	597	-	nrfG	heme lyase NrfEFG subunit NrfG	C600	cds-WP_000812896.1	DK885_RS22025	
C600_DK885_RS22030	C600_NZ_CP031214.1	4232281	4232664	384	-	nrfF	heme lyase NrfEFG subunit NrfF	C600	cds-WP_001032531.1	DK885_RS22030	
C600_DK885_RS22035	C600_NZ_CP031214.1	4232657	4234375	1719	-	nrfE	heme lyase CcmF/NrfE family subunit	C600	cds-WP_071524917.1	DK885_RS22035	
C600_DK885_RS22040	C600_NZ_CP031214.1	4234395	4235351	957	-	nrfD	cytochrome c nitrite reductase subunit NrfD	C600	cds-WP_000195171.1	DK885_RS22040	
C600_DK885_RS22045	C600_NZ_CP031214.1	4235348	4236019	672	-	nrfC	cytochrome c nitrite reductase Fe-S protein	C600	cds-WP_000220281.1	DK885_RS22045	
C600_DK885_RS22050	C600_NZ_CP031214.1	4236016	4236582	567	-	nrfB	cytochrome c nitrite reductase pentaheme subunit	C600	cds-WP_001295391.1	DK885_RS22050	GO:0008152,GO:0042597
C600_DK885_RS22055	C600_NZ_CP031214.1	4236627	4238063	1437	-	nrfA	ammonia-forming nitrite reductase cytochrome c552 subunit	C600	cds-WP_000196875.1	DK885_RS22055	GO:0008152,GO:0005509,GO:0020037,GO:0042279,GO:0042597
C600_DK885_RS22065	C600_NZ_CP031214.1	4238456	4240414	1959	+	acs	acetate--CoA ligase	C600	cds-WP_000078239.1	DK885_RS22065	GO:0019427,GO:0003987,GO:0016208
C600_DK885_RS22070	C600_NZ_CP031214.1	4240614	4240928	315	+	yjcH	DUF485 domain-containing protein	C600	cds-WP_001014565.1	DK885_RS22070	GO:0016020
C600_DK885_RS22075	C600_NZ_CP031214.1	4240925	4242574	1650	+	actP	cation/acetate symporter ActP	C600	cds-WP_000832573.1	DK885_RS22075	GO:0006814,GO:0015123,GO:0015370,GO:0031402,GO:0005886
C600_DK885_RS22080	C600_NZ_CP031214.1	4242752	4244044	1293	+	espX5	T3SS effector pentapeptide repeat protein EspX5	C600	cds-WP_001270094.1	DK885_RS22080	
C600_DK885_RS22085	C600_NZ_CP031214.1	4244198	4245847	1650	-	yjcE	Na+/H+ antiporter	C600	cds-WP_000402210.1	DK885_RS22085	GO:0006814,GO:0006885,GO:1902600,GO:0015385,GO:0016020
C600_DK885_RS22090	C600_NZ_CP031214.1	4245999	4247348	1350	-	ghxP	guanine/hypoxanthine transporter GhxP	C600	cds-WP_000106882.1	DK885_RS22090	
C600_DK885_RS22110	C600_NZ_CP031214.1	4247894	4248358	465	-	soxR	redox-sensitive transcriptional activator SoxR	C600	cds-WP_000412428.1	DK885_RS22110	GO:0006355,GO:0006979,GO:0003700,GO:0051537
C600_DK885_RS22115	C600_NZ_CP031214.1	4248444	4248767	324	+	soxS	superoxide response transcriptional regulator SoxS	C600	cds-WP_000019358.1	DK885_RS22115	
C600_DK885_RS22120	C600_NZ_CP031214.1	4248770	4250356	1587	-	pdeC	c-di-GMP phosphodiesterase PdeC	C600	cds-WP_000019548.1	DK885_RS22120	
C600_DK885_RS22130	C600_NZ_CP031214.1	4250786	4251067	282	+	yjcB	YjcB family protein	C600	cds-WP_001295689.1	DK885_RS22130	
C600_DK885_RS22135	C600_NZ_CP031214.1	4251166	4251702	537	-	ssb1	single-stranded DNA-binding protein SSB1	C600	cds-WP_000168305.1	DK885_RS22135	
C600_DK885_RS22140	C600_NZ_CP031214.1	4251956	4254778	2823	+	uvrA	excinuclease ABC subunit UvrA	C600	cds-WP_000357740.1	DK885_RS22140	GO:0006289,GO:0003677,GO:0005524,GO:0016887
C600_DK885_RS22145	C600_NZ_CP031214.1	4254813	4255169	357	-	yjbR	MmcQ/YjbR family DNA-binding protein	C600	cds-WP_000155657.1	DK885_RS22145	GO:0003677
C600_DK885_RS22150	C600_NZ_CP031214.1	4255173	4255589	417	-	yjbQ	secondary thiamine-phosphate synthase enzyme YjbQ	C600	cds-WP_000270375.1	DK885_RS22150	GO:0003824,GO:0005737
C600_DK885_RS22155	C600_NZ_CP031214.1	4255700	4256413	714	-	aphA	acid phosphatase AphA	C600	cds-WP_001226928.1	DK885_RS22155	GO:0003993,GO:0030288
C600_DK885_RS24170	C600_NZ_CP031214.1	4256815	4257018	204	+	yjbS	protein YjbS	C600	cds-WP_001321562.1	DK885_RS24170	
C600_DK885_RS22165	C600_NZ_CP031214.1	4257520	4258713	1194	-	tyrB	aromatic amino acid transaminase	C600	cds-WP_000486985.1	DK885_RS22165	
C600_DK885_RS22170	C600_NZ_CP031214.1	4258966	4260045	1080	-	alr	alanine racemase	C600	cds-WP_001147328.1	DK885_RS22170	GO:0006522,GO:0009252,GO:0008784
C600_DK885_RS22175	C600_NZ_CP031214.1	4260098	4261513	1416	-	dnaB	replicative DNA helicase	C600	cds-WP_000918363.1	DK885_RS22175	
C600_DK885_RS22180	C600_NZ_CP031214.1	4261596	4262579	984	+	qorA	quinone oxidoreductase	C600	cds-WP_000235508.1	DK885_RS22180	
C600_DK885_RS22185	C600_NZ_CP031214.1	4262745	4262987	243	-	pspG	envelope stress response protein PspG	C600	cds-WP_000891404.1	DK885_RS22185	
C600_DK885_RS22190	C600_NZ_CP031214.1	4263121	4264158	1038	-	dusA	tRNA dihydrouridine(20/20a) synthase DusA	C600	cds-WP_001298868.1	DK885_RS22190	GO:0002943,GO:0017150,GO:0050660
C600_DK885_RS22195	C600_NZ_CP031214.1	4264521	4265506	986	-	DUF2713 domain-containing protein	DUF2713 domain-containing protein	C600	cds-DK885_RS22195	DK885_RS22195	
C600_DK885_RS22205	C600_NZ_CP031214.1	4265824	4266339	516	+	zur	zinc uptake transcriptional repressor Zur	C600	cds-WP_001295691.1	DK885_RS22205	GO:0006355,GO:0003700
C600_DK885_RS22210	C600_NZ_CP031214.1	4266381	4266590	210	-	yjbJ	CsbD family protein	C600	cds-WP_001030593.1	DK885_RS22210	
C600_DK885_RS22215	C600_NZ_CP031214.1	4266706	4268031	1326	-	dinF	MATE family efflux transporter DinF	C600	cds-WP_001326646.1	DK885_RS22215	GO:0055085,GO:0015297,GO:0042910,GO:0016020
C600_DK885_RS22220	C600_NZ_CP031214.1	4268104	4268712	609	-	lexA	transcriptional repressor LexA	C600	cds-WP_000646078.1	DK885_RS22220	GO:0009432,GO:0045892,GO:0004252
C600_DK885_RS22225	C600_NZ_CP031214.1	4268822	4269190	369	-	dgkA	diacylglycerol kinase	C600	cds-WP_000002907.1	DK885_RS22225	
C600_DK885_RS22230	C600_NZ_CP031214.1	4269361	4271784	2424	+	plsB	glycerol-3-phosphate 1-O-acyltransferase PlsB	C600	cds-WP_000017354.1	DK885_RS22230	GO:0008654,GO:0004366
C600_DK885_RS22235	C600_NZ_CP031214.1	4271939	4272811	873	-	ubiA	4-hydroxybenzoate octaprenyltransferase	C600	cds-WP_000455227.1	DK885_RS22235	GO:0006744,GO:0008412
C600_DK885_RS22240	C600_NZ_CP031214.1	4272824	4273321	498	-	ubiC	chorismate lyase	C600	cds-WP_001326644.1	DK885_RS22240	GO:0008813
C600_DK885_RS22250	C600_NZ_CP031214.1	4273544	4275124	1581	-	SopA family protein	SopA family protein	C600	cds-DK885_RS22250	DK885_RS22250	
C600_DK885_RS22255	C600_NZ_CP031214.1	4275353	4276273	921	-	malM	maltose operon protein MalM	C600	cds-WP_001326641.1	DK885_RS22255	GO:0008643,GO:0042597
C600_DK885_RS22260	C600_NZ_CP031214.1	4276516	4277856	1341	-	lamB	maltoporin LamB	C600	cds-WP_000973663.1	DK885_RS22260	
C600_DK885_RS22265	C600_NZ_CP031214.1	4277928	4279043	1116	-	malK	maltose/maltodextrin ABC transporter ATP-binding protein MalK	C600	cds-WP_000179165.1	DK885_RS22265	GO:0008643,GO:0055085,GO:0005524,GO:0140359,GO:0043190
C600_DK885_RS22275	C600_NZ_CP031214.1	4279408	4280598	1191	+	malE	maltose/maltodextrin ABC transporter substrate-binding protein MalE	C600	cds-WP_000695387.1	DK885_RS22275	GO:0008643,GO:0055085,GO:0015144
C600_DK885_RS22280	C600_NZ_CP031214.1	4280752	4282296	1545	+	malF	maltose ABC transporter permease MalF	C600	cds-WP_001297290.1	DK885_RS22280	GO:0055085,GO:0043190
C600_DK885_RS22285	C600_NZ_CP031214.1	4282311	4283201	891	+	malG	maltose ABC transporter permease MalG	C600	cds-WP_001252058.1	DK885_RS22285	GO:0055085,GO:0016020
C600_DK885_RS22290	C600_NZ_CP031214.1	4283573	4285048	1476	+	xylE	D-xylose transporter XylE	C600	cds-WP_001097274.1	DK885_RS22290	GO:0055085,GO:0022857,GO:0016020
C600_DK885_RS22295	C600_NZ_CP031214.1	4285092	4285502	411	-	psiE	phosphate-starvation-inducible protein PsiE	C600	cds-WP_000202902.1	DK885_RS22295	
C600_DK885_RS24090	C600_NZ_CP031214.1	4285628	4285771	144	-	WP_000487766.1	hypothetical protein	C600	cds-WP_000487766.1	DK885_RS24090	
C600_DK885_RS22300	C600_NZ_CP031214.1	4285772	4286050	279	+	WP_001295279.1	periplasmic protein	C600	cds-WP_001295279.1	DK885_RS22300	
C600_DK885_RS22305	C600_NZ_CP031214.1	4286097	4288193	2097	-	yjbH	YjbH domain-containing protein	C600	cds-WP_000745776.1	DK885_RS22305	
C600_DK885_RS22310	C600_NZ_CP031214.1	4288193	4288930	738	-	yjbG	capsule biosynthesis GfcC family protein	C600	cds-WP_000595558.1	DK885_RS22310	
C600_DK885_RS22315	C600_NZ_CP031214.1	4288927	4289565	639	-	yjbF	YjbF family lipoprotein	C600	cds-WP_001295278.1	DK885_RS22315	
C600_DK885_RS22320	C600_NZ_CP031214.1	4289679	4289921	243	-	yjbE	exopolysaccharide production protein YjbE	C600	cds-WP_000757333.1	DK885_RS22320	
C600_DK885_RS22325	C600_NZ_CP031214.1	4290420	4292069	1650	-	pgi	glucose-6-phosphate isomerase	C600	cds-WP_000789986.1	DK885_RS22325	GO:0006094,GO:0006096,GO:0004347
C600_DK885_RS22335	C600_NZ_CP031214.1	4292594	4293943	1350	+	lysC	lysine-sensitive aspartokinase 3	C600	cds-WP_001290310.1	DK885_RS22335	GO:0009089,GO:0004072
C600_DK885_RS22340	C600_NZ_CP031214.1	4294196	4294468	273	+	yjbD	DUF3811 domain-containing protein	C600	cds-WP_001207634.1	DK885_RS22340	
C600_DK885_RS22345	C600_NZ_CP031214.1	4294601	4295473	873	-	rluF	23S rRNA pseudouridine(2604) synthase RluF	C600	cds-WP_000936377.1	DK885_RS22345	GO:0001522,GO:0003723,GO:0009982
C600_DK885_RS22350	C600_NZ_CP031214.1	4295685	4296374	690	+	pepE	dipeptidase PepE	C600	cds-WP_000421763.1	DK885_RS22350	GO:0006508,GO:0008236
C600_DK885_RS22355	C600_NZ_CP031214.1	4296465	4298096	1632	-	yjbB	Na/Pi cotransporter family protein	C600	cds-WP_000956830.1	DK885_RS22355	GO:0044341,GO:0005436,GO:0005886
C600_DK885_RS22360	C600_NZ_CP031214.1	4298316	4301999	3684	-	metH	methionine synthase	C600	cds-WP_000096011.1	DK885_RS22360	GO:0009086,GO:0008270,GO:0008705,GO:0031419
C600_DK885_RS22365	C600_NZ_CP031214.1	4302199	4303023	825	+	iclR	glyoxylate bypass operon transcriptional repressor IclR	C600	cds-WP_000226403.1	DK885_RS22365	GO:0006355,GO:0003677
C600_DK885_RS22370	C600_NZ_CP031214.1	4303340	4305526	2187	+	espL4	type III secretion system effector EspL4	C600	cds-WP_000632913.1	DK885_RS22370	
C600_DK885_RS22375	C600_NZ_CP031214.1	4305495	4307231	1737	-	aceK	bifunctional isocitrate dehydrogenase kinase/phosphatase	C600	cds-WP_001137220.1	DK885_RS22375	GO:0006006,GO:0008772,GO:0016791
C600_DK885_RS22380	C600_NZ_CP031214.1	4307414	4308718	1305	-	aceA	isocitrate lyase	C600	cds-WP_000857856.1	DK885_RS22380	GO:0019752,GO:0004451
C600_DK885_RS22385	C600_NZ_CP031214.1	4308748	4310349	1602	-	aceB	malate synthase A	C600	cds-WP_000138905.1	DK885_RS22385	GO:0006097,GO:0004474
C600_DK885_RS22390	C600_NZ_CP031214.1	4310618	4311547	930	-	metA	homoserine O-acetyltransferase MetA	C600	cds-WP_001122779.1	DK885_RS22390	GO:0019281,GO:0008899,GO:0005737
C600_DK885_RS22395	C600_NZ_CP031214.1	4311704	4312147	444	+	yjaB	acetyltransferase	C600	cds-WP_000237004.1	DK885_RS22395	GO:0008080
C600_DK885_RS22400	C600_NZ_CP031214.1	4312210	4312593	384	-	yjaA	YjaA family stress response protein	C600	cds-WP_001326558.1	DK885_RS22400	
C600_DK885_RS22430	C600_NZ_CP031214.1	4318294	4319883	1590	+	purH	bifunctional phosphoribosylaminoimidazolecarboxamide formyltransferase/IMP cyclohydrolase	C600	cds-WP_001187559.1	DK885_RS22430	GO:0009152,GO:0003937,GO:0004643
C600_DK885_RS22435	C600_NZ_CP031214.1	4319895	4321184	1290	+	purD	phosphoribosylamine--glycine ligase	C600	cds-WP_000866800.1	DK885_RS22435	GO:0009113,GO:0004637
C600_DK885_RS22440	C600_NZ_CP031214.1	4321181	4322506	1326	-	zraR	sigma-54-dependent response regulator transcription factor ZraR	C600	cds-WP_000148503.1	DK885_RS22440	GO:0000160,GO:0006355,GO:0043565
C600_DK885_RS22445	C600_NZ_CP031214.1	4322503	4323900	1398	-	zraS	two-component system sensor histidine kinase ZraS	C600	cds-WP_001211892.1	DK885_RS22445	GO:0007165,GO:0016310,GO:0000155
C600_DK885_RS22455	C600_NZ_CP031214.1	4324138	4324563	426	+	zraP	zinc resistance sensor/chaperone ZraP	C600	cds-WP_000828222.1	DK885_RS22455	
C600_DK885_RS22460	C600_NZ_CP031214.1	4324565	4325260	696	-	yjaH	DUF1481 domain-containing protein	C600	cds-WP_001084037.1	DK885_RS22460	
C600_DK885_RS22465	C600_NZ_CP031214.1	4325273	4325545	273	-	hupA	nucleoid-associated protein HU-alpha	C600	cds-WP_001044513.1	DK885_RS22465	
C600_DK885_RS22470	C600_NZ_CP031214.1	4325732	4326322	591	-	yjaG	YjaG family protein	C600	cds-WP_000940106.1	DK885_RS22470	
C600_DK885_RS22475	C600_NZ_CP031214.1	4326365	4327036	672	-	nfi	deoxyribonuclease V	C600	cds-WP_000362388.1	DK885_RS22475	GO:0006281,GO:0004519
C600_DK885_RS22480	C600_NZ_CP031214.1	4327046	4328110	1065	-	hemE	uroporphyrinogen decarboxylase	C600	cds-WP_000137657.1	DK885_RS22480	GO:0006779,GO:0004853
C600_DK885_RS22485	C600_NZ_CP031214.1	4328150	4328923	774	-	nudC	NAD(+) diphosphatase	C600	cds-WP_000373940.1	DK885_RS22485	GO:0000210,GO:0016787
C600_DK885_RS22490	C600_NZ_CP031214.1	4329018	4329494	477	+	rsd	sigma D regulator	C600	cds-WP_000934302.1	DK885_RS22490	GO:0006355
C600_DK885_RS22495	C600_NZ_CP031214.1	4329727	4331622	1896	+	thiC	phosphomethylpyrimidine synthase ThiC	C600	cds-WP_001276926.1	DK885_RS22495	GO:0009228,GO:0051536
C600_DK885_RS22500	C600_NZ_CP031214.1	4331622	4332257	636	+	thiE	thiamine phosphate synthase	C600	cds-WP_000284615.1	DK885_RS22500	GO:0009228,GO:0004789
C600_DK885_RS22505	C600_NZ_CP031214.1	4332250	4333005	756	+	thiF	thiazole biosynthesis adenylyltransferase ThiF	C600	cds-WP_000999737.1	DK885_RS22505	GO:0009228,GO:0016779
C600_DK885_RS22510	C600_NZ_CP031214.1	4332989	4333189	201	+	thiS	sulfur carrier protein ThiS	C600	cds-WP_001166226.1	DK885_RS22510	GO:0009228,GO:0003824
C600_DK885_RS22515	C600_NZ_CP031214.1	4333191	4333961	771	+	thiG	thiazole synthase	C600	cds-WP_000944104.1	DK885_RS22515	
C600_DK885_RS22520	C600_NZ_CP031214.1	4333958	4335091	1134	+	thiH	2-iminoacetate synthase ThiH	C600	cds-WP_000847447.1	DK885_RS22520	GO:0009228,GO:0005506,GO:0016829,GO:0051539,GO:1904047
C600_DK885_RS22525	C600_NZ_CP031214.1	4335501	4336040	540	-	yjaZ	heat-shock protein C	C600	cds-WP_001307500.1	DK885_RS22525	
C600_DK885_RS22530	C600_NZ_CP031214.1	4336253	4340476	4224	-	rpoC	DNA-directed RNA polymerase subunit beta'	C600	cds-WP_000653944.1	DK885_RS22530	GO:0006351,GO:0003677,GO:0003899
C600_DK885_RS22535	C600_NZ_CP031214.1	4340553	4344581	4029	-	rpoB	DNA-directed RNA polymerase subunit beta	C600	cds-WP_000263098.1	DK885_RS22535	GO:0006351,GO:0003677,GO:0003899
C600_DK885_RS22540	C600_NZ_CP031214.1	4344901	4345266	366	-	rplL	50S ribosomal protein L7/L12	C600	cds-WP_000028878.1	DK885_RS22540	GO:0006412,GO:0003735,GO:0005840
C600_DK885_RS22545	C600_NZ_CP031214.1	4345333	4345830	498	-	rplJ	50S ribosomal protein L10	C600	cds-WP_001207201.1	DK885_RS22545	GO:0006412,GO:0003735,GO:0015934
C600_DK885_RS22555	C600_NZ_CP031214.1	4346243	4346947	705	-	rplA	50S ribosomal protein L1	C600	cds-WP_001096684.1	DK885_RS22555	GO:0006412,GO:0003723,GO:0003735,GO:0015934
C600_DK885_RS22560	C600_NZ_CP031214.1	4346951	4347379	429	-	rplK	50S ribosomal protein L11	C600	cds-WP_001085926.1	DK885_RS22560	GO:0006412,GO:0003735,GO:0005840
C600_DK885_RS22565	C600_NZ_CP031214.1	4347538	4348083	546	-	nusG	transcription termination/antitermination protein NusG	C600	cds-WP_001287516.1	DK885_RS22565	GO:0032784
C600_DK885_RS22570	C600_NZ_CP031214.1	4348085	4348468	384	-	secE	preprotein translocase subunit SecE	C600	cds-WP_001275702.1	DK885_RS22570	
C600_DK885_RS22575	C600_NZ_CP031214.1	4348698	4349882	1185	-	tuf	elongation factor Tu	C600	cds-WP_000031784.1	DK885_RS22575	GO:0006414,GO:0003746,GO:0005525
C600_DK885_RS22610	C600_NZ_CP031214.1	4350800	4351750	951	+	coaA	type I pantothenate kinase	C600	cds-WP_000023081.1	DK885_RS22610	GO:0015937,GO:0004594
C600_DK885_RS22615	C600_NZ_CP031214.1	4351779	4352744	966	-	birA	bifunctional biotin--[acetyl-CoA-carboxylase] ligase/biotin operon repressor BirA	C600	cds-WP_000654630.1	DK885_RS22615	GO:0036211,GO:0004077
C600_DK885_RS22620	C600_NZ_CP031214.1	4352741	4353769	1029	-	murB	UDP-N-acetylmuramate dehydrogenase	C600	cds-WP_001016699.1	DK885_RS22620	GO:0008762,GO:0071949
C600_DK885_RS22645	C600_NZ_CP031214.1	4359541	4360398	858	-	murI	glutamate racemase	C600	cds-WP_000201820.1	DK885_RS22645	GO:0008152,GO:0008881
C600_DK885_RS22650	C600_NZ_CP031214.1	4360343	4362187	1845	-	btuB	TonB-dependent vitamin B12 receptor BtuB	C600	cds-WP_000591359.1	DK885_RS22650	GO:0015889,GO:0015420
C600_DK885_RS22655	C600_NZ_CP031214.1	4362556	4363656	1101	+	trmA	tRNA (uridine(54)-C5)-methyltransferase TrmA	C600	cds-WP_000187022.1	DK885_RS22655	GO:0006396,GO:0030697
C600_DK885_RS22660	C600_NZ_CP031214.1	4363696	4364055	360	-	yijD	YijD family membrane protein	C600	cds-WP_000806411.1	DK885_RS22660	
C600_DK885_RS22665	C600_NZ_CP031214.1	4364055	4364705	651	-	fabR	HTH-type transcriptional repressor FabR	C600	cds-WP_001309117.1	DK885_RS22665	GO:0003677
C600_DK885_RS22675	C600_NZ_CP031214.1	4365036	4366436	1401	+	sthA	Si-specific NAD(P)(+) transhydrogenase	C600	cds-WP_001120810.1	DK885_RS22675	GO:0045454,GO:0003957,GO:0050660
C600_DK885_RS22680	C600_NZ_CP031214.1	4366419	4367336	918	-	oxyR	DNA-binding transcriptional regulator OxyR	C600	cds-WP_001025939.1	DK885_RS22680	GO:0006355,GO:0003700
C600_DK885_RS22685	C600_NZ_CP031214.1	4367603	4368976	1374	-	argH	argininosuccinate lyase	C600	cds-WP_001230087.1	DK885_RS22685	GO:0042450,GO:0004056
C600_DK885_RS22690	C600_NZ_CP031214.1	4369037	4369813	777	-	argB	acetylglutamate kinase	C600	cds-WP_001302318.1	DK885_RS22690	GO:0006592,GO:0003991,GO:0005737
C600_DK885_RS22695	C600_NZ_CP031214.1	4369821	4370825	1005	-	argC	N-acetyl-gamma-glutamyl-phosphate reductase	C600	cds-WP_000935370.1	DK885_RS22695	GO:0006526,GO:0006592,GO:0003942,GO:0070401
C600_DK885_RS22700	C600_NZ_CP031214.1	4370979	4372130	1152	+	argE	acetylornithine deacetylase	C600	cds-WP_001298964.1	DK885_RS22700	GO:0006526,GO:0019213
C600_DK885_RS22710	C600_NZ_CP031214.1	4372728	4375379	2652	+	ppc	phosphoenolpyruvate carboxylase	C600	cds-WP_001005586.1	DK885_RS22710	GO:0006099,GO:0015977,GO:0008964
C600_DK885_RS22715	C600_NZ_CP031214.1	4375561	4377294	1734	+	eptC	phosphoethanolamine transferase CptA	C600	cds-WP_000556306.1	DK885_RS22715	
C600_DK885_RS22720	C600_NZ_CP031214.1	4377509	4378360	852	+	yijO	AraC family transcriptional regulator	C600	cds-WP_000274636.1	DK885_RS22720	GO:0006355,GO:0003700,GO:0043565
C600_DK885_RS22725	C600_NZ_CP031214.1	4378347	4378688	342	-	frwD	PTS fructose-like transporter subunit IIB	C600	cds-WP_000323846.1	DK885_RS22725	
C600_DK885_RS22730	C600_NZ_CP031214.1	4378690	4379568	879	-	pflC	[formate-C-acetyltransferase]-activating enzyme	C600	cds-WP_000204105.1	DK885_RS22730	GO:0016491,GO:0051536
C600_DK885_RS22735	C600_NZ_CP031214.1	4379534	4381831	2298	-	pflD	formate C-acetyltransferase	C600	cds-WP_000184811.1	DK885_RS22735	GO:0003824
C600_DK885_RS22740	C600_NZ_CP031214.1	4381882	4382202	321	-	frwB	PTS fructose-like transporter subunit IIB	C600	cds-WP_000161265.1	DK885_RS22740	GO:0009401,GO:0022877
C600_DK885_RS22745	C600_NZ_CP031214.1	4382217	4383296	1080	-	frwC	PTS fructose transporter subunit EIIC	C600	cds-WP_001004446.1	DK885_RS22745	GO:0009401,GO:0008982,GO:0016020
C600_DK885_RS22750	C600_NZ_CP031214.1	4383605	4386106	2502	+	ptsP	phosphoenolpyruvate--protein phosphotransferase	C600	cds-WP_001174077.1	DK885_RS22750	GO:0009401,GO:0008965
C600_DK885_RS22755	C600_NZ_CP031214.1	4386118	4386780	663	+	fsa	fructose-6-phosphate aldolase	C600	cds-WP_000424840.1	DK885_RS22755	GO:0005975,GO:0016832
C600_DK885_RS22760	C600_NZ_CP031214.1	4386791	4387894	1104	+	gldA	bifunctional L-1,2-propanediol dehydrogenase/glycerol dehydrogenase	C600	cds-WP_000374004.1	DK885_RS22760	GO:0019588,GO:0051596,GO:0008888,GO:0019147
C600_DK885_RS22765	C600_NZ_CP031214.1	4388169	4388786	618	+	yijF	DUF1287 domain-containing protein	C600	cds-WP_000647891.1	DK885_RS22765	
C600_DK885_RS22770	C600_NZ_CP031214.1	4388813	4389718	906	-	yijE	cystine transporter YijE	C600	cds-WP_001271242.1	DK885_RS22770	
C600_DK885_RS22775	C600_NZ_CP031214.1	4389811	4391991	2181	-	katG	catalase/peroxidase HPI	C600	cds-WP_001295695.1	DK885_RS22775	GO:0006979,GO:0004096,GO:0004601,GO:0020037
C600_DK885_RS22780	C600_NZ_CP031214.1	4392320	4393210	891	-	metF	methylenetetrahydrofolate reductase	C600	cds-WP_000007523.1	DK885_RS22780	GO:0009086,GO:0004489
C600_DK885_RS24550	C600_NZ_CP031214.1	4393286	4393420	135	+	WP_000660586.1	hypothetical protein	C600	cds-WP_000660586.1	DK885_RS24550	
C600_DK885_RS22785	C600_NZ_CP031214.1	4393559	4395991	2433	-	metL	bifunctional aspartate kinase/homoserine dehydrogenase II	C600	cds-WP_000110772.1	DK885_RS22785	
C600_DK885_RS22790	C600_NZ_CP031214.1	4395994	4397154	1161	-	metB	cystathionine gamma-synthase	C600	cds-WP_001295694.1	DK885_RS22790	GO:0019346,GO:0003824,GO:0030170
C600_DK885_RS22795	C600_NZ_CP031214.1	4397431	4397748	318	+	metJ	met regulon transcriptional regulator MetJ	C600	cds-WP_000852812.1	DK885_RS22795	
C600_DK885_RS22800	C600_NZ_CP031214.1	4397932	4398540	609	+	yiiX	YiiX family permuted papain-like enzyme	C600	cds-WP_000797353.1	DK885_RS22800	
C600_DK885_RS22805	C600_NZ_CP031214.1	4398601	4398813	213	-	rpmE	50S ribosomal protein L31	C600	cds-WP_000710769.1	DK885_RS22805	GO:0006412,GO:0003735,GO:0005840
C600_DK885_RS22810	C600_NZ_CP031214.1	4399016	4401214	2199	+	priA	primosomal protein N'	C600	cds-WP_001301269.1	DK885_RS22810	
C600_DK885_RS22815	C600_NZ_CP031214.1	4401370	4402395	1026	+	cytR	DNA-binding transcriptional regulator CytR	C600	cds-WP_000644904.1	DK885_RS22815	GO:0006355,GO:0003677
C600_DK885_RS22820	C600_NZ_CP031214.1	4402487	4403446	960	+	ftsN	cell division protein FtsN	C600	cds-WP_000068828.1	DK885_RS22820	GO:0042834
C600_DK885_RS22825	C600_NZ_CP031214.1	4403539	4404069	531	+	hslV	ATP-dependent protease subunit HslV	C600	cds-WP_000208242.1	DK885_RS22825	GO:0051603,GO:0004298,GO:0009376
C600_DK885_RS22830	C600_NZ_CP031214.1	4404079	4405410	1332	+	hslU	HslU--HslV peptidase ATPase subunit	C600	cds-WP_001293341.1	DK885_RS22830	GO:0006508,GO:0004176,GO:0005524,GO:0009376
C600_DK885_RS22835	C600_NZ_CP031214.1	4405477	4406403	927	+	menA	1,4-dihydroxy-2-naphthoate polyprenyltransferase	C600	cds-WP_000139496.1	DK885_RS22835	
C600_DK885_RS22840	C600_NZ_CP031214.1	4406496	4406981	486	+	rraA	ribonuclease E activity regulator RraA	C600	cds-WP_000872908.1	DK885_RS22840	GO:0051252,GO:0008428
C600_DK885_RS22845	C600_NZ_CP031214.1	4407066	4407311	246	-	zapB	septal ring assembly protein ZapB	C600	cds-WP_001296623.1	DK885_RS22845	
C600_DK885_RS22850	C600_NZ_CP031214.1	4407736	4408581	846	+	glpF	glycerol uptake facilitator protein GlpF	C600	cds-WP_000084268.1	DK885_RS22850	
C600_DK885_RS22855	C600_NZ_CP031214.1	4408604	4410112	1509	+	glpK	glycerol kinase GlpK	C600	cds-WP_000136788.1	DK885_RS22855	GO:0006072,GO:0004370
C600_DK885_RS22860	C600_NZ_CP031214.1	4410247	4411257	1011	+	glpX	class II fructose-bisphosphatase	C600	cds-WP_001250644.1	DK885_RS22860	GO:0006071,GO:0006094,GO:0042132
C600_DK885_RS22865	C600_NZ_CP031214.1	4411354	4412100	747	+	fpr	ferredoxin--NADP(+) reductase	C600	cds-WP_000796332.1	DK885_RS22865	GO:0004324
C600_DK885_RS22870	C600_NZ_CP031214.1	4412105	4412533	429	-	uspD	universal stress protein UspD	C600	cds-WP_000323556.1	DK885_RS22870	
C600_DK885_RS22875	C600_NZ_CP031214.1	4412560	4412859	300	-	yiiS	DUF406 domain-containing protein	C600	cds-WP_000655989.1	DK885_RS22875	
C600_DK885_RS22880	C600_NZ_CP031214.1	4413071	4413511	441	-	yiiR	DUF805 domain-containing protein	C600	cds-WP_000155257.1	DK885_RS22880	GO:0016020
C600_DK885_RS22885	C600_NZ_CP031214.1	4413612	4414211	600	+	yiiQ	YiiQ family protein	C600	cds-WP_000802216.1	DK885_RS22885	
C600_DK885_RS22890	C600_NZ_CP031214.1	4414319	4415086	768	+	tpiA	triose-phosphate isomerase	C600	cds-WP_001216325.1	DK885_RS22890	GO:0006096,GO:0004807
C600_DK885_RS22895	C600_NZ_CP031214.1	4415141	4415896	756	-	cdh	CDP-diacylglycerol diphosphatase	C600	cds-WP_001326656.1	DK885_RS22895	GO:0008654,GO:0008715,GO:0016020
C600_DK885_RS22900	C600_NZ_CP031214.1	4416003	4416992	990	-	sbp	sulfate/thiosulfate ABC transporter substrate-binding protein Sbp	C600	cds-WP_001045689.1	DK885_RS22900	
C600_DK885_RS22905	C600_NZ_CP031214.1	4417312	4418274	963	-	pfkA	6-phosphofructokinase	C600	cds-WP_000591795.1	DK885_RS22905	GO:0006002,GO:0006096,GO:0005524
C600_DK885_RS22910	C600_NZ_CP031214.1	4418455	4419357	903	-	fieF	CDF family cation-efflux transporter FieF	C600	cds-WP_001076742.1	DK885_RS22910	GO:0006812,GO:0055085,GO:0008324,GO:0016020
C600_DK885_RS22915	C600_NZ_CP031214.1	4419506	4420006	501	-	cpxP	cell-envelope stress modulator CpxP	C600	cds-WP_001223800.1	DK885_RS22915	
C600_DK885_RS22920	C600_NZ_CP031214.1	4420156	4420854	699	+	cpxR	envelope stress response regulator transcription factor CpxR	C600	cds-WP_001033722.1	DK885_RS22920	
C600_DK885_RS22925	C600_NZ_CP031214.1	4420851	4422224	1374	+	cpxA	envelope stress sensor histidine kinase CpxA	C600	cds-WP_000580417.1	DK885_RS22925	GO:0007165,GO:0000155
C600_DK885_RS22930	C600_NZ_CP031214.1	4422330	4423004	675	-	yiiM	6-hydroxyaminopurine reductase	C600	cds-WP_001270260.1	DK885_RS22930	GO:0003824,GO:0030151,GO:0030170
C600_DK885_RS22935	C600_NZ_CP031214.1	4423153	4424136	984	-	kdgT	2-keto-3-deoxygluconate transporter	C600	cds-WP_001166063.1	DK885_RS22935	GO:0046411,GO:0015649,GO:0016020
C600_DK885_RS22945	C600_NZ_CP031214.1	4424396	4425016	621	-	sodA	superoxide dismutase [Mn]	C600	cds-WP_000122641.1	DK885_RS22945	GO:0006801,GO:0004784
C600_DK885_RS22950	C600_NZ_CP031214.1	4425301	4426335	1035	+	rhaT	L-rhamnose/proton symporter RhaT	C600	cds-WP_000063526.1	DK885_RS22950	GO:0008645,GO:0015153
C600_DK885_RS22955	C600_NZ_CP031214.1	4426332	4427180	849	-	rhaR	HTH-type transcriptional activator RhaR	C600	cds-WP_001336056.1	DK885_RS22955	GO:0006355,GO:0003700
C600_DK885_RS22960	C600_NZ_CP031214.1	4427254	4428090	837	-	rhaS	HTH-type transcriptional activator RhaS	C600	cds-WP_000217137.1	DK885_RS22960	GO:0006355,GO:0003700
C600_DK885_RS22965	C600_NZ_CP031214.1	4428378	4429847	1470	+	rhaB	rhamnulokinase	C600	cds-WP_000144073.1	DK885_RS22965	GO:0005975,GO:0019301,GO:0008993
C600_DK885_RS22970	C600_NZ_CP031214.1	4429844	4431103	1260	+	rhaA	L-rhamnose isomerase	C600	cds-WP_001311268.1	DK885_RS22970	GO:0019299,GO:0008740,GO:0030145
C600_DK885_RS22975	C600_NZ_CP031214.1	4431554	4432378	825	+	rhaD	rhamnulose-1-phosphate aldolase	C600	cds-WP_001179745.1	DK885_RS22975	
C600_DK885_RS22980	C600_NZ_CP031214.1	4432388	4432702	315	+	rhaM	L-rhamnose mutarotase	C600	cds-WP_000619493.1	DK885_RS22980	GO:0019299,GO:0016857,GO:0062192,GO:0005737
C600_DK885_RS22985	C600_NZ_CP031214.1	4433003	4433449	447	+	frvA	PTS fructose transporter subunit IIA	C600	cds-WP_000729595.1	DK885_RS22985	
C600_DK885_RS22990	C600_NZ_CP031214.1	4433460	4434911	1452	+	frvB	PTS fructose-like transporter subunit IIBC	C600	cds-WP_000446023.1	DK885_RS22990	
C600_DK885_RS22995	C600_NZ_CP031214.1	4434901	4435971	1071	+	frvX	aminopeptidase	C600	cds-WP_001019484.1	DK885_RS22995	
C600_DK885_RS23000	C600_NZ_CP031214.1	4435971	4437719	1749	+	frvR	putative frv operon regulatory protein	C600	cds-WP_000931299.1	DK885_RS23000	GO:0055085,GO:0022857
C600_DK885_RS23005	C600_NZ_CP031214.1	4437769	4438824	1056	-	yiiG	YiiG family protein	C600	cds-WP_001295677.1	DK885_RS23005	
C600_DK885_RS23010	C600_NZ_CP031214.1	4438977	4439810	834	-	fdhD	formate dehydrogenase accessory sulfurtransferase FdhD	C600	cds-WP_000753617.1	DK885_RS23010	GO:0009061,GO:0015942,GO:0016783,GO:0009326
C600_DK885_RS23025	C600_NZ_CP031214.1	4440004	4443054	3051	+	fdnG	formate dehydrogenase-N subunit alpha	C600	cds-WP_010723259.1	DK885_RS23025	GO:0015942,GO:0008863,GO:0009055,GO:0043546,GO:0047111,GO:0009326
C600_DK885_RS23030	C600_NZ_CP031214.1	4443067	4443969	903	+	fdoH	formate dehydrogenase O subunit beta	C600	cds-WP_000331377.1	DK885_RS23030	
C600_DK885_RS23035	C600_NZ_CP031214.1	4443966	4444601	636	+	fdoI	formate dehydrogenase cytochrome b556 subunit	C600	cds-WP_000829013.1	DK885_RS23035	
C600_DK885_RS23040	C600_NZ_CP031214.1	4444598	4445527	930	+	fdhE	formate dehydrogenase accessory protein FdhE	C600	cds-WP_000027703.1	DK885_RS23040	
C600_DK885_RS23045	C600_NZ_CP031214.1	4445857	4446099	243	-	yiiF	protein YiiF	C600	cds-WP_001086388.1	DK885_RS23045	
C600_DK885_RS23050	C600_NZ_CP031214.1	4446317	4446535	219	-	yiiE	CopG family transcriptional regulator	C600	cds-WP_001295676.1	DK885_RS23050	GO:0006276,GO:0006355,GO:0032993
C600_DK885_RS24685	C600_NZ_CP031214.1	4446912	4447028	117	-	hypothetical protein	hypothetical protein	C600	cds-DK885_RS24685	DK885_RS24685	
C600_DK885_RS23055	C600_NZ_CP031214.1	4447388	4448329	942	-	fabY	fatty acid biosynthesis protein FabY	C600	cds-WP_001297068.1	DK885_RS23055	
C600_DK885_RS23060	C600_NZ_CP031214.1	4448374	4448811	438	-	dtd	D-aminoacyl-tRNA deacylase	C600	cds-WP_000560983.1	DK885_RS23060	GO:0008152,GO:0004045
C600_DK885_RS23065	C600_NZ_CP031214.1	4448808	4449680	873	-	yihY	virulence factor BrkB family protein	C600	cds-WP_000920762.1	DK885_RS23065	
C600_DK885_RS23070	C600_NZ_CP031214.1	4449674	4450273	600	-	yihX	glucose-1-phosphatase	C600	cds-WP_001295269.1	DK885_RS23070	
C600_DK885_RS23075	C600_NZ_CP031214.1	4450372	4451157	786	-	csqR	DeoR/GlpR family DNA-binding transcription regulator	C600	cds-WP_000059678.1	DK885_RS23075	GO:0003677,GO:0003700
C600_DK885_RS23080	C600_NZ_CP031214.1	4451191	4452087	897	-	yihV	sulfofructose kinase	C600	cds-WP_000621656.1	DK885_RS23080	
C600_DK885_RS23085	C600_NZ_CP031214.1	4452255	4453151	897	+	yihU	sulfolactaldehyde 3-reductase	C600	cds-WP_000718893.1	DK885_RS23085	GO:0016491
C600_DK885_RS23090	C600_NZ_CP031214.1	4453175	4454053	879	+	yihT	sulfofructosephosphate aldolase	C600	cds-WP_001046453.1	DK885_RS23090	
C600_DK885_RS23095	C600_NZ_CP031214.1	4454070	4455311	1242	+	yihS	sulfoquinovose isomerase	C600	cds-WP_000870916.1	DK885_RS23095	
C600_DK885_RS23100	C600_NZ_CP031214.1	4455449	4456351	903	+	yihR	aldose-1-epimerase	C600	cds-WP_001295268.1	DK885_RS23100	
C600_DK885_RS23105	C600_NZ_CP031214.1	4456550	4458586	2037	+	yihQ	sulfoquinovosidase	C600	cds-WP_000380843.1	DK885_RS23105	
C600_DK885_RS23110	C600_NZ_CP031214.1	4458632	4460017	1386	+	yihP	MFS transporter	C600	cds-WP_000018380.1	DK885_RS23110	GO:0055085,GO:0022857
C600_DK885_RS23115	C600_NZ_CP031214.1	4460060	4461463	1404	+	yihO	MFS transporter	C600	cds-WP_001295267.1	DK885_RS23115	GO:0055085,GO:0022857
C600_DK885_RS23120	C600_NZ_CP031214.1	4461531	4462223	693	+	ompL	porin OmpL	C600	cds-WP_000723465.1	DK885_RS23120	
C600_DK885_RS23125	C600_NZ_CP031214.1	4462314	4463579	1266	-	yihN	MFS transporter	C600	cds-WP_000956313.1	DK885_RS23125	GO:0055085,GO:0022857,GO:0016020
C600_DK885_RS23130	C600_NZ_CP031214.1	4463681	4464661	981	-	yihM	sugar phosphate isomerase/epimerase family protein	C600	cds-WP_000256396.1	DK885_RS23130	GO:0003824,GO:0016853
C600_DK885_RS23135	C600_NZ_CP031214.1	4464669	4465379	711	-	yihL	GntR family transcriptional regulator	C600	cds-WP_000829798.1	DK885_RS23135	GO:0003677,GO:0003700
C600_DK885_RS23140	C600_NZ_CP031214.1	4465596	4467419	1824	-	typA	ribosome-dependent GTPase TypA	C600	cds-WP_000570668.1	DK885_RS23140	
C600_DK885_RS23150	C600_NZ_CP031214.1	4467792	4469201	1410	+	glnA	glutamate--ammonia ligase	C600	cds-WP_001271717.1	DK885_RS23150	GO:0006542,GO:0008152,GO:0004356
C600_DK885_RS23155	C600_NZ_CP031214.1	4469487	4470536	1050	+	glnL	nitrogen regulation protein NR(II)	C600	cds-WP_000190577.1	DK885_RS23155	GO:0006355,GO:0007165,GO:0016310,GO:0000155
C600_DK885_RS23160	C600_NZ_CP031214.1	4470548	4471957	1410	+	glnG	nitrogen regulation protein NR(I)	C600	cds-WP_001188777.1	DK885_RS23160	GO:0006355,GO:0043565
C600_DK885_RS23165	C600_NZ_CP031214.1	4472069	4472179	111	+	yshB	YshB family small membrane protein	C600	cds-WP_000893994.1	DK885_RS23165	
C600_DK885_RS23170	C600_NZ_CP031214.1	4472408	4473781	1374	-	hemN	oxygen-independent coproporphyrinogen III oxidase	C600	cds-WP_000116090.1	DK885_RS23170	GO:0006779,GO:0004109,GO:0005737
C600_DK885_RS23175	C600_NZ_CP031214.1	4473970	4474479	510	-	yihI	Der GTPase-activating protein YihI	C600	cds-WP_001295266.1	DK885_RS23175	
C600_DK885_RS24415	C600_NZ_CP031214.1	4474598	4474764	167	-	hypothetical protein	hypothetical protein	C600	cds-DK885_RS24415	DK885_RS24415	
C600_DK885_RS23180	C600_NZ_CP031214.1	4475061	4475693	633	+	yihA	ribosome biogenesis GTP-binding protein YihA/YsxC	C600	cds-WP_000183349.1	DK885_RS23180	GO:0042254,GO:0003924,GO:0005525,GO:0043022,GO:0005737
C600_DK885_RS23185	C600_NZ_CP031214.1	4476074	4478860	2787	-	polA	DNA polymerase I	C600	cds-WP_000250006.1	DK885_RS23185	GO:0006261,GO:0003676,GO:0003677,GO:0003887,GO:0008408
C600_DK885_RS23195	C600_NZ_CP031214.1	4479224	4480156	933	+	yihG	acyltransferase	C600	cds-WP_001311257.1	DK885_RS23195	GO:0016746
C600_DK885_RS23200	C600_NZ_CP031214.1	4480197	4481627	1431	-	yihF	YdgA family protein	C600	cds-WP_001333507.1	DK885_RS23200	
C600_DK885_RS23205	C600_NZ_CP031214.1	4481782	4482408	627	-	dsbA	thiol:disulfide interchange protein DsbA	C600	cds-WP_000725337.1	DK885_RS23205	GO:0016491
C600_DK885_RS23210	C600_NZ_CP031214.1	4482425	4483411	987	-	srkA	stress response kinase SrkA	C600	cds-WP_001065497.1	DK885_RS23210	
C600_DK885_RS23215	C600_NZ_CP031214.1	4483488	4483757	270	-	yihD	YihD family protein	C600	cds-WP_001295263.1	DK885_RS23215	
C600_DK885_RS23220	C600_NZ_CP031214.1	4483827	4484411	585	+	mobA	molybdenum cofactor guanylyltransferase MobA	C600	cds-WP_001052181.1	DK885_RS23220	GO:0006777,GO:0003824
C600_DK885_RS23225	C600_NZ_CP031214.1	4484393	4484920	528	+	mobB	molybdopterin-guanine dinucleotide biosynthesis protein MobB	C600	cds-WP_000907622.1	DK885_RS23225	GO:0006777,GO:0005525
C600_DK885_RS23255	C600_NZ_CP031214.1	4490673	4491218	546	-	hemG	menaquinone-dependent protoporphyrinogen IX dehydrogenase	C600	cds-WP_000853959.1	DK885_RS23255	
C600_DK885_RS23260	C600_NZ_CP031214.1	4491230	4492681	1452	-	trkH	Trk system potassium transporter TrkH	C600	cds-WP_000545677.1	DK885_RS23260	
C600_DK885_RS23265	C600_NZ_CP031214.1	4492720	4493334	615	-	yigZ	IMPACT family protein	C600	cds-WP_001308167.1	DK885_RS23265	
C600_DK885_RS23270	C600_NZ_CP031214.1	4493334	4494665	1332	-	pepQ	Xaa-Pro dipeptidase	C600	cds-WP_000444561.1	DK885_RS23270	
C600_DK885_RS23275	C600_NZ_CP031214.1	4494855	4497044	2190	+	fadB	fatty acid oxidation complex subunit alpha FadB	C600	cds-WP_000965936.1	DK885_RS23275	GO:0009062,GO:0003857,GO:0004165,GO:0004300,GO:0008692,GO:0036125
C600_DK885_RS23280	C600_NZ_CP031214.1	4497054	4498217	1164	+	fadA	acetyl-CoA C-acyltransferase FadA	C600	cds-WP_000438725.1	DK885_RS23280	GO:0006631,GO:0016042,GO:0003988,GO:0005737
C600_DK885_RS23285	C600_NZ_CP031214.1	4498598	4499299	702	-	fre	NAD(P)H-flavin reductase	C600	cds-WP_000209826.1	DK885_RS23285	GO:0016491
C600_DK885_RS23290	C600_NZ_CP031214.1	4499345	4500838	1494	-	ubiD	4-hydroxy-3-polyprenylbenzoate decarboxylase	C600	cds-WP_000339804.1	DK885_RS23290	GO:0016831
C600_DK885_RS23295	C600_NZ_CP031214.1	4501005	4501493	489	+	rfaH	transcription/translation regulatory transformer protein RfaH	C600	cds-WP_001192396.1	DK885_RS23295	GO:0006355
C600_DK885_RS23300	C600_NZ_CP031214.1	4501490	4502272	783	-	tatD	3'-5' ssDNA/RNA exonuclease TatD	C600	cds-WP_000459630.1	DK885_RS23300	GO:0008408
C600_DK885_RS23305	C600_NZ_CP031214.1	4502314	4503090	777	-	tatC	Sec-independent protein translocase subunit TatC	C600	cds-WP_000109943.1	DK885_RS23305	
C600_DK885_RS23310	C600_NZ_CP031214.1	4503093	4503608	516	-	tatB	Sec-independent protein translocase protein TatB	C600	cds-WP_000459594.1	DK885_RS23310	GO:0015628,GO:0008320,GO:0016020
C600_DK885_RS23315	C600_NZ_CP031214.1	4503612	4503881	270	-	tatA	Sec-independent protein translocase subunit TatA	C600	cds-WP_001295260.1	DK885_RS23315	
C600_DK885_RS23320	C600_NZ_CP031214.1	4503960	4505600	1641	-	ubiB	ubiquinone biosynthesis regulatory protein kinase UbiB	C600	cds-WP_000187530.1	DK885_RS23320	GO:0006744
C600_DK885_RS23325	C600_NZ_CP031214.1	4505597	4506202	606	-	ubiJ	ubiquinone biosynthesis protein UbiJ	C600	cds-WP_001295259.1	DK885_RS23325	GO:0006744
C600_DK885_RS23330	C600_NZ_CP031214.1	4506216	4506971	756	-	ubiE	bifunctional demethylmenaquinone methyltransferase/2-methoxy-6-polyprenyl-1,4-benzoquinol methylase UbiE	C600	cds-WP_000227958.1	DK885_RS23330	GO:0008168
C600_DK885_RS23335	C600_NZ_CP031214.1	4507066	4508493	1428	-	rmuC	DNA recombination protein RmuC	C600	cds-WP_000347714.1	DK885_RS23335	
C600_DK885_RS23340	C600_NZ_CP031214.1	4508634	4509395	762	-	udp	uridine phosphorylase	C600	cds-WP_000045177.1	DK885_RS23340	GO:0009116,GO:0016763
C600_DK885_RS23345	C600_NZ_CP031214.1	4509657	4510472	816	+	ysgA	dienelactone hydrolase family protein	C600	cds-WP_001336442.1	DK885_RS23345	GO:0016787,GO:0005829
C600_DK885_RS23350	C600_NZ_CP031214.1	4510512	4512773	2262	-	metE	5-methyltetrahydropteroyltriglutamate--homocysteine S-methyltransferase	C600	cds-WP_000153907.1	DK885_RS23350	GO:0008652,GO:0009086,GO:0003871,GO:0008270
C600_DK885_RS23355	C600_NZ_CP031214.1	4513010	4513963	954	+	metR	HTH-type transcriptional regulator MetR	C600	cds-WP_000573621.1	DK885_RS23355	GO:0006355,GO:0003700
C600_DK885_RS23360	C600_NZ_CP031214.1	4513851	4514750	900	-	bioP	biotin transporter	C600	cds-WP_001196238.1	DK885_RS23360	
C600_DK885_RS23365	C600_NZ_CP031214.1	4514826	4515626	801	-	yigL	sugar/pyridoxal phosphate phosphatase YigL	C600	cds-WP_000285362.1	DK885_RS23365	
C600_DK885_RS23370	C600_NZ_CP031214.1	4515634	4516656	1023	-	pldB	lysophospholipase L2	C600	cds-WP_000487654.1	DK885_RS23370	
C600_DK885_RS23375	C600_NZ_CP031214.1	4516767	4517387	621	+	rhtB	homoserine/homoserine lactone efflux protein	C600	cds-WP_000171710.1	DK885_RS23375	GO:0006865,GO:0016020
C600_DK885_RS23380	C600_NZ_CP031214.1	4517449	4518069	621	-	rhtC	threonine export protein RhtC	C600	cds-WP_000928824.1	DK885_RS23380	GO:0006865
C600_DK885_RS23385	C600_NZ_CP031214.1	4518133	4519962	1830	-	recQ	ATP-dependent DNA helicase RecQ	C600	cds-WP_000035581.1	DK885_RS23385	GO:0006310,GO:0003678
C600_DK885_RS23390	C600_NZ_CP031214.1	4520095	4520964	870	-	pldA	phospholipase A	C600	cds-WP_001259700.1	DK885_RS23390	GO:0006629,GO:0004620
C600_DK885_RS23395	C600_NZ_CP031214.1	4521129	4521596	468	+	yigI	acyl-CoA thioesterase YigI	C600	cds-WP_001277142.1	DK885_RS23395	
C600_DK885_RS23400	C600_NZ_CP031214.1	4521648	4522538	891	+	rarD	EamA family transporter RarD	C600	cds-WP_000339104.1	DK885_RS23400	GO:0016020
C600_DK885_RS23405	C600_NZ_CP031214.1	4522633	4523013	381	+	yigG	protein YigG	C600	cds-WP_000944218.1	DK885_RS23405	
C600_DK885_RS23410	C600_NZ_CP031214.1	4523027	4523407	381	+	yigF	DUF2628 domain-containing protein	C600	cds-WP_000032581.1	DK885_RS23410	
C600_DK885_RS23415	C600_NZ_CP031214.1	4523450	4524400	951	-	corA	magnesium/cobalt transporter CorA	C600	cds-WP_000947159.1	DK885_RS23415	GO:0006824,GO:0015693,GO:0015087,GO:0015095,GO:0016020
C600_DK885_RS24310	C600_NZ_CP031214.1	4524552	4524608	57	-	ysgD	protein YsgD	C600	cds-WP_211180520.1	DK885_RS24310	
C600_DK885_RS23420	C600_NZ_CP031214.1	4524770	4525534	765	+	yigE	phosphodiester glycosidase family protein	C600	cds-WP_000951133.1	DK885_RS23420	GO:0005975,GO:0004553
C600_DK885_RS23425	C600_NZ_CP031214.1	4525681	4527843	2163	-	uvrD	DNA helicase II	C600	cds-WP_000383406.1	DK885_RS23425	GO:0006260,GO:0003677,GO:0003678,GO:0005524,GO:0016787
C600_DK885_RS23430	C600_NZ_CP031214.1	4527927	4528643	717	-	yigB	5-amino-6-(5-phospho-D-ribitylamino)uracil phosphatase YigB	C600	cds-WP_001213584.1	DK885_RS23430	
C600_DK885_RS23435	C600_NZ_CP031214.1	4528643	4529539	897	-	xerC	tyrosine recombinase XerC	C600	cds-WP_000130691.1	DK885_RS23435	GO:0006310,GO:0007059,GO:0015074,GO:0051301,GO:0003677
C600_DK885_RS23440	C600_NZ_CP031214.1	4529536	4530243	708	-	yigA	DUF484 domain-containing protein	C600	cds-WP_000812796.1	DK885_RS23440	
C600_DK885_RS23445	C600_NZ_CP031214.1	4530240	4531064	825	-	dapF	diaminopimelate epimerase	C600	cds-WP_001160654.1	DK885_RS23445	GO:0009089,GO:0008837
C600_DK885_RS23450	C600_NZ_CP031214.1	4531101	4531304	204	-	lptM	LPS translocon maturation chaperone LptM	C600	cds-WP_000799889.1	DK885_RS23450	
C600_DK885_RS24420	C600_NZ_CP031214.1	4531463	4531641	179	+	DKNYY family protein	DKNYY family protein	C600	cds-DK885_RS24420	DK885_RS24420	
C600_DK885_RS23455	C600_NZ_CP031214.1	4531767	4532087	321	+	cyaY	iron donor protein CyaY	C600	cds-WP_000999947.1	DK885_RS23455	GO:0016226,GO:0005506
C600_DK885_RS23460	C600_NZ_CP031214.1	4532127	4534673	2547	-	cyaA	class I adenylate cyclase	C600	cds-WP_000281668.1	DK885_RS23460	GO:0006171,GO:0004016
C600_DK885_RS23470	C600_NZ_CP031214.1	4535060	4536001	942	+	hemC	hydroxymethylbilane synthase	C600	cds-WP_001338644.1	DK885_RS23470	GO:0033014,GO:0004418
C600_DK885_RS23475	C600_NZ_CP031214.1	4535998	4536738	741	+	hemD	uroporphyrinogen-III synthase	C600	cds-WP_000026046.1	DK885_RS23475	GO:0006780,GO:0004852
C600_DK885_RS23480	C600_NZ_CP031214.1	4536760	4537941	1182	+	hemX	uroporphyrinogen-III C-methyltransferase	C600	cds-WP_000138997.1	DK885_RS23480	
C600_DK885_RS23485	C600_NZ_CP031214.1	4537944	4539140	1197	+	hemY	protoheme IX biogenesis protein HemY	C600	cds-WP_000921791.1	DK885_RS23485	GO:0042168,GO:0005515,GO:0016020
C600_DK885_RS23490	C600_NZ_CP031214.1	4539819	4541474	1656	+	aslA	arylsulfatase AslA	C600	cds-WP_000395863.1	DK885_RS23490	
C600_DK885_RS23495	C600_NZ_CP031214.1	4541633	4542868	1236	-	aslB	anaerobic sulfatase maturase	C600	cds-WP_000941517.1	DK885_RS23495	GO:0018209,GO:0046500,GO:0016491,GO:0051539
C600_DK885_RS23520	C600_NZ_CP031214.1	4543554	4544939	1386	-	thrP	bifunctional threonine/serine APC transporter ThrP	C600	cds-WP_000774731.1	DK885_RS23520	GO:0015194,GO:0015195
C600_DK885_RS23525	C600_NZ_CP031214.1	4545130	4545870	741	-	wecG	lipopolysaccharide N-acetylmannosaminouronosyltransferase	C600	cds-WP_001064040.1	DK885_RS23525	GO:0047241
C600_DK885_RS23530	C600_NZ_CP031214.1	4545873	4547225	1353	-	wzyE	ECA oligosaccharide polymerase	C600	cds-WP_000055129.1	DK885_RS23530	GO:0009246,GO:0016020
C600_DK885_RS23535	C600_NZ_CP031214.1	4547222	4548301	1080	-	rffT	TDP-N-acetylfucosamine:lipid II N-acetylfucosaminyltransferase	C600	cds-WP_000217234.1	DK885_RS23535	
C600_DK885_RS23540	C600_NZ_CP031214.1	4548298	4549548	1251	-	wzxE	lipid III flippase WzxE	C600	cds-WP_000050265.1	DK885_RS23540	GO:0009246,GO:0016020
C600_DK885_RS23545	C600_NZ_CP031214.1	4549550	4550680	1131	-	rffA	dTDP-4-amino-4,6-dideoxygalactose transaminase	C600	cds-WP_000612043.1	DK885_RS23545	GO:0009246,GO:0019180
C600_DK885_RS23550	C600_NZ_CP031214.1	4550685	4551359	675	-	rffC	dTDP-4-amino-4,6-dideoxy-D-galactose acyltransferase	C600	cds-WP_001145183.1	DK885_RS23550	GO:0008080
C600_DK885_RS23555	C600_NZ_CP031214.1	4551337	4552218	882	-	rfbA	glucose-1-phosphate thymidylyltransferase RfbA	C600	cds-WP_000676056.1	DK885_RS23555	GO:0000271,GO:0019305,GO:0008879
C600_DK885_RS23560	C600_NZ_CP031214.1	4552237	4553304	1068	-	rffG	dTDP-glucose 4,6-dehydratase	C600	cds-WP_001226601.1	DK885_RS23560	GO:0009225,GO:0008460
C600_DK885_RS23565	C600_NZ_CP031214.1	4553304	4554566	1263	-	wecC	UDP-N-acetyl-D-mannosamine dehydrogenase	C600	cds-WP_000006621.1	DK885_RS23565	GO:0009246,GO:0051287,GO:0089714
C600_DK885_RS23570	C600_NZ_CP031214.1	4554563	4555693	1131	-	wecB	non-hydrolyzing UDP-N-acetylglucosamine 2-epimerase	C600	cds-WP_001340422.1	DK885_RS23570	GO:0008761
C600_DK885_RS23575	C600_NZ_CP031214.1	4555749	4556795	1047	-	wzzE	ECA polysaccharide chain length modulation protein	C600	cds-WP_001295256.1	DK885_RS23575	GO:0009103,GO:0009246,GO:0016020
C600_DK885_RS23580	C600_NZ_CP031214.1	4556807	4557910	1104	-	wecA	UDP-N-acetylglucosamine--undecaprenyl-phosphate N-acetylglucosaminephosphotransferase	C600	cds-WP_001050960.1	DK885_RS23580	GO:0009103,GO:0009246,GO:0000287,GO:0016780,GO:0030145,GO:0036380,GO:0009276,GO:0016020
C600_DK885_RS23590	C600_NZ_CP031214.1	4558150	4559409	1260	-	rho	transcription termination factor Rho	C600	cds-WP_001054527.1	DK885_RS23590	GO:0006353,GO:0003723,GO:0005524,GO:0008186
C600_DK885_RS23595	C600_NZ_CP031214.1	4559494	4559595	102	-	rhoL	rho operon leader peptide RhoL	C600	cds-WP_001295255.1	DK885_RS23595	
C600_DK885_RS23600	C600_NZ_CP031214.1	4559736	4560065	330	-	trxA	thioredoxin TrxA	C600	cds-WP_001280776.1	DK885_RS23600	GO:0006662,GO:0015035
C600_DK885_RS23605	C600_NZ_CP031214.1	4560196	4561461	1266	+	rhlB	ATP-dependent RNA helicase RhlB	C600	cds-WP_000047499.1	DK885_RS23605	GO:0003676,GO:0003724,GO:0005524
C600_DK885_RS23615	C600_NZ_CP031214.1	4561597	4563081	1485	+	gppA	guanosine-5'-triphosphate,3'-diphosphate diphosphatase	C600	cds-WP_001295254.1	DK885_RS23615	GO:0015974,GO:0008894
C600_DK885_RS23620	C600_NZ_CP031214.1	4563128	4565149	2022	-	rep	DNA helicase Rep	C600	cds-WP_001238899.1	DK885_RS23620	GO:0006260,GO:0003678
C600_DK885_RS23625	C600_NZ_CP031214.1	4565366	4565814	449	+	type II toxin-antitoxin system PemK/MazF family toxin	type II toxin-antitoxin system PemK/MazF family toxin	C600	cds-DK885_RS23625	DK885_RS23625	GO:0003677
C600_DK885_RS23630	C600_NZ_CP031214.1	4566013	4566294	282	+	ppiC	peptidylprolyl isomerase PpiC	C600	cds-WP_001140251.1	DK885_RS23630	
C600_DK885_RS23635	C600_NZ_CP031214.1	4566381	4567856	1476	-	ilvC	ketol-acid reductoisomerase	C600	cds-WP_000024939.1	DK885_RS23635	GO:0009082,GO:0004455
C600_DK885_RS23640	C600_NZ_CP031214.1	4568006	4568899	894	+	ilvY	HTH-type transcriptional activator IlvY	C600	cds-WP_000365791.1	DK885_RS23640	GO:0006355,GO:0003700
C600_DK885_RS23645	C600_NZ_CP031214.1	4568951	4570495	1545	-	ilvA	threonine ammonia-lyase, biosynthetic	C600	cds-WP_000785596.1	DK885_RS23645	GO:0009097,GO:0004794
C600_DK885_RS23650	C600_NZ_CP031214.1	4570498	4572348	1851	-	ilvD	dihydroxy-acid dehydratase	C600	cds-WP_001127399.1	DK885_RS23650	GO:0009082,GO:0004160
C600_DK885_RS23655	C600_NZ_CP031214.1	4572413	4573342	930	-	ilvE	branched-chain-amino-acid transaminase	C600	cds-WP_000208520.1	DK885_RS23655	GO:0009081,GO:0004084
C600_DK885_RS23660	C600_NZ_CP031214.1	4573362	4573625	264	-	ilvM	acetolactate synthase 2 small subunit	C600	cds-WP_000983255.1	DK885_RS23660	
C600_DK885_RS23665	C600_NZ_CP031214.1	4573622	4575266	1645	-	ilvG	acetolactate synthase 2 catalytic subunit	C600	cds-DK885_RS23665	DK885_RS23665	GO:0009082,GO:0000287,GO:0003984,GO:0030976,GO:0050660
C600_DK885_RS23670	C600_NZ_CP031214.1	4575269	4575319	51	-	ilvX	peptide IlvX	C600	cds-WP_001387183.1	DK885_RS23670	
C600_DK885_RS23675	C600_NZ_CP031214.1	4575406	4575504	99	-	ilvL	ilv operon leader peptide	C600	cds-WP_001311244.1	DK885_RS23675	GO:0031556
C600_DK885_RS23685	C600_NZ_CP031214.1	4575857	4577377	1521	+	yifB	YifB family Mg chelatase-like AAA ATPase	C600	cds-WP_000058964.1	DK885_RS23685	GO:0005524
C600_DK885_RS23690	C600_NZ_CP031214.1	4577402	4577740	339	-	maoP	macrodomain Ori organization protein MaoP	C600	cds-WP_000841001.1	DK885_RS23690	
C600_DK885_RS23695	C600_NZ_CP031214.1	4577859	4578698	840	+	hdfR	HTH-type transcriptional regulator HdfR	C600	cds-WP_000379245.1	DK885_RS23695	GO:0006355,GO:0003700
C600_DK885_RS23730	C600_NZ_CP031214.1	4584499	4585191	693	+	yieP	FadR/GntR family transcriptional regulator	C600	cds-WP_001131164.1	DK885_RS23730	GO:0003677,GO:0003700
C600_DK885_RS23735	C600_NZ_CP031214.1	4585214	4586641	1428	+	mdtD	multidrug transporter subunit MdtD	C600	cds-WP_001280852.1	DK885_RS23735	GO:0055085,GO:0022857,GO:0016020
C600_DK885_RS23740	C600_NZ_CP031214.1	4586607	4587599	993	-	rbsR	ribose operon transcriptional repressor RbsR	C600	cds-WP_000224470.1	DK885_RS23740	GO:0006355,GO:0003677
C600_DK885_RS23745	C600_NZ_CP031214.1	4587603	4588532	930	-	rbsK	ribokinase	C600	cds-WP_001300603.1	DK885_RS23745	GO:0006014,GO:0004747
C600_DK885_RS23750	C600_NZ_CP031214.1	4588658	4589548	891	-	rbsB	ribose ABC transporter substrate-binding protein RbsB	C600	cds-WP_001056271.1	DK885_RS23750	
C600_DK885_RS23755	C600_NZ_CP031214.1	4589573	4590538	966	-	rbsC	ribose ABC transporter permease	C600	cds-WP_000211858.1	DK885_RS23755	GO:0055085,GO:0022857,GO:0016020
C600_DK885_RS23760	C600_NZ_CP031214.1	4590543	4592048	1506	-	rbsA	ribose ABC transporter ATP-binding protein RbsA	C600	cds-WP_000387770.1	DK885_RS23760	GO:0005524
C600_DK885_RS23765	C600_NZ_CP031214.1	4592056	4592475	420	-	rbsD	D-ribose pyranase	C600	cds-WP_001301979.1	DK885_RS23765	GO:0016872
C600_DK885_RS23770	C600_NZ_CP031214.1	4592642	4594510	1869	-	kup	low affinity potassium transporter Kup	C600	cds-WP_000102319.1	DK885_RS23770	GO:0015079,GO:0016020
C600_DK885_RS23775	C600_NZ_CP031214.1	4594733	4596229	1497	+	ravA	ATPase RavA	C600	cds-WP_001299914.1	DK885_RS23775	GO:0005524,GO:0016887
C600_DK885_RS23780	C600_NZ_CP031214.1	4596223	4597674	1452	+	viaA	ATPase RavA stimulator ViaA	C600	cds-WP_000956642.1	DK885_RS23780	
C600_DK885_RS23785	C600_NZ_CP031214.1	4597679	4598671	993	-	asnA	aspartate--ammonia ligase	C600	cds-WP_000845104.1	DK885_RS23785	GO:0006529,GO:0004071,GO:0005737
C600_DK885_RS23790	C600_NZ_CP031214.1	4598823	4599281	459	+	asnC	transcriptional regulator AsnC	C600	cds-WP_000432970.1	DK885_RS23790	GO:0043565
C600_DK885_RS23795	C600_NZ_CP031214.1	4599371	4599814	444	+	mioC	FMN-binding protein MioC	C600	cds-WP_000763724.1	DK885_RS23795	GO:0010181
pXNCD19_GDAPCHJB_05516	pXNCD19_4	43	1014	972	+	repA	Replication initiation protein	pXNCD19	GDAPCHJB_05516	GDAPCHJB_05516	
pXNCD19_GDAPCHJB_05517	pXNCD19_4	1895	2566	672	+	yedK_2	SOS response-associated protein YedK	pXNCD19	GDAPCHJB_05517	GDAPCHJB_05517	
pXNCD19_GDAPCHJB_05518	pXNCD19_4	2745	3068	324	+	hypothetical protein	hypothetical protein	pXNCD19	GDAPCHJB_05518	GDAPCHJB_05518	
pXNCD19_GDAPCHJB_05519	pXNCD19_4	3309	4085	777	+	hypothetical protein	hypothetical protein	pXNCD19	GDAPCHJB_05519	GDAPCHJB_05519	
pXNCD19_GDAPCHJB_05520	pXNCD19_4	4458	5048	591	+	hypothetical protein	hypothetical protein	pXNCD19	GDAPCHJB_05520	GDAPCHJB_05520	
pXNCD19_GDAPCHJB_05521	pXNCD19_4	5070	6038	969	+	IS5 family transposase IS903	IS5 family transposase IS903	pXNCD19	GDAPCHJB_05521	GDAPCHJB_05521	
pXNCD19_GDAPCHJB_05522	pXNCD19_4	6143	6718	576	+	hypothetical protein	hypothetical protein	pXNCD19	GDAPCHJB_05522	GDAPCHJB_05522	
pXNCD19_GDAPCHJB_05523	pXNCD19_4	6738	7094	357	+	hypothetical protein	hypothetical protein	pXNCD19	GDAPCHJB_05523	GDAPCHJB_05523	
pXNCD19_GDAPCHJB_05524	pXNCD19_4	7118	7651	534	+	hypothetical protein	hypothetical protein	pXNCD19	GDAPCHJB_05524	GDAPCHJB_05524	
pXNCD19_GDAPCHJB_05525	pXNCD19_4	7653	7862	210	+	hypothetical protein	hypothetical protein	pXNCD19	GDAPCHJB_05525	GDAPCHJB_05525	
pXNCD19_GDAPCHJB_05526	pXNCD19_4	8060	8959	900	+	hypothetical protein	hypothetical protein	pXNCD19	GDAPCHJB_05526	GDAPCHJB_05526	
pXNCD19_GDAPCHJB_05527	pXNCD19_4	9407	9796	390	-	dgkA_2	Diacylglycerol kinase	pXNCD19	GDAPCHJB_05527	GDAPCHJB_05527	
pXNCD19_GDAPCHJB_05528	pXNCD19_4	9910	11139	1230	-	sasA_3	Adaptive-response sensory-kinase SasA	pXNCD19	GDAPCHJB_05528	GDAPCHJB_05528	
pXNCD19_GDAPCHJB_05529	pXNCD19_4	11161	11856	696	-	copR	Transcriptional activator protein CopR	pXNCD19	GDAPCHJB_05529	GDAPCHJB_05529	
pXNCD19_GDAPCHJB_05530	pXNCD19_4	11893	12774	882	-	IS3 family transposase ISEcl1	IS3 family transposase ISEcl1	pXNCD19	GDAPCHJB_05530	GDAPCHJB_05530	
pXNCD19_GDAPCHJB_05531	pXNCD19_4	12732	13127	396	-	IS3 family transposase ISEcl1	IS3 family transposase ISEcl1	pXNCD19	GDAPCHJB_05531	GDAPCHJB_05531	
pXNCD19_GDAPCHJB_05532	pXNCD19_4	13308	15005	1698	+	mcr-8.2	phosphoethanolamine--lipid A transferase MCR-8.2	pXNCD19	GDAPCHJB_05532	GDAPCHJB_05532	
pXNCD19_GDAPCHJB_05533	pXNCD19_4	16051	17031	981	+	IS5 family transposase ISKpn26	IS5 family transposase ISKpn26	pXNCD19	GDAPCHJB_05533	GDAPCHJB_05533	
pXNCD19_GDAPCHJB_05534	pXNCD19_4	17473	18153	681	-	hypothetical protein	hypothetical protein	pXNCD19	GDAPCHJB_05534	GDAPCHJB_05534	
pXNCD19_GDAPCHJB_05535	pXNCD19_4	18447	19475	1029	-	hypothetical protein	hypothetical protein	pXNCD19	GDAPCHJB_05535	GDAPCHJB_05535	
pXNCD19_GDAPCHJB_05536	pXNCD19_4	19636	20217	582	-	hypothetical protein	hypothetical protein	pXNCD19	GDAPCHJB_05536	GDAPCHJB_05536	
pXNCD19_GDAPCHJB_05537	pXNCD19_4	20338	20616	279	+	hypothetical protein	hypothetical protein	pXNCD19	GDAPCHJB_05537	GDAPCHJB_05537	
pXNCD19_GDAPCHJB_05538	pXNCD19_4	20786	21004	219	+	ccdA	Antitoxin CcdA	pXNCD19	GDAPCHJB_05538	GDAPCHJB_05538	
pXNCD19_GDAPCHJB_05539	pXNCD19_4	21006	21311	306	+	ccdB	Toxin CcdB	pXNCD19	GDAPCHJB_05539	GDAPCHJB_05539	
pXNCD19_GDAPCHJB_05540	pXNCD19_4	21480	21875	396	+	hypothetical protein	hypothetical protein	pXNCD19	GDAPCHJB_05540	GDAPCHJB_05540	
pXNCD19_GDAPCHJB_05541	pXNCD19_4	21902	22225	324	+	hypothetical protein	hypothetical protein	pXNCD19	GDAPCHJB_05541	GDAPCHJB_05541	
pXNCD19_GDAPCHJB_05542	pXNCD19_4	22222	23238	1017	+	hypothetical protein	hypothetical protein	pXNCD19	GDAPCHJB_05542	GDAPCHJB_05542	
pXNCD19_GDAPCHJB_05543	pXNCD19_4	23436	24221	786	+	xerC_6	Tyrosine recombinase XerC	pXNCD19	GDAPCHJB_05543	GDAPCHJB_05543	
pXNCD19_GDAPCHJB_05544	pXNCD19_4	24670	25425	756	+	repE	Replication initiation protein	pXNCD19	GDAPCHJB_05544	GDAPCHJB_05544	
pXNCD19_GDAPCHJB_05545	pXNCD19_4	26410	27042	633	+	hypothetical protein	hypothetical protein	pXNCD19	GDAPCHJB_05545	GDAPCHJB_05545	
pXNCD19_GDAPCHJB_05546	pXNCD19_4	27656	28630	975	+	parM_2	Plasmid segregation protein ParM	pXNCD19	GDAPCHJB_05546	GDAPCHJB_05546	
pXNCD19_GDAPCHJB_05547	pXNCD19_4	28634	29026	393	+	hypothetical protein	hypothetical protein	pXNCD19	GDAPCHJB_05547	GDAPCHJB_05547	
pXNCD19_GDAPCHJB_05548	pXNCD19_4	29625	29846	222	-	hypothetical protein	hypothetical protein	pXNCD19	GDAPCHJB_05548	GDAPCHJB_05548	
pXNCD19_GDAPCHJB_05549	pXNCD19_4	29877	30323	447	-	hypothetical protein	hypothetical protein	pXNCD19	GDAPCHJB_05549	GDAPCHJB_05549	
pXNCD19_GDAPCHJB_05550	pXNCD19_4	30594	30899	306	-	hypothetical protein	hypothetical protein	pXNCD19	GDAPCHJB_05550	GDAPCHJB_05550	
pXNCD19_GDAPCHJB_05551	pXNCD19_4	30953	31204	252	-	hypothetical protein	hypothetical protein	pXNCD19	GDAPCHJB_05551	GDAPCHJB_05551	
pXNCD19_GDAPCHJB_05552	pXNCD19_4	31283	32554	1272	-	umuC_4	Protein UmuC	pXNCD19	GDAPCHJB_05552	GDAPCHJB_05552	
pXNCD19_GDAPCHJB_05553	pXNCD19_4	32554	32979	426	-	umuD_3	Protein UmuD	pXNCD19	GDAPCHJB_05553	GDAPCHJB_05553	
pXNCD19_GDAPCHJB_05554	pXNCD19_4	33383	34870	1488	+	hypothetical protein	hypothetical protein	pXNCD19	GDAPCHJB_05554	GDAPCHJB_05554	
pXNCD19_GDAPCHJB_05555	pXNCD19_4	35292	36779	1488	+	hypothetical protein	hypothetical protein	pXNCD19	GDAPCHJB_05555	GDAPCHJB_05555	
pXNCD19_GDAPCHJB_05556	pXNCD19_4	37013	37243	231	+	hypothetical protein	hypothetical protein	pXNCD19	GDAPCHJB_05556	GDAPCHJB_05556	
pXNCD19_GDAPCHJB_05557	pXNCD19_4	37764	38189	426	+	klcA	Antirestriction protein KlcA	pXNCD19	GDAPCHJB_05557	GDAPCHJB_05557	
pXNCD19_GDAPCHJB_05558	pXNCD19_4	38425	38679	255	+	hypothetical protein	hypothetical protein	pXNCD19	GDAPCHJB_05558	GDAPCHJB_05558	
pXNCD19_GDAPCHJB_05559	pXNCD19_4	38714	39031	318	+	hypothetical protein	hypothetical protein	pXNCD19	GDAPCHJB_05559	GDAPCHJB_05559	
pXNCD19_GDAPCHJB_05560	pXNCD19_4	39813	40040	228	+	hypothetical protein	hypothetical protein	pXNCD19	GDAPCHJB_05560	GDAPCHJB_05560	
pXNCD19_GDAPCHJB_05561	pXNCD19_4	40132	40362	231	+	hypothetical protein	hypothetical protein	pXNCD19	GDAPCHJB_05561	GDAPCHJB_05561	
pXNCD19_GDAPCHJB_05562	pXNCD19_4	40414	41769	1356	+	hypothetical protein	hypothetical protein	pXNCD19	GDAPCHJB_05562	GDAPCHJB_05562	
pXNCD19_GDAPCHJB_05563	pXNCD19_4	41817	42380	564	+	hypothetical protein	hypothetical protein	pXNCD19	GDAPCHJB_05563	GDAPCHJB_05563	
pXNCD19_GDAPCHJB_05564	pXNCD19_4	43210	43752	543	+	ssb_2	Plasmid-derived single-stranded DNA-binding protein	pXNCD19	GDAPCHJB_05564	GDAPCHJB_05564	
pXNCD19_GDAPCHJB_05565	pXNCD19_4	43801	44049	249	+	hypothetical protein	hypothetical protein	pXNCD19	GDAPCHJB_05565	GDAPCHJB_05565	
pXNCD19_GDAPCHJB_05566	pXNCD19_4	44119	46176	2058	+	noc_2	Nucleoid occlusion protein	pXNCD19	GDAPCHJB_05566	GDAPCHJB_05566	
pXNCD19_GDAPCHJB_05567	pXNCD19_4	46221	46652	432	+	psiB	Protein PsiB	pXNCD19	GDAPCHJB_05567	GDAPCHJB_05567	
pXNCD19_GDAPCHJB_05568	pXNCD19_4	46649	47377	729	+	hypothetical protein	hypothetical protein	pXNCD19	GDAPCHJB_05568	GDAPCHJB_05568	
pXNCD19_GDAPCHJB_05569	pXNCD19_4	47374	47700	327	+	hypothetical protein	hypothetical protein	pXNCD19	GDAPCHJB_05569	GDAPCHJB_05569	
pXNCD19_GDAPCHJB_05570	pXNCD19_4	47756	48130	375	+	hypothetical protein	hypothetical protein	pXNCD19	GDAPCHJB_05570	GDAPCHJB_05570	
pXNCD19_GDAPCHJB_05571	pXNCD19_4	48386	48544	159	+	flmA_2	Stable plasmid inheritance protein	pXNCD19	GDAPCHJB_05571	GDAPCHJB_05571	
pXNCD19_GDAPCHJB_05572	pXNCD19_4	49238	49510	273	+	hypothetical protein	hypothetical protein	pXNCD19	GDAPCHJB_05572	GDAPCHJB_05572	
pXNCD19_GDAPCHJB_05573	pXNCD19_4	49507	49857	351	+	hypothetical protein	hypothetical protein	pXNCD19	GDAPCHJB_05573	GDAPCHJB_05573	
pXNCD19_GDAPCHJB_05574	pXNCD19_4	51030	51386	357	+	hypothetical protein	hypothetical protein	pXNCD19	GDAPCHJB_05574	GDAPCHJB_05574	
pXNCD19_GDAPCHJB_05575	pXNCD19_4	51447	51659	213	+	hypothetical protein	hypothetical protein	pXNCD19	GDAPCHJB_05575	GDAPCHJB_05575	
pXNCD19_GDAPCHJB_05576	pXNCD19_4	51670	51894	225	+	hypothetical protein	hypothetical protein	pXNCD19	GDAPCHJB_05576	GDAPCHJB_05576	
pXNCD19_GDAPCHJB_05577	pXNCD19_4	51975	52295	321	+	hypothetical protein	hypothetical protein	pXNCD19	GDAPCHJB_05577	GDAPCHJB_05577	
pXNCD19_GDAPCHJB_05578	pXNCD19_4	52285	52563	279	+	hypothetical protein	hypothetical protein	pXNCD19	GDAPCHJB_05578	GDAPCHJB_05578	
pXNCD19_GDAPCHJB_05579	pXNCD19_4	52564	52965	402	+	higA_2	Antitoxin HigA	pXNCD19	GDAPCHJB_05579	GDAPCHJB_05579	
pXNCD19_GDAPCHJB_05580	pXNCD19_4	52861	53076	216	-	hypothetical protein	hypothetical protein	pXNCD19	GDAPCHJB_05580	GDAPCHJB_05580	
pXNCD19_GDAPCHJB_05581	pXNCD19_4	53794	54615	822	+	hypothetical protein	hypothetical protein	pXNCD19	GDAPCHJB_05581	GDAPCHJB_05581	
pXNCD19_GDAPCHJB_05582	pXNCD19_4	55010	55495	486	-	hypothetical protein	hypothetical protein	pXNCD19	GDAPCHJB_05582	GDAPCHJB_05582	
pXNCD19_GDAPCHJB_05583	pXNCD19_4	55919	56302	384	+	traM	Relaxosome protein TraM	pXNCD19	GDAPCHJB_05583	GDAPCHJB_05583	
pXNCD19_GDAPCHJB_05584	pXNCD19_4	56502	57221	720	+	hypothetical protein	hypothetical protein	pXNCD19	GDAPCHJB_05584	GDAPCHJB_05584	
pXNCD19_GDAPCHJB_05585	pXNCD19_4	57622	57990	369	+	traA	Pilin	pXNCD19	GDAPCHJB_05585	GDAPCHJB_05585	
pXNCD19_GDAPCHJB_05586	pXNCD19_4	58004	58309	306	+	hypothetical protein	hypothetical protein	pXNCD19	GDAPCHJB_05586	GDAPCHJB_05586	
pXNCD19_GDAPCHJB_05587	pXNCD19_4	58329	58895	567	+	hypothetical protein	hypothetical protein	pXNCD19	GDAPCHJB_05587	GDAPCHJB_05587	
pXNCD19_GDAPCHJB_05588	pXNCD19_4	58882	59622	741	+	hypothetical protein	hypothetical protein	pXNCD19	GDAPCHJB_05588	GDAPCHJB_05588	
pXNCD19_GDAPCHJB_05589	pXNCD19_4	59622	61046	1425	+	hypothetical protein	hypothetical protein	pXNCD19	GDAPCHJB_05589	GDAPCHJB_05589	
pXNCD19_GDAPCHJB_05590	pXNCD19_4	61160	61744	585	+	traV	Protein TraV	pXNCD19	GDAPCHJB_05590	GDAPCHJB_05590	
pXNCD19_GDAPCHJB_05591	pXNCD19_4	61876	62286	411	+	hypothetical protein	hypothetical protein	pXNCD19	GDAPCHJB_05591	GDAPCHJB_05591	
pXNCD19_GDAPCHJB_05592	pXNCD19_4	62392	62610	219	+	hypothetical protein	hypothetical protein	pXNCD19	GDAPCHJB_05592	GDAPCHJB_05592	
pXNCD19_GDAPCHJB_05593	pXNCD19_4	62611	62922	312	+	hypothetical protein	hypothetical protein	pXNCD19	GDAPCHJB_05593	GDAPCHJB_05593	
pXNCD19_GDAPCHJB_05594	pXNCD19_4	62989	63393	405	+	hypothetical protein	hypothetical protein	pXNCD19	GDAPCHJB_05594	GDAPCHJB_05594	
pXNCD19_GDAPCHJB_05595	pXNCD19_4	63475	63651	177	-	hypothetical protein	hypothetical protein	pXNCD19	GDAPCHJB_05595	GDAPCHJB_05595	
pXNCD19_GDAPCHJB_05596	pXNCD19_4	63842	64234	393	+	hypothetical protein	hypothetical protein	pXNCD19	GDAPCHJB_05596	GDAPCHJB_05596	
pXNCD19_GDAPCHJB_05597	pXNCD19_4	64306	66945	2640	+	traC_2	Protein TraC	pXNCD19	GDAPCHJB_05597	GDAPCHJB_05597	
pXNCD19_GDAPCHJB_05598	pXNCD19_4	66945	67334	390	+	hypothetical protein	hypothetical protein	pXNCD19	GDAPCHJB_05598	GDAPCHJB_05598	
pXNCD19_GDAPCHJB_05599	pXNCD19_4	67334	67960	627	+	hypothetical protein	hypothetical protein	pXNCD19	GDAPCHJB_05599	GDAPCHJB_05599	
pXNCD19_GDAPCHJB_05600	pXNCD19_4	68002	68391	390	+	hypothetical protein	hypothetical protein	pXNCD19	GDAPCHJB_05600	GDAPCHJB_05600	
pXNCD19_GDAPCHJB_05601	pXNCD19_4	68388	69377	990	+	hypothetical protein	hypothetical protein	pXNCD19	GDAPCHJB_05601	GDAPCHJB_05601	
pXNCD19_GDAPCHJB_05602	pXNCD19_4	69390	70028	639	+	hypothetical protein	hypothetical protein	pXNCD19	GDAPCHJB_05602	GDAPCHJB_05602	
pXNCD19_GDAPCHJB_05603	pXNCD19_4	70087	72042	1956	+	traN	Mating pair stabilization protein TraN	pXNCD19	GDAPCHJB_05603	GDAPCHJB_05603	
pXNCD19_GDAPCHJB_05604	pXNCD19_4	72074	72328	255	+	hypothetical protein	hypothetical protein	pXNCD19	GDAPCHJB_05604	GDAPCHJB_05604	
pXNCD19_GDAPCHJB_05605	pXNCD19_4	72288	72554	267	+	hypothetical protein	hypothetical protein	pXNCD19	GDAPCHJB_05605	GDAPCHJB_05605	
pXNCD19_GDAPCHJB_05606	pXNCD19_4	72567	72893	327	+	hypothetical protein	hypothetical protein	pXNCD19	GDAPCHJB_05606	GDAPCHJB_05606	
pXNCD19_GDAPCHJB_05607	pXNCD19_4	72914	73666	753	+	hypothetical protein	hypothetical protein	pXNCD19	GDAPCHJB_05607	GDAPCHJB_05607	
pXNCD19_GDAPCHJB_05608	pXNCD19_4	73677	73916	240	+	traQ	Protein TraQ	pXNCD19	GDAPCHJB_05608	GDAPCHJB_05608	
pXNCD19_GDAPCHJB_05609	pXNCD19_4	73888	74445	558	+	hypothetical protein	hypothetical protein	pXNCD19	GDAPCHJB_05609	GDAPCHJB_05609	
pXNCD19_GDAPCHJB_05610	pXNCD19_4	74491	74934	444	+	hypothetical protein	hypothetical protein	pXNCD19	GDAPCHJB_05610	GDAPCHJB_05610	
pXNCD19_GDAPCHJB_05611	pXNCD19_4	74900	76291	1392	+	hypothetical protein	hypothetical protein	pXNCD19	GDAPCHJB_05611	GDAPCHJB_05611	
pXNCD19_GDAPCHJB_05612	pXNCD19_4	76291	79140	2850	+	hypothetical protein	hypothetical protein	pXNCD19	GDAPCHJB_05612	GDAPCHJB_05612	
pXNCD19_GDAPCHJB_05613	pXNCD19_4	79143	79676	534	+	traS	Protein TraS	pXNCD19	GDAPCHJB_05613	GDAPCHJB_05613	
pXNCD19_GDAPCHJB_05614	pXNCD19_4	79862	80593	732	+	ylpA	Lipoprotein YlpA	pXNCD19	GDAPCHJB_05614	GDAPCHJB_05614	
pXNCD19_GDAPCHJB_05615	pXNCD19_4	80785	81474	690	+	hypothetical protein	hypothetical protein	pXNCD19	GDAPCHJB_05615	GDAPCHJB_05615	
pXNCD19_GDAPCHJB_05616	pXNCD19_4	81603	83915	2313	+	traD	Coupling protein TraD	pXNCD19	GDAPCHJB_05616	GDAPCHJB_05616	
pXNCD19_GDAPCHJB_05617	pXNCD19_4	83915	89173	5259	+	traI	Multifunctional conjugation protein TraI	pXNCD19	GDAPCHJB_05617	GDAPCHJB_05617	
pXNCD19_GDAPCHJB_05618	pXNCD19_4	89253	89978	726	+	hypothetical protein	hypothetical protein	pXNCD19	GDAPCHJB_05618	GDAPCHJB_05618	
pXNCD19_GDAPCHJB_05619	pXNCD19_4	90134	90727	594	+	finO	Fertility inhibition protein	pXNCD19	GDAPCHJB_05619	GDAPCHJB_05619	
pXNCD19_GDAPCHJB_05620	pXNCD19_4	91269	91490	222	+	hypothetical protein	hypothetical protein	pXNCD19	GDAPCHJB_05620	GDAPCHJB_05620	
pXNCD19_GDAPCHJB_05621	pXNCD19_4	91540	92184	645	+	hypothetical protein	hypothetical protein	pXNCD19	GDAPCHJB_05621	GDAPCHJB_05621	
pXNCD19_GDAPCHJB_05622	pXNCD19_4	92240	92890	651	+	hypothetical protein	hypothetical protein	pXNCD19	GDAPCHJB_05622	GDAPCHJB_05622	
pXNCD19_GDAPCHJB_05623	pXNCD19_4	92887	93195	309	+	hypothetical protein	hypothetical protein	pXNCD19	GDAPCHJB_05623	GDAPCHJB_05623	
pXNCD19_GDAPCHJB_05624	pXNCD19_4	93290	93850	561	+	clsA_2	Cardiolipin synthase A	pXNCD19	GDAPCHJB_05624	GDAPCHJB_05624	
pXNCD19_GDAPCHJB_05625	pXNCD19_4	93986	94255	270	+	hypothetical protein	hypothetical protein	pXNCD19	GDAPCHJB_05625	GDAPCHJB_05625	
