gene_id	seqid	start	end	length_bp	strand	gene_name	product	reference_component	source_gff_id	locus_tag	ontology_terms
TH2_HKNPDCAD_00001	TH2_contig_1	41	928	888	-	IS3 family transposase IS629	IS3 family transposase IS629	TH2	HKNPDCAD_00001	HKNPDCAD_00001	
TH2_HKNPDCAD_00002	TH2_contig_1	928	1254	327	-	IS3 family transposase IS629	IS3 family transposase IS629	TH2	HKNPDCAD_00002	HKNPDCAD_00002	
TH2_HKNPDCAD_00003	TH2_contig_1	1745	2008	264	+	hypothetical protein	hypothetical protein	TH2	HKNPDCAD_00003	HKNPDCAD_00003	
TH2_HKNPDCAD_00004	TH2_contig_1	2135	2236	102	+	hypothetical protein	hypothetical protein	TH2	HKNPDCAD_00004	HKNPDCAD_00004	
TH2_HKNPDCAD_00005	TH2_contig_1	2867	3820	954	+	ompT_1	Protease 7	TH2	HKNPDCAD_00005	HKNPDCAD_00005	
TH2_HKNPDCAD_00006	TH2_contig_1	4253	5362	1110	+	hypothetical protein	hypothetical protein	TH2	HKNPDCAD_00006	HKNPDCAD_00006	
TH2_HKNPDCAD_00007	TH2_contig_1	5431	6333	903	+	hypothetical protein	hypothetical protein	TH2	HKNPDCAD_00007	HKNPDCAD_00007	
TH2_HKNPDCAD_00008	TH2_contig_1	7016	7756	741	+	xerC_1	Tyrosine recombinase XerC	TH2	HKNPDCAD_00008	HKNPDCAD_00008	
TH2_HKNPDCAD_00009	TH2_contig_1	7846	7965	120	+	hypothetical protein	hypothetical protein	TH2	HKNPDCAD_00009	HKNPDCAD_00009	
TH2_HKNPDCAD_00010	TH2_contig_1	8041	9018	978	-	repB_1	RepFIB replication protein A	TH2	HKNPDCAD_00010	HKNPDCAD_00010	
TH2_HKNPDCAD_00011	TH2_contig_1	9427	9723	297	-	hypothetical protein	hypothetical protein	TH2	HKNPDCAD_00011	HKNPDCAD_00011	
TH2_HKNPDCAD_00012	TH2_contig_1	9764	10120	357	+	hypothetical protein	hypothetical protein	TH2	HKNPDCAD_00012	HKNPDCAD_00012	
TH2_HKNPDCAD_00013	TH2_contig_1	10516	10767	252	+	umuC_1	Protein UmuC	TH2	HKNPDCAD_00013	HKNPDCAD_00013	
TH2_HKNPDCAD_00014	TH2_contig_1	10947	11324	378	-	IS1 family transposase IS1A	IS1 family transposase IS1A	TH2	HKNPDCAD_00014	HKNPDCAD_00014	
TH2_HKNPDCAD_00015	TH2_contig_1	11369	11644	276	-	IS1 family transposase IS1A	IS1 family transposase IS1A	TH2	HKNPDCAD_00015	HKNPDCAD_00015	
TH2_HKNPDCAD_00016	TH2_contig_1	12000	12620	621	+	yfeA	Periplasmic chelated iron-binding protein YfeA	TH2	HKNPDCAD_00016	HKNPDCAD_00016	
TH2_HKNPDCAD_00017	TH2_contig_1	12569	12913	345	+	putative periplasmic iron-binding protein	putative periplasmic iron-binding protein	TH2	HKNPDCAD_00017	HKNPDCAD_00017	
TH2_HKNPDCAD_00018	TH2_contig_1	12913	13740	828	+	mntB_1	Manganese transport system ATP-binding protein MntB	TH2	HKNPDCAD_00018	HKNPDCAD_00018	
TH2_HKNPDCAD_00019	TH2_contig_1	13737	14594	858	+	mntB_2	Manganese transport system membrane protein MntB	TH2	HKNPDCAD_00019	HKNPDCAD_00019	
TH2_HKNPDCAD_00020	TH2_contig_1	14591	15448	858	+	mntB_3	Manganese transport system membrane protein MntB	TH2	HKNPDCAD_00020	HKNPDCAD_00020	
TH2_HKNPDCAD_00021	TH2_contig_1	16040	16291	252	-	hypothetical protein	hypothetical protein	TH2	HKNPDCAD_00021	HKNPDCAD_00021	
TH2_HKNPDCAD_00022	TH2_contig_1	16461	16655	195	+	hypothetical protein	hypothetical protein	TH2	HKNPDCAD_00022	HKNPDCAD_00022	
TH2_HKNPDCAD_00023	TH2_contig_1	16731	17210	480	-	hypothetical protein	hypothetical protein	TH2	HKNPDCAD_00023	HKNPDCAD_00023	
TH2_HKNPDCAD_00024	TH2_contig_1	17328	17777	450	+	hypothetical protein	hypothetical protein	TH2	HKNPDCAD_00024	HKNPDCAD_00024	
TH2_HKNPDCAD_00025	TH2_contig_1	18401	19903	1503	+	hypothetical protein	hypothetical protein	TH2	HKNPDCAD_00025	HKNPDCAD_00025	
TH2_HKNPDCAD_00026	TH2_contig_1	20092	20307	216	-	hypothetical protein	hypothetical protein	TH2	HKNPDCAD_00026	HKNPDCAD_00026	
TH2_HKNPDCAD_00027	TH2_contig_1	20379	20756	378	+	IS1 family transposase IS1A	IS1 family transposase IS1A	TH2	HKNPDCAD_00027	HKNPDCAD_00027	
TH2_HKNPDCAD_00028	TH2_contig_1	21056	21604	549	+	hypothetical protein	hypothetical protein	TH2	HKNPDCAD_00028	HKNPDCAD_00028	
TH2_HKNPDCAD_00029	TH2_contig_1	21676	22221	546	+	hypothetical protein	hypothetical protein	TH2	HKNPDCAD_00029	HKNPDCAD_00029	
TH2_HKNPDCAD_00030	TH2_contig_1	22221	23192	972	+	sopB	Protein SopB	TH2	HKNPDCAD_00030	HKNPDCAD_00030	
TH2_HKNPDCAD_00031	TH2_contig_1	24004	24342	339	+	hypothetical protein	hypothetical protein	TH2	HKNPDCAD_00031	HKNPDCAD_00031	
TH2_HKNPDCAD_00032	TH2_contig_1	24411	24746	336	+	hypothetical protein	hypothetical protein	TH2	HKNPDCAD_00032	HKNPDCAD_00032	
TH2_HKNPDCAD_00033	TH2_contig_1	24830	25045	216	-	hypothetical protein	hypothetical protein	TH2	HKNPDCAD_00033	HKNPDCAD_00033	
TH2_HKNPDCAD_00034	TH2_contig_1	25117	25494	378	+	IS1 family transposase IS1R	IS1 family transposase IS1R	TH2	HKNPDCAD_00034	HKNPDCAD_00034	
TH2_HKNPDCAD_00035	TH2_contig_1	25547	26518	972	-	IS110 family transposase ISEc32	IS110 family transposase ISEc32	TH2	HKNPDCAD_00035	HKNPDCAD_00035	
TH2_HKNPDCAD_00036	TH2_contig_1	26920	27345	426	+	klcA_1	Antirestriction protein KlcA	TH2	HKNPDCAD_00036	HKNPDCAD_00036	
TH2_HKNPDCAD_00037	TH2_contig_1	27435	27806	372	+	hypothetical protein	hypothetical protein	TH2	HKNPDCAD_00037	HKNPDCAD_00037	
TH2_HKNPDCAD_00038	TH2_contig_1	27806	27988	183	+	hypothetical protein	hypothetical protein	TH2	HKNPDCAD_00038	HKNPDCAD_00038	
TH2_HKNPDCAD_00039	TH2_contig_1	29261	29887	627	+	hypothetical protein	hypothetical protein	TH2	HKNPDCAD_00039	HKNPDCAD_00039	
TH2_HKNPDCAD_00040	TH2_contig_1	30159	30620	462	+	hypothetical protein	hypothetical protein	TH2	HKNPDCAD_00040	HKNPDCAD_00040	
TH2_HKNPDCAD_00041	TH2_contig_1	30665	31207	543	+	hypothetical protein	hypothetical protein	TH2	HKNPDCAD_00041	HKNPDCAD_00041	
TH2_HKNPDCAD_00042	TH2_contig_1	31227	31475	249	+	hypothetical protein	hypothetical protein	TH2	HKNPDCAD_00042	HKNPDCAD_00042	
TH2_HKNPDCAD_00043	TH2_contig_1	32118	32657	540	+	ssb_1	Plasmid-derived single-stranded DNA-binding protein	TH2	HKNPDCAD_00043	HKNPDCAD_00043	
TH2_HKNPDCAD_00044	TH2_contig_1	32782	34050	1269	+	xerC_2	Tyrosine recombinase XerC	TH2	HKNPDCAD_00044	HKNPDCAD_00044	
TH2_HKNPDCAD_00045	TH2_contig_1	34037	35575	1539	+	hypothetical protein	hypothetical protein	TH2	HKNPDCAD_00045	HKNPDCAD_00045	
TH2_HKNPDCAD_00046	TH2_contig_1	35592	37625	2034	+	hypothetical protein	hypothetical protein	TH2	HKNPDCAD_00046	HKNPDCAD_00046	
TH2_HKNPDCAD_00047	TH2_contig_1	37618	37848	231	+	hypothetical protein	hypothetical protein	TH2	HKNPDCAD_00047	HKNPDCAD_00047	
TH2_HKNPDCAD_00048	TH2_contig_1	38112	42875	4764	+	hypothetical protein	hypothetical protein	TH2	HKNPDCAD_00048	HKNPDCAD_00048	
TH2_HKNPDCAD_00049	TH2_contig_1	43138	43266	129	-	hypothetical protein	hypothetical protein	TH2	HKNPDCAD_00049	HKNPDCAD_00049	
TH2_HKNPDCAD_00050	TH2_contig_1	43500	44234	735	-	hypothetical protein	hypothetical protein	TH2	HKNPDCAD_00050	HKNPDCAD_00050	
TH2_HKNPDCAD_00051	TH2_contig_1	44599	44832	234	+	hypothetical protein	hypothetical protein	TH2	HKNPDCAD_00051	HKNPDCAD_00051	
TH2_HKNPDCAD_00052	TH2_contig_1	44891	46849	1959	+	noc	Nucleoid occlusion protein	TH2	HKNPDCAD_00052	HKNPDCAD_00052	
TH2_HKNPDCAD_00053	TH2_contig_1	46904	47338	435	+	psiB	Protein PsiB	TH2	HKNPDCAD_00053	HKNPDCAD_00053	
TH2_HKNPDCAD_00054	TH2_contig_1	47335	48054	720	+	hypothetical protein	hypothetical protein	TH2	HKNPDCAD_00054	HKNPDCAD_00054	
TH2_HKNPDCAD_00055	TH2_contig_1	48276	48488	213	+	flmC	Protein FlmC	TH2	HKNPDCAD_00055	HKNPDCAD_00055	
TH2_HKNPDCAD_00056	TH2_contig_1	49414	49701	288	+	hypothetical protein	hypothetical protein	TH2	HKNPDCAD_00056	HKNPDCAD_00056	
TH2_HKNPDCAD_00057	TH2_contig_1	49824	50645	822	+	hypothetical protein	hypothetical protein	TH2	HKNPDCAD_00057	HKNPDCAD_00057	
TH2_HKNPDCAD_00058	TH2_contig_1	50942	51589	648	-	hypothetical protein	hypothetical protein	TH2	HKNPDCAD_00058	HKNPDCAD_00058	
TH2_HKNPDCAD_00059	TH2_contig_1	51866	52249	384	+	traM	Relaxosome protein TraM	TH2	HKNPDCAD_00059	HKNPDCAD_00059	
TH2_HKNPDCAD_00060	TH2_contig_1	52440	53126	687	+	traJ	Protein TraJ	TH2	HKNPDCAD_00060	HKNPDCAD_00060	
TH2_HKNPDCAD_00061	TH2_contig_1	53111	53362	252	-	hypothetical protein	hypothetical protein	TH2	HKNPDCAD_00061	HKNPDCAD_00061	
TH2_HKNPDCAD_00062	TH2_contig_1	53480	53839	360	+	traA	Pilin	TH2	HKNPDCAD_00062	HKNPDCAD_00062	
TH2_HKNPDCAD_00063	TH2_contig_1	53854	54165	312	+	hypothetical protein	hypothetical protein	TH2	HKNPDCAD_00063	HKNPDCAD_00063	
TH2_HKNPDCAD_00064	TH2_contig_1	54187	54795	609	+	hypothetical protein	hypothetical protein	TH2	HKNPDCAD_00064	HKNPDCAD_00064	
TH2_HKNPDCAD_00065	TH2_contig_1	54795	55466	672	+	hypothetical protein	hypothetical protein	TH2	HKNPDCAD_00065	HKNPDCAD_00065	
TH2_HKNPDCAD_00066	TH2_contig_1	55466	56893	1428	+	hypothetical protein	hypothetical protein	TH2	HKNPDCAD_00066	HKNPDCAD_00066	
TH2_HKNPDCAD_00067	TH2_contig_1	56963	57454	492	+	hypothetical protein	hypothetical protein	TH2	HKNPDCAD_00067	HKNPDCAD_00067	
TH2_HKNPDCAD_00068	TH2_contig_1	57457	57768	312	+	hypothetical protein	hypothetical protein	TH2	HKNPDCAD_00068	HKNPDCAD_00068	
TH2_HKNPDCAD_00069	TH2_contig_1	57765	58016	252	+	hypothetical protein	hypothetical protein	TH2	HKNPDCAD_00069	HKNPDCAD_00069	
TH2_HKNPDCAD_00070	TH2_contig_1	58013	58528	516	+	traV	Protein TraV	TH2	HKNPDCAD_00070	HKNPDCAD_00070	
TH2_HKNPDCAD_00071	TH2_contig_1	58663	58884	222	+	traR	Protein TraR	TH2	HKNPDCAD_00071	HKNPDCAD_00071	
TH2_HKNPDCAD_00072	TH2_contig_1	58877	58981	105	+	hypothetical protein	hypothetical protein	TH2	HKNPDCAD_00072	HKNPDCAD_00072	
TH2_HKNPDCAD_00073	TH2_contig_1	59044	59592	549	+	traC_1	Protein TraC	TH2	HKNPDCAD_00073	HKNPDCAD_00073	
TH2_HKNPDCAD_00074	TH2_contig_1	59589	60206	618	+	traC_2	Protein TraC	TH2	HKNPDCAD_00074	HKNPDCAD_00074	
TH2_HKNPDCAD_00075	TH2_contig_1	60462	60719	258	+	hypothetical protein	hypothetical protein	TH2	HKNPDCAD_00075	HKNPDCAD_00075	
TH2_HKNPDCAD_00076	TH2_contig_1	60719	61666	948	+	traC_3	Protein TraC	TH2	HKNPDCAD_00076	HKNPDCAD_00076	
TH2_HKNPDCAD_00077	TH2_contig_1	61743	62048	306	+	hypothetical protein	hypothetical protein	TH2	HKNPDCAD_00077	HKNPDCAD_00077	
TH2_HKNPDCAD_00078	TH2_contig_1	62050	62676	627	+	hypothetical protein	hypothetical protein	TH2	HKNPDCAD_00078	HKNPDCAD_00078	
TH2_HKNPDCAD_00079	TH2_contig_1	62673	63665	993	+	hypothetical protein	hypothetical protein	TH2	HKNPDCAD_00079	HKNPDCAD_00079	
TH2_HKNPDCAD_00080	TH2_contig_1	63691	64152	462	+	hypothetical protein	hypothetical protein	TH2	HKNPDCAD_00080	HKNPDCAD_00080	
TH2_HKNPDCAD_00081	TH2_contig_1	64182	64634	453	+	hypothetical protein	hypothetical protein	TH2	HKNPDCAD_00081	HKNPDCAD_00081	
TH2_HKNPDCAD_00082	TH2_contig_1	64662	65300	639	+	hypothetical protein	hypothetical protein	TH2	HKNPDCAD_00082	HKNPDCAD_00082	
TH2_HKNPDCAD_00083	TH2_contig_1	65297	66874	1578	+	traN	Mating pair stabilization protein TraN	TH2	HKNPDCAD_00083	HKNPDCAD_00083	
TH2_HKNPDCAD_00084	TH2_contig_1	67131	67388	258	+	hypothetical protein	hypothetical protein	TH2	HKNPDCAD_00084	HKNPDCAD_00084	
TH2_HKNPDCAD_00085	TH2_contig_1	67533	67898	366	+	hypothetical protein	hypothetical protein	TH2	HKNPDCAD_00085	HKNPDCAD_00085	
TH2_HKNPDCAD_00086	TH2_contig_1	67916	68122	207	+	hypothetical protein	hypothetical protein	TH2	HKNPDCAD_00086	HKNPDCAD_00086	
TH2_HKNPDCAD_00087	TH2_contig_1	68138	68485	348	+	hypothetical protein	hypothetical protein	TH2	HKNPDCAD_00087	HKNPDCAD_00087	
TH2_HKNPDCAD_00088	TH2_contig_1	68604	68888	285	+	traQ	Protein TraQ	TH2	HKNPDCAD_00088	HKNPDCAD_00088	
TH2_HKNPDCAD_00089	TH2_contig_1	68875	69147	273	+	hypothetical protein	hypothetical protein	TH2	HKNPDCAD_00089	HKNPDCAD_00089	
TH2_HKNPDCAD_00090	TH2_contig_1	69102	69419	318	+	hypothetical protein	hypothetical protein	TH2	HKNPDCAD_00090	HKNPDCAD_00090	
TH2_HKNPDCAD_00091	TH2_contig_1	69409	69711	303	+	hypothetical protein	hypothetical protein	TH2	HKNPDCAD_00091	HKNPDCAD_00091	
TH2_HKNPDCAD_00092	TH2_contig_1	69711	71084	1374	+	hypothetical protein	hypothetical protein	TH2	HKNPDCAD_00092	HKNPDCAD_00092	
TH2_HKNPDCAD_00093	TH2_contig_1	71081	73012	1932	+	hypothetical protein	hypothetical protein	TH2	HKNPDCAD_00093	HKNPDCAD_00093	
TH2_HKNPDCAD_00094	TH2_contig_1	72970	73899	930	+	hypothetical protein	hypothetical protein	TH2	HKNPDCAD_00094	HKNPDCAD_00094	
TH2_HKNPDCAD_00095	TH2_contig_1	73920	74417	498	+	hypothetical protein	hypothetical protein	TH2	HKNPDCAD_00095	HKNPDCAD_00095	
TH2_HKNPDCAD_00096	TH2_contig_1	74404	75180	777	+	ylpA	Lipoprotein YlpA	TH2	HKNPDCAD_00096	HKNPDCAD_00096	
TH2_HKNPDCAD_00097	TH2_contig_1	75433	75573	141	+	hypothetical protein	hypothetical protein	TH2	HKNPDCAD_00097	HKNPDCAD_00097	
TH2_HKNPDCAD_00098	TH2_contig_1	75594	77408	1815	+	traD_1	Coupling protein TraD	TH2	HKNPDCAD_00098	HKNPDCAD_00098	
TH2_HKNPDCAD_00099	TH2_contig_1	77411	77611	201	+	traD_2	Coupling protein TraD	TH2	HKNPDCAD_00099	HKNPDCAD_00099	
TH2_HKNPDCAD_00100	TH2_contig_1	77611	77808	198	+	hypothetical protein	hypothetical protein	TH2	HKNPDCAD_00100	HKNPDCAD_00100	
TH2_HKNPDCAD_00101	TH2_contig_1	77814	79382	1569	+	traI	Multifunctional conjugation protein TraI	TH2	HKNPDCAD_00101	HKNPDCAD_00101	
TH2_HKNPDCAD_00102	TH2_contig_1	79400	83644	4245	+	recD2	ATP-dependent RecD-like DNA helicase	TH2	HKNPDCAD_00102	HKNPDCAD_00102	
TH2_HKNPDCAD_00103	TH2_contig_1	83809	84258	450	+	finO	Fertility inhibition protein	TH2	HKNPDCAD_00103	HKNPDCAD_00103	
TH2_HKNPDCAD_00104	TH2_contig_1	84395	84652	258	+	hypothetical protein	hypothetical protein	TH2	HKNPDCAD_00104	HKNPDCAD_00104	
TH2_HKNPDCAD_00105	TH2_contig_1	84785	85309	525	+	hypothetical protein	hypothetical protein	TH2	HKNPDCAD_00105	HKNPDCAD_00105	
TH2_HKNPDCAD_00106	TH2_contig_1	85602	85943	342	+	hypothetical protein	hypothetical protein	TH2	HKNPDCAD_00106	HKNPDCAD_00106	
TH2_HKNPDCAD_00107	TH2_contig_1	86483	86674	192	+	hypothetical protein	hypothetical protein	TH2	HKNPDCAD_00107	HKNPDCAD_00107	
TH2_HKNPDCAD_00108	TH2_contig_1	87017	87838	822	+	hypothetical protein	hypothetical protein	TH2	HKNPDCAD_00108	HKNPDCAD_00108	
TH2_HKNPDCAD_00109	TH2_contig_1	88737	88976	240	+	hypothetical protein	hypothetical protein	TH2	HKNPDCAD_00109	HKNPDCAD_00109	
TH2_HKNPDCAD_00110	TH2_contig_1	89124	90605	1482	-	hypothetical protein	hypothetical protein	TH2	HKNPDCAD_00110	HKNPDCAD_00110	
TH2_HKNPDCAD_00111	TH2_contig_1	90664	91368	705	+	IS6 family transposase IS26	IS6 family transposase IS26	TH2	HKNPDCAD_00111	HKNPDCAD_00111	
TH2_HKNPDCAD_00112	TH2_contig_1	91442	92017	576	+	dinG_1	3'-5' exonuclease DinG	TH2	HKNPDCAD_00112	HKNPDCAD_00112	
TH2_HKNPDCAD_00113	TH2_contig_1	92223	92615	393	+	hypothetical protein	hypothetical protein	TH2	HKNPDCAD_00113	HKNPDCAD_00113	
TH2_HKNPDCAD_00114	TH2_contig_1	92917	93168	252	+	hypothetical protein	hypothetical protein	TH2	HKNPDCAD_00114	HKNPDCAD_00114	
TH2_HKNPDCAD_00115	TH2_contig_1	93281	93442	162	-	hypothetical protein	hypothetical protein	TH2	HKNPDCAD_00115	HKNPDCAD_00115	
TH2_HKNPDCAD_00116	TH2_contig_1	93686	95269	1584	+	hypothetical protein	hypothetical protein	TH2	HKNPDCAD_00116	HKNPDCAD_00116	
TH2_HKNPDCAD_00117	TH2_contig_1	95266	96972	1707	+	hypothetical protein	hypothetical protein	TH2	HKNPDCAD_00117	HKNPDCAD_00117	
TH2_HKNPDCAD_00118	TH2_contig_1	96969	97505	537	+	hypothetical protein	hypothetical protein	TH2	HKNPDCAD_00118	HKNPDCAD_00118	
TH2_HKNPDCAD_00119	TH2_contig_1	98036	98386	351	+	hypothetical protein	hypothetical protein	TH2	HKNPDCAD_00119	HKNPDCAD_00119	
TH2_HKNPDCAD_00120	TH2_contig_1	98430	99020	591	+	hypothetical protein	hypothetical protein	TH2	HKNPDCAD_00120	HKNPDCAD_00120	
TH2_HKNPDCAD_00121	TH2_contig_1	99115	99906	792	+	xerC_3	Tyrosine recombinase XerC	TH2	HKNPDCAD_00121	HKNPDCAD_00121	
TH2_HKNPDCAD_00122	TH2_contig_1	100084	100437	354	+	cmi	Colicin-M immunity protein	TH2	HKNPDCAD_00122	HKNPDCAD_00122	
TH2_HKNPDCAD_00123	TH2_contig_1	100583	101302	720	-	cma	Colicin-M	TH2	HKNPDCAD_00123	HKNPDCAD_00123	
TH2_HKNPDCAD_00124	TH2_contig_1	102430	102711	282	+	hypothetical protein	hypothetical protein	TH2	HKNPDCAD_00124	HKNPDCAD_00124	
TH2_HKNPDCAD_00125	TH2_contig_1	102859	103035	177	+	hypothetical protein	hypothetical protein	TH2	HKNPDCAD_00125	HKNPDCAD_00125	
TH2_HKNPDCAD_00126	TH2_contig_1	103389	103592	204	+	cvaC	Colicin-V	TH2	HKNPDCAD_00126	HKNPDCAD_00126	
TH2_HKNPDCAD_00127	TH2_contig_1	103603	103980	378	-	IS1 family transposase IS1R	IS1 family transposase IS1R	TH2	HKNPDCAD_00127	HKNPDCAD_00127	
TH2_HKNPDCAD_00128	TH2_contig_1	104052	104267	216	+	hypothetical protein	hypothetical protein	TH2	HKNPDCAD_00128	HKNPDCAD_00128	
TH2_HKNPDCAD_00129	TH2_contig_1	104535	105101	567	+	btuB_1	Vitamin B12 transporter BtuB	TH2	HKNPDCAD_00129	HKNPDCAD_00129	
TH2_HKNPDCAD_00130	TH2_contig_1	105175	106710	1536	+	pfeA	Ferric enterobactin receptor	TH2	HKNPDCAD_00130	HKNPDCAD_00130	
TH2_HKNPDCAD_00131	TH2_contig_1	106755	107711	957	-	hypothetical protein	hypothetical protein	TH2	HKNPDCAD_00131	HKNPDCAD_00131	
TH2_HKNPDCAD_00132	TH2_contig_1	107796	108605	810	-	fes_1	Enterochelin esterase	TH2	HKNPDCAD_00132	HKNPDCAD_00132	
TH2_HKNPDCAD_00133	TH2_contig_1	108611	109024	414	-	hypothetical protein	hypothetical protein	TH2	HKNPDCAD_00133	HKNPDCAD_00133	
TH2_HKNPDCAD_00134	TH2_contig_1	109128	112592	3465	-	Multidrug efflux ATP-binding/permease protein	Multidrug efflux ATP-binding/permease protein	TH2	HKNPDCAD_00134	HKNPDCAD_00134	
TH2_HKNPDCAD_00135	TH2_contig_1	112925	113806	882	-	elmGT	Elloramycin glycosyltransferase ElmGT	TH2	HKNPDCAD_00135	HKNPDCAD_00135	
TH2_HKNPDCAD_00136	TH2_contig_1	115275	115835	561	-	hypothetical protein	hypothetical protein	TH2	HKNPDCAD_00136	HKNPDCAD_00136	
TH2_HKNPDCAD_00137	TH2_contig_1	116018	116308	291	-	IS481 family transposase ISKpn28	IS481 family transposase ISKpn28	TH2	HKNPDCAD_00137	HKNPDCAD_00137	
TH2_HKNPDCAD_00138	TH2_contig_1	117179	117472	294	-	hypothetical protein	hypothetical protein	TH2	HKNPDCAD_00138	HKNPDCAD_00138	
TH2_HKNPDCAD_00139	TH2_contig_1	118099	118437	339	+	hypothetical protein	hypothetical protein	TH2	HKNPDCAD_00139	HKNPDCAD_00139	
TH2_HKNPDCAD_00140	TH2_contig_1	118430	119020	591	+	IS3 family transposase IS2	IS3 family transposase IS2	TH2	HKNPDCAD_00140	HKNPDCAD_00140	
TH2_HKNPDCAD_00141	TH2_contig_1	119071	119337	267	+	IS3 family transposase IS2	IS3 family transposase IS2	TH2	HKNPDCAD_00141	HKNPDCAD_00141	
TH2_HKNPDCAD_00142	TH2_contig_1	119863	120615	753	+	IS5 family transposase ISKpn26	IS5 family transposase ISKpn26	TH2	HKNPDCAD_00142	HKNPDCAD_00142	
TH2_HKNPDCAD_00143	TH2_contig_1	120612	120842	231	+	IS5 family transposase ISKpn26	IS5 family transposase ISKpn26	TH2	HKNPDCAD_00143	HKNPDCAD_00143	
TH2_HKNPDCAD_00144	TH2_contig_1	120777	121025	249	-	hypothetical protein	hypothetical protein	TH2	HKNPDCAD_00144	HKNPDCAD_00144	
TH2_HKNPDCAD_00145	TH2_contig_1	121760	122194	435	+	yciC	Putative metal chaperone YciC	TH2	HKNPDCAD_00145	HKNPDCAD_00145	
TH2_HKNPDCAD_00146	TH2_contig_1	122263	122730	468	+	hypothetical protein	hypothetical protein	TH2	HKNPDCAD_00146	HKNPDCAD_00146	
TH2_HKNPDCAD_00147	TH2_contig_1	123588	124454	867	+	ISNCY family transposase ISBcen27	ISNCY family transposase ISBcen27	TH2	HKNPDCAD_00147	HKNPDCAD_00147	
TH2_HKNPDCAD_00148	TH2_contig_1	124591	124977	387	+	hypothetical protein	hypothetical protein	TH2	HKNPDCAD_00148	HKNPDCAD_00148	
TH2_HKNPDCAD_00149	TH2_contig_1	125055	125432	378	-	IS1 family transposase IS1R	IS1 family transposase IS1R	TH2	HKNPDCAD_00149	HKNPDCAD_00149	
TH2_HKNPDCAD_00150	TH2_contig_1	125477	125752	276	-	IS1 family transposase IS1A	IS1 family transposase IS1A	TH2	HKNPDCAD_00150	HKNPDCAD_00150	
TH2_HKNPDCAD_00151	TH2_contig_11	54	833	780	-	ant1_1	Streptomycin 3''-adenylyltransferase	TH2	HKNPDCAD_00151	HKNPDCAD_00151	
TH2_HKNPDCAD_00152	TH2_contig_11	903	1511	609	-	hypothetical protein	hypothetical protein	TH2	HKNPDCAD_00152	HKNPDCAD_00152	
TH2_HKNPDCAD_00153	TH2_contig_11	1607	2449	843	-	rdmC	Aclacinomycin methylesterase RdmC	TH2	HKNPDCAD_00153	HKNPDCAD_00153	
TH2_HKNPDCAD_00154	TH2_contig_12	586	828	243	+	hypothetical protein	hypothetical protein	TH2	HKNPDCAD_00154	HKNPDCAD_00154	
TH2_HKNPDCAD_00155	TH2_contig_12	1566	1838	273	+	gadW_1	HTH-type transcriptional regulator GadW	TH2	HKNPDCAD_00155	HKNPDCAD_00155	
TH2_HKNPDCAD_00156	TH2_contig_12	1826	2089	264	+	gadW_2	HTH-type transcriptional regulator GadW	TH2	HKNPDCAD_00156	HKNPDCAD_00156	
TH2_HKNPDCAD_00157	TH2_contig_12	2133	2291	159	+	gadW_3	HTH-type transcriptional regulator GadW	TH2	HKNPDCAD_00157	HKNPDCAD_00157	
TH2_HKNPDCAD_00158	TH2_contig_12	2436	2615	180	+	hypothetical protein	hypothetical protein	TH2	HKNPDCAD_00158	HKNPDCAD_00158	
TH2_HKNPDCAD_00159	TH2_contig_12	2655	4058	1404	-	mdtF_1	Multidrug resistance protein MdtF	TH2	HKNPDCAD_00159	HKNPDCAD_00159	
TH2_HKNPDCAD_00160	TH2_contig_12	4132	5766	1635	-	mdtF_2	Multidrug resistance protein MdtF	TH2	HKNPDCAD_00160	HKNPDCAD_00160	
TH2_HKNPDCAD_00161	TH2_contig_12	5791	6948	1158	-	mdtE_1	Multidrug resistance protein MdtE	TH2	HKNPDCAD_00161	HKNPDCAD_00161	
TH2_HKNPDCAD_00162	TH2_contig_12	7008	7286	279	+	hypothetical protein	hypothetical protein	TH2	HKNPDCAD_00162	HKNPDCAD_00162	
TH2_HKNPDCAD_00163	TH2_contig_12	7287	7814	528	-	gadE_1	Transcriptional regulator GadE	TH2	HKNPDCAD_00163	HKNPDCAD_00163	
TH2_HKNPDCAD_00164	TH2_contig_12	8614	9186	573	-	hdeD_1	Protein HdeD	TH2	HKNPDCAD_00164	HKNPDCAD_00164	
TH2_HKNPDCAD_00165	TH2_contig_12	9441	9773	333	+	hdeA_1	Acid stress chaperone HdeA	TH2	HKNPDCAD_00165	HKNPDCAD_00165	
TH2_HKNPDCAD_00166	TH2_contig_12	9877	10215	339	+	hdeB_1	Acid stress chaperone HdeB	TH2	HKNPDCAD_00166	HKNPDCAD_00166	
TH2_HKNPDCAD_00167	TH2_contig_12	10254	10925	672	+	sapB_1	Protein SapB	TH2	HKNPDCAD_00167	HKNPDCAD_00167	
TH2_HKNPDCAD_00168	TH2_contig_12	10967	11497	531	-	dctR_1	HTH-type transcriptional regulator DctR	TH2	HKNPDCAD_00168	HKNPDCAD_00168	
TH2_HKNPDCAD_00169	TH2_contig_12	11653	12219	567	-	slp_1	Outer membrane protein Slp	TH2	HKNPDCAD_00169	HKNPDCAD_00169	
TH2_HKNPDCAD_00170	TH2_contig_12	12466	13689	1224	-	hypothetical protein	hypothetical protein	TH2	HKNPDCAD_00170	HKNPDCAD_00170	
TH2_HKNPDCAD_00171	TH2_contig_12	14268	15269	1002	-	hypothetical protein	hypothetical protein	TH2	HKNPDCAD_00171	HKNPDCAD_00171	
TH2_HKNPDCAD_00172	TH2_contig_12	15376	15672	297	+	hypothetical protein	hypothetical protein	TH2	HKNPDCAD_00172	HKNPDCAD_00172	
TH2_HKNPDCAD_00173	TH2_contig_12	15811	16230	420	-	arsC_1	Arsenate reductase	TH2	HKNPDCAD_00173	HKNPDCAD_00173	
TH2_HKNPDCAD_00174	TH2_contig_12	16243	16791	549	-	arsB_1	Arsenical pump membrane protein	TH2	HKNPDCAD_00174	HKNPDCAD_00174	
TH2_HKNPDCAD_00175	TH2_contig_12	16788	17531	744	-	arsB_2	Arsenical pump membrane protein	TH2	HKNPDCAD_00175	HKNPDCAD_00175	
TH2_HKNPDCAD_00176	TH2_contig_12	17585	17938	354	-	hypothetical protein	hypothetical protein	TH2	HKNPDCAD_00176	HKNPDCAD_00176	
TH2_HKNPDCAD_00177	TH2_contig_12	18476	18649	174	-	hypothetical protein	hypothetical protein	TH2	HKNPDCAD_00177	HKNPDCAD_00177	
TH2_HKNPDCAD_00178	TH2_contig_12	18825	20009	1185	-	gor_1	Glutathione reductase	TH2	HKNPDCAD_00178	HKNPDCAD_00178	
TH2_HKNPDCAD_00179	TH2_contig_12	20009	20164	156	-	gor_2	Glutathione reductase	TH2	HKNPDCAD_00179	HKNPDCAD_00179	
TH2_HKNPDCAD_00180	TH2_contig_12	20236	21078	843	-	rlmJ_1	Ribosomal RNA large subunit methyltransferase J	TH2	HKNPDCAD_00180	HKNPDCAD_00180	
TH2_HKNPDCAD_00181	TH2_contig_12	21281	23221	1941	+	prlC_1	Oligopeptidase A	TH2	HKNPDCAD_00181	HKNPDCAD_00181	
TH2_HKNPDCAD_00182	TH2_contig_12	23330	24082	753	+	rsmJ_1	Ribosomal RNA small subunit methyltransferase J	TH2	HKNPDCAD_00182	HKNPDCAD_00182	
TH2_HKNPDCAD_00183	TH2_contig_12	24131	25600	1470	-	dtpB_1	Dipeptide and tripeptide permease B	TH2	HKNPDCAD_00183	HKNPDCAD_00183	
TH2_HKNPDCAD_00184	TH2_contig_12	25917	26351	435	-	uspA_1	Universal stress protein A	TH2	HKNPDCAD_00184	HKNPDCAD_00184	
TH2_HKNPDCAD_00185	TH2_contig_12	26741	27076	336	+	uspB_1	Universal stress protein B	TH2	HKNPDCAD_00185	HKNPDCAD_00185	
TH2_HKNPDCAD_00186	TH2_contig_12	27320	28819	1500	-	pitA_1	Low-affinity inorganic phosphate transporter 1	TH2	HKNPDCAD_00186	HKNPDCAD_00186	
TH2_HKNPDCAD_00187	TH2_contig_12	29051	30253	1203	+	putative protein	putative protein	TH2	HKNPDCAD_00187	HKNPDCAD_00187	
TH2_HKNPDCAD_00188	TH2_contig_12	30568	31620	1053	-	yhiM_1	Inner membrane protein YhiM	TH2	HKNPDCAD_00188	HKNPDCAD_00188	
TH2_HKNPDCAD_00189	TH2_contig_12	31813	32016	204	+	hypothetical protein	hypothetical protein	TH2	HKNPDCAD_00189	HKNPDCAD_00189	
TH2_HKNPDCAD_00190	TH2_contig_12	32003	33493	1491	+	hypothetical protein	hypothetical protein	TH2	HKNPDCAD_00190	HKNPDCAD_00190	
TH2_HKNPDCAD_00191	TH2_contig_12	33871	34584	714	+	hypothetical protein	hypothetical protein	TH2	HKNPDCAD_00191	HKNPDCAD_00191	
TH2_HKNPDCAD_00192	TH2_contig_12	34542	35465	924	+	hypothetical protein	hypothetical protein	TH2	HKNPDCAD_00192	HKNPDCAD_00192	
TH2_HKNPDCAD_00193	TH2_contig_12	35860	36927	1068	+	hypothetical protein	hypothetical protein	TH2	HKNPDCAD_00193	HKNPDCAD_00193	
TH2_HKNPDCAD_00194	TH2_contig_12	36924	39212	2289	+	rbbA_1	Ribosome-associated ATPase	TH2	HKNPDCAD_00194	HKNPDCAD_00194	
TH2_HKNPDCAD_00195	TH2_contig_12	39238	39657	420	+	rbbA_2	Ribosome-associated ATPase	TH2	HKNPDCAD_00195	HKNPDCAD_00195	
TH2_HKNPDCAD_00196	TH2_contig_12	39657	40109	453	+	yhhJ_1	Inner membrane transport permease YhhJ	TH2	HKNPDCAD_00196	HKNPDCAD_00196	
TH2_HKNPDCAD_00197	TH2_contig_12	40106	40609	504	+	hypothetical protein	hypothetical protein	TH2	HKNPDCAD_00197	HKNPDCAD_00197	
TH2_HKNPDCAD_00198	TH2_contig_12	40603	40800	198	+	hypothetical protein	hypothetical protein	TH2	HKNPDCAD_00198	HKNPDCAD_00198	
TH2_HKNPDCAD_00199	TH2_contig_13	512	772	261	+	hypothetical protein	hypothetical protein	TH2	HKNPDCAD_00199	HKNPDCAD_00199	
TH2_HKNPDCAD_00200	TH2_contig_13	808	1329	522	+	hypothetical protein	hypothetical protein	TH2	HKNPDCAD_00200	HKNPDCAD_00200	
TH2_HKNPDCAD_00201	TH2_contig_13	1408	1563	156	+	hypothetical protein	hypothetical protein	TH2	HKNPDCAD_00201	HKNPDCAD_00201	
TH2_HKNPDCAD_00202	TH2_contig_13	1926	3308	1383	+	dosC_1	Diguanylate cyclase DosC	TH2	HKNPDCAD_00202	HKNPDCAD_00202	
TH2_HKNPDCAD_00203	TH2_contig_13	3395	3661	267	+	dosP_1	Oxygen sensor protein DosP	TH2	HKNPDCAD_00203	HKNPDCAD_00203	
TH2_HKNPDCAD_00204	TH2_contig_13	3658	4473	816	+	dosP_2	Oxygen sensor protein DosP	TH2	HKNPDCAD_00204	HKNPDCAD_00204	
TH2_HKNPDCAD_00205	TH2_contig_13	4470	5729	1260	+	dosP_3	Oxygen sensor protein DosP	TH2	HKNPDCAD_00205	HKNPDCAD_00205	
TH2_HKNPDCAD_00206	TH2_contig_13	5988	6569	582	+	ddpX_1	D-alanyl-D-alanine dipeptidase	TH2	HKNPDCAD_00206	HKNPDCAD_00206	
TH2_HKNPDCAD_00207	TH2_contig_13	6583	8133	1551	+	ddpA_1	putative D,D-dipeptide-binding periplasmic protein DdpA	TH2	HKNPDCAD_00207	HKNPDCAD_00207	
TH2_HKNPDCAD_00208	TH2_contig_13	8135	9157	1023	+	ddpB_1	putative D,D-dipeptide transport system permease protein DdpB	TH2	HKNPDCAD_00208	HKNPDCAD_00208	
TH2_HKNPDCAD_00209	TH2_contig_13	9154	10050	897	+	ddpC_1	putative D,D-dipeptide transport system permease protein DdpC	TH2	HKNPDCAD_00209	HKNPDCAD_00209	
TH2_HKNPDCAD_00210	TH2_contig_13	10047	10283	237	+	ddpD_1	putative D,D-dipeptide transport ATP-binding protein DdpD	TH2	HKNPDCAD_00210	HKNPDCAD_00210	
TH2_HKNPDCAD_00211	TH2_contig_13	10330	10947	618	+	ddpD_2	putative D,D-dipeptide transport ATP-binding protein DdpD	TH2	HKNPDCAD_00211	HKNPDCAD_00211	
TH2_HKNPDCAD_00212	TH2_contig_13	11025	11885	861	+	ddpF_1	putative D,D-dipeptide transport ATP-binding protein DdpF	TH2	HKNPDCAD_00212	HKNPDCAD_00212	
TH2_HKNPDCAD_00213	TH2_contig_13	12043	12354	312	-	osmC_1	Peroxiredoxin OsmC	TH2	HKNPDCAD_00213	HKNPDCAD_00213	
TH2_HKNPDCAD_00214	TH2_contig_13	12634	12993	360	+	hypothetical protein	hypothetical protein	TH2	HKNPDCAD_00214	HKNPDCAD_00214	
TH2_HKNPDCAD_00215	TH2_contig_13	13095	13232	138	+	sra_1	Stationary-phase-induced ribosome-associated protein	TH2	HKNPDCAD_00215	HKNPDCAD_00215	
TH2_HKNPDCAD_00216	TH2_contig_13	13388	14326	939	+	maeA_1	NAD-dependent malic enzyme	TH2	HKNPDCAD_00216	HKNPDCAD_00216	
TH2_HKNPDCAD_00217	TH2_contig_13	14323	15084	762	+	maeA_2	NAD-dependent malic enzyme	TH2	HKNPDCAD_00217	HKNPDCAD_00217	
TH2_HKNPDCAD_00218	TH2_contig_13	15218	16228	1011	+	adhP_1	Alcohol dehydrogenase, propanol-preferring	TH2	HKNPDCAD_00218	HKNPDCAD_00218	
TH2_HKNPDCAD_00219	TH2_contig_13	16374	16658	285	+	yddM_1	putative HTH-type transcriptional regulator YddM	TH2	HKNPDCAD_00219	HKNPDCAD_00219	
TH2_HKNPDCAD_00220	TH2_contig_13	16887	17540	654	-	fdnI_1	Formate dehydrogenase, nitrate-inducible, cytochrome b556(Fdn) subunit	TH2	HKNPDCAD_00220	HKNPDCAD_00220	
TH2_HKNPDCAD_00221	TH2_contig_13	17533	17892	360	-	fdnH_1	Formate dehydrogenase, nitrate-inducible, iron-sulfur subunit	TH2	HKNPDCAD_00221	HKNPDCAD_00221	
TH2_HKNPDCAD_00222	TH2_contig_13	18107	18415	309	-	fdnH_2	Formate dehydrogenase, nitrate-inducible, iron-sulfur subunit	TH2	HKNPDCAD_00222	HKNPDCAD_00222	
TH2_HKNPDCAD_00223	TH2_contig_13	18427	20838	2412	-	fdnG_1	Formate dehydrogenase, nitrate-inducible, major subunit	TH2	HKNPDCAD_00223	HKNPDCAD_00223	
TH2_HKNPDCAD_00224	TH2_contig_13	20887	21474	588	-	fdnG_2	Formate dehydrogenase, nitrate-inducible, major subunit	TH2	HKNPDCAD_00224	HKNPDCAD_00224	
TH2_HKNPDCAD_00225	TH2_contig_13	21764	22588	825	+	yddG_1	Aromatic amino acid exporter YddG	TH2	HKNPDCAD_00225	HKNPDCAD_00225	
TH2_HKNPDCAD_00226	TH2_contig_13	22848	23138	291	+	ompD_1	Outer membrane porin protein OmpD	TH2	HKNPDCAD_00226	HKNPDCAD_00226	
TH2_HKNPDCAD_00227	TH2_contig_13	23198	24118	921	+	hypothetical protein	hypothetical protein	TH2	HKNPDCAD_00227	HKNPDCAD_00227	
TH2_HKNPDCAD_00228	TH2_contig_13	24812	25312	501	+	hypothetical protein	hypothetical protein	TH2	HKNPDCAD_00228	HKNPDCAD_00228	
TH2_HKNPDCAD_00229	TH2_contig_13	25428	25664	237	+	narU_1	Nitrate/nitrite transporter NarU	TH2	HKNPDCAD_00229	HKNPDCAD_00229	
TH2_HKNPDCAD_00230	TH2_contig_13	25586	25843	258	-	hypothetical protein	hypothetical protein	TH2	HKNPDCAD_00230	HKNPDCAD_00230	
TH2_HKNPDCAD_00231	TH2_contig_13	25863	26279	417	+	hypothetical protein	hypothetical protein	TH2	HKNPDCAD_00231	HKNPDCAD_00231	
TH2_HKNPDCAD_00232	TH2_contig_13	26272	26478	207	+	hypothetical protein	hypothetical protein	TH2	HKNPDCAD_00232	HKNPDCAD_00232	
TH2_HKNPDCAD_00233	TH2_contig_13	26848	27093	246	+	narZ_1	Respiratory nitrate reductase 2 alpha chain	TH2	HKNPDCAD_00233	HKNPDCAD_00233	
TH2_HKNPDCAD_00234	TH2_contig_13	27269	27595	327	+	narZ_2	Respiratory nitrate reductase 2 alpha chain	TH2	HKNPDCAD_00234	HKNPDCAD_00234	
TH2_HKNPDCAD_00235	TH2_contig_13	27795	29999	2205	+	narZ_3	Respiratory nitrate reductase 2 alpha chain	TH2	HKNPDCAD_00235	HKNPDCAD_00235	
TH2_HKNPDCAD_00236	TH2_contig_13	29996	31672	1677	+	narY_1	Respiratory nitrate reductase 2 beta chain	TH2	HKNPDCAD_00236	HKNPDCAD_00236	
TH2_HKNPDCAD_00237	TH2_contig_13	31620	32687	1068	+	hypothetical protein	hypothetical protein	TH2	HKNPDCAD_00237	HKNPDCAD_00237	
TH2_HKNPDCAD_00238	TH2_contig_13	32988	33218	231	+	hypothetical protein	hypothetical protein	TH2	HKNPDCAD_00238	HKNPDCAD_00238	
TH2_HKNPDCAD_00239	TH2_contig_13	33300	33491	192	+	yddE_1	putative isomerase YddE	TH2	HKNPDCAD_00239	HKNPDCAD_00239	
TH2_HKNPDCAD_00240	TH2_contig_13	33654	33878	225	+	yddE_2	putative isomerase YddE	TH2	HKNPDCAD_00240	HKNPDCAD_00240	
TH2_HKNPDCAD_00241	TH2_contig_13	33974	34354	381	-	nhoA_1	Arylamine N-acetyltransferase	TH2	HKNPDCAD_00241	HKNPDCAD_00241	
TH2_HKNPDCAD_00242	TH2_contig_13	34347	34538	192	-	nhoA_2	Arylamine N-acetyltransferase	TH2	HKNPDCAD_00242	HKNPDCAD_00242	
TH2_HKNPDCAD_00243	TH2_contig_13	34702	34818	117	-	nhoA_3	Arylamine N-acetyltransferase	TH2	HKNPDCAD_00243	HKNPDCAD_00243	
TH2_HKNPDCAD_00244	TH2_contig_13	34986	35444	459	+	hypothetical protein	hypothetical protein	TH2	HKNPDCAD_00244	HKNPDCAD_00244	
TH2_HKNPDCAD_00245	TH2_contig_14	70	345	276	+	IS1 family transposase IS1A	IS1 family transposase IS1A	TH2	HKNPDCAD_00245	HKNPDCAD_00245	
TH2_HKNPDCAD_00246	TH2_contig_14	390	767	378	+	IS1 family transposase IS1R	IS1 family transposase IS1R	TH2	HKNPDCAD_00246	HKNPDCAD_00246	
TH2_HKNPDCAD_00247	TH2_contig_14	1060	1863	804	+	neo_1	Aminoglycoside 3'-phosphotransferase	TH2	HKNPDCAD_00247	HKNPDCAD_00247	
TH2_HKNPDCAD_00248	TH2_contig_14	1863	2699	837	+	hypothetical protein	hypothetical protein	TH2	HKNPDCAD_00248	HKNPDCAD_00248	
TH2_HKNPDCAD_00249	TH2_contig_14	3035	3850	816	+	neo_2	Aminoglycoside 3'-phosphotransferase	TH2	HKNPDCAD_00249	HKNPDCAD_00249	
TH2_HKNPDCAD_00250	TH2_contig_14	4004	4879	876	-	hypothetical protein	hypothetical protein	TH2	HKNPDCAD_00250	HKNPDCAD_00250	
TH2_HKNPDCAD_00251	TH2_contig_14	4949	6343	1395	-	Tn3 family transposase	Tn3 family transposase	TH2	HKNPDCAD_00251	HKNPDCAD_00251	
TH2_HKNPDCAD_00252	TH2_contig_14	6534	7286	753	+	IS6 family transposase ISRle7	IS6 family transposase ISRle7	TH2	HKNPDCAD_00252	HKNPDCAD_00252	
TH2_HKNPDCAD_00253	TH2_contig_14	7708	8733	1026	-	hph	Hygromycin-B 4-O-kinase	TH2	HKNPDCAD_00253	HKNPDCAD_00253	
TH2_HKNPDCAD_00254	TH2_contig_14	8720	8941	222	-	hypothetical protein	hypothetical protein	TH2	HKNPDCAD_00254	HKNPDCAD_00254	
TH2_HKNPDCAD_00255	TH2_contig_14	8962	9738	777	-	yokD	SPbeta prophage-derived aminoglycoside N(3')-acetyltransferase-like protein YokD	TH2	HKNPDCAD_00255	HKNPDCAD_00255	
TH2_HKNPDCAD_00256	TH2_contig_14	9852	10556	705	+	IS6 family transposase IS15	IS6 family transposase IS15	TH2	HKNPDCAD_00256	HKNPDCAD_00256	
TH2_HKNPDCAD_00257	TH2_contig_14	10614	10868	255	+	hypothetical protein	hypothetical protein	TH2	HKNPDCAD_00257	HKNPDCAD_00257	
TH2_HKNPDCAD_00258	TH2_contig_14	10885	11001	117	+	hypothetical protein	hypothetical protein	TH2	HKNPDCAD_00258	HKNPDCAD_00258	
TH2_HKNPDCAD_00259	TH2_contig_14	11014	11877	864	+	hcaB_1	3-phenylpropionate-dihydrodiol/cinnamic acid-dihydrodiol dehydrogenase	TH2	HKNPDCAD_00259	HKNPDCAD_00259	
TH2_HKNPDCAD_00260	TH2_contig_14	11915	12160	246	+	hypothetical protein	hypothetical protein	TH2	HKNPDCAD_00260	HKNPDCAD_00260	
TH2_HKNPDCAD_00261	TH2_contig_14	12290	12538	249	+	hypothetical protein	hypothetical protein	TH2	HKNPDCAD_00261	HKNPDCAD_00261	
TH2_HKNPDCAD_00262	TH2_contig_14	12629	13420	792	+	folP_1	Dihydropteroate synthase	TH2	HKNPDCAD_00262	HKNPDCAD_00262	
TH2_HKNPDCAD_00263	TH2_contig_14	13778	14353	576	+	IS256 family transposase IS406	IS256 family transposase IS406	TH2	HKNPDCAD_00263	HKNPDCAD_00263	
TH2_HKNPDCAD_00264	TH2_contig_14	14599	14931	333	-	emrE_1	Multidrug transporter EmrE	TH2	HKNPDCAD_00264	HKNPDCAD_00264	
TH2_HKNPDCAD_00265	TH2_contig_14	15101	15880	780	-	ant1_2	Streptomycin 3''-adenylyltransferase	TH2	HKNPDCAD_00265	HKNPDCAD_00265	
TH2_HKNPDCAD_00266	TH2_contig_2	82	447	366	+	hypothetical protein	hypothetical protein	TH2	HKNPDCAD_00266	HKNPDCAD_00266	
TH2_HKNPDCAD_00267	TH2_contig_2	405	1310	906	+	IS3 family transposase IS2	IS3 family transposase IS2	TH2	HKNPDCAD_00267	HKNPDCAD_00267	
TH2_HKNPDCAD_00268	TH2_contig_2	1295	2329	1035	+	php_1	Phosphotriesterase homology protein	TH2	HKNPDCAD_00268	HKNPDCAD_00268	
TH2_HKNPDCAD_00269	TH2_contig_2	3123	4358	1236	-	ISL3 family transposase ISEc38	ISL3 family transposase ISEc38	TH2	HKNPDCAD_00269	HKNPDCAD_00269	
TH2_HKNPDCAD_00270	TH2_contig_2	4649	5050	402	-	hypothetical protein	hypothetical protein	TH2	HKNPDCAD_00270	HKNPDCAD_00270	
TH2_HKNPDCAD_00271	TH2_contig_2	5038	5439	402	-	hypothetical protein	hypothetical protein	TH2	HKNPDCAD_00271	HKNPDCAD_00271	
TH2_HKNPDCAD_00272	TH2_contig_2	5699	6268	570	-	hypothetical protein	hypothetical protein	TH2	HKNPDCAD_00272	HKNPDCAD_00272	
TH2_HKNPDCAD_00273	TH2_contig_2	6468	6668	201	+	hypothetical protein	hypothetical protein	TH2	HKNPDCAD_00273	HKNPDCAD_00273	
TH2_HKNPDCAD_00274	TH2_contig_2	7794	8000	207	+	hypothetical protein	hypothetical protein	TH2	HKNPDCAD_00274	HKNPDCAD_00274	
TH2_HKNPDCAD_00275	TH2_contig_2	8094	8696	603	+	hypothetical protein	hypothetical protein	TH2	HKNPDCAD_00275	HKNPDCAD_00275	
TH2_HKNPDCAD_00276	TH2_contig_2	9654	10202	549	-	IS66 family transposase ISEc78	IS66 family transposase ISEc78	TH2	HKNPDCAD_00276	HKNPDCAD_00276	
TH2_HKNPDCAD_00277	TH2_contig_2	10142	10633	492	-	IS66 family transposase ISEc78	IS66 family transposase ISEc78	TH2	HKNPDCAD_00277	HKNPDCAD_00277	
TH2_HKNPDCAD_00278	TH2_contig_2	10627	11187	561	-	IS66 family transposase ISEc78	IS66 family transposase ISEc78	TH2	HKNPDCAD_00278	HKNPDCAD_00278	
TH2_HKNPDCAD_00279	TH2_contig_2	11237	11584	348	-	hypothetical protein	hypothetical protein	TH2	HKNPDCAD_00279	HKNPDCAD_00279	
TH2_HKNPDCAD_00280	TH2_contig_2	11581	11964	384	-	hypothetical protein	hypothetical protein	TH2	HKNPDCAD_00280	HKNPDCAD_00280	
TH2_HKNPDCAD_00281	TH2_contig_2	12718	12810	93	-	hypothetical protein	hypothetical protein	TH2	HKNPDCAD_00281	HKNPDCAD_00281	
TH2_HKNPDCAD_00282	TH2_contig_2	13531	14610	1080	+	hypothetical protein	hypothetical protein	TH2	HKNPDCAD_00282	HKNPDCAD_00282	
TH2_HKNPDCAD_00283	TH2_contig_2	14765	15001	237	+	hypothetical protein	hypothetical protein	TH2	HKNPDCAD_00283	HKNPDCAD_00283	
TH2_HKNPDCAD_00284	TH2_contig_2	15065	15703	639	+	hypothetical protein	hypothetical protein	TH2	HKNPDCAD_00284	HKNPDCAD_00284	
TH2_HKNPDCAD_00285	TH2_contig_2	15700	16770	1071	+	hypothetical protein	hypothetical protein	TH2	HKNPDCAD_00285	HKNPDCAD_00285	
TH2_HKNPDCAD_00286	TH2_contig_2	17100	17588	489	+	hypothetical protein	hypothetical protein	TH2	HKNPDCAD_00286	HKNPDCAD_00286	
TH2_HKNPDCAD_00287	TH2_contig_2	17604	18014	411	+	hypothetical protein	hypothetical protein	TH2	HKNPDCAD_00287	HKNPDCAD_00287	
TH2_HKNPDCAD_00288	TH2_contig_2	18235	18669	435	+	hypothetical protein	hypothetical protein	TH2	HKNPDCAD_00288	HKNPDCAD_00288	
TH2_HKNPDCAD_00289	TH2_contig_2	18669	19055	387	+	hypothetical protein	hypothetical protein	TH2	HKNPDCAD_00289	HKNPDCAD_00289	
TH2_HKNPDCAD_00290	TH2_contig_2	19137	19616	480	+	klcA_2	Antirestriction protein KlcA	TH2	HKNPDCAD_00290	HKNPDCAD_00290	
TH2_HKNPDCAD_00291	TH2_contig_2	19632	20108	477	+	hypothetical protein	hypothetical protein	TH2	HKNPDCAD_00291	HKNPDCAD_00291	
TH2_HKNPDCAD_00292	TH2_contig_2	20171	20392	222	+	hypothetical protein	hypothetical protein	TH2	HKNPDCAD_00292	HKNPDCAD_00292	
TH2_HKNPDCAD_00293	TH2_contig_2	20466	20834	369	+	cbeA	Cytoskeleton bundling-enhancing antitoxin CbeA	TH2	HKNPDCAD_00293	HKNPDCAD_00293	
TH2_HKNPDCAD_00294	TH2_contig_2	20923	21186	264	+	cbtA	Cytoskeleton-binding toxin CbtA	TH2	HKNPDCAD_00294	HKNPDCAD_00294	
TH2_HKNPDCAD_00295	TH2_contig_2	21293	21487	195	+	yeeW	Protein YeeW	TH2	HKNPDCAD_00295	HKNPDCAD_00295	
TH2_HKNPDCAD_00296	TH2_contig_2	22060	22284	225	+	pduV_1	Propanediol utilization protein PduV	TH2	HKNPDCAD_00296	HKNPDCAD_00296	
TH2_HKNPDCAD_00297	TH2_contig_2	22385	22714	330	-	hypothetical protein	hypothetical protein	TH2	HKNPDCAD_00297	HKNPDCAD_00297	
TH2_HKNPDCAD_00298	TH2_contig_2	22886	23944	1059	-	yeeA	Inner membrane protein YeeA	TH2	HKNPDCAD_00298	HKNPDCAD_00298	
TH2_HKNPDCAD_00299	TH2_contig_2	24141	24614	474	-	sbmC_1	DNA gyrase inhibitor	TH2	HKNPDCAD_00299	HKNPDCAD_00299	
TH2_HKNPDCAD_00300	TH2_contig_2	24733	25899	1167	-	dacD	D-alanyl-D-alanine carboxypeptidase DacD	TH2	HKNPDCAD_00300	HKNPDCAD_00300	
TH2_HKNPDCAD_00301	TH2_contig_2	26108	26884	777	+	sbcB_1	Exodeoxyribonuclease I	TH2	HKNPDCAD_00301	HKNPDCAD_00301	
TH2_HKNPDCAD_00302	TH2_contig_2	26887	27534	648	+	sbcB_2	Exodeoxyribonuclease I	TH2	HKNPDCAD_00302	HKNPDCAD_00302	
TH2_HKNPDCAD_00303	TH2_contig_2	27577	27804	228	-	yeeD	Putative sulfur carrier protein YeeD	TH2	HKNPDCAD_00303	HKNPDCAD_00303	
TH2_HKNPDCAD_00304	TH2_contig_2	27818	28510	693	-	hypothetical protein	hypothetical protein	TH2	HKNPDCAD_00304	HKNPDCAD_00304	
TH2_HKNPDCAD_00305	TH2_contig_2	28699	28821	123	-	hypothetical protein	hypothetical protein	TH2	HKNPDCAD_00305	HKNPDCAD_00305	
TH2_HKNPDCAD_00306	TH2_contig_2	29054	30412	1359	-	plaP	Low-affinity putrescine importer PlaP	TH2	HKNPDCAD_00306	HKNPDCAD_00306	
TH2_HKNPDCAD_00307	TH2_contig_2	30677	31606	930	-	yhaJ_1	HTH-type transcriptional regulator YhaJ	TH2	HKNPDCAD_00307	HKNPDCAD_00307	
TH2_HKNPDCAD_00308	TH2_contig_2	31652	32476	825	-	yeeZ	Protein YeeZ	TH2	HKNPDCAD_00308	HKNPDCAD_00308	
TH2_HKNPDCAD_00309	TH2_contig_2	32559	32813	255	-	yoeB	Toxin YoeB	TH2	HKNPDCAD_00309	HKNPDCAD_00309	
TH2_HKNPDCAD_00310	TH2_contig_2	32810	33061	252	-	yefM	Antitoxin YefM	TH2	HKNPDCAD_00310	HKNPDCAD_00310	
TH2_HKNPDCAD_00311	TH2_contig_2	33540	34439	900	+	hisG	ATP phosphoribosyltransferase	TH2	HKNPDCAD_00311	HKNPDCAD_00311	
TH2_HKNPDCAD_00312	TH2_contig_2	34445	35749	1305	+	hisD	Histidinol dehydrogenase	TH2	HKNPDCAD_00312	HKNPDCAD_00312	
TH2_HKNPDCAD_00313	TH2_contig_2	35746	36186	441	+	hisC_1	Histidinol-phosphate aminotransferase	TH2	HKNPDCAD_00313	HKNPDCAD_00313	
TH2_HKNPDCAD_00314	TH2_contig_2	36189	36734	546	+	hisC_2	Histidinol-phosphate aminotransferase	TH2	HKNPDCAD_00314	HKNPDCAD_00314	
TH2_HKNPDCAD_00315	TH2_contig_2	36814	37881	1068	+	hisB	Histidine biosynthesis bifunctional protein HisB	TH2	HKNPDCAD_00315	HKNPDCAD_00315	
TH2_HKNPDCAD_00316	TH2_contig_2	37881	38471	591	+	hisH	Imidazole glycerol phosphate synthase subunit HisH	TH2	HKNPDCAD_00316	HKNPDCAD_00316	
TH2_HKNPDCAD_00317	TH2_contig_2	38471	39208	738	+	hisA	1-(5-phosphoribosyl)-5-[(5-phosphoribosylamino)methylideneamino] imidazole-4-carboxamide isomerase	TH2	HKNPDCAD_00317	HKNPDCAD_00317	
TH2_HKNPDCAD_00318	TH2_contig_2	39190	39966	777	+	hisF	Imidazole glycerol phosphate synthase subunit HisF	TH2	HKNPDCAD_00318	HKNPDCAD_00318	
TH2_HKNPDCAD_00319	TH2_contig_2	39960	40571	612	+	hisI	Histidine biosynthesis bifunctional protein HisIE	TH2	HKNPDCAD_00319	HKNPDCAD_00319	
TH2_HKNPDCAD_00320	TH2_contig_2	40667	41644	978	-	wzzB	Chain length determinant protein	TH2	HKNPDCAD_00320	HKNPDCAD_00320	
TH2_HKNPDCAD_00321	TH2_contig_2	41791	42957	1167	-	ugd	UDP-glucose 6-dehydrogenase	TH2	HKNPDCAD_00321	HKNPDCAD_00321	
TH2_HKNPDCAD_00322	TH2_contig_2	43122	44003	882	-	hypothetical protein	hypothetical protein	TH2	HKNPDCAD_00322	HKNPDCAD_00322	
TH2_HKNPDCAD_00323	TH2_contig_2	44271	45677	1407	-	gnd	6-phosphogluconate dehydrogenase, decarboxylating	TH2	HKNPDCAD_00323	HKNPDCAD_00323	
TH2_HKNPDCAD_00324	TH2_contig_2	46272	46475	204	-	wbbD_1	UDP-Gal:alpha-D-GlcNAc-diphosphoundecaprenol beta-1,3-galactosyltransferase	TH2	HKNPDCAD_00324	HKNPDCAD_00324	
TH2_HKNPDCAD_00325	TH2_contig_2	46451	46636	186	-	wbbD_2	UDP-Gal:alpha-D-GlcNAc-diphosphoundecaprenol beta-1,3-galactosyltransferase	TH2	HKNPDCAD_00325	HKNPDCAD_00325	
TH2_HKNPDCAD_00326	TH2_contig_2	46743	46862	120	-	hypothetical protein	hypothetical protein	TH2	HKNPDCAD_00326	HKNPDCAD_00326	
TH2_HKNPDCAD_00327	TH2_contig_2	47212	48096	885	-	hypothetical protein	hypothetical protein	TH2	HKNPDCAD_00327	HKNPDCAD_00327	
TH2_HKNPDCAD_00328	TH2_contig_2	48099	48488	390	-	hypothetical protein	hypothetical protein	TH2	HKNPDCAD_00328	HKNPDCAD_00328	
TH2_HKNPDCAD_00329	TH2_contig_2	49219	50490	1272	-	hypothetical protein	hypothetical protein	TH2	HKNPDCAD_00329	HKNPDCAD_00329	
TH2_HKNPDCAD_00330	TH2_contig_2	50493	51236	744	-	hypothetical protein	hypothetical protein	TH2	HKNPDCAD_00330	HKNPDCAD_00330	
TH2_HKNPDCAD_00331	TH2_contig_2	51552	52445	894	-	galF	UTP--glucose-1-phosphate uridylyltransferase	TH2	HKNPDCAD_00331	HKNPDCAD_00331	
TH2_HKNPDCAD_00332	TH2_contig_2	52687	53682	996	-	gnu	N-acetyl-alpha-D-glucosaminyl-diphospho-ditrans,octacis-undecaprenol 4-epimerase	TH2	HKNPDCAD_00332	HKNPDCAD_00332	
TH2_HKNPDCAD_00333	TH2_contig_2	53840	55234	1395	-	hypothetical protein	hypothetical protein	TH2	HKNPDCAD_00333	HKNPDCAD_00333	
TH2_HKNPDCAD_00334	TH2_contig_2	55245	56465	1221	-	mshA	D-inositol-3-phosphate glycosyltransferase	TH2	HKNPDCAD_00334	HKNPDCAD_00334	
TH2_HKNPDCAD_00335	TH2_contig_2	56462	57742	1281	-	hypothetical protein	hypothetical protein	TH2	HKNPDCAD_00335	HKNPDCAD_00335	
TH2_HKNPDCAD_00336	TH2_contig_2	57921	58628	708	-	wzxC_1	Lipopolysaccharide biosynthesis protein WzxC	TH2	HKNPDCAD_00336	HKNPDCAD_00336	
TH2_HKNPDCAD_00337	TH2_contig_2	58625	58996	372	-	wzxC_2	Lipopolysaccharide biosynthesis protein WzxC	TH2	HKNPDCAD_00337	HKNPDCAD_00337	
TH2_HKNPDCAD_00338	TH2_contig_2	58996	59397	402	-	wzxC_3	Lipopolysaccharide biosynthesis protein WzxC	TH2	HKNPDCAD_00338	HKNPDCAD_00338	
TH2_HKNPDCAD_00339	TH2_contig_2	59399	60793	1395	-	wcaJ	UDP-glucose:undecaprenyl-phosphate glucose-1-phosphate transferase	TH2	HKNPDCAD_00339	HKNPDCAD_00339	
TH2_HKNPDCAD_00340	TH2_contig_2	60848	61303	456	-	glmM_1	Phosphoglucosamine mutase	TH2	HKNPDCAD_00340	HKNPDCAD_00340	
TH2_HKNPDCAD_00341	TH2_contig_2	61327	62217	891	-	algC	Phosphomannomutase/phosphoglucomutase	TH2	HKNPDCAD_00341	HKNPDCAD_00341	
TH2_HKNPDCAD_00342	TH2_contig_2	62498	63934	1437	-	manC1	Mannose-1-phosphate guanylyltransferase 1	TH2	HKNPDCAD_00342	HKNPDCAD_00342	
TH2_HKNPDCAD_00343	TH2_contig_2	63937	64329	393	-	hypothetical protein	hypothetical protein	TH2	HKNPDCAD_00343	HKNPDCAD_00343	
TH2_HKNPDCAD_00344	TH2_contig_2	64377	65159	783	-	hypothetical protein	hypothetical protein	TH2	HKNPDCAD_00344	HKNPDCAD_00344	
TH2_HKNPDCAD_00345	TH2_contig_2	65156	65638	483	-	gmm	GDP-mannose mannosyl hydrolase	TH2	HKNPDCAD_00345	HKNPDCAD_00345	
TH2_HKNPDCAD_00346	TH2_contig_2	65638	66603	966	-	fcl	GDP-L-fucose synthase	TH2	HKNPDCAD_00346	HKNPDCAD_00346	
TH2_HKNPDCAD_00347	TH2_contig_2	66606	67727	1122	-	gmd	GDP-mannose 4,6-dehydratase	TH2	HKNPDCAD_00347	HKNPDCAD_00347	
TH2_HKNPDCAD_00348	TH2_contig_2	67753	68301	549	-	dapH_1	2,3,4,5-tetrahydropyridine-2,6-dicarboxylate N-acetyltransferase	TH2	HKNPDCAD_00348	HKNPDCAD_00348	
TH2_HKNPDCAD_00349	TH2_contig_2	68317	69063	747	-	hypothetical protein	hypothetical protein	TH2	HKNPDCAD_00349	HKNPDCAD_00349	
TH2_HKNPDCAD_00350	TH2_contig_2	69074	69553	480	-	hypothetical protein	hypothetical protein	TH2	HKNPDCAD_00350	HKNPDCAD_00350	
TH2_HKNPDCAD_00351	TH2_contig_2	69550	70290	741	-	hypothetical protein	hypothetical protein	TH2	HKNPDCAD_00351	HKNPDCAD_00351	
TH2_HKNPDCAD_00352	TH2_contig_2	70265	71482	1218	-	hypothetical protein	hypothetical protein	TH2	HKNPDCAD_00352	HKNPDCAD_00352	
TH2_HKNPDCAD_00353	TH2_contig_2	71479	71967	489	-	cysE_1	Serine acetyltransferase	TH2	HKNPDCAD_00353	HKNPDCAD_00353	
TH2_HKNPDCAD_00354	TH2_contig_2	72044	72808	765	-	hypothetical protein	hypothetical protein	TH2	HKNPDCAD_00354	HKNPDCAD_00354	
TH2_HKNPDCAD_00355	TH2_contig_2	72986	75148	2163	-	wzc	Tyrosine-protein kinase wzc	TH2	HKNPDCAD_00355	HKNPDCAD_00355	
TH2_HKNPDCAD_00356	TH2_contig_2	75151	75594	444	-	wzb	Low molecular weight protein-tyrosine-phosphatase Wzb	TH2	HKNPDCAD_00356	HKNPDCAD_00356	
TH2_HKNPDCAD_00357	TH2_contig_2	75600	76739	1140	-	hypothetical protein	hypothetical protein	TH2	HKNPDCAD_00357	HKNPDCAD_00357	
TH2_HKNPDCAD_00358	TH2_contig_2	77398	78981	1584	+	hypothetical protein	hypothetical protein	TH2	HKNPDCAD_00358	HKNPDCAD_00358	
TH2_HKNPDCAD_00359	TH2_contig_2	79273	81126	1854	-	hypothetical protein	hypothetical protein	TH2	HKNPDCAD_00359	HKNPDCAD_00359	
TH2_HKNPDCAD_00360	TH2_contig_2	81148	81729	582	-	dcd	dCTP deaminase	TH2	HKNPDCAD_00360	HKNPDCAD_00360	
TH2_HKNPDCAD_00361	TH2_contig_2	81821	82462	642	-	udk	Uridine kinase	TH2	HKNPDCAD_00361	HKNPDCAD_00361	
TH2_HKNPDCAD_00362	TH2_contig_2	82780	83217	438	+	dgcE_1	putative diguanylate cyclase DgcE	TH2	HKNPDCAD_00362	HKNPDCAD_00362	
TH2_HKNPDCAD_00363	TH2_contig_2	83247	86096	2850	+	dgcE_2	putative diguanylate cyclase DgcE	TH2	HKNPDCAD_00363	HKNPDCAD_00363	
TH2_HKNPDCAD_00364	TH2_contig_2	86205	87053	849	-	alkA	DNA-3-methyladenine glycosylase 2	TH2	HKNPDCAD_00364	HKNPDCAD_00364	
TH2_HKNPDCAD_00365	TH2_contig_2	87187	88539	1353	+	dnaK_1	Chaperone protein DnaK	TH2	HKNPDCAD_00365	HKNPDCAD_00365	
TH2_HKNPDCAD_00366	TH2_contig_2	88551	90497	1947	-	yegI	Protein kinase YegI	TH2	HKNPDCAD_00366	HKNPDCAD_00366	
TH2_HKNPDCAD_00367	TH2_contig_2	90697	91158	462	+	hypothetical protein	hypothetical protein	TH2	HKNPDCAD_00367	HKNPDCAD_00367	
TH2_HKNPDCAD_00368	TH2_contig_2	91223	91903	681	-	pphC	Serine/threonine-protein phosphatase 3	TH2	HKNPDCAD_00368	HKNPDCAD_00368	
TH2_HKNPDCAD_00369	TH2_contig_2	91981	92355	375	-	hypothetical protein	hypothetical protein	TH2	HKNPDCAD_00369	HKNPDCAD_00369	
TH2_HKNPDCAD_00370	TH2_contig_2	92319	92639	321	-	hypothetical protein	hypothetical protein	TH2	HKNPDCAD_00370	HKNPDCAD_00370	
TH2_HKNPDCAD_00371	TH2_contig_2	93210	93356	147	+	hypothetical protein	hypothetical protein	TH2	HKNPDCAD_00371	HKNPDCAD_00371	
TH2_HKNPDCAD_00372	TH2_contig_2	93406	94773	1368	+	mdtA	Multidrug resistance protein MdtA	TH2	HKNPDCAD_00372	HKNPDCAD_00372	
TH2_HKNPDCAD_00373	TH2_contig_2	94823	97894	3072	+	mdtB	Multidrug resistance protein MdtB	TH2	HKNPDCAD_00373	HKNPDCAD_00373	
TH2_HKNPDCAD_00374	TH2_contig_2	97895	98599	705	+	mdtC_1	Multidrug resistance protein MdtC	TH2	HKNPDCAD_00374	HKNPDCAD_00374	
TH2_HKNPDCAD_00375	TH2_contig_2	98623	100866	2244	+	mdtC_2	Multidrug resistance protein MdtC	TH2	HKNPDCAD_00375	HKNPDCAD_00375	
TH2_HKNPDCAD_00376	TH2_contig_2	100866	100970	105	+	mdtC_3	Multidrug resistance protein MdtC	TH2	HKNPDCAD_00376	HKNPDCAD_00376	
TH2_HKNPDCAD_00377	TH2_contig_2	100971	102386	1416	+	mdtD	Putative multidrug resistance protein MdtD	TH2	HKNPDCAD_00377	HKNPDCAD_00377	
TH2_HKNPDCAD_00378	TH2_contig_2	102383	103786	1404	+	baeS	Signal transduction histidine-protein kinase BaeS	TH2	HKNPDCAD_00378	HKNPDCAD_00378	
TH2_HKNPDCAD_00379	TH2_contig_2	103783	104505	723	+	baeR	Transcriptional regulatory protein BaeR	TH2	HKNPDCAD_00379	HKNPDCAD_00379	
TH2_HKNPDCAD_00380	TH2_contig_2	104696	104905	210	+	hypothetical protein	hypothetical protein	TH2	HKNPDCAD_00380	HKNPDCAD_00380	
TH2_HKNPDCAD_00381	TH2_contig_2	105174	106535	1362	+	rlhA_1	23S rRNA 5-hydroxycytidine synthase	TH2	HKNPDCAD_00381	HKNPDCAD_00381	
TH2_HKNPDCAD_00382	TH2_contig_2	106866	107243	378	-	hypothetical protein	hypothetical protein	TH2	HKNPDCAD_00382	HKNPDCAD_00382	
TH2_HKNPDCAD_00383	TH2_contig_2	107589	108488	900	+	yegS	Lipid kinase YegS	TH2	HKNPDCAD_00383	HKNPDCAD_00383	
TH2_HKNPDCAD_00384	TH2_contig_2	108570	109349	780	-	srlR_1	Glucitol operon repressor	TH2	HKNPDCAD_00384	HKNPDCAD_00384	
TH2_HKNPDCAD_00385	TH2_contig_2	109449	110489	1041	-	gatD	Galactitol 1-phosphate 5-dehydrogenase	TH2	HKNPDCAD_00385	HKNPDCAD_00385	
TH2_HKNPDCAD_00386	TH2_contig_2	110537	111892	1356	-	gatC	PTS system galactitol-specific EIIC component	TH2	HKNPDCAD_00386	HKNPDCAD_00386	
TH2_HKNPDCAD_00387	TH2_contig_2	111896	112180	285	-	gatB	PTS system galactitol-specific EIIB component	TH2	HKNPDCAD_00387	HKNPDCAD_00387	
TH2_HKNPDCAD_00388	TH2_contig_2	112211	112663	453	-	gatA	PTS system galactitol-specific EIIA component	TH2	HKNPDCAD_00388	HKNPDCAD_00388	
TH2_HKNPDCAD_00389	TH2_contig_2	112673	113935	1263	-	gatZ	D-tagatose-1,6-bisphosphate aldolase subunit GatZ	TH2	HKNPDCAD_00389	HKNPDCAD_00389	
TH2_HKNPDCAD_00390	TH2_contig_2	113964	114218	255	-	gatY_1	D-tagatose-1,6-bisphosphate aldolase subunit GatY	TH2	HKNPDCAD_00390	HKNPDCAD_00390	
TH2_HKNPDCAD_00391	TH2_contig_2	114215	114817	603	-	gatY_2	D-tagatose-1,6-bisphosphate aldolase subunit GatY	TH2	HKNPDCAD_00391	HKNPDCAD_00391	
TH2_HKNPDCAD_00392	TH2_contig_2	115126	116178	1053	-	fbaB	Fructose-bisphosphate aldolase class 1	TH2	HKNPDCAD_00392	HKNPDCAD_00392	
TH2_HKNPDCAD_00393	TH2_contig_2	116433	117710	1278	+	yegT_1	Putative nucleoside transporter YegT	TH2	HKNPDCAD_00393	HKNPDCAD_00393	
TH2_HKNPDCAD_00394	TH2_contig_2	117707	118711	1005	+	tri1	ADP-ribosylarginine hydrolase Tri1	TH2	HKNPDCAD_00394	HKNPDCAD_00394	
TH2_HKNPDCAD_00395	TH2_contig_2	118708	118857	150	+	hypothetical protein	hypothetical protein	TH2	HKNPDCAD_00395	HKNPDCAD_00395	
TH2_HKNPDCAD_00396	TH2_contig_2	118808	119671	864	+	kdgK_1	2-dehydro-3-deoxygluconokinase	TH2	HKNPDCAD_00396	HKNPDCAD_00396	
TH2_HKNPDCAD_00397	TH2_contig_2	119645	120391	747	-	nagR	HTH-type transcriptional repressor NagR	TH2	HKNPDCAD_00397	HKNPDCAD_00397	
TH2_HKNPDCAD_00398	TH2_contig_2	120443	121261	819	-	hypothetical protein	hypothetical protein	TH2	HKNPDCAD_00398	HKNPDCAD_00398	
TH2_HKNPDCAD_00399	TH2_contig_2	121326	122126	801	-	thiD	Hydroxymethylpyrimidine/phosphomethylpyrimidine kinase	TH2	HKNPDCAD_00399	HKNPDCAD_00399	
TH2_HKNPDCAD_00400	TH2_contig_2	122123	122911	789	-	thiM	Hydroxyethylthiazole kinase	TH2	HKNPDCAD_00400	HKNPDCAD_00400	
TH2_HKNPDCAD_00401	TH2_contig_2	123134	123406	273	-	rcnR	Transcriptional repressor RcnR	TH2	HKNPDCAD_00401	HKNPDCAD_00401	
TH2_HKNPDCAD_00402	TH2_contig_2	123525	124349	825	+	rcnA	Nickel/cobalt efflux system RcnA	TH2	HKNPDCAD_00402	HKNPDCAD_00402	
TH2_HKNPDCAD_00403	TH2_contig_2	124568	124906	339	+	rcnB	Nickel/cobalt homeostasis protein RcnB	TH2	HKNPDCAD_00403	HKNPDCAD_00403	
TH2_HKNPDCAD_00404	TH2_contig_2	124986	125630	645	-	yehA_1	putative fimbrial-like protein YehA	TH2	HKNPDCAD_00404	HKNPDCAD_00404	
TH2_HKNPDCAD_00405	TH2_contig_2	125630	126019	390	-	yehA_2	putative fimbrial-like protein YehA	TH2	HKNPDCAD_00405	HKNPDCAD_00405	
TH2_HKNPDCAD_00406	TH2_contig_2	126035	128515	2481	-	yehB_1	Outer membrane usher protein YehB	TH2	HKNPDCAD_00406	HKNPDCAD_00406	
TH2_HKNPDCAD_00407	TH2_contig_2	128531	129205	675	-	yehC	putative fimbrial chaperone YehC	TH2	HKNPDCAD_00407	HKNPDCAD_00407	
TH2_HKNPDCAD_00408	TH2_contig_2	129285	129827	543	-	yehD	putative fimbrial-like protein YehD	TH2	HKNPDCAD_00408	HKNPDCAD_00408	
TH2_HKNPDCAD_00409	TH2_contig_2	130120	130401	282	-	hypothetical protein	hypothetical protein	TH2	HKNPDCAD_00409	HKNPDCAD_00409	
TH2_HKNPDCAD_00410	TH2_contig_2	130664	130987	324	-	apbC_1	Iron-sulfur cluster carrier protein	TH2	HKNPDCAD_00410	HKNPDCAD_00410	
TH2_HKNPDCAD_00411	TH2_contig_2	130987	131772	786	-	apbC_2	Iron-sulfur cluster carrier protein	TH2	HKNPDCAD_00411	HKNPDCAD_00411	
TH2_HKNPDCAD_00412	TH2_contig_2	131904	133937	2034	+	metG	Methionine--tRNA ligase	TH2	HKNPDCAD_00412	HKNPDCAD_00412	
TH2_HKNPDCAD_00413	TH2_contig_2	134078	137518	3441	+	hypothetical protein	hypothetical protein	TH2	HKNPDCAD_00413	HKNPDCAD_00413	
TH2_HKNPDCAD_00414	TH2_contig_2	137655	137873	219	+	hypothetical protein	hypothetical protein	TH2	HKNPDCAD_00414	HKNPDCAD_00414	
TH2_HKNPDCAD_00415	TH2_contig_2	137886	141266	3381	+	hypothetical protein	hypothetical protein	TH2	HKNPDCAD_00415	HKNPDCAD_00415	
TH2_HKNPDCAD_00416	TH2_contig_2	141335	141634	300	+	hypothetical protein	hypothetical protein	TH2	HKNPDCAD_00416	HKNPDCAD_00416	
TH2_HKNPDCAD_00417	TH2_contig_2	141644	141886	243	+	hypothetical protein	hypothetical protein	TH2	HKNPDCAD_00417	HKNPDCAD_00417	
TH2_HKNPDCAD_00418	TH2_contig_2	141922	142962	1041	+	hypothetical protein	hypothetical protein	TH2	HKNPDCAD_00418	HKNPDCAD_00418	
TH2_HKNPDCAD_00419	TH2_contig_2	142959	144020	1062	+	hypothetical protein	hypothetical protein	TH2	HKNPDCAD_00419	HKNPDCAD_00419	
TH2_HKNPDCAD_00420	TH2_contig_2	144239	145273	1035	+	hypothetical protein	hypothetical protein	TH2	HKNPDCAD_00420	HKNPDCAD_00420	
TH2_HKNPDCAD_00421	TH2_contig_2	145334	145687	354	+	hypothetical protein	hypothetical protein	TH2	HKNPDCAD_00421	HKNPDCAD_00421	
TH2_HKNPDCAD_00422	TH2_contig_2	145707	145796	90	-	hypothetical protein	hypothetical protein	TH2	HKNPDCAD_00422	HKNPDCAD_00422	
TH2_HKNPDCAD_00423	TH2_contig_2	146835	147302	468	+	yehL_1	putative protein YehL	TH2	HKNPDCAD_00423	HKNPDCAD_00423	
TH2_HKNPDCAD_00424	TH2_contig_2	147328	147924	597	+	yehL_2	putative protein YehL	TH2	HKNPDCAD_00424	HKNPDCAD_00424	
TH2_HKNPDCAD_00425	TH2_contig_2	147935	150214	2280	+	hypothetical protein	hypothetical protein	TH2	HKNPDCAD_00425	HKNPDCAD_00425	
TH2_HKNPDCAD_00426	TH2_contig_2	150207	150899	693	+	hypothetical protein	hypothetical protein	TH2	HKNPDCAD_00426	HKNPDCAD_00426	
TH2_HKNPDCAD_00427	TH2_contig_2	150884	151156	273	+	hypothetical protein	hypothetical protein	TH2	HKNPDCAD_00427	HKNPDCAD_00427	
TH2_HKNPDCAD_00428	TH2_contig_2	151338	152819	1482	+	hypothetical protein	hypothetical protein	TH2	HKNPDCAD_00428	HKNPDCAD_00428	
TH2_HKNPDCAD_00429	TH2_contig_2	152897	153337	441	+	hypothetical protein	hypothetical protein	TH2	HKNPDCAD_00429	HKNPDCAD_00429	
TH2_HKNPDCAD_00430	TH2_contig_2	153462	153923	462	+	yehR	putative lipoprotein YehR	TH2	HKNPDCAD_00430	HKNPDCAD_00430	
TH2_HKNPDCAD_00431	TH2_contig_2	154137	154433	297	-	hypothetical protein	hypothetical protein	TH2	HKNPDCAD_00431	HKNPDCAD_00431	
TH2_HKNPDCAD_00432	TH2_contig_2	154480	155199	720	-	btsR	Transcriptional regulatory protein BtsR	TH2	HKNPDCAD_00432	HKNPDCAD_00432	
TH2_HKNPDCAD_00433	TH2_contig_2	155196	156569	1374	-	btsS_1	Sensor histidine kinase BtsS	TH2	HKNPDCAD_00433	HKNPDCAD_00433	
TH2_HKNPDCAD_00434	TH2_contig_2	156566	156880	315	-	btsS_2	Sensor histidine kinase BtsS	TH2	HKNPDCAD_00434	HKNPDCAD_00434	
TH2_HKNPDCAD_00435	TH2_contig_2	157102	157833	732	+	mlrA	HTH-type transcriptional regulator MlrA	TH2	HKNPDCAD_00435	HKNPDCAD_00435	
TH2_HKNPDCAD_00436	TH2_contig_2	157893	158000	108	+	hypothetical protein	hypothetical protein	TH2	HKNPDCAD_00436	HKNPDCAD_00436	
TH2_HKNPDCAD_00437	TH2_contig_2	157981	158712	732	-	yehW	Glycine betaine uptake system permease protein YehW	TH2	HKNPDCAD_00437	HKNPDCAD_00437	
TH2_HKNPDCAD_00438	TH2_contig_2	158717	159643	927	-	yehX	Glycine betaine uptake system ATP-binding protein YehX	TH2	HKNPDCAD_00438	HKNPDCAD_00438	
TH2_HKNPDCAD_00439	TH2_contig_2	159636	160793	1158	-	yehY	Glycine betaine uptake system permease protein YehY	TH2	HKNPDCAD_00439	HKNPDCAD_00439	
TH2_HKNPDCAD_00440	TH2_contig_2	160800	161579	780	-	yehZ	Glycine betaine-binding protein YehZ	TH2	HKNPDCAD_00440	HKNPDCAD_00440	
TH2_HKNPDCAD_00441	TH2_contig_2	161927	164194	2268	-	Beta-xylosidase	Beta-xylosidase	TH2	HKNPDCAD_00441	HKNPDCAD_00441	
TH2_HKNPDCAD_00442	TH2_contig_2	164420	165286	867	+	dld_1	Quinone-dependent D-lactate dehydrogenase	TH2	HKNPDCAD_00442	HKNPDCAD_00442	
TH2_HKNPDCAD_00443	TH2_contig_2	165250	166134	885	+	dld_2	Quinone-dependent D-lactate dehydrogenase	TH2	HKNPDCAD_00443	HKNPDCAD_00443	
TH2_HKNPDCAD_00444	TH2_contig_2	166172	167104	933	-	pbpG	D-alanyl-D-alanine endopeptidase	TH2	HKNPDCAD_00444	HKNPDCAD_00444	
TH2_HKNPDCAD_00445	TH2_contig_2	167278	167865	588	-	yohC	Inner membrane protein YohC	TH2	HKNPDCAD_00445	HKNPDCAD_00445	
TH2_HKNPDCAD_00446	TH2_contig_2	168035	168613	579	+	yohD	Inner membrane protein YohD	TH2	HKNPDCAD_00446	HKNPDCAD_00446	
TH2_HKNPDCAD_00447	TH2_contig_2	168743	169504	762	-	yohF	putative oxidoreductase YohF	TH2	HKNPDCAD_00447	HKNPDCAD_00447	
TH2_HKNPDCAD_00448	TH2_contig_2	169557	170993	1437	-	ttgI	Toluene efflux pump outer membrane protein TtgI	TH2	HKNPDCAD_00448	HKNPDCAD_00448	
TH2_HKNPDCAD_00449	TH2_contig_2	171673	172620	948	-	dusC	tRNA-dihydrouridine(16) synthase	TH2	HKNPDCAD_00449	HKNPDCAD_00449	
TH2_HKNPDCAD_00450	TH2_contig_2	172682	173875	1194	-	mhbM	3-hydroxybenzoate 6-hydroxylase	TH2	HKNPDCAD_00450	HKNPDCAD_00450	
TH2_HKNPDCAD_00451	TH2_contig_2	173890	174288	399	-	nagL_1	Maleylpyruvate isomerase	TH2	HKNPDCAD_00451	HKNPDCAD_00451	
TH2_HKNPDCAD_00452	TH2_contig_2	174288	174533	246	-	nagL_2	Maleylpyruvate isomerase	TH2	HKNPDCAD_00452	HKNPDCAD_00452	
TH2_HKNPDCAD_00453	TH2_contig_2	174542	175243	702	-	nagK_1	Fumarylpyruvate hydrolase	TH2	HKNPDCAD_00453	HKNPDCAD_00453	
TH2_HKNPDCAD_00454	TH2_contig_2	175259	176287	1029	-	sdgD	Gentisate 1,2-dioxygenase	TH2	HKNPDCAD_00454	HKNPDCAD_00454	
TH2_HKNPDCAD_00455	TH2_contig_2	176299	177657	1359	-	mhbT	3-hydroxybenzoate transporter MhbT	TH2	HKNPDCAD_00455	HKNPDCAD_00455	
TH2_HKNPDCAD_00456	TH2_contig_2	177784	178692	909	+	gbpR	HTH-type transcriptional regulator GbpR	TH2	HKNPDCAD_00456	HKNPDCAD_00456	
TH2_HKNPDCAD_00457	TH2_contig_2	178823	179221	399	+	hypothetical protein	hypothetical protein	TH2	HKNPDCAD_00457	HKNPDCAD_00457	
TH2_HKNPDCAD_00458	TH2_contig_2	179218	179913	696	+	yohK	Inner membrane protein YohK	TH2	HKNPDCAD_00458	HKNPDCAD_00458	
TH2_HKNPDCAD_00459	TH2_contig_2	180043	180927	885	+	cdd	Cytidine deaminase	TH2	HKNPDCAD_00459	HKNPDCAD_00459	
TH2_HKNPDCAD_00460	TH2_contig_2	181077	181796	720	+	hypothetical protein	hypothetical protein	TH2	HKNPDCAD_00460	HKNPDCAD_00460	
TH2_HKNPDCAD_00461	TH2_contig_2	181799	182038	240	+	hypothetical protein	hypothetical protein	TH2	HKNPDCAD_00461	HKNPDCAD_00461	
TH2_HKNPDCAD_00462	TH2_contig_2	182232	183470	1239	+	preT	NAD-dependent dihydropyrimidine dehydrogenase subunit PreT	TH2	HKNPDCAD_00462	HKNPDCAD_00462	
TH2_HKNPDCAD_00463	TH2_contig_2	183464	184699	1236	+	preA	NAD-dependent dihydropyrimidine dehydrogenase subunit PreA	TH2	HKNPDCAD_00463	HKNPDCAD_00463	
TH2_HKNPDCAD_00464	TH2_contig_2	184942	185952	1011	-	mglC	Galactoside transport system permease protein MglC	TH2	HKNPDCAD_00464	HKNPDCAD_00464	
TH2_HKNPDCAD_00465	TH2_contig_2	185968	187488	1521	-	mglA_1	Galactose/methyl galactoside import ATP-binding protein MglA	TH2	HKNPDCAD_00465	HKNPDCAD_00465	
TH2_HKNPDCAD_00466	TH2_contig_2	187549	188547	999	-	mglB	D-galactose-binding periplasmic protein	TH2	HKNPDCAD_00466	HKNPDCAD_00466	
TH2_HKNPDCAD_00467	TH2_contig_2	188827	189867	1041	-	galS	HTH-type transcriptional regulator GalS	TH2	HKNPDCAD_00467	HKNPDCAD_00467	
TH2_HKNPDCAD_00468	TH2_contig_2	190009	191166	1158	-	hypothetical protein	hypothetical protein	TH2	HKNPDCAD_00468	HKNPDCAD_00468	
TH2_HKNPDCAD_00469	TH2_contig_2	191183	191851	669	-	folE	GTP cyclohydrolase 1	TH2	HKNPDCAD_00469	HKNPDCAD_00469	
TH2_HKNPDCAD_00470	TH2_contig_2	192109	192945	837	+	yeiG	S-formylglutathione hydrolase YeiG	TH2	HKNPDCAD_00470	HKNPDCAD_00470	
TH2_HKNPDCAD_00471	TH2_contig_2	192977	194968	1992	-	cirA	Colicin I receptor	TH2	HKNPDCAD_00471	HKNPDCAD_00471	
TH2_HKNPDCAD_00472	TH2_contig_2	195261	196730	1470	-	lysP	Lysine-specific permease	TH2	HKNPDCAD_00472	HKNPDCAD_00472	
TH2_HKNPDCAD_00473	TH2_contig_2	196935	197816	882	-	cysL	HTH-type transcriptional regulator CysL	TH2	HKNPDCAD_00473	HKNPDCAD_00473	
TH2_HKNPDCAD_00474	TH2_contig_2	197915	198886	972	+	hypothetical protein	hypothetical protein	TH2	HKNPDCAD_00474	HKNPDCAD_00474	
TH2_HKNPDCAD_00475	TH2_contig_2	199037	199894	858	+	nfo	Endonuclease 4	TH2	HKNPDCAD_00475	HKNPDCAD_00475	
TH2_HKNPDCAD_00476	TH2_contig_2	199897	200985	1089	+	psuK_1	Pseudouridine kinase	TH2	HKNPDCAD_00476	HKNPDCAD_00476	
TH2_HKNPDCAD_00477	TH2_contig_2	201092	202342	1251	-	nupX	Putative nucleoside permease NupX	TH2	HKNPDCAD_00477	HKNPDCAD_00477	
TH2_HKNPDCAD_00478	TH2_contig_2	202442	203383	942	-	rihB	Pyrimidine-specific ribonucleoside hydrolase RihB	TH2	HKNPDCAD_00478	HKNPDCAD_00478	
TH2_HKNPDCAD_00479	TH2_contig_2	203513	204211	699	+	yeiL	Regulatory protein YeiL	TH2	HKNPDCAD_00479	HKNPDCAD_00479	
TH2_HKNPDCAD_00480	TH2_contig_2	204282	205532	1251	-	psuT	Putative pseudouridine transporter	TH2	HKNPDCAD_00480	HKNPDCAD_00480	
TH2_HKNPDCAD_00481	TH2_contig_2	205626	206564	939	-	psuG	Pseudouridine-5'-phosphate glycosidase	TH2	HKNPDCAD_00481	HKNPDCAD_00481	
TH2_HKNPDCAD_00482	TH2_contig_2	206552	207493	942	-	psuK_2	Pseudouridine kinase	TH2	HKNPDCAD_00482	HKNPDCAD_00482	
TH2_HKNPDCAD_00483	TH2_contig_2	207917	209608	1692	-	fruA_1	PTS system fructose-specific EIIB'BC component	TH2	HKNPDCAD_00483	HKNPDCAD_00483	
TH2_HKNPDCAD_00484	TH2_contig_2	209625	210563	939	-	lacC	Tagatose-6-phosphate kinase	TH2	HKNPDCAD_00484	HKNPDCAD_00484	
TH2_HKNPDCAD_00485	TH2_contig_2	210563	211693	1131	-	fruB	Multiphosphoryl transfer protein	TH2	HKNPDCAD_00485	HKNPDCAD_00485	
TH2_HKNPDCAD_00486	TH2_contig_2	212060	213241	1182	+	setB	Sugar efflux transporter B	TH2	HKNPDCAD_00486	HKNPDCAD_00486	
TH2_HKNPDCAD_00487	TH2_contig_2	213238	213492	255	-	hypothetical protein	hypothetical protein	TH2	HKNPDCAD_00487	HKNPDCAD_00487	
TH2_HKNPDCAD_00488	TH2_contig_2	213647	214336	690	+	yeiP	Elongation factor P-like protein	TH2	HKNPDCAD_00488	HKNPDCAD_00488	
TH2_HKNPDCAD_00489	TH2_contig_2	214441	215496	1056	+	por_1	Polyol:NADP oxidoreductase	TH2	HKNPDCAD_00489	HKNPDCAD_00489	
TH2_HKNPDCAD_00490	TH2_contig_2	215547	215822	276	+	IS1 family transposase IS1A	IS1 family transposase IS1A	TH2	HKNPDCAD_00490	HKNPDCAD_00490	
TH2_HKNPDCAD_00491	TH2_contig_2	215867	216244	378	+	IS1 family transposase IS1A	IS1 family transposase IS1A	TH2	HKNPDCAD_00491	HKNPDCAD_00491	
TH2_HKNPDCAD_00492	TH2_contig_2	216328	216684	357	+	hypothetical protein	hypothetical protein	TH2	HKNPDCAD_00492	HKNPDCAD_00492	
TH2_HKNPDCAD_00493	TH2_contig_2	216802	217452	651	+	yeiR_1	Zinc-binding GTPase YeiR	TH2	HKNPDCAD_00493	HKNPDCAD_00493	
TH2_HKNPDCAD_00494	TH2_contig_2	217593	217787	195	+	yeiR_2	Zinc-binding GTPase YeiR	TH2	HKNPDCAD_00494	HKNPDCAD_00494	
TH2_HKNPDCAD_00495	TH2_contig_2	217826	218539	714	+	lpxT	Lipid A 1-diphosphate synthase	TH2	HKNPDCAD_00495	HKNPDCAD_00495	
TH2_HKNPDCAD_00496	TH2_contig_2	218951	219517	567	+	mepS_1	Murein DD-endopeptidase MepS/Murein LD-carboxypeptidase	TH2	HKNPDCAD_00496	HKNPDCAD_00496	
TH2_HKNPDCAD_00497	TH2_contig_2	219698	221254	1557	+	pdeN	putative cyclic di-GMP phosphodiesterase PdeN	TH2	HKNPDCAD_00497	HKNPDCAD_00497	
TH2_HKNPDCAD_00498	TH2_contig_2	221336	223150	1815	+	hypothetical protein	hypothetical protein	TH2	HKNPDCAD_00498	HKNPDCAD_00498	
TH2_HKNPDCAD_00499	TH2_contig_2	223151	224245	1095	+	yejB	Inner membrane ABC transporter permease protein YejB	TH2	HKNPDCAD_00499	HKNPDCAD_00499	
TH2_HKNPDCAD_00500	TH2_contig_2	224245	225270	1026	+	yejE	Inner membrane ABC transporter permease protein YejE	TH2	HKNPDCAD_00500	HKNPDCAD_00500	
TH2_HKNPDCAD_00501	TH2_contig_2	225272	226861	1590	+	yejF	putative ABC transporter ATP-binding protein YejF	TH2	HKNPDCAD_00501	HKNPDCAD_00501	
TH2_HKNPDCAD_00502	TH2_contig_2	226865	227209	345	-	yejG	putative protein YejG	TH2	HKNPDCAD_00502	HKNPDCAD_00502	
TH2_HKNPDCAD_00503	TH2_contig_2	227542	228732	1191	-	bcr_1	Bicyclomycin resistance protein	TH2	HKNPDCAD_00503	HKNPDCAD_00503	
TH2_HKNPDCAD_00504	TH2_contig_2	228760	229455	696	-	rsuA	Ribosomal small subunit pseudouridine synthase A	TH2	HKNPDCAD_00504	HKNPDCAD_00504	
TH2_HKNPDCAD_00505	TH2_contig_2	229604	230479	876	+	radD_1	Putative DNA repair helicase RadD	TH2	HKNPDCAD_00505	HKNPDCAD_00505	
TH2_HKNPDCAD_00506	TH2_contig_2	230473	230811	339	+	radD_2	Putative DNA repair helicase RadD	TH2	HKNPDCAD_00506	HKNPDCAD_00506	
TH2_HKNPDCAD_00507	TH2_contig_2	230808	231362	555	+	radD_3	Putative DNA repair helicase RadD	TH2	HKNPDCAD_00507	HKNPDCAD_00507	
TH2_HKNPDCAD_00508	TH2_contig_2	231487	231771	285	+	rplY	50S ribosomal protein L25	TH2	HKNPDCAD_00508	HKNPDCAD_00508	
TH2_HKNPDCAD_00509	TH2_contig_2	231910	232917	1008	-	yejK	Nucleoid-associated protein YejK	TH2	HKNPDCAD_00509	HKNPDCAD_00509	
TH2_HKNPDCAD_00510	TH2_contig_2	233098	233325	228	+	hypothetical protein	hypothetical protein	TH2	HKNPDCAD_00510	HKNPDCAD_00510	
TH2_HKNPDCAD_00511	TH2_contig_2	233345	235105	1761	+	yejM	Inner membrane protein YejM	TH2	HKNPDCAD_00511	HKNPDCAD_00511	
TH2_HKNPDCAD_00513	TH2_contig_2	235359	235886	528	-	putative autotransporter	putative autotransporter	TH2	HKNPDCAD_00513	HKNPDCAD_00513	
TH2_HKNPDCAD_00514	TH2_contig_2	235883	237412	1530	-	putative autotransporter	putative autotransporter	TH2	HKNPDCAD_00514	HKNPDCAD_00514	
TH2_HKNPDCAD_00515	TH2_contig_2	237429	237947	519	-	hypothetical protein	hypothetical protein	TH2	HKNPDCAD_00515	HKNPDCAD_00515	
TH2_HKNPDCAD_00516	TH2_contig_2	238267	238914	648	+	narL	Nitrate/nitrite response regulator protein NarL	TH2	HKNPDCAD_00516	HKNPDCAD_00516	
TH2_HKNPDCAD_00517	TH2_contig_2	239125	239970	846	-	ccmH_1	Cytochrome c-type biogenesis protein CcmH	TH2	HKNPDCAD_00517	HKNPDCAD_00517	
TH2_HKNPDCAD_00518	TH2_contig_2	239975	240175	201	-	ccmH_2	Cytochrome c-type biogenesis protein CcmH	TH2	HKNPDCAD_00518	HKNPDCAD_00518	
TH2_HKNPDCAD_00519	TH2_contig_2	240172	240729	558	-	dsbE	Thiol:disulfide interchange protein DsbE	TH2	HKNPDCAD_00519	HKNPDCAD_00519	
TH2_HKNPDCAD_00520	TH2_contig_2	240726	242669	1944	-	ccmF_1	Cytochrome c-type biogenesis protein CcmF	TH2	HKNPDCAD_00520	HKNPDCAD_00520	
TH2_HKNPDCAD_00521	TH2_contig_2	242666	243145	480	-	ccmE	Cytochrome c-type biogenesis protein CcmE	TH2	HKNPDCAD_00521	HKNPDCAD_00521	
TH2_HKNPDCAD_00522	TH2_contig_2	243142	243351	210	-	ccmD	Heme exporter protein D	TH2	HKNPDCAD_00522	HKNPDCAD_00522	
TH2_HKNPDCAD_00523	TH2_contig_2	243348	244109	762	-	ccmC	Heme exporter protein C	TH2	HKNPDCAD_00523	HKNPDCAD_00523	
TH2_HKNPDCAD_00524	TH2_contig_2	244127	244789	663	-	ccmB	Heme exporter protein B	TH2	HKNPDCAD_00524	HKNPDCAD_00524	
TH2_HKNPDCAD_00525	TH2_contig_2	244866	245402	537	-	ccmA	Cytochrome c biogenesis ATP-binding export protein CcmA	TH2	HKNPDCAD_00525	HKNPDCAD_00525	
TH2_HKNPDCAD_00526	TH2_contig_2	245421	246023	603	-	napC	Cytochrome c-type protein NapC	TH2	HKNPDCAD_00526	HKNPDCAD_00526	
TH2_HKNPDCAD_00527	TH2_contig_2	246033	246482	450	-	napB	Periplasmic nitrate reductase, electron transfer subunit	TH2	HKNPDCAD_00527	HKNPDCAD_00527	
TH2_HKNPDCAD_00528	TH2_contig_2	246479	247231	753	-	napH	Ferredoxin-type protein NapH	TH2	HKNPDCAD_00528	HKNPDCAD_00528	
TH2_HKNPDCAD_00529	TH2_contig_2	247222	247341	120	-	hypothetical protein	hypothetical protein	TH2	HKNPDCAD_00529	HKNPDCAD_00529	
TH2_HKNPDCAD_00530	TH2_contig_2	247328	248023	696	-	napG	Ferredoxin-type protein NapG	TH2	HKNPDCAD_00530	HKNPDCAD_00530	
TH2_HKNPDCAD_00531	TH2_contig_2	248030	250516	2487	-	napA	Periplasmic nitrate reductase	TH2	HKNPDCAD_00531	HKNPDCAD_00531	
TH2_HKNPDCAD_00532	TH2_contig_2	250513	250776	264	-	napD	Chaperone NapD	TH2	HKNPDCAD_00532	HKNPDCAD_00532	
TH2_HKNPDCAD_00533	TH2_contig_2	250766	251260	495	-	napF	Ferredoxin-type protein NapF	TH2	HKNPDCAD_00533	HKNPDCAD_00533	
TH2_HKNPDCAD_00534	TH2_contig_2	251369	251533	165	+	hypothetical protein	hypothetical protein	TH2	HKNPDCAD_00534	HKNPDCAD_00534	
TH2_HKNPDCAD_00535	TH2_contig_2	251668	252156	489	+	eco	Ecotin	TH2	HKNPDCAD_00535	HKNPDCAD_00535	
TH2_HKNPDCAD_00536	TH2_contig_2	252873	254519	1647	-	mqo	Malate:quinone oxidoreductase	TH2	HKNPDCAD_00536	HKNPDCAD_00536	
TH2_HKNPDCAD_00537	TH2_contig_2	254737	256380	1644	-	yojI	ABC transporter ATP-binding/permease protein YojI	TH2	HKNPDCAD_00537	HKNPDCAD_00537	
TH2_HKNPDCAD_00538	TH2_contig_2	256456	257106	651	-	alkB	Alpha-ketoglutarate-dependent dioxygenase AlkB	TH2	HKNPDCAD_00538	HKNPDCAD_00538	
TH2_HKNPDCAD_00539	TH2_contig_2	257106	258170	1065	-	ada	Bifunctional transcriptional activator/DNA repair enzyme Ada	TH2	HKNPDCAD_00539	HKNPDCAD_00539	
TH2_HKNPDCAD_00540	TH2_contig_2	258198	259298	1101	-	apbE	FAD:protein FMN transferase	TH2	HKNPDCAD_00540	HKNPDCAD_00540	
TH2_HKNPDCAD_00541	TH2_contig_2	259410	260540	1131	-	ompC	Outer membrane protein C	TH2	HKNPDCAD_00541	HKNPDCAD_00541	
TH2_HKNPDCAD_00542	TH2_contig_2	261279	261563	285	+	rcsD_1	Phosphotransferase RcsD	TH2	HKNPDCAD_00542	HKNPDCAD_00542	
TH2_HKNPDCAD_00543	TH2_contig_2	261659	263950	2292	+	rcsD_2	Phosphotransferase RcsD	TH2	HKNPDCAD_00543	HKNPDCAD_00543	
TH2_HKNPDCAD_00544	TH2_contig_2	263967	264617	651	+	rcsB	Transcriptional regulatory protein RcsB	TH2	HKNPDCAD_00544	HKNPDCAD_00544	
TH2_HKNPDCAD_00545	TH2_contig_2	264817	267666	2850	-	rcsC	Sensor histidine kinase RcsC	TH2	HKNPDCAD_00545	HKNPDCAD_00545	
TH2_HKNPDCAD_00546	TH2_contig_2	267833	269692	1860	+	atoS	Signal transduction histidine-protein kinase AtoS	TH2	HKNPDCAD_00546	HKNPDCAD_00546	
TH2_HKNPDCAD_00547	TH2_contig_2	269627	270004	378	-	IS1 family transposase IS1A	IS1 family transposase IS1A	TH2	HKNPDCAD_00547	HKNPDCAD_00547	
TH2_HKNPDCAD_00548	TH2_contig_2	270049	270324	276	-	IS1 family transposase IS1A	IS1 family transposase IS1A	TH2	HKNPDCAD_00548	HKNPDCAD_00548	
TH2_HKNPDCAD_00549	TH2_contig_2	270453	270716	264	+	atoC	Regulatory protein AtoC	TH2	HKNPDCAD_00549	HKNPDCAD_00549	
TH2_HKNPDCAD_00550	TH2_contig_2	270912	271442	531	+	atoD	Acetate CoA-transferase subunit alpha	TH2	HKNPDCAD_00550	HKNPDCAD_00550	
TH2_HKNPDCAD_00551	TH2_contig_2	271573	272223	651	+	atoA	Acetate CoA-transferase subunit beta	TH2	HKNPDCAD_00551	HKNPDCAD_00551	
TH2_HKNPDCAD_00552	TH2_contig_2	272220	273542	1323	+	atoE	Putative short-chain fatty acid transporter	TH2	HKNPDCAD_00552	HKNPDCAD_00552	
TH2_HKNPDCAD_00553	TH2_contig_2	273573	273926	354	+	atoB_1	Acetyl-CoA acetyltransferase	TH2	HKNPDCAD_00553	HKNPDCAD_00553	
TH2_HKNPDCAD_00554	TH2_contig_2	273914	274390	477	+	atoB_2	Acetyl-CoA acetyltransferase	TH2	HKNPDCAD_00554	HKNPDCAD_00554	
TH2_HKNPDCAD_00555	TH2_contig_2	274434	274754	321	+	atoB_3	Acetyl-CoA acetyltransferase	TH2	HKNPDCAD_00555	HKNPDCAD_00555	
TH2_HKNPDCAD_00556	TH2_contig_2	274828	275574	747	-	hypothetical protein	hypothetical protein	TH2	HKNPDCAD_00556	HKNPDCAD_00556	
TH2_HKNPDCAD_00557	TH2_contig_2	275608	277257	1650	-	hypothetical protein	hypothetical protein	TH2	HKNPDCAD_00557	HKNPDCAD_00557	
TH2_HKNPDCAD_00558	TH2_contig_2	277258	281652	4395	-	hypothetical protein	hypothetical protein	TH2	HKNPDCAD_00558	HKNPDCAD_00558	
TH2_HKNPDCAD_00559	TH2_contig_2	281796	282419	624	-	hypothetical protein	hypothetical protein	TH2	HKNPDCAD_00559	HKNPDCAD_00559	
TH2_HKNPDCAD_00560	TH2_contig_2	282416	283969	1554	-	hypothetical protein	hypothetical protein	TH2	HKNPDCAD_00560	HKNPDCAD_00560	
TH2_HKNPDCAD_00561	TH2_contig_2	284254	286881	2628	-	gyrA	DNA gyrase subunit A	TH2	HKNPDCAD_00561	HKNPDCAD_00561	
TH2_HKNPDCAD_00562	TH2_contig_2	287028	287750	723	+	ubiG	Ubiquinone biosynthesis O-methyltransferase	TH2	HKNPDCAD_00562	HKNPDCAD_00562	
TH2_HKNPDCAD_00563	TH2_contig_2	287878	291630	3753	-	yfaL	putative autotransporter YfaL	TH2	HKNPDCAD_00563	HKNPDCAD_00563	
TH2_HKNPDCAD_00564	TH2_contig_2	292326	294611	2286	+	nrdA	Ribonucleoside-diphosphate reductase 1 subunit alpha	TH2	HKNPDCAD_00564	HKNPDCAD_00564	
TH2_HKNPDCAD_00565	TH2_contig_2	294844	295974	1131	+	nrdB	Ribonucleoside-diphosphate reductase 1 subunit beta	TH2	HKNPDCAD_00565	HKNPDCAD_00565	
TH2_HKNPDCAD_00566	TH2_contig_2	295974	296372	399	+	hypothetical protein	hypothetical protein	TH2	HKNPDCAD_00566	HKNPDCAD_00566	
TH2_HKNPDCAD_00567	TH2_contig_2	296281	296931	651	-	inaA	Protein InaA	TH2	HKNPDCAD_00567	HKNPDCAD_00567	
TH2_HKNPDCAD_00568	TH2_contig_2	297146	297352	207	+	hypothetical protein	hypothetical protein	TH2	HKNPDCAD_00568	HKNPDCAD_00568	
TH2_HKNPDCAD_00569	TH2_contig_2	297394	298470	1077	-	glpQ	Glycerophosphodiester phosphodiesterase, periplasmic	TH2	HKNPDCAD_00569	HKNPDCAD_00569	
TH2_HKNPDCAD_00570	TH2_contig_2	298475	299833	1359	-	glpT	Glycerol-3-phosphate transporter	TH2	HKNPDCAD_00570	HKNPDCAD_00570	
TH2_HKNPDCAD_00571	TH2_contig_2	300106	301734	1629	+	glpA	Anaerobic glycerol-3-phosphate dehydrogenase subunit A	TH2	HKNPDCAD_00571	HKNPDCAD_00571	
TH2_HKNPDCAD_00572	TH2_contig_2	301724	302983	1260	+	glpB	Anaerobic glycerol-3-phosphate dehydrogenase subunit B	TH2	HKNPDCAD_00572	HKNPDCAD_00572	
TH2_HKNPDCAD_00573	TH2_contig_2	302980	304170	1191	+	glpC	Anaerobic glycerol-3-phosphate dehydrogenase subunit C	TH2	HKNPDCAD_00573	HKNPDCAD_00573	
TH2_HKNPDCAD_00574	TH2_contig_2	304363	305358	996	+	ISNCY family transposase ISRor2	ISNCY family transposase ISRor2	TH2	HKNPDCAD_00574	HKNPDCAD_00574	
TH2_HKNPDCAD_00575	TH2_contig_2	305371	305556	186	+	hypothetical protein	hypothetical protein	TH2	HKNPDCAD_00575	HKNPDCAD_00575	
TH2_HKNPDCAD_00576	TH2_contig_2	305597	306400	804	-	rhmA	2-keto-3-deoxy-L-rhamnonate aldolase	TH2	HKNPDCAD_00576	HKNPDCAD_00576	
TH2_HKNPDCAD_00577	TH2_contig_2	306418	307707	1290	-	rhmT	Inner membrane transport protein RhmT	TH2	HKNPDCAD_00577	HKNPDCAD_00577	
TH2_HKNPDCAD_00578	TH2_contig_2	307764	308969	1206	-	rhmD	L-rhamnonate dehydratase	TH2	HKNPDCAD_00578	HKNPDCAD_00578	
TH2_HKNPDCAD_00579	TH2_contig_2	308984	309766	783	-	rhmR	putative HTH-type transcriptional regulator RhmR	TH2	HKNPDCAD_00579	HKNPDCAD_00579	
TH2_HKNPDCAD_00580	TH2_contig_2	309986	311188	1203	-	pncC_1	Nicotinamide-nucleotide amidohydrolase PncC	TH2	HKNPDCAD_00580	HKNPDCAD_00580	
TH2_HKNPDCAD_00581	TH2_contig_2	311288	311830	543	-	hypothetical protein	hypothetical protein	TH2	HKNPDCAD_00581	HKNPDCAD_00581	
TH2_HKNPDCAD_00582	TH2_contig_2	312109	312534	426	+	nudI	Nucleoside triphosphatase NudI	TH2	HKNPDCAD_00582	HKNPDCAD_00582	
TH2_HKNPDCAD_00583	TH2_contig_2	312573	313175	603	-	ais	Lipopolysaccharide core heptose(II)-phosphate phosphatase	TH2	HKNPDCAD_00583	HKNPDCAD_00583	
TH2_HKNPDCAD_00584	TH2_contig_2	313465	314622	1158	+	arnB	UDP-4-amino-4-deoxy-L-arabinose--oxoglutarate aminotransferase	TH2	HKNPDCAD_00584	HKNPDCAD_00584	
TH2_HKNPDCAD_00585	TH2_contig_2	314626	314997	372	+	arnC_1	Undecaprenyl-phosphate 4-deoxy-4-formamido-L-arabinose transferase	TH2	HKNPDCAD_00585	HKNPDCAD_00585	
TH2_HKNPDCAD_00586	TH2_contig_2	314964	315593	630	+	arnC_2	Undecaprenyl-phosphate 4-deoxy-4-formamido-L-arabinose transferase	TH2	HKNPDCAD_00586	HKNPDCAD_00586	
TH2_HKNPDCAD_00587	TH2_contig_2	315593	317440	1848	+	arnA	Bifunctional polymyxin resistance protein ArnA	TH2	HKNPDCAD_00587	HKNPDCAD_00587	
TH2_HKNPDCAD_00588	TH2_contig_2	317571	318461	891	+	arnD	putative 4-deoxy-4-formamido-L-arabinose-phosphoundecaprenol deformylase ArnD	TH2	HKNPDCAD_00588	HKNPDCAD_00588	
TH2_HKNPDCAD_00589	TH2_contig_2	318461	319138	678	+	arnT_1	Undecaprenyl phosphate-alpha-4-amino-4-deoxy-L-arabinose arabinosyl transferase	TH2	HKNPDCAD_00589	HKNPDCAD_00589	
TH2_HKNPDCAD_00590	TH2_contig_2	319102	320112	1011	+	arnT_2	Undecaprenyl phosphate-alpha-4-amino-4-deoxy-L-arabinose arabinosyl transferase	TH2	HKNPDCAD_00590	HKNPDCAD_00590	
TH2_HKNPDCAD_00591	TH2_contig_2	320109	320444	336	+	arnE	putative 4-amino-4-deoxy-L-arabinose-phosphoundecaprenol flippase subunit ArnE	TH2	HKNPDCAD_00591	HKNPDCAD_00591	
TH2_HKNPDCAD_00592	TH2_contig_2	320444	320830	387	+	arnF	putative 4-amino-4-deoxy-L-arabinose-phosphoundecaprenol flippase subunit ArnF	TH2	HKNPDCAD_00592	HKNPDCAD_00592	
TH2_HKNPDCAD_00593	TH2_contig_2	320824	321090	267	-	pmrD	Signal transduction protein PmrD	TH2	HKNPDCAD_00593	HKNPDCAD_00593	
TH2_HKNPDCAD_00594	TH2_contig_2	321200	322555	1356	-	menE	2-succinylbenzoate--CoA ligase	TH2	HKNPDCAD_00594	HKNPDCAD_00594	
TH2_HKNPDCAD_00595	TH2_contig_2	322552	323391	840	-	menC	o-succinylbenzoate synthase	TH2	HKNPDCAD_00595	HKNPDCAD_00595	
TH2_HKNPDCAD_00596	TH2_contig_2	323513	323710	198	-	menB_1	1,4-dihydroxy-2-naphthoyl-CoA synthase	TH2	HKNPDCAD_00596	HKNPDCAD_00596	
TH2_HKNPDCAD_00597	TH2_contig_2	323674	324369	696	-	menB_2	1,4-dihydroxy-2-naphthoyl-CoA synthase	TH2	HKNPDCAD_00597	HKNPDCAD_00597	
TH2_HKNPDCAD_00598	TH2_contig_2	324384	325142	759	-	menH	2-succinyl-6-hydroxy-2,4-cyclohexadiene-1-carboxylate synthase	TH2	HKNPDCAD_00598	HKNPDCAD_00598	
TH2_HKNPDCAD_00599	TH2_contig_2	325139	326809	1671	-	menD	2-succinyl-5-enolpyruvyl-6-hydroxy-3-cyclohexene-1-carboxylate synthase	TH2	HKNPDCAD_00599	HKNPDCAD_00599	
TH2_HKNPDCAD_00600	TH2_contig_2	326898	328193	1296	-	menF	Isochorismate synthase MenF	TH2	HKNPDCAD_00600	HKNPDCAD_00600	
TH2_HKNPDCAD_00601	TH2_contig_2	328272	328577	306	-	elaB	Protein ElaB	TH2	HKNPDCAD_00601	HKNPDCAD_00601	
TH2_HKNPDCAD_00602	TH2_contig_2	328632	329093	462	-	elaA	Protein ElaA	TH2	HKNPDCAD_00602	HKNPDCAD_00602	
TH2_HKNPDCAD_00603	TH2_contig_2	329140	330075	936	+	rbn	Ribonuclease BN	TH2	HKNPDCAD_00603	HKNPDCAD_00603	
TH2_HKNPDCAD_00604	TH2_contig_2	330266	330634	369	+	elaD_1	Protease ElaD	TH2	HKNPDCAD_00604	HKNPDCAD_00604	
TH2_HKNPDCAD_00605	TH2_contig_2	330634	331011	378	+	elaD_2	Protease ElaD	TH2	HKNPDCAD_00605	HKNPDCAD_00605	
TH2_HKNPDCAD_00606	TH2_contig_2	331032	331472	441	+	elaD_3	Protease ElaD	TH2	HKNPDCAD_00606	HKNPDCAD_00606	
TH2_HKNPDCAD_00607	TH2_contig_2	332590	333093	504	+	yfbM	Protein YfbM	TH2	HKNPDCAD_00607	HKNPDCAD_00607	
TH2_HKNPDCAD_00608	TH2_contig_2	333159	334616	1458	-	nuoN	NADH-quinone oxidoreductase subunit N	TH2	HKNPDCAD_00608	HKNPDCAD_00608	
TH2_HKNPDCAD_00609	TH2_contig_2	334623	336152	1530	-	nuoM	NADH-quinone oxidoreductase subunit M	TH2	HKNPDCAD_00609	HKNPDCAD_00609	
TH2_HKNPDCAD_00610	TH2_contig_2	336315	338156	1842	-	nuoL	NADH-quinone oxidoreductase subunit L	TH2	HKNPDCAD_00610	HKNPDCAD_00610	
TH2_HKNPDCAD_00611	TH2_contig_2	338153	338455	303	-	nuoK	NADH-quinone oxidoreductase subunit K	TH2	HKNPDCAD_00611	HKNPDCAD_00611	
TH2_HKNPDCAD_00612	TH2_contig_2	338452	339006	555	-	nuoJ	NADH-quinone oxidoreductase subunit J	TH2	HKNPDCAD_00612	HKNPDCAD_00612	
TH2_HKNPDCAD_00613	TH2_contig_2	339018	339560	543	-	nuoI	NADH-quinone oxidoreductase subunit I	TH2	HKNPDCAD_00613	HKNPDCAD_00613	
TH2_HKNPDCAD_00614	TH2_contig_2	339575	340552	978	-	nuoH	NADH-quinone oxidoreductase subunit H	TH2	HKNPDCAD_00614	HKNPDCAD_00614	
TH2_HKNPDCAD_00615	TH2_contig_2	340549	343275	2727	-	nuoG	NADH-quinone oxidoreductase subunit G	TH2	HKNPDCAD_00615	HKNPDCAD_00615	
TH2_HKNPDCAD_00616	TH2_contig_2	343328	343918	591	-	nuoF_1	NADH-quinone oxidoreductase subunit F	TH2	HKNPDCAD_00616	HKNPDCAD_00616	
TH2_HKNPDCAD_00617	TH2_contig_2	343918	344664	747	-	nuoF_2	NADH-quinone oxidoreductase subunit F	TH2	HKNPDCAD_00617	HKNPDCAD_00617	
TH2_HKNPDCAD_00618	TH2_contig_2	344661	345161	501	-	nuoE	NADH-quinone oxidoreductase subunit E	TH2	HKNPDCAD_00618	HKNPDCAD_00618	
TH2_HKNPDCAD_00619	TH2_contig_2	345164	346966	1803	-	nuoC	NADH-quinone oxidoreductase subunit C/D	TH2	HKNPDCAD_00619	HKNPDCAD_00619	
TH2_HKNPDCAD_00620	TH2_contig_2	347060	347722	663	-	nuoB	NADH-quinone oxidoreductase subunit B	TH2	HKNPDCAD_00620	HKNPDCAD_00620	
TH2_HKNPDCAD_00621	TH2_contig_2	347738	347965	228	-	ndhC	NAD(P)H-quinone oxidoreductase subunit 3, chloroplastic	TH2	HKNPDCAD_00621	HKNPDCAD_00621	
TH2_HKNPDCAD_00622	TH2_contig_2	348810	349064	255	-	hypothetical protein	hypothetical protein	TH2	HKNPDCAD_00622	HKNPDCAD_00622	
TH2_HKNPDCAD_00623	TH2_contig_2	349061	349747	687	-	hdfR_1	HTH-type transcriptional regulator HdfR	TH2	HKNPDCAD_00623	HKNPDCAD_00623	
TH2_HKNPDCAD_00624	TH2_contig_2	350667	351536	870	+	alaA_1	Glutamate-pyruvate aminotransferase AlaA	TH2	HKNPDCAD_00624	HKNPDCAD_00624	
TH2_HKNPDCAD_00625	TH2_contig_2	351485	351883	399	+	alaA_2	Glutamate-pyruvate aminotransferase AlaA	TH2	HKNPDCAD_00625	HKNPDCAD_00625	
TH2_HKNPDCAD_00626	TH2_contig_2	351967	352566	600	+	yfbR	5'-deoxynucleotidase YfbR	TH2	HKNPDCAD_00626	HKNPDCAD_00626	
TH2_HKNPDCAD_00627	TH2_contig_2	352625	354457	1833	-	hypothetical protein	hypothetical protein	TH2	HKNPDCAD_00627	HKNPDCAD_00627	
TH2_HKNPDCAD_00628	TH2_contig_2	354544	355194	651	-	hxpA	Hexitol phosphatase A	TH2	HKNPDCAD_00628	HKNPDCAD_00628	
TH2_HKNPDCAD_00629	TH2_contig_2	355205	355699	495	-	hypothetical protein	hypothetical protein	TH2	HKNPDCAD_00629	HKNPDCAD_00629	
TH2_HKNPDCAD_00630	TH2_contig_2	355781	356236	456	-	hypothetical protein	hypothetical protein	TH2	HKNPDCAD_00630	HKNPDCAD_00630	
TH2_HKNPDCAD_00631	TH2_contig_2	356574	357776	1203	+	ackA	Acetate kinase	TH2	HKNPDCAD_00631	HKNPDCAD_00631	
TH2_HKNPDCAD_00632	TH2_contig_2	357851	359995	2145	+	pta	Phosphate acetyltransferase	TH2	HKNPDCAD_00632	HKNPDCAD_00632	
TH2_HKNPDCAD_00633	TH2_contig_2	360185	361705	1521	+	hypothetical protein	hypothetical protein	TH2	HKNPDCAD_00633	HKNPDCAD_00633	
TH2_HKNPDCAD_00634	TH2_contig_2	361738	362280	543	-	yfcD	putative Nudix hydrolase YfcD	TH2	HKNPDCAD_00634	HKNPDCAD_00634	
TH2_HKNPDCAD_00635	TH2_contig_2	362451	362888	438	-	yfcE	Phosphodiesterase YfcE	TH2	HKNPDCAD_00635	HKNPDCAD_00635	
TH2_HKNPDCAD_00636	TH2_contig_2	362944	363588	645	-	yfcF	Glutathione S-transferase YfcF	TH2	HKNPDCAD_00636	HKNPDCAD_00636	
TH2_HKNPDCAD_00637	TH2_contig_2	363724	363984	261	+	yfcG_1	Disulfide-bond oxidoreductase YfcG	TH2	HKNPDCAD_00637	HKNPDCAD_00637	
TH2_HKNPDCAD_00638	TH2_contig_2	363981	364370	390	+	yfcG_2	Disulfide-bond oxidoreductase YfcG	TH2	HKNPDCAD_00638	HKNPDCAD_00638	
TH2_HKNPDCAD_00639	TH2_contig_2	364427	364789	363	+	folX	Dihydroneopterin triphosphate 2'-epimerase	TH2	HKNPDCAD_00639	HKNPDCAD_00639	
TH2_HKNPDCAD_00640	TH2_contig_2	364810	365703	894	+	Epimerase family protein	Epimerase family protein	TH2	HKNPDCAD_00640	HKNPDCAD_00640	
TH2_HKNPDCAD_00641	TH2_contig_2	365751	366641	891	-	ISNCY family transposase ISSen7	ISNCY family transposase ISSen7	TH2	HKNPDCAD_00641	HKNPDCAD_00641	
TH2_HKNPDCAD_00642	TH2_contig_2	366838	367611	774	-	hisP	Histidine transport ATP-binding protein HisP	TH2	HKNPDCAD_00642	HKNPDCAD_00642	
TH2_HKNPDCAD_00643	TH2_contig_2	367619	368335	717	-	hisM	Histidine transport system permease protein HisM	TH2	HKNPDCAD_00643	HKNPDCAD_00643	
TH2_HKNPDCAD_00644	TH2_contig_2	368332	369018	687	-	hisQ	Histidine transport system permease protein HisQ	TH2	HKNPDCAD_00644	HKNPDCAD_00644	
TH2_HKNPDCAD_00645	TH2_contig_2	369108	369890	783	-	hisJ	Histidine-binding periplasmic protein	TH2	HKNPDCAD_00645	HKNPDCAD_00645	
TH2_HKNPDCAD_00646	TH2_contig_2	370111	370893	783	-	argT	Lysine/arginine/ornithine-binding periplasmic protein	TH2	HKNPDCAD_00646	HKNPDCAD_00646	
TH2_HKNPDCAD_00647	TH2_contig_2	371159	371728	570	-	ubiX	Flavin prenyltransferase UbiX	TH2	HKNPDCAD_00647	HKNPDCAD_00647	
TH2_HKNPDCAD_00648	TH2_contig_2	371823	373340	1518	-	purF	Amidophosphoribosyltransferase	TH2	HKNPDCAD_00648	HKNPDCAD_00648	
TH2_HKNPDCAD_00649	TH2_contig_2	373377	373865	489	-	cvpA	Colicin V production protein	TH2	HKNPDCAD_00649	HKNPDCAD_00649	
TH2_HKNPDCAD_00650	TH2_contig_2	374124	374786	663	-	dedD	Cell division protein DedD	TH2	HKNPDCAD_00650	HKNPDCAD_00650	
TH2_HKNPDCAD_00651	TH2_contig_2	374776	376044	1269	-	folC	Dihydrofolate synthase/folylpolyglutamate synthase	TH2	HKNPDCAD_00651	HKNPDCAD_00651	
TH2_HKNPDCAD_00652	TH2_contig_2	376114	377028	915	-	accD	Acetyl-coenzyme A carboxylase carboxyl transferase subunit beta	TH2	HKNPDCAD_00652	HKNPDCAD_00652	
TH2_HKNPDCAD_00653	TH2_contig_2	377184	377843	660	-	dedA	Protein DedA	TH2	HKNPDCAD_00653	HKNPDCAD_00653	
TH2_HKNPDCAD_00654	TH2_contig_2	377926	378738	813	-	truA	tRNA pseudouridine synthase A	TH2	HKNPDCAD_00654	HKNPDCAD_00654	
TH2_HKNPDCAD_00655	TH2_contig_2	378738	379751	1014	-	usg	USG-1 protein	TH2	HKNPDCAD_00655	HKNPDCAD_00655	
TH2_HKNPDCAD_00656	TH2_contig_2	379817	380953	1137	-	pdxB	Erythronate-4-phosphate dehydrogenase	TH2	HKNPDCAD_00656	HKNPDCAD_00656	
TH2_HKNPDCAD_00657	TH2_contig_2	381052	382047	996	+	flk	Flagellar regulator flk	TH2	HKNPDCAD_00657	HKNPDCAD_00657	
TH2_HKNPDCAD_00658	TH2_contig_2	382044	383222	1179	-	yfcJ	putative MFS-type transporter YfcJ	TH2	HKNPDCAD_00658	HKNPDCAD_00658	
TH2_HKNPDCAD_00659	TH2_contig_2	383487	384707	1221	-	fabB	3-oxoacyl-[acyl-carrier-protein] synthase 1	TH2	HKNPDCAD_00659	HKNPDCAD_00659	
TH2_HKNPDCAD_00660	TH2_contig_2	384866	386872	2007	+	mnmC	tRNA 5-methylaminomethyl-2-thiouridine biosynthesis bifunctional protein MnmC	TH2	HKNPDCAD_00660	HKNPDCAD_00660	
TH2_HKNPDCAD_00661	TH2_contig_2	386993	387271	279	-	hypothetical protein	hypothetical protein	TH2	HKNPDCAD_00661	HKNPDCAD_00661	
TH2_HKNPDCAD_00662	TH2_contig_2	387305	387853	549	-	epmC	Elongation factor P hydroxylase	TH2	HKNPDCAD_00662	HKNPDCAD_00662	
TH2_HKNPDCAD_00663	TH2_contig_2	387853	388662	810	-	yfcA	putative membrane transporter protein YfcA	TH2	HKNPDCAD_00663	HKNPDCAD_00663	
TH2_HKNPDCAD_00664	TH2_contig_2	388662	389486	825	-	mepA	Penicillin-insensitive murein endopeptidase	TH2	HKNPDCAD_00664	HKNPDCAD_00664	
TH2_HKNPDCAD_00665	TH2_contig_2	389490	390575	1086	-	aroC	Chorismate synthase	TH2	HKNPDCAD_00665	HKNPDCAD_00665	
TH2_HKNPDCAD_00666	TH2_contig_2	390610	391542	933	-	prmB	50S ribosomal protein L3 glutamine methyltransferase	TH2	HKNPDCAD_00666	HKNPDCAD_00666	
TH2_HKNPDCAD_00667	TH2_contig_2	391708	392259	552	+	mutS2	Endonuclease MutS2	TH2	HKNPDCAD_00667	HKNPDCAD_00667	
TH2_HKNPDCAD_00668	TH2_contig_2	392330	393151	822	-	yfcO	putative protein YfcO	TH2	HKNPDCAD_00668	HKNPDCAD_00668	
TH2_HKNPDCAD_00669	TH2_contig_2	393153	393692	540	-	yfcP	putative fimbrial-like protein YfcP	TH2	HKNPDCAD_00669	HKNPDCAD_00669	
TH2_HKNPDCAD_00670	TH2_contig_2	393689	394177	489	-	yfcQ	putative fimbrial-like protein YfcQ	TH2	HKNPDCAD_00670	HKNPDCAD_00670	
TH2_HKNPDCAD_00671	TH2_contig_2	394174	394671	498	-	yfcR	putative fimbrial-like protein YfcR	TH2	HKNPDCAD_00671	HKNPDCAD_00671	
TH2_HKNPDCAD_00672	TH2_contig_2	394685	395437	753	-	yfcS	putative fimbrial chaperone YfcS	TH2	HKNPDCAD_00672	HKNPDCAD_00672	
TH2_HKNPDCAD_00673	TH2_contig_2	395457	396962	1506	-	papC_1	Outer membrane usher protein PapC	TH2	HKNPDCAD_00673	HKNPDCAD_00673	
TH2_HKNPDCAD_00674	TH2_contig_2	397490	398101	612	-	papC_2	Outer membrane usher protein PapC	TH2	HKNPDCAD_00674	HKNPDCAD_00674	
TH2_HKNPDCAD_00675	TH2_contig_2	398183	398746	564	-	yfcV	putative fimbrial-like protein YfcV	TH2	HKNPDCAD_00675	HKNPDCAD_00675	
TH2_HKNPDCAD_00676	TH2_contig_2	399426	399911	486	-	sixA	Phosphohistidine phosphatase SixA	TH2	HKNPDCAD_00676	HKNPDCAD_00676	
TH2_HKNPDCAD_00677	TH2_contig_2	400114	402258	2145	-	fadJ	Fatty acid oxidation complex subunit alpha	TH2	HKNPDCAD_00677	HKNPDCAD_00677	
TH2_HKNPDCAD_00678	TH2_contig_2	402258	403568	1311	-	fadI	3-ketoacyl-CoA thiolase FadI	TH2	HKNPDCAD_00678	HKNPDCAD_00678	
TH2_HKNPDCAD_00679	TH2_contig_2	403749	404033	285	-	hypothetical protein	hypothetical protein	TH2	HKNPDCAD_00679	HKNPDCAD_00679	
TH2_HKNPDCAD_00680	TH2_contig_2	404761	405744	984	+	fadL	Long-chain fatty acid transport protein	TH2	HKNPDCAD_00680	HKNPDCAD_00680	
TH2_HKNPDCAD_00681	TH2_contig_2	406110	406754	645	+	hypothetical protein	hypothetical protein	TH2	HKNPDCAD_00681	HKNPDCAD_00681	
TH2_HKNPDCAD_00682	TH2_contig_2	406783	407058	276	+	IS1 family transposase IS1A	IS1 family transposase IS1A	TH2	HKNPDCAD_00682	HKNPDCAD_00682	
TH2_HKNPDCAD_00683	TH2_contig_2	407103	407480	378	+	IS1 family transposase IS1A	IS1 family transposase IS1A	TH2	HKNPDCAD_00683	HKNPDCAD_00683	
TH2_HKNPDCAD_00684	TH2_contig_2	407533	407652	120	+	hypothetical protein	hypothetical protein	TH2	HKNPDCAD_00684	HKNPDCAD_00684	
TH2_HKNPDCAD_00685	TH2_contig_2	407610	407966	357	+	hypothetical protein	hypothetical protein	TH2	HKNPDCAD_00685	HKNPDCAD_00685	
TH2_HKNPDCAD_00686	TH2_contig_2	408126	408881	756	-	mlaA	Intermembrane phospholipid transport system lipoprotein MlaA	TH2	HKNPDCAD_00686	HKNPDCAD_00686	
TH2_HKNPDCAD_00687	TH2_contig_2	409175	410107	933	+	yfdC	Inner membrane protein YfdC	TH2	HKNPDCAD_00687	HKNPDCAD_00687	
TH2_HKNPDCAD_00689	TH2_contig_2	410353	411288	936	-	dsdC	HTH-type transcriptional regulator DsdC	TH2	HKNPDCAD_00689	HKNPDCAD_00689	
TH2_HKNPDCAD_00690	TH2_contig_2	411506	412843	1338	+	dsdX	D-serine transporter DsdX	TH2	HKNPDCAD_00690	HKNPDCAD_00690	
TH2_HKNPDCAD_00691	TH2_contig_2	413018	413176	159	+	hypothetical protein	hypothetical protein	TH2	HKNPDCAD_00691	HKNPDCAD_00691	
TH2_HKNPDCAD_00692	TH2_contig_2	413448	414188	741	+	dsdA	D-serine dehydratase	TH2	HKNPDCAD_00692	HKNPDCAD_00692	
TH2_HKNPDCAD_00693	TH2_contig_2	414296	414571	276	-	emrY_1	putative multidrug resistance protein EmrY	TH2	HKNPDCAD_00693	HKNPDCAD_00693	
TH2_HKNPDCAD_00694	TH2_contig_2	414574	415389	816	-	emrY_2	putative multidrug resistance protein EmrY	TH2	HKNPDCAD_00694	HKNPDCAD_00694	
TH2_HKNPDCAD_00695	TH2_contig_2	415629	415856	228	+	hypothetical protein	hypothetical protein	TH2	HKNPDCAD_00695	HKNPDCAD_00695	
TH2_HKNPDCAD_00696	TH2_contig_2	415831	415995	165	-	emrK_1	putative multidrug resistance protein EmrK	TH2	HKNPDCAD_00696	HKNPDCAD_00696	
TH2_HKNPDCAD_00697	TH2_contig_2	415979	416452	474	-	emrK_2	putative multidrug resistance protein EmrK	TH2	HKNPDCAD_00697	HKNPDCAD_00697	
TH2_HKNPDCAD_00698	TH2_contig_2	416515	416994	480	-	emrK_3	putative multidrug resistance protein EmrK	TH2	HKNPDCAD_00698	HKNPDCAD_00698	
TH2_HKNPDCAD_00699	TH2_contig_2	417410	418024	615	+	evgA	DNA-binding transcriptional activator EvgA	TH2	HKNPDCAD_00699	HKNPDCAD_00699	
TH2_HKNPDCAD_00700	TH2_contig_2	418178	418621	444	+	evgS_1	Sensor protein EvgS	TH2	HKNPDCAD_00700	HKNPDCAD_00700	
TH2_HKNPDCAD_00701	TH2_contig_2	418681	418977	297	+	evgS_2	Sensor protein EvgS	TH2	HKNPDCAD_00701	HKNPDCAD_00701	
TH2_HKNPDCAD_00702	TH2_contig_2	418974	421172	2199	+	evgS_3	Sensor protein EvgS	TH2	HKNPDCAD_00702	HKNPDCAD_00702	
TH2_HKNPDCAD_00703	TH2_contig_2	421181	421618	438	+	evgS_4	Sensor protein EvgS	TH2	HKNPDCAD_00703	HKNPDCAD_00703	
TH2_HKNPDCAD_00704	TH2_contig_2	421674	422819	1146	-	yfdE	Acetyl-CoA:oxalate CoA-transferase	TH2	HKNPDCAD_00704	HKNPDCAD_00704	
TH2_HKNPDCAD_00705	TH2_contig_2	422892	423836	945	-	hypothetical protein	hypothetical protein	TH2	HKNPDCAD_00705	HKNPDCAD_00705	
TH2_HKNPDCAD_00706	TH2_contig_2	423906	425600	1695	-	oxc	Oxalyl-CoA decarboxylase	TH2	HKNPDCAD_00706	HKNPDCAD_00706	
TH2_HKNPDCAD_00707	TH2_contig_2	425654	426904	1251	-	frc	Formyl-CoA:oxalate CoA-transferase	TH2	HKNPDCAD_00707	HKNPDCAD_00707	
TH2_HKNPDCAD_00708	TH2_contig_2	427416	428051	636	-	yfdX	Protein YfdX	TH2	HKNPDCAD_00708	HKNPDCAD_00708	
TH2_HKNPDCAD_00709	TH2_contig_2	428347	428667	321	+	hypothetical protein	hypothetical protein	TH2	HKNPDCAD_00709	HKNPDCAD_00709	
TH2_HKNPDCAD_00710	TH2_contig_2	428698	428940	243	-	hypothetical protein	hypothetical protein	TH2	HKNPDCAD_00710	HKNPDCAD_00710	
TH2_HKNPDCAD_00711	TH2_contig_2	429293	430213	921	+	lpxP	Lipid A biosynthesis palmitoleoyltransferase	TH2	HKNPDCAD_00711	HKNPDCAD_00711	
TH2_HKNPDCAD_00712	TH2_contig_2	430705	431943	1239	-	alaC	Glutamate-pyruvate aminotransferase AlaC	TH2	HKNPDCAD_00712	HKNPDCAD_00712	
TH2_HKNPDCAD_00713	TH2_contig_2	432319	434016	1698	+	ypdA	Sensor histidine kinase YpdA	TH2	HKNPDCAD_00713	HKNPDCAD_00713	
TH2_HKNPDCAD_00714	TH2_contig_2	434031	434765	735	+	ypdB	Transcriptional regulatory protein YpdB	TH2	HKNPDCAD_00714	HKNPDCAD_00714	
TH2_HKNPDCAD_00715	TH2_contig_2	434778	435635	858	+	rhaR_1	HTH-type transcriptional activator RhaR	TH2	HKNPDCAD_00715	HKNPDCAD_00715	
TH2_HKNPDCAD_00716	TH2_contig_2	435638	438001	2364	-	fryA_1	Multiphosphoryl transfer protein 1	TH2	HKNPDCAD_00716	HKNPDCAD_00716	
TH2_HKNPDCAD_00717	TH2_contig_2	437955	438134	180	-	fryA_2	Multiphosphoryl transfer protein 1	TH2	HKNPDCAD_00717	HKNPDCAD_00717	
TH2_HKNPDCAD_00718	TH2_contig_2	438159	439196	1038	-	ypdE	Aminopeptidase YpdE	TH2	HKNPDCAD_00718	HKNPDCAD_00718	
TH2_HKNPDCAD_00719	TH2_contig_2	439196	440281	1086	-	ypdF	Aminopeptidase YpdF	TH2	HKNPDCAD_00719	HKNPDCAD_00719	
TH2_HKNPDCAD_00720	TH2_contig_2	440296	441543	1248	-	fryC	Fructose-like permease IIC component 1	TH2	HKNPDCAD_00720	HKNPDCAD_00720	
TH2_HKNPDCAD_00721	TH2_contig_2	441565	441891	327	-	fryB_1	PTS system fructose-like EIIB component 1	TH2	HKNPDCAD_00721	HKNPDCAD_00721	
TH2_HKNPDCAD_00722	TH2_contig_2	442110	442616	507	-	glk_1	Glucokinase	TH2	HKNPDCAD_00722	HKNPDCAD_00722	
TH2_HKNPDCAD_00723	TH2_contig_2	442727	443074	348	-	glk_2	Glucokinase	TH2	HKNPDCAD_00723	HKNPDCAD_00723	
TH2_HKNPDCAD_00724	TH2_contig_2	443278	444534	1257	+	yfeO	Putative ion-transport protein YfeO	TH2	HKNPDCAD_00724	HKNPDCAD_00724	
TH2_HKNPDCAD_00725	TH2_contig_2	444649	444975	327	+	hypothetical protein	hypothetical protein	TH2	HKNPDCAD_00725	HKNPDCAD_00725	
TH2_HKNPDCAD_00726	TH2_contig_2	445116	446354	1239	-	mntH	Divalent metal cation transporter MntH	TH2	HKNPDCAD_00726	HKNPDCAD_00726	
TH2_HKNPDCAD_00727	TH2_contig_2	446690	447892	1203	+	nupC	Nucleoside permease NupC	TH2	HKNPDCAD_00727	HKNPDCAD_00727	
TH2_HKNPDCAD_00728	TH2_contig_2	447942	449591	1650	-	pdeA_1	putative cyclic di-GMP phosphodiesterase PdeA	TH2	HKNPDCAD_00728	HKNPDCAD_00728	
TH2_HKNPDCAD_00729	TH2_contig_2	449621	450130	510	-	pdeA_2	putative cyclic di-GMP phosphodiesterase PdeA	TH2	HKNPDCAD_00729	HKNPDCAD_00729	
TH2_HKNPDCAD_00732	TH2_contig_2	450749	451108	360	+	hypothetical protein	hypothetical protein	TH2	HKNPDCAD_00732	HKNPDCAD_00732	
TH2_HKNPDCAD_00733	TH2_contig_2	451131	451502	372	+	hypothetical protein	hypothetical protein	TH2	HKNPDCAD_00733	HKNPDCAD_00733	
TH2_HKNPDCAD_00734	TH2_contig_2	451554	452969	1416	-	gltX	Glutamate--tRNA ligase	TH2	HKNPDCAD_00734	HKNPDCAD_00734	
TH2_HKNPDCAD_00739	TH2_contig_2	453890	454564	675	-	hypothetical protein	hypothetical protein	TH2	HKNPDCAD_00739	HKNPDCAD_00739	
TH2_HKNPDCAD_00740	TH2_contig_2	454590	454967	378	-	IS1 family transposase IS1R	IS1 family transposase IS1R	TH2	HKNPDCAD_00740	HKNPDCAD_00740	
TH2_HKNPDCAD_00741	TH2_contig_2	455012	455287	276	-	IS1 family transposase IS1A	IS1 family transposase IS1A	TH2	HKNPDCAD_00741	HKNPDCAD_00741	
TH2_HKNPDCAD_00742	TH2_contig_2	455338	455550	213	-	hcaR_1	Hca operon transcriptional activator HcaR	TH2	HKNPDCAD_00742	HKNPDCAD_00742	
TH2_HKNPDCAD_00743	TH2_contig_2	455591	455749	159	-	hypothetical protein	hypothetical protein	TH2	HKNPDCAD_00743	HKNPDCAD_00743	
TH2_HKNPDCAD_00744	TH2_contig_2	455802	457058	1257	-	xapB	Xanthosine permease	TH2	HKNPDCAD_00744	HKNPDCAD_00744	
TH2_HKNPDCAD_00745	TH2_contig_2	457118	457951	834	-	xapA	Purine nucleoside phosphorylase 2	TH2	HKNPDCAD_00745	HKNPDCAD_00745	
TH2_HKNPDCAD_00746	TH2_contig_2	458200	458964	765	+	hypothetical protein	hypothetical protein	TH2	HKNPDCAD_00746	HKNPDCAD_00746	
TH2_HKNPDCAD_00747	TH2_contig_2	459003	459929	927	-	cynR_1	HTH-type transcriptional regulator CynR	TH2	HKNPDCAD_00747	HKNPDCAD_00747	
TH2_HKNPDCAD_00748	TH2_contig_2	460019	461017	999	+	hypothetical protein	hypothetical protein	TH2	HKNPDCAD_00748	HKNPDCAD_00748	
TH2_HKNPDCAD_00749	TH2_contig_2	461014	461232	219	-	hypothetical protein	hypothetical protein	TH2	HKNPDCAD_00749	HKNPDCAD_00749	
TH2_HKNPDCAD_00750	TH2_contig_2	461234	462454	1221	-	ligA_1	DNA ligase	TH2	HKNPDCAD_00750	HKNPDCAD_00750	
TH2_HKNPDCAD_00751	TH2_contig_2	462478	463248	771	-	ligA_2	DNA ligase	TH2	HKNPDCAD_00751	HKNPDCAD_00751	
TH2_HKNPDCAD_00752	TH2_contig_2	463319	464305	987	-	zipA	Cell division protein ZipA	TH2	HKNPDCAD_00752	HKNPDCAD_00752	
TH2_HKNPDCAD_00753	TH2_contig_2	464561	465295	735	+	cysZ	Sulfate transporter CysZ	TH2	HKNPDCAD_00753	HKNPDCAD_00753	
TH2_HKNPDCAD_00754	TH2_contig_2	465480	466451	972	+	cysK	Cysteine synthase A	TH2	HKNPDCAD_00754	HKNPDCAD_00754	
TH2_HKNPDCAD_00755	TH2_contig_2	466835	467092	258	+	ptsH	Phosphocarrier protein HPr	TH2	HKNPDCAD_00755	HKNPDCAD_00755	
TH2_HKNPDCAD_00756	TH2_contig_2	467137	467268	132	+	ptsI_1	Phosphoenolpyruvate-protein phosphotransferase	TH2	HKNPDCAD_00756	HKNPDCAD_00756	
TH2_HKNPDCAD_00757	TH2_contig_2	467367	468863	1497	+	ptsI_2	Phosphoenolpyruvate-protein phosphotransferase	TH2	HKNPDCAD_00757	HKNPDCAD_00757	
TH2_HKNPDCAD_00758	TH2_contig_2	468904	469413	510	+	crr	PTS system glucose-specific EIIA component	TH2	HKNPDCAD_00758	HKNPDCAD_00758	
TH2_HKNPDCAD_00759	TH2_contig_2	469456	470307	852	-	pdxK	Pyridoxine/pyridoxal/pyridoxamine kinase	TH2	HKNPDCAD_00759	HKNPDCAD_00759	
TH2_HKNPDCAD_00760	TH2_contig_2	470412	470786	375	+	hypothetical protein	hypothetical protein	TH2	HKNPDCAD_00760	HKNPDCAD_00760	
TH2_HKNPDCAD_00761	TH2_contig_2	470819	471553	735	+	hypothetical protein	hypothetical protein	TH2	HKNPDCAD_00761	HKNPDCAD_00761	
TH2_HKNPDCAD_00762	TH2_contig_2	471742	472653	912	-	cysM	Cysteine synthase B	TH2	HKNPDCAD_00762	HKNPDCAD_00762	
TH2_HKNPDCAD_00763	TH2_contig_2	472788	473885	1098	-	cysA	Sulfate/thiosulfate import ATP-binding protein CysA	TH2	HKNPDCAD_00763	HKNPDCAD_00763	
TH2_HKNPDCAD_00764	TH2_contig_2	473875	474750	876	-	cysW	Sulfate transport system permease protein CysW	TH2	HKNPDCAD_00764	HKNPDCAD_00764	
TH2_HKNPDCAD_00765	TH2_contig_2	474750	475583	834	-	cysT	Sulfate transport system permease protein CysT	TH2	HKNPDCAD_00765	HKNPDCAD_00765	
TH2_HKNPDCAD_00766	TH2_contig_2	475583	476599	1017	-	cysP	Thiosulfate-binding protein	TH2	HKNPDCAD_00766	HKNPDCAD_00766	
TH2_HKNPDCAD_00767	TH2_contig_2	476757	477548	792	-	ucpA	Oxidoreductase UcpA	TH2	HKNPDCAD_00767	HKNPDCAD_00767	
TH2_HKNPDCAD_00768	TH2_contig_2	477677	478534	858	-	murR_1	HTH-type transcriptional regulator MurR	TH2	HKNPDCAD_00768	HKNPDCAD_00768	
TH2_HKNPDCAD_00769	TH2_contig_2	478698	479594	897	+	murQ	N-acetylmuramic acid 6-phosphate etherase	TH2	HKNPDCAD_00769	HKNPDCAD_00769	
TH2_HKNPDCAD_00770	TH2_contig_2	479598	481022	1425	+	murP	PTS system N-acetylmuramic acid-specific EIIBC component	TH2	HKNPDCAD_00770	HKNPDCAD_00770	
TH2_HKNPDCAD_00771	TH2_contig_2	481027	482331	1305	+	yfeW	Putative D-alanyl-D-alanine carboxypeptidase	TH2	HKNPDCAD_00771	HKNPDCAD_00771	
TH2_HKNPDCAD_00772	TH2_contig_2	482571	483470	900	-	yfeX	Dye-decolorizing peroxidase YfeX	TH2	HKNPDCAD_00772	HKNPDCAD_00772	
TH2_HKNPDCAD_00773	TH2_contig_2	483565	484140	576	-	yfeY	putative protein YfeY	TH2	HKNPDCAD_00773	HKNPDCAD_00773	
TH2_HKNPDCAD_00774	TH2_contig_2	484201	484650	450	-	yfeZ	Inner membrane protein YfeZ	TH2	HKNPDCAD_00774	HKNPDCAD_00774	
TH2_HKNPDCAD_00775	TH2_contig_2	484637	485062	426	-	ypeA	Acetyltransferase YpeA	TH2	HKNPDCAD_00775	HKNPDCAD_00775	
TH2_HKNPDCAD_00776	TH2_contig_2	485276	486145	870	+	amiA	N-acetylmuramoyl-L-alanine amidase AmiA	TH2	HKNPDCAD_00776	HKNPDCAD_00776	
TH2_HKNPDCAD_00777	TH2_contig_2	486149	487048	900	+	hemF	Oxygen-dependent coproporphyrinogen-III oxidase	TH2	HKNPDCAD_00777	HKNPDCAD_00777	
TH2_HKNPDCAD_00778	TH2_contig_2	487054	488106	1053	-	hypothetical protein	hypothetical protein	TH2	HKNPDCAD_00778	HKNPDCAD_00778	
TH2_HKNPDCAD_00779	TH2_contig_2	488152	488652	501	-	eutK	Ethanolamine utilization protein EutK	TH2	HKNPDCAD_00779	HKNPDCAD_00779	
TH2_HKNPDCAD_00780	TH2_contig_2	488665	489324	660	-	eutL	Ethanolamine utilization protein EutL	TH2	HKNPDCAD_00780	HKNPDCAD_00780	
TH2_HKNPDCAD_00781	TH2_contig_2	489334	490221	888	-	eutC	Ethanolamine ammonia-lyase light chain	TH2	HKNPDCAD_00781	HKNPDCAD_00781	
TH2_HKNPDCAD_00782	TH2_contig_2	490242	491603	1362	-	eutB	Ethanolamine ammonia-lyase heavy chain	TH2	HKNPDCAD_00782	HKNPDCAD_00782	
TH2_HKNPDCAD_00783	TH2_contig_2	491615	493018	1404	-	hypothetical protein	hypothetical protein	TH2	HKNPDCAD_00783	HKNPDCAD_00783	
TH2_HKNPDCAD_00784	TH2_contig_2	493015	494241	1227	-	hypothetical protein	hypothetical protein	TH2	HKNPDCAD_00784	HKNPDCAD_00784	
TH2_HKNPDCAD_00785	TH2_contig_2	494558	495745	1188	-	mdh_1	NAD-dependent methanol dehydrogenase	TH2	HKNPDCAD_00785	HKNPDCAD_00785	
TH2_HKNPDCAD_00786	TH2_contig_2	495735	496571	837	-	ftsA_1	Cell division protein FtsA	TH2	HKNPDCAD_00786	HKNPDCAD_00786	
TH2_HKNPDCAD_00787	TH2_contig_2	496582	497985	1404	-	proA_1	Gamma-glutamyl phosphate reductase	TH2	HKNPDCAD_00787	HKNPDCAD_00787	
TH2_HKNPDCAD_00788	TH2_contig_2	497997	498284	288	-	eutN	Ethanolamine utilization protein EutN	TH2	HKNPDCAD_00788	HKNPDCAD_00788	
TH2_HKNPDCAD_00789	TH2_contig_2	498391	498726	336	-	eutM	Ethanolamine utilization protein EutM	TH2	HKNPDCAD_00789	HKNPDCAD_00789	
TH2_HKNPDCAD_00790	TH2_contig_2	498723	499739	1017	-	eutD	Ethanolamine utilization protein EutD	TH2	HKNPDCAD_00790	HKNPDCAD_00790	
TH2_HKNPDCAD_00791	TH2_contig_2	499736	500539	804	-	hypothetical protein	hypothetical protein	TH2	HKNPDCAD_00791	HKNPDCAD_00791	
TH2_HKNPDCAD_00792	TH2_contig_2	500536	501237	702	-	eutQ	Ethanolamine utilization protein EutQ	TH2	HKNPDCAD_00792	HKNPDCAD_00792	
TH2_HKNPDCAD_00793	TH2_contig_2	501212	501691	480	-	pduV_2	Propanediol utilization protein PduV	TH2	HKNPDCAD_00793	HKNPDCAD_00793	
TH2_HKNPDCAD_00794	TH2_contig_2	501704	502039	336	-	eutS	Ethanolamine utilization protein EutS	TH2	HKNPDCAD_00794	HKNPDCAD_00794	
TH2_HKNPDCAD_00795	TH2_contig_2	502331	504610	2280	-	maeB	NADP-dependent malic enzyme	TH2	HKNPDCAD_00795	HKNPDCAD_00795	
TH2_HKNPDCAD_00796	TH2_contig_2	504899	505849	951	+	tal	Transaldolase	TH2	HKNPDCAD_00796	HKNPDCAD_00796	
TH2_HKNPDCAD_00797	TH2_contig_2	505869	506906	1038	+	tktB_1	Transketolase 2	TH2	HKNPDCAD_00797	HKNPDCAD_00797	
TH2_HKNPDCAD_00798	TH2_contig_2	506851	507873	1023	+	tktB_2	Transketolase 2	TH2	HKNPDCAD_00798	HKNPDCAD_00798	
TH2_HKNPDCAD_00799	TH2_contig_2	507983	508867	885	-	hypothetical protein	hypothetical protein	TH2	HKNPDCAD_00799	HKNPDCAD_00799	
TH2_HKNPDCAD_00800	TH2_contig_2	509150	509725	576	-	nudK	GDP-mannose pyrophosphatase NudK	TH2	HKNPDCAD_00800	HKNPDCAD_00800	
TH2_HKNPDCAD_00801	TH2_contig_2	509793	511772	1980	-	Ferredoxin--NADP reductase	Ferredoxin--NADP reductase	TH2	HKNPDCAD_00801	HKNPDCAD_00801	
TH2_HKNPDCAD_00802	TH2_contig_2	511978	513678	1701	+	narQ	Nitrate/nitrite sensor protein NarQ	TH2	HKNPDCAD_00802	HKNPDCAD_00802	
TH2_HKNPDCAD_00803	TH2_contig_2	513841	516954	3114	+	acrB_1	Multidrug efflux pump subunit AcrB	TH2	HKNPDCAD_00803	HKNPDCAD_00803	
TH2_HKNPDCAD_00804	TH2_contig_2	517493	517849	357	+	yffB	Protein YffB	TH2	HKNPDCAD_00804	HKNPDCAD_00804	
TH2_HKNPDCAD_00805	TH2_contig_2	517853	518980	1128	+	dapE	Succinyl-diaminopimelate desuccinylase	TH2	HKNPDCAD_00805	HKNPDCAD_00805	
TH2_HKNPDCAD_00806	TH2_contig_2	518980	519207	228	+	hypothetical protein	hypothetical protein	TH2	HKNPDCAD_00806	HKNPDCAD_00806	
TH2_HKNPDCAD_00807	TH2_contig_2	519288	519986	699	-	hypothetical protein	hypothetical protein	TH2	HKNPDCAD_00807	HKNPDCAD_00807	
TH2_HKNPDCAD_00808	TH2_contig_2	520060	521181	1122	-	tmcA_1	tRNA(Met) cytidine acetyltransferase TmcA	TH2	HKNPDCAD_00808	HKNPDCAD_00808	
TH2_HKNPDCAD_00809	TH2_contig_2	521175	521789	615	-	tmcA_2	tRNA(Met) cytidine acetyltransferase TmcA	TH2	HKNPDCAD_00809	HKNPDCAD_00809	
TH2_HKNPDCAD_00810	TH2_contig_2	521786	522073	288	-	tmcA_3	tRNA(Met) cytidine acetyltransferase TmcA	TH2	HKNPDCAD_00810	HKNPDCAD_00810	
TH2_HKNPDCAD_00811	TH2_contig_2	522088	522951	864	-	putative protein	putative protein	TH2	HKNPDCAD_00811	HKNPDCAD_00811	
TH2_HKNPDCAD_00812	TH2_contig_2	523319	523495	177	-	vapC	tRNA(fMet)-specific endonuclease VapC	TH2	HKNPDCAD_00812	HKNPDCAD_00812	
TH2_HKNPDCAD_00813	TH2_contig_2	523495	523722	228	-	vapB	Antitoxin VapB	TH2	HKNPDCAD_00813	HKNPDCAD_00813	
TH2_HKNPDCAD_00814	TH2_contig_2	523876	524589	714	-	purC	Phosphoribosylaminoimidazole-succinocarboxamide synthase	TH2	HKNPDCAD_00814	HKNPDCAD_00814	
TH2_HKNPDCAD_00815	TH2_contig_2	524801	525835	1035	-	bamC	Outer membrane protein assembly factor BamC	TH2	HKNPDCAD_00815	HKNPDCAD_00815	
TH2_HKNPDCAD_00816	TH2_contig_2	525852	526730	879	-	dapA	4-hydroxy-tetrahydrodipicolinate synthase	TH2	HKNPDCAD_00816	HKNPDCAD_00816	
TH2_HKNPDCAD_00817	TH2_contig_2	526876	527448	573	+	gcvR	Glycine cleavage system transcriptional repressor	TH2	HKNPDCAD_00817	HKNPDCAD_00817	
TH2_HKNPDCAD_00818	TH2_contig_2	527448	527918	471	+	bcp	Peroxiredoxin Bcp	TH2	HKNPDCAD_00818	HKNPDCAD_00818	
TH2_HKNPDCAD_00819	TH2_contig_2	528171	528788	618	+	hyfA_1	Hydrogenase-4 component A	TH2	HKNPDCAD_00819	HKNPDCAD_00819	
TH2_HKNPDCAD_00820	TH2_contig_2	528788	530806	2019	+	hyfB	Hydrogenase-4 component B	TH2	HKNPDCAD_00820	HKNPDCAD_00820	
TH2_HKNPDCAD_00821	TH2_contig_2	530817	531764	948	+	hyfC	Hydrogenase-4 component C	TH2	HKNPDCAD_00821	HKNPDCAD_00821	
TH2_HKNPDCAD_00822	TH2_contig_2	531781	531891	111	+	hypothetical protein	hypothetical protein	TH2	HKNPDCAD_00822	HKNPDCAD_00822	
TH2_HKNPDCAD_00823	TH2_contig_2	531867	533219	1353	+	ndhB_1	NAD(P)H-quinone oxidoreductase subunit 2, chloroplastic	TH2	HKNPDCAD_00823	HKNPDCAD_00823	
TH2_HKNPDCAD_00824	TH2_contig_2	533231	533881	651	+	hyfE	Hydrogenase-4 component E	TH2	HKNPDCAD_00824	HKNPDCAD_00824	
TH2_HKNPDCAD_00825	TH2_contig_2	533886	535466	1581	+	ndhB_2	NAD(P)H-quinone oxidoreductase subunit 2, chloroplastic	TH2	HKNPDCAD_00825	HKNPDCAD_00825	
TH2_HKNPDCAD_00826	TH2_contig_2	535456	537171	1716	+	hyfG	Hydrogenase-4 component G	TH2	HKNPDCAD_00826	HKNPDCAD_00826	
TH2_HKNPDCAD_00827	TH2_contig_2	537181	537726	546	+	ndhI_1	NAD(P)H-quinone oxidoreductase subunit I, chloroplastic	TH2	HKNPDCAD_00827	HKNPDCAD_00827	
TH2_HKNPDCAD_00828	TH2_contig_2	537723	538886	1164	+	ndhK	NAD(P)H-quinone oxidoreductase subunit K, chloroplastic	TH2	HKNPDCAD_00828	HKNPDCAD_00828	
TH2_HKNPDCAD_00829	TH2_contig_2	538916	540928	2013	+	hyfR	DNA-binding transcriptional activator HyfR	TH2	HKNPDCAD_00829	HKNPDCAD_00829	
TH2_HKNPDCAD_00830	TH2_contig_2	540950	541657	708	+	focB	putative formate transporter 2	TH2	HKNPDCAD_00830	HKNPDCAD_00830	
TH2_HKNPDCAD_00831	TH2_contig_2	541834	542895	1062	-	yhhT_1	Putative transport protein YhhT	TH2	HKNPDCAD_00831	HKNPDCAD_00831	
TH2_HKNPDCAD_00832	TH2_contig_2	543155	544570	1416	+	bepA	Beta-barrel assembly-enhancing protease	TH2	HKNPDCAD_00832	HKNPDCAD_00832	
TH2_HKNPDCAD_00833	TH2_contig_2	544591	544950	360	+	yfgD	putative protein YfgD	TH2	HKNPDCAD_00833	HKNPDCAD_00833	
TH2_HKNPDCAD_00834	TH2_contig_2	545088	545834	747	-	hda	DnaA regulatory inactivator Hda	TH2	HKNPDCAD_00834	HKNPDCAD_00834	
TH2_HKNPDCAD_00835	TH2_contig_2	545884	547173	1290	-	uraA	Uracil permease	TH2	HKNPDCAD_00835	HKNPDCAD_00835	
TH2_HKNPDCAD_00836	TH2_contig_2	547258	547884	627	-	upp	Uracil phosphoribosyltransferase	TH2	HKNPDCAD_00836	HKNPDCAD_00836	
TH2_HKNPDCAD_00837	TH2_contig_2	548209	549246	1038	+	purM	Phosphoribosylformylglycinamidine cyclo-ligase	TH2	HKNPDCAD_00837	HKNPDCAD_00837	
TH2_HKNPDCAD_00838	TH2_contig_2	549246	549884	639	+	purN	Phosphoribosylglycinamide formyltransferase	TH2	HKNPDCAD_00838	HKNPDCAD_00838	
TH2_HKNPDCAD_00839	TH2_contig_2	550056	552122	2067	+	ppk	Polyphosphate kinase	TH2	HKNPDCAD_00839	HKNPDCAD_00839	
TH2_HKNPDCAD_00840	TH2_contig_2	552127	553668	1542	+	ppx	Exopolyphosphatase	TH2	HKNPDCAD_00840	HKNPDCAD_00840	
TH2_HKNPDCAD_00841	TH2_contig_2	553707	555950	2244	-	pdeF	Cyclic di-GMP phosphodiesterase PdeF	TH2	HKNPDCAD_00841	HKNPDCAD_00841	
TH2_HKNPDCAD_00842	TH2_contig_2	556132	556284	153	-	hypothetical protein	hypothetical protein	TH2	HKNPDCAD_00842	HKNPDCAD_00842	
TH2_HKNPDCAD_00843	TH2_contig_2	556302	556493	192	+	yfgG	Protein YfgG	TH2	HKNPDCAD_00843	HKNPDCAD_00843	
TH2_HKNPDCAD_00844	TH2_contig_2	556807	557322	516	+	hypothetical protein	hypothetical protein	TH2	HKNPDCAD_00844	HKNPDCAD_00844	
TH2_HKNPDCAD_00845	TH2_contig_2	557338	557877	540	+	hypothetical protein	hypothetical protein	TH2	HKNPDCAD_00845	HKNPDCAD_00845	
TH2_HKNPDCAD_00846	TH2_contig_2	557970	559547	1578	-	guaA	GMP synthase [glutamine-hydrolyzing]	TH2	HKNPDCAD_00846	HKNPDCAD_00846	
TH2_HKNPDCAD_00847	TH2_contig_2	559616	561082	1467	-	guaB	Inosine-5'-monophosphate dehydrogenase	TH2	HKNPDCAD_00847	HKNPDCAD_00847	
TH2_HKNPDCAD_00848	TH2_contig_2	561244	562614	1371	+	xseA	Exodeoxyribonuclease 7 large subunit	TH2	HKNPDCAD_00848	HKNPDCAD_00848	
TH2_HKNPDCAD_00849	TH2_contig_2	562766	563002	237	+	hypothetical protein	hypothetical protein	TH2	HKNPDCAD_00849	HKNPDCAD_00849	
TH2_HKNPDCAD_00850	TH2_contig_2	562894	564366	1473	-	der_1	GTPase Der	TH2	HKNPDCAD_00850	HKNPDCAD_00850	
TH2_HKNPDCAD_00851	TH2_contig_2	564484	565002	519	-	bamB_1	Outer membrane protein assembly factor BamB	TH2	HKNPDCAD_00851	HKNPDCAD_00851	
TH2_HKNPDCAD_00852	TH2_contig_2	565002	565661	660	-	bamB_2	Outer membrane protein assembly factor BamB	TH2	HKNPDCAD_00852	HKNPDCAD_00852	
TH2_HKNPDCAD_00853	TH2_contig_2	565672	566292	621	-	hypothetical protein	hypothetical protein	TH2	HKNPDCAD_00853	HKNPDCAD_00853	
TH2_HKNPDCAD_00854	TH2_contig_2	566310	567584	1275	-	hisS	Histidine--tRNA ligase	TH2	HKNPDCAD_00854	HKNPDCAD_00854	
TH2_HKNPDCAD_00855	TH2_contig_2	567695	568813	1119	-	ispG	4-hydroxy-3-methylbut-2-en-1-yl diphosphate synthase (flavodoxin)	TH2	HKNPDCAD_00855	HKNPDCAD_00855	
TH2_HKNPDCAD_00856	TH2_contig_2	568840	569853	1014	-	rodZ	Cytoskeleton protein RodZ	TH2	HKNPDCAD_00856	HKNPDCAD_00856	
TH2_HKNPDCAD_00857	TH2_contig_2	570138	571292	1155	-	rlmN	Dual-specificity RNA methyltransferase RlmN	TH2	HKNPDCAD_00857	HKNPDCAD_00857	
TH2_HKNPDCAD_00858	TH2_contig_2	571442	571873	432	-	ndk	Nucleoside diphosphate kinase	TH2	HKNPDCAD_00858	HKNPDCAD_00858	
TH2_HKNPDCAD_00859	TH2_contig_2	572022	573551	1530	-	pbpC_1	Penicillin-binding protein 1C	TH2	HKNPDCAD_00859	HKNPDCAD_00859	
TH2_HKNPDCAD_00860	TH2_contig_2	573548	574054	507	-	pbpC_2	Penicillin-binding protein 1C	TH2	HKNPDCAD_00860	HKNPDCAD_00860	
TH2_HKNPDCAD_00861	TH2_contig_2	574051	574293	243	-	pbpC_3	Penicillin-binding protein 1C	TH2	HKNPDCAD_00861	HKNPDCAD_00861	
TH2_HKNPDCAD_00862	TH2_contig_2	574333	579294	4962	-	yfhM	Alpha-2-macroglobulin	TH2	HKNPDCAD_00862	HKNPDCAD_00862	
TH2_HKNPDCAD_00863	TH2_contig_2	579501	580346	846	+	sseA	3-mercaptopyruvate sulfurtransferase	TH2	HKNPDCAD_00863	HKNPDCAD_00863	
TH2_HKNPDCAD_00864	TH2_contig_2	581164	581940	777	-	hypothetical protein	hypothetical protein	TH2	HKNPDCAD_00864	HKNPDCAD_00864	
TH2_HKNPDCAD_00865	TH2_contig_2	582082	583365	1284	-	pepB	Peptidase B	TH2	HKNPDCAD_00865	HKNPDCAD_00865	
TH2_HKNPDCAD_00866	TH2_contig_2	583423	583623	201	-	iscX	Protein IscX	TH2	HKNPDCAD_00866	HKNPDCAD_00866	
TH2_HKNPDCAD_00867	TH2_contig_2	583635	583970	336	-	fdx	2Fe-2S ferredoxin	TH2	HKNPDCAD_00867	HKNPDCAD_00867	
TH2_HKNPDCAD_00868	TH2_contig_2	583972	585822	1851	-	hscA	Chaperone protein HscA	TH2	HKNPDCAD_00868	HKNPDCAD_00868	
TH2_HKNPDCAD_00869	TH2_contig_2	585839	586354	516	-	hscB	Co-chaperone protein HscB	TH2	HKNPDCAD_00869	HKNPDCAD_00869	
TH2_HKNPDCAD_00870	TH2_contig_2	586450	586773	324	-	iscA	Iron-binding protein IscA	TH2	HKNPDCAD_00870	HKNPDCAD_00870	
TH2_HKNPDCAD_00871	TH2_contig_2	586790	587176	387	-	iscU	Iron-sulfur cluster assembly scaffold protein IscU	TH2	HKNPDCAD_00871	HKNPDCAD_00871	
TH2_HKNPDCAD_00872	TH2_contig_2	587204	587998	795	-	iscS_1	Cysteine desulfurase IscS	TH2	HKNPDCAD_00872	HKNPDCAD_00872	
TH2_HKNPDCAD_00873	TH2_contig_2	588016	588417	402	-	iscS_2	Cysteine desulfurase IscS	TH2	HKNPDCAD_00873	HKNPDCAD_00873	
TH2_HKNPDCAD_00874	TH2_contig_2	588529	589017	489	-	iscR	HTH-type transcriptional regulator IscR	TH2	HKNPDCAD_00874	HKNPDCAD_00874	
TH2_HKNPDCAD_00875	TH2_contig_2	589469	590209	741	-	trmJ	tRNA (cytidine/uridine-2'-O-)-methyltransferase TrmJ	TH2	HKNPDCAD_00875	HKNPDCAD_00875	
TH2_HKNPDCAD_00876	TH2_contig_2	590328	591131	804	+	suhB	Inositol-1-monophosphatase	TH2	HKNPDCAD_00876	HKNPDCAD_00876	
TH2_HKNPDCAD_00877	TH2_contig_2	591276	592130	855	+	putative protein	putative protein	TH2	HKNPDCAD_00877	HKNPDCAD_00877	
TH2_HKNPDCAD_00878	TH2_contig_2	592321	593601	1281	+	hypothetical protein	hypothetical protein	TH2	HKNPDCAD_00878	HKNPDCAD_00878	
TH2_HKNPDCAD_00879	TH2_contig_2	593593	594732	1140	-	hcaT	putative 3-phenylpropionic acid transporter	TH2	HKNPDCAD_00879	HKNPDCAD_00879	
TH2_HKNPDCAD_00880	TH2_contig_2	594892	595782	891	-	hcaR_2	Hca operon transcriptional activator HcaR	TH2	HKNPDCAD_00880	HKNPDCAD_00880	
TH2_HKNPDCAD_00881	TH2_contig_2	595918	597279	1362	+	hcaE	3-phenylpropionate/cinnamic acid dioxygenase subunit alpha	TH2	HKNPDCAD_00881	HKNPDCAD_00881	
TH2_HKNPDCAD_00882	TH2_contig_2	597276	597794	519	+	hcaF	3-phenylpropionate/cinnamic acid dioxygenase subunit beta	TH2	HKNPDCAD_00882	HKNPDCAD_00882	
TH2_HKNPDCAD_00883	TH2_contig_2	597794	598114	321	+	hcaC	3-phenylpropionate/cinnamic acid dioxygenase ferredoxin subunit	TH2	HKNPDCAD_00883	HKNPDCAD_00883	
TH2_HKNPDCAD_00884	TH2_contig_2	598111	598923	813	+	hcaB_2	3-phenylpropionate-dihydrodiol/cinnamic acid-dihydrodiol dehydrogenase	TH2	HKNPDCAD_00884	HKNPDCAD_00884	
TH2_HKNPDCAD_00885	TH2_contig_2	598933	600135	1203	+	hcaD	3-phenylpropionate/cinnamic acid dioxygenase ferredoxin--NAD(+) reductase component	TH2	HKNPDCAD_00885	HKNPDCAD_00885	
TH2_HKNPDCAD_00886	TH2_contig_2	600232	600654	423	+	yphA	Inner membrane protein YphA	TH2	HKNPDCAD_00886	HKNPDCAD_00886	
TH2_HKNPDCAD_00887	TH2_contig_2	600702	601574	873	-	yphB	putative protein YphB	TH2	HKNPDCAD_00887	HKNPDCAD_00887	
TH2_HKNPDCAD_00888	TH2_contig_2	601586	602647	1062	-	tdh_1	L-threonine 3-dehydrogenase	TH2	HKNPDCAD_00888	HKNPDCAD_00888	
TH2_HKNPDCAD_00889	TH2_contig_2	602713	603006	294	-	rbsC_1	Ribose import permease protein RbsC	TH2	HKNPDCAD_00889	HKNPDCAD_00889	
TH2_HKNPDCAD_00890	TH2_contig_2	603012	603710	699	-	rbsC_2	Ribose import permease protein RbsC	TH2	HKNPDCAD_00890	HKNPDCAD_00890	
TH2_HKNPDCAD_00891	TH2_contig_2	603735	605246	1512	-	mglA_2	Galactose/methyl galactoside import ATP-binding protein MglA	TH2	HKNPDCAD_00891	HKNPDCAD_00891	
TH2_HKNPDCAD_00892	TH2_contig_2	605269	605967	699	-	yphF	ABC transporter periplasmic-binding protein YphF	TH2	HKNPDCAD_00892	HKNPDCAD_00892	
TH2_HKNPDCAD_00893	TH2_contig_2	605907	606251	345	-	hypothetical protein	hypothetical protein	TH2	HKNPDCAD_00893	HKNPDCAD_00893	
TH2_HKNPDCAD_00894	TH2_contig_2	606348	609062	2715	-	hypothetical protein	hypothetical protein	TH2	HKNPDCAD_00894	HKNPDCAD_00894	
TH2_HKNPDCAD_00895	TH2_contig_2	609002	609628	627	-	hypothetical protein	hypothetical protein	TH2	HKNPDCAD_00895	HKNPDCAD_00895	
TH2_HKNPDCAD_00896	TH2_contig_2	609746	610939	1194	+	mlc_1	Protein mlc	TH2	HKNPDCAD_00896	HKNPDCAD_00896	
TH2_HKNPDCAD_00897	TH2_contig_2	611137	611595	459	-	glyA_1	Serine hydroxymethyltransferase	TH2	HKNPDCAD_00897	HKNPDCAD_00897	
TH2_HKNPDCAD_00898	TH2_contig_2	611634	612389	756	-	glyA_2	Serine hydroxymethyltransferase	TH2	HKNPDCAD_00898	HKNPDCAD_00898	
TH2_HKNPDCAD_00899	TH2_contig_2	612717	613907	1191	+	hmp_1	Flavohemoprotein	TH2	HKNPDCAD_00899	HKNPDCAD_00899	
TH2_HKNPDCAD_00900	TH2_contig_2	613952	614290	339	-	glnB	Nitrogen regulatory protein P-II 1	TH2	HKNPDCAD_00900	HKNPDCAD_00900	
TH2_HKNPDCAD_00901	TH2_contig_2	614351	615685	1335	-	qseF	Transcriptional regulatory protein QseF	TH2	HKNPDCAD_00901	HKNPDCAD_00901	
TH2_HKNPDCAD_00902	TH2_contig_2	615675	616388	714	-	qseG	Quorum-sensing regulator protein G	TH2	HKNPDCAD_00902	HKNPDCAD_00902	
TH2_HKNPDCAD_00903	TH2_contig_2	616553	617935	1383	-	qseE	Sensor histidine kinase QseE	TH2	HKNPDCAD_00903	HKNPDCAD_00903	
TH2_HKNPDCAD_00904	TH2_contig_2	618538	622425	3888	-	purL	Phosphoribosylformylglycinamidine synthase	TH2	HKNPDCAD_00904	HKNPDCAD_00904	
TH2_HKNPDCAD_00905	TH2_contig_2	622682	624238	1557	+	mltF	Membrane-bound lytic murein transglycosylase F	TH2	HKNPDCAD_00905	HKNPDCAD_00905	
TH2_HKNPDCAD_00906	TH2_contig_2	624235	624738	504	-	tadA	tRNA-specific adenosine deaminase	TH2	HKNPDCAD_00906	HKNPDCAD_00906	
TH2_HKNPDCAD_00907	TH2_contig_2	624796	625245	450	-	pgpC	Phosphatidylglycerophosphatase C	TH2	HKNPDCAD_00907	HKNPDCAD_00907	
TH2_HKNPDCAD_00908	TH2_contig_2	625639	626487	849	+	murR_2	HTH-type transcriptional regulator MurR	TH2	HKNPDCAD_00908	HKNPDCAD_00908	
TH2_HKNPDCAD_00909	TH2_contig_2	626543	626803	261	+	yfhL	Ferredoxin YfhL	TH2	HKNPDCAD_00909	HKNPDCAD_00909	
TH2_HKNPDCAD_00910	TH2_contig_2	627498	627878	381	-	acpS	Holo-[acyl-carrier-protein] synthase	TH2	HKNPDCAD_00910	HKNPDCAD_00910	
TH2_HKNPDCAD_00911	TH2_contig_2	627878	628609	732	-	pdxJ	Pyridoxine 5'-phosphate synthase	TH2	HKNPDCAD_00911	HKNPDCAD_00911	
TH2_HKNPDCAD_00912	TH2_contig_2	628621	629349	729	-	recO	DNA repair protein RecO	TH2	HKNPDCAD_00912	HKNPDCAD_00912	
TH2_HKNPDCAD_00913	TH2_contig_2	629361	629948	588	-	era_1	GTPase Era	TH2	HKNPDCAD_00913	HKNPDCAD_00913	
TH2_HKNPDCAD_00914	TH2_contig_2	629909	630265	357	-	era_2	GTPase Era	TH2	HKNPDCAD_00914	HKNPDCAD_00914	
TH2_HKNPDCAD_00915	TH2_contig_2	630262	630942	681	-	rnc	Ribonuclease 3	TH2	HKNPDCAD_00915	HKNPDCAD_00915	
TH2_HKNPDCAD_00916	TH2_contig_2	631215	632189	975	-	lepB	Signal peptidase I	TH2	HKNPDCAD_00916	HKNPDCAD_00916	
TH2_HKNPDCAD_00917	TH2_contig_2	632205	634004	1800	-	lepA	Elongation factor 4	TH2	HKNPDCAD_00917	HKNPDCAD_00917	
TH2_HKNPDCAD_00918	TH2_contig_2	634202	634681	480	-	rseC	Protein RseC	TH2	HKNPDCAD_00918	HKNPDCAD_00918	
TH2_HKNPDCAD_00919	TH2_contig_2	634678	635634	957	-	rseB	Sigma-E factor regulatory protein RseB	TH2	HKNPDCAD_00919	HKNPDCAD_00919	
TH2_HKNPDCAD_00920	TH2_contig_2	635634	636284	651	-	rseA	Anti-sigma-E factor RseA	TH2	HKNPDCAD_00920	HKNPDCAD_00920	
TH2_HKNPDCAD_00921	TH2_contig_2	636317	636892	576	-	rpoE	ECF RNA polymerase sigma-E factor	TH2	HKNPDCAD_00921	HKNPDCAD_00921	
TH2_HKNPDCAD_00922	TH2_contig_2	637300	638922	1623	+	nadB	L-aspartate oxidase	TH2	HKNPDCAD_00922	HKNPDCAD_00922	
TH2_HKNPDCAD_00923	TH2_contig_2	638907	639644	738	-	yfiC	tRNA1(Val) (adenine(37)-N6)-methyltransferase	TH2	HKNPDCAD_00923	HKNPDCAD_00923	
TH2_HKNPDCAD_00924	TH2_contig_2	639776	641023	1248	+	srmB_1	ATP-dependent RNA helicase SrmB	TH2	HKNPDCAD_00924	HKNPDCAD_00924	
TH2_HKNPDCAD_00925	TH2_contig_2	641318	642199	882	-	cmpR	HTH-type transcriptional activator CmpR	TH2	HKNPDCAD_00925	HKNPDCAD_00925	
TH2_HKNPDCAD_00926	TH2_contig_2	642302	642889	588	+	eamB	Cysteine/O-acetylserine efflux protein	TH2	HKNPDCAD_00926	HKNPDCAD_00926	
TH2_HKNPDCAD_00927	TH2_contig_2	642945	643328	384	-	grcA	Autonomous glycyl radical cofactor	TH2	HKNPDCAD_00927	HKNPDCAD_00927	
TH2_HKNPDCAD_00928	TH2_contig_2	643633	644322	690	+	ung	Uracil-DNA glycosylase	TH2	HKNPDCAD_00928	HKNPDCAD_00928	
TH2_HKNPDCAD_00929	TH2_contig_2	644370	645407	1038	-	yfiF	putative tRNA/rRNA methyltransferase YfiF	TH2	HKNPDCAD_00929	HKNPDCAD_00929	
TH2_HKNPDCAD_00930	TH2_contig_2	645614	646033	420	+	trxC	Thioredoxin 2	TH2	HKNPDCAD_00930	HKNPDCAD_00930	
TH2_HKNPDCAD_00931	TH2_contig_2	646102	646800	699	+	hypothetical protein	hypothetical protein	TH2	HKNPDCAD_00931	HKNPDCAD_00931	
TH2_HKNPDCAD_00932	TH2_contig_2	646832	649492	2661	+	patZ	Peptidyl-lysine N-acetyltransferase PatZ	TH2	HKNPDCAD_00932	HKNPDCAD_00932	
TH2_HKNPDCAD_00933	TH2_contig_2	649606	650961	1356	+	pssA	CDP-diacylglycerol--serine O-phosphatidyltransferase	TH2	HKNPDCAD_00933	HKNPDCAD_00933	
TH2_HKNPDCAD_00934	TH2_contig_2	651058	651330	273	+	hypothetical protein	hypothetical protein	TH2	HKNPDCAD_00934	HKNPDCAD_00934	
TH2_HKNPDCAD_00935	TH2_contig_2	651327	652625	1299	-	kgtP	Alpha-ketoglutarate permease	TH2	HKNPDCAD_00935	HKNPDCAD_00935	
TH2_HKNPDCAD_00940	TH2_contig_2	658490	658918	429	-	clpB_1	Chaperone protein ClpB	TH2	HKNPDCAD_00940	HKNPDCAD_00940	
TH2_HKNPDCAD_00941	TH2_contig_2	658915	659493	579	-	clpB_2	Chaperone protein ClpB	TH2	HKNPDCAD_00941	HKNPDCAD_00941	
TH2_HKNPDCAD_00942	TH2_contig_2	659469	661061	1593	-	clpB_3	Chaperone protein ClpB	TH2	HKNPDCAD_00942	HKNPDCAD_00942	
TH2_HKNPDCAD_00943	TH2_contig_2	661191	661406	216	-	yfiH_1	Polyphenol oxidase	TH2	HKNPDCAD_00943	HKNPDCAD_00943	
TH2_HKNPDCAD_00944	TH2_contig_2	661390	661920	531	-	yfiH_2	Polyphenol oxidase	TH2	HKNPDCAD_00944	HKNPDCAD_00944	
TH2_HKNPDCAD_00945	TH2_contig_2	661917	662897	981	-	rluD	Ribosomal large subunit pseudouridine synthase D	TH2	HKNPDCAD_00945	HKNPDCAD_00945	
TH2_HKNPDCAD_00946	TH2_contig_2	663032	663769	738	+	bamD	Outer membrane protein assembly factor BamD	TH2	HKNPDCAD_00946	HKNPDCAD_00946	
TH2_HKNPDCAD_00947	TH2_contig_2	664040	664381	342	+	raiA	Ribosome-associated inhibitor A	TH2	HKNPDCAD_00947	HKNPDCAD_00947	
TH2_HKNPDCAD_00948	TH2_contig_2	664630	665790	1161	+	pheA	Bifunctional chorismate mutase/prephenate dehydratase	TH2	HKNPDCAD_00948	HKNPDCAD_00948	
TH2_HKNPDCAD_00949	TH2_contig_2	665833	666954	1122	-	tyrA	T-protein	TH2	HKNPDCAD_00949	HKNPDCAD_00949	
TH2_HKNPDCAD_00950	TH2_contig_2	666965	668035	1071	-	aroF	Phospho-2-dehydro-3-deoxyheptonate aldolase, Tyr-sensitive	TH2	HKNPDCAD_00950	HKNPDCAD_00950	
TH2_HKNPDCAD_00951	TH2_contig_2	668248	668610	363	+	hypothetical protein	hypothetical protein	TH2	HKNPDCAD_00951	HKNPDCAD_00951	
TH2_HKNPDCAD_00952	TH2_contig_2	668760	669278	519	+	hypothetical protein	hypothetical protein	TH2	HKNPDCAD_00952	HKNPDCAD_00952	
TH2_HKNPDCAD_00953	TH2_contig_2	669268	670494	1227	+	dgcN	Diguanylate cyclase DgcN	TH2	HKNPDCAD_00953	HKNPDCAD_00953	
TH2_HKNPDCAD_00954	TH2_contig_2	670510	670923	414	+	pal_1	Peptidoglycan-associated lipoprotein	TH2	HKNPDCAD_00954	HKNPDCAD_00954	
TH2_HKNPDCAD_00955	TH2_contig_2	671067	671414	348	-	rplS	50S ribosomal protein L19	TH2	HKNPDCAD_00955	HKNPDCAD_00955	
TH2_HKNPDCAD_00956	TH2_contig_2	671456	672223	768	-	trmD	tRNA (guanine-N(1)-)-methyltransferase	TH2	HKNPDCAD_00956	HKNPDCAD_00956	
TH2_HKNPDCAD_00957	TH2_contig_2	672254	672802	549	-	rimM	Ribosome maturation factor RimM	TH2	HKNPDCAD_00957	HKNPDCAD_00957	
TH2_HKNPDCAD_00958	TH2_contig_2	672821	673069	249	-	rpsP	30S ribosomal protein S16	TH2	HKNPDCAD_00958	HKNPDCAD_00958	
TH2_HKNPDCAD_00959	TH2_contig_2	673318	674679	1362	-	ffh	Signal recognition particle protein	TH2	HKNPDCAD_00959	HKNPDCAD_00959	
TH2_HKNPDCAD_00960	TH2_contig_2	674771	675637	867	+	ypjD	Inner membrane protein YpjD	TH2	HKNPDCAD_00960	HKNPDCAD_00960	
TH2_HKNPDCAD_00961	TH2_contig_2	675703	676536	834	+	hypothetical protein	hypothetical protein	TH2	HKNPDCAD_00961	HKNPDCAD_00961	
TH2_HKNPDCAD_00962	TH2_contig_2	676500	676943	444	+	hypothetical protein	hypothetical protein	TH2	HKNPDCAD_00962	HKNPDCAD_00962	
TH2_HKNPDCAD_00963	TH2_contig_2	676998	677591	594	-	grpE	Protein GrpE	TH2	HKNPDCAD_00963	HKNPDCAD_00963	
TH2_HKNPDCAD_00964	TH2_contig_2	677714	678592	879	+	nadK	NAD kinase	TH2	HKNPDCAD_00964	HKNPDCAD_00964	
TH2_HKNPDCAD_00965	TH2_contig_2	678678	680339	1662	+	recN	DNA repair protein RecN	TH2	HKNPDCAD_00965	HKNPDCAD_00965	
TH2_HKNPDCAD_00966	TH2_contig_2	680488	680829	342	+	bamE	Outer membrane protein assembly factor BamE	TH2	HKNPDCAD_00966	HKNPDCAD_00966	
TH2_HKNPDCAD_00967	TH2_contig_2	680891	681181	291	-	hypothetical protein	hypothetical protein	TH2	HKNPDCAD_00967	HKNPDCAD_00967	
TH2_HKNPDCAD_00968	TH2_contig_2	681171	681647	477	-	ratA	Ribosome association toxin RatA	TH2	HKNPDCAD_00968	HKNPDCAD_00968	
TH2_HKNPDCAD_00969	TH2_contig_2	681763	682260	498	+	smpB	SsrA-binding protein	TH2	HKNPDCAD_00969	HKNPDCAD_00969	
TH2_HKNPDCAD_00970	TH2_contig_2	682436	682561	126	+	hypothetical protein	hypothetical protein	TH2	HKNPDCAD_00970	HKNPDCAD_00970	
TH2_HKNPDCAD_00972	TH2_contig_2	683004	684233	1230	+	intA_1	Prophage integrase IntA	TH2	HKNPDCAD_00972	HKNPDCAD_00972	
TH2_HKNPDCAD_00973	TH2_contig_2	684516	686072	1557	+	hypothetical protein	hypothetical protein	TH2	HKNPDCAD_00973	HKNPDCAD_00973	
TH2_HKNPDCAD_00974	TH2_contig_2	686062	686190	129	+	hypothetical protein	hypothetical protein	TH2	HKNPDCAD_00974	HKNPDCAD_00974	
TH2_HKNPDCAD_00975	TH2_contig_2	686340	686957	618	+	hypothetical protein	hypothetical protein	TH2	HKNPDCAD_00975	HKNPDCAD_00975	
TH2_HKNPDCAD_00976	TH2_contig_2	686954	687598	645	+	hypothetical protein	hypothetical protein	TH2	HKNPDCAD_00976	HKNPDCAD_00976	
TH2_HKNPDCAD_00977	TH2_contig_2	687628	687849	222	+	hypothetical protein	hypothetical protein	TH2	HKNPDCAD_00977	HKNPDCAD_00977	
TH2_HKNPDCAD_00978	TH2_contig_2	688902	689807	906	-	hypothetical protein	hypothetical protein	TH2	HKNPDCAD_00978	HKNPDCAD_00978	
TH2_HKNPDCAD_00979	TH2_contig_2	689807	690841	1035	-	hypothetical protein	hypothetical protein	TH2	HKNPDCAD_00979	HKNPDCAD_00979	
TH2_HKNPDCAD_00980	TH2_contig_2	690978	691913	936	-	hypothetical protein	hypothetical protein	TH2	HKNPDCAD_00980	HKNPDCAD_00980	
TH2_HKNPDCAD_00981	TH2_contig_2	692426	693292	867	-	IS3 family transposase IS3	IS3 family transposase IS3	TH2	HKNPDCAD_00981	HKNPDCAD_00981	
TH2_HKNPDCAD_00982	TH2_contig_2	693289	693588	300	-	IS3 family transposase ISEc17	IS3 family transposase ISEc17	TH2	HKNPDCAD_00982	HKNPDCAD_00982	
TH2_HKNPDCAD_00983	TH2_contig_2	694014	694286	273	+	hypothetical protein	hypothetical protein	TH2	HKNPDCAD_00983	HKNPDCAD_00983	
TH2_HKNPDCAD_00984	TH2_contig_2	694867	695307	441	+	hypothetical protein	hypothetical protein	TH2	HKNPDCAD_00984	HKNPDCAD_00984	
TH2_HKNPDCAD_00985	TH2_contig_2	695322	696062	741	+	hypothetical protein	hypothetical protein	TH2	HKNPDCAD_00985	HKNPDCAD_00985	
TH2_HKNPDCAD_00986	TH2_contig_2	696474	696881	408	+	hypothetical protein	hypothetical protein	TH2	HKNPDCAD_00986	HKNPDCAD_00986	
TH2_HKNPDCAD_00987	TH2_contig_2	696878	698107	1230	+	hypothetical protein	hypothetical protein	TH2	HKNPDCAD_00987	HKNPDCAD_00987	
TH2_HKNPDCAD_00988	TH2_contig_2	698296	698568	273	+	hypothetical protein	hypothetical protein	TH2	HKNPDCAD_00988	HKNPDCAD_00988	
TH2_HKNPDCAD_00989	TH2_contig_2	698833	699003	171	+	hypothetical protein	hypothetical protein	TH2	HKNPDCAD_00989	HKNPDCAD_00989	
TH2_HKNPDCAD_00990	TH2_contig_2	699030	699350	321	+	hypothetical protein	hypothetical protein	TH2	HKNPDCAD_00990	HKNPDCAD_00990	
TH2_HKNPDCAD_00991	TH2_contig_2	699492	699917	426	-	hypothetical protein	hypothetical protein	TH2	HKNPDCAD_00991	HKNPDCAD_00991	
TH2_HKNPDCAD_00992	TH2_contig_2	700957	701310	354	+	hypothetical protein	hypothetical protein	TH2	HKNPDCAD_00992	HKNPDCAD_00992	
TH2_HKNPDCAD_00993	TH2_contig_2	701724	701858	135	-	hypothetical protein	hypothetical protein	TH2	HKNPDCAD_00993	HKNPDCAD_00993	
TH2_HKNPDCAD_00994	TH2_contig_2	702063	702338	276	-	hypothetical protein	hypothetical protein	TH2	HKNPDCAD_00994	HKNPDCAD_00994	
TH2_HKNPDCAD_00995	TH2_contig_2	702587	702886	300	-	hypothetical protein	hypothetical protein	TH2	HKNPDCAD_00995	HKNPDCAD_00995	
TH2_HKNPDCAD_00996	TH2_contig_2	702907	703113	207	-	hypothetical protein	hypothetical protein	TH2	HKNPDCAD_00996	HKNPDCAD_00996	
TH2_HKNPDCAD_00997	TH2_contig_2	703396	704241	846	-	hypothetical protein	hypothetical protein	TH2	HKNPDCAD_00997	HKNPDCAD_00997	
TH2_HKNPDCAD_00998	TH2_contig_2	704697	705407	711	-	putative autotransporter	putative autotransporter	TH2	HKNPDCAD_00998	HKNPDCAD_00998	
TH2_HKNPDCAD_00999	TH2_contig_2	705413	706294	882	-	tibA	Adhesin/invasin TibA autotransporter	TH2	HKNPDCAD_00999	HKNPDCAD_00999	
TH2_HKNPDCAD_01000	TH2_contig_2	706294	709275	2982	-	putative autotransporter	putative autotransporter	TH2	HKNPDCAD_01000	HKNPDCAD_01000	
TH2_HKNPDCAD_01001	TH2_contig_2	710210	710596	387	-	hypothetical protein	hypothetical protein	TH2	HKNPDCAD_01001	HKNPDCAD_01001	
TH2_HKNPDCAD_01002	TH2_contig_2	710542	711663	1122	-	hypothetical protein	hypothetical protein	TH2	HKNPDCAD_01002	HKNPDCAD_01002	
TH2_HKNPDCAD_01004	TH2_contig_2	713048	713380	333	+	hypothetical protein	hypothetical protein	TH2	HKNPDCAD_01004	HKNPDCAD_01004	
TH2_HKNPDCAD_01005	TH2_contig_2	713399	715225	1827	+	hypothetical protein	hypothetical protein	TH2	HKNPDCAD_01005	HKNPDCAD_01005	
TH2_HKNPDCAD_01006	TH2_contig_2	715636	716613	978	+	glaH	Glutarate 2-hydroxylase	TH2	HKNPDCAD_01006	HKNPDCAD_01006	
TH2_HKNPDCAD_01007	TH2_contig_2	716633	717901	1269	+	lhgD	L-2-hydroxyglutarate dehydrogenase	TH2	HKNPDCAD_01007	HKNPDCAD_01007	
TH2_HKNPDCAD_01008	TH2_contig_2	717924	719372	1449	+	gabD	Succinate-semialdehyde dehydrogenase [NADP(+)] GabD	TH2	HKNPDCAD_01008	HKNPDCAD_01008	
TH2_HKNPDCAD_01009	TH2_contig_2	719386	720666	1281	+	gabT	4-aminobutyrate aminotransferase GabT	TH2	HKNPDCAD_01009	HKNPDCAD_01009	
TH2_HKNPDCAD_01010	TH2_contig_2	720904	722304	1401	+	gabP	GABA permease	TH2	HKNPDCAD_01010	HKNPDCAD_01010	
TH2_HKNPDCAD_01011	TH2_contig_2	722325	722987	663	+	glaR	HTH-type transcriptional repressor GlaR	TH2	HKNPDCAD_01011	HKNPDCAD_01011	
TH2_HKNPDCAD_01012	TH2_contig_2	722988	723437	450	-	kbp	Potassium binding protein Kbp	TH2	HKNPDCAD_01012	HKNPDCAD_01012	
TH2_HKNPDCAD_01013	TH2_contig_2	723521	723679	159	-	hypothetical protein	hypothetical protein	TH2	HKNPDCAD_01013	HKNPDCAD_01013	
TH2_HKNPDCAD_01014	TH2_contig_2	723862	724161	300	+	ygaV	putative HTH-type transcriptional regulator YgaV	TH2	HKNPDCAD_01014	HKNPDCAD_01014	
TH2_HKNPDCAD_01015	TH2_contig_2	724171	724695	525	+	ygaP	Inner membrane protein YgaP	TH2	HKNPDCAD_01015	HKNPDCAD_01015	
TH2_HKNPDCAD_01016	TH2_contig_2	724742	725146	405	-	stpA	DNA-binding protein StpA	TH2	HKNPDCAD_01016	HKNPDCAD_01016	
TH2_HKNPDCAD_01017	TH2_contig_2	725815	726264	450	+	alaE	L-alanine exporter AlaE	TH2	HKNPDCAD_01017	HKNPDCAD_01017	
TH2_HKNPDCAD_01018	TH2_contig_2	726301	726645	345	-	hypothetical protein	hypothetical protein	TH2	HKNPDCAD_01018	HKNPDCAD_01018	
TH2_HKNPDCAD_01019	TH2_contig_2	726797	727126	330	+	ygaM	putative protein YgaM	TH2	HKNPDCAD_01019	HKNPDCAD_01019	
TH2_HKNPDCAD_01020	TH2_contig_2	727374	727619	246	+	nrdH	Glutaredoxin-like protein NrdH	TH2	HKNPDCAD_01020	HKNPDCAD_01020	
TH2_HKNPDCAD_01021	TH2_contig_2	727616	728026	411	+	nrdI	Protein NrdI	TH2	HKNPDCAD_01021	HKNPDCAD_01021	
TH2_HKNPDCAD_01022	TH2_contig_2	727999	730155	2157	+	nrdE	Ribonucleoside-diphosphate reductase 2 subunit alpha	TH2	HKNPDCAD_01022	HKNPDCAD_01022	
TH2_HKNPDCAD_01023	TH2_contig_2	730152	731111	960	+	nrdF	Ribonucleoside-diphosphate reductase 2 subunit beta	TH2	HKNPDCAD_01023	HKNPDCAD_01023	
TH2_HKNPDCAD_01024	TH2_contig_2	731465	732667	1203	+	proV	Glycine betaine/proline betaine transport system ATP-binding protein ProV	TH2	HKNPDCAD_01024	HKNPDCAD_01024	
TH2_HKNPDCAD_01025	TH2_contig_2	732660	733724	1065	+	proW	Glycine betaine/proline betaine transport system permease protein ProW	TH2	HKNPDCAD_01025	HKNPDCAD_01025	
TH2_HKNPDCAD_01026	TH2_contig_2	733782	734774	993	+	proX	Glycine betaine/proline betaine-binding periplasmic protein	TH2	HKNPDCAD_01026	HKNPDCAD_01026	
TH2_HKNPDCAD_01027	TH2_contig_2	734966	736150	1185	+	putative transporter	putative transporter	TH2	HKNPDCAD_01027	HKNPDCAD_01027	
TH2_HKNPDCAD_01028	TH2_contig_2	736274	737011	738	+	ygaZ	Inner membrane protein YgaZ	TH2	HKNPDCAD_01028	HKNPDCAD_01028	
TH2_HKNPDCAD_01029	TH2_contig_2	737001	737336	336	+	hypothetical protein	hypothetical protein	TH2	HKNPDCAD_01029	HKNPDCAD_01029	
TH2_HKNPDCAD_01030	TH2_contig_2	737427	737957	531	+	mprA	Transcriptional repressor MprA	TH2	HKNPDCAD_01030	HKNPDCAD_01030	
TH2_HKNPDCAD_01031	TH2_contig_2	738084	739256	1173	+	emrA	Multidrug export protein EmrA	TH2	HKNPDCAD_01031	HKNPDCAD_01031	
TH2_HKNPDCAD_01032	TH2_contig_2	739273	740811	1539	+	emrB	Multidrug export protein EmrB	TH2	HKNPDCAD_01032	HKNPDCAD_01032	
TH2_HKNPDCAD_01033	TH2_contig_2	740875	741390	516	-	luxS	S-ribosylhomocysteine lyase	TH2	HKNPDCAD_01033	HKNPDCAD_01033	
TH2_HKNPDCAD_01034	TH2_contig_2	741540	743096	1557	-	gshA	Glutamate--cysteine ligase	TH2	HKNPDCAD_01034	HKNPDCAD_01034	
TH2_HKNPDCAD_01035	TH2_contig_2	743183	743596	414	-	yqaA	Inner membrane protein YqaA	TH2	HKNPDCAD_01035	HKNPDCAD_01035	
TH2_HKNPDCAD_01036	TH2_contig_2	743593	744159	567	-	yqaB	Fructose-1-phosphate phosphatase YqaB	TH2	HKNPDCAD_01036	HKNPDCAD_01036	
TH2_HKNPDCAD_01043	TH2_contig_2	745616	745801	186	-	csrA	Carbon storage regulator	TH2	HKNPDCAD_01043	HKNPDCAD_01043	
TH2_HKNPDCAD_01044	TH2_contig_2	746036	748018	1983	-	alaS_1	Alanine--tRNA ligase	TH2	HKNPDCAD_01044	HKNPDCAD_01044	
TH2_HKNPDCAD_01045	TH2_contig_2	747961	748665	705	-	alaS_2	Alanine--tRNA ligase	TH2	HKNPDCAD_01045	HKNPDCAD_01045	
TH2_HKNPDCAD_01046	TH2_contig_2	748793	749293	501	-	recX	Regulatory protein RecX	TH2	HKNPDCAD_01046	HKNPDCAD_01046	
TH2_HKNPDCAD_01047	TH2_contig_2	749362	750423	1062	-	recA	Protein RecA	TH2	HKNPDCAD_01047	HKNPDCAD_01047	
TH2_HKNPDCAD_01048	TH2_contig_2	750503	751000	498	-	pncC_2	Nicotinamide-nucleotide amidohydrolase PncC	TH2	HKNPDCAD_01048	HKNPDCAD_01048	
TH2_HKNPDCAD_01049	TH2_contig_2	751145	751726	582	-	mltB_1	Membrane-bound lytic murein transglycosylase B	TH2	HKNPDCAD_01049	HKNPDCAD_01049	
TH2_HKNPDCAD_01050	TH2_contig_2	751726	752334	609	-	mltB_2	Membrane-bound lytic murein transglycosylase B	TH2	HKNPDCAD_01050	HKNPDCAD_01050	
TH2_HKNPDCAD_01051	TH2_contig_2	752485	753048	564	+	srlA	PTS system glucitol/sorbitol-specific EIIC component	TH2	HKNPDCAD_01051	HKNPDCAD_01051	
TH2_HKNPDCAD_01052	TH2_contig_2	753045	754004	960	+	srlE	PTS system glucitol/sorbitol-specific EIIB component	TH2	HKNPDCAD_01052	HKNPDCAD_01052	
TH2_HKNPDCAD_01053	TH2_contig_2	754015	754386	372	+	srlB	PTS system glucitol/sorbitol-specific EIIA component	TH2	HKNPDCAD_01053	HKNPDCAD_01053	
TH2_HKNPDCAD_01054	TH2_contig_2	754390	755169	780	+	srlD	Sorbitol-6-phosphate 2-dehydrogenase	TH2	HKNPDCAD_01054	HKNPDCAD_01054	
TH2_HKNPDCAD_01055	TH2_contig_2	755274	755633	360	+	hypothetical protein	hypothetical protein	TH2	HKNPDCAD_01055	HKNPDCAD_01055	
TH2_HKNPDCAD_01056	TH2_contig_2	755700	756473	774	+	srlR_2	Glucitol operon repressor	TH2	HKNPDCAD_01056	HKNPDCAD_01056	
TH2_HKNPDCAD_01057	TH2_contig_2	756466	756723	258	+	gutQ_1	Arabinose 5-phosphate isomerase GutQ	TH2	HKNPDCAD_01057	HKNPDCAD_01057	
TH2_HKNPDCAD_01058	TH2_contig_2	756720	757430	711	+	gutQ_2	Arabinose 5-phosphate isomerase GutQ	TH2	HKNPDCAD_01058	HKNPDCAD_01058	
TH2_HKNPDCAD_01059	TH2_contig_2	757427	758941	1515	-	norR_1	Anaerobic nitric oxide reductase transcription regulator NorR	TH2	HKNPDCAD_01059	HKNPDCAD_01059	
TH2_HKNPDCAD_01060	TH2_contig_2	759128	759268	141	+	norV_1	Anaerobic nitric oxide reductase flavorubredoxin	TH2	HKNPDCAD_01060	HKNPDCAD_01060	
TH2_HKNPDCAD_01061	TH2_contig_2	759262	760566	1305	+	norV_2	Anaerobic nitric oxide reductase flavorubredoxin	TH2	HKNPDCAD_01061	HKNPDCAD_01061	
TH2_HKNPDCAD_01062	TH2_contig_2	760563	761696	1134	+	norW	Nitric oxide reductase FlRd-NAD(+) reductase	TH2	HKNPDCAD_01062	HKNPDCAD_01062	
TH2_HKNPDCAD_01063	TH2_contig_2	761824	764076	2253	-	hypF	Carbamoyltransferase HypF	TH2	HKNPDCAD_01063	HKNPDCAD_01063	
TH2_HKNPDCAD_01064	TH2_contig_2	764229	764756	528	-	hyfA_2	Hydrogenase-4 component A	TH2	HKNPDCAD_01064	HKNPDCAD_01064	
TH2_HKNPDCAD_01065	TH2_contig_2	764905	765918	1014	-	ascG	HTH-type transcriptional regulator AscG	TH2	HKNPDCAD_01065	HKNPDCAD_01065	
TH2_HKNPDCAD_01066	TH2_contig_2	766175	767632	1458	+	bglF_1	PTS system beta-glucoside-specific EIIBCA component	TH2	HKNPDCAD_01066	HKNPDCAD_01066	
TH2_HKNPDCAD_01067	TH2_contig_2	767766	769064	1299	+	bglH_1	Aryl-phospho-beta-D-glucosidase BglH	TH2	HKNPDCAD_01067	HKNPDCAD_01067	
TH2_HKNPDCAD_01068	TH2_contig_2	769321	769692	372	-	hycI	Hydrogenase 3 maturation protease	TH2	HKNPDCAD_01068	HKNPDCAD_01068	
TH2_HKNPDCAD_01069	TH2_contig_2	769685	770095	411	-	hypothetical protein	hypothetical protein	TH2	HKNPDCAD_01069	HKNPDCAD_01069	
TH2_HKNPDCAD_01070	TH2_contig_2	770092	770733	642	-	hycG	Formate hydrogenlyase subunit 7	TH2	HKNPDCAD_01070	HKNPDCAD_01070	
TH2_HKNPDCAD_01071	TH2_contig_2	770858	771400	543	-	ndhI_2	NAD(P)H-quinone oxidoreductase subunit I, chloroplastic	TH2	HKNPDCAD_01071	HKNPDCAD_01071	
TH2_HKNPDCAD_01072	TH2_contig_2	771410	773119	1710	-	hycE	Formate hydrogenlyase subunit 5	TH2	HKNPDCAD_01072	HKNPDCAD_01072	
TH2_HKNPDCAD_01073	TH2_contig_2	773137	774060	924	-	hycD	Formate hydrogenlyase subunit 4	TH2	HKNPDCAD_01073	HKNPDCAD_01073	
TH2_HKNPDCAD_01074	TH2_contig_2	774063	775889	1827	-	ndhB_3	NAD(P)H-quinone oxidoreductase subunit 2, chloroplastic	TH2	HKNPDCAD_01074	HKNPDCAD_01074	
TH2_HKNPDCAD_01075	TH2_contig_2	775886	776497	612	-	hyfA_3	Hydrogenase-4 component A	TH2	HKNPDCAD_01075	HKNPDCAD_01075	
TH2_HKNPDCAD_01076	TH2_contig_2	776622	777083	462	-	hycA	Formate hydrogenlyase regulatory protein HycA	TH2	HKNPDCAD_01076	HKNPDCAD_01076	
TH2_HKNPDCAD_01077	TH2_contig_2	777295	777645	351	+	hypA	Hydrogenase maturation factor HypA	TH2	HKNPDCAD_01077	HKNPDCAD_01077	
TH2_HKNPDCAD_01078	TH2_contig_2	777649	778521	873	+	hypB	Hydrogenase maturation factor HypB	TH2	HKNPDCAD_01078	HKNPDCAD_01078	
TH2_HKNPDCAD_01079	TH2_contig_2	778512	778784	273	+	hypC	Hydrogenase maturation factor HypC	TH2	HKNPDCAD_01079	HKNPDCAD_01079	
TH2_HKNPDCAD_01080	TH2_contig_2	778784	779905	1122	+	hypD	Hydrogenase maturation factor HypD	TH2	HKNPDCAD_01080	HKNPDCAD_01080	
TH2_HKNPDCAD_01081	TH2_contig_2	779902	780912	1011	+	hypE	Carbamoyl dehydratase HypE	TH2	HKNPDCAD_01081	HKNPDCAD_01081	
TH2_HKNPDCAD_01082	TH2_contig_2	780986	783064	2079	+	fhlA	Formate hydrogenlyase transcriptional activator FhlA	TH2	HKNPDCAD_01082	HKNPDCAD_01082	
TH2_HKNPDCAD_01083	TH2_contig_2	783101	783454	354	-	hypothetical protein	hypothetical protein	TH2	HKNPDCAD_01083	HKNPDCAD_01083	
TH2_HKNPDCAD_01084	TH2_contig_2	783486	783665	180	-	hypothetical protein	hypothetical protein	TH2	HKNPDCAD_01084	HKNPDCAD_01084	
TH2_HKNPDCAD_01085	TH2_contig_2	783702	783812	111	-	hypothetical protein	hypothetical protein	TH2	HKNPDCAD_01085	HKNPDCAD_01085	
TH2_HKNPDCAD_01086	TH2_contig_2	783943	786303	2361	+	mutS	DNA mismatch repair protein MutS	TH2	HKNPDCAD_01086	HKNPDCAD_01086	
TH2_HKNPDCAD_01087	TH2_contig_2	786591	787064	474	+	pphB	Serine/threonine-protein phosphatase 2	TH2	HKNPDCAD_01087	HKNPDCAD_01087	
TH2_HKNPDCAD_01088	TH2_contig_2	787115	787357	243	-	hypothetical protein	hypothetical protein	TH2	HKNPDCAD_01088	HKNPDCAD_01088	
TH2_HKNPDCAD_01089	TH2_contig_2	787309	787881	573	-	glpR_1	Glycerol-3-phosphate regulon repressor	TH2	HKNPDCAD_01089	HKNPDCAD_01089	
TH2_HKNPDCAD_01090	TH2_contig_2	788077	788883	807	+	ltnD	L-threonate dehydrogenase	TH2	HKNPDCAD_01090	HKNPDCAD_01090	
TH2_HKNPDCAD_01091	TH2_contig_2	788981	790360	1380	+	otnK	3-oxo-tetronate kinase	TH2	HKNPDCAD_01091	HKNPDCAD_01091	
TH2_HKNPDCAD_01092	TH2_contig_2	790476	790877	402	+	otnC	3-oxo-tetronate 4-phosphate decarboxylase	TH2	HKNPDCAD_01092	HKNPDCAD_01092	
TH2_HKNPDCAD_01093	TH2_contig_2	790882	791658	777	+	otnI	2-oxo-tetronate isomerase	TH2	HKNPDCAD_01093	HKNPDCAD_01093	
TH2_HKNPDCAD_01094	TH2_contig_2	791747	793111	1365	+	ygbN	Inner membrane permease YgbN	TH2	HKNPDCAD_01094	HKNPDCAD_01094	
TH2_HKNPDCAD_01095	TH2_contig_2	793205	794197	993	-	rpoS	RNA polymerase sigma factor RpoS	TH2	HKNPDCAD_01095	HKNPDCAD_01095	
TH2_HKNPDCAD_01096	TH2_contig_2	794460	795398	939	-	nlpD_1	Murein hydrolase activator NlpD	TH2	HKNPDCAD_01096	HKNPDCAD_01096	
TH2_HKNPDCAD_01097	TH2_contig_2	795537	796163	627	-	pcm	Protein-L-isoaspartate O-methyltransferase	TH2	HKNPDCAD_01097	HKNPDCAD_01097	
TH2_HKNPDCAD_01098	TH2_contig_2	796157	796918	762	-	surE	5'/3'-nucleotidase SurE	TH2	HKNPDCAD_01098	HKNPDCAD_01098	
TH2_HKNPDCAD_01099	TH2_contig_2	796899	797948	1050	-	truD	tRNA pseudouridine synthase D	TH2	HKNPDCAD_01099	HKNPDCAD_01099	
TH2_HKNPDCAD_01100	TH2_contig_2	797945	798424	480	-	ispF	2-C-methyl-D-erythritol 2,4-cyclodiphosphate synthase	TH2	HKNPDCAD_01100	HKNPDCAD_01100	
TH2_HKNPDCAD_01101	TH2_contig_2	798424	798714	291	-	ispD	2-C-methyl-D-erythritol 4-phosphate cytidylyltransferase	TH2	HKNPDCAD_01101	HKNPDCAD_01101	
TH2_HKNPDCAD_01102	TH2_contig_2	798794	799042	249	+	hypothetical protein	hypothetical protein	TH2	HKNPDCAD_01102	HKNPDCAD_01102	
TH2_HKNPDCAD_01103	TH2_contig_2	798979	799461	483	-	ftsB	Cell division protein FtsB	TH2	HKNPDCAD_01103	HKNPDCAD_01103	
TH2_HKNPDCAD_01104	TH2_contig_2	799655	799978	324	-	ygbE	Inner membrane protein YgbE	TH2	HKNPDCAD_01104	HKNPDCAD_01104	
TH2_HKNPDCAD_01105	TH2_contig_2	800028	800399	372	-	cysC_1	Adenylyl-sulfate kinase	TH2	HKNPDCAD_01105	HKNPDCAD_01105	
TH2_HKNPDCAD_01106	TH2_contig_2	800341	800634	294	-	cysC_2	Adenylyl-sulfate kinase	TH2	HKNPDCAD_01106	HKNPDCAD_01106	
TH2_HKNPDCAD_01107	TH2_contig_2	800634	802061	1428	-	cysN	Sulfate adenylyltransferase subunit 1	TH2	HKNPDCAD_01107	HKNPDCAD_01107	
TH2_HKNPDCAD_01108	TH2_contig_2	802063	802971	909	-	cysD	Sulfate adenylyltransferase subunit 2	TH2	HKNPDCAD_01108	HKNPDCAD_01108	
TH2_HKNPDCAD_01109	TH2_contig_2	803223	804260	1038	+	hypothetical protein	hypothetical protein	TH2	HKNPDCAD_01109	HKNPDCAD_01109	
TH2_HKNPDCAD_01110	TH2_contig_2	804894	805187	294	-	ygbF	CRISPR-associated endoribonuclease Cas2	TH2	HKNPDCAD_01110	HKNPDCAD_01110	
TH2_HKNPDCAD_01111	TH2_contig_2	805184	806107	924	-	ygbT	CRISPR-associated endonuclease Cas1	TH2	HKNPDCAD_01111	HKNPDCAD_01111	
TH2_HKNPDCAD_01112	TH2_contig_2	806247	806753	507	-	hypothetical protein	hypothetical protein	TH2	HKNPDCAD_01112	HKNPDCAD_01112	
TH2_HKNPDCAD_01113	TH2_contig_2	806920	807480	561	-	hypothetical protein	hypothetical protein	TH2	HKNPDCAD_01113	HKNPDCAD_01113	
TH2_HKNPDCAD_01114	TH2_contig_2	807491	809596	2106	-	ygcB	CRISPR-associated endonuclease/helicase Cas3	TH2	HKNPDCAD_01114	HKNPDCAD_01114	
TH2_HKNPDCAD_01115	TH2_contig_2	809835	810068	234	+	hypothetical protein	hypothetical protein	TH2	HKNPDCAD_01115	HKNPDCAD_01115	
TH2_HKNPDCAD_01116	TH2_contig_2	810164	811108	945	+	IS4 family transposase IS186B	IS4 family transposase IS186B	TH2	HKNPDCAD_01116	HKNPDCAD_01116	
TH2_HKNPDCAD_01117	TH2_contig_2	811138	811290	153	-	hokE_1	Toxic protein HokE	TH2	HKNPDCAD_01117	HKNPDCAD_01117	
TH2_HKNPDCAD_01118	TH2_contig_2	811555	812289	735	-	cysH	Phosphoadenosine phosphosulfate reductase	TH2	HKNPDCAD_01118	HKNPDCAD_01118	
TH2_HKNPDCAD_01119	TH2_contig_2	812364	814076	1713	-	cysI	Sulfite reductase [NADPH] hemoprotein beta-component	TH2	HKNPDCAD_01119	HKNPDCAD_01119	
TH2_HKNPDCAD_01120	TH2_contig_2	814076	815875	1800	-	cysJ	Sulfite reductase [NADPH] flavoprotein alpha-component	TH2	HKNPDCAD_01120	HKNPDCAD_01120	
TH2_HKNPDCAD_01121	TH2_contig_2	816191	816556	366	+	queD	6-carboxy-5,6,7,8-tetrahydropterin synthase	TH2	HKNPDCAD_01121	HKNPDCAD_01121	
TH2_HKNPDCAD_01122	TH2_contig_2	816634	817905	1272	+	Electron transfer flavoprotein-ubiquinone oxidoreductase	Electron transfer flavoprotein-ubiquinone oxidoreductase	TH2	HKNPDCAD_01122	HKNPDCAD_01122	
TH2_HKNPDCAD_01123	TH2_contig_2	817896	818156	261	+	fixX_1	Ferredoxin-like protein FixX	TH2	HKNPDCAD_01123	HKNPDCAD_01123	
TH2_HKNPDCAD_01124	TH2_contig_2	818173	818748	576	+	ygcP	putative protein YgcP	TH2	HKNPDCAD_01124	HKNPDCAD_01124	
TH2_HKNPDCAD_01125	TH2_contig_2	818896	819756	861	-	fixB_1	Protein FixB	TH2	HKNPDCAD_01125	HKNPDCAD_01125	
TH2_HKNPDCAD_01126	TH2_contig_2	819753	820532	780	-	hypothetical protein	hypothetical protein	TH2	HKNPDCAD_01126	HKNPDCAD_01126	
TH2_HKNPDCAD_01127	TH2_contig_2	820510	821919	1410	-	ygcS_1	Inner membrane metabolite transport protein YgcS	TH2	HKNPDCAD_01127	HKNPDCAD_01127	
TH2_HKNPDCAD_01128	TH2_contig_2	821941	823395	1455	-	hypothetical protein	hypothetical protein	TH2	HKNPDCAD_01128	HKNPDCAD_01128	
TH2_HKNPDCAD_01129	TH2_contig_2	823465	824250	786	-	kduD_1	2-dehydro-3-deoxy-D-gluconate 5-dehydrogenase	TH2	HKNPDCAD_01129	HKNPDCAD_01129	
TH2_HKNPDCAD_01130	TH2_contig_2	824464	825252	789	+	hypothetical protein	hypothetical protein	TH2	HKNPDCAD_01130	HKNPDCAD_01130	
TH2_HKNPDCAD_01131	TH2_contig_2	825246	825842	597	+	yqcE	Inner membrane protein YqcE	TH2	HKNPDCAD_01131	HKNPDCAD_01131	
TH2_HKNPDCAD_01132	TH2_contig_2	825869	826810	942	+	xylB_1	Xylulose kinase	TH2	HKNPDCAD_01132	HKNPDCAD_01132	
TH2_HKNPDCAD_01133	TH2_contig_2	826810	827346	537	+	glpK_1	Glycerol kinase	TH2	HKNPDCAD_01133	HKNPDCAD_01133	
TH2_HKNPDCAD_01134	TH2_contig_2	829145	829594	450	-	queE_1	7-carboxy-7-deazaguanine synthase	TH2	HKNPDCAD_01134	HKNPDCAD_01134	
TH2_HKNPDCAD_01135	TH2_contig_2	829546	829815	270	-	queE_2	7-carboxy-7-deazaguanine synthase	TH2	HKNPDCAD_01135	HKNPDCAD_01135	
TH2_HKNPDCAD_01136	TH2_contig_2	829954	830094	141	+	yqcG	putative protein YqcG	TH2	HKNPDCAD_01136	HKNPDCAD_01136	
TH2_HKNPDCAD_01137	TH2_contig_2	830108	830389	282	+	hypothetical protein	hypothetical protein	TH2	HKNPDCAD_01137	HKNPDCAD_01137	
TH2_HKNPDCAD_01138	TH2_contig_2	830324	830701	378	-	IS1 family transposase IS1A	IS1 family transposase IS1A	TH2	HKNPDCAD_01138	HKNPDCAD_01138	
TH2_HKNPDCAD_01139	TH2_contig_2	830746	831021	276	-	IS1 family transposase IS1A	IS1 family transposase IS1A	TH2	HKNPDCAD_01139	HKNPDCAD_01139	
TH2_HKNPDCAD_01140	TH2_contig_2	831272	831757	486	+	hypothetical protein	hypothetical protein	TH2	HKNPDCAD_01140	HKNPDCAD_01140	
TH2_HKNPDCAD_01141	TH2_contig_2	831817	833115	1299	-	eno	Enolase	TH2	HKNPDCAD_01141	HKNPDCAD_01141	
TH2_HKNPDCAD_01142	TH2_contig_2	833203	834840	1638	-	pyrG	CTP synthase	TH2	HKNPDCAD_01142	HKNPDCAD_01142	
TH2_HKNPDCAD_01143	TH2_contig_2	835068	835859	792	-	mazG	Nucleoside triphosphate pyrophosphohydrolase	TH2	HKNPDCAD_01143	HKNPDCAD_01143	
TH2_HKNPDCAD_01144	TH2_contig_2	835930	836265	336	-	mazF	Endoribonuclease toxin MazF	TH2	HKNPDCAD_01144	HKNPDCAD_01144	
TH2_HKNPDCAD_01145	TH2_contig_2	836265	836513	249	-	mazE	Antitoxin MazE	TH2	HKNPDCAD_01145	HKNPDCAD_01145	
TH2_HKNPDCAD_01146	TH2_contig_2	836591	838825	2235	-	relA	GTP pyrophosphokinase	TH2	HKNPDCAD_01146	HKNPDCAD_01146	
TH2_HKNPDCAD_01147	TH2_contig_2	838873	840174	1302	-	rlmD	23S rRNA (uracil(1939)-C(5))-methyltransferase RlmD	TH2	HKNPDCAD_01147	HKNPDCAD_01147	
TH2_HKNPDCAD_01148	TH2_contig_2	840231	842987	2757	+	barA	Signal transduction histidine-protein kinase BarA	TH2	HKNPDCAD_01148	HKNPDCAD_01148	
TH2_HKNPDCAD_01149	TH2_contig_2	843220	844560	1341	-	gudD	Glucarate dehydratase	TH2	HKNPDCAD_01149	HKNPDCAD_01149	
TH2_HKNPDCAD_01150	TH2_contig_2	844581	845921	1341	-	gudX	Glucarate dehydratase-related protein	TH2	HKNPDCAD_01150	HKNPDCAD_01150	
TH2_HKNPDCAD_01151	TH2_contig_2	845923	847275	1353	-	gudP	putative glucarate transporter	TH2	HKNPDCAD_01151	HKNPDCAD_01151	
TH2_HKNPDCAD_01152	TH2_contig_2	847710	848159	450	-	putative protein	putative protein	TH2	HKNPDCAD_01152	HKNPDCAD_01152	
TH2_HKNPDCAD_01153	TH2_contig_2	848177	848959	783	-	truC	tRNA pseudouridine synthase C	TH2	HKNPDCAD_01153	HKNPDCAD_01153	
TH2_HKNPDCAD_01154	TH2_contig_2	848959	849288	330	-	yqcC	putative protein YqcC	TH2	HKNPDCAD_01154	HKNPDCAD_01154	
TH2_HKNPDCAD_01155	TH2_contig_2	849909	850454	546	-	syd	Protein Syd	TH2	HKNPDCAD_01155	HKNPDCAD_01155	
TH2_HKNPDCAD_01156	TH2_contig_2	850522	851370	849	+	queF	NADPH-dependent 7-cyano-7-deazaguanine reductase	TH2	HKNPDCAD_01156	HKNPDCAD_01156	
TH2_HKNPDCAD_01157	TH2_contig_2	851769	852845	1077	+	ppnN	Pyrimidine/purine nucleotide 5'-monophosphate nucleosidase	TH2	HKNPDCAD_01157	HKNPDCAD_01157	
TH2_HKNPDCAD_01158	TH2_contig_2	853402	854691	1290	+	sdaC	Serine transporter	TH2	HKNPDCAD_01158	HKNPDCAD_01158	
TH2_HKNPDCAD_01159	TH2_contig_2	854749	856116	1368	+	sdaB	L-serine dehydratase 2	TH2	HKNPDCAD_01159	HKNPDCAD_01159	
TH2_HKNPDCAD_01160	TH2_contig_2	856138	856983	846	+	ygdG	Flap endonuclease Xni	TH2	HKNPDCAD_01160	HKNPDCAD_01160	
TH2_HKNPDCAD_01161	TH2_contig_2	857038	858186	1149	-	fucO	Lactaldehyde reductase	TH2	HKNPDCAD_01161	HKNPDCAD_01161	
TH2_HKNPDCAD_01162	TH2_contig_2	858214	858861	648	-	fucA	L-fuculose phosphate aldolase	TH2	HKNPDCAD_01162	HKNPDCAD_01162	
TH2_HKNPDCAD_01163	TH2_contig_2	859408	860724	1317	+	fucP	L-fucose-proton symporter	TH2	HKNPDCAD_01163	HKNPDCAD_01163	
TH2_HKNPDCAD_01164	TH2_contig_2	860757	862532	1776	+	fucI	L-fucose isomerase	TH2	HKNPDCAD_01164	HKNPDCAD_01164	
TH2_HKNPDCAD_01165	TH2_contig_2	862641	864059	1419	+	fucK	L-fuculokinase	TH2	HKNPDCAD_01165	HKNPDCAD_01165	
TH2_HKNPDCAD_01166	TH2_contig_2	864061	864474	414	+	fucU	L-fucose mutarotase	TH2	HKNPDCAD_01166	HKNPDCAD_01166	
TH2_HKNPDCAD_01167	TH2_contig_2	864540	865271	732	+	ydjF_1	putative HTH-type transcriptional regulator YdjF	TH2	HKNPDCAD_01167	HKNPDCAD_01167	
TH2_HKNPDCAD_01168	TH2_contig_2	865315	866415	1101	-	rlmM	Ribosomal RNA large subunit methyltransferase M	TH2	HKNPDCAD_01168	HKNPDCAD_01168	
TH2_HKNPDCAD_01169	TH2_contig_2	866408	866803	396	-	hypothetical protein	hypothetical protein	TH2	HKNPDCAD_01169	HKNPDCAD_01169	
TH2_HKNPDCAD_01170	TH2_contig_2	866822	867739	918	-	gcvA	Glycine cleavage system transcriptional activator	TH2	HKNPDCAD_01170	HKNPDCAD_01170	
TH2_HKNPDCAD_01171	TH2_contig_2	868089	868316	228	-	ygdR_1	putative lipoprotein YgdR	TH2	HKNPDCAD_01171	HKNPDCAD_01171	
TH2_HKNPDCAD_01172	TH2_contig_2	868508	869713	1206	+	csdA	Cysteine desulfurase CsdA	TH2	HKNPDCAD_01172	HKNPDCAD_01172	
TH2_HKNPDCAD_01173	TH2_contig_2	869713	870111	399	+	csdE	Sulfur acceptor protein CsdE	TH2	HKNPDCAD_01173	HKNPDCAD_01173	
TH2_HKNPDCAD_01174	TH2_contig_2	870206	871012	807	-	tcdA	tRNA threonylcarbamoyladenosine dehydratase	TH2	HKNPDCAD_01174	HKNPDCAD_01174	
TH2_HKNPDCAD_01175	TH2_contig_2	871251	872348	1098	-	mltA	Membrane-bound lytic murein transglycosylase A	TH2	HKNPDCAD_01175	HKNPDCAD_01175	
TH2_HKNPDCAD_01179	TH2_contig_2	872925	874178	1254	-	amiC	N-acetylmuramoyl-L-alanine amidase AmiC	TH2	HKNPDCAD_01179	HKNPDCAD_01179	
TH2_HKNPDCAD_01180	TH2_contig_2	874410	875741	1332	+	argA	Amino-acid acetyltransferase	TH2	HKNPDCAD_01180	HKNPDCAD_01180	
TH2_HKNPDCAD_01181	TH2_contig_2	875803	877629	1827	-	recD	RecBCD enzyme subunit RecD	TH2	HKNPDCAD_01181	HKNPDCAD_01181	
TH2_HKNPDCAD_01182	TH2_contig_2	877629	880211	2583	-	recB_1	RecBCD enzyme subunit RecB	TH2	HKNPDCAD_01182	HKNPDCAD_01182	
TH2_HKNPDCAD_01183	TH2_contig_2	880240	881169	930	-	recB_2	RecBCD enzyme subunit RecB	TH2	HKNPDCAD_01183	HKNPDCAD_01183	
TH2_HKNPDCAD_01184	TH2_contig_2	881162	884050	2889	-	ptrA	Protease 3	TH2	HKNPDCAD_01184	HKNPDCAD_01184	
TH2_HKNPDCAD_01185	TH2_contig_2	884226	887594	3369	-	recC	RecBCD enzyme subunit RecC	TH2	HKNPDCAD_01185	HKNPDCAD_01185	
TH2_HKNPDCAD_01186	TH2_contig_2	887607	887930	324	-	hypothetical protein	hypothetical protein	TH2	HKNPDCAD_01186	HKNPDCAD_01186	
TH2_HKNPDCAD_01187	TH2_contig_2	887944	888321	378	-	hypothetical protein	hypothetical protein	TH2	HKNPDCAD_01187	HKNPDCAD_01187	
TH2_HKNPDCAD_01188	TH2_contig_2	888318	888881	564	-	hypothetical protein	hypothetical protein	TH2	HKNPDCAD_01188	HKNPDCAD_01188	
TH2_HKNPDCAD_01189	TH2_contig_2	888872	889342	471	-	hypothetical protein	hypothetical protein	TH2	HKNPDCAD_01189	HKNPDCAD_01189	
TH2_HKNPDCAD_01190	TH2_contig_2	889526	889684	159	-	thyA_1	Thymidylate synthase	TH2	HKNPDCAD_01190	HKNPDCAD_01190	
TH2_HKNPDCAD_01191	TH2_contig_2	889660	890319	660	-	thyA_2	Thymidylate synthase	TH2	HKNPDCAD_01191	HKNPDCAD_01191	
TH2_HKNPDCAD_01192	TH2_contig_2	890326	890946	621	-	lgt	Phosphatidylglycerol--prolipoprotein diacylglyceryl transferase	TH2	HKNPDCAD_01192	HKNPDCAD_01192	
TH2_HKNPDCAD_01193	TH2_contig_2	891351	893453	2103	-	ptsP_1	Phosphoenolpyruvate-dependent phosphotransferase system	TH2	HKNPDCAD_01193	HKNPDCAD_01193	
TH2_HKNPDCAD_01194	TH2_contig_2	893423	893596	174	-	ptsP_2	Phosphoenolpyruvate-dependent phosphotransferase system	TH2	HKNPDCAD_01194	HKNPDCAD_01194	
TH2_HKNPDCAD_01195	TH2_contig_2	893609	894139	531	-	rppH	RNA pyrophosphohydrolase	TH2	HKNPDCAD_01195	HKNPDCAD_01195	
TH2_HKNPDCAD_01196	TH2_contig_2	894492	894638	147	-	hypothetical protein	hypothetical protein	TH2	HKNPDCAD_01196	HKNPDCAD_01196	
TH2_HKNPDCAD_01197	TH2_contig_2	894824	895513	690	+	mutH	DNA mismatch repair protein MutH	TH2	HKNPDCAD_01197	HKNPDCAD_01197	
TH2_HKNPDCAD_01198	TH2_contig_2	895582	896295	714	+	hypothetical protein	hypothetical protein	TH2	HKNPDCAD_01198	HKNPDCAD_01198	
TH2_HKNPDCAD_01199	TH2_contig_2	896433	896651	219	+	ygdR_2	putative lipoprotein YgdR	TH2	HKNPDCAD_01199	HKNPDCAD_01199	
TH2_HKNPDCAD_01200	TH2_contig_2	896758	897798	1041	+	tas	Protein tas	TH2	HKNPDCAD_01200	HKNPDCAD_01200	
TH2_HKNPDCAD_01201	TH2_contig_2	897801	899021	1221	-	lplT	Lysophospholipid transporter LplT	TH2	HKNPDCAD_01201	HKNPDCAD_01201	
TH2_HKNPDCAD_01202	TH2_contig_2	899014	901173	2160	-	aas	Bifunctional protein Aas	TH2	HKNPDCAD_01202	HKNPDCAD_01202	
TH2_HKNPDCAD_01203	TH2_contig_2	901758	902789	1032	+	galR	HTH-type transcriptional regulator GalR	TH2	HKNPDCAD_01203	HKNPDCAD_01203	
TH2_HKNPDCAD_01204	TH2_contig_2	902796	904058	1263	-	lysA	Diaminopimelate decarboxylase	TH2	HKNPDCAD_01204	HKNPDCAD_01204	
TH2_HKNPDCAD_01205	TH2_contig_2	904181	905116	936	+	occR	Octopine catabolism/uptake operon regulatory protein OccR	TH2	HKNPDCAD_01205	HKNPDCAD_01205	
TH2_HKNPDCAD_01206	TH2_contig_2	905103	905795	693	-	ygeA	L-aspartate/glutamate-specific racemase	TH2	HKNPDCAD_01206	HKNPDCAD_01206	
TH2_HKNPDCAD_01207	TH2_contig_2	905924	907342	1419	-	araE	Arabinose-proton symporter	TH2	HKNPDCAD_01207	HKNPDCAD_01207	
TH2_HKNPDCAD_01208	TH2_contig_2	907657	908418	762	-	kduD_2	2-dehydro-3-deoxy-D-gluconate 5-dehydrogenase	TH2	HKNPDCAD_01208	HKNPDCAD_01208	
TH2_HKNPDCAD_01209	TH2_contig_2	908448	909284	837	-	kduI	4-deoxy-L-threo-5-hexosulose-uronate ketol-isomerase	TH2	HKNPDCAD_01209	HKNPDCAD_01209	
TH2_HKNPDCAD_01210	TH2_contig_2	909571	910752	1182	-	thlA	Acetyl-CoA acetyltransferase	TH2	HKNPDCAD_01210	HKNPDCAD_01210	
TH2_HKNPDCAD_01211	TH2_contig_2	911006	912235	1230	+	yqeG	Inner membrane transport protein YqeG	TH2	HKNPDCAD_01211	HKNPDCAD_01211	
TH2_HKNPDCAD_01212	TH2_contig_2	912695	912940	246	+	hypothetical protein	hypothetical protein	TH2	HKNPDCAD_01212	HKNPDCAD_01212	
TH2_HKNPDCAD_01213	TH2_contig_2	912991	913266	276	+	IS1 family transposase IS1A	IS1 family transposase IS1A	TH2	HKNPDCAD_01213	HKNPDCAD_01213	
TH2_HKNPDCAD_01214	TH2_contig_2	913311	913688	378	+	IS1 family transposase IS1A	IS1 family transposase IS1A	TH2	HKNPDCAD_01214	HKNPDCAD_01214	
TH2_HKNPDCAD_01215	TH2_contig_2	913623	913826	204	-	hypothetical protein	hypothetical protein	TH2	HKNPDCAD_01215	HKNPDCAD_01215	
TH2_HKNPDCAD_01216	TH2_contig_2	913933	914700	768	-	spaR	Surface presentation of antigens protein SpaR	TH2	HKNPDCAD_01216	HKNPDCAD_01216	
TH2_HKNPDCAD_01217	TH2_contig_2	914702	914962	261	-	spaQ	Surface presentation of antigens protein SpaQ	TH2	HKNPDCAD_01217	HKNPDCAD_01217	
TH2_HKNPDCAD_01218	TH2_contig_2	914971	915636	666	-	spaP	Surface presentation of antigens protein SpaP	TH2	HKNPDCAD_01218	HKNPDCAD_01218	
TH2_HKNPDCAD_01219	TH2_contig_2	915626	916573	948	-	spaO	Surface presentation of antigens protein SpaO	TH2	HKNPDCAD_01219	HKNPDCAD_01219	
TH2_HKNPDCAD_01220	TH2_contig_2	916705	918315	1611	-	hypothetical protein	hypothetical protein	TH2	HKNPDCAD_01220	HKNPDCAD_01220	
TH2_HKNPDCAD_01221	TH2_contig_2	918975	919955	981	-	hypothetical protein	hypothetical protein	TH2	HKNPDCAD_01221	HKNPDCAD_01221	
TH2_HKNPDCAD_01222	TH2_contig_2	920041	920532	492	-	hypothetical protein	hypothetical protein	TH2	HKNPDCAD_01222	HKNPDCAD_01222	
TH2_HKNPDCAD_01223	TH2_contig_2	920755	921063	309	+	hypothetical protein	hypothetical protein	TH2	HKNPDCAD_01223	HKNPDCAD_01223	
TH2_HKNPDCAD_01224	TH2_contig_2	921044	921235	192	-	hypothetical protein	hypothetical protein	TH2	HKNPDCAD_01224	HKNPDCAD_01224	
TH2_HKNPDCAD_01225	TH2_contig_2	921238	921723	486	-	hypothetical protein	hypothetical protein	TH2	HKNPDCAD_01225	HKNPDCAD_01225	
TH2_HKNPDCAD_01226	TH2_contig_2	921969	922151	183	-	hypothetical protein	hypothetical protein	TH2	HKNPDCAD_01226	HKNPDCAD_01226	
TH2_HKNPDCAD_01227	TH2_contig_2	922534	923187	654	-	hypothetical protein	hypothetical protein	TH2	HKNPDCAD_01227	HKNPDCAD_01227	
TH2_HKNPDCAD_01228	TH2_contig_2	923188	924786	1599	-	xerC_4	Tyrosine recombinase XerC	TH2	HKNPDCAD_01228	HKNPDCAD_01228	
TH2_HKNPDCAD_01230	TH2_contig_2	925073	925423	351	-	nlpD_2	Murein hydrolase activator NlpD	TH2	HKNPDCAD_01230	HKNPDCAD_01230	
TH2_HKNPDCAD_01231	TH2_contig_2	926242	927396	1155	+	xdhA_1	Putative xanthine dehydrogenase molybdenum-binding subunit XdhA	TH2	HKNPDCAD_01231	HKNPDCAD_01231	
TH2_HKNPDCAD_01232	TH2_contig_2	927369	928538	1170	+	xdhA_2	Putative xanthine dehydrogenase molybdenum-binding subunit XdhA	TH2	HKNPDCAD_01232	HKNPDCAD_01232	
TH2_HKNPDCAD_01233	TH2_contig_2	928549	929463	915	+	ndhF	Nicotinate dehydrogenase FAD-subunit	TH2	HKNPDCAD_01233	HKNPDCAD_01233	
TH2_HKNPDCAD_01234	TH2_contig_2	929423	929902	480	+	ndhS	Nicotinate dehydrogenase small FeS subunit	TH2	HKNPDCAD_01234	HKNPDCAD_01234	
TH2_HKNPDCAD_01235	TH2_contig_2	929942	931720	1779	-	norR_2	Anaerobic nitric oxide reductase transcription regulator NorR	TH2	HKNPDCAD_01235	HKNPDCAD_01235	
TH2_HKNPDCAD_01236	TH2_contig_2	932199	933041	843	+	ygeW_1	Putative carbamoyltransferase YgeW	TH2	HKNPDCAD_01236	HKNPDCAD_01236	
TH2_HKNPDCAD_01237	TH2_contig_2	933043	933384	342	+	ygeW_2	Putative carbamoyltransferase YgeW	TH2	HKNPDCAD_01237	HKNPDCAD_01237	
TH2_HKNPDCAD_01238	TH2_contig_2	933442	934638	1197	+	ygeX	Diaminopropionate ammonia-lyase	TH2	HKNPDCAD_01238	HKNPDCAD_01238	
TH2_HKNPDCAD_01239	TH2_contig_2	934696	935853	1158	+	argE_1	Acetylornithine deacetylase	TH2	HKNPDCAD_01239	HKNPDCAD_01239	
TH2_HKNPDCAD_01240	TH2_contig_2	935959	937344	1386	+	hyuA	D-phenylhydantoinase	TH2	HKNPDCAD_01240	HKNPDCAD_01240	
TH2_HKNPDCAD_01241	TH2_contig_2	937392	938324	933	+	arcC1	Carbamate kinase 1	TH2	HKNPDCAD_01241	HKNPDCAD_01241	
TH2_HKNPDCAD_01242	TH2_contig_2	938545	940170	1626	-	hypothetical protein	hypothetical protein	TH2	HKNPDCAD_01242	HKNPDCAD_01242	
TH2_HKNPDCAD_01243	TH2_contig_2	940218	940697	480	-	hypothetical protein	hypothetical protein	TH2	HKNPDCAD_01243	HKNPDCAD_01243	
TH2_HKNPDCAD_01244	TH2_contig_2	941090	941668	579	+	mocA	Molybdenum cofactor cytidylyltransferase	TH2	HKNPDCAD_01244	HKNPDCAD_01244	
TH2_HKNPDCAD_01245	TH2_contig_2	941990	945088	3099	+	ygfK	Putative oxidoreductase YgfK	TH2	HKNPDCAD_01245	HKNPDCAD_01245	
TH2_HKNPDCAD_01246	TH2_contig_2	945091	946419	1329	+	ssnA	Putative aminohydrolase SsnA	TH2	HKNPDCAD_01246	HKNPDCAD_01246	
TH2_HKNPDCAD_01247	TH2_contig_2	946470	947249	780	+	hypothetical protein	hypothetical protein	TH2	HKNPDCAD_01247	HKNPDCAD_01247	
TH2_HKNPDCAD_01248	TH2_contig_2	947246	950116	2871	+	xdhA_3	Putative xanthine dehydrogenase molybdenum-binding subunit XdhA	TH2	HKNPDCAD_01248	HKNPDCAD_01248	
TH2_HKNPDCAD_01249	TH2_contig_2	950281	951681	1401	+	xanQ	Xanthine permease XanQ	TH2	HKNPDCAD_01249	HKNPDCAD_01249	
TH2_HKNPDCAD_01250	TH2_contig_2	951699	953015	1317	+	guaD	Guanine deaminase	TH2	HKNPDCAD_01250	HKNPDCAD_01250	
TH2_HKNPDCAD_01251	TH2_contig_2	953051	954073	1023	+	ghxQ_1	Guanine/hypoxanthine permease GhxQ	TH2	HKNPDCAD_01251	HKNPDCAD_01251	
TH2_HKNPDCAD_01252	TH2_contig_2	954085	954417	333	+	ghxQ_2	Guanine/hypoxanthine permease GhxQ	TH2	HKNPDCAD_01252	HKNPDCAD_01252	
TH2_HKNPDCAD_01253	TH2_contig_2	954817	954939	123	-	hypothetical protein	hypothetical protein	TH2	HKNPDCAD_01253	HKNPDCAD_01253	
TH2_HKNPDCAD_01254	TH2_contig_2	954939	956858	1920	-	Ferredoxin--NADP reductase	Ferredoxin--NADP reductase	TH2	HKNPDCAD_01254	HKNPDCAD_01254	
TH2_HKNPDCAD_01255	TH2_contig_2	957294	958742	1449	+	uacT	Uric acid transporter UacT	TH2	HKNPDCAD_01255	HKNPDCAD_01255	
TH2_HKNPDCAD_01256	TH2_contig_2	958744	958869	126	+	yqfG	putative protein YqfG	TH2	HKNPDCAD_01256	HKNPDCAD_01256	
TH2_HKNPDCAD_01257	TH2_contig_2	958992	959540	549	+	idi	Isopentenyl-diphosphate Delta-isomerase	TH2	HKNPDCAD_01257	HKNPDCAD_01257	
TH2_HKNPDCAD_01258	TH2_contig_2	959583	961100	1518	-	lysS	Lysine--tRNA ligase	TH2	HKNPDCAD_01258	HKNPDCAD_01258	
TH2_HKNPDCAD_01259	TH2_contig_2	961110	962207	1098	-	prfB_1	Peptide chain release factor RF2	TH2	HKNPDCAD_01259	HKNPDCAD_01259	
TH2_HKNPDCAD_01260	TH2_contig_2	962298	964031	1734	-	recJ	Single-stranded-DNA-specific exonuclease RecJ	TH2	HKNPDCAD_01260	HKNPDCAD_01260	
TH2_HKNPDCAD_01261	TH2_contig_2	964037	964747	711	-	dsbC	Thiol:disulfide interchange protein DsbC	TH2	HKNPDCAD_01261	HKNPDCAD_01261	
TH2_HKNPDCAD_01262	TH2_contig_2	964772	965566	795	-	xerD_1	Tyrosine recombinase XerD	TH2	HKNPDCAD_01262	HKNPDCAD_01262	
TH2_HKNPDCAD_01263	TH2_contig_2	965779	966300	522	+	fldB	Flavodoxin 2	TH2	HKNPDCAD_01263	HKNPDCAD_01263	
TH2_HKNPDCAD_01264	TH2_contig_2	966340	966747	408	-	ygfX	Inner membrane protein YgfX	TH2	HKNPDCAD_01264	HKNPDCAD_01264	
TH2_HKNPDCAD_01265	TH2_contig_2	966728	966994	267	-	sdhE	FAD assembly factor SdhE	TH2	HKNPDCAD_01265	HKNPDCAD_01265	
TH2_HKNPDCAD_01266	TH2_contig_2	967237	968217	981	+	ygfZ	tRNA-modifying protein YgfZ	TH2	HKNPDCAD_01266	HKNPDCAD_01266	
TH2_HKNPDCAD_01267	TH2_contig_2	968413	969072	660	-	hypothetical protein	hypothetical protein	TH2	HKNPDCAD_01267	HKNPDCAD_01267	
TH2_HKNPDCAD_01268	TH2_contig_2	969236	969436	201	-	hypothetical protein	hypothetical protein	TH2	HKNPDCAD_01268	HKNPDCAD_01268	
TH2_HKNPDCAD_01269	TH2_contig_2	969591	971024	1434	+	bglA	6-phospho-beta-glucosidase BglA	TH2	HKNPDCAD_01269	HKNPDCAD_01269	
TH2_HKNPDCAD_01270	TH2_contig_2	971081	971824	744	-	ygfF	putative oxidoreductase YgfF	TH2	HKNPDCAD_01270	HKNPDCAD_01270	
TH2_HKNPDCAD_01271	TH2_contig_2	972091	972534	444	-	gcvP_1	Glycine dehydrogenase (decarboxylating)	TH2	HKNPDCAD_01271	HKNPDCAD_01271	
TH2_HKNPDCAD_01272	TH2_contig_2	972498	974963	2466	-	gcvP_2	Glycine dehydrogenase (decarboxylating)	TH2	HKNPDCAD_01272	HKNPDCAD_01272	
TH2_HKNPDCAD_01273	TH2_contig_2	975082	975198	117	-	gcvH_1	Glycine cleavage system H protein	TH2	HKNPDCAD_01273	HKNPDCAD_01273	
TH2_HKNPDCAD_01274	TH2_contig_2	975195	975470	276	-	gcvH_2	Glycine cleavage system H protein	TH2	HKNPDCAD_01274	HKNPDCAD_01274	
TH2_HKNPDCAD_01275	TH2_contig_2	975493	976587	1095	-	gcvT	Aminomethyltransferase	TH2	HKNPDCAD_01275	HKNPDCAD_01275	
TH2_HKNPDCAD_01276	TH2_contig_2	977034	978236	1203	-	ubiI	2-octaprenylphenol hydroxylase	TH2	HKNPDCAD_01276	HKNPDCAD_01276	
TH2_HKNPDCAD_01277	TH2_contig_2	978259	979437	1179	-	ubiH	2-octaprenyl-6-methoxyphenol hydroxylase	TH2	HKNPDCAD_01277	HKNPDCAD_01277	
TH2_HKNPDCAD_01278	TH2_contig_2	979434	980759	1326	-	pepP	Xaa-Pro aminopeptidase	TH2	HKNPDCAD_01278	HKNPDCAD_01278	
TH2_HKNPDCAD_01279	TH2_contig_2	980785	981363	579	-	hypothetical protein	hypothetical protein	TH2	HKNPDCAD_01279	HKNPDCAD_01279	
TH2_HKNPDCAD_01280	TH2_contig_2	981531	981860	330	+	zapA	Cell division protein ZapA	TH2	HKNPDCAD_01280	HKNPDCAD_01280	
TH2_HKNPDCAD_01281	TH2_contig_2	982106	982708	603	+	ygfA	5-formyltetrahydrofolate cyclo-ligase	TH2	HKNPDCAD_01281	HKNPDCAD_01281	
TH2_HKNPDCAD_01282	TH2_contig_2	983097	984329	1233	-	serA	D-3-phosphoglycerate dehydrogenase	TH2	HKNPDCAD_01282	HKNPDCAD_01282	
TH2_HKNPDCAD_01283	TH2_contig_2	984585	985244	660	-	rpiA	Ribose-5-phosphate isomerase A	TH2	HKNPDCAD_01283	HKNPDCAD_01283	
TH2_HKNPDCAD_01284	TH2_contig_2	985300	985530	231	-	hypothetical protein	hypothetical protein	TH2	HKNPDCAD_01284	HKNPDCAD_01284	
TH2_HKNPDCAD_01285	TH2_contig_2	985671	986564	894	+	argP	HTH-type transcriptional regulator ArgP	TH2	HKNPDCAD_01285	HKNPDCAD_01285	
TH2_HKNPDCAD_01286	TH2_contig_2	986768	988912	2145	+	scpA	Methylmalonyl-CoA mutase	TH2	HKNPDCAD_01286	HKNPDCAD_01286	
TH2_HKNPDCAD_01287	TH2_contig_2	988905	989900	996	+	argK	GTPase ArgK	TH2	HKNPDCAD_01287	HKNPDCAD_01287	
TH2_HKNPDCAD_01288	TH2_contig_2	989911	990696	786	+	scpB	Methylmalonyl-CoA decarboxylase	TH2	HKNPDCAD_01288	HKNPDCAD_01288	
TH2_HKNPDCAD_01289	TH2_contig_2	990720	992198	1479	+	scpC	Propionyl-CoA:succinate CoA transferase	TH2	HKNPDCAD_01289	HKNPDCAD_01289	
TH2_HKNPDCAD_01290	TH2_contig_2	992195	993091	897	-	cynR_2	HTH-type transcriptional regulator CynR	TH2	HKNPDCAD_01290	HKNPDCAD_01290	
TH2_HKNPDCAD_01291	TH2_contig_2	993258	993665	408	-	hypothetical protein	hypothetical protein	TH2	HKNPDCAD_01291	HKNPDCAD_01291	
TH2_HKNPDCAD_01292	TH2_contig_2	993662	993997	336	-	hypothetical protein	hypothetical protein	TH2	HKNPDCAD_01292	HKNPDCAD_01292	
TH2_HKNPDCAD_01293	TH2_contig_2	994090	994725	636	-	argO	Arginine exporter protein ArgO	TH2	HKNPDCAD_01293	HKNPDCAD_01293	
TH2_HKNPDCAD_01294	TH2_contig_2	994864	995724	861	-	mscS	Small-conductance mechanosensitive channel	TH2	HKNPDCAD_01294	HKNPDCAD_01294	
TH2_HKNPDCAD_01295	TH2_contig_2	996081	997160	1080	-	fbaA	Fructose-bisphosphate aldolase class 2	TH2	HKNPDCAD_01295	HKNPDCAD_01295	
TH2_HKNPDCAD_01296	TH2_contig_2	997375	998538	1164	-	pgk	Phosphoglycerate kinase	TH2	HKNPDCAD_01296	HKNPDCAD_01296	
TH2_HKNPDCAD_01297	TH2_contig_2	998588	999607	1020	-	epd	D-erythrose-4-phosphate dehydrogenase	TH2	HKNPDCAD_01297	HKNPDCAD_01297	
TH2_HKNPDCAD_01298	TH2_contig_2	999892	1000365	474	-	coaA_1	Pantothenate kinase	TH2	HKNPDCAD_01298	HKNPDCAD_01298	
TH2_HKNPDCAD_01299	TH2_contig_2	1000428	1000604	177	-	hypothetical protein	hypothetical protein	TH2	HKNPDCAD_01299	HKNPDCAD_01299	
TH2_HKNPDCAD_01300	TH2_contig_2	1000601	1001110	510	-	fumE	Fumarase E	TH2	HKNPDCAD_01300	HKNPDCAD_01300	
TH2_HKNPDCAD_01301	TH2_contig_2	1001132	1002097	966	-	yggF	Fructose-1,6-bisphosphatase 2 class 2	TH2	HKNPDCAD_01301	HKNPDCAD_01301	
TH2_HKNPDCAD_01302	TH2_contig_2	1002094	1003371	1278	-	yggP_1	Mannitol-1-phosphate 5-dehydrogenase	TH2	HKNPDCAD_01302	HKNPDCAD_01302	
TH2_HKNPDCAD_01303	TH2_contig_2	1003386	1004774	1389	-	mtlA_1	PTS system mannitol-specific EIICB component	TH2	HKNPDCAD_01303	HKNPDCAD_01303	
TH2_HKNPDCAD_01304	TH2_contig_2	1004829	1005245	417	-	cmtB	Mannitol-specific cryptic phosphotransferase enzyme IIA component	TH2	HKNPDCAD_01304	HKNPDCAD_01304	
TH2_HKNPDCAD_01305	TH2_contig_2	1005559	1006554	996	-	tktA_1	Transketolase 1	TH2	HKNPDCAD_01305	HKNPDCAD_01305	
TH2_HKNPDCAD_01306	TH2_contig_2	1006734	1007549	816	-	tktA_2	Transketolase 1	TH2	HKNPDCAD_01306	HKNPDCAD_01306	
TH2_HKNPDCAD_01307	TH2_contig_2	1007827	1008585	759	+	loiP	Metalloprotease LoiP	TH2	HKNPDCAD_01307	HKNPDCAD_01307	
TH2_HKNPDCAD_01308	TH2_contig_2	1008791	1009711	921	-	speB	Agmatinase	TH2	HKNPDCAD_01308	HKNPDCAD_01308	
TH2_HKNPDCAD_01309	TH2_contig_2	1009849	1011825	1977	-	speA	Biosynthetic arginine decarboxylase	TH2	HKNPDCAD_01309	HKNPDCAD_01309	
TH2_HKNPDCAD_01310	TH2_contig_2	1012619	1013773	1155	+	metK	S-adenosylmethionine synthase	TH2	HKNPDCAD_01310	HKNPDCAD_01310	
TH2_HKNPDCAD_01311	TH2_contig_2	1014197	1015591	1395	+	galP	Galactose-proton symporter	TH2	HKNPDCAD_01311	HKNPDCAD_01311	
TH2_HKNPDCAD_01312	TH2_contig_2	1015710	1016165	456	+	sprT	Protein SprT	TH2	HKNPDCAD_01312	HKNPDCAD_01312	
TH2_HKNPDCAD_01313	TH2_contig_2	1016260	1016967	708	+	endA	Endonuclease-1	TH2	HKNPDCAD_01313	HKNPDCAD_01313	
TH2_HKNPDCAD_01314	TH2_contig_2	1017047	1017238	192	+	rsmE_1	Ribosomal RNA small subunit methyltransferase E	TH2	HKNPDCAD_01314	HKNPDCAD_01314	
TH2_HKNPDCAD_01315	TH2_contig_2	1017241	1017777	537	+	rsmE_2	Ribosomal RNA small subunit methyltransferase E	TH2	HKNPDCAD_01315	HKNPDCAD_01315	
TH2_HKNPDCAD_01316	TH2_contig_2	1017790	1018530	741	+	gshB	Glutathione synthetase	TH2	HKNPDCAD_01316	HKNPDCAD_01316	
TH2_HKNPDCAD_01317	TH2_contig_2	1018776	1019411	636	+	hypothetical protein	hypothetical protein	TH2	HKNPDCAD_01317	HKNPDCAD_01317	
TH2_HKNPDCAD_01318	TH2_contig_2	1019411	1019827	417	+	yqgF	Putative pre-16S rRNA nuclease	TH2	HKNPDCAD_01318	HKNPDCAD_01318	
TH2_HKNPDCAD_01319	TH2_contig_2	1020011	1020991	981	-	yggR	putative protein YggR	TH2	HKNPDCAD_01319	HKNPDCAD_01319	
TH2_HKNPDCAD_01320	TH2_contig_2	1021009	1021713	705	+	yggS	Pyridoxal phosphate homeostasis protein	TH2	HKNPDCAD_01320	HKNPDCAD_01320	
TH2_HKNPDCAD_01321	TH2_contig_2	1021731	1022297	567	+	hypothetical protein	hypothetical protein	TH2	HKNPDCAD_01321	HKNPDCAD_01321	
TH2_HKNPDCAD_01322	TH2_contig_2	1022294	1022584	291	+	hypothetical protein	hypothetical protein	TH2	HKNPDCAD_01322	HKNPDCAD_01322	
TH2_HKNPDCAD_01323	TH2_contig_2	1022592	1023185	594	+	rdgB	dITP/XTP pyrophosphatase	TH2	HKNPDCAD_01323	HKNPDCAD_01323	
TH2_HKNPDCAD_01324	TH2_contig_2	1023178	1024314	1137	+	hemW	Heme chaperone HemW	TH2	HKNPDCAD_01324	HKNPDCAD_01324	
TH2_HKNPDCAD_01325	TH2_contig_2	1024624	1025475	852	-	hypothetical protein	hypothetical protein	TH2	HKNPDCAD_01325	HKNPDCAD_01325	
TH2_HKNPDCAD_01326	TH2_contig_2	1025592	1026299	708	-	ansB	L-asparaginase 2	TH2	HKNPDCAD_01326	HKNPDCAD_01326	
TH2_HKNPDCAD_01327	TH2_contig_2	1026269	1026598	330	-	hypothetical protein	hypothetical protein	TH2	HKNPDCAD_01327	HKNPDCAD_01327	
TH2_HKNPDCAD_01328	TH2_contig_2	1026812	1027531	720	-	hypothetical protein	hypothetical protein	TH2	HKNPDCAD_01328	HKNPDCAD_01328	
TH2_HKNPDCAD_01329	TH2_contig_2	1027714	1028040	327	-	putative protein	putative protein	TH2	HKNPDCAD_01329	HKNPDCAD_01329	
TH2_HKNPDCAD_01330	TH2_contig_2	1028040	1028759	720	-	trmB	tRNA (guanine-N(7)-)-methyltransferase	TH2	HKNPDCAD_01330	HKNPDCAD_01330	
TH2_HKNPDCAD_01331	TH2_contig_2	1028920	1029420	501	+	mutY_1	Adenine DNA glycosylase	TH2	HKNPDCAD_01331	HKNPDCAD_01331	
TH2_HKNPDCAD_01332	TH2_contig_2	1029429	1029971	543	+	mutY_2	Adenine DNA glycosylase	TH2	HKNPDCAD_01332	HKNPDCAD_01332	
TH2_HKNPDCAD_01333	TH2_contig_2	1029999	1030274	276	+	yggX	putative Fe(2+)-trafficking protein	TH2	HKNPDCAD_01333	HKNPDCAD_01333	
TH2_HKNPDCAD_01334	TH2_contig_2	1030339	1031418	1080	+	mltC	Membrane-bound lytic murein transglycosylase C	TH2	HKNPDCAD_01334	HKNPDCAD_01334	
TH2_HKNPDCAD_01335	TH2_contig_2	1031620	1032876	1257	+	nupG	Nucleoside permease NupG	TH2	HKNPDCAD_01335	HKNPDCAD_01335	
TH2_HKNPDCAD_01336	TH2_contig_2	1032925	1033917	993	-	speC_1	Constitutive ornithine decarboxylase	TH2	HKNPDCAD_01336	HKNPDCAD_01336	
TH2_HKNPDCAD_01337	TH2_contig_2	1033929	1035059	1131	-	speC_2	Constitutive ornithine decarboxylase	TH2	HKNPDCAD_01337	HKNPDCAD_01337	
TH2_HKNPDCAD_01338	TH2_contig_2	1035457	1036164	708	+	hypothetical protein	hypothetical protein	TH2	HKNPDCAD_01338	HKNPDCAD_01338	
TH2_HKNPDCAD_01340	TH2_contig_2	1036494	1037030	537	-	epsM	Type II secretion system protein M	TH2	HKNPDCAD_01340	HKNPDCAD_01340	
TH2_HKNPDCAD_01341	TH2_contig_2	1037032	1038210	1179	-	hypothetical protein	hypothetical protein	TH2	HKNPDCAD_01341	HKNPDCAD_01341	
TH2_HKNPDCAD_01342	TH2_contig_2	1038207	1039184	978	-	gspK_1	Putative type II secretion system protein K	TH2	HKNPDCAD_01342	HKNPDCAD_01342	
TH2_HKNPDCAD_01343	TH2_contig_2	1039187	1039786	600	-	xcpW	Type II secretion system protein J	TH2	HKNPDCAD_01343	HKNPDCAD_01343	
TH2_HKNPDCAD_01344	TH2_contig_2	1039783	1040154	372	-	hypothetical protein	hypothetical protein	TH2	HKNPDCAD_01344	HKNPDCAD_01344	
TH2_HKNPDCAD_01345	TH2_contig_2	1040151	1040714	564	-	epsH	Type II secretion system protein H	TH2	HKNPDCAD_01345	HKNPDCAD_01345	
TH2_HKNPDCAD_01346	TH2_contig_2	1040718	1041173	456	-	epsG	Type II secretion system protein G	TH2	HKNPDCAD_01346	HKNPDCAD_01346	
TH2_HKNPDCAD_01347	TH2_contig_2	1041190	1041411	222	-	epsF_1	Type II secretion system protein F	TH2	HKNPDCAD_01347	HKNPDCAD_01347	
TH2_HKNPDCAD_01348	TH2_contig_2	1041408	1042412	1005	-	epsF_2	Type II secretion system protein F	TH2	HKNPDCAD_01348	HKNPDCAD_01348	
TH2_HKNPDCAD_01349	TH2_contig_2	1042412	1043650	1239	-	epsE_1	Type II secretion system protein E	TH2	HKNPDCAD_01349	HKNPDCAD_01349	
TH2_HKNPDCAD_01350	TH2_contig_2	1043746	1043904	159	-	hypothetical protein	hypothetical protein	TH2	HKNPDCAD_01350	HKNPDCAD_01350	
TH2_HKNPDCAD_01351	TH2_contig_2	1043904	1044398	495	-	gspD2_1	Secretin GspD 2	TH2	HKNPDCAD_01351	HKNPDCAD_01351	
TH2_HKNPDCAD_01352	TH2_contig_2	1044392	1045165	774	-	gspD2_2	Secretin GspD 2	TH2	HKNPDCAD_01352	HKNPDCAD_01352	
TH2_HKNPDCAD_01353	TH2_contig_2	1045153	1045881	729	-	gspD2_3	Secretin GspD 2	TH2	HKNPDCAD_01353	HKNPDCAD_01353	
TH2_HKNPDCAD_01354	TH2_contig_2	1045992	1046810	819	-	gspC2	Type II secretion system protein C 2	TH2	HKNPDCAD_01354	HKNPDCAD_01354	
TH2_HKNPDCAD_01355	TH2_contig_2	1047061	1047438	378	-	IS1 family transposase IS1A	IS1 family transposase IS1A	TH2	HKNPDCAD_01355	HKNPDCAD_01355	
TH2_HKNPDCAD_01356	TH2_contig_2	1047483	1047758	276	-	IS1 family transposase IS1A	IS1 family transposase IS1A	TH2	HKNPDCAD_01356	HKNPDCAD_01356	
TH2_HKNPDCAD_01357	TH2_contig_2	1047969	1048922	954	+	yghO	Protein YghO	TH2	HKNPDCAD_01357	HKNPDCAD_01357	
TH2_HKNPDCAD_01358	TH2_contig_2	1048929	1049693	765	-	glcC	Glc operon transcriptional activator	TH2	HKNPDCAD_01358	HKNPDCAD_01358	
TH2_HKNPDCAD_01359	TH2_contig_2	1049944	1051443	1500	+	putative FAD-linked oxidoreductase	putative FAD-linked oxidoreductase	TH2	HKNPDCAD_01359	HKNPDCAD_01359	
TH2_HKNPDCAD_01360	TH2_contig_2	1051443	1052495	1053	+	hypothetical protein	hypothetical protein	TH2	HKNPDCAD_01360	HKNPDCAD_01360	
TH2_HKNPDCAD_01361	TH2_contig_2	1052506	1053729	1224	+	lutA_1	Lactate utilization protein A	TH2	HKNPDCAD_01361	HKNPDCAD_01361	
TH2_HKNPDCAD_01362	TH2_contig_2	1053734	1054138	405	+	hypothetical protein	hypothetical protein	TH2	HKNPDCAD_01362	HKNPDCAD_01362	
TH2_HKNPDCAD_01363	TH2_contig_2	1054160	1056331	2172	+	glcB	Malate synthase G	TH2	HKNPDCAD_01363	HKNPDCAD_01363	
TH2_HKNPDCAD_01364	TH2_contig_2	1056686	1057456	771	+	glcA_1	Glycolate permease GlcA	TH2	HKNPDCAD_01364	HKNPDCAD_01364	
TH2_HKNPDCAD_01365	TH2_contig_2	1057453	1058367	915	+	glcA_2	Glycolate permease GlcA	TH2	HKNPDCAD_01365	HKNPDCAD_01365	
TH2_HKNPDCAD_01366	TH2_contig_2	1058936	1059211	276	+	IS1 family transposase IS1A	IS1 family transposase IS1A	TH2	HKNPDCAD_01366	HKNPDCAD_01366	
TH2_HKNPDCAD_01367	TH2_contig_2	1059256	1059633	378	+	IS1 family transposase IS1A	IS1 family transposase IS1A	TH2	HKNPDCAD_01367	HKNPDCAD_01367	
TH2_HKNPDCAD_01368	TH2_contig_2	1059726	1060514	789	+	bioF_1	8-amino-7-oxononanoate synthase	TH2	HKNPDCAD_01368	HKNPDCAD_01368	
TH2_HKNPDCAD_01369	TH2_contig_2	1060550	1061629	1080	-	lptG_1	Lipopolysaccharide export system permease protein LptG	TH2	HKNPDCAD_01369	HKNPDCAD_01369	
TH2_HKNPDCAD_01370	TH2_contig_2	1061626	1062696	1071	-	hypothetical protein	hypothetical protein	TH2	HKNPDCAD_01370	HKNPDCAD_01370	
TH2_HKNPDCAD_01371	TH2_contig_2	1062727	1063287	561	-	ytfJ_1	putative protein YtfJ	TH2	HKNPDCAD_01371	HKNPDCAD_01371	
TH2_HKNPDCAD_01372	TH2_contig_2	1063299	1064123	825	-	hypothetical protein	hypothetical protein	TH2	HKNPDCAD_01372	HKNPDCAD_01372	
TH2_HKNPDCAD_01373	TH2_contig_2	1064123	1065472	1350	-	hypothetical protein	hypothetical protein	TH2	HKNPDCAD_01373	HKNPDCAD_01373	
TH2_HKNPDCAD_01374	TH2_contig_2	1065518	1066276	759	-	hypothetical protein	hypothetical protein	TH2	HKNPDCAD_01374	HKNPDCAD_01374	
TH2_HKNPDCAD_01375	TH2_contig_2	1066308	1067006	699	-	hypothetical protein	hypothetical protein	TH2	HKNPDCAD_01375	HKNPDCAD_01375	
TH2_HKNPDCAD_01376	TH2_contig_2	1067195	1067887	693	+	tmk_1	Thymidylate kinase	TH2	HKNPDCAD_01376	HKNPDCAD_01376	
TH2_HKNPDCAD_01377	TH2_contig_2	1067936	1068724	789	-	pitA_2	Low-affinity inorganic phosphate transporter 1	TH2	HKNPDCAD_01377	HKNPDCAD_01377	
TH2_HKNPDCAD_01378	TH2_contig_2	1068793	1069434	642	-	pitA_3	Low-affinity inorganic phosphate transporter 1	TH2	HKNPDCAD_01378	HKNPDCAD_01378	
TH2_HKNPDCAD_01379	TH2_contig_2	1069726	1070274	549	-	gss_1	Bifunctional glutathionylspermidine synthetase/amidase	TH2	HKNPDCAD_01379	HKNPDCAD_01379	
TH2_HKNPDCAD_01380	TH2_contig_2	1070304	1071584	1281	-	gss_2	Bifunctional glutathionylspermidine synthetase/amidase	TH2	HKNPDCAD_01380	HKNPDCAD_01380	
TH2_HKNPDCAD_01381	TH2_contig_2	1071789	1072655	867	+	yghU	Disulfide-bond oxidoreductase YghU	TH2	HKNPDCAD_01381	HKNPDCAD_01381	
TH2_HKNPDCAD_01382	TH2_contig_2	1072778	1073026	249	-	hybG	Hydrogenase maturation factor HybG	TH2	HKNPDCAD_01382	HKNPDCAD_01382	
TH2_HKNPDCAD_01383	TH2_contig_2	1073039	1073380	342	-	hybF	Hydrogenase maturation factor HybF	TH2	HKNPDCAD_01383	HKNPDCAD_01383	
TH2_HKNPDCAD_01384	TH2_contig_2	1073373	1073861	489	-	hybE	Hydrogenase-2 operon protein HybE	TH2	HKNPDCAD_01384	HKNPDCAD_01384	
TH2_HKNPDCAD_01385	TH2_contig_2	1073854	1074348	495	-	hybD	Hydrogenase 2 maturation protease	TH2	HKNPDCAD_01385	HKNPDCAD_01385	
TH2_HKNPDCAD_01386	TH2_contig_2	1074348	1076051	1704	-	hybC	Hydrogenase-2 large chain	TH2	HKNPDCAD_01386	HKNPDCAD_01386	
TH2_HKNPDCAD_01387	TH2_contig_2	1076048	1077226	1179	-	hybB	putative Ni/Fe-hydrogenase 2 b-type cytochrome subunit	TH2	HKNPDCAD_01387	HKNPDCAD_01387	
TH2_HKNPDCAD_01388	TH2_contig_2	1077216	1078202	987	-	fdnH_3	Formate dehydrogenase, nitrate-inducible, iron-sulfur subunit	TH2	HKNPDCAD_01388	HKNPDCAD_01388	
TH2_HKNPDCAD_01389	TH2_contig_2	1078205	1079323	1119	-	hybO	Hydrogenase-2 small chain	TH2	HKNPDCAD_01389	HKNPDCAD_01389	
TH2_HKNPDCAD_01390	TH2_contig_2	1079512	1079799	288	-	hypothetical protein	hypothetical protein	TH2	HKNPDCAD_01390	HKNPDCAD_01390	
TH2_HKNPDCAD_01391	TH2_contig_2	1079918	1080805	888	-	hypothetical protein	hypothetical protein	TH2	HKNPDCAD_01391	HKNPDCAD_01391	
TH2_HKNPDCAD_01392	TH2_contig_2	1080963	1082003	1041	+	gpr	L-glyceraldehyde 3-phosphate reductase	TH2	HKNPDCAD_01392	HKNPDCAD_01392	
TH2_HKNPDCAD_01393	TH2_contig_2	1082043	1082537	495	-	hypothetical protein	hypothetical protein	TH2	HKNPDCAD_01393	HKNPDCAD_01393	
TH2_HKNPDCAD_01394	TH2_contig_2	1082728	1083612	885	+	yghA	putative oxidoreductase YghA	TH2	HKNPDCAD_01394	HKNPDCAD_01394	
TH2_HKNPDCAD_01395	TH2_contig_2	1083884	1084309	426	-	exbD	Biopolymer transport protein ExbD	TH2	HKNPDCAD_01395	HKNPDCAD_01395	
TH2_HKNPDCAD_01396	TH2_contig_2	1084316	1085050	735	-	exbB	Biopolymer transport protein ExbB	TH2	HKNPDCAD_01396	HKNPDCAD_01396	
TH2_HKNPDCAD_01397	TH2_contig_2	1085302	1086489	1188	+	metC	Cystathionine beta-lyase MetC	TH2	HKNPDCAD_01397	HKNPDCAD_01397	
TH2_HKNPDCAD_01398	TH2_contig_2	1086629	1087279	651	+	yghB	Inner membrane protein YghB	TH2	HKNPDCAD_01398	HKNPDCAD_01398	
TH2_HKNPDCAD_01399	TH2_contig_2	1087326	1088282	957	-	rhaS_1	HTH-type transcriptional activator RhaS	TH2	HKNPDCAD_01399	HKNPDCAD_01399	
TH2_HKNPDCAD_01400	TH2_contig_2	1088419	1089582	1164	+	yqhD	Alcohol dehydrogenase YqhD	TH2	HKNPDCAD_01400	HKNPDCAD_01400	
TH2_HKNPDCAD_01401	TH2_contig_2	1089687	1090514	828	+	dkgA	2,5-diketo-D-gluconic acid reductase A	TH2	HKNPDCAD_01401	HKNPDCAD_01401	
TH2_HKNPDCAD_01402	TH2_contig_2	1090986	1091639	654	+	hypothetical protein	hypothetical protein	TH2	HKNPDCAD_01402	HKNPDCAD_01402	
TH2_HKNPDCAD_01403	TH2_contig_2	1091690	1091947	258	+	lpp1	Major outer membrane lipoprotein Lpp 1	TH2	HKNPDCAD_01403	HKNPDCAD_01403	
TH2_HKNPDCAD_01404	TH2_contig_2	1092034	1094208	2175	-	hypothetical protein	hypothetical protein	TH2	HKNPDCAD_01404	HKNPDCAD_01404	
TH2_HKNPDCAD_01405	TH2_contig_2	1094471	1095730	1260	-	ftsP	Cell division protein FtsP	TH2	HKNPDCAD_01405	HKNPDCAD_01405	
TH2_HKNPDCAD_01406	TH2_contig_2	1095805	1096542	738	-	plsC	1-acyl-sn-glycerol-3-phosphate acyltransferase	TH2	HKNPDCAD_01406	HKNPDCAD_01406	
TH2_HKNPDCAD_01407	TH2_contig_2	1096776	1099034	2259	-	parC	DNA topoisomerase 4 subunit A	TH2	HKNPDCAD_01407	HKNPDCAD_01407	
TH2_HKNPDCAD_01408	TH2_contig_2	1099172	1100779	1608	-	ygiS	putative deoxycholate-binding periplasmic protein YgiS	TH2	HKNPDCAD_01408	HKNPDCAD_01408	
TH2_HKNPDCAD_01409	TH2_contig_2	1101019	1101306	288	-	mqsA	Antitoxin MqsA	TH2	HKNPDCAD_01409	HKNPDCAD_01409	
TH2_HKNPDCAD_01410	TH2_contig_2	1101308	1101604	297	-	mqsR	mRNA interferase toxin MqsR	TH2	HKNPDCAD_01410	HKNPDCAD_01410	
TH2_HKNPDCAD_01411	TH2_contig_2	1101809	1102291	483	-	sbmC_2	DNA gyrase inhibitor	TH2	HKNPDCAD_01411	HKNPDCAD_01411	
TH2_HKNPDCAD_01412	TH2_contig_2	1102344	1102736	393	-	ygiW_1	Protein YgiW	TH2	HKNPDCAD_01412	HKNPDCAD_01412	
TH2_HKNPDCAD_01413	TH2_contig_2	1102888	1103547	660	+	qseB	Transcriptional regulatory protein QseB	TH2	HKNPDCAD_01413	HKNPDCAD_01413	
TH2_HKNPDCAD_01414	TH2_contig_2	1103544	1104893	1350	+	qseC	Sensor protein QseC	TH2	HKNPDCAD_01414	HKNPDCAD_01414	
TH2_HKNPDCAD_01415	TH2_contig_2	1104939	1105271	333	-	ygiZ	Inner membrane protein YgiZ	TH2	HKNPDCAD_01415	HKNPDCAD_01415	
TH2_HKNPDCAD_01416	TH2_contig_2	1105590	1106171	582	+	mdaB	NADPH:quinone oxidoreductase MdaB	TH2	HKNPDCAD_01416	HKNPDCAD_01416	
TH2_HKNPDCAD_01417	TH2_contig_2	1106202	1106516	315	+	ygiN	putative quinol monooxygenase YgiN	TH2	HKNPDCAD_01417	HKNPDCAD_01417	
TH2_HKNPDCAD_01418	TH2_contig_2	1106564	1108456	1893	-	parE	DNA topoisomerase 4 subunit B	TH2	HKNPDCAD_01418	HKNPDCAD_01418	
TH2_HKNPDCAD_01419	TH2_contig_2	1108485	1108820	336	-	hypothetical protein	hypothetical protein	TH2	HKNPDCAD_01419	HKNPDCAD_01419	
TH2_HKNPDCAD_01420	TH2_contig_2	1108799	1109065	267	-	hypothetical protein	hypothetical protein	TH2	HKNPDCAD_01420	HKNPDCAD_01420	
TH2_HKNPDCAD_01421	TH2_contig_2	1109065	1109892	828	-	cpdA	3',5'-cyclic adenosine monophosphate phosphodiesterase CpdA	TH2	HKNPDCAD_01421	HKNPDCAD_01421	
TH2_HKNPDCAD_01422	TH2_contig_2	1109917	1110339	423	-	hypothetical protein	hypothetical protein	TH2	HKNPDCAD_01422	HKNPDCAD_01422	
TH2_HKNPDCAD_01423	TH2_contig_2	1110340	1110837	498	-	nudF_1	ADP-ribose pyrophosphatase	TH2	HKNPDCAD_01423	HKNPDCAD_01423	
TH2_HKNPDCAD_01424	TH2_contig_2	1110876	1110968	93	-	nudF_2	ADP-ribose pyrophosphatase	TH2	HKNPDCAD_01424	HKNPDCAD_01424	
TH2_HKNPDCAD_01425	TH2_contig_2	1111173	1112654	1482	+	tolC	Outer membrane protein TolC	TH2	HKNPDCAD_01425	HKNPDCAD_01425	
TH2_HKNPDCAD_01426	TH2_contig_2	1112802	1113473	672	+	hypothetical protein	hypothetical protein	TH2	HKNPDCAD_01426	HKNPDCAD_01426	
TH2_HKNPDCAD_01427	TH2_contig_2	1113479	1114639	1161	+	ygiC	Putative acid--amine ligase YgiC	TH2	HKNPDCAD_01427	HKNPDCAD_01427	
TH2_HKNPDCAD_01428	TH2_contig_2	1114677	1115492	816	-	ygiD	4,5-DOPA dioxygenase extradiol	TH2	HKNPDCAD_01428	HKNPDCAD_01428	
TH2_HKNPDCAD_01429	TH2_contig_2	1115608	1116381	774	+	zupT	Zinc transporter ZupT	TH2	HKNPDCAD_01429	HKNPDCAD_01429	
TH2_HKNPDCAD_01430	TH2_contig_2	1116439	1116609	171	-	yqiD	Protein YqiD	TH2	HKNPDCAD_01430	HKNPDCAD_01430	
TH2_HKNPDCAD_01431	TH2_contig_2	1116871	1117524	654	-	ribB	3,4-dihydroxy-2-butanone 4-phosphate synthase	TH2	HKNPDCAD_01431	HKNPDCAD_01431	
TH2_HKNPDCAD_01432	TH2_contig_2	1118469	1119020	552	+	ybgD_1	putative fimbrial-like protein YbgD	TH2	HKNPDCAD_01432	HKNPDCAD_01432	
TH2_HKNPDCAD_01433	TH2_contig_2	1119071	1121584	2514	+	papC_3	Outer membrane usher protein PapC	TH2	HKNPDCAD_01433	HKNPDCAD_01433	
TH2_HKNPDCAD_01434	TH2_contig_2	1121600	1122349	750	+	papD_1	Chaperone protein PapD	TH2	HKNPDCAD_01434	HKNPDCAD_01434	
TH2_HKNPDCAD_01435	TH2_contig_2	1122383	1123414	1032	+	hypothetical protein	hypothetical protein	TH2	HKNPDCAD_01435	HKNPDCAD_01435	
TH2_HKNPDCAD_01436	TH2_contig_2	1123457	1123657	201	-	glgS	Surface composition regulator	TH2	HKNPDCAD_01436	HKNPDCAD_01436	
TH2_HKNPDCAD_01437	TH2_contig_2	1123926	1124555	630	+	yqiJ	Inner membrane protein YqiJ	TH2	HKNPDCAD_01437	HKNPDCAD_01437	
TH2_HKNPDCAD_01438	TH2_contig_2	1124582	1126243	1662	+	yqiK	Inner membrane protein YqiK	TH2	HKNPDCAD_01438	HKNPDCAD_01438	
TH2_HKNPDCAD_01439	TH2_contig_2	1127032	1128465	1434	-	hldE	Bifunctional protein HldE	TH2	HKNPDCAD_01439	HKNPDCAD_01439	
TH2_HKNPDCAD_01440	TH2_contig_2	1128513	1131353	2841	-	glnE	Bifunctional glutamine synthetase adenylyltransferase/adenylyl-removing enzyme	TH2	HKNPDCAD_01440	HKNPDCAD_01440	
TH2_HKNPDCAD_01441	TH2_contig_2	1131376	1132677	1302	-	ygiF	Inorganic triphosphatase	TH2	HKNPDCAD_01441	HKNPDCAD_01441	
TH2_HKNPDCAD_01442	TH2_contig_2	1132919	1133539	621	+	hypothetical protein	hypothetical protein	TH2	HKNPDCAD_01442	HKNPDCAD_01442	
TH2_HKNPDCAD_01443	TH2_contig_2	1133603	1134841	1239	+	cca	Multifunctional CCA protein	TH2	HKNPDCAD_01443	HKNPDCAD_01443	
TH2_HKNPDCAD_01444	TH2_contig_2	1135022	1135843	822	-	uppP	Undecaprenyl-diphosphatase	TH2	HKNPDCAD_01444	HKNPDCAD_01444	
TH2_HKNPDCAD_01445	TH2_contig_2	1135933	1136301	369	-	folB	Dihydroneopterin aldolase	TH2	HKNPDCAD_01445	HKNPDCAD_01445	
TH2_HKNPDCAD_01446	TH2_contig_2	1136406	1137023	618	+	plsY	putative glycerol-3-phosphate acyltransferase	TH2	HKNPDCAD_01446	HKNPDCAD_01446	
TH2_HKNPDCAD_01447	TH2_contig_2	1137036	1137968	933	-	dmlR_1	HTH-type transcriptional regulator DmlR	TH2	HKNPDCAD_01447	HKNPDCAD_01447	
TH2_HKNPDCAD_01448	TH2_contig_2	1138175	1139086	912	+	ttdA	L(+)-tartrate dehydratase subunit alpha	TH2	HKNPDCAD_01448	HKNPDCAD_01448	
TH2_HKNPDCAD_01449	TH2_contig_2	1139083	1139688	606	+	ttdB	L(+)-tartrate dehydratase subunit beta	TH2	HKNPDCAD_01449	HKNPDCAD_01449	
TH2_HKNPDCAD_01450	TH2_contig_2	1139736	1141199	1464	+	ttdT_1	L-tartrate/succinate antiporter	TH2	HKNPDCAD_01450	HKNPDCAD_01450	
TH2_HKNPDCAD_01451	TH2_contig_2	1141242	1142255	1014	-	tsaD	tRNA N6-adenosine threonylcarbamoyltransferase	TH2	HKNPDCAD_01451	HKNPDCAD_01451	
TH2_HKNPDCAD_01452	TH2_contig_2	1142493	1142708	216	+	rpsU	30S ribosomal protein S21	TH2	HKNPDCAD_01452	HKNPDCAD_01452	
TH2_HKNPDCAD_01453	TH2_contig_2	1142819	1143325	507	+	dnaG_1	DNA primase	TH2	HKNPDCAD_01453	HKNPDCAD_01453	
TH2_HKNPDCAD_01454	TH2_contig_2	1143376	1144563	1188	+	dnaG_2	DNA primase	TH2	HKNPDCAD_01454	HKNPDCAD_01454	
TH2_HKNPDCAD_01455	TH2_contig_2	1144758	1146599	1842	+	rpoD	RNA polymerase sigma factor RpoD	TH2	HKNPDCAD_01455	HKNPDCAD_01455	
TH2_HKNPDCAD_01456	TH2_contig_2	1146678	1147184	507	-	mug	G/U mismatch-specific DNA glycosylase	TH2	HKNPDCAD_01456	HKNPDCAD_01456	
TH2_HKNPDCAD_01458	TH2_contig_2	1147438	1148139	702	-	yqjH	NADPH-dependent ferric-chelate reductase	TH2	HKNPDCAD_01458	HKNPDCAD_01458	
TH2_HKNPDCAD_01459	TH2_contig_2	1148489	1149112	624	+	yqjI	Transcriptional regulator YqjI	TH2	HKNPDCAD_01459	HKNPDCAD_01459	
TH2_HKNPDCAD_01460	TH2_contig_2	1149266	1150540	1275	-	aer_1	Aerotaxis receptor	TH2	HKNPDCAD_01460	HKNPDCAD_01460	
TH2_HKNPDCAD_01461	TH2_contig_2	1150537	1150785	249	-	aer_2	Aerotaxis receptor	TH2	HKNPDCAD_01461	HKNPDCAD_01461	
TH2_HKNPDCAD_01462	TH2_contig_2	1151092	1152582	1491	+	patA	Putrescine aminotransferase	TH2	HKNPDCAD_01462	HKNPDCAD_01462	
TH2_HKNPDCAD_01463	TH2_contig_2	1152624	1152956	333	-	ygjH	tRNA-binding protein YgjH	TH2	HKNPDCAD_01463	HKNPDCAD_01463	
TH2_HKNPDCAD_01464	TH2_contig_2	1153175	1154158	984	+	melR_1	HTH-type transcriptional repressor MelR	TH2	HKNPDCAD_01464	HKNPDCAD_01464	
TH2_HKNPDCAD_01465	TH2_contig_2	1154542	1157433	2892	+	ebgA	Evolved beta-galactosidase subunit alpha	TH2	HKNPDCAD_01465	HKNPDCAD_01465	
TH2_HKNPDCAD_01466	TH2_contig_2	1157430	1157879	450	+	ebgC	Evolved beta-galactosidase subunit beta	TH2	HKNPDCAD_01466	HKNPDCAD_01466	
TH2_HKNPDCAD_01467	TH2_contig_2	1157942	1159375	1434	+	ygjI	Inner membrane transporter YgjI	TH2	HKNPDCAD_01467	HKNPDCAD_01467	
TH2_HKNPDCAD_01468	TH2_contig_2	1159509	1160579	1071	+	hypothetical protein	hypothetical protein	TH2	HKNPDCAD_01468	HKNPDCAD_01468	
TH2_HKNPDCAD_01469	TH2_contig_2	1160596	1162947	2352	+	ygjK	Glucosidase YgjK	TH2	HKNPDCAD_01469	HKNPDCAD_01469	
TH2_HKNPDCAD_01470	TH2_contig_2	1163373	1164572	1200	+	fadH_1	2,4-dienoyl-CoA reductase	TH2	HKNPDCAD_01470	HKNPDCAD_01470	
TH2_HKNPDCAD_01471	TH2_contig_2	1164575	1165390	816	+	fadH_2	2,4-dienoyl-CoA reductase	TH2	HKNPDCAD_01471	HKNPDCAD_01471	
TH2_HKNPDCAD_01472	TH2_contig_2	1165435	1165851	417	-	higA	Antitoxin HigA	TH2	HKNPDCAD_01472	HKNPDCAD_01472	
TH2_HKNPDCAD_01473	TH2_contig_2	1165848	1166162	315	-	higB	mRNA interferase HigB	TH2	HKNPDCAD_01473	HKNPDCAD_01473	
TH2_HKNPDCAD_01474	TH2_contig_2	1166446	1167582	1137	-	rlmG	Ribosomal RNA large subunit methyltransferase G	TH2	HKNPDCAD_01474	HKNPDCAD_01474	
TH2_HKNPDCAD_01475	TH2_contig_2	1167667	1168170	504	+	ygjP	UTP pyrophosphatase	TH2	HKNPDCAD_01475	HKNPDCAD_01475	
TH2_HKNPDCAD_01476	TH2_contig_2	1168246	1168929	684	+	hypothetical protein	hypothetical protein	TH2	HKNPDCAD_01476	HKNPDCAD_01476	
TH2_HKNPDCAD_01477	TH2_contig_2	1169008	1169994	987	+	iolU	scyllo-inositol 2-dehydrogenase (NADP(+)) IolU	TH2	HKNPDCAD_01477	HKNPDCAD_01477	
TH2_HKNPDCAD_01478	TH2_contig_2	1170277	1171242	966	+	alx_1	Putative membrane-bound redox modulator Alx	TH2	HKNPDCAD_01478	HKNPDCAD_01478	
TH2_HKNPDCAD_01479	TH2_contig_2	1171858	1172910	1053	+	sstT_1	Serine/threonine transporter SstT	TH2	HKNPDCAD_01479	HKNPDCAD_01479	
TH2_HKNPDCAD_01480	TH2_contig_2	1172865	1173101	237	+	sstT_2	Serine/threonine transporter SstT	TH2	HKNPDCAD_01480	HKNPDCAD_01480	
TH2_HKNPDCAD_01481	TH2_contig_2	1173106	1173432	327	-	ygjV_1	Inner membrane protein YgjV	TH2	HKNPDCAD_01481	HKNPDCAD_01481	
TH2_HKNPDCAD_01482	TH2_contig_2	1173462	1173656	195	-	ygjV_2	Inner membrane protein YgjV	TH2	HKNPDCAD_01482	HKNPDCAD_01482	
TH2_HKNPDCAD_01483	TH2_contig_2	1173739	1175226	1488	-	uxaA	Altronate dehydratase	TH2	HKNPDCAD_01483	HKNPDCAD_01483	
TH2_HKNPDCAD_01484	TH2_contig_2	1175241	1176653	1413	-	uxaC	Uronate isomerase	TH2	HKNPDCAD_01484	HKNPDCAD_01484	
TH2_HKNPDCAD_01485	TH2_contig_2	1177135	1178433	1299	+	exuT_1	Hexuronate transporter	TH2	HKNPDCAD_01485	HKNPDCAD_01485	
TH2_HKNPDCAD_01486	TH2_contig_2	1178563	1179339	777	+	lldR_1	Putative L-lactate dehydrogenase operon regulatory protein	TH2	HKNPDCAD_01486	HKNPDCAD_01486	
TH2_HKNPDCAD_01487	TH2_contig_2	1179683	1180345	663	+	yqjA	Inner membrane protein YqjA	TH2	HKNPDCAD_01487	HKNPDCAD_01487	
TH2_HKNPDCAD_01488	TH2_contig_2	1180355	1180732	378	+	mzrA	Modulator protein MzrA	TH2	HKNPDCAD_01488	HKNPDCAD_01488	
TH2_HKNPDCAD_01489	TH2_contig_2	1180879	1181247	369	+	yqjC	Protein YqjC	TH2	HKNPDCAD_01489	HKNPDCAD_01489	
TH2_HKNPDCAD_01490	TH2_contig_2	1181285	1181590	306	+	yqjD	putative protein YqjD	TH2	HKNPDCAD_01490	HKNPDCAD_01490	
TH2_HKNPDCAD_01491	TH2_contig_2	1181593	1181997	405	+	yqjE	Inner membrane protein YqjE	TH2	HKNPDCAD_01491	HKNPDCAD_01491	
TH2_HKNPDCAD_01492	TH2_contig_2	1181987	1182286	300	+	hypothetical protein	hypothetical protein	TH2	HKNPDCAD_01492	HKNPDCAD_01492	
TH2_HKNPDCAD_01493	TH2_contig_2	1182382	1182864	483	+	yqjF	Inner membrane protein YqjF	TH2	HKNPDCAD_01493	HKNPDCAD_01493	
TH2_HKNPDCAD_01494	TH2_contig_2	1182934	1183920	987	+	yqjG	Glutathionyl-hydroquinone reductase YqjG	TH2	HKNPDCAD_01494	HKNPDCAD_01494	
TH2_HKNPDCAD_01495	TH2_contig_2	1184203	1184568	366	+	yhaH	Inner membrane protein YhaH	TH2	HKNPDCAD_01495	HKNPDCAD_01495	
TH2_HKNPDCAD_01496	TH2_contig_2	1184810	1185166	357	+	yhaI	Inner membrane protein YhaI	TH2	HKNPDCAD_01496	HKNPDCAD_01496	
TH2_HKNPDCAD_01497	TH2_contig_2	1185217	1186113	897	-	yhaJ_2	HTH-type transcriptional regulator YhaJ	TH2	HKNPDCAD_01497	HKNPDCAD_01497	
TH2_HKNPDCAD_01498	TH2_contig_2	1186218	1186919	702	+	yhaK	Pirin-like protein YhaK	TH2	HKNPDCAD_01498	HKNPDCAD_01498	
TH2_HKNPDCAD_01499	TH2_contig_2	1186942	1187106	165	+	hypothetical protein	hypothetical protein	TH2	HKNPDCAD_01499	HKNPDCAD_01499	
TH2_HKNPDCAD_01500	TH2_contig_2	1187240	1188550	1311	-	hypothetical protein	hypothetical protein	TH2	HKNPDCAD_01500	HKNPDCAD_01500	
TH2_HKNPDCAD_01501	TH2_contig_2	1188578	1189909	1332	-	dlsT	putative serine transporter	TH2	HKNPDCAD_01501	HKNPDCAD_01501	
TH2_HKNPDCAD_01502	TH2_contig_2	1190183	1191547	1365	-	tdcG	L-serine dehydratase TdcG	TH2	HKNPDCAD_01502	HKNPDCAD_01502	
TH2_HKNPDCAD_01503	TH2_contig_2	1191619	1192008	390	-	tdcF	Putative reactive intermediate deaminase TdcF	TH2	HKNPDCAD_01503	HKNPDCAD_01503	
TH2_HKNPDCAD_01504	TH2_contig_2	1192022	1194316	2295	-	tdcE	PFL-like enzyme TdcE	TH2	HKNPDCAD_01504	HKNPDCAD_01504	
TH2_HKNPDCAD_01505	TH2_contig_2	1194350	1195369	1020	-	tdcD_1	Propionate kinase	TH2	HKNPDCAD_01505	HKNPDCAD_01505	
TH2_HKNPDCAD_01506	TH2_contig_2	1195366	1195557	192	-	tdcD_2	Propionate kinase	TH2	HKNPDCAD_01506	HKNPDCAD_01506	
TH2_HKNPDCAD_01507	TH2_contig_2	1195583	1196914	1332	-	tdcC	Threonine/serine transporter TdcC	TH2	HKNPDCAD_01507	HKNPDCAD_01507	
TH2_HKNPDCAD_01508	TH2_contig_2	1196936	1197925	990	-	tdcB	L-threonine dehydratase catabolic TdcB	TH2	HKNPDCAD_01508	HKNPDCAD_01508	
TH2_HKNPDCAD_01509	TH2_contig_2	1198024	1198962	939	-	tsaR	HTH-type transcriptional regulator TsaR	TH2	HKNPDCAD_01509	HKNPDCAD_01509	
TH2_HKNPDCAD_01510	TH2_contig_2	1199751	1200290	540	+	hypothetical protein	hypothetical protein	TH2	HKNPDCAD_01510	HKNPDCAD_01510	
TH2_HKNPDCAD_01511	TH2_contig_2	1200312	1201499	1188	+	hypothetical protein	hypothetical protein	TH2	HKNPDCAD_01511	HKNPDCAD_01511	
TH2_HKNPDCAD_01512	TH2_contig_2	1202521	1203666	1146	-	garK	Glycerate 2-kinase	TH2	HKNPDCAD_01512	HKNPDCAD_01512	
TH2_HKNPDCAD_01513	TH2_contig_2	1203763	1204653	891	-	garR	2-hydroxy-3-oxopropionate reductase	TH2	HKNPDCAD_01513	HKNPDCAD_01513	
TH2_HKNPDCAD_01514	TH2_contig_2	1204683	1205453	771	-	garL	5-keto-4-deoxy-D-glucarate aldolase	TH2	HKNPDCAD_01514	HKNPDCAD_01514	
TH2_HKNPDCAD_01515	TH2_contig_2	1205469	1206491	1023	-	garP	putative galactarate transporter	TH2	HKNPDCAD_01515	HKNPDCAD_01515	
TH2_HKNPDCAD_01516	TH2_contig_2	1207177	1208748	1572	+	garD	Galactarate dehydratase (L-threo-forming)	TH2	HKNPDCAD_01516	HKNPDCAD_01516	
TH2_HKNPDCAD_01517	TH2_contig_2	1208897	1209232	336	+	prlF	Antitoxin PrlF	TH2	HKNPDCAD_01517	HKNPDCAD_01517	
TH2_HKNPDCAD_01518	TH2_contig_2	1209232	1209696	465	+	yhaV	Ribonuclease toxin YhaV	TH2	HKNPDCAD_01518	HKNPDCAD_01518	
TH2_HKNPDCAD_01519	TH2_contig_2	1209751	1210560	810	-	srlR_3	Glucitol operon repressor	TH2	HKNPDCAD_01519	HKNPDCAD_01519	
TH2_HKNPDCAD_01520	TH2_contig_2	1210809	1212089	1281	+	kbaZ	D-tagatose-1,6-bisphosphate aldolase subunit KbaZ	TH2	HKNPDCAD_01520	HKNPDCAD_01520	
TH2_HKNPDCAD_01521	TH2_contig_2	1212112	1212585	474	+	levE	PTS system fructose-specific EIIB component	TH2	HKNPDCAD_01521	HKNPDCAD_01521	
TH2_HKNPDCAD_01522	TH2_contig_2	1212596	1213375	780	+	agaC_1	N-acetylgalactosamine permease IIC component 1	TH2	HKNPDCAD_01522	HKNPDCAD_01522	
TH2_HKNPDCAD_01523	TH2_contig_2	1213365	1214243	879	+	manZ_1	PTS system mannose-specific EIID component	TH2	HKNPDCAD_01523	HKNPDCAD_01523	
TH2_HKNPDCAD_01524	TH2_contig_2	1214261	1214695	435	+	manX_1	PTS system mannose-specific EIIAB component	TH2	HKNPDCAD_01524	HKNPDCAD_01524	
TH2_HKNPDCAD_01525	TH2_contig_2	1214692	1215825	1134	+	agaA	N-acetylgalactosamine-6-phosphate deacetylase	TH2	HKNPDCAD_01525	HKNPDCAD_01525	
TH2_HKNPDCAD_01526	TH2_contig_2	1216176	1217330	1155	+	agaS	Putative D-galactosamine-6-phosphate deaminase AgaS	TH2	HKNPDCAD_01526	HKNPDCAD_01526	
TH2_HKNPDCAD_01527	TH2_contig_2	1217343	1218203	861	+	kbaY	D-tagatose-1,6-bisphosphate aldolase subunit KbaY	TH2	HKNPDCAD_01527	HKNPDCAD_01527	
TH2_HKNPDCAD_01528	TH2_contig_2	1218370	1218846	477	+	sorB_1	PTS system sorbose-specific EIIB component	TH2	HKNPDCAD_01528	HKNPDCAD_01528	
TH2_HKNPDCAD_01529	TH2_contig_2	1218885	1219688	804	+	agaC_2	N-acetylgalactosamine permease IIC component 1	TH2	HKNPDCAD_01529	HKNPDCAD_01529	
TH2_HKNPDCAD_01530	TH2_contig_2	1219678	1220469	792	+	manZ_2	PTS system mannose-specific EIID component	TH2	HKNPDCAD_01530	HKNPDCAD_01530	
TH2_HKNPDCAD_01531	TH2_contig_2	1220524	1221225	702	+	nagB_1	Glucosamine-6-phosphate deaminase 1	TH2	HKNPDCAD_01531	HKNPDCAD_01531	
TH2_HKNPDCAD_01532	TH2_contig_2	1221625	1222209	585	+	yraH	putative fimbrial-like protein YraH	TH2	HKNPDCAD_01532	HKNPDCAD_01532	
TH2_HKNPDCAD_01533	TH2_contig_2	1222289	1222984	696	+	yraI_1	putative fimbrial chaperone YraI	TH2	HKNPDCAD_01533	HKNPDCAD_01533	
TH2_HKNPDCAD_01534	TH2_contig_2	1223013	1225529	2517	+	yraJ_1	Outer membrane usher protein YraJ	TH2	HKNPDCAD_01534	HKNPDCAD_01534	
TH2_HKNPDCAD_01535	TH2_contig_2	1225540	1226247	708	+	yraK_1	putative fimbrial-like protein YraK	TH2	HKNPDCAD_01535	HKNPDCAD_01535	
TH2_HKNPDCAD_01536	TH2_contig_2	1226258	1226635	378	-	IS1 family transposase IS1A	IS1 family transposase IS1A	TH2	HKNPDCAD_01536	HKNPDCAD_01536	
TH2_HKNPDCAD_01537	TH2_contig_2	1226680	1226955	276	-	IS1 family transposase IS1A	IS1 family transposase IS1A	TH2	HKNPDCAD_01537	HKNPDCAD_01537	
TH2_HKNPDCAD_01538	TH2_contig_2	1227057	1227407	351	+	yraK_2	putative fimbrial-like protein YraK	TH2	HKNPDCAD_01538	HKNPDCAD_01538	
TH2_HKNPDCAD_01539	TH2_contig_2	1227450	1228310	861	-	rsmI	Ribosomal RNA small subunit methyltransferase I	TH2	HKNPDCAD_01539	HKNPDCAD_01539	
TH2_HKNPDCAD_01540	TH2_contig_2	1228374	1230410	2037	+	lpoA	Penicillin-binding protein activator LpoA	TH2	HKNPDCAD_01540	HKNPDCAD_01540	
TH2_HKNPDCAD_01541	TH2_contig_2	1230368	1230763	396	+	hypothetical protein	hypothetical protein	TH2	HKNPDCAD_01541	HKNPDCAD_01541	
TH2_HKNPDCAD_01542	TH2_contig_2	1230783	1231373	591	+	diaA	DnaA initiator-associating protein DiaA	TH2	HKNPDCAD_01542	HKNPDCAD_01542	
TH2_HKNPDCAD_01543	TH2_contig_2	1231383	1231958	576	+	osmY_1	Osmotically-inducible protein Y	TH2	HKNPDCAD_01543	HKNPDCAD_01543	
TH2_HKNPDCAD_01544	TH2_contig_2	1232072	1233112	1041	-	hypothetical protein	hypothetical protein	TH2	HKNPDCAD_01544	HKNPDCAD_01544	
TH2_HKNPDCAD_01545	TH2_contig_2	1233185	1233820	636	-	hypothetical protein	hypothetical protein	TH2	HKNPDCAD_01545	HKNPDCAD_01545	
TH2_HKNPDCAD_01546	TH2_contig_2	1233948	1234466	519	+	yhbO	Protein/nucleic acid deglycase 2	TH2	HKNPDCAD_01546	HKNPDCAD_01546	
TH2_HKNPDCAD_01547	TH2_contig_2	1234446	1234724	279	-	hypothetical protein	hypothetical protein	TH2	HKNPDCAD_01547	HKNPDCAD_01547	
TH2_HKNPDCAD_01548	TH2_contig_2	1234721	1234888	168	-	hypothetical protein	hypothetical protein	TH2	HKNPDCAD_01548	HKNPDCAD_01548	
TH2_HKNPDCAD_01549	TH2_contig_2	1234939	1235241	303	+	hypothetical protein	hypothetical protein	TH2	HKNPDCAD_01549	HKNPDCAD_01549	
TH2_HKNPDCAD_01550	TH2_contig_2	1235228	1235731	504	-	hypothetical protein	hypothetical protein	TH2	HKNPDCAD_01550	HKNPDCAD_01550	
TH2_HKNPDCAD_01551	TH2_contig_2	1235725	1236249	525	-	ubiJ_1	Ubiquinone biosynthesis accessory factor UbiJ	TH2	HKNPDCAD_01551	HKNPDCAD_01551	
TH2_HKNPDCAD_01552	TH2_contig_2	1236458	1237453	996	+	yhbU	putative protease YhbU	TH2	HKNPDCAD_01552	HKNPDCAD_01552	
TH2_HKNPDCAD_01553	TH2_contig_2	1237462	1238340	879	+	hypothetical protein	hypothetical protein	TH2	HKNPDCAD_01553	HKNPDCAD_01553	
TH2_HKNPDCAD_01554	TH2_contig_2	1238421	1239428	1008	+	hypothetical protein	hypothetical protein	TH2	HKNPDCAD_01554	HKNPDCAD_01554	
TH2_HKNPDCAD_01555	TH2_contig_2	1239676	1240788	1113	-	mtr	Tryptophan-specific transport protein	TH2	HKNPDCAD_01555	HKNPDCAD_01555	
TH2_HKNPDCAD_01556	TH2_contig_2	1240941	1242830	1890	-	deaD	ATP-dependent RNA helicase DeaD	TH2	HKNPDCAD_01556	HKNPDCAD_01556	
TH2_HKNPDCAD_01557	TH2_contig_2	1243010	1243894	885	-	nlpI	Lipoprotein NlpI	TH2	HKNPDCAD_01557	HKNPDCAD_01557	
TH2_HKNPDCAD_01558	TH2_contig_2	1244002	1246137	2136	-	pnp	Polyribonucleotide nucleotidyltransferase	TH2	HKNPDCAD_01558	HKNPDCAD_01558	
TH2_HKNPDCAD_01559	TH2_contig_2	1246383	1246652	270	-	rpsO	30S ribosomal protein S15	TH2	HKNPDCAD_01559	HKNPDCAD_01559	
TH2_HKNPDCAD_01560	TH2_contig_2	1246801	1247745	945	-	truB	tRNA pseudouridine synthase B	TH2	HKNPDCAD_01560	HKNPDCAD_01560	
TH2_HKNPDCAD_01561	TH2_contig_2	1247745	1248146	402	-	rbfA	30S ribosome-binding factor	TH2	HKNPDCAD_01561	HKNPDCAD_01561	
TH2_HKNPDCAD_01562	TH2_contig_2	1248310	1250982	2673	-	infB	Translation initiation factor IF-2	TH2	HKNPDCAD_01562	HKNPDCAD_01562	
TH2_HKNPDCAD_01563	TH2_contig_2	1251007	1252494	1488	-	nusA	Transcription termination/antitermination protein NusA	TH2	HKNPDCAD_01563	HKNPDCAD_01563	
TH2_HKNPDCAD_01564	TH2_contig_2	1252522	1252974	453	-	rimP	Ribosome maturation factor RimP	TH2	HKNPDCAD_01564	HKNPDCAD_01564	
TH2_HKNPDCAD_01566	TH2_contig_2	1253605	1254948	1344	+	argG	Argininosuccinate synthase	TH2	HKNPDCAD_01566	HKNPDCAD_01566	
TH2_HKNPDCAD_01567	TH2_contig_2	1254956	1256581	1626	-	yhbX	Putative transferase YhbX	TH2	HKNPDCAD_01567	HKNPDCAD_01567	
TH2_HKNPDCAD_01569	TH2_contig_2	1257141	1257473	333	-	secG	Protein-export membrane protein SecG	TH2	HKNPDCAD_01569	HKNPDCAD_01569	
TH2_HKNPDCAD_01570	TH2_contig_2	1257701	1259038	1338	-	glmM_2	Phosphoglucosamine mutase	TH2	HKNPDCAD_01570	HKNPDCAD_01570	
TH2_HKNPDCAD_01571	TH2_contig_2	1259031	1259879	849	-	folP_2	Dihydropteroate synthase	TH2	HKNPDCAD_01571	HKNPDCAD_01571	
TH2_HKNPDCAD_01572	TH2_contig_2	1259969	1261912	1944	-	ftsH	ATP-dependent zinc metalloprotease FtsH	TH2	HKNPDCAD_01572	HKNPDCAD_01572	
TH2_HKNPDCAD_01573	TH2_contig_2	1262003	1262632	630	-	rlmE	Ribosomal RNA large subunit methyltransferase E	TH2	HKNPDCAD_01573	HKNPDCAD_01573	
TH2_HKNPDCAD_01574	TH2_contig_2	1262758	1263051	294	+	yhbY	RNA-binding protein YhbY	TH2	HKNPDCAD_01574	HKNPDCAD_01574	
TH2_HKNPDCAD_01575	TH2_contig_2	1263207	1263683	477	-	greA	Transcription elongation factor GreA	TH2	HKNPDCAD_01575	HKNPDCAD_01575	
TH2_HKNPDCAD_01576	TH2_contig_2	1263931	1265364	1434	+	dacB	D-alanyl-D-alanine carboxypeptidase DacB	TH2	HKNPDCAD_01576	HKNPDCAD_01576	
TH2_HKNPDCAD_01577	TH2_contig_2	1265550	1266722	1173	-	obgE	GTPase ObgE/CgtA	TH2	HKNPDCAD_01577	HKNPDCAD_01577	
TH2_HKNPDCAD_01578	TH2_contig_2	1266738	1267628	891	-	yhbE	putative inner membrane transporter YhbE	TH2	HKNPDCAD_01578	HKNPDCAD_01578	
TH2_HKNPDCAD_01579	TH2_contig_2	1267829	1268086	258	-	rpmA	50S ribosomal protein L27	TH2	HKNPDCAD_01579	HKNPDCAD_01579	
TH2_HKNPDCAD_01580	TH2_contig_2	1268107	1268418	312	-	rplU	50S ribosomal protein L21	TH2	HKNPDCAD_01580	HKNPDCAD_01580	
TH2_HKNPDCAD_01581	TH2_contig_2	1268676	1269647	972	+	ispB	Octaprenyl diphosphate synthase	TH2	HKNPDCAD_01581	HKNPDCAD_01581	
TH2_HKNPDCAD_01582	TH2_contig_2	1269875	1270153	279	+	hypothetical protein	hypothetical protein	TH2	HKNPDCAD_01582	HKNPDCAD_01582	
TH2_HKNPDCAD_01583	TH2_contig_2	1270201	1271460	1260	-	murA	UDP-N-acetylglucosamine 1-carboxyvinyltransferase	TH2	HKNPDCAD_01583	HKNPDCAD_01583	
TH2_HKNPDCAD_01584	TH2_contig_2	1271515	1271784	270	-	ibaG	Acid stress protein IbaG	TH2	HKNPDCAD_01584	HKNPDCAD_01584	
TH2_HKNPDCAD_01585	TH2_contig_2	1271929	1272222	294	-	mlaB	Intermembrane phospholipid transport system binding protein MlaB	TH2	HKNPDCAD_01585	HKNPDCAD_01585	
TH2_HKNPDCAD_01586	TH2_contig_2	1272222	1272857	636	-	mlaC	Intermembrane phospholipid transport system binding protein MlaC	TH2	HKNPDCAD_01586	HKNPDCAD_01586	
TH2_HKNPDCAD_01587	TH2_contig_2	1272876	1273427	552	-	mlaD	Intermembrane phospholipid transport system binding protein MlaD	TH2	HKNPDCAD_01587	HKNPDCAD_01587	
TH2_HKNPDCAD_01588	TH2_contig_2	1273432	1274214	783	-	mlaE	Intermembrane phospholipid transport system permease protein MlaE	TH2	HKNPDCAD_01588	HKNPDCAD_01588	
TH2_HKNPDCAD_01589	TH2_contig_2	1274222	1275031	810	-	mlaF	Intermembrane phospholipid transport system ATP-binding protein MlaF	TH2	HKNPDCAD_01589	HKNPDCAD_01589	
TH2_HKNPDCAD_01590	TH2_contig_2	1275241	1276218	978	+	yrbG	Inner membrane protein YrbG	TH2	HKNPDCAD_01590	HKNPDCAD_01590	
TH2_HKNPDCAD_01591	TH2_contig_2	1276232	1277113	882	+	kdsD_1	Arabinose 5-phosphate isomerase KdsD	TH2	HKNPDCAD_01591	HKNPDCAD_01591	
TH2_HKNPDCAD_01592	TH2_contig_2	1277080	1277217	138	+	kdsD_2	Arabinose 5-phosphate isomerase KdsD	TH2	HKNPDCAD_01592	HKNPDCAD_01592	
TH2_HKNPDCAD_01593	TH2_contig_2	1277238	1277804	567	+	kdsC	3-deoxy-D-manno-octulosonate 8-phosphate phosphatase KdsC	TH2	HKNPDCAD_01593	HKNPDCAD_01593	
TH2_HKNPDCAD_01594	TH2_contig_2	1277801	1278376	576	+	lptC	Lipopolysaccharide export system protein LptC	TH2	HKNPDCAD_01594	HKNPDCAD_01594	
TH2_HKNPDCAD_01595	TH2_contig_2	1278345	1278902	558	+	lptA	Lipopolysaccharide export system protein LptA	TH2	HKNPDCAD_01595	HKNPDCAD_01595	
TH2_HKNPDCAD_01596	TH2_contig_2	1278909	1279634	726	+	lptB_1	Lipopolysaccharide export system ATP-binding protein LptB	TH2	HKNPDCAD_01596	HKNPDCAD_01596	
TH2_HKNPDCAD_01597	TH2_contig_2	1279682	1281115	1434	+	rpoN	RNA polymerase sigma-54 factor	TH2	HKNPDCAD_01597	HKNPDCAD_01597	
TH2_HKNPDCAD_01598	TH2_contig_2	1281138	1281425	288	+	hpf	Ribosome hibernation promoting factor	TH2	HKNPDCAD_01598	HKNPDCAD_01598	
TH2_HKNPDCAD_01599	TH2_contig_2	1281543	1282034	492	+	ptsN	Nitrogen regulatory protein	TH2	HKNPDCAD_01599	HKNPDCAD_01599	
TH2_HKNPDCAD_01600	TH2_contig_2	1282080	1282475	396	+	rapZ_1	RNase adapter protein RapZ	TH2	HKNPDCAD_01600	HKNPDCAD_01600	
TH2_HKNPDCAD_01601	TH2_contig_2	1282517	1282933	417	+	rapZ_2	RNase adapter protein RapZ	TH2	HKNPDCAD_01601	HKNPDCAD_01601	
TH2_HKNPDCAD_01602	TH2_contig_2	1282930	1283202	273	+	ptsO	Phosphocarrier protein NPr	TH2	HKNPDCAD_01602	HKNPDCAD_01602	
TH2_HKNPDCAD_01603	TH2_contig_2	1283415	1284047	633	+	yrbL	putative protein YrbL	TH2	HKNPDCAD_01603	HKNPDCAD_01603	
TH2_HKNPDCAD_01604	TH2_contig_2	1284044	1284772	729	-	mtgA	Biosynthetic peptidoglycan transglycosylase	TH2	HKNPDCAD_01604	HKNPDCAD_01604	
TH2_HKNPDCAD_01605	TH2_contig_2	1284769	1285053	285	-	elbB_1	Glyoxalase ElbB	TH2	HKNPDCAD_01605	HKNPDCAD_01605	
TH2_HKNPDCAD_01606	TH2_contig_2	1285119	1285421	303	-	elbB_2	Glyoxalase ElbB	TH2	HKNPDCAD_01606	HKNPDCAD_01606	
TH2_HKNPDCAD_01607	TH2_contig_2	1285651	1287987	2337	-	arcB	Aerobic respiration control sensor protein ArcB	TH2	HKNPDCAD_01607	HKNPDCAD_01607	
TH2_HKNPDCAD_01608	TH2_contig_2	1288083	1288316	234	-	hypothetical protein	hypothetical protein	TH2	HKNPDCAD_01608	HKNPDCAD_01608	
TH2_HKNPDCAD_01609	TH2_contig_2	1288313	1289011	699	-	hypothetical protein	hypothetical protein	TH2	HKNPDCAD_01609	HKNPDCAD_01609	
TH2_HKNPDCAD_01610	TH2_contig_2	1289593	1294146	4554	+	gltB	Glutamate synthase [NADPH] large chain	TH2	HKNPDCAD_01610	HKNPDCAD_01610	
TH2_HKNPDCAD_01611	TH2_contig_2	1294159	1295577	1419	+	gltD	Glutamate synthase [NADPH] small chain	TH2	HKNPDCAD_01611	HKNPDCAD_01611	
TH2_HKNPDCAD_01612	TH2_contig_2	1296137	1296901	765	+	gltF_1	Protein GltF	TH2	HKNPDCAD_01612	HKNPDCAD_01612	
TH2_HKNPDCAD_01613	TH2_contig_2	1297073	1297615	543	+	yraI_2	putative fimbrial chaperone YraI	TH2	HKNPDCAD_01613	HKNPDCAD_01613	
TH2_HKNPDCAD_01614	TH2_contig_2	1297767	1298000	234	+	hypothetical protein	hypothetical protein	TH2	HKNPDCAD_01614	HKNPDCAD_01614	
TH2_HKNPDCAD_01615	TH2_contig_2	1297966	1300146	2181	+	yraJ_2	Outer membrane usher protein YraJ	TH2	HKNPDCAD_01615	HKNPDCAD_01615	
TH2_HKNPDCAD_01616	TH2_contig_2	1300143	1300688	546	+	hypothetical protein	hypothetical protein	TH2	HKNPDCAD_01616	HKNPDCAD_01616	
TH2_HKNPDCAD_01617	TH2_contig_2	1300685	1301401	717	+	gltF_2	Protein GltF	TH2	HKNPDCAD_01617	HKNPDCAD_01617	
TH2_HKNPDCAD_01618	TH2_contig_2	1301586	1302713	1128	+	yhcG	Putative nuclease YhcG	TH2	HKNPDCAD_01618	HKNPDCAD_01618	
TH2_HKNPDCAD_01619	TH2_contig_2	1302773	1303237	465	-	yhcH_1	putative protein YhcH	TH2	HKNPDCAD_01619	HKNPDCAD_01619	
TH2_HKNPDCAD_01620	TH2_contig_2	1303234	1304109	876	-	nanK	N-acetylmannosamine kinase	TH2	HKNPDCAD_01620	HKNPDCAD_01620	
TH2_HKNPDCAD_01621	TH2_contig_2	1304106	1304795	690	-	nanE	Putative N-acetylmannosamine-6-phosphate 2-epimerase	TH2	HKNPDCAD_01621	HKNPDCAD_01621	
TH2_HKNPDCAD_01622	TH2_contig_2	1304843	1306333	1491	-	nanT	Sialic acid transporter NanT	TH2	HKNPDCAD_01622	HKNPDCAD_01622	
TH2_HKNPDCAD_01623	TH2_contig_2	1306443	1307336	894	-	nanA	N-acetylneuraminate lyase	TH2	HKNPDCAD_01623	HKNPDCAD_01623	
TH2_HKNPDCAD_01624	TH2_contig_2	1307458	1308249	792	-	nanR_1	HTH-type transcriptional repressor NanR	TH2	HKNPDCAD_01624	HKNPDCAD_01624	
TH2_HKNPDCAD_01625	TH2_contig_2	1308629	1309687	1059	+	dcuD_1	Putative cryptic C4-dicarboxylate transporter DcuD	TH2	HKNPDCAD_01625	HKNPDCAD_01625	
TH2_HKNPDCAD_01626	TH2_contig_2	1309687	1309995	309	+	dcuD_2	Putative cryptic C4-dicarboxylate transporter DcuD	TH2	HKNPDCAD_01626	HKNPDCAD_01626	
TH2_HKNPDCAD_01627	TH2_contig_2	1310038	1310535	498	-	sspB	Stringent starvation protein B	TH2	HKNPDCAD_01627	HKNPDCAD_01627	
TH2_HKNPDCAD_01628	TH2_contig_2	1310541	1311179	639	-	sspA	Stringent starvation protein A	TH2	HKNPDCAD_01628	HKNPDCAD_01628	
TH2_HKNPDCAD_01629	TH2_contig_2	1311574	1311966	393	-	rpsI	30S ribosomal protein S9	TH2	HKNPDCAD_01629	HKNPDCAD_01629	
TH2_HKNPDCAD_01630	TH2_contig_2	1311982	1312410	429	-	rplM	50S ribosomal protein L13	TH2	HKNPDCAD_01630	HKNPDCAD_01630	
TH2_HKNPDCAD_01631	TH2_contig_2	1312627	1313754	1128	-	zapE	Cell division protein ZapE	TH2	HKNPDCAD_01631	HKNPDCAD_01631	
TH2_HKNPDCAD_01632	TH2_contig_2	1313948	1314346	399	+	yhcB	Inner membrane protein YhcB	TH2	HKNPDCAD_01632	HKNPDCAD_01632	
TH2_HKNPDCAD_01633	TH2_contig_2	1314500	1315867	1368	+	degQ	Periplasmic pH-dependent serine endoprotease DegQ	TH2	HKNPDCAD_01633	HKNPDCAD_01633	
TH2_HKNPDCAD_01634	TH2_contig_2	1315957	1317024	1068	+	degS	Serine endoprotease DegS	TH2	HKNPDCAD_01634	HKNPDCAD_01634	
TH2_HKNPDCAD_01635	TH2_contig_2	1317087	1318025	939	-	mdh_2	Malate dehydrogenase	TH2	HKNPDCAD_01635	HKNPDCAD_01635	
TH2_HKNPDCAD_01636	TH2_contig_2	1318460	1318930	471	+	argR	Arginine repressor	TH2	HKNPDCAD_01636	HKNPDCAD_01636	
TH2_HKNPDCAD_01637	TH2_contig_2	1319294	1319557	264	+	bhsA_1	Multiple stress resistance protein BhsA	TH2	HKNPDCAD_01637	HKNPDCAD_01637	
TH2_HKNPDCAD_01638	TH2_contig_2	1319612	1319884	273	-	yhcO	putative protein YhcO	TH2	HKNPDCAD_01638	HKNPDCAD_01638	
TH2_HKNPDCAD_01639	TH2_contig_2	1319976	1321943	1968	-	aaeB_1	p-hydroxybenzoic acid efflux pump subunit AaeB	TH2	HKNPDCAD_01639	HKNPDCAD_01639	
TH2_HKNPDCAD_01640	TH2_contig_2	1321949	1322881	933	-	aaeA_1	p-hydroxybenzoic acid efflux pump subunit AaeA	TH2	HKNPDCAD_01640	HKNPDCAD_01640	
TH2_HKNPDCAD_01641	TH2_contig_2	1322889	1323092	204	-	aaeX	Protein AaeX	TH2	HKNPDCAD_01641	HKNPDCAD_01641	
TH2_HKNPDCAD_01642	TH2_contig_2	1323275	1324204	930	+	dmlR_2	HTH-type transcriptional regulator DmlR	TH2	HKNPDCAD_01642	HKNPDCAD_01642	
TH2_HKNPDCAD_01643	TH2_contig_2	1324338	1325783	1446	-	tldD	Metalloprotease TldD	TH2	HKNPDCAD_01643	HKNPDCAD_01643	
TH2_HKNPDCAD_01644	TH2_contig_2	1326213	1330013	3801	-	hypothetical protein	hypothetical protein	TH2	HKNPDCAD_01644	HKNPDCAD_01644	
TH2_HKNPDCAD_01645	TH2_contig_2	1330081	1330962	882	-	rng_1	Ribonuclease G	TH2	HKNPDCAD_01645	HKNPDCAD_01645	
TH2_HKNPDCAD_01646	TH2_contig_2	1330983	1331549	567	-	rng_2	Ribonuclease G	TH2	HKNPDCAD_01646	HKNPDCAD_01646	
TH2_HKNPDCAD_01647	TH2_contig_2	1331539	1332132	594	-	yhdE	dTTP/UTP pyrophosphatase	TH2	HKNPDCAD_01647	HKNPDCAD_01647	
TH2_HKNPDCAD_01648	TH2_contig_2	1332141	1332629	489	-	mreD	Rod shape-determining protein MreD	TH2	HKNPDCAD_01648	HKNPDCAD_01648	
TH2_HKNPDCAD_01649	TH2_contig_2	1332629	1333732	1104	-	mreC	Cell shape-determining protein MreC	TH2	HKNPDCAD_01649	HKNPDCAD_01649	
TH2_HKNPDCAD_01650	TH2_contig_2	1333798	1334841	1044	-	mreB	Cell shape-determining protein MreB	TH2	HKNPDCAD_01650	HKNPDCAD_01650	
TH2_HKNPDCAD_01651	TH2_contig_2	1335146	1336210	1065	-	csrD_1	RNase E specificity factor CsrD	TH2	HKNPDCAD_01651	HKNPDCAD_01651	
TH2_HKNPDCAD_01652	TH2_contig_2	1336231	1337085	855	-	csrD_2	RNase E specificity factor CsrD	TH2	HKNPDCAD_01652	HKNPDCAD_01652	
TH2_HKNPDCAD_01653	TH2_contig_2	1337237	1338211	975	+	acuI	putative acrylyl-CoA reductase AcuI	TH2	HKNPDCAD_01653	HKNPDCAD_01653	
TH2_HKNPDCAD_01654	TH2_contig_2	1339189	1339659	471	+	accB	Biotin carboxyl carrier protein of acetyl-CoA carboxylase	TH2	HKNPDCAD_01654	HKNPDCAD_01654	
TH2_HKNPDCAD_01655	TH2_contig_2	1339670	1341019	1350	+	accC	Biotin carboxylase	TH2	HKNPDCAD_01655	HKNPDCAD_01655	
TH2_HKNPDCAD_01656	TH2_contig_2	1341128	1341370	243	+	yhdT	putative membrane protein YhdT	TH2	HKNPDCAD_01656	HKNPDCAD_01656	
TH2_HKNPDCAD_01657	TH2_contig_2	1341360	1342811	1452	+	panF	Sodium/pantothenate symporter	TH2	HKNPDCAD_01657	HKNPDCAD_01657	
TH2_HKNPDCAD_01658	TH2_contig_2	1342823	1343704	882	+	prmA	Ribosomal protein L11 methyltransferase	TH2	HKNPDCAD_01658	HKNPDCAD_01658	
TH2_HKNPDCAD_01659	TH2_contig_2	1344033	1344998	966	+	dusB	tRNA-dihydrouridine synthase B	TH2	HKNPDCAD_01659	HKNPDCAD_01659	
TH2_HKNPDCAD_01660	TH2_contig_2	1345024	1345320	297	+	fis	DNA-binding protein Fis	TH2	HKNPDCAD_01660	HKNPDCAD_01660	
TH2_HKNPDCAD_01661	TH2_contig_2	1345406	1346257	852	+	yhdJ	DNA adenine methyltransferase YhdJ	TH2	HKNPDCAD_01661	HKNPDCAD_01661	
TH2_HKNPDCAD_01662	TH2_contig_2	1346373	1346552	180	+	hypothetical protein	hypothetical protein	TH2	HKNPDCAD_01662	HKNPDCAD_01662	
TH2_HKNPDCAD_01663	TH2_contig_2	1346555	1347217	663	-	acrR_1	HTH-type transcriptional regulator AcrR	TH2	HKNPDCAD_01663	HKNPDCAD_01663	
TH2_HKNPDCAD_01664	TH2_contig_2	1347616	1348773	1158	+	acrE	Multidrug export protein AcrE	TH2	HKNPDCAD_01664	HKNPDCAD_01664	
TH2_HKNPDCAD_01665	TH2_contig_2	1348785	1351889	3105	+	acrF	Multidrug export protein AcrF	TH2	HKNPDCAD_01665	HKNPDCAD_01665	
TH2_HKNPDCAD_01666	TH2_contig_2	1351746	1352036	291	-	hypothetical protein	hypothetical protein	TH2	HKNPDCAD_01666	HKNPDCAD_01666	
TH2_HKNPDCAD_01667	TH2_contig_2	1352142	1352363	222	+	hypothetical protein	hypothetical protein	TH2	HKNPDCAD_01667	HKNPDCAD_01667	
TH2_HKNPDCAD_01668	TH2_contig_2	1352794	1353819	1026	+	yhdW	Putative amino-acid ABC transporter-binding protein YhdW	TH2	HKNPDCAD_01668	HKNPDCAD_01668	
TH2_HKNPDCAD_01669	TH2_contig_2	1353887	1355068	1182	+	hypothetical protein	hypothetical protein	TH2	HKNPDCAD_01669	HKNPDCAD_01669	
TH2_HKNPDCAD_01670	TH2_contig_2	1355078	1356181	1104	+	yhdY	Inner membrane amino-acid ABC transporter permease protein YhdY	TH2	HKNPDCAD_01670	HKNPDCAD_01670	
TH2_HKNPDCAD_01671	TH2_contig_2	1356189	1356947	759	+	glnQ_1	Glutamine transport ATP-binding protein GlnQ	TH2	HKNPDCAD_01671	HKNPDCAD_01671	
TH2_HKNPDCAD_01679	TH2_contig_2	1362997	1363551	555	+	yrdA_1	Protein YrdA	TH2	HKNPDCAD_01679	HKNPDCAD_01679	
TH2_HKNPDCAD_01680	TH2_contig_2	1363527	1363784	258	-	hypothetical protein	hypothetical protein	TH2	HKNPDCAD_01680	HKNPDCAD_01680	
TH2_HKNPDCAD_01681	TH2_contig_2	1363781	1364599	819	-	aroE	Shikimate dehydrogenase (NADP(+))	TH2	HKNPDCAD_01681	HKNPDCAD_01681	
TH2_HKNPDCAD_01682	TH2_contig_2	1364657	1365175	519	-	tsaC	Threonylcarbamoyl-AMP synthase	TH2	HKNPDCAD_01682	HKNPDCAD_01682	
TH2_HKNPDCAD_01683	TH2_contig_2	1365180	1365722	543	-	topA_1	DNA topoisomerase 1	TH2	HKNPDCAD_01683	HKNPDCAD_01683	
TH2_HKNPDCAD_01684	TH2_contig_2	1365751	1366224	474	-	smg	Protein Smg	TH2	HKNPDCAD_01684	HKNPDCAD_01684	
TH2_HKNPDCAD_01685	TH2_contig_2	1366196	1366651	456	-	hypothetical protein	hypothetical protein	TH2	HKNPDCAD_01685	HKNPDCAD_01685	
TH2_HKNPDCAD_01686	TH2_contig_2	1366666	1367319	654	-	hypothetical protein	hypothetical protein	TH2	HKNPDCAD_01686	HKNPDCAD_01686	
TH2_HKNPDCAD_01687	TH2_contig_2	1367449	1367958	510	+	def	Peptide deformylase	TH2	HKNPDCAD_01687	HKNPDCAD_01687	
TH2_HKNPDCAD_01688	TH2_contig_2	1367973	1368920	948	+	fmt	Methionyl-tRNA formyltransferase	TH2	HKNPDCAD_01688	HKNPDCAD_01688	
TH2_HKNPDCAD_01689	TH2_contig_2	1368966	1370255	1290	+	rsmB	Ribosomal RNA small subunit methyltransferase B	TH2	HKNPDCAD_01689	HKNPDCAD_01689	
TH2_HKNPDCAD_01690	TH2_contig_2	1370277	1371653	1377	+	trkA	Trk system potassium uptake protein TrkA	TH2	HKNPDCAD_01690	HKNPDCAD_01690	
TH2_HKNPDCAD_01691	TH2_contig_2	1371783	1372193	411	+	mscL	Large-conductance mechanosensitive channel	TH2	HKNPDCAD_01691	HKNPDCAD_01691	
TH2_HKNPDCAD_01692	TH2_contig_2	1372190	1372408	219	-	arfA	Alternative ribosome-rescue factor A	TH2	HKNPDCAD_01692	HKNPDCAD_01692	
TH2_HKNPDCAD_01693	TH2_contig_2	1372464	1372889	426	-	zntR	HTH-type transcriptional regulator ZntR	TH2	HKNPDCAD_01693	HKNPDCAD_01693	
TH2_HKNPDCAD_01694	TH2_contig_2	1372900	1373268	369	-	hypothetical protein	hypothetical protein	TH2	HKNPDCAD_01694	HKNPDCAD_01694	
TH2_HKNPDCAD_01695	TH2_contig_2	1373375	1373758	384	-	rplQ	50S ribosomal protein L17	TH2	HKNPDCAD_01695	HKNPDCAD_01695	
TH2_HKNPDCAD_01696	TH2_contig_2	1373799	1374788	990	-	rpoA	DNA-directed RNA polymerase subunit alpha	TH2	HKNPDCAD_01696	HKNPDCAD_01696	
TH2_HKNPDCAD_01697	TH2_contig_2	1374814	1375434	621	-	rpsD	30S ribosomal protein S4	TH2	HKNPDCAD_01697	HKNPDCAD_01697	
TH2_HKNPDCAD_01698	TH2_contig_2	1375468	1375857	390	-	rpsK	30S ribosomal protein S11	TH2	HKNPDCAD_01698	HKNPDCAD_01698	
TH2_HKNPDCAD_01699	TH2_contig_2	1375874	1376230	357	-	rpsM	30S ribosomal protein S13	TH2	HKNPDCAD_01699	HKNPDCAD_01699	
TH2_HKNPDCAD_01700	TH2_contig_2	1376377	1376493	117	-	rpmJ	50S ribosomal protein L36	TH2	HKNPDCAD_01700	HKNPDCAD_01700	
TH2_HKNPDCAD_01701	TH2_contig_2	1376525	1377856	1332	-	secY	Protein translocase subunit SecY	TH2	HKNPDCAD_01701	HKNPDCAD_01701	
TH2_HKNPDCAD_01702	TH2_contig_2	1377864	1378298	435	-	rplO	50S ribosomal protein L15	TH2	HKNPDCAD_01702	HKNPDCAD_01702	
TH2_HKNPDCAD_01703	TH2_contig_2	1378302	1378481	180	-	rpmD	50S ribosomal protein L30	TH2	HKNPDCAD_01703	HKNPDCAD_01703	
TH2_HKNPDCAD_01704	TH2_contig_2	1378485	1378988	504	-	rpsE	30S ribosomal protein S5	TH2	HKNPDCAD_01704	HKNPDCAD_01704	
TH2_HKNPDCAD_01705	TH2_contig_2	1379003	1379356	354	-	rplR	50S ribosomal protein L18	TH2	HKNPDCAD_01705	HKNPDCAD_01705	
TH2_HKNPDCAD_01706	TH2_contig_2	1379366	1379899	534	-	rplF	50S ribosomal protein L6	TH2	HKNPDCAD_01706	HKNPDCAD_01706	
TH2_HKNPDCAD_01707	TH2_contig_2	1379912	1380304	393	-	rpsH	30S ribosomal protein S8	TH2	HKNPDCAD_01707	HKNPDCAD_01707	
TH2_HKNPDCAD_01708	TH2_contig_2	1380338	1380643	306	-	rpsN	30S ribosomal protein S14	TH2	HKNPDCAD_01708	HKNPDCAD_01708	
TH2_HKNPDCAD_01709	TH2_contig_2	1380658	1381197	540	-	rplE	50S ribosomal protein L5	TH2	HKNPDCAD_01709	HKNPDCAD_01709	
TH2_HKNPDCAD_01710	TH2_contig_2	1381212	1381526	315	-	rplX	50S ribosomal protein L24	TH2	HKNPDCAD_01710	HKNPDCAD_01710	
TH2_HKNPDCAD_01711	TH2_contig_2	1381537	1381908	372	-	rplN	50S ribosomal protein L14	TH2	HKNPDCAD_01711	HKNPDCAD_01711	
TH2_HKNPDCAD_01712	TH2_contig_2	1382073	1382327	255	-	rpsQ	30S ribosomal protein S17	TH2	HKNPDCAD_01712	HKNPDCAD_01712	
TH2_HKNPDCAD_01713	TH2_contig_2	1382327	1382518	192	-	rpmC	50S ribosomal protein L29	TH2	HKNPDCAD_01713	HKNPDCAD_01713	
TH2_HKNPDCAD_01714	TH2_contig_2	1382518	1382928	411	-	rplP	50S ribosomal protein L16	TH2	HKNPDCAD_01714	HKNPDCAD_01714	
TH2_HKNPDCAD_01715	TH2_contig_2	1382941	1383642	702	-	rpsC	30S ribosomal protein S3	TH2	HKNPDCAD_01715	HKNPDCAD_01715	
TH2_HKNPDCAD_01716	TH2_contig_2	1383660	1383992	333	-	rplV	50S ribosomal protein L22	TH2	HKNPDCAD_01716	HKNPDCAD_01716	
TH2_HKNPDCAD_01717	TH2_contig_2	1384007	1384285	279	-	rpsS	30S ribosomal protein S19	TH2	HKNPDCAD_01717	HKNPDCAD_01717	
TH2_HKNPDCAD_01718	TH2_contig_2	1384302	1385123	822	-	rplB	50S ribosomal protein L2	TH2	HKNPDCAD_01718	HKNPDCAD_01718	
TH2_HKNPDCAD_01719	TH2_contig_2	1385141	1385443	303	-	rplW	50S ribosomal protein L23	TH2	HKNPDCAD_01719	HKNPDCAD_01719	
TH2_HKNPDCAD_01720	TH2_contig_2	1385440	1386045	606	-	rplD	50S ribosomal protein L4	TH2	HKNPDCAD_01720	HKNPDCAD_01720	
TH2_HKNPDCAD_01721	TH2_contig_2	1386056	1386685	630	-	rplC	50S ribosomal protein L3	TH2	HKNPDCAD_01721	HKNPDCAD_01721	
TH2_HKNPDCAD_01722	TH2_contig_2	1386718	1387029	312	-	rpsJ	30S ribosomal protein S10	TH2	HKNPDCAD_01722	HKNPDCAD_01722	
TH2_HKNPDCAD_01723	TH2_contig_2	1387267	1387686	420	-	gspB	Putative general secretion pathway protein B	TH2	HKNPDCAD_01723	HKNPDCAD_01723	
TH2_HKNPDCAD_01724	TH2_contig_2	1387688	1389157	1470	-	gspA_1	Putative general secretion pathway protein A	TH2	HKNPDCAD_01724	HKNPDCAD_01724	
TH2_HKNPDCAD_01725	TH2_contig_2	1389337	1390152	816	+	gspC	Putative type II secretion system protein C	TH2	HKNPDCAD_01725	HKNPDCAD_01725	
TH2_HKNPDCAD_01726	TH2_contig_2	1390136	1390576	441	+	gspD_1	Putative secretin GspD	TH2	HKNPDCAD_01726	HKNPDCAD_01726	
TH2_HKNPDCAD_01727	TH2_contig_2	1390573	1392087	1515	+	gspD_2	Putative secretin GspD	TH2	HKNPDCAD_01727	HKNPDCAD_01727	
TH2_HKNPDCAD_01728	TH2_contig_2	1392097	1393578	1482	+	gspE	Putative type II secretion system protein E	TH2	HKNPDCAD_01728	HKNPDCAD_01728	
TH2_HKNPDCAD_01729	TH2_contig_2	1393575	1394771	1197	+	gspF	Putative type II secretion system protein F	TH2	HKNPDCAD_01729	HKNPDCAD_01729	
TH2_HKNPDCAD_01730	TH2_contig_2	1394781	1395218	438	+	gspG	Putative type II secretion system protein G	TH2	HKNPDCAD_01730	HKNPDCAD_01730	
TH2_HKNPDCAD_01731	TH2_contig_2	1395226	1395735	510	+	gspH	Putative type II secretion system protein H	TH2	HKNPDCAD_01731	HKNPDCAD_01731	
TH2_HKNPDCAD_01732	TH2_contig_2	1395732	1396109	378	+	gspI	Putative type II secretion system protein I	TH2	HKNPDCAD_01732	HKNPDCAD_01732	
TH2_HKNPDCAD_01733	TH2_contig_2	1396102	1396689	588	+	gspJ	Putative type II secretion system protein J	TH2	HKNPDCAD_01733	HKNPDCAD_01733	
TH2_HKNPDCAD_01734	TH2_contig_2	1396682	1397665	984	+	gspK_2	Putative type II secretion system protein K	TH2	HKNPDCAD_01734	HKNPDCAD_01734	
TH2_HKNPDCAD_01735	TH2_contig_2	1397680	1398843	1164	+	gspL	Putative type II secretion system protein L	TH2	HKNPDCAD_01735	HKNPDCAD_01735	
TH2_HKNPDCAD_01736	TH2_contig_2	1398840	1399301	462	+	gspM	Putative type II secretion system protein M	TH2	HKNPDCAD_01736	HKNPDCAD_01736	
TH2_HKNPDCAD_01737	TH2_contig_2	1399301	1399456	156	+	gspO_1	Type 4 prepilin-like proteins leader peptide-processing enzyme	TH2	HKNPDCAD_01737	HKNPDCAD_01737	
TH2_HKNPDCAD_01738	TH2_contig_2	1399461	1399976	516	+	gspO_2	Type 4 prepilin-like proteins leader peptide-processing enzyme	TH2	HKNPDCAD_01738	HKNPDCAD_01738	
TH2_HKNPDCAD_01739	TH2_contig_2	1400005	1400481	477	-	bfr	Bacterioferritin	TH2	HKNPDCAD_01739	HKNPDCAD_01739	
TH2_HKNPDCAD_01740	TH2_contig_2	1400553	1400747	195	-	bfd	Bacterioferritin-associated ferredoxin	TH2	HKNPDCAD_01740	HKNPDCAD_01740	
TH2_HKNPDCAD_01741	TH2_contig_2	1400916	1403609	2694	-	chiA	putative bifunctional chitinase/lysozyme	TH2	HKNPDCAD_01741	HKNPDCAD_01741	
TH2_HKNPDCAD_01742	TH2_contig_2	1403901	1405085	1185	-	tuf1	Elongation factor Tu 1	TH2	HKNPDCAD_01742	HKNPDCAD_01742	
TH2_HKNPDCAD_01743	TH2_contig_2	1405156	1407270	2115	-	fusA	Elongation factor G	TH2	HKNPDCAD_01743	HKNPDCAD_01743	
TH2_HKNPDCAD_01744	TH2_contig_2	1407367	1407837	471	-	rpsG	30S ribosomal protein S7	TH2	HKNPDCAD_01744	HKNPDCAD_01744	
TH2_HKNPDCAD_01745	TH2_contig_2	1407934	1408308	375	-	rpsL	30S ribosomal protein S12	TH2	HKNPDCAD_01745	HKNPDCAD_01745	
TH2_HKNPDCAD_01746	TH2_contig_2	1408434	1408721	288	-	tusB	Protein TusB	TH2	HKNPDCAD_01746	HKNPDCAD_01746	
TH2_HKNPDCAD_01747	TH2_contig_2	1408729	1409088	360	-	tusC	Protein TusC	TH2	HKNPDCAD_01747	HKNPDCAD_01747	
TH2_HKNPDCAD_01748	TH2_contig_2	1409088	1409474	387	-	tusD	Sulfurtransferase TusD	TH2	HKNPDCAD_01748	HKNPDCAD_01748	
TH2_HKNPDCAD_01749	TH2_contig_2	1409474	1410196	723	-	dauR	Transcriptional regulator DauR	TH2	HKNPDCAD_01749	HKNPDCAD_01749	
TH2_HKNPDCAD_01750	TH2_contig_2	1410363	1411175	813	-	fkpA	FKBP-type peptidyl-prolyl cis-trans isomerase FkpA	TH2	HKNPDCAD_01750	HKNPDCAD_01750	
TH2_HKNPDCAD_01751	TH2_contig_2	1411396	1411614	219	+	slyX	Protein SlyX	TH2	HKNPDCAD_01751	HKNPDCAD_01751	
TH2_HKNPDCAD_01752	TH2_contig_2	1411662	1412252	591	-	slyD	FKBP-type peptidyl-prolyl cis-trans isomerase SlyD	TH2	HKNPDCAD_01752	HKNPDCAD_01752	
TH2_HKNPDCAD_01753	TH2_contig_2	1412347	1412547	201	-	hypothetical protein	hypothetical protein	TH2	HKNPDCAD_01753	HKNPDCAD_01753	
TH2_HKNPDCAD_01754	TH2_contig_2	1412557	1414362	1806	-	kefC_1	Glutathione-regulated potassium-efflux system protein KefC	TH2	HKNPDCAD_01754	HKNPDCAD_01754	
TH2_HKNPDCAD_01755	TH2_contig_2	1414362	1414913	552	-	ywrO	General stress protein 14	TH2	HKNPDCAD_01755	HKNPDCAD_01755	
TH2_HKNPDCAD_01756	TH2_contig_2	1415044	1415535	492	+	yheS_1	putative ABC transporter ATP-binding protein YheS	TH2	HKNPDCAD_01756	HKNPDCAD_01756	
TH2_HKNPDCAD_01757	TH2_contig_2	1415508	1416956	1449	+	yheS_2	putative ABC transporter ATP-binding protein YheS	TH2	HKNPDCAD_01757	HKNPDCAD_01757	
TH2_HKNPDCAD_01758	TH2_contig_2	1416956	1417861	906	+	hypothetical protein	hypothetical protein	TH2	HKNPDCAD_01758	HKNPDCAD_01758	
TH2_HKNPDCAD_01759	TH2_contig_2	1417982	1418188	207	+	hypothetical protein	hypothetical protein	TH2	HKNPDCAD_01759	HKNPDCAD_01759	
TH2_HKNPDCAD_01760	TH2_contig_2	1418242	1419111	870	+	cfxP	Phosphoribulokinase, plasmid	TH2	HKNPDCAD_01760	HKNPDCAD_01760	
TH2_HKNPDCAD_01761	TH2_contig_2	1419166	1419570	405	-	yhfA	Protein YhfA	TH2	HKNPDCAD_01761	HKNPDCAD_01761	
TH2_HKNPDCAD_01762	TH2_contig_2	1419872	1420504	633	+	crp	cAMP-activated global transcriptional regulator CRP	TH2	HKNPDCAD_01762	HKNPDCAD_01762	
TH2_HKNPDCAD_01763	TH2_contig_2	1420555	1421613	1059	+	hypothetical protein	hypothetical protein	TH2	HKNPDCAD_01763	HKNPDCAD_01763	
TH2_HKNPDCAD_01764	TH2_contig_2	1421592	1422644	1053	+	hypothetical protein	hypothetical protein	TH2	HKNPDCAD_01764	HKNPDCAD_01764	
TH2_HKNPDCAD_01765	TH2_contig_2	1422711	1422920	210	-	argD_1	Acetylornithine/succinyldiaminopimelate aminotransferase	TH2	HKNPDCAD_01765	HKNPDCAD_01765	
TH2_HKNPDCAD_01766	TH2_contig_2	1422908	1423930	1023	-	argD_2	Acetylornithine/succinyldiaminopimelate aminotransferase	TH2	HKNPDCAD_01766	HKNPDCAD_01766	
TH2_HKNPDCAD_01767	TH2_contig_2	1424016	1424579	564	-	pabA	Aminodeoxychorismate synthase component 2	TH2	HKNPDCAD_01767	HKNPDCAD_01767	
TH2_HKNPDCAD_01768	TH2_contig_2	1424611	1425213	603	-	fic	putative protein adenylyltransferase Fic	TH2	HKNPDCAD_01768	HKNPDCAD_01768	
TH2_HKNPDCAD_01769	TH2_contig_2	1425203	1425370	168	-	yhfG	putative protein YhfG	TH2	HKNPDCAD_01769	HKNPDCAD_01769	
TH2_HKNPDCAD_01770	TH2_contig_2	1425588	1426046	459	-	hypothetical protein	hypothetical protein	TH2	HKNPDCAD_01770	HKNPDCAD_01770	
TH2_HKNPDCAD_01771	TH2_contig_2	1426317	1427498	1182	+	tsgA	Protein TsgA	TH2	HKNPDCAD_01771	HKNPDCAD_01771	
TH2_HKNPDCAD_01772	TH2_contig_2	1427760	1430303	2544	+	nasD	Nitrite reductase [NAD(P)H]	TH2	HKNPDCAD_01772	HKNPDCAD_01772	
TH2_HKNPDCAD_01773	TH2_contig_2	1430300	1430626	327	+	nirD	Nitrite reductase (NADH) small subunit	TH2	HKNPDCAD_01773	HKNPDCAD_01773	
TH2_HKNPDCAD_01774	TH2_contig_2	1430752	1431558	807	+	nirC	Nitrite transporter NirC	TH2	HKNPDCAD_01774	HKNPDCAD_01774	
TH2_HKNPDCAD_01775	TH2_contig_2	1431577	1432950	1374	+	cysG	Siroheme synthase	TH2	HKNPDCAD_01775	HKNPDCAD_01775	
TH2_HKNPDCAD_01776	TH2_contig_2	1433197	1433364	168	+	hypothetical protein	hypothetical protein	TH2	HKNPDCAD_01776	HKNPDCAD_01776	
TH2_HKNPDCAD_01777	TH2_contig_2	1433660	1434997	1338	+	frlA	putative fructoselysine/psicoselysine transporter FrlA	TH2	HKNPDCAD_01777	HKNPDCAD_01777	
TH2_HKNPDCAD_01778	TH2_contig_2	1435018	1436040	1023	+	frlB	Fructoselysine 6-phosphate deglycase	TH2	HKNPDCAD_01778	HKNPDCAD_01778	
TH2_HKNPDCAD_01779	TH2_contig_2	1436090	1436920	831	+	frlC	Fructoselysine 3-epimerase	TH2	HKNPDCAD_01779	HKNPDCAD_01779	
TH2_HKNPDCAD_01780	TH2_contig_2	1436917	1437702	786	+	frlD	Fructoselysine 6-kinase	TH2	HKNPDCAD_01780	HKNPDCAD_01780	
TH2_HKNPDCAD_01781	TH2_contig_2	1437802	1438533	732	+	frlR	putative fructoselysine utilization operon transcriptional repressor	TH2	HKNPDCAD_01781	HKNPDCAD_01781	
TH2_HKNPDCAD_01782	TH2_contig_2	1438685	1439770	1086	-	yhfS	putative protein YhfS	TH2	HKNPDCAD_01782	HKNPDCAD_01782	
TH2_HKNPDCAD_01783	TH2_contig_2	1439782	1441086	1305	-	hypothetical protein	hypothetical protein	TH2	HKNPDCAD_01783	HKNPDCAD_01783	
TH2_HKNPDCAD_01784	TH2_contig_2	1441098	1441451	354	-	hypothetical protein	hypothetical protein	TH2	HKNPDCAD_01784	HKNPDCAD_01784	
TH2_HKNPDCAD_01785	TH2_contig_2	1441462	1442340	879	-	php_2	Phosphotriesterase homology protein	TH2	HKNPDCAD_01785	HKNPDCAD_01785	
TH2_HKNPDCAD_01786	TH2_contig_2	1442337	1443563	1227	-	deoB_1	Phosphopentomutase	TH2	HKNPDCAD_01786	HKNPDCAD_01786	
TH2_HKNPDCAD_01787	TH2_contig_2	1443563	1444726	1164	-	yhfX	putative protein YhfX	TH2	HKNPDCAD_01787	HKNPDCAD_01787	
TH2_HKNPDCAD_01788	TH2_contig_2	1444809	1445171	363	-	hypothetical protein	hypothetical protein	TH2	HKNPDCAD_01788	HKNPDCAD_01788	
TH2_HKNPDCAD_01789	TH2_contig_2	1445188	1445394	207	-	hypothetical protein	hypothetical protein	TH2	HKNPDCAD_01789	HKNPDCAD_01789	
TH2_HKNPDCAD_01790	TH2_contig_2	1445406	1446092	687	-	hypothetical protein	hypothetical protein	TH2	HKNPDCAD_01790	HKNPDCAD_01790	
TH2_HKNPDCAD_01791	TH2_contig_2	1446382	1447386	1005	-	trpS	Tryptophan--tRNA ligase	TH2	HKNPDCAD_01791	HKNPDCAD_01791	
TH2_HKNPDCAD_01792	TH2_contig_2	1447379	1448137	759	-	gph	Phosphoglycolate phosphatase	TH2	HKNPDCAD_01792	HKNPDCAD_01792	
TH2_HKNPDCAD_01793	TH2_contig_2	1448130	1448807	678	-	rpe	Ribulose-phosphate 3-epimerase	TH2	HKNPDCAD_01793	HKNPDCAD_01793	
TH2_HKNPDCAD_01794	TH2_contig_2	1448825	1449661	837	-	dam_1	DNA adenine methylase	TH2	HKNPDCAD_01794	HKNPDCAD_01794	
TH2_HKNPDCAD_01795	TH2_contig_2	1449768	1451054	1287	-	damX	Cell division protein DamX	TH2	HKNPDCAD_01795	HKNPDCAD_01795	
TH2_HKNPDCAD_01796	TH2_contig_2	1451146	1452234	1089	-	aroB	3-dehydroquinate synthase	TH2	HKNPDCAD_01796	HKNPDCAD_01796	
TH2_HKNPDCAD_01797	TH2_contig_2	1452291	1452968	678	-	aroK	Shikimate kinase	TH2	HKNPDCAD_01797	HKNPDCAD_01797	
TH2_HKNPDCAD_01798	TH2_contig_2	1453213	1454421	1209	-	pilQ	Type IV pilus biogenesis and competence protein PilQ	TH2	HKNPDCAD_01798	HKNPDCAD_01798	
TH2_HKNPDCAD_01799	TH2_contig_2	1454363	1454767	405	-	hypothetical protein	hypothetical protein	TH2	HKNPDCAD_01799	HKNPDCAD_01799	
TH2_HKNPDCAD_01800	TH2_contig_2	1454894	1455196	303	-	hypothetical protein	hypothetical protein	TH2	HKNPDCAD_01800	HKNPDCAD_01800	
TH2_HKNPDCAD_01801	TH2_contig_2	1455180	1455719	540	-	hypothetical protein	hypothetical protein	TH2	HKNPDCAD_01801	HKNPDCAD_01801	
TH2_HKNPDCAD_01802	TH2_contig_2	1455719	1456498	780	-	hypothetical protein	hypothetical protein	TH2	HKNPDCAD_01802	HKNPDCAD_01802	
TH2_HKNPDCAD_01803	TH2_contig_2	1456618	1459170	2553	+	mrcA	Penicillin-binding protein 1A	TH2	HKNPDCAD_01803	HKNPDCAD_01803	
TH2_HKNPDCAD_01804	TH2_contig_2	1459336	1459896	561	-	nudE	ADP compounds hydrolase NudE	TH2	HKNPDCAD_01804	HKNPDCAD_01804	
TH2_HKNPDCAD_01805	TH2_contig_2	1460216	1461163	948	+	hypothetical protein	hypothetical protein	TH2	HKNPDCAD_01805	HKNPDCAD_01805	
TH2_HKNPDCAD_01806	TH2_contig_2	1461163	1462350	1188	+	yrfF	Putative membrane protein IgaA	TH2	HKNPDCAD_01806	HKNPDCAD_01806	
TH2_HKNPDCAD_01807	TH2_contig_2	1462415	1463083	669	+	yrfG	GMP/IMP nucleotidase YrfG	TH2	HKNPDCAD_01807	HKNPDCAD_01807	
TH2_HKNPDCAD_01808	TH2_contig_2	1463094	1463495	402	+	hslR	Heat shock protein 15	TH2	HKNPDCAD_01808	HKNPDCAD_01808	
TH2_HKNPDCAD_01809	TH2_contig_2	1463520	1464398	879	+	hslO	33 kDa chaperonin	TH2	HKNPDCAD_01809	HKNPDCAD_01809	
TH2_HKNPDCAD_01810	TH2_contig_2	1464461	1466185	1725	-	hypothetical protein	hypothetical protein	TH2	HKNPDCAD_01810	HKNPDCAD_01810	
TH2_HKNPDCAD_01811	TH2_contig_2	1466563	1468185	1623	+	pckA	Phosphoenolpyruvate carboxykinase (ATP)	TH2	HKNPDCAD_01811	HKNPDCAD_01811	
TH2_HKNPDCAD_01812	TH2_contig_2	1468301	1468618	318	+	higB-2	Toxin HigB-2	TH2	HKNPDCAD_01812	HKNPDCAD_01812	
TH2_HKNPDCAD_01813	TH2_contig_2	1468677	1468973	297	+	hypothetical protein	hypothetical protein	TH2	HKNPDCAD_01813	HKNPDCAD_01813	
TH2_HKNPDCAD_01814	TH2_contig_2	1469004	1470356	1353	-	envZ	Osmolarity sensor protein EnvZ	TH2	HKNPDCAD_01814	HKNPDCAD_01814	
TH2_HKNPDCAD_01815	TH2_contig_2	1470353	1471072	720	-	ompR	Transcriptional regulatory protein OmpR	TH2	HKNPDCAD_01815	HKNPDCAD_01815	
TH2_HKNPDCAD_01816	TH2_contig_2	1471300	1471716	417	+	greB	Transcription elongation factor GreB	TH2	HKNPDCAD_01816	HKNPDCAD_01816	
TH2_HKNPDCAD_01817	TH2_contig_2	1471872	1472669	798	+	yhgF_1	Protein YhgF	TH2	HKNPDCAD_01817	HKNPDCAD_01817	
TH2_HKNPDCAD_01818	TH2_contig_2	1472645	1474192	1548	+	yhgF_2	Protein YhgF	TH2	HKNPDCAD_01818	HKNPDCAD_01818	
TH2_HKNPDCAD_01819	TH2_contig_2	1474630	1474857	228	+	feoA	Fe(2+) transport protein A	TH2	HKNPDCAD_01819	HKNPDCAD_01819	
TH2_HKNPDCAD_01820	TH2_contig_2	1474874	1475695	822	+	feoB_1	Fe(2+) transporter FeoB	TH2	HKNPDCAD_01820	HKNPDCAD_01820	
TH2_HKNPDCAD_01821	TH2_contig_2	1475704	1477194	1491	+	feoB_2	Fe(2+) transporter FeoB	TH2	HKNPDCAD_01821	HKNPDCAD_01821	
TH2_HKNPDCAD_01822	TH2_contig_2	1477194	1477430	237	+	feoC	putative [Fe-S]-dependent transcriptional repressor FeoC	TH2	HKNPDCAD_01822	HKNPDCAD_01822	
TH2_HKNPDCAD_01823	TH2_contig_2	1477633	1478511	879	+	ISNCY family transposase ISVsa17	ISNCY family transposase ISVsa17	TH2	HKNPDCAD_01823	HKNPDCAD_01823	
TH2_HKNPDCAD_01824	TH2_contig_2	1478540	1479262	723	-	bioH	Pimeloyl-[acyl-carrier protein] methyl ester esterase	TH2	HKNPDCAD_01824	HKNPDCAD_01824	
TH2_HKNPDCAD_01825	TH2_contig_2	1479383	1480030	648	+	prs_1	Putative ribose-phosphate pyrophosphokinase	TH2	HKNPDCAD_01825	HKNPDCAD_01825	
TH2_HKNPDCAD_01826	TH2_contig_2	1480089	1480664	576	+	nfuA	Fe/S biogenesis protein NfuA	TH2	HKNPDCAD_01826	HKNPDCAD_01826	
TH2_HKNPDCAD_01827	TH2_contig_2	1481024	1482340	1317	+	gntT	High-affinity gluconate transporter	TH2	HKNPDCAD_01827	HKNPDCAD_01827	
TH2_HKNPDCAD_01828	TH2_contig_2	1482451	1484028	1578	-	malQ_1	4-alpha-glucanotransferase	TH2	HKNPDCAD_01828	HKNPDCAD_01828	
TH2_HKNPDCAD_01829	TH2_contig_2	1483983	1484534	552	-	malQ_2	4-alpha-glucanotransferase	TH2	HKNPDCAD_01829	HKNPDCAD_01829	
TH2_HKNPDCAD_01830	TH2_contig_2	1484544	1486937	2394	-	malP_1	Maltodextrin phosphorylase	TH2	HKNPDCAD_01830	HKNPDCAD_01830	
TH2_HKNPDCAD_01831	TH2_contig_2	1487548	1490253	2706	+	malT	HTH-type transcriptional regulator MalT	TH2	HKNPDCAD_01831	HKNPDCAD_01831	
TH2_HKNPDCAD_01832	TH2_contig_2	1490382	1491311	930	-	rtcA	RNA 3'-terminal phosphate cyclase	TH2	HKNPDCAD_01832	HKNPDCAD_01832	
TH2_HKNPDCAD_01833	TH2_contig_2	1491315	1492541	1227	-	rtcB	RNA-splicing ligase RtcB	TH2	HKNPDCAD_01833	HKNPDCAD_01833	
TH2_HKNPDCAD_01834	TH2_contig_2	1492730	1494328	1599	+	norR_3	Anaerobic nitric oxide reductase transcription regulator NorR	TH2	HKNPDCAD_01834	HKNPDCAD_01834	
TH2_HKNPDCAD_01835	TH2_contig_2	1494310	1495068	759	-	glpR_2	Glycerol-3-phosphate regulon repressor	TH2	HKNPDCAD_01835	HKNPDCAD_01835	
TH2_HKNPDCAD_01836	TH2_contig_2	1495085	1495915	831	-	glpG	Rhomboid protease GlpG	TH2	HKNPDCAD_01836	HKNPDCAD_01836	
TH2_HKNPDCAD_01837	TH2_contig_2	1495960	1496286	327	-	glpE	Thiosulfate sulfurtransferase GlpE	TH2	HKNPDCAD_01837	HKNPDCAD_01837	
TH2_HKNPDCAD_01838	TH2_contig_2	1496476	1497981	1506	+	glpD	Aerobic glycerol-3-phosphate dehydrogenase	TH2	HKNPDCAD_01838	HKNPDCAD_01838	
TH2_HKNPDCAD_01839	TH2_contig_2	1498187	1498468	282	-	hypothetical protein	hypothetical protein	TH2	HKNPDCAD_01839	HKNPDCAD_01839	
TH2_HKNPDCAD_01840	TH2_contig_2	1498597	1501044	2448	-	malP_2	Maltodextrin phosphorylase	TH2	HKNPDCAD_01840	HKNPDCAD_01840	
TH2_HKNPDCAD_01841	TH2_contig_2	1501063	1502496	1434	-	glgA	Glycogen synthase	TH2	HKNPDCAD_01841	HKNPDCAD_01841	
TH2_HKNPDCAD_01842	TH2_contig_2	1502496	1503791	1296	-	glgC	Glucose-1-phosphate adenylyltransferase	TH2	HKNPDCAD_01842	HKNPDCAD_01842	
TH2_HKNPDCAD_01843	TH2_contig_2	1503809	1505782	1974	-	glgX	Glycogen debranching enzyme	TH2	HKNPDCAD_01843	HKNPDCAD_01843	
TH2_HKNPDCAD_01844	TH2_contig_2	1505779	1507965	2187	-	glgB	1,4-alpha-glucan branching enzyme GlgB	TH2	HKNPDCAD_01844	HKNPDCAD_01844	
TH2_HKNPDCAD_01845	TH2_contig_2	1508189	1509340	1152	-	asd	Aspartate-semialdehyde dehydrogenase	TH2	HKNPDCAD_01845	HKNPDCAD_01845	
TH2_HKNPDCAD_01846	TH2_contig_2	1509533	1510126	594	+	hypothetical protein	hypothetical protein	TH2	HKNPDCAD_01846	HKNPDCAD_01846	
TH2_HKNPDCAD_01847	TH2_contig_2	1510183	1511391	1209	-	gntU	Low-affinity gluconate transporter	TH2	HKNPDCAD_01847	HKNPDCAD_01847	
TH2_HKNPDCAD_01848	TH2_contig_2	1511526	1512053	528	-	gntK	Thermoresistant gluconokinase	TH2	HKNPDCAD_01848	HKNPDCAD_01848	
TH2_HKNPDCAD_01849	TH2_contig_2	1512192	1513187	996	-	gntR	HTH-type transcriptional regulator GntR	TH2	HKNPDCAD_01849	HKNPDCAD_01849	
TH2_HKNPDCAD_01850	TH2_contig_2	1513411	1514106	696	-	yhhW	Quercetin 2,3-dioxygenase	TH2	HKNPDCAD_01850	HKNPDCAD_01850	
TH2_HKNPDCAD_01851	TH2_contig_2	1514229	1515266	1038	-	yhhX	putative oxidoreductase YhhX	TH2	HKNPDCAD_01851	HKNPDCAD_01851	
TH2_HKNPDCAD_01852	TH2_contig_2	1515598	1516086	489	+	aaaT	L-amino acid N-acetyltransferase AaaT	TH2	HKNPDCAD_01852	HKNPDCAD_01852	
TH2_HKNPDCAD_01853	TH2_contig_2	1516323	1517501	1179	+	hypothetical protein	hypothetical protein	TH2	HKNPDCAD_01853	HKNPDCAD_01853	
TH2_HKNPDCAD_01854	TH2_contig_2	1517498	1517992	495	+	hypothetical protein	hypothetical protein	TH2	HKNPDCAD_01854	HKNPDCAD_01854	
TH2_HKNPDCAD_01855	TH2_contig_2	1518441	1518725	285	+	hypothetical protein	hypothetical protein	TH2	HKNPDCAD_01855	HKNPDCAD_01855	
TH2_HKNPDCAD_01856	TH2_contig_2	1518763	1520505	1743	-	ggt	Glutathione hydrolase proenzyme	TH2	HKNPDCAD_01856	HKNPDCAD_01856	
TH2_HKNPDCAD_01857	TH2_contig_2	1520625	1520936	312	+	yhhA	putative protein YhhA	TH2	HKNPDCAD_01857	HKNPDCAD_01857	
TH2_HKNPDCAD_01858	TH2_contig_2	1521051	1521794	744	-	ugpQ	Glycerophosphodiester phosphodiesterase, cytoplasmic	TH2	HKNPDCAD_01858	HKNPDCAD_01858	
TH2_HKNPDCAD_01859	TH2_contig_2	1521791	1522861	1071	-	ugpC	sn-glycerol-3-phosphate import ATP-binding protein UgpC	TH2	HKNPDCAD_01859	HKNPDCAD_01859	
TH2_HKNPDCAD_01860	TH2_contig_2	1522863	1523708	846	-	hypothetical protein	hypothetical protein	TH2	HKNPDCAD_01860	HKNPDCAD_01860	
TH2_HKNPDCAD_01861	TH2_contig_2	1523705	1524031	327	-	ugpA_1	sn-glycerol-3-phosphate transport system permease protein UgpA	TH2	HKNPDCAD_01861	HKNPDCAD_01861	
TH2_HKNPDCAD_01862	TH2_contig_2	1524028	1524591	564	-	ugpA_2	sn-glycerol-3-phosphate transport system permease protein UgpA	TH2	HKNPDCAD_01862	HKNPDCAD_01862	
TH2_HKNPDCAD_01863	TH2_contig_2	1524689	1526005	1317	-	ugpB	sn-glycerol-3-phosphate-binding periplasmic protein UgpB	TH2	HKNPDCAD_01863	HKNPDCAD_01863	
TH2_HKNPDCAD_01864	TH2_contig_2	1526402	1527115	714	-	livF	High-affinity branched-chain amino acid transport ATP-binding protein LivF	TH2	HKNPDCAD_01864	HKNPDCAD_01864	
TH2_HKNPDCAD_01865	TH2_contig_2	1527117	1527884	768	-	lptB_2	Lipopolysaccharide export system ATP-binding protein LptB	TH2	HKNPDCAD_01865	HKNPDCAD_01865	
TH2_HKNPDCAD_01866	TH2_contig_2	1527881	1529158	1278	-	hypothetical protein	hypothetical protein	TH2	HKNPDCAD_01866	HKNPDCAD_01866	
TH2_HKNPDCAD_01867	TH2_contig_2	1529155	1530081	927	-	livH	High-affinity branched-chain amino acid transport system permease protein LivH	TH2	HKNPDCAD_01867	HKNPDCAD_01867	
TH2_HKNPDCAD_01868	TH2_contig_2	1530129	1531238	1110	-	livK	Leucine-specific-binding protein	TH2	HKNPDCAD_01868	HKNPDCAD_01868	
TH2_HKNPDCAD_01869	TH2_contig_2	1531662	1532045	384	+	panZ	PanD regulatory factor	TH2	HKNPDCAD_01869	HKNPDCAD_01869	
TH2_HKNPDCAD_01870	TH2_contig_2	1532245	1533348	1104	-	livJ	Leu/Ile/Val-binding protein	TH2	HKNPDCAD_01870	HKNPDCAD_01870	
TH2_HKNPDCAD_01871	TH2_contig_2	1533619	1534473	855	-	rpoH	RNA polymerase sigma factor RpoH	TH2	HKNPDCAD_01871	HKNPDCAD_01871	
TH2_HKNPDCAD_01872	TH2_contig_2	1534718	1535776	1059	-	ftsX	Cell division protein FtsX	TH2	HKNPDCAD_01872	HKNPDCAD_01872	
TH2_HKNPDCAD_01873	TH2_contig_2	1535769	1536437	669	-	ftsE	Cell division ATP-binding protein FtsE	TH2	HKNPDCAD_01873	HKNPDCAD_01873	
TH2_HKNPDCAD_01874	TH2_contig_2	1536440	1537804	1365	-	ftsY	Signal recognition particle receptor FtsY	TH2	HKNPDCAD_01874	HKNPDCAD_01874	
TH2_HKNPDCAD_01875	TH2_contig_2	1538084	1538680	597	+	rsmD	Ribosomal RNA small subunit methyltransferase D	TH2	HKNPDCAD_01875	HKNPDCAD_01875	
TH2_HKNPDCAD_01876	TH2_contig_2	1538670	1538939	270	+	hypothetical protein	hypothetical protein	TH2	HKNPDCAD_01876	HKNPDCAD_01876	
TH2_HKNPDCAD_01877	TH2_contig_2	1538942	1539301	360	-	hypothetical protein	hypothetical protein	TH2	HKNPDCAD_01877	HKNPDCAD_01877	
TH2_HKNPDCAD_01878	TH2_contig_2	1539442	1540068	627	+	hypothetical protein	hypothetical protein	TH2	HKNPDCAD_01878	HKNPDCAD_01878	
TH2_HKNPDCAD_01879	TH2_contig_2	1540142	1542340	2199	+	zntA	Zinc/cadmium/lead-transporting P-type ATPase	TH2	HKNPDCAD_01879	HKNPDCAD_01879	
TH2_HKNPDCAD_01880	TH2_contig_2	1542442	1542687	246	-	tusA	Sulfur carrier protein TusA	TH2	HKNPDCAD_01880	HKNPDCAD_01880	
TH2_HKNPDCAD_01881	TH2_contig_2	1542907	1543572	666	+	yhhQ	Queuosine precursor transporter	TH2	HKNPDCAD_01881	HKNPDCAD_01881	
TH2_HKNPDCAD_01882	TH2_contig_2	1543645	1544202	558	+	hypothetical protein	hypothetical protein	TH2	HKNPDCAD_01882	HKNPDCAD_01882	
TH2_HKNPDCAD_01883	TH2_contig_2	1544206	1545456	1251	-	yhhS	putative MFS-type transporter YhhS	TH2	HKNPDCAD_01883	HKNPDCAD_01883	
TH2_HKNPDCAD_01884	TH2_contig_2	1545555	1546604	1050	+	yhhT_2	Putative transport protein YhhT	TH2	HKNPDCAD_01884	HKNPDCAD_01884	
TH2_HKNPDCAD_01885	TH2_contig_2	1546659	1547246	588	+	hypothetical protein	hypothetical protein	TH2	HKNPDCAD_01885	HKNPDCAD_01885	
TH2_HKNPDCAD_01886	TH2_contig_2	1547357	1548931	1575	+	nikA	Nickel-binding periplasmic protein	TH2	HKNPDCAD_01886	HKNPDCAD_01886	
TH2_HKNPDCAD_01887	TH2_contig_2	1548931	1549875	945	+	nikB	Nickel transport system permease protein NikB	TH2	HKNPDCAD_01887	HKNPDCAD_01887	
TH2_HKNPDCAD_01888	TH2_contig_2	1549872	1550705	834	+	nikC	Nickel transport system permease protein NikC	TH2	HKNPDCAD_01888	HKNPDCAD_01888	
TH2_HKNPDCAD_01889	TH2_contig_2	1550705	1551469	765	+	nikD	Nickel import ATP-binding protein NikD	TH2	HKNPDCAD_01889	HKNPDCAD_01889	
TH2_HKNPDCAD_01890	TH2_contig_2	1551466	1552131	666	+	nikE	Nickel import ATP-binding protein NikE	TH2	HKNPDCAD_01890	HKNPDCAD_01890	
TH2_HKNPDCAD_01891	TH2_contig_2	1552131	1552301	171	+	hypothetical protein	hypothetical protein	TH2	HKNPDCAD_01891	HKNPDCAD_01891	
TH2_HKNPDCAD_01892	TH2_contig_2	1552276	1552677	402	+	nikR	Nickel-responsive regulator	TH2	HKNPDCAD_01892	HKNPDCAD_01892	
TH2_HKNPDCAD_01893	TH2_contig_2	1552880	1556995	4116	+	rhsC_1	Protein RhsC	TH2	HKNPDCAD_01893	HKNPDCAD_01893	
TH2_HKNPDCAD_01894	TH2_contig_2	1556967	1557350	384	+	hypothetical protein	hypothetical protein	TH2	HKNPDCAD_01894	HKNPDCAD_01894	
TH2_HKNPDCAD_01895	TH2_contig_2	1557455	1557739	285	+	hypothetical protein	hypothetical protein	TH2	HKNPDCAD_01895	HKNPDCAD_01895	
TH2_HKNPDCAD_01896	TH2_contig_2	1557945	1559081	1137	+	ISAs1 family transposase ISEc1	ISAs1 family transposase ISEc1	TH2	HKNPDCAD_01896	HKNPDCAD_01896	
TH2_HKNPDCAD_01897	TH2_contig_2	1559245	1560369	1125	-	yhhJ_2	Inner membrane transport permease YhhJ	TH2	HKNPDCAD_01897	HKNPDCAD_01897	
TH2_HKNPDCAD_01898	TH2_contig_2	1560369	1563104	2736	-	rbbA_3	Ribosome-associated ATPase	TH2	HKNPDCAD_01898	HKNPDCAD_01898	
TH2_HKNPDCAD_01899	TH2_contig_2	1563101	1564168	1068	-	hypothetical protein	hypothetical protein	TH2	HKNPDCAD_01899	HKNPDCAD_01899	
TH2_HKNPDCAD_01900	TH2_contig_2	1564534	1566156	1623	-	hypothetical protein	hypothetical protein	TH2	HKNPDCAD_01900	HKNPDCAD_01900	
TH2_HKNPDCAD_01901	TH2_contig_2	1566418	1566789	372	-	hypothetical protein	hypothetical protein	TH2	HKNPDCAD_01901	HKNPDCAD_01901	
TH2_HKNPDCAD_01902	TH2_contig_2	1566786	1568024	1239	-	hypothetical protein	hypothetical protein	TH2	HKNPDCAD_01902	HKNPDCAD_01902	
TH2_HKNPDCAD_01903	TH2_contig_2	1568407	1569459	1053	+	yhiM_2	Inner membrane protein YhiM	TH2	HKNPDCAD_01903	HKNPDCAD_01903	
TH2_HKNPDCAD_01904	TH2_contig_2	1569794	1570975	1182	-	putative protein	putative protein	TH2	HKNPDCAD_01904	HKNPDCAD_01904	
TH2_HKNPDCAD_01905	TH2_contig_2	1571206	1572705	1500	+	pitA_4	Low-affinity inorganic phosphate transporter 1	TH2	HKNPDCAD_01905	HKNPDCAD_01905	
TH2_HKNPDCAD_01906	TH2_contig_2	1573006	1573281	276	-	uspB_2	Universal stress protein B	TH2	HKNPDCAD_01906	HKNPDCAD_01906	
TH2_HKNPDCAD_01907	TH2_contig_2	1573670	1574104	435	+	uspA_2	Universal stress protein A	TH2	HKNPDCAD_01907	HKNPDCAD_01907	
TH2_HKNPDCAD_01908	TH2_contig_2	1574471	1575889	1419	+	dtpB_2	Dipeptide and tripeptide permease B	TH2	HKNPDCAD_01908	HKNPDCAD_01908	
TH2_HKNPDCAD_01909	TH2_contig_2	1575938	1576690	753	-	rsmJ_2	Ribosomal RNA small subunit methyltransferase J	TH2	HKNPDCAD_01909	HKNPDCAD_01909	
TH2_HKNPDCAD_01910	TH2_contig_2	1576698	1578740	2043	-	prlC_2	Oligopeptidase A	TH2	HKNPDCAD_01910	HKNPDCAD_01910	
TH2_HKNPDCAD_01911	TH2_contig_2	1578943	1579785	843	+	rlmJ_2	Ribosomal RNA large subunit methyltransferase J	TH2	HKNPDCAD_01911	HKNPDCAD_01911	
TH2_HKNPDCAD_01912	TH2_contig_2	1579857	1581209	1353	+	gor_3	Glutathione reductase	TH2	HKNPDCAD_01912	HKNPDCAD_01912	
TH2_HKNPDCAD_01913	TH2_contig_2	1581374	1581547	174	+	hypothetical protein	hypothetical protein	TH2	HKNPDCAD_01913	HKNPDCAD_01913	
TH2_HKNPDCAD_01914	TH2_contig_2	1582086	1582439	354	+	hypothetical protein	hypothetical protein	TH2	HKNPDCAD_01914	HKNPDCAD_01914	
TH2_HKNPDCAD_01915	TH2_contig_2	1582493	1583782	1290	+	arsB_3	Arsenical pump membrane protein	TH2	HKNPDCAD_01915	HKNPDCAD_01915	
TH2_HKNPDCAD_01916	TH2_contig_2	1583795	1584214	420	+	arsC_2	Arsenate reductase	TH2	HKNPDCAD_01916	HKNPDCAD_01916	
TH2_HKNPDCAD_01917	TH2_contig_2	1584353	1584649	297	-	hypothetical protein	hypothetical protein	TH2	HKNPDCAD_01917	HKNPDCAD_01917	
TH2_HKNPDCAD_01918	TH2_contig_2	1584756	1585757	1002	+	hypothetical protein	hypothetical protein	TH2	HKNPDCAD_01918	HKNPDCAD_01918	
TH2_HKNPDCAD_01919	TH2_contig_2	1586336	1587559	1224	+	hypothetical protein	hypothetical protein	TH2	HKNPDCAD_01919	HKNPDCAD_01919	
TH2_HKNPDCAD_01920	TH2_contig_2	1587806	1588372	567	+	slp_2	Outer membrane protein Slp	TH2	HKNPDCAD_01920	HKNPDCAD_01920	
TH2_HKNPDCAD_01921	TH2_contig_2	1588528	1589058	531	+	dctR_2	HTH-type transcriptional regulator DctR	TH2	HKNPDCAD_01921	HKNPDCAD_01921	
TH2_HKNPDCAD_01922	TH2_contig_2	1589100	1589747	648	-	hypothetical protein	hypothetical protein	TH2	HKNPDCAD_01922	HKNPDCAD_01922	
TH2_HKNPDCAD_01923	TH2_contig_2	1589811	1590149	339	-	hdeB_2	Acid stress chaperone HdeB	TH2	HKNPDCAD_01923	HKNPDCAD_01923	
TH2_HKNPDCAD_01924	TH2_contig_2	1590253	1590585	333	-	hdeA_2	Acid stress chaperone HdeA	TH2	HKNPDCAD_01924	HKNPDCAD_01924	
TH2_HKNPDCAD_01925	TH2_contig_2	1590840	1591412	573	+	hdeD_2	Protein HdeD	TH2	HKNPDCAD_01925	HKNPDCAD_01925	
TH2_HKNPDCAD_01926	TH2_contig_2	1592210	1592587	378	+	gadE_2	Transcriptional regulator GadE	TH2	HKNPDCAD_01926	HKNPDCAD_01926	
TH2_HKNPDCAD_01927	TH2_contig_2	1592578	1592736	159	+	gadE_3	Transcriptional regulator GadE	TH2	HKNPDCAD_01927	HKNPDCAD_01927	
TH2_HKNPDCAD_01928	TH2_contig_2	1592733	1593014	282	-	hypothetical protein	hypothetical protein	TH2	HKNPDCAD_01928	HKNPDCAD_01928	
TH2_HKNPDCAD_01929	TH2_contig_2	1593074	1594231	1158	+	mdtE_2	Multidrug resistance protein MdtE	TH2	HKNPDCAD_01929	HKNPDCAD_01929	
TH2_HKNPDCAD_01930	TH2_contig_2	1594256	1597369	3114	+	mdtF_3	Multidrug resistance protein MdtF	TH2	HKNPDCAD_01930	HKNPDCAD_01930	
TH2_HKNPDCAD_01931	TH2_contig_2	1597803	1598459	657	-	hypothetical protein	hypothetical protein	TH2	HKNPDCAD_01931	HKNPDCAD_01931	
TH2_HKNPDCAD_01932	TH2_contig_2	1598827	1599651	825	-	gadX_1	HTH-type transcriptional regulator GadX	TH2	HKNPDCAD_01932	HKNPDCAD_01932	
TH2_HKNPDCAD_01933	TH2_contig_2	1600021	1601421	1401	-	gadA_1	Glutamate decarboxylase alpha	TH2	HKNPDCAD_01933	HKNPDCAD_01933	
TH2_HKNPDCAD_01934	TH2_contig_2	1601632	1601928	297	-	ccpA	Cytochrome c551 peroxidase	TH2	HKNPDCAD_01934	HKNPDCAD_01934	
TH2_HKNPDCAD_01935	TH2_contig_2	1601919	1602218	300	-	hypothetical protein	hypothetical protein	TH2	HKNPDCAD_01935	HKNPDCAD_01935	
TH2_HKNPDCAD_01936	TH2_contig_2	1602230	1603027	798	-	hypothetical protein	hypothetical protein	TH2	HKNPDCAD_01936	HKNPDCAD_01936	
TH2_HKNPDCAD_01937	TH2_contig_2	1603432	1605081	1650	+	treF	Cytoplasmic trehalase	TH2	HKNPDCAD_01937	HKNPDCAD_01937	
TH2_HKNPDCAD_01938	TH2_contig_2	1605132	1605734	603	-	yhjB	Putative HTH-type transcriptional regulator YhjB	TH2	HKNPDCAD_01938	HKNPDCAD_01938	
TH2_HKNPDCAD_01939	TH2_contig_2	1606182	1607153	972	+	dmlR_3	HTH-type transcriptional regulator DmlR	TH2	HKNPDCAD_01939	HKNPDCAD_01939	
TH2_HKNPDCAD_01940	TH2_contig_2	1607202	1608215	1014	+	yhjD	Inner membrane protein YhjD	TH2	HKNPDCAD_01940	HKNPDCAD_01940	
TH2_HKNPDCAD_01941	TH2_contig_2	1608626	1609948	1323	+	yhjE	Inner membrane metabolite transport protein YhjE	TH2	HKNPDCAD_01941	HKNPDCAD_01941	
TH2_HKNPDCAD_01942	TH2_contig_2	1610130	1612190	2061	-	hypothetical protein	hypothetical protein	TH2	HKNPDCAD_01942	HKNPDCAD_01942	
TH2_HKNPDCAD_01943	TH2_contig_2	1612260	1613027	768	-	pdeH	Cyclic di-GMP phosphodiesterase PdeH	TH2	HKNPDCAD_01943	HKNPDCAD_01943	
TH2_HKNPDCAD_01944	TH2_contig_2	1613258	1614187	930	+	kdgK_2	2-dehydro-3-deoxygluconokinase	TH2	HKNPDCAD_01944	HKNPDCAD_01944	
TH2_HKNPDCAD_01945	TH2_contig_2	1614283	1615683	1401	-	yhjJ	Protein YhjJ	TH2	HKNPDCAD_01945	HKNPDCAD_01945	
TH2_HKNPDCAD_01946	TH2_contig_2	1615999	1617285	1287	-	dctA	Aerobic C4-dicarboxylate transport protein	TH2	HKNPDCAD_01946	HKNPDCAD_01946	
TH2_HKNPDCAD_01947	TH2_contig_2	1617468	1619456	1989	-	pdeK	putative cyclic di-GMP phosphodiesterase PdeK	TH2	HKNPDCAD_01947	HKNPDCAD_01947	
TH2_HKNPDCAD_01948	TH2_contig_2	1619537	1623010	3474	-	bcsC_1	Cellulose synthase operon protein C	TH2	HKNPDCAD_01948	HKNPDCAD_01948	
TH2_HKNPDCAD_01949	TH2_contig_2	1622992	1624098	1107	-	bcsZ	Endoglucanase	TH2	HKNPDCAD_01949	HKNPDCAD_01949	
TH2_HKNPDCAD_01950	TH2_contig_2	1624105	1626414	2310	-	bcsB_1	Cyclic di-GMP-binding protein	TH2	HKNPDCAD_01950	HKNPDCAD_01950	
TH2_HKNPDCAD_01951	TH2_contig_2	1626455	1628092	1638	-	bcsA_1	Cellulose synthase catalytic subunit [UDP-forming]	TH2	HKNPDCAD_01951	HKNPDCAD_01951	
TH2_HKNPDCAD_01952	TH2_contig_2	1628064	1628495	432	-	bcsA_2	Cellulose synthase catalytic subunit [UDP-forming]	TH2	HKNPDCAD_01952	HKNPDCAD_01952	
TH2_HKNPDCAD_01953	TH2_contig_2	1628641	1629069	429	-	bcsA_3	Cellulose synthase catalytic subunit [UDP-forming]	TH2	HKNPDCAD_01953	HKNPDCAD_01953	
TH2_HKNPDCAD_01954	TH2_contig_2	1629066	1629821	756	-	bcsQ	Cellulose biosynthesis protein BcsQ	TH2	HKNPDCAD_01954	HKNPDCAD_01954	
TH2_HKNPDCAD_01955	TH2_contig_2	1629829	1630017	189	-	yhjR	Protein YhjR	TH2	HKNPDCAD_01955	HKNPDCAD_01955	
TH2_HKNPDCAD_01956	TH2_contig_2	1630302	1631861	1560	+	bcsE	Cyclic di-GMP binding protein BcsE	TH2	HKNPDCAD_01956	HKNPDCAD_01956	
TH2_HKNPDCAD_01957	TH2_contig_2	1631858	1632049	192	+	hypothetical protein	hypothetical protein	TH2	HKNPDCAD_01957	HKNPDCAD_01957	
TH2_HKNPDCAD_01958	TH2_contig_2	1632046	1633725	1680	+	bcsG	Cellulose biosynthesis protein BcsG	TH2	HKNPDCAD_01958	HKNPDCAD_01958	
TH2_HKNPDCAD_01959	TH2_contig_2	1633811	1633918	108	-	ldrD	Small toxic polypeptide LdrD	TH2	HKNPDCAD_01959	HKNPDCAD_01959	
TH2_HKNPDCAD_01960	TH2_contig_2	1634629	1635666	1038	+	yhjV	Inner membrane transport protein YhjV	TH2	HKNPDCAD_01960	HKNPDCAD_01960	
TH2_HKNPDCAD_01961	TH2_contig_2	1635696	1636700	1005	-	oppF	Oligopeptide transport ATP-binding protein OppF	TH2	HKNPDCAD_01961	HKNPDCAD_01961	
TH2_HKNPDCAD_01962	TH2_contig_2	1636697	1637680	984	-	dppD	Dipeptide transport ATP-binding protein DppD	TH2	HKNPDCAD_01962	HKNPDCAD_01962	
TH2_HKNPDCAD_01963	TH2_contig_2	1637691	1638593	903	-	dppC	Dipeptide transport system permease protein DppC	TH2	HKNPDCAD_01963	HKNPDCAD_01963	
TH2_HKNPDCAD_01964	TH2_contig_2	1638603	1639622	1020	-	dppB	Dipeptide transport system permease protein DppB	TH2	HKNPDCAD_01964	HKNPDCAD_01964	
TH2_HKNPDCAD_01965	TH2_contig_2	1639640	1639867	228	+	hypothetical protein	hypothetical protein	TH2	HKNPDCAD_01965	HKNPDCAD_01965	
TH2_HKNPDCAD_01966	TH2_contig_2	1639930	1641537	1608	-	dppA	Periplasmic dipeptide transport protein	TH2	HKNPDCAD_01966	HKNPDCAD_01966	
TH2_HKNPDCAD_01968	TH2_contig_2	1642617	1643411	795	-	eptB_1	Kdo(2)-lipid A phosphoethanolamine 7''-transferase	TH2	HKNPDCAD_01968	HKNPDCAD_01968	
TH2_HKNPDCAD_01969	TH2_contig_2	1643360	1644307	948	-	eptB_2	Kdo(2)-lipid A phosphoethanolamine 7''-transferase	TH2	HKNPDCAD_01969	HKNPDCAD_01969	
TH2_HKNPDCAD_01970	TH2_contig_2	1644631	1645839	1209	-	yhjX	putative MFS-type transporter YhjX	TH2	HKNPDCAD_01970	HKNPDCAD_01970	
TH2_HKNPDCAD_01971	TH2_contig_2	1646067	1646831	765	-	hypothetical protein	hypothetical protein	TH2	HKNPDCAD_01971	HKNPDCAD_01971	
TH2_HKNPDCAD_01972	TH2_contig_2	1646922	1647119	198	+	tag_1	DNA-3-methyladenine glycosylase 1	TH2	HKNPDCAD_01972	HKNPDCAD_01972	
TH2_HKNPDCAD_01973	TH2_contig_2	1647131	1647484	354	+	tag_2	DNA-3-methyladenine glycosylase 1	TH2	HKNPDCAD_01973	HKNPDCAD_01973	
TH2_HKNPDCAD_01974	TH2_contig_2	1647481	1647921	441	+	yiaC	Peptidyl-lysine N-acetyltransferase YiaC	TH2	HKNPDCAD_01974	HKNPDCAD_01974	
TH2_HKNPDCAD_01975	TH2_contig_2	1647890	1650223	2334	-	bisC	Biotin sulfoxide reductase	TH2	HKNPDCAD_01975	HKNPDCAD_01975	
TH2_HKNPDCAD_01976	TH2_contig_2	1650376	1651035	660	+	yiaD	putative lipoprotein YiaD	TH2	HKNPDCAD_01976	HKNPDCAD_01976	
TH2_HKNPDCAD_01977	TH2_contig_2	1651139	1652113	975	+	ghrB	Glyoxylate/hydroxypyruvate reductase B	TH2	HKNPDCAD_01977	HKNPDCAD_01977	
TH2_HKNPDCAD_01978	TH2_contig_2	1652163	1652873	711	-	hypothetical protein	hypothetical protein	TH2	HKNPDCAD_01978	HKNPDCAD_01978	
TH2_HKNPDCAD_01979	TH2_contig_2	1653307	1653597	291	+	hypothetical protein	hypothetical protein	TH2	HKNPDCAD_01979	HKNPDCAD_01979	
TH2_HKNPDCAD_01980	TH2_contig_2	1653878	1654090	213	+	cspA	Cold shock protein CspA	TH2	HKNPDCAD_01980	HKNPDCAD_01980	
TH2_HKNPDCAD_01981	TH2_contig_2	1654277	1654429	153	-	hokA	Protein HokA	TH2	HKNPDCAD_01981	HKNPDCAD_01981	
TH2_HKNPDCAD_01982	TH2_contig_2	1654509	1655030	522	+	IS3 family transposase IS103	IS3 family transposase IS103	TH2	HKNPDCAD_01982	HKNPDCAD_01982	
TH2_HKNPDCAD_01983	TH2_contig_2	1655027	1655878	852	+	IS3 family transposase IS150	IS3 family transposase IS150	TH2	HKNPDCAD_01983	HKNPDCAD_01983	
TH2_HKNPDCAD_01984	TH2_contig_2	1656156	1658225	2070	-	glyS	Glycine--tRNA ligase beta subunit	TH2	HKNPDCAD_01984	HKNPDCAD_01984	
TH2_HKNPDCAD_01985	TH2_contig_2	1658235	1659146	912	-	glyQ	Glycine--tRNA ligase alpha subunit	TH2	HKNPDCAD_01985	HKNPDCAD_01985	
TH2_HKNPDCAD_01986	TH2_contig_2	1659241	1659540	300	-	hypothetical protein	hypothetical protein	TH2	HKNPDCAD_01986	HKNPDCAD_01986	
TH2_HKNPDCAD_01987	TH2_contig_2	1659715	1660470	756	+	wecH	O-acetyltransferase WecH	TH2	HKNPDCAD_01987	HKNPDCAD_01987	
TH2_HKNPDCAD_01988	TH2_contig_2	1660751	1661188	438	-	yiaA	Inner membrane protein YiaA	TH2	HKNPDCAD_01988	HKNPDCAD_01988	
TH2_HKNPDCAD_01989	TH2_contig_2	1661234	1661575	342	-	yiaB	Inner membrane protein YiaB	TH2	HKNPDCAD_01989	HKNPDCAD_01989	
TH2_HKNPDCAD_01990	TH2_contig_2	1661845	1662144	300	-	xylB_2	Xylulose kinase	TH2	HKNPDCAD_01990	HKNPDCAD_01990	
TH2_HKNPDCAD_01991	TH2_contig_2	1662141	1663196	1056	-	xylB_3	Xylulose kinase	TH2	HKNPDCAD_01991	HKNPDCAD_01991	
TH2_HKNPDCAD_01992	TH2_contig_2	1663268	1664590	1323	-	xylA	Xylose isomerase	TH2	HKNPDCAD_01992	HKNPDCAD_01992	
TH2_HKNPDCAD_01993	TH2_contig_2	1664956	1665948	993	+	xylF	D-xylose-binding periplasmic protein	TH2	HKNPDCAD_01993	HKNPDCAD_01993	
TH2_HKNPDCAD_01994	TH2_contig_2	1666026	1667567	1542	+	xylG	Xylose import ATP-binding protein XylG	TH2	HKNPDCAD_01994	HKNPDCAD_01994	
TH2_HKNPDCAD_01995	TH2_contig_2	1667545	1668726	1182	+	xylH	Xylose transport system permease protein XylH	TH2	HKNPDCAD_01995	HKNPDCAD_01995	
TH2_HKNPDCAD_01996	TH2_contig_2	1668804	1669982	1179	+	xylR	Xylose operon regulatory protein	TH2	HKNPDCAD_01996	HKNPDCAD_01996	
TH2_HKNPDCAD_01997	TH2_contig_2	1670090	1670914	825	-	hypothetical protein	hypothetical protein	TH2	HKNPDCAD_01997	HKNPDCAD_01997	
TH2_HKNPDCAD_01998	TH2_contig_2	1671234	1672556	1323	+	hypothetical protein	hypothetical protein	TH2	HKNPDCAD_01998	HKNPDCAD_01998	
TH2_HKNPDCAD_01999	TH2_contig_2	1672681	1673262	582	+	malS	Periplasmic alpha-amylase	TH2	HKNPDCAD_01999	HKNPDCAD_01999	
TH2_HKNPDCAD_02000	TH2_contig_2	1673440	1674693	1254	+	avtA	Valine--pyruvate aminotransferase	TH2	HKNPDCAD_02000	HKNPDCAD_02000	
TH2_HKNPDCAD_02001	TH2_contig_2	1674844	1675317	474	-	hyfA_4	Hydrogenase-4 component A	TH2	HKNPDCAD_02001	HKNPDCAD_02001	
TH2_HKNPDCAD_02002	TH2_contig_2	1675499	1676230	732	-	yiaJ	DNA-binding transcriptional repressor YiaJ	TH2	HKNPDCAD_02002	HKNPDCAD_02002	
TH2_HKNPDCAD_02003	TH2_contig_2	1676465	1677463	999	+	dlgD	2,3-diketo-L-gulonate reductase	TH2	HKNPDCAD_02003	HKNPDCAD_02003	
TH2_HKNPDCAD_02004	TH2_contig_2	1677475	1677942	468	+	yhcH_2	putative protein YhcH	TH2	HKNPDCAD_02004	HKNPDCAD_02004	
TH2_HKNPDCAD_02005	TH2_contig_2	1678060	1678533	474	+	yiaM	2,3-diketo-L-gulonate TRAP transporter small permease protein YiaM	TH2	HKNPDCAD_02005	HKNPDCAD_02005	
TH2_HKNPDCAD_02006	TH2_contig_2	1678536	1679072	537	+	hypothetical protein	hypothetical protein	TH2	HKNPDCAD_02006	HKNPDCAD_02006	
TH2_HKNPDCAD_02007	TH2_contig_2	1679048	1679812	765	+	dctM_1	C4-dicarboxylate TRAP transporter large permease protein DctM	TH2	HKNPDCAD_02007	HKNPDCAD_02007	
TH2_HKNPDCAD_02008	TH2_contig_2	1679825	1680811	987	+	yiaO	2,3-diketo-L-gulonate-binding periplasmic protein YiaO	TH2	HKNPDCAD_02008	HKNPDCAD_02008	
TH2_HKNPDCAD_02009	TH2_contig_2	1680815	1682311	1497	+	lyx	L-xylulose/3-keto-L-gulonate kinase	TH2	HKNPDCAD_02009	HKNPDCAD_02009	
TH2_HKNPDCAD_02010	TH2_contig_2	1682308	1682970	663	+	sgbH	3-keto-L-gulonate-6-phosphate decarboxylase SgbH	TH2	HKNPDCAD_02010	HKNPDCAD_02010	
TH2_HKNPDCAD_02011	TH2_contig_2	1682963	1683823	861	+	ulaE_1	L-ribulose-5-phosphate 3-epimerase UlaE	TH2	HKNPDCAD_02011	HKNPDCAD_02011	
TH2_HKNPDCAD_02012	TH2_contig_2	1683817	1684512	696	+	sgbE	L-ribulose-5-phosphate 4-epimerase SgbE	TH2	HKNPDCAD_02012	HKNPDCAD_02012	
TH2_HKNPDCAD_02013	TH2_contig_2	1684859	1685599	741	-	mipA_1	MltA-interacting protein	TH2	HKNPDCAD_02013	HKNPDCAD_02013	
TH2_HKNPDCAD_02014	TH2_contig_2	1685647	1686687	1041	+	hypothetical protein	hypothetical protein	TH2	HKNPDCAD_02014	HKNPDCAD_02014	
TH2_HKNPDCAD_02015	TH2_contig_2	1686684	1687820	1137	-	yiaV	Inner membrane protein YiaV	TH2	HKNPDCAD_02015	HKNPDCAD_02015	
TH2_HKNPDCAD_02016	TH2_contig_2	1687826	1688149	324	-	yiaW_1	Inner membrane protein YiaW	TH2	HKNPDCAD_02016	HKNPDCAD_02016	
TH2_HKNPDCAD_02017	TH2_contig_2	1688263	1688475	213	+	hypothetical protein	hypothetical protein	TH2	HKNPDCAD_02017	HKNPDCAD_02017	
TH2_HKNPDCAD_02018	TH2_contig_2	1688694	1690232	1539	-	aldB	Aldehyde dehydrogenase B	TH2	HKNPDCAD_02018	HKNPDCAD_02018	
TH2_HKNPDCAD_02019	TH2_contig_2	1690397	1691548	1152	-	adhB	Alcohol dehydrogenase 2	TH2	HKNPDCAD_02019	HKNPDCAD_02019	
TH2_HKNPDCAD_02020	TH2_contig_2	1691738	1693477	1740	-	selB_1	Selenocysteine-specific elongation factor	TH2	HKNPDCAD_02020	HKNPDCAD_02020	
TH2_HKNPDCAD_02021	TH2_contig_2	1693474	1693581	108	-	selB_2	Selenocysteine-specific elongation factor	TH2	HKNPDCAD_02021	HKNPDCAD_02021	
TH2_HKNPDCAD_02022	TH2_contig_2	1693578	1694492	915	-	selA_1	L-seryl-tRNA(Sec) selenium transferase	TH2	HKNPDCAD_02022	HKNPDCAD_02022	
TH2_HKNPDCAD_02023	TH2_contig_2	1694492	1694968	477	-	selA_2	L-seryl-tRNA(Sec) selenium transferase	TH2	HKNPDCAD_02023	HKNPDCAD_02023	
TH2_HKNPDCAD_02024	TH2_contig_2	1695066	1695674	609	-	yibF	putative GST-like protein YibF	TH2	HKNPDCAD_02024	HKNPDCAD_02024	
TH2_HKNPDCAD_02025	TH2_contig_2	1696081	1696350	270	+	rhsC_2	Protein RhsC	TH2	HKNPDCAD_02025	HKNPDCAD_02025	
TH2_HKNPDCAD_02026	TH2_contig_2	1696489	1697430	942	+	rhsC_3	Protein RhsC	TH2	HKNPDCAD_02026	HKNPDCAD_02026	
TH2_HKNPDCAD_02027	TH2_contig_2	1697876	1698619	744	+	yibA	Protein YibA	TH2	HKNPDCAD_02027	HKNPDCAD_02027	
TH2_HKNPDCAD_02028	TH2_contig_2	1698765	1699703	939	+	hypothetical protein	hypothetical protein	TH2	HKNPDCAD_02028	HKNPDCAD_02028	
TH2_HKNPDCAD_02029	TH2_contig_2	1699715	1700176	462	+	hypothetical protein	hypothetical protein	TH2	HKNPDCAD_02029	HKNPDCAD_02029	
TH2_HKNPDCAD_02030	TH2_contig_2	1701779	1702915	1137	-	yibH	Inner membrane protein YibH	TH2	HKNPDCAD_02030	HKNPDCAD_02030	
TH2_HKNPDCAD_02031	TH2_contig_2	1702918	1703280	363	-	yiaW_2	Inner membrane protein YiaW	TH2	HKNPDCAD_02031	HKNPDCAD_02031	
TH2_HKNPDCAD_02032	TH2_contig_2	1703817	1705730	1914	+	mtlA_2	PTS system mannitol-specific EIICBA component	TH2	HKNPDCAD_02032	HKNPDCAD_02032	
TH2_HKNPDCAD_02033	TH2_contig_2	1705960	1707108	1149	+	mtlD	Mannitol-1-phosphate 5-dehydrogenase	TH2	HKNPDCAD_02033	HKNPDCAD_02033	
TH2_HKNPDCAD_02034	TH2_contig_2	1707108	1707863	756	+	hypothetical protein	hypothetical protein	TH2	HKNPDCAD_02034	HKNPDCAD_02034	
TH2_HKNPDCAD_02035	TH2_contig_2	1708200	1708562	363	+	yibL	putative protein YibL	TH2	HKNPDCAD_02035	HKNPDCAD_02035	
TH2_HKNPDCAD_02036	TH2_contig_2	1708933	1710588	1656	+	lldP	L-lactate permease	TH2	HKNPDCAD_02036	HKNPDCAD_02036	
TH2_HKNPDCAD_02037	TH2_contig_2	1710588	1711364	777	+	lldR_2	Putative L-lactate dehydrogenase operon regulatory protein	TH2	HKNPDCAD_02037	HKNPDCAD_02037	
TH2_HKNPDCAD_02038	TH2_contig_2	1711361	1712551	1191	+	lldD	L-lactate dehydrogenase	TH2	HKNPDCAD_02038	HKNPDCAD_02038	
TH2_HKNPDCAD_02039	TH2_contig_2	1712749	1713222	474	+	trmL	tRNA (cytidine(34)-2'-O)-methyltransferase	TH2	HKNPDCAD_02039	HKNPDCAD_02039	
TH2_HKNPDCAD_02040	TH2_contig_2	1713275	1714096	822	-	cysE_2	Serine acetyltransferase	TH2	HKNPDCAD_02040	HKNPDCAD_02040	
TH2_HKNPDCAD_02041	TH2_contig_2	1714176	1715195	1020	-	gpsA	Glycerol-3-phosphate dehydrogenase [NAD(P)+]	TH2	HKNPDCAD_02041	HKNPDCAD_02041	
TH2_HKNPDCAD_02042	TH2_contig_2	1715195	1715662	468	-	secB	Protein-export protein SecB	TH2	HKNPDCAD_02042	HKNPDCAD_02042	
TH2_HKNPDCAD_02043	TH2_contig_2	1715725	1715976	252	-	grxC	Glutaredoxin 3	TH2	HKNPDCAD_02043	HKNPDCAD_02043	
TH2_HKNPDCAD_02044	TH2_contig_2	1716118	1716549	432	-	yibN	putative protein YibN	TH2	HKNPDCAD_02044	HKNPDCAD_02044	
TH2_HKNPDCAD_02045	TH2_contig_2	1716793	1718337	1545	+	gpmI	2,3-bisphosphoglycerate-independent phosphoglycerate mutase	TH2	HKNPDCAD_02045	HKNPDCAD_02045	
TH2_HKNPDCAD_02046	TH2_contig_2	1718371	1719630	1260	+	envC	Murein hydrolase activator EnvC	TH2	HKNPDCAD_02046	HKNPDCAD_02046	
TH2_HKNPDCAD_02047	TH2_contig_2	1719768	1720592	825	+	hypothetical protein	hypothetical protein	TH2	HKNPDCAD_02047	HKNPDCAD_02047	
TH2_HKNPDCAD_02048	TH2_contig_2	1720579	1721613	1035	-	arnC_3	Undecaprenyl-phosphate 4-deoxy-4-formamido-L-arabinose transferase	TH2	HKNPDCAD_02048	HKNPDCAD_02048	
TH2_HKNPDCAD_02049	TH2_contig_2	1721852	1722877	1026	-	tdh_2	L-threonine 3-dehydrogenase	TH2	HKNPDCAD_02049	HKNPDCAD_02049	
TH2_HKNPDCAD_02050	TH2_contig_2	1722887	1724083	1197	-	kbl	2-amino-3-ketobutyrate coenzyme A ligase	TH2	HKNPDCAD_02050	HKNPDCAD_02050	
TH2_HKNPDCAD_02051	TH2_contig_2	1724297	1725229	933	+	hldD	ADP-L-glycero-D-manno-heptose-6-epimerase	TH2	HKNPDCAD_02051	HKNPDCAD_02051	
TH2_HKNPDCAD_02052	TH2_contig_2	1725239	1726285	1047	+	rfaF	ADP-heptose--LPS heptosyltransferase 2	TH2	HKNPDCAD_02052	HKNPDCAD_02052	
TH2_HKNPDCAD_02053	TH2_contig_2	1726289	1727248	960	+	rfaC	Lipopolysaccharide heptosyltransferase 1	TH2	HKNPDCAD_02053	HKNPDCAD_02053	
TH2_HKNPDCAD_02054	TH2_contig_2	1727258	1728517	1260	+	rfaL	O-antigen ligase	TH2	HKNPDCAD_02054	HKNPDCAD_02054	
TH2_HKNPDCAD_02055	TH2_contig_2	1728549	1729622	1074	-	hypothetical protein	hypothetical protein	TH2	HKNPDCAD_02055	HKNPDCAD_02055	
TH2_HKNPDCAD_02056	TH2_contig_2	1729655	1730506	852	-	hypothetical protein	hypothetical protein	TH2	HKNPDCAD_02056	HKNPDCAD_02056	
TH2_HKNPDCAD_02057	TH2_contig_2	1730576	1731274	699	-	rfaY	Lipopolysaccharide core heptose(II) kinase RfaY	TH2	HKNPDCAD_02057	HKNPDCAD_02057	
TH2_HKNPDCAD_02058	TH2_contig_2	1731363	1732307	945	-	gspA_2	General stress protein A	TH2	HKNPDCAD_02058	HKNPDCAD_02058	
TH2_HKNPDCAD_02059	TH2_contig_2	1732347	1733366	1020	-	hypothetical protein	hypothetical protein	TH2	HKNPDCAD_02059	HKNPDCAD_02059	
TH2_HKNPDCAD_02060	TH2_contig_2	1733366	1734445	1080	-	rfaB	Lipopolysaccharide 1,6-galactosyltransferase	TH2	HKNPDCAD_02060	HKNPDCAD_02060	
TH2_HKNPDCAD_02061	TH2_contig_2	1734489	1735424	936	-	hypothetical protein	hypothetical protein	TH2	HKNPDCAD_02061	HKNPDCAD_02061	
TH2_HKNPDCAD_02062	TH2_contig_2	1735461	1736258	798	-	rfaP	Lipopolysaccharide core heptose(I) kinase RfaP	TH2	HKNPDCAD_02062	HKNPDCAD_02062	
TH2_HKNPDCAD_02063	TH2_contig_2	1736251	1737375	1125	-	rfaG	Lipopolysaccharide core biosynthesis protein RfaG	TH2	HKNPDCAD_02063	HKNPDCAD_02063	
TH2_HKNPDCAD_02064	TH2_contig_2	1737372	1738442	1071	-	rfaQ	Lipopolysaccharide core heptosyltransferase RfaQ	TH2	HKNPDCAD_02064	HKNPDCAD_02064	
TH2_HKNPDCAD_02065	TH2_contig_2	1738847	1739449	603	+	waaA_1	3-deoxy-D-manno-octulosonic acid transferase	TH2	HKNPDCAD_02065	HKNPDCAD_02065	
TH2_HKNPDCAD_02066	TH2_contig_2	1739509	1740123	615	+	waaA_2	3-deoxy-D-manno-octulosonic acid transferase	TH2	HKNPDCAD_02066	HKNPDCAD_02066	
TH2_HKNPDCAD_02067	TH2_contig_2	1740131	1740610	480	+	coaD	Phosphopantetheine adenylyltransferase	TH2	HKNPDCAD_02067	HKNPDCAD_02067	
TH2_HKNPDCAD_02068	TH2_contig_2	1740649	1740984	336	-	mutM_1	Formamidopyrimidine-DNA glycosylase	TH2	HKNPDCAD_02068	HKNPDCAD_02068	
TH2_HKNPDCAD_02069	TH2_contig_2	1740984	1741457	474	-	mutM_2	Formamidopyrimidine-DNA glycosylase	TH2	HKNPDCAD_02069	HKNPDCAD_02069	
TH2_HKNPDCAD_02070	TH2_contig_2	1741555	1741722	168	-	rpmG	50S ribosomal protein L33	TH2	HKNPDCAD_02070	HKNPDCAD_02070	
TH2_HKNPDCAD_02071	TH2_contig_2	1741743	1741979	237	-	rpmB	50S ribosomal protein L28	TH2	HKNPDCAD_02071	HKNPDCAD_02071	
TH2_HKNPDCAD_02072	TH2_contig_2	1742196	1742864	669	-	hypothetical protein	hypothetical protein	TH2	HKNPDCAD_02072	HKNPDCAD_02072	
TH2_HKNPDCAD_02073	TH2_contig_2	1743036	1744256	1221	+	coaBC	Coenzyme A biosynthesis bifunctional protein CoaBC	TH2	HKNPDCAD_02073	HKNPDCAD_02073	
TH2_HKNPDCAD_02074	TH2_contig_2	1744234	1744692	459	+	dut	Deoxyuridine 5'-triphosphate nucleotidohydrolase	TH2	HKNPDCAD_02074	HKNPDCAD_02074	
TH2_HKNPDCAD_02075	TH2_contig_2	1744799	1745395	597	+	slmA	Nucleoid occlusion factor SlmA	TH2	HKNPDCAD_02075	HKNPDCAD_02075	
TH2_HKNPDCAD_02076	TH2_contig_2	1745432	1746073	642	-	pyrE	Orotate phosphoribosyltransferase	TH2	HKNPDCAD_02076	HKNPDCAD_02076	
TH2_HKNPDCAD_02077	TH2_contig_2	1746139	1746855	717	-	rph	Ribonuclease PH	TH2	HKNPDCAD_02077	HKNPDCAD_02077	
TH2_HKNPDCAD_02078	TH2_contig_2	1747029	1747844	816	+	hypothetical protein	hypothetical protein	TH2	HKNPDCAD_02078	HKNPDCAD_02078	
TH2_HKNPDCAD_02079	TH2_contig_2	1748065	1748889	825	+	hypothetical protein	hypothetical protein	TH2	HKNPDCAD_02079	HKNPDCAD_02079	
TH2_HKNPDCAD_02080	TH2_contig_2	1749181	1749798	618	+	hypothetical protein	hypothetical protein	TH2	HKNPDCAD_02080	HKNPDCAD_02080	
TH2_HKNPDCAD_02081	TH2_contig_2	1749795	1751477	1683	-	ligB	DNA ligase B	TH2	HKNPDCAD_02081	HKNPDCAD_02081	
TH2_HKNPDCAD_02082	TH2_contig_2	1751735	1752358	624	+	gmk	Guanylate kinase	TH2	HKNPDCAD_02082	HKNPDCAD_02082	
TH2_HKNPDCAD_02083	TH2_contig_2	1752413	1752688	276	+	rpoZ	DNA-directed RNA polymerase subunit omega	TH2	HKNPDCAD_02083	HKNPDCAD_02083	
TH2_HKNPDCAD_02084	TH2_contig_2	1752707	1754815	2109	+	spoT	Bifunctional (p)ppGpp synthase/hydrolase SpoT	TH2	HKNPDCAD_02084	HKNPDCAD_02084	
TH2_HKNPDCAD_02085	TH2_contig_2	1754822	1755511	690	+	trmH_1	tRNA (guanosine(18)-2'-O)-methyltransferase	TH2	HKNPDCAD_02085	HKNPDCAD_02085	
TH2_HKNPDCAD_02086	TH2_contig_2	1755517	1757598	2082	+	recG	ATP-dependent DNA helicase RecG	TH2	HKNPDCAD_02086	HKNPDCAD_02086	
TH2_HKNPDCAD_02087	TH2_contig_2	1757767	1758807	1041	-	gltS_1	Sodium/glutamate symporter	TH2	HKNPDCAD_02087	HKNPDCAD_02087	
TH2_HKNPDCAD_02088	TH2_contig_2	1758762	1758971	210	-	gltS_2	Sodium/glutamate symporter	TH2	HKNPDCAD_02088	HKNPDCAD_02088	
TH2_HKNPDCAD_02089	TH2_contig_2	1759251	1760642	1392	+	xanP	Xanthine permease XanP	TH2	HKNPDCAD_02089	HKNPDCAD_02089	
TH2_HKNPDCAD_02090	TH2_contig_2	1760763	1761809	1047	+	hypothetical protein	hypothetical protein	TH2	HKNPDCAD_02090	HKNPDCAD_02090	
TH2_HKNPDCAD_02091	TH2_contig_2	1761764	1762471	708	+	hypothetical protein	hypothetical protein	TH2	HKNPDCAD_02091	HKNPDCAD_02091	
TH2_HKNPDCAD_02092	TH2_contig_2	1762524	1764722	2199	-	yicI	Alpha-xylosidase	TH2	HKNPDCAD_02092	HKNPDCAD_02092	
TH2_HKNPDCAD_02093	TH2_contig_2	1764851	1766233	1383	-	yicJ	Inner membrane symporter YicJ	TH2	HKNPDCAD_02093	HKNPDCAD_02093	
TH2_HKNPDCAD_02095	TH2_contig_2	1766920	1768104	1185	+	intS	Prophage integrase IntS	TH2	HKNPDCAD_02095	HKNPDCAD_02095	
TH2_HKNPDCAD_02096	TH2_contig_2	1768760	1769053	294	+	IS1 family transposase IS1X2	IS1 family transposase IS1X2	TH2	HKNPDCAD_02096	HKNPDCAD_02096	
TH2_HKNPDCAD_02097	TH2_contig_2	1769355	1769630	276	+	IS1 family transposase IS1A	IS1 family transposase IS1A	TH2	HKNPDCAD_02097	HKNPDCAD_02097	
TH2_HKNPDCAD_02098	TH2_contig_2	1769675	1770052	378	+	IS1 family transposase IS1A	IS1 family transposase IS1A	TH2	HKNPDCAD_02098	HKNPDCAD_02098	
TH2_HKNPDCAD_02099	TH2_contig_2	1770559	1771383	825	+	hypothetical protein	hypothetical protein	TH2	HKNPDCAD_02099	HKNPDCAD_02099	
TH2_HKNPDCAD_02100	TH2_contig_2	1771428	1774055	2628	+	hypothetical protein	hypothetical protein	TH2	HKNPDCAD_02100	HKNPDCAD_02100	
TH2_HKNPDCAD_02101	TH2_contig_2	1774203	1774580	378	-	IS1 family transposase IS1A	IS1 family transposase IS1A	TH2	HKNPDCAD_02101	HKNPDCAD_02101	
TH2_HKNPDCAD_02102	TH2_contig_2	1774625	1774900	276	-	IS1 family transposase IS1A	IS1 family transposase IS1A	TH2	HKNPDCAD_02102	HKNPDCAD_02102	
TH2_HKNPDCAD_02103	TH2_contig_2	1775054	1775368	315	+	setC	Sugar efflux transporter C	TH2	HKNPDCAD_02103	HKNPDCAD_02103	
TH2_HKNPDCAD_02104	TH2_contig_2	1775479	1776402	924	+	yicL	putative inner membrane transporter YicL	TH2	HKNPDCAD_02104	HKNPDCAD_02104	
TH2_HKNPDCAD_02105	TH2_contig_2	1776406	1777224	819	-	nlpA	Lipoprotein 28	TH2	HKNPDCAD_02105	HKNPDCAD_02105	
TH2_HKNPDCAD_02106	TH2_contig_2	1777446	1777739	294	+	hypothetical protein	hypothetical protein	TH2	HKNPDCAD_02106	HKNPDCAD_02106	
TH2_HKNPDCAD_02107	TH2_contig_2	1777780	1779018	1239	-	nepI	Purine ribonucleoside efflux pump NepI	TH2	HKNPDCAD_02107	HKNPDCAD_02107	
TH2_HKNPDCAD_02108	TH2_contig_2	1779181	1779633	453	-	hypothetical protein	hypothetical protein	TH2	HKNPDCAD_02108	HKNPDCAD_02108	
TH2_HKNPDCAD_02109	TH2_contig_2	1779686	1781020	1335	-	adeQ	Adenine permease AdeQ	TH2	HKNPDCAD_02109	HKNPDCAD_02109	
TH2_HKNPDCAD_02110	TH2_contig_2	1781195	1782961	1767	+	ade	Adenine deaminase	TH2	HKNPDCAD_02110	HKNPDCAD_02110	
TH2_HKNPDCAD_02111	TH2_contig_2	1783017	1784396	1380	-	uhpT	Hexose-6-phosphate:phosphate antiporter	TH2	HKNPDCAD_02111	HKNPDCAD_02111	
TH2_HKNPDCAD_02112	TH2_contig_2	1784534	1785148	615	-	uhpC_1	Membrane sensor protein UhpC	TH2	HKNPDCAD_02112	HKNPDCAD_02112	
TH2_HKNPDCAD_02113	TH2_contig_2	1785217	1785852	636	-	uhpC_2	Membrane sensor protein UhpC	TH2	HKNPDCAD_02113	HKNPDCAD_02113	
TH2_HKNPDCAD_02114	TH2_contig_2	1785862	1787364	1503	-	uhpB	Signal transduction histidine-protein kinase/phosphatase UhpB	TH2	HKNPDCAD_02114	HKNPDCAD_02114	
TH2_HKNPDCAD_02115	TH2_contig_2	1787364	1787954	591	-	uhpA	Transcriptional regulatory protein UhpA	TH2	HKNPDCAD_02115	HKNPDCAD_02115	
TH2_HKNPDCAD_02116	TH2_contig_2	1788029	1788319	291	-	ilvN	Acetolactate synthase isozyme 1 small subunit	TH2	HKNPDCAD_02116	HKNPDCAD_02116	
TH2_HKNPDCAD_02117	TH2_contig_2	1788323	1790011	1689	-	ilvB	Acetolactate synthase isozyme 1 large subunit	TH2	HKNPDCAD_02117	HKNPDCAD_02117	
TH2_HKNPDCAD_02118	TH2_contig_2	1790780	1790869	90	+	tisB	Small toxic protein TisB	TH2	HKNPDCAD_02118	HKNPDCAD_02118	
TH2_HKNPDCAD_02119	TH2_contig_2	1791149	1792333	1185	+	emrD	Multidrug resistance protein D	TH2	HKNPDCAD_02119	HKNPDCAD_02119	
TH2_HKNPDCAD_02120	TH2_contig_2	1792341	1792838	498	-	hypothetical protein	hypothetical protein	TH2	HKNPDCAD_02120	HKNPDCAD_02120	
TH2_HKNPDCAD_02121	TH2_contig_2	1792939	1793196	258	-	yidG	Inner membrane protein YidG	TH2	HKNPDCAD_02121	HKNPDCAD_02121	
TH2_HKNPDCAD_02122	TH2_contig_2	1793186	1793533	348	-	yidH	Inner membrane protein YidH	TH2	HKNPDCAD_02122	HKNPDCAD_02122	
TH2_HKNPDCAD_02123	TH2_contig_2	1793703	1794092	390	-	IS200/IS605 family transposase IS609	IS200/IS605 family transposase IS609	TH2	HKNPDCAD_02123	HKNPDCAD_02123	
TH2_HKNPDCAD_02124	TH2_contig_2	1794288	1794968	681	-	IS200/IS605 family transposase IS609	IS200/IS605 family transposase IS609	TH2	HKNPDCAD_02124	HKNPDCAD_02124	
TH2_HKNPDCAD_02125	TH2_contig_2	1795480	1795941	462	-	aglB_1	6-phospho-alpha-glucosidase	TH2	HKNPDCAD_02125	HKNPDCAD_02125	
TH2_HKNPDCAD_02126	TH2_contig_2	1796010	1796801	792	-	aglB_2	6-phospho-alpha-glucosidase	TH2	HKNPDCAD_02126	HKNPDCAD_02126	
TH2_HKNPDCAD_02127	TH2_contig_2	1796899	1798416	1518	-	hypothetical protein	hypothetical protein	TH2	HKNPDCAD_02127	HKNPDCAD_02127	
TH2_HKNPDCAD_02128	TH2_contig_2	1798741	1799340	600	+	mngR_1	Mannosyl-D-glycerate transport/metabolism system repressor MngR	TH2	HKNPDCAD_02128	HKNPDCAD_02128	
TH2_HKNPDCAD_02129	TH2_contig_2	1799276	1800997	1722	-	aspT_1	Aspartate/alanine antiporter	TH2	HKNPDCAD_02129	HKNPDCAD_02129	
TH2_HKNPDCAD_02130	TH2_contig_2	1801193	1801621	429	-	ibpB	Small heat shock protein IbpB	TH2	HKNPDCAD_02130	HKNPDCAD_02130	
TH2_HKNPDCAD_02131	TH2_contig_2	1801733	1802146	414	-	ibpA	Small heat shock protein IbpA	TH2	HKNPDCAD_02131	HKNPDCAD_02131	
TH2_HKNPDCAD_02132	TH2_contig_2	1802483	1802782	300	+	hypothetical protein	hypothetical protein	TH2	HKNPDCAD_02132	HKNPDCAD_02132	
TH2_HKNPDCAD_02133	TH2_contig_2	1802784	1803998	1215	-	hypothetical protein	hypothetical protein	TH2	HKNPDCAD_02133	HKNPDCAD_02133	
TH2_HKNPDCAD_02134	TH2_contig_2	1804099	1805163	1065	+	cbrA	Protein CbrA	TH2	HKNPDCAD_02134	HKNPDCAD_02134	
TH2_HKNPDCAD_02135	TH2_contig_2	1805160	1806452	1293	-	dgoT	D-galactonate transporter	TH2	HKNPDCAD_02135	HKNPDCAD_02135	
TH2_HKNPDCAD_02136	TH2_contig_2	1806572	1807720	1149	-	dgoD	D-galactonate dehydratase	TH2	HKNPDCAD_02136	HKNPDCAD_02136	
TH2_HKNPDCAD_02137	TH2_contig_2	1807717	1808334	618	-	dgoA	2-dehydro-3-deoxy-6-phosphogalactonate aldolase	TH2	HKNPDCAD_02137	HKNPDCAD_02137	
TH2_HKNPDCAD_02138	TH2_contig_2	1808318	1809196	879	-	dgoK1	putative 2-dehydro-3-deoxygalactonokinase DgoK1	TH2	HKNPDCAD_02138	HKNPDCAD_02138	
TH2_HKNPDCAD_02139	TH2_contig_2	1809193	1809882	690	-	lutR	HTH-type transcriptional regulator LutR	TH2	HKNPDCAD_02139	HKNPDCAD_02139	
TH2_HKNPDCAD_02140	TH2_contig_2	1810160	1810816	657	+	hypothetical protein	hypothetical protein	TH2	HKNPDCAD_02140	HKNPDCAD_02140	
TH2_HKNPDCAD_02141	TH2_contig_2	1810862	1811674	813	-	yidA	Sugar phosphatase YidA	TH2	HKNPDCAD_02141	HKNPDCAD_02141	
TH2_HKNPDCAD_02142	TH2_contig_2	1811788	1812186	399	-	hypothetical protein	hypothetical protein	TH2	HKNPDCAD_02142	HKNPDCAD_02142	
TH2_HKNPDCAD_02143	TH2_contig_2	1812426	1814840	2415	-	gyrB	DNA gyrase subunit B	TH2	HKNPDCAD_02143	HKNPDCAD_02143	
TH2_HKNPDCAD_02144	TH2_contig_2	1814869	1815942	1074	-	recF	DNA replication and repair protein RecF	TH2	HKNPDCAD_02144	HKNPDCAD_02144	
TH2_HKNPDCAD_02145	TH2_contig_2	1815942	1817042	1101	-	dnaN	Beta sliding clamp	TH2	HKNPDCAD_02145	HKNPDCAD_02145	
TH2_HKNPDCAD_02146	TH2_contig_2	1817047	1818450	1404	-	dnaA	Chromosomal replication initiator protein DnaA	TH2	HKNPDCAD_02146	HKNPDCAD_02146	
TH2_HKNPDCAD_02147	TH2_contig_2	1819057	1819197	141	+	rpmH	50S ribosomal protein L34	TH2	HKNPDCAD_02147	HKNPDCAD_02147	
TH2_HKNPDCAD_02148	TH2_contig_2	1819247	1819573	327	+	rnpA	Ribonuclease P protein component	TH2	HKNPDCAD_02148	HKNPDCAD_02148	
TH2_HKNPDCAD_02149	TH2_contig_2	1819797	1821443	1647	+	yidC	Membrane protein insertase YidC	TH2	HKNPDCAD_02149	HKNPDCAD_02149	
TH2_HKNPDCAD_02150	TH2_contig_2	1821549	1822913	1365	+	mnmE	tRNA modification GTPase MnmE	TH2	HKNPDCAD_02150	HKNPDCAD_02150	
TH2_HKNPDCAD_02151	TH2_contig_2	1823450	1824865	1416	+	tnaA	Tryptophanase	TH2	HKNPDCAD_02151	HKNPDCAD_02151	
TH2_HKNPDCAD_02152	TH2_contig_2	1824956	1826203	1248	+	tnaB	Low affinity tryptophan permease	TH2	HKNPDCAD_02152	HKNPDCAD_02152	
TH2_HKNPDCAD_02153	TH2_contig_2	1826335	1827510	1176	+	mdtL	Multidrug resistance protein MdtL	TH2	HKNPDCAD_02153	HKNPDCAD_02153	
TH2_HKNPDCAD_02154	TH2_contig_2	1827485	1828456	972	+	yidZ	HTH-type transcriptional regulator YidZ	TH2	HKNPDCAD_02154	HKNPDCAD_02154	
TH2_HKNPDCAD_02155	TH2_contig_2	1828600	1829349	750	+	hypothetical protein	hypothetical protein	TH2	HKNPDCAD_02155	HKNPDCAD_02155	
TH2_HKNPDCAD_02156	TH2_contig_2	1829371	1829937	567	+	chrR	Quinone reductase	TH2	HKNPDCAD_02156	HKNPDCAD_02156	
TH2_HKNPDCAD_02157	TH2_contig_2	1829991	1831328	1338	-	adeP	Adenine permease AdeP	TH2	HKNPDCAD_02157	HKNPDCAD_02157	
TH2_HKNPDCAD_02158	TH2_contig_2	1831493	1832158	666	+	yieH	6-phosphogluconate phosphatase	TH2	HKNPDCAD_02158	HKNPDCAD_02158	
TH2_HKNPDCAD_02159	TH2_contig_2	1832225	1832698	474	+	cbrB	Inner membrane protein CbrB	TH2	HKNPDCAD_02159	HKNPDCAD_02159	
TH2_HKNPDCAD_02160	TH2_contig_2	1832747	1833334	588	+	hypothetical protein	hypothetical protein	TH2	HKNPDCAD_02160	HKNPDCAD_02160	
TH2_HKNPDCAD_02161	TH2_contig_2	1833396	1834118	723	-	gamA	putative glucosamine-6-phosphate deaminase 2	TH2	HKNPDCAD_02161	HKNPDCAD_02161	
TH2_HKNPDCAD_02162	TH2_contig_2	1834195	1835301	1107	-	axe1-6A	Carbohydrate acetyl esterase/feruloyl esterase	TH2	HKNPDCAD_02162	HKNPDCAD_02162	
TH2_HKNPDCAD_02163	TH2_contig_2	1835328	1836617	1290	-	bglH_2	Cryptic outer membrane porin BglH	TH2	HKNPDCAD_02163	HKNPDCAD_02163	
TH2_HKNPDCAD_02164	TH2_contig_2	1836614	1836943	330	-	bglH_3	Cryptic outer membrane porin BglH	TH2	HKNPDCAD_02164	HKNPDCAD_02164	
TH2_HKNPDCAD_02165	TH2_contig_2	1837012	1838424	1413	-	bglB	6-phospho-beta-glucosidase BglB	TH2	HKNPDCAD_02165	HKNPDCAD_02165	
TH2_HKNPDCAD_02166	TH2_contig_2	1838443	1840170	1728	-	bglF_2	PTS system beta-glucoside-specific EIIBCA component	TH2	HKNPDCAD_02166	HKNPDCAD_02166	
TH2_HKNPDCAD_02167	TH2_contig_2	1840131	1840319	189	-	hypothetical protein	hypothetical protein	TH2	HKNPDCAD_02167	HKNPDCAD_02167	
TH2_HKNPDCAD_02168	TH2_contig_2	1840451	1841287	837	-	bglG	Cryptic beta-glucoside bgl operon antiterminator	TH2	HKNPDCAD_02168	HKNPDCAD_02168	
TH2_HKNPDCAD_02169	TH2_contig_2	1841573	1842298	726	-	phoU	Phosphate-specific transport system accessory protein PhoU	TH2	HKNPDCAD_02169	HKNPDCAD_02169	
TH2_HKNPDCAD_02170	TH2_contig_2	1842313	1843086	774	-	pstB	Phosphate import ATP-binding protein PstB	TH2	HKNPDCAD_02170	HKNPDCAD_02170	
TH2_HKNPDCAD_02171	TH2_contig_2	1843269	1844159	891	-	pstA	Phosphate transport system permease protein PstA	TH2	HKNPDCAD_02171	HKNPDCAD_02171	
TH2_HKNPDCAD_02172	TH2_contig_2	1844159	1845118	960	-	pstC	Phosphate transport system permease protein PstC	TH2	HKNPDCAD_02172	HKNPDCAD_02172	
TH2_HKNPDCAD_02173	TH2_contig_2	1845204	1846244	1041	-	pstS	Phosphate-binding protein PstS	TH2	HKNPDCAD_02173	HKNPDCAD_02173	
TH2_HKNPDCAD_02174	TH2_contig_2	1846558	1848387	1830	-	glmS	Glutamine--fructose-6-phosphate aminotransferase [isomerizing]	TH2	HKNPDCAD_02174	HKNPDCAD_02174	
TH2_HKNPDCAD_02175	TH2_contig_2	1848549	1849919	1371	-	glmU	Bifunctional protein GlmU	TH2	HKNPDCAD_02175	HKNPDCAD_02175	
TH2_HKNPDCAD_02176	TH2_contig_2	1850271	1850690	420	-	atpC	ATP synthase epsilon chain	TH2	HKNPDCAD_02176	HKNPDCAD_02176	
TH2_HKNPDCAD_02177	TH2_contig_2	1850711	1852093	1383	-	atpD	ATP synthase subunit beta	TH2	HKNPDCAD_02177	HKNPDCAD_02177	
TH2_HKNPDCAD_02178	TH2_contig_2	1852120	1852983	864	-	atpG	ATP synthase gamma chain	TH2	HKNPDCAD_02178	HKNPDCAD_02178	
TH2_HKNPDCAD_02179	TH2_contig_2	1853034	1854575	1542	-	atpA	ATP synthase subunit alpha	TH2	HKNPDCAD_02179	HKNPDCAD_02179	
TH2_HKNPDCAD_02180	TH2_contig_2	1854588	1855121	534	-	atpH	ATP synthase subunit delta	TH2	HKNPDCAD_02180	HKNPDCAD_02180	
TH2_HKNPDCAD_02181	TH2_contig_2	1855136	1855606	471	-	atpF	ATP synthase subunit b	TH2	HKNPDCAD_02181	HKNPDCAD_02181	
TH2_HKNPDCAD_02182	TH2_contig_2	1855668	1855907	240	-	atpE	ATP synthase subunit c	TH2	HKNPDCAD_02182	HKNPDCAD_02182	
TH2_HKNPDCAD_02183	TH2_contig_2	1855954	1856634	681	-	atpB	ATP synthase subunit a	TH2	HKNPDCAD_02183	HKNPDCAD_02183	
TH2_HKNPDCAD_02184	TH2_contig_2	1856777	1857157	381	-	atpI	ATP synthase protein I	TH2	HKNPDCAD_02184	HKNPDCAD_02184	
TH2_HKNPDCAD_02185	TH2_contig_2	1857774	1858397	624	-	rsmG	Ribosomal RNA small subunit methyltransferase G	TH2	HKNPDCAD_02185	HKNPDCAD_02185	
TH2_HKNPDCAD_02186	TH2_contig_2	1858461	1860350	1890	-	mnmG	tRNA uridine 5-carboxymethylaminomethyl modification enzyme MnmG	TH2	HKNPDCAD_02186	HKNPDCAD_02186	
TH2_HKNPDCAD_02187	TH2_contig_2	1860729	1861172	444	-	mioC	Protein MioC	TH2	HKNPDCAD_02187	HKNPDCAD_02187	
TH2_HKNPDCAD_02188	TH2_contig_2	1861261	1861719	459	-	asnC	Regulatory protein AsnC	TH2	HKNPDCAD_02188	HKNPDCAD_02188	
TH2_HKNPDCAD_02189	TH2_contig_2	1861871	1862863	993	+	asnA	Aspartate--ammonia ligase	TH2	HKNPDCAD_02189	HKNPDCAD_02189	
TH2_HKNPDCAD_02190	TH2_contig_2	1862868	1864319	1452	-	viaA	Protein ViaA	TH2	HKNPDCAD_02190	HKNPDCAD_02190	
TH2_HKNPDCAD_02191	TH2_contig_2	1864313	1865809	1497	-	ravA	ATPase RavA	TH2	HKNPDCAD_02191	HKNPDCAD_02191	
TH2_HKNPDCAD_02192	TH2_contig_2	1866031	1866282	252	+	kup_1	Low affinity potassium transport system protein kup	TH2	HKNPDCAD_02192	HKNPDCAD_02192	
TH2_HKNPDCAD_02193	TH2_contig_2	1866288	1867898	1611	+	kup_2	Low affinity potassium transport system protein kup	TH2	HKNPDCAD_02193	HKNPDCAD_02193	
TH2_HKNPDCAD_02194	TH2_contig_2	1868065	1868484	420	+	rbsD	D-ribose pyranase	TH2	HKNPDCAD_02194	HKNPDCAD_02194	
TH2_HKNPDCAD_02195	TH2_contig_2	1868587	1869996	1410	+	rbsA_1	Ribose import ATP-binding protein RbsA	TH2	HKNPDCAD_02195	HKNPDCAD_02195	
TH2_HKNPDCAD_02196	TH2_contig_2	1870001	1870966	966	+	rbsC_3	Ribose import permease protein RbsC	TH2	HKNPDCAD_02196	HKNPDCAD_02196	
TH2_HKNPDCAD_02197	TH2_contig_2	1870991	1871881	891	+	rbsB	Ribose import binding protein RbsB	TH2	HKNPDCAD_02197	HKNPDCAD_02197	
TH2_HKNPDCAD_02198	TH2_contig_2	1872007	1872936	930	+	rbsK_1	Ribokinase	TH2	HKNPDCAD_02198	HKNPDCAD_02198	
TH2_HKNPDCAD_02199	TH2_contig_2	1872940	1873932	993	+	rbsR	Ribose operon repressor	TH2	HKNPDCAD_02199	HKNPDCAD_02199	
TH2_HKNPDCAD_02200	TH2_contig_2	1873898	1875325	1428	-	hsrA	putative transport protein HsrA	TH2	HKNPDCAD_02200	HKNPDCAD_02200	
TH2_HKNPDCAD_02201	TH2_contig_2	1875348	1876040	693	-	nanR_2	HTH-type transcriptional repressor NanR	TH2	HKNPDCAD_02201	HKNPDCAD_02201	
TH2_HKNPDCAD_02208	TH2_contig_2	1881843	1882682	840	-	hdfR_2	HTH-type transcriptional regulator HdfR	TH2	HKNPDCAD_02208	HKNPDCAD_02208	
TH2_HKNPDCAD_02209	TH2_contig_2	1882801	1883139	339	+	hypothetical protein	hypothetical protein	TH2	HKNPDCAD_02209	HKNPDCAD_02209	
TH2_HKNPDCAD_02210	TH2_contig_2	1883164	1883493	330	-	comM_1	Competence protein ComM	TH2	HKNPDCAD_02210	HKNPDCAD_02210	
TH2_HKNPDCAD_02211	TH2_contig_2	1883505	1884419	915	-	comM_2	Competence protein ComM	TH2	HKNPDCAD_02211	HKNPDCAD_02211	
TH2_HKNPDCAD_02212	TH2_contig_2	1884380	1884682	303	-	hypothetical protein	hypothetical protein	TH2	HKNPDCAD_02212	HKNPDCAD_02212	
TH2_HKNPDCAD_02213	TH2_contig_2	1884837	1884926	90	+	hypothetical protein	hypothetical protein	TH2	HKNPDCAD_02213	HKNPDCAD_02213	
TH2_HKNPDCAD_02214	TH2_contig_2	1885273	1886919	1647	+	ilvG	Acetolactate synthase isozyme 2 large subunit	TH2	HKNPDCAD_02214	HKNPDCAD_02214	
TH2_HKNPDCAD_02215	TH2_contig_2	1886916	1887179	264	+	ilvM	Acetolactate synthase isozyme 2 small subunit	TH2	HKNPDCAD_02215	HKNPDCAD_02215	
TH2_HKNPDCAD_02216	TH2_contig_2	1887199	1888128	930	+	ilvE	Branched-chain-amino-acid aminotransferase	TH2	HKNPDCAD_02216	HKNPDCAD_02216	
TH2_HKNPDCAD_02217	TH2_contig_2	1888193	1890052	1860	+	ilvD	Dihydroxy-acid dehydratase	TH2	HKNPDCAD_02217	HKNPDCAD_02217	
TH2_HKNPDCAD_02218	TH2_contig_2	1890045	1891589	1545	+	ilvA	L-threonine dehydratase biosynthetic IlvA	TH2	HKNPDCAD_02218	HKNPDCAD_02218	
TH2_HKNPDCAD_02219	TH2_contig_2	1891640	1892533	894	-	gltC	HTH-type transcriptional regulator GltC	TH2	HKNPDCAD_02219	HKNPDCAD_02219	
TH2_HKNPDCAD_02220	TH2_contig_2	1892683	1894158	1476	+	ilvC	Ketol-acid reductoisomerase (NADP(+))	TH2	HKNPDCAD_02220	HKNPDCAD_02220	
TH2_HKNPDCAD_02221	TH2_contig_2	1894245	1894526	282	-	ppiC	Peptidyl-prolyl cis-trans isomerase C	TH2	HKNPDCAD_02221	HKNPDCAD_02221	
TH2_HKNPDCAD_02222	TH2_contig_2	1894725	1895174	450	-	hypothetical protein	hypothetical protein	TH2	HKNPDCAD_02222	HKNPDCAD_02222	
TH2_HKNPDCAD_02223	TH2_contig_2	1895390	1897411	2022	+	rep	ATP-dependent DNA helicase Rep	TH2	HKNPDCAD_02223	HKNPDCAD_02223	
TH2_HKNPDCAD_02224	TH2_contig_2	1897458	1898942	1485	-	gppA	Guanosine-5'-triphosphate,3'-diphosphate pyrophosphatase	TH2	HKNPDCAD_02224	HKNPDCAD_02224	
TH2_HKNPDCAD_02225	TH2_contig_2	1899076	1900161	1086	-	rhlB	ATP-dependent RNA helicase RhlB	TH2	HKNPDCAD_02225	HKNPDCAD_02225	
TH2_HKNPDCAD_02226	TH2_contig_2	1900471	1900800	330	+	trxA	Thioredoxin 1	TH2	HKNPDCAD_02226	HKNPDCAD_02226	
TH2_HKNPDCAD_02227	TH2_contig_2	1901127	1902386	1260	+	rho	Transcription termination factor Rho	TH2	HKNPDCAD_02227	HKNPDCAD_02227	
TH2_HKNPDCAD_02228	TH2_contig_2	1902396	1902614	219	+	hypothetical protein	hypothetical protein	TH2	HKNPDCAD_02228	HKNPDCAD_02228	
TH2_HKNPDCAD_02229	TH2_contig_2	1902626	1902916	291	+	wecA_1	Undecaprenyl-phosphate alpha-N-acetylglucosaminyl 1-phosphate transferase	TH2	HKNPDCAD_02229	HKNPDCAD_02229	
TH2_HKNPDCAD_02230	TH2_contig_2	1902868	1903728	861	+	wecA_2	Undecaprenyl-phosphate alpha-N-acetylglucosaminyl 1-phosphate transferase	TH2	HKNPDCAD_02230	HKNPDCAD_02230	
TH2_HKNPDCAD_02231	TH2_contig_2	1903832	1904743	912	+	wzzE	ECA polysaccharide chain length modulation protein	TH2	HKNPDCAD_02231	HKNPDCAD_02231	
TH2_HKNPDCAD_02232	TH2_contig_2	1904840	1905970	1131	+	wecB	UDP-N-acetylglucosamine 2-epimerase	TH2	HKNPDCAD_02232	HKNPDCAD_02232	
TH2_HKNPDCAD_02233	TH2_contig_2	1905967	1907229	1263	+	wecC	UDP-N-acetyl-D-mannosamine dehydrogenase	TH2	HKNPDCAD_02233	HKNPDCAD_02233	
TH2_HKNPDCAD_02234	TH2_contig_2	1907229	1908296	1068	+	rffG	dTDP-glucose 4,6-dehydratase 2	TH2	HKNPDCAD_02234	HKNPDCAD_02234	
TH2_HKNPDCAD_02235	TH2_contig_2	1908315	1909196	882	+	rffH	Glucose-1-phosphate thymidylyltransferase 2	TH2	HKNPDCAD_02235	HKNPDCAD_02235	
TH2_HKNPDCAD_02236	TH2_contig_2	1909174	1909848	675	+	wecD	dTDP-fucosamine acetyltransferase	TH2	HKNPDCAD_02236	HKNPDCAD_02236	
TH2_HKNPDCAD_02237	TH2_contig_2	1909853	1910983	1131	+	wecE	dTDP-4-amino-4,6-dideoxygalactose transaminase	TH2	HKNPDCAD_02237	HKNPDCAD_02237	
TH2_HKNPDCAD_02238	TH2_contig_2	1910985	1912235	1251	+	wzxE	Lipid III flippase	TH2	HKNPDCAD_02238	HKNPDCAD_02238	
TH2_HKNPDCAD_02239	TH2_contig_2	1912232	1913311	1080	+	wecF	TDP-N-acetylfucosamine:lipid II N-acetylfucosaminyltransferase	TH2	HKNPDCAD_02239	HKNPDCAD_02239	
TH2_HKNPDCAD_02240	TH2_contig_2	1913308	1914660	1353	+	wzyE	putative ECA polymerase	TH2	HKNPDCAD_02240	HKNPDCAD_02240	
TH2_HKNPDCAD_02241	TH2_contig_2	1914663	1915403	741	+	wecG	UDP-N-acetyl-D-mannosaminuronic acid transferase	TH2	HKNPDCAD_02241	HKNPDCAD_02241	
TH2_HKNPDCAD_02242	TH2_contig_2	1915594	1916979	1386	+	yifK	putative transport protein YifK	TH2	HKNPDCAD_02242	HKNPDCAD_02242	
TH2_HKNPDCAD_02247	TH2_contig_2	1917664	1918899	1236	+	chuR_1	Anaerobic sulfatase-maturating enzyme	TH2	HKNPDCAD_02247	HKNPDCAD_02247	
TH2_HKNPDCAD_02248	TH2_contig_2	1919058	1920452	1395	-	N-acetylgalactosamine-6-O-sulfatase	N-acetylgalactosamine-6-O-sulfatase	TH2	HKNPDCAD_02248	HKNPDCAD_02248	
TH2_HKNPDCAD_02249	TH2_contig_2	1921391	1922587	1197	-	hemY	Protein HemY	TH2	HKNPDCAD_02249	HKNPDCAD_02249	
TH2_HKNPDCAD_02250	TH2_contig_2	1922590	1923717	1128	-	hemX_1	Protein HemX	TH2	HKNPDCAD_02250	HKNPDCAD_02250	
TH2_HKNPDCAD_02251	TH2_contig_2	1923714	1923824	111	-	hemX_2	Protein HemX	TH2	HKNPDCAD_02251	HKNPDCAD_02251	
TH2_HKNPDCAD_02252	TH2_contig_2	1923846	1924586	741	-	hemD	Uroporphyrinogen-III synthase	TH2	HKNPDCAD_02252	HKNPDCAD_02252	
TH2_HKNPDCAD_02253	TH2_contig_2	1924583	1925545	963	-	hemC	Porphobilinogen deaminase	TH2	HKNPDCAD_02253	HKNPDCAD_02253	
TH2_HKNPDCAD_02254	TH2_contig_2	1925911	1926555	645	+	cyaA_1	Adenylate cyclase	TH2	HKNPDCAD_02254	HKNPDCAD_02254	
TH2_HKNPDCAD_02255	TH2_contig_2	1926516	1928456	1941	+	cyaA_2	Adenylate cyclase	TH2	HKNPDCAD_02255	HKNPDCAD_02255	
TH2_HKNPDCAD_02256	TH2_contig_2	1928496	1928816	321	-	cyaY	Iron-sulfur cluster assembly protein CyaY	TH2	HKNPDCAD_02256	HKNPDCAD_02256	
TH2_HKNPDCAD_02257	TH2_contig_2	1929279	1929482	204	+	hypothetical protein	hypothetical protein	TH2	HKNPDCAD_02257	HKNPDCAD_02257	
TH2_HKNPDCAD_02258	TH2_contig_2	1929503	1930342	840	+	dapF	Diaminopimelate epimerase	TH2	HKNPDCAD_02258	HKNPDCAD_02258	
TH2_HKNPDCAD_02259	TH2_contig_2	1930339	1931046	708	+	hypothetical protein	hypothetical protein	TH2	HKNPDCAD_02259	HKNPDCAD_02259	
TH2_HKNPDCAD_02260	TH2_contig_2	1931043	1931939	897	+	xerC_5	Tyrosine recombinase XerC	TH2	HKNPDCAD_02260	HKNPDCAD_02260	
TH2_HKNPDCAD_02261	TH2_contig_2	1931939	1932655	717	+	yigB	5-amino-6-(5-phospho-D-ribitylamino)uracil phosphatase YigB	TH2	HKNPDCAD_02261	HKNPDCAD_02261	
TH2_HKNPDCAD_02262	TH2_contig_2	1932739	1934901	2163	+	uvrD_1	DNA helicase II	TH2	HKNPDCAD_02262	HKNPDCAD_02262	
TH2_HKNPDCAD_02263	TH2_contig_2	1935047	1935811	765	-	hypothetical protein	hypothetical protein	TH2	HKNPDCAD_02263	HKNPDCAD_02263	
TH2_HKNPDCAD_02264	TH2_contig_2	1936181	1937131	951	+	corA	Magnesium transport protein CorA	TH2	HKNPDCAD_02264	HKNPDCAD_02264	
TH2_HKNPDCAD_02265	TH2_contig_2	1937174	1937395	222	-	hypothetical protein	hypothetical protein	TH2	HKNPDCAD_02265	HKNPDCAD_02265	
TH2_HKNPDCAD_02266	TH2_contig_2	1937422	1937553	132	-	hypothetical protein	hypothetical protein	TH2	HKNPDCAD_02266	HKNPDCAD_02266	
TH2_HKNPDCAD_02267	TH2_contig_2	1937567	1937947	381	-	yigG	Inner membrane protein YigG	TH2	HKNPDCAD_02267	HKNPDCAD_02267	
TH2_HKNPDCAD_02268	TH2_contig_2	1938042	1938773	732	-	rarD_1	Protein RarD	TH2	HKNPDCAD_02268	HKNPDCAD_02268	
TH2_HKNPDCAD_02269	TH2_contig_2	1938773	1938931	159	-	rarD_2	Protein RarD	TH2	HKNPDCAD_02269	HKNPDCAD_02269	
TH2_HKNPDCAD_02270	TH2_contig_2	1938983	1939450	468	-	hypothetical protein	hypothetical protein	TH2	HKNPDCAD_02270	HKNPDCAD_02270	
TH2_HKNPDCAD_02271	TH2_contig_2	1939614	1940483	870	+	pldA	Phospholipase A1	TH2	HKNPDCAD_02271	HKNPDCAD_02271	
TH2_HKNPDCAD_02272	TH2_contig_2	1940610	1942445	1836	+	recQ	ATP-dependent DNA helicase RecQ	TH2	HKNPDCAD_02272	HKNPDCAD_02272	
TH2_HKNPDCAD_02273	TH2_contig_2	1942509	1943129	621	+	rhtC_1	Threonine efflux protein	TH2	HKNPDCAD_02273	HKNPDCAD_02273	
TH2_HKNPDCAD_02274	TH2_contig_2	1943191	1943811	621	-	rhtB	Homoserine/homoserine lactone efflux protein	TH2	HKNPDCAD_02274	HKNPDCAD_02274	
TH2_HKNPDCAD_02275	TH2_contig_2	1943922	1944944	1023	+	pldB	Lysophospholipase L2	TH2	HKNPDCAD_02275	HKNPDCAD_02275	
TH2_HKNPDCAD_02276	TH2_contig_2	1944952	1945752	801	+	yigL	Pyridoxal phosphate phosphatase YigL	TH2	HKNPDCAD_02276	HKNPDCAD_02276	
TH2_HKNPDCAD_02277	TH2_contig_2	1945828	1946727	900	+	bioP	Biotin transporter	TH2	HKNPDCAD_02277	HKNPDCAD_02277	
TH2_HKNPDCAD_02278	TH2_contig_2	1946615	1947568	954	-	metR	HTH-type transcriptional regulator MetR	TH2	HKNPDCAD_02278	HKNPDCAD_02278	
TH2_HKNPDCAD_02279	TH2_contig_2	1947805	1950066	2262	+	metE	5-methyltetrahydropteroyltriglutamate--homocysteine methyltransferase	TH2	HKNPDCAD_02279	HKNPDCAD_02279	
TH2_HKNPDCAD_02280	TH2_contig_2	1950106	1950921	816	-	clcD	Carboxymethylenebutenolidase	TH2	HKNPDCAD_02280	HKNPDCAD_02280	
TH2_HKNPDCAD_02281	TH2_contig_2	1951183	1951944	762	+	udp	Uridine phosphorylase	TH2	HKNPDCAD_02281	HKNPDCAD_02281	
TH2_HKNPDCAD_02282	TH2_contig_2	1952085	1953512	1428	+	hypothetical protein	hypothetical protein	TH2	HKNPDCAD_02282	HKNPDCAD_02282	
TH2_HKNPDCAD_02283	TH2_contig_2	1953607	1954362	756	+	ubiE	Ubiquinone/menaquinone biosynthesis C-methyltransferase UbiE	TH2	HKNPDCAD_02283	HKNPDCAD_02283	
TH2_HKNPDCAD_02284	TH2_contig_2	1954376	1954981	606	+	ubiJ_2	Ubiquinone biosynthesis accessory factor UbiJ	TH2	HKNPDCAD_02284	HKNPDCAD_02284	
TH2_HKNPDCAD_02285	TH2_contig_2	1954978	1956618	1641	+	ubiB	putative protein kinase UbiB	TH2	HKNPDCAD_02285	HKNPDCAD_02285	
TH2_HKNPDCAD_02286	TH2_contig_2	1956697	1956966	270	+	tatA	Sec-independent protein translocase protein TatA	TH2	HKNPDCAD_02286	HKNPDCAD_02286	
TH2_HKNPDCAD_02287	TH2_contig_2	1956970	1957290	321	+	tatB	Sec-independent protein translocase protein TatB	TH2	HKNPDCAD_02287	HKNPDCAD_02287	
TH2_HKNPDCAD_02288	TH2_contig_2	1957489	1958265	777	+	tatC	Sec-independent protein translocase protein TatC	TH2	HKNPDCAD_02288	HKNPDCAD_02288	
TH2_HKNPDCAD_02289	TH2_contig_2	1958307	1959089	783	+	tatD	3'-5' ssDNA/RNA exonuclease TatD	TH2	HKNPDCAD_02289	HKNPDCAD_02289	
TH2_HKNPDCAD_02290	TH2_contig_2	1959086	1959574	489	-	rfaH	Transcription antitermination protein RfaH	TH2	HKNPDCAD_02290	HKNPDCAD_02290	
TH2_HKNPDCAD_02291	TH2_contig_2	1959741	1961234	1494	+	ubiD	3-octaprenyl-4-hydroxybenzoate carboxy-lyase	TH2	HKNPDCAD_02291	HKNPDCAD_02291	
TH2_HKNPDCAD_02292	TH2_contig_2	1961280	1961981	702	+	fre	NAD(P)H-flavin reductase	TH2	HKNPDCAD_02292	HKNPDCAD_02292	
TH2_HKNPDCAD_02293	TH2_contig_2	1962263	1963426	1164	-	fadA	3-ketoacyl-CoA thiolase FadA	TH2	HKNPDCAD_02293	HKNPDCAD_02293	
TH2_HKNPDCAD_02294	TH2_contig_2	1963436	1965625	2190	-	fadB	Fatty acid oxidation complex subunit alpha	TH2	HKNPDCAD_02294	HKNPDCAD_02294	
TH2_HKNPDCAD_02295	TH2_contig_2	1965815	1967146	1332	+	pepQ	Xaa-Pro dipeptidase	TH2	HKNPDCAD_02295	HKNPDCAD_02295	
TH2_HKNPDCAD_02296	TH2_contig_2	1967217	1967759	543	+	yigZ	IMPACT family member YigZ	TH2	HKNPDCAD_02296	HKNPDCAD_02296	
TH2_HKNPDCAD_02297	TH2_contig_2	1967798	1968859	1062	+	trkH_1	Trk system potassium uptake protein TrkH	TH2	HKNPDCAD_02297	HKNPDCAD_02297	
TH2_HKNPDCAD_02298	TH2_contig_2	1968862	1969248	387	+	trkH_2	Trk system potassium uptake protein TrkH	TH2	HKNPDCAD_02298	HKNPDCAD_02298	
TH2_HKNPDCAD_02299	TH2_contig_2	1969260	1969805	546	+	hemG	Protoporphyrinogen IX dehydrogenase [menaquinone]	TH2	HKNPDCAD_02299	HKNPDCAD_02299	
TH2_HKNPDCAD_02305	TH2_contig_2	1975389	1975916	528	-	mobB	Molybdopterin-guanine dinucleotide biosynthesis adapter protein	TH2	HKNPDCAD_02305	HKNPDCAD_02305	
TH2_HKNPDCAD_02306	TH2_contig_2	1975898	1976482	585	-	mobA	Molybdenum cofactor guanylyltransferase	TH2	HKNPDCAD_02306	HKNPDCAD_02306	
TH2_HKNPDCAD_02307	TH2_contig_2	1976552	1976821	270	+	yihD	Protein YihD	TH2	HKNPDCAD_02307	HKNPDCAD_02307	
TH2_HKNPDCAD_02308	TH2_contig_2	1976898	1977884	987	+	srkA	Stress response kinase A	TH2	HKNPDCAD_02308	HKNPDCAD_02308	
TH2_HKNPDCAD_02309	TH2_contig_2	1977901	1978095	195	+	hypothetical protein	hypothetical protein	TH2	HKNPDCAD_02309	HKNPDCAD_02309	
TH2_HKNPDCAD_02310	TH2_contig_2	1978122	1978526	405	+	dsbA	Thiol:disulfide interchange protein DsbA	TH2	HKNPDCAD_02310	HKNPDCAD_02310	
TH2_HKNPDCAD_02311	TH2_contig_2	1978681	1980111	1431	+	ydgA_1	Protein YdgA	TH2	HKNPDCAD_02311	HKNPDCAD_02311	
TH2_HKNPDCAD_02312	TH2_contig_2	1980152	1981084	933	-	yihG	putative acyltransferase YihG	TH2	HKNPDCAD_02312	HKNPDCAD_02312	
TH2_HKNPDCAD_02313	TH2_contig_2	1981204	1981389	186	-	hypothetical protein	hypothetical protein	TH2	HKNPDCAD_02313	HKNPDCAD_02313	
TH2_HKNPDCAD_02314	TH2_contig_2	1981448	1984234	2787	+	polA	DNA polymerase I	TH2	HKNPDCAD_02314	HKNPDCAD_02314	
TH2_HKNPDCAD_02315	TH2_contig_2	1984615	1985247	633	-	engB	putative GTP-binding protein EngB	TH2	HKNPDCAD_02315	HKNPDCAD_02315	
TH2_HKNPDCAD_02316	TH2_contig_2	1985828	1986337	510	+	yihI	Der GTPase-activating protein YihI	TH2	HKNPDCAD_02316	HKNPDCAD_02316	
TH2_HKNPDCAD_02317	TH2_contig_2	1986526	1987899	1374	+	hemN	Oxygen-independent coproporphyrinogen III oxidase	TH2	HKNPDCAD_02317	HKNPDCAD_02317	
TH2_HKNPDCAD_02318	TH2_contig_2	1988128	1988238	111	-	yshB	putative protein YshB	TH2	HKNPDCAD_02318	HKNPDCAD_02318	
TH2_HKNPDCAD_02319	TH2_contig_2	1988350	1989759	1410	-	glnG	DNA-binding transcriptional regulator NtrC	TH2	HKNPDCAD_02319	HKNPDCAD_02319	
TH2_HKNPDCAD_02320	TH2_contig_2	1989771	1990820	1050	-	glnL	Sensory histidine kinase/phosphatase NtrB	TH2	HKNPDCAD_02320	HKNPDCAD_02320	
TH2_HKNPDCAD_02321	TH2_contig_2	1991106	1992515	1410	-	glnA	Glutamine synthetase	TH2	HKNPDCAD_02321	HKNPDCAD_02321	
TH2_HKNPDCAD_02322	TH2_contig_2	1992888	1994711	1824	+	typA	GTP-binding protein TypA/BipA	TH2	HKNPDCAD_02322	HKNPDCAD_02322	
TH2_HKNPDCAD_02323	TH2_contig_2	1994925	1995452	528	+	hypothetical protein	hypothetical protein	TH2	HKNPDCAD_02323	HKNPDCAD_02323	
TH2_HKNPDCAD_02324	TH2_contig_2	1995482	1995634	153	+	hypothetical protein	hypothetical protein	TH2	HKNPDCAD_02324	HKNPDCAD_02324	
TH2_HKNPDCAD_02325	TH2_contig_2	1995642	1996622	981	+	hypothetical protein	hypothetical protein	TH2	HKNPDCAD_02325	HKNPDCAD_02325	
TH2_HKNPDCAD_02326	TH2_contig_2	1996724	1997989	1266	+	yihN	Inner membrane protein YihN	TH2	HKNPDCAD_02326	HKNPDCAD_02326	
TH2_HKNPDCAD_02327	TH2_contig_2	1998080	1998838	759	-	ompL	Porin OmpL	TH2	HKNPDCAD_02327	HKNPDCAD_02327	
TH2_HKNPDCAD_02328	TH2_contig_2	1998839	2000242	1404	-	yihP_1	Putative 2,3-dihydroxypropane-1-sulfonate exporter	TH2	HKNPDCAD_02328	HKNPDCAD_02328	
TH2_HKNPDCAD_02329	TH2_contig_2	2000282	2001667	1386	-	yihP_2	Putative 2,3-dihydroxypropane-1-sulfonate exporter	TH2	HKNPDCAD_02329	HKNPDCAD_02329	
TH2_HKNPDCAD_02330	TH2_contig_2	2001713	2003749	2037	-	yihQ	Sulfoquinovosidase	TH2	HKNPDCAD_02330	HKNPDCAD_02330	
TH2_HKNPDCAD_02331	TH2_contig_2	2003858	2004733	876	-	hypothetical protein	hypothetical protein	TH2	HKNPDCAD_02331	HKNPDCAD_02331	
TH2_HKNPDCAD_02332	TH2_contig_2	2004794	2005696	903	-	yihR	putative protein YihR	TH2	HKNPDCAD_02332	HKNPDCAD_02332	
TH2_HKNPDCAD_02333	TH2_contig_2	2005764	2007005	1242	-	yihS	Sulfoquinovose isomerase	TH2	HKNPDCAD_02333	HKNPDCAD_02333	
TH2_HKNPDCAD_02334	TH2_contig_2	2007021	2007899	879	-	yihT	Sulfofructosephosphate aldolase	TH2	HKNPDCAD_02334	HKNPDCAD_02334	
TH2_HKNPDCAD_02335	TH2_contig_2	2007923	2008819	897	-	yihU	3-sulfolactaldehyde reductase	TH2	HKNPDCAD_02335	HKNPDCAD_02335	
TH2_HKNPDCAD_02336	TH2_contig_2	2008987	2009883	897	+	yihV	Sulfofructose kinase	TH2	HKNPDCAD_02336	HKNPDCAD_02336	
TH2_HKNPDCAD_02337	TH2_contig_2	2009917	2010201	285	+	csqR_1	HTH-type transcriptional repressor CsqR	TH2	HKNPDCAD_02337	HKNPDCAD_02337	
TH2_HKNPDCAD_02338	TH2_contig_2	2010140	2010700	561	+	csqR_2	HTH-type transcriptional repressor CsqR	TH2	HKNPDCAD_02338	HKNPDCAD_02338	
TH2_HKNPDCAD_02339	TH2_contig_2	2010799	2011398	600	+	yihX	Alpha-D-glucose 1-phosphate phosphatase YihX	TH2	HKNPDCAD_02339	HKNPDCAD_02339	
TH2_HKNPDCAD_02340	TH2_contig_2	2011392	2012264	873	+	hypothetical protein	hypothetical protein	TH2	HKNPDCAD_02340	HKNPDCAD_02340	
TH2_HKNPDCAD_02341	TH2_contig_2	2012261	2012614	354	+	dtd	D-aminoacyl-tRNA deacylase	TH2	HKNPDCAD_02341	HKNPDCAD_02341	
TH2_HKNPDCAD_02342	TH2_contig_2	2012742	2013683	942	+	hypothetical protein	hypothetical protein	TH2	HKNPDCAD_02342	HKNPDCAD_02342	
TH2_HKNPDCAD_02343	TH2_contig_2	2014094	2014201	108	+	hypothetical protein	hypothetical protein	TH2	HKNPDCAD_02343	HKNPDCAD_02343	
TH2_HKNPDCAD_02344	TH2_contig_2	2014536	2014754	219	+	hypothetical protein	hypothetical protein	TH2	HKNPDCAD_02344	HKNPDCAD_02344	
TH2_HKNPDCAD_02345	TH2_contig_2	2014972	2015214	243	+	hypothetical protein	hypothetical protein	TH2	HKNPDCAD_02345	HKNPDCAD_02345	
TH2_HKNPDCAD_02346	TH2_contig_2	2015214	2015396	183	+	hypothetical protein	hypothetical protein	TH2	HKNPDCAD_02346	HKNPDCAD_02346	
TH2_HKNPDCAD_02347	TH2_contig_2	2015544	2016152	609	-	fdhE_1	Protein FdhE	TH2	HKNPDCAD_02347	HKNPDCAD_02347	
TH2_HKNPDCAD_02348	TH2_contig_2	2016152	2016472	321	-	fdhE_2	Protein FdhE	TH2	HKNPDCAD_02348	HKNPDCAD_02348	
TH2_HKNPDCAD_02349	TH2_contig_2	2016469	2017104	636	-	fdoI	Formate dehydrogenase, cytochrome b556(fdo) subunit	TH2	HKNPDCAD_02349	HKNPDCAD_02349	
TH2_HKNPDCAD_02350	TH2_contig_2	2017101	2018003	903	-	fdoH	Formate dehydrogenase-O iron-sulfur subunit	TH2	HKNPDCAD_02350	HKNPDCAD_02350	
TH2_HKNPDCAD_02351	TH2_contig_2	2018016	2020430	2415	-	fdoG_1	Formate dehydrogenase-O major subunit	TH2	HKNPDCAD_02351	HKNPDCAD_02351	
TH2_HKNPDCAD_02352	TH2_contig_2	2020479	2021066	588	-	fdoG_2	Formate dehydrogenase-O major subunit	TH2	HKNPDCAD_02352	HKNPDCAD_02352	
TH2_HKNPDCAD_02353	TH2_contig_2	2021175	2022092	918	+	fdhD	Sulfur carrier protein FdhD	TH2	HKNPDCAD_02353	HKNPDCAD_02353	
TH2_HKNPDCAD_02354	TH2_contig_2	2022245	2023285	1041	+	hypothetical protein	hypothetical protein	TH2	HKNPDCAD_02354	HKNPDCAD_02354	
TH2_HKNPDCAD_02355	TH2_contig_2	2023335	2025083	1749	-	hypothetical protein	hypothetical protein	TH2	HKNPDCAD_02355	HKNPDCAD_02355	
TH2_HKNPDCAD_02356	TH2_contig_2	2025083	2026153	1071	-	ysdC	Putative aminopeptidase YsdC	TH2	HKNPDCAD_02356	HKNPDCAD_02356	
TH2_HKNPDCAD_02357	TH2_contig_2	2026143	2027594	1452	-	manP_1	PTS system mannose-specific EIIBCA component	TH2	HKNPDCAD_02357	HKNPDCAD_02357	
TH2_HKNPDCAD_02358	TH2_contig_2	2027605	2028051	447	-	fruA_2	PTS system fructose-specific EIIABC component	TH2	HKNPDCAD_02358	HKNPDCAD_02358	
TH2_HKNPDCAD_02359	TH2_contig_2	2028352	2028666	315	-	rhaM	L-rhamnose mutarotase	TH2	HKNPDCAD_02359	HKNPDCAD_02359	
TH2_HKNPDCAD_02360	TH2_contig_2	2028676	2029500	825	-	rhaD	Rhamnulose-1-phosphate aldolase	TH2	HKNPDCAD_02360	HKNPDCAD_02360	
TH2_HKNPDCAD_02361	TH2_contig_2	2029765	2031024	1260	-	rhaA	L-rhamnose isomerase	TH2	HKNPDCAD_02361	HKNPDCAD_02361	
TH2_HKNPDCAD_02362	TH2_contig_2	2031021	2032490	1470	-	rhaB	Rhamnulokinase	TH2	HKNPDCAD_02362	HKNPDCAD_02362	
TH2_HKNPDCAD_02363	TH2_contig_2	2032778	2033614	837	+	rhaS_2	HTH-type transcriptional activator RhaS	TH2	HKNPDCAD_02363	HKNPDCAD_02363	
TH2_HKNPDCAD_02364	TH2_contig_2	2033598	2034536	939	+	rhaR_2	HTH-type transcriptional activator RhaR	TH2	HKNPDCAD_02364	HKNPDCAD_02364	
TH2_HKNPDCAD_02365	TH2_contig_2	2034533	2035567	1035	-	rhaT	L-rhamnose-proton symporter	TH2	HKNPDCAD_02365	HKNPDCAD_02365	
TH2_HKNPDCAD_02366	TH2_contig_2	2035852	2036148	297	+	sodA_1	Superoxide dismutase [Mn]	TH2	HKNPDCAD_02366	HKNPDCAD_02366	
TH2_HKNPDCAD_02367	TH2_contig_2	2036247	2036471	225	+	sodA_2	Superoxide dismutase [Mn]	TH2	HKNPDCAD_02367	HKNPDCAD_02367	
TH2_HKNPDCAD_02368	TH2_contig_2	2036730	2037713	984	+	kdgT	2-keto-3-deoxygluconate permease	TH2	HKNPDCAD_02368	HKNPDCAD_02368	
TH2_HKNPDCAD_02369	TH2_contig_2	2037862	2038536	675	+	yiiM	Protein YiiM	TH2	HKNPDCAD_02369	HKNPDCAD_02369	
TH2_HKNPDCAD_02370	TH2_contig_2	2038641	2039309	669	-	cpxA_1	Sensor histidine kinase CpxA	TH2	HKNPDCAD_02370	HKNPDCAD_02370	
TH2_HKNPDCAD_02371	TH2_contig_2	2039309	2040013	705	-	cpxA_2	Sensor histidine kinase CpxA	TH2	HKNPDCAD_02371	HKNPDCAD_02371	
TH2_HKNPDCAD_02372	TH2_contig_2	2040010	2040708	699	-	cpxR	Transcriptional regulatory protein CpxR	TH2	HKNPDCAD_02372	HKNPDCAD_02372	
TH2_HKNPDCAD_02373	TH2_contig_2	2040858	2041358	501	+	cpxP	Periplasmic protein CpxP	TH2	HKNPDCAD_02373	HKNPDCAD_02373	
TH2_HKNPDCAD_02374	TH2_contig_2	2041506	2042408	903	+	fieF	Ferrous-iron efflux pump FieF	TH2	HKNPDCAD_02374	HKNPDCAD_02374	
TH2_HKNPDCAD_02375	TH2_contig_2	2042354	2042458	105	-	hypothetical protein	hypothetical protein	TH2	HKNPDCAD_02375	HKNPDCAD_02375	
TH2_HKNPDCAD_02376	TH2_contig_2	2042589	2043551	963	+	pfkA	ATP-dependent 6-phosphofructokinase isozyme 1	TH2	HKNPDCAD_02376	HKNPDCAD_02376	
TH2_HKNPDCAD_02377	TH2_contig_2	2043870	2044655	786	+	sbp_1	Sulfate-binding protein	TH2	HKNPDCAD_02377	HKNPDCAD_02377	
TH2_HKNPDCAD_02378	TH2_contig_2	2044637	2044858	222	+	sbp_2	Sulfate-binding protein	TH2	HKNPDCAD_02378	HKNPDCAD_02378	
TH2_HKNPDCAD_02379	TH2_contig_2	2044993	2045718	726	+	cdh	CDP-diacylglycerol pyrophosphatase	TH2	HKNPDCAD_02379	HKNPDCAD_02379	
TH2_HKNPDCAD_02380	TH2_contig_2	2045773	2046540	768	-	tpiA	Triosephosphate isomerase	TH2	HKNPDCAD_02380	HKNPDCAD_02380	
TH2_HKNPDCAD_02381	TH2_contig_2	2046648	2047247	600	-	hypothetical protein	hypothetical protein	TH2	HKNPDCAD_02381	HKNPDCAD_02381	
TH2_HKNPDCAD_02382	TH2_contig_2	2047348	2047788	441	+	hypothetical protein	hypothetical protein	TH2	HKNPDCAD_02382	HKNPDCAD_02382	
TH2_HKNPDCAD_02383	TH2_contig_2	2047999	2048298	300	+	hypothetical protein	hypothetical protein	TH2	HKNPDCAD_02383	HKNPDCAD_02383	
TH2_HKNPDCAD_02384	TH2_contig_2	2048325	2048753	429	+	uspD	Universal stress protein D	TH2	HKNPDCAD_02384	HKNPDCAD_02384	
TH2_HKNPDCAD_02385	TH2_contig_2	2048758	2049504	747	-	fpr	Flavodoxin/ferredoxin--NADP reductase	TH2	HKNPDCAD_02385	HKNPDCAD_02385	
TH2_HKNPDCAD_02386	TH2_contig_2	2049600	2050739	1140	-	glpX	Fructose-1,6-bisphosphatase 1 class 2	TH2	HKNPDCAD_02386	HKNPDCAD_02386	
TH2_HKNPDCAD_02387	TH2_contig_2	2050745	2052190	1446	-	glpK_2	Glycerol kinase	TH2	HKNPDCAD_02387	HKNPDCAD_02387	
TH2_HKNPDCAD_02388	TH2_contig_2	2052275	2053120	846	-	glpF	Glycerol uptake facilitator protein	TH2	HKNPDCAD_02388	HKNPDCAD_02388	
TH2_HKNPDCAD_02389	TH2_contig_2	2053551	2053790	240	+	zapB	Cell division protein ZapB	TH2	HKNPDCAD_02389	HKNPDCAD_02389	
TH2_HKNPDCAD_02390	TH2_contig_2	2053874	2054359	486	-	rraA	Regulator of ribonuclease activity A	TH2	HKNPDCAD_02390	HKNPDCAD_02390	
TH2_HKNPDCAD_02391	TH2_contig_2	2054452	2055414	963	-	menA	1,4-dihydroxy-2-naphthoate octaprenyltransferase	TH2	HKNPDCAD_02391	HKNPDCAD_02391	
TH2_HKNPDCAD_02392	TH2_contig_2	2055444	2056775	1332	-	hslU	ATP-dependent protease ATPase subunit HslU	TH2	HKNPDCAD_02392	HKNPDCAD_02392	
TH2_HKNPDCAD_02393	TH2_contig_2	2056785	2057315	531	-	hslV	ATP-dependent protease subunit HslV	TH2	HKNPDCAD_02393	HKNPDCAD_02393	
TH2_HKNPDCAD_02394	TH2_contig_2	2057492	2058259	768	-	ftsN	Cell division protein FtsN	TH2	HKNPDCAD_02394	HKNPDCAD_02394	
TH2_HKNPDCAD_02395	TH2_contig_2	2058455	2059480	1026	-	cytR	HTH-type transcriptional repressor CytR	TH2	HKNPDCAD_02395	HKNPDCAD_02395	
TH2_HKNPDCAD_02396	TH2_contig_2	2059636	2061342	1707	-	priA_1	Primosomal protein N'	TH2	HKNPDCAD_02396	HKNPDCAD_02396	
TH2_HKNPDCAD_02397	TH2_contig_2	2061306	2061833	528	-	priA_2	Primosomal protein N'	TH2	HKNPDCAD_02397	HKNPDCAD_02397	
TH2_HKNPDCAD_02398	TH2_contig_2	2062035	2062247	213	+	rpmE	50S ribosomal protein L31	TH2	HKNPDCAD_02398	HKNPDCAD_02398	
TH2_HKNPDCAD_02399	TH2_contig_2	2062406	2066113	3708	+	rhsC_4	Protein RhsC	TH2	HKNPDCAD_02399	HKNPDCAD_02399	
TH2_HKNPDCAD_02400	TH2_contig_2	2066128	2066589	462	+	hypothetical protein	hypothetical protein	TH2	HKNPDCAD_02400	HKNPDCAD_02400	
TH2_HKNPDCAD_02401	TH2_contig_2	2066591	2066827	237	+	hypothetical protein	hypothetical protein	TH2	HKNPDCAD_02401	HKNPDCAD_02401	
TH2_HKNPDCAD_02402	TH2_contig_2	2067402	2067674	273	-	IS1 family transposase IS1H	IS1 family transposase IS1H	TH2	HKNPDCAD_02402	HKNPDCAD_02402	
TH2_HKNPDCAD_02403	TH2_contig_2	2067819	2068427	609	-	hypothetical protein	hypothetical protein	TH2	HKNPDCAD_02403	HKNPDCAD_02403	
TH2_HKNPDCAD_02404	TH2_contig_2	2068611	2068928	318	-	metJ	Met repressor	TH2	HKNPDCAD_02404	HKNPDCAD_02404	
TH2_HKNPDCAD_02405	TH2_contig_2	2069205	2070365	1161	+	metB	Cystathionine gamma-synthase	TH2	HKNPDCAD_02405	HKNPDCAD_02405	
TH2_HKNPDCAD_02406	TH2_contig_2	2070368	2072800	2433	+	metL	Bifunctional aspartokinase/homoserine dehydrogenase 2	TH2	HKNPDCAD_02406	HKNPDCAD_02406	
TH2_HKNPDCAD_02407	TH2_contig_2	2073149	2074039	891	+	metF	5,10-methylenetetrahydrofolate reductase	TH2	HKNPDCAD_02407	HKNPDCAD_02407	
TH2_HKNPDCAD_02408	TH2_contig_2	2074368	2076548	2181	+	katG	Catalase-peroxidase	TH2	HKNPDCAD_02408	HKNPDCAD_02408	
TH2_HKNPDCAD_02409	TH2_contig_2	2076641	2077198	558	+	yijE_1	putative cystine transporter YijE	TH2	HKNPDCAD_02409	HKNPDCAD_02409	
TH2_HKNPDCAD_02410	TH2_contig_2	2077210	2077533	324	+	yijE_2	putative cystine transporter YijE	TH2	HKNPDCAD_02410	HKNPDCAD_02410	
TH2_HKNPDCAD_02411	TH2_contig_2	2077571	2078188	618	-	hypothetical protein	hypothetical protein	TH2	HKNPDCAD_02411	HKNPDCAD_02411	
TH2_HKNPDCAD_02412	TH2_contig_2	2078463	2079566	1104	-	gldA	Glycerol dehydrogenase	TH2	HKNPDCAD_02412	HKNPDCAD_02412	
TH2_HKNPDCAD_02413	TH2_contig_2	2079577	2079777	201	-	fsaB_1	Fructose-6-phosphate aldolase 2	TH2	HKNPDCAD_02413	HKNPDCAD_02413	
TH2_HKNPDCAD_02414	TH2_contig_2	2079834	2080238	405	-	fsaB_2	Fructose-6-phosphate aldolase 2	TH2	HKNPDCAD_02414	HKNPDCAD_02414	
TH2_HKNPDCAD_02415	TH2_contig_2	2080250	2082751	2502	-	fryA_3	Multiphosphoryl transfer protein 1	TH2	HKNPDCAD_02415	HKNPDCAD_02415	
TH2_HKNPDCAD_02416	TH2_contig_2	2083060	2084139	1080	+	manP_2	PTS system mannose-specific EIIBCA component	TH2	HKNPDCAD_02416	HKNPDCAD_02416	
TH2_HKNPDCAD_02417	TH2_contig_2	2084154	2084474	321	+	fryB_2	PTS system fructose-like EIIB component 1	TH2	HKNPDCAD_02417	HKNPDCAD_02417	
TH2_HKNPDCAD_02418	TH2_contig_2	2084525	2086822	2298	+	cutC_1	Choline trimethylamine-lyase	TH2	HKNPDCAD_02418	HKNPDCAD_02418	
TH2_HKNPDCAD_02419	TH2_contig_2	2086788	2087174	387	+	cutD_1	Choline trimethylamine-lyase activating enzyme	TH2	HKNPDCAD_02419	HKNPDCAD_02419	
TH2_HKNPDCAD_02420	TH2_contig_2	2087174	2087665	492	+	cutD_2	Choline trimethylamine-lyase activating enzyme	TH2	HKNPDCAD_02420	HKNPDCAD_02420	
TH2_HKNPDCAD_02421	TH2_contig_2	2087667	2088008	342	+	frwD	PTS system fructose-like EIIB component 3	TH2	HKNPDCAD_02421	HKNPDCAD_02421	
TH2_HKNPDCAD_02422	TH2_contig_2	2087995	2088846	852	-	rhaS_3	HTH-type transcriptional activator RhaS	TH2	HKNPDCAD_02422	HKNPDCAD_02422	
TH2_HKNPDCAD_02423	TH2_contig_2	2089061	2090794	1734	-	eptC	Phosphoethanolamine transferase EptC	TH2	HKNPDCAD_02423	HKNPDCAD_02423	
TH2_HKNPDCAD_02424	TH2_contig_2	2090976	2093627	2652	-	ppc	Phosphoenolpyruvate carboxylase	TH2	HKNPDCAD_02424	HKNPDCAD_02424	
TH2_HKNPDCAD_02425	TH2_contig_2	2093979	2095130	1152	-	argE_2	Acetylornithine deacetylase	TH2	HKNPDCAD_02425	HKNPDCAD_02425	
TH2_HKNPDCAD_02426	TH2_contig_2	2095305	2095805	501	-	hypothetical protein	hypothetical protein	TH2	HKNPDCAD_02426	HKNPDCAD_02426	
TH2_HKNPDCAD_02427	TH2_contig_2	2095823	2096761	939	+	hypothetical protein	hypothetical protein	TH2	HKNPDCAD_02427	HKNPDCAD_02427	
TH2_HKNPDCAD_02428	TH2_contig_2	2096971	2097975	1005	+	argC	N-acetyl-gamma-glutamyl-phosphate reductase	TH2	HKNPDCAD_02428	HKNPDCAD_02428	
TH2_HKNPDCAD_02429	TH2_contig_2	2097983	2098183	201	+	argB_1	Acetylglutamate kinase	TH2	HKNPDCAD_02429	HKNPDCAD_02429	
TH2_HKNPDCAD_02430	TH2_contig_2	2098180	2098758	579	+	argB_2	Acetylglutamate kinase	TH2	HKNPDCAD_02430	HKNPDCAD_02430	
TH2_HKNPDCAD_02431	TH2_contig_2	2098819	2100192	1374	+	argH	Argininosuccinate lyase	TH2	HKNPDCAD_02431	HKNPDCAD_02431	
TH2_HKNPDCAD_02432	TH2_contig_2	2100458	2101375	918	+	oxyR_1	Hydrogen peroxide-inducible genes activator	TH2	HKNPDCAD_02432	HKNPDCAD_02432	
TH2_HKNPDCAD_02433	TH2_contig_2	2101358	2102758	1401	-	sthA	Soluble pyridine nucleotide transhydrogenase	TH2	HKNPDCAD_02433	HKNPDCAD_02433	
TH2_HKNPDCAD_02434	TH2_contig_2	2103035	2103739	705	+	fabR	HTH-type transcriptional repressor FabR	TH2	HKNPDCAD_02434	HKNPDCAD_02434	
TH2_HKNPDCAD_02435	TH2_contig_2	2103739	2104098	360	+	yijD	Inner membrane protein YijD	TH2	HKNPDCAD_02435	HKNPDCAD_02435	
TH2_HKNPDCAD_02436	TH2_contig_2	2104138	2105238	1101	-	trmA	tRNA/tmRNA (uracil-C(5))-methyltransferase	TH2	HKNPDCAD_02436	HKNPDCAD_02436	
TH2_HKNPDCAD_02437	TH2_contig_2	2105607	2106458	852	+	btuB_2	Vitamin B12 transporter BtuB	TH2	HKNPDCAD_02437	HKNPDCAD_02437	
TH2_HKNPDCAD_02438	TH2_contig_2	2106416	2107444	1029	+	btuB_3	Vitamin B12 transporter BtuB	TH2	HKNPDCAD_02438	HKNPDCAD_02438	
TH2_HKNPDCAD_02439	TH2_contig_2	2107389	2108246	858	+	murI	Glutamate racemase	TH2	HKNPDCAD_02439	HKNPDCAD_02439	
TH2_HKNPDCAD_02444	TH2_contig_2	2113933	2114961	1029	+	murB	UDP-N-acetylenolpyruvoylglucosamine reductase	TH2	HKNPDCAD_02444	HKNPDCAD_02444	
TH2_HKNPDCAD_02445	TH2_contig_2	2114958	2115923	966	+	birA	Bifunctional ligase/repressor BirA	TH2	HKNPDCAD_02445	HKNPDCAD_02445	
TH2_HKNPDCAD_02446	TH2_contig_2	2115952	2116878	927	-	coaA_2	Pantothenate kinase	TH2	HKNPDCAD_02446	HKNPDCAD_02446	
TH2_HKNPDCAD_02451	TH2_contig_2	2117820	2119004	1185	+	tufB	Elongation factor Tu 2	TH2	HKNPDCAD_02451	HKNPDCAD_02451	
TH2_HKNPDCAD_02452	TH2_contig_2	2119233	2119616	384	+	secE	Protein translocase subunit SecE	TH2	HKNPDCAD_02452	HKNPDCAD_02452	
TH2_HKNPDCAD_02453	TH2_contig_2	2119618	2120163	546	+	nusG	Transcription termination/antitermination protein NusG	TH2	HKNPDCAD_02453	HKNPDCAD_02453	
TH2_HKNPDCAD_02454	TH2_contig_2	2120322	2120750	429	+	rplK	50S ribosomal protein L11	TH2	HKNPDCAD_02454	HKNPDCAD_02454	
TH2_HKNPDCAD_02455	TH2_contig_2	2120754	2121440	687	+	rplA	50S ribosomal protein L1	TH2	HKNPDCAD_02455	HKNPDCAD_02455	
TH2_HKNPDCAD_02456	TH2_contig_2	2121870	2122367	498	+	rplJ	50S ribosomal protein L10	TH2	HKNPDCAD_02456	HKNPDCAD_02456	
TH2_HKNPDCAD_02457	TH2_contig_2	2122434	2122799	366	+	rplL	50S ribosomal protein L7/L12	TH2	HKNPDCAD_02457	HKNPDCAD_02457	
TH2_HKNPDCAD_02458	TH2_contig_2	2123119	2124831	1713	+	rpoB_1	DNA-directed RNA polymerase subunit beta	TH2	HKNPDCAD_02458	HKNPDCAD_02458	
TH2_HKNPDCAD_02459	TH2_contig_2	2124792	2127146	2355	+	rpoB_2	DNA-directed RNA polymerase subunit beta	TH2	HKNPDCAD_02459	HKNPDCAD_02459	
TH2_HKNPDCAD_02460	TH2_contig_2	2127223	2131446	4224	+	rpoC	DNA-directed RNA polymerase subunit beta'	TH2	HKNPDCAD_02460	HKNPDCAD_02460	
TH2_HKNPDCAD_02461	TH2_contig_2	2131657	2132196	540	+	htrC	Heat shock protein C	TH2	HKNPDCAD_02461	HKNPDCAD_02461	
TH2_HKNPDCAD_02462	TH2_contig_2	2132606	2133739	1134	-	thiH	2-iminoacetate synthase	TH2	HKNPDCAD_02462	HKNPDCAD_02462	
TH2_HKNPDCAD_02463	TH2_contig_2	2133736	2134707	972	-	thiG	Thiazole synthase	TH2	HKNPDCAD_02463	HKNPDCAD_02463	
TH2_HKNPDCAD_02464	TH2_contig_2	2134691	2135446	756	-	thiF	Sulfur carrier protein ThiS adenylyltransferase	TH2	HKNPDCAD_02464	HKNPDCAD_02464	
TH2_HKNPDCAD_02465	TH2_contig_2	2135439	2136074	636	-	thiE	Thiamine-phosphate synthase	TH2	HKNPDCAD_02465	HKNPDCAD_02465	
TH2_HKNPDCAD_02466	TH2_contig_2	2136074	2137969	1896	-	thiC	Phosphomethylpyrimidine synthase	TH2	HKNPDCAD_02466	HKNPDCAD_02466	
TH2_HKNPDCAD_02467	TH2_contig_2	2138203	2138679	477	-	rsd	Regulator of sigma D	TH2	HKNPDCAD_02467	HKNPDCAD_02467	
TH2_HKNPDCAD_02468	TH2_contig_2	2138774	2139547	774	+	nudC	NADH pyrophosphatase	TH2	HKNPDCAD_02468	HKNPDCAD_02468	
TH2_HKNPDCAD_02469	TH2_contig_2	2139587	2140651	1065	+	hemE	Uroporphyrinogen decarboxylase	TH2	HKNPDCAD_02469	HKNPDCAD_02469	
TH2_HKNPDCAD_02470	TH2_contig_2	2140661	2141332	672	+	nfi	Endonuclease V	TH2	HKNPDCAD_02470	HKNPDCAD_02470	
TH2_HKNPDCAD_02471	TH2_contig_2	2141375	2141965	591	+	putative protein	putative protein	TH2	HKNPDCAD_02471	HKNPDCAD_02471	
TH2_HKNPDCAD_02472	TH2_contig_2	2142150	2142422	273	+	hupA	DNA-binding protein HU-alpha	TH2	HKNPDCAD_02472	HKNPDCAD_02472	
TH2_HKNPDCAD_02473	TH2_contig_2	2142495	2143130	636	+	hypothetical protein	hypothetical protein	TH2	HKNPDCAD_02473	HKNPDCAD_02473	
TH2_HKNPDCAD_02474	TH2_contig_2	2143132	2143557	426	-	zraP	Zinc resistance-associated protein	TH2	HKNPDCAD_02474	HKNPDCAD_02474	
TH2_HKNPDCAD_02475	TH2_contig_2	2143795	2145171	1377	+	zraS	Sensor protein ZraS	TH2	HKNPDCAD_02475	HKNPDCAD_02475	
TH2_HKNPDCAD_02476	TH2_contig_2	2145168	2146493	1326	+	zraR	Transcriptional regulatory protein ZraR	TH2	HKNPDCAD_02476	HKNPDCAD_02476	
TH2_HKNPDCAD_02477	TH2_contig_2	2146490	2147779	1290	-	purD	Phosphoribosylamine--glycine ligase	TH2	HKNPDCAD_02477	HKNPDCAD_02477	
TH2_HKNPDCAD_02478	TH2_contig_2	2147791	2149380	1590	-	purH	Bifunctional purine biosynthesis protein PurH	TH2	HKNPDCAD_02478	HKNPDCAD_02478	
TH2_HKNPDCAD_02483	TH2_contig_2	2155295	2155738	444	-	yjaB	Peptidyl-lysine N-acetyltransferase YjaB	TH2	HKNPDCAD_02483	HKNPDCAD_02483	
TH2_HKNPDCAD_02484	TH2_contig_2	2155895	2156824	930	+	metAS	Homoserine O-succinyltransferase	TH2	HKNPDCAD_02484	HKNPDCAD_02484	
TH2_HKNPDCAD_02485	TH2_contig_2	2157093	2158694	1602	+	aceB	Malate synthase A	TH2	HKNPDCAD_02485	HKNPDCAD_02485	
TH2_HKNPDCAD_02486	TH2_contig_2	2158724	2158939	216	+	aceA_1	Isocitrate lyase	TH2	HKNPDCAD_02486	HKNPDCAD_02486	
TH2_HKNPDCAD_02487	TH2_contig_2	2159035	2160027	993	+	aceA_2	Isocitrate lyase	TH2	HKNPDCAD_02487	HKNPDCAD_02487	
TH2_HKNPDCAD_02488	TH2_contig_2	2160308	2160766	459	+	aceK_1	Isocitrate dehydrogenase kinase/phosphatase	TH2	HKNPDCAD_02488	HKNPDCAD_02488	
TH2_HKNPDCAD_02489	TH2_contig_2	2160766	2162043	1278	+	aceK_2	Isocitrate dehydrogenase kinase/phosphatase	TH2	HKNPDCAD_02489	HKNPDCAD_02489	
TH2_HKNPDCAD_02490	TH2_contig_2	2162012	2163586	1575	-	hypothetical protein	hypothetical protein	TH2	HKNPDCAD_02490	HKNPDCAD_02490	
TH2_HKNPDCAD_02491	TH2_contig_2	2163904	2164728	825	-	iclR	Transcriptional repressor IclR	TH2	HKNPDCAD_02491	HKNPDCAD_02491	
TH2_HKNPDCAD_02492	TH2_contig_2	2164928	2168611	3684	+	metH	Methionine synthase	TH2	HKNPDCAD_02492	HKNPDCAD_02492	
TH2_HKNPDCAD_02493	TH2_contig_2	2169025	2170461	1437	+	hypothetical protein	hypothetical protein	TH2	HKNPDCAD_02493	HKNPDCAD_02493	
TH2_HKNPDCAD_02494	TH2_contig_2	2170551	2171240	690	-	pepE	Peptidase E	TH2	HKNPDCAD_02494	HKNPDCAD_02494	
TH2_HKNPDCAD_02495	TH2_contig_2	2171623	2172852	1230	-	yggP_2	Mannitol-1-phosphate 5-dehydrogenase	TH2	HKNPDCAD_02495	HKNPDCAD_02495	
TH2_HKNPDCAD_02496	TH2_contig_2	2172904	2173728	825	-	sorM	PTS system sorbose-specific EIID component	TH2	HKNPDCAD_02496	HKNPDCAD_02496	
TH2_HKNPDCAD_02497	TH2_contig_2	2173739	2174536	798	-	sorA	PTS system sorbose-specific EIIC component	TH2	HKNPDCAD_02497	HKNPDCAD_02497	
TH2_HKNPDCAD_02498	TH2_contig_2	2174602	2175096	495	-	sorB_2	PTS system sorbose-specific EIIB component	TH2	HKNPDCAD_02498	HKNPDCAD_02498	
TH2_HKNPDCAD_02499	TH2_contig_2	2175096	2175503	408	-	sorF	PTS system sorbose-specific EIIA component	TH2	HKNPDCAD_02499	HKNPDCAD_02499	
TH2_HKNPDCAD_02500	TH2_contig_2	2175513	2176319	807	-	bacC	Dihydroanticapsin 7-dehydrogenase	TH2	HKNPDCAD_02500	HKNPDCAD_02500	
TH2_HKNPDCAD_02501	TH2_contig_2	2176389	2177336	948	-	sorC	Sorbitol operon regulator	TH2	HKNPDCAD_02501	HKNPDCAD_02501	
TH2_HKNPDCAD_02502	TH2_contig_2	2177684	2178559	876	+	rluF	Dual-specificity RNA pseudouridine synthase RluF	TH2	HKNPDCAD_02502	HKNPDCAD_02502	
TH2_HKNPDCAD_02503	TH2_contig_2	2178688	2178960	273	-	hypothetical protein	hypothetical protein	TH2	HKNPDCAD_02503	HKNPDCAD_02503	
TH2_HKNPDCAD_02504	TH2_contig_2	2179213	2180562	1350	-	lysC	Lysine-sensitive aspartokinase 3	TH2	HKNPDCAD_02504	HKNPDCAD_02504	
TH2_HKNPDCAD_02505	TH2_contig_2	2181087	2182736	1650	+	pgi	Glucose-6-phosphate isomerase	TH2	HKNPDCAD_02505	HKNPDCAD_02505	
TH2_HKNPDCAD_02506	TH2_contig_2	2183235	2183477	243	+	hypothetical protein	hypothetical protein	TH2	HKNPDCAD_02506	HKNPDCAD_02506	
TH2_HKNPDCAD_02507	TH2_contig_2	2183591	2184229	639	+	gfcB_1	putative lipoprotein GfcB	TH2	HKNPDCAD_02507	HKNPDCAD_02507	
TH2_HKNPDCAD_02508	TH2_contig_2	2184226	2184963	738	+	hypothetical protein	hypothetical protein	TH2	HKNPDCAD_02508	HKNPDCAD_02508	
TH2_HKNPDCAD_02509	TH2_contig_2	2185100	2187058	1959	+	hypothetical protein	hypothetical protein	TH2	HKNPDCAD_02509	HKNPDCAD_02509	
TH2_HKNPDCAD_02510	TH2_contig_2	2187653	2188063	411	+	psiE	Protein PsiE	TH2	HKNPDCAD_02510	HKNPDCAD_02510	
TH2_HKNPDCAD_02511	TH2_contig_2	2188107	2189582	1476	-	xylE	D-xylose-proton symporter	TH2	HKNPDCAD_02511	HKNPDCAD_02511	
TH2_HKNPDCAD_02512	TH2_contig_2	2189953	2190843	891	-	malG	Maltose/maltodextrin transport system permease protein MalG	TH2	HKNPDCAD_02512	HKNPDCAD_02512	
TH2_HKNPDCAD_02513	TH2_contig_2	2190858	2192402	1545	-	malF	Maltose/maltodextrin transport system permease protein MalF	TH2	HKNPDCAD_02513	HKNPDCAD_02513	
TH2_HKNPDCAD_02514	TH2_contig_2	2192556	2193746	1191	-	malE	Maltose/maltodextrin-binding periplasmic protein	TH2	HKNPDCAD_02514	HKNPDCAD_02514	
TH2_HKNPDCAD_02515	TH2_contig_2	2193839	2193934	96	-	hypothetical protein	hypothetical protein	TH2	HKNPDCAD_02515	HKNPDCAD_02515	
TH2_HKNPDCAD_02516	TH2_contig_2	2194111	2194437	327	+	malK_1	Maltose/maltodextrin import ATP-binding protein MalK	TH2	HKNPDCAD_02516	HKNPDCAD_02516	
TH2_HKNPDCAD_02517	TH2_contig_2	2194434	2195225	792	+	malK_2	Maltose/maltodextrin import ATP-binding protein MalK	TH2	HKNPDCAD_02517	HKNPDCAD_02517	
TH2_HKNPDCAD_02518	TH2_contig_2	2195297	2196637	1341	+	lamB	Maltoporin	TH2	HKNPDCAD_02518	HKNPDCAD_02518	
TH2_HKNPDCAD_02519	TH2_contig_2	2196880	2197800	921	+	hypothetical protein	hypothetical protein	TH2	HKNPDCAD_02519	HKNPDCAD_02519	
TH2_HKNPDCAD_02520	TH2_contig_2	2198029	2198223	195	+	hypothetical protein	hypothetical protein	TH2	HKNPDCAD_02520	HKNPDCAD_02520	
TH2_HKNPDCAD_02521	TH2_contig_2	2198281	2199609	1329	+	sopA	E3 ubiquitin-protein ligase SopA	TH2	HKNPDCAD_02521	HKNPDCAD_02521	
TH2_HKNPDCAD_02522	TH2_contig_2	2199832	2200329	498	+	ubiC	Chorismate pyruvate-lyase	TH2	HKNPDCAD_02522	HKNPDCAD_02522	
TH2_HKNPDCAD_02523	TH2_contig_2	2200341	2201213	873	+	ubiA	4-hydroxybenzoate octaprenyltransferase	TH2	HKNPDCAD_02523	HKNPDCAD_02523	
TH2_HKNPDCAD_02524	TH2_contig_2	2201368	2203791	2424	-	plsB	Glycerol-3-phosphate acyltransferase	TH2	HKNPDCAD_02524	HKNPDCAD_02524	
TH2_HKNPDCAD_02525	TH2_contig_2	2203962	2204330	369	+	dgkA	Diacylglycerol kinase	TH2	HKNPDCAD_02525	HKNPDCAD_02525	
TH2_HKNPDCAD_02526	TH2_contig_2	2204440	2205048	609	+	lexA	LexA repressor	TH2	HKNPDCAD_02526	HKNPDCAD_02526	
TH2_HKNPDCAD_02527	TH2_contig_2	2205121	2206446	1326	+	dinF	DNA damage-inducible protein F	TH2	HKNPDCAD_02527	HKNPDCAD_02527	
TH2_HKNPDCAD_02528	TH2_contig_2	2206562	2206771	210	+	hypothetical protein	hypothetical protein	TH2	HKNPDCAD_02528	HKNPDCAD_02528	
TH2_HKNPDCAD_02529	TH2_contig_2	2206813	2207328	516	-	zur	Zinc uptake regulation protein	TH2	HKNPDCAD_02529	HKNPDCAD_02529	
TH2_HKNPDCAD_02530	TH2_contig_2	2207646	2208638	993	+	hypothetical protein	hypothetical protein	TH2	HKNPDCAD_02530	HKNPDCAD_02530	
TH2_HKNPDCAD_02531	TH2_contig_2	2208999	2210036	1038	+	dusA	tRNA-dihydrouridine(20/20a) synthase	TH2	HKNPDCAD_02531	HKNPDCAD_02531	
TH2_HKNPDCAD_02532	TH2_contig_2	2210170	2210412	243	+	pspG	Phage shock protein G	TH2	HKNPDCAD_02532	HKNPDCAD_02532	
TH2_HKNPDCAD_02533	TH2_contig_2	2210578	2211561	984	-	qorA	Quinone oxidoreductase 1	TH2	HKNPDCAD_02533	HKNPDCAD_02533	
TH2_HKNPDCAD_02534	TH2_contig_2	2211644	2213059	1416	+	dnaB	Replicative DNA helicase	TH2	HKNPDCAD_02534	HKNPDCAD_02534	
TH2_HKNPDCAD_02535	TH2_contig_2	2213112	2213474	363	+	Alanine racemase	Alanine racemase	TH2	HKNPDCAD_02535	HKNPDCAD_02535	
TH2_HKNPDCAD_02536	TH2_contig_2	2213471	2214190	720	+	alr	Alanine racemase, biosynthetic	TH2	HKNPDCAD_02536	HKNPDCAD_02536	
TH2_HKNPDCAD_02537	TH2_contig_2	2214443	2215636	1194	+	tyrB	Aromatic-amino-acid aminotransferase	TH2	HKNPDCAD_02537	HKNPDCAD_02537	
TH2_HKNPDCAD_02538	TH2_contig_2	2216138	2216341	204	-	hypothetical protein	hypothetical protein	TH2	HKNPDCAD_02538	HKNPDCAD_02538	
TH2_HKNPDCAD_02539	TH2_contig_2	2216743	2217456	714	+	aphA	Class B acid phosphatase	TH2	HKNPDCAD_02539	HKNPDCAD_02539	
TH2_HKNPDCAD_02540	TH2_contig_2	2217567	2217983	417	+	hypothetical protein	hypothetical protein	TH2	HKNPDCAD_02540	HKNPDCAD_02540	
TH2_HKNPDCAD_02541	TH2_contig_2	2217987	2218343	357	+	yjbR	putative protein YjbR	TH2	HKNPDCAD_02541	HKNPDCAD_02541	
TH2_HKNPDCAD_02542	TH2_contig_2	2218378	2221200	2823	-	uvrA	UvrABC system protein A	TH2	HKNPDCAD_02542	HKNPDCAD_02542	
TH2_HKNPDCAD_02543	TH2_contig_2	2221454	2221990	537	+	ssb_2	Single-stranded DNA-binding protein	TH2	HKNPDCAD_02543	HKNPDCAD_02543	
TH2_HKNPDCAD_02544	TH2_contig_2	2222128	2223396	1269	+	xerC_6	Tyrosine recombinase XerC	TH2	HKNPDCAD_02544	HKNPDCAD_02544	
TH2_HKNPDCAD_02545	TH2_contig_2	2223383	2224921	1539	+	hypothetical protein	hypothetical protein	TH2	HKNPDCAD_02545	HKNPDCAD_02545	
TH2_HKNPDCAD_02546	TH2_contig_2	2224938	2226971	2034	+	hypothetical protein	hypothetical protein	TH2	HKNPDCAD_02546	HKNPDCAD_02546	
TH2_HKNPDCAD_02547	TH2_contig_2	2227123	2227383	261	+	hypothetical protein	hypothetical protein	TH2	HKNPDCAD_02547	HKNPDCAD_02547	
TH2_HKNPDCAD_02548	TH2_contig_2	2227459	2230866	3408	+	hypothetical protein	hypothetical protein	TH2	HKNPDCAD_02548	HKNPDCAD_02548	
TH2_HKNPDCAD_02549	TH2_contig_2	2231067	2232221	1155	+	hypothetical protein	hypothetical protein	TH2	HKNPDCAD_02549	HKNPDCAD_02549	
TH2_HKNPDCAD_02550	TH2_contig_2	2232484	2232612	129	-	hypothetical protein	hypothetical protein	TH2	HKNPDCAD_02550	HKNPDCAD_02550	
TH2_HKNPDCAD_02551	TH2_contig_2	2232760	2233581	822	-	hypothetical protein	hypothetical protein	TH2	HKNPDCAD_02551	HKNPDCAD_02551	
TH2_HKNPDCAD_02552	TH2_contig_2	2233989	2234270	282	-	hypothetical protein	hypothetical protein	TH2	HKNPDCAD_02552	HKNPDCAD_02552	
TH2_HKNPDCAD_02553	TH2_contig_2	2234700	2236286	1587	+	pdeC	putative cyclic di-GMP phosphodiesterase PdeC	TH2	HKNPDCAD_02553	HKNPDCAD_02553	
TH2_HKNPDCAD_02554	TH2_contig_2	2236289	2236612	324	-	soxS	Regulatory protein SoxS	TH2	HKNPDCAD_02554	HKNPDCAD_02554	
TH2_HKNPDCAD_02555	TH2_contig_2	2236745	2237161	417	+	soxR	Redox-sensitive transcriptional activator SoxR	TH2	HKNPDCAD_02555	HKNPDCAD_02555	
TH2_HKNPDCAD_02556	TH2_contig_2	2237706	2239055	1350	+	ghxP	Guanine/hypoxanthine permease GhxP	TH2	HKNPDCAD_02556	HKNPDCAD_02556	
TH2_HKNPDCAD_02557	TH2_contig_2	2239206	2239664	459	+	nhaK_1	Sodium, potassium, lithium and rubidium/H(+) antiporter	TH2	HKNPDCAD_02557	HKNPDCAD_02557	
TH2_HKNPDCAD_02558	TH2_contig_2	2239637	2240854	1218	+	nhaK_2	Sodium, potassium, lithium and rubidium/H(+) antiporter	TH2	HKNPDCAD_02558	HKNPDCAD_02558	
TH2_HKNPDCAD_02559	TH2_contig_2	2241008	2242300	1293	-	hypothetical protein	hypothetical protein	TH2	HKNPDCAD_02559	HKNPDCAD_02559	
TH2_HKNPDCAD_02560	TH2_contig_2	2242478	2244127	1650	-	actP	Cation/acetate symporter ActP	TH2	HKNPDCAD_02560	HKNPDCAD_02560	
TH2_HKNPDCAD_02561	TH2_contig_2	2244124	2244438	315	-	yjcH	Inner membrane protein YjcH	TH2	HKNPDCAD_02561	HKNPDCAD_02561	
TH2_HKNPDCAD_02562	TH2_contig_2	2244639	2245373	735	-	acs_1	Acetyl-coenzyme A synthetase	TH2	HKNPDCAD_02562	HKNPDCAD_02562	
TH2_HKNPDCAD_02563	TH2_contig_2	2245331	2246596	1266	-	acs_2	Acetyl-coenzyme A synthetase	TH2	HKNPDCAD_02563	HKNPDCAD_02563	
TH2_HKNPDCAD_02564	TH2_contig_2	2246989	2248425	1437	+	nrfA	Cytochrome c-552	TH2	HKNPDCAD_02564	HKNPDCAD_02564	
TH2_HKNPDCAD_02565	TH2_contig_2	2248470	2249036	567	+	nrfB	Cytochrome c-type protein NrfB	TH2	HKNPDCAD_02565	HKNPDCAD_02565	
TH2_HKNPDCAD_02566	TH2_contig_2	2249033	2249704	672	+	ydhX_1	putative ferredoxin-like protein YdhX	TH2	HKNPDCAD_02566	HKNPDCAD_02566	
TH2_HKNPDCAD_02567	TH2_contig_2	2249701	2250657	957	+	hypothetical protein	hypothetical protein	TH2	HKNPDCAD_02567	HKNPDCAD_02567	
TH2_HKNPDCAD_02568	TH2_contig_2	2250773	2251525	753	+	ccmF_2	Cytochrome c-type biogenesis protein CcmF	TH2	HKNPDCAD_02568	HKNPDCAD_02568	
TH2_HKNPDCAD_02569	TH2_contig_2	2251534	2252340	807	+	ccmF_3	Cytochrome c-type biogenesis protein CcmF	TH2	HKNPDCAD_02569	HKNPDCAD_02569	
TH2_HKNPDCAD_02570	TH2_contig_2	2252386	2252769	384	+	ccmH_3	Cytochrome c-type biogenesis protein CcmH	TH2	HKNPDCAD_02570	HKNPDCAD_02570	
TH2_HKNPDCAD_02571	TH2_contig_2	2252766	2253362	597	+	nrfG	Formate-dependent nitrite reductase complex subunit NrfG	TH2	HKNPDCAD_02571	HKNPDCAD_02571	
TH2_HKNPDCAD_02572	TH2_contig_2	2253704	2255017	1314	+	gltP	Proton/glutamate-aspartate symporter	TH2	HKNPDCAD_02572	HKNPDCAD_02572	
TH2_HKNPDCAD_02573	TH2_contig_2	2255434	2256123	690	-	hypothetical protein	hypothetical protein	TH2	HKNPDCAD_02573	HKNPDCAD_02573	
TH2_HKNPDCAD_02574	TH2_contig_2	2256217	2257896	1680	-	fdhF_1	Formate dehydrogenase H	TH2	HKNPDCAD_02574	HKNPDCAD_02574	
TH2_HKNPDCAD_02575	TH2_contig_2	2257945	2258364	420	-	fdhF_2	Formate dehydrogenase H	TH2	HKNPDCAD_02575	HKNPDCAD_02575	
TH2_HKNPDCAD_02576	TH2_contig_2	2258562	2260028	1467	-	cusC_1	Cation efflux system protein CusC	TH2	HKNPDCAD_02576	HKNPDCAD_02576	
TH2_HKNPDCAD_02577	TH2_contig_2	2260025	2262076	2052	-	mdtO	Multidrug resistance protein MdtO	TH2	HKNPDCAD_02577	HKNPDCAD_02577	
TH2_HKNPDCAD_02578	TH2_contig_2	2262076	2263107	1032	-	mdtN	Multidrug resistance protein MdtN	TH2	HKNPDCAD_02578	HKNPDCAD_02578	
TH2_HKNPDCAD_02579	TH2_contig_2	2263126	2263401	276	-	hypothetical protein	hypothetical protein	TH2	HKNPDCAD_02579	HKNPDCAD_02579	
TH2_HKNPDCAD_02580	TH2_contig_2	2263610	2265595	1986	-	yjcS	Putative alkyl/aryl-sulfatase YjcS	TH2	HKNPDCAD_02580	HKNPDCAD_02580	
TH2_HKNPDCAD_02581	TH2_contig_2	2265868	2266284	417	-	alsK_1	D-allose kinase	TH2	HKNPDCAD_02581	HKNPDCAD_02581	
TH2_HKNPDCAD_02582	TH2_contig_2	2266281	2266643	363	-	alsK_2	D-allose kinase	TH2	HKNPDCAD_02582	HKNPDCAD_02582	
TH2_HKNPDCAD_02583	TH2_contig_2	2266640	2266795	156	-	alsK_3	D-allose kinase	TH2	HKNPDCAD_02583	HKNPDCAD_02583	
TH2_HKNPDCAD_02584	TH2_contig_2	2266779	2267474	696	-	alsE	D-allulose-6-phosphate 3-epimerase	TH2	HKNPDCAD_02584	HKNPDCAD_02584	
TH2_HKNPDCAD_02585	TH2_contig_2	2267485	2268465	981	-	alsC	D-allose transport system permease protein AlsC	TH2	HKNPDCAD_02585	HKNPDCAD_02585	
TH2_HKNPDCAD_02586	TH2_contig_2	2268444	2268959	516	-	rbsA_2	Ribose import ATP-binding protein RbsA	TH2	HKNPDCAD_02586	HKNPDCAD_02586	
TH2_HKNPDCAD_02587	TH2_contig_2	2268968	2269594	627	-	mglA_3	Galactose/methyl galactoside import ATP-binding protein MglA	TH2	HKNPDCAD_02587	HKNPDCAD_02587	
TH2_HKNPDCAD_02588	TH2_contig_2	2269591	2269974	384	-	araG_1	Arabinose import ATP-binding protein AraG	TH2	HKNPDCAD_02588	HKNPDCAD_02588	
TH2_HKNPDCAD_02589	TH2_contig_2	2270101	2270652	552	-	alsB	D-allose-binding periplasmic protein	TH2	HKNPDCAD_02589	HKNPDCAD_02589	
TH2_HKNPDCAD_02590	TH2_contig_2	2271094	2271984	891	-	rpiR	HTH-type transcriptional regulator RpiR	TH2	HKNPDCAD_02590	HKNPDCAD_02590	
TH2_HKNPDCAD_02591	TH2_contig_2	2272343	2272792	450	+	rpiB	Ribose-5-phosphate isomerase B	TH2	HKNPDCAD_02591	HKNPDCAD_02591	
TH2_HKNPDCAD_02592	TH2_contig_2	2272861	2272998	138	+	hypothetical protein	hypothetical protein	TH2	HKNPDCAD_02592	HKNPDCAD_02592	
TH2_HKNPDCAD_02593	TH2_contig_2	2272967	2273233	267	-	hypothetical protein	hypothetical protein	TH2	HKNPDCAD_02593	HKNPDCAD_02593	
TH2_HKNPDCAD_02594	TH2_contig_2	2273233	2273991	759	-	phnP	Phosphoribosyl 1,2-cyclic phosphate phosphodiesterase	TH2	HKNPDCAD_02594	HKNPDCAD_02594	
TH2_HKNPDCAD_02595	TH2_contig_2	2273993	2274427	435	-	phnO	Aminoalkylphosphonate N-acetyltransferase	TH2	HKNPDCAD_02595	HKNPDCAD_02595	
TH2_HKNPDCAD_02596	TH2_contig_2	2274414	2274971	558	-	phnN	Ribose 1,5-bisphosphate phosphokinase PhnN	TH2	HKNPDCAD_02596	HKNPDCAD_02596	
TH2_HKNPDCAD_02597	TH2_contig_2	2274971	2276107	1137	-	phnM	Alpha-D-ribose 1-methylphosphonate 5-triphosphate diphosphatase	TH2	HKNPDCAD_02597	HKNPDCAD_02597	
TH2_HKNPDCAD_02598	TH2_contig_2	2276211	2276780	570	-	hypothetical protein	hypothetical protein	TH2	HKNPDCAD_02598	HKNPDCAD_02598	
TH2_HKNPDCAD_02599	TH2_contig_2	2276891	2277649	759	-	phnK	Putative phosphonates utilization ATP-binding protein PhnK	TH2	HKNPDCAD_02599	HKNPDCAD_02599	
TH2_HKNPDCAD_02600	TH2_contig_2	2277646	2278491	846	-	phnJ	Alpha-D-ribose 1-methylphosphonate 5-phosphate C-P lyase	TH2	HKNPDCAD_02600	HKNPDCAD_02600	
TH2_HKNPDCAD_02601	TH2_contig_2	2278484	2279548	1065	-	phnI	Alpha-D-ribose 1-methylphosphonate 5-triphosphate synthase subunit PhnI	TH2	HKNPDCAD_02601	HKNPDCAD_02601	
TH2_HKNPDCAD_02602	TH2_contig_2	2279548	2280132	585	-	phnH	Alpha-D-ribose 1-methylphosphonate 5-triphosphate synthase subunit PhnH	TH2	HKNPDCAD_02602	HKNPDCAD_02602	
TH2_HKNPDCAD_02603	TH2_contig_2	2280129	2280581	453	-	phnG	Alpha-D-ribose 1-methylphosphonate 5-triphosphate synthase subunit PhnG	TH2	HKNPDCAD_02603	HKNPDCAD_02603	
TH2_HKNPDCAD_02604	TH2_contig_2	2280582	2281307	726	-	phnF	putative transcriptional regulator PhnF	TH2	HKNPDCAD_02604	HKNPDCAD_02604	
TH2_HKNPDCAD_02605	TH2_contig_2	2281328	2282107	780	-	phnE	Phosphate-import permease protein PhnE	TH2	HKNPDCAD_02605	HKNPDCAD_02605	
TH2_HKNPDCAD_02606	TH2_contig_2	2282213	2283229	1017	-	hypothetical protein	hypothetical protein	TH2	HKNPDCAD_02606	HKNPDCAD_02606	
TH2_HKNPDCAD_02607	TH2_contig_2	2283254	2284042	789	-	phnC	Phosphate-import ATP-binding protein PhnC	TH2	HKNPDCAD_02607	HKNPDCAD_02607	
TH2_HKNPDCAD_02608	TH2_contig_2	2284175	2284618	444	-	hypothetical protein	hypothetical protein	TH2	HKNPDCAD_02608	HKNPDCAD_02608	
TH2_HKNPDCAD_02609	TH2_contig_2	2285376	2285711	336	-	hypothetical protein	hypothetical protein	TH2	HKNPDCAD_02609	HKNPDCAD_02609	
TH2_HKNPDCAD_02610	TH2_contig_2	2286112	2288340	2229	+	crfC	Clamp-binding protein CrfC	TH2	HKNPDCAD_02610	HKNPDCAD_02610	
TH2_HKNPDCAD_02611	TH2_contig_2	2288337	2289215	879	+	hypothetical protein	hypothetical protein	TH2	HKNPDCAD_02611	HKNPDCAD_02611	
TH2_HKNPDCAD_02612	TH2_contig_2	2289479	2289655	177	+	proP_1	Proline/betaine transporter	TH2	HKNPDCAD_02612	HKNPDCAD_02612	
TH2_HKNPDCAD_02613	TH2_contig_2	2289669	2290979	1311	+	proP_2	Proline/betaine transporter	TH2	HKNPDCAD_02613	HKNPDCAD_02613	
TH2_HKNPDCAD_02614	TH2_contig_2	2291091	2291180	90	+	hypothetical protein	hypothetical protein	TH2	HKNPDCAD_02614	HKNPDCAD_02614	
TH2_HKNPDCAD_02615	TH2_contig_2	2291156	2292256	1101	-	basS	Sensor protein BasS	TH2	HKNPDCAD_02615	HKNPDCAD_02615	
TH2_HKNPDCAD_02616	TH2_contig_2	2292257	2292925	669	-	basR	Transcriptional regulatory protein BasR	TH2	HKNPDCAD_02616	HKNPDCAD_02616	
TH2_HKNPDCAD_02617	TH2_contig_2	2292922	2294565	1644	-	eptA	Phosphoethanolamine transferase EptA	TH2	HKNPDCAD_02617	HKNPDCAD_02617	
TH2_HKNPDCAD_02618	TH2_contig_2	2294669	2296006	1338	-	adiC	Arginine/agmatine antiporter	TH2	HKNPDCAD_02618	HKNPDCAD_02618	
TH2_HKNPDCAD_02619	TH2_contig_2	2296143	2296904	762	-	gadX_2	HTH-type transcriptional regulator GadX	TH2	HKNPDCAD_02619	HKNPDCAD_02619	
TH2_HKNPDCAD_02620	TH2_contig_2	2297229	2298899	1671	-	adiA_1	Biodegradative arginine decarboxylase	TH2	HKNPDCAD_02620	HKNPDCAD_02620	
TH2_HKNPDCAD_02621	TH2_contig_2	2298892	2299323	432	-	hypothetical protein	hypothetical protein	TH2	HKNPDCAD_02621	HKNPDCAD_02621	
TH2_HKNPDCAD_02622	TH2_contig_2	2299323	2299496	174	-	adiA_2	Biodegradative arginine decarboxylase	TH2	HKNPDCAD_02622	HKNPDCAD_02622	
TH2_HKNPDCAD_02623	TH2_contig_2	2299692	2300600	909	-	melR_2	Melibiose operon regulatory protein	TH2	HKNPDCAD_02623	HKNPDCAD_02623	
TH2_HKNPDCAD_02624	TH2_contig_2	2300883	2302238	1356	+	melA	Alpha-galactosidase	TH2	HKNPDCAD_02624	HKNPDCAD_02624	
TH2_HKNPDCAD_02625	TH2_contig_2	2302353	2302826	474	+	melB_1	Melibiose carrier protein	TH2	HKNPDCAD_02625	HKNPDCAD_02625	
TH2_HKNPDCAD_02626	TH2_contig_2	2302823	2303761	939	+	melB_2	Melibiose carrier protein	TH2	HKNPDCAD_02626	HKNPDCAD_02626	
TH2_HKNPDCAD_02627	TH2_contig_2	2303900	2304529	630	-	yjdF	Inner membrane protein YjdF	TH2	HKNPDCAD_02627	HKNPDCAD_02627	
TH2_HKNPDCAD_02628	TH2_contig_2	2304652	2306298	1647	-	fumB	Fumarate hydratase class I, anaerobic	TH2	HKNPDCAD_02628	HKNPDCAD_02628	
TH2_HKNPDCAD_02629	TH2_contig_2	2306376	2307716	1341	-	dcuB	Anaerobic C4-dicarboxylate transporter DcuB	TH2	HKNPDCAD_02629	HKNPDCAD_02629	
TH2_HKNPDCAD_02630	TH2_contig_2	2308287	2309006	720	-	dcuR	Transcriptional regulatory protein DcuR	TH2	HKNPDCAD_02630	HKNPDCAD_02630	
TH2_HKNPDCAD_02631	TH2_contig_2	2309003	2309713	711	-	dcuS_1	Sensor histidine kinase DcuS	TH2	HKNPDCAD_02631	HKNPDCAD_02631	
TH2_HKNPDCAD_02632	TH2_contig_2	2309728	2309955	228	-	dcuS_2	Sensor histidine kinase DcuS	TH2	HKNPDCAD_02632	HKNPDCAD_02632	
TH2_HKNPDCAD_02633	TH2_contig_2	2310125	2310631	507	-	dcuS_3	Sensor histidine kinase DcuS	TH2	HKNPDCAD_02633	HKNPDCAD_02633	
TH2_HKNPDCAD_02634	TH2_contig_2	2310812	2311042	231	+	hypothetical protein	hypothetical protein	TH2	HKNPDCAD_02634	HKNPDCAD_02634	
TH2_HKNPDCAD_02635	TH2_contig_2	2311054	2311326	273	+	yjdJ	putative protein YjdJ	TH2	HKNPDCAD_02635	HKNPDCAD_02635	
TH2_HKNPDCAD_02636	TH2_contig_2	2311553	2311849	297	+	ghoS	Endoribonuclease antitoxin GhoS	TH2	HKNPDCAD_02636	HKNPDCAD_02636	
TH2_HKNPDCAD_02637	TH2_contig_2	2312174	2313691	1518	-	lysU	Lysine--tRNA ligase, heat inducible	TH2	HKNPDCAD_02637	HKNPDCAD_02637	
TH2_HKNPDCAD_02638	TH2_contig_2	2313928	2315385	1458	-	dtpC	Dipeptide and tripeptide permease C	TH2	HKNPDCAD_02638	HKNPDCAD_02638	
TH2_HKNPDCAD_02639	TH2_contig_2	2315443	2317590	2148	-	cadA	Inducible lysine decarboxylase	TH2	HKNPDCAD_02639	HKNPDCAD_02639	
TH2_HKNPDCAD_02640	TH2_contig_2	2317670	2319004	1335	-	cadB	putative cadaverine/lysine antiporter	TH2	HKNPDCAD_02640	HKNPDCAD_02640	
TH2_HKNPDCAD_02641	TH2_contig_2	2319369	2320907	1539	-	cadC	Transcriptional activator CadC	TH2	HKNPDCAD_02641	HKNPDCAD_02641	
TH2_HKNPDCAD_02643	TH2_contig_2	2321706	2322281	576	-	hypothetical protein	hypothetical protein	TH2	HKNPDCAD_02643	HKNPDCAD_02643	
TH2_HKNPDCAD_02644	TH2_contig_2	2322318	2324015	1698	-	dsbD_1	Thiol:disulfide interchange protein DsbD	TH2	HKNPDCAD_02644	HKNPDCAD_02644	
TH2_HKNPDCAD_02645	TH2_contig_2	2323991	2324329	339	-	cutA	Divalent-cation tolerance protein CutA	TH2	HKNPDCAD_02645	HKNPDCAD_02645	
TH2_HKNPDCAD_02646	TH2_contig_2	2324444	2325745	1302	-	dcuA	Anaerobic C4-dicarboxylate transporter DcuA	TH2	HKNPDCAD_02646	HKNPDCAD_02646	
TH2_HKNPDCAD_02647	TH2_contig_2	2325863	2327299	1437	-	aspA	Aspartate ammonia-lyase	TH2	HKNPDCAD_02647	HKNPDCAD_02647	
TH2_HKNPDCAD_02648	TH2_contig_2	2327636	2328112	477	+	hypothetical protein	hypothetical protein	TH2	HKNPDCAD_02648	HKNPDCAD_02648	
TH2_HKNPDCAD_02649	TH2_contig_2	2328128	2329384	1257	-	yjeH	L-methionine/branched-chain amino acid exporter YjeH	TH2	HKNPDCAD_02649	HKNPDCAD_02649	
TH2_HKNPDCAD_02650	TH2_contig_2	2329659	2329952	294	+	groS	10 kDa chaperonin	TH2	HKNPDCAD_02650	HKNPDCAD_02650	
TH2_HKNPDCAD_02651	TH2_contig_2	2329996	2331642	1647	+	groL	60 kDa chaperonin	TH2	HKNPDCAD_02651	HKNPDCAD_02651	
TH2_HKNPDCAD_02652	TH2_contig_2	2331780	2332133	354	+	hypothetical protein	hypothetical protein	TH2	HKNPDCAD_02652	HKNPDCAD_02652	
TH2_HKNPDCAD_02653	TH2_contig_2	2332326	2333195	870	-	hypothetical protein	hypothetical protein	TH2	HKNPDCAD_02653	HKNPDCAD_02653	
TH2_HKNPDCAD_02654	TH2_contig_2	2333590	2334618	1029	-	epmB	L-lysine 2,3-aminomutase	TH2	HKNPDCAD_02654	HKNPDCAD_02654	
TH2_HKNPDCAD_02655	TH2_contig_2	2334660	2334869	210	+	efp_1	Elongation factor P	TH2	HKNPDCAD_02655	HKNPDCAD_02655	
TH2_HKNPDCAD_02656	TH2_contig_2	2334866	2335225	360	+	efp_2	Elongation factor P	TH2	HKNPDCAD_02656	HKNPDCAD_02656	
TH2_HKNPDCAD_02657	TH2_contig_2	2335277	2335402	126	+	hypothetical protein	hypothetical protein	TH2	HKNPDCAD_02657	HKNPDCAD_02657	
TH2_HKNPDCAD_02658	TH2_contig_2	2335513	2335659	147	+	hypothetical protein	hypothetical protein	TH2	HKNPDCAD_02658	HKNPDCAD_02658	
TH2_HKNPDCAD_02659	TH2_contig_2	2335841	2336158	318	+	gdx	Guanidinium exporter	TH2	HKNPDCAD_02659	HKNPDCAD_02659	
TH2_HKNPDCAD_02660	TH2_contig_2	2336155	2336688	534	-	blc_1	Outer membrane lipoprotein Blc	TH2	HKNPDCAD_02660	HKNPDCAD_02660	
TH2_HKNPDCAD_02661	TH2_contig_2	2336777	2337925	1149	-	ampC	Beta-lactamase	TH2	HKNPDCAD_02661	HKNPDCAD_02661	
TH2_HKNPDCAD_02662	TH2_contig_2	2337972	2338331	360	-	frdD	Fumarate reductase subunit D	TH2	HKNPDCAD_02662	HKNPDCAD_02662	
TH2_HKNPDCAD_02663	TH2_contig_2	2338342	2338737	396	-	frdC	Fumarate reductase subunit C	TH2	HKNPDCAD_02663	HKNPDCAD_02663	
TH2_HKNPDCAD_02664	TH2_contig_2	2338748	2339482	735	-	frdB	Fumarate reductase iron-sulfur subunit	TH2	HKNPDCAD_02664	HKNPDCAD_02664	
TH2_HKNPDCAD_02665	TH2_contig_2	2339475	2341283	1809	-	frdA	Fumarate reductase flavoprotein subunit	TH2	HKNPDCAD_02665	HKNPDCAD_02665	
TH2_HKNPDCAD_02666	TH2_contig_2	2341608	2342585	978	+	epmA	Elongation factor P--(R)-beta-lysine ligase	TH2	HKNPDCAD_02666	HKNPDCAD_02666	
TH2_HKNPDCAD_02667	TH2_contig_2	2342849	2344306	1458	+	yjeM	Inner membrane transporter YjeM	TH2	HKNPDCAD_02667	HKNPDCAD_02667	
TH2_HKNPDCAD_02668	TH2_contig_2	2344457	2347747	3291	-	mscM	Miniconductance mechanosensitive channel MscM	TH2	HKNPDCAD_02668	HKNPDCAD_02668	
TH2_HKNPDCAD_02669	TH2_contig_2	2347801	2348769	969	-	psd	Phosphatidylserine decarboxylase proenzyme	TH2	HKNPDCAD_02669	HKNPDCAD_02669	
TH2_HKNPDCAD_02670	TH2_contig_2	2348865	2349917	1053	-	rsgA	Small ribosomal subunit biogenesis GTPase RsgA	TH2	HKNPDCAD_02670	HKNPDCAD_02670	
TH2_HKNPDCAD_02671	TH2_contig_2	2350012	2350557	546	+	orn	Oligoribonuclease	TH2	HKNPDCAD_02671	HKNPDCAD_02671	
TH2_HKNPDCAD_02675	TH2_contig_2	2351334	2352473	1140	-	queG	Epoxyqueuosine reductase	TH2	HKNPDCAD_02675	HKNPDCAD_02675	
TH2_HKNPDCAD_02676	TH2_contig_2	2352487	2354019	1533	+	nnr	Bifunctional NAD(P)H-hydrate repair enzyme Nnr	TH2	HKNPDCAD_02676	HKNPDCAD_02676	
TH2_HKNPDCAD_02677	TH2_contig_2	2353991	2354452	462	+	tsaE	tRNA threonylcarbamoyladenosine biosynthesis protein TsaE	TH2	HKNPDCAD_02677	HKNPDCAD_02677	
TH2_HKNPDCAD_02678	TH2_contig_2	2354471	2355808	1338	+	amiB	N-acetylmuramoyl-L-alanine amidase AmiB	TH2	HKNPDCAD_02678	HKNPDCAD_02678	
TH2_HKNPDCAD_02679	TH2_contig_2	2355818	2356798	981	+	mutL_1	DNA mismatch repair protein MutL	TH2	HKNPDCAD_02679	HKNPDCAD_02679	
TH2_HKNPDCAD_02680	TH2_contig_2	2356744	2357664	921	+	mutL_2	DNA mismatch repair protein MutL	TH2	HKNPDCAD_02680	HKNPDCAD_02680	
TH2_HKNPDCAD_02681	TH2_contig_2	2357657	2358607	951	+	miaA	tRNA dimethylallyltransferase	TH2	HKNPDCAD_02681	HKNPDCAD_02681	
TH2_HKNPDCAD_02682	TH2_contig_2	2358693	2359001	309	+	hfq	RNA-binding protein Hfq	TH2	HKNPDCAD_02682	HKNPDCAD_02682	
TH2_HKNPDCAD_02683	TH2_contig_2	2359077	2360357	1281	+	hflX	GTPase HflX	TH2	HKNPDCAD_02683	HKNPDCAD_02683	
TH2_HKNPDCAD_02684	TH2_contig_2	2360443	2361702	1260	+	hflK	Modulator of FtsH protease HflK	TH2	HKNPDCAD_02684	HKNPDCAD_02684	
TH2_HKNPDCAD_02685	TH2_contig_2	2361705	2362709	1005	+	hflC	Modulator of FtsH protease HflC	TH2	HKNPDCAD_02685	HKNPDCAD_02685	
TH2_HKNPDCAD_02686	TH2_contig_2	2362791	2362988	198	+	hypothetical protein	hypothetical protein	TH2	HKNPDCAD_02686	HKNPDCAD_02686	
TH2_HKNPDCAD_02687	TH2_contig_2	2363092	2364390	1299	+	purA	Adenylosuccinate synthetase	TH2	HKNPDCAD_02687	HKNPDCAD_02687	
TH2_HKNPDCAD_02688	TH2_contig_2	2364594	2365019	426	+	nsrR	HTH-type transcriptional repressor NsrR	TH2	HKNPDCAD_02688	HKNPDCAD_02688	
TH2_HKNPDCAD_02689	TH2_contig_2	2365058	2366101	1044	+	rnr_1	Ribonuclease R	TH2	HKNPDCAD_02689	HKNPDCAD_02689	
TH2_HKNPDCAD_02690	TH2_contig_2	2366050	2367498	1449	+	rnr_2	Ribonuclease R	TH2	HKNPDCAD_02690	HKNPDCAD_02690	
TH2_HKNPDCAD_02691	TH2_contig_2	2367679	2368410	732	+	rlmB	23S rRNA (guanosine-2'-O-)-methyltransferase RlmB	TH2	HKNPDCAD_02691	HKNPDCAD_02691	
TH2_HKNPDCAD_02692	TH2_contig_2	2368537	2368938	402	+	hypothetical protein	hypothetical protein	TH2	HKNPDCAD_02692	HKNPDCAD_02692	
TH2_HKNPDCAD_02693	TH2_contig_2	2368957	2369655	699	+	hypothetical protein	hypothetical protein	TH2	HKNPDCAD_02693	HKNPDCAD_02693	
TH2_HKNPDCAD_02694	TH2_contig_2	2369706	2370365	660	+	hypothetical protein	hypothetical protein	TH2	HKNPDCAD_02694	HKNPDCAD_02694	
TH2_HKNPDCAD_02695	TH2_contig_2	2370383	2370781	399	+	hypothetical protein	hypothetical protein	TH2	HKNPDCAD_02695	HKNPDCAD_02695	
TH2_HKNPDCAD_02696	TH2_contig_2	2370791	2371429	639	+	hypothetical protein	hypothetical protein	TH2	HKNPDCAD_02696	HKNPDCAD_02696	
TH2_HKNPDCAD_02697	TH2_contig_2	2371432	2372595	1164	+	yjfC	Putative acid--amine ligase YjfC	TH2	HKNPDCAD_02697	HKNPDCAD_02697	
TH2_HKNPDCAD_02698	TH2_contig_2	2372679	2374346	1668	+	aidB	Putative acyl-CoA dehydrogenase AidB	TH2	HKNPDCAD_02698	HKNPDCAD_02698	
TH2_HKNPDCAD_02699	TH2_contig_2	2374420	2374695	276	-	hypothetical protein	hypothetical protein	TH2	HKNPDCAD_02699	HKNPDCAD_02699	
TH2_HKNPDCAD_02700	TH2_contig_2	2374844	2375173	330	-	bsmA	Lipoprotein BsmA	TH2	HKNPDCAD_02700	HKNPDCAD_02700	
TH2_HKNPDCAD_02701	TH2_contig_2	2375355	2376104	750	+	hypothetical protein	hypothetical protein	TH2	HKNPDCAD_02701	HKNPDCAD_02701	
TH2_HKNPDCAD_02702	TH2_contig_2	2376101	2376856	756	-	ulaR_1	HTH-type transcriptional regulator UlaR	TH2	HKNPDCAD_02702	HKNPDCAD_02702	
TH2_HKNPDCAD_02703	TH2_contig_2	2376964	2377134	171	-	ulaG_1	putative L-ascorbate-6-phosphate lactonase UlaG	TH2	HKNPDCAD_02703	HKNPDCAD_02703	
TH2_HKNPDCAD_02704	TH2_contig_2	2377110	2378027	918	-	ulaG_2	putative L-ascorbate-6-phosphate lactonase UlaG	TH2	HKNPDCAD_02704	HKNPDCAD_02704	
TH2_HKNPDCAD_02705	TH2_contig_2	2378382	2379779	1398	+	ulaA	Ascorbate-specific PTS system EIIC component	TH2	HKNPDCAD_02705	HKNPDCAD_02705	
TH2_HKNPDCAD_02706	TH2_contig_2	2379795	2380100	306	+	ulaB	Ascorbate-specific PTS system EIIB component	TH2	HKNPDCAD_02706	HKNPDCAD_02706	
TH2_HKNPDCAD_02707	TH2_contig_2	2380110	2380574	465	+	ulaC	Ascorbate-specific PTS system EIIA component	TH2	HKNPDCAD_02707	HKNPDCAD_02707	
TH2_HKNPDCAD_02708	TH2_contig_2	2380588	2381238	651	+	ulaD	3-keto-L-gulonate-6-phosphate decarboxylase UlaD	TH2	HKNPDCAD_02708	HKNPDCAD_02708	
TH2_HKNPDCAD_02709	TH2_contig_2	2381248	2382102	855	+	ulaE_2	L-ribulose-5-phosphate 3-epimerase UlaE	TH2	HKNPDCAD_02709	HKNPDCAD_02709	
TH2_HKNPDCAD_02710	TH2_contig_2	2382102	2382788	687	+	ulaF	L-ribulose-5-phosphate 4-epimerase UlaF	TH2	HKNPDCAD_02710	HKNPDCAD_02710	
TH2_HKNPDCAD_02711	TH2_contig_2	2382917	2383192	276	-	hypothetical protein	hypothetical protein	TH2	HKNPDCAD_02711	HKNPDCAD_02711	
TH2_HKNPDCAD_02712	TH2_contig_2	2383519	2383914	396	+	rpsF	30S ribosomal protein S6	TH2	HKNPDCAD_02712	HKNPDCAD_02712	
TH2_HKNPDCAD_02713	TH2_contig_2	2383921	2384235	315	+	priB	Primosomal replication protein N	TH2	HKNPDCAD_02713	HKNPDCAD_02713	
TH2_HKNPDCAD_02714	TH2_contig_2	2384240	2384467	228	+	rpsR	30S ribosomal protein S18	TH2	HKNPDCAD_02714	HKNPDCAD_02714	
TH2_HKNPDCAD_02715	TH2_contig_2	2384509	2384958	450	+	rplI	50S ribosomal protein L9	TH2	HKNPDCAD_02715	HKNPDCAD_02715	
TH2_HKNPDCAD_02716	TH2_contig_2	2385060	2385539	480	-	exuT_2	Hexuronate transporter	TH2	HKNPDCAD_02716	HKNPDCAD_02716	
TH2_HKNPDCAD_02717	TH2_contig_2	2385551	2386336	786	-	exuT_3	Hexuronate transporter	TH2	HKNPDCAD_02717	HKNPDCAD_02717	
TH2_HKNPDCAD_02718	TH2_contig_2	2386429	2388501	2073	-	hypothetical protein	hypothetical protein	TH2	HKNPDCAD_02718	HKNPDCAD_02718	
TH2_HKNPDCAD_02719	TH2_contig_2	2388498	2390039	1542	-	ydiF_1	Acetate CoA-transferase YdiF	TH2	HKNPDCAD_02719	HKNPDCAD_02719	
TH2_HKNPDCAD_02720	TH2_contig_2	2390049	2390825	777	-	crt	Short-chain-enoyl-CoA hydratase	TH2	HKNPDCAD_02720	HKNPDCAD_02720	
TH2_HKNPDCAD_02721	TH2_contig_2	2390835	2391677	843	-	hypothetical protein	hypothetical protein	TH2	HKNPDCAD_02721	HKNPDCAD_02721	
TH2_HKNPDCAD_02722	TH2_contig_2	2391687	2392478	792	-	fabG_1	3-oxoacyl-[acyl-carrier-protein] reductase FabG	TH2	HKNPDCAD_02722	HKNPDCAD_02722	
TH2_HKNPDCAD_02723	TH2_contig_2	2392690	2393397	708	+	hypothetical protein	hypothetical protein	TH2	HKNPDCAD_02723	HKNPDCAD_02723	
TH2_HKNPDCAD_02724	TH2_contig_2	2393320	2393958	639	-	hypothetical protein	hypothetical protein	TH2	HKNPDCAD_02724	HKNPDCAD_02724	
TH2_HKNPDCAD_02725	TH2_contig_2	2394177	2394797	621	+	fklB	FKBP-type 22 kDa peptidyl-prolyl cis-trans isomerase	TH2	HKNPDCAD_02725	HKNPDCAD_02725	
TH2_HKNPDCAD_02726	TH2_contig_2	2395099	2396511	1413	+	cycA	D-serine/D-alanine/glycine transporter	TH2	HKNPDCAD_02726	HKNPDCAD_02726	
TH2_HKNPDCAD_02727	TH2_contig_2	2396556	2397218	663	-	ytfE	Iron-sulfur cluster repair protein YtfE	TH2	HKNPDCAD_02727	HKNPDCAD_02727	
TH2_HKNPDCAD_02728	TH2_contig_2	2397326	2398291	966	-	ytfF	Inner membrane protein YtfF	TH2	HKNPDCAD_02728	HKNPDCAD_02728	
TH2_HKNPDCAD_02729	TH2_contig_2	2398400	2398534	135	-	qorB_1	Quinone oxidoreductase 2	TH2	HKNPDCAD_02729	HKNPDCAD_02729	
TH2_HKNPDCAD_02730	TH2_contig_2	2398548	2399264	717	-	qorB_2	Quinone oxidoreductase 2	TH2	HKNPDCAD_02730	HKNPDCAD_02730	
TH2_HKNPDCAD_02731	TH2_contig_2	2399353	2399460	108	+	hypothetical protein	hypothetical protein	TH2	HKNPDCAD_02731	HKNPDCAD_02731	
TH2_HKNPDCAD_02732	TH2_contig_2	2399409	2399732	324	+	hypothetical protein	hypothetical protein	TH2	HKNPDCAD_02732	HKNPDCAD_02732	
TH2_HKNPDCAD_02733	TH2_contig_2	2399860	2400945	1086	-	cpdB_1	2',3'-cyclic-nucleotide 2'-phosphodiesterase/3'-nucleotidase	TH2	HKNPDCAD_02733	HKNPDCAD_02733	
TH2_HKNPDCAD_02734	TH2_contig_2	2400963	2401823	861	-	cpdB_2	2',3'-cyclic-nucleotide 2'-phosphodiesterase/3'-nucleotidase	TH2	HKNPDCAD_02734	HKNPDCAD_02734	
TH2_HKNPDCAD_02735	TH2_contig_2	2402013	2402753	741	+	cysQ	3'(2'),5'-bisphosphate nucleotidase CysQ	TH2	HKNPDCAD_02735	HKNPDCAD_02735	
TH2_HKNPDCAD_02736	TH2_contig_2	2402743	2402964	222	-	ytfJ_2	putative protein YtfJ	TH2	HKNPDCAD_02736	HKNPDCAD_02736	
TH2_HKNPDCAD_02737	TH2_contig_2	2403060	2403299	240	-	ytfJ_3	putative protein YtfJ	TH2	HKNPDCAD_02737	HKNPDCAD_02737	
TH2_HKNPDCAD_02738	TH2_contig_2	2403624	2403830	207	+	hypothetical protein	hypothetical protein	TH2	HKNPDCAD_02738	HKNPDCAD_02738	
TH2_HKNPDCAD_02739	TH2_contig_2	2403891	2405234	1344	-	hypothetical protein	hypothetical protein	TH2	HKNPDCAD_02739	HKNPDCAD_02739	
TH2_HKNPDCAD_02740	TH2_contig_2	2405557	2406129	573	-	msrA	Peptide methionine sulfoxide reductase MsrA	TH2	HKNPDCAD_02740	HKNPDCAD_02740	
TH2_HKNPDCAD_02741	TH2_contig_2	2406400	2408133	1734	+	tamA	Translocation and assembly module subunit TamA	TH2	HKNPDCAD_02741	HKNPDCAD_02741	
TH2_HKNPDCAD_02742	TH2_contig_2	2408130	2411693	3564	+	tamB_1	Translocation and assembly module subunit TamB	TH2	HKNPDCAD_02742	HKNPDCAD_02742	
TH2_HKNPDCAD_02743	TH2_contig_2	2411663	2411908	246	+	tamB_2	Translocation and assembly module subunit TamB	TH2	HKNPDCAD_02743	HKNPDCAD_02743	
TH2_HKNPDCAD_02744	TH2_contig_2	2411911	2412252	342	+	ytfP	Gamma-glutamylcyclotransferase family protein YtfP	TH2	HKNPDCAD_02744	HKNPDCAD_02744	
TH2_HKNPDCAD_02745	TH2_contig_2	2412631	2413161	531	-	ppa	Inorganic pyrophosphatase	TH2	HKNPDCAD_02745	HKNPDCAD_02745	
TH2_HKNPDCAD_02746	TH2_contig_2	2413471	2414427	957	+	ytfQ	ABC transporter periplasmic-binding protein YtfQ	TH2	HKNPDCAD_02746	HKNPDCAD_02746	
TH2_HKNPDCAD_02747	TH2_contig_2	2414567	2414719	153	+	hypothetical protein	hypothetical protein	TH2	HKNPDCAD_02747	HKNPDCAD_02747	
TH2_HKNPDCAD_02748	TH2_contig_2	2414860	2415480	621	+	fruK_1	Fructose import ATP-binding protein FruK	TH2	HKNPDCAD_02748	HKNPDCAD_02748	
TH2_HKNPDCAD_02749	TH2_contig_2	2415477	2416067	591	+	fruK_2	Fructose import ATP-binding protein FruK	TH2	HKNPDCAD_02749	HKNPDCAD_02749	
TH2_HKNPDCAD_02750	TH2_contig_2	2416081	2417103	1023	+	ytfT	Inner membrane ABC transporter permease protein YtfT	TH2	HKNPDCAD_02750	HKNPDCAD_02750	
TH2_HKNPDCAD_02751	TH2_contig_2	2417090	2418085	996	+	yjfF	Inner membrane ABC transporter permease protein YjfF	TH2	HKNPDCAD_02751	HKNPDCAD_02751	
TH2_HKNPDCAD_02752	TH2_contig_2	2418119	2419117	999	-	fbp	Fructose-1,6-bisphosphatase class 1	TH2	HKNPDCAD_02752	HKNPDCAD_02752	
TH2_HKNPDCAD_02753	TH2_contig_2	2419293	2419697	405	+	mpl_1	UDP-N-acetylmuramate--L-alanyl-gamma-D-glutamyl-meso-2,6-diaminoheptandioate ligase	TH2	HKNPDCAD_02753	HKNPDCAD_02753	
TH2_HKNPDCAD_02754	TH2_contig_2	2419649	2420665	1017	+	mpl_2	UDP-N-acetylmuramate--L-alanyl-gamma-D-glutamyl-meso-2,6-diaminoheptandioate ligase	TH2	HKNPDCAD_02754	HKNPDCAD_02754	
TH2_HKNPDCAD_02755	TH2_contig_2	2420821	2421372	552	-	hypothetical protein	hypothetical protein	TH2	HKNPDCAD_02755	HKNPDCAD_02755	
TH2_HKNPDCAD_02756	TH2_contig_2	2421466	2422818	1353	+	pmbA	Metalloprotease PmbA	TH2	HKNPDCAD_02756	HKNPDCAD_02756	
TH2_HKNPDCAD_02757	TH2_contig_2	2422873	2423259	387	+	cybC	Soluble cytochrome b562	TH2	HKNPDCAD_02757	HKNPDCAD_02757	
TH2_HKNPDCAD_02758	TH2_contig_2	2423304	2423525	222	-	nrdG_1	Anaerobic ribonucleoside-triphosphate reductase-activating protein	TH2	HKNPDCAD_02758	HKNPDCAD_02758	
TH2_HKNPDCAD_02759	TH2_contig_2	2423510	2423767	258	-	nrdG_2	Anaerobic ribonucleoside-triphosphate reductase-activating protein	TH2	HKNPDCAD_02759	HKNPDCAD_02759	
TH2_HKNPDCAD_02760	TH2_contig_2	2423925	2426063	2139	-	nrdD	Anaerobic ribonucleoside-triphosphate reductase	TH2	HKNPDCAD_02760	HKNPDCAD_02760	
TH2_HKNPDCAD_02761	TH2_contig_2	2426457	2427854	1398	-	treC_1	Trehalose-6-phosphate hydrolase	TH2	HKNPDCAD_02761	HKNPDCAD_02761	
TH2_HKNPDCAD_02762	TH2_contig_2	2427911	2428111	201	-	treC_2	Trehalose-6-phosphate hydrolase	TH2	HKNPDCAD_02762	HKNPDCAD_02762	
TH2_HKNPDCAD_02763	TH2_contig_2	2428161	2429582	1422	-	treB	PTS system trehalose-specific EIIBC component	TH2	HKNPDCAD_02763	HKNPDCAD_02763	
TH2_HKNPDCAD_02764	TH2_contig_2	2429701	2430312	612	-	treR_1	HTH-type transcriptional regulator TreR	TH2	HKNPDCAD_02764	HKNPDCAD_02764	
TH2_HKNPDCAD_02765	TH2_contig_2	2430330	2430578	249	-	treR_2	HTH-type transcriptional regulator TreR	TH2	HKNPDCAD_02765	HKNPDCAD_02765	
TH2_HKNPDCAD_02766	TH2_contig_2	2431025	2433058	2034	+	mgtA_1	Magnesium-transporting ATPase, P-type 1	TH2	HKNPDCAD_02766	HKNPDCAD_02766	
TH2_HKNPDCAD_02767	TH2_contig_2	2433058	2433720	663	+	mgtA_2	Magnesium-transporting ATPase, P-type 1	TH2	HKNPDCAD_02767	HKNPDCAD_02767	
TH2_HKNPDCAD_02768	TH2_contig_2	2433926	2434312	387	-	ridA	2-iminobutanoate/2-iminopropanoate deaminase	TH2	HKNPDCAD_02768	HKNPDCAD_02768	
TH2_HKNPDCAD_02769	TH2_contig_2	2434385	2434846	462	-	pyrI	Aspartate carbamoyltransferase regulatory chain	TH2	HKNPDCAD_02769	HKNPDCAD_02769	
TH2_HKNPDCAD_02770	TH2_contig_2	2434859	2435794	936	-	pyrB	Aspartate carbamoyltransferase catalytic subunit	TH2	HKNPDCAD_02770	HKNPDCAD_02770	
TH2_HKNPDCAD_02771	TH2_contig_2	2435755	2435931	177	-	hypothetical protein	hypothetical protein	TH2	HKNPDCAD_02771	HKNPDCAD_02771	
TH2_HKNPDCAD_02772	TH2_contig_2	2436212	2436607	396	-	yjgH	RutC family protein YjgH	TH2	HKNPDCAD_02772	HKNPDCAD_02772	
TH2_HKNPDCAD_02773	TH2_contig_2	2436738	2437451	714	-	bdcA	Cyclic-di-GMP-binding biofilm dispersal mediator protein	TH2	HKNPDCAD_02773	HKNPDCAD_02773	
TH2_HKNPDCAD_02774	TH2_contig_2	2437522	2437788	267	+	hypothetical protein	hypothetical protein	TH2	HKNPDCAD_02774	HKNPDCAD_02774	
TH2_HKNPDCAD_02775	TH2_contig_2	2437860	2438114	255	+	bdcR	HTH-type transcriptional repressor BdcR	TH2	HKNPDCAD_02775	HKNPDCAD_02775	
TH2_HKNPDCAD_02776	TH2_contig_2	2438259	2438711	453	+	tabA	Toxin-antitoxin biofilm protein TabA	TH2	HKNPDCAD_02776	HKNPDCAD_02776	
TH2_HKNPDCAD_02777	TH2_contig_2	2438834	2439076	243	+	hypothetical protein	hypothetical protein	TH2	HKNPDCAD_02777	HKNPDCAD_02777	
TH2_HKNPDCAD_02778	TH2_contig_2	2439073	2439270	198	+	yjgL_1	putative protein YjgL	TH2	HKNPDCAD_02778	HKNPDCAD_02778	
TH2_HKNPDCAD_02779	TH2_contig_2	2439267	2440439	1173	+	yjgL_2	putative protein YjgL	TH2	HKNPDCAD_02779	HKNPDCAD_02779	
TH2_HKNPDCAD_02780	TH2_contig_2	2440564	2441568	1005	-	argI	Ornithine carbamoyltransferase subunit I	TH2	HKNPDCAD_02780	HKNPDCAD_02780	
TH2_HKNPDCAD_02781	TH2_contig_2	2441730	2442146	417	+	rraB	Regulator of ribonuclease activity B	TH2	HKNPDCAD_02781	HKNPDCAD_02781	
TH2_HKNPDCAD_02782	TH2_contig_2	2442192	2442695	504	-	hypothetical protein	hypothetical protein	TH2	HKNPDCAD_02782	HKNPDCAD_02782	
TH2_HKNPDCAD_02783	TH2_contig_2	2442888	2443418	531	+	yjgN_1	Inner membrane protein YjgN	TH2	HKNPDCAD_02783	HKNPDCAD_02783	
TH2_HKNPDCAD_02784	TH2_contig_2	2443469	2443744	276	+	IS1 family transposase IS1A	IS1 family transposase IS1A	TH2	HKNPDCAD_02784	HKNPDCAD_02784	
TH2_HKNPDCAD_02785	TH2_contig_2	2443789	2444166	378	+	IS1 family transposase IS1A	IS1 family transposase IS1A	TH2	HKNPDCAD_02785	HKNPDCAD_02785	
TH2_HKNPDCAD_02786	TH2_contig_2	2444211	2444861	651	+	yjgN_2	Inner membrane protein YjgN	TH2	HKNPDCAD_02786	HKNPDCAD_02786	
TH2_HKNPDCAD_02787	TH2_contig_2	2444915	2447770	2856	-	valS	Valine--tRNA ligase	TH2	HKNPDCAD_02787	HKNPDCAD_02787	
TH2_HKNPDCAD_02788	TH2_contig_2	2447770	2448213	444	-	holC	DNA polymerase III subunit chi	TH2	HKNPDCAD_02788	HKNPDCAD_02788	
TH2_HKNPDCAD_02789	TH2_contig_2	2448471	2449982	1512	-	pepA	Cytosol aminopeptidase	TH2	HKNPDCAD_02789	HKNPDCAD_02789	
TH2_HKNPDCAD_02790	TH2_contig_2	2450249	2451349	1101	+	lptF	Lipopolysaccharide export system permease protein LptF	TH2	HKNPDCAD_02790	HKNPDCAD_02790	
TH2_HKNPDCAD_02791	TH2_contig_2	2451349	2452431	1083	+	lptG_2	Lipopolysaccharide export system permease protein LptG	TH2	HKNPDCAD_02791	HKNPDCAD_02791	
TH2_HKNPDCAD_02792	TH2_contig_2	2452414	2454051	1638	-	hypothetical protein	hypothetical protein	TH2	HKNPDCAD_02792	HKNPDCAD_02792	
TH2_HKNPDCAD_02793	TH2_contig_2	2454181	2455200	1020	-	ahr	Aldehyde reductase Ahr	TH2	HKNPDCAD_02793	HKNPDCAD_02793	
TH2_HKNPDCAD_02795	TH2_contig_2	2455679	2456935	1257	+	intA_2	Prophage integrase IntA	TH2	HKNPDCAD_02795	HKNPDCAD_02795	
TH2_HKNPDCAD_02796	TH2_contig_2	2456974	2457162	189	+	hypothetical protein	hypothetical protein	TH2	HKNPDCAD_02796	HKNPDCAD_02796	
TH2_HKNPDCAD_02797	TH2_contig_2	2457266	2458759	1494	+	hypothetical protein	hypothetical protein	TH2	HKNPDCAD_02797	HKNPDCAD_02797	
TH2_HKNPDCAD_02798	TH2_contig_2	2459030	2459308	279	-	hypothetical protein	hypothetical protein	TH2	HKNPDCAD_02798	HKNPDCAD_02798	
TH2_HKNPDCAD_02799	TH2_contig_2	2459503	2460789	1287	+	hypothetical protein	hypothetical protein	TH2	HKNPDCAD_02799	HKNPDCAD_02799	
TH2_HKNPDCAD_02800	TH2_contig_2	2460869	2461951	1083	+	hsdM_1	Type I restriction enzyme EcoKI M protein	TH2	HKNPDCAD_02800	HKNPDCAD_02800	
TH2_HKNPDCAD_02801	TH2_contig_2	2461962	2462435	474	+	hsdM_2	Type I restriction enzyme EcoKI M protein	TH2	HKNPDCAD_02801	HKNPDCAD_02801	
TH2_HKNPDCAD_02802	TH2_contig_2	2462435	2463811	1377	+	hypothetical protein	hypothetical protein	TH2	HKNPDCAD_02802	HKNPDCAD_02802	
TH2_HKNPDCAD_02803	TH2_contig_2	2463811	2465514	1704	+	hypothetical protein	hypothetical protein	TH2	HKNPDCAD_02803	HKNPDCAD_02803	
TH2_HKNPDCAD_02804	TH2_contig_2	2465514	2466680	1167	+	hypothetical protein	hypothetical protein	TH2	HKNPDCAD_02804	HKNPDCAD_02804	
TH2_HKNPDCAD_02805	TH2_contig_2	2466709	2467881	1173	-	hypothetical protein	hypothetical protein	TH2	HKNPDCAD_02805	HKNPDCAD_02805	
TH2_HKNPDCAD_02806	TH2_contig_2	2467869	2470100	2232	-	hypothetical protein	hypothetical protein	TH2	HKNPDCAD_02806	HKNPDCAD_02806	
TH2_HKNPDCAD_02807	TH2_contig_2	2470685	2470873	189	-	hypothetical protein	hypothetical protein	TH2	HKNPDCAD_02807	HKNPDCAD_02807	
TH2_HKNPDCAD_02808	TH2_contig_2	2470961	2471077	117	-	hypothetical protein	hypothetical protein	TH2	HKNPDCAD_02808	HKNPDCAD_02808	
TH2_HKNPDCAD_02809	TH2_contig_2	2471125	2471376	252	-	hypothetical protein	hypothetical protein	TH2	HKNPDCAD_02809	HKNPDCAD_02809	
TH2_HKNPDCAD_02810	TH2_contig_2	2471504	2472490	987	-	hypothetical protein	hypothetical protein	TH2	HKNPDCAD_02810	HKNPDCAD_02810	
TH2_HKNPDCAD_02811	TH2_contig_2	2472501	2472758	258	-	hypothetical protein	hypothetical protein	TH2	HKNPDCAD_02811	HKNPDCAD_02811	
TH2_HKNPDCAD_02812	TH2_contig_2	2473098	2473574	477	-	hypothetical protein	hypothetical protein	TH2	HKNPDCAD_02812	HKNPDCAD_02812	
TH2_HKNPDCAD_02813	TH2_contig_2	2473719	2474111	393	-	hypothetical protein	hypothetical protein	TH2	HKNPDCAD_02813	HKNPDCAD_02813	
TH2_HKNPDCAD_02814	TH2_contig_2	2474121	2475392	1272	-	mdtM_1	Multidrug resistance protein MdtM	TH2	HKNPDCAD_02814	HKNPDCAD_02814	
TH2_HKNPDCAD_02815	TH2_contig_2	2475431	2476003	573	-	hypothetical protein	hypothetical protein	TH2	HKNPDCAD_02815	HKNPDCAD_02815	
TH2_HKNPDCAD_02816	TH2_contig_2	2476044	2476862	819	-	hypothetical protein	hypothetical protein	TH2	HKNPDCAD_02816	HKNPDCAD_02816	
TH2_HKNPDCAD_02817	TH2_contig_2	2476923	2477357	435	-	hypothetical protein	hypothetical protein	TH2	HKNPDCAD_02817	HKNPDCAD_02817	
TH2_HKNPDCAD_02818	TH2_contig_2	2477537	2477686	150	-	hypothetical protein	hypothetical protein	TH2	HKNPDCAD_02818	HKNPDCAD_02818	
TH2_HKNPDCAD_02819	TH2_contig_2	2478326	2478934	609	+	hypothetical protein	hypothetical protein	TH2	HKNPDCAD_02819	HKNPDCAD_02819	
TH2_HKNPDCAD_02820	TH2_contig_2	2479151	2479375	225	-	hypothetical protein	hypothetical protein	TH2	HKNPDCAD_02820	HKNPDCAD_02820	
TH2_HKNPDCAD_02821	TH2_contig_2	2479468	2480046	579	-	hypothetical protein	hypothetical protein	TH2	HKNPDCAD_02821	HKNPDCAD_02821	
TH2_HKNPDCAD_02822	TH2_contig_2	2480452	2481129	678	+	hypothetical protein	hypothetical protein	TH2	HKNPDCAD_02822	HKNPDCAD_02822	
TH2_HKNPDCAD_02823	TH2_contig_2	2481144	2481368	225	+	hypothetical protein	hypothetical protein	TH2	HKNPDCAD_02823	HKNPDCAD_02823	
TH2_HKNPDCAD_02824	TH2_contig_2	2481731	2482207	477	-	hypothetical protein	hypothetical protein	TH2	HKNPDCAD_02824	HKNPDCAD_02824	
TH2_HKNPDCAD_02825	TH2_contig_2	2482434	2482646	213	-	hypothetical protein	hypothetical protein	TH2	HKNPDCAD_02825	HKNPDCAD_02825	
TH2_HKNPDCAD_02826	TH2_contig_2	2482781	2484499	1719	-	pcrA	ATP-dependent DNA helicase PcrA	TH2	HKNPDCAD_02826	HKNPDCAD_02826	
TH2_HKNPDCAD_02827	TH2_contig_2	2484584	2486368	1785	-	hypothetical protein	hypothetical protein	TH2	HKNPDCAD_02827	HKNPDCAD_02827	
TH2_HKNPDCAD_02828	TH2_contig_2	2486924	2487799	876	+	der_2	GTPase Der	TH2	HKNPDCAD_02828	HKNPDCAD_02828	
TH2_HKNPDCAD_02829	TH2_contig_2	2488043	2488474	432	+	hypothetical protein	hypothetical protein	TH2	HKNPDCAD_02829	HKNPDCAD_02829	
TH2_HKNPDCAD_02830	TH2_contig_2	2488794	2489246	453	+	hypothetical protein	hypothetical protein	TH2	HKNPDCAD_02830	HKNPDCAD_02830	
TH2_HKNPDCAD_02831	TH2_contig_2	2489318	2489791	474	+	hypothetical protein	hypothetical protein	TH2	HKNPDCAD_02831	HKNPDCAD_02831	
TH2_HKNPDCAD_02832	TH2_contig_2	2489912	2490733	822	+	hypothetical protein	hypothetical protein	TH2	HKNPDCAD_02832	HKNPDCAD_02832	
TH2_HKNPDCAD_02833	TH2_contig_2	2490764	2491204	441	+	klcA_3	Antirestriction protein KlcA	TH2	HKNPDCAD_02833	HKNPDCAD_02833	
TH2_HKNPDCAD_02834	TH2_contig_2	2491217	2491759	543	+	hypothetical protein	hypothetical protein	TH2	HKNPDCAD_02834	HKNPDCAD_02834	
TH2_HKNPDCAD_02835	TH2_contig_2	2491770	2492111	342	+	yfjZ	Antitoxin YfjZ	TH2	HKNPDCAD_02835	HKNPDCAD_02835	
TH2_HKNPDCAD_02836	TH2_contig_2	2492132	2492473	342	+	ypjF	Toxin YpjF	TH2	HKNPDCAD_02836	HKNPDCAD_02836	
TH2_HKNPDCAD_02837	TH2_contig_2	2492737	2493744	1008	+	hypothetical protein	hypothetical protein	TH2	HKNPDCAD_02837	HKNPDCAD_02837	
TH2_HKNPDCAD_02838	TH2_contig_2	2494153	2494338	186	-	hypothetical protein	hypothetical protein	TH2	HKNPDCAD_02838	HKNPDCAD_02838	
TH2_HKNPDCAD_02839	TH2_contig_2	2494404	2494580	177	-	hypothetical protein	hypothetical protein	TH2	HKNPDCAD_02839	HKNPDCAD_02839	
TH2_HKNPDCAD_02840	TH2_contig_2	2494717	2495367	651	+	hypothetical protein	hypothetical protein	TH2	HKNPDCAD_02840	HKNPDCAD_02840	
TH2_HKNPDCAD_02841	TH2_contig_2	2495375	2496355	981	-	nanS	putative 9-O-acetyl-N-acetylneuraminic acid deacetylase	TH2	HKNPDCAD_02841	HKNPDCAD_02841	
TH2_HKNPDCAD_02842	TH2_contig_2	2496420	2497526	1107	-	nanM	N-acetylneuraminate epimerase	TH2	HKNPDCAD_02842	HKNPDCAD_02842	
TH2_HKNPDCAD_02843	TH2_contig_2	2497546	2498262	717	-	nanC	putative N-acetylneuraminic acid outer membrane channel protein NanC	TH2	HKNPDCAD_02843	HKNPDCAD_02843	
TH2_HKNPDCAD_02844	TH2_contig_2	2500797	2501393	597	+	ISKra4 family transposase ISCep1	ISKra4 family transposase ISCep1	TH2	HKNPDCAD_02844	HKNPDCAD_02844	
TH2_HKNPDCAD_02845	TH2_contig_2	2501874	2502422	549	+	Fimbrial subunit type 1	Fimbrial subunit type 1	TH2	HKNPDCAD_02845	HKNPDCAD_02845	
TH2_HKNPDCAD_02846	TH2_contig_2	2502529	2503026	498	+	lpfA	putative major fimbrial subunit LpfA	TH2	HKNPDCAD_02846	HKNPDCAD_02846	
TH2_HKNPDCAD_02847	TH2_contig_2	2503063	2503788	726	+	fimC	Chaperone protein FimC	TH2	HKNPDCAD_02847	HKNPDCAD_02847	
TH2_HKNPDCAD_02848	TH2_contig_2	2503855	2506491	2637	+	fimD_1	Outer membrane usher protein FimD	TH2	HKNPDCAD_02848	HKNPDCAD_02848	
TH2_HKNPDCAD_02849	TH2_contig_2	2506501	2507031	531	+	fimF_1	Protein FimF	TH2	HKNPDCAD_02849	HKNPDCAD_02849	
TH2_HKNPDCAD_02850	TH2_contig_2	2507044	2507547	504	+	fimG_1	Protein FimG	TH2	HKNPDCAD_02850	HKNPDCAD_02850	
TH2_HKNPDCAD_02851	TH2_contig_2	2507567	2508469	903	+	fimH_1	Type 1 fimbrin D-mannose specific adhesin	TH2	HKNPDCAD_02851	HKNPDCAD_02851	
TH2_HKNPDCAD_02852	TH2_contig_2	2508806	2508916	111	-	hypothetical protein	hypothetical protein	TH2	HKNPDCAD_02852	HKNPDCAD_02852	
TH2_HKNPDCAD_02853	TH2_contig_2	2509256	2510440	1185	+	uxuA	Mannonate dehydratase	TH2	HKNPDCAD_02853	HKNPDCAD_02853	
TH2_HKNPDCAD_02854	TH2_contig_2	2510521	2511981	1461	+	por_2	Polyol:NADP oxidoreductase	TH2	HKNPDCAD_02854	HKNPDCAD_02854	
TH2_HKNPDCAD_02855	TH2_contig_2	2512003	2512197	195	-	hypothetical protein	hypothetical protein	TH2	HKNPDCAD_02855	HKNPDCAD_02855	
TH2_HKNPDCAD_02856	TH2_contig_2	2512244	2512969	726	+	pdhR_1	Pyruvate dehydrogenase complex repressor	TH2	HKNPDCAD_02856	HKNPDCAD_02856	
TH2_HKNPDCAD_02857	TH2_contig_2	2513110	2513940	831	-	hypothetical protein	hypothetical protein	TH2	HKNPDCAD_02857	HKNPDCAD_02857	
TH2_HKNPDCAD_02858	TH2_contig_2	2514613	2515005	393	+	iraD	Anti-adapter protein IraD	TH2	HKNPDCAD_02858	HKNPDCAD_02858	
TH2_HKNPDCAD_02859	TH2_contig_2	2514998	2515909	912	-	yjiE	HTH-type transcriptional regulator YjiE	TH2	HKNPDCAD_02859	HKNPDCAD_02859	
TH2_HKNPDCAD_02860	TH2_contig_2	2515974	2517146	1173	-	iadA	Isoaspartyl dipeptidase	TH2	HKNPDCAD_02860	HKNPDCAD_02860	
TH2_HKNPDCAD_02861	TH2_contig_2	2517159	2517620	462	-	yjiG	Inner membrane protein YjiG	TH2	HKNPDCAD_02861	HKNPDCAD_02861	
TH2_HKNPDCAD_02862	TH2_contig_2	2517617	2517964	348	-	hypothetical protein	hypothetical protein	TH2	HKNPDCAD_02862	HKNPDCAD_02862	
TH2_HKNPDCAD_02863	TH2_contig_2	2518147	2518299	153	-	hypothetical protein	hypothetical protein	TH2	HKNPDCAD_02863	HKNPDCAD_02863	
TH2_HKNPDCAD_02864	TH2_contig_2	2518549	2519103	555	+	kptA	putative RNA 2'-phosphotransferase	TH2	HKNPDCAD_02864	HKNPDCAD_02864	
TH2_HKNPDCAD_02865	TH2_contig_2	2519116	2519499	384	-	hypothetical protein	hypothetical protein	TH2	HKNPDCAD_02865	HKNPDCAD_02865	
TH2_HKNPDCAD_02866	TH2_contig_2	2519463	2520293	831	-	hypothetical protein	hypothetical protein	TH2	HKNPDCAD_02866	HKNPDCAD_02866	
TH2_HKNPDCAD_02867	TH2_contig_2	2520361	2521332	972	-	yjiK	putative protein YjiK	TH2	HKNPDCAD_02867	HKNPDCAD_02867	
TH2_HKNPDCAD_02868	TH2_contig_2	2521369	2521542	174	-	hypothetical protein	hypothetical protein	TH2	HKNPDCAD_02868	HKNPDCAD_02868	
TH2_HKNPDCAD_02869	TH2_contig_2	2521539	2522306	768	-	fldI	(R)-phenyllactate dehydratase activator	TH2	HKNPDCAD_02869	HKNPDCAD_02869	
TH2_HKNPDCAD_02870	TH2_contig_2	2522316	2523158	843	-	fldC	(R)-phenyllactyl-CoA dehydratase beta subunit	TH2	HKNPDCAD_02870	HKNPDCAD_02870	
TH2_HKNPDCAD_02871	TH2_contig_2	2523121	2523468	348	-	hypothetical protein	hypothetical protein	TH2	HKNPDCAD_02871	HKNPDCAD_02871	
TH2_HKNPDCAD_02872	TH2_contig_2	2523584	2524864	1281	-	hypothetical protein	hypothetical protein	TH2	HKNPDCAD_02872	HKNPDCAD_02872	
TH2_HKNPDCAD_02873	TH2_contig_2	2524905	2526137	1233	-	mdtM_2	Multidrug resistance protein MdtM	TH2	HKNPDCAD_02873	HKNPDCAD_02873	
TH2_HKNPDCAD_02874	TH2_contig_2	2526604	2527560	957	+	ISNCY family transposase ISRor2	ISNCY family transposase ISRor2	TH2	HKNPDCAD_02874	HKNPDCAD_02874	
TH2_HKNPDCAD_02875	TH2_contig_2	2527803	2527982	180	-	hypothetical protein	hypothetical protein	TH2	HKNPDCAD_02875	HKNPDCAD_02875	
TH2_HKNPDCAD_02876	TH2_contig_2	2527949	2529214	1266	-	norG	HTH-type transcriptional regulator NorG	TH2	HKNPDCAD_02876	HKNPDCAD_02876	
TH2_HKNPDCAD_02877	TH2_contig_2	2529391	2529555	165	+	hypothetical protein	hypothetical protein	TH2	HKNPDCAD_02877	HKNPDCAD_02877	
TH2_HKNPDCAD_02878	TH2_contig_2	2529906	2531699	1794	+	pac_1	Penicillin G acylase	TH2	HKNPDCAD_02878	HKNPDCAD_02878	
TH2_HKNPDCAD_02879	TH2_contig_2	2531696	2532442	747	+	pac_2	Penicillin G acylase	TH2	HKNPDCAD_02879	HKNPDCAD_02879	
TH2_HKNPDCAD_02880	TH2_contig_2	2532520	2533476	957	-	yjiA	P-loop guanosine triphosphatase YjiA	TH2	HKNPDCAD_02880	HKNPDCAD_02880	
TH2_HKNPDCAD_02881	TH2_contig_2	2533487	2533690	204	-	hypothetical protein	hypothetical protein	TH2	HKNPDCAD_02881	HKNPDCAD_02881	
TH2_HKNPDCAD_02882	TH2_contig_2	2533740	2535890	2151	-	btsT	Pyruvate/proton symporter BtsT	TH2	HKNPDCAD_02882	HKNPDCAD_02882	
TH2_HKNPDCAD_02883	TH2_contig_2	2536283	2536795	513	-	hpaC	4-hydroxyphenylacetate 3-monooxygenase reductase component	TH2	HKNPDCAD_02883	HKNPDCAD_02883	
TH2_HKNPDCAD_02884	TH2_contig_2	2536813	2536920	108	-	hpaB_1	4-hydroxyphenylacetate 3-monooxygenase oxygenase component	TH2	HKNPDCAD_02884	HKNPDCAD_02884	
TH2_HKNPDCAD_02885	TH2_contig_2	2537003	2538373	1371	-	hpaB_2	4-hydroxyphenylacetate 3-monooxygenase oxygenase component	TH2	HKNPDCAD_02885	HKNPDCAD_02885	
TH2_HKNPDCAD_02886	TH2_contig_2	2538624	2539397	774	-	rhaR_3	HTH-type transcriptional activator RhaR	TH2	HKNPDCAD_02886	HKNPDCAD_02886	
TH2_HKNPDCAD_02887	TH2_contig_2	2539523	2540899	1377	-	ttuB	Putative tartrate transporter	TH2	HKNPDCAD_02887	HKNPDCAD_02887	
TH2_HKNPDCAD_02888	TH2_contig_2	2541074	2541439	366	-	hpcH_1	4-hydroxy-2-oxo-heptane-1,7-dioate aldolase	TH2	HKNPDCAD_02888	HKNPDCAD_02888	
TH2_HKNPDCAD_02889	TH2_contig_2	2541400	2541861	462	-	hpcH_2	4-hydroxy-2-oxo-heptane-1,7-dioate aldolase	TH2	HKNPDCAD_02889	HKNPDCAD_02889	
TH2_HKNPDCAD_02890	TH2_contig_2	2541872	2542675	804	-	hpcG	2-oxo-hept-4-ene-1,7-dioate hydratase	TH2	HKNPDCAD_02890	HKNPDCAD_02890	
TH2_HKNPDCAD_02891	TH2_contig_2	2542786	2543166	381	-	hpcD	5-carboxymethyl-2-hydroxymuconate Delta-isomerase	TH2	HKNPDCAD_02891	HKNPDCAD_02891	
TH2_HKNPDCAD_02892	TH2_contig_2	2543176	2544027	852	-	hpcB	3,4-dihydroxyphenylacetate 2,3-dioxygenase	TH2	HKNPDCAD_02892	HKNPDCAD_02892	
TH2_HKNPDCAD_02893	TH2_contig_2	2544029	2545495	1467	-	betB_1	NAD/NADP-dependent betaine aldehyde dehydrogenase	TH2	HKNPDCAD_02893	HKNPDCAD_02893	
TH2_HKNPDCAD_02894	TH2_contig_2	2545492	2546781	1290	-	hpcE	Homoprotocatechuate catabolism bifunctional isomerase/decarboxylase	TH2	HKNPDCAD_02894	HKNPDCAD_02894	
TH2_HKNPDCAD_02895	TH2_contig_2	2547053	2547499	447	+	farR	HTH-type transcriptional regulator FarR	TH2	HKNPDCAD_02895	HKNPDCAD_02895	
TH2_HKNPDCAD_02896	TH2_contig_2	2547947	2549272	1326	+	tsr	Methyl-accepting chemotaxis protein I	TH2	HKNPDCAD_02896	HKNPDCAD_02896	
TH2_HKNPDCAD_02897	TH2_contig_2	2549315	2550586	1272	-	dctM_2	C4-dicarboxylate TRAP transporter large permease protein DctM	TH2	HKNPDCAD_02897	HKNPDCAD_02897	
TH2_HKNPDCAD_02898	TH2_contig_2	2550583	2551056	474	-	hypothetical protein	hypothetical protein	TH2	HKNPDCAD_02898	HKNPDCAD_02898	
TH2_HKNPDCAD_02899	TH2_contig_2	2551120	2551965	846	-	siaP	Sialic acid-binding periplasmic protein SiaP	TH2	HKNPDCAD_02899	HKNPDCAD_02899	
TH2_HKNPDCAD_02900	TH2_contig_2	2552769	2554421	1653	+	nhaK_3	Sodium, potassium, lithium and rubidium/H(+) antiporter	TH2	HKNPDCAD_02900	HKNPDCAD_02900	
TH2_HKNPDCAD_02901	TH2_contig_2	2554592	2555497	906	-	lgoR	putative HTH-type transcriptional regulator LgoR	TH2	HKNPDCAD_02901	HKNPDCAD_02901	
TH2_HKNPDCAD_02902	TH2_contig_2	2555636	2556658	1023	+	lgoD	L-galactonate-5-dehydrogenase	TH2	HKNPDCAD_02902	HKNPDCAD_02902	
TH2_HKNPDCAD_02903	TH2_contig_2	2556797	2559088	2292	-	mdoB	Phosphoglycerol transferase I	TH2	HKNPDCAD_02903	HKNPDCAD_02903	
TH2_HKNPDCAD_02904	TH2_contig_2	2559342	2559836	495	-	hypothetical protein	hypothetical protein	TH2	HKNPDCAD_02904	HKNPDCAD_02904	
TH2_HKNPDCAD_02905	TH2_contig_2	2559885	2560622	738	-	dnaC	DNA replication protein DnaC	TH2	HKNPDCAD_02905	HKNPDCAD_02905	
TH2_HKNPDCAD_02906	TH2_contig_2	2560625	2561164	540	-	dnaT	Primosomal protein 1	TH2	HKNPDCAD_02906	HKNPDCAD_02906	
TH2_HKNPDCAD_02907	TH2_contig_2	2561271	2561744	474	-	hypothetical protein	hypothetical protein	TH2	HKNPDCAD_02907	HKNPDCAD_02907	
TH2_HKNPDCAD_02908	TH2_contig_2	2561735	2562568	834	-	yjjP	Inner membrane protein YjjP	TH2	HKNPDCAD_02908	HKNPDCAD_02908	
TH2_HKNPDCAD_02909	TH2_contig_2	2563126	2563851	726	+	yjjQ	Putative transcription factor YjjQ	TH2	HKNPDCAD_02909	HKNPDCAD_02909	
TH2_HKNPDCAD_02910	TH2_contig_2	2563809	2564486	678	+	bglJ	Transcriptional activator protein BglJ	TH2	HKNPDCAD_02910	HKNPDCAD_02910	
TH2_HKNPDCAD_02911	TH2_contig_2	2564524	2565312	789	-	fhuF	Ferric iron reductase protein FhuF	TH2	HKNPDCAD_02911	HKNPDCAD_02911	
TH2_HKNPDCAD_02912	TH2_contig_2	2565453	2565689	237	+	hypothetical protein	hypothetical protein	TH2	HKNPDCAD_02912	HKNPDCAD_02912	
TH2_HKNPDCAD_02916	TH2_contig_2	2566347	2567378	1032	-	rsmC	Ribosomal RNA small subunit methyltransferase C	TH2	HKNPDCAD_02916	HKNPDCAD_02916	
TH2_HKNPDCAD_02917	TH2_contig_2	2567393	2567893	501	+	hypothetical protein	hypothetical protein	TH2	HKNPDCAD_02917	HKNPDCAD_02917	
TH2_HKNPDCAD_02918	TH2_contig_2	2567862	2568308	447	+	rimI	[Ribosomal protein S18]-alanine N-acetyltransferase	TH2	HKNPDCAD_02918	HKNPDCAD_02918	
TH2_HKNPDCAD_02919	TH2_contig_2	2568323	2569000	678	+	yjjG	Pyrimidine 5'-nucleotidase YjjG	TH2	HKNPDCAD_02919	HKNPDCAD_02919	
TH2_HKNPDCAD_02920	TH2_contig_2	2569063	2570679	1617	+	prfC	Peptide chain release factor RF3	TH2	HKNPDCAD_02920	HKNPDCAD_02920	
TH2_HKNPDCAD_02921	TH2_contig_2	2571072	2571677	606	+	osmY_2	Osmotically-inducible protein Y	TH2	HKNPDCAD_02921	HKNPDCAD_02921	
TH2_HKNPDCAD_02922	TH2_contig_2	2571804	2571965	162	+	hypothetical protein	hypothetical protein	TH2	HKNPDCAD_02922	HKNPDCAD_02922	
TH2_HKNPDCAD_02923	TH2_contig_2	2572087	2573160	1074	+	hypothetical protein	hypothetical protein	TH2	HKNPDCAD_02923	HKNPDCAD_02923	
TH2_HKNPDCAD_02924	TH2_contig_2	2573157	2573939	783	+	yjjV	putative metal-dependent hydrolase YjjV	TH2	HKNPDCAD_02924	HKNPDCAD_02924	
TH2_HKNPDCAD_02925	TH2_contig_2	2574456	2575160	705	-	yjjW	Putative glycyl-radical enzyme activating enzyme YjjW	TH2	HKNPDCAD_02925	HKNPDCAD_02925	
TH2_HKNPDCAD_02926	TH2_contig_2	2575291	2575749	459	-	yjjI_1	putative protein YjjI	TH2	HKNPDCAD_02926	HKNPDCAD_02926	
TH2_HKNPDCAD_02927	TH2_contig_2	2575746	2576840	1095	-	yjjI_2	putative protein YjjI	TH2	HKNPDCAD_02927	HKNPDCAD_02927	
TH2_HKNPDCAD_02928	TH2_contig_2	2577098	2577877	780	+	deoC	Deoxyribose-phosphate aldolase	TH2	HKNPDCAD_02928	HKNPDCAD_02928	
TH2_HKNPDCAD_02929	TH2_contig_2	2578004	2579326	1323	+	deoA	Thymidine phosphorylase	TH2	HKNPDCAD_02929	HKNPDCAD_02929	
TH2_HKNPDCAD_02930	TH2_contig_2	2579378	2580601	1224	+	deoB_2	Phosphopentomutase	TH2	HKNPDCAD_02930	HKNPDCAD_02930	
TH2_HKNPDCAD_02931	TH2_contig_2	2580658	2581377	720	+	deoD	Purine nucleoside phosphorylase DeoD-type	TH2	HKNPDCAD_02931	HKNPDCAD_02931	
TH2_HKNPDCAD_02932	TH2_contig_2	2581538	2581801	264	-	hypothetical protein	hypothetical protein	TH2	HKNPDCAD_02932	HKNPDCAD_02932	
TH2_HKNPDCAD_02933	TH2_contig_2	2581833	2582849	1017	-	lplA	Lipoate-protein ligase A	TH2	HKNPDCAD_02933	HKNPDCAD_02933	
TH2_HKNPDCAD_02934	TH2_contig_2	2582877	2583521	645	-	ytjB	putative inner membrane protein Smp	TH2	HKNPDCAD_02934	HKNPDCAD_02934	
TH2_HKNPDCAD_02935	TH2_contig_2	2583627	2584595	969	+	serB	Phosphoserine phosphatase	TH2	HKNPDCAD_02935	HKNPDCAD_02935	
TH2_HKNPDCAD_02936	TH2_contig_2	2584644	2586026	1383	+	radA	DNA repair protein RadA	TH2	HKNPDCAD_02936	HKNPDCAD_02936	
TH2_HKNPDCAD_02937	TH2_contig_2	2586047	2587279	1233	+	nadR	Trifunctional NAD biosynthesis/regulator protein NadR	TH2	HKNPDCAD_02937	HKNPDCAD_02937	
TH2_HKNPDCAD_02938	TH2_contig_2	2587586	2589253	1668	-	ettA	Energy-dependent translational throttle protein EttA	TH2	HKNPDCAD_02938	HKNPDCAD_02938	
TH2_HKNPDCAD_02939	TH2_contig_2	2589464	2591401	1938	+	slt	Soluble lytic murein transglycosylase	TH2	HKNPDCAD_02939	HKNPDCAD_02939	
TH2_HKNPDCAD_02940	TH2_contig_2	2591521	2591817	297	+	trpR	Trp operon repressor	TH2	HKNPDCAD_02940	HKNPDCAD_02940	
TH2_HKNPDCAD_02941	TH2_contig_2	2591970	2592482	513	-	yjjX	Inosine/xanthosine triphosphatase	TH2	HKNPDCAD_02941	HKNPDCAD_02941	
TH2_HKNPDCAD_02942	TH2_contig_2	2592534	2592821	288	+	pspA_1	Phosphoserine phosphatase 1	TH2	HKNPDCAD_02942	HKNPDCAD_02942	
TH2_HKNPDCAD_02943	TH2_contig_2	2592896	2593180	285	+	gpmB	phosphoglycerate mutase GpmB	TH2	HKNPDCAD_02943	HKNPDCAD_02943	
TH2_HKNPDCAD_02944	TH2_contig_2	2593177	2594046	870	-	rob	Right origin-binding protein	TH2	HKNPDCAD_02944	HKNPDCAD_02944	
TH2_HKNPDCAD_02945	TH2_contig_2	2594257	2594730	474	+	hypothetical protein	hypothetical protein	TH2	HKNPDCAD_02945	HKNPDCAD_02945	
TH2_HKNPDCAD_02946	TH2_contig_2	2594743	2595432	690	+	creB	Transcriptional regulatory protein CreB	TH2	HKNPDCAD_02946	HKNPDCAD_02946	
TH2_HKNPDCAD_02947	TH2_contig_2	2595432	2596856	1425	+	creC	Sensor protein CreC	TH2	HKNPDCAD_02947	HKNPDCAD_02947	
TH2_HKNPDCAD_02948	TH2_contig_2	2596680	2597168	489	-	hypothetical protein	hypothetical protein	TH2	HKNPDCAD_02948	HKNPDCAD_02948	
TH2_HKNPDCAD_02949	TH2_contig_2	2597190	2598266	1077	+	creD	Inner membrane protein CreD	TH2	HKNPDCAD_02949	HKNPDCAD_02949	
TH2_HKNPDCAD_02950	TH2_contig_2	2598326	2599042	717	-	arcA	Aerobic respiration control protein ArcA	TH2	HKNPDCAD_02950	HKNPDCAD_02950	
TH2_HKNPDCAD_02951	TH2_contig_2	2599678	2600364	687	+	trmH_2	tRNA (guanosine(18)-2'-O)-methyltransferase	TH2	HKNPDCAD_02951	HKNPDCAD_02951	
TH2_HKNPDCAD_02952	TH2_contig_2	2600723	2603185	2463	+	thrA	Bifunctional aspartokinase/homoserine dehydrogenase 1	TH2	HKNPDCAD_02952	HKNPDCAD_02952	
TH2_HKNPDCAD_02953	TH2_contig_2	2603187	2604119	933	+	thrB	Homoserine kinase	TH2	HKNPDCAD_02953	HKNPDCAD_02953	
TH2_HKNPDCAD_02954	TH2_contig_2	2604120	2605406	1287	+	thrC	Threonine synthase	TH2	HKNPDCAD_02954	HKNPDCAD_02954	
TH2_HKNPDCAD_02955	TH2_contig_2	2605619	2605915	297	+	hypothetical protein	hypothetical protein	TH2	HKNPDCAD_02955	HKNPDCAD_02955	
TH2_HKNPDCAD_02956	TH2_contig_2	2606068	2606844	777	-	yaaA	Peroxide stress resistance protein YaaA	TH2	HKNPDCAD_02956	HKNPDCAD_02956	
TH2_HKNPDCAD_02957	TH2_contig_2	2606913	2607806	894	-	alsT_1	Amino-acid carrier protein AlsT	TH2	HKNPDCAD_02957	HKNPDCAD_02957	
TH2_HKNPDCAD_02958	TH2_contig_2	2607803	2608342	540	-	alsT_2	Amino-acid carrier protein AlsT	TH2	HKNPDCAD_02958	HKNPDCAD_02958	
TH2_HKNPDCAD_02959	TH2_contig_2	2608621	2609574	954	+	talB	Transaldolase B	TH2	HKNPDCAD_02959	HKNPDCAD_02959	
TH2_HKNPDCAD_02960	TH2_contig_2	2609689	2610276	588	+	mog	Molybdopterin adenylyltransferase	TH2	HKNPDCAD_02960	HKNPDCAD_02960	
TH2_HKNPDCAD_02961	TH2_contig_2	2610310	2610876	567	-	satP	Succinate-acetate/proton symporter SatP	TH2	HKNPDCAD_02961	HKNPDCAD_02961	
TH2_HKNPDCAD_02962	TH2_contig_2	2611025	2611738	714	-	hypothetical protein	hypothetical protein	TH2	HKNPDCAD_02962	HKNPDCAD_02962	
TH2_HKNPDCAD_02963	TH2_contig_2	2611764	2612168	405	-	hypothetical protein	hypothetical protein	TH2	HKNPDCAD_02963	HKNPDCAD_02963	
TH2_HKNPDCAD_02964	TH2_contig_2	2612545	2614461	1917	+	dnaK_2	Chaperone protein DnaK	TH2	HKNPDCAD_02964	HKNPDCAD_02964	
TH2_HKNPDCAD_02965	TH2_contig_2	2614550	2615680	1131	+	dnaJ	Chaperone protein DnaJ	TH2	HKNPDCAD_02965	HKNPDCAD_02965	
TH2_HKNPDCAD_02966	TH2_contig_2	2615784	2615936	153	-	hokC_1	Toxic protein HokC	TH2	HKNPDCAD_02966	HKNPDCAD_02966	
TH2_HKNPDCAD_02967	TH2_contig_2	2616522	2617688	1167	+	nhaA	Na(+)/H(+) antiporter NhaA	TH2	HKNPDCAD_02967	HKNPDCAD_02967	
TH2_HKNPDCAD_02968	TH2_contig_2	2617754	2618653	900	+	nhaR	Transcriptional activator protein NhaR	TH2	HKNPDCAD_02968	HKNPDCAD_02968	
TH2_HKNPDCAD_02969	TH2_contig_2	2618691	2619650	960	-	hypothetical protein	hypothetical protein	TH2	HKNPDCAD_02969	HKNPDCAD_02969	
TH2_HKNPDCAD_02970	TH2_contig_2	2619663	2620808	1146	-	yehB_2	Outer membrane usher protein YehB	TH2	HKNPDCAD_02970	HKNPDCAD_02970	
TH2_HKNPDCAD_02971	TH2_contig_2	2621241	2621897	657	-	hypothetical protein	hypothetical protein	TH2	HKNPDCAD_02971	HKNPDCAD_02971	
TH2_HKNPDCAD_02972	TH2_contig_2	2622448	2622660	213	-	hypothetical protein	hypothetical protein	TH2	HKNPDCAD_02972	HKNPDCAD_02972	
TH2_HKNPDCAD_02973	TH2_contig_2	2623143	2623406	264	-	rpsT	30S ribosomal protein S20	TH2	HKNPDCAD_02973	HKNPDCAD_02973	
TH2_HKNPDCAD_02974	TH2_contig_2	2623735	2624676	942	+	ribF	Bifunctional riboflavin kinase/FMN adenylyltransferase	TH2	HKNPDCAD_02974	HKNPDCAD_02974	
TH2_HKNPDCAD_02975	TH2_contig_2	2624719	2627535	2817	+	ileS	Isoleucine--tRNA ligase	TH2	HKNPDCAD_02975	HKNPDCAD_02975	
TH2_HKNPDCAD_02976	TH2_contig_2	2627535	2628029	495	+	lspA	Lipoprotein signal peptidase	TH2	HKNPDCAD_02976	HKNPDCAD_02976	
TH2_HKNPDCAD_02977	TH2_contig_2	2628154	2628603	450	+	fkpB	FKBP-type 16 kDa peptidyl-prolyl cis-trans isomerase	TH2	HKNPDCAD_02977	HKNPDCAD_02977	
TH2_HKNPDCAD_02978	TH2_contig_2	2628605	2629063	459	+	ispH_1	4-hydroxy-3-methylbut-2-enyl diphosphate reductase	TH2	HKNPDCAD_02978	HKNPDCAD_02978	
TH2_HKNPDCAD_02979	TH2_contig_2	2629024	2629554	531	+	ispH_2	4-hydroxy-3-methylbut-2-enyl diphosphate reductase	TH2	HKNPDCAD_02979	HKNPDCAD_02979	
TH2_HKNPDCAD_02980	TH2_contig_2	2629620	2630534	915	+	rihC	Non-specific ribonucleoside hydrolase RihC	TH2	HKNPDCAD_02980	HKNPDCAD_02980	
TH2_HKNPDCAD_02981	TH2_contig_2	2630748	2631521	774	+	dapB	4-hydroxy-tetrahydrodipicolinate reductase	TH2	HKNPDCAD_02981	HKNPDCAD_02981	
TH2_HKNPDCAD_02982	TH2_contig_2	2631977	2632624	648	+	carA_1	Carbamoyl-phosphate synthase small chain	TH2	HKNPDCAD_02982	HKNPDCAD_02982	
TH2_HKNPDCAD_02983	TH2_contig_2	2632603	2633124	522	+	carA_2	Carbamoyl-phosphate synthase small chain	TH2	HKNPDCAD_02983	HKNPDCAD_02983	
TH2_HKNPDCAD_02984	TH2_contig_2	2633142	2636363	3222	+	carB	Carbamoyl-phosphate synthase large chain	TH2	HKNPDCAD_02984	HKNPDCAD_02984	
TH2_HKNPDCAD_02985	TH2_contig_2	2636411	2636590	180	-	hypothetical protein	hypothetical protein	TH2	HKNPDCAD_02985	HKNPDCAD_02985	
TH2_HKNPDCAD_02986	TH2_contig_2	2636625	2637020	396	+	hypothetical protein	hypothetical protein	TH2	HKNPDCAD_02986	HKNPDCAD_02986	
TH2_HKNPDCAD_02987	TH2_contig_2	2637229	2637819	591	-	yrdA_2	Protein YrdA	TH2	HKNPDCAD_02987	HKNPDCAD_02987	
TH2_HKNPDCAD_02988	TH2_contig_2	2637825	2638610	786	-	caiD	Carnitinyl-CoA dehydratase	TH2	HKNPDCAD_02988	HKNPDCAD_02988	
TH2_HKNPDCAD_02989	TH2_contig_2	2638739	2639005	267	-	caiC_1	Crotonobetaine/carnitine--CoA ligase	TH2	HKNPDCAD_02989	HKNPDCAD_02989	
TH2_HKNPDCAD_02990	TH2_contig_2	2639002	2640270	1269	-	caiC_2	Crotonobetaine/carnitine--CoA ligase	TH2	HKNPDCAD_02990	HKNPDCAD_02990	
TH2_HKNPDCAD_02991	TH2_contig_2	2640344	2641561	1218	-	caiB	L-carnitine CoA-transferase	TH2	HKNPDCAD_02991	HKNPDCAD_02991	
TH2_HKNPDCAD_02992	TH2_contig_2	2641690	2642832	1143	-	caiA_1	Crotonobetainyl-CoA reductase	TH2	HKNPDCAD_02992	HKNPDCAD_02992	
TH2_HKNPDCAD_02993	TH2_contig_2	2642863	2644377	1515	-	caiT_1	L-carnitine/gamma-butyrobetaine antiporter	TH2	HKNPDCAD_02993	HKNPDCAD_02993	
TH2_HKNPDCAD_02994	TH2_contig_2	2644850	2645620	771	+	fixA_1	Protein FixA	TH2	HKNPDCAD_02994	HKNPDCAD_02994	
TH2_HKNPDCAD_02995	TH2_contig_2	2645635	2646576	942	+	fixB_2	Protein FixB	TH2	HKNPDCAD_02995	HKNPDCAD_02995	
TH2_HKNPDCAD_02996	TH2_contig_2	2646627	2647913	1287	+	thi4	Thiamine thiazole synthase	TH2	HKNPDCAD_02996	HKNPDCAD_02996	
TH2_HKNPDCAD_02997	TH2_contig_2	2647910	2648197	288	+	fixX_2	Ferredoxin-like protein FixX	TH2	HKNPDCAD_02997	HKNPDCAD_02997	
TH2_HKNPDCAD_02998	TH2_contig_2	2648256	2648588	333	+	ygcS_2	Inner membrane metabolite transport protein YgcS	TH2	HKNPDCAD_02998	HKNPDCAD_02998	
TH2_HKNPDCAD_02999	TH2_contig_2	2648588	2649115	528	+	ygcS_3	Inner membrane metabolite transport protein YgcS	TH2	HKNPDCAD_02999	HKNPDCAD_02999	
TH2_HKNPDCAD_03000	TH2_contig_2	2649112	2649585	474	+	ygcS_4	Inner membrane metabolite transport protein YgcS	TH2	HKNPDCAD_03000	HKNPDCAD_03000	
TH2_HKNPDCAD_03001	TH2_contig_2	2649693	2650223	531	+	kefF	Glutathione-regulated potassium-efflux system ancillary protein KefF	TH2	HKNPDCAD_03001	HKNPDCAD_03001	
TH2_HKNPDCAD_03002	TH2_contig_2	2650216	2652078	1863	+	kefC_2	Glutathione-regulated potassium-efflux system protein KefC	TH2	HKNPDCAD_03002	HKNPDCAD_03002	
TH2_HKNPDCAD_03003	TH2_contig_2	2652268	2652747	480	+	IS1595 family transposase ISSsu9	IS1595 family transposase ISSsu9	TH2	HKNPDCAD_03003	HKNPDCAD_03003	
TH2_HKNPDCAD_03004	TH2_contig_2	2652825	2653667	843	-	apaH_1	Bis(5'-nucleosyl)-tetraphosphatase [symmetrical]	TH2	HKNPDCAD_03004	HKNPDCAD_03004	
TH2_HKNPDCAD_03005	TH2_contig_2	2653674	2654051	378	-	apaG	Protein ApaG	TH2	HKNPDCAD_03005	HKNPDCAD_03005	
TH2_HKNPDCAD_03006	TH2_contig_2	2654054	2654875	822	-	rsmA	Ribosomal RNA small subunit methyltransferase A	TH2	HKNPDCAD_03006	HKNPDCAD_03006	
TH2_HKNPDCAD_03007	TH2_contig_2	2654872	2655861	990	-	pdxA	4-hydroxythreonine-4-phosphate dehydrogenase	TH2	HKNPDCAD_03007	HKNPDCAD_03007	
TH2_HKNPDCAD_03008	TH2_contig_2	2655861	2657162	1302	-	surA	Chaperone SurA	TH2	HKNPDCAD_03008	HKNPDCAD_03008	
TH2_HKNPDCAD_03009	TH2_contig_2	2657199	2659553	2355	-	lptD	LPS-assembly protein LptD	TH2	HKNPDCAD_03009	HKNPDCAD_03009	
TH2_HKNPDCAD_03010	TH2_contig_2	2659808	2660623	816	+	djlA	Co-chaperone protein DjlA	TH2	HKNPDCAD_03010	HKNPDCAD_03010	
TH2_HKNPDCAD_03011	TH2_contig_2	2660740	2661399	660	-	rluA	Dual-specificity RNA pseudouridine synthase RluA	TH2	HKNPDCAD_03011	HKNPDCAD_03011	
TH2_HKNPDCAD_03012	TH2_contig_2	2661411	2664317	2907	-	rapA	RNA polymerase-associated protein RapA	TH2	HKNPDCAD_03012	HKNPDCAD_03012	
TH2_HKNPDCAD_03013	TH2_contig_2	2664482	2666833	2352	-	polB	DNA polymerase II	TH2	HKNPDCAD_03013	HKNPDCAD_03013	
TH2_HKNPDCAD_03014	TH2_contig_2	2666908	2667603	696	-	araD	L-ribulose-5-phosphate 4-epimerase AraD	TH2	HKNPDCAD_03014	HKNPDCAD_03014	
TH2_HKNPDCAD_03015	TH2_contig_2	2667888	2669390	1503	-	araA	L-arabinose isomerase	TH2	HKNPDCAD_03015	HKNPDCAD_03015	
TH2_HKNPDCAD_03016	TH2_contig_2	2669401	2671101	1701	-	araB	Ribulokinase	TH2	HKNPDCAD_03016	HKNPDCAD_03016	
TH2_HKNPDCAD_03017	TH2_contig_2	2671440	2672318	879	+	araC	Arabinose operon regulatory protein	TH2	HKNPDCAD_03017	HKNPDCAD_03017	
TH2_HKNPDCAD_03018	TH2_contig_2	2672404	2673168	765	+	yabI	Inner membrane protein YabI	TH2	HKNPDCAD_03018	HKNPDCAD_03018	
TH2_HKNPDCAD_03019	TH2_contig_2	2673282	2673980	699	-	thiQ	Thiamine import ATP-binding protein ThiQ	TH2	HKNPDCAD_03019	HKNPDCAD_03019	
TH2_HKNPDCAD_03020	TH2_contig_2	2673964	2675574	1611	-	hypothetical protein	hypothetical protein	TH2	HKNPDCAD_03020	HKNPDCAD_03020	
TH2_HKNPDCAD_03021	TH2_contig_2	2675550	2676371	822	-	thiB	Thiamine-binding periplasmic protein	TH2	HKNPDCAD_03021	HKNPDCAD_03021	
TH2_HKNPDCAD_03022	TH2_contig_2	2676695	2678350	1656	-	sgrR_1	HTH-type transcriptional regulator SgrR	TH2	HKNPDCAD_03022	HKNPDCAD_03022	
TH2_HKNPDCAD_03023	TH2_contig_2	2678438	2678569	132	+	sgrT	Putative inhibitor of glucose uptake transporter SgrT	TH2	HKNPDCAD_03023	HKNPDCAD_03023	
TH2_HKNPDCAD_03024	TH2_contig_2	2678671	2679849	1179	+	setA	Sugar efflux transporter A	TH2	HKNPDCAD_03024	HKNPDCAD_03024	
TH2_HKNPDCAD_03025	TH2_contig_2	2679898	2680503	606	-	leuD	3-isopropylmalate dehydratase small subunit	TH2	HKNPDCAD_03025	HKNPDCAD_03025	
TH2_HKNPDCAD_03026	TH2_contig_2	2680514	2681914	1401	-	leuC_1	3-isopropylmalate dehydratase large subunit	TH2	HKNPDCAD_03026	HKNPDCAD_03026	
TH2_HKNPDCAD_03027	TH2_contig_2	2681917	2683008	1092	-	leuB	3-isopropylmalate dehydrogenase	TH2	HKNPDCAD_03027	HKNPDCAD_03027	
TH2_HKNPDCAD_03028	TH2_contig_2	2683008	2684579	1572	-	leuA	2-isopropylmalate synthase	TH2	HKNPDCAD_03028	HKNPDCAD_03028	
TH2_HKNPDCAD_03029	TH2_contig_2	2685418	2686362	945	+	leuO	HTH-type transcriptional regulator LeuO	TH2	HKNPDCAD_03029	HKNPDCAD_03029	
TH2_HKNPDCAD_03030	TH2_contig_2	2686680	2688404	1725	+	ilvI	Acetolactate synthase isozyme 3 large subunit	TH2	HKNPDCAD_03030	HKNPDCAD_03030	
TH2_HKNPDCAD_03031	TH2_contig_2	2688541	2688897	357	+	ilvH	Acetolactate synthase isozyme 3 small subunit	TH2	HKNPDCAD_03031	HKNPDCAD_03031	
TH2_HKNPDCAD_03032	TH2_contig_2	2689454	2690080	627	+	cra	Catabolite repressor/activator	TH2	HKNPDCAD_03032	HKNPDCAD_03032	
TH2_HKNPDCAD_03033	TH2_contig_2	2690682	2690879	198	+	mraZ_1	Transcriptional regulator MraZ	TH2	HKNPDCAD_03033	HKNPDCAD_03033	
TH2_HKNPDCAD_03034	TH2_contig_2	2690876	2691139	264	+	mraZ_2	Transcriptional regulator MraZ	TH2	HKNPDCAD_03034	HKNPDCAD_03034	
TH2_HKNPDCAD_03035	TH2_contig_2	2691141	2691992	852	+	rsmH	Ribosomal RNA small subunit methyltransferase H	TH2	HKNPDCAD_03035	HKNPDCAD_03035	
TH2_HKNPDCAD_03036	TH2_contig_2	2692078	2692443	366	+	ftsL	Cell division protein FtsL	TH2	HKNPDCAD_03036	HKNPDCAD_03036	
TH2_HKNPDCAD_03037	TH2_contig_2	2692459	2693868	1410	+	ftsI_1	Peptidoglycan D,D-transpeptidase FtsI	TH2	HKNPDCAD_03037	HKNPDCAD_03037	
TH2_HKNPDCAD_03038	TH2_contig_2	2693865	2694224	360	+	ftsI_2	Peptidoglycan D,D-transpeptidase FtsI	TH2	HKNPDCAD_03038	HKNPDCAD_03038	
TH2_HKNPDCAD_03039	TH2_contig_2	2694211	2695698	1488	+	murE	UDP-N-acetylmuramoyl-L-alanyl-D-glutamate--2,6-diaminopimelate ligase	TH2	HKNPDCAD_03039	HKNPDCAD_03039	
TH2_HKNPDCAD_03040	TH2_contig_2	2695695	2697053	1359	+	murF	UDP-N-acetylmuramoyl-tripeptide--D-alanyl-D-alanine ligase	TH2	HKNPDCAD_03040	HKNPDCAD_03040	
TH2_HKNPDCAD_03041	TH2_contig_2	2697047	2698129	1083	+	mraY	Phospho-N-acetylmuramoyl-pentapeptide-transferase	TH2	HKNPDCAD_03041	HKNPDCAD_03041	
TH2_HKNPDCAD_03042	TH2_contig_2	2698132	2699448	1317	+	murD	UDP-N-acetylmuramoylalanine--D-glutamate ligase	TH2	HKNPDCAD_03042	HKNPDCAD_03042	
TH2_HKNPDCAD_03043	TH2_contig_2	2699448	2700692	1245	+	ftsW	putative peptidoglycan glycosyltransferase FtsW	TH2	HKNPDCAD_03043	HKNPDCAD_03043	
TH2_HKNPDCAD_03044	TH2_contig_2	2700689	2701756	1068	+	murG	UDP-N-acetylglucosamine--N-acetylmuramyl-(pentapeptide) pyrophosphoryl-undecaprenol N-acetylglucosamine transferase	TH2	HKNPDCAD_03044	HKNPDCAD_03044	
TH2_HKNPDCAD_03045	TH2_contig_2	2701810	2703285	1476	+	murC	UDP-N-acetylmuramate--L-alanine ligase	TH2	HKNPDCAD_03045	HKNPDCAD_03045	
TH2_HKNPDCAD_03046	TH2_contig_2	2703278	2704198	921	+	ddlB	D-alanine--D-alanine ligase B	TH2	HKNPDCAD_03046	HKNPDCAD_03046	
TH2_HKNPDCAD_03047	TH2_contig_2	2704200	2705030	831	+	ftsQ	Cell division protein FtsQ	TH2	HKNPDCAD_03047	HKNPDCAD_03047	
TH2_HKNPDCAD_03048	TH2_contig_2	2705027	2706289	1263	+	ftsA_2	Cell division protein FtsA	TH2	HKNPDCAD_03048	HKNPDCAD_03048	
TH2_HKNPDCAD_03049	TH2_contig_2	2706350	2707501	1152	+	ftsZ	Cell division protein FtsZ	TH2	HKNPDCAD_03049	HKNPDCAD_03049	
TH2_HKNPDCAD_03050	TH2_contig_2	2707602	2708519	918	+	lpxC	UDP-3-O-acyl-N-acetylglucosamine deacetylase	TH2	HKNPDCAD_03050	HKNPDCAD_03050	
TH2_HKNPDCAD_03051	TH2_contig_2	2708675	2709262	588	+	secM	Secretion monitor	TH2	HKNPDCAD_03051	HKNPDCAD_03051	
TH2_HKNPDCAD_03052	TH2_contig_2	2709324	2712029	2706	+	secA	Protein translocase subunit SecA	TH2	HKNPDCAD_03052	HKNPDCAD_03052	
TH2_HKNPDCAD_03053	TH2_contig_2	2712089	2712478	390	+	mutT	8-oxo-dGTP diphosphatase	TH2	HKNPDCAD_03053	HKNPDCAD_03053	
TH2_HKNPDCAD_03054	TH2_contig_2	2712694	2712891	198	-	yacG	DNA gyrase inhibitor YacG	TH2	HKNPDCAD_03054	HKNPDCAD_03054	
TH2_HKNPDCAD_03055	TH2_contig_2	2712901	2713644	744	-	zapD	Cell division protein ZapD	TH2	HKNPDCAD_03055	HKNPDCAD_03055	
TH2_HKNPDCAD_03056	TH2_contig_2	2713644	2714264	621	-	coaE	Dephospho-CoA kinase	TH2	HKNPDCAD_03056	HKNPDCAD_03056	
TH2_HKNPDCAD_03057	TH2_contig_2	2714489	2715532	1044	+	guaC	GMP reductase	TH2	HKNPDCAD_03057	HKNPDCAD_03057	
TH2_HKNPDCAD_03058	TH2_contig_2	2715567	2716775	1209	-	epsF_3	Type II secretion system protein F	TH2	HKNPDCAD_03058	HKNPDCAD_03058	
TH2_HKNPDCAD_03059	TH2_contig_2	2716765	2718150	1386	-	epsE_2	Type II secretion system protein E	TH2	HKNPDCAD_03059	HKNPDCAD_03059	
TH2_HKNPDCAD_03060	TH2_contig_2	2718160	2718600	441	-	hypothetical protein	hypothetical protein	TH2	HKNPDCAD_03060	HKNPDCAD_03060	
TH2_HKNPDCAD_03061	TH2_contig_2	2718803	2719696	894	-	nadC	Nicotinate-nucleotide pyrophosphorylase [carboxylating]	TH2	HKNPDCAD_03061	HKNPDCAD_03061	
TH2_HKNPDCAD_03062	TH2_contig_2	2719784	2720335	552	+	ampD	1,6-anhydro-N-acetylmuramyl-L-alanine amidase AmpD	TH2	HKNPDCAD_03062	HKNPDCAD_03062	
TH2_HKNPDCAD_03063	TH2_contig_2	2720332	2721186	855	+	ampE	Protein AmpE	TH2	HKNPDCAD_03063	HKNPDCAD_03063	
TH2_HKNPDCAD_03064	TH2_contig_2	2721229	2722599	1371	-	aroP	Aromatic amino acid transport protein AroP	TH2	HKNPDCAD_03064	HKNPDCAD_03064	
TH2_HKNPDCAD_03065	TH2_contig_2	2723142	2723906	765	+	pdhR_2	Pyruvate dehydrogenase complex repressor	TH2	HKNPDCAD_03065	HKNPDCAD_03065	
TH2_HKNPDCAD_03066	TH2_contig_2	2724067	2726730	2664	+	aceE	Pyruvate dehydrogenase E1 component	TH2	HKNPDCAD_03066	HKNPDCAD_03066	
TH2_HKNPDCAD_03067	TH2_contig_2	2726745	2728637	1893	+	aceF	Dihydrolipoyllysine-residue acetyltransferase component of pyruvate dehydrogenase complex	TH2	HKNPDCAD_03067	HKNPDCAD_03067	
TH2_HKNPDCAD_03068	TH2_contig_2	2728962	2730386	1425	+	lpdA	Dihydrolipoyl dehydrogenase	TH2	HKNPDCAD_03068	HKNPDCAD_03068	
TH2_HKNPDCAD_03069	TH2_contig_2	2730457	2732019	1563	-	hypothetical protein	hypothetical protein	TH2	HKNPDCAD_03069	HKNPDCAD_03069	
TH2_HKNPDCAD_03070	TH2_contig_2	2731964	2732299	336	-	hypothetical protein	hypothetical protein	TH2	HKNPDCAD_03070	HKNPDCAD_03070	
TH2_HKNPDCAD_03071	TH2_contig_2	2732654	2735251	2598	+	acnB	Aconitate hydratase B	TH2	HKNPDCAD_03071	HKNPDCAD_03071	
TH2_HKNPDCAD_03072	TH2_contig_2	2735426	2735788	363	+	hypothetical protein	hypothetical protein	TH2	HKNPDCAD_03072	HKNPDCAD_03072	
TH2_HKNPDCAD_03073	TH2_contig_2	2735826	2736620	795	-	speD	S-adenosylmethionine decarboxylase proenzyme	TH2	HKNPDCAD_03073	HKNPDCAD_03073	
TH2_HKNPDCAD_03074	TH2_contig_2	2736636	2737526	891	-	speE	Polyamine aminopropyltransferase	TH2	HKNPDCAD_03074	HKNPDCAD_03074	
TH2_HKNPDCAD_03075	TH2_contig_2	2737607	2737915	309	-	hypothetical protein	hypothetical protein	TH2	HKNPDCAD_03075	HKNPDCAD_03075	
TH2_HKNPDCAD_03076	TH2_contig_2	2738120	2739670	1551	+	cueO	Blue copper oxidase CueO	TH2	HKNPDCAD_03076	HKNPDCAD_03076	
TH2_HKNPDCAD_03077	TH2_contig_2	2739872	2742262	2391	-	gcd	Quinoprotein glucose dehydrogenase	TH2	HKNPDCAD_03077	HKNPDCAD_03077	
TH2_HKNPDCAD_03078	TH2_contig_2	2742468	2743004	537	+	hpt	Hypoxanthine phosphoribosyltransferase	TH2	HKNPDCAD_03078	HKNPDCAD_03078	
TH2_HKNPDCAD_03079	TH2_contig_2	2743045	2743668	624	-	can	Carbonic anhydrase 2	TH2	HKNPDCAD_03079	HKNPDCAD_03079	
TH2_HKNPDCAD_03080	TH2_contig_2	2743889	2744638	750	+	yadG_1	putative ABC transporter ATP-binding protein YadG	TH2	HKNPDCAD_03080	HKNPDCAD_03080	
TH2_HKNPDCAD_03081	TH2_contig_2	2744596	2744739	144	+	yadG_2	putative ABC transporter ATP-binding protein YadG	TH2	HKNPDCAD_03081	HKNPDCAD_03081	
TH2_HKNPDCAD_03082	TH2_contig_2	2744736	2745506	771	+	yadH	Inner membrane transport permease YadH	TH2	HKNPDCAD_03082	HKNPDCAD_03082	
TH2_HKNPDCAD_03083	TH2_contig_2	2745611	2745709	99	+	hypothetical protein	hypothetical protein	TH2	HKNPDCAD_03083	HKNPDCAD_03083	
TH2_HKNPDCAD_03084	TH2_contig_2	2745736	2746050	315	+	hypothetical protein	hypothetical protein	TH2	HKNPDCAD_03084	HKNPDCAD_03084	
TH2_HKNPDCAD_03085	TH2_contig_2	2746114	2747343	1230	+	hypothetical protein	hypothetical protein	TH2	HKNPDCAD_03085	HKNPDCAD_03085	
TH2_HKNPDCAD_03086	TH2_contig_2	2747347	2747727	381	-	panD	Aspartate 1-decarboxylase	TH2	HKNPDCAD_03086	HKNPDCAD_03086	
TH2_HKNPDCAD_03087	TH2_contig_2	2748001	2748903	903	+	ISNCY family transposase ISSen7	ISNCY family transposase ISSen7	TH2	HKNPDCAD_03087	HKNPDCAD_03087	
TH2_HKNPDCAD_03088	TH2_contig_2	2748977	2749828	852	-	panC	Pantothenate synthetase	TH2	HKNPDCAD_03088	HKNPDCAD_03088	
TH2_HKNPDCAD_03089	TH2_contig_2	2749840	2750514	675	-	panB	3-methyl-2-oxobutanoate hydroxymethyltransferase	TH2	HKNPDCAD_03089	HKNPDCAD_03089	
TH2_HKNPDCAD_03090	TH2_contig_2	2750487	2750633	147	-	hypothetical protein	hypothetical protein	TH2	HKNPDCAD_03090	HKNPDCAD_03090	
TH2_HKNPDCAD_03091	TH2_contig_2	2750747	2751985	1239	-	yadC	putative fimbrial-like protein YadC	TH2	HKNPDCAD_03091	HKNPDCAD_03091	
TH2_HKNPDCAD_03092	TH2_contig_2	2752035	2752607	573	-	yadK	putative fimbrial-like protein YadK	TH2	HKNPDCAD_03092	HKNPDCAD_03092	
TH2_HKNPDCAD_03093	TH2_contig_2	2752658	2753263	606	-	yadL	putative fimbrial-like protein YadL	TH2	HKNPDCAD_03093	HKNPDCAD_03093	
TH2_HKNPDCAD_03094	TH2_contig_2	2753275	2753844	570	-	yadM	putative fimbrial-like protein YadM	TH2	HKNPDCAD_03094	HKNPDCAD_03094	
TH2_HKNPDCAD_03095	TH2_contig_2	2753861	2756458	2598	-	htrE	Outer membrane usher protein HtrE	TH2	HKNPDCAD_03095	HKNPDCAD_03095	
TH2_HKNPDCAD_03096	TH2_contig_2	2756493	2757233	741	-	yadV	putative fimbrial chaperone YadV	TH2	HKNPDCAD_03096	HKNPDCAD_03096	
TH2_HKNPDCAD_03097	TH2_contig_2	2757331	2757915	585	-	yadN	putative fimbrial-like protein YadN	TH2	HKNPDCAD_03097	HKNPDCAD_03097	
TH2_HKNPDCAD_03098	TH2_contig_2	2758285	2758764	480	-	folK	2-amino-4-hydroxy-6-hydroxymethyldihydropteridine pyrophosphokinase	TH2	HKNPDCAD_03098	HKNPDCAD_03098	
TH2_HKNPDCAD_03099	TH2_contig_2	2758761	2760125	1365	-	pcnB	Poly(A) polymerase I	TH2	HKNPDCAD_03099	HKNPDCAD_03099	
TH2_HKNPDCAD_03100	TH2_contig_2	2760218	2761144	927	-	gluQ	Glutamyl-Q tRNA(Asp) synthetase	TH2	HKNPDCAD_03100	HKNPDCAD_03100	
TH2_HKNPDCAD_03101	TH2_contig_2	2761181	2761636	456	-	dksA	RNA polymerase-binding transcription factor DksA	TH2	HKNPDCAD_03101	HKNPDCAD_03101	
TH2_HKNPDCAD_03102	TH2_contig_2	2761887	2762516	630	-	sfsA	Sugar fermentation stimulation protein A	TH2	HKNPDCAD_03102	HKNPDCAD_03102	
TH2_HKNPDCAD_03103	TH2_contig_2	2762531	2763061	531	-	thpR	RNA 2',3'-cyclic phosphodiesterase	TH2	HKNPDCAD_03103	HKNPDCAD_03103	
TH2_HKNPDCAD_03104	TH2_contig_2	2763135	2765438	2304	+	hrpB	ATP-dependent RNA helicase HrpB	TH2	HKNPDCAD_03104	HKNPDCAD_03104	
TH2_HKNPDCAD_03105	TH2_contig_2	2765759	2768293	2535	+	mrcB	Penicillin-binding protein 1B	TH2	HKNPDCAD_03105	HKNPDCAD_03105	
TH2_HKNPDCAD_03106	TH2_contig_2	2768508	2770751	2244	+	fhuA	Ferrichrome outer membrane transporter/phage receptor	TH2	HKNPDCAD_03106	HKNPDCAD_03106	
TH2_HKNPDCAD_03107	TH2_contig_2	2770802	2771599	798	+	fhuC	Iron(3+)-hydroxamate import ATP-binding protein FhuC	TH2	HKNPDCAD_03107	HKNPDCAD_03107	
TH2_HKNPDCAD_03108	TH2_contig_2	2771599	2772489	891	+	fhuD	Iron(3+)-hydroxamate-binding protein FhuD	TH2	HKNPDCAD_03108	HKNPDCAD_03108	
TH2_HKNPDCAD_03109	TH2_contig_2	2772486	2774468	1983	+	fhuB	Iron(3+)-hydroxamate import system permease protein FhuB	TH2	HKNPDCAD_03109	HKNPDCAD_03109	
TH2_HKNPDCAD_03110	TH2_contig_2	2774626	2775822	1197	-	hemL	Glutamate-1-semialdehyde 2,1-aminomutase	TH2	HKNPDCAD_03110	HKNPDCAD_03110	
TH2_HKNPDCAD_03111	TH2_contig_2	2776130	2777551	1422	+	clcA	H(+)/Cl(-) exchange transporter ClcA	TH2	HKNPDCAD_03111	HKNPDCAD_03111	
TH2_HKNPDCAD_03112	TH2_contig_2	2777633	2777977	345	+	erpA	Iron-sulfur cluster insertion protein ErpA	TH2	HKNPDCAD_03112	HKNPDCAD_03112	
TH2_HKNPDCAD_03113	TH2_contig_2	2778024	2778647	624	-	hypothetical protein	hypothetical protein	TH2	HKNPDCAD_03113	HKNPDCAD_03113	
TH2_HKNPDCAD_03114	TH2_contig_2	2778685	2779485	801	-	btuF	Vitamin B12-binding protein	TH2	HKNPDCAD_03114	HKNPDCAD_03114	
TH2_HKNPDCAD_03115	TH2_contig_2	2779478	2780176	699	-	mtnN	5'-methylthioadenosine/S-adenosylhomocysteine nucleosidase	TH2	HKNPDCAD_03115	HKNPDCAD_03115	
TH2_HKNPDCAD_03116	TH2_contig_2	2780444	2781775	1332	+	dgt	Deoxyguanosinetriphosphate triphosphohydrolase	TH2	HKNPDCAD_03116	HKNPDCAD_03116	
TH2_HKNPDCAD_03117	TH2_contig_2	2781905	2783329	1425	+	degP	Periplasmic serine endoprotease DegP	TH2	HKNPDCAD_03117	HKNPDCAD_03117	
TH2_HKNPDCAD_03118	TH2_contig_2	2783484	2784641	1158	+	cdaR	Carbohydrate diacid regulator	TH2	HKNPDCAD_03118	HKNPDCAD_03118	
TH2_HKNPDCAD_03119	TH2_contig_2	2784730	2785116	387	-	hypothetical protein	hypothetical protein	TH2	HKNPDCAD_03119	HKNPDCAD_03119	
TH2_HKNPDCAD_03120	TH2_contig_2	2785368	2785640	273	-	hypothetical protein	hypothetical protein	TH2	HKNPDCAD_03120	HKNPDCAD_03120	
TH2_HKNPDCAD_03121	TH2_contig_2	2785651	2786088	438	-	hypothetical protein	hypothetical protein	TH2	HKNPDCAD_03121	HKNPDCAD_03121	
TH2_HKNPDCAD_03122	TH2_contig_2	2786142	2786966	825	-	dapD	2,3,4,5-tetrahydropyridine-2,6-dicarboxylate N-succinyltransferase	TH2	HKNPDCAD_03122	HKNPDCAD_03122	
TH2_HKNPDCAD_03123	TH2_contig_2	2786997	2789669	2673	-	glnD	Bifunctional uridylyltransferase/uridylyl-removing enzyme	TH2	HKNPDCAD_03123	HKNPDCAD_03123	
TH2_HKNPDCAD_03124	TH2_contig_2	2789731	2790525	795	-	map	Methionine aminopeptidase	TH2	HKNPDCAD_03124	HKNPDCAD_03124	
TH2_HKNPDCAD_03125	TH2_contig_2	2790893	2791618	726	+	rpsB	30S ribosomal protein S2	TH2	HKNPDCAD_03125	HKNPDCAD_03125	
TH2_HKNPDCAD_03126	TH2_contig_2	2791876	2792727	852	+	tsf	Elongation factor Ts	TH2	HKNPDCAD_03126	HKNPDCAD_03126	
TH2_HKNPDCAD_03127	TH2_contig_2	2792874	2793599	726	+	pyrH	Uridylate kinase	TH2	HKNPDCAD_03127	HKNPDCAD_03127	
TH2_HKNPDCAD_03128	TH2_contig_2	2793891	2794448	558	+	frr	Ribosome-recycling factor	TH2	HKNPDCAD_03128	HKNPDCAD_03128	
TH2_HKNPDCAD_03129	TH2_contig_2	2794540	2795736	1197	+	dxr	1-deoxy-D-xylulose 5-phosphate reductoisomerase	TH2	HKNPDCAD_03129	HKNPDCAD_03129	
TH2_HKNPDCAD_03130	TH2_contig_2	2795924	2796619	696	+	ispU	Ditrans,polycis-undecaprenyl-diphosphate synthase ((2E,6E)-farnesyl-diphosphate specific)	TH2	HKNPDCAD_03130	HKNPDCAD_03130	
TH2_HKNPDCAD_03131	TH2_contig_2	2796694	2797551	858	+	cdsA	Phosphatidate cytidylyltransferase	TH2	HKNPDCAD_03131	HKNPDCAD_03131	
TH2_HKNPDCAD_03132	TH2_contig_2	2797563	2798876	1314	+	rseP	Regulator of sigma-E protease RseP	TH2	HKNPDCAD_03132	HKNPDCAD_03132	
TH2_HKNPDCAD_03133	TH2_contig_2	2798944	2801376	2433	+	bamA	Outer membrane protein assembly factor BamA	TH2	HKNPDCAD_03133	HKNPDCAD_03133	
TH2_HKNPDCAD_03134	TH2_contig_2	2801498	2801983	486	+	skp	Chaperone protein Skp	TH2	HKNPDCAD_03134	HKNPDCAD_03134	
TH2_HKNPDCAD_03135	TH2_contig_2	2801987	2803012	1026	+	lpxD	UDP-3-O-(3-hydroxymyristoyl)glucosamine N-acyltransferase	TH2	HKNPDCAD_03135	HKNPDCAD_03135	
TH2_HKNPDCAD_03136	TH2_contig_2	2803117	2803572	456	+	fabZ	3-hydroxyacyl-[acyl-carrier-protein] dehydratase FabZ	TH2	HKNPDCAD_03136	HKNPDCAD_03136	
TH2_HKNPDCAD_03137	TH2_contig_2	2803576	2804364	789	+	lpxA	Acyl-[acyl-carrier-protein]--UDP-N-acetylglucosamine O-acyltransferase	TH2	HKNPDCAD_03137	HKNPDCAD_03137	
TH2_HKNPDCAD_03138	TH2_contig_2	2804364	2805512	1149	+	lpxB	Lipid-A-disaccharide synthase	TH2	HKNPDCAD_03138	HKNPDCAD_03138	
TH2_HKNPDCAD_03139	TH2_contig_2	2805509	2806105	597	+	rnhB	Ribonuclease HII	TH2	HKNPDCAD_03139	HKNPDCAD_03139	
TH2_HKNPDCAD_03140	TH2_contig_2	2806142	2809624	3483	+	dnaE	DNA polymerase III subunit alpha	TH2	HKNPDCAD_03140	HKNPDCAD_03140	
TH2_HKNPDCAD_03141	TH2_contig_2	2809637	2810596	960	+	accA	Acetyl-coenzyme A carboxylase carboxyl transferase subunit alpha	TH2	HKNPDCAD_03141	HKNPDCAD_03141	
TH2_HKNPDCAD_03142	TH2_contig_2	2810695	2812836	2142	+	ldcC	Constitutive lysine decarboxylase	TH2	HKNPDCAD_03142	HKNPDCAD_03142	
TH2_HKNPDCAD_03143	TH2_contig_2	2812893	2813282	390	+	hypothetical protein	hypothetical protein	TH2	HKNPDCAD_03143	HKNPDCAD_03143	
TH2_HKNPDCAD_03144	TH2_contig_2	2813347	2813928	582	+	tilS_1	tRNA(Ile)-lysidine synthase	TH2	HKNPDCAD_03144	HKNPDCAD_03144	
TH2_HKNPDCAD_03145	TH2_contig_2	2813928	2814644	717	+	tilS_2	tRNA(Ile)-lysidine synthase	TH2	HKNPDCAD_03145	HKNPDCAD_03145	
TH2_HKNPDCAD_03146	TH2_contig_2	2814693	2814953	261	-	rof	Protein rof	TH2	HKNPDCAD_03146	HKNPDCAD_03146	
TH2_HKNPDCAD_03147	TH2_contig_2	2814940	2815140	201	-	hypothetical protein	hypothetical protein	TH2	HKNPDCAD_03147	HKNPDCAD_03147	
TH2_HKNPDCAD_03148	TH2_contig_2	2815306	2815851	546	+	yaeQ	putative protein YaeQ	TH2	HKNPDCAD_03148	HKNPDCAD_03148	
TH2_HKNPDCAD_03149	TH2_contig_2	2815848	2816270	423	+	arfB	Peptidyl-tRNA hydrolase ArfB	TH2	HKNPDCAD_03149	HKNPDCAD_03149	
TH2_HKNPDCAD_03150	TH2_contig_2	2816283	2816993	711	+	nlpE	Lipoprotein NlpE	TH2	HKNPDCAD_03150	HKNPDCAD_03150	
TH2_HKNPDCAD_03151	TH2_contig_2	2817191	2818015	825	-	hypothetical protein	hypothetical protein	TH2	HKNPDCAD_03151	HKNPDCAD_03151	
TH2_HKNPDCAD_03152	TH2_contig_2	2818068	2819576	1509	-	proS_1	Proline--tRNA ligase	TH2	HKNPDCAD_03152	HKNPDCAD_03152	
TH2_HKNPDCAD_03153	TH2_contig_2	2819603	2819785	183	-	proS_2	Proline--tRNA ligase	TH2	HKNPDCAD_03153	HKNPDCAD_03153	
TH2_HKNPDCAD_03154	TH2_contig_2	2819895	2820602	708	-	trmO	tRNA (adenine(37)-N6)-methyltransferase	TH2	HKNPDCAD_03154	HKNPDCAD_03154	
TH2_HKNPDCAD_03155	TH2_contig_2	2820599	2821003	405	-	rcsF	Outer membrane lipoprotein RcsF	TH2	HKNPDCAD_03155	HKNPDCAD_03155	
TH2_HKNPDCAD_03156	TH2_contig_2	2821121	2821936	816	-	metQ	D-methionine-binding lipoprotein MetQ	TH2	HKNPDCAD_03156	HKNPDCAD_03156	
TH2_HKNPDCAD_03157	TH2_contig_2	2821976	2822629	654	-	metI	D-methionine transport system permease protein MetI	TH2	HKNPDCAD_03157	HKNPDCAD_03157	
TH2_HKNPDCAD_03158	TH2_contig_2	2822622	2823653	1032	-	metN	Methionine import ATP-binding protein MetN	TH2	HKNPDCAD_03158	HKNPDCAD_03158	
TH2_HKNPDCAD_03159	TH2_contig_2	2823841	2823993	153	+	gmhB_1	D-glycero-beta-D-manno-heptose-1,7-bisphosphate 7-phosphatase	TH2	HKNPDCAD_03159	HKNPDCAD_03159	
TH2_HKNPDCAD_03160	TH2_contig_2	2823972	2824415	444	+	gmhB_2	D-glycero-beta-D-manno-heptose-1,7-bisphosphate 7-phosphatase	TH2	HKNPDCAD_03160	HKNPDCAD_03160	
TH2_HKNPDCAD_03167	TH2_contig_2	2830173	2830976	804	+	dkgB	2,5-diketo-D-gluconic acid reductase B	TH2	HKNPDCAD_03167	HKNPDCAD_03167	
TH2_HKNPDCAD_03168	TH2_contig_2	2830973	2831887	915	-	dmlR_4	HTH-type transcriptional regulator DmlR	TH2	HKNPDCAD_03168	HKNPDCAD_03168	
TH2_HKNPDCAD_03169	TH2_contig_2	2832149	2832928	780	+	hypothetical protein	hypothetical protein	TH2	HKNPDCAD_03169	HKNPDCAD_03169	
TH2_HKNPDCAD_03170	TH2_contig_2	2832932	2833555	624	+	ycgJ	putative methyltransferase YcgJ	TH2	HKNPDCAD_03170	HKNPDCAD_03170	
TH2_HKNPDCAD_03171	TH2_contig_2	2833603	2834823	1221	-	mltD	Membrane-bound lytic murein transglycosylase D	TH2	HKNPDCAD_03171	HKNPDCAD_03171	
TH2_HKNPDCAD_03172	TH2_contig_2	2835033	2835788	756	-	gloB	Hydroxyacylglutathione hydrolase GloB	TH2	HKNPDCAD_03172	HKNPDCAD_03172	
TH2_HKNPDCAD_03173	TH2_contig_2	2835822	2836544	723	+	hypothetical protein	hypothetical protein	TH2	HKNPDCAD_03173	HKNPDCAD_03173	
TH2_HKNPDCAD_03174	TH2_contig_2	2836541	2837008	468	-	rnhA	Ribonuclease HI	TH2	HKNPDCAD_03174	HKNPDCAD_03174	
TH2_HKNPDCAD_03175	TH2_contig_2	2837064	2837804	741	+	dnaQ	DNA polymerase III subunit epsilon	TH2	HKNPDCAD_03175	HKNPDCAD_03175	
TH2_HKNPDCAD_03177	TH2_contig_2	2838343	2839128	786	+	hypothetical protein	hypothetical protein	TH2	HKNPDCAD_03177	HKNPDCAD_03177	
TH2_HKNPDCAD_03178	TH2_contig_2	2839265	2839744	480	-	hypothetical protein	hypothetical protein	TH2	HKNPDCAD_03178	HKNPDCAD_03178	
TH2_HKNPDCAD_03179	TH2_contig_2	2839754	2840368	615	-	hypothetical protein	hypothetical protein	TH2	HKNPDCAD_03179	HKNPDCAD_03179	
TH2_HKNPDCAD_03180	TH2_contig_2	2840711	2841193	483	-	hcpA_1	Major exported protein	TH2	HKNPDCAD_03180	HKNPDCAD_03180	
TH2_HKNPDCAD_03181	TH2_contig_2	2841217	2842560	1344	-	hypothetical protein	hypothetical protein	TH2	HKNPDCAD_03181	HKNPDCAD_03181	
TH2_HKNPDCAD_03182	TH2_contig_2	2842563	2843126	564	-	hypothetical protein	hypothetical protein	TH2	HKNPDCAD_03182	HKNPDCAD_03182	
TH2_HKNPDCAD_03183	TH2_contig_2	2843083	2843616	534	-	hypothetical protein	hypothetical protein	TH2	HKNPDCAD_03183	HKNPDCAD_03183	
TH2_HKNPDCAD_03184	TH2_contig_2	2843613	2844362	750	-	hypothetical protein	hypothetical protein	TH2	HKNPDCAD_03184	HKNPDCAD_03184	
TH2_HKNPDCAD_03185	TH2_contig_2	2844387	2845178	792	-	hypothetical protein	hypothetical protein	TH2	HKNPDCAD_03185	HKNPDCAD_03185	
TH2_HKNPDCAD_03186	TH2_contig_2	2845175	2845468	294	-	hypothetical protein	hypothetical protein	TH2	HKNPDCAD_03186	HKNPDCAD_03186	
TH2_HKNPDCAD_03187	TH2_contig_2	2845432	2847282	1851	-	hypothetical protein	hypothetical protein	TH2	HKNPDCAD_03187	HKNPDCAD_03187	
TH2_HKNPDCAD_03188	TH2_contig_2	2847286	2847699	414	-	hypothetical protein	hypothetical protein	TH2	HKNPDCAD_03188	HKNPDCAD_03188	
TH2_HKNPDCAD_03189	TH2_contig_2	2847706	2849181	1476	-	hypothetical protein	hypothetical protein	TH2	HKNPDCAD_03189	HKNPDCAD_03189	
TH2_HKNPDCAD_03190	TH2_contig_2	2849232	2849456	225	-	hypothetical protein	hypothetical protein	TH2	HKNPDCAD_03190	HKNPDCAD_03190	
TH2_HKNPDCAD_03191	TH2_contig_2	2849491	2849991	501	-	hypothetical protein	hypothetical protein	TH2	HKNPDCAD_03191	HKNPDCAD_03191	
TH2_HKNPDCAD_03192	TH2_contig_2	2850686	2851204	519	+	hcpA_2	Major exported protein	TH2	HKNPDCAD_03192	HKNPDCAD_03192	
TH2_HKNPDCAD_03193	TH2_contig_2	2851414	2851593	180	+	hypothetical protein	hypothetical protein	TH2	HKNPDCAD_03193	HKNPDCAD_03193	
TH2_HKNPDCAD_03194	TH2_contig_2	2851581	2853590	2010	+	hypothetical protein	hypothetical protein	TH2	HKNPDCAD_03194	HKNPDCAD_03194	
TH2_HKNPDCAD_03195	TH2_contig_2	2853628	2854596	969	+	hypothetical protein	hypothetical protein	TH2	HKNPDCAD_03195	HKNPDCAD_03195	
TH2_HKNPDCAD_03196	TH2_contig_2	2854602	2855399	798	+	rhsD_1	Protein RhsD	TH2	HKNPDCAD_03196	HKNPDCAD_03196	
TH2_HKNPDCAD_03197	TH2_contig_2	2856106	2856282	177	+	hypothetical protein	hypothetical protein	TH2	HKNPDCAD_03197	HKNPDCAD_03197	
TH2_HKNPDCAD_03198	TH2_contig_2	2856711	2857847	1137	+	ISAs1 family transposase ISEc1	ISAs1 family transposase ISEc1	TH2	HKNPDCAD_03198	HKNPDCAD_03198	
TH2_HKNPDCAD_03199	TH2_contig_2	2857888	2858658	771	-	yafV	Omega-amidase YafV	TH2	HKNPDCAD_03199	HKNPDCAD_03199	
TH2_HKNPDCAD_03200	TH2_contig_2	2858812	2859285	474	+	ivy	Inhibitor of vertebrate lysozyme	TH2	HKNPDCAD_03200	HKNPDCAD_03200	
TH2_HKNPDCAD_03201	TH2_contig_2	2859328	2861772	2445	-	fadE	Acyl-coenzyme A dehydrogenase	TH2	HKNPDCAD_03201	HKNPDCAD_03201	
TH2_HKNPDCAD_03202	TH2_contig_2	2862012	2862590	579	+	gmhA	Phosphoheptose isomerase	TH2	HKNPDCAD_03202	HKNPDCAD_03202	
TH2_HKNPDCAD_03203	TH2_contig_2	2862796	2863563	768	+	yafJ	Putative glutamine amidotransferase YafJ	TH2	HKNPDCAD_03203	HKNPDCAD_03203	
TH2_HKNPDCAD_03204	TH2_contig_2	2863534	2864274	741	-	hypothetical protein	hypothetical protein	TH2	HKNPDCAD_03204	HKNPDCAD_03204	
TH2_HKNPDCAD_03205	TH2_contig_2	2864565	2864699	135	-	yafQ	mRNA interferase toxin YafQ	TH2	HKNPDCAD_03205	HKNPDCAD_03205	
TH2_HKNPDCAD_03206	TH2_contig_2	2864702	2864962	261	-	dinJ	Antitoxin DinJ	TH2	HKNPDCAD_03206	HKNPDCAD_03206	
TH2_HKNPDCAD_03207	TH2_contig_2	2865148	2865921	774	+	hypothetical protein	hypothetical protein	TH2	HKNPDCAD_03207	HKNPDCAD_03207	
TH2_HKNPDCAD_03208	TH2_contig_2	2866716	2867690	975	-	flhA_1	Flagellar biosynthesis protein FlhA	TH2	HKNPDCAD_03208	HKNPDCAD_03208	
TH2_HKNPDCAD_03209	TH2_contig_2	2867767	2868456	690	-	flhA_2	Flagellar biosynthesis protein FlhA	TH2	HKNPDCAD_03209	HKNPDCAD_03209	
TH2_HKNPDCAD_03210	TH2_contig_2	2868682	2869185	504	+	lafU	Chemotaxis protein LafU	TH2	HKNPDCAD_03210	HKNPDCAD_03210	
TH2_HKNPDCAD_03211	TH2_contig_2	2869256	2869375	120	+	dinB_1	DNA polymerase IV	TH2	HKNPDCAD_03211	HKNPDCAD_03211	
TH2_HKNPDCAD_03212	TH2_contig_2	2869372	2870310	939	+	dinB_2	DNA polymerase IV	TH2	HKNPDCAD_03212	HKNPDCAD_03212	
TH2_HKNPDCAD_03213	TH2_contig_2	2870362	2870655	294	+	yafN	Antitoxin YafN	TH2	HKNPDCAD_03213	HKNPDCAD_03213	
TH2_HKNPDCAD_03214	TH2_contig_2	2870658	2871056	399	+	yafO	mRNA interferase toxin YafO	TH2	HKNPDCAD_03214	HKNPDCAD_03214	
TH2_HKNPDCAD_03215	TH2_contig_2	2871144	2871518	375	+	yafP	putative N-acetyltransferase YafP	TH2	HKNPDCAD_03215	HKNPDCAD_03215	
TH2_HKNPDCAD_03216	TH2_contig_2	2871752	2872018	267	+	hypothetical protein	hypothetical protein	TH2	HKNPDCAD_03216	HKNPDCAD_03216	
TH2_HKNPDCAD_03217	TH2_contig_2	2871987	2872487	501	+	prfB_2	Peptide chain release factor 2	TH2	HKNPDCAD_03217	HKNPDCAD_03217	
TH2_HKNPDCAD_03218	TH2_contig_2	2872544	2873428	885	-	pepD_1	Cytosol non-specific dipeptidase	TH2	HKNPDCAD_03218	HKNPDCAD_03218	
TH2_HKNPDCAD_03219	TH2_contig_2	2873383	2874000	618	-	pepD_2	Cytosol non-specific dipeptidase	TH2	HKNPDCAD_03219	HKNPDCAD_03219	
TH2_HKNPDCAD_03220	TH2_contig_2	2874261	2874719	459	+	gpt	Xanthine phosphoribosyltransferase	TH2	HKNPDCAD_03220	HKNPDCAD_03220	
TH2_HKNPDCAD_03221	TH2_contig_2	2874811	2876055	1245	+	hypothetical protein	hypothetical protein	TH2	HKNPDCAD_03221	HKNPDCAD_03221	
TH2_HKNPDCAD_03222	TH2_contig_2	2876113	2876514	402	+	crl	Sigma factor-binding protein Crl	TH2	HKNPDCAD_03222	HKNPDCAD_03222	
TH2_HKNPDCAD_03223	TH2_contig_2	2876553	2877608	1056	-	phoE	Outer membrane porin PhoE	TH2	HKNPDCAD_03223	HKNPDCAD_03223	
TH2_HKNPDCAD_03224	TH2_contig_2	2877896	2878999	1104	+	proB	Glutamate 5-kinase	TH2	HKNPDCAD_03224	HKNPDCAD_03224	
TH2_HKNPDCAD_03225	TH2_contig_2	2879011	2880264	1254	+	proA_2	Gamma-glutamyl phosphate reductase	TH2	HKNPDCAD_03225	HKNPDCAD_03225	
TH2_HKNPDCAD_03227	TH2_contig_2	2881061	2881213	153	+	hypothetical protein	hypothetical protein	TH2	HKNPDCAD_03227	HKNPDCAD_03227	
TH2_HKNPDCAD_03228	TH2_contig_2	2881280	2881438	159	-	hypothetical protein	hypothetical protein	TH2	HKNPDCAD_03228	HKNPDCAD_03228	
TH2_HKNPDCAD_03229	TH2_contig_2	2882046	2882345	300	+	IS3 family transposase ISEc17	IS3 family transposase ISEc17	TH2	HKNPDCAD_03229	HKNPDCAD_03229	
TH2_HKNPDCAD_03230	TH2_contig_2	2882342	2883208	867	+	IS3 family transposase IS3	IS3 family transposase IS3	TH2	HKNPDCAD_03230	HKNPDCAD_03230	
TH2_HKNPDCAD_03231	TH2_contig_2	2883242	2883337	96	+	hypothetical protein	hypothetical protein	TH2	HKNPDCAD_03231	HKNPDCAD_03231	
TH2_HKNPDCAD_03232	TH2_contig_2	2884064	2884357	294	+	hypothetical protein	hypothetical protein	TH2	HKNPDCAD_03232	HKNPDCAD_03232	
TH2_HKNPDCAD_03233	TH2_contig_2	2886281	2886457	177	+	hypothetical protein	hypothetical protein	TH2	HKNPDCAD_03233	HKNPDCAD_03233	
TH2_HKNPDCAD_03234	TH2_contig_2	2886480	2886662	183	+	hypothetical protein	hypothetical protein	TH2	HKNPDCAD_03234	HKNPDCAD_03234	
TH2_HKNPDCAD_03235	TH2_contig_2	2886700	2886933	234	+	hypothetical protein	hypothetical protein	TH2	HKNPDCAD_03235	HKNPDCAD_03235	
TH2_HKNPDCAD_03236	TH2_contig_2	2887774	2887893	120	+	hypothetical protein	hypothetical protein	TH2	HKNPDCAD_03236	HKNPDCAD_03236	
TH2_HKNPDCAD_03237	TH2_contig_2	2887865	2888287	423	+	hypothetical protein	hypothetical protein	TH2	HKNPDCAD_03237	HKNPDCAD_03237	
TH2_HKNPDCAD_03238	TH2_contig_2	2888289	2888627	339	+	hypothetical protein	hypothetical protein	TH2	HKNPDCAD_03238	HKNPDCAD_03238	
TH2_HKNPDCAD_03239	TH2_contig_2	2888976	2889188	213	+	hypothetical protein	hypothetical protein	TH2	HKNPDCAD_03239	HKNPDCAD_03239	
TH2_HKNPDCAD_03240	TH2_contig_2	2889185	2889547	363	+	hypothetical protein	hypothetical protein	TH2	HKNPDCAD_03240	HKNPDCAD_03240	
TH2_HKNPDCAD_03241	TH2_contig_2	2889566	2890597	1032	+	hypothetical protein	hypothetical protein	TH2	HKNPDCAD_03241	HKNPDCAD_03241	
TH2_HKNPDCAD_03242	TH2_contig_2	2890684	2890887	204	+	hypothetical protein	hypothetical protein	TH2	HKNPDCAD_03242	HKNPDCAD_03242	
TH2_HKNPDCAD_03243	TH2_contig_2	2890902	2892740	1839	+	hypothetical protein	hypothetical protein	TH2	HKNPDCAD_03243	HKNPDCAD_03243	
TH2_HKNPDCAD_03244	TH2_contig_2	2892775	2893488	714	+	hypothetical protein	hypothetical protein	TH2	HKNPDCAD_03244	HKNPDCAD_03244	
TH2_HKNPDCAD_03245	TH2_contig_2	2893571	2894848	1278	-	xerC_7	Tyrosine recombinase XerC	TH2	HKNPDCAD_03245	HKNPDCAD_03245	
TH2_HKNPDCAD_03246	TH2_contig_2	2895103	2895513	411	-	hypothetical protein	hypothetical protein	TH2	HKNPDCAD_03246	HKNPDCAD_03246	
TH2_HKNPDCAD_03247	TH2_contig_2	2895492	2896448	957	-	paoD	Molybdenum cofactor insertion chaperone PaoD	TH2	HKNPDCAD_03247	HKNPDCAD_03247	
TH2_HKNPDCAD_03248	TH2_contig_2	2896458	2897612	1155	-	paoC	Aldehyde oxidoreductase molybdenum-binding subunit PaoC	TH2	HKNPDCAD_03248	HKNPDCAD_03248	
TH2_HKNPDCAD_03249	TH2_contig_2	2897582	2898655	1074	-	hypothetical protein	hypothetical protein	TH2	HKNPDCAD_03249	HKNPDCAD_03249	
TH2_HKNPDCAD_03250	TH2_contig_2	2898652	2899608	957	-	paoB	Aldehyde oxidoreductase FAD-binding subunit PaoB	TH2	HKNPDCAD_03250	HKNPDCAD_03250	
TH2_HKNPDCAD_03251	TH2_contig_2	2899605	2900294	690	-	paoA	Aldehyde oxidoreductase iron-sulfur-binding subunit PaoA	TH2	HKNPDCAD_03251	HKNPDCAD_03251	
TH2_HKNPDCAD_03252	TH2_contig_2	2900954	2901325	372	+	yagU	Inner membrane protein YagU	TH2	HKNPDCAD_03252	HKNPDCAD_03252	
TH2_HKNPDCAD_03253	TH2_contig_2	2902215	2902496	282	-	ecpE	putative fimbrial chaperone EcpE	TH2	HKNPDCAD_03253	HKNPDCAD_03253	
TH2_HKNPDCAD_03254	TH2_contig_2	2902496	2902924	429	-	hypothetical protein	hypothetical protein	TH2	HKNPDCAD_03254	HKNPDCAD_03254	
TH2_HKNPDCAD_03255	TH2_contig_2	2902893	2904536	1644	-	ecpD	Fimbria adhesin EcpD	TH2	HKNPDCAD_03255	HKNPDCAD_03255	
TH2_HKNPDCAD_03256	TH2_contig_2	2904526	2907051	2526	-	ecpC	putative outer membrane usher protein EcpC	TH2	HKNPDCAD_03256	HKNPDCAD_03256	
TH2_HKNPDCAD_03257	TH2_contig_2	2907077	2907745	669	-	ecpB	putative fimbrial chaperone EcpB	TH2	HKNPDCAD_03257	HKNPDCAD_03257	
TH2_HKNPDCAD_03258	TH2_contig_2	2907802	2908437	636	-	ecpA	Common pilus major fimbrillin subunit EcpA	TH2	HKNPDCAD_03258	HKNPDCAD_03258	
TH2_HKNPDCAD_03259	TH2_contig_2	2908463	2909005	543	-	ecpR	HTH-type transcriptional regulator EcpR	TH2	HKNPDCAD_03259	HKNPDCAD_03259	
TH2_HKNPDCAD_03260	TH2_contig_2	2910091	2910231	141	-	ykgO	50S ribosomal protein L36 2	TH2	HKNPDCAD_03260	HKNPDCAD_03260	
TH2_HKNPDCAD_03261	TH2_contig_2	2910218	2910496	279	-	ykgM	50S ribosomal protein L31 type B	TH2	HKNPDCAD_03261	HKNPDCAD_03261	
TH2_HKNPDCAD_03262	TH2_contig_2	2910856	2910957	102	-	ykgR	putative membrane protein YkgR	TH2	HKNPDCAD_03262	HKNPDCAD_03262	
TH2_HKNPDCAD_03263	TH2_contig_2	2912072	2916328	4257	+	hypothetical protein	hypothetical protein	TH2	HKNPDCAD_03263	HKNPDCAD_03263	
TH2_HKNPDCAD_03264	TH2_contig_2	2916353	2916511	159	-	hypothetical protein	hypothetical protein	TH2	HKNPDCAD_03264	HKNPDCAD_03264	
TH2_HKNPDCAD_03265	TH2_contig_2	2916553	2917374	822	-	rclA	putative pyridine nucleotide-disulfide oxidoreductase RclA	TH2	HKNPDCAD_03265	HKNPDCAD_03265	
TH2_HKNPDCAD_03266	TH2_contig_2	2917599	2918453	855	+	rclR	RCS-specific HTH-type transcriptional activator RclR	TH2	HKNPDCAD_03266	HKNPDCAD_03266	
TH2_HKNPDCAD_03267	TH2_contig_2	2918978	2919697	720	+	lutA_2	Lactate utilization protein A	TH2	HKNPDCAD_03267	HKNPDCAD_03267	
TH2_HKNPDCAD_03268	TH2_contig_2	2919708	2921135	1428	+	lutB	Lactate utilization protein B	TH2	HKNPDCAD_03268	HKNPDCAD_03268	
TH2_HKNPDCAD_03269	TH2_contig_2	2921128	2921823	696	+	lutC	Lactate utilization protein C	TH2	HKNPDCAD_03269	HKNPDCAD_03269	
TH2_HKNPDCAD_03270	TH2_contig_2	2922066	2922734	669	-	hypothetical protein	hypothetical protein	TH2	HKNPDCAD_03270	HKNPDCAD_03270	
TH2_HKNPDCAD_03271	TH2_contig_2	2922947	2924617	1671	-	betA	Oxygen-dependent choline dehydrogenase	TH2	HKNPDCAD_03271	HKNPDCAD_03271	
TH2_HKNPDCAD_03272	TH2_contig_2	2924631	2926103	1473	-	betB_2	NAD/NADP-dependent betaine aldehyde dehydrogenase	TH2	HKNPDCAD_03272	HKNPDCAD_03272	
TH2_HKNPDCAD_03273	TH2_contig_2	2926117	2926704	588	-	betI	HTH-type transcriptional regulator BetI	TH2	HKNPDCAD_03273	HKNPDCAD_03273	
TH2_HKNPDCAD_03274	TH2_contig_2	2926833	2928866	2034	+	betT	High-affinity choline transport protein	TH2	HKNPDCAD_03274	HKNPDCAD_03274	
TH2_HKNPDCAD_03275	TH2_contig_2	2929741	2930829	1089	+	pdeL	Cyclic di-GMP phosphodiesterase PdeL	TH2	HKNPDCAD_03275	HKNPDCAD_03275	
TH2_HKNPDCAD_03276	TH2_contig_2	2930871	2931677	807	-	yahB_1	putative HTH-type transcriptional regulator YahB	TH2	HKNPDCAD_03276	HKNPDCAD_03276	
TH2_HKNPDCAD_03277	TH2_contig_2	2931710	2931802	93	-	yahB_2	putative HTH-type transcriptional regulator YahB	TH2	HKNPDCAD_03277	HKNPDCAD_03277	
TH2_HKNPDCAD_03278	TH2_contig_2	2931894	2932391	498	-	hypothetical protein	hypothetical protein	TH2	HKNPDCAD_03278	HKNPDCAD_03278	
TH2_HKNPDCAD_03279	TH2_contig_2	2932649	2933254	606	+	hypothetical protein	hypothetical protein	TH2	HKNPDCAD_03279	HKNPDCAD_03279	
TH2_HKNPDCAD_03280	TH2_contig_2	2933294	2934157	864	+	hypothetical protein	hypothetical protein	TH2	HKNPDCAD_03280	HKNPDCAD_03280	
TH2_HKNPDCAD_03281	TH2_contig_2	2934147	2935694	1548	+	fdrA_1	Protein FdrA	TH2	HKNPDCAD_03281	HKNPDCAD_03281	
TH2_HKNPDCAD_03282	TH2_contig_2	2935694	2936035	342	+	hypothetical protein	hypothetical protein	TH2	HKNPDCAD_03282	HKNPDCAD_03282	
TH2_HKNPDCAD_03283	TH2_contig_2	2936032	2937111	1080	+	hypothetical protein	hypothetical protein	TH2	HKNPDCAD_03283	HKNPDCAD_03283	
TH2_HKNPDCAD_03284	TH2_contig_2	2937137	2937457	321	+	hypothetical protein	hypothetical protein	TH2	HKNPDCAD_03284	HKNPDCAD_03284	
TH2_HKNPDCAD_03285	TH2_contig_2	2937533	2938483	951	+	arcC2_1	Carbamate kinase 2	TH2	HKNPDCAD_03285	HKNPDCAD_03285	
TH2_HKNPDCAD_03286	TH2_contig_2	2938493	2939875	1383	+	hypothetical protein	hypothetical protein	TH2	HKNPDCAD_03286	HKNPDCAD_03286	
TH2_HKNPDCAD_03287	TH2_contig_2	2940252	2941301	1050	+	yahK	Aldehyde reductase YahK	TH2	HKNPDCAD_03287	HKNPDCAD_03287	
TH2_HKNPDCAD_03288	TH2_contig_2	2941544	2942359	816	+	hypothetical protein	hypothetical protein	TH2	HKNPDCAD_03288	HKNPDCAD_03288	
TH2_HKNPDCAD_03290	TH2_contig_2	2943034	2943705	672	-	rhtC_2	Threonine efflux protein	TH2	HKNPDCAD_03290	HKNPDCAD_03290	
TH2_HKNPDCAD_03291	TH2_contig_2	2943837	2944214	378	-	IS1 family transposase IS1A	IS1 family transposase IS1A	TH2	HKNPDCAD_03291	HKNPDCAD_03291	
TH2_HKNPDCAD_03292	TH2_contig_2	2944259	2944534	276	-	IS1 family transposase IS1A	IS1 family transposase IS1A	TH2	HKNPDCAD_03292	HKNPDCAD_03292	
TH2_HKNPDCAD_03293	TH2_contig_2	2944628	2944903	276	+	hypothetical protein	hypothetical protein	TH2	HKNPDCAD_03293	HKNPDCAD_03293	
TH2_HKNPDCAD_03294	TH2_contig_2	2945001	2946587	1587	-	prpR	Propionate catabolism operon regulatory protein	TH2	HKNPDCAD_03294	HKNPDCAD_03294	
TH2_HKNPDCAD_03295	TH2_contig_2	2946826	2947716	891	+	prpB	2-methylisocitrate lyase	TH2	HKNPDCAD_03295	HKNPDCAD_03295	
TH2_HKNPDCAD_03296	TH2_contig_2	2947662	2948108	447	-	hypothetical protein	hypothetical protein	TH2	HKNPDCAD_03296	HKNPDCAD_03296	
TH2_HKNPDCAD_03297	TH2_contig_2	2948156	2949325	1170	+	prpC	2-methylcitrate synthase	TH2	HKNPDCAD_03297	HKNPDCAD_03297	
TH2_HKNPDCAD_03298	TH2_contig_2	2949359	2950810	1452	+	prpD	2-methylcitrate dehydratase	TH2	HKNPDCAD_03298	HKNPDCAD_03298	
TH2_HKNPDCAD_03299	TH2_contig_2	2950850	2952736	1887	+	acs_3	Acetyl-coenzyme A synthetase	TH2	HKNPDCAD_03299	HKNPDCAD_03299	
TH2_HKNPDCAD_03300	TH2_contig_2	2953159	2954418	1260	+	codB	Cytosine permease	TH2	HKNPDCAD_03300	HKNPDCAD_03300	
TH2_HKNPDCAD_03301	TH2_contig_2	2954408	2955691	1284	+	codA	Cytosine deaminase	TH2	HKNPDCAD_03301	HKNPDCAD_03301	
TH2_HKNPDCAD_03302	TH2_contig_2	2956028	2956927	900	-	cynR_3	HTH-type transcriptional regulator CynR	TH2	HKNPDCAD_03302	HKNPDCAD_03302	
TH2_HKNPDCAD_03303	TH2_contig_2	2957036	2957695	660	+	cynT	Carbonic anhydrase 1	TH2	HKNPDCAD_03303	HKNPDCAD_03303	
TH2_HKNPDCAD_03304	TH2_contig_2	2957726	2958196	471	+	cynS	Cyanate hydratase	TH2	HKNPDCAD_03304	HKNPDCAD_03304	
TH2_HKNPDCAD_03305	TH2_contig_2	2958202	2959383	1182	+	yycB	putative transporter YycB	TH2	HKNPDCAD_03305	HKNPDCAD_03305	
TH2_HKNPDCAD_03306	TH2_contig_2	2959905	2960090	186	-	lacA	Galactoside O-acetyltransferase	TH2	HKNPDCAD_03306	HKNPDCAD_03306	
TH2_HKNPDCAD_03307	TH2_contig_2	2960162	2961448	1287	-	lacY	Lactose permease	TH2	HKNPDCAD_03307	HKNPDCAD_03307	
TH2_HKNPDCAD_03308	TH2_contig_2	2961466	2964540	3075	-	lacZ	Beta-galactosidase	TH2	HKNPDCAD_03308	HKNPDCAD_03308	
TH2_HKNPDCAD_03309	TH2_contig_2	2964663	2965754	1092	-	lacI	Lactose operon repressor	TH2	HKNPDCAD_03309	HKNPDCAD_03309	
TH2_HKNPDCAD_03310	TH2_contig_2	2965822	2966769	948	-	hypothetical protein	hypothetical protein	TH2	HKNPDCAD_03310	HKNPDCAD_03310	
TH2_HKNPDCAD_03311	TH2_contig_2	2966846	2968510	1665	+	mhpA	3-(3-hydroxy-phenyl)propionate/3-hydroxycinnamic acid hydroxylase	TH2	HKNPDCAD_03311	HKNPDCAD_03311	
TH2_HKNPDCAD_03312	TH2_contig_2	2968512	2969456	945	+	mhpB	2,3-dihydroxyphenylpropionate/2,3-dihydroxicinnamic acid 1,2-dioxygenase	TH2	HKNPDCAD_03312	HKNPDCAD_03312	
TH2_HKNPDCAD_03313	TH2_contig_2	2969474	2970340	867	+	mhpC	2-hydroxy-6-oxononadienedioate/2-hydroxy-6-oxononatrienedioate hydrolase	TH2	HKNPDCAD_03313	HKNPDCAD_03313	
TH2_HKNPDCAD_03314	TH2_contig_2	2970350	2971159	810	+	mhpD	2-keto-4-pentenoate hydratase	TH2	HKNPDCAD_03314	HKNPDCAD_03314	
TH2_HKNPDCAD_03315	TH2_contig_2	2971156	2971767	612	+	mhpF_1	Acetaldehyde dehydrogenase	TH2	HKNPDCAD_03315	HKNPDCAD_03315	
TH2_HKNPDCAD_03316	TH2_contig_2	2971767	2972105	339	+	mhpF_2	Acetaldehyde dehydrogenase	TH2	HKNPDCAD_03316	HKNPDCAD_03316	
TH2_HKNPDCAD_03317	TH2_contig_2	2972102	2973115	1014	+	mhpE	4-hydroxy-2-oxovalerate aldolase	TH2	HKNPDCAD_03317	HKNPDCAD_03317	
TH2_HKNPDCAD_03318	TH2_contig_2	2973693	2974904	1212	+	mhpT	3-(3-hydroxy-phenyl)propionate transporter	TH2	HKNPDCAD_03318	HKNPDCAD_03318	
TH2_HKNPDCAD_03319	TH2_contig_2	2975006	2975545	540	+	hypothetical protein	hypothetical protein	TH2	HKNPDCAD_03319	HKNPDCAD_03319	
TH2_HKNPDCAD_03320	TH2_contig_2	2975871	2976704	834	-	frmB	S-formylglutathione hydrolase FrmB	TH2	HKNPDCAD_03320	HKNPDCAD_03320	
TH2_HKNPDCAD_03321	TH2_contig_2	2976796	2977500	705	-	frmA_1	S-(hydroxymethyl)glutathione dehydrogenase	TH2	HKNPDCAD_03321	HKNPDCAD_03321	
TH2_HKNPDCAD_03322	TH2_contig_2	2977811	2977903	93	-	frmA_2	S-(hydroxymethyl)glutathione dehydrogenase	TH2	HKNPDCAD_03322	HKNPDCAD_03322	
TH2_HKNPDCAD_03323	TH2_contig_2	2977938	2978213	276	-	frmR	Transcriptional repressor FrmR	TH2	HKNPDCAD_03323	HKNPDCAD_03323	
TH2_HKNPDCAD_03324	TH2_contig_2	2978399	2979172	774	-	hypothetical protein	hypothetical protein	TH2	HKNPDCAD_03324	HKNPDCAD_03324	
TH2_HKNPDCAD_03325	TH2_contig_2	2979733	2980620	888	-	hypothetical protein	hypothetical protein	TH2	HKNPDCAD_03325	HKNPDCAD_03325	
TH2_HKNPDCAD_03326	TH2_contig_2	2980624	2980926	303	-	hypothetical protein	hypothetical protein	TH2	HKNPDCAD_03326	HKNPDCAD_03326	
TH2_HKNPDCAD_03327	TH2_contig_2	2980936	2981607	672	-	hypothetical protein	hypothetical protein	TH2	HKNPDCAD_03327	HKNPDCAD_03327	
TH2_HKNPDCAD_03328	TH2_contig_2	2982223	2983185	963	+	tauA	Taurine-binding periplasmic protein	TH2	HKNPDCAD_03328	HKNPDCAD_03328	
TH2_HKNPDCAD_03329	TH2_contig_2	2983198	2983965	768	+	tauB	Taurine import ATP-binding protein TauB	TH2	HKNPDCAD_03329	HKNPDCAD_03329	
TH2_HKNPDCAD_03330	TH2_contig_2	2983962	2984789	828	+	ssuC	Putative aliphatic sulfonates transport permease protein SsuC	TH2	HKNPDCAD_03330	HKNPDCAD_03330	
TH2_HKNPDCAD_03331	TH2_contig_2	2984786	2985637	852	+	tauD	Alpha-ketoglutarate-dependent taurine dioxygenase	TH2	HKNPDCAD_03331	HKNPDCAD_03331	
TH2_HKNPDCAD_03332	TH2_contig_2	2985741	2986715	975	-	hemB	Delta-aminolevulinic acid dehydratase	TH2	HKNPDCAD_03332	HKNPDCAD_03332	
TH2_HKNPDCAD_03333	TH2_contig_2	2987238	2990216	2979	+	hypothetical protein	hypothetical protein	TH2	HKNPDCAD_03333	HKNPDCAD_03333	
TH2_HKNPDCAD_03334	TH2_contig_2	2990304	2990927	624	+	iprA	Inhibitor of hydrogen peroxide resistance	TH2	HKNPDCAD_03334	HKNPDCAD_03334	
TH2_HKNPDCAD_03335	TH2_contig_2	2990928	2992058	1131	-	ampH	D-alanyl-D-alanine-carboxypeptidase/endopeptidase AmpH	TH2	HKNPDCAD_03335	HKNPDCAD_03335	
TH2_HKNPDCAD_03336	TH2_contig_2	2992130	2992231	102	-	hypothetical protein	hypothetical protein	TH2	HKNPDCAD_03336	HKNPDCAD_03336	
TH2_HKNPDCAD_03337	TH2_contig_2	2992436	2993656	1221	+	sbmA	Peptide antibiotic transporter SbmA	TH2	HKNPDCAD_03337	HKNPDCAD_03337	
TH2_HKNPDCAD_03338	TH2_contig_2	2993669	2994763	1095	+	hypothetical protein	hypothetical protein	TH2	HKNPDCAD_03338	HKNPDCAD_03338	
TH2_HKNPDCAD_03339	TH2_contig_2	2994822	2995130	309	-	yaiY	Inner membrane protein YaiY	TH2	HKNPDCAD_03339	HKNPDCAD_03339	
TH2_HKNPDCAD_03340	TH2_contig_2	2995390	2995602	213	+	hypothetical protein	hypothetical protein	TH2	HKNPDCAD_03340	HKNPDCAD_03340	
TH2_HKNPDCAD_03341	TH2_contig_2	2995626	2996720	1095	-	ddlA	D-alanine--D-alanine ligase A	TH2	HKNPDCAD_03341	HKNPDCAD_03341	
TH2_HKNPDCAD_03342	TH2_contig_2	2997183	2997443	261	+	iraP	Anti-adapter protein IraP	TH2	HKNPDCAD_03342	HKNPDCAD_03342	
TH2_HKNPDCAD_03343	TH2_contig_2	2997544	2998959	1416	+	phoA	Alkaline phosphatase	TH2	HKNPDCAD_03343	HKNPDCAD_03343	
TH2_HKNPDCAD_03344	TH2_contig_2	2999078	2999287	210	+	psiF	Phosphate starvation-inducible protein PsiF	TH2	HKNPDCAD_03344	HKNPDCAD_03344	
TH2_HKNPDCAD_03345	TH2_contig_2	2999499	3000614	1116	+	dgcC	putative diguanylate cyclase DgcC	TH2	HKNPDCAD_03345	HKNPDCAD_03345	
TH2_HKNPDCAD_03346	TH2_contig_2	3000631	3001440	810	-	proC	Pyrroline-5-carboxylate reductase	TH2	HKNPDCAD_03346	HKNPDCAD_03346	
TH2_HKNPDCAD_03347	TH2_contig_2	3001560	3002024	465	+	hypothetical protein	hypothetical protein	TH2	HKNPDCAD_03347	HKNPDCAD_03347	
TH2_HKNPDCAD_03348	TH2_contig_2	3002201	3002725	525	+	aroL	Shikimate kinase 2	TH2	HKNPDCAD_03348	HKNPDCAD_03348	
TH2_HKNPDCAD_03349	TH2_contig_2	3002775	3002966	192	+	yaiA	putative protein YaiA	TH2	HKNPDCAD_03349	HKNPDCAD_03349	
TH2_HKNPDCAD_03350	TH2_contig_2	3003224	3003901	678	+	hypothetical protein	hypothetical protein	TH2	HKNPDCAD_03350	HKNPDCAD_03350	
TH2_HKNPDCAD_03351	TH2_contig_2	3003973	3004257	285	+	ppnP	Pyrimidine/purine nucleoside phosphorylase	TH2	HKNPDCAD_03351	HKNPDCAD_03351	
TH2_HKNPDCAD_03352	TH2_contig_2	3004465	3004746	282	+	hypothetical protein	hypothetical protein	TH2	HKNPDCAD_03352	HKNPDCAD_03352	
TH2_HKNPDCAD_03353	TH2_contig_2	3004904	3005881	978	-	rdgC	Recombination-associated protein RdgC	TH2	HKNPDCAD_03353	HKNPDCAD_03353	
TH2_HKNPDCAD_03354	TH2_contig_2	3005940	3006848	909	+	mak	Fructokinase	TH2	HKNPDCAD_03354	HKNPDCAD_03354	
TH2_HKNPDCAD_03355	TH2_contig_2	3007093	3008229	1137	-	araJ	Putative transporter AraJ	TH2	HKNPDCAD_03355	HKNPDCAD_03355	
TH2_HKNPDCAD_03356	TH2_contig_2	3008402	3011545	3144	-	sbcC	Nuclease SbcCD subunit C	TH2	HKNPDCAD_03356	HKNPDCAD_03356	
TH2_HKNPDCAD_03357	TH2_contig_2	3011542	3012744	1203	-	sbcD	Nuclease SbcCD subunit D	TH2	HKNPDCAD_03357	HKNPDCAD_03357	
TH2_HKNPDCAD_03358	TH2_contig_2	3012934	3013623	690	+	phoB	Phosphate regulon transcriptional regulatory protein PhoB	TH2	HKNPDCAD_03358	HKNPDCAD_03358	
TH2_HKNPDCAD_03359	TH2_contig_2	3013681	3014244	564	+	phoR_1	Phosphate regulon sensor protein PhoR	TH2	HKNPDCAD_03359	HKNPDCAD_03359	
TH2_HKNPDCAD_03360	TH2_contig_2	3014309	3014974	666	+	phoR_2	Phosphate regulon sensor protein PhoR	TH2	HKNPDCAD_03360	HKNPDCAD_03360	
TH2_HKNPDCAD_03361	TH2_contig_2	3015381	3016700	1320	+	brnQ	Branched-chain amino acid transport system 2 carrier protein	TH2	HKNPDCAD_03361	HKNPDCAD_03361	
TH2_HKNPDCAD_03362	TH2_contig_2	3016776	3018149	1374	+	proY	Proline-specific permease ProY	TH2	HKNPDCAD_03362	HKNPDCAD_03362	
TH2_HKNPDCAD_03363	TH2_contig_2	3018305	3019858	1554	+	malZ_1	Maltodextrin glucosidase	TH2	HKNPDCAD_03363	HKNPDCAD_03363	
TH2_HKNPDCAD_03364	TH2_contig_2	3019855	3020121	267	+	malZ_2	Maltodextrin glucosidase	TH2	HKNPDCAD_03364	HKNPDCAD_03364	
TH2_HKNPDCAD_03365	TH2_contig_2	3020126	3020707	582	-	acpH	Acyl carrier protein phosphodiesterase	TH2	HKNPDCAD_03365	HKNPDCAD_03365	
TH2_HKNPDCAD_03366	TH2_contig_2	3020800	3020913	114	+	queA_1	S-adenosylmethionine:tRNA ribosyltransferase-isomerase	TH2	HKNPDCAD_03366	HKNPDCAD_03366	
TH2_HKNPDCAD_03367	TH2_contig_2	3020985	3021869	885	+	queA_2	S-adenosylmethionine:tRNA ribosyltransferase-isomerase	TH2	HKNPDCAD_03367	HKNPDCAD_03367	
TH2_HKNPDCAD_03368	TH2_contig_2	3021925	3023052	1128	+	tgt	Queuine tRNA-ribosyltransferase	TH2	HKNPDCAD_03368	HKNPDCAD_03368	
TH2_HKNPDCAD_03369	TH2_contig_2	3023075	3023407	333	+	yajC	Sec translocon accessory complex subunit YajC	TH2	HKNPDCAD_03369	HKNPDCAD_03369	
TH2_HKNPDCAD_03370	TH2_contig_2	3023468	3025282	1815	+	secD	Protein translocase subunit SecD	TH2	HKNPDCAD_03370	HKNPDCAD_03370	
TH2_HKNPDCAD_03371	TH2_contig_2	3025293	3026264	972	+	secF	Protein translocase subunit SecF	TH2	HKNPDCAD_03371	HKNPDCAD_03371	
TH2_HKNPDCAD_03372	TH2_contig_2	3026392	3026739	348	+	hypothetical protein	hypothetical protein	TH2	HKNPDCAD_03372	HKNPDCAD_03372	
TH2_HKNPDCAD_03373	TH2_contig_2	3026916	3027800	885	-	tsx	Nucleoside-specific channel-forming protein Tsx	TH2	HKNPDCAD_03373	HKNPDCAD_03373	
TH2_HKNPDCAD_03374	TH2_contig_2	3028099	3028638	540	-	yajI	putative lipoprotein YajI	TH2	HKNPDCAD_03374	HKNPDCAD_03374	
TH2_HKNPDCAD_03375	TH2_contig_2	3028789	3029238	450	+	nrdR	Transcriptional repressor NrdR	TH2	HKNPDCAD_03375	HKNPDCAD_03375	
TH2_HKNPDCAD_03376	TH2_contig_2	3029242	3030345	1104	+	ribD	Riboflavin biosynthesis protein RibD	TH2	HKNPDCAD_03376	HKNPDCAD_03376	
TH2_HKNPDCAD_03377	TH2_contig_2	3030433	3030903	471	+	ribE	6,7-dimethyl-8-ribityllumazine synthase	TH2	HKNPDCAD_03377	HKNPDCAD_03377	
TH2_HKNPDCAD_03378	TH2_contig_2	3030923	3031342	420	+	nusB	Transcription antitermination protein NusB	TH2	HKNPDCAD_03378	HKNPDCAD_03378	
TH2_HKNPDCAD_03379	TH2_contig_2	3031420	3032397	978	+	thiL	Thiamine-monophosphate kinase	TH2	HKNPDCAD_03379	HKNPDCAD_03379	
TH2_HKNPDCAD_03380	TH2_contig_2	3032375	3032893	519	+	pgpA	Phosphatidylglycerophosphatase A	TH2	HKNPDCAD_03380	HKNPDCAD_03380	
TH2_HKNPDCAD_03381	TH2_contig_2	3032947	3033921	975	-	yajO	1-deoxyxylulose-5-phosphate synthase YajO	TH2	HKNPDCAD_03381	HKNPDCAD_03381	
TH2_HKNPDCAD_03382	TH2_contig_2	3034101	3035963	1863	-	dxs	1-deoxy-D-xylulose-5-phosphate synthase	TH2	HKNPDCAD_03382	HKNPDCAD_03382	
TH2_HKNPDCAD_03383	TH2_contig_2	3035988	3036887	900	-	ispA	Farnesyl diphosphate synthase	TH2	HKNPDCAD_03383	HKNPDCAD_03383	
TH2_HKNPDCAD_03384	TH2_contig_2	3036887	3037129	243	-	xseB	Exodeoxyribonuclease 7 small subunit	TH2	HKNPDCAD_03384	HKNPDCAD_03384	
TH2_HKNPDCAD_03385	TH2_contig_2	3037335	3038783	1449	+	thiI	tRNA sulfurtransferase	TH2	HKNPDCAD_03385	HKNPDCAD_03385	
TH2_HKNPDCAD_03386	TH2_contig_2	3038837	3039427	591	-	yajL	Protein/nucleic acid deglycase 3	TH2	HKNPDCAD_03386	HKNPDCAD_03386	
TH2_HKNPDCAD_03387	TH2_contig_2	3039390	3040301	912	-	panE	2-dehydropantoate 2-reductase	TH2	HKNPDCAD_03387	HKNPDCAD_03387	
TH2_HKNPDCAD_03388	TH2_contig_2	3040469	3040960	492	+	hypothetical protein	hypothetical protein	TH2	HKNPDCAD_03388	HKNPDCAD_03388	
TH2_HKNPDCAD_03389	TH2_contig_2	3041088	3042452	1365	-	yajR	Inner membrane transport protein YajR	TH2	HKNPDCAD_03389	HKNPDCAD_03389	
TH2_HKNPDCAD_03390	TH2_contig_2	3042601	3043491	891	-	cyoE	Protoheme IX farnesyltransferase	TH2	HKNPDCAD_03390	HKNPDCAD_03390	
TH2_HKNPDCAD_03391	TH2_contig_2	3043503	3043832	330	-	cyoD	Cytochrome bo(3) ubiquinol oxidase subunit 4	TH2	HKNPDCAD_03391	HKNPDCAD_03391	
TH2_HKNPDCAD_03392	TH2_contig_2	3043832	3044065	234	-	cyoC_1	Cytochrome bo(3) ubiquinol oxidase subunit 3	TH2	HKNPDCAD_03392	HKNPDCAD_03392	
TH2_HKNPDCAD_03393	TH2_contig_2	3044077	3044445	369	-	cyoC_2	Cytochrome bo(3) ubiquinol oxidase subunit 3	TH2	HKNPDCAD_03393	HKNPDCAD_03393	
TH2_HKNPDCAD_03394	TH2_contig_2	3044469	3046427	1959	-	cyoB	Cytochrome bo(3) ubiquinol oxidase subunit 1	TH2	HKNPDCAD_03394	HKNPDCAD_03394	
TH2_HKNPDCAD_03395	TH2_contig_2	3046449	3047396	948	-	cyoA	Cytochrome bo(3) ubiquinol oxidase subunit 2	TH2	HKNPDCAD_03395	HKNPDCAD_03395	
TH2_HKNPDCAD_03396	TH2_contig_2	3047856	3049331	1476	-	ampG	Anhydromuropeptide permease	TH2	HKNPDCAD_03396	HKNPDCAD_03396	
TH2_HKNPDCAD_03397	TH2_contig_2	3049375	3049953	579	-	hypothetical protein	hypothetical protein	TH2	HKNPDCAD_03397	HKNPDCAD_03397	
TH2_HKNPDCAD_03398	TH2_contig_2	3050261	3050575	315	+	bolA	DNA-binding transcriptional regulator BolA	TH2	HKNPDCAD_03398	HKNPDCAD_03398	
TH2_HKNPDCAD_03399	TH2_contig_2	3050919	3052217	1299	+	tig	Trigger factor	TH2	HKNPDCAD_03399	HKNPDCAD_03399	
TH2_HKNPDCAD_03400	TH2_contig_2	3052463	3053086	624	+	clpP	ATP-dependent Clp protease proteolytic subunit	TH2	HKNPDCAD_03400	HKNPDCAD_03400	
TH2_HKNPDCAD_03401	TH2_contig_2	3053212	3054486	1275	+	clpX	ATP-dependent Clp protease ATP-binding subunit ClpX	TH2	HKNPDCAD_03401	HKNPDCAD_03401	
TH2_HKNPDCAD_03402	TH2_contig_2	3054674	3055753	1080	+	lon_1	Lon protease	TH2	HKNPDCAD_03402	HKNPDCAD_03402	
TH2_HKNPDCAD_03403	TH2_contig_2	3055810	3057027	1218	+	lon_2	Lon protease	TH2	HKNPDCAD_03403	HKNPDCAD_03403	
TH2_HKNPDCAD_03404	TH2_contig_2	3057235	3057507	273	+	hupB	DNA-binding protein HU-beta	TH2	HKNPDCAD_03404	HKNPDCAD_03404	
TH2_HKNPDCAD_03405	TH2_contig_2	3057699	3059570	1872	+	ppiD	Peptidyl-prolyl cis-trans isomerase D	TH2	HKNPDCAD_03405	HKNPDCAD_03405	
TH2_HKNPDCAD_03406	TH2_contig_2	3059721	3060092	372	+	putative protein	putative protein	TH2	HKNPDCAD_03406	HKNPDCAD_03406	
TH2_HKNPDCAD_03407	TH2_contig_2	3060186	3060584	399	+	fadM	Long-chain acyl-CoA thioesterase FadM	TH2	HKNPDCAD_03407	HKNPDCAD_03407	
TH2_HKNPDCAD_03408	TH2_contig_2	3060636	3061331	696	-	queC	7-cyano-7-deazaguanine synthase	TH2	HKNPDCAD_03408	HKNPDCAD_03408	
TH2_HKNPDCAD_03409	TH2_contig_2	3061396	3063096	1701	-	sgrR_2	HTH-type transcriptional regulator SgrR	TH2	HKNPDCAD_03409	HKNPDCAD_03409	
TH2_HKNPDCAD_03410	TH2_contig_2	3063196	3064014	819	+	cof	HMP-PP phosphatase	TH2	HKNPDCAD_03410	HKNPDCAD_03410	
TH2_HKNPDCAD_03411	TH2_contig_2	3064166	3064624	459	+	decR	DNA-binding transcriptional activator DecR	TH2	HKNPDCAD_03411	HKNPDCAD_03411	
TH2_HKNPDCAD_03412	TH2_contig_2	3064654	3066426	1773	+	yheI	putative multidrug resistance ABC transporter ATP-binding/permease protein YheI	TH2	HKNPDCAD_03412	HKNPDCAD_03412	
TH2_HKNPDCAD_03413	TH2_contig_2	3066419	3068200	1782	+	mdlB	Multidrug resistance-like ATP-binding protein MdlB	TH2	HKNPDCAD_03413	HKNPDCAD_03413	
TH2_HKNPDCAD_03414	TH2_contig_2	3068381	3068557	177	+	glnK_1	Nitrogen regulatory protein P-II 2	TH2	HKNPDCAD_03414	HKNPDCAD_03414	
TH2_HKNPDCAD_03415	TH2_contig_2	3068566	3068718	153	+	glnK_2	Nitrogen regulatory protein P-II 2	TH2	HKNPDCAD_03415	HKNPDCAD_03415	
TH2_HKNPDCAD_03416	TH2_contig_2	3068748	3069356	609	+	amtB_1	Ammonia channel	TH2	HKNPDCAD_03416	HKNPDCAD_03416	
TH2_HKNPDCAD_03417	TH2_contig_2	3069308	3070033	726	+	amtB_2	Ammonia channel	TH2	HKNPDCAD_03417	HKNPDCAD_03417	
TH2_HKNPDCAD_03418	TH2_contig_2	3070082	3070942	861	-	tesB	Acyl-CoA thioesterase 2	TH2	HKNPDCAD_03418	HKNPDCAD_03418	
TH2_HKNPDCAD_03419	TH2_contig_2	3071160	3071732	573	+	ybaY	putative lipoprotein YbaY	TH2	HKNPDCAD_03419	HKNPDCAD_03419	
TH2_HKNPDCAD_03420	TH2_contig_2	3071763	3072074	312	-	atl	DNA base-flipping protein	TH2	HKNPDCAD_03420	HKNPDCAD_03420	
TH2_HKNPDCAD_03421	TH2_contig_2	3072453	3072806	354	+	ybaA	putative protein YbaA	TH2	HKNPDCAD_03421	HKNPDCAD_03421	
TH2_HKNPDCAD_03422	TH2_contig_2	3072848	3074398	1551	-	pdeB	putative cyclic di-GMP phosphodiesterase PdeB	TH2	HKNPDCAD_03422	HKNPDCAD_03422	
TH2_HKNPDCAD_03423	TH2_contig_2	3074562	3075032	471	-	ylaC	Inner membrane protein YlaC	TH2	HKNPDCAD_03423	HKNPDCAD_03423	
TH2_HKNPDCAD_03424	TH2_contig_2	3075148	3075699	552	-	maa	Maltose O-acetyltransferase	TH2	HKNPDCAD_03424	HKNPDCAD_03424	
TH2_HKNPDCAD_03425	TH2_contig_2	3075871	3076089	219	-	hha_1	Hemolysin expression-modulating protein Hha	TH2	HKNPDCAD_03425	HKNPDCAD_03425	
TH2_HKNPDCAD_03426	TH2_contig_2	3076115	3076489	375	-	tomB	Hha toxicity modulator TomB	TH2	HKNPDCAD_03426	HKNPDCAD_03426	
TH2_HKNPDCAD_03427	TH2_contig_2	3077035	3080184	3150	-	acrB_2	Multidrug efflux pump subunit AcrB	TH2	HKNPDCAD_03427	HKNPDCAD_03427	
TH2_HKNPDCAD_03428	TH2_contig_2	3080207	3081400	1194	-	acrA	Multidrug efflux pump subunit AcrA	TH2	HKNPDCAD_03428	HKNPDCAD_03428	
TH2_HKNPDCAD_03429	TH2_contig_2	3081542	3082189	648	+	acrR_2	HTH-type transcriptional regulator AcrR	TH2	HKNPDCAD_03429	HKNPDCAD_03429	
TH2_HKNPDCAD_03430	TH2_contig_2	3082317	3085679	3363	+	mscK	Mechanosensitive channel MscK	TH2	HKNPDCAD_03430	HKNPDCAD_03430	
TH2_HKNPDCAD_03431	TH2_contig_2	3085891	3086052	162	-	hypothetical protein	hypothetical protein	TH2	HKNPDCAD_03431	HKNPDCAD_03431	
TH2_HKNPDCAD_03432	TH2_contig_2	3086066	3086593	528	-	priC	Primosomal replication protein N''	TH2	HKNPDCAD_03432	HKNPDCAD_03432	
TH2_HKNPDCAD_03433	TH2_contig_2	3086663	3087040	378	+	ybaN	Inner membrane protein YbaN	TH2	HKNPDCAD_03433	HKNPDCAD_03433	
TH2_HKNPDCAD_03434	TH2_contig_2	3087193	3087744	552	+	apt	Adenine phosphoribosyltransferase	TH2	HKNPDCAD_03434	HKNPDCAD_03434	
TH2_HKNPDCAD_03435	TH2_contig_2	3087873	3089807	1935	+	dnaX	DNA polymerase III subunit tau	TH2	HKNPDCAD_03435	HKNPDCAD_03435	
TH2_HKNPDCAD_03436	TH2_contig_2	3089860	3090189	330	+	ybaB	Nucleoid-associated protein YbaB	TH2	HKNPDCAD_03436	HKNPDCAD_03436	
TH2_HKNPDCAD_03437	TH2_contig_2	3090189	3090608	420	+	recR_1	Recombination protein RecR	TH2	HKNPDCAD_03437	HKNPDCAD_03437	
TH2_HKNPDCAD_03438	TH2_contig_2	3090605	3090793	189	+	recR_2	Recombination protein RecR	TH2	HKNPDCAD_03438	HKNPDCAD_03438	
TH2_HKNPDCAD_03439	TH2_contig_2	3090903	3092777	1875	+	htpG	Chaperone protein HtpG	TH2	HKNPDCAD_03439	HKNPDCAD_03439	
TH2_HKNPDCAD_03440	TH2_contig_2	3092958	3093746	789	+	adk	Adenylate kinase	TH2	HKNPDCAD_03440	HKNPDCAD_03440	
TH2_HKNPDCAD_03441	TH2_contig_2	3093733	3094665	933	+	hemH	Ferrochelatase	TH2	HKNPDCAD_03441	HKNPDCAD_03441	
TH2_HKNPDCAD_03442	TH2_contig_2	3094691	3095650	960	-	aes	Acetyl esterase	TH2	HKNPDCAD_03442	HKNPDCAD_03442	
TH2_HKNPDCAD_03443	TH2_contig_2	3095802	3096968	1167	+	gsk	Inosine-guanosine kinase	TH2	HKNPDCAD_03443	HKNPDCAD_03443	
TH2_HKNPDCAD_03444	TH2_contig_2	3097238	3098914	1677	-	ybaL	Putative cation/proton antiporter YbaL	TH2	HKNPDCAD_03444	HKNPDCAD_03444	
TH2_HKNPDCAD_03445	TH2_contig_2	3099187	3100371	1185	-	fsr	Fosmidomycin resistance protein	TH2	HKNPDCAD_03445	HKNPDCAD_03445	
TH2_HKNPDCAD_03446	TH2_contig_2	3100588	3102240	1653	+	ushA	Protein UshA	TH2	HKNPDCAD_03446	HKNPDCAD_03446	
TH2_HKNPDCAD_03447	TH2_contig_2	3102207	3102755	549	-	hypothetical protein	hypothetical protein	TH2	HKNPDCAD_03447	HKNPDCAD_03447	
TH2_HKNPDCAD_03448	TH2_contig_2	3102958	3103752	795	-	hypothetical protein	hypothetical protein	TH2	HKNPDCAD_03448	HKNPDCAD_03448	
TH2_HKNPDCAD_03449	TH2_contig_2	3103836	3104231	396	+	ybaQ	putative HTH-type transcriptional regulator YbaQ	TH2	HKNPDCAD_03449	HKNPDCAD_03449	
TH2_HKNPDCAD_03450	TH2_contig_2	3104446	3105486	1041	-	copA_1	Copper-exporting P-type ATPase	TH2	HKNPDCAD_03450	HKNPDCAD_03450	
TH2_HKNPDCAD_03451	TH2_contig_2	3105452	3106948	1497	-	copA_2	Copper-exporting P-type ATPase	TH2	HKNPDCAD_03451	HKNPDCAD_03451	
TH2_HKNPDCAD_03452	TH2_contig_2	3107210	3108142	933	+	glsA1	Glutaminase 1	TH2	HKNPDCAD_03452	HKNPDCAD_03452	
TH2_HKNPDCAD_03453	TH2_contig_2	3108145	3108747	603	+	ybaT_1	Inner membrane transport protein YbaT	TH2	HKNPDCAD_03453	HKNPDCAD_03453	
TH2_HKNPDCAD_03454	TH2_contig_2	3108774	3109436	663	+	ybaT_2	Inner membrane transport protein YbaT	TH2	HKNPDCAD_03454	HKNPDCAD_03454	
TH2_HKNPDCAD_03455	TH2_contig_2	3109561	3109968	408	+	cueR	HTH-type transcriptional regulator CueR	TH2	HKNPDCAD_03455	HKNPDCAD_03455	
TH2_HKNPDCAD_03456	TH2_contig_2	3109969	3110427	459	-	ybbJ	Inner membrane protein YbbJ	TH2	HKNPDCAD_03456	HKNPDCAD_03456	
TH2_HKNPDCAD_03457	TH2_contig_2	3110424	3111341	918	-	qmcA	Protein QmcA	TH2	HKNPDCAD_03457	HKNPDCAD_03457	
TH2_HKNPDCAD_03458	TH2_contig_2	3111487	3112164	678	+	fetA	putative iron export ATP-binding protein FetA	TH2	HKNPDCAD_03458	HKNPDCAD_03458	
TH2_HKNPDCAD_03459	TH2_contig_2	3112151	3112930	780	+	fetB	putative iron export permease protein FetB	TH2	HKNPDCAD_03459	HKNPDCAD_03459	
TH2_HKNPDCAD_03460	TH2_contig_2	3112993	3113847	855	-	cnoX	Chaperedoxin	TH2	HKNPDCAD_03460	HKNPDCAD_03460	
TH2_HKNPDCAD_03461	TH2_contig_2	3113908	3114717	810	-	hypothetical protein	hypothetical protein	TH2	HKNPDCAD_03461	HKNPDCAD_03461	
TH2_HKNPDCAD_03462	TH2_contig_2	3114707	3115300	594	-	tesA	Thioesterase 1/protease 1/lysophospholipase L1	TH2	HKNPDCAD_03462	HKNPDCAD_03462	
TH2_HKNPDCAD_03463	TH2_contig_2	3115301	3115987	687	+	lolD_1	Lipoprotein-releasing system ATP-binding protein LolD	TH2	HKNPDCAD_03463	HKNPDCAD_03463	
TH2_HKNPDCAD_03464	TH2_contig_2	3115984	3116340	357	+	hypothetical protein	hypothetical protein	TH2	HKNPDCAD_03464	HKNPDCAD_03464	
TH2_HKNPDCAD_03465	TH2_contig_2	3116361	3118397	2037	+	hypothetical protein	hypothetical protein	TH2	HKNPDCAD_03465	HKNPDCAD_03465	
TH2_HKNPDCAD_03466	TH2_contig_2	3118826	3119392	567	+	hypothetical protein	hypothetical protein	TH2	HKNPDCAD_03466	HKNPDCAD_03466	
TH2_HKNPDCAD_03467	TH2_contig_2	3119397	3122564	3168	+	rhsD_2	Protein RhsD	TH2	HKNPDCAD_03467	HKNPDCAD_03467	
TH2_HKNPDCAD_03468	TH2_contig_2	3122802	3122987	186	-	hypothetical protein	hypothetical protein	TH2	HKNPDCAD_03468	HKNPDCAD_03468	
TH2_HKNPDCAD_03469	TH2_contig_2	3123143	3123265	123	+	ybbC_1	putative protein YbbC	TH2	HKNPDCAD_03469	HKNPDCAD_03469	
TH2_HKNPDCAD_03470	TH2_contig_2	3123304	3123510	207	+	ybbC_2	putative protein YbbC	TH2	HKNPDCAD_03470	HKNPDCAD_03470	
TH2_HKNPDCAD_03471	TH2_contig_2	3123510	3123758	249	+	rhsD_3	Protein RhsD	TH2	HKNPDCAD_03471	HKNPDCAD_03471	
TH2_HKNPDCAD_03472	TH2_contig_2	3124200	3124460	261	+	hypothetical protein	hypothetical protein	TH2	HKNPDCAD_03472	HKNPDCAD_03472	
TH2_HKNPDCAD_03473	TH2_contig_2	3125176	3125574	399	-	hypothetical protein	hypothetical protein	TH2	HKNPDCAD_03473	HKNPDCAD_03473	
TH2_HKNPDCAD_03474	TH2_contig_2	3125690	3126784	1095	-	selU	tRNA 2-selenouridine synthase	TH2	HKNPDCAD_03474	HKNPDCAD_03474	
TH2_HKNPDCAD_03475	TH2_contig_2	3126853	3127779	927	-	allS	HTH-type transcriptional activator AllS	TH2	HKNPDCAD_03475	HKNPDCAD_03475	
TH2_HKNPDCAD_03476	TH2_contig_2	3128009	3128491	483	+	allA	Ureidoglycolate lyase	TH2	HKNPDCAD_03476	HKNPDCAD_03476	
TH2_HKNPDCAD_03477	TH2_contig_2	3128721	3129383	663	+	allR	HTH-type transcriptional repressor AllR	TH2	HKNPDCAD_03477	HKNPDCAD_03477	
TH2_HKNPDCAD_03478	TH2_contig_2	3129473	3131254	1782	+	gcl	Glyoxylate carboligase	TH2	HKNPDCAD_03478	HKNPDCAD_03478	
TH2_HKNPDCAD_03479	TH2_contig_2	3131267	3131527	261	+	hyi_1	Hydroxypyruvate isomerase	TH2	HKNPDCAD_03479	HKNPDCAD_03479	
TH2_HKNPDCAD_03480	TH2_contig_2	3131659	3132042	384	+	hyi_2	Hydroxypyruvate isomerase	TH2	HKNPDCAD_03480	HKNPDCAD_03480	
TH2_HKNPDCAD_03481	TH2_contig_2	3132142	3133020	879	+	glxR	2-hydroxy-3-oxopropionate reductase	TH2	HKNPDCAD_03481	HKNPDCAD_03481	
TH2_HKNPDCAD_03482	TH2_contig_2	3133189	3134643	1455	+	ybbW	Putative allantoin permease	TH2	HKNPDCAD_03482	HKNPDCAD_03482	
TH2_HKNPDCAD_03483	TH2_contig_2	3134703	3136064	1362	+	allB	Allantoinase	TH2	HKNPDCAD_03483	HKNPDCAD_03483	
TH2_HKNPDCAD_03484	TH2_contig_2	3136121	3137422	1302	+	ybbY	Putative purine permease YbbY	TH2	HKNPDCAD_03484	HKNPDCAD_03484	
TH2_HKNPDCAD_03485	TH2_contig_2	3137444	3137794	351	+	glxK_1	Glycerate 3-kinase	TH2	HKNPDCAD_03485	HKNPDCAD_03485	
TH2_HKNPDCAD_03486	TH2_contig_2	3137875	3138588	714	+	glxK_2	Glycerate 3-kinase	TH2	HKNPDCAD_03486	HKNPDCAD_03486	
TH2_HKNPDCAD_03487	TH2_contig_2	3138816	3139601	786	-	allE	(S)-ureidoglycine aminohydrolase	TH2	HKNPDCAD_03487	HKNPDCAD_03487	
TH2_HKNPDCAD_03488	TH2_contig_2	3139612	3140847	1236	-	allC	Allantoate amidohydrolase	TH2	HKNPDCAD_03488	HKNPDCAD_03488	
TH2_HKNPDCAD_03489	TH2_contig_2	3140869	3141918	1050	-	allD	Ureidoglycolate dehydrogenase (NAD(+))	TH2	HKNPDCAD_03489	HKNPDCAD_03489	
TH2_HKNPDCAD_03490	TH2_contig_2	3142235	3143902	1668	+	fdrA_2	Protein FdrA	TH2	HKNPDCAD_03490	HKNPDCAD_03490	
TH2_HKNPDCAD_03491	TH2_contig_2	3143912	3144172	261	+	hypothetical protein	hypothetical protein	TH2	HKNPDCAD_03491	HKNPDCAD_03491	
TH2_HKNPDCAD_03492	TH2_contig_2	3144563	3145168	606	+	hypothetical protein	hypothetical protein	TH2	HKNPDCAD_03492	HKNPDCAD_03492	
TH2_HKNPDCAD_03493	TH2_contig_2	3145179	3145994	816	+	hypothetical protein	hypothetical protein	TH2	HKNPDCAD_03493	HKNPDCAD_03493	
TH2_HKNPDCAD_03494	TH2_contig_2	3145991	3146884	894	+	arcC2_2	Carbamate kinase 2	TH2	HKNPDCAD_03494	HKNPDCAD_03494	
TH2_HKNPDCAD_03495	TH2_contig_2	3147079	3148146	1068	-	purK	N5-carboxyaminoimidazole ribonucleotide synthase	TH2	HKNPDCAD_03495	HKNPDCAD_03495	
TH2_HKNPDCAD_03496	TH2_contig_2	3148143	3148652	510	-	purE	N5-carboxyaminoimidazole ribonucleotide mutase	TH2	HKNPDCAD_03496	HKNPDCAD_03496	
TH2_HKNPDCAD_03497	TH2_contig_2	3148770	3149492	723	-	lpxH	UDP-2,3-diacylglucosamine hydrolase	TH2	HKNPDCAD_03497	HKNPDCAD_03497	
TH2_HKNPDCAD_03498	TH2_contig_2	3149495	3149989	495	-	ppiB	Peptidyl-prolyl cis-trans isomerase B	TH2	HKNPDCAD_03498	HKNPDCAD_03498	
TH2_HKNPDCAD_03499	TH2_contig_2	3150163	3151548	1386	+	cysS	Cysteine--tRNA ligase	TH2	HKNPDCAD_03499	HKNPDCAD_03499	
TH2_HKNPDCAD_03500	TH2_contig_2	3151584	3152105	522	-	ybcI	Inner membrane protein YbcI	TH2	HKNPDCAD_03500	HKNPDCAD_03500	
TH2_HKNPDCAD_03501	TH2_contig_2	3152213	3152425	213	-	ybcJ	putative protein YbcJ	TH2	HKNPDCAD_03501	HKNPDCAD_03501	
TH2_HKNPDCAD_03502	TH2_contig_2	3152427	3153293	867	-	folD	Bifunctional protein FolD protein	TH2	HKNPDCAD_03502	HKNPDCAD_03502	
TH2_HKNPDCAD_03503	TH2_contig_2	3153764	3154306	543	+	sfmA	putative fimbrial-like protein SfmA	TH2	HKNPDCAD_03503	HKNPDCAD_03503	
TH2_HKNPDCAD_03504	TH2_contig_2	3154526	3155218	693	+	sfmC	putative fimbrial chaperone SfmC	TH2	HKNPDCAD_03504	HKNPDCAD_03504	
TH2_HKNPDCAD_03505	TH2_contig_2	3155249	3157858	2610	+	sfmD	Outer membrane usher protein SfmD	TH2	HKNPDCAD_03505	HKNPDCAD_03505	
TH2_HKNPDCAD_03506	TH2_contig_2	3157900	3158292	393	+	sfmH_1	putative fimbrial-like protein SfmH	TH2	HKNPDCAD_03506	HKNPDCAD_03506	
TH2_HKNPDCAD_03507	TH2_contig_2	3158292	3158876	585	+	sfmH_2	putative fimbrial-like protein SfmH	TH2	HKNPDCAD_03507	HKNPDCAD_03507	
TH2_HKNPDCAD_03508	TH2_contig_2	3158887	3159402	516	+	sfmF	putative fimbrial-like protein SfmF	TH2	HKNPDCAD_03508	HKNPDCAD_03508	
TH2_HKNPDCAD_03509	TH2_contig_2	3159405	3160037	633	-	bvgA	Virulence factors putative positive transcription regulator BvgA	TH2	HKNPDCAD_03509	HKNPDCAD_03509	
TH2_HKNPDCAD_03511	TH2_contig_2	3160372	3161535	1164	-	xerD_2	Tyrosine recombinase XerD	TH2	HKNPDCAD_03511	HKNPDCAD_03511	
TH2_HKNPDCAD_03512	TH2_contig_2	3161734	3162012	279	-	hypothetical protein	hypothetical protein	TH2	HKNPDCAD_03512	HKNPDCAD_03512	
TH2_HKNPDCAD_03513	TH2_contig_2	3162060	3162278	219	-	hypothetical protein	hypothetical protein	TH2	HKNPDCAD_03513	HKNPDCAD_03513	
TH2_HKNPDCAD_03514	TH2_contig_2	3162377	3162592	216	-	hypothetical protein	hypothetical protein	TH2	HKNPDCAD_03514	HKNPDCAD_03514	
TH2_HKNPDCAD_03515	TH2_contig_2	3162669	3162860	192	-	hypothetical protein	hypothetical protein	TH2	HKNPDCAD_03515	HKNPDCAD_03515	
TH2_HKNPDCAD_03516	TH2_contig_2	3162833	3163015	183	-	hypothetical protein	hypothetical protein	TH2	HKNPDCAD_03516	HKNPDCAD_03516	
TH2_HKNPDCAD_03517	TH2_contig_2	3163012	3163692	681	-	hypothetical protein	hypothetical protein	TH2	HKNPDCAD_03517	HKNPDCAD_03517	
TH2_HKNPDCAD_03518	TH2_contig_2	3163689	3164474	786	-	hypothetical protein	hypothetical protein	TH2	HKNPDCAD_03518	HKNPDCAD_03518	
TH2_HKNPDCAD_03519	TH2_contig_2	3164480	3164776	297	-	hypothetical protein	hypothetical protein	TH2	HKNPDCAD_03519	HKNPDCAD_03519	
TH2_HKNPDCAD_03520	TH2_contig_2	3164852	3165058	207	-	hypothetical protein	hypothetical protein	TH2	HKNPDCAD_03520	HKNPDCAD_03520	
TH2_HKNPDCAD_03521	TH2_contig_2	3165203	3165523	321	+	hypothetical protein	hypothetical protein	TH2	HKNPDCAD_03521	HKNPDCAD_03521	
TH2_HKNPDCAD_03522	TH2_contig_2	3165780	3166262	483	+	hypothetical protein	hypothetical protein	TH2	HKNPDCAD_03522	HKNPDCAD_03522	
TH2_HKNPDCAD_03523	TH2_contig_2	3166452	3166907	456	+	hypothetical protein	hypothetical protein	TH2	HKNPDCAD_03523	HKNPDCAD_03523	
TH2_HKNPDCAD_03524	TH2_contig_2	3166907	3167077	171	+	hypothetical protein	hypothetical protein	TH2	HKNPDCAD_03524	HKNPDCAD_03524	
TH2_HKNPDCAD_03525	TH2_contig_2	3167070	3167360	291	+	ybcO	Putative nuclease YbcO	TH2	HKNPDCAD_03525	HKNPDCAD_03525	
TH2_HKNPDCAD_03526	TH2_contig_2	3167357	3167719	363	+	rusA	Crossover junction endodeoxyribonuclease RusA	TH2	HKNPDCAD_03526	HKNPDCAD_03526	
TH2_HKNPDCAD_03527	TH2_contig_2	3167719	3167856	138	+	ylcG	putative protein YlcG	TH2	HKNPDCAD_03527	HKNPDCAD_03527	
TH2_HKNPDCAD_03528	TH2_contig_2	3167942	3168325	384	+	hypothetical protein	hypothetical protein	TH2	HKNPDCAD_03528	HKNPDCAD_03528	
TH2_HKNPDCAD_03529	TH2_contig_2	3168514	3169596	1083	-	ompD_2	Outer membrane porin protein OmpD	TH2	HKNPDCAD_03529	HKNPDCAD_03529	
TH2_HKNPDCAD_03530	TH2_contig_2	3170169	3170384	216	+	hypothetical protein	hypothetical protein	TH2	HKNPDCAD_03530	HKNPDCAD_03530	
TH2_HKNPDCAD_03531	TH2_contig_2	3170389	3170733	345	+	hypothetical protein	hypothetical protein	TH2	HKNPDCAD_03531	HKNPDCAD_03531	
TH2_HKNPDCAD_03532	TH2_contig_2	3170699	3170971	273	-	hypothetical protein	hypothetical protein	TH2	HKNPDCAD_03532	HKNPDCAD_03532	
TH2_HKNPDCAD_03533	TH2_contig_2	3171077	3171610	534	+	rrrD_1	Lysozyme RrrD	TH2	HKNPDCAD_03533	HKNPDCAD_03533	
TH2_HKNPDCAD_03534	TH2_contig_2	3171607	3171852	246	+	hypothetical protein	hypothetical protein	TH2	HKNPDCAD_03534	HKNPDCAD_03534	
TH2_HKNPDCAD_03535	TH2_contig_2	3171892	3172779	888	-	IS3 family transposase IS629	IS3 family transposase IS629	TH2	HKNPDCAD_03535	HKNPDCAD_03535	
TH2_HKNPDCAD_03536	TH2_contig_2	3172779	3173054	276	-	IS3 family transposase IS629	IS3 family transposase IS629	TH2	HKNPDCAD_03536	HKNPDCAD_03536	
TH2_HKNPDCAD_03537	TH2_contig_2	3173659	3173823	165	-	hypothetical protein	hypothetical protein	TH2	HKNPDCAD_03537	HKNPDCAD_03537	
TH2_HKNPDCAD_03538	TH2_contig_2	3173869	3174279	411	-	ydfO_1	putative protein YdfO	TH2	HKNPDCAD_03538	HKNPDCAD_03538	
TH2_HKNPDCAD_03539	TH2_contig_2	3174957	3175496	540	+	nohA	Prophage DNA-packing protein NohA	TH2	HKNPDCAD_03539	HKNPDCAD_03539	
TH2_HKNPDCAD_03540	TH2_contig_2	3175493	3176248	756	+	hypothetical protein	hypothetical protein	TH2	HKNPDCAD_03540	HKNPDCAD_03540	
TH2_HKNPDCAD_03541	TH2_contig_2	3176248	3176832	585	+	tfaE_1	Prophage tail fiber assembly protein TfaE	TH2	HKNPDCAD_03541	HKNPDCAD_03541	
TH2_HKNPDCAD_03542	TH2_contig_2	3176887	3177543	657	-	hypothetical protein	hypothetical protein	TH2	HKNPDCAD_03542	HKNPDCAD_03542	
TH2_HKNPDCAD_03543	TH2_contig_2	3177612	3177797	186	+	hypothetical protein	hypothetical protein	TH2	HKNPDCAD_03543	HKNPDCAD_03543	
TH2_HKNPDCAD_03544	TH2_contig_2	3179416	3180369	954	-	ompT_2	Protease 7	TH2	HKNPDCAD_03544	HKNPDCAD_03544	
TH2_HKNPDCAD_03545	TH2_contig_2	3180883	3181644	762	-	rhaR_4	HTH-type transcriptional activator RhaR	TH2	HKNPDCAD_03545	HKNPDCAD_03545	
TH2_HKNPDCAD_03546	TH2_contig_2	3181827	3182717	891	-	hypothetical protein	hypothetical protein	TH2	HKNPDCAD_03546	HKNPDCAD_03546	
TH2_HKNPDCAD_03547	TH2_contig_2	3182718	3185690	2973	-	nfrA	Bacteriophage adsorption protein A	TH2	HKNPDCAD_03547	HKNPDCAD_03547	
TH2_HKNPDCAD_03548	TH2_contig_2	3185677	3187743	2067	-	hypothetical protein	hypothetical protein	TH2	HKNPDCAD_03548	HKNPDCAD_03548	
TH2_HKNPDCAD_03549	TH2_contig_2	3187740	3188375	636	-	rhsB	putative deoxyribonuclease RhsB	TH2	HKNPDCAD_03549	HKNPDCAD_03549	
TH2_HKNPDCAD_03550	TH2_contig_2	3188348	3188629	282	-	rhsA	putative deoxyribonuclease RhsA	TH2	HKNPDCAD_03550	HKNPDCAD_03550	
TH2_HKNPDCAD_03551	TH2_contig_2	3189154	3189330	177	-	hypothetical protein	hypothetical protein	TH2	HKNPDCAD_03551	HKNPDCAD_03551	
TH2_HKNPDCAD_03552	TH2_contig_2	3189350	3189811	462	-	hypothetical protein	hypothetical protein	TH2	HKNPDCAD_03552	HKNPDCAD_03552	
TH2_HKNPDCAD_03553	TH2_contig_2	3189839	3191740	1902	-	vgrG1	Actin cross-linking toxin VgrG1	TH2	HKNPDCAD_03553	HKNPDCAD_03553	
TH2_HKNPDCAD_03554	TH2_contig_2	3192477	3193925	1449	-	cusS	Sensor histidine kinase CusS	TH2	HKNPDCAD_03554	HKNPDCAD_03554	
TH2_HKNPDCAD_03555	TH2_contig_2	3193915	3194598	684	-	cusR	Transcriptional regulatory protein CusR	TH2	HKNPDCAD_03555	HKNPDCAD_03555	
TH2_HKNPDCAD_03556	TH2_contig_2	3194755	3196128	1374	+	cusC_2	Cation efflux system protein CusC	TH2	HKNPDCAD_03556	HKNPDCAD_03556	
TH2_HKNPDCAD_03557	TH2_contig_2	3196286	3196618	333	+	cusF	Cation efflux system protein CusF	TH2	HKNPDCAD_03557	HKNPDCAD_03557	
TH2_HKNPDCAD_03558	TH2_contig_2	3196634	3197857	1224	+	cusB	Cation efflux system protein CusB	TH2	HKNPDCAD_03558	HKNPDCAD_03558	
TH2_HKNPDCAD_03559	TH2_contig_2	3197869	3201012	3144	+	cusA	Cation efflux system protein CusA	TH2	HKNPDCAD_03559	HKNPDCAD_03559	
TH2_HKNPDCAD_03560	TH2_contig_2	3201114	3201851	738	+	pheP_1	Phenylalanine-specific permease	TH2	HKNPDCAD_03560	HKNPDCAD_03560	
TH2_HKNPDCAD_03561	TH2_contig_2	3201857	3202489	633	+	pheP_2	Phenylalanine-specific permease	TH2	HKNPDCAD_03561	HKNPDCAD_03561	
TH2_HKNPDCAD_03562	TH2_contig_2	3202557	3203804	1248	-	ybdG	Miniconductance mechanosensitive channel YbdG	TH2	HKNPDCAD_03562	HKNPDCAD_03562	
TH2_HKNPDCAD_03563	TH2_contig_2	3203912	3204565	654	-	nfsB	Oxygen-insensitive NAD(P)H nitroreductase	TH2	HKNPDCAD_03563	HKNPDCAD_03563	
TH2_HKNPDCAD_03564	TH2_contig_2	3204659	3205027	369	-	hypothetical protein	hypothetical protein	TH2	HKNPDCAD_03564	HKNPDCAD_03564	
TH2_HKNPDCAD_03565	TH2_contig_2	3205092	3205340	249	-	hypothetical protein	hypothetical protein	TH2	HKNPDCAD_03565	HKNPDCAD_03565	
TH2_HKNPDCAD_03566	TH2_contig_2	3205406	3206524	1119	-	ybdK	Putative glutamate--cysteine ligase 2	TH2	HKNPDCAD_03566	HKNPDCAD_03566	
TH2_HKNPDCAD_03567	TH2_contig_2	3206956	3207477	522	+	IS3 family transposase IS103	IS3 family transposase IS103	TH2	HKNPDCAD_03567	HKNPDCAD_03567	
TH2_HKNPDCAD_03568	TH2_contig_2	3207474	3208325	852	+	IS3 family transposase IS150	IS3 family transposase IS150	TH2	HKNPDCAD_03568	HKNPDCAD_03568	
TH2_HKNPDCAD_03569	TH2_contig_2	3208423	3208575	153	+	hokE_2	Toxic protein HokE	TH2	HKNPDCAD_03569	HKNPDCAD_03569	
TH2_HKNPDCAD_03570	TH2_contig_2	3208652	3208885	234	+	hypothetical protein	hypothetical protein	TH2	HKNPDCAD_03570	HKNPDCAD_03570	
TH2_HKNPDCAD_03571	TH2_contig_2	3208981	3209925	945	+	IS4 family transposase IS186B	IS4 family transposase IS186B	TH2	HKNPDCAD_03571	HKNPDCAD_03571	
TH2_HKNPDCAD_03572	TH2_contig_2	3210044	3210787	744	-	entD	Enterobactin synthase component D	TH2	HKNPDCAD_03572	HKNPDCAD_03572	
TH2_HKNPDCAD_03573	TH2_contig_2	3210839	3213079	2241	-	fepA	Ferrienterobactin receptor	TH2	HKNPDCAD_03573	HKNPDCAD_03573	
TH2_HKNPDCAD_03574	TH2_contig_2	3213322	3214524	1203	+	fes_2	Enterochelin esterase	TH2	HKNPDCAD_03574	HKNPDCAD_03574	
TH2_HKNPDCAD_03575	TH2_contig_2	3214527	3214745	219	+	ybdZ	Enterobactin biosynthesis protein YbdZ	TH2	HKNPDCAD_03575	HKNPDCAD_03575	
TH2_HKNPDCAD_03576	TH2_contig_2	3214742	3218623	3882	+	entF	Enterobactin synthase component F	TH2	HKNPDCAD_03576	HKNPDCAD_03576	
TH2_HKNPDCAD_03577	TH2_contig_2	3218838	3219971	1134	+	fepE	Ferric enterobactin transport protein FepE	TH2	HKNPDCAD_03577	HKNPDCAD_03577	
TH2_HKNPDCAD_03578	TH2_contig_2	3219968	3220783	816	-	fepC	Ferric enterobactin transport ATP-binding protein FepC	TH2	HKNPDCAD_03578	HKNPDCAD_03578	
TH2_HKNPDCAD_03579	TH2_contig_2	3220780	3221772	993	-	fepG	Ferric enterobactin transport system permease protein FepG	TH2	HKNPDCAD_03579	HKNPDCAD_03579	
TH2_HKNPDCAD_03580	TH2_contig_2	3221769	3222773	1005	-	fepD	Ferric enterobactin transport system permease protein FepD	TH2	HKNPDCAD_03580	HKNPDCAD_03580	
TH2_HKNPDCAD_03581	TH2_contig_2	3222884	3224134	1251	+	entS	Enterobactin exporter EntS	TH2	HKNPDCAD_03581	HKNPDCAD_03581	
TH2_HKNPDCAD_03582	TH2_contig_2	3224138	3225094	957	-	fepB	Ferrienterobactin-binding periplasmic protein	TH2	HKNPDCAD_03582	HKNPDCAD_03582	
TH2_HKNPDCAD_03583	TH2_contig_2	3225469	3226644	1176	+	entC	Isochorismate synthase EntC	TH2	HKNPDCAD_03583	HKNPDCAD_03583	
TH2_HKNPDCAD_03584	TH2_contig_2	3226654	3228264	1611	+	entE	Enterobactin synthase component E	TH2	HKNPDCAD_03584	HKNPDCAD_03584	
TH2_HKNPDCAD_03585	TH2_contig_2	3228278	3229135	858	+	entB	Enterobactin synthase component B	TH2	HKNPDCAD_03585	HKNPDCAD_03585	
TH2_HKNPDCAD_03586	TH2_contig_2	3229135	3229557	423	+	entA_1	2,3-dihydro-2,3-dihydroxybenzoate dehydrogenase	TH2	HKNPDCAD_03586	HKNPDCAD_03586	
TH2_HKNPDCAD_03587	TH2_contig_2	3229599	3229880	282	+	entA_2	2,3-dihydro-2,3-dihydroxybenzoate dehydrogenase	TH2	HKNPDCAD_03587	HKNPDCAD_03587	
TH2_HKNPDCAD_03588	TH2_contig_2	3229883	3230296	414	+	entH	Proofreading thioesterase EntH	TH2	HKNPDCAD_03588	HKNPDCAD_03588	
TH2_HKNPDCAD_03589	TH2_contig_2	3230477	3232582	2106	+	cstA	Peptide transporter CstA	TH2	HKNPDCAD_03589	HKNPDCAD_03589	
TH2_HKNPDCAD_03590	TH2_contig_2	3232764	3232961	198	+	hypothetical protein	hypothetical protein	TH2	HKNPDCAD_03590	HKNPDCAD_03590	
TH2_HKNPDCAD_03591	TH2_contig_2	3232971	3234059	1089	-	hcxA	Hydroxycarboxylate dehydrogenase A	TH2	HKNPDCAD_03591	HKNPDCAD_03591	
TH2_HKNPDCAD_03592	TH2_contig_2	3234168	3235328	1161	+	ybdL	Methionine aminotransferase	TH2	HKNPDCAD_03592	HKNPDCAD_03592	
TH2_HKNPDCAD_03593	TH2_contig_2	3235329	3235958	630	-	ybdM	putative protein YbdM	TH2	HKNPDCAD_03593	HKNPDCAD_03593	
TH2_HKNPDCAD_03594	TH2_contig_2	3235931	3237151	1221	-	hypothetical protein	hypothetical protein	TH2	HKNPDCAD_03594	HKNPDCAD_03594	
TH2_HKNPDCAD_03595	TH2_contig_2	3237298	3238200	903	-	ybdO_1	putative HTH-type transcriptional regulator YbdO	TH2	HKNPDCAD_03595	HKNPDCAD_03595	
TH2_HKNPDCAD_03596	TH2_contig_2	3238409	3239155	747	-	dsbG	Thiol:disulfide interchange protein DsbG	TH2	HKNPDCAD_03596	HKNPDCAD_03596	
TH2_HKNPDCAD_03597	TH2_contig_2	3239527	3240090	564	+	ahpC	Alkyl hydroperoxide reductase C	TH2	HKNPDCAD_03597	HKNPDCAD_03597	
TH2_HKNPDCAD_03598	TH2_contig_2	3240305	3241900	1596	+	ahpF	Alkyl hydroperoxide reductase subunit F	TH2	HKNPDCAD_03598	HKNPDCAD_03598	
TH2_HKNPDCAD_03599	TH2_contig_2	3242021	3242449	429	-	uspG	Universal stress protein UP12	TH2	HKNPDCAD_03599	HKNPDCAD_03599	
TH2_HKNPDCAD_03600	TH2_contig_2	3242670	3243272	603	+	tdh_3	L-threonine 3-dehydrogenase	TH2	HKNPDCAD_03600	HKNPDCAD_03600	
TH2_HKNPDCAD_03601	TH2_contig_2	3243269	3243907	639	+	putative zinc-binding alcohol dehydrogenase	putative zinc-binding alcohol dehydrogenase	TH2	HKNPDCAD_03601	HKNPDCAD_03601	
TH2_HKNPDCAD_03602	TH2_contig_2	3243911	3244000	90	-	yldA	Protein YldA	TH2	HKNPDCAD_03602	HKNPDCAD_03602	
TH2_HKNPDCAD_03603	TH2_contig_2	3244138	3244548	411	-	rnk	Regulator of nucleoside diphosphate kinase	TH2	HKNPDCAD_03603	HKNPDCAD_03603	
TH2_HKNPDCAD_03604	TH2_contig_2	3244778	3245584	807	-	rna	Ribonuclease I	TH2	HKNPDCAD_03604	HKNPDCAD_03604	
TH2_HKNPDCAD_03605	TH2_contig_2	3245698	3246579	882	-	ttdT_2	L-tartrate/succinate antiporter	TH2	HKNPDCAD_03605	HKNPDCAD_03605	
TH2_HKNPDCAD_03606	TH2_contig_2	3246579	3247160	582	-	ttdT_3	L-tartrate/succinate antiporter	TH2	HKNPDCAD_03606	HKNPDCAD_03606	
TH2_HKNPDCAD_03607	TH2_contig_2	3247211	3248089	879	-	citG	2-(5''-triphosphoribosyl)-3'-dephosphocoenzyme-A synthase	TH2	HKNPDCAD_03607	HKNPDCAD_03607	
TH2_HKNPDCAD_03608	TH2_contig_2	3248064	3248615	552	-	citX	Apo-citrate lyase phosphoribosyl-dephospho-CoA transferase	TH2	HKNPDCAD_03608	HKNPDCAD_03608	
TH2_HKNPDCAD_03609	TH2_contig_2	3248619	3250151	1533	-	citF	Citrate lyase alpha chain	TH2	HKNPDCAD_03609	HKNPDCAD_03609	
TH2_HKNPDCAD_03610	TH2_contig_2	3250162	3251070	909	-	citE	Citrate lyase subunit beta	TH2	HKNPDCAD_03610	HKNPDCAD_03610	
TH2_HKNPDCAD_03611	TH2_contig_2	3251067	3251363	297	-	citD	Citrate lyase acyl carrier protein	TH2	HKNPDCAD_03611	HKNPDCAD_03611	
TH2_HKNPDCAD_03612	TH2_contig_2	3251378	3252436	1059	-	citC	[Citrate [pro-3S]-lyase] ligase	TH2	HKNPDCAD_03612	HKNPDCAD_03612	
TH2_HKNPDCAD_03613	TH2_contig_2	3252815	3253705	891	+	dpiB_1	Sensor histidine kinase DpiB	TH2	HKNPDCAD_03613	HKNPDCAD_03613	
TH2_HKNPDCAD_03614	TH2_contig_2	3253684	3254472	789	+	dpiB_2	Sensor histidine kinase DpiB	TH2	HKNPDCAD_03614	HKNPDCAD_03614	
TH2_HKNPDCAD_03615	TH2_contig_2	3254441	3255121	681	+	dpiA	Transcriptional regulatory protein DpiA	TH2	HKNPDCAD_03615	HKNPDCAD_03615	
TH2_HKNPDCAD_03616	TH2_contig_2	3255162	3256547	1386	-	dcuD_3	Putative cryptic C4-dicarboxylate transporter DcuD	TH2	HKNPDCAD_03616	HKNPDCAD_03616	
TH2_HKNPDCAD_03617	TH2_contig_2	3257134	3257694	561	+	pagP	Lipid A palmitoyltransferase PagP	TH2	HKNPDCAD_03617	HKNPDCAD_03617	
TH2_HKNPDCAD_03618	TH2_contig_2	3257869	3258078	210	+	cspE	Cold shock-like protein CspE	TH2	HKNPDCAD_03618	HKNPDCAD_03618	
TH2_HKNPDCAD_03619	TH2_contig_2	3258132	3258515	384	-	crcB	Putative fluoride ion transporter CrcB	TH2	HKNPDCAD_03619	HKNPDCAD_03619	
TH2_HKNPDCAD_03620	TH2_contig_2	3258608	3259396	789	+	ybeM	Deaminated glutathione amidase	TH2	HKNPDCAD_03620	HKNPDCAD_03620	
TH2_HKNPDCAD_03621	TH2_contig_2	3259525	3259728	204	+	tatE	Sec-independent protein translocase protein TatE	TH2	HKNPDCAD_03621	HKNPDCAD_03621	
TH2_HKNPDCAD_03622	TH2_contig_2	3259829	3260794	966	-	lipA	Lipoyl synthase	TH2	HKNPDCAD_03622	HKNPDCAD_03622	
TH2_HKNPDCAD_03623	TH2_contig_2	3261003	3261956	954	-	ybdO_2	putative HTH-type transcriptional regulator YbdO	TH2	HKNPDCAD_03623	HKNPDCAD_03623	
TH2_HKNPDCAD_03624	TH2_contig_2	3262215	3262856	642	-	lipB	Octanoyltransferase	TH2	HKNPDCAD_03624	HKNPDCAD_03624	
TH2_HKNPDCAD_03625	TH2_contig_2	3262957	3263220	264	-	hypothetical protein	hypothetical protein	TH2	HKNPDCAD_03625	HKNPDCAD_03625	
TH2_HKNPDCAD_03626	TH2_contig_2	3263330	3264613	1284	-	dacA	D-alanyl-D-alanine carboxypeptidase DacA	TH2	HKNPDCAD_03626	HKNPDCAD_03626	
TH2_HKNPDCAD_03627	TH2_contig_2	3264680	3265768	1089	-	rlpA	Endolytic peptidoglycan transglycosylase RlpA	TH2	HKNPDCAD_03627	HKNPDCAD_03627	
TH2_HKNPDCAD_03628	TH2_contig_2	3265779	3266891	1113	-	mrdB	Peptidoglycan glycosyltransferase MrdB	TH2	HKNPDCAD_03628	HKNPDCAD_03628	
TH2_HKNPDCAD_03629	TH2_contig_2	3266894	3267511	618	-	mrdA_1	Peptidoglycan D,D-transpeptidase MrdA	TH2	HKNPDCAD_03629	HKNPDCAD_03629	
TH2_HKNPDCAD_03630	TH2_contig_2	3267477	3268796	1320	-	mrdA_2	Peptidoglycan D,D-transpeptidase MrdA	TH2	HKNPDCAD_03630	HKNPDCAD_03630	
TH2_HKNPDCAD_03631	TH2_contig_2	3268827	3269294	468	-	rlmH	Ribosomal RNA large subunit methyltransferase H	TH2	HKNPDCAD_03631	HKNPDCAD_03631	
TH2_HKNPDCAD_03632	TH2_contig_2	3269298	3269615	318	-	rsfS	Ribosomal silencing factor RsfS	TH2	HKNPDCAD_03632	HKNPDCAD_03632	
TH2_HKNPDCAD_03633	TH2_contig_2	3269875	3270438	564	-	cobC	Adenosylcobalamin/alpha-ribazole phosphatase	TH2	HKNPDCAD_03633	HKNPDCAD_03633	
TH2_HKNPDCAD_03634	TH2_contig_2	3270508	3271149	642	-	nadD	Nicotinate-nucleotide adenylyltransferase	TH2	HKNPDCAD_03634	HKNPDCAD_03634	
TH2_HKNPDCAD_03635	TH2_contig_2	3271151	3272182	1032	-	holA	DNA polymerase III subunit delta	TH2	HKNPDCAD_03635	HKNPDCAD_03635	
TH2_HKNPDCAD_03636	TH2_contig_2	3272182	3272763	582	-	lptE	LPS-assembly lipoprotein LptE	TH2	HKNPDCAD_03636	HKNPDCAD_03636	
TH2_HKNPDCAD_03637	TH2_contig_2	3272778	3275360	2583	-	leuS	Leucine--tRNA ligase	TH2	HKNPDCAD_03637	HKNPDCAD_03637	
TH2_HKNPDCAD_03638	TH2_contig_2	3275595	3276077	483	+	hypothetical protein	hypothetical protein	TH2	HKNPDCAD_03638	HKNPDCAD_03638	
TH2_HKNPDCAD_03639	TH2_contig_2	3276147	3277124	978	-	esiB	Secretory immunoglobulin A-binding protein EsiB	TH2	HKNPDCAD_03639	HKNPDCAD_03639	
TH2_HKNPDCAD_03640	TH2_contig_2	3277288	3277662	375	+	hypothetical protein	hypothetical protein	TH2	HKNPDCAD_03640	HKNPDCAD_03640	
TH2_HKNPDCAD_03641	TH2_contig_2	3277668	3277994	327	+	hypothetical protein	hypothetical protein	TH2	HKNPDCAD_03641	HKNPDCAD_03641	
TH2_HKNPDCAD_03642	TH2_contig_2	3277991	3279418	1428	+	hypothetical protein	hypothetical protein	TH2	HKNPDCAD_03642	HKNPDCAD_03642	
TH2_HKNPDCAD_03643	TH2_contig_2	3279428	3279982	555	-	ybeT	Sel1-repeat-containing protein YbeT	TH2	HKNPDCAD_03643	HKNPDCAD_03643	
TH2_HKNPDCAD_03644	TH2_contig_2	3280084	3280791	708	+	hypothetical protein	hypothetical protein	TH2	HKNPDCAD_03644	HKNPDCAD_03644	
TH2_HKNPDCAD_03645	TH2_contig_2	3280788	3282239	1452	+	hypothetical protein	hypothetical protein	TH2	HKNPDCAD_03645	HKNPDCAD_03645	
TH2_HKNPDCAD_03646	TH2_contig_2	3282299	3283969	1671	-	hscC	Chaperone protein HscC	TH2	HKNPDCAD_03646	HKNPDCAD_03646	
TH2_HKNPDCAD_03647	TH2_contig_2	3284053	3284988	936	-	rihA	Pyrimidine-specific ribonucleoside hydrolase RihA	TH2	HKNPDCAD_03647	HKNPDCAD_03647	
TH2_HKNPDCAD_03648	TH2_contig_2	3285106	3285831	726	-	glnQ_2	Glutamine transport ATP-binding protein GlnQ	TH2	HKNPDCAD_03648	HKNPDCAD_03648	
TH2_HKNPDCAD_03649	TH2_contig_2	3285831	3286505	675	-	gltK	Glutamate/aspartate import permease protein GltK	TH2	HKNPDCAD_03649	HKNPDCAD_03649	
TH2_HKNPDCAD_03650	TH2_contig_2	3286505	3287245	741	-	gltJ	Glutamate/aspartate import permease protein GltJ	TH2	HKNPDCAD_03650	HKNPDCAD_03650	
TH2_HKNPDCAD_03651	TH2_contig_2	3287414	3288322	909	-	gltI	Glutamate/aspartate import solute-binding protein	TH2	HKNPDCAD_03651	HKNPDCAD_03651	
TH2_HKNPDCAD_03652	TH2_contig_2	3288776	3289573	798	+	aarA	Rhomboid protease AarA	TH2	HKNPDCAD_03652	HKNPDCAD_03652	
TH2_HKNPDCAD_03653	TH2_contig_2	3289696	3290652	957	+	hypothetical protein	hypothetical protein	TH2	HKNPDCAD_03653	HKNPDCAD_03653	
TH2_HKNPDCAD_03654	TH2_contig_2	3290730	3292268	1539	-	lnt	Apolipoprotein N-acyltransferase	TH2	HKNPDCAD_03654	HKNPDCAD_03654	
TH2_HKNPDCAD_03655	TH2_contig_2	3292293	3293171	879	-	corC	Magnesium and cobalt efflux protein CorC	TH2	HKNPDCAD_03655	HKNPDCAD_03655	
TH2_HKNPDCAD_03656	TH2_contig_2	3293261	3293728	468	-	ybeY	Endoribonuclease YbeY	TH2	HKNPDCAD_03656	HKNPDCAD_03656	
TH2_HKNPDCAD_03657	TH2_contig_2	3293725	3294804	1080	-	ybeZ	PhoH-like protein	TH2	HKNPDCAD_03657	HKNPDCAD_03657	
TH2_HKNPDCAD_03658	TH2_contig_2	3294918	3296342	1425	-	miaB	tRNA-2-methylthio-N(6)-dimethylallyladenosine synthase	TH2	HKNPDCAD_03658	HKNPDCAD_03658	
TH2_HKNPDCAD_03659	TH2_contig_2	3296488	3297663	1176	+	ubiF	3-demethoxyubiquinol 3-hydroxylase	TH2	HKNPDCAD_03659	HKNPDCAD_03659	
TH2_HKNPDCAD_03667	TH2_contig_2	3298899	3300563	1665	-	asnB	Asparagine synthetase B [glutamine-hydrolyzing]	TH2	HKNPDCAD_03667	HKNPDCAD_03667	
TH2_HKNPDCAD_03668	TH2_contig_2	3300820	3301572	753	-	nagD	Ribonucleotide monophosphatase NagD	TH2	HKNPDCAD_03668	HKNPDCAD_03668	
TH2_HKNPDCAD_03669	TH2_contig_2	3301620	3302840	1221	-	nagC	N-acetylglucosamine repressor	TH2	HKNPDCAD_03669	HKNPDCAD_03669	
TH2_HKNPDCAD_03670	TH2_contig_2	3302849	3303598	750	-	nagA_1	N-acetylglucosamine-6-phosphate deacetylase	TH2	HKNPDCAD_03670	HKNPDCAD_03670	
TH2_HKNPDCAD_03671	TH2_contig_2	3303816	3303995	180	-	nagA_2	N-acetylglucosamine-6-phosphate deacetylase	TH2	HKNPDCAD_03671	HKNPDCAD_03671	
TH2_HKNPDCAD_03672	TH2_contig_2	3304055	3304855	801	-	nagB_2	Glucosamine-6-phosphate deaminase	TH2	HKNPDCAD_03672	HKNPDCAD_03672	
TH2_HKNPDCAD_03673	TH2_contig_2	3305188	3307134	1947	+	nagE	PTS system N-acetylglucosamine-specific EIICBA component	TH2	HKNPDCAD_03673	HKNPDCAD_03673	
TH2_HKNPDCAD_03674	TH2_contig_2	3307401	3309065	1665	+	glnS	Glutamine--tRNA ligase	TH2	HKNPDCAD_03674	HKNPDCAD_03674	
TH2_HKNPDCAD_03675	TH2_contig_2	3309642	3311048	1407	+	chiP	Chitoporin	TH2	HKNPDCAD_03675	HKNPDCAD_03675	
TH2_HKNPDCAD_03676	TH2_contig_2	3311098	3311424	327	+	chiQ	putative lipoprotein ChiQ	TH2	HKNPDCAD_03676	HKNPDCAD_03676	
TH2_HKNPDCAD_03677	TH2_contig_2	3311508	3311954	447	-	fur	Ferric uptake regulation protein	TH2	HKNPDCAD_03677	HKNPDCAD_03677	
TH2_HKNPDCAD_03678	TH2_contig_2	3312243	3312773	531	-	fldA	Flavodoxin 1	TH2	HKNPDCAD_03678	HKNPDCAD_03678	
TH2_HKNPDCAD_03679	TH2_contig_2	3312913	3313275	363	-	ybfE	putative protein YbfE	TH2	HKNPDCAD_03679	HKNPDCAD_03679	
TH2_HKNPDCAD_03680	TH2_contig_2	3313346	3314110	765	-	ybfF	Esterase YbfF	TH2	HKNPDCAD_03680	HKNPDCAD_03680	
TH2_HKNPDCAD_03681	TH2_contig_2	3314295	3314840	546	+	seqA	Negative modulator of initiation of replication	TH2	HKNPDCAD_03681	HKNPDCAD_03681	
TH2_HKNPDCAD_03682	TH2_contig_2	3314866	3316506	1641	+	pgm	Phosphoglucomutase	TH2	HKNPDCAD_03682	HKNPDCAD_03682	
TH2_HKNPDCAD_03683	TH2_contig_2	3316563	3316652	90	-	potE_1	Putrescine transporter PotE	TH2	HKNPDCAD_03683	HKNPDCAD_03683	
TH2_HKNPDCAD_03684	TH2_contig_2	3316631	3317881	1251	-	potE_2	Putrescine transporter PotE	TH2	HKNPDCAD_03684	HKNPDCAD_03684	
TH2_HKNPDCAD_03685	TH2_contig_2	3317878	3320076	2199	-	speF	Inducible ornithine decarboxylase	TH2	HKNPDCAD_03685	HKNPDCAD_03685	
TH2_HKNPDCAD_03686	TH2_contig_2	3320199	3320456	258	+	hypothetical protein	hypothetical protein	TH2	HKNPDCAD_03686	HKNPDCAD_03686	
TH2_HKNPDCAD_03687	TH2_contig_2	3320671	3321348	678	-	kdpE	KDP operon transcriptional regulatory protein KdpE	TH2	HKNPDCAD_03687	HKNPDCAD_03687	
TH2_HKNPDCAD_03688	TH2_contig_2	3321345	3323501	2157	-	kdpD_1	Sensor protein KdpD	TH2	HKNPDCAD_03688	HKNPDCAD_03688	
TH2_HKNPDCAD_03689	TH2_contig_2	3323456	3323908	453	-	kdpD_2	Sensor protein KdpD	TH2	HKNPDCAD_03689	HKNPDCAD_03689	
TH2_HKNPDCAD_03690	TH2_contig_2	3324020	3324592	573	-	kdpC	Potassium-transporting ATPase KdpC subunit	TH2	HKNPDCAD_03690	HKNPDCAD_03690	
TH2_HKNPDCAD_03691	TH2_contig_2	3324601	3326157	1557	-	kdpB_1	Potassium-transporting ATPase ATP-binding subunit	TH2	HKNPDCAD_03691	HKNPDCAD_03691	
TH2_HKNPDCAD_03692	TH2_contig_2	3326247	3326648	402	-	kdpB_2	Potassium-transporting ATPase ATP-binding subunit	TH2	HKNPDCAD_03692	HKNPDCAD_03692	
TH2_HKNPDCAD_03693	TH2_contig_2	3326671	3328344	1674	-	kdpA	Potassium-transporting ATPase potassium-binding subunit	TH2	HKNPDCAD_03693	HKNPDCAD_03693	
TH2_HKNPDCAD_03694	TH2_contig_2	3328746	3328952	207	+	hypothetical protein	hypothetical protein	TH2	HKNPDCAD_03694	HKNPDCAD_03694	
TH2_HKNPDCAD_03695	TH2_contig_2	3329195	3329968	774	+	rhsC_5	Protein RhsC	TH2	HKNPDCAD_03695	HKNPDCAD_03695	
TH2_HKNPDCAD_03696	TH2_contig_2	3330074	3332902	2829	+	rhsC_6	Protein RhsC	TH2	HKNPDCAD_03696	HKNPDCAD_03696	
TH2_HKNPDCAD_03697	TH2_contig_2	3333387	3333713	327	+	hypothetical protein	hypothetical protein	TH2	HKNPDCAD_03697	HKNPDCAD_03697	
TH2_HKNPDCAD_03698	TH2_contig_2	3333831	3335264	1434	+	hypothetical protein	hypothetical protein	TH2	HKNPDCAD_03698	HKNPDCAD_03698	
TH2_HKNPDCAD_03699	TH2_contig_2	3335261	3335830	570	+	hypothetical protein	hypothetical protein	TH2	HKNPDCAD_03699	HKNPDCAD_03699	
TH2_HKNPDCAD_03700	TH2_contig_2	3336056	3336310	255	+	ISAs1 family transposase ISEc1	ISAs1 family transposase ISEc1	TH2	HKNPDCAD_03700	HKNPDCAD_03700	
TH2_HKNPDCAD_03701	TH2_contig_2	3336529	3337197	669	+	ISAs1 family transposase ISEc1	ISAs1 family transposase ISEc1	TH2	HKNPDCAD_03701	HKNPDCAD_03701	
TH2_HKNPDCAD_03702	TH2_contig_2	3337345	3337854	510	+	hypothetical protein	hypothetical protein	TH2	HKNPDCAD_03702	HKNPDCAD_03702	
TH2_HKNPDCAD_03703	TH2_contig_2	3337851	3339269	1419	+	phrB	Deoxyribodipyrimidine photo-lyase	TH2	HKNPDCAD_03703	HKNPDCAD_03703	
TH2_HKNPDCAD_03704	TH2_contig_2	3339419	3340900	1482	-	dtpD	Dipeptide permease D	TH2	HKNPDCAD_03704	HKNPDCAD_03704	
TH2_HKNPDCAD_03705	TH2_contig_2	3341171	3341914	744	+	ybgI	GTP cyclohydrolase 1 type 2	TH2	HKNPDCAD_03705	HKNPDCAD_03705	
TH2_HKNPDCAD_03706	TH2_contig_2	3341937	3342593	657	+	pxpB	5-oxoprolinase subunit B	TH2	HKNPDCAD_03706	HKNPDCAD_03706	
TH2_HKNPDCAD_03707	TH2_contig_2	3342587	3343519	933	+	pxpC	5-oxoprolinase subunit C	TH2	HKNPDCAD_03707	HKNPDCAD_03707	
TH2_HKNPDCAD_03708	TH2_contig_2	3343509	3344243	735	+	pxpA	5-oxoprolinase subunit A	TH2	HKNPDCAD_03708	HKNPDCAD_03708	
TH2_HKNPDCAD_03709	TH2_contig_2	3344278	3345069	792	+	nei	Endonuclease 8	TH2	HKNPDCAD_03709	HKNPDCAD_03709	
TH2_HKNPDCAD_03710	TH2_contig_2	3345066	3346112	1047	-	hypothetical protein	hypothetical protein	TH2	HKNPDCAD_03710	HKNPDCAD_03710	
TH2_HKNPDCAD_03711	TH2_contig_2	3346264	3347325	1062	-	hypothetical protein	hypothetical protein	TH2	HKNPDCAD_03711	HKNPDCAD_03711	
TH2_HKNPDCAD_03712	TH2_contig_2	3347322	3348050	729	-	papD_2	Chaperone protein PapD	TH2	HKNPDCAD_03712	HKNPDCAD_03712	
TH2_HKNPDCAD_03713	TH2_contig_2	3348231	3350099	1869	-	papC_4	Outer membrane usher protein PapC	TH2	HKNPDCAD_03713	HKNPDCAD_03713	
TH2_HKNPDCAD_03714	TH2_contig_2	3350325	3350600	276	+	IS1 family transposase IS1A	IS1 family transposase IS1A	TH2	HKNPDCAD_03714	HKNPDCAD_03714	
TH2_HKNPDCAD_03715	TH2_contig_2	3350645	3351022	378	+	IS1 family transposase IS1A	IS1 family transposase IS1A	TH2	HKNPDCAD_03715	HKNPDCAD_03715	
TH2_HKNPDCAD_03716	TH2_contig_2	3350957	3351286	330	-	hypothetical protein	hypothetical protein	TH2	HKNPDCAD_03716	HKNPDCAD_03716	
TH2_HKNPDCAD_03717	TH2_contig_2	3351346	3351912	567	-	ybgD_2	putative fimbrial-like protein YbgD	TH2	HKNPDCAD_03717	HKNPDCAD_03717	
TH2_HKNPDCAD_03718	TH2_contig_2	3352302	3353585	1284	-	gltA	Citrate synthase	TH2	HKNPDCAD_03718	HKNPDCAD_03718	
TH2_HKNPDCAD_03719	TH2_contig_2	3353791	3353898	108	-	ybgU	Protein YbgU	TH2	HKNPDCAD_03719	HKNPDCAD_03719	
TH2_HKNPDCAD_03720	TH2_contig_2	3354279	3354683	405	+	sdhC	Succinate dehydrogenase cytochrome b556 subunit	TH2	HKNPDCAD_03720	HKNPDCAD_03720	
TH2_HKNPDCAD_03721	TH2_contig_2	3354677	3355024	348	+	sdhD	Succinate dehydrogenase hydrophobic membrane anchor subunit	TH2	HKNPDCAD_03721	HKNPDCAD_03721	
TH2_HKNPDCAD_03722	TH2_contig_2	3355024	3356790	1767	+	sdhA	Succinate dehydrogenase flavoprotein subunit	TH2	HKNPDCAD_03722	HKNPDCAD_03722	
TH2_HKNPDCAD_03723	TH2_contig_2	3356806	3357522	717	+	sdhB	Succinate dehydrogenase iron-sulfur subunit	TH2	HKNPDCAD_03723	HKNPDCAD_03723	
TH2_HKNPDCAD_03724	TH2_contig_2	3357823	3360624	2802	+	sucA	2-oxoglutarate dehydrogenase E1 component	TH2	HKNPDCAD_03724	HKNPDCAD_03724	
TH2_HKNPDCAD_03725	TH2_contig_2	3360639	3361856	1218	+	sucB	Dihydrolipoyllysine-residue succinyltransferase component of 2-oxoglutarate dehydrogenase complex	TH2	HKNPDCAD_03725	HKNPDCAD_03725	
TH2_HKNPDCAD_03726	TH2_contig_2	3362222	3363388	1167	+	sucC	Succinate--CoA ligase [ADP-forming] subunit beta	TH2	HKNPDCAD_03726	HKNPDCAD_03726	
TH2_HKNPDCAD_03727	TH2_contig_2	3363388	3364257	870	+	sucD	Succinate--CoA ligase [ADP-forming] subunit alpha	TH2	HKNPDCAD_03727	HKNPDCAD_03727	
TH2_HKNPDCAD_03728	TH2_contig_2	3364361	3365083	723	-	mngR_2	Mannosyl-D-glycerate transport/metabolism system repressor MngR	TH2	HKNPDCAD_03728	HKNPDCAD_03728	
TH2_HKNPDCAD_03729	TH2_contig_2	3365252	3365608	357	+	mngA_1	PTS system 2-O-alpha-mannosyl-D-glycerate-specific EIIABC component	TH2	HKNPDCAD_03729	HKNPDCAD_03729	
TH2_HKNPDCAD_03730	TH2_contig_2	3365596	3366285	690	+	mngA_2	PTS system 2-O-alpha-mannosyl-D-glycerate-specific EIIABC component	TH2	HKNPDCAD_03730	HKNPDCAD_03730	
TH2_HKNPDCAD_03731	TH2_contig_2	3366246	3367166	921	+	mngA_3	PTS system 2-O-alpha-mannosyl-D-glycerate-specific EIIABC component	TH2	HKNPDCAD_03731	HKNPDCAD_03731	
TH2_HKNPDCAD_03732	TH2_contig_2	3367184	3369817	2634	+	mngB	Mannosylglycerate hydrolase	TH2	HKNPDCAD_03732	HKNPDCAD_03732	
TH2_HKNPDCAD_03733	TH2_contig_2	3370663	3372231	1569	+	cydA	Cytochrome bd-I ubiquinol oxidase subunit 1	TH2	HKNPDCAD_03733	HKNPDCAD_03733	
TH2_HKNPDCAD_03734	TH2_contig_2	3372247	3373386	1140	+	cydB	Cytochrome bd-I ubiquinol oxidase subunit 2	TH2	HKNPDCAD_03734	HKNPDCAD_03734	
TH2_HKNPDCAD_03735	TH2_contig_2	3373401	3373514	114	+	cydX	Cytochrome bd-I ubiquinol oxidase subunit X	TH2	HKNPDCAD_03735	HKNPDCAD_03735	
TH2_HKNPDCAD_03736	TH2_contig_2	3373514	3373807	294	+	hypothetical protein	hypothetical protein	TH2	HKNPDCAD_03736	HKNPDCAD_03736	
TH2_HKNPDCAD_03737	TH2_contig_2	3373957	3374361	405	+	ybgC	Acyl-CoA thioester hydrolase YbgC	TH2	HKNPDCAD_03737	HKNPDCAD_03737	
TH2_HKNPDCAD_03738	TH2_contig_2	3374358	3375050	693	+	tolQ	Tol-Pal system protein TolQ	TH2	HKNPDCAD_03738	HKNPDCAD_03738	
TH2_HKNPDCAD_03739	TH2_contig_2	3375054	3375482	429	+	tolR	Tol-Pal system protein TolR	TH2	HKNPDCAD_03739	HKNPDCAD_03739	
TH2_HKNPDCAD_03740	TH2_contig_2	3375547	3376647	1101	+	tolA	Tol-Pal system protein TolA	TH2	HKNPDCAD_03740	HKNPDCAD_03740	
TH2_HKNPDCAD_03741	TH2_contig_2	3376944	3378236	1293	+	tolB	Tol-Pal system protein TolB	TH2	HKNPDCAD_03741	HKNPDCAD_03741	
TH2_HKNPDCAD_03742	TH2_contig_2	3378271	3378792	522	+	pal_2	Peptidoglycan-associated lipoprotein	TH2	HKNPDCAD_03742	HKNPDCAD_03742	
TH2_HKNPDCAD_03743	TH2_contig_2	3378802	3379593	792	+	cpoB	Cell division coordinator CpoB	TH2	HKNPDCAD_03743	HKNPDCAD_03743	
TH2_HKNPDCAD_03751	TH2_contig_2	3381164	3382078	915	+	nadA	Quinolinate synthase A	TH2	HKNPDCAD_03751	HKNPDCAD_03751	
TH2_HKNPDCAD_03752	TH2_contig_2	3382116	3382835	720	+	pnuC	Nicotinamide riboside transporter PnuC	TH2	HKNPDCAD_03752	HKNPDCAD_03752	
TH2_HKNPDCAD_03753	TH2_contig_2	3382832	3383773	942	-	zitB	Zinc transporter ZitB	TH2	HKNPDCAD_03753	HKNPDCAD_03753	
TH2_HKNPDCAD_03754	TH2_contig_2	3383887	3384267	381	-	hypothetical protein	hypothetical protein	TH2	HKNPDCAD_03754	HKNPDCAD_03754	
TH2_HKNPDCAD_03755	TH2_contig_2	3384583	3385245	663	+	aroG_1	Phospho-2-dehydro-3-deoxyheptonate aldolase, Phe-sensitive	TH2	HKNPDCAD_03755	HKNPDCAD_03755	
TH2_HKNPDCAD_03756	TH2_contig_2	3385224	3385634	411	+	aroG_2	Phospho-2-dehydro-3-deoxyheptonate aldolase, Phe-sensitive	TH2	HKNPDCAD_03756	HKNPDCAD_03756	
TH2_HKNPDCAD_03757	TH2_contig_2	3385792	3386544	753	-	gpmA	2,3-bisphosphoglycerate-dependent phosphoglycerate mutase	TH2	HKNPDCAD_03757	HKNPDCAD_03757	
TH2_HKNPDCAD_03758	TH2_contig_2	3386746	3387786	1041	-	galM	Aldose 1-epimerase	TH2	HKNPDCAD_03758	HKNPDCAD_03758	
TH2_HKNPDCAD_03759	TH2_contig_2	3387780	3388928	1149	-	galK	Galactokinase	TH2	HKNPDCAD_03759	HKNPDCAD_03759	
TH2_HKNPDCAD_03760	TH2_contig_2	3388932	3389978	1047	-	galT	Galactose-1-phosphate uridylyltransferase	TH2	HKNPDCAD_03760	HKNPDCAD_03760	
TH2_HKNPDCAD_03761	TH2_contig_2	3389988	3391004	1017	-	galE	UDP-glucose 4-epimerase	TH2	HKNPDCAD_03761	HKNPDCAD_03761	
TH2_HKNPDCAD_03762	TH2_contig_2	3391265	3392572	1308	-	modF_1	ABC transporter ATP-binding protein ModF	TH2	HKNPDCAD_03762	HKNPDCAD_03762	
TH2_HKNPDCAD_03763	TH2_contig_2	3392569	3392736	168	-	modF_2	ABC transporter ATP-binding protein ModF	TH2	HKNPDCAD_03763	HKNPDCAD_03763	
TH2_HKNPDCAD_03764	TH2_contig_2	3392804	3393592	789	-	modE	DNA-binding transcriptional dual regulator ModE	TH2	HKNPDCAD_03764	HKNPDCAD_03764	
TH2_HKNPDCAD_03765	TH2_contig_2	3393721	3393870	150	+	acrZ	Multidrug efflux pump accessory protein AcrZ	TH2	HKNPDCAD_03765	HKNPDCAD_03765	
TH2_HKNPDCAD_03766	TH2_contig_2	3394037	3394810	774	+	modA	Molybdate-binding protein ModA	TH2	HKNPDCAD_03766	HKNPDCAD_03766	
TH2_HKNPDCAD_03767	TH2_contig_2	3394917	3395498	582	+	modB	Molybdenum transport system permease protein ModB	TH2	HKNPDCAD_03767	HKNPDCAD_03767	
TH2_HKNPDCAD_03768	TH2_contig_2	3395501	3396559	1059	+	btuD_1	Vitamin B12 import ATP-binding protein BtuD	TH2	HKNPDCAD_03768	HKNPDCAD_03768	
TH2_HKNPDCAD_03769	TH2_contig_2	3396560	3397474	915	-	ybhA	Pyridoxal phosphate phosphatase YbhA	TH2	HKNPDCAD_03769	HKNPDCAD_03769	
TH2_HKNPDCAD_03770	TH2_contig_2	3397533	3398528	996	+	pgl	6-phosphogluconolactonase	TH2	HKNPDCAD_03770	HKNPDCAD_03770	
TH2_HKNPDCAD_03771	TH2_contig_2	3398569	3399522	954	-	oxyR_2	Hydrogen peroxide-inducible genes activator	TH2	HKNPDCAD_03771	HKNPDCAD_03771	
TH2_HKNPDCAD_03772	TH2_contig_2	3399705	3400757	1053	+	ybhH	Putative isomerase YbhH	TH2	HKNPDCAD_03772	HKNPDCAD_03772	
TH2_HKNPDCAD_03773	TH2_contig_2	3400833	3401369	537	+	ybhI_1	Inner membrane protein YbhI	TH2	HKNPDCAD_03773	HKNPDCAD_03773	
TH2_HKNPDCAD_03774	TH2_contig_2	3401369	3402265	897	+	ybhI_2	Inner membrane protein YbhI	TH2	HKNPDCAD_03774	HKNPDCAD_03774	
TH2_HKNPDCAD_03775	TH2_contig_2	3402448	3404709	2262	+	leuC_2	3-isopropylmalate dehydratase large subunit	TH2	HKNPDCAD_03775	HKNPDCAD_03775	
TH2_HKNPDCAD_03776	TH2_contig_2	3404943	3406226	1284	-	ybhC	Putative acyl-CoA thioester hydrolase YbhC	TH2	HKNPDCAD_03776	HKNPDCAD_03776	
TH2_HKNPDCAD_03777	TH2_contig_2	3406378	3406854	477	-	hypothetical protein	hypothetical protein	TH2	HKNPDCAD_03777	HKNPDCAD_03777	
TH2_HKNPDCAD_03778	TH2_contig_2	3406913	3408202	1290	-	bioA	Adenosylmethionine-8-amino-7-oxononanoate aminotransferase	TH2	HKNPDCAD_03778	HKNPDCAD_03778	
TH2_HKNPDCAD_03779	TH2_contig_2	3408289	3409329	1041	+	bioB	Biotin synthase	TH2	HKNPDCAD_03779	HKNPDCAD_03779	
TH2_HKNPDCAD_03780	TH2_contig_2	3409326	3409844	519	+	bioF_2	8-amino-7-oxononanoate synthase	TH2	HKNPDCAD_03780	HKNPDCAD_03780	
TH2_HKNPDCAD_03781	TH2_contig_2	3409835	3409999	165	+	bioF_3	8-amino-7-oxononanoate synthase	TH2	HKNPDCAD_03781	HKNPDCAD_03781	
TH2_HKNPDCAD_03782	TH2_contig_2	3410017	3410478	462	+	bioF_4	8-amino-7-oxononanoate synthase	TH2	HKNPDCAD_03782	HKNPDCAD_03782	
TH2_HKNPDCAD_03783	TH2_contig_2	3410465	3411205	741	+	bioC	Malonyl-[acyl-carrier protein] O-methyltransferase	TH2	HKNPDCAD_03783	HKNPDCAD_03783	
TH2_HKNPDCAD_03784	TH2_contig_2	3411212	3411889	678	+	bioD1_1	ATP-dependent dethiobiotin synthetase BioD 1	TH2	HKNPDCAD_03784	HKNPDCAD_03784	
TH2_HKNPDCAD_03785	TH2_contig_2	3412468	3414489	2022	+	uvrB	UvrABC system protein B	TH2	HKNPDCAD_03785	HKNPDCAD_03785	
TH2_HKNPDCAD_03786	TH2_contig_2	3414680	3415588	909	-	ybhK	Putative gluconeogenesis factor	TH2	HKNPDCAD_03786	HKNPDCAD_03786	
TH2_HKNPDCAD_03787	TH2_contig_2	3415985	3416974	990	+	moaA	GTP 3',8-cyclase	TH2	HKNPDCAD_03787	HKNPDCAD_03787	
TH2_HKNPDCAD_03788	TH2_contig_2	3416996	3417508	513	+	moaB	Molybdenum cofactor biosynthesis protein B	TH2	HKNPDCAD_03788	HKNPDCAD_03788	
TH2_HKNPDCAD_03789	TH2_contig_2	3417511	3417996	486	+	moaC	Cyclic pyranopterin monophosphate synthase	TH2	HKNPDCAD_03789	HKNPDCAD_03789	
TH2_HKNPDCAD_03790	TH2_contig_2	3417989	3418234	246	+	moaD	Molybdopterin synthase sulfur carrier subunit	TH2	HKNPDCAD_03790	HKNPDCAD_03790	
TH2_HKNPDCAD_03791	TH2_contig_2	3418236	3418688	453	+	moaE	Molybdopterin synthase catalytic subunit	TH2	HKNPDCAD_03791	HKNPDCAD_03791	
TH2_HKNPDCAD_03792	TH2_contig_2	3418824	3419528	705	+	ybhL	Inner membrane protein YbhL	TH2	HKNPDCAD_03792	HKNPDCAD_03792	
TH2_HKNPDCAD_03793	TH2_contig_2	3419730	3420377	648	+	hypothetical protein	hypothetical protein	TH2	HKNPDCAD_03793	HKNPDCAD_03793	
TH2_HKNPDCAD_03794	TH2_contig_2	3420447	3421160	714	+	hypothetical protein	hypothetical protein	TH2	HKNPDCAD_03794	HKNPDCAD_03794	
TH2_HKNPDCAD_03795	TH2_contig_2	3421408	3422364	957	-	ybhN	Inner membrane protein YbhN	TH2	HKNPDCAD_03795	HKNPDCAD_03795	
TH2_HKNPDCAD_03796	TH2_contig_2	3422364	3423605	1242	-	clsB	Cardiolipin synthase B	TH2	HKNPDCAD_03796	HKNPDCAD_03796	
TH2_HKNPDCAD_03797	TH2_contig_2	3423602	3424363	762	-	hypothetical protein	hypothetical protein	TH2	HKNPDCAD_03797	HKNPDCAD_03797	
TH2_HKNPDCAD_03798	TH2_contig_2	3424496	3424906	411	+	ybhQ	Inner membrane protein YbhQ	TH2	HKNPDCAD_03798	HKNPDCAD_03798	
TH2_HKNPDCAD_03799	TH2_contig_2	3424868	3425974	1107	-	ybhR	putative multidrug ABC transporter permease YbhR	TH2	HKNPDCAD_03799	HKNPDCAD_03799	
TH2_HKNPDCAD_03800	TH2_contig_2	3425985	3427118	1134	-	ybhS	putative multidrug ABC transporter permease YbhS	TH2	HKNPDCAD_03800	HKNPDCAD_03800	
TH2_HKNPDCAD_03801	TH2_contig_2	3427111	3428847	1737	-	ybhF	putative multidrug ABC transporter ATP-binding protein YbhF	TH2	HKNPDCAD_03801	HKNPDCAD_03801	
TH2_HKNPDCAD_03802	TH2_contig_2	3428840	3429835	996	-	hypothetical protein	hypothetical protein	TH2	HKNPDCAD_03802	HKNPDCAD_03802	
TH2_HKNPDCAD_03803	TH2_contig_2	3429838	3430509	672	-	cecR	HTH-type transcriptional dual regulator CecR	TH2	HKNPDCAD_03803	HKNPDCAD_03803	
TH2_HKNPDCAD_03804	TH2_contig_2	3430738	3432102	1365	+	rhlE	ATP-dependent RNA helicase RhlE	TH2	HKNPDCAD_03804	HKNPDCAD_03804	
TH2_HKNPDCAD_03805	TH2_contig_2	3432334	3432783	450	-	ybiA	N-glycosidase YbiA	TH2	HKNPDCAD_03805	HKNPDCAD_03805	
TH2_HKNPDCAD_03806	TH2_contig_2	3432801	3434597	1797	+	dinG_2	ATP-dependent DNA helicase DinG	TH2	HKNPDCAD_03806	HKNPDCAD_03806	
TH2_HKNPDCAD_03807	TH2_contig_2	3434573	3435085	513	+	dinG_3	ATP-dependent DNA helicase DinG	TH2	HKNPDCAD_03807	HKNPDCAD_03807	
TH2_HKNPDCAD_03808	TH2_contig_2	3435113	3436075	963	+	ybiB	putative protein YbiB	TH2	HKNPDCAD_03808	HKNPDCAD_03808	
TH2_HKNPDCAD_03809	TH2_contig_2	3436216	3437301	1086	+	hcxB	Hydroxycarboxylate dehydrogenase B	TH2	HKNPDCAD_03809	HKNPDCAD_03809	
TH2_HKNPDCAD_03810	TH2_contig_2	3437529	3437789	261	-	bhsA_2	Multiple stress resistance protein BhsA	TH2	HKNPDCAD_03810	HKNPDCAD_03810	
TH2_HKNPDCAD_03811	TH2_contig_2	3438054	3438320	267	-	ybiI_1	putative protein YbiI	TH2	HKNPDCAD_03811	HKNPDCAD_03811	
TH2_HKNPDCAD_03812	TH2_contig_2	3438394	3439068	675	-	PKHD-type hydroxylase	PKHD-type hydroxylase	TH2	HKNPDCAD_03812	HKNPDCAD_03812	
TH2_HKNPDCAD_03813	TH2_contig_2	3439113	3441395	2283	-	fiu	Catecholate siderophore receptor Fiu	TH2	HKNPDCAD_03813	HKNPDCAD_03813	
TH2_HKNPDCAD_03814	TH2_contig_2	3441660	3441920	261	-	mcbA	putative protein McbA	TH2	HKNPDCAD_03814	HKNPDCAD_03814	
TH2_HKNPDCAD_03815	TH2_contig_2	3442216	3443121	906	+	rlmF	Ribosomal RNA large subunit methyltransferase F	TH2	HKNPDCAD_03815	HKNPDCAD_03815	
TH2_HKNPDCAD_03816	TH2_contig_2	3443118	3445181	2064	-	ybiO	Moderate conductance mechanosensitive channel YbiO	TH2	HKNPDCAD_03816	HKNPDCAD_03816	
TH2_HKNPDCAD_03817	TH2_contig_2	3445148	3445342	195	-	hypothetical protein	hypothetical protein	TH2	HKNPDCAD_03817	HKNPDCAD_03817	
TH2_HKNPDCAD_03818	TH2_contig_2	3445603	3446325	723	-	glnQ_3	Glutamine transport ATP-binding protein GlnQ	TH2	HKNPDCAD_03818	HKNPDCAD_03818	
TH2_HKNPDCAD_03819	TH2_contig_2	3446322	3446981	660	-	glnP	Glutamine transport system permease protein GlnP	TH2	HKNPDCAD_03819	HKNPDCAD_03819	
TH2_HKNPDCAD_03820	TH2_contig_2	3447120	3447866	747	-	glnH	Glutamine-binding periplasmic protein	TH2	HKNPDCAD_03820	HKNPDCAD_03820	
TH2_HKNPDCAD_03821	TH2_contig_2	3448270	3448773	504	-	dps	DNA protection during starvation protein	TH2	HKNPDCAD_03821	HKNPDCAD_03821	
TH2_HKNPDCAD_03822	TH2_contig_2	3449072	3449959	888	-	rhtA	Threonine/homoserine exporter RhtA	TH2	HKNPDCAD_03822	HKNPDCAD_03822	
TH2_HKNPDCAD_03823	TH2_contig_2	3450311	3450826	516	+	ompX	Outer membrane protein X	TH2	HKNPDCAD_03823	HKNPDCAD_03823	
TH2_HKNPDCAD_03824	TH2_contig_2	3450875	3452026	1152	-	opgE	Phosphoethanolamine transferase OpgE	TH2	HKNPDCAD_03824	HKNPDCAD_03824	
TH2_HKNPDCAD_03825	TH2_contig_2	3452728	3452856	129	-	mntS	Small protein MntS	TH2	HKNPDCAD_03825	HKNPDCAD_03825	
TH2_HKNPDCAD_03826	TH2_contig_2	3453024	3454064	1041	-	xerC_8	Tyrosine recombinase XerC	TH2	HKNPDCAD_03826	HKNPDCAD_03826	
TH2_HKNPDCAD_03827	TH2_contig_2	3454066	3454647	582	-	hypothetical protein	hypothetical protein	TH2	HKNPDCAD_03827	HKNPDCAD_03827	
TH2_HKNPDCAD_03828	TH2_contig_2	3454783	3455004	222	+	hypothetical protein	hypothetical protein	TH2	HKNPDCAD_03828	HKNPDCAD_03828	
TH2_HKNPDCAD_03829	TH2_contig_2	3455035	3455538	504	+	hypothetical protein	hypothetical protein	TH2	HKNPDCAD_03829	HKNPDCAD_03829	
TH2_HKNPDCAD_03830	TH2_contig_2	3455548	3455721	174	+	hypothetical protein	hypothetical protein	TH2	HKNPDCAD_03830	HKNPDCAD_03830	
TH2_HKNPDCAD_03831	TH2_contig_2	3455730	3456386	657	+	hypothetical protein	hypothetical protein	TH2	HKNPDCAD_03831	HKNPDCAD_03831	
TH2_HKNPDCAD_03832	TH2_contig_2	3456383	3457468	1086	+	hypothetical protein	hypothetical protein	TH2	HKNPDCAD_03832	HKNPDCAD_03832	
TH2_HKNPDCAD_03833	TH2_contig_2	3457983	3458699	717	-	hypothetical protein	hypothetical protein	TH2	HKNPDCAD_03833	HKNPDCAD_03833	
TH2_HKNPDCAD_03834	TH2_contig_2	3459156	3459320	165	-	hypothetical protein	hypothetical protein	TH2	HKNPDCAD_03834	HKNPDCAD_03834	
TH2_HKNPDCAD_03835	TH2_contig_2	3459313	3459939	627	-	hypothetical protein	hypothetical protein	TH2	HKNPDCAD_03835	HKNPDCAD_03835	
TH2_HKNPDCAD_03836	TH2_contig_2	3459960	3460985	1026	-	hypothetical protein	hypothetical protein	TH2	HKNPDCAD_03836	HKNPDCAD_03836	
TH2_HKNPDCAD_03837	TH2_contig_2	3461060	3461620	561	-	hypothetical protein	hypothetical protein	TH2	HKNPDCAD_03837	HKNPDCAD_03837	
TH2_HKNPDCAD_03838	TH2_contig_2	3461687	3461956	270	-	hypothetical protein	hypothetical protein	TH2	HKNPDCAD_03838	HKNPDCAD_03838	
TH2_HKNPDCAD_03839	TH2_contig_2	3462256	3462723	468	+	mntR	Transcriptional regulator MntR	TH2	HKNPDCAD_03839	HKNPDCAD_03839	
TH2_HKNPDCAD_03840	TH2_contig_2	3462720	3463838	1119	+	ybiR	Inner membrane protein YbiR	TH2	HKNPDCAD_03840	HKNPDCAD_03840	
TH2_HKNPDCAD_03841	TH2_contig_2	3463897	3464817	921	-	ybiS	putative L,D-transpeptidase YbiS	TH2	HKNPDCAD_03841	HKNPDCAD_03841	
TH2_HKNPDCAD_03842	TH2_contig_2	3465036	3466628	1593	+	ybiT	putative ABC transporter ATP-binding protein YbiT	TH2	HKNPDCAD_03842	HKNPDCAD_03842	
TH2_HKNPDCAD_03843	TH2_contig_2	3466869	3468134	1266	-	ybiU	putative protein YbiU	TH2	HKNPDCAD_03843	HKNPDCAD_03843	
TH2_HKNPDCAD_03844	TH2_contig_2	3468286	3469101	816	-	ybiV	Sugar phosphatase YbiV	TH2	HKNPDCAD_03844	HKNPDCAD_03844	
TH2_HKNPDCAD_03845	TH2_contig_2	3469247	3469954	708	-	cutC_2	Choline trimethylamine-lyase	TH2	HKNPDCAD_03845	HKNPDCAD_03845	
TH2_HKNPDCAD_03846	TH2_contig_2	3469951	3471678	1728	-	pflD	Trans-4-hydroxy-L-proline dehydratase	TH2	HKNPDCAD_03846	HKNPDCAD_03846	
TH2_HKNPDCAD_03847	TH2_contig_2	3471684	3472583	900	-	cutD_3	Choline trimethylamine-lyase activating enzyme	TH2	HKNPDCAD_03847	HKNPDCAD_03847	
TH2_HKNPDCAD_03848	TH2_contig_2	3472714	3473376	663	+	fsaA	Fructose-6-phosphate aldolase 1	TH2	HKNPDCAD_03848	HKNPDCAD_03848	
TH2_HKNPDCAD_03849	TH2_contig_2	3473555	3474304	750	-	moeB	Molybdopterin-synthase adenylyltransferase	TH2	HKNPDCAD_03849	HKNPDCAD_03849	
TH2_HKNPDCAD_03850	TH2_contig_2	3474304	3474906	603	-	moeA_1	Molybdopterin molybdenumtransferase	TH2	HKNPDCAD_03850	HKNPDCAD_03850	
TH2_HKNPDCAD_03851	TH2_contig_2	3474906	3475538	633	-	moeA_2	Molybdopterin molybdenumtransferase	TH2	HKNPDCAD_03851	HKNPDCAD_03851	
TH2_HKNPDCAD_03852	TH2_contig_2	3475742	3476707	966	+	iaaA	Isoaspartyl peptidase	TH2	HKNPDCAD_03852	HKNPDCAD_03852	
TH2_HKNPDCAD_03853	TH2_contig_2	3476694	3477683	990	+	gsiA_1	Glutathione import ATP-binding protein GsiA	TH2	HKNPDCAD_03853	HKNPDCAD_03853	
TH2_HKNPDCAD_03854	TH2_contig_2	3477638	3478564	927	+	gsiA_2	Glutathione import ATP-binding protein GsiA	TH2	HKNPDCAD_03854	HKNPDCAD_03854	
TH2_HKNPDCAD_03855	TH2_contig_2	3478584	3480122	1539	+	gsiB	Glutathione-binding protein GsiB	TH2	HKNPDCAD_03855	HKNPDCAD_03855	
TH2_HKNPDCAD_03856	TH2_contig_2	3480140	3481060	921	+	gsiC	Glutathione transport system permease protein GsiC	TH2	HKNPDCAD_03856	HKNPDCAD_03856	
TH2_HKNPDCAD_03857	TH2_contig_2	3481063	3481974	912	+	gsiD	Glutathione transport system permease protein GsiD	TH2	HKNPDCAD_03857	HKNPDCAD_03857	
TH2_HKNPDCAD_03858	TH2_contig_2	3482152	3483645	1494	+	pdeI_1	putative cyclic di-GMP phosphodiesterase PdeI	TH2	HKNPDCAD_03858	HKNPDCAD_03858	
TH2_HKNPDCAD_03859	TH2_contig_2	3483675	3483884	210	+	pdeI_2	putative cyclic di-GMP phosphodiesterase PdeI	TH2	HKNPDCAD_03859	HKNPDCAD_03859	
TH2_HKNPDCAD_03860	TH2_contig_2	3483842	3484498	657	+	pdeI_3	putative cyclic di-GMP phosphodiesterase PdeI	TH2	HKNPDCAD_03860	HKNPDCAD_03860	
TH2_HKNPDCAD_03861	TH2_contig_2	3484506	3485834	1329	+	hypothetical protein	hypothetical protein	TH2	HKNPDCAD_03861	HKNPDCAD_03861	
TH2_HKNPDCAD_03862	TH2_contig_2	3485881	3487206	1326	-	rimO	Ribosomal protein S12 methylthiotransferase RimO	TH2	HKNPDCAD_03862	HKNPDCAD_03862	
TH2_HKNPDCAD_03863	TH2_contig_2	3487419	3487802	384	+	hypothetical protein	hypothetical protein	TH2	HKNPDCAD_03863	HKNPDCAD_03863	
TH2_HKNPDCAD_03864	TH2_contig_2	3487913	3489028	1116	+	yliI	Aldose sugar dehydrogenase YliI	TH2	HKNPDCAD_03864	HKNPDCAD_03864	
TH2_HKNPDCAD_03865	TH2_contig_2	3489025	3489603	579	-	gstB_1	Glutathione S-transferase GstB	TH2	HKNPDCAD_03865	HKNPDCAD_03865	
TH2_HKNPDCAD_03866	TH2_contig_2	3489897	3491099	1203	+	dacC	D-alanyl-D-alanine carboxypeptidase DacC	TH2	HKNPDCAD_03866	HKNPDCAD_03866	
TH2_HKNPDCAD_03867	TH2_contig_2	3491146	3491904	759	-	deoR	Deoxyribose operon repressor	TH2	HKNPDCAD_03867	HKNPDCAD_03867	
TH2_HKNPDCAD_03868	TH2_contig_2	3491962	3492558	597	-	ybjG	Putative undecaprenyl-diphosphatase YbjG	TH2	HKNPDCAD_03868	HKNPDCAD_03868	
TH2_HKNPDCAD_03869	TH2_contig_2	3492843	3494075	1233	+	mdfA	Multidrug transporter MdfA	TH2	HKNPDCAD_03869	HKNPDCAD_03869	
TH2_HKNPDCAD_03870	TH2_contig_2	3494116	3494394	279	-	hypothetical protein	hypothetical protein	TH2	HKNPDCAD_03870	HKNPDCAD_03870	
TH2_HKNPDCAD_03871	TH2_contig_2	3494486	3495301	816	-	ybjI	5-amino-6-(5-phospho-D-ribitylamino)uracil phosphatase YbjI	TH2	HKNPDCAD_03871	HKNPDCAD_03871	
TH2_HKNPDCAD_03872	TH2_contig_2	3495301	3495720	420	-	ybjJ_1	Inner membrane protein YbjJ	TH2	HKNPDCAD_03872	HKNPDCAD_03872	
TH2_HKNPDCAD_03873	TH2_contig_2	3495717	3496508	792	-	ybjJ_2	Inner membrane protein YbjJ	TH2	HKNPDCAD_03873	HKNPDCAD_03873	
TH2_HKNPDCAD_03874	TH2_contig_2	3496592	3497128	537	+	rcdA	HTH-type transcriptional regulator RcdA	TH2	HKNPDCAD_03874	HKNPDCAD_03874	
TH2_HKNPDCAD_03875	TH2_contig_2	3497355	3498284	930	-	xerC_9	Tyrosine recombinase XerC	TH2	HKNPDCAD_03875	HKNPDCAD_03875	
TH2_HKNPDCAD_03876	TH2_contig_2	3498367	3500043	1677	-	hypothetical protein	hypothetical protein	TH2	HKNPDCAD_03876	HKNPDCAD_03876	
TH2_HKNPDCAD_03877	TH2_contig_2	3500064	3500660	597	-	hypothetical protein	hypothetical protein	TH2	HKNPDCAD_03877	HKNPDCAD_03877	
TH2_HKNPDCAD_03878	TH2_contig_2	3500756	3500977	222	+	hypothetical protein	hypothetical protein	TH2	HKNPDCAD_03878	HKNPDCAD_03878	
TH2_HKNPDCAD_03879	TH2_contig_2	3501010	3501519	510	+	hypothetical protein	hypothetical protein	TH2	HKNPDCAD_03879	HKNPDCAD_03879	
TH2_HKNPDCAD_03880	TH2_contig_2	3501694	3501918	225	+	hypothetical protein	hypothetical protein	TH2	HKNPDCAD_03880	HKNPDCAD_03880	
TH2_HKNPDCAD_03881	TH2_contig_2	3501941	3502282	342	+	hypothetical protein	hypothetical protein	TH2	HKNPDCAD_03881	HKNPDCAD_03881	
TH2_HKNPDCAD_03882	TH2_contig_2	3502350	3502583	234	+	hypothetical protein	hypothetical protein	TH2	HKNPDCAD_03882	HKNPDCAD_03882	
TH2_HKNPDCAD_03883	TH2_contig_2	3502583	3502810	228	+	ybiI_2	putative protein YbiI	TH2	HKNPDCAD_03883	HKNPDCAD_03883	
TH2_HKNPDCAD_03884	TH2_contig_2	3502807	3503664	858	+	dam_2	DNA adenine methylase	TH2	HKNPDCAD_03884	HKNPDCAD_03884	
TH2_HKNPDCAD_03885	TH2_contig_2	3503661	3506075	2415	+	hypothetical protein	hypothetical protein	TH2	HKNPDCAD_03885	HKNPDCAD_03885	
TH2_HKNPDCAD_03886	TH2_contig_2	3506228	3506416	189	+	hypothetical protein	hypothetical protein	TH2	HKNPDCAD_03886	HKNPDCAD_03886	
TH2_HKNPDCAD_03887	TH2_contig_2	3506428	3506661	234	+	hypothetical protein	hypothetical protein	TH2	HKNPDCAD_03887	HKNPDCAD_03887	
TH2_HKNPDCAD_03888	TH2_contig_2	3507169	3507438	270	+	hypothetical protein	hypothetical protein	TH2	HKNPDCAD_03888	HKNPDCAD_03888	
TH2_HKNPDCAD_03889	TH2_contig_2	3507493	3508539	1047	-	hypothetical protein	hypothetical protein	TH2	HKNPDCAD_03889	HKNPDCAD_03889	
TH2_HKNPDCAD_03890	TH2_contig_2	3508539	3510305	1767	-	hypothetical protein	hypothetical protein	TH2	HKNPDCAD_03890	HKNPDCAD_03890	
TH2_HKNPDCAD_03891	TH2_contig_2	3510448	3511281	834	+	hypothetical protein	hypothetical protein	TH2	HKNPDCAD_03891	HKNPDCAD_03891	
TH2_HKNPDCAD_03892	TH2_contig_2	3511298	3512356	1059	+	hypothetical protein	hypothetical protein	TH2	HKNPDCAD_03892	HKNPDCAD_03892	
TH2_HKNPDCAD_03893	TH2_contig_2	3512360	3513010	651	+	hypothetical protein	hypothetical protein	TH2	HKNPDCAD_03893	HKNPDCAD_03893	
TH2_HKNPDCAD_03894	TH2_contig_2	3513106	3513591	486	+	hypothetical protein	hypothetical protein	TH2	HKNPDCAD_03894	HKNPDCAD_03894	
TH2_HKNPDCAD_03895	TH2_contig_2	3513588	3514019	432	+	hypothetical protein	hypothetical protein	TH2	HKNPDCAD_03895	HKNPDCAD_03895	
TH2_HKNPDCAD_03896	TH2_contig_2	3513852	3514328	477	-	hypothetical protein	hypothetical protein	TH2	HKNPDCAD_03896	HKNPDCAD_03896	
TH2_HKNPDCAD_03897	TH2_contig_2	3514488	3515345	858	-	hypothetical protein	hypothetical protein	TH2	HKNPDCAD_03897	HKNPDCAD_03897	
TH2_HKNPDCAD_03898	TH2_contig_2	3515332	3516231	900	-	hypothetical protein	hypothetical protein	TH2	HKNPDCAD_03898	HKNPDCAD_03898	
TH2_HKNPDCAD_03899	TH2_contig_2	3516315	3516587	273	-	hypothetical protein	hypothetical protein	TH2	HKNPDCAD_03899	HKNPDCAD_03899	
TH2_HKNPDCAD_03900	TH2_contig_2	3516682	3517278	597	+	hypothetical protein	hypothetical protein	TH2	HKNPDCAD_03900	HKNPDCAD_03900	
TH2_HKNPDCAD_03901	TH2_contig_2	3517275	3517634	360	+	hypothetical protein	hypothetical protein	TH2	HKNPDCAD_03901	HKNPDCAD_03901	
TH2_HKNPDCAD_03902	TH2_contig_2	3517621	3518529	909	+	hypothetical protein	hypothetical protein	TH2	HKNPDCAD_03902	HKNPDCAD_03902	
TH2_HKNPDCAD_03903	TH2_contig_2	3518522	3519127	606	+	hypothetical protein	hypothetical protein	TH2	HKNPDCAD_03903	HKNPDCAD_03903	
TH2_HKNPDCAD_03904	TH2_contig_2	3519124	3520290	1167	+	hypothetical protein	hypothetical protein	TH2	HKNPDCAD_03904	HKNPDCAD_03904	
TH2_HKNPDCAD_03905	TH2_contig_2	3520716	3520973	258	+	tfaE_2	Prophage tail fiber assembly protein TfaE	TH2	HKNPDCAD_03905	HKNPDCAD_03905	
TH2_HKNPDCAD_03906	TH2_contig_2	3520945	3521364	420	-	hypothetical protein	hypothetical protein	TH2	HKNPDCAD_03906	HKNPDCAD_03906	
TH2_HKNPDCAD_03907	TH2_contig_2	3521787	3522353	567	+	hin_1	DNA-invertase hin	TH2	HKNPDCAD_03907	HKNPDCAD_03907	
TH2_HKNPDCAD_03908	TH2_contig_2	3522496	3523239	744	+	gpFI	Putative prophage major tail sheath protein	TH2	HKNPDCAD_03908	HKNPDCAD_03908	
TH2_HKNPDCAD_03909	TH2_contig_2	3523236	3525242	2007	+	hypothetical protein	hypothetical protein	TH2	HKNPDCAD_03909	HKNPDCAD_03909	
TH2_HKNPDCAD_03910	TH2_contig_2	3525190	3525477	288	+	hypothetical protein	hypothetical protein	TH2	HKNPDCAD_03910	HKNPDCAD_03910	
TH2_HKNPDCAD_03911	TH2_contig_2	3525474	3526574	1101	+	hypothetical protein	hypothetical protein	TH2	HKNPDCAD_03911	HKNPDCAD_03911	
TH2_HKNPDCAD_03912	TH2_contig_2	3526665	3526883	219	+	hypothetical protein	hypothetical protein	TH2	HKNPDCAD_03912	HKNPDCAD_03912	
TH2_HKNPDCAD_03913	TH2_contig_2	3527119	3528525	1407	-	aspT_2	Aspartate/alanine antiporter	TH2	HKNPDCAD_03913	HKNPDCAD_03913	
TH2_HKNPDCAD_03914	TH2_contig_2	3528470	3528802	333	-	ybjL	Putative transport protein YbjL	TH2	HKNPDCAD_03914	HKNPDCAD_03914	
TH2_HKNPDCAD_03915	TH2_contig_2	3529072	3529449	378	+	ybjM	Inner membrane protein YbjM	TH2	HKNPDCAD_03915	HKNPDCAD_03915	
TH2_HKNPDCAD_03916	TH2_contig_2	3529479	3529736	258	-	grxA	Glutaredoxin 1	TH2	HKNPDCAD_03916	HKNPDCAD_03916	
TH2_HKNPDCAD_03917	TH2_contig_2	3529896	3530183	288	+	hypothetical protein	hypothetical protein	TH2	HKNPDCAD_03917	HKNPDCAD_03917	
TH2_HKNPDCAD_03918	TH2_contig_2	3530167	3530349	183	+	hypothetical protein	hypothetical protein	TH2	HKNPDCAD_03918	HKNPDCAD_03918	
TH2_HKNPDCAD_03919	TH2_contig_2	3530292	3530888	597	+	nfsA	Oxygen-insensitive NADPH nitroreductase	TH2	HKNPDCAD_03919	HKNPDCAD_03919	
TH2_HKNPDCAD_03920	TH2_contig_2	3530949	3531851	903	+	rimK	Ribosomal protein S6--L-glutamate ligase	TH2	HKNPDCAD_03920	HKNPDCAD_03920	
TH2_HKNPDCAD_03921	TH2_contig_2	3532046	3532414	369	+	ybjN	putative protein YbjN	TH2	HKNPDCAD_03921	HKNPDCAD_03921	
TH2_HKNPDCAD_03922	TH2_contig_2	3532765	3533877	1113	+	potF	Putrescine-binding periplasmic protein	TH2	HKNPDCAD_03922	HKNPDCAD_03922	
TH2_HKNPDCAD_03923	TH2_contig_2	3533972	3535105	1134	+	potA_1	Spermidine/putrescine import ATP-binding protein PotA	TH2	HKNPDCAD_03923	HKNPDCAD_03923	
TH2_HKNPDCAD_03924	TH2_contig_2	3535115	3536068	954	+	potH	Putrescine transport system permease protein PotH	TH2	HKNPDCAD_03924	HKNPDCAD_03924	
TH2_HKNPDCAD_03925	TH2_contig_2	3536065	3536910	846	+	ydcV_1	Inner membrane ABC transporter permease protein YdcV	TH2	HKNPDCAD_03925	HKNPDCAD_03925	
TH2_HKNPDCAD_03926	TH2_contig_2	3536970	3537458	489	+	ybjO	Inner membrane protein YbjO	TH2	HKNPDCAD_03926	HKNPDCAD_03926	
TH2_HKNPDCAD_03927	TH2_contig_2	3537499	3538272	774	+	rlmC_1	23S rRNA (uracil(747)-C(5))-methyltransferase RlmC	TH2	HKNPDCAD_03927	HKNPDCAD_03927	
TH2_HKNPDCAD_03928	TH2_contig_2	3538263	3538625	363	+	rlmC_2	23S rRNA (uracil(747)-C(5))-methyltransferase RlmC	TH2	HKNPDCAD_03928	HKNPDCAD_03928	
TH2_HKNPDCAD_03929	TH2_contig_2	3538824	3539555	732	-	artJ	ABC transporter arginine-binding protein 1	TH2	HKNPDCAD_03929	HKNPDCAD_03929	
TH2_HKNPDCAD_03930	TH2_contig_2	3539708	3539845	138	-	hypothetical protein	hypothetical protein	TH2	HKNPDCAD_03930	HKNPDCAD_03930	
TH2_HKNPDCAD_03931	TH2_contig_2	3539845	3540513	669	-	artM_1	Arginine ABC transporter permease protein ArtM	TH2	HKNPDCAD_03931	HKNPDCAD_03931	
TH2_HKNPDCAD_03932	TH2_contig_2	3540513	3541229	717	-	artQ	Arginine ABC transporter permease protein ArtQ	TH2	HKNPDCAD_03932	HKNPDCAD_03932	
TH2_HKNPDCAD_03933	TH2_contig_2	3541236	3541967	732	-	artI	Putative ABC transporter arginine-binding protein 2	TH2	HKNPDCAD_03933	HKNPDCAD_03933	
TH2_HKNPDCAD_03934	TH2_contig_2	3541985	3542713	729	-	artP	Arginine transport ATP-binding protein ArtP	TH2	HKNPDCAD_03934	HKNPDCAD_03934	
TH2_HKNPDCAD_03935	TH2_contig_2	3542931	3543317	387	-	ybjP_1	putative lipoprotein YbjP	TH2	HKNPDCAD_03935	HKNPDCAD_03935	
TH2_HKNPDCAD_03936	TH2_contig_2	3543322	3543444	123	-	ybjP_2	putative lipoprotein YbjP	TH2	HKNPDCAD_03936	HKNPDCAD_03936	
TH2_HKNPDCAD_03937	TH2_contig_2	3543570	3543893	324	+	hypothetical protein	hypothetical protein	TH2	HKNPDCAD_03937	HKNPDCAD_03937	
TH2_HKNPDCAD_03938	TH2_contig_2	3543890	3544720	831	+	amiD	N-acetylmuramoyl-L-alanine amidase AmiD	TH2	HKNPDCAD_03938	HKNPDCAD_03938	
TH2_HKNPDCAD_03939	TH2_contig_2	3544717	3545730	1014	-	oleD	2-alkyl-3-oxoalkanoate reductase	TH2	HKNPDCAD_03939	HKNPDCAD_03939	
TH2_HKNPDCAD_03940	TH2_contig_2	3545829	3547259	1431	-	hypothetical protein	hypothetical protein	TH2	HKNPDCAD_03940	HKNPDCAD_03940	
TH2_HKNPDCAD_03941	TH2_contig_2	3547270	3548271	1002	-	ltaE	Low specificity L-threonine aldolase	TH2	HKNPDCAD_03941	HKNPDCAD_03941	
TH2_HKNPDCAD_03942	TH2_contig_2	3548308	3550026	1719	-	poxB	Pyruvate dehydrogenase [ubiquinone]	TH2	HKNPDCAD_03942	HKNPDCAD_03942	
TH2_HKNPDCAD_03943	TH2_contig_2	3550159	3551127	969	-	hcr	NADH oxidoreductase HCR	TH2	HKNPDCAD_03943	HKNPDCAD_03943	
TH2_HKNPDCAD_03944	TH2_contig_2	3551139	3552791	1653	-	hcp	Hydroxylamine reductase	TH2	HKNPDCAD_03944	HKNPDCAD_03944	
TH2_HKNPDCAD_03945	TH2_contig_2	3552935	3553834	900	-	lysO	Lysine exporter LysO	TH2	HKNPDCAD_03945	HKNPDCAD_03945	
TH2_HKNPDCAD_03946	TH2_contig_2	3554328	3555023	696	-	aqpZ	Aquaporin Z	TH2	HKNPDCAD_03946	HKNPDCAD_03946	
TH2_HKNPDCAD_03947	TH2_contig_2	3555448	3556143	696	+	hypothetical protein	hypothetical protein	TH2	HKNPDCAD_03947	HKNPDCAD_03947	
TH2_HKNPDCAD_03948	TH2_contig_2	3556143	3557138	996	+	hypothetical protein	hypothetical protein	TH2	HKNPDCAD_03948	HKNPDCAD_03948	
TH2_HKNPDCAD_03949	TH2_contig_2	3557101	3558093	993	-	hypothetical protein	hypothetical protein	TH2	HKNPDCAD_03949	HKNPDCAD_03949	
TH2_HKNPDCAD_03950	TH2_contig_2	3558208	3559323	1116	+	macA	Macrolide export protein MacA	TH2	HKNPDCAD_03950	HKNPDCAD_03950	
TH2_HKNPDCAD_03951	TH2_contig_2	3559320	3561266	1947	+	macB	Macrolide export ATP-binding/permease protein MacB	TH2	HKNPDCAD_03951	HKNPDCAD_03951	
TH2_HKNPDCAD_03952	TH2_contig_2	3561339	3561563	225	-	cspD	Cold shock-like protein CspD	TH2	HKNPDCAD_03952	HKNPDCAD_03952	
TH2_HKNPDCAD_03953	TH2_contig_2	3561885	3562265	381	+	clpS	ATP-dependent Clp protease adapter protein ClpS	TH2	HKNPDCAD_03953	HKNPDCAD_03953	
TH2_HKNPDCAD_03954	TH2_contig_2	3562235	3564511	2277	+	clpA	ATP-dependent Clp protease ATP-binding subunit ClpA	TH2	HKNPDCAD_03954	HKNPDCAD_03954	
TH2_HKNPDCAD_03956	TH2_contig_2	3565252	3565470	219	-	infA	Translation initiation factor IF-1	TH2	HKNPDCAD_03956	HKNPDCAD_03956	
TH2_HKNPDCAD_03957	TH2_contig_2	3565755	3566459	705	-	aat	Leucyl/phenylalanyl-tRNA--protein transferase	TH2	HKNPDCAD_03957	HKNPDCAD_03957	
TH2_HKNPDCAD_03958	TH2_contig_2	3566501	3567868	1368	-	msbA_1	Lipid A export ATP-binding/permease protein MsbA	TH2	HKNPDCAD_03958	HKNPDCAD_03958	
TH2_HKNPDCAD_03959	TH2_contig_2	3567840	3568220	381	-	hypothetical protein	hypothetical protein	TH2	HKNPDCAD_03959	HKNPDCAD_03959	
TH2_HKNPDCAD_03960	TH2_contig_2	3568221	3569987	1767	-	cydD	ATP-binding/permease protein CydD	TH2	HKNPDCAD_03960	HKNPDCAD_03960	
TH2_HKNPDCAD_03961	TH2_contig_2	3570109	3571074	966	-	trxB	Thioredoxin reductase	TH2	HKNPDCAD_03961	HKNPDCAD_03961	
TH2_HKNPDCAD_03962	TH2_contig_2	3571618	3572112	495	+	lrp	Leucine-responsive regulatory protein	TH2	HKNPDCAD_03962	HKNPDCAD_03962	
TH2_HKNPDCAD_03963	TH2_contig_2	3572247	3575624	3378	+	ftsK_1	DNA translocase FtsK	TH2	HKNPDCAD_03963	HKNPDCAD_03963	
TH2_HKNPDCAD_03964	TH2_contig_2	3575624	3576235	612	+	ftsK_2	DNA translocase FtsK	TH2	HKNPDCAD_03964	HKNPDCAD_03964	
TH2_HKNPDCAD_03965	TH2_contig_2	3576390	3577001	612	+	lolA	Outer-membrane lipoprotein carrier protein	TH2	HKNPDCAD_03965	HKNPDCAD_03965	
TH2_HKNPDCAD_03966	TH2_contig_2	3577012	3578355	1344	+	rarA	Replication-associated recombination protein A	TH2	HKNPDCAD_03966	HKNPDCAD_03966	
TH2_HKNPDCAD_03967	TH2_contig_2	3578446	3579738	1293	+	serS	Serine--tRNA ligase	TH2	HKNPDCAD_03967	HKNPDCAD_03967	
TH2_HKNPDCAD_03968	TH2_contig_2	3579977	3582421	2445	+	dmsA	Dimethyl sulfoxide reductase DmsA	TH2	HKNPDCAD_03968	HKNPDCAD_03968	
TH2_HKNPDCAD_03969	TH2_contig_2	3582432	3583049	618	+	dmsB_1	Anaerobic dimethyl sulfoxide reductase chain B	TH2	HKNPDCAD_03969	HKNPDCAD_03969	
TH2_HKNPDCAD_03970	TH2_contig_2	3583051	3583914	864	+	dmsC_1	Anaerobic dimethyl sulfoxide reductase chain C	TH2	HKNPDCAD_03970	HKNPDCAD_03970	
TH2_HKNPDCAD_03971	TH2_contig_2	3583949	3584575	627	-	ycaC	putative hydrolase YcaC	TH2	HKNPDCAD_03971	HKNPDCAD_03971	
TH2_HKNPDCAD_03972	TH2_contig_2	3584889	3586037	1149	+	ycaD	putative MFS-type transporter YcaD	TH2	HKNPDCAD_03972	HKNPDCAD_03972	
TH2_HKNPDCAD_03973	TH2_contig_2	3586246	3587676	1431	+	ycaM	Inner membrane transporter YcaM	TH2	HKNPDCAD_03973	HKNPDCAD_03973	
TH2_HKNPDCAD_03974	TH2_contig_2	3587677	3588585	909	-	pgrR_1	HTH-type transcriptional regulator PgrR	TH2	HKNPDCAD_03974	HKNPDCAD_03974	
TH2_HKNPDCAD_03975	TH2_contig_2	3588685	3589275	591	+	azoR_1	FMN-dependent NADH-azoreductase	TH2	HKNPDCAD_03975	HKNPDCAD_03975	
TH2_HKNPDCAD_03976	TH2_contig_2	3589357	3590097	741	-	pflA	Pyruvate formate-lyase 1-activating enzyme	TH2	HKNPDCAD_03976	HKNPDCAD_03976	
TH2_HKNPDCAD_03977	TH2_contig_2	3590289	3590663	375	-	pflB_1	Formate acetyltransferase 1	TH2	HKNPDCAD_03977	HKNPDCAD_03977	
TH2_HKNPDCAD_03978	TH2_contig_2	3590633	3592570	1938	-	pflB_2	Formate acetyltransferase 1	TH2	HKNPDCAD_03978	HKNPDCAD_03978	
TH2_HKNPDCAD_03979	TH2_contig_2	3592625	3593482	858	-	focA	putative formate transporter 1	TH2	HKNPDCAD_03979	HKNPDCAD_03979	
TH2_HKNPDCAD_03980	TH2_contig_2	3593888	3595648	1761	-	ycaO	Ribosomal protein S12 methylthiotransferase accessory factor YcaO	TH2	HKNPDCAD_03980	HKNPDCAD_03980	
TH2_HKNPDCAD_03981	TH2_contig_2	3595778	3596470	693	+	hypothetical protein	hypothetical protein	TH2	HKNPDCAD_03981	HKNPDCAD_03981	
TH2_HKNPDCAD_03982	TH2_contig_2	3596669	3597757	1089	+	serC	Phosphoserine aminotransferase	TH2	HKNPDCAD_03982	HKNPDCAD_03982	
TH2_HKNPDCAD_03983	TH2_contig_2	3597828	3599111	1284	+	aroA	3-phosphoshikimate 1-carboxyvinyltransferase	TH2	HKNPDCAD_03983	HKNPDCAD_03983	
TH2_HKNPDCAD_03984	TH2_contig_2	3599279	3600043	765	+	ycaL	Metalloprotease YcaL	TH2	HKNPDCAD_03984	HKNPDCAD_03984	
TH2_HKNPDCAD_03985	TH2_contig_2	3600216	3600899	684	+	cmk	Cytidylate kinase	TH2	HKNPDCAD_03985	HKNPDCAD_03985	
TH2_HKNPDCAD_03986	TH2_contig_2	3601010	3602683	1674	+	rpsA	30S ribosomal protein S1	TH2	HKNPDCAD_03986	HKNPDCAD_03986	
TH2_HKNPDCAD_03987	TH2_contig_2	3602843	3603127	285	+	ihfB	Integration host factor subunit beta	TH2	HKNPDCAD_03987	HKNPDCAD_03987	
TH2_HKNPDCAD_03988	TH2_contig_2	3603335	3604117	783	+	hypothetical protein	hypothetical protein	TH2	HKNPDCAD_03988	HKNPDCAD_03988	
TH2_HKNPDCAD_03989	TH2_contig_2	3604162	3605598	1437	+	comEC	ComE operon protein 3	TH2	HKNPDCAD_03989	HKNPDCAD_03989	
TH2_HKNPDCAD_03990	TH2_contig_2	3605635	3607383	1749	+	msbA_2	Lipid A export ATP-binding/permease protein MsbA	TH2	HKNPDCAD_03990	HKNPDCAD_03990	
TH2_HKNPDCAD_03991	TH2_contig_2	3607380	3608366	987	+	lpxK	Tetraacyldisaccharide 4'-kinase	TH2	HKNPDCAD_03991	HKNPDCAD_03991	
TH2_HKNPDCAD_03992	TH2_contig_2	3608403	3609635	1233	+	hypothetical protein	hypothetical protein	TH2	HKNPDCAD_03992	HKNPDCAD_03992	
TH2_HKNPDCAD_03993	TH2_contig_2	3609687	3609869	183	+	hypothetical protein	hypothetical protein	TH2	HKNPDCAD_03993	HKNPDCAD_03993	
TH2_HKNPDCAD_03994	TH2_contig_2	3609866	3610612	747	+	kdsB	3-deoxy-manno-octulosonate cytidylyltransferase	TH2	HKNPDCAD_03994	HKNPDCAD_03994	
TH2_HKNPDCAD_03995	TH2_contig_2	3610766	3611659	894	+	hypothetical protein	hypothetical protein	TH2	HKNPDCAD_03995	HKNPDCAD_03995	
TH2_HKNPDCAD_03996	TH2_contig_2	3611636	3612259	624	-	hypothetical protein	hypothetical protein	TH2	HKNPDCAD_03996	HKNPDCAD_03996	
TH2_HKNPDCAD_03997	TH2_contig_2	3612256	3612414	159	-	hypothetical protein	hypothetical protein	TH2	HKNPDCAD_03997	HKNPDCAD_03997	
TH2_HKNPDCAD_03998	TH2_contig_2	3612550	3613335	786	+	cmoM	tRNA 5-carboxymethoxyuridine methyltransferase	TH2	HKNPDCAD_03998	HKNPDCAD_03998	
TH2_HKNPDCAD_03999	TH2_contig_2	3613332	3614654	1323	+	mukF	Chromosome partition protein MukF	TH2	HKNPDCAD_03999	HKNPDCAD_03999	
TH2_HKNPDCAD_04000	TH2_contig_2	3614635	3615339	705	+	mukE	Chromosome partition protein MukE	TH2	HKNPDCAD_04000	HKNPDCAD_04000	
TH2_HKNPDCAD_04001	TH2_contig_2	3615339	3619799	4461	+	mukB	Chromosome partition protein MukB	TH2	HKNPDCAD_04001	HKNPDCAD_04001	
TH2_HKNPDCAD_04002	TH2_contig_2	3620059	3620907	849	+	ycbB_1	putative L,D-transpeptidase YcbB	TH2	HKNPDCAD_04002	HKNPDCAD_04002	
TH2_HKNPDCAD_04003	TH2_contig_2	3620952	3621101	150	+	hypothetical protein	hypothetical protein	TH2	HKNPDCAD_04003	HKNPDCAD_04003	
TH2_HKNPDCAD_04004	TH2_contig_2	3621047	3621904	858	+	ycbB_2	putative L,D-transpeptidase YcbB	TH2	HKNPDCAD_04004	HKNPDCAD_04004	
TH2_HKNPDCAD_04005	TH2_contig_2	3622085	3622633	549	+	hypothetical protein	hypothetical protein	TH2	HKNPDCAD_04005	HKNPDCAD_04005	
TH2_HKNPDCAD_04006	TH2_contig_2	3622660	3623307	648	+	gloC	Hydroxyacylglutathione hydrolase GloC	TH2	HKNPDCAD_04006	HKNPDCAD_04006	
TH2_HKNPDCAD_04007	TH2_contig_2	3623529	3624347	819	-	aspC_1	Aspartate aminotransferase	TH2	HKNPDCAD_04007	HKNPDCAD_04007	
TH2_HKNPDCAD_04008	TH2_contig_2	3624392	3624718	327	-	aspC_2	Aspartate aminotransferase	TH2	HKNPDCAD_04008	HKNPDCAD_04008	
TH2_HKNPDCAD_04009	TH2_contig_2	3624903	3625991	1089	-	ompF	Outer membrane porin F	TH2	HKNPDCAD_04009	HKNPDCAD_04009	
TH2_HKNPDCAD_04010	TH2_contig_2	3626593	3627993	1401	-	asnS	Asparagine--tRNA ligase	TH2	HKNPDCAD_04010	HKNPDCAD_04010	
TH2_HKNPDCAD_04011	TH2_contig_2	3628161	3629363	1203	-	pncB	Nicotinate phosphoribosyltransferase	TH2	HKNPDCAD_04011	HKNPDCAD_04011	
TH2_HKNPDCAD_04012	TH2_contig_2	3629629	3632241	2613	+	pepN	Aminopeptidase N	TH2	HKNPDCAD_04012	HKNPDCAD_04012	
TH2_HKNPDCAD_04013	TH2_contig_2	3632284	3633051	768	-	ssuB	Aliphatic sulfonates import ATP-binding protein SsuB	TH2	HKNPDCAD_04013	HKNPDCAD_04013	
TH2_HKNPDCAD_04014	TH2_contig_2	3633048	3634994	1947	-	ssuD	Alkanesulfonate monooxygenase	TH2	HKNPDCAD_04014	HKNPDCAD_04014	
TH2_HKNPDCAD_04015	TH2_contig_2	3634991	3635950	960	-	ssuA	Putative aliphatic sulfonates-binding protein	TH2	HKNPDCAD_04015	HKNPDCAD_04015	
TH2_HKNPDCAD_04016	TH2_contig_2	3635943	3636518	576	-	ssuE	FMN reductase (NADPH)	TH2	HKNPDCAD_04016	HKNPDCAD_04016	
TH2_HKNPDCAD_04017	TH2_contig_2	3636874	3637413	540	+	elfA	Fimbrial subunit ElfA	TH2	HKNPDCAD_04017	HKNPDCAD_04017	
TH2_HKNPDCAD_04018	TH2_contig_2	3637496	3638197	702	+	elfD	putative fimbrial chaperone protein ElfD	TH2	HKNPDCAD_04018	HKNPDCAD_04018	
TH2_HKNPDCAD_04019	TH2_contig_2	3638222	3638824	603	+	elfC_1	putative outer membrane usher protein ElfC	TH2	HKNPDCAD_04019	HKNPDCAD_04019	
TH2_HKNPDCAD_04020	TH2_contig_2	3638860	3640041	1182	+	elfC_2	putative outer membrane usher protein ElfC	TH2	HKNPDCAD_04020	HKNPDCAD_04020	
TH2_HKNPDCAD_04021	TH2_contig_2	3640038	3640820	783	+	elfC_3	putative outer membrane usher protein ElfC	TH2	HKNPDCAD_04021	HKNPDCAD_04021	
TH2_HKNPDCAD_04022	TH2_contig_2	3640811	3641269	459	+	elfG_1	putative fimbrial-like protein ElfG	TH2	HKNPDCAD_04022	HKNPDCAD_04022	
TH2_HKNPDCAD_04023	TH2_contig_2	3641353	3641880	528	+	elfG_2	putative fimbrial-like protein ElfG	TH2	HKNPDCAD_04023	HKNPDCAD_04023	
TH2_HKNPDCAD_04024	TH2_contig_2	3641892	3642434	543	+	ycbU	putative fimbrial-like protein YcbU	TH2	HKNPDCAD_04024	HKNPDCAD_04024	
TH2_HKNPDCAD_04025	TH2_contig_2	3642394	3642957	564	+	ycbV	putative fimbrial-like protein YcbV	TH2	HKNPDCAD_04025	HKNPDCAD_04025	
TH2_HKNPDCAD_04026	TH2_contig_2	3643173	3643658	486	+	ycbF	putative fimbrial chaperone YcbF	TH2	HKNPDCAD_04026	HKNPDCAD_04026	
TH2_HKNPDCAD_04027	TH2_contig_2	3643768	3644778	1011	+	pyrD	Dihydroorotate dehydrogenase (quinone)	TH2	HKNPDCAD_04027	HKNPDCAD_04027	
TH2_HKNPDCAD_04028	TH2_contig_2	3644952	3645494	543	+	zapC	Cell division protein ZapC	TH2	HKNPDCAD_04028	HKNPDCAD_04028	
TH2_HKNPDCAD_04029	TH2_contig_2	3645491	3646600	1110	-	ycbX	putative protein YcbX	TH2	HKNPDCAD_04029	HKNPDCAD_04029	
TH2_HKNPDCAD_04030	TH2_contig_2	3646844	3648952	2109	+	rlmL	Ribosomal RNA large subunit methyltransferase K/L	TH2	HKNPDCAD_04030	HKNPDCAD_04030	
TH2_HKNPDCAD_04031	TH2_contig_2	3648964	3650871	1908	+	uup	ABC transporter ATP-binding protein uup	TH2	HKNPDCAD_04031	HKNPDCAD_04031	
TH2_HKNPDCAD_04032	TH2_contig_2	3651001	3652254	1254	+	pqiA	Intermembrane transport protein PqiA	TH2	HKNPDCAD_04032	HKNPDCAD_04032	
TH2_HKNPDCAD_04033	TH2_contig_2	3652259	3653899	1641	+	pqiB	Intermembrane transport protein PqiB	TH2	HKNPDCAD_04033	HKNPDCAD_04033	
TH2_HKNPDCAD_04034	TH2_contig_2	3653896	3654459	564	+	pqiC	Intermembrane transport lipoprotein PqiC	TH2	HKNPDCAD_04034	HKNPDCAD_04034	
TH2_HKNPDCAD_04035	TH2_contig_2	3654715	3654882	168	+	rmf	Ribosome modulation factor	TH2	HKNPDCAD_04035	HKNPDCAD_04035	
TH2_HKNPDCAD_04036	TH2_contig_2	3654952	3655578	627	-	fabA	3-hydroxydecanoyl-[acyl-carrier-protein] dehydratase	TH2	HKNPDCAD_04036	HKNPDCAD_04036	
TH2_HKNPDCAD_04037	TH2_contig_2	3655539	3657299	1761	-	lon_3	Lon protease	TH2	HKNPDCAD_04037	HKNPDCAD_04037	
TH2_HKNPDCAD_04038	TH2_contig_2	3657485	3657937	453	+	matP	Macrodomain Ter protein	TH2	HKNPDCAD_04038	HKNPDCAD_04038	
TH2_HKNPDCAD_04039	TH2_contig_2	3658012	3659064	1053	-	ompA	Outer membrane protein A	TH2	HKNPDCAD_04039	HKNPDCAD_04039	
TH2_HKNPDCAD_04040	TH2_contig_2	3659418	3659927	510	-	sulA	Cell division inhibitor SulA	TH2	HKNPDCAD_04040	HKNPDCAD_04040	
TH2_HKNPDCAD_04041	TH2_contig_2	3660146	3660775	630	+	sxy	Protein Sxy	TH2	HKNPDCAD_04041	HKNPDCAD_04041	
TH2_HKNPDCAD_04042	TH2_contig_2	3661001	3662899	1899	-	yccS	Inner membrane protein YccS	TH2	HKNPDCAD_04042	HKNPDCAD_04042	
TH2_HKNPDCAD_04043	TH2_contig_2	3662909	3663355	447	-	yccF	Inner membrane protein YccF	TH2	HKNPDCAD_04043	HKNPDCAD_04043	
TH2_HKNPDCAD_04044	TH2_contig_2	3663478	3665532	2055	+	helD	DNA helicase IV	TH2	HKNPDCAD_04044	HKNPDCAD_04044	
TH2_HKNPDCAD_04045	TH2_contig_2	3665564	3665794	231	-	mgsA_1	Methylglyoxal synthase	TH2	HKNPDCAD_04045	HKNPDCAD_04045	
TH2_HKNPDCAD_04046	TH2_contig_2	3665791	3666021	231	-	mgsA_2	Methylglyoxal synthase	TH2	HKNPDCAD_04046	HKNPDCAD_04046	
TH2_HKNPDCAD_04047	TH2_contig_2	3666117	3666779	663	-	hypothetical protein	hypothetical protein	TH2	HKNPDCAD_04047	HKNPDCAD_04047	
TH2_HKNPDCAD_04048	TH2_contig_2	3666952	3667365	414	+	yccU	putative protein YccU	TH2	HKNPDCAD_04048	HKNPDCAD_04048	
TH2_HKNPDCAD_04049	TH2_contig_2	3667409	3667726	318	-	hspQ	Heat shock protein HspQ	TH2	HKNPDCAD_04049	HKNPDCAD_04049	
TH2_HKNPDCAD_04050	TH2_contig_2	3667783	3668727	945	-	rlmI	Ribosomal RNA large subunit methyltransferase I	TH2	HKNPDCAD_04050	HKNPDCAD_04050	
TH2_HKNPDCAD_04051	TH2_contig_2	3669067	3669345	279	+	yccX	Acylphosphatase	TH2	HKNPDCAD_04051	HKNPDCAD_04051	
TH2_HKNPDCAD_04052	TH2_contig_2	3669342	3669671	330	-	tusE	Sulfurtransferase TusE	TH2	HKNPDCAD_04052	HKNPDCAD_04052	
TH2_HKNPDCAD_04053	TH2_contig_2	3669762	3670421	660	-	yccA	Modulator of FtsH protease YccA	TH2	HKNPDCAD_04053	HKNPDCAD_04053	
TH2_HKNPDCAD_04055	TH2_contig_2	3671142	3672260	1119	+	hyaA	Hydrogenase-1 small chain	TH2	HKNPDCAD_04055	HKNPDCAD_04055	
TH2_HKNPDCAD_04056	TH2_contig_2	3672257	3674050	1794	+	hyaB	Hydrogenase-1 large chain	TH2	HKNPDCAD_04056	HKNPDCAD_04056	
TH2_HKNPDCAD_04057	TH2_contig_2	3674069	3674776	708	+	hyaC	putative Ni/Fe-hydrogenase 1 B-type cytochrome subunit	TH2	HKNPDCAD_04057	HKNPDCAD_04057	
TH2_HKNPDCAD_04058	TH2_contig_2	3674773	3675360	588	+	hyaD	Hydrogenase 1 maturation protease	TH2	HKNPDCAD_04058	HKNPDCAD_04058	
TH2_HKNPDCAD_04059	TH2_contig_2	3675357	3675755	399	+	hyaE	Hydrogenase-1 operon protein HyaE	TH2	HKNPDCAD_04059	HKNPDCAD_04059	
TH2_HKNPDCAD_04060	TH2_contig_2	3675752	3676609	858	+	hypothetical protein	hypothetical protein	TH2	HKNPDCAD_04060	HKNPDCAD_04060	
TH2_HKNPDCAD_04061	TH2_contig_2	3676743	3678287	1545	+	appC	Cytochrome bd-II ubiquinol oxidase subunit 1	TH2	HKNPDCAD_04061	HKNPDCAD_04061	
TH2_HKNPDCAD_04062	TH2_contig_2	3678299	3679435	1137	+	appB	Cytochrome bd-II ubiquinol oxidase subunit 2	TH2	HKNPDCAD_04062	HKNPDCAD_04062	
TH2_HKNPDCAD_04063	TH2_contig_2	3679448	3679540	93	+	appX	Putative cytochrome bd-II ubiquinol oxidase subunit AppX	TH2	HKNPDCAD_04063	HKNPDCAD_04063	
TH2_HKNPDCAD_04064	TH2_contig_2	3679620	3680918	1299	+	appA	Periplasmic AppA protein	TH2	HKNPDCAD_04064	HKNPDCAD_04064	
TH2_HKNPDCAD_04065	TH2_contig_2	3681033	3683213	2181	-	etk	Tyrosine-protein kinase etk	TH2	HKNPDCAD_04065	HKNPDCAD_04065	
TH2_HKNPDCAD_04066	TH2_contig_2	3683233	3683679	447	-	etp	Low molecular weight protein-tyrosine-phosphatase Etp	TH2	HKNPDCAD_04066	HKNPDCAD_04066	
TH2_HKNPDCAD_04067	TH2_contig_2	3683667	3684806	1140	-	hypothetical protein	hypothetical protein	TH2	HKNPDCAD_04067	HKNPDCAD_04067	
TH2_HKNPDCAD_04068	TH2_contig_2	3684852	3686948	2097	-	hypothetical protein	hypothetical protein	TH2	HKNPDCAD_04068	HKNPDCAD_04068	
TH2_HKNPDCAD_04069	TH2_contig_2	3686948	3687694	747	-	hypothetical protein	hypothetical protein	TH2	HKNPDCAD_04069	HKNPDCAD_04069	
TH2_HKNPDCAD_04070	TH2_contig_2	3687691	3688335	645	-	gfcB_2	putative lipoprotein GfcB	TH2	HKNPDCAD_04070	HKNPDCAD_04070	
TH2_HKNPDCAD_04071	TH2_contig_2	3688442	3688747	306	-	gfcA	Threonine-rich inner membrane protein GfcA	TH2	HKNPDCAD_04071	HKNPDCAD_04071	
TH2_HKNPDCAD_04072	TH2_contig_2	3689189	3689401	213	-	cspG_1	Cold shock-like protein CspG	TH2	HKNPDCAD_04072	HKNPDCAD_04072	
TH2_HKNPDCAD_04073	TH2_contig_2	3689687	3689899	213	+	cspG_2	Cold shock-like protein CspG	TH2	HKNPDCAD_04073	HKNPDCAD_04073	
TH2_HKNPDCAD_04074	TH2_contig_2	3690293	3690466	174	+	gnsA_1	Protein GnsA	TH2	HKNPDCAD_04074	HKNPDCAD_04074	
TH2_HKNPDCAD_04075	TH2_contig_2	3690515	3691075	561	-	yccM_1	Putative electron transport protein YccM	TH2	HKNPDCAD_04075	HKNPDCAD_04075	
TH2_HKNPDCAD_04076	TH2_contig_2	3691075	3691464	390	-	yccM_2	Putative electron transport protein YccM	TH2	HKNPDCAD_04076	HKNPDCAD_04076	
TH2_HKNPDCAD_04077	TH2_contig_2	3691669	3694356	2688	-	torS	Sensor protein TorS	TH2	HKNPDCAD_04077	HKNPDCAD_04077	
TH2_HKNPDCAD_04078	TH2_contig_2	3694484	3695548	1065	+	torT	Periplasmic protein TorT	TH2	HKNPDCAD_04078	HKNPDCAD_04078	
TH2_HKNPDCAD_04079	TH2_contig_2	3695484	3696176	693	-	torR	TorCAD operon transcriptional regulatory protein TorR	TH2	HKNPDCAD_04079	HKNPDCAD_04079	
TH2_HKNPDCAD_04080	TH2_contig_2	3696316	3697488	1173	+	torC	Cytochrome c-type protein TorC	TH2	HKNPDCAD_04080	HKNPDCAD_04080	
TH2_HKNPDCAD_04081	TH2_contig_2	3697488	3697685	198	+	torA_1	Trimethylamine-N-oxide reductase 1	TH2	HKNPDCAD_04081	HKNPDCAD_04081	
TH2_HKNPDCAD_04082	TH2_contig_2	3697700	3699016	1317	+	torA_2	Trimethylamine-N-oxide reductase 1	TH2	HKNPDCAD_04082	HKNPDCAD_04082	
TH2_HKNPDCAD_04083	TH2_contig_2	3699055	3700032	978	+	torA_3	Trimethylamine-N-oxide reductase 1	TH2	HKNPDCAD_04083	HKNPDCAD_04083	
TH2_HKNPDCAD_04084	TH2_contig_2	3700029	3700628	600	+	torD	Chaperone protein TorD	TH2	HKNPDCAD_04084	HKNPDCAD_04084	
TH2_HKNPDCAD_04085	TH2_contig_2	3700780	3701085	306	-	cbpM	Chaperone modulatory protein CbpM	TH2	HKNPDCAD_04085	HKNPDCAD_04085	
TH2_HKNPDCAD_04086	TH2_contig_2	3701085	3702005	921	-	cbpA	Curved DNA-binding protein	TH2	HKNPDCAD_04086	HKNPDCAD_04086	
TH2_HKNPDCAD_04087	TH2_contig_2	3702266	3703174	909	+	hypothetical protein	hypothetical protein	TH2	HKNPDCAD_04087	HKNPDCAD_04087	
TH2_HKNPDCAD_04088	TH2_contig_2	3703171	3703521	351	+	hypothetical protein	hypothetical protein	TH2	HKNPDCAD_04088	HKNPDCAD_04088	
TH2_HKNPDCAD_04089	TH2_contig_2	3703813	3705054	1242	+	agp	Glucose-1-phosphatase	TH2	HKNPDCAD_04089	HKNPDCAD_04089	
TH2_HKNPDCAD_04090	TH2_contig_2	3705091	3705318	228	-	yccJ	putative protein YccJ	TH2	HKNPDCAD_04090	HKNPDCAD_04090	
TH2_HKNPDCAD_04091	TH2_contig_2	3705339	3705935	597	-	wrbA	NAD(P)H dehydrogenase (quinone)	TH2	HKNPDCAD_04091	HKNPDCAD_04091	
TH2_HKNPDCAD_04092	TH2_contig_2	3706308	3706481	174	+	hypothetical protein	hypothetical protein	TH2	HKNPDCAD_04092	HKNPDCAD_04092	
TH2_HKNPDCAD_04093	TH2_contig_2	3706738	3708066	1329	-	rutG	Putative pyrimidine permease RutG	TH2	HKNPDCAD_04093	HKNPDCAD_04093	
TH2_HKNPDCAD_04094	TH2_contig_2	3708087	3708581	495	-	rutF	FMN reductase (NADH) RutF	TH2	HKNPDCAD_04094	HKNPDCAD_04094	
TH2_HKNPDCAD_04095	TH2_contig_2	3708690	3709181	492	-	rutE	putative malonic semialdehyde reductase RutE	TH2	HKNPDCAD_04095	HKNPDCAD_04095	
TH2_HKNPDCAD_04096	TH2_contig_2	3709191	3709991	801	-	rutD	Putative aminoacrylate hydrolase RutD	TH2	HKNPDCAD_04096	HKNPDCAD_04096	
TH2_HKNPDCAD_04097	TH2_contig_2	3709999	3710307	309	-	rutC	Putative aminoacrylate peracid reductase RutC	TH2	HKNPDCAD_04097	HKNPDCAD_04097	
TH2_HKNPDCAD_04098	TH2_contig_2	3710312	3711091	780	-	rutB	Peroxyureidoacrylate/ureidoacrylate amidohydrolase RutB	TH2	HKNPDCAD_04098	HKNPDCAD_04098	
TH2_HKNPDCAD_04099	TH2_contig_2	3711088	3712179	1092	-	rutA	Pyrimidine monooxygenase RutA	TH2	HKNPDCAD_04099	HKNPDCAD_04099	
TH2_HKNPDCAD_04100	TH2_contig_2	3712466	3713104	639	+	rutR	HTH-type transcriptional regulator RutR	TH2	HKNPDCAD_04100	HKNPDCAD_04100	
TH2_HKNPDCAD_04101	TH2_contig_2	3713144	3717106	3963	-	putA	Bifunctional protein PutA	TH2	HKNPDCAD_04101	HKNPDCAD_04101	
TH2_HKNPDCAD_04102	TH2_contig_2	3717161	3717370	210	+	hypothetical protein	hypothetical protein	TH2	HKNPDCAD_04102	HKNPDCAD_04102	
TH2_HKNPDCAD_04103	TH2_contig_2	3717529	3719037	1509	+	putP	Sodium/proline symporter	TH2	HKNPDCAD_04103	HKNPDCAD_04103	
TH2_HKNPDCAD_04104	TH2_contig_2	3719580	3720410	831	+	efeU	Ferrous iron permease EfeU	TH2	HKNPDCAD_04104	HKNPDCAD_04104	
TH2_HKNPDCAD_04105	TH2_contig_2	3720468	3721595	1128	+	efeO	Iron uptake system component EfeO	TH2	HKNPDCAD_04105	HKNPDCAD_04105	
TH2_HKNPDCAD_04106	TH2_contig_2	3721601	3721795	195	+	hypothetical protein	hypothetical protein	TH2	HKNPDCAD_04106	HKNPDCAD_04106	
TH2_HKNPDCAD_04107	TH2_contig_2	3721813	3722871	1059	+	efeB	Deferrochelatase/peroxidase EfeB	TH2	HKNPDCAD_04107	HKNPDCAD_04107	
TH2_HKNPDCAD_04108	TH2_contig_2	3723215	3723511	297	+	hypothetical protein	hypothetical protein	TH2	HKNPDCAD_04108	HKNPDCAD_04108	
TH2_HKNPDCAD_04109	TH2_contig_2	3723490	3724278	789	+	phoH	Protein PhoH	TH2	HKNPDCAD_04109	HKNPDCAD_04109	
TH2_HKNPDCAD_04110	TH2_contig_2	3724862	3725548	687	+	hypothetical protein	hypothetical protein	TH2	HKNPDCAD_04110	HKNPDCAD_04110	
TH2_HKNPDCAD_04112	TH2_contig_2	3726890	3727828	939	+	ghrA	Glyoxylate/hydroxypyruvate reductase A	TH2	HKNPDCAD_04112	HKNPDCAD_04112	
TH2_HKNPDCAD_04113	TH2_contig_2	3727883	3727981	99	+	ycdX_1	putative phosphatase YcdX	TH2	HKNPDCAD_04113	HKNPDCAD_04113	
TH2_HKNPDCAD_04114	TH2_contig_2	3728013	3728621	609	+	ycdX_2	putative phosphatase YcdX	TH2	HKNPDCAD_04114	HKNPDCAD_04114	
TH2_HKNPDCAD_04115	TH2_contig_2	3728645	3729199	555	+	ycdY	Chaperone protein YcdY	TH2	HKNPDCAD_04115	HKNPDCAD_04115	
TH2_HKNPDCAD_04116	TH2_contig_2	3729271	3729792	522	+	ycdZ	Inner membrane protein YcdZ	TH2	HKNPDCAD_04116	HKNPDCAD_04116	
TH2_HKNPDCAD_04117	TH2_contig_2	3729856	3730689	834	-	csgG	Curli production assembly/transport component CsgG	TH2	HKNPDCAD_04117	HKNPDCAD_04117	
TH2_HKNPDCAD_04118	TH2_contig_2	3730716	3731132	417	-	csgF	Curli production assembly/transport component CsgF	TH2	HKNPDCAD_04118	HKNPDCAD_04118	
TH2_HKNPDCAD_04119	TH2_contig_2	3731157	3731546	390	-	csgE	Curli production assembly/transport component CsgE	TH2	HKNPDCAD_04119	HKNPDCAD_04119	
TH2_HKNPDCAD_04120	TH2_contig_2	3731551	3732201	651	-	csgD	CsgBAC operon transcriptional regulatory protein	TH2	HKNPDCAD_04120	HKNPDCAD_04120	
TH2_HKNPDCAD_04121	TH2_contig_2	3732956	3733411	456	+	csgB	Minor curlin subunit	TH2	HKNPDCAD_04121	HKNPDCAD_04121	
TH2_HKNPDCAD_04122	TH2_contig_2	3733452	3733907	456	+	csgA	Major curlin subunit	TH2	HKNPDCAD_04122	HKNPDCAD_04122	
TH2_HKNPDCAD_04123	TH2_contig_2	3733966	3734298	333	+	csgC	Curli assembly protein CsgC	TH2	HKNPDCAD_04123	HKNPDCAD_04123	
TH2_HKNPDCAD_04124	TH2_contig_2	3734419	3734730	312	+	ymdA	putative protein YmdA	TH2	HKNPDCAD_04124	HKNPDCAD_04124	
TH2_HKNPDCAD_04125	TH2_contig_2	3734825	3735358	534	+	ymdB	O-acetyl-ADP-ribose deacetylase	TH2	HKNPDCAD_04125	HKNPDCAD_04125	
TH2_HKNPDCAD_04126	TH2_contig_2	3735300	3736781	1482	+	clsC	Cardiolipin synthase C	TH2	HKNPDCAD_04126	HKNPDCAD_04126	
TH2_HKNPDCAD_04127	TH2_contig_2	3736789	3737946	1158	-	mdoC	Glucans biosynthesis protein C	TH2	HKNPDCAD_04127	HKNPDCAD_04127	
TH2_HKNPDCAD_04128	TH2_contig_2	3738373	3739875	1503	+	mdoG	Glucans biosynthesis protein G	TH2	HKNPDCAD_04128	HKNPDCAD_04128	
TH2_HKNPDCAD_04129	TH2_contig_2	3739898	3740293	396	+	mdoH_1	Glucans biosynthesis glucosyltransferase H	TH2	HKNPDCAD_04129	HKNPDCAD_04129	
TH2_HKNPDCAD_04130	TH2_contig_2	3740290	3742410	2121	+	mdoH_2	Glucans biosynthesis glucosyltransferase H	TH2	HKNPDCAD_04130	HKNPDCAD_04130	
TH2_HKNPDCAD_04131	TH2_contig_2	3742583	3742810	228	+	hypothetical protein	hypothetical protein	TH2	HKNPDCAD_04131	HKNPDCAD_04131	
TH2_HKNPDCAD_04132	TH2_contig_2	3742811	3743185	375	-	hypothetical protein	hypothetical protein	TH2	HKNPDCAD_04132	HKNPDCAD_04132	
TH2_HKNPDCAD_04133	TH2_contig_2	3743268	3744494	1227	-	sbnD	Staphyloferrin B transporter	TH2	HKNPDCAD_04133	HKNPDCAD_04133	
TH2_HKNPDCAD_04134	TH2_contig_2	3744666	3745586	921	-	lpxL	Lipid A biosynthesis lauroyltransferase	TH2	HKNPDCAD_04134	HKNPDCAD_04134	
TH2_HKNPDCAD_04135	TH2_contig_2	3745811	3746863	1053	+	hypothetical protein	hypothetical protein	TH2	HKNPDCAD_04135	HKNPDCAD_04135	
TH2_HKNPDCAD_04136	TH2_contig_2	3746905	3747441	537	-	yceI	Protein YceI	TH2	HKNPDCAD_04136	HKNPDCAD_04136	
TH2_HKNPDCAD_04137	TH2_contig_2	3747483	3748049	567	-	yceJ	Cytochrome b561	TH2	HKNPDCAD_04137	HKNPDCAD_04137	
TH2_HKNPDCAD_04138	TH2_contig_2	3748310	3748423	114	-	yceO	putative protein YceO	TH2	HKNPDCAD_04138	HKNPDCAD_04138	
TH2_HKNPDCAD_04139	TH2_contig_2	3748471	3749154	684	-	solA	N-methyl-L-tryptophan oxidase	TH2	HKNPDCAD_04139	HKNPDCAD_04139	
TH2_HKNPDCAD_04140	TH2_contig_2	3749702	3749959	258	-	bssS	Biofilm regulator BssS	TH2	HKNPDCAD_04140	HKNPDCAD_04140	
TH2_HKNPDCAD_04141	TH2_contig_2	3750246	3750491	246	-	dinI	DNA damage-inducible protein I	TH2	HKNPDCAD_04141	HKNPDCAD_04141	
TH2_HKNPDCAD_04142	TH2_contig_2	3750565	3751611	1047	-	pyrC	Dihydroorotase	TH2	HKNPDCAD_04142	HKNPDCAD_04142	
TH2_HKNPDCAD_04143	TH2_contig_2	3751717	3752277	561	-	yceB	putative lipoprotein YceB	TH2	HKNPDCAD_04143	HKNPDCAD_04143	
TH2_HKNPDCAD_04144	TH2_contig_2	3752411	3753058	648	-	grxB	Glutaredoxin 2	TH2	HKNPDCAD_04144	HKNPDCAD_04144	
TH2_HKNPDCAD_04145	TH2_contig_2	3753121	3754329	1209	-	mdtH	Multidrug resistance protein MdtH	TH2	HKNPDCAD_04145	HKNPDCAD_04145	
TH2_HKNPDCAD_04146	TH2_contig_2	3754565	3755149	585	+	rimJ	[Ribosomal protein S5]-alanine N-acetyltransferase	TH2	HKNPDCAD_04146	HKNPDCAD_04146	
TH2_HKNPDCAD_04147	TH2_contig_2	3755160	3755807	648	+	hypothetical protein	hypothetical protein	TH2	HKNPDCAD_04147	HKNPDCAD_04147	
TH2_HKNPDCAD_04148	TH2_contig_2	3755809	3756732	924	+	yceM	Putative oxidoreductase YceM	TH2	HKNPDCAD_04148	HKNPDCAD_04148	
TH2_HKNPDCAD_04149	TH2_contig_2	3756842	3758377	1536	+	murJ	Lipid II flippase MurJ	TH2	HKNPDCAD_04149	HKNPDCAD_04149	
TH2_HKNPDCAD_04150	TH2_contig_2	3758417	3758833	417	-	flgN	Flagella synthesis protein FlgN	TH2	HKNPDCAD_04150	HKNPDCAD_04150	
TH2_HKNPDCAD_04151	TH2_contig_2	3758838	3759131	294	-	flgM	Negative regulator of flagellin synthesis	TH2	HKNPDCAD_04151	HKNPDCAD_04151	
TH2_HKNPDCAD_04152	TH2_contig_2	3759207	3759866	660	-	flgA	Flagella basal body P-ring formation protein FlgA	TH2	HKNPDCAD_04152	HKNPDCAD_04152	
TH2_HKNPDCAD_04153	TH2_contig_2	3760021	3760437	417	+	flgB	Flagellar basal body rod protein FlgB	TH2	HKNPDCAD_04153	HKNPDCAD_04153	
TH2_HKNPDCAD_04154	TH2_contig_2	3760441	3760845	405	+	flgC	Flagellar basal-body rod protein FlgC	TH2	HKNPDCAD_04154	HKNPDCAD_04154	
TH2_HKNPDCAD_04155	TH2_contig_2	3760857	3761552	696	+	flgD	Basal-body rod modification protein FlgD	TH2	HKNPDCAD_04155	HKNPDCAD_04155	
TH2_HKNPDCAD_04156	TH2_contig_2	3761577	3762782	1206	+	flgE	Flagellar hook protein FlgE	TH2	HKNPDCAD_04156	HKNPDCAD_04156	
TH2_HKNPDCAD_04157	TH2_contig_2	3762802	3763557	756	+	flgF	Flagellar basal-body rod protein FlgF	TH2	HKNPDCAD_04157	HKNPDCAD_04157	
TH2_HKNPDCAD_04158	TH2_contig_2	3763729	3764511	783	+	flgG	Flagellar basal-body rod protein FlgG	TH2	HKNPDCAD_04158	HKNPDCAD_04158	
TH2_HKNPDCAD_04159	TH2_contig_2	3764564	3765262	699	+	flgH	Flagellar L-ring protein	TH2	HKNPDCAD_04159	HKNPDCAD_04159	
TH2_HKNPDCAD_04160	TH2_contig_2	3765396	3766370	975	+	flgI	Flagellar P-ring protein	TH2	HKNPDCAD_04160	HKNPDCAD_04160	
TH2_HKNPDCAD_04161	TH2_contig_2	3766370	3767311	942	+	flgJ	Peptidoglycan hydrolase FlgJ	TH2	HKNPDCAD_04161	HKNPDCAD_04161	
TH2_HKNPDCAD_04162	TH2_contig_2	3767377	3769020	1644	+	flgK	Flagellar hook-associated protein 1	TH2	HKNPDCAD_04162	HKNPDCAD_04162	
TH2_HKNPDCAD_04163	TH2_contig_2	3769032	3769985	954	+	flgL	Flagellar hook-associated protein 3	TH2	HKNPDCAD_04163	HKNPDCAD_04163	
TH2_HKNPDCAD_04164	TH2_contig_2	3770181	3773366	3186	-	rne	Ribonuclease E	TH2	HKNPDCAD_04164	HKNPDCAD_04164	
TH2_HKNPDCAD_04165	TH2_contig_2	3773939	3774898	960	+	rluC	Ribosomal large subunit pseudouridine synthase C	TH2	HKNPDCAD_04165	HKNPDCAD_04165	
TH2_HKNPDCAD_04166	TH2_contig_2	3775010	3775633	624	-	yceF	7-methyl-GTP pyrophosphatase	TH2	HKNPDCAD_04166	HKNPDCAD_04166	
TH2_HKNPDCAD_04167	TH2_contig_2	3775793	3776314	522	+	yceD_1	Large ribosomal RNA subunit accumulation protein YceD	TH2	HKNPDCAD_04167	HKNPDCAD_04167	
TH2_HKNPDCAD_04168	TH2_contig_2	3776649	3777689	1041	+	plsX	Phosphate acyltransferase	TH2	HKNPDCAD_04168	HKNPDCAD_04168	
TH2_HKNPDCAD_04169	TH2_contig_2	3777757	3778710	954	+	fabH	3-oxoacyl-[acyl-carrier-protein] synthase 3	TH2	HKNPDCAD_04169	HKNPDCAD_04169	
TH2_HKNPDCAD_04170	TH2_contig_2	3778726	3779655	930	+	fabD	Malonyl CoA-acyl carrier protein transacylase	TH2	HKNPDCAD_04170	HKNPDCAD_04170	
TH2_HKNPDCAD_04171	TH2_contig_2	3779668	3780402	735	+	fabG_2	3-oxoacyl-[acyl-carrier-protein] reductase FabG	TH2	HKNPDCAD_04171	HKNPDCAD_04171	
TH2_HKNPDCAD_04172	TH2_contig_2	3780612	3780848	237	+	acpP	Acyl carrier protein	TH2	HKNPDCAD_04172	HKNPDCAD_04172	
TH2_HKNPDCAD_04173	TH2_contig_2	3780936	3781724	789	+	fabF_1	3-oxoacyl-[acyl-carrier-protein] synthase 2	TH2	HKNPDCAD_04173	HKNPDCAD_04173	
TH2_HKNPDCAD_04174	TH2_contig_2	3781721	3782176	456	+	fabF_2	3-oxoacyl-[acyl-carrier-protein] synthase 2	TH2	HKNPDCAD_04174	HKNPDCAD_04174	
TH2_HKNPDCAD_04175	TH2_contig_2	3782296	3783105	810	+	pabC	Aminodeoxychorismate lyase	TH2	HKNPDCAD_04175	HKNPDCAD_04175	
TH2_HKNPDCAD_04176	TH2_contig_2	3783108	3784130	1023	+	mltG	Endolytic murein transglycosylase	TH2	HKNPDCAD_04176	HKNPDCAD_04176	
TH2_HKNPDCAD_04177	TH2_contig_2	3784120	3784761	642	+	tmk_2	Thymidylate kinase	TH2	HKNPDCAD_04177	HKNPDCAD_04177	
TH2_HKNPDCAD_04178	TH2_contig_2	3784758	3784958	201	+	holB_1	DNA polymerase III subunit delta'	TH2	HKNPDCAD_04178	HKNPDCAD_04178	
TH2_HKNPDCAD_04179	TH2_contig_2	3784958	3785275	318	+	hypothetical protein	hypothetical protein	TH2	HKNPDCAD_04179	HKNPDCAD_04179	
TH2_HKNPDCAD_04180	TH2_contig_2	3785272	3785760	489	+	holB_2	DNA polymerase III subunit delta'	TH2	HKNPDCAD_04180	HKNPDCAD_04180	
TH2_HKNPDCAD_04181	TH2_contig_2	3785771	3786568	798	+	ycfH	putative metal-dependent hydrolase YcfH	TH2	HKNPDCAD_04181	HKNPDCAD_04181	
TH2_HKNPDCAD_04182	TH2_contig_2	3786860	3788293	1434	+	ptsG	PTS system glucose-specific EIICB component	TH2	HKNPDCAD_04182	HKNPDCAD_04182	
TH2_HKNPDCAD_04183	TH2_contig_2	3788353	3790542	2190	-	fhuE	FhuE receptor	TH2	HKNPDCAD_04183	HKNPDCAD_04183	
TH2_HKNPDCAD_04184	TH2_contig_2	3790876	3791235	360	+	hinT	Purine nucleoside phosphoramidase	TH2	HKNPDCAD_04184	HKNPDCAD_04184	
TH2_HKNPDCAD_04185	TH2_contig_2	3791238	3791615	378	+	hypothetical protein	hypothetical protein	TH2	HKNPDCAD_04185	HKNPDCAD_04185	
TH2_HKNPDCAD_04186	TH2_contig_2	3791629	3792270	642	+	lpoB	Penicillin-binding protein activator LpoB	TH2	HKNPDCAD_04186	HKNPDCAD_04186	
TH2_HKNPDCAD_04187	TH2_contig_2	3792251	3793075	825	+	thiK	Thiamine kinase	TH2	HKNPDCAD_04187	HKNPDCAD_04187	
TH2_HKNPDCAD_04188	TH2_contig_2	3793086	3794111	1026	+	nagZ	Beta-hexosaminidase	TH2	HKNPDCAD_04188	HKNPDCAD_04188	
TH2_HKNPDCAD_04189	TH2_contig_2	3794134	3794676	543	+	hypothetical protein	hypothetical protein	TH2	HKNPDCAD_04189	HKNPDCAD_04189	
TH2_HKNPDCAD_04190	TH2_contig_2	3795076	3796380	1305	+	ndh	NADH dehydrogenase	TH2	HKNPDCAD_04190	HKNPDCAD_04190	
TH2_HKNPDCAD_04191	TH2_contig_2	3796607	3797146	540	+	hypothetical protein	hypothetical protein	TH2	HKNPDCAD_04191	HKNPDCAD_04191	
TH2_HKNPDCAD_04192	TH2_contig_2	3797208	3797819	612	-	comR	HTH-type transcriptional repressor ComR	TH2	HKNPDCAD_04192	HKNPDCAD_04192	
TH2_HKNPDCAD_04193	TH2_contig_2	3798080	3798337	258	+	bhsA_3	Multiple stress resistance protein BhsA	TH2	HKNPDCAD_04193	HKNPDCAD_04193	
TH2_HKNPDCAD_04194	TH2_contig_2	3798419	3799378	960	-	ycfS	putative L,D-transpeptidase YcfS	TH2	HKNPDCAD_04194	HKNPDCAD_04194	
TH2_HKNPDCAD_04195	TH2_contig_2	3799525	3803019	3495	-	mfd	Transcription-repair-coupling factor	TH2	HKNPDCAD_04195	HKNPDCAD_04195	
TH2_HKNPDCAD_04196	TH2_contig_2	3803099	3804037	939	-	ycfT	Inner membrane protein YcfT	TH2	HKNPDCAD_04196	HKNPDCAD_04196	
TH2_HKNPDCAD_04197	TH2_contig_2	3804433	3805632	1200	+	lolC	Lipoprotein-releasing system transmembrane protein LolC	TH2	HKNPDCAD_04197	HKNPDCAD_04197	
TH2_HKNPDCAD_04198	TH2_contig_2	3805625	3806326	702	+	lolD_2	Lipoprotein-releasing system ATP-binding protein LolD	TH2	HKNPDCAD_04198	HKNPDCAD_04198	
TH2_HKNPDCAD_04199	TH2_contig_2	3806332	3807570	1239	+	lolE	Lipoprotein-releasing system transmembrane protein LolE	TH2	HKNPDCAD_04199	HKNPDCAD_04199	
TH2_HKNPDCAD_04200	TH2_contig_2	3807599	3808510	912	+	nagK_2	N-acetyl-D-glucosamine kinase	TH2	HKNPDCAD_04200	HKNPDCAD_04200	
TH2_HKNPDCAD_04201	TH2_contig_2	3808526	3809365	840	+	cobB	NAD-dependent protein deacylase	TH2	HKNPDCAD_04201	HKNPDCAD_04201	
TH2_HKNPDCAD_04202	TH2_contig_2	3809484	3810272	789	-	ycfZ	Inner membrane protein YcfZ	TH2	HKNPDCAD_04202	HKNPDCAD_04202	
TH2_HKNPDCAD_04203	TH2_contig_2	3810269	3810730	462	-	ymfA	Inner membrane protein YmfA	TH2	HKNPDCAD_04203	HKNPDCAD_04203	
TH2_HKNPDCAD_04204	TH2_contig_2	3810788	3811834	1047	-	potD	Spermidine/putrescine-binding periplasmic protein	TH2	HKNPDCAD_04204	HKNPDCAD_04204	
TH2_HKNPDCAD_04205	TH2_contig_2	3811831	3812625	795	-	ydcV_2	Inner membrane ABC transporter permease protein YdcV	TH2	HKNPDCAD_04205	HKNPDCAD_04205	
TH2_HKNPDCAD_04206	TH2_contig_2	3812622	3813479	858	-	potB	Spermidine/putrescine transport system permease protein PotB	TH2	HKNPDCAD_04206	HKNPDCAD_04206	
TH2_HKNPDCAD_04207	TH2_contig_2	3813463	3814200	738	-	potA_2	Spermidine/putrescine import ATP-binding protein PotA	TH2	HKNPDCAD_04207	HKNPDCAD_04207	
TH2_HKNPDCAD_04208	TH2_contig_2	3814215	3814598	384	-	potA_3	Spermidine/putrescine import ATP-binding protein PotA	TH2	HKNPDCAD_04208	HKNPDCAD_04208	
TH2_HKNPDCAD_04209	TH2_contig_2	3814848	3816077	1230	+	pepT	Peptidase T	TH2	HKNPDCAD_04209	HKNPDCAD_04209	
TH2_HKNPDCAD_04210	TH2_contig_2	3816223	3817344	1122	-	roxA	50S ribosomal protein L16 3-hydroxylase	TH2	HKNPDCAD_04210	HKNPDCAD_04210	
TH2_HKNPDCAD_04211	TH2_contig_2	3817420	3818880	1461	-	phoQ	Sensor protein PhoQ	TH2	HKNPDCAD_04211	HKNPDCAD_04211	
TH2_HKNPDCAD_04212	TH2_contig_2	3818924	3819550	627	-	phoP	Transcriptional regulatory protein PhoP	TH2	HKNPDCAD_04212	HKNPDCAD_04212	
TH2_HKNPDCAD_04213	TH2_contig_2	3819718	3821088	1371	-	purB	Adenylosuccinate lyase	TH2	HKNPDCAD_04213	HKNPDCAD_04213	
TH2_HKNPDCAD_04214	TH2_contig_2	3821092	3821733	642	-	hflD	High frequency lysogenization protein HflD	TH2	HKNPDCAD_04214	HKNPDCAD_04214	
TH2_HKNPDCAD_04215	TH2_contig_2	3821769	3822170	402	-	mnmA_1	tRNA-specific 2-thiouridylase MnmA	TH2	HKNPDCAD_04215	HKNPDCAD_04215	
TH2_HKNPDCAD_04216	TH2_contig_2	3822170	3822874	705	-	mnmA_2	tRNA-specific 2-thiouridylase MnmA	TH2	HKNPDCAD_04216	HKNPDCAD_04216	
TH2_HKNPDCAD_04217	TH2_contig_2	3822928	3823389	462	-	nudJ	Phosphatase NudJ	TH2	HKNPDCAD_04217	HKNPDCAD_04217	
TH2_HKNPDCAD_04218	TH2_contig_2	3823399	3824052	654	-	rluE	Ribosomal large subunit pseudouridine synthase E	TH2	HKNPDCAD_04218	HKNPDCAD_04218	
TH2_HKNPDCAD_04219	TH2_contig_2	3824224	3825474	1251	+	icd	Isocitrate dehydrogenase [NADP]	TH2	HKNPDCAD_04219	HKNPDCAD_04219	
TH2_HKNPDCAD_04220	TH2_contig_2	3826599	3827003	405	-	ydfO_2	putative protein YdfO	TH2	HKNPDCAD_04220	HKNPDCAD_04220	
TH2_HKNPDCAD_04221	TH2_contig_2	3827224	3827955	732	-	bluR	HTH-type transcriptional repressor BluR	TH2	HKNPDCAD_04221	HKNPDCAD_04221	
TH2_HKNPDCAD_04222	TH2_contig_2	3828160	3829371	1212	-	bluF	Blue light- and temperature-regulated antirepressor BluF	TH2	HKNPDCAD_04222	HKNPDCAD_04222	
TH2_HKNPDCAD_04223	TH2_contig_2	3829686	3829922	237	+	ycgZ	putative two-component-system connector protein YcgZ	TH2	HKNPDCAD_04223	HKNPDCAD_04223	
TH2_HKNPDCAD_04224	TH2_contig_2	3830266	3830532	267	+	ariR	putative two-component-system connector protein AriR	TH2	HKNPDCAD_04224	HKNPDCAD_04224	
TH2_HKNPDCAD_04225	TH2_contig_2	3830645	3830893	249	+	ymgC	putative protein YmgC	TH2	HKNPDCAD_04225	HKNPDCAD_04225	
TH2_HKNPDCAD_04226	TH2_contig_2	3831229	3832752	1524	+	pdeG	putative cyclic di-GMP phosphodiesterase PdeG	TH2	HKNPDCAD_04226	HKNPDCAD_04226	
TH2_HKNPDCAD_04227	TH2_contig_2	3832884	3833102	219	+	ymgF	Inner membrane protein YmgF	TH2	HKNPDCAD_04227	HKNPDCAD_04227	
TH2_HKNPDCAD_04228	TH2_contig_2	3833502	3835022	1521	+	hypothetical protein	hypothetical protein	TH2	HKNPDCAD_04228	HKNPDCAD_04228	
TH2_HKNPDCAD_04229	TH2_contig_2	3835107	3836123	1017	+	icsA_1	Outer membrane protein IcsA autotransporter	TH2	HKNPDCAD_04229	HKNPDCAD_04229	
TH2_HKNPDCAD_04230	TH2_contig_2	3836206	3836535	330	-	ymgD	putative protein YmgD	TH2	HKNPDCAD_04230	HKNPDCAD_04230	
TH2_HKNPDCAD_04231	TH2_contig_2	3836545	3836829	285	-	hypothetical protein	hypothetical protein	TH2	HKNPDCAD_04231	HKNPDCAD_04231	
TH2_HKNPDCAD_04232	TH2_contig_2	3836890	3837063	174	-	hypothetical protein	hypothetical protein	TH2	HKNPDCAD_04232	HKNPDCAD_04232	
TH2_HKNPDCAD_04233	TH2_contig_2	3837595	3837807	213	+	hypothetical protein	hypothetical protein	TH2	HKNPDCAD_04233	HKNPDCAD_04233	
TH2_HKNPDCAD_04234	TH2_contig_2	3838179	3838445	267	-	minE	Cell division topological specificity factor	TH2	HKNPDCAD_04234	HKNPDCAD_04234	
TH2_HKNPDCAD_04235	TH2_contig_2	3838449	3839261	813	-	minD	Septum site-determining protein MinD	TH2	HKNPDCAD_04235	HKNPDCAD_04235	
TH2_HKNPDCAD_04236	TH2_contig_2	3839285	3839980	696	-	minC	Septum site-determining protein MinC	TH2	HKNPDCAD_04236	HKNPDCAD_04236	
TH2_HKNPDCAD_04237	TH2_contig_2	3840500	3840868	369	+	hypothetical protein	hypothetical protein	TH2	HKNPDCAD_04237	HKNPDCAD_04237	
TH2_HKNPDCAD_04238	TH2_contig_2	3840971	3841372	402	-	pliG	Inhibitor of g-type lysozyme	TH2	HKNPDCAD_04238	HKNPDCAD_04238	
TH2_HKNPDCAD_04239	TH2_contig_2	3841706	3841906	201	+	ycgL	Protein YcgL	TH2	HKNPDCAD_04239	HKNPDCAD_04239	
TH2_HKNPDCAD_04240	TH2_contig_2	3841978	3842637	660	+	ycgM	putative protein YcgM	TH2	HKNPDCAD_04240	HKNPDCAD_04240	
TH2_HKNPDCAD_04241	TH2_contig_2	3842729	3843175	447	+	hypothetical protein	hypothetical protein	TH2	HKNPDCAD_04241	HKNPDCAD_04241	
TH2_HKNPDCAD_04242	TH2_contig_2	3843382	3844293	912	-	hlyE	Hemolysin E, chromosomal	TH2	HKNPDCAD_04242	HKNPDCAD_04242	
TH2_HKNPDCAD_04243	TH2_contig_2	3844666	3845085	420	+	umuD_1	Protein UmuD	TH2	HKNPDCAD_04243	HKNPDCAD_04243	
TH2_HKNPDCAD_04244	TH2_contig_2	3845085	3846353	1269	+	umuC_2	Protein UmuC	TH2	HKNPDCAD_04244	HKNPDCAD_04244	
TH2_HKNPDCAD_04245	TH2_contig_2	3846399	3846929	531	-	dsbB	Disulfide bond formation protein B	TH2	HKNPDCAD_04245	HKNPDCAD_04245	
TH2_HKNPDCAD_04246	TH2_contig_2	3847075	3848589	1515	-	nhaB	Na(+)/H(+) antiporter NhaB	TH2	HKNPDCAD_04246	HKNPDCAD_04246	
TH2_HKNPDCAD_04247	TH2_contig_2	3848836	3849087	252	+	fadR_1	Fatty acid metabolism regulator protein	TH2	HKNPDCAD_04247	HKNPDCAD_04247	
TH2_HKNPDCAD_04248	TH2_contig_2	3849116	3849556	441	+	fadR_2	Fatty acid metabolism regulator protein	TH2	HKNPDCAD_04248	HKNPDCAD_04248	
TH2_HKNPDCAD_04249	TH2_contig_2	3849608	3850189	582	-	hypothetical protein	hypothetical protein	TH2	HKNPDCAD_04249	HKNPDCAD_04249	
TH2_HKNPDCAD_04250	TH2_contig_2	3850167	3851138	972	-	hypothetical protein	hypothetical protein	TH2	HKNPDCAD_04250	HKNPDCAD_04250	
TH2_HKNPDCAD_04251	TH2_contig_2	3851468	3852766	1299	+	dadA_1	D-amino acid dehydrogenase	TH2	HKNPDCAD_04251	HKNPDCAD_04251	
TH2_HKNPDCAD_04252	TH2_contig_2	3852776	3853846	1071	+	dadX	Alanine racemase, catabolic	TH2	HKNPDCAD_04252	HKNPDCAD_04252	
TH2_HKNPDCAD_04253	TH2_contig_2	3853949	3854098	150	+	hypothetical protein	hypothetical protein	TH2	HKNPDCAD_04253	HKNPDCAD_04253	
TH2_HKNPDCAD_04254	TH2_contig_2	3854232	3855968	1737	-	cvrA	K(+)/H(+) antiporter NhaP2	TH2	HKNPDCAD_04254	HKNPDCAD_04254	
TH2_HKNPDCAD_04255	TH2_contig_2	3856063	3856977	915	-	ldcA	Murein tetrapeptide carboxypeptidase	TH2	HKNPDCAD_04255	HKNPDCAD_04255	
TH2_HKNPDCAD_04256	TH2_contig_2	3857077	3857688	612	+	emtA	Endo-type membrane-bound lytic murein transglycosylase A	TH2	HKNPDCAD_04256	HKNPDCAD_04256	
TH2_HKNPDCAD_04257	TH2_contig_2	3857690	3858424	735	-	ycgR	Flagellar brake protein YcgR	TH2	HKNPDCAD_04257	HKNPDCAD_04257	
TH2_HKNPDCAD_04258	TH2_contig_2	3858625	3858879	255	+	hypothetical protein	hypothetical protein	TH2	HKNPDCAD_04258	HKNPDCAD_04258	
TH2_HKNPDCAD_04259	TH2_contig_2	3859057	3859497	441	+	hypothetical protein	hypothetical protein	TH2	HKNPDCAD_04259	HKNPDCAD_04259	
TH2_HKNPDCAD_04260	TH2_contig_2	3859701	3861272	1572	-	treA	Periplasmic trehalase	TH2	HKNPDCAD_04260	HKNPDCAD_04260	
TH2_HKNPDCAD_04261	TH2_contig_2	3861591	3863009	1419	-	dhaM	PEP-dependent dihydroxyacetone kinase, phosphoryl donor subunit DhaM	TH2	HKNPDCAD_04261	HKNPDCAD_04261	
TH2_HKNPDCAD_04262	TH2_contig_2	3863020	3863652	633	-	dhaL	PEP-dependent dihydroxyacetone kinase, ADP-binding subunit DhaL	TH2	HKNPDCAD_04262	HKNPDCAD_04262	
TH2_HKNPDCAD_04263	TH2_contig_2	3863663	3864733	1071	-	dhaK	PEP-dependent dihydroxyacetone kinase, dihydroxyacetone-binding subunit DhaK	TH2	HKNPDCAD_04263	HKNPDCAD_04263	
TH2_HKNPDCAD_04264	TH2_contig_2	3864961	3866319	1359	+	dhaR_1	PTS-dependent dihydroxyacetone kinase operon regulatory protein	TH2	HKNPDCAD_04264	HKNPDCAD_04264	
TH2_HKNPDCAD_04265	TH2_contig_2	3866367	3866879	513	+	dhaR_2	PTS-dependent dihydroxyacetone kinase operon regulatory protein	TH2	HKNPDCAD_04265	HKNPDCAD_04265	
TH2_HKNPDCAD_04266	TH2_contig_2	3866979	3869846	2868	-	hypothetical protein	hypothetical protein	TH2	HKNPDCAD_04266	HKNPDCAD_04266	
TH2_HKNPDCAD_04267	TH2_contig_2	3870191	3870370	180	+	hypothetical protein	hypothetical protein	TH2	HKNPDCAD_04267	HKNPDCAD_04267	
TH2_HKNPDCAD_04268	TH2_contig_2	3870614	3871705	1092	-	ychF	Ribosome-binding ATPase YchF	TH2	HKNPDCAD_04268	HKNPDCAD_04268	
TH2_HKNPDCAD_04269	TH2_contig_2	3871822	3872406	585	-	pth	Peptidyl-tRNA hydrolase	TH2	HKNPDCAD_04269	HKNPDCAD_04269	
TH2_HKNPDCAD_04270	TH2_contig_2	3872684	3872962	279	+	hypothetical protein	hypothetical protein	TH2	HKNPDCAD_04270	HKNPDCAD_04270	
TH2_HKNPDCAD_04271	TH2_contig_2	3873017	3874669	1653	-	dauA	C4-dicarboxylic acid transporter DauA	TH2	HKNPDCAD_04271	HKNPDCAD_04271	
TH2_HKNPDCAD_04272	TH2_contig_2	3874821	3875834	1014	-	prs_2	Ribose-phosphate pyrophosphokinase	TH2	HKNPDCAD_04272	HKNPDCAD_04272	
TH2_HKNPDCAD_04273	TH2_contig_2	3875919	3876770	852	-	ispE	4-diphosphocytidyl-2-C-methyl-D-erythritol kinase	TH2	HKNPDCAD_04273	HKNPDCAD_04273	
TH2_HKNPDCAD_04274	TH2_contig_2	3876770	3877393	624	-	lolB	Outer-membrane lipoprotein LolB	TH2	HKNPDCAD_04274	HKNPDCAD_04274	
TH2_HKNPDCAD_04275	TH2_contig_2	3877606	3878862	1257	+	hemA	Glutamyl-tRNA reductase	TH2	HKNPDCAD_04275	HKNPDCAD_04275	
TH2_HKNPDCAD_04276	TH2_contig_2	3878904	3879986	1083	+	prfA	Peptide chain release factor RF1	TH2	HKNPDCAD_04276	HKNPDCAD_04276	
TH2_HKNPDCAD_04277	TH2_contig_2	3879986	3880819	834	+	prmC	Release factor glutamine methyltransferase	TH2	HKNPDCAD_04277	HKNPDCAD_04277	
TH2_HKNPDCAD_04278	TH2_contig_2	3880816	3881208	393	+	ychQ	Protein YchQ	TH2	HKNPDCAD_04278	HKNPDCAD_04278	
TH2_HKNPDCAD_04279	TH2_contig_2	3881212	3882021	810	+	hypothetical protein	hypothetical protein	TH2	HKNPDCAD_04279	HKNPDCAD_04279	
TH2_HKNPDCAD_04280	TH2_contig_2	3882057	3882911	855	+	kdsA	2-dehydro-3-deoxyphosphooctonate aldolase	TH2	HKNPDCAD_04280	HKNPDCAD_04280	
TH2_HKNPDCAD_04281	TH2_contig_2	3883058	3883165	108	-	ldrA_1	Small toxic polypeptide LdrA	TH2	HKNPDCAD_04281	HKNPDCAD_04281	
TH2_HKNPDCAD_04282	TH2_contig_2	3883593	3883700	108	-	ldrA_2	Small toxic polypeptide LdrA	TH2	HKNPDCAD_04282	HKNPDCAD_04282	
TH2_HKNPDCAD_04283	TH2_contig_2	3884128	3884235	108	-	ldrA_3	Small toxic polypeptide LdrA	TH2	HKNPDCAD_04283	HKNPDCAD_04283	
TH2_HKNPDCAD_04284	TH2_contig_2	3884640	3885740	1101	-	chaA	Sodium-potassium/proton antiporter ChaA	TH2	HKNPDCAD_04284	HKNPDCAD_04284	
TH2_HKNPDCAD_04285	TH2_contig_2	3886010	3886240	231	+	chaB	Putative cation transport regulator ChaB	TH2	HKNPDCAD_04285	HKNPDCAD_04285	
TH2_HKNPDCAD_04286	TH2_contig_2	3886398	3887093	696	+	chaC	Glutathione-specific gamma-glutamylcyclotransferase	TH2	HKNPDCAD_04286	HKNPDCAD_04286	
TH2_HKNPDCAD_04287	TH2_contig_2	3887137	3887490	354	-	ychN	Protein YchN	TH2	HKNPDCAD_04287	HKNPDCAD_04287	
TH2_HKNPDCAD_04288	TH2_contig_2	3887640	3888734	1095	+	hypothetical protein	hypothetical protein	TH2	HKNPDCAD_04288	HKNPDCAD_04288	
TH2_HKNPDCAD_04289	TH2_contig_2	3888737	3889069	333	+	hypothetical protein	hypothetical protein	TH2	HKNPDCAD_04289	HKNPDCAD_04289	
TH2_HKNPDCAD_04290	TH2_contig_2	3889070	3891508	2439	-	cheB_1	Protein-glutamate methylesterase/protein-glutamine glutaminase	TH2	HKNPDCAD_04290	HKNPDCAD_04290	
TH2_HKNPDCAD_04291	TH2_contig_2	3891534	3891752	219	+	hypothetical protein	hypothetical protein	TH2	HKNPDCAD_04291	HKNPDCAD_04291	
TH2_HKNPDCAD_04292	TH2_contig_2	3891813	3893138	1326	+	narK	Nitrate/nitrite transporter NarK	TH2	HKNPDCAD_04292	HKNPDCAD_04292	
TH2_HKNPDCAD_04293	TH2_contig_2	3893752	3897495	3744	+	narG	Respiratory nitrate reductase 1 alpha chain	TH2	HKNPDCAD_04293	HKNPDCAD_04293	
TH2_HKNPDCAD_04294	TH2_contig_2	3897492	3899030	1539	+	narH	Respiratory nitrate reductase 1 beta chain	TH2	HKNPDCAD_04294	HKNPDCAD_04294	
TH2_HKNPDCAD_04295	TH2_contig_2	3899027	3899737	711	+	narJ	Nitrate reductase molybdenum cofactor assembly chaperone NarJ	TH2	HKNPDCAD_04295	HKNPDCAD_04295	
TH2_HKNPDCAD_04296	TH2_contig_2	3899737	3900414	678	+	narI	Respiratory nitrate reductase 1 gamma chain	TH2	HKNPDCAD_04296	HKNPDCAD_04296	
TH2_HKNPDCAD_04299	TH2_contig_2	3901670	3902512	843	-	purU	Formyltetrahydrofolate deformylase	TH2	HKNPDCAD_04299	HKNPDCAD_04299	
TH2_HKNPDCAD_04300	TH2_contig_2	3902562	3903020	459	-	hypothetical protein	hypothetical protein	TH2	HKNPDCAD_04300	HKNPDCAD_04300	
TH2_HKNPDCAD_04301	TH2_contig_2	3903219	3904037	819	+	putative NTE family protein	putative NTE family protein	TH2	HKNPDCAD_04301	HKNPDCAD_04301	
TH2_HKNPDCAD_04302	TH2_contig_2	3904129	3905142	1014	+	rssB	Regulator of RpoS	TH2	HKNPDCAD_04302	HKNPDCAD_04302	
TH2_HKNPDCAD_04303	TH2_contig_2	3905344	3906252	909	+	galU	UTP--glucose-1-phosphate uridylyltransferase	TH2	HKNPDCAD_04303	HKNPDCAD_04303	
TH2_HKNPDCAD_04304	TH2_contig_2	3906396	3906809	414	-	hns	DNA-binding protein H-NS	TH2	HKNPDCAD_04304	HKNPDCAD_04304	
TH2_HKNPDCAD_04305	TH2_contig_2	3907414	3908031	618	+	tdk	Thymidine kinase	TH2	HKNPDCAD_04305	HKNPDCAD_04305	
TH2_HKNPDCAD_04306	TH2_contig_2	3908313	3908903	591	-	hypothetical protein	hypothetical protein	TH2	HKNPDCAD_04306	HKNPDCAD_04306	
TH2_HKNPDCAD_04307	TH2_contig_2	3908855	3909085	231	-	hypothetical protein	hypothetical protein	TH2	HKNPDCAD_04307	HKNPDCAD_04307	
TH2_HKNPDCAD_04308	TH2_contig_2	3909024	3909209	186	-	IS4 family transposase ISCro3	IS4 family transposase ISCro3	TH2	HKNPDCAD_04308	HKNPDCAD_04308	
TH2_HKNPDCAD_04309	TH2_contig_2	3909333	3912008	2676	-	adhE	Aldehyde-alcohol dehydrogenase	TH2	HKNPDCAD_04309	HKNPDCAD_04309	
TH2_HKNPDCAD_04310	TH2_contig_2	3912485	3913132	648	+	hypothetical protein	hypothetical protein	TH2	HKNPDCAD_04310	HKNPDCAD_04310	
TH2_HKNPDCAD_04311	TH2_contig_2	3913159	3913314	156	+	hypothetical protein	hypothetical protein	TH2	HKNPDCAD_04311	HKNPDCAD_04311	
TH2_HKNPDCAD_04312	TH2_contig_2	3913290	3913451	162	-	hypothetical protein	hypothetical protein	TH2	HKNPDCAD_04312	HKNPDCAD_04312	
TH2_HKNPDCAD_04313	TH2_contig_2	3913869	3915500	1632	+	oppA	Periplasmic oligopeptide-binding protein	TH2	HKNPDCAD_04313	HKNPDCAD_04313	
TH2_HKNPDCAD_04314	TH2_contig_2	3915586	3916506	921	+	oppB	Oligopeptide transport system permease protein OppB	TH2	HKNPDCAD_04314	HKNPDCAD_04314	
TH2_HKNPDCAD_04315	TH2_contig_2	3916521	3917429	909	+	oppC	Oligopeptide transport system permease protein OppC	TH2	HKNPDCAD_04315	HKNPDCAD_04315	
TH2_HKNPDCAD_04316	TH2_contig_2	3917441	3918454	1014	+	oppD	Oligopeptide transport ATP-binding protein OppD	TH2	HKNPDCAD_04316	HKNPDCAD_04316	
TH2_HKNPDCAD_04317	TH2_contig_2	3918451	3919455	1005	+	btuD_2	Vitamin B12 import ATP-binding protein BtuD	TH2	HKNPDCAD_04317	HKNPDCAD_04317	
TH2_HKNPDCAD_04318	TH2_contig_2	3919508	3919837	330	-	hypothetical protein	hypothetical protein	TH2	HKNPDCAD_04318	HKNPDCAD_04318	
TH2_HKNPDCAD_04319	TH2_contig_2	3919872	3920747	876	-	clsA_1	Cardiolipin synthase A	TH2	HKNPDCAD_04319	HKNPDCAD_04319	
TH2_HKNPDCAD_04320	TH2_contig_2	3920747	3921331	585	-	clsA_2	Cardiolipin synthase A	TH2	HKNPDCAD_04320	HKNPDCAD_04320	
TH2_HKNPDCAD_04321	TH2_contig_2	3921702	3922238	537	-	kch_1	Voltage-gated potassium channel Kch	TH2	HKNPDCAD_04321	HKNPDCAD_04321	
TH2_HKNPDCAD_04322	TH2_contig_2	3922256	3922954	699	-	kch_2	Voltage-gated potassium channel Kch	TH2	HKNPDCAD_04322	HKNPDCAD_04322	
TH2_HKNPDCAD_04323	TH2_contig_2	3923254	3923550	297	-	yciI	Protein YciI	TH2	HKNPDCAD_04323	HKNPDCAD_04323	
TH2_HKNPDCAD_04324	TH2_contig_2	3923759	3924493	735	+	tonB	Protein TonB	TH2	HKNPDCAD_04324	HKNPDCAD_04324	
TH2_HKNPDCAD_04325	TH2_contig_2	3924533	3924931	399	-	putative acyl-CoA thioester hydrolase	putative acyl-CoA thioester hydrolase	TH2	HKNPDCAD_04325	HKNPDCAD_04325	
TH2_HKNPDCAD_04326	TH2_contig_2	3925036	3925575	540	-	yciB	putative intracellular septation protein A	TH2	HKNPDCAD_04326	HKNPDCAD_04326	
TH2_HKNPDCAD_04327	TH2_contig_2	3925604	3926347	744	-	hypothetical protein	hypothetical protein	TH2	HKNPDCAD_04327	HKNPDCAD_04327	
TH2_HKNPDCAD_04328	TH2_contig_2	3926704	3927342	639	+	ompW	Outer membrane protein W	TH2	HKNPDCAD_04328	HKNPDCAD_04328	
TH2_HKNPDCAD_04329	TH2_contig_2	3927402	3927491	90	-	yciE_1	Protein YciE	TH2	HKNPDCAD_04329	HKNPDCAD_04329	
TH2_HKNPDCAD_04330	TH2_contig_2	3927506	3927907	402	-	yciE_2	Protein YciE	TH2	HKNPDCAD_04330	HKNPDCAD_04330	
TH2_HKNPDCAD_04331	TH2_contig_2	3927953	3928453	501	-	yciF	Protein YciF	TH2	HKNPDCAD_04331	HKNPDCAD_04331	
TH2_HKNPDCAD_04332	TH2_contig_2	3928539	3928718	180	-	hypothetical protein	hypothetical protein	TH2	HKNPDCAD_04332	HKNPDCAD_04332	
TH2_HKNPDCAD_04333	TH2_contig_2	3929099	3929905	807	-	trpA	Tryptophan synthase alpha chain	TH2	HKNPDCAD_04333	HKNPDCAD_04333	
TH2_HKNPDCAD_04334	TH2_contig_2	3929905	3931098	1194	-	trpB	Tryptophan synthase beta chain	TH2	HKNPDCAD_04334	HKNPDCAD_04334	
TH2_HKNPDCAD_04335	TH2_contig_2	3931244	3932467	1224	-	trpC	Tryptophan biosynthesis protein TrpCF	TH2	HKNPDCAD_04335	HKNPDCAD_04335	
TH2_HKNPDCAD_04336	TH2_contig_2	3932471	3934066	1596	-	trpGD	Bifunctional protein TrpGD	TH2	HKNPDCAD_04336	HKNPDCAD_04336	
TH2_HKNPDCAD_04337	TH2_contig_2	3934066	3934929	864	-	trpE_1	Anthranilate synthase component 1	TH2	HKNPDCAD_04337	HKNPDCAD_04337	
TH2_HKNPDCAD_04338	TH2_contig_2	3934992	3935198	207	-	hypothetical protein	hypothetical protein	TH2	HKNPDCAD_04338	HKNPDCAD_04338	
TH2_HKNPDCAD_04339	TH2_contig_2	3935225	3935626	402	-	trpE_2	Anthranilate synthase component 1	TH2	HKNPDCAD_04339	HKNPDCAD_04339	
TH2_HKNPDCAD_04340	TH2_contig_2	3935900	3936781	882	+	yciV	5'-3' exoribonuclease	TH2	HKNPDCAD_04340	HKNPDCAD_04340	
TH2_HKNPDCAD_04341	TH2_contig_2	3936778	3937398	621	+	yciO	putative protein YciO	TH2	HKNPDCAD_04341	HKNPDCAD_04341	
TH2_HKNPDCAD_04342	TH2_contig_2	3937426	3939321	1896	+	hypothetical protein	hypothetical protein	TH2	HKNPDCAD_04342	HKNPDCAD_04342	
TH2_HKNPDCAD_04343	TH2_contig_2	3939532	3940407	876	+	rluB	Ribosomal large subunit pseudouridine synthase B	TH2	HKNPDCAD_04343	HKNPDCAD_04343	
TH2_HKNPDCAD_04344	TH2_contig_2	3940447	3941037	591	-	btuR	Corrinoid adenosyltransferase	TH2	HKNPDCAD_04344	HKNPDCAD_04344	
TH2_HKNPDCAD_04345	TH2_contig_2	3941034	3941792	759	-	yciK	putative oxidoreductase YciK	TH2	HKNPDCAD_04345	HKNPDCAD_04345	
TH2_HKNPDCAD_04346	TH2_contig_2	3942012	3943061	1050	+	sohB	putative protease SohB	TH2	HKNPDCAD_04346	HKNPDCAD_04346	
TH2_HKNPDCAD_04347	TH2_contig_2	3943097	3943348	252	-	yciN	Protein YciN	TH2	HKNPDCAD_04347	HKNPDCAD_04347	
TH2_HKNPDCAD_04348	TH2_contig_2	3943728	3944666	939	+	topA_2	DNA topoisomerase 1	TH2	HKNPDCAD_04348	HKNPDCAD_04348	
TH2_HKNPDCAD_04349	TH2_contig_2	3944629	3946326	1698	+	topA_3	DNA topoisomerase 1	TH2	HKNPDCAD_04349	HKNPDCAD_04349	
TH2_HKNPDCAD_04350	TH2_contig_2	3946536	3946703	168	+	cysB_1	HTH-type transcriptional regulator CysB	TH2	HKNPDCAD_04350	HKNPDCAD_04350	
TH2_HKNPDCAD_04351	TH2_contig_2	3946910	3947509	600	+	cysB_2	HTH-type transcriptional regulator CysB	TH2	HKNPDCAD_04351	HKNPDCAD_04351	
TH2_HKNPDCAD_04352	TH2_contig_2	3947840	3947968	129	+	ymiA	Protein YmiA	TH2	HKNPDCAD_04352	HKNPDCAD_04352	
TH2_HKNPDCAD_04353	TH2_contig_2	3947971	3948138	168	+	hypothetical protein	hypothetical protein	TH2	HKNPDCAD_04353	HKNPDCAD_04353	
TH2_HKNPDCAD_04354	TH2_contig_2	3948252	3948347	96	+	ymiC	Protein YmiC	TH2	HKNPDCAD_04354	HKNPDCAD_04354	
TH2_HKNPDCAD_04355	TH2_contig_2	3948511	3950724	2214	+	acnA_1	Aconitate hydratase A	TH2	HKNPDCAD_04355	HKNPDCAD_04355	
TH2_HKNPDCAD_04356	TH2_contig_2	3950721	3951185	465	+	acnA_2	Aconitate hydratase A	TH2	HKNPDCAD_04356	HKNPDCAD_04356	
TH2_HKNPDCAD_04357	TH2_contig_2	3951249	3951839	591	-	ribA	GTP cyclohydrolase-2	TH2	HKNPDCAD_04357	HKNPDCAD_04357	
TH2_HKNPDCAD_04358	TH2_contig_2	3952009	3952773	765	+	pgpB	Phosphatidylglycerophosphatase B	TH2	HKNPDCAD_04358	HKNPDCAD_04358	
TH2_HKNPDCAD_04359	TH2_contig_2	3952922	3953230	309	+	lapA	Lipopolysaccharide assembly protein A	TH2	HKNPDCAD_04359	HKNPDCAD_04359	
TH2_HKNPDCAD_04360	TH2_contig_2	3953237	3953890	654	+	lapB_1	Lipopolysaccharide assembly protein B	TH2	HKNPDCAD_04360	HKNPDCAD_04360	
TH2_HKNPDCAD_04361	TH2_contig_2	3953890	3954405	516	+	lapB_2	Lipopolysaccharide assembly protein B	TH2	HKNPDCAD_04361	HKNPDCAD_04361	
TH2_HKNPDCAD_04362	TH2_contig_2	3954538	3955335	798	+	pyrF	Orotidine 5'-phosphate decarboxylase	TH2	HKNPDCAD_04362	HKNPDCAD_04362	
TH2_HKNPDCAD_04363	TH2_contig_2	3955335	3955661	327	+	yciH	putative protein YciH	TH2	HKNPDCAD_04363	HKNPDCAD_04363	
TH2_HKNPDCAD_04364	TH2_contig_2	3955787	3956005	219	-	osmB	Osmotically-inducible lipoprotein B	TH2	HKNPDCAD_04364	HKNPDCAD_04364	
TH2_HKNPDCAD_04365	TH2_contig_2	3956274	3956588	315	-	hypothetical protein	hypothetical protein	TH2	HKNPDCAD_04365	HKNPDCAD_04365	
TH2_HKNPDCAD_04366	TH2_contig_2	3956573	3957022	450	-	ulaR_2	HTH-type transcriptional regulator UlaR	TH2	HKNPDCAD_04366	HKNPDCAD_04366	
TH2_HKNPDCAD_04367	TH2_contig_2	3957112	3957285	174	-	hypothetical protein	hypothetical protein	TH2	HKNPDCAD_04367	HKNPDCAD_04367	
TH2_HKNPDCAD_04368	TH2_contig_2	3957433	3959418	1986	-	pdeR	Cyclic di-GMP phosphodiesterase PdeR	TH2	HKNPDCAD_04368	HKNPDCAD_04368	
TH2_HKNPDCAD_04369	TH2_contig_2	3959654	3961588	1935	-	rnb	Exoribonuclease 2	TH2	HKNPDCAD_04369	HKNPDCAD_04369	
TH2_HKNPDCAD_04370	TH2_contig_2	3961656	3962783	1128	-	hypothetical protein	hypothetical protein	TH2	HKNPDCAD_04370	HKNPDCAD_04370	
TH2_HKNPDCAD_04371	TH2_contig_2	3962927	3963715	789	-	fabI	Enoyl-[acyl-carrier-protein] reductase [NADH] FabI	TH2	HKNPDCAD_04371	HKNPDCAD_04371	
TH2_HKNPDCAD_04372	TH2_contig_2	3964085	3964435	351	-	putative protein	putative protein	TH2	HKNPDCAD_04372	HKNPDCAD_04372	
TH2_HKNPDCAD_04373	TH2_contig_2	3964506	3965312	807	-	sapF	Putrescine export system ATP-binding protein SapF	TH2	HKNPDCAD_04373	HKNPDCAD_04373	
TH2_HKNPDCAD_04374	TH2_contig_2	3965314	3966306	993	-	sapD	Putrescine export system ATP-binding protein SapD	TH2	HKNPDCAD_04374	HKNPDCAD_04374	
TH2_HKNPDCAD_04375	TH2_contig_2	3966306	3967196	891	-	sapC	Putrescine export system permease protein SapC	TH2	HKNPDCAD_04375	HKNPDCAD_04375	
TH2_HKNPDCAD_04376	TH2_contig_2	3967183	3968016	834	-	sapB_2	Putrescine export system permease protein SapB	TH2	HKNPDCAD_04376	HKNPDCAD_04376	
TH2_HKNPDCAD_04377	TH2_contig_2	3967995	3968147	153	-	hypothetical protein	hypothetical protein	TH2	HKNPDCAD_04377	HKNPDCAD_04377	
TH2_HKNPDCAD_04378	TH2_contig_2	3968144	3969250	1107	-	sapA_1	Peptide transport periplasmic protein SapA	TH2	HKNPDCAD_04378	HKNPDCAD_04378	
TH2_HKNPDCAD_04379	TH2_contig_2	3969190	3969786	597	-	sapA_2	Peptide transport periplasmic protein SapA	TH2	HKNPDCAD_04379	HKNPDCAD_04379	
TH2_HKNPDCAD_04380	TH2_contig_2	3970099	3970344	246	-	hypothetical protein	hypothetical protein	TH2	HKNPDCAD_04380	HKNPDCAD_04380	
TH2_HKNPDCAD_04381	TH2_contig_2	3970478	3971863	1386	-	puuP	Putrescine importer PuuP	TH2	HKNPDCAD_04381	HKNPDCAD_04381	
TH2_HKNPDCAD_04382	TH2_contig_2	3972166	3973584	1419	-	puuA	Gamma-glutamylputrescine synthetase PuuA	TH2	HKNPDCAD_04382	HKNPDCAD_04382	
TH2_HKNPDCAD_04383	TH2_contig_2	3973796	3974332	537	+	puuD	Gamma-glutamyl-gamma-aminobutyrate hydrolase PuuD	TH2	HKNPDCAD_04383	HKNPDCAD_04383	
TH2_HKNPDCAD_04384	TH2_contig_2	3974586	3975143	558	+	puuR	HTH-type transcriptional regulator PuuR	TH2	HKNPDCAD_04384	HKNPDCAD_04384	
TH2_HKNPDCAD_04385	TH2_contig_2	3975418	3976905	1488	+	puuC	NADP/NAD-dependent aldehyde dehydrogenase PuuC	TH2	HKNPDCAD_04385	HKNPDCAD_04385	
TH2_HKNPDCAD_04386	TH2_contig_2	3976907	3977203	297	+	puuB_1	Gamma-glutamylputrescine oxidoreductase	TH2	HKNPDCAD_04386	HKNPDCAD_04386	
TH2_HKNPDCAD_04387	TH2_contig_2	3977188	3978186	999	+	puuB_2	Gamma-glutamylputrescine oxidoreductase	TH2	HKNPDCAD_04387	HKNPDCAD_04387	
TH2_HKNPDCAD_04388	TH2_contig_2	3978224	3979489	1266	+	puuE	4-aminobutyrate aminotransferase PuuE	TH2	HKNPDCAD_04388	HKNPDCAD_04388	
TH2_HKNPDCAD_04389	TH2_contig_2	3979609	3980586	978	-	pspF	Psp operon transcriptional activator	TH2	HKNPDCAD_04389	HKNPDCAD_04389	
TH2_HKNPDCAD_04390	TH2_contig_2	3980753	3981421	669	+	pspA_2	Phage shock protein A	TH2	HKNPDCAD_04390	HKNPDCAD_04390	
TH2_HKNPDCAD_04391	TH2_contig_2	3981475	3981699	225	+	pspB	Phage shock protein B	TH2	HKNPDCAD_04391	HKNPDCAD_04391	
TH2_HKNPDCAD_04392	TH2_contig_2	3981699	3982058	360	+	pspC	Phage shock protein C	TH2	HKNPDCAD_04392	HKNPDCAD_04392	
TH2_HKNPDCAD_04393	TH2_contig_2	3982067	3982288	222	+	pspD	Phage shock protein D	TH2	HKNPDCAD_04393	HKNPDCAD_04393	
TH2_HKNPDCAD_04394	TH2_contig_2	3982363	3982677	315	+	pspE	Thiosulfate sulfurtransferase PspE	TH2	HKNPDCAD_04394	HKNPDCAD_04394	
TH2_HKNPDCAD_04395	TH2_contig_2	3982889	3983263	375	+	ycjM_1	Glucosylglycerate phosphorylase	TH2	HKNPDCAD_04395	HKNPDCAD_04395	
TH2_HKNPDCAD_04396	TH2_contig_2	3983263	3984546	1284	+	ycjM_2	Glucosylglycerate phosphorylase	TH2	HKNPDCAD_04396	HKNPDCAD_04396	
TH2_HKNPDCAD_04397	TH2_contig_2	3984581	3985873	1293	+	hypothetical protein	hypothetical protein	TH2	HKNPDCAD_04397	HKNPDCAD_04397	
TH2_HKNPDCAD_04398	TH2_contig_2	3985894	3986775	882	+	ycjO	Inner membrane ABC transporter permease protein YcjO	TH2	HKNPDCAD_04398	HKNPDCAD_04398	
TH2_HKNPDCAD_04399	TH2_contig_2	3986762	3987604	843	+	ycjP	Inner membrane ABC transporter permease protein YcjP	TH2	HKNPDCAD_04399	HKNPDCAD_04399	
TH2_HKNPDCAD_04400	TH2_contig_2	3987635	3988687	1053	+	tdh_4	L-threonine 3-dehydrogenase	TH2	HKNPDCAD_04400	HKNPDCAD_04400	
TH2_HKNPDCAD_04401	TH2_contig_2	3988706	3989494	789	+	hypothetical protein	hypothetical protein	TH2	HKNPDCAD_04401	HKNPDCAD_04401	
TH2_HKNPDCAD_04402	TH2_contig_2	3989504	3990559	1056	+	iolG	Myo-inositol 2-dehydrogenase	TH2	HKNPDCAD_04402	HKNPDCAD_04402	
TH2_HKNPDCAD_04403	TH2_contig_2	3990556	3992823	2268	+	ycjT	Kojibiose phosphorylase	TH2	HKNPDCAD_04403	HKNPDCAD_04403	
TH2_HKNPDCAD_04404	TH2_contig_2	3992820	3993479	660	+	ycjU	Beta-phosphoglucomutase	TH2	HKNPDCAD_04404	HKNPDCAD_04404	
TH2_HKNPDCAD_04405	TH2_contig_2	3993493	3994575	1083	+	msmX	Oligosaccharides import ATP-binding protein MsmX	TH2	HKNPDCAD_04405	HKNPDCAD_04405	
TH2_HKNPDCAD_04406	TH2_contig_2	3994620	3995525	906	+	ompG	Outer membrane porin G	TH2	HKNPDCAD_04406	HKNPDCAD_04406	
TH2_HKNPDCAD_04407	TH2_contig_2	3995636	3996634	999	-	purR_1	HTH-type transcriptional repressor PurR	TH2	HKNPDCAD_04407	HKNPDCAD_04407	
TH2_HKNPDCAD_04408	TH2_contig_2	3996789	3998186	1398	+	ycjX	putative protein YcjX	TH2	HKNPDCAD_04408	HKNPDCAD_04408	
TH2_HKNPDCAD_04409	TH2_contig_2	3998183	3999244	1062	+	hypothetical protein	hypothetical protein	TH2	HKNPDCAD_04409	HKNPDCAD_04409	
TH2_HKNPDCAD_04410	TH2_contig_2	3999392	4000933	1542	+	tyrR	Transcriptional regulatory protein TyrR	TH2	HKNPDCAD_04410	HKNPDCAD_04410	
TH2_HKNPDCAD_04411	TH2_contig_2	4000977	4001483	507	-	tpx	Thiol peroxidase	TH2	HKNPDCAD_04411	HKNPDCAD_04411	
TH2_HKNPDCAD_04412	TH2_contig_2	4001602	4002567	966	+	ycjG	L-Ala-D/L-Glu epimerase	TH2	HKNPDCAD_04412	HKNPDCAD_04412	
TH2_HKNPDCAD_04413	TH2_contig_2	4002542	4003270	729	-	mpaA	Murein peptide amidase A	TH2	HKNPDCAD_04413	HKNPDCAD_04413	
TH2_HKNPDCAD_04414	TH2_contig_2	4003352	4003534	183	-	hypothetical protein	hypothetical protein	TH2	HKNPDCAD_04414	HKNPDCAD_04414	
TH2_HKNPDCAD_04415	TH2_contig_2	4003605	4004525	921	-	ycjY	putative protein YcjY	TH2	HKNPDCAD_04415	HKNPDCAD_04415	
TH2_HKNPDCAD_04416	TH2_contig_2	4004663	4005562	900	+	pgrR_2	HTH-type transcriptional regulator PgrR	TH2	HKNPDCAD_04416	HKNPDCAD_04416	
TH2_HKNPDCAD_04417	TH2_contig_2	4005899	4007512	1614	+	mppA	Periplasmic murein peptide-binding protein	TH2	HKNPDCAD_04417	HKNPDCAD_04417	
TH2_HKNPDCAD_04418	TH2_contig_2	4007563	4008594	1032	-	ynaI	Low conductance mechanosensitive channel YnaI	TH2	HKNPDCAD_04418	HKNPDCAD_04418	
TH2_HKNPDCAD_04419	TH2_contig_2	4008838	4009095	258	+	hypothetical protein	hypothetical protein	TH2	HKNPDCAD_04419	HKNPDCAD_04419	
TH2_HKNPDCAD_04420	TH2_contig_2	4009145	4010095	951	-	uspE	Universal stress protein E	TH2	HKNPDCAD_04420	HKNPDCAD_04420	
TH2_HKNPDCAD_04421	TH2_contig_2	4010247	4010999	753	-	fnr	Fumarate and nitrate reduction regulatory protein	TH2	HKNPDCAD_04421	HKNPDCAD_04421	
TH2_HKNPDCAD_04422	TH2_contig_2	4011194	4011709	516	-	ogt	Methylated-DNA--protein-cysteine methyltransferase	TH2	HKNPDCAD_04422	HKNPDCAD_04422	
TH2_HKNPDCAD_04423	TH2_contig_2	4012397	4012960	564	+	smrA	putative DNA endonuclease SmrA	TH2	HKNPDCAD_04423	HKNPDCAD_04423	
TH2_HKNPDCAD_04424	TH2_contig_2	4012981	4014213	1233	-	dgcM	Diguanylate cyclase DgcM	TH2	HKNPDCAD_04424	HKNPDCAD_04424	
TH2_HKNPDCAD_04425	TH2_contig_2	4014468	4015451	984	+	zntB	Zinc transport protein ZntB	TH2	HKNPDCAD_04425	HKNPDCAD_04425	
TH2_HKNPDCAD_04426	TH2_contig_2	4015724	4015897	174	+	ynaL	Protein YnaL	TH2	HKNPDCAD_04426	HKNPDCAD_04426	
TH2_HKNPDCAD_04427	TH2_contig_2	4015927	4017129	1203	+	dbpA_1	ATP-dependent RNA helicase DbpA	TH2	HKNPDCAD_04427	HKNPDCAD_04427	
TH2_HKNPDCAD_04428	TH2_contig_2	4017108	4017299	192	+	dbpA_2	ATP-dependent RNA helicase DbpA	TH2	HKNPDCAD_04428	HKNPDCAD_04428	
TH2_HKNPDCAD_04429	TH2_contig_2	4017428	4018363	936	-	ttcA	tRNA-cytidine(32) 2-sulfurtransferase	TH2	HKNPDCAD_04429	HKNPDCAD_04429	
TH2_HKNPDCAD_04430	TH2_contig_2	4018540	4018974	435	-	uspF	Universal stress protein F	TH2	HKNPDCAD_04430	HKNPDCAD_04430	
TH2_HKNPDCAD_04431	TH2_contig_2	4019115	4020248	1134	-	ompN	Outer membrane porin N	TH2	HKNPDCAD_04431	HKNPDCAD_04431	
TH2_HKNPDCAD_04432	TH2_contig_2	4020613	4023117	2505	-	nifJ_1	Pyruvate-flavodoxin oxidoreductase	TH2	HKNPDCAD_04432	HKNPDCAD_04432	
TH2_HKNPDCAD_04433	TH2_contig_2	4023117	4024136	1020	-	nifJ_2	Pyruvate-flavodoxin oxidoreductase	TH2	HKNPDCAD_04433	HKNPDCAD_04433	
TH2_HKNPDCAD_04434	TH2_contig_2	4024410	4024676	267	+	hypothetical protein	hypothetical protein	TH2	HKNPDCAD_04434	HKNPDCAD_04434	
TH2_HKNPDCAD_04435	TH2_contig_2	4024673	4025095	423	-	hslJ	Heat shock protein HslJ	TH2	HKNPDCAD_04435	HKNPDCAD_04435	
TH2_HKNPDCAD_04436	TH2_contig_2	4025206	4026195	990	-	ldhA	D-lactate dehydrogenase	TH2	HKNPDCAD_04436	HKNPDCAD_04436	
TH2_HKNPDCAD_04437	TH2_contig_2	4026403	4029042	2640	+	hypothetical protein	hypothetical protein	TH2	HKNPDCAD_04437	HKNPDCAD_04437	
TH2_HKNPDCAD_04438	TH2_contig_2	4029039	4029224	186	+	hypothetical protein	hypothetical protein	TH2	HKNPDCAD_04438	HKNPDCAD_04438	
TH2_HKNPDCAD_04439	TH2_contig_2	4029232	4029558	327	+	hypothetical protein	hypothetical protein	TH2	HKNPDCAD_04439	HKNPDCAD_04439	
TH2_HKNPDCAD_04440	TH2_contig_2	4029730	4030635	906	-	feaR	Transcriptional activator FeaR	TH2	HKNPDCAD_04440	HKNPDCAD_04440	
TH2_HKNPDCAD_04441	TH2_contig_2	4030871	4032370	1500	+	feaB	Phenylacetaldehyde dehydrogenase	TH2	HKNPDCAD_04441	HKNPDCAD_04441	
TH2_HKNPDCAD_04442	TH2_contig_2	4032428	4033285	858	-	tynA_1	Primary amine oxidase	TH2	HKNPDCAD_04442	HKNPDCAD_04442	
TH2_HKNPDCAD_04443	TH2_contig_2	4033246	4034700	1455	-	tynA_2	Primary amine oxidase	TH2	HKNPDCAD_04443	HKNPDCAD_04443	
TH2_HKNPDCAD_04444	TH2_contig_2	4034948	4036993	2046	-	paaZ	Bifunctional protein PaaZ	TH2	HKNPDCAD_04444	HKNPDCAD_04444	
TH2_HKNPDCAD_04445	TH2_contig_2	4037278	4038207	930	+	paaA	1,2-phenylacetyl-CoA epoxidase, subunit A	TH2	HKNPDCAD_04445	HKNPDCAD_04445	
TH2_HKNPDCAD_04446	TH2_contig_2	4038219	4038506	288	+	paaB	1,2-phenylacetyl-CoA epoxidase, subunit B	TH2	HKNPDCAD_04446	HKNPDCAD_04446	
TH2_HKNPDCAD_04447	TH2_contig_2	4038515	4039261	747	+	paaC	1,2-phenylacetyl-CoA epoxidase, subunit C	TH2	HKNPDCAD_04447	HKNPDCAD_04447	
TH2_HKNPDCAD_04448	TH2_contig_2	4039276	4040850	1575	+	hmp_2	Flavohemoprotein	TH2	HKNPDCAD_04448	HKNPDCAD_04448	
TH2_HKNPDCAD_04449	TH2_contig_2	4040847	4041614	768	+	paaF	2,3-dehydroadipyl-CoA hydratase	TH2	HKNPDCAD_04449	HKNPDCAD_04449	
TH2_HKNPDCAD_04450	TH2_contig_2	4041614	4042030	417	+	paaG_1	1,2-epoxyphenylacetyl-CoA isomerase	TH2	HKNPDCAD_04450	HKNPDCAD_04450	
TH2_HKNPDCAD_04451	TH2_contig_2	4042093	4042401	309	+	paaG_2	1,2-epoxyphenylacetyl-CoA isomerase	TH2	HKNPDCAD_04451	HKNPDCAD_04451	
TH2_HKNPDCAD_04452	TH2_contig_2	4042448	4042849	402	+	paaH_1	3-hydroxyadipyl-CoA dehydrogenase	TH2	HKNPDCAD_04452	HKNPDCAD_04452	
TH2_HKNPDCAD_04453	TH2_contig_2	4042849	4043046	198	+	hypothetical protein	hypothetical protein	TH2	HKNPDCAD_04453	HKNPDCAD_04453	
TH2_HKNPDCAD_04454	TH2_contig_2	4043043	4043828	786	+	paaH_2	3-hydroxyadipyl-CoA dehydrogenase	TH2	HKNPDCAD_04454	HKNPDCAD_04454	
TH2_HKNPDCAD_04455	TH2_contig_2	4043818	4044240	423	+	paaI	Acyl-coenzyme A thioesterase PaaI	TH2	HKNPDCAD_04455	HKNPDCAD_04455	
TH2_HKNPDCAD_04456	TH2_contig_2	4044240	4045445	1206	+	paaJ	3-oxoadipyl-CoA/3-oxo-5,6-dehydrosuberyl-CoA thiolase	TH2	HKNPDCAD_04456	HKNPDCAD_04456	
TH2_HKNPDCAD_04457	TH2_contig_2	4045585	4046346	762	+	paaK_1	Phenylacetate-coenzyme A ligase	TH2	HKNPDCAD_04457	HKNPDCAD_04457	
TH2_HKNPDCAD_04458	TH2_contig_2	4046421	4046783	363	+	paaK_2	Phenylacetate-coenzyme A ligase	TH2	HKNPDCAD_04458	HKNPDCAD_04458	
TH2_HKNPDCAD_04459	TH2_contig_2	4046884	4047834	951	+	paaX	Transcriptional repressor PaaX	TH2	HKNPDCAD_04459	HKNPDCAD_04459	
TH2_HKNPDCAD_04460	TH2_contig_2	4047816	4048406	591	+	caiE	Carnitine operon protein CaiE	TH2	HKNPDCAD_04460	HKNPDCAD_04460	
TH2_HKNPDCAD_04461	TH2_contig_2	4048638	4048754	117	+	pdxI_1	Pyridoxine 4-dehydrogenase	TH2	HKNPDCAD_04461	HKNPDCAD_04461	
TH2_HKNPDCAD_04462	TH2_contig_2	4048757	4049068	312	+	pdxI_2	Pyridoxine 4-dehydrogenase	TH2	HKNPDCAD_04462	HKNPDCAD_04462	
TH2_HKNPDCAD_04463	TH2_contig_2	4049071	4049496	426	+	pdxI_3	Pyridoxine 4-dehydrogenase	TH2	HKNPDCAD_04463	HKNPDCAD_04463	
TH2_HKNPDCAD_04464	TH2_contig_2	4049560	4051866	2307	+	hypothetical protein	hypothetical protein	TH2	HKNPDCAD_04464	HKNPDCAD_04464	
TH2_HKNPDCAD_04465	TH2_contig_2	4052037	4052642	606	+	ynbA	Inner membrane protein YnbA	TH2	HKNPDCAD_04465	HKNPDCAD_04465	
TH2_HKNPDCAD_04466	TH2_contig_2	4052642	4053538	897	+	hypothetical protein	hypothetical protein	TH2	HKNPDCAD_04466	HKNPDCAD_04466	
TH2_HKNPDCAD_04467	TH2_contig_2	4053554	4054126	573	+	ynbC_1	putative protein YnbC	TH2	HKNPDCAD_04467	HKNPDCAD_04467	
TH2_HKNPDCAD_04468	TH2_contig_2	4054153	4055310	1158	+	ynbC_2	putative protein YnbC	TH2	HKNPDCAD_04468	HKNPDCAD_04468	
TH2_HKNPDCAD_04469	TH2_contig_2	4055348	4056616	1269	+	ynbD	putative protein YnbD	TH2	HKNPDCAD_04469	HKNPDCAD_04469	
TH2_HKNPDCAD_04470	TH2_contig_2	4056670	4057275	606	-	azoR_2	FMN-dependent NADH-azoreductase	TH2	HKNPDCAD_04470	HKNPDCAD_04470	
TH2_HKNPDCAD_04471	TH2_contig_2	4057476	4059314	1839	+	hypothetical protein	hypothetical protein	TH2	HKNPDCAD_04471	HKNPDCAD_04471	
TH2_HKNPDCAD_04472	TH2_contig_2	4059286	4059981	696	+	hypothetical protein	hypothetical protein	TH2	HKNPDCAD_04472	HKNPDCAD_04472	
TH2_HKNPDCAD_04473	TH2_contig_2	4059924	4061378	1455	+	hypothetical protein	hypothetical protein	TH2	HKNPDCAD_04473	HKNPDCAD_04473	
TH2_HKNPDCAD_04474	TH2_contig_2	4061650	4062450	801	+	ydcF	Protein YdcF	TH2	HKNPDCAD_04474	HKNPDCAD_04474	
TH2_HKNPDCAD_04475	TH2_contig_2	4062647	4063081	435	+	betB_3	NAD/NADP-dependent betaine aldehyde dehydrogenase	TH2	HKNPDCAD_04475	HKNPDCAD_04475	
TH2_HKNPDCAD_04476	TH2_contig_2	4063057	4063425	369	+	aldA_1	Lactaldehyde dehydrogenase	TH2	HKNPDCAD_04476	HKNPDCAD_04476	
TH2_HKNPDCAD_04477	TH2_contig_2	4063425	4064084	660	+	aldA_2	Lactaldehyde dehydrogenase	TH2	HKNPDCAD_04477	HKNPDCAD_04477	
TH2_HKNPDCAD_04478	TH2_contig_2	4064125	4064376	252	-	gapA1	Glyceraldehyde-3-phosphate dehydrogenase 1	TH2	HKNPDCAD_04478	HKNPDCAD_04478	
TH2_HKNPDCAD_04479	TH2_contig_2	4064373	4064750	378	-	gap	Glyceraldehyde-3-phosphate dehydrogenase	TH2	HKNPDCAD_04479	HKNPDCAD_04479	
TH2_HKNPDCAD_04480	TH2_contig_2	4065009	4065125	117	-	hypothetical protein	hypothetical protein	TH2	HKNPDCAD_04480	HKNPDCAD_04480	
TH2_HKNPDCAD_04481	TH2_contig_2	4065314	4065844	531	+	cybB	Cytochrome b561	TH2	HKNPDCAD_04481	HKNPDCAD_04481	
TH2_HKNPDCAD_04482	TH2_contig_2	4066089	4066262	174	+	hypothetical protein	hypothetical protein	TH2	HKNPDCAD_04482	HKNPDCAD_04482	
TH2_HKNPDCAD_04483	TH2_contig_2	4066334	4066483	150	-	hokB	Toxic protein HokB	TH2	HKNPDCAD_04483	HKNPDCAD_04483	
TH2_HKNPDCAD_04484	TH2_contig_2	4066882	4068522	1641	+	trg	Methyl-accepting chemotaxis protein III	TH2	HKNPDCAD_04484	HKNPDCAD_04484	
TH2_HKNPDCAD_04485	TH2_contig_2	4068560	4069579	1020	-	catM	HTH-type transcriptional regulator CatM	TH2	HKNPDCAD_04485	HKNPDCAD_04485	
TH2_HKNPDCAD_04486	TH2_contig_2	4069700	4071043	1344	+	putative protein	putative protein	TH2	HKNPDCAD_04486	HKNPDCAD_04486	
TH2_HKNPDCAD_04487	TH2_contig_2	4071304	4071552	249	+	mdoD_1	Glucans biosynthesis protein D	TH2	HKNPDCAD_04487	HKNPDCAD_04487	
TH2_HKNPDCAD_04488	TH2_contig_2	4071590	4072924	1335	+	mdoD_2	Glucans biosynthesis protein D	TH2	HKNPDCAD_04488	HKNPDCAD_04488	
TH2_HKNPDCAD_04489	TH2_contig_2	4073064	4073288	225	+	hypothetical protein	hypothetical protein	TH2	HKNPDCAD_04489	HKNPDCAD_04489	
TH2_HKNPDCAD_04490	TH2_contig_2	4073351	4073890	540	+	rimL	Ribosomal-protein-serine acetyltransferase	TH2	HKNPDCAD_04490	HKNPDCAD_04490	
TH2_HKNPDCAD_04491	TH2_contig_2	4073882	4074862	981	-	hypothetical protein	hypothetical protein	TH2	HKNPDCAD_04491	HKNPDCAD_04491	
TH2_HKNPDCAD_04492	TH2_contig_2	4074986	4075978	993	+	tehA	Tellurite resistance protein TehA	TH2	HKNPDCAD_04492	HKNPDCAD_04492	
TH2_HKNPDCAD_04493	TH2_contig_2	4075975	4076568	594	+	tehB	Tellurite methyltransferase	TH2	HKNPDCAD_04493	HKNPDCAD_04493	
TH2_HKNPDCAD_04494	TH2_contig_2	4076871	4077539	669	+	hypothetical protein	hypothetical protein	TH2	HKNPDCAD_04494	HKNPDCAD_04494	
TH2_HKNPDCAD_04495	TH2_contig_2	4078126	4079274	1149	+	IS200/IS605 family transposase IS609	IS200/IS605 family transposase IS609	TH2	HKNPDCAD_04495	HKNPDCAD_04495	
TH2_HKNPDCAD_04496	TH2_contig_2	4079314	4079559	246	-	ydcO_1	Inner membrane protein YdcO	TH2	HKNPDCAD_04496	HKNPDCAD_04496	
TH2_HKNPDCAD_04497	TH2_contig_2	4079556	4080503	948	-	ydcO_2	Inner membrane protein YdcO	TH2	HKNPDCAD_04497	HKNPDCAD_04497	
TH2_HKNPDCAD_04498	TH2_contig_2	4080595	4080957	363	+	sutR	HTH-type transcriptional regulator SutR	TH2	HKNPDCAD_04498	HKNPDCAD_04498	
TH2_HKNPDCAD_04499	TH2_contig_2	4080906	4081097	192	-	hypothetical protein	hypothetical protein	TH2	HKNPDCAD_04499	HKNPDCAD_04499	
TH2_HKNPDCAD_04500	TH2_contig_2	4081161	4083164	2004	+	rlhA_2	23S rRNA 5-hydroxycytidine synthase	TH2	HKNPDCAD_04500	HKNPDCAD_04500	
TH2_HKNPDCAD_04501	TH2_contig_2	4083256	4083426	171	-	hypothetical protein	hypothetical protein	TH2	HKNPDCAD_04501	HKNPDCAD_04501	
TH2_HKNPDCAD_04502	TH2_contig_2	4083708	4083884	177	+	hicA	putative mRNA interferase toxin HicA	TH2	HKNPDCAD_04502	HKNPDCAD_04502	
TH2_HKNPDCAD_04503	TH2_contig_2	4083909	4084346	438	+	hicB	Antitoxin HicB	TH2	HKNPDCAD_04503	HKNPDCAD_04503	
TH2_HKNPDCAD_04504	TH2_contig_2	4084425	4085246	822	+	hypothetical protein	hypothetical protein	TH2	HKNPDCAD_04504	HKNPDCAD_04504	
TH2_HKNPDCAD_04505	TH2_contig_2	4085219	4085833	615	+	lysN	2-aminoadipate transaminase	TH2	HKNPDCAD_04505	HKNPDCAD_04505	
TH2_HKNPDCAD_04506	TH2_contig_2	4086075	4087112	1038	+	ydcS	Bifunctional polyhydroxybutyrate synthase / ABC transporter periplasmic binding protein	TH2	HKNPDCAD_04506	HKNPDCAD_04506	
TH2_HKNPDCAD_04507	TH2_contig_2	4087239	4088252	1014	+	potA_4	Spermidine/putrescine import ATP-binding protein PotA	TH2	HKNPDCAD_04507	HKNPDCAD_04507	
TH2_HKNPDCAD_04508	TH2_contig_2	4088253	4089194	942	+	ydcU	Inner membrane ABC transporter permease protein YdcU	TH2	HKNPDCAD_04508	HKNPDCAD_04508	
TH2_HKNPDCAD_04509	TH2_contig_2	4089184	4089978	795	+	ydcV_3	Inner membrane ABC transporter permease protein YdcV	TH2	HKNPDCAD_04509	HKNPDCAD_04509	
TH2_HKNPDCAD_04510	TH2_contig_2	4090131	4091423	1293	+	prr	Gamma-aminobutyraldehyde dehydrogenase	TH2	HKNPDCAD_04510	HKNPDCAD_04510	
TH2_HKNPDCAD_04511	TH2_contig_2	4091633	4092442	810	+	dapH_2	2,3,4,5-tetrahydropyridine-2,6-dicarboxylate N-acetyltransferase	TH2	HKNPDCAD_04511	HKNPDCAD_04511	
TH2_HKNPDCAD_04512	TH2_contig_2	4093134	4093307	174	+	ortT	Orphan toxin OrtT	TH2	HKNPDCAD_04512	HKNPDCAD_04512	
TH2_HKNPDCAD_04513	TH2_contig_2	4093393	4093626	234	+	ydcY	putative protein YdcY	TH2	HKNPDCAD_04513	HKNPDCAD_04513	
TH2_HKNPDCAD_04514	TH2_contig_2	4093627	4094076	450	-	ydcZ	Inner membrane protein YdcZ	TH2	HKNPDCAD_04514	HKNPDCAD_04514	
TH2_HKNPDCAD_04515	TH2_contig_2	4094073	4094591	519	-	mnaT	L-amino acid N-acyltransferase MnaT	TH2	HKNPDCAD_04515	HKNPDCAD_04515	
TH2_HKNPDCAD_04516	TH2_contig_2	4094772	4095809	1038	+	curA	NADPH-dependent curcumin reductase	TH2	HKNPDCAD_04516	HKNPDCAD_04516	
TH2_HKNPDCAD_04517	TH2_contig_2	4096007	4096672	666	+	mcbR	HTH-type transcriptional regulator McbR	TH2	HKNPDCAD_04517	HKNPDCAD_04517	
TH2_HKNPDCAD_04518	TH2_contig_2	4096708	4098810	2103	-	cntO	Metal-pseudopaline receptor CntO	TH2	HKNPDCAD_04518	HKNPDCAD_04518	
TH2_HKNPDCAD_04519	TH2_contig_2	4099051	4100112	1062	+	yncE	putative protein YncE	TH2	HKNPDCAD_04519	HKNPDCAD_04519	
TH2_HKNPDCAD_04520	TH2_contig_2	4100225	4101724	1500	-	ansP2	L-asparagine permease 2	TH2	HKNPDCAD_04520	HKNPDCAD_04520	
TH2_HKNPDCAD_04521	TH2_contig_2	4101991	4102608	618	+	gstB_2	Glutathione S-transferase GST-6.0	TH2	HKNPDCAD_04521	HKNPDCAD_04521	
TH2_HKNPDCAD_04522	TH2_contig_2	4102684	4102896	213	+	hypothetical protein	hypothetical protein	TH2	HKNPDCAD_04522	HKNPDCAD_04522	
TH2_HKNPDCAD_04523	TH2_contig_2	4103716	4103895	180	+	hypothetical protein	hypothetical protein	TH2	HKNPDCAD_04523	HKNPDCAD_04523	
TH2_HKNPDCAD_04524	TH2_contig_2	4103883	4105823	1941	+	hypothetical protein	hypothetical protein	TH2	HKNPDCAD_04524	HKNPDCAD_04524	
TH2_HKNPDCAD_04525	TH2_contig_2	4105891	4106394	504	+	rhsD_4	Protein RhsD	TH2	HKNPDCAD_04525	HKNPDCAD_04525	
TH2_HKNPDCAD_04526	TH2_contig_2	4106364	4107239	876	+	rhsD_5	Protein RhsD	TH2	HKNPDCAD_04526	HKNPDCAD_04526	
TH2_HKNPDCAD_04527	TH2_contig_2	4107242	4109278	2037	+	hypothetical protein	hypothetical protein	TH2	HKNPDCAD_04527	HKNPDCAD_04527	
TH2_HKNPDCAD_04528	TH2_contig_2	4109262	4109876	615	+	hypothetical protein	hypothetical protein	TH2	HKNPDCAD_04528	HKNPDCAD_04528	
TH2_HKNPDCAD_04529	TH2_contig_2	4109925	4110671	747	+	ISAs1 family transposase ISEc26	ISAs1 family transposase ISEc26	TH2	HKNPDCAD_04529	HKNPDCAD_04529	
TH2_HKNPDCAD_04530	TH2_contig_2	4111155	4112291	1137	+	ISAs1 family transposase ISEc5	ISAs1 family transposase ISEc5	TH2	HKNPDCAD_04530	HKNPDCAD_04530	
TH2_HKNPDCAD_04531	TH2_contig_2	4112391	4112624	234	+	pptA	Tautomerase PptA	TH2	HKNPDCAD_04531	HKNPDCAD_04531	
TH2_HKNPDCAD_04532	TH2_contig_2	4112621	4113190	570	-	hypothetical protein	hypothetical protein	TH2	HKNPDCAD_04532	HKNPDCAD_04532	
TH2_HKNPDCAD_04533	TH2_contig_2	4113363	4114208	846	+	nhoA_4	Arylamine N-acetyltransferase	TH2	HKNPDCAD_04533	HKNPDCAD_04533	
TH2_HKNPDCAD_04534	TH2_contig_2	4114304	4115197	894	-	yddE_3	putative isomerase YddE	TH2	HKNPDCAD_04534	HKNPDCAD_04534	
TH2_HKNPDCAD_04535	TH2_contig_2	4115276	4115956	681	-	narV	Respiratory nitrate reductase 2 gamma chain	TH2	HKNPDCAD_04535	HKNPDCAD_04535	
TH2_HKNPDCAD_04536	TH2_contig_2	4115953	4116648	696	-	narW	putative nitrate reductase molybdenum cofactor assembly chaperone NarW	TH2	HKNPDCAD_04536	HKNPDCAD_04536	
TH2_HKNPDCAD_04537	TH2_contig_2	4116648	4118192	1545	-	narY_2	Respiratory nitrate reductase 2 beta chain	TH2	HKNPDCAD_04537	HKNPDCAD_04537	
TH2_HKNPDCAD_04538	TH2_contig_2	4118189	4121929	3741	-	narZ_4	Respiratory nitrate reductase 2 alpha chain	TH2	HKNPDCAD_04538	HKNPDCAD_04538	
TH2_HKNPDCAD_04539	TH2_contig_2	4122011	4123123	1113	-	narU_2	Nitrate/nitrite transporter NarU	TH2	HKNPDCAD_04539	HKNPDCAD_04539	
TH2_HKNPDCAD_04540	TH2_contig_2	4123174	4123398	225	-	narU_3	Nitrate/nitrite transporter NarU	TH2	HKNPDCAD_04540	HKNPDCAD_04540	
TH2_HKNPDCAD_04541	TH2_contig_2	4123722	4124057	336	-	hypothetical protein	hypothetical protein	TH2	HKNPDCAD_04541	HKNPDCAD_04541	
TH2_HKNPDCAD_04542	TH2_contig_2	4124096	4125016	921	-	hypothetical protein	hypothetical protein	TH2	HKNPDCAD_04542	HKNPDCAD_04542	
TH2_HKNPDCAD_04543	TH2_contig_2	4125076	4125366	291	-	ompD_3	Outer membrane porin protein OmpD	TH2	HKNPDCAD_04543	HKNPDCAD_04543	
TH2_HKNPDCAD_04544	TH2_contig_2	4125626	4126450	825	-	yddG_2	Aromatic amino acid exporter YddG	TH2	HKNPDCAD_04544	HKNPDCAD_04544	
TH2_HKNPDCAD_04545	TH2_contig_2	4126738	4127325	588	+	fdnG_3	Formate dehydrogenase, nitrate-inducible, major subunit	TH2	HKNPDCAD_04545	HKNPDCAD_04545	
TH2_HKNPDCAD_04546	TH2_contig_2	4127374	4129785	2412	+	fdnG_4	Formate dehydrogenase, nitrate-inducible, major subunit	TH2	HKNPDCAD_04546	HKNPDCAD_04546	
TH2_HKNPDCAD_04547	TH2_contig_2	4129798	4130682	885	+	fdnH_4	Formate dehydrogenase, nitrate-inducible, iron-sulfur subunit	TH2	HKNPDCAD_04547	HKNPDCAD_04547	
TH2_HKNPDCAD_04548	TH2_contig_2	4130675	4131328	654	+	fdnI_2	Formate dehydrogenase, nitrate-inducible, cytochrome b556(Fdn) subunit	TH2	HKNPDCAD_04548	HKNPDCAD_04548	
TH2_HKNPDCAD_04549	TH2_contig_2	4131557	4131841	285	-	yddM_2	putative HTH-type transcriptional regulator YddM	TH2	HKNPDCAD_04549	HKNPDCAD_04549	
TH2_HKNPDCAD_04550	TH2_contig_2	4131987	4132334	348	-	adhP_2	Alcohol dehydrogenase, propanol-preferring	TH2	HKNPDCAD_04550	HKNPDCAD_04550	
TH2_HKNPDCAD_04551	TH2_contig_2	4132282	4132995	714	-	adhP_3	Alcohol dehydrogenase, propanol-preferring	TH2	HKNPDCAD_04551	HKNPDCAD_04551	
TH2_HKNPDCAD_04552	TH2_contig_2	4133129	4133890	762	-	maeA_3	NAD-dependent malic enzyme	TH2	HKNPDCAD_04552	HKNPDCAD_04552	
TH2_HKNPDCAD_04553	TH2_contig_2	4133995	4134825	831	-	maeA_4	NAD-dependent malic enzyme	TH2	HKNPDCAD_04553	HKNPDCAD_04553	
TH2_HKNPDCAD_04554	TH2_contig_2	4134981	4135118	138	-	sra_2	Stationary-phase-induced ribosome-associated protein	TH2	HKNPDCAD_04554	HKNPDCAD_04554	
TH2_HKNPDCAD_04555	TH2_contig_2	4135220	4135435	216	-	bdm	Protein bdm	TH2	HKNPDCAD_04555	HKNPDCAD_04555	
TH2_HKNPDCAD_04556	TH2_contig_2	4135780	4136211	432	+	osmC_2	Peroxiredoxin OsmC	TH2	HKNPDCAD_04556	HKNPDCAD_04556	
TH2_HKNPDCAD_04557	TH2_contig_2	4136314	4137192	879	-	ddpF_2	putative D,D-dipeptide transport ATP-binding protein DdpF	TH2	HKNPDCAD_04557	HKNPDCAD_04557	
TH2_HKNPDCAD_04558	TH2_contig_2	4137185	4138171	987	-	ddpD_3	putative D,D-dipeptide transport ATP-binding protein DdpD	TH2	HKNPDCAD_04558	HKNPDCAD_04558	
TH2_HKNPDCAD_04559	TH2_contig_2	4138168	4139064	897	-	ddpC_2	putative D,D-dipeptide transport system permease protein DdpC	TH2	HKNPDCAD_04559	HKNPDCAD_04559	
TH2_HKNPDCAD_04560	TH2_contig_2	4139061	4139747	687	-	ddpB_2	putative D,D-dipeptide transport system permease protein DdpB	TH2	HKNPDCAD_04560	HKNPDCAD_04560	
TH2_HKNPDCAD_04561	TH2_contig_2	4139744	4140082	339	-	ddpB_3	putative D,D-dipeptide transport system permease protein DdpB	TH2	HKNPDCAD_04561	HKNPDCAD_04561	
TH2_HKNPDCAD_04562	TH2_contig_2	4140084	4141634	1551	-	ddpA_2	putative D,D-dipeptide-binding periplasmic protein DdpA	TH2	HKNPDCAD_04562	HKNPDCAD_04562	
TH2_HKNPDCAD_04563	TH2_contig_2	4141648	4142229	582	-	ddpX_2	D-alanyl-D-alanine dipeptidase	TH2	HKNPDCAD_04563	HKNPDCAD_04563	
TH2_HKNPDCAD_04564	TH2_contig_2	4142487	4143746	1260	-	dosP_4	Oxygen sensor protein DosP	TH2	HKNPDCAD_04564	HKNPDCAD_04564	
TH2_HKNPDCAD_04565	TH2_contig_2	4143743	4144822	1080	-	dosP_5	Oxygen sensor protein DosP	TH2	HKNPDCAD_04565	HKNPDCAD_04565	
TH2_HKNPDCAD_04566	TH2_contig_2	4144909	4146291	1383	-	dosC_2	Diguanylate cyclase DosC	TH2	HKNPDCAD_04566	HKNPDCAD_04566	
TH2_HKNPDCAD_04567	TH2_contig_2	4146655	4147704	1050	-	hypothetical protein	hypothetical protein	TH2	HKNPDCAD_04567	HKNPDCAD_04567	
TH2_HKNPDCAD_04568	TH2_contig_2	4148104	4149639	1536	-	gadC	putative glutamate/gamma-aminobutyrate antiporter	TH2	HKNPDCAD_04568	HKNPDCAD_04568	
TH2_HKNPDCAD_04569	TH2_contig_2	4149795	4150226	432	-	gadA_2	Glutamate decarboxylase alpha	TH2	HKNPDCAD_04569	HKNPDCAD_04569	
TH2_HKNPDCAD_04570	TH2_contig_2	4150223	4151194	972	-	gadB	Glutamate decarboxylase beta	TH2	HKNPDCAD_04570	HKNPDCAD_04570	
TH2_HKNPDCAD_04571	TH2_contig_2	4151556	4156253	4698	-	hypothetical protein	hypothetical protein	TH2	HKNPDCAD_04571	HKNPDCAD_04571	
TH2_HKNPDCAD_04572	TH2_contig_2	4156250	4156348	99	-	hypothetical protein	hypothetical protein	TH2	HKNPDCAD_04572	HKNPDCAD_04572	
TH2_HKNPDCAD_04573	TH2_contig_2	4156386	4158071	1686	-	yddA	Inner membrane ABC transporter ATP-binding protein YddA	TH2	HKNPDCAD_04573	HKNPDCAD_04573	
TH2_HKNPDCAD_04574	TH2_contig_2	4158362	4159519	1158	-	chuR_2	Anaerobic sulfatase-maturating enzyme	TH2	HKNPDCAD_04574	HKNPDCAD_04574	
TH2_HKNPDCAD_04575	TH2_contig_2	4159571	4161253	1683	-	hypothetical protein	hypothetical protein	TH2	HKNPDCAD_04575	HKNPDCAD_04575	
TH2_HKNPDCAD_04576	TH2_contig_2	4161655	4162416	762	-	ydeO_1	HTH-type transcriptional regulator YdeO	TH2	HKNPDCAD_04576	HKNPDCAD_04576	
TH2_HKNPDCAD_04577	TH2_contig_2	4162490	4162687	198	-	safA	Two-component-system connector protein SafA	TH2	HKNPDCAD_04577	HKNPDCAD_04577	
TH2_HKNPDCAD_04578	TH2_contig_2	4162935	4163624	690	-	ydeP_1	Protein YdeP	TH2	HKNPDCAD_04578	HKNPDCAD_04578	
TH2_HKNPDCAD_04579	TH2_contig_2	4163639	4165213	1575	-	ydeP_2	Protein YdeP	TH2	HKNPDCAD_04579	HKNPDCAD_04579	
TH2_HKNPDCAD_04580	TH2_contig_2	4165547	4166002	456	-	fimH_2	Type 1 fimbrin D-mannose specific adhesin	TH2	HKNPDCAD_04580	HKNPDCAD_04580	
TH2_HKNPDCAD_04581	TH2_contig_2	4165981	4166460	480	-	fimH_3	Type 1 fimbrin D-mannose specific adhesin	TH2	HKNPDCAD_04581	HKNPDCAD_04581	
TH2_HKNPDCAD_04582	TH2_contig_2	4166519	4167022	504	-	fimG_2	Protein FimG	TH2	HKNPDCAD_04582	HKNPDCAD_04582	
TH2_HKNPDCAD_04583	TH2_contig_2	4167035	4167565	531	-	fimF_2	Protein FimF	TH2	HKNPDCAD_04583	HKNPDCAD_04583	
TH2_HKNPDCAD_04584	TH2_contig_2	4167605	4168726	1122	-	fimD_2	Outer membrane usher protein FimD	TH2	HKNPDCAD_04584	HKNPDCAD_04584	
TH2_HKNPDCAD_04585	TH2_contig_2	4169579	4170901	1323	-	hipA_1	Serine/threonine-protein kinase toxin HipA	TH2	HKNPDCAD_04585	HKNPDCAD_04585	
TH2_HKNPDCAD_04586	TH2_contig_2	4170963	4171184	222	-	hypothetical protein	hypothetical protein	TH2	HKNPDCAD_04586	HKNPDCAD_04586	
TH2_HKNPDCAD_04587	TH2_contig_2	4171389	4172393	1005	-	icsA_2	Outer membrane protein IcsA autotransporter	TH2	HKNPDCAD_04587	HKNPDCAD_04587	
TH2_HKNPDCAD_04588	TH2_contig_2	4172784	4175963	3180	-	hypothetical protein	hypothetical protein	TH2	HKNPDCAD_04588	HKNPDCAD_04588	
TH2_HKNPDCAD_04589	TH2_contig_2	4175966	4176802	837	-	hypothetical protein	hypothetical protein	TH2	HKNPDCAD_04589	HKNPDCAD_04589	
TH2_HKNPDCAD_04590	TH2_contig_2	4177334	4178926	1593	-	lsrK	Autoinducer-2 kinase	TH2	HKNPDCAD_04590	HKNPDCAD_04590	
TH2_HKNPDCAD_04591	TH2_contig_2	4179070	4179957	888	-	lsrR	Transcriptional regulator LsrR	TH2	HKNPDCAD_04591	HKNPDCAD_04591	
TH2_HKNPDCAD_04592	TH2_contig_2	4180206	4181741	1536	+	lsrA	Autoinducer 2 import ATP-binding protein LsrA	TH2	HKNPDCAD_04592	HKNPDCAD_04592	
TH2_HKNPDCAD_04593	TH2_contig_2	4181735	4182763	1029	+	lsrC	Autoinducer 2 import system permease protein LsrC	TH2	HKNPDCAD_04593	HKNPDCAD_04593	
TH2_HKNPDCAD_04594	TH2_contig_2	4182763	4183755	993	+	lsrD	Autoinducer 2 import system permease protein LsrD	TH2	HKNPDCAD_04594	HKNPDCAD_04594	
TH2_HKNPDCAD_04595	TH2_contig_2	4183767	4184630	864	+	lsrB_1	Autoinducer 2-binding protein LsrB	TH2	HKNPDCAD_04595	HKNPDCAD_04595	
TH2_HKNPDCAD_04596	TH2_contig_2	4184627	4184788	162	+	lsrB_2	Autoinducer 2-binding protein LsrB	TH2	HKNPDCAD_04596	HKNPDCAD_04596	
TH2_HKNPDCAD_04597	TH2_contig_2	4184815	4185690	876	+	lsrF	3-hydroxy-5-phosphonooxypentane-2,4-dione thiolase	TH2	HKNPDCAD_04597	HKNPDCAD_04597	
TH2_HKNPDCAD_04598	TH2_contig_2	4185714	4186004	291	+	lsrG	(4S)-4-hydroxy-5-phosphonooxypentane-2,3-dione isomerase	TH2	HKNPDCAD_04598	HKNPDCAD_04598	
TH2_HKNPDCAD_04599	TH2_contig_2	4186061	4186819	759	+	tam	Trans-aconitate 2-methyltransferase	TH2	HKNPDCAD_04599	HKNPDCAD_04599	
TH2_HKNPDCAD_04600	TH2_contig_2	4186823	4187737	915	-	hypothetical protein	hypothetical protein	TH2	HKNPDCAD_04600	HKNPDCAD_04600	
TH2_HKNPDCAD_04601	TH2_contig_2	4187944	4189056	1113	-	uxaB_1	Altronate oxidoreductase	TH2	HKNPDCAD_04601	HKNPDCAD_04601	
TH2_HKNPDCAD_04602	TH2_contig_2	4189131	4189394	264	-	uxaB_2	Altronate oxidoreductase	TH2	HKNPDCAD_04602	HKNPDCAD_04602	
TH2_HKNPDCAD_04603	TH2_contig_2	4189621	4191039	1419	-	hypothetical protein	hypothetical protein	TH2	HKNPDCAD_04603	HKNPDCAD_04603	
TH2_HKNPDCAD_04604	TH2_contig_2	4191178	4191537	360	-	hypothetical protein	hypothetical protein	TH2	HKNPDCAD_04604	HKNPDCAD_04604	
TH2_HKNPDCAD_04605	TH2_contig_2	4191537	4192463	927	-	glsA2	Glutaminase 2	TH2	HKNPDCAD_04605	HKNPDCAD_04605	
TH2_HKNPDCAD_04606	TH2_contig_2	4192527	4193915	1389	-	sad	Succinate semialdehyde dehydrogenase [NAD(P)+] Sad	TH2	HKNPDCAD_04606	HKNPDCAD_04606	
TH2_HKNPDCAD_04607	TH2_contig_2	4194016	4194891	876	+	gltR	HTH-type transcriptional regulator GltR	TH2	HKNPDCAD_04607	HKNPDCAD_04607	
TH2_HKNPDCAD_04608	TH2_contig_2	4194975	4196090	1116	+	hypothetical protein	hypothetical protein	TH2	HKNPDCAD_04608	HKNPDCAD_04608	
TH2_HKNPDCAD_04609	TH2_contig_2	4196240	4197430	1191	+	sotB	Sugar efflux transporter	TH2	HKNPDCAD_04609	HKNPDCAD_04609	
TH2_HKNPDCAD_04610	TH2_contig_2	4197455	4198120	666	-	hypothetical protein	hypothetical protein	TH2	HKNPDCAD_04610	HKNPDCAD_04610	
TH2_HKNPDCAD_04611	TH2_contig_2	4198241	4198525	285	-	higA1	Antitoxin HigA1	TH2	HKNPDCAD_04611	HKNPDCAD_04611	
TH2_HKNPDCAD_04612	TH2_contig_2	4198515	4198835	321	-	hypothetical protein	hypothetical protein	TH2	HKNPDCAD_04612	HKNPDCAD_04612	
TH2_HKNPDCAD_04613	TH2_contig_2	4199055	4199489	435	+	marR	Multiple antibiotic resistance protein MarR	TH2	HKNPDCAD_04613	HKNPDCAD_04613	
TH2_HKNPDCAD_04614	TH2_contig_2	4199509	4199892	384	+	marA	Multiple antibiotic resistance protein MarA	TH2	HKNPDCAD_04614	HKNPDCAD_04614	
TH2_HKNPDCAD_04615	TH2_contig_2	4199924	4200142	219	+	hypothetical protein	hypothetical protein	TH2	HKNPDCAD_04615	HKNPDCAD_04615	
TH2_HKNPDCAD_04616	TH2_contig_2	4200173	4201072	900	-	eamA	putative amino-acid metabolite efflux pump	TH2	HKNPDCAD_04616	HKNPDCAD_04616	
TH2_HKNPDCAD_04617	TH2_contig_2	4201267	4202454	1188	+	mdrP	Na(+), Li(+), K(+)/H(+) antiporter	TH2	HKNPDCAD_04617	HKNPDCAD_04617	
TH2_HKNPDCAD_04618	TH2_contig_2	4202581	4202676	96	+	mgtS	Small protein MgtS	TH2	HKNPDCAD_04618	HKNPDCAD_04618	
TH2_HKNPDCAD_04619	TH2_contig_2	4202895	4203785	891	-	dgcZ	Diguanylate cyclase DgcZ	TH2	HKNPDCAD_04619	HKNPDCAD_04619	
TH2_HKNPDCAD_04620	TH2_contig_2	4204040	4204432	393	-	ygiW_2	Protein YgiW	TH2	HKNPDCAD_04620	HKNPDCAD_04620	
TH2_HKNPDCAD_04621	TH2_contig_2	4204708	4205226	519	+	pncC_3	Nicotinamide-nucleotide amidohydrolase PncC	TH2	HKNPDCAD_04621	HKNPDCAD_04621	
TH2_HKNPDCAD_04622	TH2_contig_2	4205270	4207081	1812	-	dcp_1	Dipeptidyl carboxypeptidase	TH2	HKNPDCAD_04622	HKNPDCAD_04622	
TH2_HKNPDCAD_04623	TH2_contig_2	4207078	4207314	237	-	dcp_2	Dipeptidyl carboxypeptidase	TH2	HKNPDCAD_04623	HKNPDCAD_04623	
TH2_HKNPDCAD_04624	TH2_contig_2	4207451	4208071	621	+	ydfG	NADP-dependent 3-hydroxy acid dehydrogenase YdfG	TH2	HKNPDCAD_04624	HKNPDCAD_04624	
TH2_HKNPDCAD_04625	TH2_contig_2	4208285	4208971	687	+	rspR	HTH-type transcriptional repressor RspR	TH2	HKNPDCAD_04625	HKNPDCAD_04625	
TH2_HKNPDCAD_04626	TH2_contig_2	4209148	4209351	204	+	ydfZ	Putative selenoprotein YdfZ	TH2	HKNPDCAD_04626	HKNPDCAD_04626	
TH2_HKNPDCAD_04627	TH2_contig_2	4209387	4210847	1461	-	por_3	Polyol:NADP oxidoreductase	TH2	HKNPDCAD_04627	HKNPDCAD_04627	
TH2_HKNPDCAD_04628	TH2_contig_2	4210936	4212219	1284	-	ydfJ	Putative transporter YdfJ	TH2	HKNPDCAD_04628	HKNPDCAD_04628	
TH2_HKNPDCAD_04629	TH2_contig_2	4213003	4213236	234	+	ydfK	Cold shock protein YdfK	TH2	HKNPDCAD_04629	HKNPDCAD_04629	
TH2_HKNPDCAD_04630	TH2_contig_2	4213553	4214143	591	+	Tn3 family transposase ISYps3	Tn3 family transposase ISYps3	TH2	HKNPDCAD_04630	HKNPDCAD_04630	
TH2_HKNPDCAD_04631	TH2_contig_2	4214241	4214816	576	-	tfaE_3	Prophage tail fiber assembly protein TfaE	TH2	HKNPDCAD_04631	HKNPDCAD_04631	
TH2_HKNPDCAD_04632	TH2_contig_2	4214816	4215373	558	-	hypothetical protein	hypothetical protein	TH2	HKNPDCAD_04632	HKNPDCAD_04632	
TH2_HKNPDCAD_04633	TH2_contig_2	4215331	4215570	240	-	hypothetical protein	hypothetical protein	TH2	HKNPDCAD_04633	HKNPDCAD_04633	
TH2_HKNPDCAD_04634	TH2_contig_2	4216123	4216329	207	-	hypothetical protein	hypothetical protein	TH2	HKNPDCAD_04634	HKNPDCAD_04634	
TH2_HKNPDCAD_04635	TH2_contig_2	4216625	4216798	174	-	gnsA_2	Protein GnsA	TH2	HKNPDCAD_04635	HKNPDCAD_04635	
TH2_HKNPDCAD_04636	TH2_contig_2	4217473	4217688	216	-	cspJ	Cold shock-like protein CspJ	TH2	HKNPDCAD_04636	HKNPDCAD_04636	
TH2_HKNPDCAD_04637	TH2_contig_2	4218047	4218469	423	-	hypothetical protein	hypothetical protein	TH2	HKNPDCAD_04637	HKNPDCAD_04637	
TH2_HKNPDCAD_04638	TH2_contig_2	4218540	4219073	534	-	rrrD_2	Lysozyme RrrD	TH2	HKNPDCAD_04638	HKNPDCAD_04638	
TH2_HKNPDCAD_04639	TH2_contig_2	4219070	4219381	312	-	ydfR	putative protein YdfR	TH2	HKNPDCAD_04639	HKNPDCAD_04639	
TH2_HKNPDCAD_04640	TH2_contig_2	4219386	4219601	216	-	hypothetical protein	hypothetical protein	TH2	HKNPDCAD_04640	HKNPDCAD_04640	
TH2_HKNPDCAD_04641	TH2_contig_2	4220097	4220504	408	-	hypothetical protein	hypothetical protein	TH2	HKNPDCAD_04641	HKNPDCAD_04641	
TH2_HKNPDCAD_04642	TH2_contig_2	4220911	4221870	960	-	hypothetical protein	hypothetical protein	TH2	HKNPDCAD_04642	HKNPDCAD_04642	
TH2_HKNPDCAD_04643	TH2_contig_2	4222063	4222587	525	+	blc_2	Outer membrane lipoprotein Blc	TH2	HKNPDCAD_04643	HKNPDCAD_04643	
TH2_HKNPDCAD_04644	TH2_contig_2	4222883	4223119	237	-	hypothetical protein	hypothetical protein	TH2	HKNPDCAD_04644	HKNPDCAD_04644	
TH2_HKNPDCAD_04645	TH2_contig_2	4223137	4224186	1050	-	hypothetical protein	hypothetical protein	TH2	HKNPDCAD_04645	HKNPDCAD_04645	
TH2_HKNPDCAD_04646	TH2_contig_2	4224533	4224784	252	-	hypothetical protein	hypothetical protein	TH2	HKNPDCAD_04646	HKNPDCAD_04646	
TH2_HKNPDCAD_04647	TH2_contig_2	4225001	4225213	213	-	hypothetical protein	hypothetical protein	TH2	HKNPDCAD_04647	HKNPDCAD_04647	
TH2_HKNPDCAD_04648	TH2_contig_2	4225835	4226563	729	-	hypothetical protein	hypothetical protein	TH2	HKNPDCAD_04648	HKNPDCAD_04648	
TH2_HKNPDCAD_04649	TH2_contig_2	4226569	4227609	1041	-	hypothetical protein	hypothetical protein	TH2	HKNPDCAD_04649	HKNPDCAD_04649	
TH2_HKNPDCAD_04650	TH2_contig_2	4227900	4228355	456	-	hypothetical protein	hypothetical protein	TH2	HKNPDCAD_04650	HKNPDCAD_04650	
TH2_HKNPDCAD_04651	TH2_contig_2	4228396	4228779	384	-	hypothetical protein	hypothetical protein	TH2	HKNPDCAD_04651	HKNPDCAD_04651	
TH2_HKNPDCAD_04652	TH2_contig_2	4228800	4229360	561	-	hypothetical protein	hypothetical protein	TH2	HKNPDCAD_04652	HKNPDCAD_04652	
TH2_HKNPDCAD_04653	TH2_contig_2	4229341	4229862	522	-	hypothetical protein	hypothetical protein	TH2	HKNPDCAD_04653	HKNPDCAD_04653	
TH2_HKNPDCAD_04654	TH2_contig_2	4229846	4230073	228	-	hypothetical protein	hypothetical protein	TH2	HKNPDCAD_04654	HKNPDCAD_04654	
TH2_HKNPDCAD_04655	TH2_contig_2	4230154	4230561	408	+	hypothetical protein	hypothetical protein	TH2	HKNPDCAD_04655	HKNPDCAD_04655	
TH2_HKNPDCAD_04656	TH2_contig_2	4230730	4230882	153	+	hypothetical protein	hypothetical protein	TH2	HKNPDCAD_04656	HKNPDCAD_04656	
TH2_HKNPDCAD_04657	TH2_contig_2	4230894	4231259	366	+	hypothetical protein	hypothetical protein	TH2	HKNPDCAD_04657	HKNPDCAD_04657	
TH2_HKNPDCAD_04658	TH2_contig_2	4231228	4231428	201	-	hypothetical protein	hypothetical protein	TH2	HKNPDCAD_04658	HKNPDCAD_04658	
TH2_HKNPDCAD_04659	TH2_contig_2	4231931	4232119	189	+	hypothetical protein	hypothetical protein	TH2	HKNPDCAD_04659	HKNPDCAD_04659	
TH2_HKNPDCAD_04660	TH2_contig_2	4232116	4232307	192	+	hypothetical protein	hypothetical protein	TH2	HKNPDCAD_04660	HKNPDCAD_04660	
TH2_HKNPDCAD_04661	TH2_contig_2	4232401	4234872	2472	+	hypothetical protein	hypothetical protein	TH2	HKNPDCAD_04661	HKNPDCAD_04661	
TH2_HKNPDCAD_04662	TH2_contig_2	4234960	4235196	237	+	hypothetical protein	hypothetical protein	TH2	HKNPDCAD_04662	HKNPDCAD_04662	
TH2_HKNPDCAD_04663	TH2_contig_2	4235231	4236511	1281	+	intQ	Putative defective protein IntQ	TH2	HKNPDCAD_04663	HKNPDCAD_04663	
TH2_HKNPDCAD_04664	TH2_contig_2	4236513	4236641	129	-	ynfP	Protein YnfP	TH2	HKNPDCAD_04664	HKNPDCAD_04664	
TH2_HKNPDCAD_04665	TH2_contig_2	4236699	4237718	1020	-	rspB	Starvation-sensing protein RspB	TH2	HKNPDCAD_04665	HKNPDCAD_04665	
TH2_HKNPDCAD_04666	TH2_contig_2	4237730	4238944	1215	-	rspA	Starvation-sensing protein RspA	TH2	HKNPDCAD_04666	HKNPDCAD_04666	
TH2_HKNPDCAD_04667	TH2_contig_2	4239150	4239476	327	-	hypothetical protein	hypothetical protein	TH2	HKNPDCAD_04667	HKNPDCAD_04667	
TH2_HKNPDCAD_04668	TH2_contig_2	4239611	4239967	357	+	hypothetical protein	hypothetical protein	TH2	HKNPDCAD_04668	HKNPDCAD_04668	
TH2_HKNPDCAD_04669	TH2_contig_2	4239986	4240546	561	+	speG	Spermidine N(1)-acetyltransferase	TH2	HKNPDCAD_04669	HKNPDCAD_04669	
TH2_HKNPDCAD_04670	TH2_contig_2	4240549	4241295	747	-	hypothetical protein	hypothetical protein	TH2	HKNPDCAD_04670	HKNPDCAD_04670	
TH2_HKNPDCAD_04671	TH2_contig_2	4241367	4241672	306	+	ynfD	putative protein YnfD	TH2	HKNPDCAD_04671	HKNPDCAD_04671	
TH2_HKNPDCAD_04672	TH2_contig_2	4241871	4242206	336	+	ynfE_1	Putative dimethyl sulfoxide reductase chain YnfE	TH2	HKNPDCAD_04672	HKNPDCAD_04672	
TH2_HKNPDCAD_04673	TH2_contig_2	4242370	4244295	1926	+	ynfE_2	Putative dimethyl sulfoxide reductase chain YnfE	TH2	HKNPDCAD_04673	HKNPDCAD_04673	
TH2_HKNPDCAD_04674	TH2_contig_2	4244383	4246779	2397	+	ynfF	putative dimethyl sulfoxide reductase chain YnfF	TH2	HKNPDCAD_04674	HKNPDCAD_04674	
TH2_HKNPDCAD_04675	TH2_contig_2	4246790	4247407	618	+	dmsB_2	Anaerobic dimethyl sulfoxide reductase chain B	TH2	HKNPDCAD_04675	HKNPDCAD_04675	
TH2_HKNPDCAD_04676	TH2_contig_2	4247409	4248263	855	+	dmsC_2	Anaerobic dimethyl sulfoxide reductase chain C	TH2	HKNPDCAD_04676	HKNPDCAD_04676	
TH2_HKNPDCAD_04677	TH2_contig_2	4248306	4248920	615	+	dmsD	Tat proofreading chaperone DmsD	TH2	HKNPDCAD_04677	HKNPDCAD_04677	
TH2_HKNPDCAD_04678	TH2_contig_2	4249115	4250371	1257	+	clcB	Voltage-gated ClC-type chloride channel ClcB	TH2	HKNPDCAD_04678	HKNPDCAD_04678	
TH2_HKNPDCAD_04679	TH2_contig_2	4250324	4251019	696	-	bioD1_2	ATP-dependent dethiobiotin synthetase BioD 1	TH2	HKNPDCAD_04679	HKNPDCAD_04679	
TH2_HKNPDCAD_04680	TH2_contig_2	4251144	4252364	1221	-	mlc_2	Protein mlc	TH2	HKNPDCAD_04680	HKNPDCAD_04680	
TH2_HKNPDCAD_04681	TH2_contig_2	4252499	4253392	894	-	hcaR_3	Hca operon transcriptional activator HcaR	TH2	HKNPDCAD_04681	HKNPDCAD_04681	
TH2_HKNPDCAD_04682	TH2_contig_2	4253499	4254752	1254	+	ynfM	Inner membrane transport protein YnfM	TH2	HKNPDCAD_04682	HKNPDCAD_04682	
TH2_HKNPDCAD_04683	TH2_contig_2	4255176	4255484	309	+	asr	Acid shock protein	TH2	HKNPDCAD_04683	HKNPDCAD_04683	
TH2_HKNPDCAD_04684	TH2_contig_2	4255760	4256581	822	+	hypothetical protein	hypothetical protein	TH2	HKNPDCAD_04684	HKNPDCAD_04684	
TH2_HKNPDCAD_04685	TH2_contig_2	4256620	4256949	330	-	mdtI	Spermidine export protein MdtI	TH2	HKNPDCAD_04685	HKNPDCAD_04685	
TH2_HKNPDCAD_04686	TH2_contig_2	4256936	4257301	366	-	mdtJ	Spermidine export protein MdtJ	TH2	HKNPDCAD_04686	HKNPDCAD_04686	
TH2_HKNPDCAD_04687	TH2_contig_2	4257713	4258522	810	+	tqsA_1	AI-2 transport protein TqsA	TH2	HKNPDCAD_04687	HKNPDCAD_04687	
TH2_HKNPDCAD_04688	TH2_contig_2	4258471	4258746	276	+	tqsA_2	AI-2 transport protein TqsA	TH2	HKNPDCAD_04688	HKNPDCAD_04688	
TH2_HKNPDCAD_04689	TH2_contig_2	4258771	4260159	1389	-	pntB	NAD(P) transhydrogenase subunit beta	TH2	HKNPDCAD_04689	HKNPDCAD_04689	
TH2_HKNPDCAD_04690	TH2_contig_2	4260170	4261702	1533	-	pntA	NAD(P) transhydrogenase subunit alpha	TH2	HKNPDCAD_04690	HKNPDCAD_04690	
TH2_HKNPDCAD_04691	TH2_contig_2	4262226	4263170	945	+	ydgH	Protein YdgH	TH2	HKNPDCAD_04691	HKNPDCAD_04691	
TH2_HKNPDCAD_04692	TH2_contig_2	4263356	4264738	1383	+	ydgI	Putative arginine/ornithine antiporter	TH2	HKNPDCAD_04692	HKNPDCAD_04692	
TH2_HKNPDCAD_04693	TH2_contig_2	4264775	4265497	723	+	folM	Dihydromonapterin reductase	TH2	HKNPDCAD_04693	HKNPDCAD_04693	
TH2_HKNPDCAD_04694	TH2_contig_2	4265494	4265829	336	-	ydgC	Inner membrane protein YdgC	TH2	HKNPDCAD_04694	HKNPDCAD_04694	
TH2_HKNPDCAD_04695	TH2_contig_2	4265958	4266683	726	+	rstA	Transcriptional regulatory protein RstA	TH2	HKNPDCAD_04695	HKNPDCAD_04695	
TH2_HKNPDCAD_04696	TH2_contig_2	4266680	4266877	198	+	rstB_1	Sensor protein RstB	TH2	HKNPDCAD_04696	HKNPDCAD_04696	
TH2_HKNPDCAD_04697	TH2_contig_2	4266883	4267980	1098	+	rstB_2	Sensor protein RstB	TH2	HKNPDCAD_04697	HKNPDCAD_04697	
TH2_HKNPDCAD_04698	TH2_contig_2	4268056	4268985	930	+	tus	DNA replication terminus site-binding protein	TH2	HKNPDCAD_04698	HKNPDCAD_04698	
TH2_HKNPDCAD_04699	TH2_contig_2	4268982	4269296	315	-	fumC_1	Fumarate hydratase class II	TH2	HKNPDCAD_04699	HKNPDCAD_04699	
TH2_HKNPDCAD_04700	TH2_contig_2	4269311	4270384	1074	-	fumC_2	Fumarate hydratase class II	TH2	HKNPDCAD_04700	HKNPDCAD_04700	
TH2_HKNPDCAD_04701	TH2_contig_2	4270527	4272173	1647	-	fumA	Fumarate hydratase class I, aerobic	TH2	HKNPDCAD_04701	HKNPDCAD_04701	
TH2_HKNPDCAD_04702	TH2_contig_2	4272372	4273547	1176	+	manA	Mannose-6-phosphate isomerase	TH2	HKNPDCAD_04702	HKNPDCAD_04702	
TH2_HKNPDCAD_04703	TH2_contig_2	4273648	4275156	1509	+	ydgA_2	Protein YdgA	TH2	HKNPDCAD_04703	HKNPDCAD_04703	
TH2_HKNPDCAD_04704	TH2_contig_2	4275226	4275321	96	+	hypothetical protein	hypothetical protein	TH2	HKNPDCAD_04704	HKNPDCAD_04704	
TH2_HKNPDCAD_04705	TH2_contig_2	4275381	4276646	1266	-	uidC	Membrane-associated protein UidC	TH2	HKNPDCAD_04705	HKNPDCAD_04705	
TH2_HKNPDCAD_04706	TH2_contig_2	4276685	4278013	1329	-	uidB	Glucuronide carrier protein	TH2	HKNPDCAD_04706	HKNPDCAD_04706	
TH2_HKNPDCAD_04707	TH2_contig_2	4278010	4279821	1812	-	uidA	Beta-glucuronidase	TH2	HKNPDCAD_04707	HKNPDCAD_04707	
TH2_HKNPDCAD_04708	TH2_contig_2	4280210	4280788	579	-	hypothetical protein	hypothetical protein	TH2	HKNPDCAD_04708	HKNPDCAD_04708	
TH2_HKNPDCAD_04709	TH2_contig_2	4281236	4281787	552	-	hdhA	7-alpha-hydroxysteroid dehydrogenase	TH2	HKNPDCAD_04709	HKNPDCAD_04709	
TH2_HKNPDCAD_04710	TH2_contig_2	4281899	4282270	372	-	malI_1	Maltose regulon regulatory protein MalI	TH2	HKNPDCAD_04710	HKNPDCAD_04710	
TH2_HKNPDCAD_04711	TH2_contig_2	4282342	4282926	585	-	malI_2	Maltose regulon regulatory protein MalI	TH2	HKNPDCAD_04711	HKNPDCAD_04711	
TH2_HKNPDCAD_04712	TH2_contig_2	4283101	4284693	1593	+	malX	PTS system maltose-specific EIICB component	TH2	HKNPDCAD_04712	HKNPDCAD_04712	
TH2_HKNPDCAD_04713	TH2_contig_2	4284703	4285875	1173	+	malY	Protein MalY	TH2	HKNPDCAD_04713	HKNPDCAD_04713	
TH2_HKNPDCAD_04714	TH2_contig_2	4285979	4286980	1002	+	add	Adenosine deaminase	TH2	HKNPDCAD_04714	HKNPDCAD_04714	
TH2_HKNPDCAD_04715	TH2_contig_2	4287014	4288054	1041	-	ydgJ	putative oxidoreductase YdgJ	TH2	HKNPDCAD_04715	HKNPDCAD_04715	
TH2_HKNPDCAD_04716	TH2_contig_2	4288695	4288910	216	+	cnu	OriC-binding nucleoid-associated protein	TH2	HKNPDCAD_04716	HKNPDCAD_04716	
TH2_HKNPDCAD_04717	TH2_contig_2	4288996	4289436	441	+	ydgK	Inner membrane protein YdgK	TH2	HKNPDCAD_04717	HKNPDCAD_04717	
TH2_HKNPDCAD_04718	TH2_contig_2	4289513	4290094	582	+	rsxA	Ion-translocating oxidoreductase complex subunit A	TH2	HKNPDCAD_04718	HKNPDCAD_04718	
TH2_HKNPDCAD_04719	TH2_contig_2	4290094	4290672	579	+	rsxB	Ion-translocating oxidoreductase complex subunit B	TH2	HKNPDCAD_04719	HKNPDCAD_04719	
TH2_HKNPDCAD_04720	TH2_contig_2	4290665	4290805	141	+	rsxC_1	Ion-translocating oxidoreductase complex subunit C	TH2	HKNPDCAD_04720	HKNPDCAD_04720	
TH2_HKNPDCAD_04721	TH2_contig_2	4290832	4292982	2151	+	rsxC_2	Ion-translocating oxidoreductase complex subunit C	TH2	HKNPDCAD_04721	HKNPDCAD_04721	
TH2_HKNPDCAD_04722	TH2_contig_2	4292983	4293300	318	+	rsxD_1	Ion-translocating oxidoreductase complex subunit D	TH2	HKNPDCAD_04722	HKNPDCAD_04722	
TH2_HKNPDCAD_04723	TH2_contig_2	4293276	4294040	765	+	rsxD_2	Ion-translocating oxidoreductase complex subunit D	TH2	HKNPDCAD_04723	HKNPDCAD_04723	
TH2_HKNPDCAD_04724	TH2_contig_2	4294044	4294664	621	+	rsxG	Ion-translocating oxidoreductase complex subunit G	TH2	HKNPDCAD_04724	HKNPDCAD_04724	
TH2_HKNPDCAD_04725	TH2_contig_2	4294668	4295363	696	+	rsxE	Ion-translocating oxidoreductase complex subunit E	TH2	HKNPDCAD_04725	HKNPDCAD_04725	
TH2_HKNPDCAD_04726	TH2_contig_2	4295363	4295839	477	+	nth	Endonuclease III	TH2	HKNPDCAD_04726	HKNPDCAD_04726	
TH2_HKNPDCAD_04727	TH2_contig_2	4296125	4296325	201	+	hypothetical protein	hypothetical protein	TH2	HKNPDCAD_04727	HKNPDCAD_04727	
TH2_HKNPDCAD_04728	TH2_contig_2	4296608	4298110	1503	+	dtpA	Dipeptide and tripeptide permease A	TH2	HKNPDCAD_04728	HKNPDCAD_04728	
TH2_HKNPDCAD_04729	TH2_contig_2	4298215	4298820	606	+	gstA	Glutathione S-transferase GstA	TH2	HKNPDCAD_04729	HKNPDCAD_04729	
TH2_HKNPDCAD_04730	TH2_contig_2	4298864	4299724	861	-	pdxY	Pyridoxal kinase PdxY	TH2	HKNPDCAD_04730	HKNPDCAD_04730	
TH2_HKNPDCAD_04731	TH2_contig_2	4299784	4301058	1275	-	tyrS	Tyrosine--tRNA ligase	TH2	HKNPDCAD_04731	HKNPDCAD_04731	
TH2_HKNPDCAD_04732	TH2_contig_2	4301187	4301843	657	-	pdxH	Pyridoxine/pyridoxamine 5'-phosphate oxidase	TH2	HKNPDCAD_04732	HKNPDCAD_04732	
TH2_HKNPDCAD_04733	TH2_contig_2	4301902	4302225	324	-	mliC	Membrane-bound lysozyme inhibitor of C-type lysozyme	TH2	HKNPDCAD_04733	HKNPDCAD_04733	
TH2_HKNPDCAD_04734	TH2_contig_2	4302329	4303438	1110	-	anmK	Anhydro-N-acetylmuramic acid kinase	TH2	HKNPDCAD_04734	HKNPDCAD_04734	
TH2_HKNPDCAD_04735	TH2_contig_2	4303712	4304179	468	+	slyB	Outer membrane lipoprotein SlyB	TH2	HKNPDCAD_04735	HKNPDCAD_04735	
TH2_HKNPDCAD_04736	TH2_contig_2	4304226	4304660	435	-	slyA	Transcriptional regulator SlyA	TH2	HKNPDCAD_04736	HKNPDCAD_04736	
TH2_HKNPDCAD_04737	TH2_contig_2	4304861	4305097	237	+	hypothetical protein	hypothetical protein	TH2	HKNPDCAD_04737	HKNPDCAD_04737	
TH2_HKNPDCAD_04738	TH2_contig_2	4305100	4305957	858	+	aaeA_2	p-hydroxybenzoic acid efflux pump subunit AaeA	TH2	HKNPDCAD_04738	HKNPDCAD_04738	
TH2_HKNPDCAD_04739	TH2_contig_2	4305957	4307969	2013	+	aaeB_2	p-hydroxybenzoic acid efflux pump subunit AaeB	TH2	HKNPDCAD_04739	HKNPDCAD_04739	
TH2_HKNPDCAD_04740	TH2_contig_2	4307970	4308491	522	-	sodC	Superoxide dismutase [Cu-Zn]	TH2	HKNPDCAD_04740	HKNPDCAD_04740	
TH2_HKNPDCAD_04741	TH2_contig_2	4308572	4309468	897	-	ydhF	Oxidoreductase YdhF	TH2	HKNPDCAD_04741	HKNPDCAD_04741	
TH2_HKNPDCAD_04742	TH2_contig_2	4309517	4309756	240	-	hypothetical protein	hypothetical protein	TH2	HKNPDCAD_04742	HKNPDCAD_04742	
TH2_HKNPDCAD_04743	TH2_contig_2	4309859	4310458	600	+	nemR	HTH-type transcriptional repressor NemR	TH2	HKNPDCAD_04743	HKNPDCAD_04743	
TH2_HKNPDCAD_04744	TH2_contig_2	4310495	4311592	1098	+	nemA	N-ethylmaleimide reductase	TH2	HKNPDCAD_04744	HKNPDCAD_04744	
TH2_HKNPDCAD_04745	TH2_contig_2	4311673	4312080	408	+	gloA	Lactoylglutathione lyase	TH2	HKNPDCAD_04745	HKNPDCAD_04745	
TH2_HKNPDCAD_04746	TH2_contig_2	4312183	4312830	648	+	rnt	Ribonuclease T	TH2	HKNPDCAD_04746	HKNPDCAD_04746	
TH2_HKNPDCAD_04747	TH2_contig_2	4312923	4313846	924	+	srmB_2	ATP-dependent RNA helicase SrmB	TH2	HKNPDCAD_04747	HKNPDCAD_04747	
TH2_HKNPDCAD_04748	TH2_contig_2	4314092	4314229	138	+	hypothetical protein	hypothetical protein	TH2	HKNPDCAD_04748	HKNPDCAD_04748	
TH2_HKNPDCAD_04749	TH2_contig_2	4314256	4314924	669	+	hypothetical protein	hypothetical protein	TH2	HKNPDCAD_04749	HKNPDCAD_04749	
TH2_HKNPDCAD_04750	TH2_contig_2	4315265	4316596	1332	+	hypothetical protein	hypothetical protein	TH2	HKNPDCAD_04750	HKNPDCAD_04750	
TH2_HKNPDCAD_04751	TH2_contig_2	4316899	4317534	636	+	hypothetical protein	hypothetical protein	TH2	HKNPDCAD_04751	HKNPDCAD_04751	
TH2_HKNPDCAD_04752	TH2_contig_2	4317585	4317932	348	-	grxD	Glutaredoxin 4	TH2	HKNPDCAD_04752	HKNPDCAD_04752	
TH2_HKNPDCAD_04753	TH2_contig_2	4318266	4319081	816	+	mepH	Murein DD-endopeptidase MepH	TH2	HKNPDCAD_04753	HKNPDCAD_04753	
TH2_HKNPDCAD_04754	TH2_contig_2	4319209	4319790	582	+	sodB	Superoxide dismutase [Fe]	TH2	HKNPDCAD_04754	HKNPDCAD_04754	
TH2_HKNPDCAD_04755	TH2_contig_2	4320025	4321194	1170	-	ydhP	Inner membrane transport protein YdhP	TH2	HKNPDCAD_04755	HKNPDCAD_04755	
TH2_HKNPDCAD_04756	TH2_contig_2	4321360	4321449	90	-	ynhF	putative protein YnhF	TH2	HKNPDCAD_04756	HKNPDCAD_04756	
TH2_HKNPDCAD_04757	TH2_contig_2	4321748	4322023	276	+	purR_2	HTH-type transcriptional repressor PurR	TH2	HKNPDCAD_04757	HKNPDCAD_04757	
TH2_HKNPDCAD_04758	TH2_contig_2	4322074	4322772	699	+	purR_3	HTH-type transcriptional repressor PurR	TH2	HKNPDCAD_04758	HKNPDCAD_04758	
TH2_HKNPDCAD_04759	TH2_contig_2	4322769	4323701	933	-	yahB_3	putative HTH-type transcriptional regulator YahB	TH2	HKNPDCAD_04759	HKNPDCAD_04759	
TH2_HKNPDCAD_04760	TH2_contig_2	4323814	4324482	669	+	ydhC_1	Inner membrane transport protein YdhC	TH2	HKNPDCAD_04760	HKNPDCAD_04760	
TH2_HKNPDCAD_04761	TH2_contig_2	4324509	4325024	516	+	ydhC_2	Inner membrane transport protein YdhC	TH2	HKNPDCAD_04761	HKNPDCAD_04761	
TH2_HKNPDCAD_04762	TH2_contig_2	4325315	4326463	1149	+	cfa	Cyclopropane-fatty-acyl-phospholipid synthase	TH2	HKNPDCAD_04762	HKNPDCAD_04762	
TH2_HKNPDCAD_04763	TH2_contig_2	4326503	4327144	642	-	ribC	Riboflavin synthase	TH2	HKNPDCAD_04763	HKNPDCAD_04763	
TH2_HKNPDCAD_04764	TH2_contig_2	4327359	4328732	1374	+	mdtK	Multidrug resistance protein MdtK	TH2	HKNPDCAD_04764	HKNPDCAD_04764	
TH2_HKNPDCAD_04765	TH2_contig_2	4328773	4330029	1257	-	putative autotransporter	putative autotransporter	TH2	HKNPDCAD_04765	HKNPDCAD_04765	
TH2_HKNPDCAD_04768	TH2_contig_2	4330602	4330907	306	+	ydhR	Putative monooxygenase YdhR	TH2	HKNPDCAD_04768	HKNPDCAD_04768	
TH2_HKNPDCAD_04769	TH2_contig_2	4331033	4332133	1101	+	hypothetical protein	hypothetical protein	TH2	HKNPDCAD_04769	HKNPDCAD_04769	
TH2_HKNPDCAD_04770	TH2_contig_2	4332283	4332636	354	+	hypothetical protein	hypothetical protein	TH2	HKNPDCAD_04770	HKNPDCAD_04770	
TH2_HKNPDCAD_04771	TH2_contig_2	4332648	4332968	321	-	ydhT_1	putative protein YdhT	TH2	HKNPDCAD_04771	HKNPDCAD_04771	
TH2_HKNPDCAD_04772	TH2_contig_2	4333028	4333411	384	-	ydhT_2	putative protein YdhT	TH2	HKNPDCAD_04772	HKNPDCAD_04772	
TH2_HKNPDCAD_04773	TH2_contig_2	4333463	4334248	786	-	ydhU	Putative cytochrome YdhU	TH2	HKNPDCAD_04773	HKNPDCAD_04773	
TH2_HKNPDCAD_04774	TH2_contig_2	4334245	4334913	669	-	ydhX_2	putative ferredoxin-like protein YdhX	TH2	HKNPDCAD_04774	HKNPDCAD_04774	
TH2_HKNPDCAD_04775	TH2_contig_2	4334977	4335615	639	-	ydhW	putative protein YdhW	TH2	HKNPDCAD_04775	HKNPDCAD_04775	
TH2_HKNPDCAD_04776	TH2_contig_2	4335628	4337730	2103	-	ydhV	putative oxidoreductase YdhV	TH2	HKNPDCAD_04776	HKNPDCAD_04776	
TH2_HKNPDCAD_04777	TH2_contig_2	4337751	4338377	627	-	ydhY	putative ferredoxin-like protein YdhY	TH2	HKNPDCAD_04777	HKNPDCAD_04777	
TH2_HKNPDCAD_04778	TH2_contig_2	4338832	4339041	210	-	fumD	Fumarase D	TH2	HKNPDCAD_04778	HKNPDCAD_04778	
TH2_HKNPDCAD_04779	TH2_contig_2	4339598	4341010	1413	+	pykF	Pyruvate kinase I	TH2	HKNPDCAD_04779	HKNPDCAD_04779	
TH2_HKNPDCAD_04780	TH2_contig_2	4341320	4341556	237	+	lpp	Major outer membrane prolipoprotein Lpp	TH2	HKNPDCAD_04780	HKNPDCAD_04780	
TH2_HKNPDCAD_04781	TH2_contig_2	4341619	4342623	1005	-	ynhG	putative L,D-transpeptidase YnhG	TH2	HKNPDCAD_04781	HKNPDCAD_04781	
TH2_HKNPDCAD_04782	TH2_contig_2	4342810	4343187	378	-	sufE	Cysteine desulfuration protein SufE	TH2	HKNPDCAD_04782	HKNPDCAD_04782	
TH2_HKNPDCAD_04783	TH2_contig_2	4343200	4344420	1221	-	sufS	Cysteine desulfurase	TH2	HKNPDCAD_04783	HKNPDCAD_04783	
TH2_HKNPDCAD_04784	TH2_contig_2	4344417	4345688	1272	-	sufD	FeS cluster assembly protein SufD	TH2	HKNPDCAD_04784	HKNPDCAD_04784	
TH2_HKNPDCAD_04785	TH2_contig_2	4345663	4346409	747	-	sufC	putative ATP-dependent transporter SufC	TH2	HKNPDCAD_04785	HKNPDCAD_04785	
TH2_HKNPDCAD_04786	TH2_contig_2	4346419	4347906	1488	-	sufB	FeS cluster assembly protein SufB	TH2	HKNPDCAD_04786	HKNPDCAD_04786	
TH2_HKNPDCAD_04787	TH2_contig_2	4347915	4348283	369	-	sufA	Protein SufA	TH2	HKNPDCAD_04787	HKNPDCAD_04787	
TH2_HKNPDCAD_04788	TH2_contig_2	4348831	4349019	189	-	hypothetical protein	hypothetical protein	TH2	HKNPDCAD_04788	HKNPDCAD_04788	
TH2_HKNPDCAD_04789	TH2_contig_2	4349119	4349529	411	-	menI	1,4-dihydroxy-2-naphthoyl-CoA hydrolase	TH2	HKNPDCAD_04789	HKNPDCAD_04789	
TH2_HKNPDCAD_04790	TH2_contig_2	4349526	4351988	2463	-	putative protein	putative protein	TH2	HKNPDCAD_04790	HKNPDCAD_04790	
TH2_HKNPDCAD_04791	TH2_contig_2	4352260	4352580	321	-	hypothetical protein	hypothetical protein	TH2	HKNPDCAD_04791	HKNPDCAD_04791	
TH2_HKNPDCAD_04792	TH2_contig_2	4352969	4354081	1113	+	ydiK	Putative transport protein YdiK	TH2	HKNPDCAD_04792	HKNPDCAD_04792	
TH2_HKNPDCAD_04793	TH2_contig_2	4354508	4354864	357	+	hypothetical protein	hypothetical protein	TH2	HKNPDCAD_04793	HKNPDCAD_04793	
TH2_HKNPDCAD_04794	TH2_contig_2	4354964	4356178	1215	+	ydiM	Inner membrane transport protein YdiM	TH2	HKNPDCAD_04794	HKNPDCAD_04794	
TH2_HKNPDCAD_04795	TH2_contig_2	4356405	4357670	1266	+	ydiN	Inner membrane transport protein YdiN	TH2	HKNPDCAD_04795	HKNPDCAD_04795	
TH2_HKNPDCAD_04796	TH2_contig_2	4357682	4358548	867	+	ydiB	Quinate/shikimate dehydrogenase	TH2	HKNPDCAD_04796	HKNPDCAD_04796	
TH2_HKNPDCAD_04797	TH2_contig_2	4358579	4359337	759	+	aroD	3-dehydroquinate dehydratase	TH2	HKNPDCAD_04797	HKNPDCAD_04797	
TH2_HKNPDCAD_04798	TH2_contig_2	4359480	4361075	1596	+	ydiF_2	Acetate CoA-transferase YdiF	TH2	HKNPDCAD_04798	HKNPDCAD_04798	
TH2_HKNPDCAD_04799	TH2_contig_2	4361089	4362240	1152	+	caiA_2	Crotonobetainyl-CoA reductase	TH2	HKNPDCAD_04799	HKNPDCAD_04799	
TH2_HKNPDCAD_04800	TH2_contig_2	4362283	4363194	912	-	rhaS_4	HTH-type transcriptional activator RhaS	TH2	HKNPDCAD_04800	HKNPDCAD_04800	
TH2_HKNPDCAD_04801	TH2_contig_2	4363297	4363473	177	-	hypothetical protein	hypothetical protein	TH2	HKNPDCAD_04801	HKNPDCAD_04801	
TH2_HKNPDCAD_04802	TH2_contig_2	4363510	4364274	765	+	fixA_2	Protein FixA	TH2	HKNPDCAD_04802	HKNPDCAD_04802	
TH2_HKNPDCAD_04803	TH2_contig_2	4364294	4365232	939	+	fixB_3	Protein FixB	TH2	HKNPDCAD_04803	HKNPDCAD_04803	
TH2_HKNPDCAD_04804	TH2_contig_2	4365287	4366576	1290	+	dadA_2	D-amino acid dehydrogenase	TH2	HKNPDCAD_04804	HKNPDCAD_04804	
TH2_HKNPDCAD_04805	TH2_contig_2	4366573	4366866	294	+	fixX_3	Ferredoxin-like protein FixX	TH2	HKNPDCAD_04805	HKNPDCAD_04805	
TH2_HKNPDCAD_04806	TH2_contig_2	4366923	4368569	1647	+	fadK	Medium-chain fatty-acid--CoA ligase	TH2	HKNPDCAD_04806	HKNPDCAD_04806	
TH2_HKNPDCAD_04807	TH2_contig_2	4368626	4371004	2379	-	ppsA	Phosphoenolpyruvate synthase	TH2	HKNPDCAD_04807	HKNPDCAD_04807	
TH2_HKNPDCAD_04808	TH2_contig_2	4371336	4372169	834	+	ppsR	Phosphoenolpyruvate synthase regulatory protein	TH2	HKNPDCAD_04808	HKNPDCAD_04808	
TH2_HKNPDCAD_04809	TH2_contig_2	4372326	4373372	1047	+	aroH	Phospho-2-dehydro-3-deoxyheptonate aldolase, Trp-sensitive	TH2	HKNPDCAD_04809	HKNPDCAD_04809	
TH2_HKNPDCAD_04810	TH2_contig_2	4373504	4373695	192	+	ydiE	putative protein YdiE	TH2	HKNPDCAD_04810	HKNPDCAD_04810	
TH2_HKNPDCAD_04811	TH2_contig_2	4373699	4375135	1437	-	selO	Protein adenylyltransferase SelO	TH2	HKNPDCAD_04811	HKNPDCAD_04811	
TH2_HKNPDCAD_04812	TH2_contig_2	4375293	4375898	606	-	ydiV	Putative anti-FlhC(2)FlhD(4) factor YdiV	TH2	HKNPDCAD_04812	HKNPDCAD_04812	
TH2_HKNPDCAD_04813	TH2_contig_2	4376156	4376620	465	-	mepS_2	Murein DD-endopeptidase MepS/Murein LD-carboxypeptidase	TH2	HKNPDCAD_04813	HKNPDCAD_04813	
TH2_HKNPDCAD_04814	TH2_contig_2	4376698	4377447	750	-	btuD_3	Vitamin B12 import ATP-binding protein BtuD	TH2	HKNPDCAD_04814	HKNPDCAD_04814	
TH2_HKNPDCAD_04815	TH2_contig_2	4377447	4377740	294	-	btuE_1	Thioredoxin/glutathione peroxidase BtuE	TH2	HKNPDCAD_04815	HKNPDCAD_04815	
TH2_HKNPDCAD_04816	TH2_contig_2	4377731	4377997	267	-	btuE_2	Thioredoxin/glutathione peroxidase BtuE	TH2	HKNPDCAD_04816	HKNPDCAD_04816	
TH2_HKNPDCAD_04817	TH2_contig_2	4378060	4379040	981	-	btuC	Vitamin B12 import system permease protein BtuC	TH2	HKNPDCAD_04817	HKNPDCAD_04817	
TH2_HKNPDCAD_04818	TH2_contig_2	4379131	4379439	309	-	ihfA	Integration host factor subunit alpha	TH2	HKNPDCAD_04818	HKNPDCAD_04818	
TH2_HKNPDCAD_04819	TH2_contig_2	4379444	4381831	2388	-	pheT	Phenylalanine--tRNA ligase beta subunit	TH2	HKNPDCAD_04819	HKNPDCAD_04819	
TH2_HKNPDCAD_04820	TH2_contig_2	4381846	4382829	984	-	pheS	Phenylalanine--tRNA ligase alpha subunit	TH2	HKNPDCAD_04820	HKNPDCAD_04820	
TH2_HKNPDCAD_04821	TH2_contig_2	4383324	4383635	312	-	rplT	50S ribosomal protein L20	TH2	HKNPDCAD_04821	HKNPDCAD_04821	
TH2_HKNPDCAD_04822	TH2_contig_2	4383711	4383884	174	-	rpmI	50S ribosomal protein L35	TH2	HKNPDCAD_04822	HKNPDCAD_04822	
TH2_HKNPDCAD_04823	TH2_contig_2	4383981	4384415	435	-	infC	Translation initiation factor IF-3	TH2	HKNPDCAD_04823	HKNPDCAD_04823	
TH2_HKNPDCAD_04824	TH2_contig_2	4384527	4386455	1929	-	thrS	Threonine--tRNA ligase	TH2	HKNPDCAD_04824	HKNPDCAD_04824	
TH2_HKNPDCAD_04825	TH2_contig_2	4386978	4387436	459	+	hypothetical protein	hypothetical protein	TH2	HKNPDCAD_04825	HKNPDCAD_04825	
TH2_HKNPDCAD_04826	TH2_contig_2	4387459	4388874	1416	+	hypothetical protein	hypothetical protein	TH2	HKNPDCAD_04826	HKNPDCAD_04826	
TH2_HKNPDCAD_04827	TH2_contig_2	4389046	4389153	108	+	yniD	putative protein YniD	TH2	HKNPDCAD_04827	HKNPDCAD_04827	
TH2_HKNPDCAD_04828	TH2_contig_2	4389206	4389964	759	-	hypothetical protein	hypothetical protein	TH2	HKNPDCAD_04828	HKNPDCAD_04828	
TH2_HKNPDCAD_04829	TH2_contig_2	4390250	4391179	930	+	pfkB	ATP-dependent 6-phosphofructokinase isozyme 2	TH2	HKNPDCAD_04829	HKNPDCAD_04829	
TH2_HKNPDCAD_04830	TH2_contig_2	4391280	4391570	291	+	hypothetical protein	hypothetical protein	TH2	HKNPDCAD_04830	HKNPDCAD_04830	
TH2_HKNPDCAD_04831	TH2_contig_2	4391676	4392536	861	+	putative ketoamine kinase	putative ketoamine kinase	TH2	HKNPDCAD_04831	HKNPDCAD_04831	
TH2_HKNPDCAD_04832	TH2_contig_2	4392577	4393113	537	-	hypothetical protein	hypothetical protein	TH2	HKNPDCAD_04832	HKNPDCAD_04832	
TH2_HKNPDCAD_04833	TH2_contig_2	4393260	4393928	669	+	hxpB	Hexitol phosphatase B	TH2	HKNPDCAD_04833	HKNPDCAD_04833	
TH2_HKNPDCAD_04834	TH2_contig_2	4394091	4394681	591	+	ydjM	Inner membrane protein YdjM	TH2	HKNPDCAD_04834	HKNPDCAD_04834	
TH2_HKNPDCAD_04835	TH2_contig_2	4394814	4396205	1392	+	tcyP	L-cystine uptake protein TcyP	TH2	HKNPDCAD_04835	HKNPDCAD_04835	
TH2_HKNPDCAD_04836	TH2_contig_2	4396230	4397012	783	-	hypothetical protein	hypothetical protein	TH2	HKNPDCAD_04836	HKNPDCAD_04836	
TH2_HKNPDCAD_04837	TH2_contig_2	4397301	4397564	264	-	cedA	Cell division activator CedA	TH2	HKNPDCAD_04837	HKNPDCAD_04837	
TH2_HKNPDCAD_04838	TH2_contig_2	4397747	4400008	2262	+	katE	Catalase HPII	TH2	HKNPDCAD_04838	HKNPDCAD_04838	
TH2_HKNPDCAD_04839	TH2_contig_2	4400266	4401015	750	-	chbG	Chitooligosaccharide deacetylase ChbG	TH2	HKNPDCAD_04839	HKNPDCAD_04839	
TH2_HKNPDCAD_04840	TH2_contig_2	4401028	4402380	1353	-	chbF	6-phospho-beta-glucosidase	TH2	HKNPDCAD_04840	HKNPDCAD_04840	
TH2_HKNPDCAD_04841	TH2_contig_2	4402483	4403322	840	-	chbR	HTH-type transcriptional regulator ChbR	TH2	HKNPDCAD_04841	HKNPDCAD_04841	
TH2_HKNPDCAD_04842	TH2_contig_2	4403333	4403683	351	-	chbA	PTS system N,N'-diacetylchitobiose-specific EIIA component	TH2	HKNPDCAD_04842	HKNPDCAD_04842	
TH2_HKNPDCAD_04843	TH2_contig_2	4403734	4405092	1359	-	chbC	PTS system N,N'-diacetylchitobiose-specific EIIC component	TH2	HKNPDCAD_04843	HKNPDCAD_04843	
TH2_HKNPDCAD_04844	TH2_contig_2	4405177	4405497	321	-	chbB	PTS system N,N'-diacetylchitobiose-specific EIIB component	TH2	HKNPDCAD_04844	HKNPDCAD_04844	
TH2_HKNPDCAD_04845	TH2_contig_2	4405795	4406133	339	-	osmE	Osmotically-inducible putative lipoprotein OsmE	TH2	HKNPDCAD_04845	HKNPDCAD_04845	
TH2_HKNPDCAD_04846	TH2_contig_2	4406335	4407162	828	+	nadE	NH(3)-dependent NAD(+) synthetase	TH2	HKNPDCAD_04846	HKNPDCAD_04846	
TH2_HKNPDCAD_04847	TH2_contig_2	4407392	4408279	888	+	cho	Excinuclease cho	TH2	HKNPDCAD_04847	HKNPDCAD_04847	
TH2_HKNPDCAD_04848	TH2_contig_2	4408239	4408814	576	-	ves	Protein Ves	TH2	HKNPDCAD_04848	HKNPDCAD_04848	
TH2_HKNPDCAD_04849	TH2_contig_2	4409016	4409501	486	-	spy	Periplasmic chaperone Spy	TH2	HKNPDCAD_04849	HKNPDCAD_04849	
TH2_HKNPDCAD_04850	TH2_contig_2	4409903	4410883	981	+	IS5 family transposase ISKpn26	IS5 family transposase ISKpn26	TH2	HKNPDCAD_04850	HKNPDCAD_04850	
TH2_HKNPDCAD_04851	TH2_contig_2	4411030	4411998	969	-	astE	Succinylglutamate desuccinylase	TH2	HKNPDCAD_04851	HKNPDCAD_04851	
TH2_HKNPDCAD_04852	TH2_contig_2	4411991	4413334	1344	-	astB	N-succinylarginine dihydrolase	TH2	HKNPDCAD_04852	HKNPDCAD_04852	
TH2_HKNPDCAD_04853	TH2_contig_2	4413331	4414809	1479	-	astD	N-succinylglutamate 5-semialdehyde dehydrogenase	TH2	HKNPDCAD_04853	HKNPDCAD_04853	
TH2_HKNPDCAD_04854	TH2_contig_2	4414806	4415840	1035	-	astA	Arginine N-succinyltransferase	TH2	HKNPDCAD_04854	HKNPDCAD_04854	
TH2_HKNPDCAD_04855	TH2_contig_2	4415837	4417057	1221	-	astC	Succinylornithine transaminase	TH2	HKNPDCAD_04855	HKNPDCAD_04855	
TH2_HKNPDCAD_04856	TH2_contig_2	4417503	4418309	807	+	xthA	Exodeoxyribonuclease III	TH2	HKNPDCAD_04856	HKNPDCAD_04856	
TH2_HKNPDCAD_04857	TH2_contig_2	4418476	4419186	711	+	ydjZ_1	TVP38/TMEM64 family inner membrane protein YdjZ	TH2	HKNPDCAD_04857	HKNPDCAD_04857	
TH2_HKNPDCAD_04858	TH2_contig_2	4419191	4419868	678	+	hypothetical protein	hypothetical protein	TH2	HKNPDCAD_04858	HKNPDCAD_04858	
TH2_HKNPDCAD_04859	TH2_contig_2	4419885	4420589	705	+	ydjZ_2	TVP38/TMEM64 family inner membrane protein YdjZ	TH2	HKNPDCAD_04859	HKNPDCAD_04859	
TH2_HKNPDCAD_04860	TH2_contig_2	4420589	4421137	549	+	hypothetical protein	hypothetical protein	TH2	HKNPDCAD_04860	HKNPDCAD_04860	
TH2_HKNPDCAD_04861	TH2_contig_2	4421147	4421608	462	+	ynjB_1	Protein YnjB	TH2	HKNPDCAD_04861	HKNPDCAD_04861	
TH2_HKNPDCAD_04862	TH2_contig_2	4422027	4422314	288	+	ynjB_2	Protein YnjB	TH2	HKNPDCAD_04862	HKNPDCAD_04862	
TH2_HKNPDCAD_04863	TH2_contig_2	4422287	4423822	1536	+	ynjC	Inner membrane ABC transporter permease protein YnjC	TH2	HKNPDCAD_04863	HKNPDCAD_04863	
TH2_HKNPDCAD_04864	TH2_contig_2	4423822	4424475	654	+	fbpC2	Fe(3+) ions import ATP-binding protein FbpC 2	TH2	HKNPDCAD_04864	HKNPDCAD_04864	
TH2_HKNPDCAD_04865	TH2_contig_2	4424542	4425174	633	+	ynjE_1	Thiosulfate sulfurtransferase YnjE	TH2	HKNPDCAD_04865	HKNPDCAD_04865	
TH2_HKNPDCAD_04866	TH2_contig_2	4425129	4425848	720	+	ynjE_2	Thiosulfate sulfurtransferase YnjE	TH2	HKNPDCAD_04866	HKNPDCAD_04866	
TH2_HKNPDCAD_04867	TH2_contig_2	4426015	4426476	462	-	hypothetical protein	hypothetical protein	TH2	HKNPDCAD_04867	HKNPDCAD_04867	
TH2_HKNPDCAD_04868	TH2_contig_2	4426563	4426970	408	+	nudG	CTP pyrophosphohydrolase	TH2	HKNPDCAD_04868	HKNPDCAD_04868	
TH2_HKNPDCAD_04869	TH2_contig_2	4426936	4427208	273	-	hypothetical protein	hypothetical protein	TH2	HKNPDCAD_04869	HKNPDCAD_04869	
TH2_HKNPDCAD_04870	TH2_contig_2	4427444	4428787	1344	+	gdhA	NADP-specific glutamate dehydrogenase	TH2	HKNPDCAD_04870	HKNPDCAD_04870	
TH2_HKNPDCAD_04871	TH2_contig_2	4428904	4429590	687	-	ynjI	Inner membrane protein YnjI	TH2	HKNPDCAD_04871	HKNPDCAD_04871	
TH2_HKNPDCAD_04872	TH2_contig_2	4430083	4432029	1947	-	topB	DNA topoisomerase 3	TH2	HKNPDCAD_04872	HKNPDCAD_04872	
TH2_HKNPDCAD_04873	TH2_contig_2	4432034	4432777	744	-	selD	Selenide, water dikinase	TH2	HKNPDCAD_04873	HKNPDCAD_04873	
TH2_HKNPDCAD_04874	TH2_contig_2	4433193	4433744	552	-	ydjA	Putative NAD(P)H nitroreductase YdjA	TH2	HKNPDCAD_04874	HKNPDCAD_04874	
TH2_HKNPDCAD_04875	TH2_contig_2	4433905	4435761	1857	+	sppA	Protease 4	TH2	HKNPDCAD_04875	HKNPDCAD_04875	
TH2_HKNPDCAD_04876	TH2_contig_2	4435928	4436944	1017	+	ansA	L-asparaginase 1	TH2	HKNPDCAD_04876	HKNPDCAD_04876	
TH2_HKNPDCAD_04877	TH2_contig_2	4436955	4437596	642	+	pncA	Nicotinamidase	TH2	HKNPDCAD_04877	HKNPDCAD_04877	
TH2_HKNPDCAD_04878	TH2_contig_2	4437689	4439047	1359	-	ydjE_1	Inner membrane metabolite transport protein YdjE	TH2	HKNPDCAD_04878	HKNPDCAD_04878	
TH2_HKNPDCAD_04879	TH2_contig_2	4439164	4439922	759	-	ydjF_2	putative HTH-type transcriptional regulator YdjF	TH2	HKNPDCAD_04879	HKNPDCAD_04879	
TH2_HKNPDCAD_04880	TH2_contig_2	4440059	4441039	981	-	ydjG	NADH-specific methylglyoxal reductase	TH2	HKNPDCAD_04880	HKNPDCAD_04880	
TH2_HKNPDCAD_04881	TH2_contig_2	4441049	4441996	948	-	ydjH	putative sugar kinase YdjH	TH2	HKNPDCAD_04881	HKNPDCAD_04881	
TH2_HKNPDCAD_04882	TH2_contig_2	4442001	4442837	837	-	ydjI	putative protein YdjI	TH2	HKNPDCAD_04882	HKNPDCAD_04882	
TH2_HKNPDCAD_04883	TH2_contig_2	4442858	4443901	1044	-	ydjJ	putative zinc-type alcohol dehydrogenase-like protein YdjJ	TH2	HKNPDCAD_04883	HKNPDCAD_04883	
TH2_HKNPDCAD_04884	TH2_contig_2	4443918	4445297	1380	-	ydjE_2	Inner membrane metabolite transport protein YdjE	TH2	HKNPDCAD_04884	HKNPDCAD_04884	
TH2_HKNPDCAD_04885	TH2_contig_2	4445324	4446400	1077	-	D-arabitol-phosphate dehydrogenase	D-arabitol-phosphate dehydrogenase	TH2	HKNPDCAD_04885	HKNPDCAD_04885	
TH2_HKNPDCAD_04886	TH2_contig_2	4446770	4447042	273	-	hypothetical protein	hypothetical protein	TH2	HKNPDCAD_04886	HKNPDCAD_04886	
TH2_HKNPDCAD_04887	TH2_contig_2	4447084	4447497	414	-	msrB	Peptide methionine sulfoxide reductase MsrB	TH2	HKNPDCAD_04887	HKNPDCAD_04887	
TH2_HKNPDCAD_04888	TH2_contig_2	4447839	4448834	996	+	gapA	Glyceraldehyde-3-phosphate dehydrogenase A	TH2	HKNPDCAD_04888	HKNPDCAD_04888	
TH2_HKNPDCAD_04889	TH2_contig_2	4448917	4449801	885	+	yeaD	Putative glucose-6-phosphate 1-epimerase	TH2	HKNPDCAD_04889	HKNPDCAD_04889	
TH2_HKNPDCAD_04890	TH2_contig_2	4449849	4450703	855	-	yvgN	Glyoxal reductase	TH2	HKNPDCAD_04890	HKNPDCAD_04890	
TH2_HKNPDCAD_04891	TH2_contig_2	4450793	4451539	747	-	mipA_2	MltA-interacting protein	TH2	HKNPDCAD_04891	HKNPDCAD_04891	
TH2_HKNPDCAD_04892	TH2_contig_2	4451975	4453909	1935	+	hypothetical protein	hypothetical protein	TH2	HKNPDCAD_04892	HKNPDCAD_04892	
TH2_HKNPDCAD_04893	TH2_contig_2	4454022	4455305	1284	+	hypothetical protein	hypothetical protein	TH2	HKNPDCAD_04893	HKNPDCAD_04893	
TH2_HKNPDCAD_04894	TH2_contig_2	4455452	4456909	1458	+	cdgI	putative diguanylate cyclase CdgI	TH2	HKNPDCAD_04894	HKNPDCAD_04894	
TH2_HKNPDCAD_04895	TH2_contig_2	4457107	4458597	1491	+	dgcJ	putative diguanylate cyclase DgcJ	TH2	HKNPDCAD_04895	HKNPDCAD_04895	
TH2_HKNPDCAD_04896	TH2_contig_2	4458640	4459080	441	+	hypothetical protein	hypothetical protein	TH2	HKNPDCAD_04896	HKNPDCAD_04896	
TH2_HKNPDCAD_04897	TH2_contig_2	4459417	4459863	447	+	hypothetical protein	hypothetical protein	TH2	HKNPDCAD_04897	HKNPDCAD_04897	
TH2_HKNPDCAD_04898	TH2_contig_2	4459820	4460086	267	-	nimR_1	HTH-type transcriptional regulator NimR	TH2	HKNPDCAD_04898	HKNPDCAD_04898	
TH2_HKNPDCAD_04899	TH2_contig_2	4460083	4460637	555	-	nimR_2	HTH-type transcriptional regulator NimR	TH2	HKNPDCAD_04899	HKNPDCAD_04899	
TH2_HKNPDCAD_04900	TH2_contig_2	4460737	4461918	1182	+	nimT	2-nitroimidazole transporter	TH2	HKNPDCAD_04900	HKNPDCAD_04900	
TH2_HKNPDCAD_04901	TH2_contig_2	4461973	4462320	348	+	hypothetical protein	hypothetical protein	TH2	HKNPDCAD_04901	HKNPDCAD_04901	
TH2_HKNPDCAD_04902	TH2_contig_2	4462342	4462596	255	-	hypothetical protein	hypothetical protein	TH2	HKNPDCAD_04902	HKNPDCAD_04902	
TH2_HKNPDCAD_04903	TH2_contig_2	4462779	4463804	1026	+	dgcP	Diguanylate cyclase DgcP	TH2	HKNPDCAD_04903	HKNPDCAD_04903	
TH2_HKNPDCAD_04904	TH2_contig_2	4464071	4464319	249	-	hypothetical protein	hypothetical protein	TH2	HKNPDCAD_04904	HKNPDCAD_04904	
TH2_HKNPDCAD_04905	TH2_contig_2	4464466	4464648	183	-	yoaG	Protein YoaG	TH2	HKNPDCAD_04905	HKNPDCAD_04905	
TH2_HKNPDCAD_04906	TH2_contig_2	4464652	4464876	225	-	yeaR	putative protein YeaR	TH2	HKNPDCAD_04906	HKNPDCAD_04906	
TH2_HKNPDCAD_04907	TH2_contig_2	4464981	4465115	135	+	hypothetical protein	hypothetical protein	TH2	HKNPDCAD_04907	HKNPDCAD_04907	
TH2_HKNPDCAD_04908	TH2_contig_2	4465183	4465821	639	-	leuE	Leucine efflux protein	TH2	HKNPDCAD_04908	HKNPDCAD_04908	
TH2_HKNPDCAD_04909	TH2_contig_2	4465948	4466871	924	-	dmlR_5	HTH-type transcriptional regulator DmlR	TH2	HKNPDCAD_04909	HKNPDCAD_04909	
TH2_HKNPDCAD_04910	TH2_contig_2	4466974	4468059	1086	+	dmlA	D-malate dehydrogenase [decarboxylating]	TH2	HKNPDCAD_04910	HKNPDCAD_04910	
TH2_HKNPDCAD_04911	TH2_contig_2	4468265	4469695	1431	+	caiT_2	L-carnitine/gamma-butyrobetaine antiporter	TH2	HKNPDCAD_04911	HKNPDCAD_04911	
TH2_HKNPDCAD_04912	TH2_contig_2	4469727	4470851	1125	+	yeaW	Carnitine monooxygenase oxygenase subunit	TH2	HKNPDCAD_04912	HKNPDCAD_04912	
TH2_HKNPDCAD_04913	TH2_contig_2	4470907	4471872	966	+	yeaX	Carnitine monooxygenase reductase subunit	TH2	HKNPDCAD_04913	HKNPDCAD_04913	
TH2_HKNPDCAD_04914	TH2_contig_2	4471926	4473041	1116	-	rnd	Ribonuclease D	TH2	HKNPDCAD_04914	HKNPDCAD_04914	
TH2_HKNPDCAD_04915	TH2_contig_2	4473123	4473269	147	-	fadD_1	Long-chain-fatty-acid--CoA ligase	TH2	HKNPDCAD_04915	HKNPDCAD_04915	
TH2_HKNPDCAD_04916	TH2_contig_2	4473266	4474873	1608	-	fadD_2	Long-chain-fatty-acid--CoA ligase	TH2	HKNPDCAD_04916	HKNPDCAD_04916	
TH2_HKNPDCAD_04917	TH2_contig_2	4475012	4475593	582	-	slp_3	Outer membrane protein Slp	TH2	HKNPDCAD_04917	HKNPDCAD_04917	
TH2_HKNPDCAD_04918	TH2_contig_2	4475632	4476327	696	-	tsaB	tRNA threonylcarbamoyladenosine biosynthesis protein TsaB	TH2	HKNPDCAD_04918	HKNPDCAD_04918	
TH2_HKNPDCAD_04919	TH2_contig_2	4476385	4477908	1524	-	yoaA_1	putative ATP-dependent DNA helicase YoaA	TH2	HKNPDCAD_04919	HKNPDCAD_04919	
TH2_HKNPDCAD_04920	TH2_contig_2	4477914	4478294	381	-	yoaA_2	putative ATP-dependent DNA helicase YoaA	TH2	HKNPDCAD_04920	HKNPDCAD_04920	
TH2_HKNPDCAD_04921	TH2_contig_2	4478423	4478770	348	+	yabJ	2-iminobutanoate/2-iminopropanoate deaminase	TH2	HKNPDCAD_04921	HKNPDCAD_04921	
TH2_HKNPDCAD_04922	TH2_contig_2	4479192	4479431	240	+	hypothetical protein	hypothetical protein	TH2	HKNPDCAD_04922	HKNPDCAD_04922	
TH2_HKNPDCAD_04923	TH2_contig_2	4479610	4479789	180	-	hypothetical protein	hypothetical protein	TH2	HKNPDCAD_04923	HKNPDCAD_04923	
TH2_HKNPDCAD_04924	TH2_contig_2	4479863	4481224	1362	+	pabB	Aminodeoxychorismate synthase component 1	TH2	HKNPDCAD_04924	HKNPDCAD_04924	
TH2_HKNPDCAD_04925	TH2_contig_2	4481228	4481806	579	+	nudL	putative Nudix hydrolase NudL	TH2	HKNPDCAD_04925	HKNPDCAD_04925	
TH2_HKNPDCAD_04926	TH2_contig_2	4481990	4483354	1365	+	sdaA	L-serine dehydratase 1	TH2	HKNPDCAD_04926	HKNPDCAD_04926	
TH2_HKNPDCAD_04927	TH2_contig_2	4483485	4485083	1599	+	pdeD	putative cyclic di-GMP phosphodiesterase PdeD	TH2	HKNPDCAD_04927	HKNPDCAD_04927	
TH2_HKNPDCAD_04928	TH2_contig_2	4485087	4486643	1557	-	hypothetical protein	hypothetical protein	TH2	HKNPDCAD_04928	HKNPDCAD_04928	
TH2_HKNPDCAD_04929	TH2_contig_2	4486631	4486840	210	-	hypothetical protein	hypothetical protein	TH2	HKNPDCAD_04929	HKNPDCAD_04929	
TH2_HKNPDCAD_04930	TH2_contig_2	4487106	4488077	972	+	manX_2	PTS system mannose-specific EIIAB component	TH2	HKNPDCAD_04930	HKNPDCAD_04930	
TH2_HKNPDCAD_04931	TH2_contig_2	4488140	4488940	801	+	manY	PTS system mannose-specific EIIC component	TH2	HKNPDCAD_04931	HKNPDCAD_04931	
TH2_HKNPDCAD_04932	TH2_contig_2	4489060	4489857	798	+	manZ_3	PTS system mannose-specific EIID component	TH2	HKNPDCAD_04932	HKNPDCAD_04932	
TH2_HKNPDCAD_04933	TH2_contig_2	4489857	4490315	459	+	hypothetical protein	hypothetical protein	TH2	HKNPDCAD_04933	HKNPDCAD_04933	
TH2_HKNPDCAD_04934	TH2_contig_2	4490744	4491310	567	+	mntP	putative manganese efflux pump MntP	TH2	HKNPDCAD_04934	HKNPDCAD_04934	
TH2_HKNPDCAD_04935	TH2_contig_2	4491307	4492116	810	-	rlmA	23S rRNA (guanine(745)-N(1))-methyltransferase	TH2	HKNPDCAD_04935	HKNPDCAD_04935	
TH2_HKNPDCAD_04936	TH2_contig_2	4492282	4492491	210	-	cspC	Cold shock-like protein CspC	TH2	HKNPDCAD_04936	HKNPDCAD_04936	
TH2_HKNPDCAD_04937	TH2_contig_2	4493316	4493603	288	-	hypothetical protein	hypothetical protein	TH2	HKNPDCAD_04937	HKNPDCAD_04937	
TH2_HKNPDCAD_04938	TH2_contig_2	4493980	4494219	240	+	hypothetical protein	hypothetical protein	TH2	HKNPDCAD_04938	HKNPDCAD_04938	
TH2_HKNPDCAD_04939	TH2_contig_2	4494362	4495153	792	-	kdgR	Transcriptional regulator KdgR	TH2	HKNPDCAD_04939	HKNPDCAD_04939	
TH2_HKNPDCAD_04940	TH2_contig_2	4495330	4496703	1374	+	ribZ	Riboflavin transporter RibZ	TH2	HKNPDCAD_04940	HKNPDCAD_04940	
TH2_HKNPDCAD_04941	TH2_contig_2	4496749	4497630	882	-	htpX	Protease HtpX	TH2	HKNPDCAD_04941	HKNPDCAD_04941	
TH2_HKNPDCAD_04942	TH2_contig_2	4497822	4499870	2049	-	prc	Tail-specific protease	TH2	HKNPDCAD_04942	HKNPDCAD_04942	
TH2_HKNPDCAD_04943	TH2_contig_2	4499890	4500588	699	-	proQ	RNA chaperone ProQ	TH2	HKNPDCAD_04943	HKNPDCAD_04943	
TH2_HKNPDCAD_04944	TH2_contig_2	4500685	4501236	552	-	msrC	Free methionine-R-sulfoxide reductase	TH2	HKNPDCAD_04944	HKNPDCAD_04944	
TH2_HKNPDCAD_04945	TH2_contig_2	4501312	4502595	1284	+	yebS	Intermembrane transport protein YebS	TH2	HKNPDCAD_04945	HKNPDCAD_04945	
TH2_HKNPDCAD_04946	TH2_contig_2	4502564	4503277	714	+	yebT_1	Intermembrane transport protein YebT	TH2	HKNPDCAD_04946	HKNPDCAD_04946	
TH2_HKNPDCAD_04947	TH2_contig_2	4503274	4505196	1923	+	yebT_2	Intermembrane transport protein YebT	TH2	HKNPDCAD_04947	HKNPDCAD_04947	
TH2_HKNPDCAD_04948	TH2_contig_2	4505270	4506715	1446	+	rsmF	Ribosomal RNA small subunit methyltransferase F	TH2	HKNPDCAD_04948	HKNPDCAD_04948	
TH2_HKNPDCAD_04949	TH2_contig_2	4506833	4507069	237	+	yebV	putative protein YebV	TH2	HKNPDCAD_04949	HKNPDCAD_04949	
TH2_HKNPDCAD_04950	TH2_contig_2	4507090	4507365	276	+	hypothetical protein	hypothetical protein	TH2	HKNPDCAD_04950	HKNPDCAD_04950	
TH2_HKNPDCAD_04951	TH2_contig_2	4507570	4507896	327	+	IS3 family transposase IS629	IS3 family transposase IS629	TH2	HKNPDCAD_04951	HKNPDCAD_04951	
TH2_HKNPDCAD_04952	TH2_contig_2	4507896	4508783	888	+	IS3 family transposase IS629	IS3 family transposase IS629	TH2	HKNPDCAD_04952	HKNPDCAD_04952	
TH2_HKNPDCAD_04953	TH2_contig_2	4508665	4509336	672	-	apaH_2	Bis(5'-nucleosyl)-tetraphosphatase, symmetrical	TH2	HKNPDCAD_04953	HKNPDCAD_04953	
TH2_HKNPDCAD_04954	TH2_contig_2	4509732	4510085	354	-	hypothetical protein	hypothetical protein	TH2	HKNPDCAD_04954	HKNPDCAD_04954	
TH2_HKNPDCAD_04955	TH2_contig_2	4510085	4510255	171	-	yebZ_1	Inner membrane protein YebZ	TH2	HKNPDCAD_04955	HKNPDCAD_04955	
TH2_HKNPDCAD_04956	TH2_contig_2	4510255	4510956	702	-	yebZ_2	Inner membrane protein YebZ	TH2	HKNPDCAD_04956	HKNPDCAD_04956	
TH2_HKNPDCAD_04957	TH2_contig_2	4510960	4511334	375	-	yobA	Protein YobA	TH2	HKNPDCAD_04957	HKNPDCAD_04957	
TH2_HKNPDCAD_04958	TH2_contig_2	4511473	4511703	231	+	holE	DNA polymerase III subunit theta	TH2	HKNPDCAD_04958	HKNPDCAD_04958	
TH2_HKNPDCAD_04959	TH2_contig_2	4511805	4512461	657	+	hypothetical protein	hypothetical protein	TH2	HKNPDCAD_04959	HKNPDCAD_04959	
TH2_HKNPDCAD_04960	TH2_contig_2	4512485	4513147	663	+	exoX	Exodeoxyribonuclease 10	TH2	HKNPDCAD_04960	HKNPDCAD_04960	
TH2_HKNPDCAD_04961	TH2_contig_2	4513144	4515204	2061	-	ptrB	Protease 2	TH2	HKNPDCAD_04961	HKNPDCAD_04961	
TH2_HKNPDCAD_04962	TH2_contig_2	4515413	4516072	660	-	yebE	Inner membrane protein YebE	TH2	HKNPDCAD_04962	HKNPDCAD_04962	
TH2_HKNPDCAD_04963	TH2_contig_2	4516132	4516242	111	+	hypothetical protein	hypothetical protein	TH2	HKNPDCAD_04963	HKNPDCAD_04963	
TH2_HKNPDCAD_04964	TH2_contig_2	4516279	4516485	207	+	hypothetical protein	hypothetical protein	TH2	HKNPDCAD_04964	HKNPDCAD_04964	
TH2_HKNPDCAD_04965	TH2_contig_2	4516399	4516791	393	-	yebF	Protein YebF	TH2	HKNPDCAD_04965	HKNPDCAD_04965	
TH2_HKNPDCAD_04966	TH2_contig_2	4516821	4517111	291	-	hypothetical protein	hypothetical protein	TH2	HKNPDCAD_04966	HKNPDCAD_04966	
TH2_HKNPDCAD_04967	TH2_contig_2	4517245	4518423	1179	+	purT	Formate-dependent phosphoribosylglycinamide formyltransferase	TH2	HKNPDCAD_04967	HKNPDCAD_04967	
TH2_HKNPDCAD_04968	TH2_contig_2	4518479	4519027	549	-	eda	KHG/KDPG aldolase	TH2	HKNPDCAD_04968	HKNPDCAD_04968	
TH2_HKNPDCAD_04969	TH2_contig_2	4519156	4520967	1812	-	edd	Phosphogluconate dehydratase	TH2	HKNPDCAD_04969	HKNPDCAD_04969	
TH2_HKNPDCAD_04970	TH2_contig_2	4521201	4522469	1269	-	zwf	Glucose-6-phosphate 1-dehydrogenase	TH2	HKNPDCAD_04970	HKNPDCAD_04970	
TH2_HKNPDCAD_04971	TH2_contig_2	4522532	4522675	144	-	hypothetical protein	hypothetical protein	TH2	HKNPDCAD_04971	HKNPDCAD_04971	
TH2_HKNPDCAD_04972	TH2_contig_2	4522841	4522990	150	-	hypothetical protein	hypothetical protein	TH2	HKNPDCAD_04972	HKNPDCAD_04972	
TH2_HKNPDCAD_04973	TH2_contig_2	4523013	4523420	408	+	hexR_1	HTH-type transcriptional regulator HexR	TH2	HKNPDCAD_04973	HKNPDCAD_04973	
TH2_HKNPDCAD_04974	TH2_contig_2	4523450	4523881	432	+	hexR_2	HTH-type transcriptional regulator HexR	TH2	HKNPDCAD_04974	HKNPDCAD_04974	
TH2_HKNPDCAD_04975	TH2_contig_2	4524009	4525451	1443	+	pykA	Pyruvate kinase II	TH2	HKNPDCAD_04975	HKNPDCAD_04975	
TH2_HKNPDCAD_04976	TH2_contig_2	4525582	4526577	996	-	lpxM	Lipid A biosynthesis myristoyltransferase	TH2	HKNPDCAD_04976	HKNPDCAD_04976	
TH2_HKNPDCAD_04977	TH2_contig_2	4526671	4527288	618	-	mepM_1	Murein DD-endopeptidase MepM	TH2	HKNPDCAD_04977	HKNPDCAD_04977	
TH2_HKNPDCAD_04978	TH2_contig_2	4527288	4527992	705	-	mepM_2	Murein DD-endopeptidase MepM	TH2	HKNPDCAD_04978	HKNPDCAD_04978	
TH2_HKNPDCAD_04979	TH2_contig_2	4528008	4528994	987	-	znuA	High-affinity zinc uptake system protein ZnuA	TH2	HKNPDCAD_04979	HKNPDCAD_04979	
TH2_HKNPDCAD_04980	TH2_contig_2	4529019	4529774	756	+	znuC	Zinc import ATP-binding protein ZnuC	TH2	HKNPDCAD_04980	HKNPDCAD_04980	
TH2_HKNPDCAD_04981	TH2_contig_2	4529771	4530556	786	+	znuB	High-affinity zinc uptake system membrane protein ZnuB	TH2	HKNPDCAD_04981	HKNPDCAD_04981	
TH2_HKNPDCAD_04982	TH2_contig_2	4530703	4531713	1011	-	ruvB	Holliday junction ATP-dependent DNA helicase RuvB	TH2	HKNPDCAD_04982	HKNPDCAD_04982	
TH2_HKNPDCAD_04983	TH2_contig_2	4531722	4532285	564	-	ruvA	Holliday junction ATP-dependent DNA helicase RuvA	TH2	HKNPDCAD_04983	HKNPDCAD_04983	
TH2_HKNPDCAD_04984	TH2_contig_2	4532607	4533209	603	+	hypothetical protein	hypothetical protein	TH2	HKNPDCAD_04984	HKNPDCAD_04984	
TH2_HKNPDCAD_04985	TH2_contig_2	4533211	4533732	522	-	ruvC	Crossover junction endodeoxyribonuclease RuvC	TH2	HKNPDCAD_04985	HKNPDCAD_04985	
TH2_HKNPDCAD_04986	TH2_contig_2	4533767	4534507	741	-	yebC	putative transcriptional regulatory protein YebC	TH2	HKNPDCAD_04986	HKNPDCAD_04986	
TH2_HKNPDCAD_04987	TH2_contig_2	4534536	4535045	510	-	nudB	Dihydroneopterin triphosphate diphosphatase	TH2	HKNPDCAD_04987	HKNPDCAD_04987	
TH2_HKNPDCAD_04988	TH2_contig_2	4535106	4536878	1773	-	aspS	Aspartate--tRNA ligase	TH2	HKNPDCAD_04988	HKNPDCAD_04988	
TH2_HKNPDCAD_04989	TH2_contig_2	4537187	4537753	567	+	yecD	Isochorismatase family protein YecD	TH2	HKNPDCAD_04989	HKNPDCAD_04989	
TH2_HKNPDCAD_04990	TH2_contig_2	4537750	4538322	573	+	hypothetical protein	hypothetical protein	TH2	HKNPDCAD_04990	HKNPDCAD_04990	
TH2_HKNPDCAD_04991	TH2_contig_2	4538364	4538567	204	+	hypothetical protein	hypothetical protein	TH2	HKNPDCAD_04991	HKNPDCAD_04991	
TH2_HKNPDCAD_04992	TH2_contig_2	4538620	4539015	396	+	yecN	Inner membrane protein YecN	TH2	HKNPDCAD_04992	HKNPDCAD_04992	
TH2_HKNPDCAD_04993	TH2_contig_2	4539056	4539799	744	+	cmoA	Carboxy-S-adenosyl-L-methionine synthase	TH2	HKNPDCAD_04993	HKNPDCAD_04993	
TH2_HKNPDCAD_04994	TH2_contig_2	4539796	4540767	972	+	cmoB	tRNA U34 carboxymethyltransferase	TH2	HKNPDCAD_04994	HKNPDCAD_04994	
TH2_HKNPDCAD_04995	TH2_contig_2	4540932	4543361	2430	-	torZ	Trimethylamine-N-oxide reductase 2	TH2	HKNPDCAD_04995	HKNPDCAD_04995	
TH2_HKNPDCAD_04996	TH2_contig_2	4543386	4544486	1101	-	torY	Cytochrome c-type protein TorY	TH2	HKNPDCAD_04996	HKNPDCAD_04996	
TH2_HKNPDCAD_04997	TH2_contig_2	4544873	4545538	666	-	cutC_3	Copper homeostasis protein CutC	TH2	HKNPDCAD_04997	HKNPDCAD_04997	
TH2_HKNPDCAD_04998	TH2_contig_2	4545632	4546198	567	-	yecM	Protein YecM	TH2	HKNPDCAD_04998	HKNPDCAD_04998	
TH2_HKNPDCAD_04999	TH2_contig_2	4546414	4548147	1734	+	argS	Arginine--tRNA ligase	TH2	HKNPDCAD_04999	HKNPDCAD_04999	
TH2_HKNPDCAD_05000	TH2_contig_2	4548324	4548812	489	+	hypothetical protein	hypothetical protein	TH2	HKNPDCAD_05000	HKNPDCAD_05000	
TH2_HKNPDCAD_05001	TH2_contig_2	4548932	4549324	393	-	flhE	Flagellar protein FlhE	TH2	HKNPDCAD_05001	HKNPDCAD_05001	
TH2_HKNPDCAD_05002	TH2_contig_2	4549324	4551402	2079	-	flhA_3	Flagellar biosynthesis protein FlhA	TH2	HKNPDCAD_05002	HKNPDCAD_05002	
TH2_HKNPDCAD_05003	TH2_contig_2	4551395	4552543	1149	-	flhB	Flagellar biosynthetic protein FlhB	TH2	HKNPDCAD_05003	HKNPDCAD_05003	
TH2_HKNPDCAD_05004	TH2_contig_2	4552745	4553389	645	-	cheZ	Protein phosphatase CheZ	TH2	HKNPDCAD_05004	HKNPDCAD_05004	
TH2_HKNPDCAD_05005	TH2_contig_2	4553400	4553789	390	-	cheY	Chemotaxis protein CheY	TH2	HKNPDCAD_05005	HKNPDCAD_05005	
TH2_HKNPDCAD_05006	TH2_contig_2	4553804	4554853	1050	-	cheB_2	Protein-glutamate methylesterase/protein-glutamine glutaminase	TH2	HKNPDCAD_05006	HKNPDCAD_05006	
TH2_HKNPDCAD_05007	TH2_contig_2	4554856	4555716	861	-	cheR	Chemotaxis protein methyltransferase	TH2	HKNPDCAD_05007	HKNPDCAD_05007	
TH2_HKNPDCAD_05008	TH2_contig_2	4555735	4557336	1602	-	tap_1	Methyl-accepting chemotaxis protein IV	TH2	HKNPDCAD_05008	HKNPDCAD_05008	
TH2_HKNPDCAD_05009	TH2_contig_2	4557382	4559043	1662	-	tar	Methyl-accepting chemotaxis protein II	TH2	HKNPDCAD_05009	HKNPDCAD_05009	
TH2_HKNPDCAD_05010	TH2_contig_2	4559190	4559693	504	-	cheW	Chemotaxis protein CheW	TH2	HKNPDCAD_05010	HKNPDCAD_05010	
TH2_HKNPDCAD_05011	TH2_contig_2	4559714	4560820	1107	-	cheA_1	Chemotaxis protein CheA	TH2	HKNPDCAD_05011	HKNPDCAD_05011	
TH2_HKNPDCAD_05012	TH2_contig_2	4560880	4561473	594	-	cheA_2	Chemotaxis protein CheA	TH2	HKNPDCAD_05012	HKNPDCAD_05012	
TH2_HKNPDCAD_05013	TH2_contig_2	4561473	4561676	204	-	cheA_3	Chemotaxis protein CheA	TH2	HKNPDCAD_05013	HKNPDCAD_05013	
TH2_HKNPDCAD_05014	TH2_contig_2	4561681	4562319	639	-	motB_1	Motility protein B	TH2	HKNPDCAD_05014	HKNPDCAD_05014	
TH2_HKNPDCAD_05015	TH2_contig_2	4562316	4562606	291	-	motB_2	Motility protein B	TH2	HKNPDCAD_05015	HKNPDCAD_05015	
TH2_HKNPDCAD_05016	TH2_contig_2	4562603	4563388	786	-	motA	Motility protein A	TH2	HKNPDCAD_05016	HKNPDCAD_05016	
TH2_HKNPDCAD_05017	TH2_contig_2	4563616	4564194	579	-	flhC	Flagellar transcriptional regulator FlhC	TH2	HKNPDCAD_05017	HKNPDCAD_05017	
TH2_HKNPDCAD_05018	TH2_contig_2	4564197	4564547	351	-	flhD	Flagellar transcriptional regulator FlhD	TH2	HKNPDCAD_05018	HKNPDCAD_05018	
TH2_HKNPDCAD_05019	TH2_contig_2	4565326	4565754	429	+	uspC	Universal stress protein C	TH2	HKNPDCAD_05019	HKNPDCAD_05019	
TH2_HKNPDCAD_05020	TH2_contig_2	4565761	4566900	1140	-	otsA	Trehalose-6-phosphate synthase	TH2	HKNPDCAD_05020	HKNPDCAD_05020	
TH2_HKNPDCAD_05021	TH2_contig_2	4566858	4567184	327	-	hypothetical protein	hypothetical protein	TH2	HKNPDCAD_05021	HKNPDCAD_05021	
TH2_HKNPDCAD_05022	TH2_contig_2	4567159	4567959	801	-	otsB	Trehalose-6-phosphate phosphatase	TH2	HKNPDCAD_05022	HKNPDCAD_05022	
TH2_HKNPDCAD_05023	TH2_contig_2	4568126	4569112	987	-	araH	L-arabinose transport system permease protein AraH	TH2	HKNPDCAD_05023	HKNPDCAD_05023	
TH2_HKNPDCAD_05024	TH2_contig_2	4569127	4570641	1515	-	araG_2	Arabinose import ATP-binding protein AraG	TH2	HKNPDCAD_05024	HKNPDCAD_05024	
TH2_HKNPDCAD_05025	TH2_contig_2	4570711	4571700	990	-	araF	L-arabinose-binding periplasmic protein	TH2	HKNPDCAD_05025	HKNPDCAD_05025	
TH2_HKNPDCAD_05026	TH2_contig_2	4572497	4573000	504	+	ftnA_1	Bacterial non-heme ferritin	TH2	HKNPDCAD_05026	HKNPDCAD_05026	
TH2_HKNPDCAD_05027	TH2_contig_2	4573079	4573330	252	-	hypothetical protein	hypothetical protein	TH2	HKNPDCAD_05027	HKNPDCAD_05027	
TH2_HKNPDCAD_05028	TH2_contig_2	4574288	4574785	498	+	ftnA_2	Bacterial non-heme ferritin	TH2	HKNPDCAD_05028	HKNPDCAD_05028	
TH2_HKNPDCAD_05029	TH2_contig_2	4574823	4575062	240	-	hypothetical protein	hypothetical protein	TH2	HKNPDCAD_05029	HKNPDCAD_05029	
TH2_HKNPDCAD_05030	TH2_contig_2	4575253	4576464	1212	+	tyrP	Tyrosine-specific transport protein	TH2	HKNPDCAD_05030	HKNPDCAD_05030	
TH2_HKNPDCAD_05031	TH2_contig_2	4576526	4577191	666	-	hypothetical protein	hypothetical protein	TH2	HKNPDCAD_05031	HKNPDCAD_05031	
TH2_HKNPDCAD_05035	TH2_contig_2	4577841	4578389	549	-	pgsA	CDP-diacylglycerol--glycerol-3-phosphate 3-phosphatidyltransferase	TH2	HKNPDCAD_05035	HKNPDCAD_05035	
TH2_HKNPDCAD_05036	TH2_contig_2	4578559	4579350	792	-	uvrC_1	UvrABC system protein C	TH2	HKNPDCAD_05036	HKNPDCAD_05036	
TH2_HKNPDCAD_05037	TH2_contig_2	4579331	4580278	948	-	uvrC_2	UvrABC system protein C	TH2	HKNPDCAD_05037	HKNPDCAD_05037	
TH2_HKNPDCAD_05038	TH2_contig_2	4580275	4580931	657	-	uvrY	Response regulator UvrY	TH2	HKNPDCAD_05038	HKNPDCAD_05038	
TH2_HKNPDCAD_05039	TH2_contig_2	4581389	4581613	225	+	hypothetical protein	hypothetical protein	TH2	HKNPDCAD_05039	HKNPDCAD_05039	
TH2_HKNPDCAD_05040	TH2_contig_2	4581685	4582401	717	-	sdiA	Regulatory protein SdiA	TH2	HKNPDCAD_05040	HKNPDCAD_05040	
TH2_HKNPDCAD_05041	TH2_contig_2	4582631	4583383	753	-	artM_2	Arginine transport ATP-binding protein ArtM	TH2	HKNPDCAD_05041	HKNPDCAD_05041	
TH2_HKNPDCAD_05042	TH2_contig_2	4583380	4584048	669	-	yecS	L-cystine transport system permease protein YecS	TH2	HKNPDCAD_05042	HKNPDCAD_05042	
TH2_HKNPDCAD_05043	TH2_contig_2	4584063	4585049	987	-	dcyD	D-cysteine desulfhydrase	TH2	HKNPDCAD_05043	HKNPDCAD_05043	
TH2_HKNPDCAD_05044	TH2_contig_2	4585154	4585558	405	-	fliY_1	L-cystine-binding protein FliY	TH2	HKNPDCAD_05044	HKNPDCAD_05044	
TH2_HKNPDCAD_05045	TH2_contig_2	4585555	4586010	456	-	fliY_2	L-cystine-binding protein FliY	TH2	HKNPDCAD_05045	HKNPDCAD_05045	
TH2_HKNPDCAD_05046	TH2_contig_2	4586041	4586592	552	-	fliZ	Regulator of sigma S factor FliZ	TH2	HKNPDCAD_05046	HKNPDCAD_05046	
TH2_HKNPDCAD_05047	TH2_contig_2	4586638	4587357	720	-	fliA	RNA polymerase sigma factor FliA	TH2	HKNPDCAD_05047	HKNPDCAD_05047	
TH2_HKNPDCAD_05048	TH2_contig_2	4587521	4588996	1476	-	fliC	Flagellin	TH2	HKNPDCAD_05048	HKNPDCAD_05048	
TH2_HKNPDCAD_05049	TH2_contig_2	4589251	4589340	90	+	hypothetical protein	hypothetical protein	TH2	HKNPDCAD_05049	HKNPDCAD_05049	
TH2_HKNPDCAD_05050	TH2_contig_2	4589712	4590662	951	+	fliD	Flagellar hook-associated protein 2	TH2	HKNPDCAD_05050	HKNPDCAD_05050	
TH2_HKNPDCAD_05051	TH2_contig_2	4590677	4591087	411	+	fliS	Flagellar secretion chaperone FliS	TH2	HKNPDCAD_05051	HKNPDCAD_05051	
TH2_HKNPDCAD_05052	TH2_contig_2	4591087	4591452	366	+	fliT	Flagellar protein FliT	TH2	HKNPDCAD_05052	HKNPDCAD_05052	
TH2_HKNPDCAD_05053	TH2_contig_2	4591530	4593017	1488	+	amyA	Cytoplasmic alpha-amylase	TH2	HKNPDCAD_05053	HKNPDCAD_05053	
TH2_HKNPDCAD_05054	TH2_contig_2	4593051	4593464	414	-	hypothetical protein	hypothetical protein	TH2	HKNPDCAD_05054	HKNPDCAD_05054	
TH2_HKNPDCAD_05055	TH2_contig_2	4593651	4594856	1206	+	hypothetical protein	hypothetical protein	TH2	HKNPDCAD_05055	HKNPDCAD_05055	
TH2_HKNPDCAD_05056	TH2_contig_2	4594853	4595086	234	+	yedF	Putative sulfur carrier protein YedF	TH2	HKNPDCAD_05056	HKNPDCAD_05056	
TH2_HKNPDCAD_05057	TH2_contig_2	4595193	4595864	672	+	yedK	SOS response-associated protein YedK	TH2	HKNPDCAD_05057	HKNPDCAD_05057	
TH2_HKNPDCAD_05058	TH2_contig_2	4596070	4596261	192	-	hypothetical protein	hypothetical protein	TH2	HKNPDCAD_05058	HKNPDCAD_05058	
TH2_HKNPDCAD_05059	TH2_contig_2	4596723	4597073	351	-	hypothetical protein	hypothetical protein	TH2	HKNPDCAD_05059	HKNPDCAD_05059	
TH2_HKNPDCAD_05060	TH2_contig_2	4597424	4597738	315	-	fliE	Flagellar hook-basal body complex protein FliE	TH2	HKNPDCAD_05060	HKNPDCAD_05060	
TH2_HKNPDCAD_05061	TH2_contig_2	4597953	4599611	1659	+	fliF	Flagellar M-ring protein	TH2	HKNPDCAD_05061	HKNPDCAD_05061	
TH2_HKNPDCAD_05062	TH2_contig_2	4599604	4600599	996	+	fliG	Flagellar motor switch protein FliG	TH2	HKNPDCAD_05062	HKNPDCAD_05062	
TH2_HKNPDCAD_05063	TH2_contig_2	4600592	4601278	687	+	fliH	Flagellar assembly protein FliH	TH2	HKNPDCAD_05063	HKNPDCAD_05063	
TH2_HKNPDCAD_05064	TH2_contig_2	4601278	4602651	1374	+	fliI	Flagellum-specific ATP synthase	TH2	HKNPDCAD_05064	HKNPDCAD_05064	
TH2_HKNPDCAD_05065	TH2_contig_2	4602670	4603113	444	+	fliJ	Flagellar FliJ protein	TH2	HKNPDCAD_05065	HKNPDCAD_05065	
TH2_HKNPDCAD_05066	TH2_contig_2	4603262	4604236	975	+	fliK	Flagellar hook-length control protein	TH2	HKNPDCAD_05066	HKNPDCAD_05066	
TH2_HKNPDCAD_05067	TH2_contig_2	4604341	4604805	465	+	hypothetical protein	hypothetical protein	TH2	HKNPDCAD_05067	HKNPDCAD_05067	
TH2_HKNPDCAD_05068	TH2_contig_2	4604810	4605814	1005	+	fliM	Flagellar motor switch protein FliM	TH2	HKNPDCAD_05068	HKNPDCAD_05068	
TH2_HKNPDCAD_05069	TH2_contig_2	4605811	4606224	414	+	fliN	Flagellar motor switch protein FliN	TH2	HKNPDCAD_05069	HKNPDCAD_05069	
TH2_HKNPDCAD_05070	TH2_contig_2	4606227	4606559	333	+	fliO	Flagellar protein FliO	TH2	HKNPDCAD_05070	HKNPDCAD_05070	
TH2_HKNPDCAD_05071	TH2_contig_2	4606591	4607259	669	+	fliP	Flagellar biosynthetic protein FliP	TH2	HKNPDCAD_05071	HKNPDCAD_05071	
TH2_HKNPDCAD_05072	TH2_contig_2	4607337	4607606	270	+	fliQ	Flagellar biosynthetic protein FliQ	TH2	HKNPDCAD_05072	HKNPDCAD_05072	
TH2_HKNPDCAD_05073	TH2_contig_2	4607614	4608399	786	+	fliR	Flagellar biosynthetic protein FliR	TH2	HKNPDCAD_05073	HKNPDCAD_05073	
TH2_HKNPDCAD_05074	TH2_contig_2	4608689	4608811	123	+	rcsA_1	Transcriptional regulatory protein RcsA	TH2	HKNPDCAD_05074	HKNPDCAD_05074	
TH2_HKNPDCAD_05075	TH2_contig_2	4609128	4609310	183	+	rcsA_2	Transcriptional regulatory protein RcsA	TH2	HKNPDCAD_05075	HKNPDCAD_05075	
TH2_HKNPDCAD_05076	TH2_contig_2	4609354	4609542	189	-	dsrB	Protein DsrB	TH2	HKNPDCAD_05076	HKNPDCAD_05076	
TH2_HKNPDCAD_05077	TH2_contig_2	4609705	4609932	228	+	hypothetical protein	hypothetical protein	TH2	HKNPDCAD_05077	HKNPDCAD_05077	
TH2_HKNPDCAD_05078	TH2_contig_2	4610230	4611045	816	+	yedP	Mannosyl-3-phosphoglycerate phosphatase	TH2	HKNPDCAD_05078	HKNPDCAD_05078	
TH2_HKNPDCAD_05079	TH2_contig_2	4611042	4612622	1581	-	dgcQ	putative diguanylate cyclase DgcQ	TH2	HKNPDCAD_05079	HKNPDCAD_05079	
TH2_HKNPDCAD_05080	TH2_contig_2	4612906	4613088	183	-	hypothetical protein	hypothetical protein	TH2	HKNPDCAD_05080	HKNPDCAD_05080	
TH2_HKNPDCAD_05081	TH2_contig_2	4613166	4614083	918	-	yedI	Inner membrane protein YedI	TH2	HKNPDCAD_05081	HKNPDCAD_05081	
TH2_HKNPDCAD_05082	TH2_contig_2	4614204	4615175	972	+	yedA	putative inner membrane transporter YedA	TH2	HKNPDCAD_05082	HKNPDCAD_05082	
TH2_HKNPDCAD_05083	TH2_contig_2	4615164	4615634	471	-	vsr	Very short patch repair protein	TH2	HKNPDCAD_05083	HKNPDCAD_05083	
TH2_HKNPDCAD_05084	TH2_contig_2	4615615	4617033	1419	-	dcm_1	DNA-cytosine methyltransferase	TH2	HKNPDCAD_05084	HKNPDCAD_05084	
TH2_HKNPDCAD_05085	TH2_contig_2	4617100	4617351	252	-	yedJ_1	putative protein YedJ	TH2	HKNPDCAD_05085	HKNPDCAD_05085	
TH2_HKNPDCAD_05086	TH2_contig_2	4617446	4617793	348	-	yedJ_2	putative protein YedJ	TH2	HKNPDCAD_05086	HKNPDCAD_05086	
TH2_HKNPDCAD_05087	TH2_contig_2	4617833	4618198	366	-	yedR	Inner membrane protein YedR	TH2	HKNPDCAD_05087	HKNPDCAD_05087	
TH2_HKNPDCAD_05088	TH2_contig_2	4618416	4618505	90	-	hypothetical protein	hypothetical protein	TH2	HKNPDCAD_05088	HKNPDCAD_05088	
TH2_HKNPDCAD_05089	TH2_contig_2	4618763	4619155	393	+	yedS_1	Outer membrane protein YedS	TH2	HKNPDCAD_05089	HKNPDCAD_05089	
TH2_HKNPDCAD_05090	TH2_contig_2	4619197	4619823	627	+	yedS_2	Outer membrane protein YedS	TH2	HKNPDCAD_05090	HKNPDCAD_05090	
TH2_HKNPDCAD_05091	TH2_contig_2	4619875	4620141	267	+	IS3 family transposase ISSfl10	IS3 family transposase ISSfl10	TH2	HKNPDCAD_05091	HKNPDCAD_05091	
TH2_HKNPDCAD_05092	TH2_contig_2	4620144	4621295	1152	-	IS30 family transposase IS30	IS30 family transposase IS30	TH2	HKNPDCAD_05092	HKNPDCAD_05092	
TH2_HKNPDCAD_05093	TH2_contig_2	4621435	4622253	819	+	IS3 family transposase ISSd1	IS3 family transposase ISSd1	TH2	HKNPDCAD_05093	HKNPDCAD_05093	
TH2_HKNPDCAD_05094	TH2_contig_2	4622765	4623616	852	+	hchA	Protein/nucleic acid deglycase 1	TH2	HKNPDCAD_05094	HKNPDCAD_05094	
TH2_HKNPDCAD_05095	TH2_contig_2	4623714	4625072	1359	-	hprS	Sensor histidine kinase HprS	TH2	HKNPDCAD_05095	HKNPDCAD_05095	
TH2_HKNPDCAD_05096	TH2_contig_2	4625072	4625854	783	-	hprR	Transcriptional regulatory protein HprR	TH2	HKNPDCAD_05096	HKNPDCAD_05096	
TH2_HKNPDCAD_05097	TH2_contig_2	4625876	4626289	414	+	hiuH	5-hydroxyisourate hydrolase	TH2	HKNPDCAD_05097	HKNPDCAD_05097	
TH2_HKNPDCAD_05098	TH2_contig_2	4626398	4627402	1005	+	msrP	Protein-methionine-sulfoxide reductase catalytic subunit MsrP	TH2	HKNPDCAD_05098	HKNPDCAD_05098	
TH2_HKNPDCAD_05099	TH2_contig_2	4627403	4628182	780	+	msrQ	Protein-methionine-sulfoxide reductase heme-binding subunit MsrQ	TH2	HKNPDCAD_05099	HKNPDCAD_05099	
TH2_HKNPDCAD_05100	TH2_contig_2	4628294	4628944	651	+	zinT	Metal-binding protein ZinT	TH2	HKNPDCAD_05100	HKNPDCAD_05100	
TH2_HKNPDCAD_05101	TH2_contig_2	4629287	4629817	531	+	yodB	Cytochrome b561	TH2	HKNPDCAD_05101	HKNPDCAD_05101	
TH2_HKNPDCAD_05103	TH2_contig_2	4630570	4631367	798	+	mtfA	Protein MtfA	TH2	HKNPDCAD_05103	HKNPDCAD_05103	
TH2_HKNPDCAD_05105	TH2_contig_2	4631828	4632385	558	+	hypothetical protein	hypothetical protein	TH2	HKNPDCAD_05105	HKNPDCAD_05105	
TH2_HKNPDCAD_05106	TH2_contig_2	4632382	4632936	555	+	Invasin	Invasin	TH2	HKNPDCAD_05106	HKNPDCAD_05106	
TH2_HKNPDCAD_05107	TH2_contig_2	4633026	4633409	384	+	eae	Intimin	TH2	HKNPDCAD_05107	HKNPDCAD_05107	
TH2_HKNPDCAD_05108	TH2_contig_2	4633417	4635126	1710	+	hypothetical protein	hypothetical protein	TH2	HKNPDCAD_05108	HKNPDCAD_05108	
TH2_HKNPDCAD_05109	TH2_contig_2	4635189	4636511	1323	+	hypothetical protein	hypothetical protein	TH2	HKNPDCAD_05109	HKNPDCAD_05109	
TH2_HKNPDCAD_05110	TH2_contig_2	4637055	4639832	2778	+	hypothetical protein	hypothetical protein	TH2	HKNPDCAD_05110	HKNPDCAD_05110	
TH2_HKNPDCAD_05111	TH2_contig_2	4640094	4641146	1053	-	hypothetical protein	hypothetical protein	TH2	HKNPDCAD_05111	HKNPDCAD_05111	
TH2_HKNPDCAD_05112	TH2_contig_2	4641461	4642777	1317	+	abaF	Fosfomycin resistance protein AbaF	TH2	HKNPDCAD_05112	HKNPDCAD_05112	
TH2_HKNPDCAD_05113	TH2_contig_2	4642879	4643274	396	+	amn_1	AMP nucleosidase	TH2	HKNPDCAD_05113	HKNPDCAD_05113	
TH2_HKNPDCAD_05114	TH2_contig_2	4643217	4644332	1116	+	amn_2	AMP nucleosidase	TH2	HKNPDCAD_05114	HKNPDCAD_05114	
TH2_HKNPDCAD_05115	TH2_contig_2	4644675	4645391	717	+	yeeN	putative transcriptional regulatory protein YeeN	TH2	HKNPDCAD_05115	HKNPDCAD_05115	
TH2_HKNPDCAD_05117	TH2_contig_2	4645975	4647135	1161	-	yeeO_1	putative FMN/FAD exporter YeeO	TH2	HKNPDCAD_05117	HKNPDCAD_05117	
TH2_HKNPDCAD_05118	TH2_contig_2	4647132	4647656	525	-	yeeO_2	putative FMN/FAD exporter YeeO	TH2	HKNPDCAD_05118	HKNPDCAD_05118	
TH2_HKNPDCAD_05120	TH2_contig_2	4647777	4648727	951	-	cbl	HTH-type transcriptional regulator cbl	TH2	HKNPDCAD_05120	HKNPDCAD_05120	
TH2_HKNPDCAD_05121	TH2_contig_2	4648829	4649503	675	-	hypothetical protein	hypothetical protein	TH2	HKNPDCAD_05121	HKNPDCAD_05121	
TH2_HKNPDCAD_05123	TH2_contig_2	4650203	4651138	936	-	erfK	putative L,D-transpeptidase ErfK/SrfK	TH2	HKNPDCAD_05123	HKNPDCAD_05123	
TH2_HKNPDCAD_05124	TH2_contig_2	4651200	4652279	1080	-	cobT	Nicotinate-nucleotide--dimethylbenzimidazole phosphoribosyltransferase	TH2	HKNPDCAD_05124	HKNPDCAD_05124	
TH2_HKNPDCAD_05125	TH2_contig_2	4652291	4652725	435	-	cobS_1	Adenosylcobinamide-GDP ribazoletransferase	TH2	HKNPDCAD_05125	HKNPDCAD_05125	
TH2_HKNPDCAD_05126	TH2_contig_2	4652707	4653033	327	-	cobS_2	Adenosylcobinamide-GDP ribazoletransferase	TH2	HKNPDCAD_05126	HKNPDCAD_05126	
TH2_HKNPDCAD_05127	TH2_contig_2	4653030	4653458	429	-	cobU	Bifunctional adenosylcobalamin biosynthesis protein CobU	TH2	HKNPDCAD_05127	HKNPDCAD_05127	
TH2_HKNPDCAD_05128	TH2_contig_2	4655317	4655433	117	+	hypothetical protein	hypothetical protein	TH2	HKNPDCAD_05128	HKNPDCAD_05128	
TH2_HKNPDCAD_05129	TH2_contig_2	4655628	4655897	270	+	hypothetical protein	hypothetical protein	TH2	HKNPDCAD_05129	HKNPDCAD_05129	
TH2_HKNPDCAD_05130	TH2_contig_2	4656115	4656567	453	+	rbsK_2	Ribokinase	TH2	HKNPDCAD_05130	HKNPDCAD_05130	
TH2_HKNPDCAD_05131	TH2_contig_2	4656855	4657613	759	+	hypothetical protein	hypothetical protein	TH2	HKNPDCAD_05131	HKNPDCAD_05131	
TH2_HKNPDCAD_05132	TH2_contig_2	4657670	4658278	609	+	hypothetical protein	hypothetical protein	TH2	HKNPDCAD_05132	HKNPDCAD_05132	
TH2_HKNPDCAD_05133	TH2_contig_2	4658372	4658635	264	+	hypothetical protein	hypothetical protein	TH2	HKNPDCAD_05133	HKNPDCAD_05133	
TH2_HKNPDCAD_05134	TH2_contig_3	510	1280	771	-	IS4 family transposase IS186B	IS4 family transposase IS186B	TH2	HKNPDCAD_05134	HKNPDCAD_05134	
TH2_HKNPDCAD_05135	TH2_contig_3	1440	1949	510	-	hypothetical protein	hypothetical protein	TH2	HKNPDCAD_05135	HKNPDCAD_05135	
TH2_HKNPDCAD_05136	TH2_contig_3	1961	2191	231	-	hypothetical protein	hypothetical protein	TH2	HKNPDCAD_05136	HKNPDCAD_05136	
TH2_HKNPDCAD_05137	TH2_contig_3	2254	2424	171	-	hypothetical protein	hypothetical protein	TH2	HKNPDCAD_05137	HKNPDCAD_05137	
TH2_HKNPDCAD_05138	TH2_contig_3	2577	3308	732	-	hypothetical protein	hypothetical protein	TH2	HKNPDCAD_05138	HKNPDCAD_05138	
TH2_HKNPDCAD_05139	TH2_contig_3	3401	4990	1590	-	hypothetical protein	hypothetical protein	TH2	HKNPDCAD_05139	HKNPDCAD_05139	
TH2_HKNPDCAD_05140	TH2_contig_3	5050	6756	1707	-	hypothetical protein	hypothetical protein	TH2	HKNPDCAD_05140	HKNPDCAD_05140	
TH2_HKNPDCAD_05141	TH2_contig_3	6982	7983	1002	-	virB_1	Virulence regulon transcriptional activator VirB	TH2	HKNPDCAD_05141	HKNPDCAD_05141	
TH2_HKNPDCAD_05142	TH2_contig_3	8000	9196	1197	-	parA	Plasmid partition protein A	TH2	HKNPDCAD_05142	HKNPDCAD_05142	
TH2_HKNPDCAD_05143	TH2_contig_3	9365	10174	810	-	hypothetical protein	hypothetical protein	TH2	HKNPDCAD_05143	HKNPDCAD_05143	
TH2_HKNPDCAD_05144	TH2_contig_3	10467	11351	885	-	repB_2	RepFIB replication protein A	TH2	HKNPDCAD_05144	HKNPDCAD_05144	
TH2_HKNPDCAD_05145	TH2_contig_3	11687	12079	393	-	hypothetical protein	hypothetical protein	TH2	HKNPDCAD_05145	HKNPDCAD_05145	
TH2_HKNPDCAD_05146	TH2_contig_3	12255	12677	423	-	hypothetical protein	hypothetical protein	TH2	HKNPDCAD_05146	HKNPDCAD_05146	
TH2_HKNPDCAD_05147	TH2_contig_3	13363	13638	276	+	IS3 family transposase IS3411	IS3 family transposase IS3411	TH2	HKNPDCAD_05147	HKNPDCAD_05147	
TH2_HKNPDCAD_05148	TH2_contig_3	13638	14525	888	+	IS3 family transposase IS629	IS3 family transposase IS629	TH2	HKNPDCAD_05148	HKNPDCAD_05148	
TH2_HKNPDCAD_05149	TH2_contig_3	15022	15777	756	-	repB_3	RepFIB replication protein A	TH2	HKNPDCAD_05149	HKNPDCAD_05149	
TH2_HKNPDCAD_05150	TH2_contig_3	16308	16721	414	+	hypothetical protein	hypothetical protein	TH2	HKNPDCAD_05150	HKNPDCAD_05150	
TH2_HKNPDCAD_05151	TH2_contig_3	16715	17092	378	-	IS1 family transposase IS1R	IS1 family transposase IS1R	TH2	HKNPDCAD_05151	HKNPDCAD_05151	
TH2_HKNPDCAD_05152	TH2_contig_3	17164	17379	216	+	hypothetical protein	hypothetical protein	TH2	HKNPDCAD_05152	HKNPDCAD_05152	
TH2_HKNPDCAD_05153	TH2_contig_3	18004	18525	522	+	hypothetical protein	hypothetical protein	TH2	HKNPDCAD_05153	HKNPDCAD_05153	
TH2_HKNPDCAD_05154	TH2_contig_3	18522	20336	1815	+	pdeI_4	putative cyclic di-GMP phosphodiesterase PdeI	TH2	HKNPDCAD_05154	HKNPDCAD_05154	
TH2_HKNPDCAD_05155	TH2_contig_3	20412	21671	1260	+	hypothetical protein	hypothetical protein	TH2	HKNPDCAD_05155	HKNPDCAD_05155	
TH2_HKNPDCAD_05156	TH2_contig_3	21718	22095	378	-	IS1 family transposase IS1R	IS1 family transposase IS1R	TH2	HKNPDCAD_05156	HKNPDCAD_05156	
TH2_HKNPDCAD_05157	TH2_contig_3	22140	22415	276	-	IS1 family transposase IS1A	IS1 family transposase IS1A	TH2	HKNPDCAD_05157	HKNPDCAD_05157	
TH2_HKNPDCAD_05158	TH2_contig_3	22624	23733	1110	+	bcsA_4	Cellulose synthase catalytic subunit [UDP-forming]	TH2	HKNPDCAD_05158	HKNPDCAD_05158	
TH2_HKNPDCAD_05159	TH2_contig_3	23700	24599	900	+	bcsA_5	Cellulose synthase catalytic subunit [UDP-forming]	TH2	HKNPDCAD_05159	HKNPDCAD_05159	
TH2_HKNPDCAD_05160	TH2_contig_3	24663	26060	1398	+	bcsB_2	Cyclic di-GMP-binding protein	TH2	HKNPDCAD_05160	HKNPDCAD_05160	
TH2_HKNPDCAD_05161	TH2_contig_3	26057	26812	756	+	bcsB_3	Cyclic di-GMP-binding protein	TH2	HKNPDCAD_05161	HKNPDCAD_05161	
TH2_HKNPDCAD_05162	TH2_contig_3	27556	28821	1266	+	hypothetical protein	hypothetical protein	TH2	HKNPDCAD_05162	HKNPDCAD_05162	
TH2_HKNPDCAD_05163	TH2_contig_3	29937	33410	3474	+	bcsC_2	Cellulose synthase operon protein C	TH2	HKNPDCAD_05163	HKNPDCAD_05163	
TH2_HKNPDCAD_05164	TH2_contig_3	33643	33858	216	-	hypothetical protein	hypothetical protein	TH2	HKNPDCAD_05164	HKNPDCAD_05164	
TH2_HKNPDCAD_05165	TH2_contig_3	33930	34196	267	+	IS1 family transposase IS1R	IS1 family transposase IS1R	TH2	HKNPDCAD_05165	HKNPDCAD_05165	
TH2_HKNPDCAD_05166	TH2_contig_3	34285	34650	366	+	hypothetical protein	hypothetical protein	TH2	HKNPDCAD_05166	HKNPDCAD_05166	
TH2_HKNPDCAD_05167	TH2_contig_3	34608	35513	906	+	IS3 family transposase IS2	IS3 family transposase IS2	TH2	HKNPDCAD_05167	HKNPDCAD_05167	
TH2_HKNPDCAD_05168	TH2_contig_3	35816	36154	339	-	gadW_4	HTH-type transcriptional regulator GadW	TH2	HKNPDCAD_05168	HKNPDCAD_05168	
TH2_HKNPDCAD_05169	TH2_contig_3	36130	36549	420	-	ydeO_2	HTH-type transcriptional regulator YdeO	TH2	HKNPDCAD_05169	HKNPDCAD_05169	
TH2_HKNPDCAD_05170	TH2_contig_3	36633	36911	279	+	hypothetical protein	hypothetical protein	TH2	HKNPDCAD_05170	HKNPDCAD_05170	
TH2_HKNPDCAD_05171	TH2_contig_3	36846	37223	378	-	IS1 family transposase IS1R	IS1 family transposase IS1R	TH2	HKNPDCAD_05171	HKNPDCAD_05171	
TH2_HKNPDCAD_05172	TH2_contig_3	37268	37543	276	-	IS1 family transposase IS1A	IS1 family transposase IS1A	TH2	HKNPDCAD_05172	HKNPDCAD_05172	
TH2_HKNPDCAD_05173	TH2_contig_3	37857	38075	219	+	hypothetical protein	hypothetical protein	TH2	HKNPDCAD_05173	HKNPDCAD_05173	
TH2_HKNPDCAD_05174	TH2_contig_3	38077	39339	1263	+	hypothetical protein	hypothetical protein	TH2	HKNPDCAD_05174	HKNPDCAD_05174	
TH2_HKNPDCAD_05175	TH2_contig_3	39412	39918	507	+	hypothetical protein	hypothetical protein	TH2	HKNPDCAD_05175	HKNPDCAD_05175	
TH2_HKNPDCAD_05176	TH2_contig_3	40183	40656	474	-	hsdR_1	Type I restriction enzyme EcoR124II R protein	TH2	HKNPDCAD_05176	HKNPDCAD_05176	
TH2_HKNPDCAD_05177	TH2_contig_3	40671	41252	582	-	hsdR_2	Type I restriction enzyme EcoR124II R protein	TH2	HKNPDCAD_05177	HKNPDCAD_05177	
TH2_HKNPDCAD_05178	TH2_contig_3	41252	42619	1368	-	hsdR_3	Type I restriction enzyme EcoR124II R protein	TH2	HKNPDCAD_05178	HKNPDCAD_05178	
TH2_HKNPDCAD_05179	TH2_contig_3	42616	43296	681	-	hypothetical protein	hypothetical protein	TH2	HKNPDCAD_05179	HKNPDCAD_05179	
TH2_HKNPDCAD_05180	TH2_contig_3	43414	44253	840	-	hypothetical protein	hypothetical protein	TH2	HKNPDCAD_05180	HKNPDCAD_05180	
TH2_HKNPDCAD_05181	TH2_contig_3	44253	44651	399	-	hypothetical protein	hypothetical protein	TH2	HKNPDCAD_05181	HKNPDCAD_05181	
TH2_HKNPDCAD_05182	TH2_contig_3	44648	45817	1170	-	putative type I restriction enzymeP M protein	putative type I restriction enzymeP M protein	TH2	HKNPDCAD_05182	HKNPDCAD_05182	
TH2_HKNPDCAD_05183	TH2_contig_3	46334	46558	225	+	hypothetical protein	hypothetical protein	TH2	HKNPDCAD_05183	HKNPDCAD_05183	
TH2_HKNPDCAD_05184	TH2_contig_3	46910	47299	390	+	umuD_2	Protein UmuD	TH2	HKNPDCAD_05184	HKNPDCAD_05184	
TH2_HKNPDCAD_05185	TH2_contig_3	47372	47593	222	+	hypothetical protein	hypothetical protein	TH2	HKNPDCAD_05185	HKNPDCAD_05185	
TH2_HKNPDCAD_05186	TH2_contig_3	47593	47973	381	+	hypothetical protein	hypothetical protein	TH2	HKNPDCAD_05186	HKNPDCAD_05186	
TH2_HKNPDCAD_05187	TH2_contig_3	47978	48157	180	+	hypothetical protein	hypothetical protein	TH2	HKNPDCAD_05187	HKNPDCAD_05187	
TH2_HKNPDCAD_05188	TH2_contig_3	48185	49228	1044	+	hypothetical protein	hypothetical protein	TH2	HKNPDCAD_05188	HKNPDCAD_05188	
TH2_HKNPDCAD_05189	TH2_contig_3	49317	49769	453	+	hypothetical protein	hypothetical protein	TH2	HKNPDCAD_05189	HKNPDCAD_05189	
TH2_HKNPDCAD_05190	TH2_contig_3	49855	51048	1194	+	hypothetical protein	hypothetical protein	TH2	HKNPDCAD_05190	HKNPDCAD_05190	
TH2_HKNPDCAD_05191	TH2_contig_3	51048	52532	1485	+	hypothetical protein	hypothetical protein	TH2	HKNPDCAD_05191	HKNPDCAD_05191	
TH2_HKNPDCAD_05192	TH2_contig_3	52891	53112	222	+	hypothetical protein	hypothetical protein	TH2	HKNPDCAD_05192	HKNPDCAD_05192	
TH2_HKNPDCAD_05193	TH2_contig_3	53109	54224	1116	+	hypothetical protein	hypothetical protein	TH2	HKNPDCAD_05193	HKNPDCAD_05193	
TH2_HKNPDCAD_05194	TH2_contig_3	54257	55108	852	-	hypothetical protein	hypothetical protein	TH2	HKNPDCAD_05194	HKNPDCAD_05194	
TH2_HKNPDCAD_05195	TH2_contig_3	55219	55428	210	-	hypothetical protein	hypothetical protein	TH2	HKNPDCAD_05195	HKNPDCAD_05195	
TH2_HKNPDCAD_05196	TH2_contig_3	55616	56596	981	+	IS5 family transposase ISKpn26	IS5 family transposase ISKpn26	TH2	HKNPDCAD_05196	HKNPDCAD_05196	
TH2_HKNPDCAD_05197	TH2_contig_3	57232	57453	222	+	hypothetical protein	hypothetical protein	TH2	HKNPDCAD_05197	HKNPDCAD_05197	
TH2_HKNPDCAD_05198	TH2_contig_3	57461	58492	1032	+	hypothetical protein	hypothetical protein	TH2	HKNPDCAD_05198	HKNPDCAD_05198	
TH2_HKNPDCAD_05199	TH2_contig_3	58690	60171	1482	-	hypothetical protein	hypothetical protein	TH2	HKNPDCAD_05199	HKNPDCAD_05199	
TH2_HKNPDCAD_05200	TH2_contig_3	60230	60934	705	+	IS6 family transposase IS26	IS6 family transposase IS26	TH2	HKNPDCAD_05200	HKNPDCAD_05200	
TH2_HKNPDCAD_05201	TH2_contig_3	61056	61961	906	+	hypothetical protein	hypothetical protein	TH2	HKNPDCAD_05201	HKNPDCAD_05201	
TH2_HKNPDCAD_05202	TH2_contig_3	61958	62476	519	+	tap_2	Multidrug efflux pump Tap	TH2	HKNPDCAD_05202	HKNPDCAD_05202	
TH2_HKNPDCAD_05203	TH2_contig_3	62545	63195	651	+	hypothetical protein	hypothetical protein	TH2	HKNPDCAD_05203	HKNPDCAD_05203	
TH2_HKNPDCAD_05204	TH2_contig_3	63195	63689	495	+	hypothetical protein	hypothetical protein	TH2	HKNPDCAD_05204	HKNPDCAD_05204	
TH2_HKNPDCAD_05205	TH2_contig_3	64271	65035	765	-	IS6 family transposase IS6100	IS6 family transposase IS6100	TH2	HKNPDCAD_05205	HKNPDCAD_05205	
TH2_HKNPDCAD_05206	TH2_contig_3	65362	65565	204	-	hypothetical protein	hypothetical protein	TH2	HKNPDCAD_05206	HKNPDCAD_05206	
TH2_HKNPDCAD_05207	TH2_contig_3	65576	66781	1206	-	srpC	putative chromate transport protein	TH2	HKNPDCAD_05207	HKNPDCAD_05207	
TH2_HKNPDCAD_05208	TH2_contig_3	67266	68105	840	-	folP_3	Dihydropteroate synthase	TH2	HKNPDCAD_05208	HKNPDCAD_05208	
TH2_HKNPDCAD_05209	TH2_contig_3	68099	68446	348	-	emrE_2	Multidrug transporter EmrE	TH2	HKNPDCAD_05209	HKNPDCAD_05209	
TH2_HKNPDCAD_05210	TH2_contig_3	68610	69389	780	-	ant1_3	Streptomycin 3''-adenylyltransferase	TH2	HKNPDCAD_05210	HKNPDCAD_05210	
TH2_HKNPDCAD_05211	TH2_contig_3	69810	70307	498	-	IS1595 family transposase ISSsu9	IS1595 family transposase ISSsu9	TH2	HKNPDCAD_05211	HKNPDCAD_05211	
TH2_HKNPDCAD_05212	TH2_contig_3	70452	71465	1014	+	xerC_10	Tyrosine recombinase XerC	TH2	HKNPDCAD_05212	HKNPDCAD_05212	
TH2_HKNPDCAD_05213	TH2_contig_3	71818	72018	201	+	hypothetical protein	hypothetical protein	TH2	HKNPDCAD_05213	HKNPDCAD_05213	
TH2_HKNPDCAD_05214	TH2_contig_3	72194	72517	324	+	hypothetical protein	hypothetical protein	TH2	HKNPDCAD_05214	HKNPDCAD_05214	
TH2_HKNPDCAD_05215	TH2_contig_3	72463	73167	705	-	IS6 family transposase IS26	IS6 family transposase IS26	TH2	HKNPDCAD_05215	HKNPDCAD_05215	
TH2_HKNPDCAD_05216	TH2_contig_3	73320	74141	822	-	hypothetical protein	hypothetical protein	TH2	HKNPDCAD_05216	HKNPDCAD_05216	
TH2_HKNPDCAD_05217	TH2_contig_3	74273	75052	780	-	ant1_4	Streptomycin 3''-adenylyltransferase	TH2	HKNPDCAD_05217	HKNPDCAD_05217	
TH2_HKNPDCAD_05218	TH2_contig_3	75213	75611	399	+	hypothetical protein	hypothetical protein	TH2	HKNPDCAD_05218	HKNPDCAD_05218	
TH2_HKNPDCAD_05219	TH2_contig_3	75557	76261	705	-	IS6 family transposase IS26	IS6 family transposase IS26	TH2	HKNPDCAD_05219	HKNPDCAD_05219	
TH2_HKNPDCAD_05220	TH2_contig_3	76312	77841	1530	+	Tn3 family transposase TnAs1	Tn3 family transposase TnAs1	TH2	HKNPDCAD_05220	HKNPDCAD_05220	
TH2_HKNPDCAD_05221	TH2_contig_3	77922	78233	312	+	hypothetical protein	hypothetical protein	TH2	HKNPDCAD_05221	HKNPDCAD_05221	
TH2_HKNPDCAD_05222	TH2_contig_3	78780	79040	261	+	hypothetical protein	hypothetical protein	TH2	HKNPDCAD_05222	HKNPDCAD_05222	
TH2_HKNPDCAD_05223	TH2_contig_3	79256	79870	615	+	hypothetical protein	hypothetical protein	TH2	HKNPDCAD_05223	HKNPDCAD_05223	
TH2_HKNPDCAD_05224	TH2_contig_3	79927	81231	1305	+	hypothetical protein	hypothetical protein	TH2	HKNPDCAD_05224	HKNPDCAD_05224	
TH2_HKNPDCAD_05225	TH2_contig_3	81517	81957	441	-	hypothetical protein	hypothetical protein	TH2	HKNPDCAD_05225	HKNPDCAD_05225	
TH2_HKNPDCAD_05226	TH2_contig_3	81991	83934	1944	-	hypothetical protein	hypothetical protein	TH2	HKNPDCAD_05226	HKNPDCAD_05226	
TH2_HKNPDCAD_05227	TH2_contig_3	83945	84274	330	+	IS3 family transposase IS2	IS3 family transposase IS2	TH2	HKNPDCAD_05227	HKNPDCAD_05227	
TH2_HKNPDCAD_05228	TH2_contig_3	84225	85172	948	+	IS3 family transposase IS2	IS3 family transposase IS2	TH2	HKNPDCAD_05228	HKNPDCAD_05228	
TH2_HKNPDCAD_05229	TH2_contig_3	85753	85941	189	+	hypothetical protein	hypothetical protein	TH2	HKNPDCAD_05229	HKNPDCAD_05229	
TH2_HKNPDCAD_05230	TH2_contig_3	85908	86003	96	+	hypothetical protein	hypothetical protein	TH2	HKNPDCAD_05230	HKNPDCAD_05230	
TH2_HKNPDCAD_05231	TH2_contig_3	86000	86287	288	+	relE	mRNA interferase toxin RelE	TH2	HKNPDCAD_05231	HKNPDCAD_05231	
TH2_HKNPDCAD_05232	TH2_contig_3	87147	90644	3498	-	hypothetical protein	hypothetical protein	TH2	HKNPDCAD_05232	HKNPDCAD_05232	
TH2_HKNPDCAD_05233	TH2_contig_3	91536	92144	609	-	IS3 family transposase ISKpn38	IS3 family transposase ISKpn38	TH2	HKNPDCAD_05233	HKNPDCAD_05233	
TH2_HKNPDCAD_05234	TH2_contig_3	92113	93084	972	-	IS3 family transposase ISKpn38	IS3 family transposase ISKpn38	TH2	HKNPDCAD_05234	HKNPDCAD_05234	
TH2_HKNPDCAD_05235	TH2_contig_3	93150	93827	678	-	IS3 family transposase ISEc31	IS3 family transposase ISEc31	TH2	HKNPDCAD_05235	HKNPDCAD_05235	
TH2_HKNPDCAD_05236	TH2_contig_3	94090	94437	348	-	hypothetical protein	hypothetical protein	TH2	HKNPDCAD_05236	HKNPDCAD_05236	
TH2_HKNPDCAD_05237	TH2_contig_3	94427	95206	780	-	hypothetical protein	hypothetical protein	TH2	HKNPDCAD_05237	HKNPDCAD_05237	
TH2_HKNPDCAD_05238	TH2_contig_3	95215	95472	258	-	hypothetical protein	hypothetical protein	TH2	HKNPDCAD_05238	HKNPDCAD_05238	
TH2_HKNPDCAD_05239	TH2_contig_3	96258	96596	339	-	hypothetical protein	hypothetical protein	TH2	HKNPDCAD_05239	HKNPDCAD_05239	
TH2_HKNPDCAD_05240	TH2_contig_3	96599	97129	531	-	hypothetical protein	hypothetical protein	TH2	HKNPDCAD_05240	HKNPDCAD_05240	
TH2_HKNPDCAD_05241	TH2_contig_3	97218	97397	180	-	hypothetical protein	hypothetical protein	TH2	HKNPDCAD_05241	HKNPDCAD_05241	
TH2_HKNPDCAD_05242	TH2_contig_3	98155	98640	486	+	hypothetical protein	hypothetical protein	TH2	HKNPDCAD_05242	HKNPDCAD_05242	
TH2_HKNPDCAD_05243	TH2_contig_3	98637	99359	723	+	hypothetical protein	hypothetical protein	TH2	HKNPDCAD_05243	HKNPDCAD_05243	
TH2_HKNPDCAD_05244	TH2_contig_3	99370	101001	1632	+	hypothetical protein	hypothetical protein	TH2	HKNPDCAD_05244	HKNPDCAD_05244	
TH2_HKNPDCAD_05245	TH2_contig_3	100995	101498	504	-	IS1 family transposase IS1R	IS1 family transposase IS1R	TH2	HKNPDCAD_05245	HKNPDCAD_05245	
TH2_HKNPDCAD_05246	TH2_contig_3	101921	102172	252	+	hypothetical protein	hypothetical protein	TH2	HKNPDCAD_05246	HKNPDCAD_05246	
TH2_HKNPDCAD_05247	TH2_contig_3	102162	102629	468	-	hypothetical protein	hypothetical protein	TH2	HKNPDCAD_05247	HKNPDCAD_05247	
TH2_HKNPDCAD_05248	TH2_contig_3	102662	103897	1236	-	yegT_2	Putative nucleoside transporter YegT	TH2	HKNPDCAD_05248	HKNPDCAD_05248	
TH2_HKNPDCAD_05249	TH2_contig_3	103910	104101	192	-	hypothetical protein	hypothetical protein	TH2	HKNPDCAD_05249	HKNPDCAD_05249	
TH2_HKNPDCAD_05250	TH2_contig_3	104098	104733	636	-	hypothetical protein	hypothetical protein	TH2	HKNPDCAD_05250	HKNPDCAD_05250	
TH2_HKNPDCAD_05251	TH2_contig_3	105066	107240	2175	+	purR_4	HTH-type transcriptional repressor PurR	TH2	HKNPDCAD_05251	HKNPDCAD_05251	
TH2_HKNPDCAD_05252	TH2_contig_3	107288	107950	663	-	IS256 family transposase IS1414	IS256 family transposase IS1414	TH2	HKNPDCAD_05252	HKNPDCAD_05252	
TH2_HKNPDCAD_05253	TH2_contig_3	108056	108271	216	-	IS256 family transposase ISEic2	IS256 family transposase ISEic2	TH2	HKNPDCAD_05253	HKNPDCAD_05253	
TH2_HKNPDCAD_05254	TH2_contig_3	108325	108555	231	-	IS3 family transposase ISEhe3	IS3 family transposase ISEhe3	TH2	HKNPDCAD_05254	HKNPDCAD_05254	
TH2_HKNPDCAD_05255	TH2_contig_3	108596	109009	414	-	hypothetical protein	hypothetical protein	TH2	HKNPDCAD_05255	HKNPDCAD_05255	
TH2_HKNPDCAD_05256	TH2_contig_3	109236	110408	1173	+	hypothetical protein	hypothetical protein	TH2	HKNPDCAD_05256	HKNPDCAD_05256	
TH2_HKNPDCAD_05257	TH2_contig_3	110408	111205	798	+	IS21 family transposase IS21	IS21 family transposase IS21	TH2	HKNPDCAD_05257	HKNPDCAD_05257	
TH2_HKNPDCAD_05258	TH2_contig_3	111297	111623	327	+	IS3 family transposase IS3411	IS3 family transposase IS3411	TH2	HKNPDCAD_05258	HKNPDCAD_05258	
TH2_HKNPDCAD_05259	TH2_contig_3	111623	111799	177	+	IS3 family transposase IS1203	IS3 family transposase IS1203	TH2	HKNPDCAD_05259	HKNPDCAD_05259	
TH2_HKNPDCAD_05260	TH2_contig_3	111861	112508	648	+	IS3 family transposase IS629	IS3 family transposase IS629	TH2	HKNPDCAD_05260	HKNPDCAD_05260	
TH2_HKNPDCAD_05261	TH2_contig_3	112548	112763	216	-	IS3 family transposase ISEhe3	IS3 family transposase ISEhe3	TH2	HKNPDCAD_05261	HKNPDCAD_05261	
TH2_HKNPDCAD_05262	TH2_contig_3	113160	113315	156	+	hokC_2	Toxic protein HokC	TH2	HKNPDCAD_05262	HKNPDCAD_05262	
TH2_HKNPDCAD_05263	TH2_contig_4	97	468	372	+	hypothetical protein	hypothetical protein	TH2	HKNPDCAD_05263	HKNPDCAD_05263	
TH2_HKNPDCAD_05264	TH2_contig_4	1178	1651	474	+	hypothetical protein	hypothetical protein	TH2	HKNPDCAD_05264	HKNPDCAD_05264	
TH2_HKNPDCAD_05265	TH2_contig_4	2213	3472	1260	+	cmlA5	chloramphenicol efflux MFS transporter CmlA5	TH2	HKNPDCAD_05265	HKNPDCAD_05265	
TH2_HKNPDCAD_05266	TH2_contig_4	3737	4537	801	+	bla_1	Beta-lactamase OXA-10	TH2	HKNPDCAD_05266	HKNPDCAD_05266	
TH2_HKNPDCAD_05267	TH2_contig_4	4530	5345	816	+	ant1_5	Streptomycin 3''-adenylyltransferase	TH2	HKNPDCAD_05267	HKNPDCAD_05267	
TH2_HKNPDCAD_05268	TH2_contig_4	5420	5893	474	+	dhfrI_1	Dihydrofolate reductase type 1	TH2	HKNPDCAD_05268	HKNPDCAD_05268	
TH2_HKNPDCAD_05269	TH2_contig_4	6140	6844	705	+	IS6 family transposase IS26	IS6 family transposase IS26	TH2	HKNPDCAD_05269	HKNPDCAD_05269	
TH2_HKNPDCAD_05270	TH2_contig_4	6911	7315	405	+	bla_2	Beta-lactamase TEM	TH2	HKNPDCAD_05270	HKNPDCAD_05270	
TH2_HKNPDCAD_05271	TH2_contig_4	7788	8363	576	+	tetA_1	Tetracycline resistance protein, class C	TH2	HKNPDCAD_05271	HKNPDCAD_05271	
TH2_HKNPDCAD_05272	TH2_contig_4	8294	8518	225	-	hypothetical protein	hypothetical protein	TH2	HKNPDCAD_05272	HKNPDCAD_05272	
TH2_HKNPDCAD_05273	TH2_contig_4	8630	8935	306	-	hdfR_3	HTH-type transcriptional regulator HdfR	TH2	HKNPDCAD_05273	HKNPDCAD_05273	
TH2_HKNPDCAD_05274	TH2_contig_4	8963	10177	1215	-	bcr_2	Bicyclomycin resistance protein	TH2	HKNPDCAD_05274	HKNPDCAD_05274	
TH2_HKNPDCAD_05275	TH2_contig_4	10394	10636	243	-	hypothetical protein	hypothetical protein	TH2	HKNPDCAD_05275	HKNPDCAD_05275	
TH2_HKNPDCAD_05276	TH2_contig_4	10623	11213	591	-	hypothetical protein	hypothetical protein	TH2	HKNPDCAD_05276	HKNPDCAD_05276	
TH2_HKNPDCAD_05277	TH2_contig_4	11307	12143	837	-	IS91 family transposase ISVsa3	IS91 family transposase ISVsa3	TH2	HKNPDCAD_05277	HKNPDCAD_05277	
TH2_HKNPDCAD_05278	TH2_contig_4	12201	12905	705	+	IS6 family transposase IS1006	IS6 family transposase IS1006	TH2	HKNPDCAD_05278	HKNPDCAD_05278	
TH2_HKNPDCAD_05279	TH2_contig_4	12990	13307	318	-	hypothetical protein	hypothetical protein	TH2	HKNPDCAD_05279	HKNPDCAD_05279	
TH2_HKNPDCAD_05280	TH2_contig_4	13644	14648	1005	-	IS110 family transposase IS5075	IS110 family transposase IS5075	TH2	HKNPDCAD_05280	HKNPDCAD_05280	
TH2_HKNPDCAD_05281	TH2_contig_4	14727	17537	2811	-	Tn3 family transposase TnAs3	Tn3 family transposase TnAs3	TH2	HKNPDCAD_05281	HKNPDCAD_05281	
TH2_HKNPDCAD_05282	TH2_contig_4	17686	18159	474	+	hypothetical protein	hypothetical protein	TH2	HKNPDCAD_05282	HKNPDCAD_05282	
TH2_HKNPDCAD_05283	TH2_contig_4	18171	18875	705	+	IS6 family transposase IS15	IS6 family transposase IS15	TH2	HKNPDCAD_05283	HKNPDCAD_05283	
TH2_HKNPDCAD_05284	TH2_contig_4	18766	19074	309	-	hypothetical protein	hypothetical protein	TH2	HKNPDCAD_05284	HKNPDCAD_05284	
TH2_HKNPDCAD_05285	TH2_contig_4	19427	20131	705	+	IS6 family transposase IS26	IS6 family transposase IS26	TH2	HKNPDCAD_05285	HKNPDCAD_05285	
TH2_HKNPDCAD_05286	TH2_contig_4	20077	20520	444	-	hypothetical protein	hypothetical protein	TH2	HKNPDCAD_05286	HKNPDCAD_05286	
TH2_HKNPDCAD_05287	TH2_contig_4	20523	20762	240	-	hypothetical protein	hypothetical protein	TH2	HKNPDCAD_05287	HKNPDCAD_05287	
TH2_HKNPDCAD_05288	TH2_contig_4	20864	21349	486	+	ISL3 family transposase ISKox3	ISL3 family transposase ISKox3	TH2	HKNPDCAD_05288	HKNPDCAD_05288	
TH2_HKNPDCAD_05289	TH2_contig_4	21482	24499	3018	+	Tn3 family transposase IS3000	Tn3 family transposase IS3000	TH2	HKNPDCAD_05289	HKNPDCAD_05289	
TH2_HKNPDCAD_05290	TH2_contig_5	455	694	240	+	hypothetical protein	hypothetical protein	TH2	HKNPDCAD_05290	HKNPDCAD_05290	
TH2_HKNPDCAD_05291	TH2_contig_5	697	1140	444	+	hypothetical protein	hypothetical protein	TH2	HKNPDCAD_05291	HKNPDCAD_05291	
TH2_HKNPDCAD_05292	TH2_contig_5	1086	1790	705	-	IS6 family transposase IS26	IS6 family transposase IS26	TH2	HKNPDCAD_05292	HKNPDCAD_05292	
TH2_HKNPDCAD_05293	TH2_contig_5	2143	2451	309	+	hypothetical protein	hypothetical protein	TH2	HKNPDCAD_05293	HKNPDCAD_05293	
TH2_HKNPDCAD_05294	TH2_contig_5	2342	3046	705	-	IS6 family transposase IS15	IS6 family transposase IS15	TH2	HKNPDCAD_05294	HKNPDCAD_05294	
TH2_HKNPDCAD_05295	TH2_contig_5	3148	3522	375	+	pinR	Serine recombinase PinR	TH2	HKNPDCAD_05295	HKNPDCAD_05295	
TH2_HKNPDCAD_05296	TH2_contig_5	3525	5816	2292	+	hypothetical protein	hypothetical protein	TH2	HKNPDCAD_05296	HKNPDCAD_05296	
TH2_HKNPDCAD_05297	TH2_contig_5	5816	6490	675	+	Tn3 family transposase ISShes11	Tn3 family transposase ISShes11	TH2	HKNPDCAD_05297	HKNPDCAD_05297	
TH2_HKNPDCAD_05298	TH2_contig_5	6569	7573	1005	+	IS110 family transposase IS5075	IS110 family transposase IS5075	TH2	HKNPDCAD_05298	HKNPDCAD_05298	
TH2_HKNPDCAD_05299	TH2_contig_5	7910	8227	318	+	hypothetical protein	hypothetical protein	TH2	HKNPDCAD_05299	HKNPDCAD_05299	
TH2_HKNPDCAD_05300	TH2_contig_5	8313	9017	705	-	IS6 family transposase IS1006	IS6 family transposase IS1006	TH2	HKNPDCAD_05300	HKNPDCAD_05300	
TH2_HKNPDCAD_05301	TH2_contig_5	9075	9767	693	+	IS91 family transposase ISVsa3	IS91 family transposase ISVsa3	TH2	HKNPDCAD_05301	HKNPDCAD_05301	
TH2_HKNPDCAD_05302	TH2_contig_5	9764	9910	147	+	hypothetical protein	hypothetical protein	TH2	HKNPDCAD_05302	HKNPDCAD_05302	
TH2_HKNPDCAD_05303	TH2_contig_5	10004	10825	822	+	hypothetical protein	hypothetical protein	TH2	HKNPDCAD_05303	HKNPDCAD_05303	
TH2_HKNPDCAD_05304	TH2_contig_5	11042	11191	150	+	hypothetical protein	hypothetical protein	TH2	HKNPDCAD_05304	HKNPDCAD_05304	
TH2_HKNPDCAD_05305	TH2_contig_5	11211	12101	891	+	hypothetical protein	hypothetical protein	TH2	HKNPDCAD_05305	HKNPDCAD_05305	
TH2_HKNPDCAD_05306	TH2_contig_5	12647	12871	225	+	hypothetical protein	hypothetical protein	TH2	HKNPDCAD_05306	HKNPDCAD_05306	
TH2_HKNPDCAD_05307	TH2_contig_5	13837	14241	405	-	bla_3	Beta-lactamase TEM	TH2	HKNPDCAD_05307	HKNPDCAD_05307	
TH2_HKNPDCAD_05308	TH2_contig_5	14308	14400	93	-	hypothetical protein	hypothetical protein	TH2	HKNPDCAD_05308	HKNPDCAD_05308	
TH2_HKNPDCAD_05309	TH2_contig_5	14493	14906	414	-	hypothetical protein	hypothetical protein	TH2	HKNPDCAD_05309	HKNPDCAD_05309	
TH2_HKNPDCAD_05310	TH2_contig_5	15280	15720	441	-	dhfrI_2	Dihydrofolate reductase type 1	TH2	HKNPDCAD_05310	HKNPDCAD_05310	
TH2_HKNPDCAD_05311	TH2_contig_5	15795	16028	234	-	ant1_6	Streptomycin 3''-adenylyltransferase	TH2	HKNPDCAD_05311	HKNPDCAD_05311	
TH2_HKNPDCAD_05312	TH2_contig_5	16457	16606	150	-	hypothetical protein	hypothetical protein	TH2	HKNPDCAD_05312	HKNPDCAD_05312	
TH2_HKNPDCAD_05313	TH2_contig_5	16688	17125	438	-	hypothetical protein	hypothetical protein	TH2	HKNPDCAD_05313	HKNPDCAD_05313	
TH2_HKNPDCAD_05314	TH2_contig_6	163	1149	987	+	IS30 family transposase ISAba125	IS30 family transposase ISAba125	TH2	HKNPDCAD_05314	HKNPDCAD_05314	
TH2_HKNPDCAD_05315	TH2_contig_6	1258	2238	981	-	IS5 family transposase IS5	IS5 family transposase IS5	TH2	HKNPDCAD_05315	HKNPDCAD_05315	
TH2_HKNPDCAD_05316	TH2_contig_6	2473	3285	813	+	blaNDM-1	Metallo-beta-lactamase type 2	TH2	HKNPDCAD_05316	HKNPDCAD_05316	
TH2_HKNPDCAD_05317	TH2_contig_6	3289	3591	303	+	ble	Bleomycin resistance protein	TH2	HKNPDCAD_05317	HKNPDCAD_05317	
TH2_HKNPDCAD_05318	TH2_contig_6	3658	4296	639	+	trpF	N-(5'-phosphoribosyl)anthranilate isomerase	TH2	HKNPDCAD_05318	HKNPDCAD_05318	
TH2_HKNPDCAD_05319	TH2_contig_6	4307	4969	663	-	nagA_3	Alpha-N-acetylgalactosaminidase	TH2	HKNPDCAD_05319	HKNPDCAD_05319	
TH2_HKNPDCAD_05320	TH2_contig_6	4972	5337	366	-	dsbD_2	Thiol:disulfide interchange protein DsbD	TH2	HKNPDCAD_05320	HKNPDCAD_05320	
TH2_HKNPDCAD_05321	TH2_contig_6	5534	6238	705	+	IS6 family transposase IS26	IS6 family transposase IS26	TH2	HKNPDCAD_05321	HKNPDCAD_05321	
TH2_HKNPDCAD_05322	TH2_contig_6	6129	7088	960	-	xerC_11	Tyrosine recombinase XerC	TH2	HKNPDCAD_05322	HKNPDCAD_05322	
TH2_HKNPDCAD_05323	TH2_contig_6	7249	8028	780	+	ant1_7	Streptomycin 3''-adenylyltransferase	TH2	HKNPDCAD_05323	HKNPDCAD_05323	
TH2_HKNPDCAD_05324	TH2_contig_6	8159	8980	822	+	hypothetical protein	hypothetical protein	TH2	HKNPDCAD_05324	HKNPDCAD_05324	
TH2_HKNPDCAD_05325	TH2_contig_6	9133	9837	705	+	IS6 family transposase IS26	IS6 family transposase IS26	TH2	HKNPDCAD_05325	HKNPDCAD_05325	
TH2_HKNPDCAD_05326	TH2_contig_9	119	694	576	+	hin_2	DNA-invertase hin	TH2	HKNPDCAD_05326	HKNPDCAD_05326	
TH2_HKNPDCAD_05327	TH2_contig_9	741	1445	705	+	IS6 family transposase IS15	IS6 family transposase IS15	TH2	HKNPDCAD_05327	HKNPDCAD_05327	
TH2_HKNPDCAD_05328	TH2_contig_9	1336	1743	408	-	hypothetical protein	hypothetical protein	TH2	HKNPDCAD_05328	HKNPDCAD_05328	
TH2_HKNPDCAD_05329	TH2_contig_9	1756	2166	411	-	hypothetical protein	hypothetical protein	TH2	HKNPDCAD_05329	HKNPDCAD_05329	
TH2_HKNPDCAD_05330	TH2_contig_9	2268	2474	207	-	hypothetical protein	hypothetical protein	TH2	HKNPDCAD_05330	HKNPDCAD_05330	
TH2_HKNPDCAD_05331	TH2_contig_9	2535	3860	1326	-	hipA_2	Serine/threonine-protein kinase toxin HipA	TH2	HKNPDCAD_05331	HKNPDCAD_05331	
TH2_HKNPDCAD_05332	TH2_contig_9	3865	4161	297	-	hypothetical protein	hypothetical protein	TH2	HKNPDCAD_05332	HKNPDCAD_05332	
TH2_HKNPDCAD_05333	TH2_contig_9	4762	5154	393	-	hypothetical protein	hypothetical protein	TH2	HKNPDCAD_05333	HKNPDCAD_05333	
TH2_HKNPDCAD_05334	TH2_contig_9	5497	5868	372	+	hypothetical protein	hypothetical protein	TH2	HKNPDCAD_05334	HKNPDCAD_05334	
TH2_HKNPDCAD_05335	TH2_contig_9	6007	6150	144	+	hypothetical protein	hypothetical protein	TH2	HKNPDCAD_05335	HKNPDCAD_05335	
TH2_HKNPDCAD_05336	TH2_contig_9	6200	6481	282	+	hypothetical protein	hypothetical protein	TH2	HKNPDCAD_05336	HKNPDCAD_05336	
TH2_HKNPDCAD_05337	TH2_contig_9	6822	6953	132	-	hypothetical protein	hypothetical protein	TH2	HKNPDCAD_05337	HKNPDCAD_05337	
TH2_HKNPDCAD_05338	TH2_contig_9	7044	8285	1242	-	hypothetical protein	hypothetical protein	TH2	HKNPDCAD_05338	HKNPDCAD_05338	
TH2_HKNPDCAD_05339	TH2_contig_9	8714	9289	576	-	yceD_2	General stress protein 16U	TH2	HKNPDCAD_05339	HKNPDCAD_05339	
TH2_HKNPDCAD_05340	TH2_contig_9	9357	9935	579	-	yceD_3	General stress protein 16U	TH2	HKNPDCAD_05340	HKNPDCAD_05340	
TH2_HKNPDCAD_05341	TH2_contig_9	9984	11024	1041	-	alx_2	Putative membrane-bound redox modulator Alx	TH2	HKNPDCAD_05341	HKNPDCAD_05341	
TH2_HKNPDCAD_05342	TH2_contig_9	11047	11502	456	-	hypothetical protein	hypothetical protein	TH2	HKNPDCAD_05342	HKNPDCAD_05342	
TH2_HKNPDCAD_05343	TH2_contig_9	11525	12607	1083	-	hypothetical protein	hypothetical protein	TH2	HKNPDCAD_05343	HKNPDCAD_05343	
TH2_HKNPDCAD_05344	TH2_contig_9	12681	13262	582	-	yceD_4	General stress protein 16U	TH2	HKNPDCAD_05344	HKNPDCAD_05344	
TH2_HKNPDCAD_05345	TH2_contig_9	13585	14643	1059	+	hypothetical protein	hypothetical protein	TH2	HKNPDCAD_05345	HKNPDCAD_05345	
TH2_HKNPDCAD_05346	TH2_contig_9	14653	15795	1143	+	hypothetical protein	hypothetical protein	TH2	HKNPDCAD_05346	HKNPDCAD_05346	
TH2_HKNPDCAD_05347	TH2_contig_9	15788	16561	774	+	hypothetical protein	hypothetical protein	TH2	HKNPDCAD_05347	HKNPDCAD_05347	
TH2_HKNPDCAD_05348	TH2_contig_9	16563	17618	1056	+	stiP	Cysteine protease StiP	TH2	HKNPDCAD_05348	HKNPDCAD_05348	
TH2_HKNPDCAD_05349	TH2_contig_9	17641	18597	957	+	hypothetical protein	hypothetical protein	TH2	HKNPDCAD_05349	HKNPDCAD_05349	
TH2_HKNPDCAD_05350	TH2_contig_9	18608	19816	1209	+	hypothetical protein	hypothetical protein	TH2	HKNPDCAD_05350	HKNPDCAD_05350	
TH2_HKNPDCAD_05351	TH2_contig_9	19834	20301	468	+	hypothetical protein	hypothetical protein	TH2	HKNPDCAD_05351	HKNPDCAD_05351	
TH2_HKNPDCAD_05352	TH2_contig_9	20606	20767	162	+	hypothetical protein	hypothetical protein	TH2	HKNPDCAD_05352	HKNPDCAD_05352	
TH2_HKNPDCAD_05353	TH2_contig_9	20764	21399	636	+	hypothetical protein	hypothetical protein	TH2	HKNPDCAD_05353	HKNPDCAD_05353	
TH2_HKNPDCAD_05354	TH2_contig_9	21580	22062	483	+	yceC	Stress response protein SCP2	TH2	HKNPDCAD_05354	HKNPDCAD_05354	
TH2_HKNPDCAD_05355	TH2_contig_9	22062	22700	639	+	hypothetical protein	hypothetical protein	TH2	HKNPDCAD_05355	HKNPDCAD_05355	
TH2_HKNPDCAD_05356	TH2_contig_9	22786	23826	1041	+	hypothetical protein	hypothetical protein	TH2	HKNPDCAD_05356	HKNPDCAD_05356	
TH2_HKNPDCAD_05357	TH2_contig_9	23826	24314	489	+	hypothetical protein	hypothetical protein	TH2	HKNPDCAD_05357	HKNPDCAD_05357	
TH2_HKNPDCAD_05358	TH2_contig_9	24758	25462	705	+	hypothetical protein	hypothetical protein	TH2	HKNPDCAD_05358	HKNPDCAD_05358	
TH2_HKNPDCAD_05359	TH2_contig_9	25434	26987	1554	+	hypothetical protein	hypothetical protein	TH2	HKNPDCAD_05359	HKNPDCAD_05359	
TH2_HKNPDCAD_05360	TH2_contig_9	27154	28032	879	-	hypothetical protein	hypothetical protein	TH2	HKNPDCAD_05360	HKNPDCAD_05360	
TH2_HKNPDCAD_05361	TH2_contig_9	28205	28300	96	+	hypothetical protein	hypothetical protein	TH2	HKNPDCAD_05361	HKNPDCAD_05361	
TH2_HKNPDCAD_05362	TH2_contig_9	28593	28805	213	-	hha_2	Hemolysin expression-modulating protein Hha	TH2	HKNPDCAD_05362	HKNPDCAD_05362	
TH2_HKNPDCAD_05363	TH2_contig_9	28976	30151	1176	+	hypothetical protein	hypothetical protein	TH2	HKNPDCAD_05363	HKNPDCAD_05363	
TH2_HKNPDCAD_05364	TH2_contig_9	30173	30502	330	-	hypothetical protein	hypothetical protein	TH2	HKNPDCAD_05364	HKNPDCAD_05364	
TH2_HKNPDCAD_05365	TH2_contig_9	30453	31358	906	-	hypothetical protein	hypothetical protein	TH2	HKNPDCAD_05365	HKNPDCAD_05365	
TH2_HKNPDCAD_05366	TH2_contig_9	31368	32003	636	-	hypothetical protein	hypothetical protein	TH2	HKNPDCAD_05366	HKNPDCAD_05366	
TH2_HKNPDCAD_05367	TH2_contig_9	32000	32242	243	-	hypothetical protein	hypothetical protein	TH2	HKNPDCAD_05367	HKNPDCAD_05367	
TH2_HKNPDCAD_05368	TH2_contig_9	32422	32868	447	-	hypothetical protein	hypothetical protein	TH2	HKNPDCAD_05368	HKNPDCAD_05368	
TH2_HKNPDCAD_05369	TH2_contig_9	32885	33421	537	-	hypothetical protein	hypothetical protein	TH2	HKNPDCAD_05369	HKNPDCAD_05369	
TH2_HKNPDCAD_05370	TH2_contig_9	33527	33751	225	-	hypothetical protein	hypothetical protein	TH2	HKNPDCAD_05370	HKNPDCAD_05370	
TH2_HKNPDCAD_05371	TH2_contig_9	33759	34223	465	-	hypothetical protein	hypothetical protein	TH2	HKNPDCAD_05371	HKNPDCAD_05371	
TH2_HKNPDCAD_05372	TH2_contig_9	34394	34669	276	-	hypothetical protein	hypothetical protein	TH2	HKNPDCAD_05372	HKNPDCAD_05372	
TH2_HKNPDCAD_05373	TH2_contig_9	34933	35889	957	-	hypothetical protein	hypothetical protein	TH2	HKNPDCAD_05373	HKNPDCAD_05373	
TH2_HKNPDCAD_05374	TH2_contig_9	36061	36999	939	-	hypothetical protein	hypothetical protein	TH2	HKNPDCAD_05374	HKNPDCAD_05374	
TH2_HKNPDCAD_05375	TH2_contig_9	37066	37986	921	-	hypothetical protein	hypothetical protein	TH2	HKNPDCAD_05375	HKNPDCAD_05375	
TH2_HKNPDCAD_05376	TH2_contig_9	38055	38990	936	-	hypothetical protein	hypothetical protein	TH2	HKNPDCAD_05376	HKNPDCAD_05376	
TH2_HKNPDCAD_05377	TH2_contig_9	39061	39939	879	-	hypothetical protein	hypothetical protein	TH2	HKNPDCAD_05377	HKNPDCAD_05377	
TH2_HKNPDCAD_05378	TH2_contig_9	40018	40539	522	-	hypothetical protein	hypothetical protein	TH2	HKNPDCAD_05378	HKNPDCAD_05378	
TH2_HKNPDCAD_05379	TH2_contig_9	40807	41691	885	-	hypothetical protein	hypothetical protein	TH2	HKNPDCAD_05379	HKNPDCAD_05379	
TH2_HKNPDCAD_05380	TH2_contig_9	41670	42038	369	-	hypothetical protein	hypothetical protein	TH2	HKNPDCAD_05380	HKNPDCAD_05380	
TH2_HKNPDCAD_05381	TH2_contig_9	42152	42373	222	-	hypothetical protein	hypothetical protein	TH2	HKNPDCAD_05381	HKNPDCAD_05381	
TH2_HKNPDCAD_05382	TH2_contig_9	42445	44457	2013	-	hypothetical protein	hypothetical protein	TH2	HKNPDCAD_05382	HKNPDCAD_05382	
TH2_HKNPDCAD_05383	TH2_contig_9	44535	45662	1128	-	hypothetical protein	hypothetical protein	TH2	HKNPDCAD_05383	HKNPDCAD_05383	
TH2_HKNPDCAD_05384	TH2_contig_9	45725	45898	174	-	hypothetical protein	hypothetical protein	TH2	HKNPDCAD_05384	HKNPDCAD_05384	
TH2_HKNPDCAD_05385	TH2_contig_9	46030	47088	1059	-	hypothetical protein	hypothetical protein	TH2	HKNPDCAD_05385	HKNPDCAD_05385	
TH2_HKNPDCAD_05386	TH2_contig_9	47146	48126	981	-	hypothetical protein	hypothetical protein	TH2	HKNPDCAD_05386	HKNPDCAD_05386	
TH2_HKNPDCAD_05387	TH2_contig_9	48187	48564	378	-	hypothetical protein	hypothetical protein	TH2	HKNPDCAD_05387	HKNPDCAD_05387	
TH2_HKNPDCAD_05388	TH2_contig_9	48622	49494	873	-	hypothetical protein	hypothetical protein	TH2	HKNPDCAD_05388	HKNPDCAD_05388	
TH2_HKNPDCAD_05389	TH2_contig_9	49889	51673	1785	-	uvrD_2	DNA helicase II	TH2	HKNPDCAD_05389	HKNPDCAD_05389	
TH2_HKNPDCAD_05390	TH2_contig_9	51853	52725	873	+	hypothetical protein	hypothetical protein	TH2	HKNPDCAD_05390	HKNPDCAD_05390	
TH2_HKNPDCAD_05391	TH2_contig_9	52754	55942	3189	-	hypothetical protein	hypothetical protein	TH2	HKNPDCAD_05391	HKNPDCAD_05391	
TH2_HKNPDCAD_05392	TH2_contig_9	55961	57019	1059	-	hypothetical protein	hypothetical protein	TH2	HKNPDCAD_05392	HKNPDCAD_05392	
TH2_HKNPDCAD_05393	TH2_contig_9	57025	57159	135	-	hypothetical protein	hypothetical protein	TH2	HKNPDCAD_05393	HKNPDCAD_05393	
TH2_HKNPDCAD_05394	TH2_contig_9	57161	57628	468	-	hypothetical protein	hypothetical protein	TH2	HKNPDCAD_05394	HKNPDCAD_05394	
TH2_HKNPDCAD_05395	TH2_contig_9	57586	58377	792	-	hypothetical protein	hypothetical protein	TH2	HKNPDCAD_05395	HKNPDCAD_05395	
TH2_HKNPDCAD_05396	TH2_contig_9	58410	58670	261	-	hypothetical protein	hypothetical protein	TH2	HKNPDCAD_05396	HKNPDCAD_05396	
TH2_HKNPDCAD_05397	TH2_contig_9	58657	59013	357	-	hypothetical protein	hypothetical protein	TH2	HKNPDCAD_05397	HKNPDCAD_05397	
TH2_HKNPDCAD_05398	TH2_contig_9	59010	59168	159	-	hypothetical protein	hypothetical protein	TH2	HKNPDCAD_05398	HKNPDCAD_05398	
TH2_HKNPDCAD_05399	TH2_contig_9	59446	61548	2103	-	hypothetical protein	hypothetical protein	TH2	HKNPDCAD_05399	HKNPDCAD_05399	
TH2_HKNPDCAD_05400	TH2_contig_9	61781	63748	1968	-	hypothetical protein	hypothetical protein	TH2	HKNPDCAD_05400	HKNPDCAD_05400	
TH2_HKNPDCAD_05401	TH2_contig_9	63868	64449	582	-	hypothetical protein	hypothetical protein	TH2	HKNPDCAD_05401	HKNPDCAD_05401	
TH2_HKNPDCAD_05402	TH2_contig_9	64457	64855	399	-	hypothetical protein	hypothetical protein	TH2	HKNPDCAD_05402	HKNPDCAD_05402	
TH2_HKNPDCAD_05403	TH2_contig_9	64845	65297	453	-	hypothetical protein	hypothetical protein	TH2	HKNPDCAD_05403	HKNPDCAD_05403	
TH2_HKNPDCAD_05404	TH2_contig_9	65701	66339	639	-	hypothetical protein	hypothetical protein	TH2	HKNPDCAD_05404	HKNPDCAD_05404	
TH2_HKNPDCAD_05405	TH2_contig_9	66351	67388	1038	-	parM	Plasmid segregation protein ParM	TH2	HKNPDCAD_05405	HKNPDCAD_05405	
TH2_HKNPDCAD_05406	TH2_contig_9	67752	68699	948	+	hypothetical protein	hypothetical protein	TH2	HKNPDCAD_05406	HKNPDCAD_05406	
TH2_HKNPDCAD_05407	TH2_contig_9	68696	69532	837	+	hypothetical protein	hypothetical protein	TH2	HKNPDCAD_05407	HKNPDCAD_05407	
TH2_HKNPDCAD_05408	TH2_contig_9	69525	70046	522	+	hypothetical protein	hypothetical protein	TH2	HKNPDCAD_05408	HKNPDCAD_05408	
TH2_HKNPDCAD_05409	TH2_contig_9	70043	70432	390	+	hypothetical protein	hypothetical protein	TH2	HKNPDCAD_05409	HKNPDCAD_05409	
TH2_HKNPDCAD_05410	TH2_contig_9	70494	71498	1005	-	virB_2	Virulence regulon transcriptional activator VirB	TH2	HKNPDCAD_05410	HKNPDCAD_05410	
TH2_HKNPDCAD_05411	TH2_contig_9	71495	72451	957	-	hypothetical protein	hypothetical protein	TH2	HKNPDCAD_05411	HKNPDCAD_05411	
TH2_HKNPDCAD_05412	TH2_contig_9	72556	72747	192	-	hypothetical protein	hypothetical protein	TH2	HKNPDCAD_05412	HKNPDCAD_05412	
TH2_HKNPDCAD_05413	TH2_contig_9	76582	77169	588	-	hypothetical protein	hypothetical protein	TH2	HKNPDCAD_05413	HKNPDCAD_05413	
TH2_HKNPDCAD_05414	TH2_contig_9	77169	77501	333	-	hypothetical protein	hypothetical protein	TH2	HKNPDCAD_05414	HKNPDCAD_05414	
TH2_HKNPDCAD_05415	TH2_contig_9	77621	78004	384	-	hypothetical protein	hypothetical protein	TH2	HKNPDCAD_05415	HKNPDCAD_05415	
TH2_HKNPDCAD_05416	TH2_contig_9	77973	79259	1287	-	hypothetical protein	hypothetical protein	TH2	HKNPDCAD_05416	HKNPDCAD_05416	
TH2_HKNPDCAD_05417	TH2_contig_9	79268	80218	951	-	hypothetical protein	hypothetical protein	TH2	HKNPDCAD_05417	HKNPDCAD_05417	
TH2_HKNPDCAD_05418	TH2_contig_9	80228	81085	858	-	hypothetical protein	hypothetical protein	TH2	HKNPDCAD_05418	HKNPDCAD_05418	
TH2_HKNPDCAD_05419	TH2_contig_9	81099	81521	423	-	hypothetical protein	hypothetical protein	TH2	HKNPDCAD_05419	HKNPDCAD_05419	
TH2_HKNPDCAD_05420	TH2_contig_9	81461	81580	120	-	hypothetical protein	hypothetical protein	TH2	HKNPDCAD_05420	HKNPDCAD_05420	
TH2_HKNPDCAD_05421	TH2_contig_9	81588	82943	1356	-	hypothetical protein	hypothetical protein	TH2	HKNPDCAD_05421	HKNPDCAD_05421	
TH2_HKNPDCAD_05422	TH2_contig_9	82933	83394	462	-	hypothetical protein	hypothetical protein	TH2	HKNPDCAD_05422	HKNPDCAD_05422	
TH2_HKNPDCAD_05423	TH2_contig_9	83396	84619	1224	-	hypothetical protein	hypothetical protein	TH2	HKNPDCAD_05423	HKNPDCAD_05423	
TH2_HKNPDCAD_05424	TH2_contig_9	84666	84893	228	-	hypothetical protein	hypothetical protein	TH2	HKNPDCAD_05424	HKNPDCAD_05424	
TH2_HKNPDCAD_05425	TH2_contig_9	84854	85453	600	-	hypothetical protein	hypothetical protein	TH2	HKNPDCAD_05425	HKNPDCAD_05425	
TH2_HKNPDCAD_05426	TH2_contig_9	85465	85725	261	-	hypothetical protein	hypothetical protein	TH2	HKNPDCAD_05426	HKNPDCAD_05426	
TH2_HKNPDCAD_05427	TH2_contig_9	85818	86762	945	-	IS4 family transposase IS186B	IS4 family transposase IS186B	TH2	HKNPDCAD_05427	HKNPDCAD_05427	
TH2_HKNPDCAD_05428	TH2_contig_9	86858	87091	234	-	hypothetical protein	hypothetical protein	TH2	HKNPDCAD_05428	HKNPDCAD_05428	
TH2_HKNPDCAD_05429	TH2_contig_9	87180	87533	354	-	hypothetical protein	hypothetical protein	TH2	HKNPDCAD_05429	HKNPDCAD_05429	
TH2_HKNPDCAD_05430	TH2_contig_9	88056	88256	201	-	hypothetical protein	hypothetical protein	TH2	HKNPDCAD_05430	HKNPDCAD_05430	
TH2_HKNPDCAD_05431	TH2_contig_9	88682	89557	876	-	repB_4	RepFIB replication protein A	TH2	HKNPDCAD_05431	HKNPDCAD_05431	
TH2_HKNPDCAD_05432	TH2_contig_9	90034	91089	1056	+	hypothetical protein	hypothetical protein	TH2	HKNPDCAD_05432	HKNPDCAD_05432	
TH2_HKNPDCAD_05433	TH2_contig_9	91107	91307	201	+	hypothetical protein	hypothetical protein	TH2	HKNPDCAD_05433	HKNPDCAD_05433	
TH2_HKNPDCAD_05434	TH2_contig_9	91304	92020	717	+	hypothetical protein	hypothetical protein	TH2	HKNPDCAD_05434	HKNPDCAD_05434	
TH2_HKNPDCAD_05435	TH2_contig_9	92443	93108	666	+	hypothetical protein	hypothetical protein	TH2	HKNPDCAD_05435	HKNPDCAD_05435	
TH2_HKNPDCAD_05436	TH2_contig_9	93117	93890	774	-	dam_3	DNA adenine methylase	TH2	HKNPDCAD_05436	HKNPDCAD_05436	
TH2_HKNPDCAD_05437	TH2_contig_9	94299	95162	864	+	hypothetical protein	hypothetical protein	TH2	HKNPDCAD_05437	HKNPDCAD_05437	
TH2_HKNPDCAD_05438	TH2_contig_9	95216	95461	246	+	hypothetical protein	hypothetical protein	TH2	HKNPDCAD_05438	HKNPDCAD_05438	
TH2_HKNPDCAD_05439	TH2_contig_9	95708	97399	1692	+	hypothetical protein	hypothetical protein	TH2	HKNPDCAD_05439	HKNPDCAD_05439	
TH2_HKNPDCAD_05440	TH2_contig_9	97396	97572	177	+	hypothetical protein	hypothetical protein	TH2	HKNPDCAD_05440	HKNPDCAD_05440	
TH2_HKNPDCAD_05441	TH2_contig_9	97621	98031	411	+	hypothetical protein	hypothetical protein	TH2	HKNPDCAD_05441	HKNPDCAD_05441	
TH2_HKNPDCAD_05442	TH2_contig_9	98061	98342	282	+	hypothetical protein	hypothetical protein	TH2	HKNPDCAD_05442	HKNPDCAD_05442	
TH2_HKNPDCAD_05443	TH2_contig_9	98400	99026	627	-	hypothetical protein	hypothetical protein	TH2	HKNPDCAD_05443	HKNPDCAD_05443	
TH2_HKNPDCAD_05444	TH2_contig_9	99399	101855	2457	+	hypothetical protein	hypothetical protein	TH2	HKNPDCAD_05444	HKNPDCAD_05444	
TH2_HKNPDCAD_05445	TH2_contig_9	102963	104051	1089	+	hypothetical protein	hypothetical protein	TH2	HKNPDCAD_05445	HKNPDCAD_05445	
TH2_HKNPDCAD_05446	TH2_contig_9	104446	105150	705	+	IS6 family transposase IS15	IS6 family transposase IS15	TH2	HKNPDCAD_05446	HKNPDCAD_05446	
TH2_HKNPDCAD_05447	TH2_contig_9	105314	105550	237	-	hypothetical protein	hypothetical protein	TH2	HKNPDCAD_05447	HKNPDCAD_05447	
TH2_HKNPDCAD_05448	TH2_contig_9	105886	108873	2988	+	Tn3 family transposase TnEc1	Tn3 family transposase TnEc1	TH2	HKNPDCAD_05448	HKNPDCAD_05448	
TH2_HKNPDCAD_05449	TH2_contig_9	108860	109081	222	-	hypothetical protein	hypothetical protein	TH2	HKNPDCAD_05449	HKNPDCAD_05449	
TH2_HKNPDCAD_05450	TH2_contig_9	109156	109518	363	-	hypothetical protein	hypothetical protein	TH2	HKNPDCAD_05450	HKNPDCAD_05450	
TH2_HKNPDCAD_05451	TH2_contig_9	110161	110985	825	+	hypothetical protein	hypothetical protein	TH2	HKNPDCAD_05451	HKNPDCAD_05451	
TH2_HKNPDCAD_05452	TH2_contig_9	110978	111547	570	+	hypothetical protein	hypothetical protein	TH2	HKNPDCAD_05452	HKNPDCAD_05452	
TH2_HKNPDCAD_05453	TH2_contig_9	111786	112178	393	+	hypothetical protein	hypothetical protein	TH2	HKNPDCAD_05453	HKNPDCAD_05453	
TH2_HKNPDCAD_05454	TH2_contig_9	112242	112445	204	-	hypothetical protein	hypothetical protein	TH2	HKNPDCAD_05454	HKNPDCAD_05454	
TH2_HKNPDCAD_05455	TH2_contig_9	112458	113777	1320	-	hypothetical protein	hypothetical protein	TH2	HKNPDCAD_05455	HKNPDCAD_05455	
TH2_HKNPDCAD_05456	TH2_contig_9	113800	113967	168	-	hypothetical protein	hypothetical protein	TH2	HKNPDCAD_05456	HKNPDCAD_05456	
TH2_HKNPDCAD_05457	TH2_contig_9	114028	115455	1428	-	dcm_2	DNA-cytosine methyltransferase	TH2	HKNPDCAD_05457	HKNPDCAD_05457	
TH2_HKNPDCAD_05458	TH2_contig_9	115670	116185	516	+	hypothetical protein	hypothetical protein	TH2	HKNPDCAD_05458	HKNPDCAD_05458	
TH2_HKNPDCAD_05459	TH2_contig_9	116131	117084	954	+	hypothetical protein	hypothetical protein	TH2	HKNPDCAD_05459	HKNPDCAD_05459	
TH2_HKNPDCAD_05460	TH2_contig_9	117584	117838	255	+	hypothetical protein	hypothetical protein	TH2	HKNPDCAD_05460	HKNPDCAD_05460	
TH2_HKNPDCAD_05461	TH2_contig_9	118200	118430	231	+	hypothetical protein	hypothetical protein	TH2	HKNPDCAD_05461	HKNPDCAD_05461	
TH2_HKNPDCAD_05462	TH2_contig_9	118950	119228	279	+	hypothetical protein	hypothetical protein	TH2	HKNPDCAD_05462	HKNPDCAD_05462	
TH2_HKNPDCAD_05463	TH2_contig_9	119258	119665	408	+	hypothetical protein	hypothetical protein	TH2	HKNPDCAD_05463	HKNPDCAD_05463	
TH2_HKNPDCAD_05464	TH2_contig_9	119716	120243	528	-	hypothetical protein	hypothetical protein	TH2	HKNPDCAD_05464	HKNPDCAD_05464	
TH2_HKNPDCAD_05465	TH2_contig_9	120410	120760	351	-	hypothetical protein	hypothetical protein	TH2	HKNPDCAD_05465	HKNPDCAD_05465	
TH2_HKNPDCAD_05466	TH2_contig_9	120870	122666	1797	-	Tn3 family transposase TnAs1	Tn3 family transposase TnAs1	TH2	HKNPDCAD_05466	HKNPDCAD_05466	
TH2_HKNPDCAD_05467	TH2_contig_9	123155	124039	885	+	hypothetical protein	hypothetical protein	TH2	HKNPDCAD_05467	HKNPDCAD_05467	
TH2_HKNPDCAD_05468	TH2_contig_9	124071	124646	576	-	tetA_2	Tetracycline resistance protein, class C	TH2	HKNPDCAD_05468	HKNPDCAD_05468	
TH2_HKNPDCAD_05469	TH2_contig_9	124763	125269	507	-	tetA_3	Tetracycline resistance protein, class C	TH2	HKNPDCAD_05469	HKNPDCAD_05469	
TH2_HKNPDCAD_05470	TH2_contig_9	125348	126025	678	+	tetR	Tetracycline repressor protein class A from transposon 1721	TH2	HKNPDCAD_05470	HKNPDCAD_05470	
TH2_HKNPDCAD_05471	TH2_contig_9	126057	126332	276	-	hypothetical protein	hypothetical protein	TH2	HKNPDCAD_05471	HKNPDCAD_05471	
TH2_HKNPDCAD_05472	TH2_contig_9	126462	127007	546	+	hypothetical protein	hypothetical protein	TH2	HKNPDCAD_05472	HKNPDCAD_05472	
TH2_HKNPDCAD_05473	TH2_contig_9	127144	127716	573	+	hin_3	DNA-invertase hin	TH2	HKNPDCAD_05473	HKNPDCAD_05473	
TH2_HKNPDCAD_05474	TH2_contig_9	127753	129144	1392	+	ISKra4 family transposase ISKpn19	ISKra4 family transposase ISKpn19	TH2	HKNPDCAD_05474	HKNPDCAD_05474	
TH2_HKNPDCAD_05475	TH2_contig_9	129168	129605	438	+	hin_4	DNA-invertase hin	TH2	HKNPDCAD_05475	HKNPDCAD_05475	
TH2_HKNPDCAD_05476	TH2_contig_9	129924	130580	657	-	Pentapeptide repeat protein	Pentapeptide repeat protein	TH2	HKNPDCAD_05476	HKNPDCAD_05476	
TH2_HKNPDCAD_05477	TH2_contig_9	130948	131139	192	+	hypothetical protein	hypothetical protein	TH2	HKNPDCAD_05477	HKNPDCAD_05477	
TH2_HKNPDCAD_05478	TH2_contig_9	131179	131343	165	+	hypothetical protein	hypothetical protein	TH2	HKNPDCAD_05478	HKNPDCAD_05478	
TH2_HKNPDCAD_05479	TH2_contig_9	131472	131621	150	+	hypothetical protein	hypothetical protein	TH2	HKNPDCAD_05479	HKNPDCAD_05479	
TH2_HKNPDCAD_05480	TH2_contig_9	131658	132362	705	+	IS6 family transposase IS26	IS6 family transposase IS26	TH2	HKNPDCAD_05480	HKNPDCAD_05480	
pXNCD19_GDAPCHJB_05516	pXNCD19_4	43	1014	972	+	repA	Replication initiation protein	pXNCD19	GDAPCHJB_05516	GDAPCHJB_05516	
pXNCD19_GDAPCHJB_05517	pXNCD19_4	1895	2566	672	+	yedK_2	SOS response-associated protein YedK	pXNCD19	GDAPCHJB_05517	GDAPCHJB_05517	
pXNCD19_GDAPCHJB_05518	pXNCD19_4	2745	3068	324	+	hypothetical protein	hypothetical protein	pXNCD19	GDAPCHJB_05518	GDAPCHJB_05518	
pXNCD19_GDAPCHJB_05519	pXNCD19_4	3309	4085	777	+	hypothetical protein	hypothetical protein	pXNCD19	GDAPCHJB_05519	GDAPCHJB_05519	
pXNCD19_GDAPCHJB_05520	pXNCD19_4	4458	5048	591	+	hypothetical protein	hypothetical protein	pXNCD19	GDAPCHJB_05520	GDAPCHJB_05520	
pXNCD19_GDAPCHJB_05521	pXNCD19_4	5070	6038	969	+	IS5 family transposase IS903	IS5 family transposase IS903	pXNCD19	GDAPCHJB_05521	GDAPCHJB_05521	
pXNCD19_GDAPCHJB_05522	pXNCD19_4	6143	6718	576	+	hypothetical protein	hypothetical protein	pXNCD19	GDAPCHJB_05522	GDAPCHJB_05522	
pXNCD19_GDAPCHJB_05523	pXNCD19_4	6738	7094	357	+	hypothetical protein	hypothetical protein	pXNCD19	GDAPCHJB_05523	GDAPCHJB_05523	
pXNCD19_GDAPCHJB_05524	pXNCD19_4	7118	7651	534	+	hypothetical protein	hypothetical protein	pXNCD19	GDAPCHJB_05524	GDAPCHJB_05524	
pXNCD19_GDAPCHJB_05525	pXNCD19_4	7653	7862	210	+	hypothetical protein	hypothetical protein	pXNCD19	GDAPCHJB_05525	GDAPCHJB_05525	
pXNCD19_GDAPCHJB_05526	pXNCD19_4	8060	8959	900	+	hypothetical protein	hypothetical protein	pXNCD19	GDAPCHJB_05526	GDAPCHJB_05526	
pXNCD19_GDAPCHJB_05527	pXNCD19_4	9407	9796	390	-	dgkA_2	Diacylglycerol kinase	pXNCD19	GDAPCHJB_05527	GDAPCHJB_05527	
pXNCD19_GDAPCHJB_05528	pXNCD19_4	9910	11139	1230	-	sasA_3	Adaptive-response sensory-kinase SasA	pXNCD19	GDAPCHJB_05528	GDAPCHJB_05528	
pXNCD19_GDAPCHJB_05529	pXNCD19_4	11161	11856	696	-	copR	Transcriptional activator protein CopR	pXNCD19	GDAPCHJB_05529	GDAPCHJB_05529	
pXNCD19_GDAPCHJB_05530	pXNCD19_4	11893	12774	882	-	IS3 family transposase ISEcl1	IS3 family transposase ISEcl1	pXNCD19	GDAPCHJB_05530	GDAPCHJB_05530	
pXNCD19_GDAPCHJB_05531	pXNCD19_4	12732	13127	396	-	IS3 family transposase ISEcl1	IS3 family transposase ISEcl1	pXNCD19	GDAPCHJB_05531	GDAPCHJB_05531	
pXNCD19_GDAPCHJB_05532	pXNCD19_4	13308	15005	1698	+	mcr-8.2	phosphoethanolamine--lipid A transferase MCR-8.2	pXNCD19	GDAPCHJB_05532	GDAPCHJB_05532	
pXNCD19_GDAPCHJB_05533	pXNCD19_4	16051	17031	981	+	IS5 family transposase ISKpn26	IS5 family transposase ISKpn26	pXNCD19	GDAPCHJB_05533	GDAPCHJB_05533	
pXNCD19_GDAPCHJB_05534	pXNCD19_4	17473	18153	681	-	hypothetical protein	hypothetical protein	pXNCD19	GDAPCHJB_05534	GDAPCHJB_05534	
pXNCD19_GDAPCHJB_05535	pXNCD19_4	18447	19475	1029	-	hypothetical protein	hypothetical protein	pXNCD19	GDAPCHJB_05535	GDAPCHJB_05535	
pXNCD19_GDAPCHJB_05536	pXNCD19_4	19636	20217	582	-	hypothetical protein	hypothetical protein	pXNCD19	GDAPCHJB_05536	GDAPCHJB_05536	
pXNCD19_GDAPCHJB_05537	pXNCD19_4	20338	20616	279	+	hypothetical protein	hypothetical protein	pXNCD19	GDAPCHJB_05537	GDAPCHJB_05537	
pXNCD19_GDAPCHJB_05538	pXNCD19_4	20786	21004	219	+	ccdA	Antitoxin CcdA	pXNCD19	GDAPCHJB_05538	GDAPCHJB_05538	
pXNCD19_GDAPCHJB_05539	pXNCD19_4	21006	21311	306	+	ccdB	Toxin CcdB	pXNCD19	GDAPCHJB_05539	GDAPCHJB_05539	
pXNCD19_GDAPCHJB_05540	pXNCD19_4	21480	21875	396	+	hypothetical protein	hypothetical protein	pXNCD19	GDAPCHJB_05540	GDAPCHJB_05540	
pXNCD19_GDAPCHJB_05541	pXNCD19_4	21902	22225	324	+	hypothetical protein	hypothetical protein	pXNCD19	GDAPCHJB_05541	GDAPCHJB_05541	
pXNCD19_GDAPCHJB_05542	pXNCD19_4	22222	23238	1017	+	hypothetical protein	hypothetical protein	pXNCD19	GDAPCHJB_05542	GDAPCHJB_05542	
pXNCD19_GDAPCHJB_05543	pXNCD19_4	23436	24221	786	+	xerC_6	Tyrosine recombinase XerC	pXNCD19	GDAPCHJB_05543	GDAPCHJB_05543	
pXNCD19_GDAPCHJB_05544	pXNCD19_4	24670	25425	756	+	repE	Replication initiation protein	pXNCD19	GDAPCHJB_05544	GDAPCHJB_05544	
pXNCD19_GDAPCHJB_05545	pXNCD19_4	26410	27042	633	+	hypothetical protein	hypothetical protein	pXNCD19	GDAPCHJB_05545	GDAPCHJB_05545	
pXNCD19_GDAPCHJB_05546	pXNCD19_4	27656	28630	975	+	parM_2	Plasmid segregation protein ParM	pXNCD19	GDAPCHJB_05546	GDAPCHJB_05546	
pXNCD19_GDAPCHJB_05547	pXNCD19_4	28634	29026	393	+	hypothetical protein	hypothetical protein	pXNCD19	GDAPCHJB_05547	GDAPCHJB_05547	
pXNCD19_GDAPCHJB_05548	pXNCD19_4	29625	29846	222	-	hypothetical protein	hypothetical protein	pXNCD19	GDAPCHJB_05548	GDAPCHJB_05548	
pXNCD19_GDAPCHJB_05549	pXNCD19_4	29877	30323	447	-	hypothetical protein	hypothetical protein	pXNCD19	GDAPCHJB_05549	GDAPCHJB_05549	
pXNCD19_GDAPCHJB_05550	pXNCD19_4	30594	30899	306	-	hypothetical protein	hypothetical protein	pXNCD19	GDAPCHJB_05550	GDAPCHJB_05550	
pXNCD19_GDAPCHJB_05551	pXNCD19_4	30953	31204	252	-	hypothetical protein	hypothetical protein	pXNCD19	GDAPCHJB_05551	GDAPCHJB_05551	
pXNCD19_GDAPCHJB_05552	pXNCD19_4	31283	32554	1272	-	umuC_4	Protein UmuC	pXNCD19	GDAPCHJB_05552	GDAPCHJB_05552	
pXNCD19_GDAPCHJB_05553	pXNCD19_4	32554	32979	426	-	umuD_3	Protein UmuD	pXNCD19	GDAPCHJB_05553	GDAPCHJB_05553	
pXNCD19_GDAPCHJB_05554	pXNCD19_4	33383	34870	1488	+	hypothetical protein	hypothetical protein	pXNCD19	GDAPCHJB_05554	GDAPCHJB_05554	
pXNCD19_GDAPCHJB_05555	pXNCD19_4	35292	36779	1488	+	hypothetical protein	hypothetical protein	pXNCD19	GDAPCHJB_05555	GDAPCHJB_05555	
pXNCD19_GDAPCHJB_05556	pXNCD19_4	37013	37243	231	+	hypothetical protein	hypothetical protein	pXNCD19	GDAPCHJB_05556	GDAPCHJB_05556	
pXNCD19_GDAPCHJB_05557	pXNCD19_4	37764	38189	426	+	klcA	Antirestriction protein KlcA	pXNCD19	GDAPCHJB_05557	GDAPCHJB_05557	
pXNCD19_GDAPCHJB_05558	pXNCD19_4	38425	38679	255	+	hypothetical protein	hypothetical protein	pXNCD19	GDAPCHJB_05558	GDAPCHJB_05558	
pXNCD19_GDAPCHJB_05559	pXNCD19_4	38714	39031	318	+	hypothetical protein	hypothetical protein	pXNCD19	GDAPCHJB_05559	GDAPCHJB_05559	
pXNCD19_GDAPCHJB_05560	pXNCD19_4	39813	40040	228	+	hypothetical protein	hypothetical protein	pXNCD19	GDAPCHJB_05560	GDAPCHJB_05560	
pXNCD19_GDAPCHJB_05561	pXNCD19_4	40132	40362	231	+	hypothetical protein	hypothetical protein	pXNCD19	GDAPCHJB_05561	GDAPCHJB_05561	
pXNCD19_GDAPCHJB_05562	pXNCD19_4	40414	41769	1356	+	hypothetical protein	hypothetical protein	pXNCD19	GDAPCHJB_05562	GDAPCHJB_05562	
pXNCD19_GDAPCHJB_05563	pXNCD19_4	41817	42380	564	+	hypothetical protein	hypothetical protein	pXNCD19	GDAPCHJB_05563	GDAPCHJB_05563	
pXNCD19_GDAPCHJB_05564	pXNCD19_4	43210	43752	543	+	ssb_2	Plasmid-derived single-stranded DNA-binding protein	pXNCD19	GDAPCHJB_05564	GDAPCHJB_05564	
pXNCD19_GDAPCHJB_05565	pXNCD19_4	43801	44049	249	+	hypothetical protein	hypothetical protein	pXNCD19	GDAPCHJB_05565	GDAPCHJB_05565	
pXNCD19_GDAPCHJB_05566	pXNCD19_4	44119	46176	2058	+	noc_2	Nucleoid occlusion protein	pXNCD19	GDAPCHJB_05566	GDAPCHJB_05566	
pXNCD19_GDAPCHJB_05567	pXNCD19_4	46221	46652	432	+	psiB	Protein PsiB	pXNCD19	GDAPCHJB_05567	GDAPCHJB_05567	
pXNCD19_GDAPCHJB_05568	pXNCD19_4	46649	47377	729	+	hypothetical protein	hypothetical protein	pXNCD19	GDAPCHJB_05568	GDAPCHJB_05568	
pXNCD19_GDAPCHJB_05569	pXNCD19_4	47374	47700	327	+	hypothetical protein	hypothetical protein	pXNCD19	GDAPCHJB_05569	GDAPCHJB_05569	
pXNCD19_GDAPCHJB_05570	pXNCD19_4	47756	48130	375	+	hypothetical protein	hypothetical protein	pXNCD19	GDAPCHJB_05570	GDAPCHJB_05570	
pXNCD19_GDAPCHJB_05571	pXNCD19_4	48386	48544	159	+	flmA_2	Stable plasmid inheritance protein	pXNCD19	GDAPCHJB_05571	GDAPCHJB_05571	
pXNCD19_GDAPCHJB_05572	pXNCD19_4	49238	49510	273	+	hypothetical protein	hypothetical protein	pXNCD19	GDAPCHJB_05572	GDAPCHJB_05572	
pXNCD19_GDAPCHJB_05573	pXNCD19_4	49507	49857	351	+	hypothetical protein	hypothetical protein	pXNCD19	GDAPCHJB_05573	GDAPCHJB_05573	
pXNCD19_GDAPCHJB_05574	pXNCD19_4	51030	51386	357	+	hypothetical protein	hypothetical protein	pXNCD19	GDAPCHJB_05574	GDAPCHJB_05574	
pXNCD19_GDAPCHJB_05575	pXNCD19_4	51447	51659	213	+	hypothetical protein	hypothetical protein	pXNCD19	GDAPCHJB_05575	GDAPCHJB_05575	
pXNCD19_GDAPCHJB_05576	pXNCD19_4	51670	51894	225	+	hypothetical protein	hypothetical protein	pXNCD19	GDAPCHJB_05576	GDAPCHJB_05576	
pXNCD19_GDAPCHJB_05577	pXNCD19_4	51975	52295	321	+	hypothetical protein	hypothetical protein	pXNCD19	GDAPCHJB_05577	GDAPCHJB_05577	
pXNCD19_GDAPCHJB_05578	pXNCD19_4	52285	52563	279	+	hypothetical protein	hypothetical protein	pXNCD19	GDAPCHJB_05578	GDAPCHJB_05578	
pXNCD19_GDAPCHJB_05579	pXNCD19_4	52564	52965	402	+	higA_2	Antitoxin HigA	pXNCD19	GDAPCHJB_05579	GDAPCHJB_05579	
pXNCD19_GDAPCHJB_05580	pXNCD19_4	52861	53076	216	-	hypothetical protein	hypothetical protein	pXNCD19	GDAPCHJB_05580	GDAPCHJB_05580	
pXNCD19_GDAPCHJB_05581	pXNCD19_4	53794	54615	822	+	hypothetical protein	hypothetical protein	pXNCD19	GDAPCHJB_05581	GDAPCHJB_05581	
pXNCD19_GDAPCHJB_05582	pXNCD19_4	55010	55495	486	-	hypothetical protein	hypothetical protein	pXNCD19	GDAPCHJB_05582	GDAPCHJB_05582	
pXNCD19_GDAPCHJB_05583	pXNCD19_4	55919	56302	384	+	traM	Relaxosome protein TraM	pXNCD19	GDAPCHJB_05583	GDAPCHJB_05583	
pXNCD19_GDAPCHJB_05584	pXNCD19_4	56502	57221	720	+	hypothetical protein	hypothetical protein	pXNCD19	GDAPCHJB_05584	GDAPCHJB_05584	
pXNCD19_GDAPCHJB_05585	pXNCD19_4	57622	57990	369	+	traA	Pilin	pXNCD19	GDAPCHJB_05585	GDAPCHJB_05585	
pXNCD19_GDAPCHJB_05586	pXNCD19_4	58004	58309	306	+	hypothetical protein	hypothetical protein	pXNCD19	GDAPCHJB_05586	GDAPCHJB_05586	
pXNCD19_GDAPCHJB_05587	pXNCD19_4	58329	58895	567	+	hypothetical protein	hypothetical protein	pXNCD19	GDAPCHJB_05587	GDAPCHJB_05587	
pXNCD19_GDAPCHJB_05588	pXNCD19_4	58882	59622	741	+	hypothetical protein	hypothetical protein	pXNCD19	GDAPCHJB_05588	GDAPCHJB_05588	
pXNCD19_GDAPCHJB_05589	pXNCD19_4	59622	61046	1425	+	hypothetical protein	hypothetical protein	pXNCD19	GDAPCHJB_05589	GDAPCHJB_05589	
pXNCD19_GDAPCHJB_05590	pXNCD19_4	61160	61744	585	+	traV	Protein TraV	pXNCD19	GDAPCHJB_05590	GDAPCHJB_05590	
pXNCD19_GDAPCHJB_05591	pXNCD19_4	61876	62286	411	+	hypothetical protein	hypothetical protein	pXNCD19	GDAPCHJB_05591	GDAPCHJB_05591	
pXNCD19_GDAPCHJB_05592	pXNCD19_4	62392	62610	219	+	hypothetical protein	hypothetical protein	pXNCD19	GDAPCHJB_05592	GDAPCHJB_05592	
pXNCD19_GDAPCHJB_05593	pXNCD19_4	62611	62922	312	+	hypothetical protein	hypothetical protein	pXNCD19	GDAPCHJB_05593	GDAPCHJB_05593	
pXNCD19_GDAPCHJB_05594	pXNCD19_4	62989	63393	405	+	hypothetical protein	hypothetical protein	pXNCD19	GDAPCHJB_05594	GDAPCHJB_05594	
pXNCD19_GDAPCHJB_05595	pXNCD19_4	63475	63651	177	-	hypothetical protein	hypothetical protein	pXNCD19	GDAPCHJB_05595	GDAPCHJB_05595	
pXNCD19_GDAPCHJB_05596	pXNCD19_4	63842	64234	393	+	hypothetical protein	hypothetical protein	pXNCD19	GDAPCHJB_05596	GDAPCHJB_05596	
pXNCD19_GDAPCHJB_05597	pXNCD19_4	64306	66945	2640	+	traC_2	Protein TraC	pXNCD19	GDAPCHJB_05597	GDAPCHJB_05597	
pXNCD19_GDAPCHJB_05598	pXNCD19_4	66945	67334	390	+	hypothetical protein	hypothetical protein	pXNCD19	GDAPCHJB_05598	GDAPCHJB_05598	
pXNCD19_GDAPCHJB_05599	pXNCD19_4	67334	67960	627	+	hypothetical protein	hypothetical protein	pXNCD19	GDAPCHJB_05599	GDAPCHJB_05599	
pXNCD19_GDAPCHJB_05600	pXNCD19_4	68002	68391	390	+	hypothetical protein	hypothetical protein	pXNCD19	GDAPCHJB_05600	GDAPCHJB_05600	
pXNCD19_GDAPCHJB_05601	pXNCD19_4	68388	69377	990	+	hypothetical protein	hypothetical protein	pXNCD19	GDAPCHJB_05601	GDAPCHJB_05601	
pXNCD19_GDAPCHJB_05602	pXNCD19_4	69390	70028	639	+	hypothetical protein	hypothetical protein	pXNCD19	GDAPCHJB_05602	GDAPCHJB_05602	
pXNCD19_GDAPCHJB_05603	pXNCD19_4	70087	72042	1956	+	traN	Mating pair stabilization protein TraN	pXNCD19	GDAPCHJB_05603	GDAPCHJB_05603	
pXNCD19_GDAPCHJB_05604	pXNCD19_4	72074	72328	255	+	hypothetical protein	hypothetical protein	pXNCD19	GDAPCHJB_05604	GDAPCHJB_05604	
pXNCD19_GDAPCHJB_05605	pXNCD19_4	72288	72554	267	+	hypothetical protein	hypothetical protein	pXNCD19	GDAPCHJB_05605	GDAPCHJB_05605	
pXNCD19_GDAPCHJB_05606	pXNCD19_4	72567	72893	327	+	hypothetical protein	hypothetical protein	pXNCD19	GDAPCHJB_05606	GDAPCHJB_05606	
pXNCD19_GDAPCHJB_05607	pXNCD19_4	72914	73666	753	+	hypothetical protein	hypothetical protein	pXNCD19	GDAPCHJB_05607	GDAPCHJB_05607	
pXNCD19_GDAPCHJB_05608	pXNCD19_4	73677	73916	240	+	traQ	Protein TraQ	pXNCD19	GDAPCHJB_05608	GDAPCHJB_05608	
pXNCD19_GDAPCHJB_05609	pXNCD19_4	73888	74445	558	+	hypothetical protein	hypothetical protein	pXNCD19	GDAPCHJB_05609	GDAPCHJB_05609	
pXNCD19_GDAPCHJB_05610	pXNCD19_4	74491	74934	444	+	hypothetical protein	hypothetical protein	pXNCD19	GDAPCHJB_05610	GDAPCHJB_05610	
pXNCD19_GDAPCHJB_05611	pXNCD19_4	74900	76291	1392	+	hypothetical protein	hypothetical protein	pXNCD19	GDAPCHJB_05611	GDAPCHJB_05611	
pXNCD19_GDAPCHJB_05612	pXNCD19_4	76291	79140	2850	+	hypothetical protein	hypothetical protein	pXNCD19	GDAPCHJB_05612	GDAPCHJB_05612	
pXNCD19_GDAPCHJB_05613	pXNCD19_4	79143	79676	534	+	traS	Protein TraS	pXNCD19	GDAPCHJB_05613	GDAPCHJB_05613	
pXNCD19_GDAPCHJB_05614	pXNCD19_4	79862	80593	732	+	ylpA	Lipoprotein YlpA	pXNCD19	GDAPCHJB_05614	GDAPCHJB_05614	
pXNCD19_GDAPCHJB_05615	pXNCD19_4	80785	81474	690	+	hypothetical protein	hypothetical protein	pXNCD19	GDAPCHJB_05615	GDAPCHJB_05615	
pXNCD19_GDAPCHJB_05616	pXNCD19_4	81603	83915	2313	+	traD	Coupling protein TraD	pXNCD19	GDAPCHJB_05616	GDAPCHJB_05616	
pXNCD19_GDAPCHJB_05617	pXNCD19_4	83915	89173	5259	+	traI	Multifunctional conjugation protein TraI	pXNCD19	GDAPCHJB_05617	GDAPCHJB_05617	
pXNCD19_GDAPCHJB_05618	pXNCD19_4	89253	89978	726	+	hypothetical protein	hypothetical protein	pXNCD19	GDAPCHJB_05618	GDAPCHJB_05618	
pXNCD19_GDAPCHJB_05619	pXNCD19_4	90134	90727	594	+	finO	Fertility inhibition protein	pXNCD19	GDAPCHJB_05619	GDAPCHJB_05619	
pXNCD19_GDAPCHJB_05620	pXNCD19_4	91269	91490	222	+	hypothetical protein	hypothetical protein	pXNCD19	GDAPCHJB_05620	GDAPCHJB_05620	
pXNCD19_GDAPCHJB_05621	pXNCD19_4	91540	92184	645	+	hypothetical protein	hypothetical protein	pXNCD19	GDAPCHJB_05621	GDAPCHJB_05621	
pXNCD19_GDAPCHJB_05622	pXNCD19_4	92240	92890	651	+	hypothetical protein	hypothetical protein	pXNCD19	GDAPCHJB_05622	GDAPCHJB_05622	
pXNCD19_GDAPCHJB_05623	pXNCD19_4	92887	93195	309	+	hypothetical protein	hypothetical protein	pXNCD19	GDAPCHJB_05623	GDAPCHJB_05623	
pXNCD19_GDAPCHJB_05624	pXNCD19_4	93290	93850	561	+	clsA_2	Cardiolipin synthase A	pXNCD19	GDAPCHJB_05624	GDAPCHJB_05624	
pXNCD19_GDAPCHJB_05625	pXNCD19_4	93986	94255	270	+	hypothetical protein	hypothetical protein	pXNCD19	GDAPCHJB_05625	GDAPCHJB_05625	
